idx	run	study	sample	assembly	bam	das_tool	reads	truth
0	TBeTrNqV	toy_hmp_airskinurogenital	toy_hmp_airskinurogenital_sample_4	/scratch/phyberos/e5/metasmith/runs/TBeTrNqV/results/sequences-megahit_assembly/1-1-1.00b29fd28c7b4adc-FcBi5Qc7.fna	/scratch/phyberos/e5/metasmith/task_cache/1e/209692a38f9787bc8e0b9d384fdd58071bb4e94c47f53c6007a9108d93f35d0862/out/1-1-1.a9108d93f35d0862-lpeyeL7w.bam	/scratch/phyberos/e5/metasmith/runs/TBeTrNqV/results/binning-das_tool_contig_to_bin_table/1-1-1.1776b6c51e7ffebd-vCTPZ6i9.tsv	short	/scratch/phyberos/cami/work/airskinurogenital_short_read/2017.12.04_18.56.22_sample_4/reads/reads_mapping.tsv.gz
1	TBeTrNqV	toy_mousegut	toy_mousegut_sample_33	/scratch/phyberos/e5/metasmith/runs/TBeTrNqV/results/sequences-megahit_assembly/1-1-1.05e9e916f684081c-FcBi5Qc7.fna	/scratch/phyberos/e5/metasmith/task_cache/1e/201863801b8f44929733328d1a83f634f6a1bd26f89f64f7a752c78400451c8c87/out/1-1-1.52c78400451c8c87-lpeyeL7w.bam	/scratch/phyberos/e5/metasmith/runs/TBeTrNqV/results/binning-das_tool_contig_to_bin_table/1-1-1.69465239749ab15e-vCTPZ6i9.tsv	short	/scratch/phyberos/cami/work/mousegut_short_read/2017.12.29_11.37.26_sample_33/reads/reads_mapping.tsv.gz
2	TBeTrNqV	toy_mousegut	toy_mousegut_sample_0	/scratch/phyberos/e5/metasmith/runs/TBeTrNqV/results/sequences-megahit_assembly/1-1-1.071e4a63375fb3c8-FcBi5Qc7.fna	/scratch/phyberos/e5/metasmith/task_cache/1e/206250b86b823ddb64e111e8fdcdd12cee93020469766e5c65b8c264907e7c1a72/out/1-1-1.b8c264907e7c1a72-lpeyeL7w.bam	/scratch/phyberos/e5/metasmith/runs/TBeTrNqV/results/binning-das_tool_contig_to_bin_table/1-1-1.36200ea3fabddd2e-vCTPZ6i9.tsv	short	/scratch/phyberos/cami/work/mousegut_short_read/2017.12.29_11.37.26_sample_0/reads/reads_mapping.tsv.gz
3	TBeTrNqV	toy_hmp_gastrooral	toy_hmp_gastrooral_sample_9	/scratch/phyberos/e5/metasmith/runs/TBeTrNqV/results/sequences-megahit_assembly/1-1-1.10d92dcd935fc63f-FcBi5Qc7.fna	/scratch/phyberos/e5/metasmith/task_cache/1e/2038ee205b6a1a3d7da78641a1873b77eae5ae8381fb6875f50046f47b5f4bf1a1/out/1-1-1.0046f47b5f4bf1a1-lpeyeL7w.bam	/scratch/phyberos/e5/metasmith/runs/TBeTrNqV/results/binning-das_tool_contig_to_bin_table/1-1-1.550530c4feb7e58c-vCTPZ6i9.tsv	short	/scratch/phyberos/cami/work/gastrooral_short_read/2017.12.04_18.45.54_sample_9/reads/reads_mapping.tsv.gz
4	TBeTrNqV	toy_mousegut	toy_mousegut_sample_61	/scratch/phyberos/e5/metasmith/runs/TBeTrNqV/results/sequences-megahit_assembly/1-1-1.1139c67917b0c8e0-FcBi5Qc7.fna	/scratch/phyberos/e5/metasmith/task_cache/1e/2032f96e2b4190dcf67cb69d1d772173748c59c82000e21abbd9a1d8fabd13c724/out/1-1-1.d9a1d8fabd13c724-lpeyeL7w.bam	/scratch/phyberos/e5/metasmith/runs/TBeTrNqV/results/binning-das_tool_contig_to_bin_table/1-1-1.f8c5e99927b539c3-vCTPZ6i9.tsv	short	/scratch/phyberos/cami/work/mousegut_short_read/2017.12.29_11.37.26_sample_61/reads/reads_mapping.tsv.gz
5	TBeTrNqV	toy_mousegut	toy_mousegut_sample_23	/scratch/phyberos/e5/metasmith/runs/TBeTrNqV/results/sequences-megahit_assembly/1-1-1.11d4852d7a3eba3f-FcBi5Qc7.fna	/scratch/phyberos/e5/metasmith/task_cache/1e/20b13dc5abb86f39657ec96641976978d7dce445d31faf4e68accd2ed59bb88e5f/out/1-1-1.accd2ed59bb88e5f-lpeyeL7w.bam	/scratch/phyberos/e5/metasmith/runs/TBeTrNqV/results/binning-das_tool_contig_to_bin_table/1-1-1.543cb2b37b82060a-vCTPZ6i9.tsv	short	/scratch/phyberos/cami/work/mousegut_short_read/2017.12.29_11.37.26_sample_23/reads/reads_mapping.tsv.gz
6	TBeTrNqV	toy_hmp_airskinurogenital	toy_hmp_airskinurogenital_sample_9	/scratch/phyberos/e5/metasmith/runs/TBeTrNqV/results/sequences-megahit_assembly/1-1-1.12b6c35d4d04e4a1-FcBi5Qc7.fna	/scratch/phyberos/e5/metasmith/task_cache/1e/208ab1bf33773ec4f70625f3cec339f2037605764af5f52428bb9e655f1be54027/out/1-1-1.bb9e655f1be54027-lpeyeL7w.bam	/scratch/phyberos/e5/metasmith/runs/TBeTrNqV/results/binning-das_tool_contig_to_bin_table/1-1-1.7b59d982abeb9220-vCTPZ6i9.tsv	short	/scratch/phyberos/cami/work/airskinurogenital_short_read/2017.12.04_18.56.22_sample_9/reads/reads_mapping.tsv.gz
7	TBeTrNqV	toy_mousegut	toy_mousegut_sample_24	/scratch/phyberos/e5/metasmith/runs/TBeTrNqV/results/sequences-megahit_assembly/1-1-1.1ab709df71485a54-FcBi5Qc7.fna	/scratch/phyberos/e5/metasmith/task_cache/1e/205df84d9349c9cec452a32f44e8d11f7e3f1917666167d1c7b4f54faad7882161/out/1-1-1.b4f54faad7882161-lpeyeL7w.bam	/scratch/phyberos/e5/metasmith/runs/TBeTrNqV/results/binning-das_tool_contig_to_bin_table/1-1-1.cc573781126e596d-vCTPZ6i9.tsv	short	/scratch/phyberos/cami/work/mousegut_short_read/2017.12.29_11.37.26_sample_24/reads/reads_mapping.tsv.gz
8	TBeTrNqV	toy_mousegut	toy_mousegut_sample_55	/scratch/phyberos/e5/metasmith/runs/TBeTrNqV/results/sequences-megahit_assembly/1-1-1.1d5e9101cd951c6e-FcBi5Qc7.fna	/scratch/phyberos/e5/metasmith/task_cache/1e/20e15dcfe34a74d60199c9775842caf4d7157c78dd1f6c610ce02328095c257977/out/1-1-1.e02328095c257977-lpeyeL7w.bam	/scratch/phyberos/e5/metasmith/runs/TBeTrNqV/results/binning-das_tool_contig_to_bin_table/1-1-1.5cfe3315ef582d46-vCTPZ6i9.tsv	short	/scratch/phyberos/cami/work/mousegut_short_read/2017.12.29_11.37.26_sample_55/reads/reads_mapping.tsv.gz
9	TBeTrNqV	toy_hmp_airskinurogenital	toy_hmp_airskinurogenital_sample_5	/scratch/phyberos/e5/metasmith/runs/TBeTrNqV/results/sequences-megahit_assembly/1-1-1.1fa910fb007d9d4a-FcBi5Qc7.fna	/scratch/phyberos/e5/metasmith/task_cache/1e/204faf5c2e45808798214ab94108370dd2402c0ff40b884f28c3e5b03209895a35/out/1-1-1.c3e5b03209895a35-lpeyeL7w.bam	/scratch/phyberos/e5/metasmith/runs/TBeTrNqV/results/binning-das_tool_contig_to_bin_table/1-1-1.c7cfcba3743aa6c7-vCTPZ6i9.tsv	short	/scratch/phyberos/cami/work/airskinurogenital_short_read/2017.12.04_18.56.22_sample_5/reads/reads_mapping.tsv.gz
10	TBeTrNqV	toy_hmp_airskinurogenital	toy_hmp_airskinurogenital_sample_10	/scratch/phyberos/e5/metasmith/runs/TBeTrNqV/results/sequences-megahit_assembly/1-1-1.26e5c7805656ec52-FcBi5Qc7.fna	/scratch/phyberos/e5/metasmith/task_cache/1e/2030a8d20d24c89633dfea3278eefa4b256cfacb92fcee76da15619e41de8c2eef/out/1-1-1.15619e41de8c2eef-lpeyeL7w.bam	/scratch/phyberos/e5/metasmith/runs/TBeTrNqV/results/binning-das_tool_contig_to_bin_table/1-1-1.d438bf17880c2b6f-vCTPZ6i9.tsv	short	/scratch/phyberos/cami/work/airskinurogenital_short_read/2017.12.04_18.56.22_sample_10/reads/reads_mapping.tsv.gz
11	TBeTrNqV	toy_hmp_gastrooral	toy_hmp_gastrooral_sample_19	/scratch/phyberos/e5/metasmith/runs/TBeTrNqV/results/sequences-megahit_assembly/1-1-1.27136ffe837d7e38-FcBi5Qc7.fna	/scratch/phyberos/e5/metasmith/task_cache/1e/205e67bc4e2ee6f8329e395bfe1ea59179615038370c311863c393ba536102cda3/out/1-1-1.c393ba536102cda3-lpeyeL7w.bam	/scratch/phyberos/e5/metasmith/runs/TBeTrNqV/results/binning-das_tool_contig_to_bin_table/1-1-1.3201303a3d25156a-vCTPZ6i9.tsv	short	/scratch/phyberos/cami/work/gastrooral_short_read/2017.12.04_18.45.54_sample_19/reads/reads_mapping.tsv.gz
12	TBeTrNqV	toy_mousegut	toy_mousegut_sample_58	/scratch/phyberos/e5/metasmith/runs/TBeTrNqV/results/sequences-megahit_assembly/1-1-1.278a6f1d09262c73-FcBi5Qc7.fna	/scratch/phyberos/e5/metasmith/task_cache/1e/204044180946533ce2139c3a54adb68437e97e41bbed2a113642823f74b61f9cc8/out/1-1-1.42823f74b61f9cc8-lpeyeL7w.bam	/scratch/phyberos/e5/metasmith/runs/TBeTrNqV/results/binning-das_tool_contig_to_bin_table/1-1-1.28ef99fc43948cb2-vCTPZ6i9.tsv	short	/scratch/phyberos/cami/work/mousegut_short_read/2017.12.29_11.37.26_sample_58/reads/reads_mapping.tsv.gz
13	TBeTrNqV	toy_hmp_airskinurogenital	toy_hmp_airskinurogenital_sample_0	/scratch/phyberos/e5/metasmith/runs/TBeTrNqV/results/sequences-megahit_assembly/1-1-1.29df371072ecd5a1-FcBi5Qc7.fna	/scratch/phyberos/e5/metasmith/task_cache/1e/201ae3dfce8505c5fc0d5ddaeb37d84ead47cf47f0381678b198eb00a6a3d7345e/out/1-1-1.98eb00a6a3d7345e-lpeyeL7w.bam	/scratch/phyberos/e5/metasmith/runs/TBeTrNqV/results/binning-das_tool_contig_to_bin_table/1-1-1.f3c0bb88174968fc-vCTPZ6i9.tsv	short	/scratch/phyberos/cami/work/airskinurogenital_short_read/2017.12.04_18.56.22_sample_0/reads/reads_mapping.tsv.gz
14	TBeTrNqV	toy_hmp_gastrooral	toy_hmp_gastrooral_sample_2	/scratch/phyberos/e5/metasmith/runs/TBeTrNqV/results/sequences-megahit_assembly/1-1-1.2df0ce4195758cf2-FcBi5Qc7.fna	/scratch/phyberos/e5/metasmith/task_cache/1e/205d46a423ffef65c51b8aede5b6a2639012ebbfbdacd8c27b6f7f5a5ce23c73ee/out/1-1-1.6f7f5a5ce23c73ee-lpeyeL7w.bam	/scratch/phyberos/e5/metasmith/runs/TBeTrNqV/results/binning-das_tool_contig_to_bin_table/1-1-1.11c60bca5f701dd1-vCTPZ6i9.tsv	short	/scratch/phyberos/cami/work/gastrooral_short_read/2017.12.04_18.45.54_sample_2/reads/reads_mapping.tsv.gz
15	TBeTrNqV	toy_hmp_gastrooral	toy_hmp_gastrooral_sample_5	/scratch/phyberos/e5/metasmith/runs/TBeTrNqV/results/sequences-megahit_assembly/1-1-1.30d1cf9480ad6f16-FcBi5Qc7.fna	/scratch/phyberos/e5/metasmith/task_cache/1e/201782cad6cc9ba33c6795c5987730e3774a4cfc0904d51f9687c6d46ad5d1a810/out/1-1-1.87c6d46ad5d1a810-lpeyeL7w.bam	/scratch/phyberos/e5/metasmith/runs/TBeTrNqV/results/binning-das_tool_contig_to_bin_table/1-1-1.d7cdbb61ad2743ca-vCTPZ6i9.tsv	short	/scratch/phyberos/cami/work/gastrooral_short_read/2017.12.04_18.45.54_sample_5/reads/reads_mapping.tsv.gz
16	TBeTrNqV	toy_mousegut	toy_mousegut_sample_22	/scratch/phyberos/e5/metasmith/runs/TBeTrNqV/results/sequences-megahit_assembly/1-1-1.3363973a3d4c75a1-FcBi5Qc7.fna	/scratch/phyberos/e5/metasmith/task_cache/1e/20d8573258d1b1e53ab69c25aa763392a91cb9355551d8d61f764188667ecfca87/out/1-1-1.764188667ecfca87-lpeyeL7w.bam	/scratch/phyberos/e5/metasmith/runs/TBeTrNqV/results/binning-das_tool_contig_to_bin_table/1-1-1.085f62491a77dfaf-vCTPZ6i9.tsv	short	/scratch/phyberos/cami/work/mousegut_short_read/2017.12.29_11.37.26_sample_22/reads/reads_mapping.tsv.gz
17	TBeTrNqV	toy_mousegut	toy_mousegut_sample_7	/scratch/phyberos/e5/metasmith/runs/TBeTrNqV/results/sequences-megahit_assembly/1-1-1.3577710497e706f1-FcBi5Qc7.fna	/scratch/phyberos/e5/metasmith/task_cache/1e/2077b55cbaa91ffbc55fd675a3617671966d931d3ade5a9762832cd20f351547d9/out/1-1-1.832cd20f351547d9-lpeyeL7w.bam	/scratch/phyberos/e5/metasmith/runs/TBeTrNqV/results/binning-das_tool_contig_to_bin_table/1-1-1.8da44779f909b837-vCTPZ6i9.tsv	short	/scratch/phyberos/cami/work/mousegut_short_read/2017.12.29_11.37.26_sample_7/reads/reads_mapping.tsv.gz
18	TBeTrNqV	toy_hmp_airskinurogenital	toy_hmp_airskinurogenital_sample_1	/scratch/phyberos/e5/metasmith/runs/TBeTrNqV/results/sequences-megahit_assembly/1-1-1.357d16a4cba8f38f-FcBi5Qc7.fna	/scratch/phyberos/e5/metasmith/task_cache/1e/207cb74a44d18de94ca2181fa458ce08dede8aa0839db37f7216b71c78c00949ca/out/1-1-1.16b71c78c00949ca-lpeyeL7w.bam	/scratch/phyberos/e5/metasmith/runs/TBeTrNqV/results/binning-das_tool_contig_to_bin_table/1-1-1.2b93fbf2e9d2b943-vCTPZ6i9.tsv	short	/scratch/phyberos/cami/work/airskinurogenital_short_read/2017.12.04_18.56.22_sample_1/reads/reads_mapping.tsv.gz
19	TBeTrNqV	toy_mousegut	toy_mousegut_sample_2	/scratch/phyberos/e5/metasmith/runs/TBeTrNqV/results/sequences-megahit_assembly/1-1-1.378b294babaa7ba6-FcBi5Qc7.fna	/scratch/phyberos/e5/metasmith/task_cache/1e/20e386b4077ab94ab3e7c758ace0e6de40044cd58f903f1584c5c43ebf04c2a396/out/1-1-1.c5c43ebf04c2a396-lpeyeL7w.bam	/scratch/phyberos/e5/metasmith/runs/TBeTrNqV/results/binning-das_tool_contig_to_bin_table/1-1-1.d94fc199df335553-vCTPZ6i9.tsv	short	/scratch/phyberos/cami/work/mousegut_short_read/2017.12.29_11.37.26_sample_2/reads/reads_mapping.tsv.gz
20	TBeTrNqV	toy_mousegut	toy_mousegut_sample_13	/scratch/phyberos/e5/metasmith/runs/TBeTrNqV/results/sequences-megahit_assembly/1-1-1.3b92b3fb27c9c73d-FcBi5Qc7.fna	/scratch/phyberos/e5/metasmith/task_cache/1e/20c8e3c5107fd8eb9f4af962d9368deb135ba20576a7e53575799d54995a614bd7/out/1-1-1.799d54995a614bd7-lpeyeL7w.bam	/scratch/phyberos/e5/metasmith/runs/TBeTrNqV/results/binning-das_tool_contig_to_bin_table/1-1-1.18f2910205422b50-vCTPZ6i9.tsv	short	/scratch/phyberos/cami/work/mousegut_short_read/2017.12.29_11.37.26_sample_13/reads/reads_mapping.tsv.gz
21	TBeTrNqV	toy_hmp_airskinurogenital	toy_hmp_airskinurogenital_sample_21	/scratch/phyberos/e5/metasmith/runs/TBeTrNqV/results/sequences-megahit_assembly/1-1-1.3cf661a2d6b4b946-FcBi5Qc7.fna	/scratch/phyberos/e5/metasmith/task_cache/1e/20d02a87a9546e59ee69d1081b943ba96a0ee76ea69bc1c1b640cd3c5030176ab6/out/1-1-1.40cd3c5030176ab6-lpeyeL7w.bam	/scratch/phyberos/e5/metasmith/runs/TBeTrNqV/results/binning-das_tool_contig_to_bin_table/1-1-1.b23b9a61e543710b-vCTPZ6i9.tsv	short	/scratch/phyberos/cami/work/airskinurogenital_short_read/2017.12.04_18.56.22_sample_21/reads/reads_mapping.tsv.gz
22	TBeTrNqV	toy_mousegut	toy_mousegut_sample_52	/scratch/phyberos/e5/metasmith/runs/TBeTrNqV/results/sequences-megahit_assembly/1-1-1.3d2b8db6b8a11626-FcBi5Qc7.fna	/scratch/phyberos/e5/metasmith/task_cache/1e/20b992cb7591d215f4e605033041db201584f3030a64f7b94e77693fd1934260fc/out/1-1-1.77693fd1934260fc-lpeyeL7w.bam	/scratch/phyberos/e5/metasmith/runs/TBeTrNqV/results/binning-das_tool_contig_to_bin_table/1-1-1.5767fec98728f7b8-vCTPZ6i9.tsv	short	/scratch/phyberos/cami/work/mousegut_short_read/2017.12.29_11.37.26_sample_52/reads/reads_mapping.tsv.gz
23	TBeTrNqV	toy_mousegut	toy_mousegut_sample_17	/scratch/phyberos/e5/metasmith/runs/TBeTrNqV/results/sequences-megahit_assembly/1-1-1.3da8e2ef1280efdc-FcBi5Qc7.fna	/scratch/phyberos/e5/metasmith/task_cache/1e/2098e103e3c83c3ee9be799b8f9c85768aeab597b403fc2fbf3aa056a91954343b/out/1-1-1.3aa056a91954343b-lpeyeL7w.bam	/scratch/phyberos/e5/metasmith/runs/TBeTrNqV/results/binning-das_tool_contig_to_bin_table/1-1-1.0e116354e8a30b70-vCTPZ6i9.tsv	short	/scratch/phyberos/cami/work/mousegut_short_read/2017.12.29_11.37.26_sample_17/reads/reads_mapping.tsv.gz
24	TBeTrNqV	toy_hmp_gastrooral	toy_hmp_gastrooral_sample_11	/scratch/phyberos/e5/metasmith/runs/TBeTrNqV/results/sequences-megahit_assembly/1-1-1.3e2f904c4e3ceb09-FcBi5Qc7.fna	/scratch/phyberos/e5/metasmith/task_cache/1e/20f24e8e900f804b5e333899c47cc73b8f2c824abc5251e211a50aa99f7b42c88c/out/1-1-1.a50aa99f7b42c88c-lpeyeL7w.bam	/scratch/phyberos/e5/metasmith/runs/TBeTrNqV/results/binning-das_tool_contig_to_bin_table/1-1-1.664ee408b20d6434-vCTPZ6i9.tsv	short	/scratch/phyberos/cami/work/gastrooral_short_read/2017.12.04_18.45.54_sample_11/reads/reads_mapping.tsv.gz
25	TBeTrNqV	toy_mousegut	toy_mousegut_sample_1	/scratch/phyberos/e5/metasmith/runs/TBeTrNqV/results/sequences-megahit_assembly/1-1-1.3f620a261041b614-FcBi5Qc7.fna	/scratch/phyberos/e5/metasmith/task_cache/1e/2032af047093f7d319a20f22749d674314a5041564c8989acb48e4bc077884e426/out/1-1-1.48e4bc077884e426-lpeyeL7w.bam	/scratch/phyberos/e5/metasmith/runs/TBeTrNqV/results/binning-das_tool_contig_to_bin_table/1-1-1.6448e53445ac07b7-vCTPZ6i9.tsv	short	/scratch/phyberos/cami/work/mousegut_short_read/2017.12.29_11.37.26_sample_1/reads/reads_mapping.tsv.gz
26	TBeTrNqV	toy_mousegut	toy_mousegut_sample_36	/scratch/phyberos/e5/metasmith/runs/TBeTrNqV/results/sequences-megahit_assembly/1-1-1.419dbc50e9cdc53b-FcBi5Qc7.fna	/scratch/phyberos/e5/metasmith/task_cache/1e/20bf00c045f500d2adfff092673f97e79bedc74245fcce0bb481b1ea4ca5d1a515/out/1-1-1.81b1ea4ca5d1a515-lpeyeL7w.bam	/scratch/phyberos/e5/metasmith/runs/TBeTrNqV/results/binning-das_tool_contig_to_bin_table/1-1-1.946af555b60d0804-vCTPZ6i9.tsv	short	/scratch/phyberos/cami/work/mousegut_short_read/2017.12.29_11.37.26_sample_36/reads/reads_mapping.tsv.gz
27	TBeTrNqV	toy_mousegut	toy_mousegut_sample_16	/scratch/phyberos/e5/metasmith/runs/TBeTrNqV/results/sequences-megahit_assembly/1-1-1.44cacd2a61d3e147-FcBi5Qc7.fna	/scratch/phyberos/e5/metasmith/task_cache/1e/204ea20473e4bbca2d83d1564da7564226f06f9bc3c9fcbbb5b76d043334de8f94/out/1-1-1.b76d043334de8f94-lpeyeL7w.bam	/scratch/phyberos/e5/metasmith/runs/TBeTrNqV/results/binning-das_tool_contig_to_bin_table/1-1-1.95454d9f1d596e23-vCTPZ6i9.tsv	short	/scratch/phyberos/cami/work/mousegut_short_read/2017.12.29_11.37.26_sample_16/reads/reads_mapping.tsv.gz
28	TBeTrNqV	toy_mousegut	toy_mousegut_sample_60	/scratch/phyberos/e5/metasmith/runs/TBeTrNqV/results/sequences-megahit_assembly/1-1-1.46c8d34851e42c1f-FcBi5Qc7.fna	/scratch/phyberos/e5/metasmith/task_cache/1e/20f13807d1085f4fcbe6ce3a9af278d0578af0e65fbd610ffd895bd6c2bfc04afb/out/1-1-1.895bd6c2bfc04afb-lpeyeL7w.bam	/scratch/phyberos/e5/metasmith/runs/TBeTrNqV/results/binning-das_tool_contig_to_bin_table/1-1-1.a6cc929c641cf9ac-vCTPZ6i9.tsv	short	/scratch/phyberos/cami/work/mousegut_short_read/2017.12.29_11.37.26_sample_60/reads/reads_mapping.tsv.gz
29	TBeTrNqV	toy_mousegut	toy_mousegut_sample_57	/scratch/phyberos/e5/metasmith/runs/TBeTrNqV/results/sequences-megahit_assembly/1-1-1.4836d5052998bf70-FcBi5Qc7.fna	/scratch/phyberos/e5/metasmith/task_cache/1e/20b2009cf1d0702599854edcb51c8564b6f3ca6190a90b1076e6542662d3ae9c1b/out/1-1-1.e6542662d3ae9c1b-lpeyeL7w.bam	/scratch/phyberos/e5/metasmith/runs/TBeTrNqV/results/binning-das_tool_contig_to_bin_table/1-1-1.9da1127dac27aeaf-vCTPZ6i9.tsv	short	/scratch/phyberos/cami/work/mousegut_short_read/2017.12.29_11.37.26_sample_57/reads/reads_mapping.tsv.gz
30	TBeTrNqV	toy_hmp_gastrooral	toy_hmp_gastrooral_sample_0	/scratch/phyberos/e5/metasmith/runs/TBeTrNqV/results/sequences-megahit_assembly/1-1-1.54bbec8a583689b7-FcBi5Qc7.fna	/scratch/phyberos/e5/metasmith/task_cache/1e/20f537c4cfd309ee3346e69f593952bdd6bc1df2d90be87c3f065374965e05ae48/out/1-1-1.065374965e05ae48-lpeyeL7w.bam	/scratch/phyberos/e5/metasmith/runs/TBeTrNqV/results/binning-das_tool_contig_to_bin_table/1-1-1.71e71cd4c38a9a7f-vCTPZ6i9.tsv	short	/scratch/phyberos/cami/work/gastrooral_short_read/2017.12.04_18.45.54_sample_0/reads/reads_mapping.tsv.gz
31	TBeTrNqV	toy_hmp_airskinurogenital	toy_hmp_airskinurogenital_sample_15	/scratch/phyberos/e5/metasmith/runs/TBeTrNqV/results/sequences-megahit_assembly/1-1-1.54e7d1484ddcf94d-FcBi5Qc7.fna	/scratch/phyberos/e5/metasmith/task_cache/1e/20cd083b312f9c8d990336fc912b049e784bcb2cdf14486cac9f35994c6c34321f/out/1-1-1.9f35994c6c34321f-lpeyeL7w.bam	/scratch/phyberos/e5/metasmith/runs/TBeTrNqV/results/binning-das_tool_contig_to_bin_table/1-1-1.cabc80dbb1b9c074-vCTPZ6i9.tsv	short	/scratch/phyberos/cami/work/airskinurogenital_short_read/2017.12.04_18.56.22_sample_15/reads/reads_mapping.tsv.gz
32	TBeTrNqV	toy_hmp_airskinurogenital	toy_hmp_airskinurogenital_sample_20	/scratch/phyberos/e5/metasmith/runs/TBeTrNqV/results/sequences-megahit_assembly/1-1-1.5638db2c1042ead2-FcBi5Qc7.fna	/scratch/phyberos/e5/metasmith/task_cache/1e/20de8f60ef76b731f3e040f4d5952a711590e1f90c5dd314c438075e80fb1c3a10/out/1-1-1.38075e80fb1c3a10-lpeyeL7w.bam	/scratch/phyberos/e5/metasmith/runs/TBeTrNqV/results/binning-das_tool_contig_to_bin_table/1-1-1.8c05d60266df92d4-vCTPZ6i9.tsv	short	/scratch/phyberos/cami/work/airskinurogenital_short_read/2017.12.04_18.56.22_sample_20/reads/reads_mapping.tsv.gz
33	TBeTrNqV	toy_mousegut	toy_mousegut_sample_54	/scratch/phyberos/e5/metasmith/runs/TBeTrNqV/results/sequences-megahit_assembly/1-1-1.5b80891791c8646b-FcBi5Qc7.fna	/scratch/phyberos/e5/metasmith/task_cache/1e/200daaa028bd5c49dcf29c52eb07d18d583c920b9ba06017e11ce5e576f6580658/out/1-1-1.1ce5e576f6580658-lpeyeL7w.bam	/scratch/phyberos/e5/metasmith/runs/TBeTrNqV/results/binning-das_tool_contig_to_bin_table/1-1-1.17e6e4515944f16f-vCTPZ6i9.tsv	short	/scratch/phyberos/cami/work/mousegut_short_read/2017.12.29_11.37.26_sample_54/reads/reads_mapping.tsv.gz
34	TBeTrNqV	toy_mousegut	toy_mousegut_sample_19	/scratch/phyberos/e5/metasmith/runs/TBeTrNqV/results/sequences-megahit_assembly/1-1-1.5c9060a27001fa08-FcBi5Qc7.fna	/scratch/phyberos/e5/metasmith/task_cache/1e/20f622c5d0bb95e6796188c52b21afb51a115ed6cba64565e5d63b7f6647d1303b/out/1-1-1.d63b7f6647d1303b-lpeyeL7w.bam	/scratch/phyberos/e5/metasmith/runs/TBeTrNqV/results/binning-das_tool_contig_to_bin_table/1-1-1.f5be237366741a98-vCTPZ6i9.tsv	short	/scratch/phyberos/cami/work/mousegut_short_read/2017.12.29_11.37.26_sample_19/reads/reads_mapping.tsv.gz
35	TBeTrNqV	toy_mousegut	toy_mousegut_sample_21	/scratch/phyberos/e5/metasmith/runs/TBeTrNqV/results/sequences-megahit_assembly/1-1-1.5ebc201f4135375a-FcBi5Qc7.fna	/scratch/phyberos/e5/metasmith/task_cache/1e/20637e2093a1c5730070645df8c631554d16832221cbe2072f13eaf455ac88ef04/out/1-1-1.13eaf455ac88ef04-lpeyeL7w.bam	/scratch/phyberos/e5/metasmith/runs/TBeTrNqV/results/binning-das_tool_contig_to_bin_table/1-1-1.e1d36c305913d700-vCTPZ6i9.tsv	short	/scratch/phyberos/cami/work/mousegut_short_read/2017.12.29_11.37.26_sample_21/reads/reads_mapping.tsv.gz
36	TBeTrNqV	toy_hmp_gastrooral	toy_hmp_gastrooral_sample_16	/scratch/phyberos/e5/metasmith/runs/TBeTrNqV/results/sequences-megahit_assembly/1-1-1.6299620f07cb0427-FcBi5Qc7.fna	/scratch/phyberos/e5/metasmith/task_cache/1e/20f010e3c5b040d41f4d81d1fe2a398d2b0a0355c377f7be7deff718419ebc3d68/out/1-1-1.eff718419ebc3d68-lpeyeL7w.bam	/scratch/phyberos/e5/metasmith/runs/TBeTrNqV/results/binning-das_tool_contig_to_bin_table/1-1-1.71c96a22193a8c00-vCTPZ6i9.tsv	short	/scratch/phyberos/cami/work/gastrooral_short_read/2017.12.04_18.45.54_sample_16/reads/reads_mapping.tsv.gz
37	TBeTrNqV	toy_mousegut	toy_mousegut_sample_35	/scratch/phyberos/e5/metasmith/runs/TBeTrNqV/results/sequences-megahit_assembly/1-1-1.6564c0eb9778b06d-FcBi5Qc7.fna	/scratch/phyberos/e5/metasmith/task_cache/1e/20a4cf24c565cee17067d3c46623fa47fdcf4326753d510619ef64c2226f908c0a/out/1-1-1.ef64c2226f908c0a-lpeyeL7w.bam	/scratch/phyberos/e5/metasmith/runs/TBeTrNqV/results/binning-das_tool_contig_to_bin_table/1-1-1.77f44f21f051b2ae-vCTPZ6i9.tsv	short	/scratch/phyberos/cami/work/mousegut_short_read/2017.12.29_11.37.26_sample_35/reads/reads_mapping.tsv.gz
38	TBeTrNqV	toy_hmp_gastrooral	toy_hmp_gastrooral_sample_12	/scratch/phyberos/e5/metasmith/runs/TBeTrNqV/results/sequences-megahit_assembly/1-1-1.665a759c6f54a482-FcBi5Qc7.fna	/scratch/phyberos/e5/metasmith/task_cache/1e/208a4fb7866b7c6bff5bb4576dac055c989acf9f7dc443acaefbc5fd174d700320/out/1-1-1.fbc5fd174d700320-lpeyeL7w.bam	/scratch/phyberos/e5/metasmith/runs/TBeTrNqV/results/binning-das_tool_contig_to_bin_table/1-1-1.495d42703489f669-vCTPZ6i9.tsv	short	/scratch/phyberos/cami/work/gastrooral_short_read/2017.12.04_18.45.54_sample_12/reads/reads_mapping.tsv.gz
39	TBeTrNqV	toy_hmp_airskinurogenital	toy_hmp_airskinurogenital_sample_3	/scratch/phyberos/e5/metasmith/runs/TBeTrNqV/results/sequences-megahit_assembly/1-1-1.66e875a67a3de6ac-FcBi5Qc7.fna	/scratch/phyberos/e5/metasmith/task_cache/1e/201729531b154ac44ad5fa4f743b15abaeeba16f8b9085ae8f489f4b348464fb46/out/1-1-1.489f4b348464fb46-lpeyeL7w.bam	/scratch/phyberos/e5/metasmith/runs/TBeTrNqV/results/binning-das_tool_contig_to_bin_table/1-1-1.91853ed61f8d59b8-vCTPZ6i9.tsv	short	/scratch/phyberos/cami/work/airskinurogenital_short_read/2017.12.04_18.56.22_sample_3/reads/reads_mapping.tsv.gz
40	TBeTrNqV	toy_hmp_gastrooral	toy_hmp_gastrooral_sample_4	/scratch/phyberos/e5/metasmith/runs/TBeTrNqV/results/sequences-megahit_assembly/1-1-1.6793843a9247933a-FcBi5Qc7.fna	/scratch/phyberos/e5/metasmith/task_cache/1e/20de30cf4826878ff2566abd2c24bd28c3d05b704df0fe26b75244e54976cd5272/out/1-1-1.5244e54976cd5272-lpeyeL7w.bam	/scratch/phyberos/e5/metasmith/runs/TBeTrNqV/results/binning-das_tool_contig_to_bin_table/1-1-1.ada15cc534ab1efe-vCTPZ6i9.tsv	short	/scratch/phyberos/cami/work/gastrooral_short_read/2017.12.04_18.45.54_sample_4/reads/reads_mapping.tsv.gz
41	TBeTrNqV	toy_mousegut	toy_mousegut_sample_34	/scratch/phyberos/e5/metasmith/runs/TBeTrNqV/results/sequences-megahit_assembly/1-1-1.6909406a7848071c-FcBi5Qc7.fna	/scratch/phyberos/e5/metasmith/task_cache/1e/2046bcdfb051d0970de3fc11479a1354bca7041632a52aafd89382d21fe50f2a13/out/1-1-1.9382d21fe50f2a13-lpeyeL7w.bam	/scratch/phyberos/e5/metasmith/runs/TBeTrNqV/results/binning-das_tool_contig_to_bin_table/1-1-1.2284a1e29f933e70-vCTPZ6i9.tsv	short	/scratch/phyberos/cami/work/mousegut_short_read/2017.12.29_11.37.26_sample_34/reads/reads_mapping.tsv.gz
42	TBeTrNqV	toy_mousegut	toy_mousegut_sample_6	/scratch/phyberos/e5/metasmith/runs/TBeTrNqV/results/sequences-megahit_assembly/1-1-1.6acbeceacd44d43a-FcBi5Qc7.fna	/scratch/phyberos/e5/metasmith/task_cache/1e/204edca9595d08ace1cdd0544fb76e8c7c807aa0460232961a29c7ae8e5d39c597/out/1-1-1.29c7ae8e5d39c597-lpeyeL7w.bam	/scratch/phyberos/e5/metasmith/runs/TBeTrNqV/results/binning-das_tool_contig_to_bin_table/1-1-1.ad1f4c01e14335a5-vCTPZ6i9.tsv	short	/scratch/phyberos/cami/work/mousegut_short_read/2017.12.29_11.37.26_sample_6/reads/reads_mapping.tsv.gz
43	TBeTrNqV	toy_mousegut	toy_mousegut_sample_15	/scratch/phyberos/e5/metasmith/runs/TBeTrNqV/results/sequences-megahit_assembly/1-1-1.6da1df60ae666ac7-FcBi5Qc7.fna	/scratch/phyberos/e5/metasmith/task_cache/1e/20efc50f851c0cf994701eb543c643eafe353b672df765f9fe25f95a49af95572e/out/1-1-1.25f95a49af95572e-lpeyeL7w.bam	/scratch/phyberos/e5/metasmith/runs/TBeTrNqV/results/binning-das_tool_contig_to_bin_table/1-1-1.a022818e91188344-vCTPZ6i9.tsv	short	/scratch/phyberos/cami/work/mousegut_short_read/2017.12.29_11.37.26_sample_15/reads/reads_mapping.tsv.gz
44	TBeTrNqV	toy_hmp_airskinurogenital	toy_hmp_airskinurogenital_sample_8	/scratch/phyberos/e5/metasmith/runs/TBeTrNqV/results/sequences-megahit_assembly/1-1-1.6e3f4d1abdaaabf0-FcBi5Qc7.fna	/scratch/phyberos/e5/metasmith/task_cache/1e/2050c27426a60b2042e5be6462bb681c0263bf20d1b05047f10748cb4ff33a5207/out/1-1-1.0748cb4ff33a5207-lpeyeL7w.bam	/scratch/phyberos/e5/metasmith/runs/TBeTrNqV/results/binning-das_tool_contig_to_bin_table/1-1-1.065b75b749ada1cd-vCTPZ6i9.tsv	short	/scratch/phyberos/cami/work/airskinurogenital_short_read/2017.12.04_18.56.22_sample_8/reads/reads_mapping.tsv.gz
45	TBeTrNqV	toy_hmp_airskinurogenital	toy_hmp_airskinurogenital_sample_22	/scratch/phyberos/e5/metasmith/runs/TBeTrNqV/results/sequences-megahit_assembly/1-1-1.72523f2b3ff4759d-FcBi5Qc7.fna	/scratch/phyberos/e5/metasmith/task_cache/1e/207e64f650d9fef2ae8e5c946fb0067dce69c255ded46085c1dc980c7f4de324c5/out/1-1-1.dc980c7f4de324c5-lpeyeL7w.bam	/scratch/phyberos/e5/metasmith/runs/TBeTrNqV/results/binning-das_tool_contig_to_bin_table/1-1-1.04ec5b5c783c3e23-vCTPZ6i9.tsv	short	/scratch/phyberos/cami/work/airskinurogenital_short_read/2017.12.04_18.56.22_sample_22/reads/reads_mapping.tsv.gz
46	TBeTrNqV	toy_mousegut	toy_mousegut_sample_62	/scratch/phyberos/e5/metasmith/runs/TBeTrNqV/results/sequences-megahit_assembly/1-1-1.72c5aba801981bba-FcBi5Qc7.fna	/scratch/phyberos/e5/metasmith/task_cache/1e/202565bf49314675b1db911dc95421d9d61e8c7a56566926058e892a44a5d70441/out/1-1-1.8e892a44a5d70441-lpeyeL7w.bam	/scratch/phyberos/e5/metasmith/runs/TBeTrNqV/results/binning-das_tool_contig_to_bin_table/1-1-1.bf33d5c98e0ed64a-vCTPZ6i9.tsv	short	/scratch/phyberos/cami/work/mousegut_short_read/2017.12.29_11.37.26_sample_62/reads/reads_mapping.tsv.gz
47	TBeTrNqV	toy_hmp_airskinurogenital	toy_hmp_airskinurogenital_sample_6	/scratch/phyberos/e5/metasmith/runs/TBeTrNqV/results/sequences-megahit_assembly/1-1-1.73a98573bbeffcda-FcBi5Qc7.fna	/scratch/phyberos/e5/metasmith/task_cache/1e/2081aec7e65bc39049972b25a9110306856af6a422e4e88e6069c99655bc68c7ed/out/1-1-1.69c99655bc68c7ed-lpeyeL7w.bam	/scratch/phyberos/e5/metasmith/runs/TBeTrNqV/results/binning-das_tool_contig_to_bin_table/1-1-1.857b445588373cfe-vCTPZ6i9.tsv	short	/scratch/phyberos/cami/work/airskinurogenital_short_read/2017.12.04_18.56.22_sample_6/reads/reads_mapping.tsv.gz
48	TBeTrNqV	toy_mousegut	toy_mousegut_sample_59	/scratch/phyberos/e5/metasmith/runs/TBeTrNqV/results/sequences-megahit_assembly/1-1-1.753c295216bcfd6d-FcBi5Qc7.fna	/scratch/phyberos/e5/metasmith/task_cache/1e/2079a22577f1dc09845cdda1d1a3aaf12f1d87ce838ede3fbf7abd53185f57765f/out/1-1-1.7abd53185f57765f-lpeyeL7w.bam	/scratch/phyberos/e5/metasmith/runs/TBeTrNqV/results/binning-das_tool_contig_to_bin_table/1-1-1.bc9e8ff5d6d8476d-vCTPZ6i9.tsv	short	/scratch/phyberos/cami/work/mousegut_short_read/2017.12.29_11.37.26_sample_59/reads/reads_mapping.tsv.gz
49	TBeTrNqV	toy_mousegut	toy_mousegut_sample_25	/scratch/phyberos/e5/metasmith/runs/TBeTrNqV/results/sequences-megahit_assembly/1-1-1.7567dced8e4b56e6-FcBi5Qc7.fna	/scratch/phyberos/e5/metasmith/task_cache/1e/20273b3af31d97fb47c6182894be50ce47f71a22ddcf20b949c437fa0dabfeebe6/out/1-1-1.c437fa0dabfeebe6-lpeyeL7w.bam	/scratch/phyberos/e5/metasmith/runs/TBeTrNqV/results/binning-das_tool_contig_to_bin_table/1-1-1.cca16a2fddbe9d2b-vCTPZ6i9.tsv	short	/scratch/phyberos/cami/work/mousegut_short_read/2017.12.29_11.37.26_sample_25/reads/reads_mapping.tsv.gz
50	TBeTrNqV	toy_mousegut	toy_mousegut_sample_5	/scratch/phyberos/e5/metasmith/runs/TBeTrNqV/results/sequences-megahit_assembly/1-1-1.7684f0bd253e0055-FcBi5Qc7.fna	/scratch/phyberos/e5/metasmith/task_cache/1e/206db1b18447832e9b49553420cf8bb2af92b2ef284ae31655d109c4adc0ed2bd8/out/1-1-1.d109c4adc0ed2bd8-lpeyeL7w.bam	/scratch/phyberos/e5/metasmith/runs/TBeTrNqV/results/binning-das_tool_contig_to_bin_table/1-1-1.dfeb68248188c982-vCTPZ6i9.tsv	short	/scratch/phyberos/cami/work/mousegut_short_read/2017.12.29_11.37.26_sample_5/reads/reads_mapping.tsv.gz
51	TBeTrNqV	toy_mousegut	toy_mousegut_sample_37	/scratch/phyberos/e5/metasmith/runs/TBeTrNqV/results/sequences-megahit_assembly/1-1-1.7ee077d7a4c74a43-FcBi5Qc7.fna	/scratch/phyberos/e5/metasmith/task_cache/1e/20c5570d776c12cae22f0963b9f35fd9a08653e47d88e6d74484924d17900ce597/out/1-1-1.84924d17900ce597-lpeyeL7w.bam	/scratch/phyberos/e5/metasmith/runs/TBeTrNqV/results/binning-das_tool_contig_to_bin_table/1-1-1.7e1adfb9e833aac5-vCTPZ6i9.tsv	short	/scratch/phyberos/cami/work/mousegut_short_read/2017.12.29_11.37.26_sample_37/reads/reads_mapping.tsv.gz
52	TBeTrNqV	toy_hmp_gastrooral	toy_hmp_gastrooral_sample_18	/scratch/phyberos/e5/metasmith/runs/TBeTrNqV/results/sequences-megahit_assembly/1-1-1.808b21c848f0d2cf-FcBi5Qc7.fna	/scratch/phyberos/e5/metasmith/task_cache/1e/20c1f6422ae7531d0c99874cb1f01c22534f2af9ee312eef13eb90971bcc685d1b/out/1-1-1.eb90971bcc685d1b-lpeyeL7w.bam	/scratch/phyberos/e5/metasmith/runs/TBeTrNqV/results/binning-das_tool_contig_to_bin_table/1-1-1.222a65a73407fec0-vCTPZ6i9.tsv	short	/scratch/phyberos/cami/work/gastrooral_short_read/2017.12.04_18.45.54_sample_18/reads/reads_mapping.tsv.gz
53	TBeTrNqV	toy_hmp_airskinurogenital	toy_hmp_airskinurogenital_sample_18	/scratch/phyberos/e5/metasmith/runs/TBeTrNqV/results/sequences-megahit_assembly/1-1-1.85876885efe50d07-FcBi5Qc7.fna	/scratch/phyberos/e5/metasmith/task_cache/1e/20ede6b07cfd93733956803fbc63d0b53ec0d0f8ec2d6736b79c1e87883fac0016/out/1-1-1.9c1e87883fac0016-lpeyeL7w.bam	/scratch/phyberos/e5/metasmith/runs/TBeTrNqV/results/binning-das_tool_contig_to_bin_table/1-1-1.3c9eafa522138c08-vCTPZ6i9.tsv	short	/scratch/phyberos/cami/work/airskinurogenital_short_read/2017.12.04_18.56.22_sample_18/reads/reads_mapping.tsv.gz
54	TBeTrNqV	toy_hmp_airskinurogenital	toy_hmp_airskinurogenital_sample_17	/scratch/phyberos/e5/metasmith/runs/TBeTrNqV/results/sequences-megahit_assembly/1-1-1.858bc2c41c9e2f05-FcBi5Qc7.fna	/scratch/phyberos/e5/metasmith/task_cache/1e/20d8ebe1c9c6f73e05006dc58ebd5c8dd4262932f7286cd79c7054d8616d52a8ba/out/1-1-1.7054d8616d52a8ba-lpeyeL7w.bam	/scratch/phyberos/e5/metasmith/runs/TBeTrNqV/results/binning-das_tool_contig_to_bin_table/1-1-1.bc293c9d4ed75cd3-vCTPZ6i9.tsv	short	/scratch/phyberos/cami/work/airskinurogenital_short_read/2017.12.04_18.56.22_sample_17/reads/reads_mapping.tsv.gz
55	TBeTrNqV	toy_mousegut	toy_mousegut_sample_14	/scratch/phyberos/e5/metasmith/runs/TBeTrNqV/results/sequences-megahit_assembly/1-1-1.8daab546107a76a4-FcBi5Qc7.fna	/scratch/phyberos/e5/metasmith/task_cache/1e/20f3e9fc9e5d179c13dda79e4317e6a04b67b50b79607a46a81d12917f06a1d9ba/out/1-1-1.1d12917f06a1d9ba-lpeyeL7w.bam	/scratch/phyberos/e5/metasmith/runs/TBeTrNqV/results/binning-das_tool_contig_to_bin_table/1-1-1.7b27ccd96ca563f4-vCTPZ6i9.tsv	short	/scratch/phyberos/cami/work/mousegut_short_read/2017.12.29_11.37.26_sample_14/reads/reads_mapping.tsv.gz
56	TBeTrNqV	toy_hmp_airskinurogenital	toy_hmp_airskinurogenital_sample_23	/scratch/phyberos/e5/metasmith/runs/TBeTrNqV/results/sequences-megahit_assembly/1-1-1.91e9679ed2767d92-FcBi5Qc7.fna	/scratch/phyberos/e5/metasmith/task_cache/1e/2073d7f8d0b54929e8fcf73a2cd0ec77f9c9cb1f343d7b32e7b810bbf591790780/out/1-1-1.b810bbf591790780-lpeyeL7w.bam	/scratch/phyberos/e5/metasmith/runs/TBeTrNqV/results/binning-das_tool_contig_to_bin_table/1-1-1.caf0e0ee029d1252-vCTPZ6i9.tsv	short	/scratch/phyberos/cami/work/airskinurogenital_short_read/2017.12.04_18.56.22_sample_23/reads/reads_mapping.tsv.gz
57	TBeTrNqV	toy_hmp_gastrooral	toy_hmp_gastrooral_sample_6	/scratch/phyberos/e5/metasmith/runs/TBeTrNqV/results/sequences-megahit_assembly/1-1-1.931a8187ed2c5bd3-FcBi5Qc7.fna	/scratch/phyberos/e5/metasmith/task_cache/1e/20a825e6524da43478ddfe859e10020ca1e0274ae83e7819862801a5ae3e16f396/out/1-1-1.2801a5ae3e16f396-lpeyeL7w.bam	/scratch/phyberos/e5/metasmith/runs/TBeTrNqV/results/binning-das_tool_contig_to_bin_table/1-1-1.04325ddc42d831a0-vCTPZ6i9.tsv	short	/scratch/phyberos/cami/work/gastrooral_short_read/2017.12.04_18.45.54_sample_6/reads/reads_mapping.tsv.gz
58	TBeTrNqV	toy_mousegut	toy_mousegut_sample_20	/scratch/phyberos/e5/metasmith/runs/TBeTrNqV/results/sequences-megahit_assembly/1-1-1.936b597afabceb2a-FcBi5Qc7.fna	/scratch/phyberos/e5/metasmith/task_cache/1e/20650683b5efdb89dc35b303a07a799d0d12eb6772156719d7abd70e156dab8217/out/1-1-1.abd70e156dab8217-lpeyeL7w.bam	/scratch/phyberos/e5/metasmith/runs/TBeTrNqV/results/binning-das_tool_contig_to_bin_table/1-1-1.8394fe51127e69c1-vCTPZ6i9.tsv	short	/scratch/phyberos/cami/work/mousegut_short_read/2017.12.29_11.37.26_sample_20/reads/reads_mapping.tsv.gz
59	TBeTrNqV	toy_mousegut	toy_mousegut_sample_8	/scratch/phyberos/e5/metasmith/runs/TBeTrNqV/results/sequences-megahit_assembly/1-1-1.93dc6df7f8b4bca2-FcBi5Qc7.fna	/scratch/phyberos/e5/metasmith/task_cache/1e/20e0249d51a8c9d9903fff40f4396b064237985b6528d307440661f3f90cddbf02/out/1-1-1.0661f3f90cddbf02-lpeyeL7w.bam	/scratch/phyberos/e5/metasmith/runs/TBeTrNqV/results/binning-das_tool_contig_to_bin_table/1-1-1.c3be27f817cf3649-vCTPZ6i9.tsv	short	/scratch/phyberos/cami/work/mousegut_short_read/2017.12.29_11.37.26_sample_8/reads/reads_mapping.tsv.gz
60	TBeTrNqV	toy_mousegut	toy_mousegut_sample_63	/scratch/phyberos/e5/metasmith/runs/TBeTrNqV/results/sequences-megahit_assembly/1-1-1.95895983b9847138-FcBi5Qc7.fna	/scratch/phyberos/e5/metasmith/task_cache/1e/201c4e1c38290c0c576a564e25096043fdaa9a2b77eb6da9c462c86c7a2dcc53cb/out/1-1-1.62c86c7a2dcc53cb-lpeyeL7w.bam	/scratch/phyberos/e5/metasmith/runs/TBeTrNqV/results/binning-das_tool_contig_to_bin_table/1-1-1.a78a4b9000ad72da-vCTPZ6i9.tsv	short	/scratch/phyberos/cami/work/mousegut_short_read/2017.12.29_11.37.26_sample_63/reads/reads_mapping.tsv.gz
61	TBeTrNqV	toy_hmp_airskinurogenital	toy_hmp_airskinurogenital_sample_2	/scratch/phyberos/e5/metasmith/runs/TBeTrNqV/results/sequences-megahit_assembly/1-1-1.960b08fe322bec9b-FcBi5Qc7.fna	/scratch/phyberos/e5/metasmith/task_cache/1e/20f2d2694c7f41fda91b42d983afd920860bc181d8f02e78cc7a95439fba6d5840/out/1-1-1.7a95439fba6d5840-lpeyeL7w.bam	/scratch/phyberos/e5/metasmith/runs/TBeTrNqV/results/binning-das_tool_contig_to_bin_table/1-1-1.fca14e78a4f34c96-vCTPZ6i9.tsv	short	/scratch/phyberos/cami/work/airskinurogenital_short_read/2017.12.04_18.56.22_sample_2/reads/reads_mapping.tsv.gz
62	TBeTrNqV	toy_hmp_gastrooral	toy_hmp_gastrooral_sample_15	/scratch/phyberos/e5/metasmith/runs/TBeTrNqV/results/sequences-megahit_assembly/1-1-1.9a0b51088dd6a147-FcBi5Qc7.fna	/scratch/phyberos/e5/metasmith/task_cache/1e/20f4498f55c2aead6fdcc40f4bd2a3886c7b22e2873daf3120287f38eb7777ce81/out/1-1-1.287f38eb7777ce81-lpeyeL7w.bam	/scratch/phyberos/e5/metasmith/runs/TBeTrNqV/results/binning-das_tool_contig_to_bin_table/1-1-1.36f0f69d905126d9-vCTPZ6i9.tsv	short	/scratch/phyberos/cami/work/gastrooral_short_read/2017.12.04_18.45.54_sample_15/reads/reads_mapping.tsv.gz
63	TBeTrNqV	toy_hmp_gastrooral	toy_hmp_gastrooral_sample_17	/scratch/phyberos/e5/metasmith/runs/TBeTrNqV/results/sequences-megahit_assembly/1-1-1.9e39958fb601ff77-FcBi5Qc7.fna	/scratch/phyberos/e5/metasmith/task_cache/1e/201d032b6ca9f205c9b6e1fb52a8080d734715d8dcbb8c24106c6052696bc48458/out/1-1-1.6c6052696bc48458-lpeyeL7w.bam	/scratch/phyberos/e5/metasmith/runs/TBeTrNqV/results/binning-das_tool_contig_to_bin_table/1-1-1.53be71deb134ab38-vCTPZ6i9.tsv	short	/scratch/phyberos/cami/work/gastrooral_short_read/2017.12.04_18.45.54_sample_17/reads/reads_mapping.tsv.gz
64	TBeTrNqV	toy_hmp_airskinurogenital	toy_hmp_airskinurogenital_sample_26	/scratch/phyberos/e5/metasmith/runs/TBeTrNqV/results/sequences-megahit_assembly/1-1-1.9ef2016a50d27ccf-FcBi5Qc7.fna	/scratch/phyberos/e5/metasmith/task_cache/1e/20cda09d84fd79f6fa232028498530640e5e3d3cdbae6634d68e66b12ba70c8b8d/out/1-1-1.8e66b12ba70c8b8d-lpeyeL7w.bam	/scratch/phyberos/e5/metasmith/runs/TBeTrNqV/results/binning-das_tool_contig_to_bin_table/1-1-1.16f7b79d5487282e-vCTPZ6i9.tsv	short	/scratch/phyberos/cami/work/airskinurogenital_short_read/2017.12.04_18.56.22_sample_26/reads/reads_mapping.tsv.gz
65	TBeTrNqV	toy_mousegut	toy_mousegut_sample_11	/scratch/phyberos/e5/metasmith/runs/TBeTrNqV/results/sequences-megahit_assembly/1-1-1.9f70baefcd664cf3-FcBi5Qc7.fna	/scratch/phyberos/e5/metasmith/task_cache/1e/20b423dbc52a3d9fed3210092a534fee9f12e29449eb7ff57495bf754a5b20113b/out/1-1-1.95bf754a5b20113b-lpeyeL7w.bam	/scratch/phyberos/e5/metasmith/runs/TBeTrNqV/results/binning-das_tool_contig_to_bin_table/1-1-1.3d91cae7c7bdc7cc-vCTPZ6i9.tsv	short	/scratch/phyberos/cami/work/mousegut_short_read/2017.12.29_11.37.26_sample_11/reads/reads_mapping.tsv.gz
66	TBeTrNqV	toy_hmp_gastrooral	toy_hmp_gastrooral_sample_14	/scratch/phyberos/e5/metasmith/runs/TBeTrNqV/results/sequences-megahit_assembly/1-1-1.a0c9a31bdc356e3f-FcBi5Qc7.fna	/scratch/phyberos/e5/metasmith/task_cache/1e/20de91754f0338af46af43ea4a807143df594b3997c297dc8d5d97a7e2234c60b2/out/1-1-1.5d97a7e2234c60b2-lpeyeL7w.bam	/scratch/phyberos/e5/metasmith/runs/TBeTrNqV/results/binning-das_tool_contig_to_bin_table/1-1-1.0ccd7ea62f60df7b-vCTPZ6i9.tsv	short	/scratch/phyberos/cami/work/gastrooral_short_read/2017.12.04_18.45.54_sample_14/reads/reads_mapping.tsv.gz
67	TBeTrNqV	toy_mousegut	toy_mousegut_sample_32	/scratch/phyberos/e5/metasmith/runs/TBeTrNqV/results/sequences-megahit_assembly/1-1-1.a1e69e83d8088943-FcBi5Qc7.fna	/scratch/phyberos/e5/metasmith/task_cache/1e/20081bbf4aec7bc06c9588bad46963958d37de796eb973f8c99c0ea61862aaaebd/out/1-1-1.9c0ea61862aaaebd-lpeyeL7w.bam	/scratch/phyberos/e5/metasmith/runs/TBeTrNqV/results/binning-das_tool_contig_to_bin_table/1-1-1.34dc82dc00829d70-vCTPZ6i9.tsv	short	/scratch/phyberos/cami/work/mousegut_short_read/2017.12.29_11.37.26_sample_32/reads/reads_mapping.tsv.gz
68	TBeTrNqV	toy_hmp_airskinurogenital	toy_hmp_airskinurogenital_sample_25	/scratch/phyberos/e5/metasmith/runs/TBeTrNqV/results/sequences-megahit_assembly/1-1-1.a1fb84ed35650512-FcBi5Qc7.fna	/scratch/phyberos/e5/metasmith/task_cache/1e/2040f1c2e33f4b886671235feda304e85f2331f65d6c7504adbafbe326663e2600/out/1-1-1.bafbe326663e2600-lpeyeL7w.bam	/scratch/phyberos/e5/metasmith/runs/TBeTrNqV/results/binning-das_tool_contig_to_bin_table/1-1-1.4cd9dc2015bc14b6-vCTPZ6i9.tsv	short	/scratch/phyberos/cami/work/airskinurogenital_short_read/2017.12.04_18.56.22_sample_25/reads/reads_mapping.tsv.gz
69	TBeTrNqV	toy_hmp_airskinurogenital	toy_hmp_airskinurogenital_sample_16	/scratch/phyberos/e5/metasmith/runs/TBeTrNqV/results/sequences-megahit_assembly/1-1-1.a319e6666c2aee62-FcBi5Qc7.fna	/scratch/phyberos/e5/metasmith/task_cache/1e/20aeae883cb3db7bf6648473cdfadb424a0bc14b8acbe5dcbc7173c72ea75267de/out/1-1-1.7173c72ea75267de-lpeyeL7w.bam	/scratch/phyberos/e5/metasmith/runs/TBeTrNqV/results/binning-das_tool_contig_to_bin_table/1-1-1.fd8cd30492164800-vCTPZ6i9.tsv	short	/scratch/phyberos/cami/work/airskinurogenital_short_read/2017.12.04_18.56.22_sample_16/reads/reads_mapping.tsv.gz
70	TBeTrNqV	toy_hmp_airskinurogenital	toy_hmp_airskinurogenital_sample_19	/scratch/phyberos/e5/metasmith/runs/TBeTrNqV/results/sequences-megahit_assembly/1-1-1.a458ceb2eb682169-FcBi5Qc7.fna	/scratch/phyberos/e5/metasmith/task_cache/1e/2015cd1cebebe99de8d98b83e2f14f81f15b4c8a2cdfc521d0cccb90ba0ba954b8/out/1-1-1.cccb90ba0ba954b8-lpeyeL7w.bam	/scratch/phyberos/e5/metasmith/runs/TBeTrNqV/results/binning-das_tool_contig_to_bin_table/1-1-1.30232c7b430861a8-vCTPZ6i9.tsv	short	/scratch/phyberos/cami/work/airskinurogenital_short_read/2017.12.04_18.56.22_sample_19/reads/reads_mapping.tsv.gz
71	TBeTrNqV	toy_hmp_gastrooral	toy_hmp_gastrooral_sample_13	/scratch/phyberos/e5/metasmith/runs/TBeTrNqV/results/sequences-megahit_assembly/1-1-1.ace502904d97e3ea-FcBi5Qc7.fna	/scratch/phyberos/e5/metasmith/task_cache/1e/208e2f46a3dead1c09abafcc69b46d7807e3aba356c3cbd10211913ea12f234b27/out/1-1-1.11913ea12f234b27-lpeyeL7w.bam	/scratch/phyberos/e5/metasmith/runs/TBeTrNqV/results/binning-das_tool_contig_to_bin_table/1-1-1.00cd9a8accb0671b-vCTPZ6i9.tsv	short	/scratch/phyberos/cami/work/gastrooral_short_read/2017.12.04_18.45.54_sample_13/reads/reads_mapping.tsv.gz
72	TBeTrNqV	toy_hmp_airskinurogenital	toy_hmp_airskinurogenital_sample_7	/scratch/phyberos/e5/metasmith/runs/TBeTrNqV/results/sequences-megahit_assembly/1-1-1.ae26417f01d6537f-FcBi5Qc7.fna	/scratch/phyberos/e5/metasmith/task_cache/1e/20a097433051ff40bce257f003530459d085d8e27b007485c047eeacd38cbed170/out/1-1-1.47eeacd38cbed170-lpeyeL7w.bam	/scratch/phyberos/e5/metasmith/runs/TBeTrNqV/results/binning-das_tool_contig_to_bin_table/1-1-1.4ba5369d5a55b651-vCTPZ6i9.tsv	short	/scratch/phyberos/cami/work/airskinurogenital_short_read/2017.12.04_18.56.22_sample_7/reads/reads_mapping.tsv.gz
73	TBeTrNqV	toy_hmp_gastrooral	toy_hmp_gastrooral_sample_3	/scratch/phyberos/e5/metasmith/runs/TBeTrNqV/results/sequences-megahit_assembly/1-1-1.afffab11f8d56ff8-FcBi5Qc7.fna	/scratch/phyberos/e5/metasmith/task_cache/1e/2010ca726a26445a68bb40725475cc23f49d6c4f454e9e83bcd9290fbbd3e04d0a/out/1-1-1.d9290fbbd3e04d0a-lpeyeL7w.bam	/scratch/phyberos/e5/metasmith/runs/TBeTrNqV/results/binning-das_tool_contig_to_bin_table/1-1-1.0a983533ff63d946-vCTPZ6i9.tsv	short	/scratch/phyberos/cami/work/gastrooral_short_read/2017.12.04_18.45.54_sample_3/reads/reads_mapping.tsv.gz
74	TBeTrNqV	toy_hmp_gastrooral	toy_hmp_gastrooral_sample_7	/scratch/phyberos/e5/metasmith/runs/TBeTrNqV/results/sequences-megahit_assembly/1-1-1.b3fbf26f7eca3dbe-FcBi5Qc7.fna	/scratch/phyberos/e5/metasmith/task_cache/1e/201eaf7e16e5b1ffbfb1c6d1737b97cd4bd37c2b7531323d94d685ee56d91f903e/out/1-1-1.d685ee56d91f903e-lpeyeL7w.bam	/scratch/phyberos/e5/metasmith/runs/TBeTrNqV/results/binning-das_tool_contig_to_bin_table/1-1-1.3611420f732d6ee9-vCTPZ6i9.tsv	short	/scratch/phyberos/cami/work/gastrooral_short_read/2017.12.04_18.45.54_sample_7/reads/reads_mapping.tsv.gz
75	TBeTrNqV	toy_mousegut	toy_mousegut_sample_31	/scratch/phyberos/e5/metasmith/runs/TBeTrNqV/results/sequences-megahit_assembly/1-1-1.b7d5215b9336b059-FcBi5Qc7.fna	/scratch/phyberos/e5/metasmith/task_cache/1e/203ace2298eb18694cd4ab2fb3c9106000e6293fb925a49fa9028a9ba4f03c10f9/out/1-1-1.028a9ba4f03c10f9-lpeyeL7w.bam	/scratch/phyberos/e5/metasmith/runs/TBeTrNqV/results/binning-das_tool_contig_to_bin_table/1-1-1.d8500fbd067265c8-vCTPZ6i9.tsv	short	/scratch/phyberos/cami/work/mousegut_short_read/2017.12.29_11.37.26_sample_31/reads/reads_mapping.tsv.gz
76	TBeTrNqV	toy_hmp_gastrooral	toy_hmp_gastrooral_sample_8	/scratch/phyberos/e5/metasmith/runs/TBeTrNqV/results/sequences-megahit_assembly/1-1-1.b7df396a0d60f0cc-FcBi5Qc7.fna	/scratch/phyberos/e5/metasmith/task_cache/1e/2061067c63bc50048dbb6f0990d929df0f36ef5068ed90fcdf5a0210543e49520a/out/1-1-1.5a0210543e49520a-lpeyeL7w.bam	/scratch/phyberos/e5/metasmith/runs/TBeTrNqV/results/binning-das_tool_contig_to_bin_table/1-1-1.9c66f4cdb6f327c0-vCTPZ6i9.tsv	short	/scratch/phyberos/cami/work/gastrooral_short_read/2017.12.04_18.45.54_sample_8/reads/reads_mapping.tsv.gz
77	TBeTrNqV	toy_mousegut	toy_mousegut_sample_26	/scratch/phyberos/e5/metasmith/runs/TBeTrNqV/results/sequences-megahit_assembly/1-1-1.bd1fe358cfe868c0-FcBi5Qc7.fna	/scratch/phyberos/e5/metasmith/task_cache/1e/2064b307f75b97e4c7f04913c2edf1cd8c9b1960bea51fba7207d58347971b8428/out/1-1-1.07d58347971b8428-lpeyeL7w.bam	/scratch/phyberos/e5/metasmith/runs/TBeTrNqV/results/binning-das_tool_contig_to_bin_table/1-1-1.7328d5eb507ff190-vCTPZ6i9.tsv	short	/scratch/phyberos/cami/work/mousegut_short_read/2017.12.29_11.37.26_sample_26/reads/reads_mapping.tsv.gz
78	TBeTrNqV	toy_mousegut	toy_mousegut_sample_56	/scratch/phyberos/e5/metasmith/runs/TBeTrNqV/results/sequences-megahit_assembly/1-1-1.c040d3395af73e79-FcBi5Qc7.fna	/scratch/phyberos/e5/metasmith/task_cache/1e/205b020fe6ea3a57bb320d85386f57a17652a434e2918ec98530dc6378b4c0241d/out/1-1-1.30dc6378b4c0241d-lpeyeL7w.bam	/scratch/phyberos/e5/metasmith/runs/TBeTrNqV/results/binning-das_tool_contig_to_bin_table/1-1-1.1ad59bdf2bfa9fca-vCTPZ6i9.tsv	short	/scratch/phyberos/cami/work/mousegut_short_read/2017.12.29_11.37.26_sample_56/reads/reads_mapping.tsv.gz
79	TBeTrNqV	toy_mousegut	toy_mousegut_sample_28	/scratch/phyberos/e5/metasmith/runs/TBeTrNqV/results/sequences-megahit_assembly/1-1-1.c2be02b02172d701-FcBi5Qc7.fna	/scratch/phyberos/e5/metasmith/task_cache/1e/205c219e94ffed9ff390617cf06960373fd47a99692ddbfaf1b7f723f207a58b50/out/1-1-1.b7f723f207a58b50-lpeyeL7w.bam	/scratch/phyberos/e5/metasmith/runs/TBeTrNqV/results/binning-das_tool_contig_to_bin_table/1-1-1.0844b1808d80e326-vCTPZ6i9.tsv	short	/scratch/phyberos/cami/work/mousegut_short_read/2017.12.29_11.37.26_sample_28/reads/reads_mapping.tsv.gz
80	TBeTrNqV	toy_hmp_gastrooral	toy_hmp_gastrooral_sample_10	/scratch/phyberos/e5/metasmith/runs/TBeTrNqV/results/sequences-megahit_assembly/1-1-1.c3d60cadd24768f6-FcBi5Qc7.fna	/scratch/phyberos/e5/metasmith/task_cache/1e/20b6b8f644b40ebda71fae23f5038693ad17e08c740fed8d007e6aefd37ef3cefb/out/1-1-1.7e6aefd37ef3cefb-lpeyeL7w.bam	/scratch/phyberos/e5/metasmith/runs/TBeTrNqV/results/binning-das_tool_contig_to_bin_table/1-1-1.349c8e5d3d4c63cb-vCTPZ6i9.tsv	short	/scratch/phyberos/cami/work/gastrooral_short_read/2017.12.04_18.45.54_sample_10/reads/reads_mapping.tsv.gz
81	TBeTrNqV	toy_hmp_airskinurogenital	toy_hmp_airskinurogenital_sample_24	/scratch/phyberos/e5/metasmith/runs/TBeTrNqV/results/sequences-megahit_assembly/1-1-1.cccbba10b61ff022-FcBi5Qc7.fna	/scratch/phyberos/e5/metasmith/task_cache/1e/209f091d24fa396c25dd78ae50b961a6fb5aa79342da9ebedf7dd6c0b62925f0af/out/1-1-1.7dd6c0b62925f0af-lpeyeL7w.bam	/scratch/phyberos/e5/metasmith/runs/TBeTrNqV/results/binning-das_tool_contig_to_bin_table/1-1-1.b6be9b2a33c38883-vCTPZ6i9.tsv	short	/scratch/phyberos/cami/work/airskinurogenital_short_read/2017.12.04_18.56.22_sample_24/reads/reads_mapping.tsv.gz
82	TBeTrNqV	toy_mousegut	toy_mousegut_sample_27	/scratch/phyberos/e5/metasmith/runs/TBeTrNqV/results/sequences-megahit_assembly/1-1-1.cd627169124cb96f-FcBi5Qc7.fna	/scratch/phyberos/e5/metasmith/task_cache/1e/209d85ee6546a83aa52059046201af34819f1fce55462f8fdcea613202668b09b2/out/1-1-1.ea613202668b09b2-lpeyeL7w.bam	/scratch/phyberos/e5/metasmith/runs/TBeTrNqV/results/binning-das_tool_contig_to_bin_table/1-1-1.30202dba954d6581-vCTPZ6i9.tsv	short	/scratch/phyberos/cami/work/mousegut_short_read/2017.12.29_11.37.26_sample_27/reads/reads_mapping.tsv.gz
83	TBeTrNqV	toy_mousegut	toy_mousegut_sample_53	/scratch/phyberos/e5/metasmith/runs/TBeTrNqV/results/sequences-megahit_assembly/1-1-1.ce7d20c98c5a35e9-FcBi5Qc7.fna	/scratch/phyberos/e5/metasmith/task_cache/1e/20c337a34163ed35e59f83cdfd9adb26d664bdb3541eb4a1a754d30d9914b9ca31/out/1-1-1.54d30d9914b9ca31-lpeyeL7w.bam	/scratch/phyberos/e5/metasmith/runs/TBeTrNqV/results/binning-das_tool_contig_to_bin_table/1-1-1.6882ac9224f84d60-vCTPZ6i9.tsv	short	/scratch/phyberos/cami/work/mousegut_short_read/2017.12.29_11.37.26_sample_53/reads/reads_mapping.tsv.gz
84	TBeTrNqV	toy_mousegut	toy_mousegut_sample_30	/scratch/phyberos/e5/metasmith/runs/TBeTrNqV/results/sequences-megahit_assembly/1-1-1.cfbfaa3d216751f8-FcBi5Qc7.fna	/scratch/phyberos/e5/metasmith/task_cache/1e/20df0833a4fc61a7d3aa70caa8cf73a8a69afa92a9577694c1f24eaf387717d4f7/out/1-1-1.f24eaf387717d4f7-lpeyeL7w.bam	/scratch/phyberos/e5/metasmith/runs/TBeTrNqV/results/binning-das_tool_contig_to_bin_table/1-1-1.776f11b2531ab6e6-vCTPZ6i9.tsv	short	/scratch/phyberos/cami/work/mousegut_short_read/2017.12.29_11.37.26_sample_30/reads/reads_mapping.tsv.gz
85	TBeTrNqV	toy_hmp_airskinurogenital	toy_hmp_airskinurogenital_sample_12	/scratch/phyberos/e5/metasmith/runs/TBeTrNqV/results/sequences-megahit_assembly/1-1-1.d17105f5925fff26-FcBi5Qc7.fna	/scratch/phyberos/e5/metasmith/task_cache/1e/206ddb64fc19f761519d7ed07595e55aa2329baf22154306a14117070714322c57/out/1-1-1.4117070714322c57-lpeyeL7w.bam	/scratch/phyberos/e5/metasmith/runs/TBeTrNqV/results/binning-das_tool_contig_to_bin_table/1-1-1.2c113dd63bca860d-vCTPZ6i9.tsv	short	/scratch/phyberos/cami/work/airskinurogenital_short_read/2017.12.04_18.56.22_sample_12/reads/reads_mapping.tsv.gz
86	TBeTrNqV	toy_hmp_airskinurogenital	toy_hmp_airskinurogenital_sample_11	/scratch/phyberos/e5/metasmith/runs/TBeTrNqV/results/sequences-megahit_assembly/1-1-1.d29e9d1ff1a9a980-FcBi5Qc7.fna	/scratch/phyberos/e5/metasmith/task_cache/1e/2093d944e0b9bbb38f8385b3ddcca6c86420b469c998185cf2bcd7f0f990a6a466/out/1-1-1.bcd7f0f990a6a466-lpeyeL7w.bam	/scratch/phyberos/e5/metasmith/runs/TBeTrNqV/results/binning-das_tool_contig_to_bin_table/1-1-1.3440010013e8453d-vCTPZ6i9.tsv	short	/scratch/phyberos/cami/work/airskinurogenital_short_read/2017.12.04_18.56.22_sample_11/reads/reads_mapping.tsv.gz
87	TBeTrNqV	toy_hmp_airskinurogenital	toy_hmp_airskinurogenital_sample_28	/scratch/phyberos/e5/metasmith/runs/TBeTrNqV/results/sequences-megahit_assembly/1-1-1.d660fc8b53a191c1-FcBi5Qc7.fna	/scratch/phyberos/e5/metasmith/task_cache/1e/20f32ee2ac927ebfe342e1bc842d75f3d0344c8dc7ccc64cf44078ad4e7f42d140/out/1-1-1.4078ad4e7f42d140-lpeyeL7w.bam	/scratch/phyberos/e5/metasmith/runs/TBeTrNqV/results/binning-das_tool_contig_to_bin_table/1-1-1.db3cca159362d5c9-vCTPZ6i9.tsv	short	/scratch/phyberos/cami/work/airskinurogenital_short_read/2017.12.04_18.56.22_sample_28/reads/reads_mapping.tsv.gz
88	TBeTrNqV	toy_hmp_airskinurogenital	toy_hmp_airskinurogenital_sample_14	/scratch/phyberos/e5/metasmith/runs/TBeTrNqV/results/sequences-megahit_assembly/1-1-1.da30137fe6b5f191-FcBi5Qc7.fna	/scratch/phyberos/e5/metasmith/task_cache/1e/20eaf2c83c9cd9367b6d5e9ba62ca7b701ede52d63c9a34fd17898a247cab3cf64/out/1-1-1.7898a247cab3cf64-lpeyeL7w.bam	/scratch/phyberos/e5/metasmith/runs/TBeTrNqV/results/binning-das_tool_contig_to_bin_table/1-1-1.b7f0e36f8a7cd7ff-vCTPZ6i9.tsv	short	/scratch/phyberos/cami/work/airskinurogenital_short_read/2017.12.04_18.56.22_sample_14/reads/reads_mapping.tsv.gz
89	TBeTrNqV	toy_hmp_gastrooral	toy_hmp_gastrooral_sample_1	/scratch/phyberos/e5/metasmith/runs/TBeTrNqV/results/sequences-megahit_assembly/1-1-1.dd30979787e8162e-FcBi5Qc7.fna	/scratch/phyberos/e5/metasmith/task_cache/1e/20d58439401c05e46f461abc774041c28c316aa3ba2a2a71a470ade5c4e6c2c4da/out/1-1-1.70ade5c4e6c2c4da-lpeyeL7w.bam	/scratch/phyberos/e5/metasmith/runs/TBeTrNqV/results/binning-das_tool_contig_to_bin_table/1-1-1.f2777793c8472294-vCTPZ6i9.tsv	short	/scratch/phyberos/cami/work/gastrooral_short_read/2017.12.04_18.45.54_sample_1/reads/reads_mapping.tsv.gz
90	TBeTrNqV	toy_hmp_airskinurogenital	toy_hmp_airskinurogenital_sample_27	/scratch/phyberos/e5/metasmith/runs/TBeTrNqV/results/sequences-megahit_assembly/1-1-1.e54ba2e61f740a4d-FcBi5Qc7.fna	/scratch/phyberos/e5/metasmith/task_cache/1e/2065c2b9072cf08039163f5c9b43c22c0b89af02912f2e2c7fb43918d138aede87/out/1-1-1.b43918d138aede87-lpeyeL7w.bam	/scratch/phyberos/e5/metasmith/runs/TBeTrNqV/results/binning-das_tool_contig_to_bin_table/1-1-1.ec5dc94b0bfc1604-vCTPZ6i9.tsv	short	/scratch/phyberos/cami/work/airskinurogenital_short_read/2017.12.04_18.56.22_sample_27/reads/reads_mapping.tsv.gz
91	TBeTrNqV	toy_mousegut	toy_mousegut_sample_38	/scratch/phyberos/e5/metasmith/runs/TBeTrNqV/results/sequences-megahit_assembly/1-1-1.e84a189e8e158c51-FcBi5Qc7.fna	/scratch/phyberos/e5/metasmith/task_cache/1e/20f7cca6aa154b2a297d232f12135d0938a8392439373362a3fb1639933bb7742a/out/1-1-1.fb1639933bb7742a-lpeyeL7w.bam	/scratch/phyberos/e5/metasmith/runs/TBeTrNqV/results/binning-das_tool_contig_to_bin_table/1-1-1.beea5a6dac60c50f-vCTPZ6i9.tsv	short	/scratch/phyberos/cami/work/mousegut_short_read/2017.12.29_11.37.26_sample_38/reads/reads_mapping.tsv.gz
92	TBeTrNqV	toy_mousegut	toy_mousegut_sample_29	/scratch/phyberos/e5/metasmith/runs/TBeTrNqV/results/sequences-megahit_assembly/1-1-1.ec859442faf7fbc0-FcBi5Qc7.fna	/scratch/phyberos/e5/metasmith/task_cache/1e/20940125a3720fde596078e1ec16e7e11abb3f6b4f969a91286ea35468caa95543/out/1-1-1.6ea35468caa95543-lpeyeL7w.bam	/scratch/phyberos/e5/metasmith/runs/TBeTrNqV/results/binning-das_tool_contig_to_bin_table/1-1-1.51e411223d0742db-vCTPZ6i9.tsv	short	/scratch/phyberos/cami/work/mousegut_short_read/2017.12.29_11.37.26_sample_29/reads/reads_mapping.tsv.gz
93	TBeTrNqV	toy_mousegut	toy_mousegut_sample_18	/scratch/phyberos/e5/metasmith/runs/TBeTrNqV/results/sequences-megahit_assembly/1-1-1.eccf77fb2fe85eff-FcBi5Qc7.fna	/scratch/phyberos/e5/metasmith/task_cache/1e/20e5e7e8177d6dd614c3381e86d984c6054d9dd199af74c2859fe841d6f53500ec/out/1-1-1.9fe841d6f53500ec-lpeyeL7w.bam	/scratch/phyberos/e5/metasmith/runs/TBeTrNqV/results/binning-das_tool_contig_to_bin_table/1-1-1.350fbdc4a17c05b2-vCTPZ6i9.tsv	short	/scratch/phyberos/cami/work/mousegut_short_read/2017.12.29_11.37.26_sample_18/reads/reads_mapping.tsv.gz
94	TBeTrNqV	toy_mousegut	toy_mousegut_sample_9	/scratch/phyberos/e5/metasmith/runs/TBeTrNqV/results/sequences-megahit_assembly/1-1-1.ee26b935cadce016-FcBi5Qc7.fna	/scratch/phyberos/e5/metasmith/task_cache/1e/20e59ad45edd2aa77312ad10c18894b97d8ae2e30d1fb9940ad776eabe7fcd1b2b/out/1-1-1.d776eabe7fcd1b2b-lpeyeL7w.bam	/scratch/phyberos/e5/metasmith/runs/TBeTrNqV/results/binning-das_tool_contig_to_bin_table/1-1-1.cde8942e27626c8c-vCTPZ6i9.tsv	short	/scratch/phyberos/cami/work/mousegut_short_read/2017.12.29_11.37.26_sample_9/reads/reads_mapping.tsv.gz
95	TBeTrNqV	toy_hmp_airskinurogenital	toy_hmp_airskinurogenital_sample_13	/scratch/phyberos/e5/metasmith/runs/TBeTrNqV/results/sequences-megahit_assembly/1-1-1.f0e5e4e0a73dca61-FcBi5Qc7.fna	/scratch/phyberos/e5/metasmith/task_cache/1e/20526f7af5c1c0d41911100a07d70983d05c95de81b1477d45a818c4a616e6809e/out/1-1-1.a818c4a616e6809e-lpeyeL7w.bam	/scratch/phyberos/e5/metasmith/runs/TBeTrNqV/results/binning-das_tool_contig_to_bin_table/1-1-1.999410cd57a37a30-vCTPZ6i9.tsv	short	/scratch/phyberos/cami/work/airskinurogenital_short_read/2017.12.04_18.56.22_sample_13/reads/reads_mapping.tsv.gz
96	TBeTrNqV	toy_mousegut	toy_mousegut_sample_12	/scratch/phyberos/e5/metasmith/runs/TBeTrNqV/results/sequences-megahit_assembly/1-1-1.f743ef1865e96f2e-FcBi5Qc7.fna	/scratch/phyberos/e5/metasmith/task_cache/1e/20af50e6adeb8f6a7e9f104595c0b52a49e25be35050b1639d68a0a4752c63b166/out/1-1-1.68a0a4752c63b166-lpeyeL7w.bam	/scratch/phyberos/e5/metasmith/runs/TBeTrNqV/results/binning-das_tool_contig_to_bin_table/1-1-1.dad8036f43915c67-vCTPZ6i9.tsv	short	/scratch/phyberos/cami/work/mousegut_short_read/2017.12.29_11.37.26_sample_12/reads/reads_mapping.tsv.gz
97	TBeTrNqV	toy_mousegut	toy_mousegut_sample_10	/scratch/phyberos/e5/metasmith/runs/TBeTrNqV/results/sequences-megahit_assembly/1-1-1.fa5ed2a3004011f3-FcBi5Qc7.fna	/scratch/phyberos/e5/metasmith/task_cache/1e/2087aa6d0f31f1f3fc5491a2c172e33be10d80dcde77704745695fd0e950058e85/out/1-1-1.695fd0e950058e85-lpeyeL7w.bam	/scratch/phyberos/e5/metasmith/runs/TBeTrNqV/results/binning-das_tool_contig_to_bin_table/1-1-1.a72fe01287c2b1b7-vCTPZ6i9.tsv	short	/scratch/phyberos/cami/work/mousegut_short_read/2017.12.29_11.37.26_sample_10/reads/reads_mapping.tsv.gz
98	77Ja55m8	strain	strain_long_sample_46	/scratch/phyberos/e5/metasmith/runs/77Ja55m8/results/sequences-flye_assembly/1-1-1.0864f1a9838d03f3-jboG92yT.fna	/scratch/phyberos/e5/metasmith/task_cache/1e/20ffc20370363a478069d9541d2035b59342eba7e6652ee8b0481275e4eda56337/out/1-1-1.481275e4eda56337-vEQFUQZI.bam		long	/scratch/phyberos/cami/work/strain_long_read/long_read/2018.09.20_11.17.07_sample_46/reads/reads_mapping.tsv.gz
99	77Ja55m8	strain	strain_long_sample_23	/scratch/phyberos/e5/metasmith/runs/77Ja55m8/results/sequences-flye_assembly/1-1-1.0930f2cf05ffe75a-jboG92yT.fna	/scratch/phyberos/e5/metasmith/task_cache/1e/205e11a4de4096e7c73b53417dc3fa552126ccd27e7c6cd243d3d3bed3d108a885/out/1-1-1.d3d3bed3d108a885-vEQFUQZI.bam	/scratch/phyberos/e5/metasmith/runs/77Ja55m8/results/binning-das_tool_contig_to_bin_table/1-1-1.8143f6e79a6220b1-h5S03kYv.tsv	long	/scratch/phyberos/cami/work/strain_long_read/long_read/2018.09.20_11.17.07_sample_23/reads/reads_mapping.tsv.gz
100	77Ja55m8	strain	strain_long_sample_75	/scratch/phyberos/e5/metasmith/runs/77Ja55m8/results/sequences-flye_assembly/1-1-1.0adc9b39ff7bf71f-jboG92yT.fna	/scratch/phyberos/e5/metasmith/task_cache/1e/2018b14dc3b7e55efc2289f58dde30239c1113927ba147721efe1d968f54174f06/out/1-1-1.fe1d968f54174f06-vEQFUQZI.bam	/scratch/phyberos/e5/metasmith/runs/77Ja55m8/results/binning-das_tool_contig_to_bin_table/1-1-1.0111a05567872099-h5S03kYv.tsv	long	/scratch/phyberos/cami/work/strain_long_read/long_read/2018.09.20_11.17.07_sample_75/reads/reads_mapping.tsv.gz
101	77Ja55m8	strain	strain_long_sample_30	/scratch/phyberos/e5/metasmith/runs/77Ja55m8/results/sequences-flye_assembly/1-1-1.0b6a36c2d8120800-jboG92yT.fna	/scratch/phyberos/e5/metasmith/task_cache/1e/2011103460aa73c14af644e1ed53994aa7fdced608cfd138d8504937ffd65bf689/out/1-1-1.504937ffd65bf689-vEQFUQZI.bam		long	/scratch/phyberos/cami/work/strain_long_read/long_read/2018.09.20_11.17.07_sample_30/reads/reads_mapping.tsv.gz
102	77Ja55m8	strain	strain_long_sample_94	/scratch/phyberos/e5/metasmith/runs/77Ja55m8/results/sequences-flye_assembly/1-1-1.0f90b82b5468f3d1-jboG92yT.fna	/scratch/phyberos/e5/metasmith/task_cache/1e/20f941930a1d254606733f1ff3ba0e83c7c3d4d0d01473853f5cbfb566e73927e1/out/1-1-1.5cbfb566e73927e1-vEQFUQZI.bam		long	/scratch/phyberos/cami/work/strain_long_read/long_read/2018.09.20_11.17.07_sample_94/reads/reads_mapping.tsv.gz
103	77Ja55m8	strain	strain_long_sample_52	/scratch/phyberos/e5/metasmith/runs/77Ja55m8/results/sequences-flye_assembly/1-1-1.129fcb6cb0c2698a-jboG92yT.fna	/scratch/phyberos/e5/metasmith/task_cache/1e/202fe4bb5661880ae799a137e20636bfb6a3b631f08d5dc5c805bec962c526a6f4/out/1-1-1.05bec962c526a6f4-vEQFUQZI.bam		long	/scratch/phyberos/cami/work/strain_long_read/long_read/2018.09.20_11.17.07_sample_52/reads/reads_mapping.tsv.gz
104	77Ja55m8	strain	strain_long_sample_16	/scratch/phyberos/e5/metasmith/runs/77Ja55m8/results/sequences-flye_assembly/1-1-1.13173ed1882ca5e8-jboG92yT.fna	/scratch/phyberos/e5/metasmith/task_cache/1e/20677dad562edce135f6983f44a0625616bacc55f5ef8f34f1d262b9a5b83604f9/out/1-1-1.d262b9a5b83604f9-vEQFUQZI.bam		long	/scratch/phyberos/cami/work/strain_long_read/long_read/2018.09.20_11.17.07_sample_16/reads/reads_mapping.tsv.gz
105	77Ja55m8	strain	strain_long_sample_69	/scratch/phyberos/e5/metasmith/runs/77Ja55m8/results/sequences-flye_assembly/1-1-1.165056e23c10e66e-jboG92yT.fna	/scratch/phyberos/e5/metasmith/task_cache/1e/209fe10aa0c710325de2d082bb55eb31f2c830ab7c7d3ee216ff9b42419b390271/out/1-1-1.ff9b42419b390271-vEQFUQZI.bam		long	/scratch/phyberos/cami/work/strain_long_read/long_read/2018.09.20_11.17.07_sample_69/reads/reads_mapping.tsv.gz
106	77Ja55m8	strain	strain_long_sample_90	/scratch/phyberos/e5/metasmith/runs/77Ja55m8/results/sequences-flye_assembly/1-1-1.17ce066187238140-jboG92yT.fna	/scratch/phyberos/e5/metasmith/task_cache/1e/204e1fef5fcc77fa5c07308b6d74aee9558fa898cacb16c86946f8d4ff24b44132/out/1-1-1.46f8d4ff24b44132-vEQFUQZI.bam	/scratch/phyberos/e5/metasmith/runs/77Ja55m8/results/binning-das_tool_contig_to_bin_table/1-1-1.3d05908df169e494-h5S03kYv.tsv	long	/scratch/phyberos/cami/work/strain_long_read/long_read/2018.09.20_11.17.07_sample_90/reads/reads_mapping.tsv.gz
107	77Ja55m8	strain	strain_long_sample_14	/scratch/phyberos/e5/metasmith/runs/77Ja55m8/results/sequences-flye_assembly/1-1-1.1910e802dfa12d9a-jboG92yT.fna	/scratch/phyberos/e5/metasmith/task_cache/1e/20ec460ef5614e80250c67bef8fcc6b09a1154e94305c84ddb72eb5a736388fde8/out/1-1-1.72eb5a736388fde8-vEQFUQZI.bam	/scratch/phyberos/e5/metasmith/runs/77Ja55m8/results/binning-das_tool_contig_to_bin_table/1-1-1.12937de2ecc0d252-h5S03kYv.tsv	long	/scratch/phyberos/cami/work/strain_long_read/long_read/2018.09.20_11.17.07_sample_14/reads/reads_mapping.tsv.gz
108	77Ja55m8	strain	strain_long_sample_60	/scratch/phyberos/e5/metasmith/runs/77Ja55m8/results/sequences-flye_assembly/1-1-1.19a3bb1060420b75-jboG92yT.fna	/scratch/phyberos/e5/metasmith/task_cache/1e/205b9ef6d6494d318a6bc6e39ffb26f831fd0f4973b1c570124ebe495867a20413/out/1-1-1.4ebe495867a20413-vEQFUQZI.bam	/scratch/phyberos/e5/metasmith/runs/77Ja55m8/results/binning-das_tool_contig_to_bin_table/1-1-1.3240399258b09d0f-h5S03kYv.tsv	long	/scratch/phyberos/cami/work/strain_long_read/long_read/2018.09.20_11.17.07_sample_60/reads/reads_mapping.tsv.gz
109	77Ja55m8	strain	strain_long_sample_63	/scratch/phyberos/e5/metasmith/runs/77Ja55m8/results/sequences-flye_assembly/1-1-1.1c3210a50e629c1c-jboG92yT.fna	/scratch/phyberos/e5/metasmith/task_cache/1e/20a31fec5c9c23569a684e25e5ce02edb8a56cd8c257131a37fa4d60da32e7651f/out/1-1-1.fa4d60da32e7651f-vEQFUQZI.bam		long	/scratch/phyberos/cami/work/strain_long_read/long_read/2018.09.20_11.17.07_sample_63/reads/reads_mapping.tsv.gz
110	77Ja55m8	strain	strain_long_sample_1	/scratch/phyberos/e5/metasmith/runs/77Ja55m8/results/sequences-flye_assembly/1-1-1.1ff4f1867c0d603a-jboG92yT.fna	/scratch/phyberos/e5/metasmith/task_cache/1e/203c6cfb3b3da8699a6c32af20504afe083e9ea35e729dfd810d9c9227a98262e1/out/1-1-1.0d9c9227a98262e1-vEQFUQZI.bam	/scratch/phyberos/e5/metasmith/runs/77Ja55m8/results/binning-das_tool_contig_to_bin_table/1-1-1.a35c0ce5b16d32b5-h5S03kYv.tsv	long	/scratch/phyberos/cami/work/strain_long_read/long_read/2018.09.20_11.17.07_sample_1/reads/reads_mapping.tsv.gz
111	77Ja55m8	strain	strain_long_sample_58	/scratch/phyberos/e5/metasmith/runs/77Ja55m8/results/sequences-flye_assembly/1-1-1.24131b8450fa5f3e-jboG92yT.fna	/scratch/phyberos/e5/metasmith/task_cache/1e/2013003baf9f5f0383421cf84c0dea62e93e8668752f4b4a2093ffdcac99e86a58/out/1-1-1.93ffdcac99e86a58-vEQFUQZI.bam		long	/scratch/phyberos/cami/work/strain_long_read/long_read/2018.09.20_11.17.07_sample_58/reads/reads_mapping.tsv.gz
112	77Ja55m8	strain	strain_long_sample_65	/scratch/phyberos/e5/metasmith/runs/77Ja55m8/results/sequences-flye_assembly/1-1-1.271a40a878829dd1-jboG92yT.fna	/scratch/phyberos/e5/metasmith/task_cache/1e/20ad747cea91a79aacb4a28edb0884acc0d290c02250b797b13834fa3bddee59fb/out/1-1-1.3834fa3bddee59fb-vEQFUQZI.bam		long	/scratch/phyberos/cami/work/strain_long_read/long_read/2018.09.20_11.17.07_sample_65/reads/reads_mapping.tsv.gz
113	77Ja55m8	strain	strain_long_sample_99	/scratch/phyberos/e5/metasmith/runs/77Ja55m8/results/sequences-flye_assembly/1-1-1.330733f9c2d6b120-jboG92yT.fna	/scratch/phyberos/e5/metasmith/task_cache/1e/20e96e14bbb18efddc59c3f0ca4b7d6c5ba2169561190a51a809b69d1878eabbc3/out/1-1-1.09b69d1878eabbc3-vEQFUQZI.bam	/scratch/phyberos/e5/metasmith/runs/77Ja55m8/results/binning-das_tool_contig_to_bin_table/1-1-1.c01077baa92deb44-h5S03kYv.tsv	long	/scratch/phyberos/cami/work/strain_long_read/long_read/2018.09.20_11.17.07_sample_99/reads/reads_mapping.tsv.gz
114	77Ja55m8	strain	strain_long_sample_89	/scratch/phyberos/e5/metasmith/runs/77Ja55m8/results/sequences-flye_assembly/1-1-1.33c0546a8f71291a-jboG92yT.fna	/scratch/phyberos/e5/metasmith/task_cache/1e/20d2ec87d7709f9c34408f133c3d4e37a928cfbdd53e126ed6b74a8145d3378613/out/1-1-1.b74a8145d3378613-vEQFUQZI.bam		long	/scratch/phyberos/cami/work/strain_long_read/long_read/2018.09.20_11.17.07_sample_89/reads/reads_mapping.tsv.gz
115	77Ja55m8	strain	strain_long_sample_10	/scratch/phyberos/e5/metasmith/runs/77Ja55m8/results/sequences-flye_assembly/1-1-1.363674a648cb93e6-jboG92yT.fna	/scratch/phyberos/e5/metasmith/task_cache/1e/208b6138ad42bf1cad82d46cc37f883f6024a3ed0dd71537468f0e582ad286ddc6/out/1-1-1.8f0e582ad286ddc6-vEQFUQZI.bam	/scratch/phyberos/e5/metasmith/runs/77Ja55m8/results/binning-das_tool_contig_to_bin_table/1-1-1.eb064a6b69fda441-h5S03kYv.tsv	long	/scratch/phyberos/cami/work/strain_long_read/long_read/2018.09.20_11.17.07_sample_10/reads/reads_mapping.tsv.gz
116	77Ja55m8	strain	strain_long_sample_80	/scratch/phyberos/e5/metasmith/runs/77Ja55m8/results/sequences-flye_assembly/1-1-1.3bd10b4ce27a153a-jboG92yT.fna	/scratch/phyberos/e5/metasmith/task_cache/1e/20e5658d5c5d9a8bbc99976e8a49c7c0708eed29b210730fd3847bb1568a9f5230/out/1-1-1.847bb1568a9f5230-vEQFUQZI.bam		long	/scratch/phyberos/cami/work/strain_long_read/long_read/2018.09.20_11.17.07_sample_80/reads/reads_mapping.tsv.gz
117	77Ja55m8	marine	marine_long_sample_4	/scratch/phyberos/e5/metasmith/runs/77Ja55m8/results/sequences-flye_assembly/1-1-1.3c6051e7a0a8bff6-jboG92yT.fna	/scratch/phyberos/e5/metasmith/task_cache/1e/207fa1eda329cc4ff770fde5da4301462c77fbead3bbeb77cf60a2486f34264ef8/out/1-1-1.60a2486f34264ef8-vEQFUQZI.bam	/scratch/phyberos/e5/metasmith/runs/77Ja55m8/results/binning-das_tool_contig_to_bin_table/1-1-1.6a207fa498632c5f-h5S03kYv.tsv	long	/scratch/phyberos/cami/work/marine_long_read/simulation_long_read/2018.08.08_16.35.17_sample_4/reads/reads_mapping.tsv.gz
118	77Ja55m8	strain	strain_long_sample_18	/scratch/phyberos/e5/metasmith/runs/77Ja55m8/results/sequences-flye_assembly/1-1-1.3c7f58ab838fd5cc-jboG92yT.fna	/scratch/phyberos/e5/metasmith/task_cache/1e/20ad91869371f5bcc8995e37d647d4ebdd8cb3080648321daed24f2cfe3415781d/out/1-1-1.d24f2cfe3415781d-vEQFUQZI.bam		long	/scratch/phyberos/cami/work/strain_long_read/long_read/2018.09.20_11.17.07_sample_18/reads/reads_mapping.tsv.gz
119	77Ja55m8	strain	strain_long_sample_43	/scratch/phyberos/e5/metasmith/runs/77Ja55m8/results/sequences-flye_assembly/1-1-1.3d568947f460a6b5-jboG92yT.fna	/scratch/phyberos/e5/metasmith/task_cache/1e/20778bf733c7ab7fe65c074557012bca6dabc31a9b05e15f090eda1211c58305f9/out/1-1-1.0eda1211c58305f9-vEQFUQZI.bam	/scratch/phyberos/e5/metasmith/runs/77Ja55m8/results/binning-das_tool_contig_to_bin_table/1-1-1.912e94a155bb33d7-h5S03kYv.tsv	long	/scratch/phyberos/cami/work/strain_long_read/long_read/2018.09.20_11.17.07_sample_43/reads/reads_mapping.tsv.gz
120	77Ja55m8	strain	strain_long_sample_50	/scratch/phyberos/e5/metasmith/runs/77Ja55m8/results/sequences-flye_assembly/1-1-1.3dd91bc927520e74-jboG92yT.fna	/scratch/phyberos/e5/metasmith/task_cache/1e/208553992dbbc8a8a21421c8c4b9e7c31f74e7cf29ea2bc033c291a5741bbda16d/out/1-1-1.c291a5741bbda16d-vEQFUQZI.bam	/scratch/phyberos/e5/metasmith/runs/77Ja55m8/results/binning-das_tool_contig_to_bin_table/1-1-1.8221c9a75403eacc-h5S03kYv.tsv	long	/scratch/phyberos/cami/work/strain_long_read/long_read/2018.09.20_11.17.07_sample_50/reads/reads_mapping.tsv.gz
121	77Ja55m8	strain	strain_long_sample_86	/scratch/phyberos/e5/metasmith/runs/77Ja55m8/results/sequences-flye_assembly/1-1-1.40a2653a127a70f2-jboG92yT.fna	/scratch/phyberos/e5/metasmith/task_cache/1e/2028a22450315b4a45346bf23c4f7664726d67250a63b884cbe919a47d18357008/out/1-1-1.e919a47d18357008-vEQFUQZI.bam	/scratch/phyberos/e5/metasmith/runs/77Ja55m8/results/binning-das_tool_contig_to_bin_table/1-1-1.7bd33fe803167376-h5S03kYv.tsv	long	/scratch/phyberos/cami/work/strain_long_read/long_read/2018.09.20_11.17.07_sample_86/reads/reads_mapping.tsv.gz
122	77Ja55m8	marine	marine_long_sample_6	/scratch/phyberos/e5/metasmith/runs/77Ja55m8/results/sequences-flye_assembly/1-1-1.427ae2244a0af797-jboG92yT.fna	/scratch/phyberos/e5/metasmith/task_cache/1e/2019315f03063e752f2967c933fb309595a17c14309451b2482e5c9aca1a080e32/out/1-1-1.2e5c9aca1a080e32-vEQFUQZI.bam	/scratch/phyberos/e5/metasmith/runs/77Ja55m8/results/binning-das_tool_contig_to_bin_table/1-1-1.c8ace93e084bab20-h5S03kYv.tsv	long	/scratch/phyberos/cami/work/marine_long_read/simulation_long_read/2018.08.08_16.35.17_sample_6/reads/reads_mapping.tsv.gz
123	77Ja55m8	strain	strain_long_sample_62	/scratch/phyberos/e5/metasmith/runs/77Ja55m8/results/sequences-flye_assembly/1-1-1.46cc04529a76326e-jboG92yT.fna	/scratch/phyberos/e5/metasmith/task_cache/1e/2029c7205ee754f465d731d40eb11356e1b5dc4a2ab4800515f44515b56e55bead/out/1-1-1.f44515b56e55bead-vEQFUQZI.bam	/scratch/phyberos/e5/metasmith/runs/77Ja55m8/results/binning-das_tool_contig_to_bin_table/1-1-1.b92d880375947cca-h5S03kYv.tsv	long	/scratch/phyberos/cami/work/strain_long_read/long_read/2018.09.20_11.17.07_sample_62/reads/reads_mapping.tsv.gz
124	77Ja55m8	marine	marine_long_sample_3	/scratch/phyberos/e5/metasmith/runs/77Ja55m8/results/sequences-flye_assembly/1-1-1.4b5c4bbde988a2e4-jboG92yT.fna	/scratch/phyberos/e5/metasmith/task_cache/1e/202d98d9173d23d67beef9218372a9d2c5f836714d42e8ccecedbccdba609dafaa/out/1-1-1.edbccdba609dafaa-vEQFUQZI.bam	/scratch/phyberos/e5/metasmith/runs/77Ja55m8/results/binning-das_tool_contig_to_bin_table/1-1-1.3342f9846e7782de-h5S03kYv.tsv	long	/scratch/phyberos/cami/work/marine_long_read/simulation_long_read/2018.08.08_16.35.17_sample_3/reads/reads_mapping.tsv.gz
125	77Ja55m8	strain	strain_long_sample_33	/scratch/phyberos/e5/metasmith/runs/77Ja55m8/results/sequences-flye_assembly/1-1-1.5308c0cc72b54900-jboG92yT.fna	/scratch/phyberos/e5/metasmith/task_cache/1e/200067589599adbd37007c8ec7c4eecdd07f82979fcb14ef7008eb9f502937cb1f/out/1-1-1.08eb9f502937cb1f-vEQFUQZI.bam		long	/scratch/phyberos/cami/work/strain_long_read/long_read/2018.09.20_11.17.07_sample_33/reads/reads_mapping.tsv.gz
126	77Ja55m8	strain	strain_long_sample_25	/scratch/phyberos/e5/metasmith/runs/77Ja55m8/results/sequences-flye_assembly/1-1-1.54e4b25d8ef01ebe-jboG92yT.fna	/scratch/phyberos/e5/metasmith/task_cache/1e/20c61a87526ef042e6289252f451a8eb1de0f308aed60551b5c60883c69b630363/out/1-1-1.c60883c69b630363-vEQFUQZI.bam	/scratch/phyberos/e5/metasmith/runs/77Ja55m8/results/binning-das_tool_contig_to_bin_table/1-1-1.922eaf3b052b9108-h5S03kYv.tsv	long	/scratch/phyberos/cami/work/strain_long_read/long_read/2018.09.20_11.17.07_sample_25/reads/reads_mapping.tsv.gz
127	77Ja55m8	strain	strain_long_sample_83	/scratch/phyberos/e5/metasmith/runs/77Ja55m8/results/sequences-flye_assembly/1-1-1.5509e027978cfa73-jboG92yT.fna	/scratch/phyberos/e5/metasmith/task_cache/1e/2069f9fa6f51c93737a1e34ee8c2d1ff71f3bfdc29f4ba98f08a97b6e4af0ace98/out/1-1-1.8a97b6e4af0ace98-vEQFUQZI.bam	/scratch/phyberos/e5/metasmith/runs/77Ja55m8/results/binning-das_tool_contig_to_bin_table/1-1-1.aa9f6f25c025efd5-h5S03kYv.tsv	long	/scratch/phyberos/cami/work/strain_long_read/long_read/2018.09.20_11.17.07_sample_83/reads/reads_mapping.tsv.gz
128	77Ja55m8	strain	strain_long_sample_39	/scratch/phyberos/e5/metasmith/runs/77Ja55m8/results/sequences-flye_assembly/1-1-1.558743d1d8bc464c-jboG92yT.fna	/scratch/phyberos/e5/metasmith/task_cache/1e/2045ede5dbd3e18e7d5dbd1cda6521f80d637036c7311a7b4cc94e5d8b7fafb46a/out/1-1-1.c94e5d8b7fafb46a-vEQFUQZI.bam		long	/scratch/phyberos/cami/work/strain_long_read/long_read/2018.09.20_11.17.07_sample_39/reads/reads_mapping.tsv.gz
129	77Ja55m8	strain	strain_long_sample_84	/scratch/phyberos/e5/metasmith/runs/77Ja55m8/results/sequences-flye_assembly/1-1-1.5d4838ed789e6eb2-jboG92yT.fna	/scratch/phyberos/e5/metasmith/task_cache/1e/209ae164773f27d6add84641a587d604fa386c840b96f1ac73d15c81fe57f6fcfc/out/1-1-1.d15c81fe57f6fcfc-vEQFUQZI.bam	/scratch/phyberos/e5/metasmith/runs/77Ja55m8/results/binning-das_tool_contig_to_bin_table/1-1-1.58e05508a6efc613-h5S03kYv.tsv	long	/scratch/phyberos/cami/work/strain_long_read/long_read/2018.09.20_11.17.07_sample_84/reads/reads_mapping.tsv.gz
130	77Ja55m8	strain	strain_long_sample_59	/scratch/phyberos/e5/metasmith/runs/77Ja55m8/results/sequences-flye_assembly/1-1-1.601c78d4a5e6636d-jboG92yT.fna	/scratch/phyberos/e5/metasmith/task_cache/1e/202d513d5817515da8f7fea68facdfcd5b3b18a182eb21530a865ed74f88550227/out/1-1-1.865ed74f88550227-vEQFUQZI.bam		long	/scratch/phyberos/cami/work/strain_long_read/long_read/2018.09.20_11.17.07_sample_59/reads/reads_mapping.tsv.gz
131	77Ja55m8	strain	strain_long_sample_68	/scratch/phyberos/e5/metasmith/runs/77Ja55m8/results/sequences-flye_assembly/1-1-1.648daa6e4d7aec52-jboG92yT.fna	/scratch/phyberos/e5/metasmith/task_cache/1e/209d034b83a118231e73cd2f0076c38d65bc7b137b56b45d73e7106bc50ffa1d81/out/1-1-1.e7106bc50ffa1d81-vEQFUQZI.bam		long	/scratch/phyberos/cami/work/strain_long_read/long_read/2018.09.20_11.17.07_sample_68/reads/reads_mapping.tsv.gz
132	77Ja55m8	strain	strain_long_sample_70	/scratch/phyberos/e5/metasmith/runs/77Ja55m8/results/sequences-flye_assembly/1-1-1.6712968a0e69bc04-jboG92yT.fna	/scratch/phyberos/e5/metasmith/task_cache/1e/20b3f3ed9ac99d61e542ffe872cd31b5e938fc0acec114b3ea590dbf3d15c8529c/out/1-1-1.590dbf3d15c8529c-vEQFUQZI.bam		long	/scratch/phyberos/cami/work/strain_long_read/long_read/2018.09.20_11.17.07_sample_70/reads/reads_mapping.tsv.gz
133	77Ja55m8	strain	strain_long_sample_12	/scratch/phyberos/e5/metasmith/runs/77Ja55m8/results/sequences-flye_assembly/1-1-1.67ae270a667dd3a8-jboG92yT.fna	/scratch/phyberos/e5/metasmith/task_cache/1e/20a96d9b0d9c8f6761a5c40ebb77b912da6a4dc3c32ddcfc79ebbebb86e747986e/out/1-1-1.ebbebb86e747986e-vEQFUQZI.bam	/scratch/phyberos/e5/metasmith/runs/77Ja55m8/results/binning-das_tool_contig_to_bin_table/1-1-1.f2d7284885e7017e-h5S03kYv.tsv	long	/scratch/phyberos/cami/work/strain_long_read/long_read/2018.09.20_11.17.07_sample_12/reads/reads_mapping.tsv.gz
134	77Ja55m8	marine	marine_long_sample_9	/scratch/phyberos/e5/metasmith/runs/77Ja55m8/results/sequences-flye_assembly/1-1-1.67e43c4ad8eead2a-jboG92yT.fna	/scratch/phyberos/e5/metasmith/task_cache/1e/20ab2dc4c60ab03544299fa23194525cb0045311531e1c2e6bca7635c6ae51542e/out/1-1-1.ca7635c6ae51542e-vEQFUQZI.bam	/scratch/phyberos/e5/metasmith/runs/77Ja55m8/results/binning-das_tool_contig_to_bin_table/1-1-1.50d4ba5d719dba7f-h5S03kYv.tsv	long	/scratch/phyberos/cami/work/marine_long_read/simulation_long_read/2018.08.08_16.35.17_sample_9/reads/reads_mapping.tsv.gz
135	77Ja55m8	strain	strain_long_sample_29	/scratch/phyberos/e5/metasmith/runs/77Ja55m8/results/sequences-flye_assembly/1-1-1.6e4d11c799ffc81d-jboG92yT.fna	/scratch/phyberos/e5/metasmith/task_cache/1e/201841d5f551f45416fb0adbfcf4002c090ca17f6048c1b915f0a14bc5fd22e72e/out/1-1-1.f0a14bc5fd22e72e-vEQFUQZI.bam	/scratch/phyberos/e5/metasmith/runs/77Ja55m8/results/binning-das_tool_contig_to_bin_table/1-1-1.c6f8b911af0732ee-h5S03kYv.tsv	long	/scratch/phyberos/cami/work/strain_long_read/long_read/2018.09.20_11.17.07_sample_29/reads/reads_mapping.tsv.gz
136	77Ja55m8	strain	strain_long_sample_7	/scratch/phyberos/e5/metasmith/runs/77Ja55m8/results/sequences-flye_assembly/1-1-1.6f21a998a469a055-jboG92yT.fna	/scratch/phyberos/e5/metasmith/task_cache/1e/20669448b920ec2580d406f8727466180783b63d2183da0c1d1463b8be8ed4d0ae/out/1-1-1.1463b8be8ed4d0ae-vEQFUQZI.bam		long	/scratch/phyberos/cami/work/strain_long_read/long_read/2018.09.20_11.17.07_sample_7/reads/reads_mapping.tsv.gz
137	77Ja55m8	strain	strain_long_sample_72	/scratch/phyberos/e5/metasmith/runs/77Ja55m8/results/sequences-flye_assembly/1-1-1.6f9cd7ecb17ffd61-jboG92yT.fna	/scratch/phyberos/e5/metasmith/task_cache/1e/20453a2c030363410680cbcc8deda3d570b34bf08b398d64ff99f07d0edca79078/out/1-1-1.99f07d0edca79078-vEQFUQZI.bam		long	/scratch/phyberos/cami/work/strain_long_read/long_read/2018.09.20_11.17.07_sample_72/reads/reads_mapping.tsv.gz
138	77Ja55m8	strain	strain_long_sample_40	/scratch/phyberos/e5/metasmith/runs/77Ja55m8/results/sequences-flye_assembly/1-1-1.70a3e398765ee9c4-jboG92yT.fna	/scratch/phyberos/e5/metasmith/task_cache/1e/20df3731aa950e20230cb6eba01c571f5329ae78328965f1d84469cdc989a5fc24/out/1-1-1.4469cdc989a5fc24-vEQFUQZI.bam		long	/scratch/phyberos/cami/work/strain_long_read/long_read/2018.09.20_11.17.07_sample_40/reads/reads_mapping.tsv.gz
139	77Ja55m8	strain	strain_long_sample_47	/scratch/phyberos/e5/metasmith/runs/77Ja55m8/results/sequences-flye_assembly/1-1-1.70d3017fbf2ab265-jboG92yT.fna	/scratch/phyberos/e5/metasmith/task_cache/1e/204e3d970686ec06570307ab7ff583742ee4bd32c10e4c25c79c409301e8f5bb7d/out/1-1-1.9c409301e8f5bb7d-vEQFUQZI.bam		long	/scratch/phyberos/cami/work/strain_long_read/long_read/2018.09.20_11.17.07_sample_47/reads/reads_mapping.tsv.gz
140	77Ja55m8	strain	strain_long_sample_54	/scratch/phyberos/e5/metasmith/runs/77Ja55m8/results/sequences-flye_assembly/1-1-1.72e5d1e37e2f7a62-jboG92yT.fna	/scratch/phyberos/e5/metasmith/task_cache/1e/2024330304e1d3672bde842820c7c2c5c49d02bf037aa184ee2460f92abc0c5c2d/out/1-1-1.2460f92abc0c5c2d-vEQFUQZI.bam		long	/scratch/phyberos/cami/work/strain_long_read/long_read/2018.09.20_11.17.07_sample_54/reads/reads_mapping.tsv.gz
141	77Ja55m8	strain	strain_long_sample_0	/scratch/phyberos/e5/metasmith/runs/77Ja55m8/results/sequences-flye_assembly/1-1-1.747369f96e11aaf0-jboG92yT.fna	/scratch/phyberos/e5/metasmith/task_cache/1e/20bd9827646421cf01a9be08849448a4a4b5ec98385432197a430cea7d195cb4c2/out/1-1-1.430cea7d195cb4c2-vEQFUQZI.bam		long	/scratch/phyberos/cami/work/strain_long_read/long_read/2018.09.20_11.17.07_sample_0/reads/reads_mapping.tsv.gz
142	77Ja55m8	strain	strain_long_sample_20	/scratch/phyberos/e5/metasmith/runs/77Ja55m8/results/sequences-flye_assembly/1-1-1.7694b879843fd222-jboG92yT.fna	/scratch/phyberos/e5/metasmith/task_cache/1e/2025a44dd8cf972ab3fe6039b2173ba52f5f90c7b86931db400b698488db2b8378/out/1-1-1.0b698488db2b8378-vEQFUQZI.bam	/scratch/phyberos/e5/metasmith/runs/77Ja55m8/results/binning-das_tool_contig_to_bin_table/1-1-1.7cd4a899407d8a24-h5S03kYv.tsv	long	/scratch/phyberos/cami/work/strain_long_read/long_read/2018.09.20_11.17.07_sample_20/reads/reads_mapping.tsv.gz
143	77Ja55m8	strain	strain_long_sample_13	/scratch/phyberos/e5/metasmith/runs/77Ja55m8/results/sequences-flye_assembly/1-1-1.786976a3d85cb0f8-jboG92yT.fna	/scratch/phyberos/e5/metasmith/task_cache/1e/208014cf906c535318f0e018e253a4f9025251d6e99f64e9e2d2c52d57e1f33b06/out/1-1-1.d2c52d57e1f33b06-vEQFUQZI.bam		long	/scratch/phyberos/cami/work/strain_long_read/long_read/2018.09.20_11.17.07_sample_13/reads/reads_mapping.tsv.gz
144	77Ja55m8	strain	strain_long_sample_44	/scratch/phyberos/e5/metasmith/runs/77Ja55m8/results/sequences-flye_assembly/1-1-1.7bf42258109ce1f3-jboG92yT.fna	/scratch/phyberos/e5/metasmith/task_cache/1e/20fde663e56bd8f3c30353994c0bbf6ed0fa66fb5addc966d7db63e03a4be53f07/out/1-1-1.db63e03a4be53f07-vEQFUQZI.bam	/scratch/phyberos/e5/metasmith/runs/77Ja55m8/results/binning-das_tool_contig_to_bin_table/1-1-1.58776f83e991a360-h5S03kYv.tsv	long	/scratch/phyberos/cami/work/strain_long_read/long_read/2018.09.20_11.17.07_sample_44/reads/reads_mapping.tsv.gz
145	77Ja55m8	strain	strain_long_sample_9	/scratch/phyberos/e5/metasmith/runs/77Ja55m8/results/sequences-flye_assembly/1-1-1.7d77d3022d81c5ea-jboG92yT.fna	/scratch/phyberos/e5/metasmith/task_cache/1e/207b68eb99c4fd3847c091bb7e294d2fa51d73b72748e755c5ae4f3b4d4280d32f/out/1-1-1.ae4f3b4d4280d32f-vEQFUQZI.bam		long	/scratch/phyberos/cami/work/strain_long_read/long_read/2018.09.20_11.17.07_sample_9/reads/reads_mapping.tsv.gz
146	77Ja55m8	strain	strain_long_sample_5	/scratch/phyberos/e5/metasmith/runs/77Ja55m8/results/sequences-flye_assembly/1-1-1.856c2f835d8a871e-jboG92yT.fna	/scratch/phyberos/e5/metasmith/task_cache/1e/2051d211196a007ce2033f86e6b01394ab2e03f9da564514984351bae2f16af0f4/out/1-1-1.4351bae2f16af0f4-vEQFUQZI.bam	/scratch/phyberos/e5/metasmith/runs/77Ja55m8/results/binning-das_tool_contig_to_bin_table/1-1-1.b777b181e4092538-h5S03kYv.tsv	long	/scratch/phyberos/cami/work/strain_long_read/long_read/2018.09.20_11.17.07_sample_5/reads/reads_mapping.tsv.gz
147	77Ja55m8	marine	marine_long_sample_8	/scratch/phyberos/e5/metasmith/runs/77Ja55m8/results/sequences-flye_assembly/1-1-1.88437bb63efe2c2c-jboG92yT.fna	/scratch/phyberos/e5/metasmith/task_cache/1e/209870729ce84385a07f6a31bb77b48874afa0f4f230304ac70b1789a93b45328e/out/1-1-1.0b1789a93b45328e-vEQFUQZI.bam	/scratch/phyberos/e5/metasmith/runs/77Ja55m8/results/binning-das_tool_contig_to_bin_table/1-1-1.e45806d224721f05-h5S03kYv.tsv	long	/scratch/phyberos/cami/work/marine_long_read/simulation_long_read/2018.08.08_16.35.17_sample_8/reads/reads_mapping.tsv.gz
148	77Ja55m8	marine	marine_long_sample_0	/scratch/phyberos/e5/metasmith/runs/77Ja55m8/results/sequences-flye_assembly/1-1-1.88557c90f702bb39-jboG92yT.fna	/scratch/phyberos/e5/metasmith/task_cache/1e/209828924adec4da7d6283cb4a55576a33a0875ee7cbcebf567f56255eee66bf33/out/1-1-1.7f56255eee66bf33-vEQFUQZI.bam	/scratch/phyberos/e5/metasmith/runs/77Ja55m8/results/binning-das_tool_contig_to_bin_table/1-1-1.0f40124a63b6cd14-h5S03kYv.tsv	long	/scratch/phyberos/cami/work/marine_long_read/simulation_long_read/2018.08.08_16.35.17_sample_0/reads/reads_mapping.tsv.gz
149	77Ja55m8	strain	strain_long_sample_31	/scratch/phyberos/e5/metasmith/runs/77Ja55m8/results/sequences-flye_assembly/1-1-1.8aa160eabd34446d-jboG92yT.fna	/scratch/phyberos/e5/metasmith/task_cache/1e/20890c983ea41bce6b6ca113b979fff7f45d3dbc0e8840610ac44a625043ff2846/out/1-1-1.c44a625043ff2846-vEQFUQZI.bam	/scratch/phyberos/e5/metasmith/runs/77Ja55m8/results/binning-das_tool_contig_to_bin_table/1-1-1.906137e03ccf79a3-h5S03kYv.tsv	long	/scratch/phyberos/cami/work/strain_long_read/long_read/2018.09.20_11.17.07_sample_31/reads/reads_mapping.tsv.gz
150	77Ja55m8	strain	strain_long_sample_34	/scratch/phyberos/e5/metasmith/runs/77Ja55m8/results/sequences-flye_assembly/1-1-1.8b9ba06018d50179-jboG92yT.fna	/scratch/phyberos/e5/metasmith/task_cache/1e/20a746f1b3b0df4c597371a91c06c0330f5c05fa2afac980d962245910fdaf802b/out/1-1-1.62245910fdaf802b-vEQFUQZI.bam	/scratch/phyberos/e5/metasmith/runs/77Ja55m8/results/binning-das_tool_contig_to_bin_table/1-1-1.9f3da28ca6e243a1-h5S03kYv.tsv	long	/scratch/phyberos/cami/work/strain_long_read/long_read/2018.09.20_11.17.07_sample_34/reads/reads_mapping.tsv.gz
151	77Ja55m8	strain	strain_long_sample_8	/scratch/phyberos/e5/metasmith/runs/77Ja55m8/results/sequences-flye_assembly/1-1-1.8c49420509b3ef96-jboG92yT.fna	/scratch/phyberos/e5/metasmith/task_cache/1e/2029a4453378328adc17863821aef7e76f1fa61b601b2af2e76f0bc78fda2a4108/out/1-1-1.6f0bc78fda2a4108-vEQFUQZI.bam		long	/scratch/phyberos/cami/work/strain_long_read/long_read/2018.09.20_11.17.07_sample_8/reads/reads_mapping.tsv.gz
152	77Ja55m8	strain	strain_long_sample_88	/scratch/phyberos/e5/metasmith/runs/77Ja55m8/results/sequences-flye_assembly/1-1-1.8ddd52e77aca77af-jboG92yT.fna	/scratch/phyberos/e5/metasmith/task_cache/1e/2035615249543a452b7b858b59d62c9581511f34406eebac2e5db7d046c0e183ab/out/1-1-1.5db7d046c0e183ab-vEQFUQZI.bam		long	/scratch/phyberos/cami/work/strain_long_read/long_read/2018.09.20_11.17.07_sample_88/reads/reads_mapping.tsv.gz
153	77Ja55m8	strain	strain_long_sample_48	/scratch/phyberos/e5/metasmith/runs/77Ja55m8/results/sequences-flye_assembly/1-1-1.8ec77a90ac24557e-jboG92yT.fna	/scratch/phyberos/e5/metasmith/task_cache/1e/2054756566423da4639b9dbf8c8c9bbb3b4b78a26a6536514fbfd3af22d4bf970e/out/1-1-1.bfd3af22d4bf970e-vEQFUQZI.bam	/scratch/phyberos/e5/metasmith/runs/77Ja55m8/results/binning-das_tool_contig_to_bin_table/1-1-1.5959d02564fe7551-h5S03kYv.tsv	long	/scratch/phyberos/cami/work/strain_long_read/long_read/2018.09.20_11.17.07_sample_48/reads/reads_mapping.tsv.gz
154	77Ja55m8	strain	strain_long_sample_11	/scratch/phyberos/e5/metasmith/runs/77Ja55m8/results/sequences-flye_assembly/1-1-1.8fdb3f838c9e0554-jboG92yT.fna	/scratch/phyberos/e5/metasmith/task_cache/1e/2082fb9453c50cfec8d3f433d6e7a6a5d92090f30bc4e87dba2e3dc1e706a566b8/out/1-1-1.2e3dc1e706a566b8-vEQFUQZI.bam		long	/scratch/phyberos/cami/work/strain_long_read/long_read/2018.09.20_11.17.07_sample_11/reads/reads_mapping.tsv.gz
155	77Ja55m8	strain	strain_long_sample_49	/scratch/phyberos/e5/metasmith/runs/77Ja55m8/results/sequences-flye_assembly/1-1-1.921ffcb0b589a4e3-jboG92yT.fna	/scratch/phyberos/e5/metasmith/task_cache/1e/20a1aa4de35476ecc369d03a01c43156b9d71d1fdd2e0d9dfdc0de19e844c0f1cb/out/1-1-1.c0de19e844c0f1cb-vEQFUQZI.bam		long	/scratch/phyberos/cami/work/strain_long_read/long_read/2018.09.20_11.17.07_sample_49/reads/reads_mapping.tsv.gz
156	77Ja55m8	strain	strain_long_sample_19	/scratch/phyberos/e5/metasmith/runs/77Ja55m8/results/sequences-flye_assembly/1-1-1.94ed6f44f6c25c04-jboG92yT.fna	/scratch/phyberos/e5/metasmith/task_cache/1e/203b4182e9fa36e370dc8152da17f148c24e4b94e0cac4d112bc1c2cceb1071f84/out/1-1-1.bc1c2cceb1071f84-vEQFUQZI.bam		long	/scratch/phyberos/cami/work/strain_long_read/long_read/2018.09.20_11.17.07_sample_19/reads/reads_mapping.tsv.gz
157	77Ja55m8	strain	strain_long_sample_15	/scratch/phyberos/e5/metasmith/runs/77Ja55m8/results/sequences-flye_assembly/1-1-1.9616ddd16b8b011d-jboG92yT.fna	/scratch/phyberos/e5/metasmith/task_cache/1e/20d0217923e854aaf0f43d3706b88db2851e42879ed9d6ec7980748dcbdb94fba9/out/1-1-1.80748dcbdb94fba9-vEQFUQZI.bam		long	/scratch/phyberos/cami/work/strain_long_read/long_read/2018.09.20_11.17.07_sample_15/reads/reads_mapping.tsv.gz
158	77Ja55m8	strain	strain_long_sample_37	/scratch/phyberos/e5/metasmith/runs/77Ja55m8/results/sequences-flye_assembly/1-1-1.97667894a8334909-jboG92yT.fna	/scratch/phyberos/e5/metasmith/task_cache/1e/205dcd01e92b776e0975399202b5ea570d2a68a0de9b5129748aaf1c0df9ebcce4/out/1-1-1.8aaf1c0df9ebcce4-vEQFUQZI.bam	/scratch/phyberos/e5/metasmith/runs/77Ja55m8/results/binning-das_tool_contig_to_bin_table/1-1-1.703da85007e45324-h5S03kYv.tsv	long	/scratch/phyberos/cami/work/strain_long_read/long_read/2018.09.20_11.17.07_sample_37/reads/reads_mapping.tsv.gz
159	77Ja55m8	strain	strain_long_sample_55	/scratch/phyberos/e5/metasmith/runs/77Ja55m8/results/sequences-flye_assembly/1-1-1.9b923386d2914299-jboG92yT.fna	/scratch/phyberos/e5/metasmith/task_cache/1e/2057c3a7b34da2f6e2466da09b081cd2c9a4fdc95c66709926d097ae5d6e875edd/out/1-1-1.d097ae5d6e875edd-vEQFUQZI.bam		long	/scratch/phyberos/cami/work/strain_long_read/long_read/2018.09.20_11.17.07_sample_55/reads/reads_mapping.tsv.gz
160	77Ja55m8	strain	strain_long_sample_57	/scratch/phyberos/e5/metasmith/runs/77Ja55m8/results/sequences-flye_assembly/1-1-1.9c057cfae882ab2c-jboG92yT.fna	/scratch/phyberos/e5/metasmith/task_cache/1e/201b7b734f42bc1784ae4f7d6fcdca9a2212faac6e720ba7d108491ce950663749/out/1-1-1.08491ce950663749-vEQFUQZI.bam		long	/scratch/phyberos/cami/work/strain_long_read/long_read/2018.09.20_11.17.07_sample_57/reads/reads_mapping.tsv.gz
161	77Ja55m8	strain	strain_long_sample_95	/scratch/phyberos/e5/metasmith/runs/77Ja55m8/results/sequences-flye_assembly/1-1-1.9ebb6f06f1d9769c-jboG92yT.fna	/scratch/phyberos/e5/metasmith/task_cache/1e/20a3f4960a279ca8cad748072c2ab73ed15c967d0bc9829283b14bbcebee371051/out/1-1-1.b14bbcebee371051-vEQFUQZI.bam	/scratch/phyberos/e5/metasmith/runs/77Ja55m8/results/binning-das_tool_contig_to_bin_table/1-1-1.7fafa07c197d4b36-h5S03kYv.tsv	long	/scratch/phyberos/cami/work/strain_long_read/long_read/2018.09.20_11.17.07_sample_95/reads/reads_mapping.tsv.gz
162	77Ja55m8	strain	strain_long_sample_41	/scratch/phyberos/e5/metasmith/runs/77Ja55m8/results/sequences-flye_assembly/1-1-1.9fc4451e358b37fb-jboG92yT.fna	/scratch/phyberos/e5/metasmith/task_cache/1e/207b4a6f162d58825f9484f78f2d6cc9b07b0bfdff56d524118e345706e37aa38e/out/1-1-1.8e345706e37aa38e-vEQFUQZI.bam		long	/scratch/phyberos/cami/work/strain_long_read/long_read/2018.09.20_11.17.07_sample_41/reads/reads_mapping.tsv.gz
163	77Ja55m8	strain	strain_long_sample_36	/scratch/phyberos/e5/metasmith/runs/77Ja55m8/results/sequences-flye_assembly/1-1-1.a0c57a14f2d37a2e-jboG92yT.fna	/scratch/phyberos/e5/metasmith/task_cache/1e/2064635e2eb82e31e7f5b25600036c0991541fcdbe0ea84babd69c5e054a7a8850/out/1-1-1.d69c5e054a7a8850-vEQFUQZI.bam	/scratch/phyberos/e5/metasmith/runs/77Ja55m8/results/binning-das_tool_contig_to_bin_table/1-1-1.332eeea7a85f68c1-h5S03kYv.tsv	long	/scratch/phyberos/cami/work/strain_long_read/long_read/2018.09.20_11.17.07_sample_36/reads/reads_mapping.tsv.gz
164	77Ja55m8	strain	strain_long_sample_3	/scratch/phyberos/e5/metasmith/runs/77Ja55m8/results/sequences-flye_assembly/1-1-1.a429e91d634b320d-jboG92yT.fna	/scratch/phyberos/e5/metasmith/task_cache/1e/20c641245c66ba26d85028812f77e61bd082b47015cf89f4207aa964747b404b6f/out/1-1-1.7aa964747b404b6f-vEQFUQZI.bam	/scratch/phyberos/e5/metasmith/runs/77Ja55m8/results/binning-das_tool_contig_to_bin_table/1-1-1.732e597212ef7259-h5S03kYv.tsv	long	/scratch/phyberos/cami/work/strain_long_read/long_read/2018.09.20_11.17.07_sample_3/reads/reads_mapping.tsv.gz
165	77Ja55m8	strain	strain_long_sample_93	/scratch/phyberos/e5/metasmith/runs/77Ja55m8/results/sequences-flye_assembly/1-1-1.a65a88eb99868a1a-jboG92yT.fna	/scratch/phyberos/e5/metasmith/task_cache/1e/2012c6210bddc628408d0ae3198f00a5e55cdac61af32f6698c96a32231a354443/out/1-1-1.c96a32231a354443-vEQFUQZI.bam		long	/scratch/phyberos/cami/work/strain_long_read/long_read/2018.09.20_11.17.07_sample_93/reads/reads_mapping.tsv.gz
166	77Ja55m8	strain	strain_long_sample_67	/scratch/phyberos/e5/metasmith/runs/77Ja55m8/results/sequences-flye_assembly/1-1-1.a784bc00a6ebdb15-jboG92yT.fna	/scratch/phyberos/e5/metasmith/task_cache/1e/20ecf448b93008774726436c0f6b0c6d7f761f8a2fcbd62804c9e60c402d3327b2/out/1-1-1.c9e60c402d3327b2-vEQFUQZI.bam	/scratch/phyberos/e5/metasmith/runs/77Ja55m8/results/binning-das_tool_contig_to_bin_table/1-1-1.036fc00caa1610dc-h5S03kYv.tsv	long	/scratch/phyberos/cami/work/strain_long_read/long_read/2018.09.20_11.17.07_sample_67/reads/reads_mapping.tsv.gz
167	77Ja55m8	strain	strain_long_sample_53	/scratch/phyberos/e5/metasmith/runs/77Ja55m8/results/sequences-flye_assembly/1-1-1.abd4b0dc9d3c6cbb-jboG92yT.fna	/scratch/phyberos/e5/metasmith/task_cache/1e/20a1fe33a0c982f88a37ff75af08099c173dc37d5462a26284e2784a2115717ada/out/1-1-1.e2784a2115717ada-vEQFUQZI.bam		long	/scratch/phyberos/cami/work/strain_long_read/long_read/2018.09.20_11.17.07_sample_53/reads/reads_mapping.tsv.gz
168	77Ja55m8	strain	strain_long_sample_98	/scratch/phyberos/e5/metasmith/runs/77Ja55m8/results/sequences-flye_assembly/1-1-1.ac6c2832033baaa1-jboG92yT.fna	/scratch/phyberos/e5/metasmith/task_cache/1e/204800c8a832dbd4b26e679c5a582138df53a354434709af871c583174ce07a947/out/1-1-1.1c583174ce07a947-vEQFUQZI.bam		long	/scratch/phyberos/cami/work/strain_long_read/long_read/2018.09.20_11.17.07_sample_98/reads/reads_mapping.tsv.gz
169	77Ja55m8	strain	strain_long_sample_27	/scratch/phyberos/e5/metasmith/runs/77Ja55m8/results/sequences-flye_assembly/1-1-1.ad671ce635455717-jboG92yT.fna	/scratch/phyberos/e5/metasmith/task_cache/1e/2079d3ffd2a5a320f834cb23d05d76692d9dd0cec9090bf0f0b4c9f753e6f74817/out/1-1-1.b4c9f753e6f74817-vEQFUQZI.bam	/scratch/phyberos/e5/metasmith/runs/77Ja55m8/results/binning-das_tool_contig_to_bin_table/1-1-1.54ee7a2368c8d5f2-h5S03kYv.tsv	long	/scratch/phyberos/cami/work/strain_long_read/long_read/2018.09.20_11.17.07_sample_27/reads/reads_mapping.tsv.gz
170	77Ja55m8	strain	strain_long_sample_61	/scratch/phyberos/e5/metasmith/runs/77Ja55m8/results/sequences-flye_assembly/1-1-1.aea7e8c81e0b064c-jboG92yT.fna	/scratch/phyberos/e5/metasmith/task_cache/1e/2052c8c6318757e7aa2ce4f1d585fb250bfe6d1c2d8e08f6b4a12cc6a24dc421de/out/1-1-1.a12cc6a24dc421de-vEQFUQZI.bam	/scratch/phyberos/e5/metasmith/runs/77Ja55m8/results/binning-das_tool_contig_to_bin_table/1-1-1.efbea9f872622a35-h5S03kYv.tsv	long	/scratch/phyberos/cami/work/strain_long_read/long_read/2018.09.20_11.17.07_sample_61/reads/reads_mapping.tsv.gz
171	77Ja55m8	strain	strain_long_sample_45	/scratch/phyberos/e5/metasmith/runs/77Ja55m8/results/sequences-flye_assembly/1-1-1.af7ee19734de5afc-jboG92yT.fna	/scratch/phyberos/e5/metasmith/task_cache/1e/2000879546b051f35ac8d8460310167ebe0105db1dd1e8b38dc48d42bf145dedf3/out/1-1-1.c48d42bf145dedf3-vEQFUQZI.bam		long	/scratch/phyberos/cami/work/strain_long_read/long_read/2018.09.20_11.17.07_sample_45/reads/reads_mapping.tsv.gz
172	77Ja55m8	strain	strain_long_sample_21	/scratch/phyberos/e5/metasmith/runs/77Ja55m8/results/sequences-flye_assembly/1-1-1.b252353bf3682dfa-jboG92yT.fna	/scratch/phyberos/e5/metasmith/task_cache/1e/200214f4a0a654b94e7c06a50ee513f9b8fe1a04a87648abca86427e0e15be222b/out/1-1-1.86427e0e15be222b-vEQFUQZI.bam		long	/scratch/phyberos/cami/work/strain_long_read/long_read/2018.09.20_11.17.07_sample_21/reads/reads_mapping.tsv.gz
173	77Ja55m8	strain	strain_long_sample_51	/scratch/phyberos/e5/metasmith/runs/77Ja55m8/results/sequences-flye_assembly/1-1-1.bac9b3dcd41dddde-jboG92yT.fna	/scratch/phyberos/e5/metasmith/task_cache/1e/205e902c4e2272482bf637c954174df42adfcf43509c6b91ecd10d4440b5b9242e/out/1-1-1.d10d4440b5b9242e-vEQFUQZI.bam	/scratch/phyberos/e5/metasmith/runs/77Ja55m8/results/binning-das_tool_contig_to_bin_table/1-1-1.c1be17bfb9081c8a-h5S03kYv.tsv	long	/scratch/phyberos/cami/work/strain_long_read/long_read/2018.09.20_11.17.07_sample_51/reads/reads_mapping.tsv.gz
174	77Ja55m8	strain	strain_long_sample_77	/scratch/phyberos/e5/metasmith/runs/77Ja55m8/results/sequences-flye_assembly/1-1-1.bb74d5accaf27d51-jboG92yT.fna	/scratch/phyberos/e5/metasmith/task_cache/1e/20888b5ab7d218508bf7e7fdd856dc9fa17fc9fcd8232790295f9519c1bdc07ecb/out/1-1-1.5f9519c1bdc07ecb-vEQFUQZI.bam		long	/scratch/phyberos/cami/work/strain_long_read/long_read/2018.09.20_11.17.07_sample_77/reads/reads_mapping.tsv.gz
175	77Ja55m8	strain	strain_long_sample_85	/scratch/phyberos/e5/metasmith/runs/77Ja55m8/results/sequences-flye_assembly/1-1-1.bcaa4dcb54bd4502-jboG92yT.fna	/scratch/phyberos/e5/metasmith/task_cache/1e/202d4f5c151761a5453b491625e3fa8c82a0ab0cc27a7394054d0fce43d44199aa/out/1-1-1.4d0fce43d44199aa-vEQFUQZI.bam		long	/scratch/phyberos/cami/work/strain_long_read/long_read/2018.09.20_11.17.07_sample_85/reads/reads_mapping.tsv.gz
176	77Ja55m8	strain	strain_long_sample_81	/scratch/phyberos/e5/metasmith/runs/77Ja55m8/results/sequences-flye_assembly/1-1-1.beadf8135a1fae79-jboG92yT.fna	/scratch/phyberos/e5/metasmith/task_cache/1e/20c19571f2d6739254804efc72929acac89a36dfec82bdfa8239388a0fe44471e6/out/1-1-1.39388a0fe44471e6-vEQFUQZI.bam		long	/scratch/phyberos/cami/work/strain_long_read/long_read/2018.09.20_11.17.07_sample_81/reads/reads_mapping.tsv.gz
177	77Ja55m8	strain	strain_long_sample_92	/scratch/phyberos/e5/metasmith/runs/77Ja55m8/results/sequences-flye_assembly/1-1-1.bfa856195adb6c90-jboG92yT.fna	/scratch/phyberos/e5/metasmith/task_cache/1e/20a991f1782307d19c07e88506bbbde9db290a932a275684629bf02202a7ec51b3/out/1-1-1.9bf02202a7ec51b3-vEQFUQZI.bam		long	/scratch/phyberos/cami/work/strain_long_read/long_read/2018.09.20_11.17.07_sample_92/reads/reads_mapping.tsv.gz
178	77Ja55m8	strain	strain_long_sample_87	/scratch/phyberos/e5/metasmith/runs/77Ja55m8/results/sequences-flye_assembly/1-1-1.c39d11ec97e65275-jboG92yT.fna	/scratch/phyberos/e5/metasmith/task_cache/1e/203731d5fc5fd26e8894c2afdcb6327cd2ed3ed718dca894e6c66a34afabeb99a8/out/1-1-1.c66a34afabeb99a8-vEQFUQZI.bam	/scratch/phyberos/e5/metasmith/runs/77Ja55m8/results/binning-das_tool_contig_to_bin_table/1-1-1.fb187eaa27921dfe-h5S03kYv.tsv	long	/scratch/phyberos/cami/work/strain_long_read/long_read/2018.09.20_11.17.07_sample_87/reads/reads_mapping.tsv.gz
179	77Ja55m8	marine	marine_long_sample_2	/scratch/phyberos/e5/metasmith/runs/77Ja55m8/results/sequences-flye_assembly/1-1-1.c47ca9a198b30b06-jboG92yT.fna	/scratch/phyberos/e5/metasmith/task_cache/1e/206b943148d4215f1e352016b97d203c43401136eb76b4389839e0aaec148350bd/out/1-1-1.39e0aaec148350bd-vEQFUQZI.bam	/scratch/phyberos/e5/metasmith/runs/77Ja55m8/results/binning-das_tool_contig_to_bin_table/1-1-1.822495108529558c-h5S03kYv.tsv	long	/scratch/phyberos/cami/work/marine_long_read/simulation_long_read/2018.08.08_16.35.17_sample_2/reads/reads_mapping.tsv.gz
180	77Ja55m8	marine	marine_long_sample_1	/scratch/phyberos/e5/metasmith/runs/77Ja55m8/results/sequences-flye_assembly/1-1-1.c518e3aecab852a4-jboG92yT.fna	/scratch/phyberos/e5/metasmith/task_cache/1e/20ae406bcdc3613b0cebce4944fc6b33461089d9b7ca9dd6b113ef2f588a00fbf6/out/1-1-1.13ef2f588a00fbf6-vEQFUQZI.bam	/scratch/phyberos/e5/metasmith/runs/77Ja55m8/results/binning-das_tool_contig_to_bin_table/1-1-1.deade8af1ce92583-h5S03kYv.tsv	long	/scratch/phyberos/cami/work/marine_long_read/simulation_long_read/2018.08.08_16.35.17_sample_1/reads/reads_mapping.tsv.gz
181	77Ja55m8	strain	strain_long_sample_38	/scratch/phyberos/e5/metasmith/runs/77Ja55m8/results/sequences-flye_assembly/1-1-1.cc6de871e3a23796-jboG92yT.fna	/scratch/phyberos/e5/metasmith/task_cache/1e/20d7c8fb83d772ff1fe8dbb679142cb39e860d3e5a038fef26449f9215319c7da7/out/1-1-1.449f9215319c7da7-vEQFUQZI.bam		long	/scratch/phyberos/cami/work/strain_long_read/long_read/2018.09.20_11.17.07_sample_38/reads/reads_mapping.tsv.gz
182	77Ja55m8	strain	strain_long_sample_96	/scratch/phyberos/e5/metasmith/runs/77Ja55m8/results/sequences-flye_assembly/1-1-1.cf26821df084de4e-jboG92yT.fna	/scratch/phyberos/e5/metasmith/task_cache/1e/200a241933c1675408d3f38704dda69a5c5c3dfd2e1261dc85bf40d147898001c0/out/1-1-1.bf40d147898001c0-vEQFUQZI.bam		long	/scratch/phyberos/cami/work/strain_long_read/long_read/2018.09.20_11.17.07_sample_96/reads/reads_mapping.tsv.gz
183	77Ja55m8	strain	strain_long_sample_73	/scratch/phyberos/e5/metasmith/runs/77Ja55m8/results/sequences-flye_assembly/1-1-1.d28266ab903f832c-jboG92yT.fna	/scratch/phyberos/e5/metasmith/task_cache/1e/208913d3d7aae875351e0d048b0cdc2db054bd0882bc544c540f0121c061938d4a/out/1-1-1.0f0121c061938d4a-vEQFUQZI.bam		long	/scratch/phyberos/cami/work/strain_long_read/long_read/2018.09.20_11.17.07_sample_73/reads/reads_mapping.tsv.gz
184	77Ja55m8	strain	strain_long_sample_26	/scratch/phyberos/e5/metasmith/runs/77Ja55m8/results/sequences-flye_assembly/1-1-1.d7ebc83946828a3d-jboG92yT.fna	/scratch/phyberos/e5/metasmith/task_cache/1e/2004186162efcf45d47859da853ecc126da6460be675f83e85befe9e24a419c7a3/out/1-1-1.befe9e24a419c7a3-vEQFUQZI.bam		long	/scratch/phyberos/cami/work/strain_long_read/long_read/2018.09.20_11.17.07_sample_26/reads/reads_mapping.tsv.gz
185	77Ja55m8	strain	strain_long_sample_4	/scratch/phyberos/e5/metasmith/runs/77Ja55m8/results/sequences-flye_assembly/1-1-1.d89ae95bc17c20ac-jboG92yT.fna	/scratch/phyberos/e5/metasmith/task_cache/1e/206f5abbe5916648b6eae333e0cbbc2b2440cbb0d9a086c0dda3587b22c727cc79/out/1-1-1.a3587b22c727cc79-vEQFUQZI.bam		long	/scratch/phyberos/cami/work/strain_long_read/long_read/2018.09.20_11.17.07_sample_4/reads/reads_mapping.tsv.gz
186	77Ja55m8	strain	strain_long_sample_42	/scratch/phyberos/e5/metasmith/runs/77Ja55m8/results/sequences-flye_assembly/1-1-1.d8c3539c10d217e5-jboG92yT.fna	/scratch/phyberos/e5/metasmith/task_cache/1e/20c535a5cb70d552e3c7b610d2706d7a559ae8279ca09c080da4472a2e712289a2/out/1-1-1.a4472a2e712289a2-vEQFUQZI.bam		long	/scratch/phyberos/cami/work/strain_long_read/long_read/2018.09.20_11.17.07_sample_42/reads/reads_mapping.tsv.gz
187	77Ja55m8	strain	strain_long_sample_71	/scratch/phyberos/e5/metasmith/runs/77Ja55m8/results/sequences-flye_assembly/1-1-1.dbc18311ad724607-jboG92yT.fna	/scratch/phyberos/e5/metasmith/task_cache/1e/203899d50d8c91324d18bf7cadf53fdbfec07a38986cf466d66717940917012325/out/1-1-1.6717940917012325-vEQFUQZI.bam		long	/scratch/phyberos/cami/work/strain_long_read/long_read/2018.09.20_11.17.07_sample_71/reads/reads_mapping.tsv.gz
188	77Ja55m8	strain	strain_long_sample_76	/scratch/phyberos/e5/metasmith/runs/77Ja55m8/results/sequences-flye_assembly/1-1-1.dda1f61bbf37fbf0-jboG92yT.fna	/scratch/phyberos/e5/metasmith/task_cache/1e/20ce2d7b9a6b747aba4ceda1a7f44a820e50d42c31b6187b9d24fc1b83f4a28340/out/1-1-1.24fc1b83f4a28340-vEQFUQZI.bam	/scratch/phyberos/e5/metasmith/runs/77Ja55m8/results/binning-das_tool_contig_to_bin_table/1-1-1.233776352fdc1352-h5S03kYv.tsv	long	/scratch/phyberos/cami/work/strain_long_read/long_read/2018.09.20_11.17.07_sample_76/reads/reads_mapping.tsv.gz
189	77Ja55m8	strain	strain_long_sample_79	/scratch/phyberos/e5/metasmith/runs/77Ja55m8/results/sequences-flye_assembly/1-1-1.dee691c7cf525103-jboG92yT.fna	/scratch/phyberos/e5/metasmith/task_cache/1e/20ed5137b2d0d35e32cf1e0eed85f08eec6669fa08d07418a44dcb41f73b1f323a/out/1-1-1.4dcb41f73b1f323a-vEQFUQZI.bam	/scratch/phyberos/e5/metasmith/runs/77Ja55m8/results/binning-das_tool_contig_to_bin_table/1-1-1.67856feb7bb5ebc9-h5S03kYv.tsv	long	/scratch/phyberos/cami/work/strain_long_read/long_read/2018.09.20_11.17.07_sample_79/reads/reads_mapping.tsv.gz
190	77Ja55m8	strain	strain_long_sample_6	/scratch/phyberos/e5/metasmith/runs/77Ja55m8/results/sequences-flye_assembly/1-1-1.deffb331f8fc3ef7-jboG92yT.fna	/scratch/phyberos/e5/metasmith/task_cache/1e/205a24a0f57d34ed72e28776ff88da82d2f5490c83755ebde9f8793408f945446f/out/1-1-1.f8793408f945446f-vEQFUQZI.bam		long	/scratch/phyberos/cami/work/strain_long_read/long_read/2018.09.20_11.17.07_sample_6/reads/reads_mapping.tsv.gz
191	77Ja55m8	strain	strain_long_sample_24	/scratch/phyberos/e5/metasmith/runs/77Ja55m8/results/sequences-flye_assembly/1-1-1.e0f62dd4d55f0d39-jboG92yT.fna	/scratch/phyberos/e5/metasmith/task_cache/1e/200df55cd5e0acb45c89f3e6888309ee0e9b2e5df6871c22e028647f4cb4938d90/out/1-1-1.28647f4cb4938d90-vEQFUQZI.bam		long	/scratch/phyberos/cami/work/strain_long_read/long_read/2018.09.20_11.17.07_sample_24/reads/reads_mapping.tsv.gz
192	77Ja55m8	marine	marine_long_sample_7	/scratch/phyberos/e5/metasmith/runs/77Ja55m8/results/sequences-flye_assembly/1-1-1.e2d19316273982e3-jboG92yT.fna	/scratch/phyberos/e5/metasmith/task_cache/1e/201ea3d0255ae4faeed6e299800cb7ca5d1eb2b1e0bc4de148a796cd622ee7e9ff/out/1-1-1.a796cd622ee7e9ff-vEQFUQZI.bam	/scratch/phyberos/e5/metasmith/runs/77Ja55m8/results/binning-das_tool_contig_to_bin_table/1-1-1.7ac9cb5fd8a02008-h5S03kYv.tsv	long	/scratch/phyberos/cami/work/marine_long_read/simulation_long_read/2018.08.08_16.35.17_sample_7/reads/reads_mapping.tsv.gz
193	77Ja55m8	strain	strain_long_sample_35	/scratch/phyberos/e5/metasmith/runs/77Ja55m8/results/sequences-flye_assembly/1-1-1.e32a9d5a551cc39e-jboG92yT.fna	/scratch/phyberos/e5/metasmith/task_cache/1e/20e0cf34ca65bb01602bcf04da8a1b7eb480d465670f005e7acf1613f4c024c452/out/1-1-1.cf1613f4c024c452-vEQFUQZI.bam	/scratch/phyberos/e5/metasmith/runs/77Ja55m8/results/binning-das_tool_contig_to_bin_table/1-1-1.0d0a3e4a8db8ace9-h5S03kYv.tsv	long	/scratch/phyberos/cami/work/strain_long_read/long_read/2018.09.20_11.17.07_sample_35/reads/reads_mapping.tsv.gz
194	77Ja55m8	strain	strain_long_sample_56	/scratch/phyberos/e5/metasmith/runs/77Ja55m8/results/sequences-flye_assembly/1-1-1.e408805690cc30d1-jboG92yT.fna	/scratch/phyberos/e5/metasmith/task_cache/1e/20be774f24145dc715802ef7242aa0c848e1418889a2d13861044f2919724e960f/out/1-1-1.044f2919724e960f-vEQFUQZI.bam		long	/scratch/phyberos/cami/work/strain_long_read/long_read/2018.09.20_11.17.07_sample_56/reads/reads_mapping.tsv.gz
195	77Ja55m8	strain	strain_long_sample_17	/scratch/phyberos/e5/metasmith/runs/77Ja55m8/results/sequences-flye_assembly/1-1-1.e7e872a869d1a920-jboG92yT.fna	/scratch/phyberos/e5/metasmith/task_cache/1e/2063f8fdfd630cf3bed88c821c72d052e430594e76a92e5150439e4abf32c7e02e/out/1-1-1.439e4abf32c7e02e-vEQFUQZI.bam	/scratch/phyberos/e5/metasmith/runs/77Ja55m8/results/binning-das_tool_contig_to_bin_table/1-1-1.476015bc03ff65af-h5S03kYv.tsv	long	/scratch/phyberos/cami/work/strain_long_read/long_read/2018.09.20_11.17.07_sample_17/reads/reads_mapping.tsv.gz
196	77Ja55m8	strain	strain_long_sample_22	/scratch/phyberos/e5/metasmith/runs/77Ja55m8/results/sequences-flye_assembly/1-1-1.e84676f2367befcc-jboG92yT.fna	/scratch/phyberos/e5/metasmith/task_cache/1e/20df86abfdcf1dce350a8251cf3f64f74eb962994b0115318d0a353f332ee10024/out/1-1-1.0a353f332ee10024-vEQFUQZI.bam	/scratch/phyberos/e5/metasmith/runs/77Ja55m8/results/binning-das_tool_contig_to_bin_table/1-1-1.ab6e26437e64a090-h5S03kYv.tsv	long	/scratch/phyberos/cami/work/strain_long_read/long_read/2018.09.20_11.17.07_sample_22/reads/reads_mapping.tsv.gz
197	77Ja55m8	strain	strain_long_sample_82	/scratch/phyberos/e5/metasmith/runs/77Ja55m8/results/sequences-flye_assembly/1-1-1.e8a8ee25d8a6f93f-jboG92yT.fna	/scratch/phyberos/e5/metasmith/task_cache/1e/2044c0939dfb5f2bacb82b0bf4bca66e67660facbd22c9d31726805eac2e5a46cd/out/1-1-1.26805eac2e5a46cd-vEQFUQZI.bam		long	/scratch/phyberos/cami/work/strain_long_read/long_read/2018.09.20_11.17.07_sample_82/reads/reads_mapping.tsv.gz
198	77Ja55m8	strain	strain_long_sample_32	/scratch/phyberos/e5/metasmith/runs/77Ja55m8/results/sequences-flye_assembly/1-1-1.e9d60a9d30cce588-jboG92yT.fna	/scratch/phyberos/e5/metasmith/task_cache/1e/20f6398a0dd70e9e7054ff1d901b953cef288ba4329babf739d3644c67347ea74b/out/1-1-1.d3644c67347ea74b-vEQFUQZI.bam		long	/scratch/phyberos/cami/work/strain_long_read/long_read/2018.09.20_11.17.07_sample_32/reads/reads_mapping.tsv.gz
199	77Ja55m8	strain	strain_long_sample_78	/scratch/phyberos/e5/metasmith/runs/77Ja55m8/results/sequences-flye_assembly/1-1-1.f2fb2f02fec349d7-jboG92yT.fna	/scratch/phyberos/e5/metasmith/task_cache/1e/204f7e85d6dfb86bf877e127171f403564613694dc3e86ce6e703e960741662f01/out/1-1-1.703e960741662f01-vEQFUQZI.bam	/scratch/phyberos/e5/metasmith/runs/77Ja55m8/results/binning-das_tool_contig_to_bin_table/1-1-1.21c9cfb0a50c974c-h5S03kYv.tsv	long	/scratch/phyberos/cami/work/strain_long_read/long_read/2018.09.20_11.17.07_sample_78/reads/reads_mapping.tsv.gz
200	77Ja55m8	strain	strain_long_sample_97	/scratch/phyberos/e5/metasmith/runs/77Ja55m8/results/sequences-flye_assembly/1-1-1.f3365370791cffc5-jboG92yT.fna	/scratch/phyberos/e5/metasmith/task_cache/1e/20ca84456f16bae3e2bf23505159bfba9149d3dd77000ce3a1b892ee1a432cde2e/out/1-1-1.b892ee1a432cde2e-vEQFUQZI.bam	/scratch/phyberos/e5/metasmith/runs/77Ja55m8/results/binning-das_tool_contig_to_bin_table/1-1-1.b902b513af95887b-h5S03kYv.tsv	long	/scratch/phyberos/cami/work/strain_long_read/long_read/2018.09.20_11.17.07_sample_97/reads/reads_mapping.tsv.gz
201	77Ja55m8	strain	strain_long_sample_64	/scratch/phyberos/e5/metasmith/runs/77Ja55m8/results/sequences-flye_assembly/1-1-1.f5eecf89dddd90b1-jboG92yT.fna	/scratch/phyberos/e5/metasmith/task_cache/1e/20a60997c6cf61500b46ba1ef7dc21407f157ac306e759edaa77d547c799b9d734/out/1-1-1.77d547c799b9d734-vEQFUQZI.bam		long	/scratch/phyberos/cami/work/strain_long_read/long_read/2018.09.20_11.17.07_sample_64/reads/reads_mapping.tsv.gz
202	77Ja55m8	strain	strain_long_sample_2	/scratch/phyberos/e5/metasmith/runs/77Ja55m8/results/sequences-flye_assembly/1-1-1.f6c0afe1f601ad91-jboG92yT.fna	/scratch/phyberos/e5/metasmith/task_cache/1e/2095b7df002c3305e1c343fb12268978d047c739177fa686affe46fe6a9d215383/out/1-1-1.fe46fe6a9d215383-vEQFUQZI.bam		long	/scratch/phyberos/cami/work/strain_long_read/long_read/2018.09.20_11.17.07_sample_2/reads/reads_mapping.tsv.gz
203	77Ja55m8	strain	strain_long_sample_74	/scratch/phyberos/e5/metasmith/runs/77Ja55m8/results/sequences-flye_assembly/1-1-1.f817022011b60879-jboG92yT.fna	/scratch/phyberos/e5/metasmith/task_cache/1e/20a44adde644e0f57724c86495c5f094f9ef88f87999dabc9a7afdc8c2ef55f3c8/out/1-1-1.7afdc8c2ef55f3c8-vEQFUQZI.bam	/scratch/phyberos/e5/metasmith/runs/77Ja55m8/results/binning-das_tool_contig_to_bin_table/1-1-1.5fb6d44e95745b26-h5S03kYv.tsv	long	/scratch/phyberos/cami/work/strain_long_read/long_read/2018.09.20_11.17.07_sample_74/reads/reads_mapping.tsv.gz
204	77Ja55m8	strain	strain_long_sample_91	/scratch/phyberos/e5/metasmith/runs/77Ja55m8/results/sequences-flye_assembly/1-1-1.f90e4233e4b149e5-jboG92yT.fna	/scratch/phyberos/e5/metasmith/task_cache/1e/202ff3f3b444648e00d3318d0d409333027e675776ab43beec93747563e1eba0a4/out/1-1-1.93747563e1eba0a4-vEQFUQZI.bam		long	/scratch/phyberos/cami/work/strain_long_read/long_read/2018.09.20_11.17.07_sample_91/reads/reads_mapping.tsv.gz
205	77Ja55m8	marine	marine_long_sample_5	/scratch/phyberos/e5/metasmith/runs/77Ja55m8/results/sequences-flye_assembly/1-1-1.fdfb24ca7f19f571-jboG92yT.fna	/scratch/phyberos/e5/metasmith/task_cache/1e/20123875e0d3057fec97e00d5b01fda308a88e63ba1180c6fd1566427e8e961bb5/out/1-1-1.1566427e8e961bb5-vEQFUQZI.bam	/scratch/phyberos/e5/metasmith/runs/77Ja55m8/results/binning-das_tool_contig_to_bin_table/1-1-1.cc644bf9a3662d27-h5S03kYv.tsv	long	/scratch/phyberos/cami/work/marine_long_read/simulation_long_read/2018.08.08_16.35.17_sample_5/reads/reads_mapping.tsv.gz
206	77Ja55m8	strain	strain_long_sample_28	/scratch/phyberos/e5/metasmith/runs/77Ja55m8/results/sequences-flye_assembly/1-1-1.fe4155962a335953-jboG92yT.fna	/scratch/phyberos/e5/metasmith/task_cache/1e/203ee80439a8b93e00e3f409f44b43bdfa562eeb4b4ecbde47598816891a60691f/out/1-1-1.598816891a60691f-vEQFUQZI.bam		long	/scratch/phyberos/cami/work/strain_long_read/long_read/2018.09.20_11.17.07_sample_28/reads/reads_mapping.tsv.gz
207	77Ja55m8	strain	strain_long_sample_66	/scratch/phyberos/e5/metasmith/runs/77Ja55m8/results/sequences-flye_assembly/1-1-1.ff17273b88ad5928-jboG92yT.fna	/scratch/phyberos/e5/metasmith/task_cache/1e/2007bba38f95ba16e58ea2352d1b1baf21869816c3622b7f5027730a30626b87d9/out/1-1-1.27730a30626b87d9-vEQFUQZI.bam		long	/scratch/phyberos/cami/work/strain_long_read/long_read/2018.09.20_11.17.07_sample_66/reads/reads_mapping.tsv.gz
