task_id	hash	native_id	name	status	exit	submit	duration	realtime	%cpu	peak_rss	peak_vmem	rchar	wchar
1	59/b94fca	59636063_1	NFCORE_MAG:MAG:SHORTREAD_PREPROCESSING:FASTQC_RAW (marine_sample_0_run0_raw)	CACHED	0	2026-09-13 02:52:25.861	1m 57s	1m 35s	186.0%	2.9 GB	15.3 GB	4.4 GB	3.2 MB
3	fd/c51940	59636063_3	NFCORE_MAG:MAG:SHORTREAD_PREPROCESSING:FASTQC_RAW (marine_sample_1_run0_raw)	CACHED	0	2026-09-13 02:52:25.861	1m 57s	1m 35s	190.5%	2.8 GB	15.2 GB	4.4 GB	3.2 MB
5	ab/8ea4e0	59636063_0	NFCORE_MAG:MAG:SHORTREAD_PREPROCESSING:FASTQC_RAW (marine_sample_3_run0_raw)	CACHED	0	2026-09-13 02:52:25.861	1m 57s	1m 37s	187.2%	2.7 GB	15.2 GB	4.4 GB	3.2 MB
4	fd/354719	59636063_2	NFCORE_MAG:MAG:SHORTREAD_PREPROCESSING:FASTQC_RAW (marine_sample_2_run0_raw)	CACHED	0	2026-09-13 02:52:25.861	2m 27s	1m 42s	186.6%	2.9 GB	15.3 GB	4.4 GB	3.2 MB
7	21/59c067	59634777_1	NFCORE_MAG:MAG:SHORTREAD_PREPROCESSING:FASTP (marine_sample_1_run0)	CACHED	0	2026-09-13 02:40:55.476	2m 58s	2m 3s	289.6%	1.3 GB	1.8 GB	4.5 GB	4.2 GB
8	05/1758a4	59634777_3	NFCORE_MAG:MAG:SHORTREAD_PREPROCESSING:FASTP (marine_sample_2_run0)	CACHED	0	2026-09-13 02:40:55.476	2m 28s	1m 30s	395.1%	1.3 GB	1.8 GB	4.5 GB	4.2 GB
2	97/ee6897	59634777_0	NFCORE_MAG:MAG:SHORTREAD_PREPROCESSING:FASTP (marine_sample_0_run0)	CACHED	0	2026-09-13 02:40:55.476	2m 28s	1m 24s	378.0%	1.3 GB	1.9 GB	4.5 GB	4.2 GB
12	ca/a86f33	59636063_9	NFCORE_MAG:MAG:SHORTREAD_PREPROCESSING:FASTQC_RAW (marine_sample_6_run0_raw)	CACHED	0	2026-09-13 02:52:25.861	2m 27s	1m 54s	186.5%	2.6 GB	15.2 GB	4.4 GB	3.2 MB
13	20/f64896	59636063_7	NFCORE_MAG:MAG:SHORTREAD_PREPROCESSING:FASTQC_RAW (marine_sample_7_run0_raw)	CACHED	0	2026-09-13 02:52:25.861	1m 57s	1m 37s	181.7%	2.6 GB	15.3 GB	4.4 GB	3.2 MB
9	3a/f34a85	59634777_2	NFCORE_MAG:MAG:SHORTREAD_PREPROCESSING:FASTP (marine_sample_3_run0)	CACHED	0	2026-09-13 02:40:55.476	2m 58s	1m 40s	342.4%	1.3 GB	1.9 GB	4.5 GB	4.2 GB
11	18/028f41	59636063_5	NFCORE_MAG:MAG:SHORTREAD_PREPROCESSING:FASTQC_RAW (marine_sample_5_run0_raw)	CACHED	0	2026-09-13 02:52:25.861	1m 57s	1m 37s	187.9%	2.9 GB	15.2 GB	4.4 GB	3.2 MB
6	85/31e459	59636063_4	NFCORE_MAG:MAG:SHORTREAD_PREPROCESSING:FASTQC_RAW (marine_sample_4_run0_raw)	CACHED	0	2026-09-13 02:52:25.861	1m 57s	1m 32s	189.0%	2.7 GB	15.2 GB	4.4 GB	3.2 MB
14	d6/590a24	59636063_6	NFCORE_MAG:MAG:SHORTREAD_PREPROCESSING:FASTQC_RAW (marine_sample_8_run0_raw)	CACHED	0	2026-09-13 02:52:25.861	2m 27s	1m 46s	184.3%	3.1 GB	15.3 GB	4.4 GB	3.2 MB
16	c1/9a3ba0	59636063_11	NFCORE_MAG:MAG:SHORTREAD_PREPROCESSING:FASTQC_RAW (strain_sample_0_run0_raw)	CACHED	0	2026-09-13 02:52:25.861	1m 27s	53s	179.6%	3 GB	15.3 GB	1.8 GB	3.2 MB
15	3f/c26c66	59636063_8	NFCORE_MAG:MAG:SHORTREAD_PREPROCESSING:FASTQC_RAW (marine_sample_9_run0_raw)	CACHED	0	2026-09-13 02:52:25.861	2m 27s	1m 43s	188.1%	2.8 GB	15.2 GB	4.4 GB	3.2 MB
19	e2/292307	59636063_12	NFCORE_MAG:MAG:SHORTREAD_PREPROCESSING:FASTQC_RAW (strain_sample_3_run0_raw)	CACHED	0	2026-09-13 02:52:25.861	1m 27s	43s	184.3%	2.9 GB	15.2 GB	1.8 GB	3.2 MB
17	42/33c60b	59636063_15	NFCORE_MAG:MAG:SHORTREAD_PREPROCESSING:FASTQC_RAW (strain_sample_1_run0_raw)	CACHED	0	2026-09-13 02:52:25.861	1m 27s	45s	184.2%	2.8 GB	15.2 GB	1.8 GB	3.2 MB
18	25/3bea39	59636063_10	NFCORE_MAG:MAG:SHORTREAD_PREPROCESSING:FASTQC_RAW (strain_sample_2_run0_raw)	CACHED	0	2026-09-13 02:52:25.861	1m 27s	42s	181.1%	2.8 GB	15.3 GB	1.8 GB	3.2 MB
22	7d/0e690a	59636063_17	NFCORE_MAG:MAG:SHORTREAD_PREPROCESSING:FASTQC_RAW (strain_sample_6_run0_raw)	CACHED	0	2026-09-13 02:52:25.861	1m 27s	45s	179.6%	2.9 GB	15.3 GB	1.8 GB	3.2 MB
20	8c/ecc1dc	59636063_13	NFCORE_MAG:MAG:SHORTREAD_PREPROCESSING:FASTQC_RAW (strain_sample_4_run0_raw)	CACHED	0	2026-09-13 02:52:25.861	1m 27s	45s	182.0%	2.7 GB	15.2 GB	1.8 GB	3.2 MB
23	5a/7a6c9f	59636063_16	NFCORE_MAG:MAG:SHORTREAD_PREPROCESSING:FASTQC_RAW (strain_sample_7_run0_raw)	CACHED	0	2026-09-13 02:52:25.861	1m 27s	43s	180.8%	2.8 GB	15.2 GB	1.8 GB	3.2 MB
25	ec/9f1e86	59636063_19	NFCORE_MAG:MAG:SHORTREAD_PREPROCESSING:FASTQC_RAW (strain_sample_9_run0_raw)	CACHED	0	2026-09-13 02:52:25.861	1m 27s	47s	184.9%	2.8 GB	15.3 GB	1.8 GB	3.2 MB
27	c2/335b62	59636063_20	NFCORE_MAG:MAG:SHORTREAD_PREPROCESSING:FASTQC_RAW (strain_sample_11_run0_raw)	CACHED	0	2026-09-13 02:52:25.861	1m 27s	50s	180.7%	2.9 GB	15.2 GB	1.8 GB	3.2 MB
26	f3/beedc8	59636063_22	NFCORE_MAG:MAG:SHORTREAD_PREPROCESSING:FASTQC_RAW (strain_sample_10_run0_raw)	CACHED	0	2026-09-13 02:52:25.861	1m 27s	54s	175.5%	2.6 GB	15.3 GB	1.8 GB	3.2 MB
21	f6/9e5c30	59636063_14	NFCORE_MAG:MAG:SHORTREAD_PREPROCESSING:FASTQC_RAW (strain_sample_5_run0_raw)	CACHED	0	2026-09-13 02:52:25.861	1m 27s	45s	184.8%	2.7 GB	15.3 GB	1.8 GB	3.2 MB
28	6a/280d9c	59636063_21	NFCORE_MAG:MAG:SHORTREAD_PREPROCESSING:FASTQC_RAW (strain_sample_12_run0_raw)	CACHED	0	2026-09-13 02:52:25.861	1m 27s	46s	181.6%	2.8 GB	15.3 GB	1.8 GB	3.2 MB
29	e5/22f531	59636063_23	NFCORE_MAG:MAG:SHORTREAD_PREPROCESSING:FASTQC_RAW (strain_sample_13_run0_raw)	CACHED	0	2026-09-13 02:52:25.862	1m 27s	51s	181.9%	2.9 GB	15.2 GB	1.8 GB	3.2 MB
30	90/349257	59636063_24	NFCORE_MAG:MAG:SHORTREAD_PREPROCESSING:FASTQC_RAW (strain_sample_14_run0_raw)	CACHED	0	2026-09-13 02:52:25.862	1m 27s	51s	180.4%	2.9 GB	15.2 GB	1.8 GB	3.2 MB
24	41/098766	59636063_18	NFCORE_MAG:MAG:SHORTREAD_PREPROCESSING:FASTQC_RAW (strain_sample_8_run0_raw)	CACHED	0	2026-09-13 02:52:25.861	1m 27s	49s	171.6%	2.2 GB	15.2 GB	1.8 GB	3.2 MB
36	f2/7132fb	59635464_97	NFCORE_MAG:MAG:SHORTREAD_PREPROCESSING:FASTQC_TRIMMED (marine_sample_3_run0)	CACHED	0	2026-09-13 02:45:53.900	2m 59s	1m 58s	180.0%	2.9 GB	15.3 GB	4.2 GB	3.3 MB
35	6e/817d47	59635464_98	NFCORE_MAG:MAG:SHORTREAD_PREPROCESSING:FASTQC_TRIMMED (marine_sample_1_run0)	CACHED	0	2026-09-13 02:45:53.900	2m 59s	2m 2s	188.6%	3.1 GB	15.3 GB	4.2 GB	3.3 MB
37	1f/ddcb26	59635464_90	NFCORE_MAG:MAG:SHORTREAD_PREPROCESSING:FASTQC_TRIMMED (marine_sample_0_run0)	CACHED	0	2026-09-13 02:45:53.900	2m 29s	1m 32s	189.5%	2.9 GB	15.2 GB	4.2 GB	3.3 MB
34	ac/d8cc19	59636063_29	NFCORE_MAG:MAG:SHORTREAD_PREPROCESSING:FASTQC_RAW (strain_sample_18_run0_raw)	CACHED	0	2026-09-13 02:52:25.862	1m 27s	48s	181.4%	2.9 GB	15.3 GB	1.8 GB	3.2 MB
38	99/cabb33	59634777_5	NFCORE_MAG:MAG:SHORTREAD_PREPROCESSING:FASTP (marine_sample_5_run0)	CACHED	0	2026-09-13 02:40:55.476	2m 28s	1m 31s	384.9%	1.3 GB	1.9 GB	4.5 GB	4.2 GB
32	88/63fc23	59636063_25	NFCORE_MAG:MAG:SHORTREAD_PREPROCESSING:FASTQC_RAW (strain_sample_16_run0_raw)	CACHED	0	2026-09-13 02:52:25.862	1m 27s	52s	182.9%	2.9 GB	15.3 GB	1.8 GB	3.2 MB
41	a6/0c3451	59635464_94	NFCORE_MAG:MAG:SHORTREAD_PREPROCESSING:FASTQC_TRIMMED (marine_sample_2_run0)	CACHED	0	2026-09-13 02:45:53.900	2m 59s	1m 54s	187.8%	2.9 GB	15.2 GB	4.2 GB	3.3 MB
33	95/e1dbf9	59636063_26	NFCORE_MAG:MAG:SHORTREAD_PREPROCESSING:FASTQC_RAW (strain_sample_17_run0_raw)	CACHED	0	2026-09-13 02:52:25.862	1m 27s	56s	176.6%	3 GB	15.3 GB	1.8 GB	3.2 MB
31	00/a6a709	59636063_27	NFCORE_MAG:MAG:SHORTREAD_PREPROCESSING:FASTQC_RAW (strain_sample_15_run0_raw)	CACHED	0	2026-09-13 02:52:25.862	1m 27s	52s	182.1%	2.9 GB	15.3 GB	1.8 GB	3.2 MB
45	b9/3d84fb	59635464_89	NFCORE_MAG:MAG:SHORTREAD_PREPROCESSING:FASTQC_TRIMMED (marine_sample_5_run0)	CACHED	0	2026-09-13 02:45:53.900	2m 29s	1m 32s	189.6%	2.8 GB	15.2 GB	4.2 GB	3.3 MB
42	a9/e22fdc	59634777_7	NFCORE_MAG:MAG:SHORTREAD_PREPROCESSING:FASTP (marine_sample_7_run0)	CACHED	0	2026-09-13 02:40:55.476	2m 28s	1m 30s	389.6%	1.3 GB	1.8 GB	4.5 GB	4.2 GB
48	3c/680db8	59636063_32	NFCORE_MAG:MAG:SHORTREAD_PREPROCESSING:FASTQC_RAW (strain_sample_22_run0_raw)	CACHED	0	2026-09-13 02:52:25.862	1m 27s	47s	183.6%	2.9 GB	15.3 GB	1.8 GB	3.2 MB
40	2c/91cd7e	59634777_4	NFCORE_MAG:MAG:SHORTREAD_PREPROCESSING:FASTP (marine_sample_6_run0)	CACHED	0	2026-09-13 02:40:55.476	2m 58s	1m 35s	378.7%	1.3 GB	1.8 GB	4.5 GB	4.2 GB
43	da/fdc1e6	59634777_8	NFCORE_MAG:MAG:SHORTREAD_PREPROCESSING:FASTP (marine_sample_8_run0)	CACHED	0	2026-09-13 02:40:55.476	2m 58s	1m 35s	377.9%	1.3 GB	1.9 GB	4.5 GB	4.2 GB
10	d0/fb7def	59634777_6	NFCORE_MAG:MAG:SHORTREAD_PREPROCESSING:FASTP (marine_sample_4_run0)	CACHED	0	2026-09-13 02:40:55.476	2m 58s	1m 34s	380.7%	1.3 GB	1.8 GB	4.5 GB	4.2 GB
47	9f/c74146	59636063_30	NFCORE_MAG:MAG:SHORTREAD_PREPROCESSING:FASTQC_RAW (strain_sample_21_run0_raw)	CACHED	0	2026-09-13 02:52:25.862	1m 27s	48s	179.4%	2.9 GB	15.2 GB	1.8 GB	3.2 MB
49	7a/934095	59636063_33	NFCORE_MAG:MAG:SHORTREAD_PREPROCESSING:FASTQC_RAW (strain_sample_23_run0_raw)	CACHED	0	2026-09-13 02:52:25.862	1m 27s	54s	178.0%	3.1 GB	15.3 GB	1.8 GB	3.2 MB
44	c9/caaa5f	59636063_31	NFCORE_MAG:MAG:SHORTREAD_PREPROCESSING:FASTQC_RAW (strain_sample_20_run0_raw)	CACHED	0	2026-09-13 02:52:25.862	1m 27s	47s	183.3%	2.8 GB	15.3 GB	1.8 GB	3.2 MB
54	5d/817aa0	59635464_96	NFCORE_MAG:MAG:SHORTREAD_PREPROCESSING:FASTQC_TRIMMED (marine_sample_8_run0)	CACHED	0	2026-09-13 02:45:53.900	2m 59s	1m 53s	188.3%	2.9 GB	15.2 GB	4.2 GB	3.3 MB
39	cb/2ab8f1	59636063_28	NFCORE_MAG:MAG:SHORTREAD_PREPROCESSING:FASTQC_RAW (strain_sample_19_run0_raw)	CACHED	0	2026-09-13 02:52:25.862	1m 27s	54s	177.9%	2.6 GB	15.2 GB	1.8 GB	3.2 MB
50	0c/b663b5	59635464_93	NFCORE_MAG:MAG:SHORTREAD_PREPROCESSING:FASTQC_TRIMMED (marine_sample_7_run0)	CACHED	0	2026-09-13 02:45:53.900	2m 29s	1m 33s	189.0%	2.8 GB	15.2 GB	4.2 GB	3.3 MB
56	02/439c22	59635464_99	NFCORE_MAG:MAG:SHORTREAD_PREPROCESSING:FASTQC_TRIMMED (marine_sample_4_run0)	CACHED	0	2026-09-13 02:45:53.900	2m 59s	2m	187.4%	3.1 GB	15.2 GB	4.2 GB	3.3 MB
53	28/b479d2	59635464_95	NFCORE_MAG:MAG:SHORTREAD_PREPROCESSING:FASTQC_TRIMMED (marine_sample_6_run0)	CACHED	0	2026-09-13 02:45:53.900	2m 59s	1m 52s	187.4%	3 GB	15.2 GB	4.2 GB	3.3 MB
51	e0/ae1215	59636063_34	NFCORE_MAG:MAG:SHORTREAD_PREPROCESSING:FASTQC_RAW (strain_sample_24_run0_raw)	CACHED	0	2026-09-13 02:52:25.862	1m 27s	56s	179.1%	2.8 GB	15.2 GB	1.8 GB	3.2 MB
55	8a/130ef1	59634777_10	NFCORE_MAG:MAG:SHORTREAD_PREPROCESSING:FASTP (strain_sample_1_run0)	CACHED	0	2026-09-13 02:40:55.476	1m 58s	54.2s	289.3%	1.3 GB	1.8 GB	1.9 GB	1.7 GB
59	de/0945d7	59636063_36	NFCORE_MAG:MAG:SHORTREAD_PREPROCESSING:FASTQC_RAW (strain_sample_25_run0_raw)	CACHED	0	2026-09-13 02:52:25.862	1m 27s	54s	180.3%	2.9 GB	15.2 GB	1.8 GB	3.2 MB
57	7e/5b99d3	59634777_11	NFCORE_MAG:MAG:SHORTREAD_PREPROCESSING:FASTP (strain_sample_2_run0)	CACHED	0	2026-09-13 02:40:55.476	1m 58s	53.2s	297.2%	1.3 GB	1.9 GB	1.9 GB	1.7 GB
60	26/077d22	59636063_35	NFCORE_MAG:MAG:SHORTREAD_PREPROCESSING:FASTQC_RAW (strain_sample_26_run0_raw)	CACHED	0	2026-09-13 02:52:25.862	1m 27s	56s	179.1%	2.9 GB	15.2 GB	1.8 GB	3.2 MB
62	22/2d52f8	59636063_41	NFCORE_MAG:MAG:SHORTREAD_PREPROCESSING:FASTQC_RAW (strain_sample_28_run0_raw)	CACHED	0	2026-09-13 02:52:25.862	1m 27s	52s	181.3%	2.9 GB	15.3 GB	1.8 GB	3.2 MB
46	1c/0827d5	59634777_9	NFCORE_MAG:MAG:SHORTREAD_PREPROCESSING:FASTP (marine_sample_9_run0)	CACHED	0	2026-09-13 02:40:55.476	2m 28s	1m 31s	384.0%	1.3 GB	1.9 GB	4.5 GB	4.2 GB
61	79/73d339	59636063_37	NFCORE_MAG:MAG:SHORTREAD_PREPROCESSING:FASTQC_RAW (strain_sample_27_run0_raw)	CACHED	0	2026-09-13 02:52:25.862	1m 27s	54s	179.7%	2.8 GB	15.2 GB	1.8 GB	3.2 MB
66	7b/a74aa6	59635464_9	NFCORE_MAG:MAG:SHORTREAD_PREPROCESSING:FASTQC_TRIMMED (strain_sample_2_run0)	CACHED	0	2026-09-13 02:45:53.900	1m 29s	41s	180.2%	3.2 GB	15.3 GB	1.7 GB	3.3 MB
64	02/75da80	59635464_6	NFCORE_MAG:MAG:SHORTREAD_PREPROCESSING:FASTQC_TRIMMED (strain_sample_1_run0)	CACHED	0	2026-09-13 02:45:53.900	1m 29s	40s	179.0%	3.1 GB	15.3 GB	1.7 GB	3.3 MB
63	97/56829b	59636063_38	NFCORE_MAG:MAG:SHORTREAD_PREPROCESSING:FASTQC_RAW (strain_sample_29_run0_raw)	CACHED	0	2026-09-13 02:52:25.862	1m 27s	54s	182.3%	2.7 GB	15.2 GB	1.8 GB	3.2 MB
68	55/0e0198	59636063_40	NFCORE_MAG:MAG:SHORTREAD_PREPROCESSING:FASTQC_RAW (strain_sample_30_run0_raw)	CACHED	0	2026-09-13 02:52:25.862	1m 27s	54s	179.2%	2.7 GB	15.2 GB	1.8 GB	3.2 MB
58	7c/88489e	59634777_13	NFCORE_MAG:MAG:SHORTREAD_PREPROCESSING:FASTP (strain_sample_3_run0)	CACHED	0	2026-09-13 02:40:55.476	1m 58s	52.1s	297.5%	1.3 GB	1.9 GB	1.9 GB	1.7 GB
52	d9/e308cb	59634777_12	NFCORE_MAG:MAG:SHORTREAD_PREPROCESSING:FASTP (strain_sample_0_run0)	CACHED	0	2026-09-13 02:40:55.476	1m 58s	50s	302.2%	1.3 GB	1.9 GB	1.9 GB	1.7 GB
70	a2/49a6c9	59635464_91	NFCORE_MAG:MAG:SHORTREAD_PREPROCESSING:FASTQC_TRIMMED (marine_sample_9_run0)	CACHED	0	2026-09-13 02:45:53.900	2m 59s	1m 40s	187.9%	3 GB	15.3 GB	4.2 GB	3.3 MB
72	44/a183ea	59636063_42	NFCORE_MAG:MAG:SHORTREAD_PREPROCESSING:FASTQC_RAW (strain_sample_32_run0_raw)	CACHED	0	2026-09-13 02:52:25.862	1m 27s	57s	180.4%	2.9 GB	15.2 GB	1.8 GB	3.2 MB
65	1d/649559	59634777_18	NFCORE_MAG:MAG:SHORTREAD_PREPROCESSING:FASTP (strain_sample_4_run0)	CACHED	0	2026-09-13 02:40:55.476	2m 28s	1m 12s	232.2%	1.3 GB	1.8 GB	1.9 GB	1.7 GB
69	8a/9ff4c9	59636063_39	NFCORE_MAG:MAG:SHORTREAD_PREPROCESSING:FASTQC_RAW (strain_sample_31_run0_raw)	CACHED	0	2026-09-13 02:52:25.862	1m 27s	55s	178.6%	2.8 GB	15.2 GB	1.8 GB	3.2 MB
67	0f/048af9	59634777_14	NFCORE_MAG:MAG:SHORTREAD_PREPROCESSING:FASTP (strain_sample_5_run0)	CACHED	0	2026-09-13 02:40:55.476	1m 58s	54.9s	278.2%	1.3 GB	1.8 GB	1.9 GB	1.7 GB
75	a0/e2b159	59635464_7	NFCORE_MAG:MAG:SHORTREAD_PREPROCESSING:FASTQC_TRIMMED (strain_sample_3_run0)	CACHED	0	2026-09-13 02:45:53.900	1m 29s	44s	177.5%	3.2 GB	15.2 GB	1.7 GB	3.3 MB
79	97/73aa02	59635464_87	NFCORE_MAG:MAG:SHORTREAD_PREPROCESSING:FASTQC_TRIMMED (strain_sample_4_run0)	CACHED	0	2026-09-13 02:45:53.900	2m	42s	181.9%	2.9 GB	15.2 GB	1.7 GB	3.3 MB
78	3e/c8b834	59635464_0	NFCORE_MAG:MAG:SHORTREAD_PREPROCESSING:FASTQC_TRIMMED (strain_sample_0_run0)	CACHED	0	2026-09-13 02:45:53.900	1m 29s	43s	178.0%	3 GB	15.2 GB	1.7 GB	3.3 MB
74	6e/d5698c	59636063_44	NFCORE_MAG:MAG:SHORTREAD_PREPROCESSING:FASTQC_RAW (strain_sample_34_run0_raw)	CACHED	0	2026-09-13 02:52:25.862	1m 27s	53s	182.3%	2.8 GB	15.3 GB	1.8 GB	3.2 MB
80	30/71d74c	59636063_45	NFCORE_MAG:MAG:SHORTREAD_PREPROCESSING:FASTQC_RAW (strain_sample_36_run0_raw)	CACHED	0	2026-09-13 02:52:25.862	1m 27s	1m	163.3%	2.3 GB	15.3 GB	1.8 GB	3.2 MB
83	42/626ab4	59634777_19	NFCORE_MAG:MAG:SHORTREAD_PREPROCESSING:FASTP (strain_sample_9_run0)	CACHED	0	2026-09-13 02:40:55.476	1m 58s	1m 1s	270.7%	1.3 GB	1.8 GB	1.9 GB	1.7 GB
84	96/800f97	59635464_8	NFCORE_MAG:MAG:SHORTREAD_PREPROCESSING:FASTQC_TRIMMED (strain_sample_5_run0)	CACHED	0	2026-09-13 02:45:53.900	1m 29s	41s	180.2%	3.3 GB	15.2 GB	1.7 GB	3.3 MB
71	b1/0e616c	59634777_16	NFCORE_MAG:MAG:SHORTREAD_PREPROCESSING:FASTP (strain_sample_6_run0)	CACHED	0	2026-09-13 02:40:55.476	1m 58s	52.9s	297.2%	1.3 GB	1.8 GB	1.9 GB	1.7 GB
77	29/587061	59634777_15	NFCORE_MAG:MAG:SHORTREAD_PREPROCESSING:FASTP (strain_sample_7_run0)	CACHED	0	2026-09-13 02:40:55.476	1m 58s	52.9s	301.4%	1.3 GB	1.9 GB	1.9 GB	1.7 GB
76	bc/79e983	59636063_46	NFCORE_MAG:MAG:SHORTREAD_PREPROCESSING:FASTQC_RAW (strain_sample_35_run0_raw)	CACHED	0	2026-09-13 02:52:25.862	1m 27s	48s	183.1%	2.8 GB	15.3 GB	1.8 GB	3.2 MB
87	35/b46d2e	59635464_3	NFCORE_MAG:MAG:SHORTREAD_PREPROCESSING:FASTQC_TRIMMED (strain_sample_9_run0)	CACHED	0	2026-09-13 02:45:53.900	1m 29s	43s	176.9%	2.9 GB	15.2 GB	1.7 GB	3.3 MB
73	0e/6bbda4	59636063_43	NFCORE_MAG:MAG:SHORTREAD_PREPROCESSING:FASTQC_RAW (strain_sample_33_run0_raw)	CACHED	0	2026-09-13 02:52:25.862	1m 27s	53s	181.2%	2.9 GB	15.2 GB	1.8 GB	3.2 MB
81	be/d664f0	59636063_47	NFCORE_MAG:MAG:SHORTREAD_PREPROCESSING:FASTQC_RAW (strain_sample_37_run0_raw)	CACHED	0	2026-09-13 02:52:25.862	1m 27s	57s	178.1%	3.1 GB	15.3 GB	1.8 GB	3.2 MB
90	56/c772f6	59635464_2	NFCORE_MAG:MAG:SHORTREAD_PREPROCESSING:FASTQC_TRIMMED (strain_sample_6_run0)	CACHED	0	2026-09-13 02:45:53.900	1m 29s	41s	178.2%	3.4 GB	15.3 GB	1.7 GB	3.3 MB
89	ad/31fee6	59634777_21	NFCORE_MAG:MAG:SHORTREAD_PREPROCESSING:FASTP (strain_sample_11_run0)	CACHED	0	2026-09-13 02:40:55.476	1m 58s	53.3s	297.1%	1.3 GB	1.9 GB	1.9 GB	1.7 GB
93	c3/c52581	59636063_50	NFCORE_MAG:MAG:SHORTREAD_PREPROCESSING:FASTQC_RAW (strain_sample_40_run0_raw)	CACHED	0	2026-09-13 02:52:25.862	1m 27s	1m 1s	172.4%	2.8 GB	15.3 GB	1.8 GB	3.2 MB
88	1e/9a197a	59636063_49	NFCORE_MAG:MAG:SHORTREAD_PREPROCESSING:FASTQC_RAW (strain_sample_39_run0_raw)	CACHED	0	2026-09-13 02:52:25.862	1m 27s	54s	179.0%	2.9 GB	15.3 GB	1.8 GB	3.2 MB
82	ae/d7bb76	59634777_17	NFCORE_MAG:MAG:SHORTREAD_PREPROCESSING:FASTP (strain_sample_8_run0)	CACHED	0	2026-09-13 02:40:55.476	2m 28s	1m 15s	234.3%	1.3 GB	1.8 GB	1.9 GB	1.7 GB
91	09/fcc7c8	59635464_4	NFCORE_MAG:MAG:SHORTREAD_PREPROCESSING:FASTQC_TRIMMED (strain_sample_7_run0)	CACHED	0	2026-09-13 02:45:53.900	1m 29s	41s	179.8%	3.3 GB	15.3 GB	1.7 GB	3.3 MB
92	92/a28b22	59634777_22	NFCORE_MAG:MAG:SHORTREAD_PREPROCESSING:FASTP (strain_sample_12_run0)	CACHED	0	2026-09-13 02:40:55.476	1m 58s	55.2s	299.0%	1.3 GB	1.9 GB	1.9 GB	1.7 GB
86	d8/87f8a0	59636063_48	NFCORE_MAG:MAG:SHORTREAD_PREPROCESSING:FASTQC_RAW (strain_sample_38_run0_raw)	CACHED	0	2026-09-13 02:52:25.862	1m 27s	53s	181.7%	2.9 GB	15.3 GB	1.8 GB	3.2 MB
94	7d/23feb1	59634777_23	NFCORE_MAG:MAG:SHORTREAD_PREPROCESSING:FASTP (strain_sample_13_run0)	CACHED	0	2026-09-13 02:40:55.476	1m 58s	53.3s	294.8%	1.3 GB	1.8 GB	1.9 GB	1.7 GB
97	59/417f1b	59635464_1	NFCORE_MAG:MAG:SHORTREAD_PREPROCESSING:FASTQC_TRIMMED (strain_sample_11_run0)	CACHED	0	2026-09-13 02:45:53.900	59.4s	37s	178.5%	3.4 GB	15.2 GB	1.7 GB	3.3 MB
95	e4/f76c7a	59636063_51	NFCORE_MAG:MAG:SHORTREAD_PREPROCESSING:FASTQC_RAW (strain_sample_41_run0_raw)	CACHED	0	2026-09-13 02:52:25.862	1m 27s	51s	180.9%	2.8 GB	15.3 GB	1.8 GB	3.2 MB
96	47/f7c0bf	59636063_53	NFCORE_MAG:MAG:SHORTREAD_PREPROCESSING:FASTQC_RAW (strain_sample_42_run0_raw)	CACHED	0	2026-09-13 02:52:25.862	1m 27s	49s	182.9%	2.9 GB	15.2 GB	1.8 GB	3.2 MB
102	64/34e1e7	59635464_13	NFCORE_MAG:MAG:SHORTREAD_PREPROCESSING:FASTQC_TRIMMED (strain_sample_12_run0)	CACHED	0	2026-09-13 02:45:53.900	1m 29s	49s	181.1%	2.8 GB	15.2 GB	1.7 GB	3.3 MB
101	26/7d0960	59635464_88	NFCORE_MAG:MAG:SHORTREAD_PREPROCESSING:FASTQC_TRIMMED (strain_sample_8_run0)	CACHED	0	2026-09-13 02:45:53.900	2m	42s	180.6%	3.2 GB	15.2 GB	1.7 GB	3.2 MB
100	47/4d04a1	59636063_54	NFCORE_MAG:MAG:SHORTREAD_PREPROCESSING:FASTQC_RAW (strain_sample_44_run0_raw)	CACHED	0	2026-09-13 02:52:25.862	1m 27s	49s	183.4%	2.8 GB	15.3 GB	1.8 GB	3.2 MB
85	7c/67b21f	59634777_20	NFCORE_MAG:MAG:SHORTREAD_PREPROCESSING:FASTP (strain_sample_10_run0)	CACHED	0	2026-09-13 02:40:55.476	1m 58s	59.6s	269.5%	1.3 GB	1.8 GB	1.9 GB	1.7 GB
99	f0/b0bd30	59636063_55	NFCORE_MAG:MAG:SHORTREAD_PREPROCESSING:FASTQC_RAW (strain_sample_43_run0_raw)	CACHED	0	2026-09-13 02:52:25.862	1m 27s	48s	179.3%	2.9 GB	15.3 GB	1.8 GB	3.2 MB
103	6b/d54fa4	59635464_15	NFCORE_MAG:MAG:SHORTREAD_PREPROCESSING:FASTQC_TRIMMED (strain_sample_13_run0)	CACHED	0	2026-09-13 02:45:53.900	1m 29s	46s	180.0%	3.2 GB	15.3 GB	1.7 GB	3.3 MB
109	2d/0ac37d	59636063_59	NFCORE_MAG:MAG:SHORTREAD_PREPROCESSING:FASTQC_RAW (strain_sample_47_run0_raw)	CACHED	0	2026-09-13 02:52:25.862	1m 27s	58s	182.1%	3 GB	15.3 GB	1.8 GB	3.2 MB
107	41/28ba70	59634777_26	NFCORE_MAG:MAG:SHORTREAD_PREPROCESSING:FASTP (strain_sample_16_run0)	CACHED	0	2026-09-13 02:40:55.476	1m 58s	57.2s	283.6%	1.3 GB	1.9 GB	1.9 GB	1.7 GB
104	ed/beec33	59634777_25	NFCORE_MAG:MAG:SHORTREAD_PREPROCESSING:FASTP (strain_sample_15_run0)	CACHED	0	2026-09-13 02:40:55.476	1m 58s	53.2s	293.8%	1.3 GB	1.8 GB	1.9 GB	1.7 GB
112	9d/5e4851	59635464_5	NFCORE_MAG:MAG:SHORTREAD_PREPROCESSING:FASTQC_TRIMMED (strain_sample_10_run0)	CACHED	0	2026-09-13 02:45:53.900	1m 29s	41s	179.3%	3.2 GB	15.3 GB	1.7 GB	3.3 MB
98	df/687ccb	59634777_24	NFCORE_MAG:MAG:SHORTREAD_PREPROCESSING:FASTP (strain_sample_14_run0)	CACHED	0	2026-09-13 02:40:55.476	1m 58s	51.1s	300.6%	1.3 GB	1.9 GB	1.9 GB	1.7 GB
106	f6/b135b0	59636063_56	NFCORE_MAG:MAG:SHORTREAD_PREPROCESSING:FASTQC_RAW (strain_sample_46_run0_raw)	CACHED	0	2026-09-13 02:52:25.862	1m 27s	47s	181.5%	3 GB	15.3 GB	1.8 GB	3.2 MB
105	88/438be4	59636063_52	NFCORE_MAG:MAG:SHORTREAD_PREPROCESSING:FASTQC_RAW (strain_sample_45_run0_raw)	CACHED	0	2026-09-13 02:52:25.862	1m 27s	53s	174.5%	2.9 GB	15.3 GB	1.8 GB	3.2 MB
108	8b/16d0e7	59634777_28	NFCORE_MAG:MAG:SHORTREAD_PREPROCESSING:FASTP (strain_sample_17_run0)	CACHED	0	2026-09-13 02:40:55.476	1m 58s	49.6s	297.7%	1.3 GB	1.8 GB	1.9 GB	1.7 GB
111	85/dd28c1	59634777_27	NFCORE_MAG:MAG:SHORTREAD_PREPROCESSING:FASTP (strain_sample_18_run0)	CACHED	0	2026-09-13 02:40:55.476	1m 58s	54.9s	286.3%	1.3 GB	1.9 GB	1.9 GB	1.7 GB
110	34/956951	59636063_60	NFCORE_MAG:MAG:SHORTREAD_PREPROCESSING:FASTQC_RAW (strain_sample_48_run0_raw)	CACHED	0	2026-09-13 02:52:25.862	1m 27s	54s	177.2%	2.8 GB	15.3 GB	1.8 GB	3.2 MB
114	73/e7c133	59636063_58	NFCORE_MAG:MAG:SHORTREAD_PREPROCESSING:FASTQC_RAW (strain_sample_50_run0_raw)	CACHED	0	2026-09-13 02:52:25.862	1m 27s	55s	180.5%	3 GB	15.2 GB	1.8 GB	3.2 MB
120	9d/9bd9b6	59635464_11	NFCORE_MAG:MAG:SHORTREAD_PREPROCESSING:FASTQC_TRIMMED (strain_sample_14_run0)	CACHED	0	2026-09-13 02:45:53.900	1m 29s	51s	178.1%	3.1 GB	15.3 GB	1.7 GB	3.3 MB
119	59/a57253	59635464_17	NFCORE_MAG:MAG:SHORTREAD_PREPROCESSING:FASTQC_TRIMMED (strain_sample_15_run0)	CACHED	0	2026-09-13 02:45:53.900	1m 29s	54s	177.8%	3.4 GB	15.2 GB	1.7 GB	3.3 MB
121	dc/2cd22b	59636063_61	NFCORE_MAG:MAG:SHORTREAD_PREPROCESSING:FASTQC_RAW (strain_sample_51_run0_raw)	CACHED	0	2026-09-13 02:52:25.862	1m 27s	48s	184.2%	2.7 GB	15.2 GB	1.8 GB	3.2 MB
113	29/240a95	59636063_57	NFCORE_MAG:MAG:SHORTREAD_PREPROCESSING:FASTQC_RAW (strain_sample_49_run0_raw)	CACHED	0	2026-09-13 02:52:25.862	1m 27s	50s	181.6%	2.7 GB	15.2 GB	1.8 GB	3.2 MB
115	c7/501a39	59634777_29	NFCORE_MAG:MAG:SHORTREAD_PREPROCESSING:FASTP (strain_sample_19_run0)	CACHED	0	2026-09-13 02:40:55.476	1m 58s	1m 6s	231.9%	1.3 GB	1.8 GB	1.9 GB	1.7 GB
125	45/450540	59636063_62	NFCORE_MAG:MAG:SHORTREAD_PREPROCESSING:FASTQC_RAW (strain_sample_53_run0_raw)	CACHED	0	2026-09-13 02:52:25.862	1m 27s	49s	182.8%	2.9 GB	15.2 GB	1.8 GB	3.2 MB
124	28/bfe813	59635464_14	NFCORE_MAG:MAG:SHORTREAD_PREPROCESSING:FASTQC_TRIMMED (strain_sample_18_run0)	CACHED	0	2026-09-13 02:45:53.900	1m 29s	44s	184.6%	2.8 GB	15.2 GB	1.7 GB	3.3 MB
118	2c/74ef1a	59635464_16	NFCORE_MAG:MAG:SHORTREAD_PREPROCESSING:FASTQC_TRIMMED (strain_sample_16_run0)	CACHED	0	2026-09-13 02:45:53.900	1m 29s	48s	181.6%	3 GB	15.3 GB	1.7 GB	3.3 MB
130	e9/7cd739	59635464_19	NFCORE_MAG:MAG:SHORTREAD_PREPROCESSING:FASTQC_TRIMMED (strain_sample_19_run0)	CACHED	0	2026-09-13 02:45:53.900	1m 29s	49s	181.2%	2.9 GB	15.2 GB	1.7 GB	3.3 MB
117	c5/acc246	59634777_32	NFCORE_MAG:MAG:SHORTREAD_PREPROCESSING:FASTP (strain_sample_21_run0)	CACHED	0	2026-09-13 02:40:55.476	1m 58s	47.1s	304.1%	1.3 GB	1.8 GB	1.9 GB	1.7 GB
123	68/f30090	59635464_12	NFCORE_MAG:MAG:SHORTREAD_PREPROCESSING:FASTQC_TRIMMED (strain_sample_17_run0)	CACHED	0	2026-09-13 02:45:53.900	1m 29s	49s	178.6%	2.9 GB	15.3 GB	1.7 GB	3.3 MB
116	a1/a29796	59634777_30	NFCORE_MAG:MAG:SHORTREAD_PREPROCESSING:FASTP (strain_sample_20_run0)	CACHED	0	2026-09-13 02:40:55.476	1m 58s	47.5s	305.8%	1.3 GB	1.9 GB	1.9 GB	1.7 GB
126	40/32dd9b	59636063_64	NFCORE_MAG:MAG:SHORTREAD_PREPROCESSING:FASTQC_RAW (strain_sample_54_run0_raw)	CACHED	0	2026-09-13 02:52:25.862	1m 28s	44s	180.8%	2.8 GB	15.2 GB	1.8 GB	3.2 MB
129	d8/23979f	59636063_66	NFCORE_MAG:MAG:SHORTREAD_PREPROCESSING:FASTQC_RAW (strain_sample_55_run0_raw)	CACHED	0	2026-09-13 02:52:25.862	1m 28s	42s	182.8%	2.6 GB	15.3 GB	1.8 GB	3.2 MB
127	37/865ec2	59634777_33	NFCORE_MAG:MAG:SHORTREAD_PREPROCESSING:FASTP (strain_sample_22_run0)	CACHED	0	2026-09-13 02:40:55.476	1m 58s	48.4s	301.0%	1.3 GB	1.8 GB	1.9 GB	1.7 GB
128	8d/09312b	59634777_31	NFCORE_MAG:MAG:SHORTREAD_PREPROCESSING:FASTP (strain_sample_23_run0)	CACHED	0	2026-09-13 02:40:55.476	1m 58s	46.8s	305.9%	1.3 GB	1.8 GB	1.9 GB	1.7 GB
122	f9/d7af6e	59636063_63	NFCORE_MAG:MAG:SHORTREAD_PREPROCESSING:FASTQC_RAW (strain_sample_52_run0_raw)	CACHED	0	2026-09-13 02:52:25.862	1m 27s	40s	185.5%	2.8 GB	15.2 GB	1.8 GB	3.2 MB
131	8c/920efb	59634777_34	NFCORE_MAG:MAG:SHORTREAD_PREPROCESSING:FASTP (strain_sample_24_run0)	CACHED	0	2026-09-13 02:40:55.476	1m 58s	52.1s	285.2%	1.3 GB	1.8 GB	1.9 GB	1.7 GB
140	42/c26524	59635464_20	NFCORE_MAG:MAG:SHORTREAD_PREPROCESSING:FASTQC_TRIMMED (strain_sample_22_run0)	CACHED	0	2026-09-13 02:45:53.900	1m 29s	48s	180.9%	2.9 GB	15.3 GB	1.7 GB	3.3 MB
136	f6/1562ac	59635464_10	NFCORE_MAG:MAG:SHORTREAD_PREPROCESSING:FASTQC_TRIMMED (strain_sample_20_run0)	CACHED	0	2026-09-13 02:45:53.900	1m 29s	41s	174.0%	3 GB	15.3 GB	1.7 GB	3.3 MB
133	08/2e5528	59636063_67	NFCORE_MAG:MAG:SHORTREAD_PREPROCESSING:FASTQC_RAW (strain_sample_57_run0_raw)	CACHED	0	2026-09-13 02:52:25.862	1m 28s	42s	182.1%	2.8 GB	15.3 GB	1.8 GB	3.2 MB
138	85/b6762e	59636063_69	NFCORE_MAG:MAG:SHORTREAD_PREPROCESSING:FASTQC_RAW (strain_sample_58_run0_raw)	CACHED	0	2026-09-13 02:52:25.862	1m 28s	52s	182.1%	2.9 GB	15.3 GB	1.8 GB	3.2 MB
137	9b/10594e	59634777_37	NFCORE_MAG:MAG:SHORTREAD_PREPROCESSING:FASTP (strain_sample_26_run0)	CACHED	0	2026-09-13 02:40:55.476	1m 58s	1m 3s	254.1%	1.3 GB	1.8 GB	1.9 GB	1.7 GB
132	c0/5223b7	59636063_65	NFCORE_MAG:MAG:SHORTREAD_PREPROCESSING:FASTQC_RAW (strain_sample_56_run0_raw)	CACHED	0	2026-09-13 02:52:25.862	1m 28s	45s	182.2%	2.9 GB	15.2 GB	1.8 GB	3.2 MB
141	27/f1ed7e	59635464_18	NFCORE_MAG:MAG:SHORTREAD_PREPROCESSING:FASTQC_TRIMMED (strain_sample_23_run0)	CACHED	0	2026-09-13 02:45:53.900	1m 29s	49s	178.3%	3.3 GB	15.2 GB	1.7 GB	3.3 MB
147	7a/95a87d	59636063_68	NFCORE_MAG:MAG:SHORTREAD_PREPROCESSING:FASTQC_RAW (strain_sample_61_run0_raw)	CACHED	0	2026-09-13 02:52:25.862	1m 28s	44s	180.8%	2.7 GB	15.2 GB	1.8 GB	3.2 MB
135	9a/cc5b27	59635464_27	NFCORE_MAG:MAG:SHORTREAD_PREPROCESSING:FASTQC_TRIMMED (strain_sample_21_run0)	CACHED	0	2026-09-13 02:45:53.900	1m 29s	49s	183.5%	2.9 GB	15.3 GB	1.7 GB	3.3 MB
145	66/e3e726	59634777_42	NFCORE_MAG:MAG:SHORTREAD_PREPROCESSING:FASTP (strain_sample_29_run0)	CACHED	0	2026-09-13 02:40:55.476	1m 58s	57s	271.0%	1.3 GB	1.8 GB	1.8 GB	1.7 GB
151	6a/0411a3	59635464_23	NFCORE_MAG:MAG:SHORTREAD_PREPROCESSING:FASTQC_TRIMMED (strain_sample_26_run0)	CACHED	0	2026-09-13 02:45:53.900	1m 29s	47s	181.8%	3.3 GB	15.3 GB	1.7 GB	3.3 MB
134	83/9e12d3	59634777_38	NFCORE_MAG:MAG:SHORTREAD_PREPROCESSING:FASTP (strain_sample_25_run0)	CACHED	0	2026-09-13 02:40:55.476	1m 58s	1m 6s	246.9%	1.3 GB	1.8 GB	1.9 GB	1.7 GB
148	e8/d1070a	59636063_73	NFCORE_MAG:MAG:SHORTREAD_PREPROCESSING:FASTQC_RAW (strain_sample_62_run0_raw)	CACHED	0	2026-09-13 02:52:25.862	1m 28s	50s	184.0%	2.8 GB	15.2 GB	1.8 GB	3.2 MB
146	2b/c88ddf	59636063_71	NFCORE_MAG:MAG:SHORTREAD_PREPROCESSING:FASTQC_RAW (strain_sample_60_run0_raw)	CACHED	0	2026-09-13 02:52:25.862	1m 28s	53s	180.2%	2.9 GB	15.3 GB	1.8 GB	3.2 MB
139	2e/ded657	59636063_70	NFCORE_MAG:MAG:SHORTREAD_PREPROCESSING:FASTQC_RAW (strain_sample_59_run0_raw)	CACHED	0	2026-09-13 02:52:25.862	1m 28s	53s	179.7%	2.9 GB	15.3 GB	1.8 GB	3.2 MB
149	14/b1ccc9	59636063_74	NFCORE_MAG:MAG:SHORTREAD_PREPROCESSING:FASTQC_RAW (strain_sample_63_run0_raw)	CACHED	0	2026-09-13 02:52:25.862	1m 28s	50s	183.4%	2.8 GB	15.2 GB	1.8 GB	3.2 MB
143	f3/8655d1	59634777_35	NFCORE_MAG:MAG:SHORTREAD_PREPROCESSING:FASTP (strain_sample_28_run0)	CACHED	0	2026-09-13 02:40:55.476	1m 58s	59.7s	257.1%	1.3 GB	1.8 GB	1.9 GB	1.7 GB
152	d6/1584f1	59636063_72	NFCORE_MAG:MAG:SHORTREAD_PREPROCESSING:FASTQC_RAW (strain_sample_64_run0_raw)	CACHED	0	2026-09-13 02:52:25.862	1m 28s	52s	181.6%	2.7 GB	15.3 GB	1.8 GB	3.2 MB
155	81/db66f4	59636063_77	NFCORE_MAG:MAG:SHORTREAD_PREPROCESSING:FASTQC_RAW (strain_sample_65_run0_raw)	CACHED	0	2026-09-13 02:52:25.862	1m 28s	50s	184.4%	2.8 GB	15.2 GB	1.8 GB	3.2 MB
154	e1/8ed1e6	59635464_26	NFCORE_MAG:MAG:SHORTREAD_PREPROCESSING:FASTQC_TRIMMED (strain_sample_25_run0)	CACHED	0	2026-09-13 02:45:53.900	1m 29s	55s	175.8%	2.8 GB	15.3 GB	1.7 GB	3.3 MB
156	7b/33a44f	59636063_80	NFCORE_MAG:MAG:SHORTREAD_PREPROCESSING:FASTQC_RAW (strain_sample_66_run0_raw)	CACHED	0	2026-09-13 02:52:25.862	1m 28s	44s	182.1%	2.7 GB	15.2 GB	1.8 GB	3.2 MB
157	0e/f220d0	59636063_75	NFCORE_MAG:MAG:SHORTREAD_PREPROCESSING:FASTQC_RAW (strain_sample_67_run0_raw)	CACHED	0	2026-09-13 02:52:25.862	1m 28s	49s	185.0%	2.9 GB	15.3 GB	1.8 GB	3.2 MB
159	f4/c7cd1f	59636063_76	NFCORE_MAG:MAG:SHORTREAD_PREPROCESSING:FASTQC_RAW (strain_sample_68_run0_raw)	CACHED	0	2026-09-13 02:52:25.862	1m 28s	51s	181.6%	2.9 GB	15.3 GB	1.8 GB	3.2 MB
144	26/0aaa6d	59635464_22	NFCORE_MAG:MAG:SHORTREAD_PREPROCESSING:FASTQC_TRIMMED (strain_sample_24_run0)	CACHED	0	2026-09-13 02:45:53.900	1m 29s	53s	166.3%	3.3 GB	15.3 GB	1.7 GB	3.3 MB
163	cb/b179a9	59636063_78	NFCORE_MAG:MAG:SHORTREAD_PREPROCESSING:FASTQC_RAW (strain_sample_69_run0_raw)	CACHED	0	2026-09-13 02:52:25.862	1m 28s	51s	182.4%	2.9 GB	15.2 GB	1.8 GB	3.2 MB
158	6f/899331	59634777_40	NFCORE_MAG:MAG:SHORTREAD_PREPROCESSING:FASTP (strain_sample_31_run0)	CACHED	0	2026-09-13 02:40:55.476	1m 58s	51.3s	297.7%	1.3 GB	1.8 GB	1.9 GB	1.7 GB
164	38/32d648	59636063_79	NFCORE_MAG:MAG:SHORTREAD_PREPROCESSING:FASTQC_RAW (strain_sample_70_run0_raw)	CACHED	0	2026-09-13 02:52:25.862	1m 28s	55s	170.8%	2.9 GB	15.2 GB	1.8 GB	3.2 MB
153	9b/d9ea83	59635464_31	NFCORE_MAG:MAG:SHORTREAD_PREPROCESSING:FASTQC_TRIMMED (strain_sample_29_run0)	CACHED	0	2026-09-13 02:45:53.900	1m 29s	50s	181.4%	2.9 GB	15.2 GB	1.7 GB	3.3 MB
160	3b/76345a	59634777_43	NFCORE_MAG:MAG:SHORTREAD_PREPROCESSING:FASTP (strain_sample_32_run0)	CACHED	0	2026-09-13 02:40:55.476	1m 58s	56.2s	282.9%	1.3 GB	1.8 GB	1.9 GB	1.7 GB
165	65/7589ca	59636063_81	NFCORE_MAG:MAG:SHORTREAD_PREPROCESSING:FASTQC_RAW (strain_sample_71_run0_raw)	CACHED	0	2026-09-13 02:52:25.862	1m 28s	43s	185.4%	2.6 GB	15.3 GB	1.8 GB	3.2 MB
150	cb/94a5f1	59634777_39	NFCORE_MAG:MAG:SHORTREAD_PREPROCESSING:FASTP (strain_sample_30_run0)	CACHED	0	2026-09-13 02:40:55.476	1m 58s	58.4s	272.4%	1.3 GB	1.9 GB	1.9 GB	1.7 GB
169	e0/fa5b18	59636063_85	NFCORE_MAG:MAG:SHORTREAD_PREPROCESSING:FASTQC_RAW (strain_sample_74_run0_raw)	CACHED	0	2026-09-13 02:52:25.862	1m 28s	44s	181.7%	2.8 GB	15.2 GB	1.8 GB	3.2 MB
166	87/69abca	59636063_82	NFCORE_MAG:MAG:SHORTREAD_PREPROCESSING:FASTQC_RAW (strain_sample_72_run0_raw)	CACHED	0	2026-09-13 02:52:25.862	1m 28s	44s	183.1%	2.8 GB	15.2 GB	1.8 GB	3.2 MB
167	97/2233b0	59636063_83	NFCORE_MAG:MAG:SHORTREAD_PREPROCESSING:FASTQC_RAW (strain_sample_73_run0_raw)	CACHED	0	2026-09-13 02:52:25.862	1m 28s	44s	182.4%	2.8 GB	15.2 GB	1.8 GB	3.2 MB
168	ca/9d51d6	59635464_28	NFCORE_MAG:MAG:SHORTREAD_PREPROCESSING:FASTQC_TRIMMED (strain_sample_31_run0)	CACHED	0	2026-09-13 02:45:53.900	1m 29s	49s	183.0%	2.9 GB	15.2 GB	1.7 GB	3.3 MB
161	a7/235e1b	59635464_21	NFCORE_MAG:MAG:SHORTREAD_PREPROCESSING:FASTQC_TRIMMED (strain_sample_28_run0)	CACHED	0	2026-09-13 02:45:53.900	1m 29s	43s	182.5%	2.7 GB	15.2 GB	1.7 GB	3.3 MB
142	85/f04673	59634777_36	NFCORE_MAG:MAG:SHORTREAD_PREPROCESSING:FASTP (strain_sample_27_run0)	CACHED	0	2026-09-13 02:40:55.476	1m 58s	1m 3s	256.3%	1.3 GB	1.8 GB	1.9 GB	1.7 GB
175	71/419d34	59635464_24	NFCORE_MAG:MAG:SHORTREAD_PREPROCESSING:FASTQC_TRIMMED (strain_sample_30_run0)	CACHED	0	2026-09-13 02:45:53.900	1m 29s	50s	176.0%	3.2 GB	15.2 GB	1.7 GB	3.3 MB
174	69/0896a9	59636063_87	NFCORE_MAG:MAG:SHORTREAD_PREPROCESSING:FASTQC_RAW (strain_sample_76_run0_raw)	CACHED	0	2026-09-13 02:52:25.862	1m 28s	43s	185.3%	3 GB	15.2 GB	1.8 GB	3.2 MB
172	61/0355e4	59634777_45	NFCORE_MAG:MAG:SHORTREAD_PREPROCESSING:FASTP (strain_sample_34_run0)	CACHED	0	2026-09-13 02:40:55.476	1m 58s	53.2s	294.3%	1.3 GB	1.8 GB	1.9 GB	1.7 GB
162	d8/dbcc5a	59634777_41	NFCORE_MAG:MAG:SHORTREAD_PREPROCESSING:FASTP (strain_sample_33_run0)	CACHED	0	2026-09-13 02:40:55.476	1m 58s	55.2s	277.4%	1.3 GB	1.8 GB	1.9 GB	1.7 GB
176	a7/058200	59636063_91	NFCORE_MAG:MAG:SHORTREAD_PREPROCESSING:FASTQC_RAW (strain_sample_77_run0_raw)	CACHED	0	2026-09-13 02:52:25.862	1m 28s	43s	183.9%	2.7 GB	15.2 GB	1.8 GB	3.2 MB
173	f4/e2f3ca	59634777_44	NFCORE_MAG:MAG:SHORTREAD_PREPROCESSING:FASTP (strain_sample_35_run0)	CACHED	0	2026-09-13 02:40:55.476	1m 58s	56.9s	281.2%	1.3 GB	1.9 GB	1.9 GB	1.7 GB
178	da/1eb671	59636063_88	NFCORE_MAG:MAG:SHORTREAD_PREPROCESSING:FASTQC_RAW (strain_sample_78_run0_raw)	CACHED	0	2026-09-13 02:52:25.862	1m 28s	43s	183.2%	2.8 GB	15.2 GB	1.8 GB	3.2 MB
181	f2/31db04	59635464_25	NFCORE_MAG:MAG:SHORTREAD_PREPROCESSING:FASTQC_TRIMMED (strain_sample_27_run0)	CACHED	0	2026-09-13 02:45:53.900	1m 29s	44s	180.2%	3.1 GB	15.2 GB	1.7 GB	3.3 MB
171	73/50836b	59635464_30	NFCORE_MAG:MAG:SHORTREAD_PREPROCESSING:FASTQC_TRIMMED (strain_sample_32_run0)	CACHED	0	2026-09-13 02:45:53.900	1m 29s	55s	177.6%	2.8 GB	15.2 GB	1.7 GB	3.3 MB
179	7c/b59ff5	59636063_86	NFCORE_MAG:MAG:SHORTREAD_PREPROCESSING:FASTQC_RAW (strain_sample_79_run0_raw)	CACHED	0	2026-09-13 02:52:25.862	1m 28s	43s	185.0%	2.7 GB	15.2 GB	1.8 GB	3.2 MB
170	65/83fe43	59636063_84	NFCORE_MAG:MAG:SHORTREAD_PREPROCESSING:FASTQC_RAW (strain_sample_75_run0_raw)	CACHED	0	2026-09-13 02:52:25.862	1m 28s	43s	184.6%	2.6 GB	15.2 GB	1.8 GB	3.2 MB
184	ce/013526	59635464_50	NFCORE_MAG:MAG:SHORTREAD_PREPROCESSING:FASTQC_TRIMMED (strain_sample_33_run0)	CACHED	0	2026-09-13 02:45:53.900	1m 59s	46s	180.5%	2.8 GB	15.3 GB	1.7 GB	3.3 MB
186	cb/203acb	59636063_90	NFCORE_MAG:MAG:SHORTREAD_PREPROCESSING:FASTQC_RAW (strain_sample_81_run0_raw)	CACHED	0	2026-09-13 02:52:25.862	1m 28s	44s	179.0%	3 GB	15.2 GB	1.8 GB	3.2 MB
189	6c/dab24d	59634777_52	NFCORE_MAG:MAG:SHORTREAD_PREPROCESSING:FASTP (strain_sample_39_run0)	CACHED	0	2026-09-13 02:40:55.476	1m 58s	53.6s	291.8%	1.3 GB	1.9 GB	1.9 GB	1.7 GB
187	f0/7d3e36	59635464_33	NFCORE_MAG:MAG:SHORTREAD_PREPROCESSING:FASTQC_TRIMMED (strain_sample_35_run0)	CACHED	0	2026-09-13 02:45:53.900	1m 29s	47s	180.7%	2.6 GB	15.3 GB	1.7 GB	3.3 MB
185	a9/370c36	59634777_48	NFCORE_MAG:MAG:SHORTREAD_PREPROCESSING:FASTP (strain_sample_38_run0)	CACHED	0	2026-09-13 02:40:55.476	1m 58s	51.9s	302.1%	1.3 GB	1.8 GB	1.9 GB	1.7 GB
182	d2/fb21a8	59634777_46	NFCORE_MAG:MAG:SHORTREAD_PREPROCESSING:FASTP (strain_sample_37_run0)	CACHED	0	2026-09-13 02:40:55.476	1m 58s	52.2s	300.7%	1.3 GB	1.8 GB	1.9 GB	1.7 GB
188	63/ceef82	59636063_92	NFCORE_MAG:MAG:SHORTREAD_PREPROCESSING:FASTQC_RAW (strain_sample_82_run0_raw)	CACHED	0	2026-09-13 02:52:25.862	1m 28s	44s	180.9%	2.8 GB	15.3 GB	1.8 GB	3.2 MB
177	f8/0528bf	59634777_47	NFCORE_MAG:MAG:SHORTREAD_PREPROCESSING:FASTP (strain_sample_36_run0)	CACHED	0	2026-09-13 02:40:55.476	1m 58s	53.5s	297.2%	1.3 GB	1.8 GB	1.9 GB	1.7 GB
191	b0/c8e09a	59636063_94	NFCORE_MAG:MAG:SHORTREAD_PREPROCESSING:FASTQC_RAW (strain_sample_83_run0_raw)	CACHED	0	2026-09-13 02:52:25.862	1m 28s	44s	182.5%	2.9 GB	15.2 GB	1.8 GB	3.2 MB
183	c7/44ef77	59635464_29	NFCORE_MAG:MAG:SHORTREAD_PREPROCESSING:FASTQC_TRIMMED (strain_sample_34_run0)	CACHED	0	2026-09-13 02:45:53.900	1m 29s	51s	178.5%	3.2 GB	15.2 GB	1.7 GB	3.3 MB
197	4c/27c9c4	59635464_49	NFCORE_MAG:MAG:SHORTREAD_PREPROCESSING:FASTQC_TRIMMED (strain_sample_38_run0)	CACHED	0	2026-09-13 02:45:53.900	1m 59s	40s	181.1%	3.2 GB	15.3 GB	1.7 GB	3.3 MB
192	43/e75a9d	59636063_93	NFCORE_MAG:MAG:SHORTREAD_PREPROCESSING:FASTQC_RAW (strain_sample_84_run0_raw)	CACHED	0	2026-09-13 02:52:25.862	1m 28s	44s	182.2%	2.8 GB	15.3 GB	1.8 GB	3.2 MB
194	e6/3e4c66	59636063_96	NFCORE_MAG:MAG:SHORTREAD_PREPROCESSING:FASTQC_RAW (strain_sample_85_run0_raw)	CACHED	0	2026-09-13 02:52:25.862	1m 28s	44s	180.3%	2.5 GB	15.3 GB	1.8 GB	3.2 MB
193	2c/e4b155	59635464_37	NFCORE_MAG:MAG:SHORTREAD_PREPROCESSING:FASTQC_TRIMMED (strain_sample_39_run0)	CACHED	0	2026-09-13 02:45:53.900	1m 29s	51s	180.7%	3.1 GB	15.2 GB	1.7 GB	3.3 MB
190	7e/164f09	59634777_49	NFCORE_MAG:MAG:SHORTREAD_PREPROCESSING:FASTP (strain_sample_40_run0)	CACHED	0	2026-09-13 02:40:55.476	1m 58s	52.5s	297.8%	1.3 GB	1.8 GB	1.9 GB	1.7 GB
203	77/40ced8	59636063_98	NFCORE_MAG:MAG:SHORTREAD_PREPROCESSING:FASTQC_RAW (strain_sample_87_run0_raw)	CACHED	0	2026-09-13 02:52:25.862	1m 28s	51s	183.6%	2.9 GB	15.3 GB	1.8 GB	3.2 MB
196	e5/fe597a	59635464_35	NFCORE_MAG:MAG:SHORTREAD_PREPROCESSING:FASTQC_TRIMMED (strain_sample_37_run0)	CACHED	0	2026-09-13 02:45:53.900	1m 29s	46s	183.0%	3.1 GB	15.3 GB	1.7 GB	3.3 MB
198	13/a740fc	59636063_95	NFCORE_MAG:MAG:SHORTREAD_PREPROCESSING:FASTQC_RAW (strain_sample_86_run0_raw)	CACHED	0	2026-09-13 02:52:25.862	1m 28s	44s	181.7%	2.8 GB	15.2 GB	1.8 GB	3.2 MB
199	a6/8b89af	59634777_50	NFCORE_MAG:MAG:SHORTREAD_PREPROCESSING:FASTP (strain_sample_42_run0)	CACHED	0	2026-09-13 02:40:55.476	1m 58s	51.6s	300.6%	1.3 GB	1.8 GB	1.9 GB	1.7 GB
206	96/f14ba7	59635464_32	NFCORE_MAG:MAG:SHORTREAD_PREPROCESSING:FASTQC_TRIMMED (strain_sample_40_run0)	CACHED	0	2026-09-13 02:45:53.900	1m 29s	54s	176.1%	3 GB	15.2 GB	1.7 GB	3.3 MB
202	95/e75bc1	59634777_53	NFCORE_MAG:MAG:SHORTREAD_PREPROCESSING:FASTP (strain_sample_44_run0)	CACHED	0	2026-09-13 02:40:55.476	1m 58s	1m 5s	252.3%	1.3 GB	1.8 GB	1.9 GB	1.7 GB
195	46/0bd52f	59634777_51	NFCORE_MAG:MAG:SHORTREAD_PREPROCESSING:FASTP (strain_sample_41_run0)	CACHED	0	2026-09-13 02:40:55.476	1m 58s	54.2s	288.1%	1.3 GB	1.9 GB	1.9 GB	1.7 GB
205	cf/57e508	59636063_99	NFCORE_MAG:MAG:SHORTREAD_PREPROCESSING:FASTQC_RAW (strain_sample_89_run0_raw)	CACHED	0	2026-09-13 02:52:25.862	1m 28s	52s	181.9%	2.9 GB	15.3 GB	1.8 GB	3.2 MB
204	bf/6595ac	59635646_1	NFCORE_MAG:MAG:SHORTREAD_PREPROCESSING:FASTQC_RAW (strain_sample_88_run0_raw)	CACHED	0	2026-09-13 02:48:53.910	1m 29s	41s	180.6%	2.8 GB	15.3 GB	1.8 GB	3.2 MB
180	c5/fa5e28	59636063_89	NFCORE_MAG:MAG:SHORTREAD_PREPROCESSING:FASTQC_RAW (strain_sample_80_run0_raw)	CACHED	0	2026-09-13 02:52:25.862	1m 28s	44s	182.4%	2.6 GB	15.2 GB	1.8 GB	3.2 MB
201	09/1ba65f	59634777_54	NFCORE_MAG:MAG:SHORTREAD_PREPROCESSING:FASTP (strain_sample_43_run0)	CACHED	0	2026-09-13 02:40:55.476	1m 58s	1m 5s	252.6%	1.3 GB	1.9 GB	1.9 GB	1.7 GB
209	07/ce3b55	59635464_39	NFCORE_MAG:MAG:SHORTREAD_PREPROCESSING:FASTQC_TRIMMED (strain_sample_42_run0)	CACHED	0	2026-09-13 02:45:53.900	1m 29s	54s	179.2%	3.3 GB	15.2 GB	1.7 GB	3.3 MB
210	95/dc8044	59635646_0	NFCORE_MAG:MAG:SHORTREAD_PREPROCESSING:FASTQC_RAW (strain_sample_91_run0_raw)	CACHED	0	2026-09-13 02:48:53.910	1m 29s	41s	182.0%	2.7 GB	15.3 GB	1.8 GB	3.2 MB
200	42/621cdf	59635464_34	NFCORE_MAG:MAG:SHORTREAD_PREPROCESSING:FASTQC_TRIMMED (strain_sample_36_run0)	CACHED	0	2026-09-13 02:45:53.900	1m 29s	47s	177.6%	3.4 GB	15.3 GB	1.7 GB	3.3 MB
212	4e/89ffb9	59635646_2	NFCORE_MAG:MAG:SHORTREAD_PREPROCESSING:FASTQC_RAW (strain_sample_92_run0_raw)	CACHED	0	2026-09-13 02:48:53.910	1m 29s	41s	182.8%	2.7 GB	15.3 GB	1.8 GB	3.2 MB
208	38/1e3fd5	59636063_97	NFCORE_MAG:MAG:SHORTREAD_PREPROCESSING:FASTQC_RAW (strain_sample_90_run0_raw)	CACHED	0	2026-09-13 02:52:25.862	1m 28s	43s	183.9%	3 GB	15.2 GB	1.8 GB	3.2 MB
211	35/02c163	59635464_42	NFCORE_MAG:MAG:SHORTREAD_PREPROCESSING:FASTQC_TRIMMED (strain_sample_44_run0)	CACHED	0	2026-09-13 02:45:53.900	1m 29s	53s	180.9%	3.2 GB	15.3 GB	1.7 GB	3.3 MB
207	3d/cbb5cf	59634777_56	NFCORE_MAG:MAG:SHORTREAD_PREPROCESSING:FASTP (strain_sample_45_run0)	CACHED	0	2026-09-13 02:40:55.476	1m 58s	1m 1s	271.8%	1.3 GB	1.9 GB	1.9 GB	1.7 GB
219	a7/b7db27	59635646_5	NFCORE_MAG:MAG:SHORTREAD_PREPROCESSING:FASTQC_RAW (strain_sample_95_run0_raw)	CACHED	0	2026-09-13 02:48:53.910	1m 29s	47s	181.1%	2.9 GB	15.3 GB	1.8 GB	3.2 MB
218	ae/29dcab	59635464_36	NFCORE_MAG:MAG:SHORTREAD_PREPROCESSING:FASTQC_TRIMMED (strain_sample_41_run0)	CACHED	0	2026-09-13 02:45:53.900	1m 29s	46s	181.7%	3 GB	15.3 GB	1.7 GB	3.3 MB
213	5e/43c795	59634777_55	NFCORE_MAG:MAG:SHORTREAD_PREPROCESSING:FASTP (strain_sample_46_run0)	CACHED	0	2026-09-13 02:40:55.476	2m 28s	1m 14s	237.5%	1.3 GB	1.9 GB	1.9 GB	1.7 GB
217	ea/d55141	59635646_3	NFCORE_MAG:MAG:SHORTREAD_PREPROCESSING:FASTQC_RAW (strain_sample_94_run0_raw)	CACHED	0	2026-09-13 02:48:53.910	59.4s	39s	185.6%	2.7 GB	15.3 GB	1.8 GB	3.2 MB
215	aa/89ceda	59634777_58	NFCORE_MAG:MAG:SHORTREAD_PREPROCESSING:FASTP (strain_sample_47_run0)	CACHED	0	2026-09-13 02:40:55.476	1m 58s	51.3s	296.8%	1.3 GB	1.8 GB	1.9 GB	1.7 GB
221	2f/1bfc93	59635646_4	NFCORE_MAG:MAG:SHORTREAD_PREPROCESSING:FASTQC_RAW (strain_sample_96_run0_raw)	CACHED	0	2026-09-13 02:48:53.910	1m 29s	47s	180.5%	2.9 GB	15.3 GB	1.8 GB	3.2 MB
214	31/96d699	59635646_6	NFCORE_MAG:MAG:SHORTREAD_PREPROCESSING:FASTQC_RAW (strain_sample_93_run0_raw)	CACHED	0	2026-09-13 02:48:53.910	1m 29s	46s	184.3%	2.9 GB	15.3 GB	1.8 GB	3.2 MB
223	3e/f7acf3	59635646_7	NFCORE_MAG:MAG:SHORTREAD_PREPROCESSING:FASTQC_RAW (strain_sample_97_run0_raw)	CACHED	0	2026-09-13 02:48:53.910	1m 29s	47s	183.2%	2.9 GB	15.3 GB	1.8 GB	3.2 MB
220	f5/e10ef5	59635464_40	NFCORE_MAG:MAG:SHORTREAD_PREPROCESSING:FASTQC_TRIMMED (strain_sample_43_run0)	CACHED	0	2026-09-13 02:45:53.900	1m 29s	52s	181.5%	3.3 GB	15.3 GB	1.7 GB	3.3 MB
226	1d/1a11f4	59634777_60	NFCORE_MAG:MAG:SHORTREAD_PREPROCESSING:FASTP (strain_sample_50_run0)	CACHED	0	2026-09-13 02:40:55.476	1m 58s	51.2s	294.5%	1.3 GB	1.9 GB	1.9 GB	1.7 GB
224	fb/8c6235	59635464_43	NFCORE_MAG:MAG:SHORTREAD_PREPROCESSING:FASTQC_TRIMMED (strain_sample_45_run0)	CACHED	0	2026-09-13 02:45:53.900	1m 29s	54s	176.8%	2.9 GB	15.3 GB	1.7 GB	3.3 MB
216	cc/b44760	59634777_57	NFCORE_MAG:MAG:SHORTREAD_PREPROCESSING:FASTP (strain_sample_48_run0)	CACHED	0	2026-09-13 02:40:55.476	1m 58s	52.9s	285.5%	1.3 GB	1.8 GB	1.9 GB	1.7 GB
232	6b/38b025	59635646_9	NFCORE_MAG:MAG:SHORTREAD_PREPROCESSING:FASTQC_RAW (toy_hmp_airskinurogenital_sample_0_run0_raw)	CACHED	0	2026-09-13 02:48:53.910	2m 29s	1m 56s	184.3%	2.9 GB	15.2 GB	4.4 GB	3.2 MB
233	83/2488b1	59635646_10	NFCORE_MAG:MAG:SHORTREAD_PREPROCESSING:FASTQC_RAW (toy_hmp_airskinurogenital_sample_1_run0_raw)	CACHED	0	2026-09-13 02:48:53.910	2m 29s	1m 39s	188.7%	2.7 GB	15.3 GB	4.4 GB	3.2 MB
229	3b/78d389	59635646_8	NFCORE_MAG:MAG:SHORTREAD_PREPROCESSING:FASTQC_RAW (strain_sample_99_run0_raw)	CACHED	0	2026-09-13 02:48:53.910	1m 29s	46s	184.5%	3 GB	15.3 GB	1.8 GB	3.2 MB
227	90/098eb0	59635464_92	NFCORE_MAG:MAG:SHORTREAD_PREPROCESSING:FASTQC_TRIMMED (strain_sample_46_run0)	CACHED	0	2026-09-13 02:45:53.900	2m	40s	181.7%	2.9 GB	15.3 GB	1.7 GB	3.3 MB
235	09/1ff4ef	59635464_45	NFCORE_MAG:MAG:SHORTREAD_PREPROCESSING:FASTQC_TRIMMED (strain_sample_50_run0)	CACHED	0	2026-09-13 02:45:53.900	1m 29s	51s	179.6%	2.9 GB	15.2 GB	1.7 GB	3.3 MB
228	52/168b21	59634777_62	NFCORE_MAG:MAG:SHORTREAD_PREPROCESSING:FASTP (strain_sample_51_run0)	CACHED	0	2026-09-13 02:40:55.476	1m 58s	54s	289.9%	1.3 GB	1.8 GB	1.9 GB	1.7 GB
231	38/64ad1c	59635464_38	NFCORE_MAG:MAG:SHORTREAD_PREPROCESSING:FASTQC_TRIMMED (strain_sample_47_run0)	CACHED	0	2026-09-13 02:45:53.900	1m 29s	53s	179.3%	2.8 GB	15.3 GB	1.7 GB	3.3 MB
237	70/dbc1bf	59635464_46	NFCORE_MAG:MAG:SHORTREAD_PREPROCESSING:FASTQC_TRIMMED (strain_sample_48_run0)	CACHED	0	2026-09-13 02:45:53.900	1m 29s	50s	176.4%	3.1 GB	15.3 GB	1.7 GB	3.3 MB
225	67/fa1746	59635646_11	NFCORE_MAG:MAG:SHORTREAD_PREPROCESSING:FASTQC_RAW (strain_sample_98_run0_raw)	CACHED	0	2026-09-13 02:48:53.910	1m 29s	47s	182.1%	2.6 GB	15.3 GB	1.8 GB	3.2 MB
236	89/54006c	59634777_63	NFCORE_MAG:MAG:SHORTREAD_PREPROCESSING:FASTP (strain_sample_53_run0)	CACHED	0	2026-09-13 02:40:55.476	1m 58s	55.2s	284.9%	1.3 GB	1.9 GB	1.9 GB	1.7 GB
234	50/3f6ecf	59635646_12	NFCORE_MAG:MAG:SHORTREAD_PREPROCESSING:FASTQC_RAW (toy_hmp_airskinurogenital_sample_2_run0_raw)	CACHED	0	2026-09-13 02:48:53.910	2m 29s	1m 41s	187.9%	2.8 GB	15.3 GB	4.4 GB	3.2 MB
230	c3/051eef	59634777_59	NFCORE_MAG:MAG:SHORTREAD_PREPROCESSING:FASTP (strain_sample_52_run0)	CACHED	0	2026-09-13 02:40:55.476	1m 58s	50.7s	301.1%	1.3 GB	1.8 GB	1.9 GB	1.7 GB
239	19/bcf7c3	59635646_13	NFCORE_MAG:MAG:SHORTREAD_PREPROCESSING:FASTQC_RAW (toy_hmp_airskinurogenital_sample_3_run0_raw)	CACHED	0	2026-09-13 02:48:53.910	2m 29s	1m 46s	185.7%	2.8 GB	15.3 GB	4.4 GB	3.2 MB
240	8f/753f12	59635646_14	NFCORE_MAG:MAG:SHORTREAD_PREPROCESSING:FASTQC_RAW (toy_hmp_airskinurogenital_sample_4_run0_raw)	CACHED	0	2026-09-13 02:48:53.911	2m 29s	1m 46s	187.2%	2.8 GB	15.3 GB	4.4 GB	3.3 MB
241	d7/d0deed	59635646_15	NFCORE_MAG:MAG:SHORTREAD_PREPROCESSING:FASTQC_RAW (toy_hmp_airskinurogenital_sample_5_run0_raw)	CACHED	0	2026-09-13 02:48:53.911	2m 29s	1m 45s	189.1%	2.8 GB	15.2 GB	4.4 GB	3.2 MB
242	62/0aad6d	59635464_48	NFCORE_MAG:MAG:SHORTREAD_PREPROCESSING:FASTQC_TRIMMED (strain_sample_51_run0)	CACHED	0	2026-09-13 02:45:53.900	1m 59s	42s	178.3%	3.2 GB	15.2 GB	1.7 GB	3.3 MB
222	ed/090a65	59634777_61	NFCORE_MAG:MAG:SHORTREAD_PREPROCESSING:FASTP (strain_sample_49_run0)	CACHED	0	2026-09-13 02:40:55.476	1m 58s	50.6s	297.8%	1.3 GB	1.9 GB	1.9 GB	1.7 GB
238	4d/118806	59634777_66	NFCORE_MAG:MAG:SHORTREAD_PREPROCESSING:FASTP (strain_sample_54_run0)	CACHED	0	2026-09-13 02:40:55.476	1m 58s	1m 3s	255.3%	1.3 GB	1.8 GB	1.9 GB	1.7 GB
246	5c/46e251	59634777_65	NFCORE_MAG:MAG:SHORTREAD_PREPROCESSING:FASTP (strain_sample_55_run0)	CACHED	0	2026-09-13 02:40:55.476	1m 58s	1m 2s	259.8%	1.3 GB	1.8 GB	1.9 GB	1.7 GB
244	08/31de7e	59635464_41	NFCORE_MAG:MAG:SHORTREAD_PREPROCESSING:FASTQC_TRIMMED (strain_sample_52_run0)	CACHED	0	2026-09-13 02:45:53.900	1m 29s	52s	178.9%	3.4 GB	15.3 GB	1.7 GB	3.3 MB
243	85/5fd2a8	59635464_47	NFCORE_MAG:MAG:SHORTREAD_PREPROCESSING:FASTQC_TRIMMED (strain_sample_53_run0)	CACHED	0	2026-09-13 02:45:53.900	1m 59s	38s	177.2%	3.6 GB	15.2 GB	1.7 GB	3.3 MB
251	3b/e61232	59635646_21	NFCORE_MAG:MAG:SHORTREAD_PREPROCESSING:FASTQC_RAW (toy_hmp_airskinurogenital_sample_9_run0_raw)	CACHED	0	2026-09-13 02:48:53.911	2m 29s	1m 59s	187.0%	2.8 GB	15.3 GB	4.4 GB	3.2 MB
255	f4/500e21	59635464_52	NFCORE_MAG:MAG:SHORTREAD_PREPROCESSING:FASTQC_TRIMMED (strain_sample_54_run0)	CACHED	0	2026-09-13 02:45:53.900	1m 59s	51s	177.0%	3.1 GB	15.3 GB	1.7 GB	3.3 MB
256	0e/22f8b9	59635464_56	NFCORE_MAG:MAG:SHORTREAD_PREPROCESSING:FASTQC_TRIMMED (strain_sample_55_run0)	CACHED	0	2026-09-13 02:45:53.900	1m 59s	48s	179.7%	3 GB	15.2 GB	1.7 GB	3.3 MB
254	2a/f0a471	59634777_67	NFCORE_MAG:MAG:SHORTREAD_PREPROCESSING:FASTP (strain_sample_58_run0)	CACHED	0	2026-09-13 02:40:55.476	1m 58s	1m 5s	252.1%	1.3 GB	1.8 GB	1.9 GB	1.7 GB
245	e4/08bee1	59635646_16	NFCORE_MAG:MAG:SHORTREAD_PREPROCESSING:FASTQC_RAW (toy_hmp_airskinurogenital_sample_6_run0_raw)	CACHED	0	2026-09-13 02:48:53.911	2m 29s	1m 50s	188.9%	2.7 GB	15.3 GB	4.4 GB	3.2 MB
253	1f/9667bb	59635464_44	NFCORE_MAG:MAG:SHORTREAD_PREPROCESSING:FASTQC_TRIMMED (strain_sample_49_run0)	CACHED	0	2026-09-13 02:45:53.900	1m 29s	52s	179.6%	3.2 GB	15.3 GB	1.7 GB	3.3 MB
247	46/fa1418	59634777_64	NFCORE_MAG:MAG:SHORTREAD_PREPROCESSING:FASTP (strain_sample_56_run0)	CACHED	0	2026-09-13 02:40:55.476	1m 58s	53.3s	288.1%	1.3 GB	1.9 GB	1.9 GB	1.7 GB
250	90/d462a7	59635646_18	NFCORE_MAG:MAG:SHORTREAD_PREPROCESSING:FASTQC_RAW (toy_hmp_airskinurogenital_sample_8_run0_raw)	CACHED	0	2026-09-13 02:48:53.911	2m 29s	1m 47s	188.4%	2.8 GB	15.2 GB	4.4 GB	3.3 MB
252	64/63a879	59635646_20	NFCORE_MAG:MAG:SHORTREAD_PREPROCESSING:FASTQC_RAW (toy_hmp_airskinurogenital_sample_10_run0_raw)	CACHED	0	2026-09-13 02:48:53.911	2m 29s	1m 59s	188.0%	2.8 GB	15.2 GB	4.4 GB	3.2 MB
248	24/84cb48	59634777_69	NFCORE_MAG:MAG:SHORTREAD_PREPROCESSING:FASTP (strain_sample_57_run0)	CACHED	0	2026-09-13 02:40:55.476	1m 58s	50.8s	291.7%	1.3 GB	1.9 GB	1.9 GB	1.7 GB
249	c5/6fffbf	59635646_17	NFCORE_MAG:MAG:SHORTREAD_PREPROCESSING:FASTQC_RAW (toy_hmp_airskinurogenital_sample_7_run0_raw)	CACHED	0	2026-09-13 02:48:53.911	2m 29s	1m 59s	185.7%	2.8 GB	15.3 GB	4.4 GB	3.3 MB
257	fd/80098e	59634777_68	NFCORE_MAG:MAG:SHORTREAD_PREPROCESSING:FASTP (strain_sample_59_run0)	CACHED	0	2026-09-13 02:40:55.476	1m 58s	58.9s	276.8%	1.3 GB	1.8 GB	1.9 GB	1.7 GB
259	e9/bdddbd	59635646_23	NFCORE_MAG:MAG:SHORTREAD_PREPROCESSING:FASTQC_RAW (toy_hmp_airskinurogenital_sample_11_run0_raw)	CACHED	0	2026-09-13 02:48:53.911	2m 29s	2m 6s	184.3%	2.9 GB	15.2 GB	4.4 GB	3.2 MB
260	b7/18a6a6	59635464_54	NFCORE_MAG:MAG:SHORTREAD_PREPROCESSING:FASTQC_TRIMMED (strain_sample_58_run0)	CACHED	0	2026-09-13 02:45:53.900	1m 59s	53s	177.5%	3 GB	15.3 GB	1.7 GB	3.3 MB
264	98/18bcf1	59635646_24	NFCORE_MAG:MAG:SHORTREAD_PREPROCESSING:FASTQC_RAW (toy_hmp_airskinurogenital_sample_13_run0_raw)	CACHED	0	2026-09-13 02:48:53.911	2m 29s	2m	186.9%	2.9 GB	15.3 GB	4.4 GB	3.2 MB
261	18/8dedc5	59635646_19	NFCORE_MAG:MAG:SHORTREAD_PREPROCESSING:FASTQC_RAW (toy_hmp_airskinurogenital_sample_12_run0_raw)	CACHED	0	2026-09-13 02:48:53.911	2m 29s	2m 7s	181.9%	2.7 GB	15.3 GB	4.4 GB	3.2 MB
258	76/1e7d37	59634777_70	NFCORE_MAG:MAG:SHORTREAD_PREPROCESSING:FASTP (strain_sample_60_run0)	CACHED	0	2026-09-13 02:40:55.476	1m 58s	55.8s	259.9%	1.3 GB	1.8 GB	1.9 GB	1.7 GB
265	f4/1f6426	59635646_22	NFCORE_MAG:MAG:SHORTREAD_PREPROCESSING:FASTQC_RAW (toy_hmp_airskinurogenital_sample_14_run0_raw)	CACHED	0	2026-09-13 02:48:53.911	2m 29s	1m 59s	187.0%	3 GB	15.2 GB	4.4 GB	3.2 MB
270	35/00c584	59635646_26	NFCORE_MAG:MAG:SHORTREAD_PREPROCESSING:FASTQC_RAW (toy_hmp_airskinurogenital_sample_16_run0_raw)	CACHED	0	2026-09-13 02:48:53.911	2m 29s	1m 48s	188.3%	2.8 GB	15.3 GB	4.4 GB	3.2 MB
263	09/8c75bd	59635464_51	NFCORE_MAG:MAG:SHORTREAD_PREPROCESSING:FASTQC_TRIMMED (strain_sample_56_run0)	CACHED	0	2026-09-13 02:45:53.900	1m 59s	57s	178.1%	3.2 GB	15.3 GB	1.7 GB	3.3 MB
267	a6/321512	59635464_58	NFCORE_MAG:MAG:SHORTREAD_PREPROCESSING:FASTQC_TRIMMED (strain_sample_59_run0)	CACHED	0	2026-09-13 02:45:53.900	1m 59s	45s	182.0%	3.4 GB	15.3 GB	1.7 GB	3.3 MB
273	14/487f36	59635464_55	NFCORE_MAG:MAG:SHORTREAD_PREPROCESSING:FASTQC_TRIMMED (strain_sample_60_run0)	CACHED	0	2026-09-13 02:45:53.900	1m 59s	59s	177.6%	3 GB	15.2 GB	1.7 GB	3.3 MB
266	11/513085	59635646_25	NFCORE_MAG:MAG:SHORTREAD_PREPROCESSING:FASTQC_RAW (toy_hmp_airskinurogenital_sample_15_run0_raw)	CACHED	0	2026-09-13 02:48:53.911	2m 29s	2m 1s	184.8%	2.8 GB	15.3 GB	4.4 GB	3.2 MB
268	89/355b7f	59635464_53	NFCORE_MAG:MAG:SHORTREAD_PREPROCESSING:FASTQC_TRIMMED (strain_sample_57_run0)	CACHED	0	2026-09-13 02:45:53.900	1m 59s	52s	181.5%	3 GB	15.3 GB	1.7 GB	3.3 MB
275	ea/d356b4	59634777_73	NFCORE_MAG:MAG:SHORTREAD_PREPROCESSING:FASTP (strain_sample_64_run0)	CACHED	0	2026-09-13 02:40:55.476	1m 58s	47.6s	304.6%	1.3 GB	1.8 GB	1.8 GB	1.7 GB
271	bc/6601bb	59634777_72	NFCORE_MAG:MAG:SHORTREAD_PREPROCESSING:FASTP (strain_sample_63_run0)	CACHED	0	2026-09-13 02:40:55.476	1m 58s	48.1s	305.8%	1.3 GB	1.8 GB	1.9 GB	1.7 GB
269	dd/5ed059	59634777_75	NFCORE_MAG:MAG:SHORTREAD_PREPROCESSING:FASTP (strain_sample_62_run0)	CACHED	0	2026-09-13 02:40:55.476	1m 58s	48.6s	304.8%	1.3 GB	1.9 GB	1.9 GB	1.7 GB
274	0c/734f8a	59635646_27	NFCORE_MAG:MAG:SHORTREAD_PREPROCESSING:FASTQC_RAW (toy_hmp_airskinurogenital_sample_18_run0_raw)	CACHED	0	2026-09-13 02:48:53.911	2m 29s	1m 54s	183.0%	2.9 GB	15.2 GB	4.4 GB	3.2 MB
262	52/e7598b	59634777_71	NFCORE_MAG:MAG:SHORTREAD_PREPROCESSING:FASTP (strain_sample_61_run0)	CACHED	0	2026-09-13 02:40:55.476	1m 58s	49.6s	297.5%	1.3 GB	1.9 GB	1.9 GB	1.7 GB
277	fc/7707e5	59635646_31	NFCORE_MAG:MAG:SHORTREAD_PREPROCESSING:FASTQC_RAW (toy_hmp_airskinurogenital_sample_19_run0_raw)	CACHED	0	2026-09-13 02:48:53.911	2m 59s	2m 8s	185.5%	3 GB	15.3 GB	4.4 GB	3.2 MB
279	c6/ce0c6f	59635646_32	NFCORE_MAG:MAG:SHORTREAD_PREPROCESSING:FASTQC_RAW (toy_hmp_airskinurogenital_sample_21_run0_raw)	CACHED	0	2026-09-13 02:48:53.911	2m 59s	2m 9s	186.6%	3 GB	15.3 GB	4.4 GB	3.2 MB
272	48/c855e1	59635646_28	NFCORE_MAG:MAG:SHORTREAD_PREPROCESSING:FASTQC_RAW (toy_hmp_airskinurogenital_sample_17_run0_raw)	CACHED	0	2026-09-13 02:48:53.911	2m 29s	1m 50s	187.6%	2.9 GB	15.3 GB	4.4 GB	3.2 MB
278	22/bba204	59635646_29	NFCORE_MAG:MAG:SHORTREAD_PREPROCESSING:FASTQC_RAW (toy_hmp_airskinurogenital_sample_20_run0_raw)	CACHED	0	2026-09-13 02:48:53.911	2m 29s	1m 51s	189.3%	2.8 GB	15.3 GB	4.4 GB	3.3 MB
276	57/af0ea4	59634777_74	NFCORE_MAG:MAG:SHORTREAD_PREPROCESSING:FASTP (strain_sample_65_run0)	CACHED	0	2026-09-13 02:40:55.476	1m 58s	52.3s	285.2%	1.3 GB	1.8 GB	1.9 GB	1.7 GB
285	cd/8dafb7	59635464_57	NFCORE_MAG:MAG:SHORTREAD_PREPROCESSING:FASTQC_TRIMMED (strain_sample_61_run0)	CACHED	0	2026-09-13 02:45:53.900	1m 59s	49s	175.8%	2.8 GB	15.2 GB	1.7 GB	3.3 MB
290	aa/987b2b	59635646_35	NFCORE_MAG:MAG:SHORTREAD_PREPROCESSING:FASTQC_RAW (toy_hmp_airskinurogenital_sample_25_run0_raw)	CACHED	0	2026-09-13 02:48:53.911	2m 30s	2m 6s	187.0%	2.8 GB	15.2 GB	4.4 GB	3.2 MB
287	d8/28b739	59635646_33	NFCORE_MAG:MAG:SHORTREAD_PREPROCESSING:FASTQC_RAW (toy_hmp_airskinurogenital_sample_23_run0_raw)	CACHED	0	2026-09-13 02:48:53.911	2m 30s	2m 4s	186.2%	3 GB	15.2 GB	4.4 GB	3.3 MB
288	70/489536	59635646_34	NFCORE_MAG:MAG:SHORTREAD_PREPROCESSING:FASTQC_RAW (toy_hmp_airskinurogenital_sample_24_run0_raw)	CACHED	0	2026-09-13 02:48:53.911	2m 30s	2m 6s	186.1%	2.8 GB	15.3 GB	4.4 GB	3.2 MB
280	6e/e504c8	59635464_62	NFCORE_MAG:MAG:SHORTREAD_PREPROCESSING:FASTQC_TRIMMED (strain_sample_64_run0)	CACHED	0	2026-09-13 02:45:53.900	1m 59s	42s	182.6%	2.8 GB	15.2 GB	1.7 GB	3.3 MB
295	77/c92481	59635646_36	NFCORE_MAG:MAG:SHORTREAD_PREPROCESSING:FASTQC_RAW (toy_hmp_airskinurogenital_sample_27_run0_raw)	CACHED	0	2026-09-13 02:48:53.911	2m 59s	2m 8s	185.4%	2.8 GB	15.3 GB	4.4 GB	3.2 MB
284	a3/cee9ad	59635464_59	NFCORE_MAG:MAG:SHORTREAD_PREPROCESSING:FASTQC_TRIMMED (strain_sample_63_run0)	CACHED	0	2026-09-13 02:45:53.900	1m 59s	45s	183.2%	3.1 GB	15.3 GB	1.7 GB	3.2 MB
291	9f/7667bf	59635646_37	NFCORE_MAG:MAG:SHORTREAD_PREPROCESSING:FASTQC_RAW (toy_hmp_airskinurogenital_sample_26_run0_raw)	CACHED	0	2026-09-13 02:48:53.911	2m 30s	2m 4s	186.7%	2.9 GB	15.3 GB	4.4 GB	3.2 MB
283	3e/7182c1	59635464_64	NFCORE_MAG:MAG:SHORTREAD_PREPROCESSING:FASTQC_TRIMMED (strain_sample_62_run0)	CACHED	0	2026-09-13 02:45:53.900	1m 59s	41s	178.0%	2.9 GB	15.3 GB	1.7 GB	3.3 MB
296	75/542e83	59635646_47	NFCORE_MAG:MAG:SHORTREAD_PREPROCESSING:FASTQC_RAW (toy_hmp_airskinurogenital_sample_28_run0_raw)	CACHED	0	2026-09-13 02:48:53.911	2m 30s	1m 51s	187.3%	2.6 GB	15.3 GB	4.4 GB	3.2 MB
293	25/d3a317	59635464_61	NFCORE_MAG:MAG:SHORTREAD_PREPROCESSING:FASTQC_TRIMMED (strain_sample_65_run0)	CACHED	0	2026-09-13 02:45:53.900	1m 59s	44s	172.2%	3.3 GB	15.3 GB	1.7 GB	3.3 MB
297	34/894849	59635646_38	NFCORE_MAG:MAG:SHORTREAD_PREPROCESSING:FASTQC_RAW (toy_hmp_gastrooral_sample_0_run0_raw)	CACHED	0	2026-09-13 02:48:53.911	2m 59s	2m 11s	185.6%	2.8 GB	15.2 GB	4.4 GB	3.2 MB
281	cb/be18c8	59635646_30	NFCORE_MAG:MAG:SHORTREAD_PREPROCESSING:FASTQC_RAW (toy_hmp_airskinurogenital_sample_22_run0_raw)	CACHED	0	2026-09-13 02:48:53.911	2m 29s	2m 5s	185.6%	3.3 GB	15.3 GB	4.4 GB	3.2 MB
282	33/9067b2	59634777_76	NFCORE_MAG:MAG:SHORTREAD_PREPROCESSING:FASTP (strain_sample_66_run0)	CACHED	0	2026-09-13 02:40:55.476	1m 58s	48.3s	303.7%	1.3 GB	1.8 GB	1.9 GB	1.7 GB
286	71/4e1f55	59634777_78	NFCORE_MAG:MAG:SHORTREAD_PREPROCESSING:FASTP (strain_sample_67_run0)	CACHED	0	2026-09-13 02:40:55.476	1m 58s	48.5s	302.7%	1.3 GB	1.9 GB	1.9 GB	1.7 GB
298	3a/51cbdd	59635646_39	NFCORE_MAG:MAG:SHORTREAD_PREPROCESSING:FASTQC_RAW (toy_hmp_gastrooral_sample_1_run0_raw)	CACHED	0	2026-09-13 02:48:53.911	2m 59s	2m 11s	181.3%	3 GB	15.3 GB	4.4 GB	3.2 MB
300	a2/b6e149	59635646_40	NFCORE_MAG:MAG:SHORTREAD_PREPROCESSING:FASTQC_RAW (toy_hmp_gastrooral_sample_3_run0_raw)	CACHED	0	2026-09-13 02:48:53.911	2m 30s	1m 53s	188.2%	2.7 GB	15.3 GB	4.4 GB	3.2 MB
299	50/fe2088	59635646_41	NFCORE_MAG:MAG:SHORTREAD_PREPROCESSING:FASTQC_RAW (toy_hmp_gastrooral_sample_2_run0_raw)	CACHED	0	2026-09-13 02:48:53.911	2m 59s	2m 18s	179.3%	2.7 GB	15.3 GB	4.4 GB	3.2 MB
292	84/66bbe9	59634777_79	NFCORE_MAG:MAG:SHORTREAD_PREPROCESSING:FASTP (strain_sample_69_run0)	CACHED	0	2026-09-13 02:40:55.476	1m 58s	48.9s	299.1%	1.3 GB	1.8 GB	1.9 GB	1.7 GB
301	63/ea1292	59635646_42	NFCORE_MAG:MAG:SHORTREAD_PREPROCESSING:FASTQC_RAW (toy_hmp_gastrooral_sample_4_run0_raw)	CACHED	0	2026-09-13 02:48:53.911	2m 59s	2m 9s	177.5%	3 GB	15.3 GB	4.4 GB	3.2 MB
302	5c/809096	59635646_43	NFCORE_MAG:MAG:SHORTREAD_PREPROCESSING:FASTQC_RAW (toy_hmp_gastrooral_sample_5_run0_raw)	CACHED	0	2026-09-13 02:48:53.911	2m 30s	2m 7s	187.5%	2.8 GB	15.2 GB	4.4 GB	3.2 MB
305	77/d9fa5b	59635464_60	NFCORE_MAG:MAG:SHORTREAD_PREPROCESSING:FASTQC_TRIMMED (strain_sample_67_run0)	CACHED	0	2026-09-13 02:45:53.900	1m 59s	41s	176.5%	2.9 GB	15.3 GB	1.7 GB	3.3 MB
303	bd/d07b4e	59635464_63	NFCORE_MAG:MAG:SHORTREAD_PREPROCESSING:FASTQC_TRIMMED (strain_sample_66_run0)	CACHED	0	2026-09-13 02:45:53.900	1m 59s	41s	180.6%	2.9 GB	15.3 GB	1.7 GB	3.3 MB
306	56/40d957	59635646_45	NFCORE_MAG:MAG:SHORTREAD_PREPROCESSING:FASTQC_RAW (toy_hmp_gastrooral_sample_6_run0_raw)	CACHED	0	2026-09-13 02:48:53.911	2m 59s	2m 28s	170.9%	2.9 GB	15.3 GB	4.4 GB	3.2 MB
307	cf/606ebd	59635646_44	NFCORE_MAG:MAG:SHORTREAD_PREPROCESSING:FASTQC_RAW (toy_hmp_gastrooral_sample_7_run0_raw)	CACHED	0	2026-09-13 02:48:53.911	2m 30s	2m 9s	183.7%	2.9 GB	15.3 GB	4.4 GB	3.2 MB
304	ef/4f2907	59634777_82	NFCORE_MAG:MAG:SHORTREAD_PREPROCESSING:FASTP (strain_sample_71_run0)	CACHED	0	2026-09-13 02:40:55.476	1m 58s	46.3s	305.2%	1.3 GB	1.8 GB	1.9 GB	1.7 GB
289	c4/9ada34	59634777_77	NFCORE_MAG:MAG:SHORTREAD_PREPROCESSING:FASTP (strain_sample_68_run0)	CACHED	0	2026-09-13 02:40:55.476	1m 58s	47.5s	305.8%	1.3 GB	1.9 GB	1.9 GB	1.7 GB
308	e5/070f0f	59635646_46	NFCORE_MAG:MAG:SHORTREAD_PREPROCESSING:FASTQC_RAW (toy_hmp_gastrooral_sample_8_run0_raw)	CACHED	0	2026-09-13 02:48:53.911	2m 30s	1m 54s	186.2%	2.6 GB	15.3 GB	4.4 GB	3.3 MB
310	d0/d12c5f	59635464_67	NFCORE_MAG:MAG:SHORTREAD_PREPROCESSING:FASTQC_TRIMMED (strain_sample_69_run0)	CACHED	0	2026-09-13 02:45:53.900	1m 59s	46s	184.6%	2.8 GB	15.3 GB	1.7 GB	3.3 MB
315	0d/094edd	59635464_74	NFCORE_MAG:MAG:SHORTREAD_PREPROCESSING:FASTQC_TRIMMED (strain_sample_71_run0)	CACHED	0	2026-09-13 02:45:53.900	2m	50s	177.4%	3 GB	15.2 GB	1.7 GB	3.3 MB
312	48/4937bc	59635646_50	NFCORE_MAG:MAG:SHORTREAD_PREPROCESSING:FASTQC_RAW (toy_hmp_gastrooral_sample_10_run0_raw)	CACHED	0	2026-09-13 02:48:53.911	2m 30s	1m 37s	188.1%	2.6 GB	15.2 GB	4.4 GB	3.2 MB
316	0a/c09c28	59635464_65	NFCORE_MAG:MAG:SHORTREAD_PREPROCESSING:FASTQC_TRIMMED (strain_sample_68_run0)	CACHED	0	2026-09-13 02:45:53.900	1m 59s	42s	178.2%	3 GB	15.2 GB	1.7 GB	3.3 MB
311	85/40a05b	59635646_48	NFCORE_MAG:MAG:SHORTREAD_PREPROCESSING:FASTQC_RAW (toy_hmp_gastrooral_sample_9_run0_raw)	CACHED	0	2026-09-13 02:48:53.911	2m 30s	1m 31s	189.6%	2.6 GB	15.3 GB	4.4 GB	3.2 MB
314	4c/5969b0	59635646_52	NFCORE_MAG:MAG:SHORTREAD_PREPROCESSING:FASTQC_RAW (toy_hmp_gastrooral_sample_12_run0_raw)	CACHED	0	2026-09-13 02:48:53.911	2m 30s	1m 30s	188.2%	2.7 GB	15.3 GB	4.4 GB	3.2 MB
313	93/e27deb	59635646_49	NFCORE_MAG:MAG:SHORTREAD_PREPROCESSING:FASTQC_RAW (toy_hmp_gastrooral_sample_11_run0_raw)	CACHED	0	2026-09-13 02:48:53.911	2m 30s	1m 36s	187.0%	2.7 GB	15.3 GB	4.4 GB	3.2 MB
317	b7/92cca3	59634777_86	NFCORE_MAG:MAG:SHORTREAD_PREPROCESSING:FASTP (strain_sample_73_run0)	CACHED	0	2026-09-13 02:40:55.476	1m 58s	51s	285.8%	1.3 GB	1.9 GB	1.9 GB	1.7 GB
294	33/eef704	59634777_80	NFCORE_MAG:MAG:SHORTREAD_PREPROCESSING:FASTP (strain_sample_70_run0)	CACHED	0	2026-09-13 02:40:55.476	1m 58s	48s	299.5%	1.3 GB	1.8 GB	1.9 GB	1.7 GB
309	99/a7a5ff	59634777_81	NFCORE_MAG:MAG:SHORTREAD_PREPROCESSING:FASTP (strain_sample_72_run0)	CACHED	0	2026-09-13 02:40:55.476	1m 58s	48.5s	296.2%	1.3 GB	1.9 GB	1.9 GB	1.7 GB
322	b7/f9c4cb	59635464_70	NFCORE_MAG:MAG:SHORTREAD_PREPROCESSING:FASTQC_TRIMMED (strain_sample_73_run0)	CACHED	0	2026-09-13 02:45:53.900	1m 59s	53s	178.6%	3.1 GB	15.3 GB	1.7 GB	3.3 MB
323	10/f94906	59635646_55	NFCORE_MAG:MAG:SHORTREAD_PREPROCESSING:FASTQC_RAW (toy_hmp_gastrooral_sample_15_run0_raw)	CACHED	0	2026-09-13 02:48:53.911	2m 59s	1m 45s	190.3%	2.6 GB	15.3 GB	4.4 GB	3.3 MB
320	b7/50c6f7	59635646_51	NFCORE_MAG:MAG:SHORTREAD_PREPROCESSING:FASTQC_RAW (toy_hmp_gastrooral_sample_13_run0_raw)	CACHED	0	2026-09-13 02:48:53.911	2m 30s	1m 26s	188.5%	2.8 GB	15.3 GB	4.4 GB	3.3 MB
319	88/ba3bb1	59634777_84	NFCORE_MAG:MAG:SHORTREAD_PREPROCESSING:FASTP (strain_sample_75_run0)	CACHED	0	2026-09-13 02:40:55.476	1m 58s	47.5s	299.3%	1.3 GB	1.8 GB	1.9 GB	1.7 GB
327	7f/e3e05c	59635464_68	NFCORE_MAG:MAG:SHORTREAD_PREPROCESSING:FASTQC_TRIMMED (strain_sample_70_run0)	CACHED	0	2026-09-13 02:45:53.900	1m 59s	51s	169.6%	3.1 GB	15.3 GB	1.7 GB	3.3 MB
318	bb/775b2b	59634777_83	NFCORE_MAG:MAG:SHORTREAD_PREPROCESSING:FASTP (strain_sample_74_run0)	CACHED	0	2026-09-13 02:40:55.476	1m 58s	48.7s	297.6%	1.3 GB	1.9 GB	1.9 GB	1.7 GB
324	e8/885d1a	59635646_54	NFCORE_MAG:MAG:SHORTREAD_PREPROCESSING:FASTQC_RAW (toy_hmp_gastrooral_sample_16_run0_raw)	CACHED	0	2026-09-13 02:48:53.911	2m 59s	1m 43s	186.2%	2.8 GB	15.3 GB	4.4 GB	3.3 MB
328	c4/c5b983	59634777_87	NFCORE_MAG:MAG:SHORTREAD_PREPROCESSING:FASTP (strain_sample_77_run0)	CACHED	0	2026-09-13 02:40:55.476	1m 58s	56.6s	263.9%	1.3 GB	1.8 GB	1.9 GB	1.7 GB
325	b2/59c34c	59635646_58	NFCORE_MAG:MAG:SHORTREAD_PREPROCESSING:FASTQC_RAW (toy_hmp_gastrooral_sample_17_run0_raw)	CACHED	0	2026-09-13 02:48:53.911	2m 59s	1m 52s	188.2%	2.9 GB	15.3 GB	4.4 GB	3.3 MB
329	58/02f19d	59635464_66	NFCORE_MAG:MAG:SHORTREAD_PREPROCESSING:FASTQC_TRIMMED (strain_sample_72_run0)	CACHED	0	2026-09-13 02:45:53.900	1m 59s	45s	184.2%	2.9 GB	15.3 GB	1.7 GB	3.3 MB
321	4d/daf6ad	59635646_53	NFCORE_MAG:MAG:SHORTREAD_PREPROCESSING:FASTQC_RAW (toy_hmp_gastrooral_sample_14_run0_raw)	CACHED	0	2026-09-13 02:48:53.911	2m 30s	1m 36s	187.2%	2.9 GB	15.2 GB	4.4 GB	3.2 MB
333	7a/3a5b57	59635464_69	NFCORE_MAG:MAG:SHORTREAD_PREPROCESSING:FASTQC_TRIMMED (strain_sample_75_run0)	CACHED	0	2026-09-13 02:45:53.900	1m 59s	52s	182.5%	3 GB	15.2 GB	1.7 GB	3.3 MB
331	99/073a18	59635646_56	NFCORE_MAG:MAG:SHORTREAD_PREPROCESSING:FASTQC_RAW (toy_hmp_gastrooral_sample_18_run0_raw)	CACHED	0	2026-09-13 02:48:53.911	2m 59s	1m 45s	187.9%	2.7 GB	15.3 GB	4.4 GB	3.2 MB
326	ca/eacdf6	59634777_85	NFCORE_MAG:MAG:SHORTREAD_PREPROCESSING:FASTP (strain_sample_76_run0)	CACHED	0	2026-09-13 02:40:55.476	1m 58s	48s	300.4%	1.3 GB	1.9 GB	1.9 GB	1.7 GB
330	51/b6f28a	59634777_92	NFCORE_MAG:MAG:SHORTREAD_PREPROCESSING:FASTP (strain_sample_78_run0)	CACHED	0	2026-09-13 02:40:55.476	1m 58s	1m 1s	253.5%	1.3 GB	1.8 GB	1.9 GB	1.7 GB
334	dc/0c337d	59634777_88	NFCORE_MAG:MAG:SHORTREAD_PREPROCESSING:FASTP (strain_sample_79_run0)	CACHED	0	2026-09-13 02:40:55.476	1m 58s	47.4s	300.6%	1.3 GB	1.9 GB	1.9 GB	1.7 GB
335	4b/f32a10	59635464_72	NFCORE_MAG:MAG:SHORTREAD_PREPROCESSING:FASTQC_TRIMMED (strain_sample_74_run0)	CACHED	0	2026-09-13 02:45:53.900	2m	52s	180.6%	3.1 GB	15.3 GB	1.7 GB	3.3 MB
332	10/4198ad	59635646_57	NFCORE_MAG:MAG:SHORTREAD_PREPROCESSING:FASTQC_RAW (toy_hmp_gastrooral_sample_19_run0_raw)	CACHED	0	2026-09-13 02:48:53.911	2m 59s	1m 50s	189.4%	2.9 GB	15.2 GB	4.4 GB	3.2 MB
339	c8/4fd4b0	59635646_60	NFCORE_MAG:MAG:SHORTREAD_PREPROCESSING:FASTQC_RAW (toy_mousegut_sample_0_run0_raw)	CACHED	0	2026-09-13 02:48:53.911	2m 59s	1m 45s	182.5%	2.7 GB	15.3 GB	4.4 GB	3.2 MB
343	d0/d42b87	59635464_73	NFCORE_MAG:MAG:SHORTREAD_PREPROCESSING:FASTQC_TRIMMED (strain_sample_76_run0)	CACHED	0	2026-09-13 02:45:53.900	2m	52s	179.6%	3.3 GB	15.3 GB	1.7 GB	3.3 MB
342	ce/e16b31	59635646_61	NFCORE_MAG:MAG:SHORTREAD_PREPROCESSING:FASTQC_RAW (toy_mousegut_sample_5_run0_raw)	CACHED	0	2026-09-13 02:48:53.911	2m 59s	1m 46s	188.8%	2.9 GB	15.3 GB	4.4 GB	3.2 MB
346	f5/c2f07d	59635464_77	NFCORE_MAG:MAG:SHORTREAD_PREPROCESSING:FASTQC_TRIMMED (strain_sample_79_run0)	CACHED	0	2026-09-13 02:45:53.900	2m	54s	176.1%	2.8 GB	15.2 GB	1.7 GB	3.3 MB
347	28/f9c369	59634777_95	NFCORE_MAG:MAG:SHORTREAD_PREPROCESSING:FASTP (strain_sample_83_run0)	CACHED	0	2026-09-13 02:40:55.476	1m 58s	54.4s	288.9%	1.3 GB	1.9 GB	1.9 GB	1.7 GB
341	52/b55daa	59635646_59	NFCORE_MAG:MAG:SHORTREAD_PREPROCESSING:FASTQC_RAW (toy_mousegut_sample_2_run0_raw)	CACHED	0	2026-09-13 02:48:53.911	2m 30s	1m 35s	188.2%	2.8 GB	15.3 GB	4.4 GB	3.2 MB
345	f4/20f926	59635464_80	NFCORE_MAG:MAG:SHORTREAD_PREPROCESSING:FASTQC_TRIMMED (strain_sample_78_run0)	CACHED	0	2026-09-13 02:45:53.900	2m	49s	183.6%	3 GB	15.2 GB	1.7 GB	3.3 MB
336	57/2f6fd1	59635464_75	NFCORE_MAG:MAG:SHORTREAD_PREPROCESSING:FASTQC_TRIMMED (strain_sample_77_run0)	CACHED	0	2026-09-13 02:45:53.900	2m	45s	179.7%	2.8 GB	15.3 GB	1.7 GB	3.3 MB
340	32/b32028	59635646_62	NFCORE_MAG:MAG:SHORTREAD_PREPROCESSING:FASTQC_RAW (toy_mousegut_sample_1_run0_raw)	CACHED	0	2026-09-13 02:48:53.911	2m 30s	1m 40s	188.1%	2.9 GB	15.3 GB	4.4 GB	3.2 MB
344	55/785eee	59634777_91	NFCORE_MAG:MAG:SHORTREAD_PREPROCESSING:FASTP (strain_sample_82_run0)	CACHED	0	2026-09-13 02:40:55.476	1m 58s	49.8s	290.0%	1.3 GB	1.8 GB	1.9 GB	1.7 GB
349	23/417730	59635646_63	NFCORE_MAG:MAG:SHORTREAD_PREPROCESSING:FASTQC_RAW (toy_mousegut_sample_6_run0_raw)	CACHED	0	2026-09-13 02:48:53.911	2m 30s	1m 38s	187.4%	2.7 GB	15.3 GB	4.4 GB	3.2 MB
338	2a/ba0c4b	59634777_90	NFCORE_MAG:MAG:SHORTREAD_PREPROCESSING:FASTP (strain_sample_81_run0)	CACHED	0	2026-09-13 02:40:55.476	1m 58s	52.4s	273.2%	1.3 GB	1.9 GB	1.9 GB	1.7 GB
337	05/e2b25f	59634777_89	NFCORE_MAG:MAG:SHORTREAD_PREPROCESSING:FASTP (strain_sample_80_run0)	CACHED	0	2026-09-13 02:40:55.476	1m 58s	47.2s	300.5%	1.3 GB	1.9 GB	1.9 GB	1.7 GB
350	39/3e2a6b	59635646_69	NFCORE_MAG:MAG:SHORTREAD_PREPROCESSING:FASTQC_RAW (toy_mousegut_sample_7_run0_raw)	CACHED	0	2026-09-13 02:48:53.911	2m 30s	1m 34s	188.9%	2.6 GB	15.2 GB	4.4 GB	3.2 MB
354	ec/396f7e	59635464_71	NFCORE_MAG:MAG:SHORTREAD_PREPROCESSING:FASTQC_TRIMMED (strain_sample_82_run0)	CACHED	0	2026-09-13 02:45:53.900	2m	55s	174.3%	3.3 GB	15.2 GB	1.7 GB	3.3 MB
351	fd/fa6422	59635646_64	NFCORE_MAG:MAG:SHORTREAD_PREPROCESSING:FASTQC_RAW (toy_mousegut_sample_8_run0_raw)	CACHED	0	2026-09-13 02:48:53.911	2m 59s	1m 43s	184.8%	3.1 GB	15.2 GB	4.4 GB	3.2 MB
352	1b/cbe0d0	59635464_79	NFCORE_MAG:MAG:SHORTREAD_PREPROCESSING:FASTQC_TRIMMED (strain_sample_83_run0)	CACHED	0	2026-09-13 02:45:53.900	2m	49s	183.5%	3 GB	15.2 GB	1.7 GB	3.3 MB
353	63/85870b	59635646_65	NFCORE_MAG:MAG:SHORTREAD_PREPROCESSING:FASTQC_RAW (toy_mousegut_sample_9_run0_raw)	CACHED	0	2026-09-13 02:48:53.911	2m 59s	1m 52s	189.8%	2.9 GB	15.3 GB	4.4 GB	3.2 MB
348	eb/c27ed9	59634777_93	NFCORE_MAG:MAG:SHORTREAD_PREPROCESSING:FASTP (strain_sample_84_run0)	CACHED	0	2026-09-13 02:40:55.476	1m 58s	58.9s	260.9%	1.3 GB	1.8 GB	1.9 GB	1.7 GB
356	74/7aba3f	59634777_97	NFCORE_MAG:MAG:SHORTREAD_PREPROCESSING:FASTP (strain_sample_85_run0)	CACHED	0	2026-09-13 02:40:55.476	1m 58s	54.3s	292.9%	1.3 GB	1.9 GB	1.9 GB	1.7 GB
355	c7/74c7f6	59635646_66	NFCORE_MAG:MAG:SHORTREAD_PREPROCESSING:FASTQC_RAW (toy_mousegut_sample_10_run0_raw)	CACHED	0	2026-09-13 02:48:53.911	2m 59s	2m 3s	185.0%	2.8 GB	15.3 GB	4.4 GB	3.2 MB
359	f4/aca8d5	59635646_67	NFCORE_MAG:MAG:SHORTREAD_PREPROCESSING:FASTQC_RAW (toy_mousegut_sample_11_run0_raw)	CACHED	0	2026-09-13 02:48:53.911	2m 30s	1m 34s	188.9%	2.6 GB	15.2 GB	4.4 GB	3.2 MB
361	aa/d89ada	59635464_76	NFCORE_MAG:MAG:SHORTREAD_PREPROCESSING:FASTQC_TRIMMED (strain_sample_80_run0)	CACHED	0	2026-09-13 02:45:53.900	2m	42s	184.4%	3 GB	15.2 GB	1.7 GB	3.3 MB
357	7d/f77ad0	59634777_94	NFCORE_MAG:MAG:SHORTREAD_PREPROCESSING:FASTP (strain_sample_86_run0)	CACHED	0	2026-09-13 02:40:55.476	1m 58s	54.3s	272.3%	1.3 GB	1.8 GB	1.9 GB	1.7 GB
362	af/9a2591	59635646_70	NFCORE_MAG:MAG:SHORTREAD_PREPROCESSING:FASTQC_RAW (toy_mousegut_sample_13_run0_raw)	CACHED	0	2026-09-13 02:48:53.911	2m 30s	1m 28s	189.6%	2.9 GB	15.2 GB	4.4 GB	3.2 MB
360	55/fc59c1	59635646_68	NFCORE_MAG:MAG:SHORTREAD_PREPROCESSING:FASTQC_RAW (toy_mousegut_sample_12_run0_raw)	CACHED	0	2026-09-13 02:48:53.911	2m 30s	1m 35s	188.3%	2.8 GB	15.3 GB	4.4 GB	3.2 MB
358	e1/081182	59635464_78	NFCORE_MAG:MAG:SHORTREAD_PREPROCESSING:FASTQC_TRIMMED (strain_sample_81_run0)	CACHED	0	2026-09-13 02:45:53.900	2m	48s	175.3%	3.4 GB	15.3 GB	1.7 GB	3.3 MB
367	5a/61c9ea	59635464_84	NFCORE_MAG:MAG:SHORTREAD_PREPROCESSING:FASTQC_TRIMMED (strain_sample_85_run0)	CACHED	0	2026-09-13 02:45:53.900	2m	43s	176.5%	3.4 GB	15.3 GB	1.7 GB	3.3 MB
366	0a/807e77	59635464_81	NFCORE_MAG:MAG:SHORTREAD_PREPROCESSING:FASTQC_TRIMMED (strain_sample_84_run0)	CACHED	0	2026-09-13 02:45:53.900	2m	50s	180.7%	3.4 GB	15.2 GB	1.7 GB	3.3 MB
363	37/89da0e	59634777_96	NFCORE_MAG:MAG:SHORTREAD_PREPROCESSING:FASTP (strain_sample_87_run0)	CACHED	0	2026-09-13 02:40:55.476	1m 58s	55.8s	285.1%	1.3 GB	1.8 GB	1.9 GB	1.7 GB
369	54/62227d	59636222_0	NFCORE_MAG:MAG:SHORTREAD_PREPROCESSING:FASTP (strain_sample_89_run0)	CACHED	0	2026-09-13 02:54:54.234	1m 29s	51.4s	287.3%	1.3 GB	1.9 GB	1.9 GB	1.7 GB
372	57/686abc	59635464_82	NFCORE_MAG:MAG:SHORTREAD_PREPROCESSING:FASTQC_TRIMMED (strain_sample_86_run0)	CACHED	0	2026-09-13 02:45:53.900	2m	55s	174.8%	3.2 GB	15.2 GB	1.7 GB	3.3 MB
368	34/a49264	59635646_72	NFCORE_MAG:MAG:SHORTREAD_PREPROCESSING:FASTQC_RAW (toy_mousegut_sample_15_run0_raw)	CACHED	0	2026-09-13 02:48:53.911	2m 30s	1m 30s	188.6%	2.9 GB	15.3 GB	4.4 GB	3.2 MB
371	d8/86101d	59635646_73	NFCORE_MAG:MAG:SHORTREAD_PREPROCESSING:FASTQC_RAW (toy_mousegut_sample_16_run0_raw)	CACHED	0	2026-09-13 02:48:53.911	2m 59s	1m 52s	186.3%	3.2 GB	15.3 GB	4.4 GB	3.2 MB
365	03/8dcbbc	59635646_71	NFCORE_MAG:MAG:SHORTREAD_PREPROCESSING:FASTQC_RAW (toy_mousegut_sample_14_run0_raw)	CACHED	0	2026-09-13 02:48:53.911	2m 30s	1m 30s	189.7%	2.8 GB	15.3 GB	4.4 GB	3.2 MB
373	5f/395825	59635646_74	NFCORE_MAG:MAG:SHORTREAD_PREPROCESSING:FASTQC_RAW (toy_mousegut_sample_17_run0_raw)	CACHED	0	2026-09-13 02:48:53.911	2m 59s	1m 59s	188.2%	2.9 GB	15.3 GB	4.4 GB	3.2 MB
364	ee/eb4c7f	59634777_99	NFCORE_MAG:MAG:SHORTREAD_PREPROCESSING:FASTP (strain_sample_88_run0)	CACHED	0	2026-09-13 02:40:55.476	1m 58s	50.4s	286.8%	1.3 GB	1.9 GB	1.9 GB	1.7 GB
376	f2/125e5d	59636557_10	NFCORE_MAG:MAG:SHORTREAD_PREPROCESSING:FASTQC_TRIMMED (strain_sample_89_run0)	CACHED	0	2026-09-13 02:58:29.287	54s	37s	185.7%	3 GB	15.2 GB	1.7 GB	3.3 MB
380	c2/892984	59635646_78	NFCORE_MAG:MAG:SHORTREAD_PREPROCESSING:FASTQC_RAW (toy_mousegut_sample_20_run0_raw)	CACHED	0	2026-09-13 02:48:53.911	2m 59s	2m 5s	186.3%	2.9 GB	15.3 GB	4.4 GB	3.2 MB
374	99/aba814	59635646_75	NFCORE_MAG:MAG:SHORTREAD_PREPROCESSING:FASTQC_RAW (toy_mousegut_sample_18_run0_raw)	CACHED	0	2026-09-13 02:48:53.911	2m 59s	1m 58s	185.4%	2.8 GB	15.3 GB	4.4 GB	3.2 MB
370	dd/6e011a	59634777_98	NFCORE_MAG:MAG:SHORTREAD_PREPROCESSING:FASTP (strain_sample_90_run0)	CACHED	0	2026-09-13 02:40:55.476	1m 58s	57.2s	278.6%	1.3 GB	1.9 GB	1.9 GB	1.7 GB
383	74/94bb90	59635464_85	NFCORE_MAG:MAG:SHORTREAD_PREPROCESSING:FASTQC_TRIMMED (strain_sample_88_run0)	CACHED	0	2026-09-13 02:45:53.900	2m	41s	181.4%	3.1 GB	15.2 GB	1.7 GB	3.3 MB
378	05/ce67ab	59635464_83	NFCORE_MAG:MAG:SHORTREAD_PREPROCESSING:FASTQC_TRIMMED (strain_sample_87_run0)	CACHED	0	2026-09-13 02:45:53.900	2m	40s	177.8%	3 GB	15.3 GB	1.7 GB	3.3 MB
382	37/d94ea3	59635646_77	NFCORE_MAG:MAG:SHORTREAD_PREPROCESSING:FASTQC_RAW (toy_mousegut_sample_22_run0_raw)	CACHED	0	2026-09-13 02:48:53.911	2m 59s	2m 4s	188.4%	2.8 GB	15.2 GB	4.4 GB	3.2 MB
381	e3/6adeaf	59635646_80	NFCORE_MAG:MAG:SHORTREAD_PREPROCESSING:FASTQC_RAW (toy_mousegut_sample_21_run0_raw)	CACHED	0	2026-09-13 02:48:53.911	2m 59s	1m 45s	188.1%	2.9 GB	15.3 GB	4.4 GB	3.3 MB
375	7a/815c48	59636222_1	NFCORE_MAG:MAG:SHORTREAD_PREPROCESSING:FASTP (strain_sample_91_run0)	CACHED	0	2026-09-13 02:54:54.234	1m 29s	48.3s	295.1%	1.3 GB	1.8 GB	1.9 GB	1.7 GB
388	fa/0df352	59635464_86	NFCORE_MAG:MAG:SHORTREAD_PREPROCESSING:FASTQC_TRIMMED (strain_sample_90_run0)	CACHED	0	2026-09-13 02:45:53.900	2m	41s	181.2%	2.7 GB	15.3 GB	1.7 GB	3.3 MB
379	78/254f12	59635646_76	NFCORE_MAG:MAG:SHORTREAD_PREPROCESSING:FASTQC_RAW (toy_mousegut_sample_19_run0_raw)	CACHED	0	2026-09-13 02:48:53.911	3m 29s	2m 21s	184.8%	3.2 GB	15.3 GB	4.4 GB	3.2 MB
386	10/cfeea5	59635646_79	NFCORE_MAG:MAG:SHORTREAD_PREPROCESSING:FASTQC_RAW (toy_mousegut_sample_23_run0_raw)	CACHED	0	2026-09-13 02:48:53.911	2m 59s	1m 59s	183.6%	2.7 GB	15.3 GB	4.4 GB	3.2 MB
377	7a/990560	59636222_2	NFCORE_MAG:MAG:SHORTREAD_PREPROCESSING:FASTP (strain_sample_92_run0)	CACHED	0	2026-09-13 02:54:54.234	1m 29s	51.7s	283.3%	1.3 GB	1.8 GB	1.9 GB	1.7 GB
384	ac/262bbb	59636222_4	NFCORE_MAG:MAG:SHORTREAD_PREPROCESSING:FASTP (strain_sample_93_run0)	CACHED	0	2026-09-13 02:54:54.234	1m 29s	48.3s	291.4%	1.3 GB	1.9 GB	1.9 GB	1.7 GB
387	88/fae58f	59635646_81	NFCORE_MAG:MAG:SHORTREAD_PREPROCESSING:FASTQC_RAW (toy_mousegut_sample_24_run0_raw)	CACHED	0	2026-09-13 02:48:53.911	2m 59s	1m 45s	188.9%	2.8 GB	15.2 GB	4.4 GB	3.2 MB
394	fc/28066b	59636557_9	NFCORE_MAG:MAG:SHORTREAD_PREPROCESSING:FASTQC_TRIMMED (strain_sample_92_run0)	CACHED	0	2026-09-13 02:58:29.287	54s	38s	181.8%	2.9 GB	15.2 GB	1.7 GB	3.3 MB
392	a7/e90874	59635646_83	NFCORE_MAG:MAG:SHORTREAD_PREPROCESSING:FASTQC_RAW (toy_mousegut_sample_26_run0_raw)	CACHED	0	2026-09-13 02:48:53.911	2m 59s	1m 54s	183.9%	3 GB	15.2 GB	4.4 GB	3.2 MB
385	47/e63b34	59636222_3	NFCORE_MAG:MAG:SHORTREAD_PREPROCESSING:FASTP (strain_sample_94_run0)	CACHED	0	2026-09-13 02:54:54.234	1m 29s	46.9s	293.9%	1.3 GB	1.8 GB	1.9 GB	1.7 GB
389	d9/ee00f1	59636222_5	NFCORE_MAG:MAG:SHORTREAD_PREPROCESSING:FASTP (strain_sample_95_run0)	CACHED	0	2026-09-13 02:54:54.234	1m 29s	52.5s	264.6%	1.3 GB	1.8 GB	1.9 GB	1.7 GB
391	74/920ff2	59636557_11	NFCORE_MAG:MAG:SHORTREAD_PREPROCESSING:FASTQC_TRIMMED (strain_sample_91_run0)	CACHED	0	2026-09-13 02:58:29.287	1m 24s	39s	183.9%	2.8 GB	15.2 GB	1.7 GB	3.3 MB
390	54/dd8625	59635646_84	NFCORE_MAG:MAG:SHORTREAD_PREPROCESSING:FASTQC_RAW (toy_mousegut_sample_25_run0_raw)	CACHED	0	2026-09-13 02:48:53.911	2m 59s	2m 1s	186.6%	2.9 GB	15.2 GB	4.4 GB	3.2 MB
395	65/2a500e	59636222_10	NFCORE_MAG:MAG:SHORTREAD_PREPROCESSING:FASTP (strain_sample_97_run0)	CACHED	0	2026-09-13 02:54:54.234	1m 29s	47.7s	287.3%	1.3 GB	1.8 GB	1.9 GB	1.7 GB
398	e7/64a7e2	59635646_85	NFCORE_MAG:MAG:SHORTREAD_PREPROCESSING:FASTQC_RAW (toy_mousegut_sample_28_run0_raw)	CACHED	0	2026-09-13 02:48:53.911	2m 59s	2m 2s	186.6%	3 GB	15.3 GB	4.4 GB	3.2 MB
397	5a/589dfe	59635646_82	NFCORE_MAG:MAG:SHORTREAD_PREPROCESSING:FASTQC_RAW (toy_mousegut_sample_27_run0_raw)	CACHED	0	2026-09-13 02:48:53.911	2m 59s	2m 7s	185.8%	3 GB	15.3 GB	4.4 GB	3.2 MB
393	0c/9d315f	59636222_6	NFCORE_MAG:MAG:SHORTREAD_PREPROCESSING:FASTP (strain_sample_96_run0)	CACHED	0	2026-09-13 02:54:54.234	1m 29s	45.9s	293.5%	1.3 GB	1.9 GB	1.9 GB	1.7 GB
396	ea/0774c4	59636557_13	NFCORE_MAG:MAG:SHORTREAD_PREPROCESSING:FASTQC_TRIMMED (strain_sample_93_run0)	CACHED	0	2026-09-13 02:58:29.287	1m 24s	44s	182.6%	2.8 GB	15.2 GB	1.7 GB	3.3 MB
400	42/9c1517	59635646_86	NFCORE_MAG:MAG:SHORTREAD_PREPROCESSING:FASTQC_RAW (toy_mousegut_sample_29_run0_raw)	CACHED	0	2026-09-13 02:48:53.911	2m 59s	2m 1s	188.9%	2.9 GB	15.2 GB	4.4 GB	3.2 MB
401	ad/92f054	59636557_8	NFCORE_MAG:MAG:SHORTREAD_PREPROCESSING:FASTQC_TRIMMED (strain_sample_94_run0)	CACHED	0	2026-09-13 02:58:29.287	54s	36s	186.0%	3 GB	15.3 GB	1.7 GB	3.3 MB
402	e7/ca3b30	59635646_87	NFCORE_MAG:MAG:SHORTREAD_PREPROCESSING:FASTQC_RAW (toy_mousegut_sample_30_run0_raw)	CACHED	0	2026-09-13 02:48:53.911	3m 29s	2m 10s	181.8%	2.8 GB	15.3 GB	4.4 GB	3.2 MB
405	f5/deee91	59636557_14	NFCORE_MAG:MAG:SHORTREAD_PREPROCESSING:FASTQC_TRIMMED (strain_sample_95_run0)	CACHED	0	2026-09-13 02:58:29.287	1m 24s	44s	182.1%	2.8 GB	15.2 GB	1.7 GB	3.3 MB
407	23/63b739	59636557_15	NFCORE_MAG:MAG:SHORTREAD_PREPROCESSING:FASTQC_TRIMMED (strain_sample_96_run0)	CACHED	0	2026-09-13 02:58:29.287	1m 24s	45s	181.4%	2.8 GB	15.2 GB	1.7 GB	3.3 MB
399	de/948a27	59636222_7	NFCORE_MAG:MAG:SHORTREAD_PREPROCESSING:FASTP (strain_sample_98_run0)	CACHED	0	2026-09-13 02:54:54.234	1m 29s	43.5s	295.6%	1.3 GB	1.9 GB	1.9 GB	1.7 GB
403	b7/d29335	59635646_88	NFCORE_MAG:MAG:SHORTREAD_PREPROCESSING:FASTQC_RAW (toy_mousegut_sample_31_run0_raw)	CACHED	0	2026-09-13 02:48:53.911	2m 30s	1m 35s	188.5%	2.8 GB	15.3 GB	4.4 GB	3.2 MB
410	ed/eba3f8	59635646_92	NFCORE_MAG:MAG:SHORTREAD_PREPROCESSING:FASTQC_RAW (toy_mousegut_sample_34_run0_raw)	CACHED	0	2026-09-13 02:48:53.911	2m 30s	1m 40s	188.8%	2.7 GB	15.3 GB	4.4 GB	3.2 MB
406	25/28896d	59635646_89	NFCORE_MAG:MAG:SHORTREAD_PREPROCESSING:FASTQC_RAW (toy_mousegut_sample_32_run0_raw)	CACHED	0	2026-09-13 02:48:53.911	2m 30s	1m 33s	187.1%	2.9 GB	15.2 GB	4.4 GB	3.2 MB
408	c4/f57666	59636557_16	NFCORE_MAG:MAG:SHORTREAD_PREPROCESSING:FASTQC_TRIMMED (strain_sample_97_run0)	CACHED	0	2026-09-13 02:58:29.287	1m 24s	43s	183.1%	2.6 GB	15.2 GB	1.7 GB	3.3 MB
409	e4/3029d7	59635646_90	NFCORE_MAG:MAG:SHORTREAD_PREPROCESSING:FASTQC_RAW (toy_mousegut_sample_33_run0_raw)	CACHED	0	2026-09-13 02:48:53.911	2m 30s	1m 33s	188.0%	2.7 GB	15.2 GB	4.4 GB	3.2 MB
404	2d/98944d	59636222_9	NFCORE_MAG:MAG:SHORTREAD_PREPROCESSING:FASTP (strain_sample_99_run0)	CACHED	0	2026-09-13 02:54:54.234	1m 29s	56s	254.7%	1.3 GB	1.8 GB	1.9 GB	1.7 GB
415	c5/674c8a	59636557_12	NFCORE_MAG:MAG:SHORTREAD_PREPROCESSING:FASTQC_TRIMMED (strain_sample_98_run0)	CACHED	0	2026-09-13 02:58:29.287	1m 24s	40s	179.7%	2.9 GB	15.3 GB	1.7 GB	3.3 MB
412	34/cc5ccb	59636222_8	NFCORE_MAG:MAG:SHORTREAD_PREPROCESSING:FASTP (toy_hmp_airskinurogenital_sample_0_run0)	CACHED	0	2026-09-13 02:54:54.234	1m 59s	1m 28s	352.7%	1.3 GB	1.8 GB	4.5 GB	4.2 GB
417	f4/9b2d13	59635646_91	NFCORE_MAG:MAG:SHORTREAD_PREPROCESSING:FASTQC_RAW (toy_mousegut_sample_36_run0_raw)	CACHED	0	2026-09-13 02:48:53.911	2m 30s	1m 40s	187.7%	2.9 GB	15.2 GB	4.4 GB	3.2 MB
418	7d/f807a1	59635646_93	NFCORE_MAG:MAG:SHORTREAD_PREPROCESSING:FASTQC_RAW (toy_mousegut_sample_37_run0_raw)	CACHED	0	2026-09-13 02:48:53.911	2m 30s	1m 40s	188.1%	2.8 GB	15.3 GB	4.4 GB	3.2 MB
414	f1/ac7dbc	59636222_14	NFCORE_MAG:MAG:SHORTREAD_PREPROCESSING:FASTP (toy_hmp_airskinurogenital_sample_2_run0)	CACHED	0	2026-09-13 02:54:54.234	2m 29s	1m 47s	340.5%	1.3 GB	1.9 GB	4.5 GB	4.2 GB
411	df/088bf7	59635646_94	NFCORE_MAG:MAG:SHORTREAD_PREPROCESSING:FASTQC_RAW (toy_mousegut_sample_35_run0_raw)	CACHED	0	2026-09-13 02:48:53.911	2m 59s	1m 45s	186.3%	2.9 GB	15.3 GB	4.4 GB	3.2 MB
413	ba/e038f3	59636222_13	NFCORE_MAG:MAG:SHORTREAD_PREPROCESSING:FASTP (toy_hmp_airskinurogenital_sample_1_run0)	CACHED	0	2026-09-13 02:54:54.234	2m 29s	1m 38s	324.7%	1.3 GB	1.8 GB	4.5 GB	4.2 GB
419	6c/805131	59635646_95	NFCORE_MAG:MAG:SHORTREAD_PREPROCESSING:FASTQC_RAW (toy_mousegut_sample_38_run0_raw)	CACHED	0	2026-09-13 02:48:53.911	2m 59s	1m 43s	186.4%	2.7 GB	15.3 GB	4.4 GB	3.2 MB
422	0b/a5fb7b	59636557_18	NFCORE_MAG:MAG:SHORTREAD_PREPROCESSING:FASTQC_TRIMMED (toy_hmp_airskinurogenital_sample_0_run0)	CACHED	0	2026-09-13 02:58:29.287	2m 24s	1m 41s	186.8%	2.9 GB	15.3 GB	4.2 GB	3.3 MB
420	04/feaf80	59635646_98	NFCORE_MAG:MAG:SHORTREAD_PREPROCESSING:FASTQC_RAW (toy_mousegut_sample_52_run0_raw)	CACHED	0	2026-09-13 02:48:53.911	2m 30s	1m 37s	188.9%	2.8 GB	15.2 GB	4.4 GB	3.2 MB
421	ff/f79c58	59636557_17	NFCORE_MAG:MAG:SHORTREAD_PREPROCESSING:FASTQC_TRIMMED (strain_sample_99_run0)	CACHED	0	2026-09-13 02:58:29.287	1m 24s	43s	183.8%	2.8 GB	15.3 GB	1.7 GB	3.3 MB
424	63/97c0f9	59635646_96	NFCORE_MAG:MAG:SHORTREAD_PREPROCESSING:FASTQC_RAW (toy_mousegut_sample_53_run0_raw)	CACHED	0	2026-09-13 02:48:53.911	2m 59s	1m 42s	189.1%	2.9 GB	15.2 GB	4.4 GB	3.2 MB
423	a6/bad559	59636222_12	NFCORE_MAG:MAG:SHORTREAD_PREPROCESSING:FASTP (toy_hmp_airskinurogenital_sample_4_run0)	CACHED	0	2026-09-13 02:54:54.234	2m 29s	1m 41s	309.0%	1.3 GB	1.8 GB	4.5 GB	4.2 GB
429	d8/a6a5b4	59635646_99	NFCORE_MAG:MAG:SHORTREAD_PREPROCESSING:FASTQC_RAW (toy_mousegut_sample_55_run0_raw)	CACHED	0	2026-09-13 02:48:53.911	2m 30s	1m 36s	185.2%	2.7 GB	15.3 GB	4.4 GB	3.2 MB
427	36/1eff34	59636557_25	NFCORE_MAG:MAG:SHORTREAD_PREPROCESSING:FASTQC_TRIMMED (toy_hmp_airskinurogenital_sample_2_run0)	CACHED	0	2026-09-13 02:58:29.287	1m 54s	1m 31s	187.3%	3 GB	15.2 GB	4.2 GB	3.3 MB
430	e7/9aa669	59635394_0	NFCORE_MAG:MAG:SHORTREAD_PREPROCESSING:FASTQC_RAW (toy_mousegut_sample_56_run0_raw)	CACHED	0	2026-09-13 02:42:54.094	1m 59s	1m 33s	186.9%	2.6 GB	15.2 GB	4.4 GB	3.2 MB
416	f6/2a148a	59636222_11	NFCORE_MAG:MAG:SHORTREAD_PREPROCESSING:FASTP (toy_hmp_airskinurogenital_sample_3_run0)	CACHED	0	2026-09-13 02:54:54.234	2m 29s	1m 58s	282.3%	1.3 GB	1.9 GB	4.5 GB	4.2 GB
432	12/7e9f50	59635394_2	NFCORE_MAG:MAG:SHORTREAD_PREPROCESSING:FASTQC_RAW (toy_mousegut_sample_57_run0_raw)	CACHED	0	2026-09-13 02:42:54.094	1m 59s	1m 30s	187.6%	2.5 GB	15.3 GB	4.4 GB	3.2 MB
425	5d/021f78	59635646_97	NFCORE_MAG:MAG:SHORTREAD_PREPROCESSING:FASTQC_RAW (toy_mousegut_sample_54_run0_raw)	CACHED	0	2026-09-13 02:48:53.911	2m 30s	1m 36s	188.7%	2.8 GB	15.3 GB	4.4 GB	3.2 MB
426	c7/bf1438	59636222_15	NFCORE_MAG:MAG:SHORTREAD_PREPROCESSING:FASTP (toy_hmp_airskinurogenital_sample_5_run0)	CACHED	0	2026-09-13 02:54:54.234	1m 59s	1m 30s	367.4%	1.3 GB	1.9 GB	4.5 GB	4.2 GB
431	3f/faa685	59636557_23	NFCORE_MAG:MAG:SHORTREAD_PREPROCESSING:FASTQC_TRIMMED (toy_hmp_airskinurogenital_sample_1_run0)	CACHED	0	2026-09-13 02:58:29.287	1m 54s	1m 36s	187.7%	2.9 GB	15.3 GB	4.2 GB	3.3 MB
438	04/de19a9	59636557_26	NFCORE_MAG:MAG:SHORTREAD_PREPROCESSING:FASTQC_TRIMMED (toy_hmp_airskinurogenital_sample_3_run0)	CACHED	0	2026-09-13 02:58:29.287	2m 24s	1m 40s	188.7%	2.7 GB	15.3 GB	4.2 GB	3.3 MB
434	a9/12eb0b	59635394_1	NFCORE_MAG:MAG:SHORTREAD_PREPROCESSING:FASTQC_RAW (toy_mousegut_sample_58_run0_raw)	CACHED	0	2026-09-13 02:42:54.094	1m 59s	1m 38s	185.4%	2.9 GB	15.2 GB	4.4 GB	3.2 MB
428	ca/ffd3ff	59636222_16	NFCORE_MAG:MAG:SHORTREAD_PREPROCESSING:FASTP (toy_hmp_airskinurogenital_sample_6_run0)	CACHED	0	2026-09-13 02:54:54.234	2m 29s	2m	297.4%	1.3 GB	1.8 GB	4.5 GB	4.2 GB
441	a3/fd2894	59635394_6	NFCORE_MAG:MAG:SHORTREAD_PREPROCESSING:FASTQC_RAW (toy_mousegut_sample_61_run0_raw)	CACHED	0	2026-09-13 02:42:54.094	2m 29s	1m 56s	184.1%	2.9 GB	15.3 GB	4.4 GB	3.2 MB
443	e2/42e195	59636557_21	NFCORE_MAG:MAG:SHORTREAD_PREPROCESSING:FASTQC_TRIMMED (toy_hmp_airskinurogenital_sample_5_run0)	CACHED	0	2026-09-13 02:58:29.287	1m 54s	1m 35s	186.4%	2.7 GB	15.2 GB	4.2 GB	3.3 MB
435	63/431570	59636557_24	NFCORE_MAG:MAG:SHORTREAD_PREPROCESSING:FASTQC_TRIMMED (toy_hmp_airskinurogenital_sample_4_run0)	CACHED	0	2026-09-13 02:58:29.287	1m 54s	1m 32s	187.9%	2.6 GB	15.3 GB	4.2 GB	3.3 MB
436	e4/11a9e2	59636222_17	NFCORE_MAG:MAG:SHORTREAD_PREPROCESSING:FASTP (toy_hmp_airskinurogenital_sample_8_run0)	CACHED	0	2026-09-13 02:54:54.234	2m 29s	1m 36s	349.4%	1.3 GB	1.8 GB	4.5 GB	4.2 GB
442	a6/645118	59635394_3	NFCORE_MAG:MAG:SHORTREAD_PREPROCESSING:FASTQC_RAW (toy_mousegut_sample_62_run0_raw)	CACHED	0	2026-09-13 02:42:54.094	1m 59s	1m 37s	187.1%	2.5 GB	15.2 GB	4.4 GB	3.2 MB
445	49/772929	59635394_7	NFCORE_MAG:MAG:SHORTREAD_PREPROCESSING:FASTQC_RAW (toy_mousegut_sample_63_run0_raw)	CACHED	0	2026-09-13 02:42:54.094	2m 29s	1m 54s	187.9%	2.5 GB	15.2 GB	4.4 GB	3.2 MB
437	81/2e6286	59635394_5	NFCORE_MAG:MAG:SHORTREAD_PREPROCESSING:FASTQC_RAW (toy_mousegut_sample_59_run0_raw)	CACHED	0	2026-09-13 02:42:54.094	2m 29s	1m 56s	185.0%	2.7 GB	15.2 GB	4.4 GB	3.2 MB
439	13/e207fc	59635394_4	NFCORE_MAG:MAG:SHORTREAD_PREPROCESSING:FASTQC_RAW (toy_mousegut_sample_60_run0_raw)	CACHED	0	2026-09-13 02:42:54.094	2m 29s	1m 44s	188.2%	2.8 GB	15.2 GB	4.4 GB	3.2 MB
447	71/3365f3	59636557_28	NFCORE_MAG:MAG:SHORTREAD_PREPROCESSING:FASTQC_TRIMMED (toy_hmp_airskinurogenital_sample_8_run0)	CACHED	0	2026-09-13 02:58:29.287	1m 54s	1m 25s	188.5%	2.7 GB	15.3 GB	4.2 GB	3.3 MB
446	90/d4a3a5	59636557_27	NFCORE_MAG:MAG:SHORTREAD_PREPROCESSING:FASTQC_TRIMMED (toy_hmp_airskinurogenital_sample_6_run0)	CACHED	0	2026-09-13 02:58:29.287	1m 54s	1m 35s	186.7%	2.8 GB	15.3 GB	4.2 GB	3.3 MB
433	13/5e46bd	59636222_18	NFCORE_MAG:MAG:SHORTREAD_PREPROCESSING:FASTP (toy_hmp_airskinurogenital_sample_7_run0)	CACHED	0	2026-09-13 02:54:54.234	2m 29s	1m 35s	370.6%	1.3 GB	1.8 GB	4.5 GB	4.2 GB
448	5e/33e849	59636222_21	NFCORE_MAG:MAG:SHORTREAD_PREPROCESSING:FASTP (toy_hmp_airskinurogenital_sample_11_run0)	CACHED	0	2026-09-13 02:54:54.234	2m 29s	1m 45s	324.4%	1.3 GB	1.9 GB	4.5 GB	4.2 GB
440	37/aff706	59636222_19	NFCORE_MAG:MAG:SHORTREAD_PREPROCESSING:FASTP (toy_hmp_airskinurogenital_sample_9_run0)	CACHED	0	2026-09-13 02:54:54.234	1m 59s	1m 34s	361.0%	1.3 GB	1.8 GB	4.5 GB	4.2 GB
450	08/bde95d	59636557_32	NFCORE_MAG:MAG:SHORTREAD_PREPROCESSING:FASTQC_TRIMMED (toy_hmp_airskinurogenital_sample_7_run0)	CACHED	0	2026-09-13 02:58:29.287	1m 54s	1m 29s	185.6%	3 GB	15.3 GB	4.2 GB	3.3 MB
451	42/7e7ed3	59636557_30	NFCORE_MAG:MAG:SHORTREAD_PREPROCESSING:FASTQC_TRIMMED (toy_hmp_airskinurogenital_sample_11_run0)	CACHED	0	2026-09-13 02:58:29.287	1m 54s	1m 29s	189.2%	2.8 GB	15.2 GB	4.2 GB	3.3 MB
454	00/47a777	59636557_19	NFCORE_MAG:MAG:SHORTREAD_PREPROCESSING:FASTQC_TRIMMED (toy_hmp_airskinurogenital_sample_9_run0)	CACHED	0	2026-09-13 02:58:29.287	2m 24s	1m 39s	189.4%	2.8 GB	15.2 GB	4.2 GB	3.3 MB
452	60/0571a0	59636222_23	NFCORE_MAG:MAG:SHORTREAD_PREPROCESSING:FASTP (toy_hmp_airskinurogenital_sample_13_run0)	CACHED	0	2026-09-13 02:54:54.234	2m 59s	2m 13s	293.0%	1.3 GB	1.8 GB	4.5 GB	4.2 GB
449	b5/463501	59636222_22	NFCORE_MAG:MAG:SHORTREAD_PREPROCESSING:FASTP (toy_hmp_airskinurogenital_sample_12_run0)	CACHED	0	2026-09-13 02:54:54.234	2m 29s	1m 46s	333.9%	1.3 GB	1.9 GB	4.5 GB	4.2 GB
453	55/eb9887	59636222_24	NFCORE_MAG:MAG:SHORTREAD_PREPROCESSING:FASTP (toy_hmp_airskinurogenital_sample_14_run0)	CACHED	0	2026-09-13 02:54:54.234	2m 29s	1m 49s	332.5%	1.3 GB	1.8 GB	4.5 GB	4.2 GB
456	73/c91295	59636557_62	NFCORE_MAG:MAG:SHORTREAD_PREPROCESSING:FASTQC_TRIMMED (toy_hmp_airskinurogenital_sample_13_run0)	CACHED	0	2026-09-13 02:58:29.287	1m 54s	1m 32s	188.2%	2.7 GB	15.2 GB	4.2 GB	3.3 MB
458	de/dda740	59636557_29	NFCORE_MAG:MAG:SHORTREAD_PREPROCESSING:FASTQC_TRIMMED (toy_hmp_airskinurogenital_sample_12_run0)	CACHED	0	2026-09-13 02:58:29.287	1m 54s	1m 25s	189.5%	2.6 GB	15.3 GB	4.2 GB	3.3 MB
444	10/0a8cf6	59636222_20	NFCORE_MAG:MAG:SHORTREAD_PREPROCESSING:FASTP (toy_hmp_airskinurogenital_sample_10_run0)	CACHED	0	2026-09-13 02:54:54.234	2m 29s	1m 37s	354.8%	1.3 GB	1.9 GB	4.5 GB	4.2 GB
460	e9/9543ec	59636557_33	NFCORE_MAG:MAG:SHORTREAD_PREPROCESSING:FASTQC_TRIMMED (toy_hmp_airskinurogenital_sample_14_run0)	CACHED	0	2026-09-13 02:58:29.287	1m 54s	1m 33s	186.2%	2.9 GB	15.2 GB	4.2 GB	3.3 MB
462	55/33123e	59636557_31	NFCORE_MAG:MAG:SHORTREAD_PREPROCESSING:FASTQC_TRIMMED (toy_hmp_airskinurogenital_sample_10_run0)	CACHED	0	2026-09-13 02:58:29.287	1m 54s	1m 34s	188.6%	2.8 GB	15.3 GB	4.2 GB	3.3 MB
457	83/5a205d	59636222_28	NFCORE_MAG:MAG:SHORTREAD_PREPROCESSING:FASTP (toy_hmp_airskinurogenital_sample_16_run0)	CACHED	0	2026-09-13 02:54:54.234	2m 59s	2m 16s	295.8%	1.3 GB	1.8 GB	4.5 GB	4.2 GB
459	3c/b89e35	59636222_27	NFCORE_MAG:MAG:SHORTREAD_PREPROCESSING:FASTP (toy_hmp_airskinurogenital_sample_17_run0)	CACHED	0	2026-09-13 02:54:54.234	2m 59s	2m 15s	297.2%	1.3 GB	1.8 GB	4.5 GB	4.2 GB
455	95/d833ed	59636222_25	NFCORE_MAG:MAG:SHORTREAD_PREPROCESSING:FASTP (toy_hmp_airskinurogenital_sample_15_run0)	CACHED	0	2026-09-13 02:54:54.234	2m 59s	2m 24s	293.2%	1.3 GB	1.8 GB	4.5 GB	4.2 GB
464	83/5c919e	59636557_65	NFCORE_MAG:MAG:SHORTREAD_PREPROCESSING:FASTQC_TRIMMED (toy_hmp_airskinurogenital_sample_16_run0)	CACHED	0	2026-09-13 02:58:29.287	2m 24s	2m 5s	185.6%	3.1 GB	15.3 GB	4.2 GB	3.3 MB
461	05/b99806	59636222_29	NFCORE_MAG:MAG:SHORTREAD_PREPROCESSING:FASTP (toy_hmp_airskinurogenital_sample_18_run0)	CACHED	0	2026-09-13 02:54:54.234	2m 59s	2m 11s	306.4%	1.3 GB	1.9 GB	4.5 GB	4.2 GB
466	b9/8d6cea	59636557_66	NFCORE_MAG:MAG:SHORTREAD_PREPROCESSING:FASTQC_TRIMMED (toy_hmp_airskinurogenital_sample_17_run0)	CACHED	0	2026-09-13 02:58:29.287	2m 24s	2m 7s	178.2%	3.1 GB	15.3 GB	4.2 GB	3.3 MB
468	fa/299054	59636557_67	NFCORE_MAG:MAG:SHORTREAD_PREPROCESSING:FASTQC_TRIMMED (toy_hmp_airskinurogenital_sample_15_run0)	CACHED	0	2026-09-13 02:58:29.287	2m 24s	1m 54s	186.5%	3.2 GB	15.2 GB	4.2 GB	3.3 MB
470	e8/1fe1a8	59636557_71	NFCORE_MAG:MAG:SHORTREAD_PREPROCESSING:FASTQC_TRIMMED (toy_hmp_airskinurogenital_sample_18_run0)	CACHED	0	2026-09-13 02:58:29.287	2m 24s	2m 3s	185.2%	2.9 GB	15.3 GB	4.2 GB	3.3 MB
463	0e/ad4b8e	59636222_26	NFCORE_MAG:MAG:SHORTREAD_PREPROCESSING:FASTP (toy_hmp_airskinurogenital_sample_19_run0)	CACHED	0	2026-09-13 02:54:54.234	2m 29s	1m 56s	337.0%	1.3 GB	1.9 GB	4.5 GB	4.2 GB
469	71/03a0a7	59636222_31	NFCORE_MAG:MAG:SHORTREAD_PREPROCESSING:FASTP (toy_hmp_airskinurogenital_sample_22_run0)	CACHED	0	2026-09-13 02:54:54.234	2m 29s	1m 39s	378.4%	1.3 GB	1.8 GB	4.5 GB	4.2 GB
465	7b/87fe48	59636222_30	NFCORE_MAG:MAG:SHORTREAD_PREPROCESSING:FASTP (toy_hmp_airskinurogenital_sample_20_run0)	CACHED	0	2026-09-13 02:54:54.234	2m 29s	1m 57s	337.1%	1.3 GB	1.8 GB	4.5 GB	4.2 GB
472	c5/b2155b	59636557_35	NFCORE_MAG:MAG:SHORTREAD_PREPROCESSING:FASTQC_TRIMMED (toy_hmp_airskinurogenital_sample_19_run0)	CACHED	0	2026-09-13 02:58:29.287	2m 24s	1m 50s	186.6%	3.1 GB	15.2 GB	4.2 GB	3.3 MB
471	82/c55f53	59636222_34	NFCORE_MAG:MAG:SHORTREAD_PREPROCESSING:FASTP (toy_hmp_airskinurogenital_sample_23_run0)	CACHED	0	2026-09-13 02:54:54.234	2m 59s	2m 5s	321.4%	1.3 GB	1.8 GB	4.5 GB	4.2 GB
467	16/c496ce	59636222_32	NFCORE_MAG:MAG:SHORTREAD_PREPROCESSING:FASTP (toy_hmp_airskinurogenital_sample_21_run0)	CACHED	0	2026-09-13 02:54:54.234	2m 29s	1m 57s	343.9%	1.3 GB	1.8 GB	4.5 GB	4.1 GB
476	8c/5a49e3	59636557_37	NFCORE_MAG:MAG:SHORTREAD_PREPROCESSING:FASTQC_TRIMMED (toy_hmp_airskinurogenital_sample_20_run0)	CACHED	0	2026-09-13 02:58:29.287	2m 24s	1m 49s	186.5%	2.8 GB	15.2 GB	4.2 GB	3.3 MB
475	39/26a452	59636557_34	NFCORE_MAG:MAG:SHORTREAD_PREPROCESSING:FASTQC_TRIMMED (toy_hmp_airskinurogenital_sample_22_run0)	CACHED	0	2026-09-13 02:58:29.287	1m 54s	1m 31s	189.4%	2.6 GB	15.3 GB	4.2 GB	3.3 MB
478	b2/d54c76	59636557_63	NFCORE_MAG:MAG:SHORTREAD_PREPROCESSING:FASTQC_TRIMMED (toy_hmp_airskinurogenital_sample_23_run0)	CACHED	0	2026-09-13 02:58:29.287	2m 24s	1m 58s	186.8%	3.2 GB	15.3 GB	4.2 GB	3.3 MB
480	fb/b40e17	59636557_38	NFCORE_MAG:MAG:SHORTREAD_PREPROCESSING:FASTQC_TRIMMED (toy_hmp_airskinurogenital_sample_21_run0)	CACHED	0	2026-09-13 02:58:29.287	2m 24s	1m 41s	188.6%	3 GB	15.3 GB	4.2 GB	3.3 MB
474	08/0a9825	59636222_35	NFCORE_MAG:MAG:SHORTREAD_PREPROCESSING:FASTP (toy_hmp_airskinurogenital_sample_25_run0)	CACHED	0	2026-09-13 02:54:54.234	2m 59s	2m 20s	293.3%	1.3 GB	1.9 GB	4.5 GB	4.2 GB
477	df/af5a78	59636222_36	NFCORE_MAG:MAG:SHORTREAD_PREPROCESSING:FASTP (toy_hmp_airskinurogenital_sample_26_run0)	CACHED	0	2026-09-13 02:54:54.234	2m 29s	2m 2s	330.0%	1.3 GB	1.9 GB	4.5 GB	4.2 GB
482	29/97b651	59636557_68	NFCORE_MAG:MAG:SHORTREAD_PREPROCESSING:FASTQC_TRIMMED (toy_hmp_airskinurogenital_sample_25_run0)	CACHED	0	2026-09-13 02:58:29.287	2m 24s	1m 57s	188.0%	3.1 GB	15.3 GB	4.2 GB	3.3 MB
483	20/4eb26c	59636557_43	NFCORE_MAG:MAG:SHORTREAD_PREPROCESSING:FASTQC_TRIMMED (toy_hmp_airskinurogenital_sample_26_run0)	CACHED	0	2026-09-13 02:58:29.287	1m 54s	1m 32s	189.5%	3 GB	15.2 GB	4.2 GB	3.3 MB
484	44/c6db39	59636222_37	NFCORE_MAG:MAG:SHORTREAD_PREPROCESSING:FASTP (toy_hmp_gastrooral_sample_0_run0)	CACHED	0	2026-09-13 02:54:54.234	2m 59s	2m 13s	305.8%	1.3 GB	1.9 GB	4.5 GB	4.2 GB
473	ef/892791	59636222_33	NFCORE_MAG:MAG:SHORTREAD_PREPROCESSING:FASTP (toy_hmp_airskinurogenital_sample_24_run0)	CACHED	0	2026-09-13 02:54:54.234	2m 29s	1m 37s	384.3%	1.3 GB	1.8 GB	4.5 GB	4.2 GB
481	93/a5b010	59636222_39	NFCORE_MAG:MAG:SHORTREAD_PREPROCESSING:FASTP (toy_hmp_airskinurogenital_sample_28_run0)	CACHED	0	2026-09-13 02:54:54.234	2m 29s	1m 50s	346.8%	1.3 GB	1.8 GB	4.5 GB	4.2 GB
479	78/15831f	59636222_38	NFCORE_MAG:MAG:SHORTREAD_PREPROCESSING:FASTP (toy_hmp_airskinurogenital_sample_27_run0)	CACHED	0	2026-09-13 02:54:54.234	2m 59s	2m 7s	319.5%	1.3 GB	1.9 GB	4.5 GB	4.2 GB
488	0c/84a1be	59636557_36	NFCORE_MAG:MAG:SHORTREAD_PREPROCESSING:FASTQC_TRIMMED (toy_hmp_airskinurogenital_sample_24_run0)	CACHED	0	2026-09-13 02:58:29.287	2m 24s	1m 39s	189.1%	2.9 GB	15.2 GB	4.2 GB	3.3 MB
490	0e/edc668	59636557_46	NFCORE_MAG:MAG:SHORTREAD_PREPROCESSING:FASTQC_TRIMMED (toy_hmp_airskinurogenital_sample_28_run0)	CACHED	0	2026-09-13 02:58:29.287	1m 54s	1m 34s	188.2%	2.6 GB	15.3 GB	4.2 GB	3.3 MB
486	ce/23b43c	59636557_64	NFCORE_MAG:MAG:SHORTREAD_PREPROCESSING:FASTQC_TRIMMED (toy_hmp_gastrooral_sample_0_run0)	CACHED	0	2026-09-13 02:58:29.287	2m 24s	1m 57s	187.0%	3 GB	15.3 GB	4.2 GB	3.3 MB
487	9c/5b50f3	59636222_41	NFCORE_MAG:MAG:SHORTREAD_PREPROCESSING:FASTP (toy_hmp_gastrooral_sample_2_run0)	CACHED	0	2026-09-13 02:54:54.234	2m 29s	1m 48s	339.9%	1.3 GB	1.9 GB	4.5 GB	4.2 GB
492	dc/25a314	59636557_77	NFCORE_MAG:MAG:SHORTREAD_PREPROCESSING:FASTQC_TRIMMED (toy_hmp_airskinurogenital_sample_27_run0)	CACHED	0	2026-09-13 02:58:29.287	2m 24s	2m 1s	180.8%	3.3 GB	15.3 GB	4.2 GB	3.3 MB
489	ea/5e6a52	59636222_42	NFCORE_MAG:MAG:SHORTREAD_PREPROCESSING:FASTP (toy_hmp_gastrooral_sample_3_run0)	CACHED	0	2026-09-13 02:54:54.234	2m 29s	1m 51s	333.6%	1.3 GB	1.8 GB	4.5 GB	4.2 GB
494	85/343bdb	59636557_39	NFCORE_MAG:MAG:SHORTREAD_PREPROCESSING:FASTQC_TRIMMED (toy_hmp_gastrooral_sample_2_run0)	CACHED	0	2026-09-13 02:58:29.287	2m 24s	1m 40s	187.9%	2.9 GB	15.2 GB	4.2 GB	3.3 MB
491	6f/751ce4	59636222_43	NFCORE_MAG:MAG:SHORTREAD_PREPROCESSING:FASTP (toy_hmp_gastrooral_sample_4_run0)	CACHED	0	2026-09-13 02:54:54.234	1m 59s	1m 32s	373.0%	1.3 GB	1.8 GB	4.5 GB	4.2 GB
485	52/d00221	59636222_40	NFCORE_MAG:MAG:SHORTREAD_PREPROCESSING:FASTP (toy_hmp_gastrooral_sample_1_run0)	CACHED	0	2026-09-13 02:54:54.234	2m 59s	2m 14s	310.1%	1.3 GB	1.9 GB	4.5 GB	4.2 GB
493	c9/239c63	59636222_44	NFCORE_MAG:MAG:SHORTREAD_PREPROCESSING:FASTP (toy_hmp_gastrooral_sample_5_run0)	CACHED	0	2026-09-13 02:54:54.234	2m 29s	1m 39s	349.6%	1.3 GB	1.8 GB	4.5 GB	4.2 GB
499	c4/b47d24	59636557_72	NFCORE_MAG:MAG:SHORTREAD_PREPROCESSING:FASTQC_TRIMMED (toy_hmp_gastrooral_sample_1_run0)	CACHED	0	2026-09-13 02:58:29.287	2m 24s	1m 58s	186.7%	2.9 GB	15.2 GB	4.2 GB	3.3 MB
496	04/7b0602	59636557_47	NFCORE_MAG:MAG:SHORTREAD_PREPROCESSING:FASTQC_TRIMMED (toy_hmp_gastrooral_sample_3_run0)	CACHED	0	2026-09-13 02:58:29.287	2m 24s	1m 51s	187.7%	2.9 GB	15.3 GB	4.2 GB	3.2 MB
498	34/be1efd	59636557_20	NFCORE_MAG:MAG:SHORTREAD_PREPROCESSING:FASTQC_TRIMMED (toy_hmp_gastrooral_sample_4_run0)	CACHED	0	2026-09-13 02:58:29.287	1m 54s	1m 38s	187.6%	2.7 GB	15.3 GB	4.2 GB	3.3 MB
495	b3/148e37	59636222_45	NFCORE_MAG:MAG:SHORTREAD_PREPROCESSING:FASTP (toy_hmp_gastrooral_sample_6_run0)	CACHED	0	2026-09-13 02:54:54.234	2m 59s	2m 23s	269.8%	1.3 GB	1.8 GB	4.5 GB	4.2 GB
497	d3/b8fee4	59636222_46	NFCORE_MAG:MAG:SHORTREAD_PREPROCESSING:FASTP (toy_hmp_gastrooral_sample_7_run0)	CACHED	0	2026-09-13 02:54:54.234	2m 29s	1m 43s	358.3%	1.3 GB	1.8 GB	4.5 GB	4.2 GB
502	80/f2b2ab	59636557_49	NFCORE_MAG:MAG:SHORTREAD_PREPROCESSING:FASTQC_TRIMMED (toy_hmp_gastrooral_sample_5_run0)	CACHED	0	2026-09-13 02:58:29.287	2m 24s	2m 3s	177.3%	3.1 GB	15.3 GB	4.2 GB	3.3 MB
501	38/1a23b7	59636222_47	NFCORE_MAG:MAG:SHORTREAD_PREPROCESSING:FASTP (toy_hmp_gastrooral_sample_9_run0)	CACHED	0	2026-09-13 02:54:54.234	2m 29s	1m 43s	350.5%	1.3 GB	1.9 GB	4.5 GB	4.2 GB
503	82/eed0b6	59636222_48	NFCORE_MAG:MAG:SHORTREAD_PREPROCESSING:FASTP (toy_hmp_gastrooral_sample_10_run0)	CACHED	0	2026-09-13 02:54:54.234	2m 29s	1m 37s	354.2%	1.3 GB	1.9 GB	4.5 GB	4.2 GB
500	0e/007d34	59636222_49	NFCORE_MAG:MAG:SHORTREAD_PREPROCESSING:FASTP (toy_hmp_gastrooral_sample_8_run0)	CACHED	0	2026-09-13 02:54:54.234	1m 59s	1m 32s	367.3%	1.3 GB	1.8 GB	4.5 GB	4.2 GB
504	60/8f3f44	59636557_70	NFCORE_MAG:MAG:SHORTREAD_PREPROCESSING:FASTQC_TRIMMED (toy_hmp_gastrooral_sample_6_run0)	CACHED	0	2026-09-13 02:58:29.287	2m 24s	2m 2s	180.5%	2.7 GB	15.2 GB	4.2 GB	3.3 MB
508	dd/b7d91c	59636557_41	NFCORE_MAG:MAG:SHORTREAD_PREPROCESSING:FASTQC_TRIMMED (toy_hmp_gastrooral_sample_9_run0)	CACHED	0	2026-09-13 02:58:29.287	2m 24s	1m 40s	188.0%	3.1 GB	15.3 GB	4.2 GB	3.3 MB
509	0c/f6526f	59636557_42	NFCORE_MAG:MAG:SHORTREAD_PREPROCESSING:FASTQC_TRIMMED (toy_hmp_gastrooral_sample_10_run0)	CACHED	0	2026-09-13 02:58:29.287	2m 24s	1m 41s	189.0%	2.9 GB	15.2 GB	4.2 GB	3.3 MB
507	21/aa4772	59636222_52	NFCORE_MAG:MAG:SHORTREAD_PREPROCESSING:FASTP (toy_hmp_gastrooral_sample_12_run0)	CACHED	0	2026-09-13 02:54:54.234	3m 29s	2m 10s	289.3%	1.3 GB	1.9 GB	4.5 GB	4.2 GB
506	8c/5d27fb	59636557_40	NFCORE_MAG:MAG:SHORTREAD_PREPROCESSING:FASTQC_TRIMMED (toy_hmp_gastrooral_sample_7_run0)	CACHED	0	2026-09-13 02:58:29.287	2m 24s	1m 44s	184.9%	3 GB	15.3 GB	4.2 GB	3.3 MB
513	5f/603d37	59636557_22	NFCORE_MAG:MAG:SHORTREAD_PREPROCESSING:FASTQC_TRIMMED (toy_hmp_gastrooral_sample_8_run0)	CACHED	0	2026-09-13 02:58:29.287	1m 54s	1m 36s	187.2%	2.8 GB	15.3 GB	4.2 GB	3.3 MB
505	86/ab39dd	59636222_50	NFCORE_MAG:MAG:SHORTREAD_PREPROCESSING:FASTP (toy_hmp_gastrooral_sample_11_run0)	CACHED	0	2026-09-13 02:54:54.234	2m 59s	1m 39s	338.2%	1.3 GB	1.8 GB	4.5 GB	4.2 GB
510	51/694401	59636222_51	NFCORE_MAG:MAG:SHORTREAD_PREPROCESSING:FASTP (toy_hmp_gastrooral_sample_13_run0)	CACHED	0	2026-09-13 02:54:54.234	2m 29s	1m 26s	378.8%	1.3 GB	1.8 GB	4.5 GB	4.2 GB
514	6a/c8c5af	59636678_2	NFCORE_MAG:MAG:SHORTREAD_PREPROCESSING:FASTQC_TRIMMED (toy_hmp_gastrooral_sample_12_run0)	CACHED	0	2026-09-13 03:00:29.222	1m 54s	1m 25s	190.1%	2.8 GB	15.3 GB	4.2 GB	3.3 MB
516	65/31778b	59636557_74	NFCORE_MAG:MAG:SHORTREAD_PREPROCESSING:FASTQC_TRIMMED (toy_hmp_gastrooral_sample_11_run0)	CACHED	0	2026-09-13 02:58:29.287	2m 24s	1m 46s	187.8%	2.9 GB	15.3 GB	4.2 GB	3.3 MB
518	d0/52f334	59636557_45	NFCORE_MAG:MAG:SHORTREAD_PREPROCESSING:FASTQC_TRIMMED (toy_hmp_gastrooral_sample_13_run0)	CACHED	0	2026-09-13 02:58:29.287	2m 24s	1m 40s	181.6%	2.6 GB	15.2 GB	4.2 GB	3.3 MB
512	92/3d3a35	59636222_55	NFCORE_MAG:MAG:SHORTREAD_PREPROCESSING:FASTP (toy_hmp_gastrooral_sample_15_run0)	CACHED	0	2026-09-13 02:54:54.234	2m 59s	1m 37s	325.6%	1.4 GB	1.9 GB	4.5 GB	4.2 GB
515	42/cad2b8	59636222_54	NFCORE_MAG:MAG:SHORTREAD_PREPROCESSING:FASTP (toy_hmp_gastrooral_sample_16_run0)	CACHED	0	2026-09-13 02:54:54.234	2m 59s	1m 46s	307.2%	1.3 GB	1.8 GB	4.5 GB	4.2 GB
520	5b/8d23a6	59636557_73	NFCORE_MAG:MAG:SHORTREAD_PREPROCESSING:FASTQC_TRIMMED (toy_hmp_gastrooral_sample_15_run0)	CACHED	0	2026-09-13 02:58:29.287	2m 24s	1m 58s	185.9%	2.8 GB	15.2 GB	4.2 GB	3.3 MB
511	fb/d50b3f	59636222_53	NFCORE_MAG:MAG:SHORTREAD_PREPROCESSING:FASTP (toy_hmp_gastrooral_sample_14_run0)	CACHED	0	2026-09-13 02:54:54.234	2m 59s	2m	309.6%	1.3 GB	1.9 GB	4.5 GB	4.2 GB
522	6c/ae2d10	59636557_76	NFCORE_MAG:MAG:SHORTREAD_PREPROCESSING:FASTQC_TRIMMED (toy_hmp_gastrooral_sample_16_run0)	CACHED	0	2026-09-13 02:58:29.287	2m 24s	2m 7s	176.9%	3.1 GB	15.3 GB	4.2 GB	3.3 MB
517	31/fca25a	59636222_56	NFCORE_MAG:MAG:SHORTREAD_PREPROCESSING:FASTP (toy_hmp_gastrooral_sample_17_run0)	CACHED	0	2026-09-13 02:54:54.234	2m 29s	1m 25s	364.6%	1.3 GB	1.8 GB	4.5 GB	4.2 GB
519	47/bf6965	59636222_57	NFCORE_MAG:MAG:SHORTREAD_PREPROCESSING:FASTP (toy_hmp_gastrooral_sample_18_run0)	CACHED	0	2026-09-13 02:54:54.234	2m 29s	1m 33s	369.1%	1.3 GB	1.8 GB	4.5 GB	4.2 GB
526	7a/665d77	59636557_44	NFCORE_MAG:MAG:SHORTREAD_PREPROCESSING:FASTQC_TRIMMED (toy_hmp_gastrooral_sample_17_run0)	CACHED	0	2026-09-13 02:58:29.287	1m 54s	1m 38s	187.6%	2.7 GB	15.2 GB	4.2 GB	3.3 MB
524	8b/15f1cc	59636557_69	NFCORE_MAG:MAG:SHORTREAD_PREPROCESSING:FASTQC_TRIMMED (toy_hmp_gastrooral_sample_14_run0)	CACHED	0	2026-09-13 02:58:29.287	2m 24s	2m 2s	184.1%	3 GB	15.3 GB	4.2 GB	3.3 MB
528	a9/af3854	59636557_48	NFCORE_MAG:MAG:SHORTREAD_PREPROCESSING:FASTQC_TRIMMED (toy_hmp_gastrooral_sample_18_run0)	CACHED	0	2026-09-13 02:58:29.287	2m 24s	1m 51s	188.9%	3 GB	15.2 GB	4.2 GB	3.3 MB
523	75/2ef40c	59636222_60	NFCORE_MAG:MAG:SHORTREAD_PREPROCESSING:FASTP (toy_mousegut_sample_0_run0)	CACHED	0	2026-09-13 02:54:54.234	3m 29s	2m 17s	285.1%	1.3 GB	1.9 GB	4.5 GB	4.2 GB
525	21/932c66	59636222_59	NFCORE_MAG:MAG:SHORTREAD_PREPROCESSING:FASTP (toy_mousegut_sample_1_run0)	CACHED	0	2026-09-13 02:54:54.234	2m 29s	1m 33s	371.3%	1.3 GB	1.8 GB	4.5 GB	4.2 GB
530	7e/9c0c13	59636678_5	NFCORE_MAG:MAG:SHORTREAD_PREPROCESSING:FASTQC_TRIMMED (toy_mousegut_sample_0_run0)	CACHED	0	2026-09-13 03:00:29.222	1m 54s	1m 36s	187.5%	3.3 GB	15.2 GB	4.2 GB	3.3 MB
532	8a/5fca5a	59636557_54	NFCORE_MAG:MAG:SHORTREAD_PREPROCESSING:FASTQC_TRIMMED (toy_mousegut_sample_1_run0)	CACHED	0	2026-09-13 02:58:29.287	2m 24s	1m 58s	185.1%	3 GB	15.3 GB	4.2 GB	3.3 MB
531	df/266d44	59636222_65	NFCORE_MAG:MAG:SHORTREAD_PREPROCESSING:FASTP (toy_mousegut_sample_6_run0)	CACHED	0	2026-09-13 02:54:54.234	2m 59s	1m 44s	362.6%	1.3 GB	1.8 GB	4.5 GB	4.1 GB
527	11/f17a10	59636222_61	NFCORE_MAG:MAG:SHORTREAD_PREPROCESSING:FASTP (toy_mousegut_sample_2_run0)	CACHED	0	2026-09-13 02:54:54.234	3m 29s	2m 11s	301.5%	1.3 GB	1.9 GB	4.5 GB	4.2 GB
521	fe/702857	59636222_58	NFCORE_MAG:MAG:SHORTREAD_PREPROCESSING:FASTP (toy_hmp_gastrooral_sample_19_run0)	CACHED	0	2026-09-13 02:54:54.234	2m 29s	1m 33s	374.4%	1.3 GB	1.8 GB	4.5 GB	4.2 GB
534	1d/006b8c	59636557_79	NFCORE_MAG:MAG:SHORTREAD_PREPROCESSING:FASTQC_TRIMMED (toy_mousegut_sample_6_run0)	CACHED	0	2026-09-13 02:58:29.287	2m 24s	2m 6s	185.6%	2.8 GB	15.2 GB	4.2 GB	3.3 MB
538	79/59e213	59636557_50	NFCORE_MAG:MAG:SHORTREAD_PREPROCESSING:FASTQC_TRIMMED (toy_hmp_gastrooral_sample_19_run0)	CACHED	0	2026-09-13 02:58:29.287	2m 24s	1m 49s	188.2%	2.7 GB	15.2 GB	4.2 GB	3.3 MB
533	7a/53bd09	59636222_63	NFCORE_MAG:MAG:SHORTREAD_PREPROCESSING:FASTP (toy_mousegut_sample_7_run0)	CACHED	0	2026-09-13 02:54:54.234	3m 29s	2m 10s	306.4%	1.3 GB	1.9 GB	4.5 GB	4.2 GB
536	86/ed69b5	59636678_3	NFCORE_MAG:MAG:SHORTREAD_PREPROCESSING:FASTQC_TRIMMED (toy_mousegut_sample_2_run0)	CACHED	0	2026-09-13 03:00:29.222	1m 54s	1m 28s	189.2%	2.7 GB	15.3 GB	4.2 GB	3.3 MB
529	3e/5cb0f2	59636222_62	NFCORE_MAG:MAG:SHORTREAD_PREPROCESSING:FASTP (toy_mousegut_sample_5_run0)	CACHED	0	2026-09-13 02:54:54.234	3m 29s	2m 7s	304.2%	1.3 GB	1.8 GB	4.5 GB	4.1 GB
540	ba/7479d1	59636678_4	NFCORE_MAG:MAG:SHORTREAD_PREPROCESSING:FASTQC_TRIMMED (toy_mousegut_sample_7_run0)	CACHED	0	2026-09-13 03:00:29.222	1m 54s	1m 34s	186.5%	2.9 GB	15.3 GB	4.2 GB	3.3 MB
542	cb/ac6c79	59636678_1	NFCORE_MAG:MAG:SHORTREAD_PREPROCESSING:FASTQC_TRIMMED (toy_mousegut_sample_5_run0)	CACHED	0	2026-09-13 03:00:29.222	1m 54s	1m 29s	187.5%	2.9 GB	15.3 GB	4.1 GB	3.3 MB
535	79/285774	59636222_64	NFCORE_MAG:MAG:SHORTREAD_PREPROCESSING:FASTP (toy_mousegut_sample_8_run0)	CACHED	0	2026-09-13 02:54:54.234	3m 29s	2m 6s	314.2%	1.3 GB	1.8 GB	4.5 GB	4.1 GB
541	82/1d5ee7	59636222_68	NFCORE_MAG:MAG:SHORTREAD_PREPROCESSING:FASTP (toy_mousegut_sample_11_run0)	CACHED	0	2026-09-13 02:54:54.234	2m 59s	1m 34s	385.2%	1.3 GB	1.8 GB	4.5 GB	4.2 GB
537	22/0d0de4	59636222_67	NFCORE_MAG:MAG:SHORTREAD_PREPROCESSING:FASTP (toy_mousegut_sample_9_run0)	CACHED	0	2026-09-13 02:54:54.234	2m 59s	1m 38s	381.8%	1.3 GB	1.8 GB	4.5 GB	4.1 GB
545	3d/58ccd7	59636557_75	NFCORE_MAG:MAG:SHORTREAD_PREPROCESSING:FASTQC_TRIMMED (toy_mousegut_sample_9_run0)	CACHED	0	2026-09-13 02:58:29.287	2m 24s	1m 46s	185.5%	2.8 GB	15.2 GB	4.2 GB	3.3 MB
546	9a/08798d	59636557_84	NFCORE_MAG:MAG:SHORTREAD_PREPROCESSING:FASTQC_TRIMMED (toy_mousegut_sample_11_run0)	CACHED	0	2026-09-13 02:58:29.287	2m 24s	2m	187.5%	3 GB	15.3 GB	4.2 GB	3.3 MB
544	b6/992db4	59636678_6	NFCORE_MAG:MAG:SHORTREAD_PREPROCESSING:FASTQC_TRIMMED (toy_mousegut_sample_8_run0)	CACHED	0	2026-09-13 03:00:29.222	1m 54s	1m 36s	188.4%	2.9 GB	15.2 GB	4.2 GB	3.3 MB
539	67/bce0aa	59636222_66	NFCORE_MAG:MAG:SHORTREAD_PREPROCESSING:FASTP (toy_mousegut_sample_10_run0)	CACHED	0	2026-09-13 02:54:54.234	2m 59s	1m 45s	358.5%	1.3 GB	1.9 GB	4.5 GB	4.2 GB
548	1c/b0f5af	59636222_69	NFCORE_MAG:MAG:SHORTREAD_PREPROCESSING:FASTP (toy_mousegut_sample_14_run0)	CACHED	0	2026-09-13 02:54:54.234	2m 59s	1m 34s	387.5%	1.3 GB	1.9 GB	4.5 GB	4.2 GB
550	0a/dfb5ea	59636557_78	NFCORE_MAG:MAG:SHORTREAD_PREPROCESSING:FASTQC_TRIMMED (toy_mousegut_sample_10_run0)	CACHED	0	2026-09-13 02:58:29.287	2m 24s	1m 51s	183.7%	3 GB	15.3 GB	4.2 GB	3.3 MB
552	a3/658936	59636557_82	NFCORE_MAG:MAG:SHORTREAD_PREPROCESSING:FASTQC_TRIMMED (toy_mousegut_sample_14_run0)	CACHED	0	2026-09-13 02:58:29.287	2m 24s	2m 8s	185.6%	3 GB	15.3 GB	4.2 GB	3.3 MB
543	2b/ee6340	59636222_70	NFCORE_MAG:MAG:SHORTREAD_PREPROCESSING:FASTP (toy_mousegut_sample_12_run0)	CACHED	0	2026-09-13 02:54:54.234	2m 59s	1m 38s	376.2%	1.3 GB	1.9 GB	4.5 GB	4.2 GB
547	76/dc8970	59636222_71	NFCORE_MAG:MAG:SHORTREAD_PREPROCESSING:FASTP (toy_mousegut_sample_13_run0)	CACHED	0	2026-09-13 02:54:54.234	2m 59s	1m 46s	359.9%	1.3 GB	1.9 GB	4.5 GB	4.2 GB
554	93/232dde	59636557_88	NFCORE_MAG:MAG:SHORTREAD_PREPROCESSING:FASTQC_TRIMMED (toy_mousegut_sample_12_run0)	CACHED	0	2026-09-13 02:58:29.287	2m 24s	2m 1s	186.9%	3 GB	15.2 GB	4.2 GB	3.3 MB
549	24/977da5	59636222_72	NFCORE_MAG:MAG:SHORTREAD_PREPROCESSING:FASTP (toy_mousegut_sample_15_run0)	CACHED	0	2026-09-13 02:54:54.234	2m 59s	1m 41s	377.7%	1.3 GB	1.8 GB	4.5 GB	4.2 GB
556	d8/fe1bec	59636557_90	NFCORE_MAG:MAG:SHORTREAD_PREPROCESSING:FASTQC_TRIMMED (toy_mousegut_sample_13_run0)	CACHED	0	2026-09-13 02:58:29.287	2m 24s	1m 59s	186.3%	3.1 GB	15.2 GB	4.2 GB	3.3 MB
558	92/162923	59636557_89	NFCORE_MAG:MAG:SHORTREAD_PREPROCESSING:FASTQC_TRIMMED (toy_mousegut_sample_15_run0)	CACHED	0	2026-09-13 02:58:29.287	2m 54s	2m 10s	185.4%	3 GB	15.2 GB	4.2 GB	3.2 MB
555	2e/21e02d	59636222_74	NFCORE_MAG:MAG:SHORTREAD_PREPROCESSING:FASTP (toy_mousegut_sample_18_run0)	CACHED	0	2026-09-13 02:54:54.234	2m 59s	1m 44s	356.5%	1.3 GB	1.9 GB	4.5 GB	4.2 GB
553	68/e6d957	59636222_75	NFCORE_MAG:MAG:SHORTREAD_PREPROCESSING:FASTP (toy_mousegut_sample_17_run0)	CACHED	0	2026-09-13 02:54:54.234	2m 29s	1m 35s	377.9%	1.3 GB	1.8 GB	4.5 GB	4.2 GB
560	53/e27e45	59636557_87	NFCORE_MAG:MAG:SHORTREAD_PREPROCESSING:FASTQC_TRIMMED (toy_mousegut_sample_18_run0)	CACHED	0	2026-09-13 02:58:29.287	2m 24s	2m 1s	186.7%	3 GB	15.3 GB	4.2 GB	3.3 MB
557	f5/652ab1	59636222_76	NFCORE_MAG:MAG:SHORTREAD_PREPROCESSING:FASTP (toy_mousegut_sample_19_run0)	CACHED	0	2026-09-13 02:54:54.234	2m 59s	1m 40s	365.2%	1.3 GB	1.9 GB	4.5 GB	4.2 GB
551	00/187089	59636222_73	NFCORE_MAG:MAG:SHORTREAD_PREPROCESSING:FASTP (toy_mousegut_sample_16_run0)	CACHED	0	2026-09-13 02:54:54.234	2m 59s	1m 37s	382.7%	1.3 GB	1.9 GB	4.5 GB	4.2 GB
559	9b/dca822	59636222_77	NFCORE_MAG:MAG:SHORTREAD_PREPROCESSING:FASTP (toy_mousegut_sample_20_run0)	CACHED	0	2026-09-13 02:54:54.234	2m 29s	1m 34s	373.4%	1.3 GB	1.9 GB	4.5 GB	4.2 GB
562	9d/981445	59636557_51	NFCORE_MAG:MAG:SHORTREAD_PREPROCESSING:FASTQC_TRIMMED (toy_mousegut_sample_17_run0)	CACHED	0	2026-09-13 02:58:29.287	2m 24s	1m 49s	187.4%	3 GB	15.2 GB	4.2 GB	3.3 MB
563	c2/d6782c	59636557_81	NFCORE_MAG:MAG:SHORTREAD_PREPROCESSING:FASTQC_TRIMMED (toy_mousegut_sample_19_run0)	CACHED	0	2026-09-13 02:58:29.287	2m 54s	2m 9s	183.8%	2.8 GB	15.3 GB	4.2 GB	3.3 MB
568	49/37bbe8	59636557_55	NFCORE_MAG:MAG:SHORTREAD_PREPROCESSING:FASTQC_TRIMMED (toy_mousegut_sample_20_run0)	CACHED	0	2026-09-13 02:58:29.287	2m 24s	1m 49s	186.5%	3.1 GB	15.2 GB	4.2 GB	3.3 MB
566	ed/7d67fc	59636557_86	NFCORE_MAG:MAG:SHORTREAD_PREPROCESSING:FASTQC_TRIMMED (toy_mousegut_sample_16_run0)	CACHED	0	2026-09-13 02:58:29.287	2m 24s	2m	186.9%	3 GB	15.2 GB	4.2 GB	3.3 MB
561	53/9c1d03	59636222_78	NFCORE_MAG:MAG:SHORTREAD_PREPROCESSING:FASTP (toy_mousegut_sample_21_run0)	CACHED	0	2026-09-13 02:54:54.234	2m 29s	1m 33s	375.4%	1.3 GB	1.9 GB	4.5 GB	4.2 GB
567	03/611b7f	59636222_80	NFCORE_MAG:MAG:SHORTREAD_PREPROCESSING:FASTP (toy_mousegut_sample_24_run0)	CACHED	0	2026-09-13 02:54:54.234	2m 59s	1m 40s	332.9%	1.3 GB	1.8 GB	4.5 GB	4.2 GB
565	a5/770323	59636222_81	NFCORE_MAG:MAG:SHORTREAD_PREPROCESSING:FASTP (toy_mousegut_sample_23_run0)	CACHED	0	2026-09-13 02:54:54.234	2m 59s	1m 47s	309.6%	1.3 GB	1.9 GB	4.5 GB	4.2 GB
564	4b/5d7a93	59636222_79	NFCORE_MAG:MAG:SHORTREAD_PREPROCESSING:FASTP (toy_mousegut_sample_22_run0)	CACHED	0	2026-09-13 02:54:54.234	2m 29s	1m 21s	389.0%	1.3 GB	1.8 GB	4.5 GB	4.2 GB
570	20/09b55f	59636557_56	NFCORE_MAG:MAG:SHORTREAD_PREPROCESSING:FASTQC_TRIMMED (toy_mousegut_sample_21_run0)	CACHED	0	2026-09-13 02:58:29.287	2m 24s	1m 53s	185.7%	3.3 GB	15.2 GB	4.2 GB	3.3 MB
572	8a/703fad	59636557_85	NFCORE_MAG:MAG:SHORTREAD_PREPROCESSING:FASTQC_TRIMMED (toy_mousegut_sample_24_run0)	CACHED	0	2026-09-13 02:58:29.287	2m 24s	2m 1s	186.7%	3 GB	15.3 GB	4.2 GB	3.3 MB
575	23/6292fe	59636557_53	NFCORE_MAG:MAG:SHORTREAD_PREPROCESSING:FASTQC_TRIMMED (toy_mousegut_sample_22_run0)	CACHED	0	2026-09-13 02:58:29.287	2m 24s	1m 52s	186.2%	2.6 GB	15.2 GB	4.2 GB	3.3 MB
574	ef/f574c3	59636557_80	NFCORE_MAG:MAG:SHORTREAD_PREPROCESSING:FASTQC_TRIMMED (toy_mousegut_sample_23_run0)	CACHED	0	2026-09-13 02:58:29.287	2m 24s	2m 7s	185.7%	2.9 GB	15.3 GB	4.2 GB	3.3 MB
571	58/493bf3	59636222_83	NFCORE_MAG:MAG:SHORTREAD_PREPROCESSING:FASTP (toy_mousegut_sample_26_run0)	CACHED	0	2026-09-13 02:54:54.234	2m 59s	1m 44s	367.3%	1.3 GB	1.9 GB	4.5 GB	4.2 GB
569	fe/4156d5	59636222_82	NFCORE_MAG:MAG:SHORTREAD_PREPROCESSING:FASTP (toy_mousegut_sample_25_run0)	CACHED	0	2026-09-13 02:54:54.234	2m 59s	1m 49s	346.8%	1.3 GB	1.9 GB	4.5 GB	4.2 GB
578	2b/b1934d	59636557_92	NFCORE_MAG:MAG:SHORTREAD_PREPROCESSING:FASTQC_TRIMMED (toy_mousegut_sample_26_run0)	CACHED	0	2026-09-13 02:58:29.287	2m 24s	1m 57s	187.9%	3 GB	15.3 GB	4.2 GB	3.3 MB
573	18/00c5b7	59636222_84	NFCORE_MAG:MAG:SHORTREAD_PREPROCESSING:FASTP (toy_mousegut_sample_27_run0)	CACHED	0	2026-09-13 02:54:54.234	2m 59s	1m 38s	380.7%	1.3 GB	1.9 GB	4.5 GB	4.2 GB
576	16/37fd6f	59636222_85	NFCORE_MAG:MAG:SHORTREAD_PREPROCESSING:FASTP (toy_mousegut_sample_28_run0)	CACHED	0	2026-09-13 02:54:54.234	3m 29s	2m 24s	286.7%	1.3 GB	1.8 GB	4.5 GB	4.2 GB
580	b2/afc59a	59636557_83	NFCORE_MAG:MAG:SHORTREAD_PREPROCESSING:FASTQC_TRIMMED (toy_mousegut_sample_25_run0)	CACHED	0	2026-09-13 02:58:29.287	2m 24s	2m 8s	185.2%	2.7 GB	15.3 GB	4.2 GB	3.3 MB
582	7e/3abe9f	59636557_93	NFCORE_MAG:MAG:SHORTREAD_PREPROCESSING:FASTQC_TRIMMED (toy_mousegut_sample_27_run0)	CACHED	0	2026-09-13 02:58:29.287	2m 54s	2m 9s	185.3%	3.2 GB	15.3 GB	4.2 GB	3.3 MB
583	94/81dd32	59636678_7	NFCORE_MAG:MAG:SHORTREAD_PREPROCESSING:FASTQC_TRIMMED (toy_mousegut_sample_28_run0)	CACHED	0	2026-09-13 03:00:29.222	1m 54s	1m 27s	187.4%	2.9 GB	15.2 GB	4.2 GB	3.3 MB
579	2f/d6b40d	59636222_88	NFCORE_MAG:MAG:SHORTREAD_PREPROCESSING:FASTP (toy_mousegut_sample_30_run0)	CACHED	0	2026-09-13 02:54:54.234	2m 29s	1m 16s	402.8%	1.3 GB	1.9 GB	4.5 GB	4.2 GB
584	85/411c58	59636222_89	NFCORE_MAG:MAG:SHORTREAD_PREPROCESSING:FASTP (toy_mousegut_sample_32_run0)	CACHED	0	2026-09-13 02:54:54.234	2m 29s	1m 19s	393.1%	1.3 GB	1.8 GB	4.5 GB	4.2 GB
586	bb/e91121	59636557_52	NFCORE_MAG:MAG:SHORTREAD_PREPROCESSING:FASTQC_TRIMMED (toy_mousegut_sample_30_run0)	CACHED	0	2026-09-13 02:58:29.287	2m 24s	1m 55s	185.5%	3 GB	15.3 GB	4.2 GB	3.3 MB
585	69/4ea0ea	59636222_90	NFCORE_MAG:MAG:SHORTREAD_PREPROCESSING:FASTP (toy_mousegut_sample_33_run0)	CACHED	0	2026-09-13 02:54:54.234	2m 29s	1m 18s	394.2%	1.3 GB	1.8 GB	4.5 GB	4.2 GB
577	8c/a2e3d3	59636222_86	NFCORE_MAG:MAG:SHORTREAD_PREPROCESSING:FASTP (toy_mousegut_sample_29_run0)	CACHED	0	2026-09-13 02:54:54.234	2m 59s	1m 40s	380.4%	1.3 GB	1.8 GB	4.5 GB	4.2 GB
581	b5/45d012	59636222_87	NFCORE_MAG:MAG:SHORTREAD_PREPROCESSING:FASTP (toy_mousegut_sample_31_run0)	CACHED	0	2026-09-13 02:54:54.234	2m 59s	1m 35s	350.6%	1.3 GB	1.9 GB	4.5 GB	4.2 GB
588	e0/b7bbed	59636557_59	NFCORE_MAG:MAG:SHORTREAD_PREPROCESSING:FASTQC_TRIMMED (toy_mousegut_sample_32_run0)	CACHED	0	2026-09-13 02:58:29.287	1m 54s	1m 37s	188.2%	2.7 GB	15.2 GB	4.2 GB	3.3 MB
590	a6/fbb7c5	59636557_58	NFCORE_MAG:MAG:SHORTREAD_PREPROCESSING:FASTQC_TRIMMED (toy_mousegut_sample_33_run0)	CACHED	0	2026-09-13 02:58:29.287	2m 24s	1m 38s	188.2%	2.9 GB	15.2 GB	4.2 GB	3.3 MB
587	a8/cbae6a	59636222_94	NFCORE_MAG:MAG:SHORTREAD_PREPROCESSING:FASTP (toy_mousegut_sample_34_run0)	CACHED	0	2026-09-13 02:54:54.234	2m 59s	1m 39s	388.6%	1.3 GB	1.9 GB	4.5 GB	4.2 GB
589	7e/30f070	59636222_92	NFCORE_MAG:MAG:SHORTREAD_PREPROCESSING:FASTP (toy_mousegut_sample_35_run0)	CACHED	0	2026-09-13 02:54:54.234	2m 29s	1m 23s	383.6%	1.3 GB	1.8 GB	4.5 GB	4.2 GB
591	30/e25df1	59636557_94	NFCORE_MAG:MAG:SHORTREAD_PREPROCESSING:FASTQC_TRIMMED (toy_mousegut_sample_29_run0)	CACHED	0	2026-09-13 02:58:29.287	2m 24s	1m 58s	187.3%	3 GB	15.2 GB	4.2 GB	3.3 MB
594	24/3290f4	59636557_91	NFCORE_MAG:MAG:SHORTREAD_PREPROCESSING:FASTQC_TRIMMED (toy_mousegut_sample_31_run0)	CACHED	0	2026-09-13 02:58:29.287	2m 24s	2m	187.2%	3.1 GB	15.2 GB	4.2 GB	3.3 MB
596	7e/91be5c	59636557_99	NFCORE_MAG:MAG:SHORTREAD_PREPROCESSING:FASTQC_TRIMMED (toy_mousegut_sample_34_run0)	CACHED	0	2026-09-13 02:58:29.287	2m 24s	1m 54s	187.8%	2.9 GB	15.2 GB	4.2 GB	3.3 MB
597	62/136080	59636557_60	NFCORE_MAG:MAG:SHORTREAD_PREPROCESSING:FASTQC_TRIMMED (toy_mousegut_sample_35_run0)	CACHED	0	2026-09-13 02:58:29.287	2m 24s	1m 38s	188.6%	2.8 GB	15.2 GB	4.2 GB	3.3 MB
598	57/778111	59636222_95	NFCORE_MAG:MAG:SHORTREAD_PREPROCESSING:FASTP (toy_mousegut_sample_52_run0)	CACHED	0	2026-09-13 02:54:54.234	2m 59s	1m 39s	386.0%	1.3 GB	1.9 GB	4.5 GB	4.2 GB
593	99/976bdc	59636222_93	NFCORE_MAG:MAG:SHORTREAD_PREPROCESSING:FASTP (toy_mousegut_sample_37_run0)	CACHED	0	2026-09-13 02:54:54.234	2m 29s	1m 33s	362.6%	1.3 GB	1.8 GB	4.5 GB	4.2 GB
592	22/aa8f41	59636222_91	NFCORE_MAG:MAG:SHORTREAD_PREPROCESSING:FASTP (toy_mousegut_sample_36_run0)	CACHED	0	2026-09-13 02:54:54.234	2m 29s	1m 24s	376.9%	1.3 GB	1.8 GB	4.5 GB	4.2 GB
595	7c/b894a6	59636222_97	NFCORE_MAG:MAG:SHORTREAD_PREPROCESSING:FASTP (toy_mousegut_sample_38_run0)	CACHED	0	2026-09-13 02:54:54.234	2m 59s	1m 53s	357.7%	1.3 GB	1.9 GB	4.5 GB	4.2 GB
600	63/97dfc7	59636557_96	NFCORE_MAG:MAG:SHORTREAD_PREPROCESSING:FASTQC_TRIMMED (toy_mousegut_sample_52_run0)	CACHED	0	2026-09-13 02:58:29.287	2m 54s	2m 18s	166.4%	3 GB	15.3 GB	4.2 GB	3.3 MB
601	67/fd3441	59636557_61	NFCORE_MAG:MAG:SHORTREAD_PREPROCESSING:FASTQC_TRIMMED (toy_mousegut_sample_37_run0)	CACHED	0	2026-09-13 02:58:29.287	2m 24s	1m 39s	188.6%	3 GB	15.3 GB	4.2 GB	3.3 MB
602	dc/73dd0a	59636557_57	NFCORE_MAG:MAG:SHORTREAD_PREPROCESSING:FASTQC_TRIMMED (toy_mousegut_sample_36_run0)	CACHED	0	2026-09-13 02:58:29.287	2m 24s	1m 48s	185.7%	2.9 GB	15.2 GB	4.2 GB	3.3 MB
599	7b/f9bcbc	59636222_96	NFCORE_MAG:MAG:SHORTREAD_PREPROCESSING:FASTP (toy_mousegut_sample_53_run0)	CACHED	0	2026-09-13 02:54:54.234	2m 59s	2m 2s	327.8%	1.3 GB	1.9 GB	4.5 GB	4.1 GB
606	a1/3f3aab	59636557_95	NFCORE_MAG:MAG:SHORTREAD_PREPROCESSING:FASTQC_TRIMMED (toy_mousegut_sample_38_run0)	CACHED	0	2026-09-13 02:58:29.287	2m 24s	1m 59s	186.8%	2.9 GB	15.2 GB	4.2 GB	3.3 MB
604	d5/236c5c	59635405_1	NFCORE_MAG:MAG:SHORTREAD_PREPROCESSING:FASTP (toy_mousegut_sample_55_run0)	CACHED	0	2026-09-13 02:43:17.860	2m 35s	1m 41s	336.1%	1.3 GB	1.8 GB	4.5 GB	4.1 GB
603	b6/0d67ff	59636222_98	NFCORE_MAG:MAG:SHORTREAD_PREPROCESSING:FASTP (toy_mousegut_sample_54_run0)	CACHED	0	2026-09-13 02:54:54.234	2m 59s	1m 39s	380.0%	1.3 GB	1.9 GB	4.5 GB	4.1 GB
605	33/b2dc01	59636222_99	NFCORE_MAG:MAG:SHORTREAD_PREPROCESSING:FASTP (toy_mousegut_sample_56_run0)	CACHED	0	2026-09-13 02:54:54.234	2m 59s	1m 34s	367.5%	1.3 GB	1.9 GB	4.5 GB	4.1 GB
608	65/8ffbc5	59636678_0	NFCORE_MAG:MAG:SHORTREAD_PREPROCESSING:FASTQC_TRIMMED (toy_mousegut_sample_53_run0)	CACHED	0	2026-09-13 03:00:29.222	1m 54s	1m 31s	186.2%	3 GB	15.3 GB	4.2 GB	3.3 MB
609	dd/4279c0	59636557_98	NFCORE_MAG:MAG:SHORTREAD_PREPROCESSING:FASTQC_TRIMMED (toy_mousegut_sample_54_run0)	CACHED	0	2026-09-13 02:58:29.287	2m 24s	1m 52s	187.5%	3.2 GB	15.3 GB	4.2 GB	3.3 MB
610	b1/5e249b	59636557_3	NFCORE_MAG:MAG:SHORTREAD_PREPROCESSING:FASTQC_TRIMMED (toy_mousegut_sample_55_run0)	CACHED	0	2026-09-13 02:58:29.287	1m 54s	1m 36s	186.2%	2.8 GB	15.3 GB	4.1 GB	3.3 MB
614	2d/b87ae9	59636557_97	NFCORE_MAG:MAG:SHORTREAD_PREPROCESSING:FASTQC_TRIMMED (toy_mousegut_sample_56_run0)	CACHED	0	2026-09-13 02:58:29.287	2m 24s	1m 52s	188.7%	3 GB	15.2 GB	4.1 GB	3.3 MB
612	18/a19eae	59635405_3	NFCORE_MAG:MAG:SHORTREAD_PREPROCESSING:FASTP (toy_mousegut_sample_59_run0)	CACHED	0	2026-09-13 02:43:17.860	2m 35s	1m 38s	338.8%	1.3 GB	1.8 GB	4.5 GB	4.2 GB
613	04/a9a794	59635405_4	NFCORE_MAG:MAG:SHORTREAD_PREPROCESSING:FASTP (toy_mousegut_sample_60_run0)	CACHED	0	2026-09-13 02:43:17.860	2m 5s	1m 13s	386.2%	1.3 GB	1.9 GB	4.5 GB	4.2 GB
616	5d/38a45c	59636557_6	NFCORE_MAG:MAG:SHORTREAD_PREPROCESSING:FASTQC_TRIMMED (toy_mousegut_sample_59_run0)	CACHED	0	2026-09-13 02:58:29.287	1m 54s	1m 27s	190.8%	2.8 GB	15.2 GB	4.2 GB	3.3 MB
607	49/fad175	59635405_2	NFCORE_MAG:MAG:SHORTREAD_PREPROCESSING:FASTP (toy_mousegut_sample_57_run0)	CACHED	0	2026-09-13 02:43:17.860	2m 35s	1m 42s	315.3%	1.3 GB	1.8 GB	4.5 GB	4.2 GB
618	d5/8d80a9	59636557_1	NFCORE_MAG:MAG:SHORTREAD_PREPROCESSING:FASTQC_TRIMMED (toy_mousegut_sample_60_run0)	CACHED	0	2026-09-13 02:58:29.287	1m 54s	1m 34s	185.8%	3 GB	15.2 GB	4.2 GB	3.3 MB
615	cc/7f3f41	59635405_6	NFCORE_MAG:MAG:SHORTREAD_PREPROCESSING:FASTP (toy_mousegut_sample_61_run0)	CACHED	0	2026-09-13 02:43:17.860	2m 35s	1m 45s	312.6%	1.3 GB	1.9 GB	4.5 GB	4.2 GB
611	8a/79f64f	59635405_0	NFCORE_MAG:MAG:SHORTREAD_PREPROCESSING:FASTP (toy_mousegut_sample_58_run0)	CACHED	0	2026-09-13 02:43:17.860	2m 35s	1m 44s	316.7%	1.3 GB	1.9 GB	4.5 GB	4.2 GB
620	9d/0decad	59636557_2	NFCORE_MAG:MAG:SHORTREAD_PREPROCESSING:FASTQC_TRIMMED (toy_mousegut_sample_57_run0)	CACHED	0	2026-09-13 02:58:29.287	1m 54s	1m 38s	186.6%	2.9 GB	15.2 GB	4.2 GB	3.3 MB
617	fb/bb2ecb	59635405_5	NFCORE_MAG:MAG:SHORTREAD_PREPROCESSING:FASTP (toy_mousegut_sample_62_run0)	CACHED	0	2026-09-13 02:43:17.860	2m 5s	1m 18s	373.3%	1.3 GB	1.8 GB	4.5 GB	4.2 GB
619	75/611b70	59635405_7	NFCORE_MAG:MAG:SHORTREAD_PREPROCESSING:FASTP (toy_mousegut_sample_63_run0)	CACHED	0	2026-09-13 02:43:17.860	2m 35s	1m 45s	305.1%	1.3 GB	1.8 GB	4.5 GB	4.2 GB
621	4a/933996	59636557_4	NFCORE_MAG:MAG:SHORTREAD_PREPROCESSING:FASTQC_TRIMMED (toy_mousegut_sample_61_run0)	CACHED	0	2026-09-13 02:58:29.287	1m 54s	1m 27s	186.3%	2.9 GB	15.2 GB	4.2 GB	3.3 MB
622	2b/8fe33f	59636557_5	NFCORE_MAG:MAG:SHORTREAD_PREPROCESSING:FASTQC_TRIMMED (toy_mousegut_sample_58_run0)	CACHED	0	2026-09-13 02:58:29.287	1m 54s	1m 26s	188.5%	3.2 GB	15.2 GB	4.2 GB	3.3 MB
623	5b/077e58	59636557_0	NFCORE_MAG:MAG:SHORTREAD_PREPROCESSING:FASTQC_TRIMMED (toy_mousegut_sample_62_run0)	CACHED	0	2026-09-13 02:58:29.287	1m 54s	1m 26s	187.9%	3 GB	15.2 GB	4.2 GB	3.3 MB
624	71/94b649	59636557_7	NFCORE_MAG:MAG:SHORTREAD_PREPROCESSING:FASTQC_TRIMMED (toy_mousegut_sample_63_run0)	CACHED	0	2026-09-13 02:58:29.287	1m 54s	1m 25s	189.5%	3.4 GB	15.3 GB	4.2 GB	3.3 MB
627	2a/0d288d	59664463_1	NFCORE_MAG:MAG:ASSEMBLY:SHORTREAD_ASSEMBLY:MEGAHIT (marine_sample_0)	CACHED	0	2026-09-13 08:53:41.257	1h 37m 18s	1h 36m 36s	721.1%	6.2 GB	9.3 GB	71.9 GB	36.6 GB
630	cb/ddeaec	59679802_1	NFCORE_MAG:MAG:ASSEMBLY:GUNZIP_SHORTREAD_ASSEMBLIES (MEGAHIT-marine_sample_0)	CACHED	0	2026-09-13 11:37:52.214	37.5s	2.6s	82.3%	5.4 MB	8.1 MB	110.4 MB	376.1 MB
625	97/4450fc	59664463_2	NFCORE_MAG:MAG:ASSEMBLY:SHORTREAD_ASSEMBLY:MEGAHIT (marine_sample_1)	CACHED	0	2026-09-13 08:53:41.257	2h 30m 48s	2h 30m 7s	662.1%	6.8 GB	10.2 GB	78.6 GB	40.9 GB
634	a2/94d1e5	59679802_6	NFCORE_MAG:MAG:ASSEMBLY:GUNZIP_SHORTREAD_ASSEMBLIES (MEGAHIT-marine_sample_1)	CACHED	0	2026-09-13 11:37:52.214	37.6s	3.1s	83.7%	5.4 MB	8.1 MB	133.2 MB	454.1 MB
626	0c/1552ad	59664463_0	NFCORE_MAG:MAG:ASSEMBLY:SHORTREAD_ASSEMBLY:MEGAHIT (marine_sample_3)	CACHED	0	2026-09-13 08:53:41.257	1h 51m 18s	1h 50m 43s	723.9%	6.7 GB	10.1 GB	78.4 GB	40.8 GB
637	71/0ba187	59679991_0	NFCORE_MAG:MAG:PRODIGAL (MEGAHIT-marine_sample_1)	CACHED	0	2026-09-13 11:41:23.668	22m 40s	21m 35s	93.4%	122.4 MB	12.6 GB	3.2 GB	3.4 GB
638	1a/08440a	59679802_3	NFCORE_MAG:MAG:ASSEMBLY:GUNZIP_SHORTREAD_ASSEMBLIES (MEGAHIT-marine_sample_3)	CACHED	0	2026-09-13 11:37:52.214	37.5s	3.3s	78.8%	5.3 MB	8.1 MB	130.6 MB	445.2 MB
640	9d/a227ae	59679991_3	NFCORE_MAG:MAG:PRODIGAL (MEGAHIT-marine_sample_3)	CACHED	0	2026-09-13 11:41:23.668	21m 10s	20m 29s	93.6%	122.2 MB	12.6 GB	3.1 GB	3.3 GB
633	92/8610b5	59679991_1	NFCORE_MAG:MAG:PRODIGAL (MEGAHIT-marine_sample_0)	CACHED	0	2026-09-13 11:41:23.668	18m 40s	17m 42s	92.7%	122.4 MB	12.6 GB	2.6 GB	2.8 GB
631	b6/ff6e85	59664463_7	NFCORE_MAG:MAG:ASSEMBLY:SHORTREAD_ASSEMBLY:MEGAHIT (marine_sample_7)	CACHED	0	2026-09-13 08:53:41.257	2h 15m 48s	2h 14m 18s	661.3%	6.3 GB	9.5 GB	73.6 GB	37.7 GB
628	5f/8f1e50	59664463_3	NFCORE_MAG:MAG:ASSEMBLY:SHORTREAD_ASSEMBLY:MEGAHIT (marine_sample_2)	CACHED	0	2026-09-13 08:53:41.257	2h 25m 18s	2h 24m 35s	647.0%	6.7 GB	10.1 GB	77.8 GB	40.4 GB
642	01/51bed7	59679802_4	NFCORE_MAG:MAG:ASSEMBLY:GUNZIP_SHORTREAD_ASSEMBLIES (MEGAHIT-marine_sample_7)	CACHED	0	2026-09-13 11:37:52.214	37.5s	2.9s	80.7%	5.2 MB	8.1 MB	117.5 MB	400.5 MB
644	40/14c87f	59679802_5	NFCORE_MAG:MAG:ASSEMBLY:GUNZIP_SHORTREAD_ASSEMBLIES (MEGAHIT-marine_sample_2)	CACHED	0	2026-09-13 11:37:52.214	37.6s	3.2s	80.6%	5.2 MB	8.1 MB	129.6 MB	441.6 MB
647	44/f0be3e	59679991_4	NFCORE_MAG:MAG:PRODIGAL (MEGAHIT-marine_sample_7)	CACHED	0	2026-09-13 11:41:23.668	18m 10s	17m 20s	92.5%	122.2 MB	12.6 GB	2.8 GB	2.9 GB
629	f3/4a8f63	59664463_6	NFCORE_MAG:MAG:ASSEMBLY:SHORTREAD_ASSEMBLY:MEGAHIT (marine_sample_5)	CACHED	0	2026-09-13 08:53:41.257	1h 39m 48s	1h 38m 14s	682.8%	6.1 GB	9.1 GB	71.4 GB	36.2 GB
649	25/619eb3	59679991_2	NFCORE_MAG:MAG:PRODIGAL (MEGAHIT-marine_sample_2)	CACHED	0	2026-09-13 11:41:23.668	21m 40s	20m 48s	93.7%	122.3 MB	12.6 GB	3.1 GB	3.4 GB
650	6f/03251a	59679802_2	NFCORE_MAG:MAG:ASSEMBLY:GUNZIP_SHORTREAD_ASSEMBLIES (MEGAHIT-marine_sample_5)	CACHED	0	2026-09-13 11:37:52.214	37.5s	2.4s	85.1%	5.3 MB	8.1 MB	108.8 MB	370.9 MB
653	bb/a7bf18	59679991_6	NFCORE_MAG:MAG:PRODIGAL (MEGAHIT-marine_sample_5)	CACHED	0	2026-09-13 11:41:23.668	14m 10s	13m 22s	94.9%	122.4 MB	12.6 GB	2.5 GB	2.7 GB
635	35/58aeee	59664463_4	NFCORE_MAG:MAG:ASSEMBLY:SHORTREAD_ASSEMBLY:MEGAHIT (marine_sample_6)	CACHED	0	2026-09-13 08:53:41.257	1h 36m 18s	1h 35m 31s	735.9%	6.4 GB	9.7 GB	75.2 GB	38.8 GB
654	b8/4830f1	59679802_0	NFCORE_MAG:MAG:ASSEMBLY:GUNZIP_SHORTREAD_ASSEMBLIES (MEGAHIT-marine_sample_6)	CACHED	0	2026-09-13 11:37:52.214	37.5s	2.9s	83.2%	5.2 MB	8.1 MB	122.6 MB	417.8 MB
657	23/ae82c3	59679991_7	NFCORE_MAG:MAG:PRODIGAL (MEGAHIT-marine_sample_6)	CACHED	0	2026-09-13 11:41:23.668	15m 40s	14m 53s	94.8%	122.3 MB	12.6 GB	2.9 GB	3.1 GB
639	cc/4d3466	59664463_10	NFCORE_MAG:MAG:ASSEMBLY:SHORTREAD_ASSEMBLY:MEGAHIT (marine_sample_8)	CACHED	0	2026-09-13 08:53:41.257	2h 42m 18s	2h 40m 42s	657.5%	6.7 GB	10 GB	77.4 GB	40.1 GB
645	df/cb64d2	59664463_8	NFCORE_MAG:MAG:ASSEMBLY:SHORTREAD_ASSEMBLY:MEGAHIT (strain_sample_1)	CACHED	0	2026-09-13 08:53:41.257	38m 18s	36m 31s	691.7%	1.9 GB	3.1 GB	20.8 GB	9.4 GB
658	c6/a69b2f	59679802_7	NFCORE_MAG:MAG:ASSEMBLY:GUNZIP_SHORTREAD_ASSEMBLIES (MEGAHIT-marine_sample_8)	CACHED	0	2026-09-13 11:37:52.214	37.6s	3s	82.9%	5.3 MB	8.1 MB	126.8 MB	432.1 MB
660	1a/78637c	59683693_1	NFCORE_MAG:MAG:ASSEMBLY:GUNZIP_SHORTREAD_ASSEMBLIES (MEGAHIT-strain_sample_1)	CACHED	0	2026-09-13 12:23:04.760	58.9s	512ms	71.1%	5.1 MB	8 MB	16.9 MB	57.2 MB
643	81/1ed336	59664463_5	NFCORE_MAG:MAG:ASSEMBLY:SHORTREAD_ASSEMBLY:MEGAHIT (marine_sample_4)	CACHED	0	2026-09-13 08:53:41.257	1h 20m 48s	1h 19m 8s	736.7%	5.8 GB	8.7 GB	69.1 GB	34.7 GB
663	4f/1d1d6a	59679991_5	NFCORE_MAG:MAG:PRODIGAL (MEGAHIT-marine_sample_8)	CACHED	0	2026-09-13 11:41:23.668	19m 10s	18m 18s	93.3%	122.3 MB	12.6 GB	3 GB	3.2 GB
666	14/33ab19	59683693_0	NFCORE_MAG:MAG:ASSEMBLY:GUNZIP_SHORTREAD_ASSEMBLIES (MEGAHIT-marine_sample_4)	CACHED	0	2026-09-13 12:23:04.760	1m 29s	2.8s	79.1%	5.5 MB	8.1 MB	102.5 MB	349.6 MB
659	ec/d71901	59664463_16	NFCORE_MAG:MAG:ASSEMBLY:SHORTREAD_ASSEMBLY:MEGAHIT (strain_sample_3)	CACHED	0	2026-09-13 08:53:41.257	33m 48s	32m 22s	743.6%	1.9 GB	3.1 GB	20.3 GB	9.1 GB
669	3e/a07bc3	59684075_2	NFCORE_MAG:MAG:PRODIGAL (MEGAHIT-marine_sample_4)	CACHED	0	2026-09-13 12:25:46.557	15m 47s	15m 12s	92.9%	122.2 MB	12.6 GB	2.4 GB	2.6 GB
670	c3/9b0e9b	59683693_6	NFCORE_MAG:MAG:ASSEMBLY:GUNZIP_SHORTREAD_ASSEMBLIES (MEGAHIT-strain_sample_3)	CACHED	0	2026-09-13 12:23:04.760	59s	335ms	87.4%	5.3 MB	8.1 MB	15.4 MB	52.1 MB
651	6d/16e090	59664463_11	NFCORE_MAG:MAG:ASSEMBLY:SHORTREAD_ASSEMBLY:MEGAHIT (strain_sample_2)	CACHED	0	2026-09-13 08:53:41.257	34m 48s	33m 23s	699.6%	2 GB	3.2 GB	19.9 GB	8.8 GB
674	1a/e47341	59683693_4	NFCORE_MAG:MAG:ASSEMBLY:GUNZIP_SHORTREAD_ASSEMBLIES (MEGAHIT-strain_sample_2)	CACHED	0	2026-09-13 12:23:04.760	59s	302ms	83.7%	5 MB	8.1 MB	13 MB	43.7 MB
668	ac/0253cb	59684030_2	NFCORE_MAG:MAG:BINNING_PREPARATION:SHORTREAD_BINNING_PREPARATION:BOWTIE2_ASSEMBLY_BUILD (MEGAHIT-marine_sample_4)	CACHED	0	2026-09-13 12:25:40.620	3m 53s	3m 15s	90.6%	1.8 GB	1.9 GB	1.4 GB	524.3 MB
655	46/978f4f	59648483_1	NFCORE_MAG:MAG:ASSEMBLY:SHORTREAD_ASSEMBLY:MEGAHIT (marine_sample_9)	CACHED	0	2026-09-13 04:38:29.090	1h 54m 24s	1h 53m 12s	671.6%	6.2 GB	9.3 GB	72.8 GB	37.2 GB
678	8e/310102	59683693_3	NFCORE_MAG:MAG:ASSEMBLY:GUNZIP_SHORTREAD_ASSEMBLIES (MEGAHIT-marine_sample_9)	CACHED	0	2026-09-13 12:23:04.760	1m 29s	2.9s	82.6%	5.4 MB	8.1 MB	116.3 MB	396.6 MB
671	b4/42ad8a	59664463_12	NFCORE_MAG:MAG:ASSEMBLY:SHORTREAD_ASSEMBLY:MEGAHIT (strain_sample_5)	CACHED	0	2026-09-13 08:53:41.257	34m 18s	32m 57s	749.2%	2 GB	3.2 GB	20.7 GB	9.4 GB
682	31/50a75f	59684075_4	NFCORE_MAG:MAG:PRODIGAL (MEGAHIT-marine_sample_9)	CACHED	0	2026-09-13 12:25:46.557	17m 47s	17m 1s	93.2%	122.4 MB	12.6 GB	2.7 GB	2.9 GB
683	c4/43dbb4	59683693_8	NFCORE_MAG:MAG:ASSEMBLY:GUNZIP_SHORTREAD_ASSEMBLIES (MEGAHIT-strain_sample_5)	CACHED	0	2026-09-13 12:23:04.760	59s	526ms	58.1%	4.9 MB	8 MB	16.4 MB	55.4 MB
661	f2/0f0b9d	59664463_9	NFCORE_MAG:MAG:ASSEMBLY:SHORTREAD_ASSEMBLY:MEGAHIT (strain_sample_0)	CACHED	0	2026-09-13 08:53:41.257	38m 48s	37m 21s	700.2%	1.9 GB	3.1 GB	20.7 GB	9.4 GB
687	6c/f1852b	59683693_2	NFCORE_MAG:MAG:ASSEMBLY:GUNZIP_SHORTREAD_ASSEMBLIES (MEGAHIT-strain_sample_0)	CACHED	0	2026-09-13 12:23:04.760	58.9s	392ms	90.0%	5.2 MB	8.1 MB	16.6 MB	56.1 MB
667	95/4b24bc	59664463_13	NFCORE_MAG:MAG:ASSEMBLY:SHORTREAD_ASSEMBLY:MEGAHIT (strain_sample_4)	CACHED	0	2026-09-13 08:53:41.257	32m 48s	31m 21s	756.0%	2 GB	3.2 GB	20.9 GB	9.5 GB
681	38/943184	59684030_4	NFCORE_MAG:MAG:BINNING_PREPARATION:SHORTREAD_BINNING_PREPARATION:BOWTIE2_ASSEMBLY_BUILD (MEGAHIT-marine_sample_9)	CACHED	0	2026-09-13 12:25:40.620	4m 23s	3m 41s	90.9%	2 GB	2.2 GB	1.6 GB	594.3 MB
691	46/1346d2	59683693_5	NFCORE_MAG:MAG:ASSEMBLY:GUNZIP_SHORTREAD_ASSEMBLIES (MEGAHIT-strain_sample_4)	CACHED	0	2026-09-13 12:23:04.760	59s	403ms	80.5%	5.1 MB	8 MB	17.3 MB	58.6 MB
684	0c/845bbe	59664463_14	NFCORE_MAG:MAG:ASSEMBLY:SHORTREAD_ASSEMBLY:MEGAHIT (strain_sample_7)	CACHED	0	2026-09-13 08:53:41.257	38m 48s	37m 21s	751.1%	2 GB	3.2 GB	21.1 GB	9.6 GB
680	c3/a5b73f	59664463_17	NFCORE_MAG:MAG:ASSEMBLY:SHORTREAD_ASSEMBLY:MEGAHIT (strain_sample_6)	CACHED	0	2026-09-13 08:53:41.257	31m 18s	28m 13s	702.6%	2 GB	3.2 GB	21 GB	9.5 GB
688	0e/e6d6ec	59664463_19	NFCORE_MAG:MAG:ASSEMBLY:SHORTREAD_ASSEMBLY:MEGAHIT (strain_sample_11)	CACHED	0	2026-09-13 08:53:41.257	33m 48s	30m 56s	748.1%	1.8 GB	3 GB	20.1 GB	8.9 GB
675	22/09a8c0	59664463_20	NFCORE_MAG:MAG:ASSEMBLY:SHORTREAD_ASSEMBLY:MEGAHIT (strain_sample_9)	CACHED	0	2026-09-13 08:53:41.257	30m 48s	27m 50s	746.6%	1.9 GB	3 GB	20.2 GB	9 GB
696	8a/3e44fe	59683693_9	NFCORE_MAG:MAG:ASSEMBLY:GUNZIP_SHORTREAD_ASSEMBLIES (MEGAHIT-strain_sample_7)	CACHED	0	2026-09-13 12:23:04.760	59s	369ms	85.2%	5.4 MB	8.1 MB	17.8 MB	60.4 MB
697	b6/dee002	59683693_11	NFCORE_MAG:MAG:ASSEMBLY:GUNZIP_SHORTREAD_ASSEMBLIES (MEGAHIT-strain_sample_11)	CACHED	0	2026-09-13 12:23:04.760	59s	324ms	81.5%	5.2 MB	8.1 MB	14.7 MB	49.8 MB
698	4f/6135c0	59683693_10	NFCORE_MAG:MAG:ASSEMBLY:GUNZIP_SHORTREAD_ASSEMBLIES (MEGAHIT-strain_sample_6)	CACHED	0	2026-09-13 12:23:04.760	59s	412ms	81.3%	5.1 MB	8 MB	17.9 MB	60.5 MB
702	f8/a73e64	59683693_15	NFCORE_MAG:MAG:ASSEMBLY:GUNZIP_SHORTREAD_ASSEMBLIES (MEGAHIT-strain_sample_9)	CACHED	0	2026-09-13 12:23:04.760	59s	330ms	80.2%	4.9 MB	8 MB	15.7 MB	53 MB
699	3c/4fa7a4	59664463_22	NFCORE_MAG:MAG:ASSEMBLY:SHORTREAD_ASSEMBLY:MEGAHIT (strain_sample_12)	CACHED	0	2026-09-13 08:53:41.257	34m 48s	31m 41s	764.7%	1.9 GB	3.1 GB	20.6 GB	9.3 GB
701	36/2bba64	59664463_18	NFCORE_MAG:MAG:ASSEMBLY:SHORTREAD_ASSEMBLY:MEGAHIT (strain_sample_10)	CACHED	0	2026-09-13 08:53:41.257	29m 18s	26m 1s	719.5%	1.9 GB	3 GB	20.2 GB	9 GB
693	84/f96574	59664463_15	NFCORE_MAG:MAG:ASSEMBLY:SHORTREAD_ASSEMBLY:MEGAHIT (strain_sample_8)	CACHED	0	2026-09-13 08:53:41.257	33m 48s	32m 12s	694.9%	1.8 GB	3 GB	19.9 GB	8.8 GB
712	6a/fef442	59683693_14	NFCORE_MAG:MAG:ASSEMBLY:GUNZIP_SHORTREAD_ASSEMBLIES (MEGAHIT-strain_sample_12)	CACHED	0	2026-09-13 12:23:04.760	59s	345ms	82.6%	4.9 MB	8 MB	16.6 MB	56.2 MB
714	26/4608b4	59683693_13	NFCORE_MAG:MAG:ASSEMBLY:GUNZIP_SHORTREAD_ASSEMBLIES (MEGAHIT-strain_sample_10)	CACHED	0	2026-09-13 12:23:04.760	59s	338ms	81.6%	5.4 MB	8.1 MB	15.8 MB	53.3 MB
716	c9/b943f7	59683693_7	NFCORE_MAG:MAG:ASSEMBLY:GUNZIP_SHORTREAD_ASSEMBLIES (MEGAHIT-strain_sample_8)	CACHED	0	2026-09-13 12:23:04.760	59s	322ms	78.8%	5.1 MB	8 MB	14.1 MB	47.6 MB
700	25/90e43a	59664463_21	NFCORE_MAG:MAG:ASSEMBLY:SHORTREAD_ASSEMBLY:MEGAHIT (strain_sample_13)	CACHED	0	2026-09-13 08:53:41.257	35m 18s	32m 7s	756.5%	1.9 GB	3.1 GB	20.3 GB	9.1 GB
724	3f/dcd13b	59683693_12	NFCORE_MAG:MAG:ASSEMBLY:GUNZIP_SHORTREAD_ASSEMBLIES (MEGAHIT-strain_sample_13)	CACHED	0	2026-09-13 12:23:04.760	59s	313ms	84.4%	5.2 MB	8.1 MB	14.7 MB	49.6 MB
704	cc/386fee	59664463_28	NFCORE_MAG:MAG:ASSEMBLY:SHORTREAD_ASSEMBLY:MEGAHIT (strain_sample_16)	CACHED	0	2026-09-13 08:53:41.257	37m 18s	32m 52s	693.6%	2 GB	3.1 GB	20.4 GB	9.2 GB
728	d0/0d4680	59683693_19	NFCORE_MAG:MAG:ASSEMBLY:GUNZIP_SHORTREAD_ASSEMBLIES (MEGAHIT-strain_sample_16)	CACHED	0	2026-09-13 12:23:04.760	59s	301ms	84.4%	5.2 MB	8.1 MB	15.1 MB	51 MB
713	61/9e333f	59664463_23	NFCORE_MAG:MAG:ASSEMBLY:SHORTREAD_ASSEMBLY:MEGAHIT (strain_sample_15)	CACHED	0	2026-09-13 08:53:41.257	38m 18s	35m 25s	732.5%	2 GB	3.1 GB	20.5 GB	9.2 GB
715	90/ab9082	59664463_24	NFCORE_MAG:MAG:ASSEMBLY:SHORTREAD_ASSEMBLY:MEGAHIT (strain_sample_14)	CACHED	0	2026-09-13 08:53:41.257	31m 48s	28m 53s	745.1%	1.8 GB	3 GB	20.4 GB	9.1 GB
732	ac/61982a	59683693_16	NFCORE_MAG:MAG:ASSEMBLY:GUNZIP_SHORTREAD_ASSEMBLIES (MEGAHIT-strain_sample_15)	CACHED	0	2026-09-13 12:23:04.760	59s	406ms	67.8%	4.9 MB	8 MB	15.9 MB	53.8 MB
734	49/c96aee	59683693_18	NFCORE_MAG:MAG:ASSEMBLY:GUNZIP_SHORTREAD_ASSEMBLIES (MEGAHIT-strain_sample_14)	CACHED	0	2026-09-13 12:23:04.760	59s	358ms	79.5%	5.2 MB	8.1 MB	16.5 MB	55.8 MB
725	bf/201612	59664463_26	NFCORE_MAG:MAG:ASSEMBLY:SHORTREAD_ASSEMBLY:MEGAHIT (strain_sample_18)	CACHED	0	2026-09-13 08:53:41.257	27m 48s	24m 38s	744.5%	2 GB	3.2 GB	20.1 GB	8.9 GB
740	1c/a90040	59683693_20	NFCORE_MAG:MAG:ASSEMBLY:GUNZIP_SHORTREAD_ASSEMBLIES (MEGAHIT-strain_sample_18)	CACHED	0	2026-09-13 12:23:04.760	59s	292ms	76.9%	5.3 MB	8.1 MB	13.4 MB	45.3 MB
719	be/f2c5a2	59664463_25	NFCORE_MAG:MAG:ASSEMBLY:SHORTREAD_ASSEMBLY:MEGAHIT (strain_sample_17)	CACHED	0	2026-09-13 08:53:41.257	30m 18s	27m 7s	762.7%	1.9 GB	3.1 GB	20.1 GB	8.9 GB
744	1b/ae5ee4	59683693_17	NFCORE_MAG:MAG:ASSEMBLY:GUNZIP_SHORTREAD_ASSEMBLIES (MEGAHIT-strain_sample_17)	CACHED	0	2026-09-13 12:23:04.760	59s	300ms	81.3%	5.1 MB	8 MB	14.4 MB	48.8 MB
729	ad/7e0d46	59664463_27	NFCORE_MAG:MAG:ASSEMBLY:SHORTREAD_ASSEMBLY:MEGAHIT (strain_sample_19)	CACHED	0	2026-09-13 08:53:41.257	26m 18s	23m 12s	736.4%	2 GB	3.2 GB	19.8 GB	8.8 GB
748	c2/b03b81	59683693_22	NFCORE_MAG:MAG:ASSEMBLY:GUNZIP_SHORTREAD_ASSEMBLIES (MEGAHIT-strain_sample_19)	CACHED	0	2026-09-13 12:23:04.760	59s	301ms	71.3%	5.4 MB	8.1 MB	12.2 MB	41.2 MB
733	32/6789a0	59664463_32	NFCORE_MAG:MAG:ASSEMBLY:SHORTREAD_ASSEMBLY:MEGAHIT (strain_sample_21)	CACHED	0	2026-09-13 08:53:41.257	42m 48s	38m 18s	691.7%	2 GB	3.2 GB	19.5 GB	8.6 GB
752	fe/f8e7b3	59683693_24	NFCORE_MAG:MAG:ASSEMBLY:GUNZIP_SHORTREAD_ASSEMBLIES (MEGAHIT-strain_sample_21)	CACHED	0	2026-09-13 12:23:04.760	59.1s	227ms	76.5%	5.3 MB	8.1 MB	10.5 MB	35.5 MB
735	e3/cc2c6a	59664463_31	NFCORE_MAG:MAG:ASSEMBLY:SHORTREAD_ASSEMBLY:MEGAHIT (strain_sample_20)	CACHED	0	2026-09-13 08:53:41.257	50m 18s	45m 52s	713.8%	2.1 GB	3.4 GB	20.9 GB	9.5 GB
756	a7/1f1ed0	59683693_21	NFCORE_MAG:MAG:ASSEMBLY:GUNZIP_SHORTREAD_ASSEMBLIES (MEGAHIT-strain_sample_20)	CACHED	0	2026-09-13 12:23:04.760	59s	378ms	87.6%	5.2 MB	8.1 MB	16.4 MB	55.3 MB
745	d9/83eeb8	59664463_29	NFCORE_MAG:MAG:ASSEMBLY:SHORTREAD_ASSEMBLY:MEGAHIT (strain_sample_23)	CACHED	0	2026-09-13 08:53:41.257	25m 18s	20m 42s	747.0%	1.8 GB	3 GB	19.5 GB	8.5 GB
760	9b/d6110e	59683693_25	NFCORE_MAG:MAG:ASSEMBLY:GUNZIP_SHORTREAD_ASSEMBLIES (MEGAHIT-strain_sample_23)	CACHED	0	2026-09-13 12:23:04.760	59.1s	341ms	63.2%	4.8 MB	8 MB	12 MB	40.6 MB
753	51/837069	59664463_35	NFCORE_MAG:MAG:ASSEMBLY:SHORTREAD_ASSEMBLY:MEGAHIT (strain_sample_26)	CACHED	0	2026-09-13 08:53:41.257	42m 18s	35m 51s	676.7%	2 GB	3.2 GB	20.6 GB	9.3 GB
749	99/588f1a	59664463_34	NFCORE_MAG:MAG:ASSEMBLY:SHORTREAD_ASSEMBLY:MEGAHIT (strain_sample_24)	CACHED	0	2026-09-13 08:53:41.257	34m 48s	30m 26s	706.7%	1.8 GB	3 GB	19.4 GB	8.5 GB
741	8a/43544e	59664463_30	NFCORE_MAG:MAG:ASSEMBLY:SHORTREAD_ASSEMBLY:MEGAHIT (strain_sample_22)	CACHED	0	2026-09-13 08:53:41.257	41m 18s	36m 43s	728.2%	2.1 GB	3.3 GB	21.2 GB	9.7 GB
764	c6/a90ce6	59683693_26	NFCORE_MAG:MAG:ASSEMBLY:GUNZIP_SHORTREAD_ASSEMBLIES (MEGAHIT-strain_sample_26)	CACHED	0	2026-09-13 12:23:04.760	59.1s	326ms	84.0%	5.4 MB	8.1 MB	15.9 MB	53.8 MB
766	22/54a877	59683693_28	NFCORE_MAG:MAG:ASSEMBLY:GUNZIP_SHORTREAD_ASSEMBLIES (MEGAHIT-strain_sample_24)	CACHED	0	2026-09-13 12:23:04.760	59.1s	252ms	80.7%	5.2 MB	8.1 MB	11.8 MB	39.9 MB
767	45/5fbabc	59683693_23	NFCORE_MAG:MAG:ASSEMBLY:GUNZIP_SHORTREAD_ASSEMBLIES (MEGAHIT-strain_sample_22)	CACHED	0	2026-09-13 12:23:04.760	59.1s	357ms	82.1%	5.2 MB	8.1 MB	17.6 MB	59.4 MB
757	e9/affea2	59664463_38	NFCORE_MAG:MAG:ASSEMBLY:SHORTREAD_ASSEMBLY:MEGAHIT (strain_sample_29)	CACHED	0	2026-09-13 08:53:41.257	48m 18s	38m 39s	705.5%	1.9 GB	3 GB	20 GB	8.9 GB
776	96/597127	59683693_31	NFCORE_MAG:MAG:ASSEMBLY:GUNZIP_SHORTREAD_ASSEMBLIES (MEGAHIT-strain_sample_29)	CACHED	0	2026-09-13 12:23:04.760	59.1s	273ms	82.4%	5.3 MB	8.1 MB	13.6 MB	45.9 MB
768	c8/459c99	59664463_39	NFCORE_MAG:MAG:ASSEMBLY:SHORTREAD_ASSEMBLY:MEGAHIT (strain_sample_31)	CACHED	0	2026-09-13 08:53:41.257	38m 48s	29m 10s	726.2%	1.9 GB	3 GB	20.1 GB	9 GB
780	5e/55394c	59683693_33	NFCORE_MAG:MAG:ASSEMBLY:GUNZIP_SHORTREAD_ASSEMBLIES (MEGAHIT-strain_sample_31)	CACHED	0	2026-09-13 12:23:04.760	59.1s	303ms	77.4%	5.5 MB	8.1 MB	14.5 MB	48.9 MB
765	04/e708e5	59664463_40	NFCORE_MAG:MAG:ASSEMBLY:SHORTREAD_ASSEMBLY:MEGAHIT (strain_sample_28)	CACHED	0	2026-09-13 08:53:41.257	32m 48s	22m 46s	744.7%	2.1 GB	3.3 GB	20 GB	8.9 GB
784	02/e79d6a	59683693_32	NFCORE_MAG:MAG:ASSEMBLY:GUNZIP_SHORTREAD_ASSEMBLIES (MEGAHIT-strain_sample_28)	CACHED	0	2026-09-13 12:23:04.760	59.1s	274ms	74.7%	4.8 MB	8 MB	12.2 MB	41.2 MB
781	53/ede680	59664463_36	NFCORE_MAG:MAG:ASSEMBLY:SHORTREAD_ASSEMBLY:MEGAHIT (strain_sample_27)	CACHED	0	2026-09-13 08:53:41.257	35m 18s	29m 3s	730.7%	2 GB	3.2 GB	20.9 GB	9.5 GB
788	f8/205422	59683693_29	NFCORE_MAG:MAG:ASSEMBLY:GUNZIP_SHORTREAD_ASSEMBLIES (MEGAHIT-strain_sample_27)	CACHED	0	2026-09-13 12:23:04.760	59.1s	357ms	82.4%	5.2 MB	8.1 MB	16.8 MB	56.8 MB
777	86/b496de	59664463_37	NFCORE_MAG:MAG:ASSEMBLY:SHORTREAD_ASSEMBLY:MEGAHIT (strain_sample_30)	CACHED	0	2026-09-13 08:53:41.257	42m 18s	32m 37s	715.6%	1.9 GB	3 GB	20.5 GB	9.2 GB
792	9c/f000ee	59683693_30	NFCORE_MAG:MAG:ASSEMBLY:GUNZIP_SHORTREAD_ASSEMBLIES (MEGAHIT-strain_sample_30)	CACHED	0	2026-09-13 12:23:04.760	59.1s	337ms	78.7%	5 MB	8 MB	15.7 MB	53.2 MB
761	94/04f50c	59664463_33	NFCORE_MAG:MAG:ASSEMBLY:SHORTREAD_ASSEMBLY:MEGAHIT (strain_sample_25)	CACHED	0	2026-09-13 08:53:41.257	28m 48s	24m 10s	760.2%	1.9 GB	3.1 GB	20.2 GB	9 GB
796	3d/3f7c55	59683693_27	NFCORE_MAG:MAG:ASSEMBLY:GUNZIP_SHORTREAD_ASSEMBLIES (MEGAHIT-strain_sample_25)	CACHED	0	2026-09-13 12:23:04.760	59.1s	351ms	72.2%	4.8 MB	8 MB	14.5 MB	48.9 MB
771	ff/1d55ac	59664463_42	NFCORE_MAG:MAG:ASSEMBLY:SHORTREAD_ASSEMBLY:MEGAHIT (strain_sample_32)	CACHED	0	2026-09-13 08:53:41.257	42m 48s	32m 55s	733.2%	1.9 GB	3.1 GB	20.1 GB	9 GB
800	10/78a1ca	59683693_35	NFCORE_MAG:MAG:ASSEMBLY:GUNZIP_SHORTREAD_ASSEMBLIES (MEGAHIT-strain_sample_32)	CACHED	0	2026-09-13 12:23:04.760	59.1s	300ms	81.3%	5.4 MB	8.1 MB	13.9 MB	47.1 MB
789	33/715968	59664463_45	NFCORE_MAG:MAG:ASSEMBLY:SHORTREAD_ASSEMBLY:MEGAHIT (strain_sample_33)	CACHED	0	2026-09-13 08:53:41.257	37m 48s	27m 53s	711.9%	1.9 GB	3 GB	20.3 GB	9.1 GB
804	e9/2ecf4f	59683693_36	NFCORE_MAG:MAG:ASSEMBLY:GUNZIP_SHORTREAD_ASSEMBLIES (MEGAHIT-strain_sample_33)	CACHED	0	2026-09-13 12:23:04.760	59.1s	344ms	85.2%	5.3 MB	8.1 MB	15.5 MB	52.5 MB
785	5f/5bfb41	59664463_41	NFCORE_MAG:MAG:ASSEMBLY:SHORTREAD_ASSEMBLY:MEGAHIT (strain_sample_34)	CACHED	0	2026-09-13 08:53:41.257	38m 48s	28m 50s	755.3%	2.1 GB	3.4 GB	20.2 GB	9.1 GB
808	36/3e0275	59683693_34	NFCORE_MAG:MAG:ASSEMBLY:GUNZIP_SHORTREAD_ASSEMBLIES (MEGAHIT-strain_sample_34)	CACHED	0	2026-09-13 12:23:04.760	59.1s	290ms	84.1%	5.4 MB	8.1 MB	13.7 MB	46.3 MB
793	52/a0e25b	59664463_43	NFCORE_MAG:MAG:ASSEMBLY:SHORTREAD_ASSEMBLY:MEGAHIT (strain_sample_35)	CACHED	0	2026-09-13 08:53:41.257	56m 18s	46m 15s	689.1%	2.1 GB	3.3 GB	21 GB	9.6 GB
812	49/7e9bc3	59683693_37	NFCORE_MAG:MAG:ASSEMBLY:GUNZIP_SHORTREAD_ASSEMBLIES (MEGAHIT-strain_sample_35)	CACHED	0	2026-09-13 12:23:04.760	59.1s	366ms	85.6%	5.4 MB	8.1 MB	16.7 MB	56.5 MB
809	b0/d2ad04	59664463_44	NFCORE_MAG:MAG:ASSEMBLY:SHORTREAD_ASSEMBLY:MEGAHIT (strain_sample_36)	CACHED	0	2026-09-13 08:53:41.257	55m 48s	45m 45s	697.6%	2 GB	3.2 GB	20.8 GB	9.4 GB
797	de/cc8f22	59664463_47	NFCORE_MAG:MAG:ASSEMBLY:SHORTREAD_ASSEMBLY:MEGAHIT (strain_sample_39)	CACHED	0	2026-09-13 08:53:41.257	48m 18s	38m 15s	727.1%	2 GB	3.2 GB	20.6 GB	9.3 GB
816	74/54a5a2	59683693_39	NFCORE_MAG:MAG:ASSEMBLY:GUNZIP_SHORTREAD_ASSEMBLIES (MEGAHIT-strain_sample_36)	CACHED	0	2026-09-13 12:23:04.760	59.1s	321ms	88.2%	5.2 MB	8.1 MB	16 MB	54.1 MB
818	3c/c12cb6	59683693_40	NFCORE_MAG:MAG:ASSEMBLY:GUNZIP_SHORTREAD_ASSEMBLIES (MEGAHIT-strain_sample_39)	CACHED	0	2026-09-13 12:23:04.760	59.1s	333ms	76.5%	4.9 MB	8 MB	15.4 MB	52.2 MB
805	01/ebe08f	59664463_48	NFCORE_MAG:MAG:ASSEMBLY:SHORTREAD_ASSEMBLY:MEGAHIT (strain_sample_38)	CACHED	0	2026-09-13 08:53:41.257	42m 18s	32m 28s	671.6%	2 GB	3.2 GB	20.4 GB	9.2 GB
824	d5/e8b476	59683693_41	NFCORE_MAG:MAG:ASSEMBLY:GUNZIP_SHORTREAD_ASSEMBLIES (MEGAHIT-strain_sample_38)	CACHED	0	2026-09-13 12:23:04.760	59.1s	322ms	82.0%	4.9 MB	8 MB	15.2 MB	51.5 MB
813	2b/3b7eea	59664463_49	NFCORE_MAG:MAG:ASSEMBLY:SHORTREAD_ASSEMBLY:MEGAHIT (strain_sample_40)	CACHED	0	2026-09-13 08:53:41.257	42m 48s	33m 2s	712.6%	1.9 GB	3.1 GB	20.9 GB	9.5 GB
828	c9/805a6c	59683693_42	NFCORE_MAG:MAG:ASSEMBLY:GUNZIP_SHORTREAD_ASSEMBLIES (MEGAHIT-strain_sample_40)	CACHED	0	2026-09-13 12:23:04.760	59.2s	493ms	65.7%	5.2 MB	8.1 MB	17.6 MB	59.7 MB
801	5b/218760	59664463_46	NFCORE_MAG:MAG:ASSEMBLY:SHORTREAD_ASSEMBLY:MEGAHIT (strain_sample_37)	CACHED	0	2026-09-13 08:53:41.257	40m 48s	31m 12s	719.8%	1.9 GB	3.1 GB	20.2 GB	9 GB
817	0b/45a4b2	59664463_53	NFCORE_MAG:MAG:ASSEMBLY:SHORTREAD_ASSEMBLY:MEGAHIT (strain_sample_42)	CACHED	0	2026-09-13 08:53:41.257	48m 18s	34m 56s	682.6%	1.9 GB	3 GB	19.6 GB	8.6 GB
832	97/c9a3eb	59683693_38	NFCORE_MAG:MAG:ASSEMBLY:GUNZIP_SHORTREAD_ASSEMBLIES (MEGAHIT-strain_sample_37)	CACHED	0	2026-09-13 12:23:04.760	59.1s	306ms	83.1%	4.9 MB	8 MB	14.5 MB	49.2 MB
833	13/950296	59683693_47	NFCORE_MAG:MAG:ASSEMBLY:GUNZIP_SHORTREAD_ASSEMBLIES (MEGAHIT-strain_sample_42)	CACHED	0	2026-09-13 12:23:04.760	59.2s	285ms	78.7%	5.4 MB	8.1 MB	12 MB	40.7 MB
819	1d/b0424b	59664463_55	NFCORE_MAG:MAG:ASSEMBLY:SHORTREAD_ASSEMBLY:MEGAHIT (strain_sample_44)	CACHED	0	2026-09-13 08:53:41.257	47m 18s	34m 23s	695.4%	1.9 GB	3.1 GB	20.7 GB	9.4 GB
840	79/68b29b	59683693_44	NFCORE_MAG:MAG:ASSEMBLY:GUNZIP_SHORTREAD_ASSEMBLIES (MEGAHIT-strain_sample_44)	CACHED	0	2026-09-13 12:23:04.760	59.2s	381ms	86.9%	5.5 MB	8.1 MB	17.4 MB	59 MB
825	36/c000b0	59664463_50	NFCORE_MAG:MAG:ASSEMBLY:SHORTREAD_ASSEMBLY:MEGAHIT (strain_sample_41)	CACHED	0	2026-09-13 08:53:41.257	38m 48s	29m 8s	767.9%	1.8 GB	3 GB	20.3 GB	9.1 GB
844	5d/39ef1d	59683693_43	NFCORE_MAG:MAG:ASSEMBLY:GUNZIP_SHORTREAD_ASSEMBLIES (MEGAHIT-strain_sample_41)	CACHED	0	2026-09-13 12:23:04.760	59.2s	348ms	78.4%	4.8 MB	8 MB	15.2 MB	51.5 MB
829	c5/a3cfaf	59664463_52	NFCORE_MAG:MAG:ASSEMBLY:SHORTREAD_ASSEMBLY:MEGAHIT (strain_sample_43)	CACHED	0	2026-09-13 08:53:41.257	32m 18s	22m 23s	714.3%	1.8 GB	2.9 GB	19.2 GB	8.4 GB
835	37/bebf98	59664463_56	NFCORE_MAG:MAG:ASSEMBLY:SHORTREAD_ASSEMBLY:MEGAHIT (strain_sample_46)	CACHED	0	2026-09-13 08:53:41.257	32m 18s	19m 3s	736.5%	2.1 GB	3.4 GB	19.7 GB	8.7 GB
848	dd/d4d9f9	59683693_45	NFCORE_MAG:MAG:ASSEMBLY:GUNZIP_SHORTREAD_ASSEMBLIES (MEGAHIT-strain_sample_43)	CACHED	0	2026-09-13 12:23:04.760	59.2s	265ms	80.1%	5.4 MB	8.1 MB	11.5 MB	39 MB
850	93/a1c0a1	59683693_48	NFCORE_MAG:MAG:ASSEMBLY:GUNZIP_SHORTREAD_ASSEMBLIES (MEGAHIT-strain_sample_46)	CACHED	0	2026-09-13 12:23:04.760	59.2s	287ms	71.1%	5.3 MB	8.1 MB	10.5 MB	35.5 MB
834	ae/fdaff3	59664463_51	NFCORE_MAG:MAG:ASSEMBLY:SHORTREAD_ASSEMBLY:MEGAHIT (strain_sample_45)	CACHED	0	2026-09-13 08:53:41.257	53m 48s	43m 55s	600.5%	2.1 GB	3.4 GB	20.5 GB	9.2 GB
856	3c/ba15d2	59683693_46	NFCORE_MAG:MAG:ASSEMBLY:GUNZIP_SHORTREAD_ASSEMBLIES (MEGAHIT-strain_sample_45)	CACHED	0	2026-09-13 12:23:04.760	59.2s	471ms	58.2%	4.8 MB	8 MB	14.1 MB	47.7 MB
841	b0/0ce9be	59664463_54	NFCORE_MAG:MAG:ASSEMBLY:SHORTREAD_ASSEMBLY:MEGAHIT (strain_sample_47)	CACHED	0	2026-09-13 08:53:41.257	49m 48s	36m 52s	667.8%	2 GB	3.2 GB	20.1 GB	9 GB
860	cf/047e03	59683693_49	NFCORE_MAG:MAG:ASSEMBLY:GUNZIP_SHORTREAD_ASSEMBLIES (MEGAHIT-strain_sample_47)	CACHED	0	2026-09-13 12:23:04.760	59.2s	406ms	63.0%	5 MB	8 MB	13.7 MB	46.4 MB
845	5a/a00869	59664463_59	NFCORE_MAG:MAG:ASSEMBLY:SHORTREAD_ASSEMBLY:MEGAHIT (strain_sample_50)	CACHED	0	2026-09-13 08:53:41.257	49m 18s	36m 15s	694.2%	1.9 GB	3 GB	19.9 GB	8.8 GB
864	09/8e4385	59683693_52	NFCORE_MAG:MAG:ASSEMBLY:GUNZIP_SHORTREAD_ASSEMBLIES (MEGAHIT-strain_sample_50)	CACHED	0	2026-09-13 12:23:04.760	59.2s	301ms	84.1%	5.3 MB	8.1 MB	13.7 MB	46.2 MB
849	66/5d290c	59664463_57	NFCORE_MAG:MAG:ASSEMBLY:SHORTREAD_ASSEMBLY:MEGAHIT (strain_sample_48)	CACHED	0	2026-09-13 08:53:41.257	47m 48s	34m 30s	686.3%	1.9 GB	3.1 GB	20.5 GB	9.2 GB
851	1c/671b28	59664463_60	NFCORE_MAG:MAG:ASSEMBLY:SHORTREAD_ASSEMBLY:MEGAHIT (strain_sample_51)	CACHED	0	2026-09-13 08:53:41.257	50m 48s	37m 41s	691.0%	1.9 GB	3 GB	19.9 GB	8.8 GB
868	ef/570eed	59683693_50	NFCORE_MAG:MAG:ASSEMBLY:GUNZIP_SHORTREAD_ASSEMBLIES (MEGAHIT-strain_sample_48)	CACHED	0	2026-09-13 12:23:04.760	59.2s	455ms	67.0%	5.3 MB	8.1 MB	16.2 MB	54.6 MB
870	89/e8e4a3	59683693_54	NFCORE_MAG:MAG:ASSEMBLY:GUNZIP_SHORTREAD_ASSEMBLIES (MEGAHIT-strain_sample_51)	CACHED	0	2026-09-13 12:23:04.760	59.2s	405ms	65.4%	5 MB	8 MB	13.6 MB	46 MB
857	05/73055e	59664463_62	NFCORE_MAG:MAG:ASSEMBLY:SHORTREAD_ASSEMBLY:MEGAHIT (strain_sample_53)	CACHED	0	2026-09-13 08:53:41.257	45m 48s	32m 31s	681.7%	2.1 GB	3.3 GB	19.7 GB	8.7 GB
876	55/2eaa3d	59683693_53	NFCORE_MAG:MAG:ASSEMBLY:GUNZIP_SHORTREAD_ASSEMBLIES (MEGAHIT-strain_sample_53)	CACHED	0	2026-09-13 12:23:04.760	59.2s	331ms	67.8%	5.3 MB	8.1 MB	11.7 MB	39.3 MB
865	a0/94de15	59664463_58	NFCORE_MAG:MAG:ASSEMBLY:SHORTREAD_ASSEMBLY:MEGAHIT (strain_sample_49)	CACHED	0	2026-09-13 08:53:41.257	46m 48s	33m 41s	705.5%	2.1 GB	3.3 GB	20.4 GB	9.2 GB
871	39/a9986d	59664463_63	NFCORE_MAG:MAG:ASSEMBLY:SHORTREAD_ASSEMBLY:MEGAHIT (strain_sample_55)	CACHED	0	2026-09-13 08:53:41.257	42m 18s	29m 18s	739.3%	1.9 GB	3.1 GB	20 GB	8.8 GB
880	ba/2413f4	59683693_51	NFCORE_MAG:MAG:ASSEMBLY:GUNZIP_SHORTREAD_ASSEMBLIES (MEGAHIT-strain_sample_49)	CACHED	0	2026-09-13 12:23:04.760	59.2s	322ms	78.7%	4.9 MB	8 MB	13.5 MB	45.7 MB
861	e6/ae1763	59664463_61	NFCORE_MAG:MAG:ASSEMBLY:SHORTREAD_ASSEMBLY:MEGAHIT (strain_sample_52)	CACHED	0	2026-09-13 08:53:41.257	54m 18s	41m 8s	694.4%	1.9 GB	3 GB	20.7 GB	9.3 GB
881	ce/70c498	59683693_57	NFCORE_MAG:MAG:ASSEMBLY:GUNZIP_SHORTREAD_ASSEMBLIES (MEGAHIT-strain_sample_55)	CACHED	0	2026-09-13 12:23:04.760	59.3s	366ms	67.0%	5 MB	8 MB	13.6 MB	46 MB
886	ef/3f6f1c	59683693_55	NFCORE_MAG:MAG:ASSEMBLY:GUNZIP_SHORTREAD_ASSEMBLIES (MEGAHIT-strain_sample_52)	CACHED	0	2026-09-13 12:23:04.760	59.2s	377ms	82.9%	5.4 MB	8.1 MB	17.1 MB	57.7 MB
869	e4/8ff1f7	59664463_65	NFCORE_MAG:MAG:ASSEMBLY:SHORTREAD_ASSEMBLY:MEGAHIT (strain_sample_54)	CACHED	0	2026-09-13 08:53:41.257	48m 48s	35m 26s	658.3%	2 GB	3.2 GB	20.9 GB	9.5 GB
883	c9/58f9a4	59664463_69	NFCORE_MAG:MAG:ASSEMBLY:SHORTREAD_ASSEMBLY:MEGAHIT (strain_sample_59)	CACHED	0	2026-09-13 08:53:41.257	46m 18s	30m 56s	759.8%	2 GB	3.2 GB	21 GB	9.5 GB
892	78/257b5e	59683693_56	NFCORE_MAG:MAG:ASSEMBLY:GUNZIP_SHORTREAD_ASSEMBLIES (MEGAHIT-strain_sample_54)	CACHED	0	2026-09-13 12:23:04.760	59.2s	389ms	85.4%	5.1 MB	8.1 MB	17.1 MB	57.8 MB
877	5e/11a051	59664463_67	NFCORE_MAG:MAG:ASSEMBLY:SHORTREAD_ASSEMBLY:MEGAHIT (strain_sample_58)	CACHED	0	2026-09-13 08:53:41.257	46m 48s	31m 1s	728.4%	2 GB	3.2 GB	21 GB	9.5 GB
894	aa/066634	59683693_59	NFCORE_MAG:MAG:ASSEMBLY:GUNZIP_SHORTREAD_ASSEMBLIES (MEGAHIT-strain_sample_59)	CACHED	0	2026-09-13 12:23:04.760	59.3s	451ms	71.2%	5.2 MB	8 MB	17 MB	57.6 MB
882	46/7a4e2e	59664463_66	NFCORE_MAG:MAG:ASSEMBLY:SHORTREAD_ASSEMBLY:MEGAHIT (strain_sample_56)	CACHED	0	2026-09-13 08:53:41.257	50m 48s	37m 39s	679.2%	2 GB	3.1 GB	20.8 GB	9.4 GB
900	ac/378093	59683693_60	NFCORE_MAG:MAG:ASSEMBLY:GUNZIP_SHORTREAD_ASSEMBLIES (MEGAHIT-strain_sample_56)	CACHED	0	2026-09-13 12:23:04.760	59.3s	388ms	83.2%	4.9 MB	8 MB	17.1 MB	57.7 MB
898	5f/66dad7	59683693_62	NFCORE_MAG:MAG:ASSEMBLY:GUNZIP_SHORTREAD_ASSEMBLIES (MEGAHIT-strain_sample_58)	CACHED	0	2026-09-13 12:23:04.760	59.3s	411ms	78.8%	5.3 MB	8.1 MB	17.6 MB	59.5 MB
893	ee/bae237	59664463_71	NFCORE_MAG:MAG:ASSEMBLY:SHORTREAD_ASSEMBLY:MEGAHIT (strain_sample_60)	CACHED	0	2026-09-13 08:53:41.257	54m 18s	38m 56s	687.5%	1.9 GB	3.1 GB	20.4 GB	9.1 GB
908	44/f67742	59683693_61	NFCORE_MAG:MAG:ASSEMBLY:GUNZIP_SHORTREAD_ASSEMBLIES (MEGAHIT-strain_sample_60)	CACHED	0	2026-09-13 12:23:04.760	59.3s	336ms	87.0%	5.4 MB	8.1 MB	15.3 MB	51.9 MB
901	bc/517507	59664463_72	NFCORE_MAG:MAG:ASSEMBLY:SHORTREAD_ASSEMBLY:MEGAHIT (strain_sample_62)	CACHED	0	2026-09-13 08:53:41.257	53m 48s	37m 27s	685.3%	2 GB	3.1 GB	20.4 GB	9.1 GB
912	00/32ca06	59683693_63	NFCORE_MAG:MAG:ASSEMBLY:GUNZIP_SHORTREAD_ASSEMBLIES (MEGAHIT-strain_sample_62)	CACHED	0	2026-09-13 12:23:04.760	59.3s	327ms	86.6%	5.4 MB	8.1 MB	14.9 MB	50.3 MB
887	18/c4c006	59664463_64	NFCORE_MAG:MAG:ASSEMBLY:SHORTREAD_ASSEMBLY:MEGAHIT (strain_sample_57)	CACHED	0	2026-09-13 08:53:41.257	35m 18s	21m 59s	730.9%	1.7 GB	2.2 GB	20 GB	8.9 GB
917	d8/a0877b	59683693_58	NFCORE_MAG:MAG:ASSEMBLY:GUNZIP_SHORTREAD_ASSEMBLIES (MEGAHIT-strain_sample_57)	CACHED	0	2026-09-13 12:23:04.760	59.3s	303ms	77.1%	5.4 MB	8.1 MB	12.4 MB	42 MB
897	e5/ae62df	59664463_73	NFCORE_MAG:MAG:ASSEMBLY:SHORTREAD_ASSEMBLY:MEGAHIT (strain_sample_64)	CACHED	0	2026-09-13 08:53:41.257	55m 18s	38m 40s	662.0%	2 GB	3.2 GB	20.3 GB	9.1 GB
903	b1/8e2486	59664463_70	NFCORE_MAG:MAG:ASSEMBLY:SHORTREAD_ASSEMBLY:MEGAHIT (strain_sample_63)	CACHED	0	2026-09-13 08:53:41.257	43m 48s	28m 25s	650.4%	1.7 GB	2.8 GB	19.2 GB	8.3 GB
920	1b/f2512f	59683693_68	NFCORE_MAG:MAG:ASSEMBLY:GUNZIP_SHORTREAD_ASSEMBLIES (MEGAHIT-strain_sample_64)	CACHED	0	2026-09-13 12:23:04.760	59.3s	396ms	71.8%	4.9 MB	8 MB	14.8 MB	50.1 MB
922	3b/f19eb5	59683693_65	NFCORE_MAG:MAG:ASSEMBLY:GUNZIP_SHORTREAD_ASSEMBLIES (MEGAHIT-strain_sample_63)	CACHED	0	2026-09-13 12:23:04.760	59.3s	286ms	81.7%	5.4 MB	8.1 MB	12.5 MB	42.3 MB
921	f8/8f819d	59664463_76	NFCORE_MAG:MAG:ASSEMBLY:SHORTREAD_ASSEMBLY:MEGAHIT (strain_sample_67)	CACHED	0	2026-09-13 08:53:41.257	47m 48s	31m 3s	638.3%	1.9 GB	3.1 GB	19.7 GB	8.7 GB
916	ef/9f8037	59664463_75	NFCORE_MAG:MAG:ASSEMBLY:SHORTREAD_ASSEMBLY:MEGAHIT (strain_sample_66)	CACHED	0	2026-09-13 08:53:41.257	51m 48s	35m 33s	736.7%	2 GB	3.2 GB	20.5 GB	9.2 GB
928	27/a03021	59683693_70	NFCORE_MAG:MAG:ASSEMBLY:GUNZIP_SHORTREAD_ASSEMBLIES (MEGAHIT-strain_sample_67)	CACHED	0	2026-09-13 12:23:04.760	59.3s	333ms	73.1%	5.1 MB	8 MB	12.6 MB	42.4 MB
913	4f/e4083c	59664463_74	NFCORE_MAG:MAG:ASSEMBLY:SHORTREAD_ASSEMBLY:MEGAHIT (strain_sample_65)	CACHED	0	2026-09-13 08:53:41.257	54m 48s	38m 12s	730.5%	2.1 GB	3.3 GB	20.8 GB	9.4 GB
930	58/32bef6	59683693_66	NFCORE_MAG:MAG:ASSEMBLY:GUNZIP_SHORTREAD_ASSEMBLIES (MEGAHIT-strain_sample_66)	CACHED	0	2026-09-13 12:23:04.760	59.3s	567ms	50.4%	5 MB	8 MB	15.4 MB	52 MB
934	2c/74278a	59683693_67	NFCORE_MAG:MAG:ASSEMBLY:GUNZIP_SHORTREAD_ASSEMBLIES (MEGAHIT-strain_sample_65)	CACHED	0	2026-09-13 12:23:04.760	59.3s	354ms	79.9%	5.1 MB	8 MB	15.8 MB	53.2 MB
909	f4/8139ca	59664463_68	NFCORE_MAG:MAG:ASSEMBLY:SHORTREAD_ASSEMBLY:MEGAHIT (strain_sample_61)	CACHED	0	2026-09-13 08:53:41.257	51m 48s	36m 1s	698.7%	1.8 GB	3 GB	19.7 GB	8.7 GB
940	f6/df5072	59683693_64	NFCORE_MAG:MAG:ASSEMBLY:GUNZIP_SHORTREAD_ASSEMBLIES (MEGAHIT-strain_sample_61)	CACHED	0	2026-09-13 12:23:04.760	59.3s	353ms	72.1%	5 MB	8 MB	12.7 MB	42.9 MB
923	52/d33457	59664463_77	NFCORE_MAG:MAG:ASSEMBLY:SHORTREAD_ASSEMBLY:MEGAHIT (strain_sample_69)	CACHED	0	2026-09-13 08:53:41.257	46m 48s	30m 29s	723.3%	2 GB	3.2 GB	21.1 GB	9.6 GB
929	02/8e06a6	59664463_81	NFCORE_MAG:MAG:ASSEMBLY:SHORTREAD_ASSEMBLY:MEGAHIT (strain_sample_71)	CACHED	0	2026-09-13 08:53:41.257	54m 18s	37m 49s	665.7%	2 GB	3.3 GB	20.5 GB	9.2 GB
944	e0/36aff9	59683693_73	NFCORE_MAG:MAG:ASSEMBLY:GUNZIP_SHORTREAD_ASSEMBLIES (MEGAHIT-strain_sample_69)	CACHED	0	2026-09-13 12:23:04.760	59.3s	401ms	87.9%	5.4 MB	8.1 MB	18.7 MB	63.3 MB
945	84/4969bc	59683693_74	NFCORE_MAG:MAG:ASSEMBLY:GUNZIP_SHORTREAD_ASSEMBLIES (MEGAHIT-strain_sample_71)	CACHED	0	2026-09-13 12:23:04.760	59.3s	347ms	75.9%	5 MB	8 MB	14.9 MB	50.5 MB
937	c2/63a061	59664463_82	NFCORE_MAG:MAG:ASSEMBLY:SHORTREAD_ASSEMBLY:MEGAHIT (strain_sample_73)	CACHED	0	2026-09-13 08:53:41.257	53m 48s	37m 6s	724.7%	2 GB	3.2 GB	20.1 GB	9 GB
952	d8/238e14	59683693_78	NFCORE_MAG:MAG:ASSEMBLY:GUNZIP_SHORTREAD_ASSEMBLIES (MEGAHIT-strain_sample_73)	CACHED	0	2026-09-13 12:23:04.760	59.4s	416ms	70.7%	5 MB	8 MB	13.7 MB	46.5 MB
946	1d/529819	59664463_79	NFCORE_MAG:MAG:ASSEMBLY:SHORTREAD_ASSEMBLY:MEGAHIT (strain_sample_72)	CACHED	0	2026-09-13 08:53:41.257	43m 18s	26m 49s	751.7%	2 GB	3.2 GB	20.3 GB	9.1 GB
956	79/684ca7	59683693_71	NFCORE_MAG:MAG:ASSEMBLY:GUNZIP_SHORTREAD_ASSEMBLIES (MEGAHIT-strain_sample_72)	CACHED	0	2026-09-13 12:23:04.760	59.3s	313ms	84.0%	5.3 MB	8.1 MB	14.4 MB	48.7 MB
931	d3/0f401f	59664463_78	NFCORE_MAG:MAG:ASSEMBLY:SHORTREAD_ASSEMBLY:MEGAHIT (strain_sample_68)	CACHED	0	2026-09-13 08:53:41.257	41m 18s	24m 51s	760.0%	2 GB	3.2 GB	20.1 GB	9 GB
960	8f/1643ca	59683693_69	NFCORE_MAG:MAG:ASSEMBLY:GUNZIP_SHORTREAD_ASSEMBLIES (MEGAHIT-strain_sample_68)	CACHED	0	2026-09-13 12:23:04.760	59.3s	340ms	79.2%	4.9 MB	8 MB	13.8 MB	46.8 MB
953	6c/69e577	59664463_83	NFCORE_MAG:MAG:ASSEMBLY:SHORTREAD_ASSEMBLY:MEGAHIT (strain_sample_74)	CACHED	0	2026-09-13 08:53:41.257	55m 18s	37m 53s	699.4%	2 GB	3.2 GB	20.7 GB	9.3 GB
964	9d/53ab77	59683693_77	NFCORE_MAG:MAG:ASSEMBLY:GUNZIP_SHORTREAD_ASSEMBLIES (MEGAHIT-strain_sample_74)	CACHED	0	2026-09-13 12:23:04.760	59.4s	504ms	66.2%	5.1 MB	8 MB	15.6 MB	52.7 MB
941	78/6a89e2	59664463_80	NFCORE_MAG:MAG:ASSEMBLY:SHORTREAD_ASSEMBLY:MEGAHIT (strain_sample_70)	CACHED	0	2026-09-13 08:53:41.257	55m 18s	38m 40s	715.2%	1.9 GB	3.1 GB	20 GB	8.9 GB
957	32/928474	59664463_84	NFCORE_MAG:MAG:ASSEMBLY:SHORTREAD_ASSEMBLY:MEGAHIT (strain_sample_77)	CACHED	0	2026-09-13 08:53:41.257	42m 48s	25m 21s	716.7%	2 GB	3.2 GB	20.2 GB	9 GB
968	9e/c7df34	59683693_72	NFCORE_MAG:MAG:ASSEMBLY:GUNZIP_SHORTREAD_ASSEMBLIES (MEGAHIT-strain_sample_70)	CACHED	0	2026-09-13 12:23:04.760	59.3s	343ms	76.8%	5.2 MB	8.1 MB	13.1 MB	44.2 MB
969	f4/7533db	59683693_79	NFCORE_MAG:MAG:ASSEMBLY:GUNZIP_SHORTREAD_ASSEMBLIES (MEGAHIT-strain_sample_77)	CACHED	0	2026-09-13 12:23:04.760	59.4s	325ms	83.7%	5 MB	8 MB	13.3 MB	44.9 MB
947	e7/eb0d84	59664463_86	NFCORE_MAG:MAG:ASSEMBLY:SHORTREAD_ASSEMBLY:MEGAHIT (strain_sample_75)	CACHED	0	2026-09-13 08:53:41.257	1h 2m 18s	42m 32s	676.7%	2.1 GB	3.3 GB	21.4 GB	9.8 GB
976	cf/d1b06b	59683693_75	NFCORE_MAG:MAG:ASSEMBLY:GUNZIP_SHORTREAD_ASSEMBLIES (MEGAHIT-strain_sample_75)	CACHED	0	2026-09-13 12:23:04.760	59.3s	395ms	81.8%	5 MB	8 MB	18.1 MB	61.2 MB
965	9e/214351	59664463_88	NFCORE_MAG:MAG:ASSEMBLY:SHORTREAD_ASSEMBLY:MEGAHIT (strain_sample_78)	CACHED	0	2026-09-13 08:53:41.257	54m 48s	34m 46s	721.6%	1.8 GB	3 GB	19.4 GB	8.5 GB
980	c8/963803	59683693_76	NFCORE_MAG:MAG:ASSEMBLY:GUNZIP_SHORTREAD_ASSEMBLIES (MEGAHIT-strain_sample_78)	CACHED	0	2026-09-13 12:23:04.760	59.4s	367ms	63.5%	4.8 MB	8 MB	11.9 MB	40.3 MB
971	bb/6be811	59664463_92	NFCORE_MAG:MAG:ASSEMBLY:SHORTREAD_ASSEMBLY:MEGAHIT (strain_sample_83)	CACHED	0	2026-09-13 08:53:41.257	57m 18s	37m 17s	727.2%	2 GB	3.1 GB	20.6 GB	9.3 GB
961	69/19abac	59664463_85	NFCORE_MAG:MAG:ASSEMBLY:SHORTREAD_ASSEMBLY:MEGAHIT (strain_sample_76)	CACHED	0	2026-09-13 08:53:41.257	45m 48s	26m 2s	749.5%	1.9 GB	3 GB	19.9 GB	8.8 GB
970	1e/8d0a79	59664463_87	NFCORE_MAG:MAG:ASSEMBLY:SHORTREAD_ASSEMBLY:MEGAHIT (strain_sample_79)	CACHED	0	2026-09-13 08:53:41.257	57m 48s	37m 54s	727.1%	2.1 GB	3.3 GB	20.7 GB	9.4 GB
985	43/b037f8	59683693_82	NFCORE_MAG:MAG:ASSEMBLY:GUNZIP_SHORTREAD_ASSEMBLIES (MEGAHIT-strain_sample_76)	CACHED	0	2026-09-13 12:23:04.760	59.4s	309ms	81.8%	5.3 MB	8.1 MB	13.9 MB	46.9 MB
984	80/df4fff	59683693_85	NFCORE_MAG:MAG:ASSEMBLY:GUNZIP_SHORTREAD_ASSEMBLIES (MEGAHIT-strain_sample_83)	CACHED	0	2026-09-13 12:23:04.761	59.4s	335ms	78.7%	5.3 MB	8.1 MB	15.9 MB	53.7 MB
986	8b/8775c7	59683693_81	NFCORE_MAG:MAG:ASSEMBLY:GUNZIP_SHORTREAD_ASSEMBLIES (MEGAHIT-strain_sample_79)	CACHED	0	2026-09-13 12:23:04.760	59.4s	358ms	84.7%	5.1 MB	8.1 MB	16 MB	54.1 MB
977	8f/b346a2	59664463_89	NFCORE_MAG:MAG:ASSEMBLY:SHORTREAD_ASSEMBLY:MEGAHIT (strain_sample_82)	CACHED	0	2026-09-13 08:53:41.257	51m 18s	31m 16s	719.9%	2.1 GB	3.3 GB	20.6 GB	9.3 GB
997	40/8a3449	59683693_84	NFCORE_MAG:MAG:ASSEMBLY:GUNZIP_SHORTREAD_ASSEMBLIES (MEGAHIT-strain_sample_82)	CACHED	0	2026-09-13 12:23:04.761	59.4s	322ms	81.6%	5.3 MB	8.1 MB	15.3 MB	51.7 MB
987	c6/1207dd	59664463_91	NFCORE_MAG:MAG:ASSEMBLY:SHORTREAD_ASSEMBLY:MEGAHIT (strain_sample_80)	CACHED	0	2026-09-13 08:53:41.257	46m 48s	26m 53s	720.6%	1.8 GB	2.9 GB	19.5 GB	8.6 GB
988	0e/eab99f	59664463_95	NFCORE_MAG:MAG:ASSEMBLY:SHORTREAD_ASSEMBLY:MEGAHIT (strain_sample_84)	CACHED	0	2026-09-13 08:53:41.257	56m 48s	36m 53s	723.6%	1.9 GB	3.1 GB	20.9 GB	9.5 GB
1000	a0/0c3457	59683693_80	NFCORE_MAG:MAG:ASSEMBLY:GUNZIP_SHORTREAD_ASSEMBLIES (MEGAHIT-strain_sample_80)	CACHED	0	2026-09-13 12:23:04.760	59.4s	355ms	66.0%	5.1 MB	8 MB	12.3 MB	41.5 MB
1002	99/035093	59683693_89	NFCORE_MAG:MAG:ASSEMBLY:GUNZIP_SHORTREAD_ASSEMBLIES (MEGAHIT-strain_sample_84)	CACHED	0	2026-09-13 12:23:04.761	59.4s	393ms	82.4%	4.9 MB	8 MB	17.5 MB	59.2 MB
981	23/d544a7	59664463_90	NFCORE_MAG:MAG:ASSEMBLY:SHORTREAD_ASSEMBLY:MEGAHIT (strain_sample_81)	CACHED	0	2026-09-13 08:53:41.257	45m 18s	25m 22s	692.3%	2 GB	3.2 GB	20.7 GB	9.4 GB
1008	a7/0b4fc2	59683693_83	NFCORE_MAG:MAG:ASSEMBLY:GUNZIP_SHORTREAD_ASSEMBLIES (MEGAHIT-strain_sample_81)	CACHED	0	2026-09-13 12:23:04.761	59.4s	365ms	80.7%	5.1 MB	8 MB	16.3 MB	55.2 MB
989	2e/0c2c08	59664463_94	NFCORE_MAG:MAG:ASSEMBLY:SHORTREAD_ASSEMBLY:MEGAHIT (strain_sample_85)	CACHED	0	2026-09-13 08:53:41.257	56m 18s	36m 40s	695.0%	1.8 GB	2.9 GB	20.1 GB	8.9 GB
1012	98/831c66	59683693_87	NFCORE_MAG:MAG:ASSEMBLY:GUNZIP_SHORTREAD_ASSEMBLIES (MEGAHIT-strain_sample_85)	CACHED	0	2026-09-13 12:23:04.761	59.4s	325ms	77.9%	5.1 MB	8 MB	14.9 MB	50.4 MB
996	49/98d4c0	59664463_96	NFCORE_MAG:MAG:ASSEMBLY:SHORTREAD_ASSEMBLY:MEGAHIT (strain_sample_86)	CACHED	0	2026-09-13 08:53:41.257	50m 18s	30m 38s	756.7%	2.1 GB	3.3 GB	20.8 GB	9.4 GB
1016	13/60cfe7	59683693_88	NFCORE_MAG:MAG:ASSEMBLY:GUNZIP_SHORTREAD_ASSEMBLIES (MEGAHIT-strain_sample_86)	CACHED	0	2026-09-13 12:23:04.761	59.4s	378ms	72.6%	5.1 MB	8 MB	16.1 MB	54.5 MB
1003	97/6ac4c7	59664463_93	NFCORE_MAG:MAG:ASSEMBLY:SHORTREAD_ASSEMBLY:MEGAHIT (strain_sample_87)	CACHED	0	2026-09-13 08:53:41.257	55m 48s	35m 42s	666.2%	2 GB	3.2 GB	20.5 GB	9.2 GB
1001	47/55d38d	59648483_6	NFCORE_MAG:MAG:ASSEMBLY:SHORTREAD_ASSEMBLY:MEGAHIT (strain_sample_89)	CACHED	0	2026-09-13 04:38:29.090	35m 54s	34m 27s	634.7%	1.9 GB	3 GB	20 GB	8.9 GB
1020	84/e5bdee	59683693_86	NFCORE_MAG:MAG:ASSEMBLY:GUNZIP_SHORTREAD_ASSEMBLIES (MEGAHIT-strain_sample_87)	CACHED	0	2026-09-13 12:23:04.761	59.4s	316ms	86.7%	5.3 MB	8.1 MB	14.9 MB	50.4 MB
1021	11/f48878	59656633_13	NFCORE_MAG:MAG:ASSEMBLY:GUNZIP_SHORTREAD_ASSEMBLIES (MEGAHIT-strain_sample_89)	CACHED	0	2026-09-13 06:51:29.072	54.4s	320ms	82.2%	5.4 MB	8.1 MB	14 MB	47.4 MB
1027	ab/d98c8e	59679991_8	NFCORE_MAG:MAG:PRODIGAL (MEGAHIT-strain_sample_89)	CACHED	0	2026-09-13 11:41:23.668	3m 10s	2m 5s	91.3%	49.1 MB	118.3 MB	327.5 MB	348.6 MB
1009	e9/b2b9d0	59664463_98	NFCORE_MAG:MAG:ASSEMBLY:SHORTREAD_ASSEMBLY:MEGAHIT (strain_sample_88)	CACHED	0	2026-09-13 08:53:41.257	1h 12m 18s	52m 14s	688.9%	1.9 GB	3.1 GB	20.7 GB	9.4 GB
1028	47/d21a00	59683693_90	NFCORE_MAG:MAG:ASSEMBLY:GUNZIP_SHORTREAD_ASSEMBLIES (MEGAHIT-strain_sample_88)	CACHED	0	2026-09-13 12:23:04.761	59.4s	452ms	65.0%	4.8 MB	8 MB	16.4 MB	55.6 MB
1022	3f/b184b2	59648483_7	NFCORE_MAG:MAG:ASSEMBLY:SHORTREAD_ASSEMBLY:MEGAHIT (strain_sample_92)	CACHED	0	2026-09-13 04:38:29.090	31m 54s	30m 26s	763.2%	2 GB	3.1 GB	20.8 GB	9.4 GB
1017	b4/d7afc2	59648483_5	NFCORE_MAG:MAG:ASSEMBLY:SHORTREAD_ASSEMBLY:MEGAHIT (strain_sample_91)	CACHED	0	2026-09-13 04:38:29.090	36m 24s	35m 8s	695.6%	1.9 GB	3.1 GB	20.6 GB	9.3 GB
1026	94/e8fbae	59679641_2	NFCORE_MAG:MAG:BINNING_PREPARATION:SHORTREAD_BINNING_PREPARATION:BOWTIE2_ASSEMBLY_BUILD (MEGAHIT-strain_sample_89)	CACHED	0	2026-09-13 11:36:04.243	1m 25s	27s	82.7%	300 MB	447.7 MB	191.1 MB	77.8 MB
1032	a4/cebf82	59656633_10	NFCORE_MAG:MAG:ASSEMBLY:GUNZIP_SHORTREAD_ASSEMBLIES (MEGAHIT-strain_sample_92)	CACHED	0	2026-09-13 06:51:29.072	54.4s	355ms	87.9%	5.2 MB	8.1 MB	17 MB	57.6 MB
1034	90/19b153	59656633_14	NFCORE_MAG:MAG:ASSEMBLY:GUNZIP_SHORTREAD_ASSEMBLIES (MEGAHIT-strain_sample_91)	CACHED	0	2026-09-13 06:51:29.072	54.4s	371ms	87.0%	5.4 MB	8.1 MB	16.3 MB	55.4 MB
1013	85/74e773	59664463_97	NFCORE_MAG:MAG:ASSEMBLY:SHORTREAD_ASSEMBLY:MEGAHIT (strain_sample_90)	CACHED	0	2026-09-13 08:53:41.257	50m 48s	30m 58s	699.5%	1.9 GB	3.1 GB	20.3 GB	9.1 GB
1037	85/36f1cd	59679991_9	NFCORE_MAG:MAG:PRODIGAL (MEGAHIT-strain_sample_92)	CACHED	0	2026-09-13 11:41:23.668	3m 40s	2m 34s	90.9%	49.1 MB	118.3 MB	402.4 MB	429.5 MB
1041	1a/eb90d8	59683693_91	NFCORE_MAG:MAG:ASSEMBLY:GUNZIP_SHORTREAD_ASSEMBLIES (MEGAHIT-strain_sample_90)	CACHED	0	2026-09-13 12:23:04.761	59.4s	326ms	86.7%	5.4 MB	8.1 MB	15.4 MB	52.2 MB
1038	75/0ca38f	59679641_0	NFCORE_MAG:MAG:BINNING_PREPARATION:SHORTREAD_BINNING_PREPARATION:BOWTIE2_ASSEMBLY_BUILD (MEGAHIT-strain_sample_92)	CACHED	0	2026-09-13 11:36:04.243	1m 25s	27s	86.3%	353.1 MB	500.7 MB	231.8 MB	92.9 MB
1039	5e/91f75f	59679991_10	NFCORE_MAG:MAG:PRODIGAL (MEGAHIT-strain_sample_91)	CACHED	0	2026-09-13 11:41:23.668	3m 10s	2m 27s	92.0%	49.7 MB	118.3 MB	384.6 MB	410.1 MB
1029	68/5d0402	59648483_8	NFCORE_MAG:MAG:ASSEMBLY:SHORTREAD_ASSEMBLY:MEGAHIT (strain_sample_94)	CACHED	0	2026-09-13 04:38:29.090	28m 54s	27m 20s	752.0%	1.9 GB	3.1 GB	20.6 GB	9.3 GB
1044	3d/83f448	59681903_1	NFCORE_MAG:MAG:BINNING_PREPARATION:SHORTREAD_BINNING_PREPARATION:BOWTIE2_ASSEMBLY_ALIGN (MEGAHIT-strain_sample_92-strain_sample_92)	CACHED	0	2026-09-13 12:04:04.771	6m 29s	5m 43s	762.5%	5.2 GB	8 GB	11.2 GB	9.4 GB
1046	30/6d340f	59656633_9	NFCORE_MAG:MAG:ASSEMBLY:GUNZIP_SHORTREAD_ASSEMBLIES (MEGAHIT-strain_sample_94)	CACHED	0	2026-09-13 06:51:29.072	54.4s	376ms	85.5%	5.3 MB	8.1 MB	16.2 MB	54.8 MB
1023	4a/e4f695	59648483_9	NFCORE_MAG:MAG:ASSEMBLY:SHORTREAD_ASSEMBLY:MEGAHIT (strain_sample_93)	CACHED	0	2026-09-13 04:38:29.090	36m 24s	35m 8s	658.7%	2 GB	3.1 GB	20.8 GB	9.4 GB
1049	34/29992d	59679991_11	NFCORE_MAG:MAG:PRODIGAL (MEGAHIT-strain_sample_94)	CACHED	0	2026-09-13 11:41:23.668	3m 10s	2m 30s	91.8%	48.8 MB	118.3 MB	378.7 MB	403.7 MB
1040	93/da25da	59679641_1	NFCORE_MAG:MAG:BINNING_PREPARATION:SHORTREAD_BINNING_PREPARATION:BOWTIE2_ASSEMBLY_BUILD (MEGAHIT-strain_sample_91)	CACHED	0	2026-09-13 11:36:04.243	1m 55s	30s	83.0%	340.1 MB	489.4 MB	222.8 MB	89.5 MB
1048	24/d96a4b	59679641_7	NFCORE_MAG:MAG:BINNING_PREPARATION:SHORTREAD_BINNING_PREPARATION:BOWTIE2_ASSEMBLY_BUILD (MEGAHIT-strain_sample_94)	CACHED	0	2026-09-13 11:36:04.243	1m 25s	27s	85.4%	340.5 MB	487.3 MB	220.6 MB	88.5 MB
1052	53/374a1f	59656633_15	NFCORE_MAG:MAG:ASSEMBLY:GUNZIP_SHORTREAD_ASSEMBLIES (MEGAHIT-strain_sample_93)	CACHED	0	2026-09-13 06:51:29.072	54.4s	309ms	85.3%	5.4 MB	8.1 MB	17.3 MB	58.5 MB
1036	4b/03ae39	59681903_0	NFCORE_MAG:MAG:BINNING_PREPARATION:SHORTREAD_BINNING_PREPARATION:BOWTIE2_ASSEMBLY_ALIGN (MEGAHIT-strain_sample_89-strain_sample_89)	CACHED	0	2026-09-13 12:04:04.771	6m 29s	5m 19s	752.9%	5.2 GB	8 GB	11.1 GB	9.4 GB
1042	6b/3019d2	59648483_13	NFCORE_MAG:MAG:ASSEMBLY:SHORTREAD_ASSEMBLY:MEGAHIT (strain_sample_97)	CACHED	0	2026-09-13 04:38:29.090	39m 54s	38m 37s	642.3%	1.8 GB	3 GB	19.9 GB	8.8 GB
1056	9d/96b1ea	59681903_3	NFCORE_MAG:MAG:BINNING_PREPARATION:SHORTREAD_BINNING_PREPARATION:BOWTIE2_ASSEMBLY_ALIGN (MEGAHIT-strain_sample_94-strain_sample_94)	CACHED	0	2026-09-13 12:04:04.771	7m 29s	6m 29s	751.8%	5.2 GB	7.9 GB	11.2 GB	9.4 GB
1060	c9/bbb085	59683903_4	NFCORE_MAG:MAG:BINNING:METABAT2_JGISUMMARIZEBAMCONTIGDEPTHS_SHORTREAD (MEGAHIT-strain_sample_89)	CACHED	0	2026-09-13 12:24:34.896	58.8s	13s	100.1%	18.2 MB	48.8 MB	1.8 GB	2.2 MB
1033	11/5e0e01	59648483_11	NFCORE_MAG:MAG:ASSEMBLY:SHORTREAD_ASSEMBLY:MEGAHIT (strain_sample_95)	CACHED	0	2026-09-13 04:38:29.090	34m 24s	33m 17s	747.6%	2 GB	3.2 GB	20.9 GB	9.5 GB
1047	28/4493c8	59648483_10	NFCORE_MAG:MAG:ASSEMBLY:SHORTREAD_ASSEMBLY:MEGAHIT (strain_sample_98)	CACHED	0	2026-09-13 04:38:29.090	41m 54s	40m 37s	718.8%	2 GB	3.3 GB	21.7 GB	10.1 GB
1054	39/486d94	59683903_6	NFCORE_MAG:MAG:BINNING:METABAT2_JGISUMMARIZEBAMCONTIGDEPTHS_SHORTREAD (MEGAHIT-strain_sample_92)	CACHED	0	2026-09-13 12:24:34.896	58.8s	14s	97.0%	19.1 MB	49.8 MB	1.8 GB	2.8 MB
1058	ca/66b2ba	59679991_12	NFCORE_MAG:MAG:PRODIGAL (MEGAHIT-strain_sample_93)	CACHED	0	2026-09-13 11:41:23.668	3m 40s	2m 38s	93.6%	49.5 MB	118.3 MB	405.9 MB	433.2 MB
1067	41/d430d7	59656633_11	NFCORE_MAG:MAG:ASSEMBLY:GUNZIP_SHORTREAD_ASSEMBLIES (MEGAHIT-strain_sample_95)	CACHED	0	2026-09-13 06:51:29.072	54.4s	457ms	68.7%	4.9 MB	8 MB	16.9 MB	57.1 MB
1065	86/e3734e	59683903_9	NFCORE_MAG:MAG:BINNING:METABAT2_JGISUMMARIZEBAMCONTIGDEPTHS_SHORTREAD (MEGAHIT-strain_sample_94)	CACHED	0	2026-09-13 12:24:34.896	58.8s	14s	98.7%	18.5 MB	49.1 MB	1.8 GB	2.3 MB
1055	26/dd8510	59681903_2	NFCORE_MAG:MAG:BINNING_PREPARATION:SHORTREAD_BINNING_PREPARATION:BOWTIE2_ASSEMBLY_ALIGN (MEGAHIT-strain_sample_91-strain_sample_91)	CACHED	0	2026-09-13 12:04:04.771	6m 59s	6m 4s	748.7%	5.2 GB	7.9 GB	11.1 GB	9.4 GB
1070	8c/4b8674	59656633_18	NFCORE_MAG:MAG:ASSEMBLY:GUNZIP_SHORTREAD_ASSEMBLIES (MEGAHIT-strain_sample_98)	CACHED	0	2026-09-13 06:51:29.072	54.4s	437ms	87.7%	5.2 MB	8.1 MB	20.5 MB	69.2 MB
1062	b1/0cf4b7	59656633_16	NFCORE_MAG:MAG:ASSEMBLY:GUNZIP_SHORTREAD_ASSEMBLIES (MEGAHIT-strain_sample_97)	CACHED	0	2026-09-13 06:51:29.072	54.4s	335ms	81.8%	5.3 MB	8.1 MB	14.1 MB	47.7 MB
1035	58/f32ee7	59648483_12	NFCORE_MAG:MAG:ASSEMBLY:SHORTREAD_ASSEMBLY:MEGAHIT (strain_sample_96)	CACHED	0	2026-09-13 04:38:29.090	34m 54s	33m 23s	750.9%	2 GB	3.1 GB	20.4 GB	9.1 GB
1057	f8/906a31	59679641_3	NFCORE_MAG:MAG:BINNING_PREPARATION:SHORTREAD_BINNING_PREPARATION:BOWTIE2_ASSEMBLY_BUILD (MEGAHIT-strain_sample_93)	CACHED	0	2026-09-13 11:36:04.243	1m 25s	26s	86.5%	360.3 MB	507.3 MB	235.6 MB	93.9 MB
1051	e4/4fd6d5	59758689_2	NFCORE_MAG:MAG:BINNING:SEMIBIN_SINGLEEASYBIN (MEGAHIT-strain_sample_92)	CACHED	0	2026-09-13 23:39:54.505	1m 27s	1m 12s	168.0%	3.9 GB	21.9 GB	5.3 GB	484 MB
1084	06/a6e880	59656633_12	NFCORE_MAG:MAG:ASSEMBLY:GUNZIP_SHORTREAD_ASSEMBLIES (MEGAHIT-strain_sample_96)	CACHED	0	2026-09-13 06:51:29.072	54.4s	340ms	83.2%	4.9 MB	8 MB	15 MB	50.8 MB
1066	e1/387c4d	59758689_5	NFCORE_MAG:MAG:BINNING:SEMIBIN_SINGLEEASYBIN (MEGAHIT-strain_sample_94)	CACHED	0	2026-09-13 23:39:54.505	1m 57s	1m 21s	160.6%	794 MB	3.8 GB	5.5 GB	485.7 MB
1061	5a/7d5d70	59758689_1	NFCORE_MAG:MAG:BINNING:SEMIBIN_SINGLEEASYBIN (MEGAHIT-strain_sample_89)	CACHED	0	2026-09-13 23:39:54.505	1m 57s	1m 38s	135.5%	3.3 GB	21.3 GB	4.7 GB	442.4 MB
1075	c5/a4e13e	59683903_7	NFCORE_MAG:MAG:BINNING:METABAT2_JGISUMMARIZEBAMCONTIGDEPTHS_SHORTREAD (MEGAHIT-strain_sample_91)	CACHED	0	2026-09-13 12:24:34.896	58.8s	14s	97.8%	18.9 MB	49.5 MB	1.8 GB	2.6 MB
1050	6f/06ba86	59685639_6	NFCORE_MAG:MAG:BINNING:COMEBIN_RUNCOMEBIN (MEGAHIT-strain_sample_92)	CACHED	0	2026-09-13 12:43:34.721	1h 45m 59s	1h 42m 36s	1065.3%	14.7 GB	96 GB	37.8 GB	4.9 GB
1078	26/a3df75	59679641_5	NFCORE_MAG:MAG:BINNING_PREPARATION:SHORTREAD_BINNING_PREPARATION:BOWTIE2_ASSEMBLY_BUILD (MEGAHIT-strain_sample_98)	CACHED	0	2026-09-13 11:36:04.243	1m 55s	30s	87.6%	417.9 MB	552.1 MB	278.2 MB	110.3 MB
1076	03/9906bf	59758689_0	NFCORE_MAG:MAG:BINNING:SEMIBIN_SINGLEEASYBIN (MEGAHIT-strain_sample_91)	CACHED	0	2026-09-13 23:39:54.505	1m 27s	1m 12s	164.6%	3.1 GB	21.1 GB	5.4 GB	471.1 MB
1080	44/5602cd	59679991_16	NFCORE_MAG:MAG:PRODIGAL (MEGAHIT-strain_sample_98)	CACHED	0	2026-09-13 11:41:23.668	4m 10s	3m 23s	91.7%	49.6 MB	118.3 MB	490.5 MB	524.7 MB
1063	34/8722b2	59648483_24	NFCORE_MAG:MAG:ASSEMBLY:SHORTREAD_ASSEMBLY:MEGAHIT (toy_hmp_airskinurogenital_sample_0)	CACHED	0	2026-09-13 04:38:29.090	1h 23m 25s	1h 18m 53s	622.9%	4.9 GB	7.4 GB	49.8 GB	21.9 GB
1068	7c/d89b87	59757941_3	NFCORE_MAG:MAG:BINNING:METABAT2_METABAT2 (MEGAHIT-strain_sample_89)	CACHED	0	2026-09-13 23:29:34.617	59.5s	3s	508.8%	243.2 MB	804.8 MB	100.2 MB	62.7 MB
1059	f2/c5629a	59685639_4	NFCORE_MAG:MAG:BINNING:COMEBIN_RUNCOMEBIN (MEGAHIT-strain_sample_89)	CACHED	0	2026-09-13 12:43:34.721	1h 30m 29s	1h 27m 46s	1065.5%	14.4 GB	95.5 GB	32.7 GB	4.2 GB
1073	7f/7f4cb9	59679641_6	NFCORE_MAG:MAG:BINNING_PREPARATION:SHORTREAD_BINNING_PREPARATION:BOWTIE2_ASSEMBLY_BUILD (MEGAHIT-strain_sample_95)	CACHED	0	2026-09-13 11:36:04.243	1m 25s	28s	85.8%	350.5 MB	498 MB	229.6 MB	92.1 MB
1072	ad/6332ca	59757941_5	NFCORE_MAG:MAG:BINNING:METABAT2_METABAT2 (MEGAHIT-strain_sample_92)	CACHED	0	2026-09-13 23:29:34.617	59.6s	3s	549.8%	369.1 MB	960.7 MB	121.8 MB	76.3 MB
1079	b8/4dd2bf	59679991_15	NFCORE_MAG:MAG:PRODIGAL (MEGAHIT-strain_sample_95)	CACHED	0	2026-09-13 11:41:23.668	3m 40s	2m 45s	91.7%	49.5 MB	118.3 MB	397.4 MB	424 MB
1069	dd/53e57b	59648483_22	NFCORE_MAG:MAG:ASSEMBLY:SHORTREAD_ASSEMBLY:MEGAHIT (toy_hmp_airskinurogenital_sample_2)	CACHED	0	2026-09-13 04:38:29.090	52m 54s	48m 1s	684.4%	4.8 GB	7.4 GB	47.1 GB	20.3 GB
1053	25/b310f7	59648483_16	NFCORE_MAG:MAG:ASSEMBLY:SHORTREAD_ASSEMBLY:MEGAHIT (strain_sample_99)	CACHED	0	2026-09-13 04:38:29.090	25m 54s	21m 8s	752.9%	1.9 GB	3.1 GB	19.4 GB	8.5 GB
1086	8a/f34895	59679991_13	NFCORE_MAG:MAG:PRODIGAL (MEGAHIT-strain_sample_96)	CACHED	0	2026-09-13 11:41:23.668	3m 10s	2m 15s	93.3%	48.9 MB	118.3 MB	354.9 MB	378.5 MB
1083	c3/f356cb	59679991_14	NFCORE_MAG:MAG:PRODIGAL (MEGAHIT-strain_sample_97)	CACHED	0	2026-09-13 11:41:23.668	3m 10s	2m 17s	91.4%	50.3 MB	118.4 MB	324.6 MB	344.5 MB
1089	29/b7d275	59681903_4	NFCORE_MAG:MAG:BINNING_PREPARATION:SHORTREAD_BINNING_PREPARATION:BOWTIE2_ASSEMBLY_ALIGN (MEGAHIT-strain_sample_93-strain_sample_93)	CACHED	0	2026-09-13 12:04:04.771	5m 59s	5m	760.0%	5.3 GB	7.9 GB	11.1 GB	9.4 GB
1074	53/9b8b79	59757941_8	NFCORE_MAG:MAG:BINNING:METABAT2_METABAT2 (MEGAHIT-strain_sample_94)	CACHED	0	2026-09-13 23:29:34.617	59.6s	4s	386.6%	310.8 MB	328.8 MB	115.4 MB	72.4 MB
1085	6f/e28071	59679641_4	NFCORE_MAG:MAG:BINNING_PREPARATION:SHORTREAD_BINNING_PREPARATION:BOWTIE2_ASSEMBLY_BUILD (MEGAHIT-strain_sample_96)	CACHED	0	2026-09-13 11:36:04.243	1m 25s	24s	85.0%	318.1 MB	465.7 MB	204.8 MB	82.8 MB
1077	99/cb0595	59685639_8	NFCORE_MAG:MAG:BINNING:COMEBIN_RUNCOMEBIN (MEGAHIT-strain_sample_91)	CACHED	0	2026-09-13 12:43:34.721	1h 8m 59s	1h 5m 20s	1039.1%	14.5 GB	95.1 GB	35.2 GB	4 GB
1091	7c/93a818	59681903_8	NFCORE_MAG:MAG:BINNING_PREPARATION:SHORTREAD_BINNING_PREPARATION:BOWTIE2_ASSEMBLY_ALIGN (MEGAHIT-strain_sample_98-strain_sample_98)	CACHED	0	2026-09-13 12:04:04.771	6m 59s	5m 51s	751.5%	5.2 GB	7.9 GB	11.2 GB	9.4 GB
1087	f0/d4057a	59757941_4	NFCORE_MAG:MAG:BINNING:METABAT2_METABAT2 (MEGAHIT-strain_sample_91)	CACHED	0	2026-09-13 23:29:34.617	29.6s	2s	449.5%	177.3 MB	574.6 MB	116.9 MB	73.1 MB
1064	f5/8f865b	59685639_9	NFCORE_MAG:MAG:BINNING:COMEBIN_RUNCOMEBIN (MEGAHIT-strain_sample_94)	CACHED	0	2026-09-13 12:43:34.721	1h 26m 29s	1h 22m 53s	1053.3%	14.5 GB	95.6 GB	36.8 GB	4.4 GB
1096	86/96df1b	59656633_74	NFCORE_MAG:MAG:ASSEMBLY:GUNZIP_SHORTREAD_ASSEMBLIES (MEGAHIT-toy_hmp_airskinurogenital_sample_0)	CACHED	0	2026-09-13 06:51:29.072	54.6s	536ms	90.2%	5.4 MB	8.1 MB	28 MB	96.2 MB
1094	bd/b8c727	59683903_2	NFCORE_MAG:MAG:BINNING:METABAT2_JGISUMMARIZEBAMCONTIGDEPTHS_SHORTREAD (MEGAHIT-strain_sample_93)	CACHED	0	2026-09-13 12:24:34.896	58.8s	14s	99.6%	18.6 MB	49.4 MB	1.8 GB	2.5 MB
1082	46/68c875	59679641_8	NFCORE_MAG:MAG:BINNING_PREPARATION:SHORTREAD_BINNING_PREPARATION:BOWTIE2_ASSEMBLY_BUILD (MEGAHIT-strain_sample_97)	CACHED	0	2026-09-13 11:36:04.243	1m 25s	18s	86.4%	299.4 MB	449.4 MB	192.1 MB	78.1 MB
1071	38/95ac30	59648483_27	NFCORE_MAG:MAG:ASSEMBLY:SHORTREAD_ASSEMBLY:MEGAHIT (toy_hmp_airskinurogenital_sample_1)	CACHED	0	2026-09-13 04:38:29.090	1h 11m 54s	1h 7m 21s	687.8%	4.3 GB	4.8 GB	51.1 GB	23 GB
1088	e7/c508e9	59758580_6	NFCORE_MAG:MAG:BINNING:SEQKIT_STATS (MEGAHIT-COMEBin-strain_sample_92)	CACHED	0	2026-09-13 23:39:13.560	38.1s	1s	52.4%	3.1 MB	4.3 MB	9.8 MB	2.3 KB
1097	40/8692fd	59656633_21	NFCORE_MAG:MAG:ASSEMBLY:GUNZIP_SHORTREAD_ASSEMBLIES (MEGAHIT-toy_hmp_airskinurogenital_sample_2)	CACHED	0	2026-09-13 06:51:29.072	54.4s	534ms	87.8%	5.4 MB	8.1 MB	21.9 MB	74.7 MB
1081	81/b56a9b	59648483_20	NFCORE_MAG:MAG:ASSEMBLY:SHORTREAD_ASSEMBLY:MEGAHIT (toy_hmp_airskinurogenital_sample_4)	CACHED	0	2026-09-13 04:38:29.090	1h 9m 24s	1h 4m 23s	684.8%	5.9 GB	8.9 GB	56.8 GB	26.7 GB
1090	01/17dd6d	59648483_25	NFCORE_MAG:MAG:ASSEMBLY:SHORTREAD_ASSEMBLY:MEGAHIT (toy_hmp_airskinurogenital_sample_3)	CACHED	0	2026-09-13 04:38:29.090	51m 24s	46m 43s	738.4%	3.9 GB	4.2 GB	47.8 GB	20.7 GB
1098	7f/f39990	59656633_8	NFCORE_MAG:MAG:ASSEMBLY:GUNZIP_SHORTREAD_ASSEMBLIES (MEGAHIT-strain_sample_99)	CACHED	0	2026-09-13 06:51:29.072	54.4s	263ms	70.1%	5.1 MB	8 MB	11 MB	37.1 MB
1110	53/07e8d8	59656633_46	NFCORE_MAG:MAG:ASSEMBLY:GUNZIP_SHORTREAD_ASSEMBLIES (MEGAHIT-toy_hmp_airskinurogenital_sample_1)	CACHED	0	2026-09-13 06:51:29.072	54.5s	799ms	94.1%	5.4 MB	8.1 MB	37.7 MB	128.8 MB
1099	22/702c04	59685639_2	NFCORE_MAG:MAG:BINNING:COMEBIN_RUNCOMEBIN (MEGAHIT-strain_sample_93)	CACHED	0	2026-09-13 12:43:34.721	1h 47m 29s	1h 45m 54s	1073.7%	14.5 GB	95.4 GB	39.8 GB	4.6 GB
1115	0e/8a55b5	59758580_12	NFCORE_MAG:MAG:BINNING:SEQKIT_STATS (MEGAHIT-COMEBin-strain_sample_94)	CACHED	0	2026-09-13 23:39:13.560	38.1s	0ms	58.2%	19.5 MB	1.2 GB	10 MB	3.2 KB
1101	72/632ef9	59758580_2	NFCORE_MAG:MAG:BINNING:SEQKIT_STATS (MEGAHIT-COMEBin-strain_sample_91)	CACHED	0	2026-09-13 23:39:13.560	38s	1s	57.3%	3.3 MB	4.3 MB	9.2 MB	3.7 KB
1104	9d/76ad62	59679641_9	NFCORE_MAG:MAG:BINNING_PREPARATION:SHORTREAD_BINNING_PREPARATION:BOWTIE2_ASSEMBLY_BUILD (MEGAHIT-toy_hmp_airskinurogenital_sample_0)	CACHED	0	2026-09-13 11:36:04.243	1m 55s	48s	86.7%	557.8 MB	694.6 MB	386.1 MB	147.9 MB
1093	c6/a54083	59758580_3	NFCORE_MAG:MAG:BINNING:SEQKIT_STATS (MEGAHIT-COMEBin-strain_sample_89)	CACHED	0	2026-09-13 23:39:13.560	38s	1s	54.9%	19.6 MB	1.2 GB	8.3 MB	3.3 KB
1112	32/af34d1	59679641_12	NFCORE_MAG:MAG:BINNING_PREPARATION:SHORTREAD_BINNING_PREPARATION:BOWTIE2_ASSEMBLY_BUILD (MEGAHIT-toy_hmp_airskinurogenital_sample_2)	CACHED	0	2026-09-13 11:36:04.243	1m 55s	35s	86.4%	448.7 MB	582.3 MB	300.1 MB	116 MB
1113	20/fa4dea	59679991_19	NFCORE_MAG:MAG:PRODIGAL (MEGAHIT-toy_hmp_airskinurogenital_sample_2)	CACHED	0	2026-09-13 11:41:23.668	4m 40s	3m 38s	92.7%	118.3 MB	12.5 GB	508.9 MB	543.2 MB
1103	63/215feb	59679991_17	NFCORE_MAG:MAG:PRODIGAL (MEGAHIT-toy_hmp_airskinurogenital_sample_0)	CACHED	0	2026-09-13 11:41:23.668	6m 10s	5m 31s	92.9%	121.1 MB	12.6 GB	728.2 MB	790.3 MB
1107	60/2d0f37	59683903_8	NFCORE_MAG:MAG:BINNING:METABAT2_JGISUMMARIZEBAMCONTIGDEPTHS_SHORTREAD (MEGAHIT-strain_sample_98)	CACHED	0	2026-09-13 12:24:34.896	58.8s	15s	98.4%	20.4 MB	51.2 MB	1.8 GB	3.6 MB
1117	e9/e13f22	59656633_41	NFCORE_MAG:MAG:ASSEMBLY:GUNZIP_SHORTREAD_ASSEMBLIES (MEGAHIT-toy_hmp_airskinurogenital_sample_4)	CACHED	0	2026-09-13 06:51:29.072	54.5s	1.7s	80.9%	5.2 MB	8.1 MB	51.9 MB	176.7 MB
1108	2d/d4d17d	59648483_33	NFCORE_MAG:MAG:ASSEMBLY:SHORTREAD_ASSEMBLY:MEGAHIT (toy_hmp_airskinurogenital_sample_6)	CACHED	0	2026-09-13 04:38:29.090	43m 54s	35m 41s	724.4%	5.2 GB	7.4 GB	44.4 GB	18.6 GB
1109	30/8bdc30	59757941_11	NFCORE_MAG:MAG:BINNING:METABAT2_METABAT2 (MEGAHIT-strain_sample_93)	CACHED	0	2026-09-13 23:29:34.617	59.6s	3s	550.7%	274.7 MB	805.2 MB	123.2 MB	77.3 MB
1116	13/eaf2ff	59758580_1	NFCORE_MAG:MAG:BINNING:SEQKIT_STATS (MEGAHIT-MetaBAT2-strain_sample_91)	CACHED	0	2026-09-13 23:39:13.560	38s	1s	72.0%	22.5 MB	1.2 GB	6.3 MB	2 KB
1114	4c/a79c1c	59758580_0	NFCORE_MAG:MAG:BINNING:SEQKIT_STATS (MEGAHIT-MetaBAT2-strain_sample_89)	CACHED	0	2026-09-13 23:39:13.560	38s	1s	66.5%	22.1 MB	1.2 GB	5.6 MB	2.4 KB
1130	59/8df793	59681903_9	NFCORE_MAG:MAG:BINNING_PREPARATION:SHORTREAD_BINNING_PREPARATION:BOWTIE2_ASSEMBLY_ALIGN (MEGAHIT-toy_hmp_airskinurogenital_sample_0-toy_hmp_airskinurogenital_sample_0)	CACHED	0	2026-09-13 12:04:04.771	12m 59s	11m 57s	746.6%	6.9 GB	9.2 GB	30 GB	25.7 GB
1128	21/0a1904	59758580_4	NFCORE_MAG:MAG:BINNING:SEQKIT_STATS (MEGAHIT-MetaBAT2-strain_sample_92)	CACHED	0	2026-09-13 23:39:13.560	38s	1s	72.6%	3.3 MB	4.3 MB	6.8 MB	2 KB
1127	01/9a324d	59758580_10	NFCORE_MAG:MAG:BINNING:SEQKIT_STATS (MEGAHIT-MetaBAT2-strain_sample_94)	CACHED	0	2026-09-13 23:39:13.560	38.1s	0ms	74.7%	21.8 MB	1.2 GB	7.2 MB	2.1 KB
1092	82/4ee6a5	59648483_26	NFCORE_MAG:MAG:ASSEMBLY:SHORTREAD_ASSEMBLY:MEGAHIT (toy_hmp_airskinurogenital_sample_5)	CACHED	0	2026-09-13 04:38:29.090	58m 24s	53m 30s	675.2%	3.9 GB	4.2 GB	47 GB	20.3 GB
1132	05/1c2a5d	59656633_19	NFCORE_MAG:MAG:ASSEMBLY:GUNZIP_SHORTREAD_ASSEMBLIES (MEGAHIT-toy_hmp_airskinurogenital_sample_6)	CACHED	0	2026-09-13 06:51:29.072	54.4s	264ms	76.7%	5.4 MB	8.1 MB	10.5 MB	35.8 MB
1121	36/ec6675	59681903_6	NFCORE_MAG:MAG:BINNING_PREPARATION:SHORTREAD_BINNING_PREPARATION:BOWTIE2_ASSEMBLY_ALIGN (MEGAHIT-strain_sample_97-strain_sample_97)	CACHED	0	2026-09-13 12:04:04.771	5m 59s	4m 53s	752.6%	5.3 GB	7.9 GB	11.1 GB	9.4 GB
1126	45/6badf5	59679641_10	NFCORE_MAG:MAG:BINNING_PREPARATION:SHORTREAD_BINNING_PREPARATION:BOWTIE2_ASSEMBLY_BUILD (MEGAHIT-strain_sample_99)	CACHED	0	2026-09-13 11:36:04.243	1m 25s	15s	84.6%	240.9 MB	390.8 MB	149.6 MB	62.1 MB
1111	58/7d63b9	59685639_7	NFCORE_MAG:MAG:BINNING:COMEBIN_RUNCOMEBIN (MEGAHIT-strain_sample_98)	CACHED	0	2026-09-13 12:43:34.721	1h 54m 29s	1h 50m 55s	1049.5%	14.8 GB	96.8 GB	41.9 GB	5.9 GB
1125	9d/5e6ce4	59759186_5	NFCORE_MAG:MAG:BIN_QC:CHECKM2_PREDICT (MEGAHIT-COMEBin-unclassified-strain_sample_92)	CACHED	0	2026-09-13 23:48:55.625	1m 56s	1m 36s	375.6%	9.2 GB	49.5 GB	7 GB	718.4 MB
1123	f3/3f8101	59681903_5	NFCORE_MAG:MAG:BINNING_PREPARATION:SHORTREAD_BINNING_PREPARATION:BOWTIE2_ASSEMBLY_ALIGN (MEGAHIT-strain_sample_96-strain_sample_96)	CACHED	0	2026-09-13 12:04:04.771	5m 59s	5m 13s	762.6%	5.3 GB	7.9 GB	11.1 GB	9.4 GB
1138	b3/812f32	59758580_8	NFCORE_MAG:MAG:BINNING:SEQKIT_STATS (MEGAHIT-MetaBAT2-strain_sample_93)	CACHED	0	2026-09-13 23:39:13.560	38.1s	0ms	74.6%	22.9 MB	1.2 GB	8.1 MB	2.3 KB
1140	af/697f97	59681903_11	NFCORE_MAG:MAG:BINNING_PREPARATION:SHORTREAD_BINNING_PREPARATION:BOWTIE2_ASSEMBLY_ALIGN (MEGAHIT-toy_hmp_airskinurogenital_sample_2-toy_hmp_airskinurogenital_sample_2)	CACHED	0	2026-09-13 12:04:04.771	12m 29s	11m 18s	751.0%	6.9 GB	9.1 GB	30 GB	25.7 GB
1135	a4/a7478c	59758580_9	NFCORE_MAG:MAG:BINNING:SEQKIT_STATS (MEGAHIT-COMEBin-strain_sample_93)	CACHED	0	2026-09-13 23:39:13.560	38.1s	0ms	50.4%	19.7 MB	1.2 GB	10.5 MB	3.4 KB
1122	fc/1e2ff5	59648483_30	NFCORE_MAG:MAG:ASSEMBLY:SHORTREAD_ASSEMBLY:MEGAHIT (toy_hmp_airskinurogenital_sample_7)	CACHED	0	2026-09-13 04:38:29.090	1h 5m 24s	57m 9s	694.7%	5.4 GB	8.3 GB	51.2 GB	23 GB
1120	57/ef1a31	59681903_7	NFCORE_MAG:MAG:BINNING_PREPARATION:SHORTREAD_BINNING_PREPARATION:BOWTIE2_ASSEMBLY_ALIGN (MEGAHIT-strain_sample_95-strain_sample_95)	CACHED	0	2026-09-13 12:04:04.771	6m 29s	5m 36s	756.8%	5.2 GB	7.9 GB	11.1 GB	9.4 GB
1137	1e/a05954	59679641_11	NFCORE_MAG:MAG:BINNING_PREPARATION:SHORTREAD_BINNING_PREPARATION:BOWTIE2_ASSEMBLY_BUILD (MEGAHIT-toy_hmp_airskinurogenital_sample_1)	CACHED	0	2026-09-13 11:36:04.243	2m 25s	1m 4s	88.5%	743.5 MB	863.5 MB	516.6 MB	198.4 MB
1136	15/4bc884	59679991_23	NFCORE_MAG:MAG:PRODIGAL (MEGAHIT-toy_hmp_airskinurogenital_sample_1)	CACHED	0	2026-09-13 11:41:23.668	5m 40s	4m 49s	92.2%	122 MB	12.6 GB	905.8 MB	967.4 MB
1118	e2/e1d43f	59656633_20	NFCORE_MAG:MAG:ASSEMBLY:GUNZIP_SHORTREAD_ASSEMBLIES (MEGAHIT-toy_hmp_airskinurogenital_sample_3)	CACHED	0	2026-09-13 06:51:29.072	54.4s	624ms	90.3%	4.9 MB	8 MB	29.8 MB	101.4 MB
1142	ae/f5ead6	59683903_33	NFCORE_MAG:MAG:BINNING:METABAT2_JGISUMMARIZEBAMCONTIGDEPTHS_SHORTREAD (MEGAHIT-toy_hmp_airskinurogenital_sample_0)	CACHED	0	2026-09-13 12:24:34.897	1m 29s	32s	99.8%	19.8 MB	50.4 MB	4.3 GB	3.1 MB
1141	c0/509e58	59758689_10	NFCORE_MAG:MAG:BINNING:SEMIBIN_SINGLEEASYBIN (MEGAHIT-strain_sample_98)	CACHED	0	2026-09-13 23:39:54.505	1m 27s	1m 12s	170.8%	4.7 GB	22.7 GB	5.7 GB	518.3 MB
1145	a2/e79746	59759651_98	NFCORE_MAG:MAG:BINNING:SEQKIT_STATS (MEGAHIT-SemiBin2-strain_sample_91)	CACHED	0	2026-09-13 23:54:24.479	27.6s	0ms	55.1%	25 MB	1.2 GB	7 MB	3.4 KB
1159	a6/516307	59683903_22	NFCORE_MAG:MAG:BINNING:METABAT2_JGISUMMARIZEBAMCONTIGDEPTHS_SHORTREAD (MEGAHIT-toy_hmp_airskinurogenital_sample_2)	CACHED	0	2026-09-13 12:24:34.897	1m 29s	31s	98.1%	17.5 MB	48.2 MB	4.3 GB	1.8 MB
1152	49/697477	59685639_1	NFCORE_MAG:MAG:BINNING:COMEBIN_RUNCOMEBIN (MEGAHIT-strain_sample_97)	CACHED	0	2026-09-13 12:43:34.721	1h 51m 29s	1h 50m 58s	1070.9%	14.4 GB	95.2 GB	33.3 GB	4 GB
1146	85/76375b	59656633_26	NFCORE_MAG:MAG:ASSEMBLY:GUNZIP_SHORTREAD_ASSEMBLIES (MEGAHIT-toy_hmp_airskinurogenital_sample_5)	CACHED	0	2026-09-13 06:51:29.072	54.4s	654ms	87.1%	5.2 MB	8.1 MB	23.9 MB	81.9 MB
1165	e5/ff92ae	59759186_1	NFCORE_MAG:MAG:BIN_QC:CHECKM2_PREDICT (MEGAHIT-MetaBAT2-unclassified-strain_sample_91)	CACHED	0	2026-09-13 23:48:55.625	2m 26s	1m 53s	331.9%	9.8 GB	48.9 GB	6.8 GB	593.8 MB
1119	7c/98721a	59648483_28	NFCORE_MAG:MAG:ASSEMBLY:SHORTREAD_ASSEMBLY:MEGAHIT (toy_hmp_airskinurogenital_sample_8)	CACHED	0	2026-09-13 04:38:29.090	1h 6m 24s	58m 19s	681.7%	4.9 GB	7.5 GB	48.9 GB	21.4 GB
1129	cb/b8d747	59648483_23	NFCORE_MAG:MAG:ASSEMBLY:SHORTREAD_ASSEMBLY:MEGAHIT (toy_hmp_airskinurogenital_sample_11)	CACHED	0	2026-09-13 04:38:29.090	1h 8m 54s	1h 4m 17s	724.3%	5.2 GB	8 GB	51.9 GB	23.5 GB
1124	80/6daa25	59679991_18	NFCORE_MAG:MAG:PRODIGAL (MEGAHIT-strain_sample_99)	CACHED	0	2026-09-13 11:41:23.668	2m 40s	1m 50s	91.5%	49.7 MB	118.4 MB	246.7 MB	260.9 MB
1163	a8/4a430d	59656633_33	NFCORE_MAG:MAG:ASSEMBLY:GUNZIP_SHORTREAD_ASSEMBLIES (MEGAHIT-toy_hmp_airskinurogenital_sample_7)	CACHED	0	2026-09-13 06:51:29.072	54.5s	906ms	83.6%	5.3 MB	8.1 MB	33 MB	112.3 MB
1143	56/bb7cc2	59685639_32	NFCORE_MAG:MAG:BINNING:COMEBIN_RUNCOMEBIN (MEGAHIT-toy_hmp_airskinurogenital_sample_0)	CACHED	0	2026-09-13 12:43:34.721	3h 12m 29s	2h 42m 54s	1080.1%	14.7 GB	97 GB	74 GB	7.6 GB
1133	53/7b14e1	59648483_17	NFCORE_MAG:MAG:ASSEMBLY:SHORTREAD_ASSEMBLY:MEGAHIT (toy_hmp_airskinurogenital_sample_9)	CACHED	0	2026-09-13 04:38:29.090	1h 1m 24s	56m 46s	749.4%	5.3 GB	8.1 GB	50.8 GB	22.7 GB
1150	a0/8d8298	59679991_24	NFCORE_MAG:MAG:PRODIGAL (MEGAHIT-toy_hmp_airskinurogenital_sample_6)	CACHED	0	2026-09-13 11:41:23.668	3m 40s	2m 36s	91.5%	57.6 MB	247.3 MB	241.8 MB	257.5 MB
1156	e6/2b94cf	59683903_3	NFCORE_MAG:MAG:BINNING:METABAT2_JGISUMMARIZEBAMCONTIGDEPTHS_SHORTREAD (MEGAHIT-strain_sample_96)	CACHED	0	2026-09-13 12:24:34.896	58.8s	15s	95.4%	18.5 MB	49.1 MB	1.8 GB	2.3 MB
1160	90/f649f6	59679641_15	NFCORE_MAG:MAG:BINNING_PREPARATION:SHORTREAD_BINNING_PREPARATION:BOWTIE2_ASSEMBLY_BUILD (MEGAHIT-toy_hmp_airskinurogenital_sample_4)	CACHED	0	2026-09-13 11:36:04.243	2m 25s	1m 28s	89.6%	974.7 MB	1.1 GB	708.2 MB	270.3 MB
1166	21/d44158	59683903_5	NFCORE_MAG:MAG:BINNING:METABAT2_JGISUMMARIZEBAMCONTIGDEPTHS_SHORTREAD (MEGAHIT-strain_sample_95)	CACHED	0	2026-09-13 12:24:34.896	58.8s	15s	99.7%	19.2 MB	49.8 MB	1.8 GB	2.7 MB
1162	9d/fa7c4f	59759186_0	NFCORE_MAG:MAG:BIN_QC:CHECKM2_PREDICT (MEGAHIT-COMEBin-unclassified-strain_sample_91)	CACHED	0	2026-09-13 23:48:55.625	2m 26s	1m 54s	376.9%	9.2 GB	49.1 GB	7 GB	717.2 MB
1148	9a/36b1dc	59679641_13	NFCORE_MAG:MAG:BINNING_PREPARATION:SHORTREAD_BINNING_PREPARATION:BOWTIE2_ASSEMBLY_BUILD (MEGAHIT-toy_hmp_airskinurogenital_sample_6)	CACHED	0	2026-09-13 11:36:04.243	1m 25s	16s	84.7%	235.8 MB	385.9 MB	144.7 MB	59.4 MB
1164	3f/81382d	59759186_3	NFCORE_MAG:MAG:BIN_QC:CHECKM2_PREDICT (MEGAHIT-COMEBin-unclassified-strain_sample_89)	CACHED	0	2026-09-13 23:48:55.625	1m 56s	1m 27s	419.9%	12.7 GB	49 GB	6.9 GB	634.9 MB
1173	80/ce0fe6	59679991_20	NFCORE_MAG:MAG:PRODIGAL (MEGAHIT-toy_hmp_airskinurogenital_sample_3)	CACHED	0	2026-09-13 11:41:23.668	4m 40s	3m 56s	94.3%	122.4 MB	12.6 GB	684 MB	726.3 MB
1161	7f/b16853	59679991_22	NFCORE_MAG:MAG:PRODIGAL (MEGAHIT-toy_hmp_airskinurogenital_sample_4)	CACHED	0	2026-09-13 11:41:23.668	8m 10s	7m	91.9%	122.3 MB	12.6 GB	1.2 GB	1.3 GB
1153	8b/60271d	59683903_1	NFCORE_MAG:MAG:BINNING:METABAT2_JGISUMMARIZEBAMCONTIGDEPTHS_SHORTREAD (MEGAHIT-strain_sample_97)	CACHED	0	2026-09-13 12:24:34.896	58.8s	15s	95.9%	18 MB	48.8 MB	1.8 GB	2.1 MB
1155	8c/26e174	59685639_3	NFCORE_MAG:MAG:BINNING:COMEBIN_RUNCOMEBIN (MEGAHIT-strain_sample_96)	CACHED	0	2026-09-13 12:43:34.721	1h 46m 29s	1h 44m 56s	1082.7%	14.6 GB	95.5 GB	34.2 GB	4.2 GB
1151	24/9968fc	59681903_10	NFCORE_MAG:MAG:BINNING_PREPARATION:SHORTREAD_BINNING_PREPARATION:BOWTIE2_ASSEMBLY_ALIGN (MEGAHIT-strain_sample_99-strain_sample_99)	CACHED	0	2026-09-13 12:04:04.771	5m 29s	4m 34s	747.5%	5.3 GB	7.9 GB	11.1 GB	9.3 GB
1183	07/f919ef	59679991_21	NFCORE_MAG:MAG:PRODIGAL (MEGAHIT-toy_hmp_airskinurogenital_sample_5)	CACHED	0	2026-09-13 11:41:23.668	5m 10s	4m 26s	92.7%	122.3 MB	12.6 GB	559 MB	597 MB
1186	ce/d77c73	59656633_40	NFCORE_MAG:MAG:ASSEMBLY:GUNZIP_SHORTREAD_ASSEMBLIES (MEGAHIT-toy_hmp_airskinurogenital_sample_11)	CACHED	0	2026-09-13 06:51:29.072	54.5s	729ms	89.3%	5.1 MB	8 MB	36.9 MB	126.2 MB
1193	c2/f14489	59679991_26	NFCORE_MAG:MAG:PRODIGAL (MEGAHIT-toy_hmp_airskinurogenital_sample_7)	CACHED	0	2026-09-13 11:41:23.668	5m 40s	4m 51s	92.6%	121.2 MB	12.6 GB	803.7 MB	859.3 MB
1169	24/b0ecb7	59759186_2	NFCORE_MAG:MAG:BIN_QC:CHECKM2_PREDICT (MEGAHIT-MetaBAT2-unclassified-strain_sample_89)	CACHED	0	2026-09-13 23:48:55.625	1m 26s	1m 6s	402.4%	8.7 GB	43.7 GB	6.7 GB	511.5 MB
1171	28/30f9fd	59757941_44	NFCORE_MAG:MAG:BINNING:METABAT2_METABAT2 (MEGAHIT-toy_hmp_airskinurogenital_sample_0)	CACHED	0	2026-09-13 23:29:34.618	1m 30s	5s	582.7%	682.9 MB	989.3 MB	200.5 MB	126.3 MB
1154	4b/2d55a7	59758689_11	NFCORE_MAG:MAG:BINNING:SEMIBIN_SINGLEEASYBIN (MEGAHIT-toy_hmp_airskinurogenital_sample_0)	CACHED	0	2026-09-13 23:39:54.505	2m 57s	2m 37s	172.8%	5.4 GB	23.4 GB	15 GB	1 GB
1139	91/72dcc4	59757941_7	NFCORE_MAG:MAG:BINNING:METABAT2_METABAT2 (MEGAHIT-strain_sample_98)	CACHED	0	2026-09-13 23:29:34.617	59.6s	4s	544.7%	527.2 MB	954.1 MB	146.9 MB	91.8 MB
1178	d9/3264fe	59758689_6	NFCORE_MAG:MAG:BINNING:SEMIBIN_SINGLEEASYBIN (MEGAHIT-strain_sample_96)	CACHED	0	2026-09-13 23:39:54.505	1m 27s	1m 8s	167.2%	3.5 GB	21.5 GB	5.2 GB	457.2 MB
1170	b1/fa891c	59679641_14	NFCORE_MAG:MAG:BINNING_PREPARATION:SHORTREAD_BINNING_PREPARATION:BOWTIE2_ASSEMBLY_BUILD (MEGAHIT-toy_hmp_airskinurogenital_sample_3)	CACHED	0	2026-09-13 11:36:04.243	1m 55s	52s	87.0%	586.3 MB	725.6 MB	406.8 MB	156.5 MB
1180	c8/219503	59759186_6	NFCORE_MAG:MAG:BIN_QC:CHECKM2_PREDICT (MEGAHIT-MetaBAT2-unclassified-strain_sample_92)	CACHED	0	2026-09-13 23:48:55.625	1m 26s	1m 16s	411.0%	10.2 GB	49.3 GB	6.8 GB	590.9 MB
1187	fd/12c7d8	59757941_1	NFCORE_MAG:MAG:BINNING:METABAT2_METABAT2 (MEGAHIT-strain_sample_96)	CACHED	0	2026-09-13 23:29:34.617	59.5s	3s	466.7%	268.7 MB	829.1 MB	107.3 MB	67.2 MB
1179	55/28acd1	59679641_16	NFCORE_MAG:MAG:BINNING_PREPARATION:SHORTREAD_BINNING_PREPARATION:BOWTIE2_ASSEMBLY_BUILD (MEGAHIT-toy_hmp_airskinurogenital_sample_5)	CACHED	0	2026-09-13 11:36:04.243	1m 55s	42s	86.2%	485.8 MB	620.3 MB	328.9 MB	125.6 MB
1190	45/0a14e9	59681903_16	NFCORE_MAG:MAG:BINNING_PREPARATION:SHORTREAD_BINNING_PREPARATION:BOWTIE2_ASSEMBLY_ALIGN (MEGAHIT-toy_hmp_airskinurogenital_sample_6-toy_hmp_airskinurogenital_sample_6)	CACHED	0	2026-09-13 12:04:04.771	14m 59s	13m 46s	752.4%	6.8 GB	9 GB	29.8 GB	25.5 GB
1157	00/4dff66	59758580_19	NFCORE_MAG:MAG:BINNING:SEQKIT_STATS (MEGAHIT-COMEBin-strain_sample_98)	CACHED	0	2026-09-13 23:39:13.560	38.1s	1s	27.6%	3.2 MB	4.3 MB	10.5 MB	7.2 KB
1188	66/d51514	59681903_13	NFCORE_MAG:MAG:BINNING_PREPARATION:SHORTREAD_BINNING_PREPARATION:BOWTIE2_ASSEMBLY_ALIGN (MEGAHIT-toy_hmp_airskinurogenital_sample_4-toy_hmp_airskinurogenital_sample_4)	CACHED	0	2026-09-13 12:04:04.771	14m 29s	13m 35s	751.7%	7.1 GB	9.6 GB	30.1 GB	25.7 GB
1176	54/41ba6b	59757941_34	NFCORE_MAG:MAG:BINNING:METABAT2_METABAT2 (MEGAHIT-toy_hmp_airskinurogenital_sample_2)	CACHED	0	2026-09-13 23:29:34.618	1m 30s	5s	558.9%	633.9 MB	992.2 MB	154.6 MB	98 MB
1182	74/732500	59656633_29	NFCORE_MAG:MAG:ASSEMBLY:GUNZIP_SHORTREAD_ASSEMBLIES (MEGAHIT-toy_hmp_airskinurogenital_sample_9)	CACHED	0	2026-09-13 06:51:29.072	54.4s	572ms	83.0%	5 MB	8 MB	30.4 MB	103.5 MB
1191	26/06f910	59648483_31	NFCORE_MAG:MAG:ASSEMBLY:SHORTREAD_ASSEMBLY:MEGAHIT (toy_hmp_airskinurogenital_sample_14)	CACHED	0	2026-09-13 04:38:29.090	1h 12m 24s	1h 4m 17s	628.8%	3.9 GB	4.1 GB	46.7 GB	20 GB
1175	65/c35af7	59758689_7	NFCORE_MAG:MAG:BINNING:SEMIBIN_SINGLEEASYBIN (MEGAHIT-strain_sample_97)	CACHED	0	2026-09-13 23:39:54.505	1m 57s	1m 46s	132.6%	730 MB	3.7 GB	4.9 GB	450.8 MB
1181	77/fd27c5	59656633_35	NFCORE_MAG:MAG:ASSEMBLY:GUNZIP_SHORTREAD_ASSEMBLIES (MEGAHIT-toy_hmp_airskinurogenital_sample_8)	CACHED	0	2026-09-13 06:51:29.072	54.5s	631ms	90.4%	5.2 MB	8.1 MB	24.4 MB	83 MB
1168	fa/76e9a6	59681903_15	NFCORE_MAG:MAG:BINNING_PREPARATION:SHORTREAD_BINNING_PREPARATION:BOWTIE2_ASSEMBLY_ALIGN (MEGAHIT-toy_hmp_airskinurogenital_sample_1-toy_hmp_airskinurogenital_sample_1)	CACHED	0	2026-09-13 12:04:04.771	16m 29s	15m 15s	748.9%	7 GB	9.3 GB	30 GB	25.6 GB
1185	4f/bcac36	59679641_17	NFCORE_MAG:MAG:BINNING_PREPARATION:SHORTREAD_BINNING_PREPARATION:BOWTIE2_ASSEMBLY_BUILD (MEGAHIT-toy_hmp_airskinurogenital_sample_7)	CACHED	0	2026-09-13 11:36:04.243	1m 55s	55s	88.5%	649.8 MB	773.5 MB	450.5 MB	174.9 MB
1222	03/86a9b8	59656633_48	NFCORE_MAG:MAG:ASSEMBLY:GUNZIP_SHORTREAD_ASSEMBLIES (MEGAHIT-toy_hmp_airskinurogenital_sample_14)	CACHED	0	2026-09-13 06:51:29.072	54.5s	684ms	73.5%	5.3 MB	8.1 MB	26.7 MB	91.2 MB
1131	6e/911e98	59759186_13	NFCORE_MAG:MAG:BIN_QC:CHECKM2_PREDICT (MEGAHIT-COMEBin-unclassified-strain_sample_94)	CACHED	0	2026-09-13 23:48:55.625	1m 56s	1m 38s	407.3%	9.3 GB	49.2 GB	7 GB	769.6 MB
1184	3b/185b9b	59758580_29	NFCORE_MAG:MAG:BINNING:SEQKIT_STATS (MEGAHIT-COMEBin-toy_hmp_airskinurogenital_sample_0)	CACHED	0	2026-09-13 23:39:13.561	38.2s	1s	59.0%	25.1 MB	1.2 GB	20.3 MB	4 KB
1095	28/10e1b3	59758689_4	NFCORE_MAG:MAG:BINNING:SEMIBIN_SINGLEEASYBIN (MEGAHIT-strain_sample_93)	CACHED	0	2026-09-13 23:39:54.505	1m 57s	1m 26s	165.7%	856.9 MB	3.9 GB	6 GB	521.3 MB
1216	1c/f622ed	59759186_10	NFCORE_MAG:MAG:BIN_QC:CHECKM2_PREDICT (MEGAHIT-COMEBin-unclassified-strain_sample_93)	CACHED	0	2026-09-13 23:48:55.625	1m 56s	1m 47s	389.1%	9.5 GB	49 GB	7.1 GB	843.2 MB
1209	00/858005	59683903_73	NFCORE_MAG:MAG:BINNING:METABAT2_JGISUMMARIZEBAMCONTIGDEPTHS_SHORTREAD (MEGAHIT-toy_hmp_airskinurogenital_sample_6)	CACHED	0	2026-09-13 12:24:34.897	58.9s	28s	99.2%	15.6 MB	46.1 MB	4.3 GB	488.9 KB
1177	07/37e628	59758580_15	NFCORE_MAG:MAG:BINNING:SEQKIT_STATS (MEGAHIT-COMEBin-strain_sample_97)	CACHED	0	2026-09-13 23:39:13.560	38.1s	0ms	54.6%	19.6 MB	1.2 GB	8.3 MB	2.9 KB
1204	a5/240f2f	59683903_0	NFCORE_MAG:MAG:BINNING:METABAT2_JGISUMMARIZEBAMCONTIGDEPTHS_SHORTREAD (MEGAHIT-strain_sample_99)	CACHED	0	2026-09-13 12:24:34.896	58.8s	13s	100.0%	16.9 MB	47.5 MB	1.8 GB	1.4 MB
1214	46/fb87a8	59679991_28	NFCORE_MAG:MAG:PRODIGAL (MEGAHIT-toy_hmp_airskinurogenital_sample_9)	CACHED	0	2026-09-13 11:41:23.668	5m 40s	4m 44s	92.4%	122.3 MB	12.6 GB	750.9 MB	805.3 MB
1197	11/b73b5b	59679991_29	NFCORE_MAG:MAG:PRODIGAL (MEGAHIT-toy_hmp_airskinurogenital_sample_11)	CACHED	0	2026-09-13 11:41:23.668	6m 40s	5m 51s	93.1%	120.9 MB	12.6 GB	921.6 MB	994.7 MB
1199	55/4f199e	59759186_4	NFCORE_MAG:MAG:BIN_QC:CHECKM2_PREDICT (MEGAHIT-MetaBAT2-unclassified-strain_sample_93)	CACHED	0	2026-09-13 23:48:55.625	1m 56s	1m 28s	412.7%	13.1 GB	49 GB	7 GB	743 MB
1223	2a/7dcbb9	59679641_18	NFCORE_MAG:MAG:BINNING_PREPARATION:SHORTREAD_BINNING_PREPARATION:BOWTIE2_ASSEMBLY_BUILD (MEGAHIT-toy_hmp_airskinurogenital_sample_8)	CACHED	0	2026-09-13 11:36:04.243	1m 55s	41s	86.9%	489.8 MB	625.7 MB	333.4 MB	130.3 MB
1224	3d/3143bb	59679991_27	NFCORE_MAG:MAG:PRODIGAL (MEGAHIT-toy_hmp_airskinurogenital_sample_8)	CACHED	0	2026-09-13 11:41:23.668	5m 40s	4m 38s	92.5%	122.1 MB	12.6 GB	616 MB	664.9 MB
1189	33/c5b148	59759186_8	NFCORE_MAG:MAG:BIN_QC:CHECKM2_PREDICT (MEGAHIT-MetaBAT2-unclassified-strain_sample_94)	CACHED	0	2026-09-13 23:48:55.625	1m 26s	1m 17s	401.9%	11.1 GB	49.3 GB	6.9 GB	644.6 MB
1207	49/422f33	59681903_14	NFCORE_MAG:MAG:BINNING_PREPARATION:SHORTREAD_BINNING_PREPARATION:BOWTIE2_ASSEMBLY_ALIGN (MEGAHIT-toy_hmp_airskinurogenital_sample_5-toy_hmp_airskinurogenital_sample_5)	CACHED	0	2026-09-13 12:04:04.771	15m 59s	14m 43s	749.4%	6.9 GB	9.2 GB	30 GB	25.7 GB
1200	75/40fbe8	59679641_21	NFCORE_MAG:MAG:BINNING_PREPARATION:SHORTREAD_BINNING_PREPARATION:BOWTIE2_ASSEMBLY_BUILD (MEGAHIT-toy_hmp_airskinurogenital_sample_11)	CACHED	0	2026-09-13 11:36:04.243	2m 25s	1m 4s	87.8%	718.3 MB	843.3 MB	506 MB	192.2 MB
1202	5d/749356	59758580_14	NFCORE_MAG:MAG:BINNING:SEQKIT_STATS (MEGAHIT-COMEBin-strain_sample_96)	CACHED	0	2026-09-13 23:39:13.560	38.1s	0ms	58.5%	3.3 MB	4.3 MB	8.8 MB	2.8 KB
1217	0a/455c4b	59679641_20	NFCORE_MAG:MAG:BINNING_PREPARATION:SHORTREAD_BINNING_PREPARATION:BOWTIE2_ASSEMBLY_BUILD (MEGAHIT-toy_hmp_airskinurogenital_sample_9)	CACHED	0	2026-09-13 11:36:04.243	1m 55s	51s	88.5%	590.5 MB	728.5 MB	415.3 MB	161.9 MB
1203	df/41eec9	59758580_22	NFCORE_MAG:MAG:BINNING:SEQKIT_STATS (MEGAHIT-MetaBAT2-toy_hmp_airskinurogenital_sample_0)	CACHED	0	2026-09-13 23:39:13.560	38.1s	1s	72.0%	3.1 MB	4.3 MB	17 MB	4 KB
1213	b0/987fa3	59683903_55	NFCORE_MAG:MAG:BINNING:METABAT2_JGISUMMARIZEBAMCONTIGDEPTHS_SHORTREAD (MEGAHIT-toy_hmp_airskinurogenital_sample_4)	CACHED	0	2026-09-13 12:24:34.897	1m 29s	44s	98.5%	31.5 MB	62.1 MB	4.4 GB	10.6 MB
1229	e1/c9ea4a	59681903_17	NFCORE_MAG:MAG:BINNING_PREPARATION:SHORTREAD_BINNING_PREPARATION:BOWTIE2_ASSEMBLY_ALIGN (MEGAHIT-toy_hmp_airskinurogenital_sample_7-toy_hmp_airskinurogenital_sample_7)	CACHED	0	2026-09-13 12:04:04.771	14m 29s	13m 29s	748.4%	7 GB	9.2 GB	30 GB	25.6 GB
1230	08/790a05	59679991_32	NFCORE_MAG:MAG:PRODIGAL (MEGAHIT-toy_hmp_airskinurogenital_sample_14)	CACHED	0	2026-09-13 11:41:23.668	4m 40s	3m 48s	92.0%	120.9 MB	12.6 GB	572.2 MB	600.7 MB
1196	bb/2bdd5e	59685639_5	NFCORE_MAG:MAG:BINNING:COMEBIN_RUNCOMEBIN (MEGAHIT-strain_sample_95)	CACHED	0	2026-09-13 12:43:34.721	1h 52m 29s	1h 49m 10s	1057.2%	14.6 GB	96 GB	37.4 GB	5 GB
1233	71/40eeae	59679641_24	NFCORE_MAG:MAG:BINNING_PREPARATION:SHORTREAD_BINNING_PREPARATION:BOWTIE2_ASSEMBLY_BUILD (MEGAHIT-toy_hmp_airskinurogenital_sample_14)	CACHED	0	2026-09-13 11:36:04.243	1m 55s	49s	86.6%	534.7 MB	672.7 MB	366.2 MB	139.4 MB
1243	2e/fae5fe	59683903_81	NFCORE_MAG:MAG:BINNING:METABAT2_JGISUMMARIZEBAMCONTIGDEPTHS_SHORTREAD (MEGAHIT-toy_hmp_airskinurogenital_sample_5)	CACHED	0	2026-09-13 12:24:34.897	1m 59s	26s	97.6%	16.8 MB	47.4 MB	4.3 GB	1.3 MB
1205	5d/a09627	59681903_12	NFCORE_MAG:MAG:BINNING_PREPARATION:SHORTREAD_BINNING_PREPARATION:BOWTIE2_ASSEMBLY_ALIGN (MEGAHIT-toy_hmp_airskinurogenital_sample_3-toy_hmp_airskinurogenital_sample_3)	CACHED	0	2026-09-13 12:04:04.771	15m 59s	15m 2s	753.9%	7 GB	9.1 GB	30 GB	25.6 GB
1167	ee/4f0969	59648483_29	NFCORE_MAG:MAG:ASSEMBLY:SHORTREAD_ASSEMBLY:MEGAHIT (toy_hmp_airskinurogenital_sample_12)	CACHED	0	2026-09-13 04:38:29.090	41m 24s	33m 18s	740.9%	3.9 GB	4.4 GB	46.3 GB	19.7 GB
1244	52/a56e32	59759186_15	NFCORE_MAG:MAG:BIN_QC:CHECKM2_PREDICT (MEGAHIT-COMEBin-unclassified-strain_sample_97)	CACHED	0	2026-09-13 23:48:55.625	1m 26s	1m 17s	448.0%	13.1 GB	48.8 GB	6.9 GB	679.4 MB
1210	f2/722979	59758580_18	NFCORE_MAG:MAG:BINNING:SEQKIT_STATS (MEGAHIT-MetaBAT2-strain_sample_98)	CACHED	0	2026-09-13 23:39:13.560	38.1s	0ms	73.4%	19.6 MB	1.2 GB	7.3 MB	2.2 KB
1206	70/f72d70	59685639_0	NFCORE_MAG:MAG:BINNING:COMEBIN_RUNCOMEBIN (MEGAHIT-strain_sample_99)	CACHED	0	2026-09-13 12:43:34.721	1h 2m 59s	1h 2m 26s	1046.3%	14.5 GB	94.6 GB	28.9 GB	3.3 GB
1236	d6/6430bb	59757941_2	NFCORE_MAG:MAG:BINNING:METABAT2_METABAT2 (MEGAHIT-strain_sample_99)	CACHED	0	2026-09-13 23:29:34.617	29.6s	2s	428.7%	5.3 MB	8.4 MB	77.7 MB	48.8 MB
1220	ee/191710	59757941_0	NFCORE_MAG:MAG:BINNING:METABAT2_METABAT2 (MEGAHIT-strain_sample_97)	CACHED	0	2026-09-13 23:29:34.617	59.5s	3s	400.4%	192.2 MB	954.7 MB	100.6 MB	63 MB
1158	a4/36bbe4	59685639_22	NFCORE_MAG:MAG:BINNING:COMEBIN_RUNCOMEBIN (MEGAHIT-toy_hmp_airskinurogenital_sample_2)	CACHED	0	2026-09-13 12:43:34.721	2h 15m 59s	1h 56m 29s	1065.1%	14.7 GB	96.6 GB	73 GB	8.2 GB
1234	f2/5109d7	59757941_19	NFCORE_MAG:MAG:BINNING:METABAT2_METABAT2 (MEGAHIT-toy_hmp_airskinurogenital_sample_6)	CACHED	0	2026-09-13 23:29:34.617	59.6s	2s	346.2%	5.4 MB	8.4 MB	73.6 MB	46.6 MB
1232	16/880aef	59758580_11	NFCORE_MAG:MAG:BINNING:SEQKIT_STATS (MEGAHIT-MetaBAT2-strain_sample_96)	CACHED	0	2026-09-13 23:39:13.560	38.1s	0ms	71.8%	23.1 MB	1.2 GB	6.3 MB	2 KB
1237	e7/93f96e	59681903_19	NFCORE_MAG:MAG:BINNING_PREPARATION:SHORTREAD_BINNING_PREPARATION:BOWTIE2_ASSEMBLY_ALIGN (MEGAHIT-toy_hmp_airskinurogenital_sample_8-toy_hmp_airskinurogenital_sample_8)	CACHED	0	2026-09-13 12:04:04.771	11m 59s	11m 10s	755.2%	6.9 GB	9.3 GB	29.9 GB	25.6 GB
1149	26/77be83	59648483_61	NFCORE_MAG:MAG:ASSEMBLY:SHORTREAD_ASSEMBLY:MEGAHIT (toy_hmp_airskinurogenital_sample_13)	CACHED	0	2026-09-13 04:38:29.090	1h 40m 24s	1h 22m 10s	668.7%	3.9 GB	4.4 GB	45.5 GB	19.2 GB
1242	05/71e650	59758580_26	NFCORE_MAG:MAG:BINNING:SEQKIT_STATS (MEGAHIT-MetaBAT2-toy_hmp_airskinurogenital_sample_2)	CACHED	0	2026-09-13 23:39:13.561	38.2s	1s	68.9%	3.1 MB	4.3 MB	14.8 MB	4.8 KB
1194	75/8ced73	59648483_34	NFCORE_MAG:MAG:ASSEMBLY:SHORTREAD_ASSEMBLY:MEGAHIT (toy_hmp_airskinurogenital_sample_10)	CACHED	0	2026-09-13 04:38:29.090	1h 7m 54s	59m 47s	753.0%	4.8 GB	7.3 GB	50.5 GB	22.5 GB
1219	d4/ece0b5	59758689_3	NFCORE_MAG:MAG:BINNING:SEMIBIN_SINGLEEASYBIN (MEGAHIT-strain_sample_95)	CACHED	0	2026-09-13 23:39:54.505	1m 57s	1m 24s	151.9%	833 MB	3.8 GB	5.2 GB	463 MB
1251	09/da6277	59683903_80	NFCORE_MAG:MAG:BINNING:METABAT2_JGISUMMARIZEBAMCONTIGDEPTHS_SHORTREAD (MEGAHIT-toy_hmp_airskinurogenital_sample_3)	CACHED	0	2026-09-13 12:24:34.897	1m 59s	31s	98.3%	21.4 MB	52.1 MB	4.3 GB	4.2 MB
1228	98/e8ecf6	59683903_84	NFCORE_MAG:MAG:BINNING:METABAT2_JGISUMMARIZEBAMCONTIGDEPTHS_SHORTREAD (MEGAHIT-toy_hmp_airskinurogenital_sample_1)	CACHED	0	2026-09-13 12:24:34.897	1m 59s	34s	99.3%	25.6 MB	56.3 MB	4.3 GB	6.9 MB
1260	37/243d35	59758580_20	NFCORE_MAG:MAG:BINNING:SEQKIT_STATS (MEGAHIT-COMEBin-strain_sample_99)	CACHED	0	2026-09-13 23:39:13.560	38.1s	1s	32.2%	3.1 MB	4.3 MB	7.4 MB	3.5 KB
1239	89/b6b938	59759186_30	NFCORE_MAG:MAG:BIN_QC:CHECKM2_PREDICT (MEGAHIT-COMEBin-unclassified-toy_hmp_airskinurogenital_sample_0)	CACHED	0	2026-09-13 23:48:55.625	3m 26s	2m 50s	477.7%	10.8 GB	50.3 GB	8 GB	1.6 GB
1208	d5/06eab7	59648483_68	NFCORE_MAG:MAG:ASSEMBLY:SHORTREAD_ASSEMBLY:MEGAHIT (toy_hmp_airskinurogenital_sample_16)	CACHED	0	2026-09-13 04:38:29.090	1h 4m 24s	42m 38s	745.7%	3.9 GB	3.9 GB	42.3 GB	17 GB
1195	98/06e591	59757941_6	NFCORE_MAG:MAG:BINNING:METABAT2_METABAT2 (MEGAHIT-strain_sample_95)	CACHED	0	2026-09-13 23:29:34.617	59.6s	4s	464.8%	340.8 MB	888.5 MB	120.7 MB	75.6 MB
1240	c1/e427d4	59681903_21	NFCORE_MAG:MAG:BINNING_PREPARATION:SHORTREAD_BINNING_PREPARATION:BOWTIE2_ASSEMBLY_ALIGN (MEGAHIT-toy_hmp_airskinurogenital_sample_11-toy_hmp_airskinurogenital_sample_11)	CACHED	0	2026-09-13 12:04:04.771	13m 29s	12m 12s	759.0%	7 GB	9.4 GB	30.2 GB	25.9 GB
1248	c1/c3128a	59683903_56	NFCORE_MAG:MAG:BINNING:METABAT2_JGISUMMARIZEBAMCONTIGDEPTHS_SHORTREAD (MEGAHIT-toy_hmp_airskinurogenital_sample_7)	CACHED	0	2026-09-13 12:24:34.897	1m 29s	40s	99.3%	25.4 MB	56.2 MB	4.3 GB	6.8 MB
1265	17/92b6be	59683903_17	NFCORE_MAG:MAG:BINNING:METABAT2_JGISUMMARIZEBAMCONTIGDEPTHS_SHORTREAD (MEGAHIT-toy_hmp_airskinurogenital_sample_8)	CACHED	0	2026-09-13 12:24:34.897	1m 29s	32s	99.5%	21.4 MB	51.8 MB	4.3 GB	4.1 MB
1238	e8/eca223	59759186_19	NFCORE_MAG:MAG:BIN_QC:CHECKM2_PREDICT (MEGAHIT-COMEBin-unclassified-strain_sample_98)	CACHED	0	2026-09-13 23:48:55.625	2m 56s	2m 13s	343.8%	9.4 GB	48.8 GB	7 GB	752.1 MB
1266	98/d52285	59656633_95	NFCORE_MAG:MAG:ASSEMBLY:GUNZIP_SHORTREAD_ASSEMBLIES (MEGAHIT-toy_hmp_airskinurogenital_sample_13)	CACHED	0	2026-09-13 06:51:29.072	54.7s	322ms	87.8%	5.1 MB	8 MB	15.6 MB	53.4 MB
1263	40/4dc15a	59759186_14	NFCORE_MAG:MAG:BIN_QC:CHECKM2_PREDICT (MEGAHIT-COMEBin-unclassified-strain_sample_96)	CACHED	0	2026-09-13 23:48:55.625	2m 26s	2m 8s	388.7%	9 GB	48.8 GB	7 GB	716.4 MB
1253	78/91cfbb	59758580_7	NFCORE_MAG:MAG:BINNING:SEQKIT_STATS (MEGAHIT-COMEBin-strain_sample_95)	CACHED	0	2026-09-13 23:39:13.560	38.1s	1s	55.1%	19.1 MB	1.2 GB	9.5 MB	3.8 KB
1212	39/8a8031	59685639_73	NFCORE_MAG:MAG:BINNING:COMEBIN_RUNCOMEBIN (MEGAHIT-toy_hmp_airskinurogenital_sample_6)	CACHED	0	2026-09-13 12:43:34.721	1h 22m 29s	30m 51s	935.9%	14 GB	93.7 GB	41.6 GB	3.6 GB
1247	83/790a2a	59681903_20	NFCORE_MAG:MAG:BINNING_PREPARATION:SHORTREAD_BINNING_PREPARATION:BOWTIE2_ASSEMBLY_ALIGN (MEGAHIT-toy_hmp_airskinurogenital_sample_9-toy_hmp_airskinurogenital_sample_9)	CACHED	0	2026-09-13 12:04:04.771	12m 59s	11m 54s	757.1%	7 GB	9.4 GB	30 GB	25.6 GB
1192	5a/63667b	59758689_14	NFCORE_MAG:MAG:BINNING:SEMIBIN_SINGLEEASYBIN (MEGAHIT-toy_hmp_airskinurogenital_sample_2)	CACHED	0	2026-09-13 23:39:54.505	2m 57s	2m 28s	162.2%	1.3 GB	4.3 GB	12 GB	890.6 MB
1268	ea/373b12	59758580_13	NFCORE_MAG:MAG:BINNING:SEQKIT_STATS (MEGAHIT-MetaBAT2-strain_sample_97)	CACHED	0	2026-09-13 23:39:13.560	38.1s	0ms	68.8%	23.4 MB	1.2 GB	6 MB	2 KB
1252	84/21797e	59681903_24	NFCORE_MAG:MAG:BINNING_PREPARATION:SHORTREAD_BINNING_PREPARATION:BOWTIE2_ASSEMBLY_ALIGN (MEGAHIT-toy_hmp_airskinurogenital_sample_14-toy_hmp_airskinurogenital_sample_14)	CACHED	0	2026-09-13 12:04:04.771	16m 59s	15m 31s	765.3%	6.8 GB	9.2 GB	30.1 GB	25.8 GB
1261	a8/e81efa	59758580_16	NFCORE_MAG:MAG:BINNING:SEQKIT_STATS (MEGAHIT-MetaBAT2-strain_sample_99)	CACHED	0	2026-09-13 23:39:13.560	38.1s	0ms	69.1%	22.5 MB	1.2 GB	5.6 MB	1.7 KB
1272	11/8814a0	59758580_31	NFCORE_MAG:MAG:BINNING:SEQKIT_STATS (MEGAHIT-COMEBin-toy_hmp_airskinurogenital_sample_2)	CACHED	0	2026-09-13 23:39:13.561	38.2s	1s	64.8%	3.2 MB	4.3 MB	17.8 MB	4.6 KB
1225	11/cfe53b	59758689_8	NFCORE_MAG:MAG:BINNING:SEMIBIN_SINGLEEASYBIN (MEGAHIT-strain_sample_99)	CACHED	0	2026-09-13 23:39:54.505	1m 27s	1m 11s	156.4%	661.5 MB	3.7 GB	4.7 GB	402.1 MB
1227	e0/0914bc	59758689_15	NFCORE_MAG:MAG:BINNING:SEMIBIN_SINGLEEASYBIN (MEGAHIT-toy_hmp_airskinurogenital_sample_6)	CACHED	0	2026-09-13 23:39:54.505	2m 27s	1m 54s	152.4%	745.7 MB	3.8 GB	8.9 GB	576.3 MB
1258	97/5e650b	59757941_82	NFCORE_MAG:MAG:BINNING:METABAT2_METABAT2 (MEGAHIT-toy_hmp_airskinurogenital_sample_5)	CACHED	0	2026-09-13 23:29:34.618	1m 30s	5s	524.6%	597.6 MB	930.7 MB	168.1 MB	107.1 MB
1279	bb/127bba	59679641_23	NFCORE_MAG:MAG:BINNING_PREPARATION:SHORTREAD_BINNING_PREPARATION:BOWTIE2_ASSEMBLY_BUILD (MEGAHIT-toy_hmp_airskinurogenital_sample_13)	CACHED	0	2026-09-13 11:36:04.243	1m 55s	32s	82.6%	329.5 MB	477.4 MB	214.9 MB	87 MB
1278	35/b3d5d4	59679991_31	NFCORE_MAG:MAG:PRODIGAL (MEGAHIT-toy_hmp_airskinurogenital_sample_13)	CACHED	0	2026-09-13 11:41:23.668	3m 10s	2m 27s	91.0%	54.9 MB	118.7 MB	374.9 MB	399.3 MB
1250	de/1655ba	59685639_84	NFCORE_MAG:MAG:BINNING:COMEBIN_RUNCOMEBIN (MEGAHIT-toy_hmp_airskinurogenital_sample_1)	CACHED	0	2026-09-13 12:43:34.721	7h 5m 29s	6h 7m 31s	1091.6%	15.2 GB	99.5 GB	86.3 GB	13.5 GB
1226	2d/631182	59685639_55	NFCORE_MAG:MAG:BINNING:COMEBIN_RUNCOMEBIN (MEGAHIT-toy_hmp_airskinurogenital_sample_4)	CACHED	0	2026-09-13 12:43:34.721	6h 29m 59s	5h 46m 13s	1083.4%	16.1 GB	99.8 GB	104.4 GB	15.6 GB
1269	da/777b99	59757941_83	NFCORE_MAG:MAG:BINNING:METABAT2_METABAT2 (MEGAHIT-toy_hmp_airskinurogenital_sample_1)	CACHED	0	2026-09-13 23:29:34.618	1m 30s	12s	474.3%	1.5 GB	1.5 GB	273.8 MB	171.1 MB
1286	ae/88895e	59758580_5	NFCORE_MAG:MAG:BINNING:SEQKIT_STATS (MEGAHIT-MetaBAT2-strain_sample_95)	CACHED	0	2026-09-13 23:39:13.560	38s	1s	60.2%	19.5 MB	1.2 GB	6.4 MB	1.9 KB
1270	c4/61583a	59759186_23	NFCORE_MAG:MAG:BIN_QC:CHECKM2_PREDICT (MEGAHIT-MetaBAT2-unclassified-toy_hmp_airskinurogenital_sample_0)	CACHED	0	2026-09-13 23:48:55.625	3m 26s	2m 22s	489.1%	10.4 GB	49.8 GB	7.8 GB	1.4 GB
1275	71/9920a9	59656633_39	NFCORE_MAG:MAG:ASSEMBLY:GUNZIP_SHORTREAD_ASSEMBLIES (MEGAHIT-toy_hmp_airskinurogenital_sample_10)	CACHED	0	2026-09-13 06:51:29.072	54.5s	583ms	91.2%	5.4 MB	8.1 MB	30.9 MB	105.1 MB
1259	45/b80083	59685639_80	NFCORE_MAG:MAG:BINNING:COMEBIN_RUNCOMEBIN (MEGAHIT-toy_hmp_airskinurogenital_sample_5)	CACHED	0	2026-09-13 12:43:34.721	1h 54m 29s	1h 28s	937.0%	14.6 GB	96.2 GB	80.8 GB	7.8 GB
1245	66/a0c12d	59757941_57	NFCORE_MAG:MAG:BINNING:METABAT2_METABAT2 (MEGAHIT-toy_hmp_airskinurogenital_sample_4)	CACHED	0	2026-09-13 23:29:34.618	1m 30s	13s	534.0%	2.1 GB	2.1 GB	377.7 MB	234.9 MB
1285	d7/9c3900	59685639_81	NFCORE_MAG:MAG:BINNING:COMEBIN_RUNCOMEBIN (MEGAHIT-toy_hmp_airskinurogenital_sample_3)	CACHED	0	2026-09-13 12:43:34.721	4h 56m 29s	4h 41s	1095.5%	14.9 GB	98.4 GB	80.4 GB	10.5 GB
1292	70/79c3b9	59683903_90	NFCORE_MAG:MAG:BINNING:METABAT2_JGISUMMARIZEBAMCONTIGDEPTHS_SHORTREAD (MEGAHIT-toy_hmp_airskinurogenital_sample_14)	CACHED	0	2026-09-13 12:24:34.897	1m 59s	24s	99.8%	17.6 MB	48.2 MB	4.3 GB	1.7 MB
1255	e0/94b6d3	59656633_17	NFCORE_MAG:MAG:ASSEMBLY:GUNZIP_SHORTREAD_ASSEMBLIES (MEGAHIT-toy_hmp_airskinurogenital_sample_12)	CACHED	0	2026-09-13 06:51:29.072	54.4s	442ms	86.8%	5.2 MB	8.1 MB	20.6 MB	70.1 MB
1267	18/737a22	59757941_80	NFCORE_MAG:MAG:BINNING:METABAT2_METABAT2 (MEGAHIT-toy_hmp_airskinurogenital_sample_3)	CACHED	0	2026-09-13 23:29:34.618	1m 30s	10s	357.2%	903.8 MB	1001 MB	213.1 MB	134 MB
1264	70/6aaec8	59685639_56	NFCORE_MAG:MAG:BINNING:COMEBIN_RUNCOMEBIN (MEGAHIT-toy_hmp_airskinurogenital_sample_7)	CACHED	0	2026-09-13 12:43:34.721	3h 14m 59s	2h 30m 23s	1077.5%	14.9 GB	97.9 GB	65.2 GB	8.6 GB
1291	41/f8013c	59683903_34	NFCORE_MAG:MAG:BINNING:METABAT2_JGISUMMARIZEBAMCONTIGDEPTHS_SHORTREAD (MEGAHIT-toy_hmp_airskinurogenital_sample_9)	CACHED	0	2026-09-13 12:24:34.897	1m 29s	39s	98.9%	24.9 MB	55.5 MB	4.3 GB	6.3 MB
1280	ca/f44c18	59683903_45	NFCORE_MAG:MAG:BINNING:METABAT2_JGISUMMARIZEBAMCONTIGDEPTHS_SHORTREAD (MEGAHIT-toy_hmp_airskinurogenital_sample_11)	CACHED	0	2026-09-13 12:24:34.897	1m 29s	32s	99.5%	22.3 MB	52.8 MB	4.4 GB	4.6 MB
1221	34/8992e2	59648483_63	NFCORE_MAG:MAG:ASSEMBLY:SHORTREAD_ASSEMBLY:MEGAHIT (toy_hmp_airskinurogenital_sample_17)	CACHED	0	2026-09-13 04:38:29.090	1h 21m 24s	1h 2m 52s	707.9%	3.9 GB	4.6 GB	51.8 GB	23.4 GB
1273	dd/f2a39e	59758580_27	NFCORE_MAG:MAG:BINNING:SEQKIT_STATS (MEGAHIT-MetaBAT2-toy_hmp_airskinurogenital_sample_6)	CACHED	0	2026-09-13 23:39:13.561	38.2s	0ms	74.9%	3.1 MB	4.3 MB	8.1 MB	3.8 KB
1287	0d/161554	59758580_28	NFCORE_MAG:MAG:BINNING:SEQKIT_STATS (MEGAHIT-COMEBin-toy_hmp_airskinurogenital_sample_6)	CACHED	0	2026-09-13 23:39:13.561	38.2s	0ms	62.4%	3 MB	4.3 MB	9.1 MB	3.3 KB
1299	a5/d2df63	59759651_99	NFCORE_MAG:MAG:BINNING:SEQKIT_STATS (MEGAHIT-SemiBin2-strain_sample_99)	CACHED	0	2026-09-13 23:54:24.479	27.6s	0ms	52.9%	25.1 MB	1.2 GB	5.8 MB	2.4 KB
1289	b2/d5b994	59757941_69	NFCORE_MAG:MAG:BINNING:METABAT2_METABAT2 (MEGAHIT-toy_hmp_airskinurogenital_sample_7)	CACHED	0	2026-09-13 23:29:34.618	1m 30s	5s	539.2%	587.3 MB	666.2 MB	240.1 MB	149 MB
1271	3b/06ef7e	59759186_17	NFCORE_MAG:MAG:BIN_QC:CHECKM2_PREDICT (MEGAHIT-MetaBAT2-unclassified-strain_sample_98)	CACHED	0	2026-09-13 23:48:55.625	1m 56s	1m 19s	390.9%	10.8 GB	49.1 GB	6.8 GB	603 MB
1281	3f/257c8f	59656633_30	NFCORE_MAG:MAG:ASSEMBLY:GUNZIP_SHORTREAD_ASSEMBLIES (MEGAHIT-toy_hmp_airskinurogenital_sample_16)	CACHED	0	2026-09-13 06:51:29.072	54.5s	270ms	61.4%	5.3 MB	8.1 MB	10.5 MB	35.9 MB
1310	8e/984e9e	59679641_22	NFCORE_MAG:MAG:BINNING_PREPARATION:SHORTREAD_BINNING_PREPARATION:BOWTIE2_ASSEMBLY_BUILD (MEGAHIT-toy_hmp_airskinurogenital_sample_12)	CACHED	0	2026-09-13 11:36:04.243	1m 55s	36s	84.8%	421.8 MB	554.4 MB	281.8 MB	112.3 MB
1315	95/054d05	59758580_17	NFCORE_MAG:MAG:BINNING:SEQKIT_STATS (MEGAHIT-MetaBAT2-toy_hmp_airskinurogenital_sample_1)	CACHED	0	2026-09-13 23:39:13.560	38.1s	0ms	77.9%	19.1 MB	1.2 GB	12.6 MB	4.5 KB
1316	3e/573cd0	59758580_30	NFCORE_MAG:MAG:BINNING:SEQKIT_STATS (MEGAHIT-COMEBin-toy_hmp_airskinurogenital_sample_5)	CACHED	0	2026-09-13 23:39:13.561	38.2s	1s	57.8%	3.1 MB	4.3 MB	21.2 MB	4.2 KB
1284	eb/327365	59758689_9	NFCORE_MAG:MAG:BINNING:SEMIBIN_SINGLEEASYBIN (MEGAHIT-toy_hmp_airskinurogenital_sample_1)	CACHED	0	2026-09-13 23:39:54.505	2m 57s	2m 40s	164.5%	9.4 GB	27.4 GB	10.9 GB	821.9 MB
1313	eb/9349be	59758580_21	NFCORE_MAG:MAG:BINNING:SEQKIT_STATS (MEGAHIT-COMEBin-toy_hmp_airskinurogenital_sample_1)	CACHED	0	2026-09-13 23:39:13.560	38.1s	0ms	67.4%	3.3 MB	4.3 MB	19.7 MB	7.1 KB
1304	a3/de8dfd	59679641_19	NFCORE_MAG:MAG:BINNING_PREPARATION:SHORTREAD_BINNING_PREPARATION:BOWTIE2_ASSEMBLY_BUILD (MEGAHIT-toy_hmp_airskinurogenital_sample_10)	CACHED	0	2026-09-13 11:36:04.243	1m 55s	52s	88.6%	604.7 MB	743.7 MB	421.9 MB	162.6 MB
1290	40/0b53b5	59759186_20	NFCORE_MAG:MAG:BIN_QC:CHECKM2_PREDICT (MEGAHIT-COMEBin-unclassified-strain_sample_99)	CACHED	0	2026-09-13 23:48:55.625	1m 56s	1m 15s	421.0%	10.8 GB	48.8 GB	6.9 GB	640.6 MB
1305	8e/b88788	59679991_25	NFCORE_MAG:MAG:PRODIGAL (MEGAHIT-toy_hmp_airskinurogenital_sample_10)	CACHED	0	2026-09-13 11:41:23.668	6m 40s	6m	92.7%	120.9 MB	12.6 GB	770.1 MB	830.2 MB
1314	0e/b72597	59656633_67	NFCORE_MAG:MAG:ASSEMBLY:GUNZIP_SHORTREAD_ASSEMBLIES (MEGAHIT-toy_hmp_airskinurogenital_sample_17)	CACHED	0	2026-09-13 06:51:29.072	54.6s	787ms	90.7%	5.3 MB	8.1 MB	43.5 MB	148.1 MB
1235	4a/64942b	59758689_16	NFCORE_MAG:MAG:BINNING:SEMIBIN_SINGLEEASYBIN (MEGAHIT-toy_hmp_airskinurogenital_sample_4)	CACHED	0	2026-09-13 23:39:54.505	2m 57s	2m 44s	177.6%	12.4 GB	30.3 GB	12.8 GB	1005.2 MB
1303	02/05819c	59758580_25	NFCORE_MAG:MAG:BINNING:SEQKIT_STATS (MEGAHIT-MetaBAT2-toy_hmp_airskinurogenital_sample_5)	CACHED	0	2026-09-13 23:39:13.561	38.2s	1s	72.7%	48.9 MB	1.2 GB	18.5 MB	4.7 KB
1276	f2/0f1e58	59759186_11	NFCORE_MAG:MAG:BIN_QC:CHECKM2_PREDICT (MEGAHIT-MetaBAT2-unclassified-strain_sample_96)	CACHED	0	2026-09-13 23:48:55.625	1m 56s	1m 24s	419.1%	9.4 GB	49.2 GB	6.8 GB	606.5 MB
1288	de/9282e3	59759186_26	NFCORE_MAG:MAG:BIN_QC:CHECKM2_PREDICT (MEGAHIT-MetaBAT2-unclassified-toy_hmp_airskinurogenital_sample_2)	CACHED	0	2026-09-13 23:48:55.625	2m 56s	1m 53s	472.2%	11.7 GB	49.5 GB	7.7 GB	1.3 GB
1324	84/981716	59758580_23	NFCORE_MAG:MAG:BINNING:SEQKIT_STATS (MEGAHIT-MetaBAT2-toy_hmp_airskinurogenital_sample_3)	CACHED	0	2026-09-13 23:39:13.560	38.2s	1s	72.5%	3.2 MB	4.3 MB	14.2 MB	4.3 KB
1296	53/a2439e	59681903_23	NFCORE_MAG:MAG:BINNING_PREPARATION:SHORTREAD_BINNING_PREPARATION:BOWTIE2_ASSEMBLY_ALIGN (MEGAHIT-toy_hmp_airskinurogenital_sample_13-toy_hmp_airskinurogenital_sample_13)	CACHED	0	2026-09-13 12:04:04.771	17m 59s	16m 29s	765.7%	6.9 GB	9.2 GB	30 GB	25.8 GB
1297	31/03c3e6	59757941_23	NFCORE_MAG:MAG:BINNING:METABAT2_METABAT2 (MEGAHIT-toy_hmp_airskinurogenital_sample_8)	CACHED	0	2026-09-13 23:29:34.617	1m 30s	3s	440.9%	339.2 MB	363.7 MB	175.7 MB	109.7 MB
1254	6f/3d0c78	59648483_66	NFCORE_MAG:MAG:ASSEMBLY:SHORTREAD_ASSEMBLY:MEGAHIT (toy_hmp_airskinurogenital_sample_15)	CACHED	0	2026-09-13 04:38:29.090	1h 20m 24s	58m 25s	676.0%	3.9 GB	3.9 GB	44.8 GB	18.7 GB
1298	cb/047ad2	59758689_13	NFCORE_MAG:MAG:BINNING:SEMIBIN_SINGLEEASYBIN (MEGAHIT-toy_hmp_airskinurogenital_sample_5)	CACHED	0	2026-09-13 23:39:54.505	3m 27s	2m 55s	165.1%	1.1 GB	4.2 GB	14.1 GB	1 GB
1301	55/80feea	59758689_17	NFCORE_MAG:MAG:BINNING:SEMIBIN_SINGLEEASYBIN (MEGAHIT-toy_hmp_airskinurogenital_sample_7)	CACHED	0	2026-09-13 23:39:54.505	2m 27s	2m 4s	161.1%	5.2 GB	23.3 GB	10.1 GB	697.5 MB
1328	bf/98d54a	59758580_33	NFCORE_MAG:MAG:BINNING:SEQKIT_STATS (MEGAHIT-MetaBAT2-toy_hmp_airskinurogenital_sample_7)	CACHED	0	2026-09-13 23:39:13.561	38.2s	1s	68.4%	3.1 MB	4.3 MB	11.2 MB	3.7 KB
1337	c5/e7d11a	59679991_36	NFCORE_MAG:MAG:PRODIGAL (MEGAHIT-toy_hmp_airskinurogenital_sample_17)	CACHED	0	2026-09-13 11:41:23.668	7m 10s	6m 2s	92.0%	121.4 MB	12.6 GB	998.1 MB	1 GB
1332	5a/212b16	59759186_16	NFCORE_MAG:MAG:BIN_QC:CHECKM2_PREDICT (MEGAHIT-MetaBAT2-unclassified-strain_sample_99)	CACHED	0	2026-09-13 23:48:55.625	1m 26s	1m 9s	393.8%	8.9 GB	43.6 GB	6.8 GB	558 MB
1327	8f/4fd50e	59679991_35	NFCORE_MAG:MAG:PRODIGAL (MEGAHIT-toy_hmp_airskinurogenital_sample_16)	CACHED	0	2026-09-13 11:41:23.668	2m 10s	1m 8s	89.4%	55.4 MB	119.1 MB	218.3 MB	225 MB
1331	48/d7fba8	59758580_35	NFCORE_MAG:MAG:BINNING:SEQKIT_STATS (MEGAHIT-COMEBin-toy_hmp_airskinurogenital_sample_7)	CACHED	0	2026-09-13 23:39:13.561	38.3s	0ms	60.5%	19.1 MB	1.2 GB	13.6 MB	9.6 KB
1323	17/c78264	59758580_32	NFCORE_MAG:MAG:BINNING:SEQKIT_STATS (MEGAHIT-MetaBAT2-toy_hmp_airskinurogenital_sample_4)	CACHED	0	2026-09-13 23:39:13.561	38.2s	1s	71.2%	3.1 MB	4.3 MB	17.2 MB	5.8 KB
1333	db/2b3b18	59758580_24	NFCORE_MAG:MAG:BINNING:SEQKIT_STATS (MEGAHIT-COMEBin-toy_hmp_airskinurogenital_sample_3)	CACHED	0	2026-09-13 23:39:13.561	38.2s	1s	65.4%	3.2 MB	4.3 MB	17.3 MB	8.8 KB
1320	74/8857c6	59758580_34	NFCORE_MAG:MAG:BINNING:SEQKIT_STATS (MEGAHIT-COMEBin-toy_hmp_airskinurogenital_sample_4)	CACHED	0	2026-09-13 23:39:13.561	38.3s	1s	66.4%	19.7 MB	1.2 GB	23.1 MB	11.2 KB
1311	8a/9ea429	59679991_30	NFCORE_MAG:MAG:PRODIGAL (MEGAHIT-toy_hmp_airskinurogenital_sample_12)	CACHED	0	2026-09-13 11:41:23.668	4m 10s	3m 13s	92.4%	117.8 MB	12.5 GB	518.2 MB	557.8 MB
1282	5b/e80f3a	59648483_42	NFCORE_MAG:MAG:ASSEMBLY:SHORTREAD_ASSEMBLY:MEGAHIT (toy_hmp_airskinurogenital_sample_19)	CACHED	0	2026-09-13 04:38:29.090	1h 49m 24s	1h 37m 44s	713.7%	5.5 GB	8.4 GB	63.4 GB	31 GB
1334	6c/0ebc57	59683903_94	NFCORE_MAG:MAG:BINNING:METABAT2_JGISUMMARIZEBAMCONTIGDEPTHS_SHORTREAD (MEGAHIT-toy_hmp_airskinurogenital_sample_13)	CACHED	0	2026-09-13 12:24:34.897	1m 59s	31s	98.5%	19.3 MB	50 MB	4.3 GB	2.7 MB
1326	6c/232b9d	59681903_18	NFCORE_MAG:MAG:BINNING_PREPARATION:SHORTREAD_BINNING_PREPARATION:BOWTIE2_ASSEMBLY_ALIGN (MEGAHIT-toy_hmp_airskinurogenital_sample_10-toy_hmp_airskinurogenital_sample_10)	CACHED	0	2026-09-13 12:04:04.771	13m 29s	12m 19s	754.9%	6.9 GB	9.3 GB	30.1 GB	25.8 GB
1277	2a/390179	59648483_70	NFCORE_MAG:MAG:ASSEMBLY:SHORTREAD_ASSEMBLY:MEGAHIT (toy_hmp_airskinurogenital_sample_18)	CACHED	0	2026-09-13 04:38:29.090	1h 4m 54s	43m 8s	707.4%	4.1 GB	4.7 GB	47.5 GB	20.7 GB
1325	e8/b0796a	59679641_27	NFCORE_MAG:MAG:BINNING_PREPARATION:SHORTREAD_BINNING_PREPARATION:BOWTIE2_ASSEMBLY_BUILD (MEGAHIT-toy_hmp_airskinurogenital_sample_16)	CACHED	0	2026-09-13 11:36:04.243	1m 25s	20s	82.7%	238.2 MB	385.7 MB	145.1 MB	60.3 MB
1322	78/a957e3	59681903_22	NFCORE_MAG:MAG:BINNING_PREPARATION:SHORTREAD_BINNING_PREPARATION:BOWTIE2_ASSEMBLY_ALIGN (MEGAHIT-toy_hmp_airskinurogenital_sample_12-toy_hmp_airskinurogenital_sample_12)	CACHED	0	2026-09-13 12:04:04.771	13m 59s	12m 47s	756.7%	6.9 GB	9.2 GB	29.9 GB	25.6 GB
1312	1e/2d7c98	59757941_91	NFCORE_MAG:MAG:BINNING:METABAT2_METABAT2 (MEGAHIT-toy_hmp_airskinurogenital_sample_14)	CACHED	0	2026-09-13 23:29:34.618	1m 30s	5s	535.7%	567.1 MB	899.1 MB	187.7 MB	119.2 MB
1329	2e/36f415	59759186_12	NFCORE_MAG:MAG:BIN_QC:CHECKM2_PREDICT (MEGAHIT-MetaBAT2-unclassified-strain_sample_97)	CACHED	0	2026-09-13 23:48:55.625	1m 56s	1m 23s	412.4%	9.1 GB	49 GB	6.8 GB	576.2 MB
1300	e2/8ef407	59685639_17	NFCORE_MAG:MAG:BINNING:COMEBIN_RUNCOMEBIN (MEGAHIT-toy_hmp_airskinurogenital_sample_8)	CACHED	0	2026-09-13 12:43:34.721	2h 5m 29s	1h 54m 39s	1060.5%	14.6 GB	96.4 GB	59.8 GB	7.1 GB
1348	f5/a2f24e	59656633_61	NFCORE_MAG:MAG:ASSEMBLY:GUNZIP_SHORTREAD_ASSEMBLIES (MEGAHIT-toy_hmp_airskinurogenital_sample_15)	CACHED	0	2026-09-13 06:51:29.072	54.5s	353ms	80.5%	5.2 MB	8.1 MB	18.9 MB	64 MB
1357	f3/98238f	59683693_92	NFCORE_MAG:MAG:ASSEMBLY:GUNZIP_SHORTREAD_ASSEMBLIES (MEGAHIT-toy_hmp_airskinurogenital_sample_19)	CACHED	0	2026-09-13 12:23:04.761	1m 29s	1.9s	81.2%	5.4 MB	8.1 MB	80.7 MB	275.4 MB
1309	53/eb3b0f	59759186_9	NFCORE_MAG:MAG:BIN_QC:CHECKM2_PREDICT (MEGAHIT-COMEBin-unclassified-strain_sample_95)	CACHED	0	2026-09-13 23:48:55.625	1m 56s	1m 24s	429.0%	9.1 GB	48.8 GB	7 GB	715.7 MB
1356	13/98b773	59683903_42	NFCORE_MAG:MAG:BINNING:METABAT2_JGISUMMARIZEBAMCONTIGDEPTHS_SHORTREAD (MEGAHIT-toy_hmp_airskinurogenital_sample_10)	CACHED	0	2026-09-13 12:24:34.897	1m 29s	36s	99.8%	22.6 MB	53.1 MB	4.4 GB	4.8 MB
1330	61/65ddd3	59679641_26	NFCORE_MAG:MAG:BINNING_PREPARATION:SHORTREAD_BINNING_PREPARATION:BOWTIE2_ASSEMBLY_BUILD (MEGAHIT-toy_hmp_airskinurogenital_sample_17)	CACHED	0	2026-09-13 11:36:04.243	2m 25s	1m 17s	89.0%	834.8 MB	957.4 MB	593.6 MB	224.7 MB
1345	00/e98862	59759186_27	NFCORE_MAG:MAG:BIN_QC:CHECKM2_PREDICT (MEGAHIT-MetaBAT2-unclassified-toy_hmp_airskinurogenital_sample_6)	CACHED	0	2026-09-13 23:48:55.625	1m 56s	1m 13s	444.2%	8.3 GB	48.9 GB	7 GB	704.2 MB
1361	2a/fefd68	59758580_50	NFCORE_MAG:MAG:BINNING:SEQKIT_STATS (MEGAHIT-MetaBAT2-toy_hmp_airskinurogenital_sample_14)	CACHED	0	2026-09-13 23:39:13.561	38.4s	1s	73.9%	48.5 MB	1.2 GB	19.9 MB	4.9 KB
1360	41/ef40c2	59683903_49	NFCORE_MAG:MAG:BINNING:METABAT2_JGISUMMARIZEBAMCONTIGDEPTHS_SHORTREAD (MEGAHIT-toy_hmp_airskinurogenital_sample_12)	CACHED	0	2026-09-13 12:24:34.897	1m 29s	32s	99.4%	21.7 MB	52.2 MB	4.3 GB	4.3 MB
1358	a1/b20b09	59681903_27	NFCORE_MAG:MAG:BINNING_PREPARATION:SHORTREAD_BINNING_PREPARATION:BOWTIE2_ASSEMBLY_ALIGN (MEGAHIT-toy_hmp_airskinurogenital_sample_16-toy_hmp_airskinurogenital_sample_16)	CACHED	0	2026-09-13 12:04:04.772	18m 59s	17m 47s	759.4%	6.8 GB	9.2 GB	29.9 GB	25.7 GB
1342	00/daa7c8	59759186_7	NFCORE_MAG:MAG:BIN_QC:CHECKM2_PREDICT (MEGAHIT-MetaBAT2-unclassified-strain_sample_95)	CACHED	0	2026-09-13 23:48:55.625	1m 26s	1m 12s	392.3%	9.6 GB	49.5 GB	6.8 GB	583.5 MB
1336	99/54907e	59759186_31	NFCORE_MAG:MAG:BIN_QC:CHECKM2_PREDICT (MEGAHIT-COMEBin-unclassified-toy_hmp_airskinurogenital_sample_2)	CACHED	0	2026-09-13 23:48:55.625	3m 26s	2m 27s	488.0%	10.2 GB	49.3 GB	7.9 GB	1.5 GB
1347	5c/4a1670	59758580_36	NFCORE_MAG:MAG:BINNING:SEQKIT_STATS (MEGAHIT-MetaBAT2-toy_hmp_airskinurogenital_sample_8)	CACHED	0	2026-09-13 23:39:13.561	38.3s	1s	76.3%	22 MB	1.2 GB	10.5 MB	3.7 KB
1375	68/2f920a	59681903_28	NFCORE_MAG:MAG:BINNING_PREPARATION:SHORTREAD_BINNING_PREPARATION:BOWTIE2_ASSEMBLY_ALIGN (MEGAHIT-toy_hmp_airskinurogenital_sample_17-toy_hmp_airskinurogenital_sample_17)	CACHED	0	2026-09-13 12:04:04.772	16m 59s	15m 26s	761.5%	7 GB	9.5 GB	30.2 GB	25.8 GB
1367	7d/a7a520	59758580_37	NFCORE_MAG:MAG:BINNING:SEQKIT_STATS (MEGAHIT-COMEBin-toy_hmp_airskinurogenital_sample_8)	CACHED	0	2026-09-13 23:39:13.561	38.3s	0ms	59.5%	19.3 MB	1.2 GB	13.3 MB	6.9 KB
1363	c0/81e33d	59759186_29	NFCORE_MAG:MAG:BIN_QC:CHECKM2_PREDICT (MEGAHIT-COMEBin-unclassified-toy_hmp_airskinurogenital_sample_6)	CACHED	0	2026-09-13 23:48:55.625	2m 26s	1m 47s	382.0%	8.5 GB	48.9 GB	7 GB	749.7 MB
1366	4d/f88028	59679991_33	NFCORE_MAG:MAG:PRODIGAL (MEGAHIT-toy_hmp_airskinurogenital_sample_15)	CACHED	0	2026-09-13 11:41:23.668	3m 40s	2m 52s	91.5%	55 MB	119.1 MB	445 MB	473.7 MB
1368	09/bd18b7	59656633_32	NFCORE_MAG:MAG:ASSEMBLY:GUNZIP_SHORTREAD_ASSEMBLIES (MEGAHIT-toy_hmp_airskinurogenital_sample_18)	CACHED	0	2026-09-13 06:51:29.072	54.5s	422ms	84.0%	5 MB	8 MB	22.8 MB	77.7 MB
1350	b5/f97f8b	59685639_35	NFCORE_MAG:MAG:BINNING:COMEBIN_RUNCOMEBIN (MEGAHIT-toy_hmp_airskinurogenital_sample_9)	CACHED	0	2026-09-13 12:43:34.721	2h 56m 29s	2h 24m 4s	1079.0%	14.6 GB	97.1 GB	62 GB	7.9 GB
1371	81/f766d4	59684075_3	NFCORE_MAG:MAG:PRODIGAL (MEGAHIT-toy_hmp_airskinurogenital_sample_19)	CACHED	0	2026-09-13 12:25:46.557	10m 48s	10m 13s	93.3%	122.4 MB	12.6 GB	1.9 GB	2.1 GB
1352	be/7e2061	59757941_95	NFCORE_MAG:MAG:BINNING:METABAT2_METABAT2 (MEGAHIT-toy_hmp_airskinurogenital_sample_13)	CACHED	0	2026-09-13 23:29:34.618	59.9s	2s	442.7%	13.7 MB	619.5 MB	113.1 MB	70.3 MB
1378	47/77e3b0	59683903_99	NFCORE_MAG:MAG:BINNING:METABAT2_JGISUMMARIZEBAMCONTIGDEPTHS_SHORTREAD (MEGAHIT-toy_hmp_airskinurogenital_sample_16)	CACHED	0	2026-09-13 12:24:34.897	1m 59s	24s	99.2%	16.4 MB	47.1 MB	4.3 GB	1 MB
1321	b4/7f6449	59757941_40	NFCORE_MAG:MAG:BINNING:METABAT2_METABAT2 (MEGAHIT-toy_hmp_airskinurogenital_sample_9)	CACHED	0	2026-09-13 23:29:34.618	1m 30s	5s	417.8%	482.4 MB	724.1 MB	221.3 MB	137.2 MB
1380	32/e15d26	59759186_28	NFCORE_MAG:MAG:BIN_QC:CHECKM2_PREDICT (MEGAHIT-COMEBin-unclassified-toy_hmp_airskinurogenital_sample_5)	CACHED	0	2026-09-13 23:48:55.625	3m 26s	2m 50s	451.5%	11 GB	50.3 GB	8.3 GB	1.9 GB
1379	82/c13fa6	59759186_21	NFCORE_MAG:MAG:BIN_QC:CHECKM2_PREDICT (MEGAHIT-COMEBin-unclassified-toy_hmp_airskinurogenital_sample_1)	CACHED	0	2026-09-13 23:48:55.625	2m 56s	2m 20s	461.8%	11 GB	49.2 GB	7.8 GB	1.4 GB
1376	c0/9bc400	59759186_18	NFCORE_MAG:MAG:BIN_QC:CHECKM2_PREDICT (MEGAHIT-MetaBAT2-unclassified-toy_hmp_airskinurogenital_sample_1)	CACHED	0	2026-09-13 23:48:55.625	1m 56s	1m 49s	446.2%	10.4 GB	49 GB	7.3 GB	1020.7 MB
1392	47/f90ce0	59758580_38	NFCORE_MAG:MAG:BINNING:SEQKIT_STATS (MEGAHIT-MetaBAT2-toy_hmp_airskinurogenital_sample_9)	CACHED	0	2026-09-13 23:39:13.561	38.3s	0ms	76.4%	21.7 MB	1.2 GB	10.6 MB	3.6 KB
1391	a1/6f00ad	59758580_40	NFCORE_MAG:MAG:BINNING:SEQKIT_STATS (MEGAHIT-MetaBAT2-toy_hmp_airskinurogenital_sample_13)	CACHED	0	2026-09-13 23:39:13.561	38.3s	0ms	72.0%	20 MB	1.2 GB	6 MB	2.2 KB
1341	4d/04b80d	59757941_52	NFCORE_MAG:MAG:BINNING:METABAT2_METABAT2 (MEGAHIT-toy_hmp_airskinurogenital_sample_11)	CACHED	0	2026-09-13 23:29:34.618	1m 30s	19s	600.8%	3 GB	3.1 GB	264.1 MB	166.7 MB
1382	94/e8fdf5	59759186_25	NFCORE_MAG:MAG:BIN_QC:CHECKM2_PREDICT (MEGAHIT-MetaBAT2-unclassified-toy_hmp_airskinurogenital_sample_5)	CACHED	0	2026-09-13 23:48:55.625	3m 26s	2m 31s	485.2%	10.7 GB	50.2 GB	8.1 GB	1.7 GB
1318	5d/37757d	59685639_43	NFCORE_MAG:MAG:BINNING:COMEBIN_RUNCOMEBIN (MEGAHIT-toy_hmp_airskinurogenital_sample_11)	CACHED	0	2026-09-13 12:43:34.721	5h 59m	5h 23m 17s	1066.5%	15.4 GB	100.1 GB	102.8 GB	14.7 GB
1381	44/326bd0	59683903_91	NFCORE_MAG:MAG:BINNING:METABAT2_JGISUMMARIZEBAMCONTIGDEPTHS_SHORTREAD (MEGAHIT-toy_hmp_airskinurogenital_sample_17)	CACHED	0	2026-09-13 12:24:34.897	1m 59s	35s	98.9%	24.2 MB	55 MB	4.4 GB	6 MB
1295	a1/b2d72b	59648483_32	NFCORE_MAG:MAG:ASSEMBLY:SHORTREAD_ASSEMBLY:MEGAHIT (toy_hmp_airskinurogenital_sample_22)	CACHED	0	2026-09-13 04:38:29.090	55m 54s	47m 43s	667.0%	4.4 GB	6.8 GB	44.7 GB	18.7 GB
1374	93/0633ba	59757941_48	NFCORE_MAG:MAG:BINNING:METABAT2_METABAT2 (MEGAHIT-toy_hmp_airskinurogenital_sample_10)	CACHED	0	2026-09-13 23:29:34.618	1m 30s	5s	557.0%	690.4 MB	738.2 MB	221.9 MB	138.9 MB
1355	9b/fcc31e	59685639_90	NFCORE_MAG:MAG:BINNING:COMEBIN_RUNCOMEBIN (MEGAHIT-toy_hmp_airskinurogenital_sample_14)	CACHED	0	2026-09-13 12:43:34.721	1h 47m 29s	46m 38s	907.5%	14.5 GB	96 GB	84.8 GB	8.2 GB
1362	f7/1997f3	59685639_95	NFCORE_MAG:MAG:BINNING:COMEBIN_RUNCOMEBIN (MEGAHIT-toy_hmp_airskinurogenital_sample_13)	CACHED	0	2026-09-13 12:43:34.721	2h 24m 59s	1h 21m 27s	1049.9%	14.4 GB	95 GB	38.3 GB	4.3 GB
1385	58/963227	59679991_34	NFCORE_MAG:MAG:PRODIGAL (MEGAHIT-toy_hmp_airskinurogenital_sample_18)	CACHED	0	2026-09-13 11:41:23.668	4m 10s	3m 26s	92.0%	117.9 MB	12.5 GB	516.1 MB	548.5 MB
1307	e1/099b0f	59758689_12	NFCORE_MAG:MAG:BINNING:SEMIBIN_SINGLEEASYBIN (MEGAHIT-toy_hmp_airskinurogenital_sample_3)	CACHED	0	2026-09-13 23:39:54.505	3m 27s	2m 52s	165.7%	6.7 GB	24.7 GB	11.2 GB	811 MB
1372	b6/f04f68	59684030_3	NFCORE_MAG:MAG:BINNING_PREPARATION:SHORTREAD_BINNING_PREPARATION:BOWTIE2_ASSEMBLY_BUILD (MEGAHIT-toy_hmp_airskinurogenital_sample_19)	CACHED	0	2026-09-13 12:25:40.620	3m 23s	2m 34s	89.8%	1.4 GB	1.6 GB	1.1 GB	414.8 MB
1390	db/afd3fc	59758580_41	NFCORE_MAG:MAG:BINNING:SEQKIT_STATS (MEGAHIT-COMEBin-toy_hmp_airskinurogenital_sample_9)	CACHED	0	2026-09-13 23:39:13.561	38.3s	0ms	63.7%	21.4 MB	1.2 GB	14 MB	4.3 KB
1339	ae/a0b73a	59758689_18	NFCORE_MAG:MAG:BINNING:SEMIBIN_SINGLEEASYBIN (MEGAHIT-toy_hmp_airskinurogenital_sample_8)	CACHED	0	2026-09-13 23:39:54.505	2m 27s	2m 7s	163.7%	4 GB	22 GB	10.5 GB	764.1 MB
1403	d6/5fed22	59656633_23	NFCORE_MAG:MAG:ASSEMBLY:GUNZIP_SHORTREAD_ASSEMBLIES (MEGAHIT-toy_hmp_airskinurogenital_sample_22)	CACHED	0	2026-09-13 06:51:29.072	54.4s	425ms	84.7%	5.4 MB	8.1 MB	16.6 MB	56.6 MB
1365	f6/505064	59679641_25	NFCORE_MAG:MAG:BINNING_PREPARATION:SHORTREAD_BINNING_PREPARATION:BOWTIE2_ASSEMBLY_BUILD (MEGAHIT-toy_hmp_airskinurogenital_sample_15)	CACHED	0	2026-09-13 11:36:04.243	1m 55s	36s	83.8%	387 MB	534.6 MB	257.5 MB	102.4 MB
1399	6c/6d2979	59758580_46	NFCORE_MAG:MAG:BINNING:SEQKIT_STATS (MEGAHIT-COMEBin-toy_hmp_airskinurogenital_sample_11)	CACHED	0	2026-09-13 23:39:13.561	38.4s	1s	71.3%	19.7 MB	1.2 GB	26.3 MB	6.3 KB
1364	5a/621bcf	59648483_37	NFCORE_MAG:MAG:ASSEMBLY:SHORTREAD_ASSEMBLY:MEGAHIT (toy_hmp_airskinurogenital_sample_21)	CACHED	0	2026-09-13 04:38:29.090	1h 16m 24s	1h 8m 10s	674.0%	4.9 GB	7.5 GB	51.1 GB	22.8 GB
1397	d6/dbf40f	59758580_42	NFCORE_MAG:MAG:BINNING:SEQKIT_STATS (MEGAHIT-MetaBAT2-toy_hmp_airskinurogenital_sample_11)	CACHED	0	2026-09-13 23:39:13.561	38.4s	1s	75.3%	21.8 MB	1.2 GB	20 MB	5.4 KB
1398	ee/668943	59757941_88	NFCORE_MAG:MAG:BINNING:METABAT2_METABAT2 (MEGAHIT-toy_hmp_airskinurogenital_sample_17)	CACHED	0	2026-09-13 23:29:34.618	1m 30s	17s	619.4%	3.3 GB	3.3 GB	311.1 MB	196.1 MB
1387	df/4fc59d	59757941_94	NFCORE_MAG:MAG:BINNING:METABAT2_METABAT2 (MEGAHIT-toy_hmp_airskinurogenital_sample_16)	CACHED	0	2026-09-13 23:29:34.618	59.9s	2s	347.8%	5.4 MB	8.4 MB	74.7 MB	46.8 MB
1383	b4/0ae81e	59679641_28	NFCORE_MAG:MAG:BINNING_PREPARATION:SHORTREAD_BINNING_PREPARATION:BOWTIE2_ASSEMBLY_BUILD (MEGAHIT-toy_hmp_airskinurogenital_sample_18)	CACHED	0	2026-09-13 11:36:04.243	1m 55s	42s	84.8%	466.1 MB	599 MB	312.2 MB	120.2 MB
1343	2d/efed26	59758689_21	NFCORE_MAG:MAG:BINNING:SEMIBIN_SINGLEEASYBIN (MEGAHIT-toy_hmp_airskinurogenital_sample_11)	CACHED	0	2026-09-13 23:39:54.505	3m 57s	3m 8s	186.2%	15.9 GB	33.8 GB	16 GB	1.2 GB
1340	f7/750787	59648483_35	NFCORE_MAG:MAG:ASSEMBLY:SHORTREAD_ASSEMBLY:MEGAHIT (toy_hmp_airskinurogenital_sample_20)	CACHED	0	2026-09-13 04:38:29.090	1h 21m 24s	1h 13m 27s	651.3%	5.4 GB	8.2 GB	55.4 GB	25.8 GB
1344	e8/69f6e1	59758689_19	NFCORE_MAG:MAG:BINNING:SEMIBIN_SINGLEEASYBIN (MEGAHIT-toy_hmp_airskinurogenital_sample_9)	CACHED	0	2026-09-13 23:39:54.505	2m 57s	2m 15s	158.5%	5 GB	23 GB	9.8 GB	698.2 MB
1404	da/489094	59758580_53	NFCORE_MAG:MAG:BINNING:SEQKIT_STATS (MEGAHIT-COMEBin-toy_hmp_airskinurogenital_sample_14)	CACHED	0	2026-09-13 23:39:13.561	38.4s	1s	53.7%	3.1 MB	4.3 MB	22.2 MB	8.1 KB
1394	ce/14e6d0	59759186_36	NFCORE_MAG:MAG:BIN_QC:CHECKM2_PREDICT (MEGAHIT-COMEBin-unclassified-toy_hmp_airskinurogenital_sample_7)	CACHED	0	2026-09-13 23:48:55.625	3m 26s	2m 37s	458.7%	10.6 GB	49.1 GB	7.4 GB	1.1 GB
1407	01/5d7f74	59679991_39	NFCORE_MAG:MAG:PRODIGAL (MEGAHIT-toy_hmp_airskinurogenital_sample_22)	CACHED	0	2026-09-13 11:41:23.668	3m 40s	2m 51s	92.9%	53.6 MB	118.9 MB	375.8 MB	399.9 MB
1369	a1/4e094d	59685639_42	NFCORE_MAG:MAG:BINNING:COMEBIN_RUNCOMEBIN (MEGAHIT-toy_hmp_airskinurogenital_sample_10)	CACHED	0	2026-09-13 12:43:34.721	3h 5m 29s	2h 29m 54s	1058.9%	14.8 GB	97.6 GB	71.3 GB	8.2 GB
1412	94/5227ce	59679641_31	NFCORE_MAG:MAG:BINNING_PREPARATION:SHORTREAD_BINNING_PREPARATION:BOWTIE2_ASSEMBLY_BUILD (MEGAHIT-toy_hmp_airskinurogenital_sample_22)	CACHED	0	2026-09-13 11:36:04.243	1m 55s	29s	83.4%	354.5 MB	499 MB	228 MB	89.1 MB
1377	aa/7b8f1b	59757941_53	NFCORE_MAG:MAG:BINNING:METABAT2_METABAT2 (MEGAHIT-toy_hmp_airskinurogenital_sample_12)	CACHED	0	2026-09-13 23:29:34.618	59.8s	2s	493.6%	213.2 MB	960.9 MB	150.1 MB	93 MB
1388	96/4a1a1a	59685639_48	NFCORE_MAG:MAG:BINNING:COMEBIN_RUNCOMEBIN (MEGAHIT-toy_hmp_airskinurogenital_sample_12)	CACHED	0	2026-09-13 12:43:34.721	2h 32m 59s	1h 49m 29s	1084.5%	14.5 GB	95.8 GB	41.5 GB	5.2 GB
1395	36/364898	59759186_32	NFCORE_MAG:MAG:BIN_QC:CHECKM2_PREDICT (MEGAHIT-MetaBAT2-unclassified-toy_hmp_airskinurogenital_sample_4)	CACHED	0	2026-09-13 23:48:55.625	4m 26s	3m 35s	433.9%	14.4 GB	49.5 GB	7.8 GB	1.4 GB
1384	5a/e7f095	59759186_22	NFCORE_MAG:MAG:BIN_QC:CHECKM2_PREDICT (MEGAHIT-MetaBAT2-unclassified-toy_hmp_airskinurogenital_sample_3)	CACHED	0	2026-09-13 23:48:55.625	2m 56s	1m 54s	453.4%	11.2 GB	48.7 GB	7.6 GB	1.2 GB
1414	ed/827caa	59656633_56	NFCORE_MAG:MAG:ASSEMBLY:GUNZIP_SHORTREAD_ASSEMBLIES (MEGAHIT-toy_hmp_airskinurogenital_sample_21)	CACHED	0	2026-09-13 06:51:29.072	54.5s	676ms	91.8%	5.2 MB	8.1 MB	31.8 MB	108.9 MB
1423	38/93f763	59656633_70	NFCORE_MAG:MAG:ASSEMBLY:GUNZIP_SHORTREAD_ASSEMBLIES (MEGAHIT-toy_hmp_airskinurogenital_sample_20)	CACHED	0	2026-09-13 06:51:29.072	54.6s	1s	87.8%	5.4 MB	8.1 MB	53.7 MB	183.2 MB
1415	18/751559	59758689_20	NFCORE_MAG:MAG:BINNING:SEMIBIN_SINGLEEASYBIN (MEGAHIT-toy_hmp_airskinurogenital_sample_13)	CACHED	0	2026-09-13 23:39:54.505	2m 27s	1m 39s	145.7%	714.7 MB	3.7 GB	7.7 GB	498.7 MB
1351	6b/ab80b5	59648483_64	NFCORE_MAG:MAG:ASSEMBLY:SHORTREAD_ASSEMBLY:MEGAHIT (toy_hmp_airskinurogenital_sample_23)	CACHED	0	2026-09-13 04:38:29.090	1h 23m 25s	1h 1m 44s	706.1%	4.9 GB	7.5 GB	47.6 GB	20.6 GB
1410	27/022df7	59759186_24	NFCORE_MAG:MAG:BIN_QC:CHECKM2_PREDICT (MEGAHIT-COMEBin-unclassified-toy_hmp_airskinurogenital_sample_3)	CACHED	0	2026-09-13 23:48:55.625	2m 56s	2m 14s	478.9%	14.7 GB	49.4 GB	7.8 GB	1.4 GB
1400	c9/8bff4a	59685639_99	NFCORE_MAG:MAG:BINNING:COMEBIN_RUNCOMEBIN (MEGAHIT-toy_hmp_airskinurogenital_sample_16)	CACHED	0	2026-09-13 12:43:34.721	1h 36m 29s	28m 12s	930.3%	14 GB	93.8 GB	34.1 GB	3 GB
1424	6b/cb15ad	59759186_34	NFCORE_MAG:MAG:BIN_QC:CHECKM2_PREDICT (MEGAHIT-COMEBin-unclassified-toy_hmp_airskinurogenital_sample_4)	CACHED	0	2026-09-13 23:48:55.625	3m 26s	2m 24s	503.4%	11.5 GB	49 GB	8.2 GB	1.7 GB
1370	95/a43950	59648483_65	NFCORE_MAG:MAG:ASSEMBLY:SHORTREAD_ASSEMBLY:MEGAHIT (toy_hmp_airskinurogenital_sample_25)	CACHED	0	2026-09-13 04:38:29.090	1h 25m 54s	1h 4m 10s	689.2%	4.8 GB	7.3 GB	52.2 GB	23.6 GB
1416	74/e6f526	59758689_22	NFCORE_MAG:MAG:BINNING:SEMIBIN_SINGLEEASYBIN (MEGAHIT-toy_hmp_airskinurogenital_sample_10)	CACHED	0	2026-09-13 23:39:54.505	3m 27s	2m 23s	169.2%	5.6 GB	23.6 GB	12.5 GB	956.3 MB
1413	57/a2bc3e	59681903_25	NFCORE_MAG:MAG:BINNING_PREPARATION:SHORTREAD_BINNING_PREPARATION:BOWTIE2_ASSEMBLY_ALIGN (MEGAHIT-toy_hmp_airskinurogenital_sample_15-toy_hmp_airskinurogenital_sample_15)	CACHED	0	2026-09-13 12:04:04.771	17m 59s	16m 45s	749.7%	6.8 GB	9.1 GB	29.9 GB	25.7 GB
1417	c5/709c69	59681903_26	NFCORE_MAG:MAG:BINNING_PREPARATION:SHORTREAD_BINNING_PREPARATION:BOWTIE2_ASSEMBLY_ALIGN (MEGAHIT-toy_hmp_airskinurogenital_sample_18-toy_hmp_airskinurogenital_sample_18)	CACHED	0	2026-09-13 12:04:04.771	15m 59s	14m 38s	745.6%	6.9 GB	9.3 GB	30 GB	25.7 GB
1393	0a/c59a82	59759186_33	NFCORE_MAG:MAG:BIN_QC:CHECKM2_PREDICT (MEGAHIT-MetaBAT2-unclassified-toy_hmp_airskinurogenital_sample_7)	CACHED	0	2026-09-13 23:48:55.625	3m 26s	2m 40s	414.2%	9.4 GB	49.2 GB	7.3 GB	966.4 MB
1353	bd/68da1f	59758689_25	NFCORE_MAG:MAG:BINNING:SEMIBIN_SINGLEEASYBIN (MEGAHIT-toy_hmp_airskinurogenital_sample_14)	CACHED	0	2026-09-13 23:39:54.505	5m 27s	4m 26s	157.0%	5.4 GB	23.5 GB	13.2 GB	957.6 MB
1405	1c/a19b69	59758580_44	NFCORE_MAG:MAG:BINNING:SEQKIT_STATS (MEGAHIT-MetaBAT2-toy_hmp_airskinurogenital_sample_10)	CACHED	0	2026-09-13 23:39:13.561	38.4s	1s	72.6%	19.7 MB	1.2 GB	13.6 MB	5 KB
1434	5f/1bb9ec	59679641_30	NFCORE_MAG:MAG:BINNING_PREPARATION:SHORTREAD_BINNING_PREPARATION:BOWTIE2_ASSEMBLY_BUILD (MEGAHIT-toy_hmp_airskinurogenital_sample_20)	CACHED	0	2026-09-13 11:36:04.243	2m 55s	1m 38s	88.9%	1015.9 MB	1.1 GB	734.2 MB	278 MB
1436	9d/3a3631	59656633_76	NFCORE_MAG:MAG:ASSEMBLY:GUNZIP_SHORTREAD_ASSEMBLIES (MEGAHIT-toy_hmp_airskinurogenital_sample_23)	CACHED	0	2026-09-13 06:51:29.072	54.6s	404ms	82.0%	5.4 MB	8.1 MB	19.9 MB	67.6 MB
1437	99/869b49	59759186_41	NFCORE_MAG:MAG:BIN_QC:CHECKM2_PREDICT (MEGAHIT-COMEBin-unclassified-toy_hmp_airskinurogenital_sample_8)	CACHED	0	2026-09-13 23:48:55.625	2m 26s	1m 33s	454.8%	9.9 GB	49 GB	7.4 GB	1 GB
1443	7c/ba4e5c	59656633_81	NFCORE_MAG:MAG:ASSEMBLY:GUNZIP_SHORTREAD_ASSEMBLIES (MEGAHIT-toy_hmp_airskinurogenital_sample_25)	CACHED	0	2026-09-13 06:51:29.072	54.6s	717ms	95.2%	5.3 MB	8.1 MB	40.6 MB	138.8 MB
1431	84/5d585c	59679641_33	NFCORE_MAG:MAG:BINNING_PREPARATION:SHORTREAD_BINNING_PREPARATION:BOWTIE2_ASSEMBLY_BUILD (MEGAHIT-toy_hmp_airskinurogenital_sample_21)	CACHED	0	2026-09-13 11:36:04.243	1m 55s	55s	88.0%	629 MB	766.6 MB	437.1 MB	167.4 MB
1429	5a/70ac7d	59759186_49	NFCORE_MAG:MAG:BIN_QC:CHECKM2_PREDICT (MEGAHIT-MetaBAT2-unclassified-toy_hmp_airskinurogenital_sample_14)	CACHED	0	2026-09-13 23:48:55.625	3m 26s	2m 49s	469.2%	11.1 GB	49.5 GB	8.2 GB	1.7 GB
1433	29/6c3847	59679991_37	NFCORE_MAG:MAG:PRODIGAL (MEGAHIT-toy_hmp_airskinurogenital_sample_20)	CACHED	0	2026-09-13 11:41:23.668	9m 40s	8m 32s	92.0%	122.4 MB	12.6 GB	1.3 GB	1.3 GB
1425	e5/76e7d1	59681903_30	NFCORE_MAG:MAG:BINNING_PREPARATION:SHORTREAD_BINNING_PREPARATION:BOWTIE2_ASSEMBLY_ALIGN (MEGAHIT-toy_hmp_airskinurogenital_sample_22-toy_hmp_airskinurogenital_sample_22)	CACHED	0	2026-09-13 12:04:04.772	15m 29s	14m 25s	747.4%	6.8 GB	9.1 GB	29.9 GB	25.6 GB
1441	09/8798ad	59683903_95	NFCORE_MAG:MAG:BINNING:METABAT2_JGISUMMARIZEBAMCONTIGDEPTHS_SHORTREAD (MEGAHIT-toy_hmp_airskinurogenital_sample_15)	CACHED	0	2026-09-13 12:24:34.897	2m 29s	29s	99.6%	19.8 MB	50.4 MB	4.3 GB	3.1 MB
1420	ac/10f85a	59648483_75	NFCORE_MAG:MAG:ASSEMBLY:SHORTREAD_ASSEMBLY:MEGAHIT (toy_hmp_gastrooral_sample_0)	CACHED	0	2026-09-13 04:38:29.090	1h 41m 24s	1h 15m 58s	664.2%	4.7 GB	7.1 GB	49.9 GB	22 GB
1427	0f/8531dc	59758580_39	NFCORE_MAG:MAG:BINNING:SEQKIT_STATS (MEGAHIT-COMEBin-toy_hmp_airskinurogenital_sample_13)	CACHED	0	2026-09-13 23:39:13.561	38.3s	0ms	59.5%	22.7 MB	1.2 GB	8.2 MB	3.1 KB
1430	b1/e37624	59759186_37	NFCORE_MAG:MAG:BIN_QC:CHECKM2_PREDICT (MEGAHIT-MetaBAT2-unclassified-toy_hmp_airskinurogenital_sample_8)	CACHED	0	2026-09-13 23:48:55.625	2m 26s	1m 43s	417.6%	9 GB	49.1 GB	7.2 GB	957.4 MB
1401	1f/e0887d	59648483_43	NFCORE_MAG:MAG:ASSEMBLY:SHORTREAD_ASSEMBLY:MEGAHIT (toy_hmp_airskinurogenital_sample_26)	CACHED	0	2026-09-13 04:38:29.090	1h 28m 54s	1h 17m 12s	582.4%	4.8 GB	7.3 GB	49.7 GB	22 GB
1432	fb/0ae81f	59679991_38	NFCORE_MAG:MAG:PRODIGAL (MEGAHIT-toy_hmp_airskinurogenital_sample_21)	CACHED	0	2026-09-13 11:41:23.668	7m 10s	6m 2s	92.4%	121.8 MB	12.6 GB	811.4 MB	876.8 MB
1457	f7/faf7f9	59758580_51	NFCORE_MAG:MAG:BINNING:SEQKIT_STATS (MEGAHIT-MetaBAT2-toy_hmp_airskinurogenital_sample_16)	CACHED	0	2026-09-13 23:39:13.561	38.4s	0ms	71.8%	22.8 MB	1.2 GB	6.1 MB	2.4 KB
1450	a2/721b85	59679991_40	NFCORE_MAG:MAG:PRODIGAL (MEGAHIT-toy_hmp_airskinurogenital_sample_23)	CACHED	0	2026-09-13 11:41:23.668	4m 40s	3m 51s	92.2%	119.3 MB	12.6 GB	467.8 MB	498.8 MB
1463	df/c51319	59656633_96	NFCORE_MAG:MAG:ASSEMBLY:GUNZIP_SHORTREAD_ASSEMBLIES (MEGAHIT-toy_hmp_gastrooral_sample_0)	CACHED	0	2026-09-13 06:51:29.072	54.7s	639ms	92.8%	5 MB	8 MB	32.7 MB	112 MB
1453	26/6a4a5f	59759186_42	NFCORE_MAG:MAG:BIN_QC:CHECKM2_PREDICT (MEGAHIT-COMEBin-unclassified-toy_hmp_airskinurogenital_sample_9)	CACHED	0	2026-09-13 23:48:55.625	2m 26s	1m 45s	469.6%	10.6 GB	49.3 GB	7.4 GB	1.1 GB
1442	f3/6d4ba1	59685639_94	NFCORE_MAG:MAG:BINNING:COMEBIN_RUNCOMEBIN (MEGAHIT-toy_hmp_airskinurogenital_sample_15)	CACHED	0	2026-09-13 12:43:34.721	3h 25m 29s	2h 22m 34s	1075.2%	14.7 GB	96.8 GB	47.2 GB	6.3 GB
1438	72/f72e56	59759186_35	NFCORE_MAG:MAG:BIN_QC:CHECKM2_PREDICT (MEGAHIT-MetaBAT2-unclassified-toy_hmp_airskinurogenital_sample_9)	CACHED	0	2026-09-13 23:48:55.625	2m 56s	1m 57s	443.3%	9.2 GB	48.8 GB	7.2 GB	934.6 MB
1452	84/d5e207	59759186_38	NFCORE_MAG:MAG:BIN_QC:CHECKM2_PREDICT (MEGAHIT-MetaBAT2-unclassified-toy_hmp_airskinurogenital_sample_13)	CACHED	0	2026-09-13 23:48:55.625	1m 56s	1m 13s	419.2%	8.4 GB	48.7 GB	6.8 GB	563.8 MB
1408	62/79bcd7	59685639_91	NFCORE_MAG:MAG:BINNING:COMEBIN_RUNCOMEBIN (MEGAHIT-toy_hmp_airskinurogenital_sample_17)	CACHED	0	2026-09-13 12:43:34.721	6h 55m 59s	5h 53m 59s	1076.2%	15.3 GB	100.4 GB	113.8 GB	16.9 GB
1465	4a/18b09a	59758580_45	NFCORE_MAG:MAG:BINNING:SEQKIT_STATS (MEGAHIT-MetaBAT2-toy_hmp_airskinurogenital_sample_12)	CACHED	0	2026-09-13 23:39:13.561	38.4s	0ms	72.9%	3.2 MB	4.3 MB	6.3 MB	2.6 KB
1468	12/aade7e	59656633_85	NFCORE_MAG:MAG:ASSEMBLY:GUNZIP_SHORTREAD_ASSEMBLIES (MEGAHIT-toy_hmp_airskinurogenital_sample_26)	CACHED	0	2026-09-13 06:51:29.072	54.6s	531ms	85.2%	4.8 MB	8 MB	28.3 MB	96.2 MB
1460	c7/b6eaa0	59683903_76	NFCORE_MAG:MAG:BINNING:METABAT2_JGISUMMARIZEBAMCONTIGDEPTHS_SHORTREAD (MEGAHIT-toy_hmp_airskinurogenital_sample_22)	CACHED	0	2026-09-13 12:24:34.897	1m 59s	28s	99.3%	15.8 MB	46.3 MB	4.3 GB	658 KB
1440	e5/f3062a	59758580_56	NFCORE_MAG:MAG:BINNING:SEQKIT_STATS (MEGAHIT-MetaBAT2-toy_hmp_airskinurogenital_sample_17)	CACHED	0	2026-09-13 23:39:13.561	38.4s	2s	74.0%	48.1 MB	1.2 GB	21 MB	5.9 KB
1458	6f/31b706	59757941_99	NFCORE_MAG:MAG:BINNING:METABAT2_METABAT2 (MEGAHIT-toy_hmp_airskinurogenital_sample_15)	CACHED	0	2026-09-13 23:29:34.618	2m	3s	487.0%	336.3 MB	912.4 MB	135.6 MB	84.8 MB
1448	e5/614a44	59683903_83	NFCORE_MAG:MAG:BINNING:METABAT2_JGISUMMARIZEBAMCONTIGDEPTHS_SHORTREAD (MEGAHIT-toy_hmp_airskinurogenital_sample_18)	CACHED	0	2026-09-13 12:24:34.897	1m 59s	26s	99.0%	17.7 MB	48.2 MB	4.3 GB	1.8 MB
1454	4b/e98977	59679641_36	NFCORE_MAG:MAG:BINNING_PREPARATION:SHORTREAD_BINNING_PREPARATION:BOWTIE2_ASSEMBLY_BUILD (MEGAHIT-toy_hmp_airskinurogenital_sample_25)	CACHED	0	2026-09-13 11:36:04.243	2m 25s	1m 12s	89.1%	787.7 MB	912.7 MB	556.7 MB	210.1 MB
1439	1f/47ce9f	59758689_29	NFCORE_MAG:MAG:BINNING:SEMIBIN_SINGLEEASYBIN (MEGAHIT-toy_hmp_airskinurogenital_sample_17)	CACHED	0	2026-09-13 23:39:54.506	3m 57s	3m 11s	191.1%	16.5 GB	34.4 GB	14.4 GB	1.1 GB
1475	d2/b1953e	59759186_44	NFCORE_MAG:MAG:BIN_QC:CHECKM2_PREDICT (MEGAHIT-MetaBAT2-unclassified-toy_hmp_airskinurogenital_sample_10)	CACHED	0	2026-09-13 23:48:55.625	2m 56s	2m 11s	452.4%	10.5 GB	49 GB	7.6 GB	1.3 GB
1470	51/e54ab7	59759186_39	NFCORE_MAG:MAG:BIN_QC:CHECKM2_PREDICT (MEGAHIT-MetaBAT2-unclassified-toy_hmp_airskinurogenital_sample_11)	CACHED	0	2026-09-13 23:48:55.625	3m 56s	3m 9s	442.3%	10.8 GB	49.2 GB	7.9 GB	1.5 GB
1422	07/7e84ec	59758689_23	NFCORE_MAG:MAG:BINNING:SEMIBIN_SINGLEEASYBIN (MEGAHIT-toy_hmp_airskinurogenital_sample_12)	CACHED	0	2026-09-13 23:39:54.505	2m 27s	1m 37s	146.9%	811.7 MB	3.9 GB	7.9 GB	466.5 MB
1473	03/b9cfe3	59679991_47	NFCORE_MAG:MAG:PRODIGAL (MEGAHIT-toy_hmp_gastrooral_sample_0)	CACHED	0	2026-09-13 11:41:23.668	6m 10s	5m 13s	93.6%	120.7 MB	12.6 GB	787.3 MB	842.8 MB
1472	95/22d8af	59679641_41	NFCORE_MAG:MAG:BINNING_PREPARATION:SHORTREAD_BINNING_PREPARATION:BOWTIE2_ASSEMBLY_BUILD (MEGAHIT-toy_hmp_gastrooral_sample_0)	CACHED	0	2026-09-13 11:36:04.243	2m 25s	1m 1s	87.7%	645.8 MB	783.8 MB	449.3 MB	171.5 MB
1480	50/237f55	59679641_34	NFCORE_MAG:MAG:BINNING_PREPARATION:SHORTREAD_BINNING_PREPARATION:BOWTIE2_ASSEMBLY_BUILD (MEGAHIT-toy_hmp_airskinurogenital_sample_26)	CACHED	0	2026-09-13 11:36:04.243	1m 55s	49s	87.8%	563.7 MB	698.2 MB	386.3 MB	149.1 MB
1447	55/25e55c	59685639_83	NFCORE_MAG:MAG:BINNING:COMEBIN_RUNCOMEBIN (MEGAHIT-toy_hmp_airskinurogenital_sample_18)	CACHED	0	2026-09-13 12:43:34.721	4h 15m 29s	3h 18m 1s	1099.5%	14.8 GB	97.9 GB	77.5 GB	9.5 GB
1467	28/3c25c1	59648483_36	NFCORE_MAG:MAG:ASSEMBLY:SHORTREAD_ASSEMBLY:MEGAHIT (toy_hmp_gastrooral_sample_2)	CACHED	0	2026-09-13 04:38:29.090	1h 6m 24s	58m 23s	710.1%	4.6 GB	7 GB	48.8 GB	21.3 GB
1479	ed/536931	59757941_76	NFCORE_MAG:MAG:BINNING:METABAT2_METABAT2 (MEGAHIT-toy_hmp_airskinurogenital_sample_22)	CACHED	0	2026-09-13 23:29:34.618	59.8s	2s	476.3%	5.4 MB	8.4 MB	115.9 MB	73.8 MB
1484	24/818a4b	59681903_36	NFCORE_MAG:MAG:BINNING_PREPARATION:SHORTREAD_BINNING_PREPARATION:BOWTIE2_ASSEMBLY_ALIGN (MEGAHIT-toy_hmp_airskinurogenital_sample_25-toy_hmp_airskinurogenital_sample_25)	CACHED	0	2026-09-13 12:04:04.772	15m 59s	14m 26s	750.2%	7 GB	9.2 GB	30.2 GB	25.9 GB
1478	4c/a7424d	59679991_41	NFCORE_MAG:MAG:PRODIGAL (MEGAHIT-toy_hmp_airskinurogenital_sample_26)	CACHED	0	2026-09-13 11:41:23.668	7m 10s	6m 7s	92.4%	122.2 MB	12.6 GB	700.7 MB	755.1 MB
1461	d8/50daa8	59681903_31	NFCORE_MAG:MAG:BINNING_PREPARATION:SHORTREAD_BINNING_PREPARATION:BOWTIE2_ASSEMBLY_ALIGN (MEGAHIT-toy_hmp_airskinurogenital_sample_21-toy_hmp_airskinurogenital_sample_21)	CACHED	0	2026-09-13 12:04:04.772	12m 59s	11m 47s	755.8%	7 GB	9.4 GB	30 GB	25.7 GB
1445	4b/2fc1a4	59758689_24	NFCORE_MAG:MAG:BINNING:SEMIBIN_SINGLEEASYBIN (MEGAHIT-toy_hmp_airskinurogenital_sample_15)	CACHED	0	2026-09-13 23:39:54.505	2m 57s	1m 50s	150.9%	4 GB	22 GB	8.1 GB	513 MB
1449	e5/bfd596	59681903_29	NFCORE_MAG:MAG:BINNING_PREPARATION:SHORTREAD_BINNING_PREPARATION:BOWTIE2_ASSEMBLY_ALIGN (MEGAHIT-toy_hmp_airskinurogenital_sample_20-toy_hmp_airskinurogenital_sample_20)	CACHED	0	2026-09-13 12:04:04.772	16m 29s	15m 21s	749.5%	7.1 GB	9.4 GB	30.2 GB	25.8 GB
1459	3c/d13733	59685639_74	NFCORE_MAG:MAG:BINNING:COMEBIN_RUNCOMEBIN (MEGAHIT-toy_hmp_airskinurogenital_sample_22)	CACHED	0	2026-09-13 12:43:34.721	1h 27m 59s	34m 59s	945.3%	14.2 GB	94.4 GB	60 GB	5.1 GB
1455	c8/308e8d	59679991_44	NFCORE_MAG:MAG:PRODIGAL (MEGAHIT-toy_hmp_airskinurogenital_sample_25)	CACHED	0	2026-09-13 11:41:23.668	8m 10s	7m 13s	92.9%	122.2 MB	12.6 GB	999.9 MB	1.1 GB
1456	32/6026f4	59759186_47	NFCORE_MAG:MAG:BIN_QC:CHECKM2_PREDICT (MEGAHIT-COMEBin-unclassified-toy_hmp_airskinurogenital_sample_11)	CACHED	0	2026-09-13 23:48:55.625	3m 56s	3m 6s	505.2%	12.4 GB	49.4 GB	8.3 GB	1.8 GB
1477	70/67a08b	59758580_52	NFCORE_MAG:MAG:BINNING:SEQKIT_STATS (MEGAHIT-COMEBin-toy_hmp_airskinurogenital_sample_16)	CACHED	0	2026-09-13 23:39:13.561	38.4s	1s	53.6%	3.1 MB	4.3 MB	7.3 MB	2.7 KB
1451	d0/8e3d60	59679641_29	NFCORE_MAG:MAG:BINNING_PREPARATION:SHORTREAD_BINNING_PREPARATION:BOWTIE2_ASSEMBLY_BUILD (MEGAHIT-toy_hmp_airskinurogenital_sample_23)	CACHED	0	2026-09-13 11:36:04.243	1m 55s	36s	84.2%	406 MB	554.1 MB	271.7 MB	107.1 MB
1421	6d/9e9683	59648483_40	NFCORE_MAG:MAG:ASSEMBLY:SHORTREAD_ASSEMBLY:MEGAHIT (toy_hmp_airskinurogenital_sample_24)	CACHED	0	2026-09-13 04:38:29.090	59m 54s	48m 32s	738.4%	5.2 GB	7.6 GB	47.6 GB	20.6 GB
1474	2e/be3b1b	59759186_51	NFCORE_MAG:MAG:BIN_QC:CHECKM2_PREDICT (MEGAHIT-COMEBin-unclassified-toy_hmp_airskinurogenital_sample_14)	CACHED	0	2026-09-13 23:48:55.625	4m 26s	3m 30s	461.2%	11.4 GB	49.5 GB	8.3 GB	1.9 GB
1471	e9/c686c2	59758580_48	NFCORE_MAG:MAG:BINNING:SEQKIT_STATS (MEGAHIT-COMEBin-toy_hmp_airskinurogenital_sample_12)	CACHED	0	2026-09-13 23:39:13.561	38.4s	0ms	58.4%	3.2 MB	4.3 MB	9.3 MB	4 KB
1444	98/8ddc10	59648483_45	NFCORE_MAG:MAG:ASSEMBLY:SHORTREAD_ASSEMBLY:MEGAHIT (toy_hmp_airskinurogenital_sample_28)	CACHED	0	2026-09-13 04:38:29.090	1h 5m 24s	53m 58s	678.5%	3.9 GB	3.9 GB	43.4 GB	17.8 GB
1435	33/55f528	59758689_26	NFCORE_MAG:MAG:BINNING:SEMIBIN_SINGLEEASYBIN (MEGAHIT-toy_hmp_airskinurogenital_sample_16)	CACHED	0	2026-09-13 23:39:54.505	3m 27s	2m 26s	128.0%	598.1 MB	3.6 GB	7 GB	423.7 MB
1446	3f/8850a2	59648483_79	NFCORE_MAG:MAG:ASSEMBLY:SHORTREAD_ASSEMBLY:MEGAHIT (toy_hmp_airskinurogenital_sample_27)	CACHED	0	2026-09-13 04:38:29.090	2h 12m 54s	1h 43m 55s	701.2%	5.3 GB	8.1 GB	59.1 GB	28.2 GB
1501	73/6c435c	59656633_34	NFCORE_MAG:MAG:ASSEMBLY:GUNZIP_SHORTREAD_ASSEMBLIES (MEGAHIT-toy_hmp_airskinurogenital_sample_28)	CACHED	0	2026-09-13 06:51:29.072	54.5s	373ms	83.3%	5.4 MB	8.1 MB	13 MB	44.8 MB
1485	7e/98120a	59759186_53	NFCORE_MAG:MAG:BIN_QC:CHECKM2_PREDICT (MEGAHIT-MetaBAT2-unclassified-toy_hmp_airskinurogenital_sample_16)	CACHED	0	2026-09-13 23:48:55.625	1m 56s	1m 14s	437.5%	8.4 GB	46 GB	6.9 GB	628.2 MB
1496	e4/6dfd4f	59683903_82	NFCORE_MAG:MAG:BINNING:METABAT2_JGISUMMARIZEBAMCONTIGDEPTHS_SHORTREAD (MEGAHIT-toy_hmp_airskinurogenital_sample_25)	CACHED	0	2026-09-13 12:24:34.897	1m 59s	30s	99.4%	22.2 MB	52.8 MB	4.4 GB	4.7 MB
1489	b7/4b5ada	59681903_39	NFCORE_MAG:MAG:BINNING_PREPARATION:SHORTREAD_BINNING_PREPARATION:BOWTIE2_ASSEMBLY_ALIGN (MEGAHIT-toy_hmp_gastrooral_sample_0-toy_hmp_gastrooral_sample_0)	CACHED	0	2026-09-13 12:04:04.772	16m 59s	15m 28s	747.6%	7 GB	9.3 GB	30.1 GB	25.7 GB
1499	6a/c9dd1a	59656633_27	NFCORE_MAG:MAG:ASSEMBLY:GUNZIP_SHORTREAD_ASSEMBLIES (MEGAHIT-toy_hmp_airskinurogenital_sample_24)	CACHED	0	2026-09-13 06:51:29.072	54.4s	360ms	87.2%	5.3 MB	8.1 MB	20.3 MB	68.6 MB
1466	51/1af003	59758580_43	NFCORE_MAG:MAG:BINNING:SEQKIT_STATS (MEGAHIT-COMEBin-toy_hmp_airskinurogenital_sample_10)	CACHED	0	2026-09-13 23:39:13.561	38.4s	0ms	63.6%	19.8 MB	1.2 GB	17.1 MB	9.8 KB
1492	ef/53be6f	59656633_36	NFCORE_MAG:MAG:ASSEMBLY:GUNZIP_SHORTREAD_ASSEMBLIES (MEGAHIT-toy_hmp_gastrooral_sample_2)	CACHED	0	2026-09-13 06:51:29.072	54.5s	522ms	92.8%	5.2 MB	8.1 MB	28.5 MB	98 MB
1508	86/3d8f9a	59759186_56	NFCORE_MAG:MAG:BIN_QC:CHECKM2_PREDICT (MEGAHIT-MetaBAT2-unclassified-toy_hmp_airskinurogenital_sample_17)	CACHED	0	2026-09-13 23:48:55.625	3m 56s	2m 54s	467.9%	11 GB	49.4 GB	8 GB	1.5 GB
1498	4d/822815	59758580_49	NFCORE_MAG:MAG:BINNING:SEQKIT_STATS (MEGAHIT-COMEBin-toy_hmp_airskinurogenital_sample_15)	CACHED	0	2026-09-13 23:39:13.561	38.4s	0ms	61.1%	23.9 MB	1.2 GB	10.8 MB	3 KB
1486	ca/683711	59759186_46	NFCORE_MAG:MAG:BIN_QC:CHECKM2_PREDICT (MEGAHIT-MetaBAT2-unclassified-toy_hmp_airskinurogenital_sample_12)	CACHED	0	2026-09-13 23:48:55.625	1m 56s	1m 20s	407.0%	8.8 GB	48.8 GB	6.8 GB	582.8 MB
1476	cf/628c75	59759186_40	NFCORE_MAG:MAG:BIN_QC:CHECKM2_PREDICT (MEGAHIT-COMEBin-unclassified-toy_hmp_airskinurogenital_sample_13)	CACHED	0	2026-09-13 23:48:55.625	2m 26s	1m 46s	393.4%	11.2 GB	48.9 GB	6.9 GB	682.6 MB
1516	83/b46fbb	59679991_43	NFCORE_MAG:MAG:PRODIGAL (MEGAHIT-toy_hmp_airskinurogenital_sample_28)	CACHED	0	2026-09-13 11:41:23.668	2m 40s	1m 44s	90.2%	59.2 MB	124.8 MB	289.3 MB	303.3 MB
1513	de/16dfad	59683693_93	NFCORE_MAG:MAG:ASSEMBLY:GUNZIP_SHORTREAD_ASSEMBLIES (MEGAHIT-toy_hmp_airskinurogenital_sample_27)	CACHED	0	2026-09-13 12:23:04.761	59.4s	1.5s	81.2%	5.2 MB	8.1 MB	66.9 MB	228.3 MB
1511	23/c11b5c	59683903_85	NFCORE_MAG:MAG:BINNING:METABAT2_JGISUMMARIZEBAMCONTIGDEPTHS_SHORTREAD (MEGAHIT-toy_hmp_airskinurogenital_sample_20)	CACHED	0	2026-09-13 12:24:34.897	1m 59s	37s	99.7%	29.3 MB	60 MB	4.4 GB	9.2 MB
1523	f6/452449	59679641_42	NFCORE_MAG:MAG:BINNING_PREPARATION:SHORTREAD_BINNING_PREPARATION:BOWTIE2_ASSEMBLY_BUILD (MEGAHIT-toy_hmp_gastrooral_sample_2)	CACHED	0	2026-09-13 11:36:04.243	1m 55s	50s	88.6%	567.3 MB	705.4 MB	393.3 MB	150.2 MB
1491	2d/a7e47f	59681903_33	NFCORE_MAG:MAG:BINNING_PREPARATION:SHORTREAD_BINNING_PREPARATION:BOWTIE2_ASSEMBLY_ALIGN (MEGAHIT-toy_hmp_airskinurogenital_sample_26-toy_hmp_airskinurogenital_sample_26)	CACHED	0	2026-09-13 12:04:04.772	13m 59s	12m 48s	753.2%	7 GB	9.3 GB	30.1 GB	25.8 GB
1462	78/1ae758	59758689_27	NFCORE_MAG:MAG:BINNING:SEMIBIN_SINGLEEASYBIN (MEGAHIT-toy_hmp_airskinurogenital_sample_18)	CACHED	0	2026-09-13 23:39:54.506	3m 27s	2m 29s	178.0%	8.7 GB	26.7 GB	12.6 GB	877.8 MB
1507	c0/e4fac0	59681903_32	NFCORE_MAG:MAG:BINNING_PREPARATION:SHORTREAD_BINNING_PREPARATION:BOWTIE2_ASSEMBLY_ALIGN (MEGAHIT-toy_hmp_airskinurogenital_sample_23-toy_hmp_airskinurogenital_sample_23)	CACHED	0	2026-09-13 12:04:04.772	14m 59s	13m 43s	750.5%	6.9 GB	9.2 GB	30 GB	25.7 GB
1510	d6/79a104	59683903_32	NFCORE_MAG:MAG:BINNING:METABAT2_JGISUMMARIZEBAMCONTIGDEPTHS_SHORTREAD (MEGAHIT-toy_hmp_airskinurogenital_sample_21)	CACHED	0	2026-09-13 12:24:34.897	1m 29s	32s	99.4%	21.7 MB	52.2 MB	4.3 GB	4.3 MB
1500	7f/e35414	59758580_58	NFCORE_MAG:MAG:BINNING:SEQKIT_STATS (MEGAHIT-COMEBin-toy_hmp_airskinurogenital_sample_17)	CACHED	0	2026-09-13 23:39:13.561	38.4s	0ms	64.4%	19.1 MB	1.2 GB	28.4 MB	10.5 KB
1515	b0/66f820	59679641_35	NFCORE_MAG:MAG:BINNING_PREPARATION:SHORTREAD_BINNING_PREPARATION:BOWTIE2_ASSEMBLY_BUILD (MEGAHIT-toy_hmp_airskinurogenital_sample_28)	CACHED	0	2026-09-13 11:36:04.243	1m 25s	23s	84.4%	288.5 MB	434.3 MB	180.6 MB	72.8 MB
1522	1a/4600f8	59683903_89	NFCORE_MAG:MAG:BINNING:METABAT2_JGISUMMARIZEBAMCONTIGDEPTHS_SHORTREAD (MEGAHIT-toy_hmp_gastrooral_sample_0)	CACHED	0	2026-09-13 12:24:34.897	1m 59s	28s	99.4%	21.4 MB	52.1 MB	4.3 GB	4.1 MB
1504	bb/c2da8e	59685639_34	NFCORE_MAG:MAG:BINNING:COMEBIN_RUNCOMEBIN (MEGAHIT-toy_hmp_airskinurogenital_sample_21)	CACHED	0	2026-09-13 12:43:34.721	3h 44m 59s	3h 13m 20s	1072.2%	14.9 GB	97.9 GB	78.8 GB	9 GB
1505	4b/dbf690	59685639_88	NFCORE_MAG:MAG:BINNING:COMEBIN_RUNCOMEBIN (MEGAHIT-toy_hmp_airskinurogenital_sample_20)	CACHED	0	2026-09-13 12:43:34.721	7h 42m 29s	6h 41m 50s	1084.0%	16 GB	100 GB	119.3 GB	16.1 GB
1520	ba/0b50dd	59679641_32	NFCORE_MAG:MAG:BINNING_PREPARATION:SHORTREAD_BINNING_PREPARATION:BOWTIE2_ASSEMBLY_BUILD (MEGAHIT-toy_hmp_airskinurogenital_sample_24)	CACHED	0	2026-09-13 11:36:04.243	1m 55s	36s	85.6%	413.5 MB	548.7 MB	275.9 MB	107.5 MB
1525	db/13400d	59758580_47	NFCORE_MAG:MAG:BINNING:SEQKIT_STATS (MEGAHIT-MetaBAT2-toy_hmp_airskinurogenital_sample_15)	CACHED	0	2026-09-13 23:39:13.561	38.4s	0ms	70.0%	22.1 MB	1.2 GB	7.1 MB	3.2 KB
1524	e7/2e3e44	59679991_48	NFCORE_MAG:MAG:PRODIGAL (MEGAHIT-toy_hmp_gastrooral_sample_2)	CACHED	0	2026-09-13 11:41:23.668	4m 10s	3m 28s	92.5%	122.6 MB	12.6 GB	616.6 MB	645 MB
1488	a4/b38ad3	59758689_30	NFCORE_MAG:MAG:BINNING:SEMIBIN_SINGLEEASYBIN (MEGAHIT-toy_hmp_airskinurogenital_sample_22)	CACHED	0	2026-09-13 23:39:54.506	3m 27s	2m 43s	160.1%	3.2 GB	21.2 GB	11.3 GB	800.7 MB
1495	6e/b775f4	59685639_82	NFCORE_MAG:MAG:BINNING:COMEBIN_RUNCOMEBIN (MEGAHIT-toy_hmp_airskinurogenital_sample_25)	CACHED	0	2026-09-13 12:43:34.721	4h 39m 29s	3h 42m 47s	1070.0%	15.1 GB	99.7 GB	110 GB	12.7 GB
1545	c8/a7ff89	59683903_48	NFCORE_MAG:MAG:BINNING:METABAT2_JGISUMMARIZEBAMCONTIGDEPTHS_SHORTREAD (MEGAHIT-toy_hmp_airskinurogenital_sample_26)	CACHED	0	2026-09-13 12:24:34.897	1m 29s	35s	99.4%	21.3 MB	51.8 MB	4.4 GB	4.1 MB
1521	b1/88ec23	59759186_50	NFCORE_MAG:MAG:BIN_QC:CHECKM2_PREDICT (MEGAHIT-COMEBin-unclassified-toy_hmp_airskinurogenital_sample_12)	CACHED	0	2026-09-13 23:48:55.625	2m 26s	1m 26s	441.5%	8.7 GB	48.9 GB	7 GB	725.8 MB
1487	6c/7010ee	59757941_84	NFCORE_MAG:MAG:BINNING:METABAT2_METABAT2 (MEGAHIT-toy_hmp_airskinurogenital_sample_18)	CACHED	0	2026-09-13 23:29:34.618	1m 30s	12s	432.2%	1.3 GB	1.3 GB	160.8 MB	102.2 MB
1518	fc/5e6b4c	59685639_89	NFCORE_MAG:MAG:BINNING:COMEBIN_RUNCOMEBIN (MEGAHIT-toy_hmp_gastrooral_sample_0)	CACHED	0	2026-09-13 12:43:34.721	4h 29m 59s	3h 28m 45s	1074.4%	14.9 GB	98.4 GB	84.2 GB	9.9 GB
1530	7d/498be4	59758580_60	NFCORE_MAG:MAG:BINNING:SEQKIT_STATS (MEGAHIT-MetaBAT2-toy_hmp_airskinurogenital_sample_22)	CACHED	0	2026-09-13 23:39:13.561	38.5s	1s	74.8%	23.5 MB	1.2 GB	13.8 MB	3.9 KB
1494	30/94caec	59758689_33	NFCORE_MAG:MAG:BINNING:SEMIBIN_SINGLEEASYBIN (MEGAHIT-toy_hmp_airskinurogenital_sample_25)	CACHED	0	2026-09-13 23:39:54.506	4m 27s	3m 42s	184.3%	10.1 GB	28.1 GB	17.2 GB	1.3 GB
1527	76/f62e24	59759186_43	NFCORE_MAG:MAG:BIN_QC:CHECKM2_PREDICT (MEGAHIT-COMEBin-unclassified-toy_hmp_airskinurogenital_sample_10)	CACHED	0	2026-09-13 23:48:55.625	2m 56s	2m 18s	476.5%	12.7 GB	49 GB	7.8 GB	1.4 GB
1529	b1/3ab5f1	59759186_48	NFCORE_MAG:MAG:BIN_QC:CHECKM2_PREDICT (MEGAHIT-COMEBin-unclassified-toy_hmp_airskinurogenital_sample_15)	CACHED	0	2026-09-13 23:48:55.625	2m 26s	1m 44s	461.5%	9.1 GB	49.2 GB	7.1 GB	812.5 MB
1509	cd/510964	59759186_52	NFCORE_MAG:MAG:BIN_QC:CHECKM2_PREDICT (MEGAHIT-COMEBin-unclassified-toy_hmp_airskinurogenital_sample_16)	CACHED	0	2026-09-13 23:48:55.625	1m 56s	1m 19s	428.3%	9.1 GB	49.2 GB	6.9 GB	693.8 MB
1519	8a/5ec3ad	59679991_42	NFCORE_MAG:MAG:PRODIGAL (MEGAHIT-toy_hmp_airskinurogenital_sample_24)	CACHED	0	2026-09-13 11:41:23.668	4m 10s	3m 2s	91.3%	117.9 MB	12.5 GB	435.2 MB	456.5 MB
1546	b4/d2391c	59683903_70	NFCORE_MAG:MAG:BINNING:METABAT2_JGISUMMARIZEBAMCONTIGDEPTHS_SHORTREAD (MEGAHIT-toy_hmp_airskinurogenital_sample_23)	CACHED	0	2026-09-13 12:24:34.897	1m 29s	32s	99.8%	19.4 MB	49.9 MB	4.3 GB	2.8 MB
1536	90/db46bb	59758580_57	NFCORE_MAG:MAG:BINNING:SEQKIT_STATS (MEGAHIT-COMEBin-toy_hmp_airskinurogenital_sample_18)	CACHED	0	2026-09-13 23:39:13.561	38.4s	1s	69.7%	24.6 MB	1.2 GB	19.2 MB	5.3 KB
1539	e9/7af9be	59685639_49	NFCORE_MAG:MAG:BINNING:COMEBIN_RUNCOMEBIN (MEGAHIT-toy_hmp_airskinurogenital_sample_26)	CACHED	0	2026-09-13 12:43:34.721	3h 2m 59s	2h 19m 4s	1059.6%	14.8 GB	97.1 GB	68.6 GB	7.5 GB
1502	50/6cb5e4	59648483_69	NFCORE_MAG:MAG:ASSEMBLY:SHORTREAD_ASSEMBLY:MEGAHIT (toy_hmp_gastrooral_sample_1)	CACHED	0	2026-09-13 04:38:29.090	1h 21m 24s	59m 43s	716.5%	4.9 GB	7.5 GB	53.3 GB	24.3 GB
1506	90/28c8a9	59758689_28	NFCORE_MAG:MAG:BINNING:SEMIBIN_SINGLEEASYBIN (MEGAHIT-toy_hmp_airskinurogenital_sample_21)	CACHED	0	2026-09-13 23:39:54.506	3m 27s	2m 47s	178.3%	6.8 GB	24.8 GB	15 GB	1.1 GB
1534	3d/fa9118	59681903_40	NFCORE_MAG:MAG:BINNING_PREPARATION:SHORTREAD_BINNING_PREPARATION:BOWTIE2_ASSEMBLY_ALIGN (MEGAHIT-toy_hmp_gastrooral_sample_2-toy_hmp_gastrooral_sample_2)	CACHED	0	2026-09-13 12:04:04.772	15m 29s	14m 8s	756.6%	7 GB	9.2 GB	30 GB	25.7 GB
1517	c2/ec929f	59757941_81	NFCORE_MAG:MAG:BINNING:METABAT2_METABAT2 (MEGAHIT-toy_hmp_airskinurogenital_sample_25)	CACHED	0	2026-09-13 23:29:34.618	1m 30s	10s	581.3%	1.8 GB	1.8 GB	289.7 MB	182.8 MB
1497	e4/def208	59648483_18	NFCORE_MAG:MAG:ASSEMBLY:SHORTREAD_ASSEMBLY:MEGAHIT (toy_hmp_gastrooral_sample_4)	CACHED	0	2026-09-13 04:38:29.090	1h 24s	55m 51s	694.9%	4.6 GB	7.1 GB	50.6 GB	22.7 GB
1542	29/6aed3b	59758580_62	NFCORE_MAG:MAG:BINNING:SEQKIT_STATS (MEGAHIT-COMEBin-toy_hmp_airskinurogenital_sample_22)	CACHED	0	2026-09-13 23:39:13.561	38.5s	1s	63.7%	19.6 MB	1.2 GB	14.8 MB	6 KB
1537	82/adcc51	59681903_35	NFCORE_MAG:MAG:BINNING_PREPARATION:SHORTREAD_BINNING_PREPARATION:BOWTIE2_ASSEMBLY_ALIGN (MEGAHIT-toy_hmp_airskinurogenital_sample_28-toy_hmp_airskinurogenital_sample_28)	CACHED	0	2026-09-13 12:04:04.772	16m 29s	15m 23s	757.5%	6.9 GB	9.2 GB	30 GB	25.8 GB
1503	96/553ecf	59648483_55	NFCORE_MAG:MAG:ASSEMBLY:SHORTREAD_ASSEMBLY:MEGAHIT (toy_hmp_gastrooral_sample_5)	CACHED	0	2026-09-13 04:38:29.090	1h 11m 54s	53m 15s	726.5%	4.4 GB	6.7 GB	47.2 GB	20.3 GB
1533	b3/675442	59757941_89	NFCORE_MAG:MAG:BINNING:METABAT2_METABAT2 (MEGAHIT-toy_hmp_airskinurogenital_sample_20)	CACHED	0	2026-09-13 23:29:34.618	1m 30s	14s	612.8%	2.6 GB	2.6 GB	388.2 MB	242.8 MB
1469	8d/1a47a7	59648483_39	NFCORE_MAG:MAG:ASSEMBLY:SHORTREAD_ASSEMBLY:MEGAHIT (toy_hmp_gastrooral_sample_3)	CACHED	0	2026-09-13 04:38:29.090	1h 4m 54s	53m 18s	695.7%	4.6 GB	7.1 GB	50.6 GB	22.6 GB
1555	0c/4ab51c	59759186_45	NFCORE_MAG:MAG:BIN_QC:CHECKM2_PREDICT (MEGAHIT-MetaBAT2-unclassified-toy_hmp_airskinurogenital_sample_15)	CACHED	0	2026-09-13 23:48:55.625	1m 56s	1m 19s	440.9%	9.7 GB	49 GB	6.9 GB	626.6 MB
1544	d4/cb5b79	59685639_70	NFCORE_MAG:MAG:BINNING:COMEBIN_RUNCOMEBIN (MEGAHIT-toy_hmp_airskinurogenital_sample_23)	CACHED	0	2026-09-13 12:43:34.721	3h 3m 29s	2h 11m 35s	1076.7%	14.7 GB	96 GB	51 GB	5.7 GB
1556	1b/c5ccba	59759186_59	NFCORE_MAG:MAG:BIN_QC:CHECKM2_PREDICT (MEGAHIT-MetaBAT2-unclassified-toy_hmp_airskinurogenital_sample_22)	CACHED	0	2026-09-13 23:48:55.625	3m 26s	2m 40s	420.1%	12.1 GB	49.1 GB	7.6 GB	1.2 GB
1543	95/a51c06	59681903_34	NFCORE_MAG:MAG:BINNING_PREPARATION:SHORTREAD_BINNING_PREPARATION:BOWTIE2_ASSEMBLY_ALIGN (MEGAHIT-toy_hmp_airskinurogenital_sample_24-toy_hmp_airskinurogenital_sample_24)	CACHED	0	2026-09-13 12:04:04.772	14m 29s	12m 55s	755.7%	7 GB	9.1 GB	30.1 GB	25.8 GB
1553	26/db90c2	59758580_59	NFCORE_MAG:MAG:BINNING:SEQKIT_STATS (MEGAHIT-COMEBin-toy_hmp_airskinurogenital_sample_21)	CACHED	0	2026-09-13 23:39:13.561	38.5s	1s	68.5%	3.3 MB	4.3 MB	20.7 MB	3.6 KB
1547	e8/57d40b	59758689_35	NFCORE_MAG:MAG:BINNING:SEMIBIN_SINGLEEASYBIN (MEGAHIT-toy_hmp_airskinurogenital_sample_26)	CACHED	0	2026-09-13 23:39:54.506	3m 27s	2m 40s	171.1%	5.1 GB	23.1 GB	12.6 GB	948.5 MB
1540	53/c92c76	59757941_37	NFCORE_MAG:MAG:BINNING:METABAT2_METABAT2 (MEGAHIT-toy_hmp_airskinurogenital_sample_21)	CACHED	0	2026-09-13 23:29:34.618	1m 30s	6s	584.0%	873.2 MB	900.2 MB	228.5 MB	143.5 MB
1541	ea/3ee6ff	59757941_87	NFCORE_MAG:MAG:BINNING:METABAT2_METABAT2 (MEGAHIT-toy_hmp_gastrooral_sample_0)	CACHED	0	2026-09-13 23:29:34.618	1m 30s	6s	567.8%	900.2 MB	926.9 MB	234.4 MB	147.4 MB
1514	e2/de30cc	59758689_32	NFCORE_MAG:MAG:BINNING:SEMIBIN_SINGLEEASYBIN (MEGAHIT-toy_hmp_airskinurogenital_sample_20)	CACHED	0	2026-09-13 23:39:54.506	3m 57s	3m 18s	184.9%	14.4 GB	32.3 GB	16 GB	1.2 GB
1554	48/86b3bd	59759186_57	NFCORE_MAG:MAG:BIN_QC:CHECKM2_PREDICT (MEGAHIT-COMEBin-unclassified-toy_hmp_airskinurogenital_sample_17)	CACHED	0	2026-09-13 23:48:55.625	3m 56s	3m 10s	504.2%	12.8 GB	49.8 GB	8.4 GB	1.9 GB
1572	d9/e290b4	59656633_31	NFCORE_MAG:MAG:ASSEMBLY:GUNZIP_SHORTREAD_ASSEMBLIES (MEGAHIT-toy_hmp_gastrooral_sample_3)	CACHED	0	2026-09-13 06:51:29.072	54.5s	722ms	86.5%	5.4 MB	8.1 MB	39.7 MB	136.3 MB
1570	18/106903	59656633_45	NFCORE_MAG:MAG:ASSEMBLY:GUNZIP_SHORTREAD_ASSEMBLIES (MEGAHIT-toy_hmp_gastrooral_sample_5)	CACHED	0	2026-09-13 06:51:29.072	54.5s	492ms	89.8%	5 MB	8 MB	23.2 MB	79.7 MB
1565	ab/7de2c0	59656633_28	NFCORE_MAG:MAG:ASSEMBLY:GUNZIP_SHORTREAD_ASSEMBLIES (MEGAHIT-toy_hmp_gastrooral_sample_4)	CACHED	0	2026-09-13 06:51:29.072	54.4s	725ms	84.8%	5.4 MB	8.1 MB	39.3 MB	135.1 MB
1573	fa/2eca57	59759186_60	NFCORE_MAG:MAG:BIN_QC:CHECKM2_PREDICT (MEGAHIT-COMEBin-unclassified-toy_hmp_airskinurogenital_sample_18)	CACHED	0	2026-09-13 23:48:55.625	3m 26s	2m 32s	501.4%	10.9 GB	49.5 GB	7.9 GB	1.5 GB
1560	9b/ee6e8a	59656633_68	NFCORE_MAG:MAG:ASSEMBLY:GUNZIP_SHORTREAD_ASSEMBLIES (MEGAHIT-toy_hmp_gastrooral_sample_1)	CACHED	0	2026-09-13 06:51:29.072	54.6s	826ms	90.0%	5.2 MB	8.1 MB	44.8 MB	153.4 MB
1568	74/1d14b9	59683903_86	NFCORE_MAG:MAG:BINNING:METABAT2_JGISUMMARIZEBAMCONTIGDEPTHS_SHORTREAD (MEGAHIT-toy_hmp_airskinurogenital_sample_28)	CACHED	0	2026-09-13 12:24:34.897	1m 59s	24s	99.0%	16.4 MB	47.1 MB	4.3 GB	1012.9 KB
1589	a8/c111c4	59679991_50	NFCORE_MAG:MAG:PRODIGAL (MEGAHIT-toy_hmp_gastrooral_sample_5)	CACHED	0	2026-09-13 11:41:23.668	4m 40s	3m 56s	92.0%	121.8 MB	12.6 GB	521.6 MB	550.6 MB
1577	53/4f45b0	59683903_57	NFCORE_MAG:MAG:BINNING:METABAT2_JGISUMMARIZEBAMCONTIGDEPTHS_SHORTREAD (MEGAHIT-toy_hmp_airskinurogenital_sample_24)	CACHED	0	2026-09-13 12:24:34.897	1m 29s	32s	99.5%	18 MB	48.4 MB	4.3 GB	1.9 MB
1557	65/09567e	59758580_66	NFCORE_MAG:MAG:BINNING:SEQKIT_STATS (MEGAHIT-COMEBin-toy_hmp_airskinurogenital_sample_20)	CACHED	0	2026-09-13 23:39:13.561	38.6s	1s	67.3%	19.5 MB	1.2 GB	30.1 MB	7.3 KB
1581	97/d33977	59759186_58	NFCORE_MAG:MAG:BIN_QC:CHECKM2_PREDICT (MEGAHIT-COMEBin-unclassified-toy_hmp_airskinurogenital_sample_21)	CACHED	0	2026-09-13 23:48:55.625	3m 56s	2m 54s	492.3%	11.1 GB	50.7 GB	8 GB	1.6 GB
1562	c6/b0c81e	59683903_74	NFCORE_MAG:MAG:BINNING:METABAT2_JGISUMMARIZEBAMCONTIGDEPTHS_SHORTREAD (MEGAHIT-toy_hmp_gastrooral_sample_2)	CACHED	0	2026-09-13 12:24:34.897	58.9s	30s	99.7%	19.3 MB	49.9 MB	4.3 GB	2.8 MB
1575	4c/38f608	59759186_63	NFCORE_MAG:MAG:BIN_QC:CHECKM2_PREDICT (MEGAHIT-COMEBin-unclassified-toy_hmp_airskinurogenital_sample_22)	CACHED	0	2026-09-13 23:48:55.625	2m 56s	2m 2s	459.9%	12.8 GB	49.1 GB	7.6 GB	1.3 GB
1588	58/bdabd7	59679641_40	NFCORE_MAG:MAG:BINNING_PREPARATION:SHORTREAD_BINNING_PREPARATION:BOWTIE2_ASSEMBLY_BUILD (MEGAHIT-toy_hmp_gastrooral_sample_5)	CACHED	0	2026-09-13 11:36:04.243	1m 55s	44s	86.1%	475.6 MB	610.3 MB	320.3 MB	123 MB
1538	9d/2f7324	59758689_40	NFCORE_MAG:MAG:BINNING:SEMIBIN_SINGLEEASYBIN (MEGAHIT-toy_hmp_gastrooral_sample_0)	CACHED	0	2026-09-13 23:39:54.506	3m 27s	2m 47s	174.2%	6.6 GB	24.6 GB	13.8 GB	1.1 GB
1566	94/cb509e	59758580_67	NFCORE_MAG:MAG:BINNING:SEQKIT_STATS (MEGAHIT-COMEBin-toy_hmp_airskinurogenital_sample_25)	CACHED	0	2026-09-13 23:39:13.561	38.6s	1s	70.2%	19.6 MB	1.2 GB	28.6 MB	9.3 KB
1564	dd/c5edee	59758689_39	NFCORE_MAG:MAG:BINNING:SEMIBIN_SINGLEEASYBIN (MEGAHIT-toy_hmp_gastrooral_sample_2)	CACHED	0	2026-09-13 23:39:54.506	3m 27s	2m 47s	164.5%	1.1 GB	4.1 GB	12.4 GB	1 GB
1549	af/26c5ef	59757941_55	NFCORE_MAG:MAG:BINNING:METABAT2_METABAT2 (MEGAHIT-toy_hmp_airskinurogenital_sample_26)	CACHED	0	2026-09-13 23:29:34.618	1m 30s	6s	419.9%	570.3 MB	894.3 MB	202.4 MB	127 MB
1559	5e/8bad39	59757941_70	NFCORE_MAG:MAG:BINNING:METABAT2_METABAT2 (MEGAHIT-toy_hmp_airskinurogenital_sample_23)	CACHED	0	2026-09-13 23:29:34.618	1m 30s	4s	443.0%	335.7 MB	353.8 MB	142.1 MB	89.1 MB
1561	17/34b401	59685639_75	NFCORE_MAG:MAG:BINNING:COMEBIN_RUNCOMEBIN (MEGAHIT-toy_hmp_gastrooral_sample_2)	CACHED	0	2026-09-13 12:43:34.721	3h 30m 59s	2h 38m 11s	1076.7%	14.8 GB	97 GB	78.8 GB	8.1 GB
1567	29/900123	59648483_48	NFCORE_MAG:MAG:ASSEMBLY:SHORTREAD_ASSEMBLY:MEGAHIT (toy_hmp_gastrooral_sample_9)	CACHED	0	2026-09-13 04:38:29.090	1h 39m 55s	1h 28m 7s	659.2%	4.5 GB	6.9 GB	51.3 GB	23 GB
1590	c4/a00c83	59679991_46	NFCORE_MAG:MAG:PRODIGAL (MEGAHIT-toy_hmp_gastrooral_sample_4)	CACHED	0	2026-09-13 11:41:23.668	7m 40s	6m 50s	93.8%	119.5 MB	12.6 GB	886.9 MB	939.1 MB
1600	08/bf380e	59681903_42	NFCORE_MAG:MAG:BINNING_PREPARATION:SHORTREAD_BINNING_PREPARATION:BOWTIE2_ASSEMBLY_ALIGN (MEGAHIT-toy_hmp_gastrooral_sample_5-toy_hmp_gastrooral_sample_5)	CACHED	0	2026-09-13 12:04:04.772	14m 59s	13m 27s	757.0%	6.9 GB	9.2 GB	30 GB	25.7 GB
1599	e8/37f40b	59759186_66	NFCORE_MAG:MAG:BIN_QC:CHECKM2_PREDICT (MEGAHIT-COMEBin-unclassified-toy_hmp_airskinurogenital_sample_20)	CACHED	0	2026-09-13 23:48:55.625	4m 26s	3m 47s	508.5%	13.7 GB	49.6 GB	8.8 GB	2.2 GB
1569	ff/ec3510	59685639_85	NFCORE_MAG:MAG:BINNING:COMEBIN_RUNCOMEBIN (MEGAHIT-toy_hmp_airskinurogenital_sample_28)	CACHED	0	2026-09-13 12:43:34.721	1h 32m 59s	34m 20s	921.4%	14 GB	93.8 GB	44.9 GB	3.6 GB
1594	4c/dbe40a	59679991_45	NFCORE_MAG:MAG:PRODIGAL (MEGAHIT-toy_hmp_gastrooral_sample_1)	CACHED	0	2026-09-13 11:41:23.668	7m 10s	6m 14s	92.8%	122.5 MB	12.6 GB	1005.9 MB	1 GB
1586	45/19a674	59679991_49	NFCORE_MAG:MAG:PRODIGAL (MEGAHIT-toy_hmp_gastrooral_sample_3)	CACHED	0	2026-09-13 11:41:23.668	7m 40s	6m 52s	92.4%	122.5 MB	12.6 GB	890.8 MB	943.2 MB
1592	cb/76570e	59758580_80	NFCORE_MAG:MAG:BINNING:SEQKIT_STATS (MEGAHIT-COMEBin-toy_hmp_gastrooral_sample_0)	CACHED	0	2026-09-13 23:39:13.561	38.8s	0ms	68.7%	19.6 MB	1.2 GB	21.9 MB	5.5 KB
1603	25/b16824	59759186_68	NFCORE_MAG:MAG:BIN_QC:CHECKM2_PREDICT (MEGAHIT-COMEBin-unclassified-toy_hmp_airskinurogenital_sample_25)	CACHED	0	2026-09-13 23:48:55.625	4m 56s	4m 14s	457.1%	12.6 GB	49.5 GB	8.8 GB	2.2 GB
1593	0d/5a95d0	59679641_38	NFCORE_MAG:MAG:BINNING_PREPARATION:SHORTREAD_BINNING_PREPARATION:BOWTIE2_ASSEMBLY_BUILD (MEGAHIT-toy_hmp_gastrooral_sample_1)	CACHED	0	2026-09-13 11:36:04.243	2m 25s	1m 21s	89.2%	870 MB	990.2 MB	615 MB	231.3 MB
1585	8e/d78ecf	59758580_54	NFCORE_MAG:MAG:BINNING:SEQKIT_STATS (MEGAHIT-MetaBAT2-toy_hmp_airskinurogenital_sample_18)	CACHED	0	2026-09-13 23:39:13.561	38.4s	1s	72.3%	3.1 MB	4.3 MB	16.6 MB	4.8 KB
1601	5c/809129	59758580_64	NFCORE_MAG:MAG:BINNING:SEQKIT_STATS (MEGAHIT-MetaBAT2-toy_hmp_airskinurogenital_sample_25)	CACHED	0	2026-09-13 23:39:13.561	38.6s	2s	79.8%	47.1 MB	1.2 GB	24 MB	5.8 KB
1591	73/546d8b	59679641_39	NFCORE_MAG:MAG:BINNING_PREPARATION:SHORTREAD_BINNING_PREPARATION:BOWTIE2_ASSEMBLY_BUILD (MEGAHIT-toy_hmp_gastrooral_sample_4)	CACHED	0	2026-09-13 11:36:04.243	2m 25s	1m 11s	88.6%	769.9 MB	892.7 MB	541.6 MB	202.5 MB
1609	e1/4abe20	59683903_72	NFCORE_MAG:MAG:BINNING:METABAT2_JGISUMMARIZEBAMCONTIGDEPTHS_SHORTREAD (MEGAHIT-toy_hmp_gastrooral_sample_5)	CACHED	0	2026-09-13 12:24:34.897	58.9s	29s	99.7%	17.4 MB	48.1 MB	4.3 GB	1.7 MB
1587	8f/f766e3	59679641_37	NFCORE_MAG:MAG:BINNING_PREPARATION:SHORTREAD_BINNING_PREPARATION:BOWTIE2_ASSEMBLY_BUILD (MEGAHIT-toy_hmp_gastrooral_sample_3)	CACHED	0	2026-09-13 11:36:04.243	2m 25s	1m 8s	89.3%	776 MB	898.7 MB	546.4 MB	204.4 MB
1512	03/98eae3	59648483_67	NFCORE_MAG:MAG:ASSEMBLY:SHORTREAD_ASSEMBLY:MEGAHIT (toy_hmp_gastrooral_sample_6)	CACHED	0	2026-09-13 04:38:29.090	1h 21m 54s	1h 7s	693.4%	4.1 GB	4.7 GB	50.2 GB	22.4 GB
1563	39/dd3cb4	59648483_38	NFCORE_MAG:MAG:ASSEMBLY:SHORTREAD_ASSEMBLY:MEGAHIT (toy_hmp_gastrooral_sample_7)	CACHED	0	2026-09-13 04:38:29.090	56m 24s	44m 48s	745.3%	5.2 GB	7.8 GB	49.4 GB	21.8 GB
1552	0a/0b5ee3	59758689_31	NFCORE_MAG:MAG:BINNING:SEMIBIN_SINGLEEASYBIN (MEGAHIT-toy_hmp_airskinurogenital_sample_23)	CACHED	0	2026-09-13 23:39:54.506	2m 57s	2m 13s	158.7%	3.8 GB	21.8 GB	9.6 GB	702.4 MB
1608	31/14bcfc	59656633_94	NFCORE_MAG:MAG:ASSEMBLY:GUNZIP_SHORTREAD_ASSEMBLIES (MEGAHIT-toy_hmp_gastrooral_sample_9)	CACHED	0	2026-09-13 06:51:29.072	54.7s	723ms	94.5%	5.2 MB	8.1 MB	40.5 MB	139.2 MB
1618	6c/b6078d	59759186_54	NFCORE_MAG:MAG:BIN_QC:CHECKM2_PREDICT (MEGAHIT-MetaBAT2-unclassified-toy_hmp_airskinurogenital_sample_18)	CACHED	0	2026-09-13 23:48:55.625	3m 26s	2m 26s	478.9%	14.7 GB	49.1 GB	7.8 GB	1.4 GB
1598	62/3970d3	59757941_18	NFCORE_MAG:MAG:BINNING:METABAT2_METABAT2 (MEGAHIT-toy_hmp_gastrooral_sample_2)	CACHED	0	2026-09-13 23:29:34.617	1m 30s	5s	530.9%	548.4 MB	893.2 MB	203.5 MB	128.4 MB
1624	99/7f37d5	59759186_62	NFCORE_MAG:MAG:BIN_QC:CHECKM2_PREDICT (MEGAHIT-MetaBAT2-unclassified-toy_hmp_airskinurogenital_sample_25)	CACHED	0	2026-09-13 23:48:55.625	3m 26s	2m 45s	499.5%	11.6 GB	50.2 GB	8.5 GB	2 GB
1616	fa/341ab6	59758580_55	NFCORE_MAG:MAG:BINNING:SEQKIT_STATS (MEGAHIT-MetaBAT2-toy_hmp_airskinurogenital_sample_21)	CACHED	0	2026-09-13 23:39:13.561	38.4s	2s	75.9%	3.2 MB	4.3 MB	17.1 MB	4 KB
1612	e5/8e0d8d	59681903_37	NFCORE_MAG:MAG:BINNING_PREPARATION:SHORTREAD_BINNING_PREPARATION:BOWTIE2_ASSEMBLY_ALIGN (MEGAHIT-toy_hmp_gastrooral_sample_1-toy_hmp_gastrooral_sample_1)	CACHED	0	2026-09-13 12:04:04.772	14m 29s	13m 9s	755.0%	7.1 GB	9.2 GB	30.2 GB	25.8 GB
1614	4d/d93c5e	59759186_81	NFCORE_MAG:MAG:BIN_QC:CHECKM2_PREDICT (MEGAHIT-COMEBin-unclassified-toy_hmp_gastrooral_sample_0)	CACHED	0	2026-09-13 23:48:55.625	3m 56s	3m 1s	470.3%	11 GB	49.3 GB	8.1 GB	1.6 GB
1596	65/62f489	59757941_67	NFCORE_MAG:MAG:BINNING:METABAT2_METABAT2 (MEGAHIT-toy_hmp_airskinurogenital_sample_24)	CACHED	0	2026-09-13 23:29:34.618	1m 30s	5s	527.4%	628.8 MB	972.9 MB	142.6 MB	90.3 MB
1574	b7/3cd56a	59648483_41	NFCORE_MAG:MAG:ASSEMBLY:SHORTREAD_ASSEMBLY:MEGAHIT (toy_hmp_gastrooral_sample_10)	CACHED	0	2026-09-13 04:38:29.090	1h 9m 24s	57m 55s	725.5%	4.5 GB	6.9 GB	51.9 GB	23.5 GB
1576	3c/f1b310	59685639_57	NFCORE_MAG:MAG:BINNING:COMEBIN_RUNCOMEBIN (MEGAHIT-toy_hmp_airskinurogenital_sample_24)	CACHED	0	2026-09-13 12:43:34.721	2h 41m 59s	1h 57m 27s	1063.2%	14.7 GB	96.7 GB	67.3 GB	7.9 GB
1627	28/43f58a	59679991_57	NFCORE_MAG:MAG:PRODIGAL (MEGAHIT-toy_hmp_gastrooral_sample_9)	CACHED	0	2026-09-13 11:41:23.668	6m 10s	5m 31s	92.8%	119 MB	12.5 GB	837.2 MB	868.5 MB
1628	81/f642eb	59656633_24	NFCORE_MAG:MAG:ASSEMBLY:GUNZIP_SHORTREAD_ASSEMBLIES (MEGAHIT-toy_hmp_gastrooral_sample_7)	CACHED	0	2026-09-13 06:51:29.072	54.4s	733ms	92.7%	5.4 MB	8.1 MB	28.4 MB	96.4 MB
1610	07/9c4d02	59685639_71	NFCORE_MAG:MAG:BINNING:COMEBIN_RUNCOMEBIN (MEGAHIT-toy_hmp_gastrooral_sample_5)	CACHED	0	2026-09-13 12:43:34.721	1h 44m 29s	52m 45s	916.8%	14.6 GB	95.8 GB	71.4 GB	6.6 GB
1636	92/5913a9	59679991_52	NFCORE_MAG:MAG:PRODIGAL (MEGAHIT-toy_hmp_gastrooral_sample_7)	CACHED	0	2026-09-13 11:41:23.668	4m 10s	3m 27s	90.9%	122.1 MB	12.6 GB	635.1 MB	668 MB
1582	12/54c408	59758689_34	NFCORE_MAG:MAG:BINNING:SEMIBIN_SINGLEEASYBIN (MEGAHIT-toy_hmp_airskinurogenital_sample_28)	CACHED	0	2026-09-13 23:39:54.506	3m 27s	2m 23s	153.4%	601.1 MB	3.6 GB	9.1 GB	702.8 MB
1631	d0/14c2a8	59759186_55	NFCORE_MAG:MAG:BIN_QC:CHECKM2_PREDICT (MEGAHIT-MetaBAT2-unclassified-toy_hmp_airskinurogenital_sample_21)	CACHED	0	2026-09-13 23:48:55.625	3m 26s	2m 50s	457.9%	10.5 GB	49.7 GB	7.8 GB	1.4 GB
1595	8b/657289	59757941_85	NFCORE_MAG:MAG:BINNING:METABAT2_METABAT2 (MEGAHIT-toy_hmp_airskinurogenital_sample_28)	CACHED	0	2026-09-13 23:29:34.618	1m 30s	3s	313.3%	68 MB	85.7 MB	92.5 MB	58.3 MB
1625	d3/7abd5c	59679641_46	NFCORE_MAG:MAG:BINNING_PREPARATION:SHORTREAD_BINNING_PREPARATION:BOWTIE2_ASSEMBLY_BUILD (MEGAHIT-toy_hmp_gastrooral_sample_9)	CACHED	0	2026-09-13 11:36:04.243	2m 25s	1m 22s	87.7%	793.9 MB	913.9 MB	558.1 MB	208.8 MB
1637	76/189716	59679641_45	NFCORE_MAG:MAG:BINNING_PREPARATION:SHORTREAD_BINNING_PREPARATION:BOWTIE2_ASSEMBLY_BUILD (MEGAHIT-toy_hmp_gastrooral_sample_7)	CACHED	0	2026-09-13 11:36:04.243	1m 55s	51s	87.1%	559.8 MB	695.9 MB	387 MB	150.2 MB
1626	54/bba923	59656633_71	NFCORE_MAG:MAG:ASSEMBLY:GUNZIP_SHORTREAD_ASSEMBLIES (MEGAHIT-toy_hmp_gastrooral_sample_6)	CACHED	0	2026-09-13 06:51:29.072	54.6s	612ms	92.0%	5.4 MB	8.1 MB	34.2 MB	116.3 MB
1635	3b/6523f1	59683903_58	NFCORE_MAG:MAG:BINNING:METABAT2_JGISUMMARIZEBAMCONTIGDEPTHS_SHORTREAD (MEGAHIT-toy_hmp_gastrooral_sample_1)	CACHED	0	2026-09-13 12:24:34.897	1m 29s	38s	99.0%	23 MB	53.6 MB	4.4 GB	5.1 MB
1620	6c/4e09b7	59681903_38	NFCORE_MAG:MAG:BINNING_PREPARATION:SHORTREAD_BINNING_PREPARATION:BOWTIE2_ASSEMBLY_ALIGN (MEGAHIT-toy_hmp_gastrooral_sample_4-toy_hmp_gastrooral_sample_4)	CACHED	0	2026-09-13 12:04:04.772	13m 29s	12m 6s	748.3%	6.9 GB	9.1 GB	30.1 GB	25.7 GB
1580	50/00a7b1	59648483_19	NFCORE_MAG:MAG:ASSEMBLY:SHORTREAD_ASSEMBLY:MEGAHIT (toy_hmp_gastrooral_sample_8)	CACHED	0	2026-09-13 04:38:29.090	1h 16m 54s	1h 12m 17s	715.4%	5.2 GB	8 GB	50.7 GB	22.7 GB
1622	cb/ce714f	59648483_74	NFCORE_MAG:MAG:ASSEMBLY:SHORTREAD_ASSEMBLY:MEGAHIT (toy_hmp_gastrooral_sample_11)	CACHED	0	2026-09-13 04:38:29.090	1h 21m 24s	56m 10s	705.6%	4.8 GB	7.3 GB	53.8 GB	24.7 GB
1613	de/ee8166	59758580_63	NFCORE_MAG:MAG:BINNING:SEQKIT_STATS (MEGAHIT-MetaBAT2-toy_hmp_airskinurogenital_sample_20)	CACHED	0	2026-09-13 23:39:13.561	38.6s	2s	78.6%	49 MB	1.3 GB	23.4 MB	6.1 KB
1619	7a/ef0d40	59757941_14	NFCORE_MAG:MAG:BINNING:METABAT2_METABAT2 (MEGAHIT-toy_hmp_gastrooral_sample_5)	CACHED	0	2026-09-13 23:29:34.617	59.6s	3s	527.5%	379.8 MB	861.1 MB	164.5 MB	104.1 MB
1652	58/452042	59656633_69	NFCORE_MAG:MAG:ASSEMBLY:GUNZIP_SHORTREAD_ASSEMBLIES (MEGAHIT-toy_hmp_gastrooral_sample_11)	CACHED	0	2026-09-13 06:51:29.072	54.6s	814ms	93.7%	5.1 MB	8 MB	46.5 MB	158.8 MB
1611	7b/d9a15c	59758689_42	NFCORE_MAG:MAG:BINNING:SEMIBIN_SINGLEEASYBIN (MEGAHIT-toy_hmp_gastrooral_sample_5)	CACHED	0	2026-09-13 23:39:54.506	3m 57s	2m 51s	165.2%	2.7 GB	15.6 GB	12.9 GB	1 GB
1643	78/4a3cf8	59679991_51	NFCORE_MAG:MAG:PRODIGAL (MEGAHIT-toy_hmp_gastrooral_sample_6)	CACHED	0	2026-09-13 11:41:23.668	5m 40s	4m 36s	92.1%	122.3 MB	12.6 GB	736.3 MB	774 MB
1646	6f/cc9253	59656633_57	NFCORE_MAG:MAG:ASSEMBLY:GUNZIP_SHORTREAD_ASSEMBLIES (MEGAHIT-toy_hmp_gastrooral_sample_8)	CACHED	0	2026-09-13 06:51:29.072	54.5s	768ms	77.3%	4.9 MB	8 MB	32 MB	108.8 MB
1605	37/3c7510	59758580_72	NFCORE_MAG:MAG:BINNING:SEQKIT_STATS (MEGAHIT-COMEBin-toy_hmp_airskinurogenital_sample_26)	CACHED	0	2026-09-13 23:39:13.561	38.7s	0ms	64.8%	19.5 MB	1.2 GB	17.8 MB	4.3 KB
1658	5a/d4957a	59759186_65	NFCORE_MAG:MAG:BIN_QC:CHECKM2_PREDICT (MEGAHIT-MetaBAT2-unclassified-toy_hmp_airskinurogenital_sample_20)	CACHED	0	2026-09-13 23:48:55.625	4m 26s	3m 25s	495.6%	11.9 GB	49.8 GB	8.4 GB	1.9 GB
1641	38/fb3c56	59681903_48	NFCORE_MAG:MAG:BINNING_PREPARATION:SHORTREAD_BINNING_PREPARATION:BOWTIE2_ASSEMBLY_ALIGN (MEGAHIT-toy_hmp_gastrooral_sample_9-toy_hmp_gastrooral_sample_9)	CACHED	0	2026-09-13 12:04:04.772	16m 59s	15m 29s	739.3%	7 GB	9.1 GB	30.2 GB	25.8 GB
1655	0d/3adcec	59679991_53	NFCORE_MAG:MAG:PRODIGAL (MEGAHIT-toy_hmp_gastrooral_sample_11)	CACHED	0	2026-09-13 11:41:23.668	7m 40s	6m 35s	91.9%	122.3 MB	12.6 GB	1022.1 MB	1 GB
1660	9e/40e185	59679991_54	NFCORE_MAG:MAG:PRODIGAL (MEGAHIT-toy_hmp_gastrooral_sample_8)	CACHED	0	2026-09-13 11:41:23.668	4m 40s	3m 58s	91.4%	121.8 MB	12.6 GB	730.7 MB	771.8 MB
1659	79/9d3dbf	59679641_43	NFCORE_MAG:MAG:BINNING_PREPARATION:SHORTREAD_BINNING_PREPARATION:BOWTIE2_ASSEMBLY_BUILD (MEGAHIT-toy_hmp_gastrooral_sample_8)	CACHED	0	2026-09-13 11:36:04.243	1m 55s	56s	88.8%	623.5 MB	759.3 MB	436.6 MB	169 MB
1584	d0/5bb3a8	59758689_36	NFCORE_MAG:MAG:BINNING:SEMIBIN_SINGLEEASYBIN (MEGAHIT-toy_hmp_airskinurogenital_sample_24)	CACHED	0	2026-09-13 23:39:54.506	2m 57s	2m 14s	160.2%	4.8 GB	22.8 GB	9.7 GB	754.4 MB
1666	5e/aaf86f	59683903_92	NFCORE_MAG:MAG:BINNING:METABAT2_JGISUMMARIZEBAMCONTIGDEPTHS_SHORTREAD (MEGAHIT-toy_hmp_gastrooral_sample_9)	CACHED	0	2026-09-13 12:24:34.897	1m 59s	30s	99.9%	19.5 MB	50.2 MB	4.4 GB	3 MB
1644	c3/bf1880	59681903_44	NFCORE_MAG:MAG:BINNING_PREPARATION:SHORTREAD_BINNING_PREPARATION:BOWTIE2_ASSEMBLY_ALIGN (MEGAHIT-toy_hmp_gastrooral_sample_7-toy_hmp_gastrooral_sample_7)	CACHED	0	2026-09-13 12:04:04.772	16m 29s	15m 2s	752.7%	6.9 GB	9.2 GB	29.9 GB	25.6 GB
1621	85/c0d29e	59681903_41	NFCORE_MAG:MAG:BINNING_PREPARATION:SHORTREAD_BINNING_PREPARATION:BOWTIE2_ASSEMBLY_ALIGN (MEGAHIT-toy_hmp_gastrooral_sample_3-toy_hmp_gastrooral_sample_3)	CACHED	0	2026-09-13 12:04:04.772	14m 29s	13m 18s	756.4%	7 GB	9.3 GB	30.1 GB	25.8 GB
1638	ba/2252b5	59656633_43	NFCORE_MAG:MAG:ASSEMBLY:GUNZIP_SHORTREAD_ASSEMBLIES (MEGAHIT-toy_hmp_gastrooral_sample_10)	CACHED	0	2026-09-13 06:51:29.072	54.5s	1.1s	84.9%	5.1 MB	8.1 MB	45.5 MB	156.3 MB
1630	82/475218	59758580_77	NFCORE_MAG:MAG:BINNING:SEQKIT_STATS (MEGAHIT-MetaBAT2-toy_hmp_gastrooral_sample_0)	CACHED	0	2026-09-13 23:39:13.561	38.8s	1s	77.1%	22.5 MB	1.2 GB	16.1 MB	4.4 KB
1663	61/2dacf2	59759186_72	NFCORE_MAG:MAG:BIN_QC:CHECKM2_PREDICT (MEGAHIT-COMEBin-unclassified-toy_hmp_airskinurogenital_sample_26)	CACHED	0	2026-09-13 23:48:55.625	2m 56s	2m 17s	487.9%	13 GB	49.4 GB	7.9 GB	1.5 GB
1642	ec/928a2a	59679641_44	NFCORE_MAG:MAG:BINNING_PREPARATION:SHORTREAD_BINNING_PREPARATION:BOWTIE2_ASSEMBLY_BUILD (MEGAHIT-toy_hmp_gastrooral_sample_6)	CACHED	0	2026-09-13 11:36:04.243	1m 55s	55s	90.1%	671.9 MB	810.8 MB	466.7 MB	176.8 MB
1647	07/76dc8f	59683903_43	NFCORE_MAG:MAG:BINNING:METABAT2_JGISUMMARIZEBAMCONTIGDEPTHS_SHORTREAD (MEGAHIT-toy_hmp_gastrooral_sample_4)	CACHED	0	2026-09-13 12:24:34.897	1m 29s	33s	99.4%	19.1 MB	49.7 MB	4.4 GB	2.8 MB
1649	e8/3c02f8	59758689_43	NFCORE_MAG:MAG:BINNING:SEMIBIN_SINGLEEASYBIN (MEGAHIT-toy_hmp_gastrooral_sample_4)	CACHED	0	2026-09-13 23:39:54.506	4m 27s	3m 48s	182.2%	9.8 GB	27.8 GB	18.4 GB	1.4 GB
1645	d9/00d82a	59757941_68	NFCORE_MAG:MAG:BINNING:METABAT2_METABAT2 (MEGAHIT-toy_hmp_gastrooral_sample_1)	CACHED	0	2026-09-13 23:29:34.618	1m 30s	14s	619.8%	2.5 GB	2.6 GB	320 MB	202.1 MB
1607	44/237dd7	59636675_1	NFCORE_MAG:MAG:ASSEMBLY:SHORTREAD_ASSEMBLY:MEGAHIT (toy_hmp_gastrooral_sample_12)	CACHED	0	2026-09-13 03:00:05.062	51m 48s	49m 50s	705.1%	4.2 GB	6.5 GB	48.7 GB	21.4 GB
1648	27/eace14	59685639_44	NFCORE_MAG:MAG:BINNING:COMEBIN_RUNCOMEBIN (MEGAHIT-toy_hmp_gastrooral_sample_4)	CACHED	0	2026-09-13 12:43:34.721	2h 32m 30s	1h 49m 54s	951.7%	15 GB	99.7 GB	125.1 GB	13.9 GB
1677	e2/699be1	59679991_56	NFCORE_MAG:MAG:PRODIGAL (MEGAHIT-toy_hmp_gastrooral_sample_10)	CACHED	0	2026-09-13 11:41:23.668	8m 10s	7m 20s	93.3%	122.8 MB	12.6 GB	1008.8 MB	1 GB
1634	2d/b3c185	59685639_58	NFCORE_MAG:MAG:BINNING:COMEBIN_RUNCOMEBIN (MEGAHIT-toy_hmp_gastrooral_sample_1)	CACHED	0	2026-09-13 12:43:34.721	6h 41m 29s	5h 55m 27s	1083.3%	15.5 GB	99.7 GB	118.3 GB	14.7 GB
1656	ec/ea54bb	59679641_49	NFCORE_MAG:MAG:BINNING_PREPARATION:SHORTREAD_BINNING_PREPARATION:BOWTIE2_ASSEMBLY_BUILD (MEGAHIT-toy_hmp_gastrooral_sample_11)	CACHED	0	2026-09-13 11:36:04.243	2m 55s	1m 29s	89.6%	908.1 MB	1 GB	636.4 MB	240.6 MB
1664	23/4c1418	59681903_46	NFCORE_MAG:MAG:BINNING_PREPARATION:SHORTREAD_BINNING_PREPARATION:BOWTIE2_ASSEMBLY_ALIGN (MEGAHIT-toy_hmp_gastrooral_sample_8-toy_hmp_gastrooral_sample_8)	CACHED	0	2026-09-13 12:04:04.772	17m 59s	16m 52s	750.9%	7 GB	9.2 GB	30.1 GB	25.8 GB
1662	32/1a5351	59758580_69	NFCORE_MAG:MAG:BINNING:SEQKIT_STATS (MEGAHIT-MetaBAT2-toy_hmp_airskinurogenital_sample_26)	CACHED	0	2026-09-13 23:39:13.561	38.6s	1s	76.3%	22.2 MB	1.2 GB	14 MB	3.8 KB
1680	e1/301820	59683903_87	NFCORE_MAG:MAG:BINNING:METABAT2_JGISUMMARIZEBAMCONTIGDEPTHS_SHORTREAD (MEGAHIT-toy_hmp_gastrooral_sample_7)	CACHED	0	2026-09-13 12:24:34.897	1m 59s	31s	98.9%	22.5 MB	53.1 MB	4.3 GB	4.8 MB
1673	21/36f3a8	59679641_47	NFCORE_MAG:MAG:BINNING_PREPARATION:SHORTREAD_BINNING_PREPARATION:BOWTIE2_ASSEMBLY_BUILD (MEGAHIT-toy_hmp_gastrooral_sample_10)	CACHED	0	2026-09-13 11:36:04.243	2m 25s	1m 26s	89.7%	887.2 MB	1008 MB	626.6 MB	232.9 MB
1679	e4/af3ea0	59681903_43	NFCORE_MAG:MAG:BINNING_PREPARATION:SHORTREAD_BINNING_PREPARATION:BOWTIE2_ASSEMBLY_ALIGN (MEGAHIT-toy_hmp_gastrooral_sample_6-toy_hmp_gastrooral_sample_6)	CACHED	0	2026-09-13 12:04:04.772	15m 29s	14m 13s	760.1%	6.9 GB	9.3 GB	30.1 GB	25.8 GB
1684	19/59beee	59656633_3	NFCORE_MAG:MAG:ASSEMBLY:GUNZIP_SHORTREAD_ASSEMBLIES (MEGAHIT-toy_hmp_gastrooral_sample_12)	CACHED	0	2026-09-13 06:51:29.072	54.3s	703ms	87.5%	5.1 MB	8 MB	33.3 MB	114.9 MB
1678	67/7eeaea	59759186_80	NFCORE_MAG:MAG:BIN_QC:CHECKM2_PREDICT (MEGAHIT-MetaBAT2-unclassified-toy_hmp_gastrooral_sample_0)	CACHED	0	2026-09-13 23:48:55.625	3m 26s	2m 31s	472.6%	14.5 GB	49.8 GB	7.7 GB	1.3 GB
1667	d5/f41aeb	59758580_79	NFCORE_MAG:MAG:BINNING:SEQKIT_STATS (MEGAHIT-COMEBin-toy_hmp_gastrooral_sample_2)	CACHED	0	2026-09-13 23:39:13.561	38.8s	0ms	71.8%	24.2 MB	1.2 GB	21.2 MB	3.5 KB
1686	00/fc2f8d	59683903_97	NFCORE_MAG:MAG:BINNING:METABAT2_JGISUMMARIZEBAMCONTIGDEPTHS_SHORTREAD (MEGAHIT-toy_hmp_gastrooral_sample_8)	CACHED	0	2026-09-13 12:24:34.897	2m 29s	34s	97.8%	24.1 MB	54.8 MB	4.4 GB	5.8 MB
1615	a0/3a96f0	59758580_65	NFCORE_MAG:MAG:BINNING:SEQKIT_STATS (MEGAHIT-COMEBin-toy_hmp_airskinurogenital_sample_23)	CACHED	0	2026-09-13 23:39:13.561	38.6s	1s	63.7%	24.7 MB	1.2 GB	12.5 MB	3.5 KB
1670	03/712fc5	59757941_92	NFCORE_MAG:MAG:BINNING:METABAT2_METABAT2 (MEGAHIT-toy_hmp_gastrooral_sample_9)	CACHED	0	2026-09-13 23:29:34.618	1m 30s	13s	619.7%	2.4 GB	2.4 GB	287.2 MB	182.4 MB
1668	a0/3507d0	59758580_61	NFCORE_MAG:MAG:BINNING:SEQKIT_STATS (MEGAHIT-MetaBAT2-toy_hmp_airskinurogenital_sample_23)	CACHED	0	2026-09-13 23:39:13.561	38.5s	1s	77.2%	21.5 MB	1.2 GB	9.4 MB	2.9 KB
1676	fb/72c994	59758580_73	NFCORE_MAG:MAG:BINNING:SEQKIT_STATS (MEGAHIT-COMEBin-toy_hmp_airskinurogenital_sample_28)	CACHED	0	2026-09-13 23:39:13.561	38.7s	0ms	53.9%	24.9 MB	1.2 GB	10 MB	2.7 KB
1691	e7/d8f559	59759186_69	NFCORE_MAG:MAG:BIN_QC:CHECKM2_PREDICT (MEGAHIT-MetaBAT2-unclassified-toy_hmp_airskinurogenital_sample_26)	CACHED	0	2026-09-13 23:48:55.625	2m 56s	2m 2s	473.0%	10.5 GB	49.4 GB	7.7 GB	1.3 GB
1681	a8/05a970	59757941_49	NFCORE_MAG:MAG:BINNING:METABAT2_METABAT2 (MEGAHIT-toy_hmp_gastrooral_sample_4)	CACHED	0	2026-09-13 23:29:34.618	1m 30s	11s	530.5%	1.7 GB	1.7 GB	278.5 MB	177 MB
1632	3b/29a9f1	59758689_38	NFCORE_MAG:MAG:BINNING:SEMIBIN_SINGLEEASYBIN (MEGAHIT-toy_hmp_gastrooral_sample_1)	CACHED	0	2026-09-13 23:39:54.506	4m 57s	4m 1s	182.4%	13.5 GB	31.5 GB	16.2 GB	1.3 GB
1651	2a/2bd418	59648483_73	NFCORE_MAG:MAG:ASSEMBLY:SHORTREAD_ASSEMBLY:MEGAHIT (toy_hmp_gastrooral_sample_16)	CACHED	0	2026-09-13 04:38:29.090	1h 43m 54s	1h 18m 39s	734.5%	5 GB	7.6 GB	55.3 GB	25.6 GB
1696	1a/347699	59758580_76	NFCORE_MAG:MAG:BINNING:SEQKIT_STATS (MEGAHIT-MetaBAT2-toy_hmp_gastrooral_sample_2)	CACHED	0	2026-09-13 23:39:13.561	38.7s	1s	77.6%	22.5 MB	1.2 GB	16.9 MB	3.6 KB
1693	e4/a6b6ee	59679641_48	NFCORE_MAG:MAG:BINNING_PREPARATION:SHORTREAD_BINNING_PREPARATION:BOWTIE2_ASSEMBLY_BUILD (MEGAHIT-toy_hmp_gastrooral_sample_12)	CACHED	0	2026-09-13 11:36:04.243	2m 25s	1m 5s	88.4%	667.1 MB	802.6 MB	461 MB	172.9 MB
1665	1e/2b62ff	59758689_49	NFCORE_MAG:MAG:BINNING:SEMIBIN_SINGLEEASYBIN (MEGAHIT-toy_hmp_gastrooral_sample_9)	CACHED	0	2026-09-13 23:39:54.506	5m 57s	4m 3s	179.7%	12.7 GB	30.7 GB	16.3 GB	1.4 GB
1685	45/69adad	59681903_45	NFCORE_MAG:MAG:BINNING_PREPARATION:SHORTREAD_BINNING_PREPARATION:BOWTIE2_ASSEMBLY_ALIGN (MEGAHIT-toy_hmp_gastrooral_sample_11-toy_hmp_gastrooral_sample_11)	CACHED	0	2026-09-13 12:04:04.772	14m 29s	13m 19s	736.3%	7.2 GB	9.4 GB	30.2 GB	25.8 GB
1694	a7/c2e46e	59681903_49	NFCORE_MAG:MAG:BINNING_PREPARATION:SHORTREAD_BINNING_PREPARATION:BOWTIE2_ASSEMBLY_ALIGN (MEGAHIT-toy_hmp_gastrooral_sample_10-toy_hmp_gastrooral_sample_10)	CACHED	0	2026-09-13 12:04:04.772	12m 29s	11m 7s	756.4%	7.1 GB	9.3 GB	30.3 GB	25.9 GB
1692	e5/e6277f	59679991_55	NFCORE_MAG:MAG:PRODIGAL (MEGAHIT-toy_hmp_gastrooral_sample_12)	CACHED	0	2026-09-13 11:41:23.668	6m 10s	5m 29s	92.0%	120.8 MB	12.6 GB	681.6 MB	705.1 MB
1672	c0/d26e40	59758689_47	NFCORE_MAG:MAG:BINNING:SEMIBIN_SINGLEEASYBIN (MEGAHIT-toy_hmp_gastrooral_sample_7)	CACHED	0	2026-09-13 23:39:54.506	2m 57s	2m 2s	158.5%	1.2 GB	4.2 GB	9.5 GB	727.6 MB
1703	fd/f2d5be	59758580_71	NFCORE_MAG:MAG:BINNING:SEQKIT_STATS (MEGAHIT-COMEBin-toy_hmp_airskinurogenital_sample_24)	CACHED	0	2026-09-13 23:39:13.561	38.7s	0ms	66.8%	19.5 MB	1.2 GB	15.7 MB	5.7 KB
1711	d3/50c750	59683903_63	NFCORE_MAG:MAG:BINNING:METABAT2_JGISUMMARIZEBAMCONTIGDEPTHS_SHORTREAD (MEGAHIT-toy_hmp_gastrooral_sample_11)	CACHED	0	2026-09-13 12:24:34.897	1m 29s	37s	99.1%	25.4 MB	56 MB	4.4 GB	6.7 MB
1671	59/67268e	59685639_87	NFCORE_MAG:MAG:BINNING:COMEBIN_RUNCOMEBIN (MEGAHIT-toy_hmp_gastrooral_sample_7)	CACHED	0	2026-09-13 12:43:34.721	4h 36m 59s	3h 36m 1s	1092.8%	14.9 GB	97.9 GB	70.3 GB	9.3 GB
1674	66/37f2fc	59685639_60	NFCORE_MAG:MAG:BINNING:COMEBIN_RUNCOMEBIN (MEGAHIT-toy_hmp_gastrooral_sample_3)	CACHED	0	2026-09-13 12:43:34.721	2h 26m 59s	1h 40m 25s	923.5%	15.1 GB	99.7 GB	123.6 GB	13.6 GB
1675	a9/ced001	59758689_37	NFCORE_MAG:MAG:BINNING:SEMIBIN_SINGLEEASYBIN (MEGAHIT-toy_hmp_gastrooral_sample_3)	CACHED	0	2026-09-13 23:39:54.506	4m 57s	4m 9s	182.1%	10 GB	28 GB	18.2 GB	1.4 GB
1708	dd/26cd63	59681903_47	NFCORE_MAG:MAG:BINNING_PREPARATION:SHORTREAD_BINNING_PREPARATION:BOWTIE2_ASSEMBLY_ALIGN (MEGAHIT-toy_hmp_gastrooral_sample_12-toy_hmp_gastrooral_sample_12)	CACHED	0	2026-09-13 12:04:04.772	13m 59s	12m 53s	754.5%	6.9 GB	9.2 GB	30.2 GB	25.8 GB
1702	56/6c9bb0	59758580_70	NFCORE_MAG:MAG:BINNING:SEQKIT_STATS (MEGAHIT-MetaBAT2-toy_hmp_airskinurogenital_sample_24)	CACHED	0	2026-09-13 23:39:13.561	38.7s	0ms	79.2%	21.5 MB	1.2 GB	12.5 MB	3.9 KB
1690	9f/33ddea	59757941_86	NFCORE_MAG:MAG:BINNING:METABAT2_METABAT2 (MEGAHIT-toy_hmp_gastrooral_sample_7)	CACHED	0	2026-09-13 23:29:34.618	1m 30s	10s	384.4%	825.4 MB	843.9 MB	204.2 MB	127.6 MB
1695	94/42b3ba	59757941_98	NFCORE_MAG:MAG:BINNING:METABAT2_METABAT2 (MEGAHIT-toy_hmp_gastrooral_sample_8)	CACHED	0	2026-09-13 23:29:34.618	2m	6s	515.6%	835.7 MB	861.1 MB	231.3 MB	144.2 MB
1715	12/c83a2d	59759186_61	NFCORE_MAG:MAG:BIN_QC:CHECKM2_PREDICT (MEGAHIT-MetaBAT2-unclassified-toy_hmp_airskinurogenital_sample_23)	CACHED	0	2026-09-13 23:48:55.625	2m 26s	1m 32s	472.5%	13.7 GB	49.3 GB	7.2 GB	940.1 MB
1709	a5/630c63	59758580_68	NFCORE_MAG:MAG:BINNING:SEQKIT_STATS (MEGAHIT-MetaBAT2-toy_hmp_airskinurogenital_sample_28)	CACHED	0	2026-09-13 23:39:13.561	38.6s	1s	76.8%	24.4 MB	1.2 GB	9 MB	2.3 KB
1716	b3/3a7057	59758580_85	NFCORE_MAG:MAG:BINNING:SEQKIT_STATS (MEGAHIT-MetaBAT2-toy_hmp_gastrooral_sample_5)	CACHED	0	2026-09-13 23:39:13.561	38.8s	1s	76.5%	22.2 MB	1.2 GB	16.4 MB	4.2 KB
1714	4e/038ccb	59683903_24	NFCORE_MAG:MAG:BINNING:METABAT2_JGISUMMARIZEBAMCONTIGDEPTHS_SHORTREAD (MEGAHIT-toy_hmp_gastrooral_sample_10)	CACHED	0	2026-09-13 12:24:34.897	58.8s	29s	99.8%	19.3 MB	50.1 MB	4.4 GB	2.9 MB
1699	45/778fcd	59683903_75	NFCORE_MAG:MAG:BINNING:METABAT2_JGISUMMARIZEBAMCONTIGDEPTHS_SHORTREAD (MEGAHIT-toy_hmp_gastrooral_sample_6)	CACHED	0	2026-09-13 12:24:34.897	1m 59s	35s	99.7%	20.2 MB	50.8 MB	4.4 GB	3.3 MB
1669	d2/1a1afc	59685639_92	NFCORE_MAG:MAG:BINNING:COMEBIN_RUNCOMEBIN (MEGAHIT-toy_hmp_gastrooral_sample_9)	CACHED	0	2026-09-13 12:43:34.721	5h 54m 29s	4h 51m 50s	1086.9%	15.2 GB	99.9 GB	122 GB	13.4 GB
1713	8b/722b1c	59759186_73	NFCORE_MAG:MAG:BIN_QC:CHECKM2_PREDICT (MEGAHIT-COMEBin-unclassified-toy_hmp_airskinurogenital_sample_28)	CACHED	0	2026-09-13 23:48:55.625	2m 56s	2m 1s	426.7%	9.2 GB	49.4 GB	7.2 GB	945.2 MB
1701	be/204945	59759186_64	NFCORE_MAG:MAG:BIN_QC:CHECKM2_PREDICT (MEGAHIT-COMEBin-unclassified-toy_hmp_airskinurogenital_sample_23)	CACHED	0	2026-09-13 23:48:55.625	2m 26s	1m 34s	462.4%	9.9 GB	49 GB	7.4 GB	1.1 GB
1682	31/c4d29b	59683903_59	NFCORE_MAG:MAG:BINNING:METABAT2_JGISUMMARIZEBAMCONTIGDEPTHS_SHORTREAD (MEGAHIT-toy_hmp_gastrooral_sample_3)	CACHED	0	2026-09-13 12:24:34.897	58.9s	30s	97.7%	19.2 MB	49.9 MB	4.4 GB	2.9 MB
1704	a9/468bb6	59758580_89	NFCORE_MAG:MAG:BINNING:SEQKIT_STATS (MEGAHIT-COMEBin-toy_hmp_gastrooral_sample_5)	CACHED	0	2026-09-13 23:39:13.561	38.9s	1s	53.1%	24.7 MB	1.2 GB	18.9 MB	3.8 KB
1688	be/90bad0	59685639_96	NFCORE_MAG:MAG:BINNING:COMEBIN_RUNCOMEBIN (MEGAHIT-toy_hmp_gastrooral_sample_8)	CACHED	0	2026-09-13 12:43:34.721	5h 2m 59s	3h 58m 59s	1089.3%	14.8 GB	98.3 GB	73.2 GB	9.9 GB
1698	3a/1e904d	59759186_78	NFCORE_MAG:MAG:BIN_QC:CHECKM2_PREDICT (MEGAHIT-COMEBin-unclassified-toy_hmp_gastrooral_sample_2)	CACHED	0	2026-09-13 23:48:55.625	3m 26s	2m 35s	493.9%	10.8 GB	50.5 GB	7.9 GB	1.5 GB
1721	56/30ed9a	59757941_63	NFCORE_MAG:MAG:BINNING:METABAT2_METABAT2 (MEGAHIT-toy_hmp_gastrooral_sample_11)	CACHED	0	2026-09-13 23:29:34.618	1m 30s	13s	622.9%	2.6 GB	2.7 GB	333.9 MB	209.7 MB
1623	c5/c0486f	59648483_46	NFCORE_MAG:MAG:ASSEMBLY:SHORTREAD_ASSEMBLY:MEGAHIT (toy_hmp_gastrooral_sample_13)	CACHED	0	2026-09-13 04:38:29.090	1h 28m 54s	1h 17m 24s	723.4%	5.2 GB	7.9 GB	52.4 GB	23.9 GB
1712	32/c539c5	59758689_46	NFCORE_MAG:MAG:BINNING:SEMIBIN_SINGLEEASYBIN (MEGAHIT-toy_hmp_gastrooral_sample_11)	CACHED	0	2026-09-13 23:39:54.506	3m 57s	3m 14s	182.6%	14 GB	32 GB	14.7 GB	1.3 GB
1718	d6/a0c180	59656633_98	NFCORE_MAG:MAG:ASSEMBLY:GUNZIP_SHORTREAD_ASSEMBLIES (MEGAHIT-toy_hmp_gastrooral_sample_16)	CACHED	0	2026-09-13 06:51:29.072	54.7s	1s	87.2%	5.4 MB	8.1 MB	49.8 MB	170.2 MB
1650	35/ef6e12	59648483_71	NFCORE_MAG:MAG:ASSEMBLY:SHORTREAD_ASSEMBLY:MEGAHIT (toy_hmp_gastrooral_sample_15)	CACHED	0	2026-09-13 04:38:29.090	1h 37m 24s	1h 15m 20s	727.3%	4.1 GB	4.6 GB	52.8 GB	24 GB
1726	f5/61d41c	59759186_70	NFCORE_MAG:MAG:BIN_QC:CHECKM2_PREDICT (MEGAHIT-COMEBin-unclassified-toy_hmp_airskinurogenital_sample_24)	CACHED	0	2026-09-13 23:48:55.625	2m 56s	1m 55s	481.0%	10.1 GB	49 GB	7.6 GB	1.3 GB
1728	3d/27484b	59758580_75	NFCORE_MAG:MAG:BINNING:SEQKIT_STATS (MEGAHIT-MetaBAT2-toy_hmp_gastrooral_sample_1)	CACHED	0	2026-09-13 23:39:13.561	38.7s	1s	78.8%	48.9 MB	1.3 GB	25.2 MB	4.7 KB
1717	56/abd70b	59759186_74	NFCORE_MAG:MAG:BIN_QC:CHECKM2_PREDICT (MEGAHIT-MetaBAT2-unclassified-toy_hmp_gastrooral_sample_2)	CACHED	0	2026-09-13 23:48:55.625	3m 26s	2m 36s	460.2%	10.1 GB	49.7 GB	7.7 GB	1.3 GB
1730	71/eccca8	59683903_50	NFCORE_MAG:MAG:BINNING:METABAT2_JGISUMMARIZEBAMCONTIGDEPTHS_SHORTREAD (MEGAHIT-toy_hmp_gastrooral_sample_12)	CACHED	0	2026-09-13 12:24:34.897	58.9s	28s	99.3%	17.6 MB	48.1 MB	4.4 GB	1.8 MB
1687	f8/b998c7	59758689_44	NFCORE_MAG:MAG:BINNING:SEMIBIN_SINGLEEASYBIN (MEGAHIT-toy_hmp_gastrooral_sample_8)	CACHED	0	2026-09-13 23:39:54.506	2m 57s	2m 6s	157.9%	6.1 GB	24.1 GB	9.1 GB	738.3 MB
1744	04/cc7540	59656633_86	NFCORE_MAG:MAG:ASSEMBLY:GUNZIP_SHORTREAD_ASSEMBLIES (MEGAHIT-toy_hmp_gastrooral_sample_13)	CACHED	0	2026-09-13 06:51:29.072	54.7s	760ms	88.6%	4.9 MB	8 MB	41.2 MB	140.4 MB
1735	f3/829502	59759186_71	NFCORE_MAG:MAG:BIN_QC:CHECKM2_PREDICT (MEGAHIT-MetaBAT2-unclassified-toy_hmp_airskinurogenital_sample_24)	CACHED	0	2026-09-13 23:48:55.625	2m 56s	1m 58s	423.8%	9.1 GB	48.8 GB	7.4 GB	1.1 GB
1697	40/9514d8	59685639_77	NFCORE_MAG:MAG:BINNING:COMEBIN_RUNCOMEBIN (MEGAHIT-toy_hmp_gastrooral_sample_6)	CACHED	0	2026-09-13 12:43:34.721	7h 10m 29s	6h 17m 30s	1091.7%	15.3 GB	100.1 GB	109.3 GB	14.6 GB
1739	7e/ab3457	59759186_67	NFCORE_MAG:MAG:BIN_QC:CHECKM2_PREDICT (MEGAHIT-MetaBAT2-unclassified-toy_hmp_airskinurogenital_sample_28)	CACHED	0	2026-09-13 23:48:55.625	2m 56s	2m	424.5%	9 GB	49.6 GB	7.2 GB	897.4 MB
1748	1d/9ea8e8	59656633_92	NFCORE_MAG:MAG:ASSEMBLY:GUNZIP_SHORTREAD_ASSEMBLIES (MEGAHIT-toy_hmp_gastrooral_sample_15)	CACHED	0	2026-09-13 06:51:29.072	54.7s	770ms	93.9%	5.1 MB	8.1 MB	44.4 MB	151.3 MB
1746	5c/7afb9a	59679991_61	NFCORE_MAG:MAG:PRODIGAL (MEGAHIT-toy_hmp_gastrooral_sample_16)	CACHED	0	2026-09-13 11:41:23.668	8m 40s	7m 42s	91.2%	122.5 MB	12.6 GB	1.1 GB	1.2 GB
1707	59/c424a6	59758689_41	NFCORE_MAG:MAG:BINNING:SEMIBIN_SINGLEEASYBIN (MEGAHIT-toy_hmp_gastrooral_sample_6)	CACHED	0	2026-09-13 23:39:54.506	3m 57s	3m 4s	184.5%	15.8 GB	33.7 GB	13.4 GB	1.1 GB
1750	a3/71e675	59759186_88	NFCORE_MAG:MAG:BIN_QC:CHECKM2_PREDICT (MEGAHIT-COMEBin-unclassified-toy_hmp_gastrooral_sample_5)	CACHED	0	2026-09-13 23:48:55.625	3m 26s	2m 32s	490.4%	10.6 GB	49.8 GB	7.9 GB	1.5 GB
1745	13/c49522	59758580_98	NFCORE_MAG:MAG:BINNING:SEQKIT_STATS (MEGAHIT-MetaBAT2-toy_hmp_gastrooral_sample_9)	CACHED	0	2026-09-13 23:39:13.561	39s	2s	77.8%	48.4 MB	1.2 GB	27.4 MB	5.6 KB
1758	a0/f978d3	59679991_59	NFCORE_MAG:MAG:PRODIGAL (MEGAHIT-toy_hmp_gastrooral_sample_15)	CACHED	0	2026-09-13 11:41:23.668	6m 40s	5m 40s	92.9%	122.3 MB	12.6 GB	991.2 MB	1 GB
1741	20/4e2639	59758580_81	NFCORE_MAG:MAG:BINNING:SEQKIT_STATS (MEGAHIT-COMEBin-toy_hmp_gastrooral_sample_1)	CACHED	0	2026-09-13 23:39:13.561	38.8s	1s	65.3%	19.6 MB	1.2 GB	31.7 MB	7 KB
1749	b0/70669d	59679641_53	NFCORE_MAG:MAG:BINNING_PREPARATION:SHORTREAD_BINNING_PREPARATION:BOWTIE2_ASSEMBLY_BUILD (MEGAHIT-toy_hmp_gastrooral_sample_16)	CACHED	0	2026-09-13 11:36:04.243	2m 55s	1m 34s	88.9%	950.9 MB	1 GB	682.3 MB	258 MB
1737	3f/1241e5	59758580_88	NFCORE_MAG:MAG:BINNING:SEQKIT_STATS (MEGAHIT-COMEBin-toy_hmp_gastrooral_sample_4)	CACHED	0	2026-09-13 23:39:13.561	38.9s	1s	67.2%	19.6 MB	1.2 GB	32.6 MB	9.2 KB
1724	eb/8fc80f	59685639_27	NFCORE_MAG:MAG:BINNING:COMEBIN_RUNCOMEBIN (MEGAHIT-toy_hmp_gastrooral_sample_10)	CACHED	0	2026-09-13 12:43:34.721	5h 30m 29s	5h 6m 47s	1073.7%	15.2 GB	99.9 GB	141 GB	15.4 GB
1760	ed/4498f5	59759186_97	NFCORE_MAG:MAG:BIN_QC:CHECKM2_PREDICT (MEGAHIT-MetaBAT2-unclassified-toy_hmp_gastrooral_sample_9)	CACHED	0	2026-09-13 23:48:55.625	3m 26s	2m 39s	503.9%	12.1 GB	50.7 GB	8.7 GB	2.2 GB
1710	bb/bfb80e	59648483_44	NFCORE_MAG:MAG:ASSEMBLY:SHORTREAD_ASSEMBLY:MEGAHIT (toy_hmp_gastrooral_sample_17)	CACHED	0	2026-09-13 04:38:29.090	1h 15m 54s	1h 4m 8s	759.5%	4.9 GB	7.5 GB	51.9 GB	23.5 GB
1743	cb/3c47a9	59636675_4	NFCORE_MAG:MAG:ASSEMBLY:SHORTREAD_ASSEMBLY:MEGAHIT (toy_mousegut_sample_0)	CACHED	0	2026-09-13 03:00:05.062	34m 48s	32m 57s	687.0%	3.9 GB	4.3 GB	45.4 GB	19.2 GB
1751	08/1567eb	59758580_84	NFCORE_MAG:MAG:BINNING:SEQKIT_STATS (MEGAHIT-MetaBAT2-toy_hmp_gastrooral_sample_4)	CACHED	0	2026-09-13 23:39:13.561	38.8s	1s	78.6%	49.1 MB	1.3 GB	26.9 MB	6.7 KB
1733	d4/75530b	59757941_10	NFCORE_MAG:MAG:BINNING:METABAT2_METABAT2 (MEGAHIT-toy_hmp_gastrooral_sample_10)	CACHED	0	2026-09-13 23:29:34.617	59.6s	22s	486.4%	3.3 GB	3.3 GB	321.8 MB	204.9 MB
1765	b6/f93db1	59656633_55	NFCORE_MAG:MAG:ASSEMBLY:GUNZIP_SHORTREAD_ASSEMBLIES (MEGAHIT-toy_hmp_gastrooral_sample_17)	CACHED	0	2026-09-13 06:51:29.072	54.5s	983ms	85.6%	5.3 MB	8.1 MB	39 MB	132.8 MB
1755	04/5bf892	59679641_50	NFCORE_MAG:MAG:BINNING_PREPARATION:SHORTREAD_BINNING_PREPARATION:BOWTIE2_ASSEMBLY_BUILD (MEGAHIT-toy_hmp_gastrooral_sample_13)	CACHED	0	2026-09-13 11:36:04.243	2m 25s	1m 19s	89.3%	803.3 MB	926.3 MB	563 MB	214.9 MB
1742	36/1bcff1	59759186_86	NFCORE_MAG:MAG:BIN_QC:CHECKM2_PREDICT (MEGAHIT-MetaBAT2-unclassified-toy_hmp_gastrooral_sample_5)	CACHED	0	2026-09-13 23:48:55.625	3m 26s	2m 33s	468.7%	10.3 GB	49.1 GB	7.8 GB	1.4 GB
1757	54/200525	59679641_51	NFCORE_MAG:MAG:BINNING_PREPARATION:SHORTREAD_BINNING_PREPARATION:BOWTIE2_ASSEMBLY_BUILD (MEGAHIT-toy_hmp_gastrooral_sample_15)	CACHED	0	2026-09-13 11:36:04.243	2m 25s	1m 25s	89.8%	861.1 MB	982.7 MB	606.6 MB	231.3 MB
1752	07/fc370b	59759186_76	NFCORE_MAG:MAG:BIN_QC:CHECKM2_PREDICT (MEGAHIT-MetaBAT2-unclassified-toy_hmp_gastrooral_sample_1)	CACHED	0	2026-09-13 23:48:55.625	3m 56s	3m 9s	489.8%	12 GB	49.6 GB	8.4 GB	1.9 GB
1734	8f/bf997c	59757941_75	NFCORE_MAG:MAG:BINNING:METABAT2_METABAT2 (MEGAHIT-toy_hmp_gastrooral_sample_6)	CACHED	0	2026-09-13 23:29:34.618	1m 30s	17s	564.2%	3.1 GB	3.1 GB	241.9 MB	153.6 MB
1768	eb/622994	59758580_92	NFCORE_MAG:MAG:BINNING:SEQKIT_STATS (MEGAHIT-MetaBAT2-toy_hmp_gastrooral_sample_7)	CACHED	0	2026-09-13 23:39:13.561	38.9s	1s	80.7%	23 MB	1.2 GB	11.6 MB	3.7 KB
1756	e4/d1900e	59757941_20	NFCORE_MAG:MAG:BINNING:METABAT2_METABAT2 (MEGAHIT-toy_hmp_gastrooral_sample_12)	CACHED	0	2026-09-13 23:29:34.617	1m 30s	7s	566.3%	922.2 MB	1 GB	235.7 MB	149.9 MB
1653	79/f79243	59648483_72	NFCORE_MAG:MAG:ASSEMBLY:SHORTREAD_ASSEMBLY:MEGAHIT (toy_hmp_gastrooral_sample_14)	CACHED	0	2026-09-13 04:38:29.090	1h 43m 24s	1h 18m 6s	678.0%	5.2 GB	7.8 GB	50.8 GB	22.8 GB
1754	59/056a1f	59679991_62	NFCORE_MAG:MAG:PRODIGAL (MEGAHIT-toy_hmp_gastrooral_sample_13)	CACHED	0	2026-09-13 11:41:23.668	7m 10s	6m 7s	92.0%	121.4 MB	12.6 GB	934.7 MB	986.5 MB
1732	78/a3e9cb	59685639_50	NFCORE_MAG:MAG:BINNING:COMEBIN_RUNCOMEBIN (MEGAHIT-toy_hmp_gastrooral_sample_12)	CACHED	0	2026-09-13 12:43:34.721	1h 51m 59s	1h 8m 22s	912.7%	14.6 GB	97.2 GB	102.9 GB	9.6 GB
1766	c1/875412	59758580_78	NFCORE_MAG:MAG:BINNING:SEQKIT_STATS (MEGAHIT-COMEBin-toy_hmp_gastrooral_sample_3)	CACHED	0	2026-09-13 23:39:13.561	38.8s	1s	67.8%	19.1 MB	1.2 GB	32.9 MB	8.6 KB
1747	4a/3fedb3	59648483_52	NFCORE_MAG:MAG:ASSEMBLY:SHORTREAD_ASSEMBLY:MEGAHIT (toy_mousegut_sample_1)	CACHED	0	2026-09-13 04:38:29.090	53m 24s	38m 16s	709.8%	4.8 GB	7.3 GB	49.2 GB	21.7 GB
1723	a5/609462	59685639_59	NFCORE_MAG:MAG:BINNING:COMEBIN_RUNCOMEBIN (MEGAHIT-toy_hmp_gastrooral_sample_11)	CACHED	0	2026-09-13 12:43:34.721	6h 46m 29s	6h 2s	1086.5%	15.6 GB	100.4 GB	111.4 GB	14.5 GB
1772	84/68bd78	59758580_86	NFCORE_MAG:MAG:BINNING:SEQKIT_STATS (MEGAHIT-MetaBAT2-toy_hmp_gastrooral_sample_8)	CACHED	0	2026-09-13 23:39:13.561	38.8s	0ms	78.6%	3.2 MB	4.3 MB	11.5 MB	4.4 KB
1770	f2/2d81a3	59656633_0	NFCORE_MAG:MAG:ASSEMBLY:GUNZIP_SHORTREAD_ASSEMBLIES (MEGAHIT-toy_mousegut_sample_0)	CACHED	0	2026-09-13 06:51:29.072	54.3s	410ms	86.4%	5.1 MB	8.1 MB	19.4 MB	65.7 MB
1776	4a/f43661	59679991_66	NFCORE_MAG:MAG:PRODIGAL (MEGAHIT-toy_hmp_gastrooral_sample_17)	CACHED	0	2026-09-13 11:41:23.668	6m 10s	5m 3s	92.1%	122.3 MB	12.6 GB	878 MB	927.7 MB
1740	ec/695d9f	59757941_16	NFCORE_MAG:MAG:BINNING:METABAT2_METABAT2 (MEGAHIT-toy_hmp_gastrooral_sample_3)	CACHED	0	2026-09-13 23:29:34.617	59.6s	12s	500.9%	1.7 GB	1.7 GB	281.2 MB	178.7 MB
1763	80/9f91c1	59759186_82	NFCORE_MAG:MAG:BIN_QC:CHECKM2_PREDICT (MEGAHIT-COMEBin-unclassified-toy_hmp_gastrooral_sample_1)	CACHED	0	2026-09-13 23:48:55.625	4m 26s	3m 29s	507.0%	14.3 GB	50.3 GB	8.8 GB	2.2 GB
1769	82/ee53cb	59759651_1	NFCORE_MAG:MAG:BINNING:SEQKIT_STATS (MEGAHIT-COMEBin-toy_hmp_gastrooral_sample_9)	CACHED	0	2026-09-13 23:54:24.478	27.1s	1s	64.5%	19.3 MB	1.2 GB	33.5 MB	6.8 KB
1762	90/093bd9	59681903_53	NFCORE_MAG:MAG:BINNING_PREPARATION:SHORTREAD_BINNING_PREPARATION:BOWTIE2_ASSEMBLY_ALIGN (MEGAHIT-toy_hmp_gastrooral_sample_16-toy_hmp_gastrooral_sample_16)	CACHED	0	2026-09-13 12:04:04.772	16m 29s	15m 3s	744.2%	7.1 GB	9.5 GB	30.2 GB	25.8 GB
1771	44/eefd6a	59759186_87	NFCORE_MAG:MAG:BIN_QC:CHECKM2_PREDICT (MEGAHIT-COMEBin-unclassified-toy_hmp_gastrooral_sample_4)	CACHED	0	2026-09-13 23:48:55.625	5m 26s	4m 27s	509.7%	12.6 GB	49.5 GB	9 GB	2.4 GB
1720	ed/0937cc	59758689_45	NFCORE_MAG:MAG:BINNING:SEMIBIN_SINGLEEASYBIN (MEGAHIT-toy_hmp_gastrooral_sample_10)	CACHED	0	2026-09-13 23:39:54.506	5m 27s	4m 22s	187.0%	16.5 GB	34.5 GB	21.1 GB	1.7 GB
1722	06/b5ca4e	59648483_47	NFCORE_MAG:MAG:ASSEMBLY:SHORTREAD_ASSEMBLY:MEGAHIT (toy_hmp_gastrooral_sample_18)	CACHED	0	2026-09-13 04:38:29.090	1h 23m 25s	1h 11m 55s	713.1%	4.9 GB	7.5 GB	55.3 GB	25.8 GB
1784	09/6251ee	59656633_97	NFCORE_MAG:MAG:ASSEMBLY:GUNZIP_SHORTREAD_ASSEMBLIES (MEGAHIT-toy_hmp_gastrooral_sample_14)	CACHED	0	2026-09-13 06:51:29.072	54.7s	703ms	92.9%	5.5 MB	8.1 MB	36 MB	122.7 MB
1788	0c/d86e1b	59656633_22	NFCORE_MAG:MAG:ASSEMBLY:GUNZIP_SHORTREAD_ASSEMBLIES (MEGAHIT-toy_mousegut_sample_1)	CACHED	0	2026-09-13 06:51:29.072	54.4s	742ms	90.0%	5.3 MB	8.1 MB	31.1 MB	106.1 MB
1775	e0/0a0cfb	59679641_54	NFCORE_MAG:MAG:BINNING_PREPARATION:SHORTREAD_BINNING_PREPARATION:BOWTIE2_ASSEMBLY_BUILD (MEGAHIT-toy_hmp_gastrooral_sample_17)	CACHED	0	2026-09-13 11:36:04.243	2m 25s	1m 16s	89.2%	753.4 MB	877.3 MB	532.7 MB	202.3 MB
1781	75/ac244a	59759186_90	NFCORE_MAG:MAG:BIN_QC:CHECKM2_PREDICT (MEGAHIT-MetaBAT2-unclassified-toy_hmp_gastrooral_sample_7)	CACHED	0	2026-09-13 23:48:55.625	2m 26s	1m 23s	474.4%	9.5 GB	48.9 GB	7.4 GB	1.1 GB
1791	3d/e7a261	59759186_75	NFCORE_MAG:MAG:BIN_QC:CHECKM2_PREDICT (MEGAHIT-COMEBin-unclassified-toy_hmp_gastrooral_sample_3)	CACHED	0	2026-09-13 23:48:55.625	5m 26s	4m 23s	508.6%	12.6 GB	49.6 GB	8.9 GB	2.3 GB
1764	ad/58bbc0	59758580_93	NFCORE_MAG:MAG:BINNING:SEQKIT_STATS (MEGAHIT-COMEBin-toy_hmp_gastrooral_sample_7)	CACHED	0	2026-09-13 23:39:13.561	38.9s	0ms	60.5%	3.3 MB	4.3 MB	14.3 MB	7.9 KB
1785	79/d1265e	59758580_90	NFCORE_MAG:MAG:BINNING:SEQKIT_STATS (MEGAHIT-MetaBAT2-toy_hmp_gastrooral_sample_11)	CACHED	0	2026-09-13 23:39:13.561	38.9s	1s	78.8%	49.1 MB	1.3 GB	21.5 MB	4.3 KB
1797	79/2eaeca	59679641_52	NFCORE_MAG:MAG:BINNING_PREPARATION:SHORTREAD_BINNING_PREPARATION:BOWTIE2_ASSEMBLY_BUILD (MEGAHIT-toy_hmp_gastrooral_sample_14)	CACHED	0	2026-09-13 11:36:04.243	2m 25s	1m 7s	87.4%	698.8 MB	833.6 MB	492.2 MB	188.6 MB
1798	2d/b4ab1e	59679991_58	NFCORE_MAG:MAG:PRODIGAL (MEGAHIT-toy_hmp_gastrooral_sample_14)	CACHED	0	2026-09-13 11:41:23.668	5m 10s	4m 29s	92.8%	122.4 MB	12.6 GB	793.5 MB	832.4 MB
1803	63/aecb97	59679641_57	NFCORE_MAG:MAG:BINNING_PREPARATION:SHORTREAD_BINNING_PREPARATION:BOWTIE2_ASSEMBLY_BUILD (MEGAHIT-toy_mousegut_sample_1)	CACHED	0	2026-09-13 11:36:04.243	1m 55s	49s	86.7%	614.6 MB	752.1 MB	425.6 MB	163 MB
1736	99/426b06	59758689_51	NFCORE_MAG:MAG:BINNING:SEMIBIN_SINGLEEASYBIN (MEGAHIT-toy_hmp_gastrooral_sample_12)	CACHED	0	2026-09-13 23:39:54.506	5m 57s	4m 10s	161.0%	1.8 GB	7 GB	15.6 GB	1.3 GB
1800	16/9beb5b	59656633_75	NFCORE_MAG:MAG:ASSEMBLY:GUNZIP_SHORTREAD_ASSEMBLIES (MEGAHIT-toy_hmp_gastrooral_sample_18)	CACHED	0	2026-09-13 06:51:29.072	54.6s	1s	88.4%	5.1 MB	8.1 MB	55.9 MB	191.1 MB
1794	42/b3c989	59679641_56	NFCORE_MAG:MAG:BINNING_PREPARATION:SHORTREAD_BINNING_PREPARATION:BOWTIE2_ASSEMBLY_BUILD (MEGAHIT-toy_mousegut_sample_0)	CACHED	0	2026-09-13 11:36:04.243	1m 26s	28s	86.5%	395.4 MB	543.6 MB	264 MB	104.7 MB
1779	a8/9e06fa	59681903_51	NFCORE_MAG:MAG:BINNING_PREPARATION:SHORTREAD_BINNING_PREPARATION:BOWTIE2_ASSEMBLY_ALIGN (MEGAHIT-toy_hmp_gastrooral_sample_15-toy_hmp_gastrooral_sample_15)	CACHED	0	2026-09-13 12:04:04.772	18m 29s	17m 14s	764.5%	7.2 GB	9.5 GB	30.2 GB	25.9 GB
1799	f9/22594b	59683903_88	NFCORE_MAG:MAG:BINNING:METABAT2_JGISUMMARIZEBAMCONTIGDEPTHS_SHORTREAD (MEGAHIT-toy_hmp_gastrooral_sample_16)	CACHED	0	2026-09-13 12:24:34.897	1m 59s	36s	99.5%	27.1 MB	57.6 MB	4.4 GB	7.7 MB
1795	ed/a575e6	59679991_67	NFCORE_MAG:MAG:PRODIGAL (MEGAHIT-toy_mousegut_sample_0)	CACHED	0	2026-09-13 11:41:23.668	4m 10s	3m 14s	91.3%	51.4 MB	118.6 MB	447 MB	474.4 MB
1773	48/30b879	59759186_83	NFCORE_MAG:MAG:BIN_QC:CHECKM2_PREDICT (MEGAHIT-MetaBAT2-unclassified-toy_hmp_gastrooral_sample_4)	CACHED	0	2026-09-13 23:48:55.625	4m 26s	3m 23s	499.1%	12.7 GB	49.6 GB	8.8 GB	2.3 GB
1808	b5/3f790f	59681903_50	NFCORE_MAG:MAG:BINNING_PREPARATION:SHORTREAD_BINNING_PREPARATION:BOWTIE2_ASSEMBLY_ALIGN (MEGAHIT-toy_hmp_gastrooral_sample_14-toy_hmp_gastrooral_sample_14)	CACHED	0	2026-09-13 12:04:04.772	15m 29s	14m 4s	755.5%	7 GB	9.3 GB	30.1 GB	25.7 GB
1806	b0/cc7736	59759186_85	NFCORE_MAG:MAG:BIN_QC:CHECKM2_PREDICT (MEGAHIT-MetaBAT2-unclassified-toy_hmp_gastrooral_sample_8)	CACHED	0	2026-09-13 23:48:55.625	2m 26s	1m 36s	460.1%	9.4 GB	48.7 GB	7.4 GB	1.1 GB
1809	26/67cc0e	59679641_59	NFCORE_MAG:MAG:BINNING_PREPARATION:SHORTREAD_BINNING_PREPARATION:BOWTIE2_ASSEMBLY_BUILD (MEGAHIT-toy_hmp_gastrooral_sample_18)	CACHED	0	2026-09-13 11:36:04.243	2m 55s	1m 41s	90.1%	1 GB	1.2 GB	765.6 MB	286.6 MB
1810	a0/432a4a	59679991_60	NFCORE_MAG:MAG:PRODIGAL (MEGAHIT-toy_hmp_gastrooral_sample_18)	CACHED	0	2026-09-13 11:41:23.668	8m 40s	7m 36s	92.8%	122.3 MB	12.6 GB	1.2 GB	1.3 GB
1813	1a/07ad04	59683903_98	NFCORE_MAG:MAG:BINNING:METABAT2_JGISUMMARIZEBAMCONTIGDEPTHS_SHORTREAD (MEGAHIT-toy_hmp_gastrooral_sample_15)	CACHED	0	2026-09-13 12:24:34.897	2m 29s	38s	99.4%	27.2 MB	57.7 MB	4.4 GB	7.7 MB
1786	90/ac41b1	59758580_87	NFCORE_MAG:MAG:BINNING:SEQKIT_STATS (MEGAHIT-COMEBin-toy_hmp_gastrooral_sample_8)	CACHED	0	2026-09-13 23:39:13.561	38.8s	0ms	61.2%	19.7 MB	1.2 GB	14.3 MB	9 KB
1774	4e/b52e8b	59636675_5	NFCORE_MAG:MAG:ASSEMBLY:SHORTREAD_ASSEMBLY:MEGAHIT (toy_mousegut_sample_2)	CACHED	0	2026-09-13 03:00:05.062	50m 48s	48m 44s	675.6%	5.2 GB	7.9 GB	48.9 GB	21.6 GB
1822	c1/6a76d2	59683903_77	NFCORE_MAG:MAG:BINNING:METABAT2_JGISUMMARIZEBAMCONTIGDEPTHS_SHORTREAD (MEGAHIT-toy_hmp_gastrooral_sample_14)	CACHED	0	2026-09-13 12:24:34.897	1m 59s	35s	99.5%	23.9 MB	54.6 MB	4.3 GB	5.9 MB
1814	1a/aaf6a6	59681903_58	NFCORE_MAG:MAG:BINNING_PREPARATION:SHORTREAD_BINNING_PREPARATION:BOWTIE2_ASSEMBLY_ALIGN (MEGAHIT-toy_mousegut_sample_0-toy_mousegut_sample_0)	CACHED	0	2026-09-13 12:04:04.772	14m 29s	13m 7s	752.4%	6.9 GB	9.3 GB	29.6 GB	25.3 GB
1811	2a/ec89b1	59681903_56	NFCORE_MAG:MAG:BINNING_PREPARATION:SHORTREAD_BINNING_PREPARATION:BOWTIE2_ASSEMBLY_ALIGN (MEGAHIT-toy_mousegut_sample_1-toy_mousegut_sample_1)	CACHED	0	2026-09-13 12:04:04.772	12m 29s	11m 13s	752.5%	6.9 GB	9.2 GB	29.9 GB	25.5 GB
1802	50/c8adda	59681903_59	NFCORE_MAG:MAG:BINNING_PREPARATION:SHORTREAD_BINNING_PREPARATION:BOWTIE2_ASSEMBLY_ALIGN (MEGAHIT-toy_hmp_gastrooral_sample_17-toy_hmp_gastrooral_sample_17)	CACHED	0	2026-09-13 12:04:04.772	17m 59s	16m 47s	755.2%	7 GB	9.2 GB	30.3 GB	26 GB
1832	06/1c6ad5	59683903_60	NFCORE_MAG:MAG:BINNING:METABAT2_JGISUMMARIZEBAMCONTIGDEPTHS_SHORTREAD (MEGAHIT-toy_mousegut_sample_0)	CACHED	0	2026-09-13 12:24:34.897	58.9s	30s	99.4%	19.7 MB	50.4 MB	4.2 GB	3.2 MB
1778	08/9710cc	59681903_54	NFCORE_MAG:MAG:BINNING_PREPARATION:SHORTREAD_BINNING_PREPARATION:BOWTIE2_ASSEMBLY_ALIGN (MEGAHIT-toy_hmp_gastrooral_sample_13-toy_hmp_gastrooral_sample_13)	CACHED	0	2026-09-13 12:04:04.772	17m 29s	16m 14s	764.8%	7.2 GB	9.3 GB	30.3 GB	25.9 GB
1833	11/ef59db	59683903_23	NFCORE_MAG:MAG:BINNING:METABAT2_JGISUMMARIZEBAMCONTIGDEPTHS_SHORTREAD (MEGAHIT-toy_mousegut_sample_1)	CACHED	0	2026-09-13 12:24:34.897	1m 29s	33s	99.3%	21 MB	51.8 MB	4.3 GB	4.1 MB
1819	17/6b7818	59758580_95	NFCORE_MAG:MAG:BINNING:SEQKIT_STATS (MEGAHIT-COMEBin-toy_hmp_gastrooral_sample_10)	CACHED	0	2026-09-13 23:39:13.561	39s	1s	70.7%	19.6 MB	1.2 GB	37.5 MB	11.5 KB
1804	c5/e0b829	59679991_64	NFCORE_MAG:MAG:PRODIGAL (MEGAHIT-toy_mousegut_sample_1)	CACHED	0	2026-09-13 11:41:23.668	7m 10s	6m 22s	91.1%	122.5 MB	12.6 GB	724.2 MB	771.1 MB
1823	f1/795072	59681903_52	NFCORE_MAG:MAG:BINNING_PREPARATION:SHORTREAD_BINNING_PREPARATION:BOWTIE2_ASSEMBLY_ALIGN (MEGAHIT-toy_hmp_gastrooral_sample_18-toy_hmp_gastrooral_sample_18)	CACHED	0	2026-09-13 12:04:04.772	15m 29s	14m 2s	758.6%	7.2 GB	9.5 GB	30.4 GB	26 GB
1792	54/cf5931	59636675_6	NFCORE_MAG:MAG:ASSEMBLY:SHORTREAD_ASSEMBLY:MEGAHIT (toy_mousegut_sample_7)	CACHED	0	2026-09-13 03:00:05.062	47m 48s	45m 46s	702.3%	4.9 GB	7.4 GB	50 GB	22.3 GB
1820	9e/a5a412	59685639_76	NFCORE_MAG:MAG:BINNING:COMEBIN_RUNCOMEBIN (MEGAHIT-toy_hmp_gastrooral_sample_14)	CACHED	0	2026-09-13 12:43:34.721	4h 12m 29s	3h 19m 33s	1072.8%	15.1 GB	99 GB	87.4 GB	11.4 GB
1812	45/461460	59758689_54	NFCORE_MAG:MAG:BINNING:SEMIBIN_SINGLEEASYBIN (MEGAHIT-toy_hmp_gastrooral_sample_15)	CACHED	0	2026-09-13 23:39:54.506	4m 27s	2m 43s	175.4%	11.3 GB	29.3 GB	12.3 GB	1 GB
1807	9f/b7f5ad	59758580_83	NFCORE_MAG:MAG:BINNING:SEQKIT_STATS (MEGAHIT-COMEBin-toy_hmp_gastrooral_sample_6)	CACHED	0	2026-09-13 23:39:13.561	38.8s	1s	65.5%	19.4 MB	1.2 GB	26.2 MB	10.1 KB
1837	fd/ec9ada	59759186_93	NFCORE_MAG:MAG:BIN_QC:CHECKM2_PREDICT (MEGAHIT-COMEBin-unclassified-toy_hmp_gastrooral_sample_7)	CACHED	0	2026-09-13 23:48:55.625	2m 26s	1m 32s	466.9%	10.4 GB	48.9 GB	7.6 GB	1.2 GB
1826	9b/6bc07f	59656633_2	NFCORE_MAG:MAG:ASSEMBLY:GUNZIP_SHORTREAD_ASSEMBLIES (MEGAHIT-toy_mousegut_sample_2)	CACHED	0	2026-09-13 06:51:29.072	54.3s	562ms	89.7%	5.2 MB	8.1 MB	27.5 MB	93.6 MB
1842	ad/b00fb6	59656633_1	NFCORE_MAG:MAG:ASSEMBLY:GUNZIP_SHORTREAD_ASSEMBLIES (MEGAHIT-toy_mousegut_sample_7)	CACHED	0	2026-09-13 06:51:29.072	54.3s	643ms	92.5%	5.2 MB	8.1 MB	33.1 MB	112.5 MB
1836	9d/e5ffdf	59683903_96	NFCORE_MAG:MAG:BINNING:METABAT2_JGISUMMARIZEBAMCONTIGDEPTHS_SHORTREAD (MEGAHIT-toy_hmp_gastrooral_sample_17)	CACHED	0	2026-09-13 12:24:34.897	2m 29s	33s	99.6%	23 MB	53.8 MB	4.4 GB	5.1 MB
1767	6e/b1fb10	59648483_78	NFCORE_MAG:MAG:ASSEMBLY:SHORTREAD_ASSEMBLY:MEGAHIT (toy_mousegut_sample_6)	CACHED	0	2026-09-13 04:38:29.090	1h 37m 54s	1h 12m 44s	687.9%	5.7 GB	8.6 GB	56.6 GB	26.6 GB
1787	1e/128ea2	59648483_50	NFCORE_MAG:MAG:ASSEMBLY:SHORTREAD_ASSEMBLY:MEGAHIT (toy_hmp_gastrooral_sample_19)	CACHED	0	2026-09-13 04:38:29.090	1h 29m 54s	1h 14m 55s	703.2%	5.1 GB	7.7 GB	53.7 GB	24.6 GB
1835	aa/35d0fd	59759651_0	NFCORE_MAG:MAG:BINNING:SEQKIT_STATS (MEGAHIT-MetaBAT2-toy_hmp_gastrooral_sample_12)	CACHED	0	2026-09-13 23:54:24.478	27.1s	1s	76.6%	49.2 MB	1.3 GB	25.1 MB	4.7 KB
1824	0b/880e3f	59757941_97	NFCORE_MAG:MAG:BINNING:METABAT2_METABAT2 (MEGAHIT-toy_hmp_gastrooral_sample_15)	CACHED	0	2026-09-13 23:29:34.618	1m 30s	15s	444.1%	1.8 GB	1.8 GB	320.8 MB	200.3 MB
1840	a2/867119	59683903_93	NFCORE_MAG:MAG:BINNING:METABAT2_JGISUMMARIZEBAMCONTIGDEPTHS_SHORTREAD (MEGAHIT-toy_hmp_gastrooral_sample_13)	CACHED	0	2026-09-13 12:24:34.897	1m 59s	38s	99.7%	25.9 MB	56.5 MB	4.4 GB	6.8 MB
1796	96/d6f4e4	59758689_50	NFCORE_MAG:MAG:BINNING:SEMIBIN_SINGLEEASYBIN (MEGAHIT-toy_hmp_gastrooral_sample_16)	CACHED	0	2026-09-13 23:39:54.506	5m 27s	3m 44s	186.5%	12.8 GB	30.7 GB	17.4 GB	1.4 GB
1830	ae/3caa4e	59758689_56	NFCORE_MAG:MAG:BINNING:SEMIBIN_SINGLEEASYBIN (MEGAHIT-toy_mousegut_sample_0)	CACHED	0	2026-09-13 23:39:54.506	3m 57s	2m 8s	144.9%	902.7 MB	4 GB	8.5 GB	521.3 MB
1854	1a/66fc6c	59679991_72	NFCORE_MAG:MAG:PRODIGAL (MEGAHIT-toy_mousegut_sample_7)	CACHED	0	2026-09-13 11:41:23.668	6m 40s	5m 45s	92.7%	122.4 MB	12.6 GB	784.6 MB	839.2 MB
1793	4b/b60a19	59685639_86	NFCORE_MAG:MAG:BINNING:COMEBIN_RUNCOMEBIN (MEGAHIT-toy_hmp_gastrooral_sample_16)	CACHED	0	2026-09-13 12:43:34.721	6h 16m 59s	5h 17m 6s	1088.4%	15.7 GB	100.6 GB	122.7 GB	15.1 GB
1821	21/73541b	59758689_48	NFCORE_MAG:MAG:BINNING:SEMIBIN_SINGLEEASYBIN (MEGAHIT-toy_hmp_gastrooral_sample_14)	CACHED	0	2026-09-13 23:39:54.506	3m 27s	2m 29s	164.7%	7.1 GB	25.1 GB	10.8 GB	875.9 MB
1850	7d/f7efb5	59759186_91	NFCORE_MAG:MAG:BIN_QC:CHECKM2_PREDICT (MEGAHIT-MetaBAT2-unclassified-toy_hmp_gastrooral_sample_11)	CACHED	0	2026-09-13 23:48:55.625	3m 26s	2m 26s	446.3%	10.7 GB	50.8 GB	8 GB	1.6 GB
1815	3c/41f82a	59685639_98	NFCORE_MAG:MAG:BINNING:COMEBIN_RUNCOMEBIN (MEGAHIT-toy_hmp_gastrooral_sample_15)	CACHED	0	2026-09-13 12:43:34.721	6h 21m 29s	5h 13m 6s	1093.7%	15.1 GB	100.7 GB	103.2 GB	14.1 GB
1828	47/f137b9	59757941_77	NFCORE_MAG:MAG:BINNING:METABAT2_METABAT2 (MEGAHIT-toy_hmp_gastrooral_sample_14)	CACHED	0	2026-09-13 23:29:34.618	1m 30s	6s	576.9%	999.2 MB	1018.1 MB	259.4 MB	162.3 MB
1852	b5/d0541a	59656633_87	NFCORE_MAG:MAG:ASSEMBLY:GUNZIP_SHORTREAD_ASSEMBLIES (MEGAHIT-toy_hmp_gastrooral_sample_19)	CACHED	0	2026-09-13 06:51:29.072	54.7s	811ms	89.2%	5.3 MB	8.1 MB	44.3 MB	151.5 MB
1829	0b/29a9d2	59685639_63	NFCORE_MAG:MAG:BINNING:COMEBIN_RUNCOMEBIN (MEGAHIT-toy_mousegut_sample_0)	CACHED	0	2026-09-13 12:43:34.721	2h 19m 59s	1h 33m 15s	1073.6%	14.6 GB	95.8 GB	48.6 GB	5.8 GB
1846	99/dbdbd0	59679641_58	NFCORE_MAG:MAG:BINNING_PREPARATION:SHORTREAD_BINNING_PREPARATION:BOWTIE2_ASSEMBLY_BUILD (MEGAHIT-toy_mousegut_sample_2)	CACHED	0	2026-09-13 11:36:04.243	1m 55s	44s	86.6%	548 MB	685.5 MB	375.8 MB	144.9 MB
1818	90/7105c9	59757941_90	NFCORE_MAG:MAG:BINNING:METABAT2_METABAT2 (MEGAHIT-toy_hmp_gastrooral_sample_16)	CACHED	0	2026-09-13 23:29:34.618	1m 30s	13s	598.8%	2.2 GB	2.2 GB	359 MB	224.7 MB
1861	dc/07b577	59759186_89	NFCORE_MAG:MAG:BIN_QC:CHECKM2_PREDICT (MEGAHIT-COMEBin-unclassified-toy_hmp_gastrooral_sample_8)	CACHED	0	2026-09-13 23:48:55.625	2m 26s	1m 30s	475.7%	10.3 GB	48.9 GB	7.6 GB	1.2 GB
1841	24/9f4339	59758580_82	NFCORE_MAG:MAG:BINNING:SEQKIT_STATS (MEGAHIT-MetaBAT2-toy_hmp_gastrooral_sample_6)	CACHED	0	2026-09-13 23:39:13.561	38.8s	1s	73.7%	48.5 MB	1.2 GB	22.7 MB	6.2 KB
1831	b3/d2ee74	59685639_23	NFCORE_MAG:MAG:BINNING:COMEBIN_RUNCOMEBIN (MEGAHIT-toy_mousegut_sample_1)	CACHED	0	2026-09-13 12:43:34.721	3h 10m 29s	2h 49m 15s	1080.3%	14.8 GB	97.6 GB	78.9 GB	8.8 GB
1825	f1/b37a96	59758580_91	NFCORE_MAG:MAG:BINNING:SEQKIT_STATS (MEGAHIT-MetaBAT2-toy_hmp_gastrooral_sample_10)	CACHED	0	2026-09-13 23:39:13.561	38.9s	2s	81.2%	48.5 MB	1.2 GB	33.3 MB	7 KB
1847	eb/df0c7f	59679641_63	NFCORE_MAG:MAG:BINNING_PREPARATION:SHORTREAD_BINNING_PREPARATION:BOWTIE2_ASSEMBLY_BUILD (MEGAHIT-toy_mousegut_sample_7)	CACHED	0	2026-09-13 11:36:04.243	2m 25s	1m 2s	89.0%	645.2 MB	782.7 MB	451.3 MB	173.3 MB
1801	ac/333824	59648483_99	NFCORE_MAG:MAG:ASSEMBLY:SHORTREAD_ASSEMBLY:MEGAHIT (toy_mousegut_sample_5)	CACHED	0	2026-09-13 04:38:29.090	1h 24m 54s	52m 55s	734.3%	5.7 GB	8.7 GB	55.4 GB	25.9 GB
1844	30/056784	59656633_93	NFCORE_MAG:MAG:ASSEMBLY:GUNZIP_SHORTREAD_ASSEMBLIES (MEGAHIT-toy_mousegut_sample_6)	CACHED	0	2026-09-13 06:51:29.072	54.7s	896ms	95.3%	5.3 MB	8.1 MB	52.5 MB	178.8 MB
1834	db/babc74	59758689_57	NFCORE_MAG:MAG:BINNING:SEMIBIN_SINGLEEASYBIN (MEGAHIT-toy_mousegut_sample_1)	CACHED	0	2026-09-13 23:39:54.506	4m 27s	2m 49s	169.9%	5.3 GB	23.4 GB	13 GB	1018.1 MB
1845	89/44c1e9	59648483_77	NFCORE_MAG:MAG:ASSEMBLY:SHORTREAD_ASSEMBLY:MEGAHIT (toy_mousegut_sample_9)	CACHED	0	2026-09-13 04:38:29.090	1h 19m 24s	54m 14s	695.2%	5.1 GB	7.8 GB	50 GB	22.3 GB
1868	b5/32f943	59679641_55	NFCORE_MAG:MAG:BINNING_PREPARATION:SHORTREAD_BINNING_PREPARATION:BOWTIE2_ASSEMBLY_BUILD (MEGAHIT-toy_hmp_gastrooral_sample_19)	CACHED	0	2026-09-13 11:36:04.243	2m 25s	1m 24s	89.8%	857.9 MB	982.2 MB	607.2 MB	231.9 MB
1869	ee/c14de4	59758580_74	NFCORE_MAG:MAG:BINNING:SEQKIT_STATS (MEGAHIT-MetaBAT2-toy_hmp_gastrooral_sample_3)	CACHED	0	2026-09-13 23:39:13.561	38.7s	1s	77.4%	50.1 MB	1.3 GB	28.9 MB	6.7 KB
1867	21/1f7927	59679991_63	NFCORE_MAG:MAG:PRODIGAL (MEGAHIT-toy_hmp_gastrooral_sample_19)	CACHED	0	2026-09-13 11:41:23.668	7m 10s	6m 2s	92.0%	122.3 MB	12.6 GB	1 GB	1.1 GB
1870	68/f18141	59681903_61	NFCORE_MAG:MAG:BINNING_PREPARATION:SHORTREAD_BINNING_PREPARATION:BOWTIE2_ASSEMBLY_ALIGN (MEGAHIT-toy_mousegut_sample_2-toy_mousegut_sample_2)	CACHED	0	2026-09-13 12:04:04.772	13m 59s	12m 44s	747.9%	7 GB	9.4 GB	29.7 GB	25.4 GB
1843	b0/07d273	59759651_4	NFCORE_MAG:MAG:BINNING:SEQKIT_STATS (MEGAHIT-COMEBin-toy_hmp_gastrooral_sample_12)	CACHED	0	2026-09-13 23:54:24.478	27.2s	1s	59.6%	19.8 MB	1.2 GB	29.3 MB	4.7 KB
1827	3d/63dffa	59636675_3	NFCORE_MAG:MAG:ASSEMBLY:SHORTREAD_ASSEMBLY:MEGAHIT (toy_mousegut_sample_8)	CACHED	0	2026-09-13 03:00:05.062	58m 48s	57m 12s	620.2%	4.2 GB	4.7 GB	47 GB	20.3 GB
1855	c3/d81a3a	59758580_94	NFCORE_MAG:MAG:BINNING:SEQKIT_STATS (MEGAHIT-COMEBin-toy_hmp_gastrooral_sample_11)	CACHED	0	2026-09-13 23:39:13.561	38.9s	1s	58.7%	19.4 MB	1.2 GB	27.1 MB	11.4 KB
1860	f1/09a2a4	59683903_78	NFCORE_MAG:MAG:BINNING:METABAT2_JGISUMMARIZEBAMCONTIGDEPTHS_SHORTREAD (MEGAHIT-toy_hmp_gastrooral_sample_18)	CACHED	0	2026-09-13 12:24:34.897	1m 59s	35s	99.5%	25.7 MB	56.3 MB	4.4 GB	6.8 MB
1881	67/da3f84	59681903_55	NFCORE_MAG:MAG:BINNING_PREPARATION:SHORTREAD_BINNING_PREPARATION:BOWTIE2_ASSEMBLY_ALIGN (MEGAHIT-toy_hmp_gastrooral_sample_19-toy_hmp_gastrooral_sample_19)	CACHED	0	2026-09-13 12:04:04.772	15m 29s	14m 23s	757.8%	7.2 GB	9.4 GB	30.2 GB	25.8 GB
1838	9c/8da544	59757941_12	NFCORE_MAG:MAG:BINNING:METABAT2_METABAT2 (MEGAHIT-toy_mousegut_sample_0)	CACHED	0	2026-09-13 23:29:34.617	59.6s	3s	496.9%	267.2 MB	291.9 MB	139 MB	86.8 MB
1878	68/dfdb08	59656633_79	NFCORE_MAG:MAG:ASSEMBLY:GUNZIP_SHORTREAD_ASSEMBLIES (MEGAHIT-toy_mousegut_sample_5)	CACHED	0	2026-09-13 06:51:29.072	54.6s	868ms	93.5%	5.1 MB	8.1 MB	49.3 MB	167.8 MB
1875	ab/588b0a	59759186_95	NFCORE_MAG:MAG:BIN_QC:CHECKM2_PREDICT (MEGAHIT-COMEBin-unclassified-toy_hmp_gastrooral_sample_10)	CACHED	0	2026-09-13 23:48:55.625	4m 56s	4m 4s	515.1%	12.7 GB	49.6 GB	9.2 GB	2.5 GB
1886	0d/f8a635	59656633_4	NFCORE_MAG:MAG:ASSEMBLY:GUNZIP_SHORTREAD_ASSEMBLIES (MEGAHIT-toy_mousegut_sample_8)	CACHED	0	2026-09-13 06:51:29.072	54.4s	454ms	86.8%	5.4 MB	8.1 MB	21.7 MB	73.8 MB
1853	67/899774	59679991_69	NFCORE_MAG:MAG:PRODIGAL (MEGAHIT-toy_mousegut_sample_2)	CACHED	0	2026-09-13 11:41:23.668	5m 40s	4m 59s	91.9%	122.2 MB	12.6 GB	642.9 MB	685.5 MB
1879	27/e4a5fb	59656633_59	NFCORE_MAG:MAG:ASSEMBLY:GUNZIP_SHORTREAD_ASSEMBLIES (MEGAHIT-toy_mousegut_sample_9)	CACHED	0	2026-09-13 06:51:29.072	54.5s	692ms	89.8%	5.1 MB	8 MB	34.1 MB	115.8 MB
1873	60/9f045b	59681903_64	NFCORE_MAG:MAG:BINNING_PREPARATION:SHORTREAD_BINNING_PREPARATION:BOWTIE2_ASSEMBLY_ALIGN (MEGAHIT-toy_mousegut_sample_7-toy_mousegut_sample_7)	CACHED	0	2026-09-13 12:04:04.772	12m 29s	11m 6s	757.5%	7 GB	9.6 GB	29.8 GB	25.4 GB
1877	6c/25e1ab	59679641_60	NFCORE_MAG:MAG:BINNING_PREPARATION:SHORTREAD_BINNING_PREPARATION:BOWTIE2_ASSEMBLY_BUILD (MEGAHIT-toy_mousegut_sample_6)	CACHED	0	2026-09-13 11:36:04.243	2m 55s	1m 38s	89.1%	993.2 MB	1.1 GB	716.5 MB	271.3 MB
1859	80/508c0d	59757941_93	NFCORE_MAG:MAG:BINNING:METABAT2_METABAT2 (MEGAHIT-toy_hmp_gastrooral_sample_13)	CACHED	0	2026-09-13 23:29:34.618	1m 30s	10s	479.6%	1.3 GB	1.3 GB	297.1 MB	185.6 MB
1862	45/760014	59685639_93	NFCORE_MAG:MAG:BINNING:COMEBIN_RUNCOMEBIN (MEGAHIT-toy_hmp_gastrooral_sample_13)	CACHED	0	2026-09-13 12:43:34.721	5h 33m 29s	4h 30m 56s	1089.4%	15.2 GB	99.4 GB	100.6 GB	13 GB
1865	8d/85d5a8	59685639_78	NFCORE_MAG:MAG:BINNING:COMEBIN_RUNCOMEBIN (MEGAHIT-toy_hmp_gastrooral_sample_18)	CACHED	0	2026-09-13 12:43:34.721	8h 47m 29s	7h 54m 52s	1084.6%	16.2 GB	101 GB	154.9 GB	20.6 GB
1891	33/dcc5aa	59679641_64	NFCORE_MAG:MAG:BINNING_PREPARATION:SHORTREAD_BINNING_PREPARATION:BOWTIE2_ASSEMBLY_BUILD (MEGAHIT-toy_mousegut_sample_5)	CACHED	0	2026-09-13 11:36:04.243	2m 55s	1m 32s	90.5%	935 MB	1 GB	672.7 MB	255.3 MB
1848	50/bfebba	59685639_97	NFCORE_MAG:MAG:BINNING:COMEBIN_RUNCOMEBIN (MEGAHIT-toy_hmp_gastrooral_sample_17)	CACHED	0	2026-09-13 12:43:34.721	6h 3m 29s	4h 58m 55s	1080.1%	15.5 GB	100.8 GB	109.3 GB	15 GB
1863	ea/676e63	59758689_52	NFCORE_MAG:MAG:BINNING:SEMIBIN_SINGLEEASYBIN (MEGAHIT-toy_hmp_gastrooral_sample_13)	CACHED	0	2026-09-13 23:39:54.506	4m 57s	3m 4s	167.0%	8.2 GB	26.2 GB	12.4 GB	1 GB
1857	57/74ef76	59757941_96	NFCORE_MAG:MAG:BINNING:METABAT2_METABAT2 (MEGAHIT-toy_hmp_gastrooral_sample_17)	CACHED	0	2026-09-13 23:29:34.618	1m 30s	15s	513.9%	2.4 GB	2.4 GB	278.6 MB	175.5 MB
1890	5a/f1d798	59679991_65	NFCORE_MAG:MAG:PRODIGAL (MEGAHIT-toy_mousegut_sample_5)	CACHED	0	2026-09-13 11:41:23.668	10m 10s	9m 12s	92.5%	122.2 MB	12.6 GB	1.2 GB	1.2 GB
1849	25/104635	59758689_55	NFCORE_MAG:MAG:BINNING:SEMIBIN_SINGLEEASYBIN (MEGAHIT-toy_hmp_gastrooral_sample_17)	CACHED	0	2026-09-13 23:39:54.506	5m 57s	3m 50s	161.5%	13 GB	31 GB	13.1 GB	1.1 GB
1894	94/37ab2a	59683903_51	NFCORE_MAG:MAG:BINNING:METABAT2_JGISUMMARIZEBAMCONTIGDEPTHS_SHORTREAD (MEGAHIT-toy_mousegut_sample_2)	CACHED	0	2026-09-13 12:24:34.897	1m 29s	34s	98.7%	20.5 MB	51.2 MB	4.3 GB	3.7 MB
1895	c6/d006b1	59683903_79	NFCORE_MAG:MAG:BINNING:METABAT2_JGISUMMARIZEBAMCONTIGDEPTHS_SHORTREAD (MEGAHIT-toy_hmp_gastrooral_sample_19)	CACHED	0	2026-09-13 12:24:34.897	1m 59s	40s	98.1%	27.6 MB	58.3 MB	4.4 GB	8.1 MB
1898	27/20e280	59759186_84	NFCORE_MAG:MAG:BIN_QC:CHECKM2_PREDICT (MEGAHIT-COMEBin-unclassified-toy_hmp_gastrooral_sample_6)	CACHED	0	2026-09-13 23:48:55.625	3m 56s	3m 7s	490.9%	12.1 GB	49.1 GB	8.6 GB	2.1 GB
1887	19/8f7062	59759651_6	NFCORE_MAG:MAG:BINNING:SEQKIT_STATS (MEGAHIT-MetaBAT2-toy_hmp_gastrooral_sample_15)	CACHED	0	2026-09-13 23:54:24.478	27.2s	1s	76.2%	21.9 MB	1.2 GB	18.4 MB	5.5 KB
1904	26/a1e8ad	59683903_26	NFCORE_MAG:MAG:BINNING:METABAT2_JGISUMMARIZEBAMCONTIGDEPTHS_SHORTREAD (MEGAHIT-toy_mousegut_sample_7)	CACHED	0	2026-09-13 12:24:34.897	1m 29s	34s	99.3%	22.8 MB	53.5 MB	4.3 GB	5.2 MB
1882	ab/e78f57	59758689_58	NFCORE_MAG:MAG:BINNING:SEMIBIN_SINGLEEASYBIN (MEGAHIT-toy_mousegut_sample_2)	CACHED	0	2026-09-13 23:39:54.506	4m 27s	2m 29s	172.4%	5.7 GB	23.7 GB	12.2 GB	880.5 MB
1903	52/b11d95	59679991_70	NFCORE_MAG:MAG:PRODIGAL (MEGAHIT-toy_mousegut_sample_9)	CACHED	0	2026-09-13 11:41:23.668	6m 40s	5m 48s	92.8%	122.6 MB	12.6 GB	816.9 MB	877.1 MB
1902	45/a89962	59679991_71	NFCORE_MAG:MAG:PRODIGAL (MEGAHIT-toy_mousegut_sample_8)	CACHED	0	2026-09-13 11:41:23.668	5m 10s	4m 2s	92.5%	122.7 MB	12.6 GB	525.3 MB	565 MB
1901	79/1b88b9	59679641_61	NFCORE_MAG:MAG:BINNING_PREPARATION:SHORTREAD_BINNING_PREPARATION:BOWTIE2_ASSEMBLY_BUILD (MEGAHIT-toy_mousegut_sample_9)	CACHED	0	2026-09-13 11:36:04.243	2m 25s	1m 3s	89.1%	662.9 MB	800.5 MB	464.7 MB	178.2 MB
1884	d3/45da9d	59758580_97	NFCORE_MAG:MAG:BINNING:SEQKIT_STATS (MEGAHIT-COMEBin-toy_hmp_gastrooral_sample_14)	CACHED	0	2026-09-13 23:39:13.561	39s	1s	69.5%	19.6 MB	1.2 GB	20.5 MB	7.6 KB
1906	fb/6400ba	59681903_57	NFCORE_MAG:MAG:BINNING_PREPARATION:SHORTREAD_BINNING_PREPARATION:BOWTIE2_ASSEMBLY_ALIGN (MEGAHIT-toy_mousegut_sample_5-toy_mousegut_sample_5)	CACHED	0	2026-09-13 12:04:04.772	11m 30s	10m 4s	751.7%	7.2 GB	9.3 GB	29.7 GB	25.3 GB
1876	ef/a2c729	59679991_68	NFCORE_MAG:MAG:PRODIGAL (MEGAHIT-toy_mousegut_sample_6)	CACHED	0	2026-09-13 11:41:23.668	10m 10s	9m 28s	91.9%	122.2 MB	12.6 GB	1.2 GB	1.3 GB
1883	11/125c51	59685639_52	NFCORE_MAG:MAG:BINNING:COMEBIN_RUNCOMEBIN (MEGAHIT-toy_mousegut_sample_2)	CACHED	0	2026-09-13 12:43:34.721	3h 4m 29s	2h 20m 45s	1069.7%	14.8 GB	97 GB	76.3 GB	9 GB
1918	bf/d11bc3	59759186_79	NFCORE_MAG:MAG:BIN_QC:CHECKM2_PREDICT (MEGAHIT-MetaBAT2-unclassified-toy_hmp_gastrooral_sample_6)	CACHED	0	2026-09-13 23:48:55.625	3m 56s	2m 59s	464.4%	11.4 GB	49.6 GB	8.3 GB	1.9 GB
1900	49/39eb65	59679641_62	NFCORE_MAG:MAG:BINNING_PREPARATION:SHORTREAD_BINNING_PREPARATION:BOWTIE2_ASSEMBLY_BUILD (MEGAHIT-toy_mousegut_sample_8)	CACHED	0	2026-09-13 11:36:04.243	1m 55s	40s	86.6%	438.6 MB	572.2 MB	296.5 MB	116.1 MB
1924	8b/3df0c5	59683903_10	NFCORE_MAG:MAG:BINNING:METABAT2_JGISUMMARIZEBAMCONTIGDEPTHS_SHORTREAD (MEGAHIT-toy_mousegut_sample_5)	CACHED	0	2026-09-13 12:24:34.896	1m 29s	34s	99.7%	28.1 MB	58.7 MB	4.3 GB	8.5 MB
1921	a3/aa6c70	59759651_12	NFCORE_MAG:MAG:BINNING:SEQKIT_STATS (MEGAHIT-COMEBin-toy_hmp_gastrooral_sample_15)	CACHED	0	2026-09-13 23:54:24.478	27.2s	0ms	67.7%	19.5 MB	1.2 GB	23.7 MB	10.5 KB
1851	63/b94f0a	59648483_81	NFCORE_MAG:MAG:ASSEMBLY:SHORTREAD_ASSEMBLY:MEGAHIT (toy_mousegut_sample_11)	CACHED	0	2026-09-13 04:38:29.090	1h 20m 54s	52m 22s	731.9%	4.7 GB	7.1 GB	56.9 GB	26.8 GB
1919	4d/d13c6e	59681903_62	NFCORE_MAG:MAG:BINNING_PREPARATION:SHORTREAD_BINNING_PREPARATION:BOWTIE2_ASSEMBLY_ALIGN (MEGAHIT-toy_mousegut_sample_9-toy_mousegut_sample_9)	CACHED	0	2026-09-13 12:04:04.772	14m 29s	12m 57s	746.1%	7 GB	9.4 GB	29.7 GB	25.4 GB
1920	43/9aa4e3	59759651_2	NFCORE_MAG:MAG:BINNING:SEQKIT_STATS (MEGAHIT-COMEBin-toy_hmp_gastrooral_sample_16)	CACHED	0	2026-09-13 23:54:24.478	27.1s	1s	64.7%	19.3 MB	1.2 GB	29.2 MB	12.1 KB
1907	bb/b81ccb	59685639_24	NFCORE_MAG:MAG:BINNING:COMEBIN_RUNCOMEBIN (MEGAHIT-toy_mousegut_sample_7)	CACHED	0	2026-09-13 12:43:34.721	3h 12m 59s	2h 51m 22s	1065.8%	14.8 GB	97.7 GB	79.4 GB	9.2 GB
1864	d8/d7d7fc	59758689_53	NFCORE_MAG:MAG:BINNING:SEMIBIN_SINGLEEASYBIN (MEGAHIT-toy_hmp_gastrooral_sample_18)	CACHED	0	2026-09-13 23:39:54.506	5m 57s	4m 3s	193.7%	20.1 GB	38.1 GB	18.6 GB	1.6 GB
1927	4d/464cae	59759186_92	NFCORE_MAG:MAG:BIN_QC:CHECKM2_PREDICT (MEGAHIT-MetaBAT2-unclassified-toy_hmp_gastrooral_sample_10)	CACHED	0	2026-09-13 23:48:55.625	4m 56s	4m 2s	493.7%	12.6 GB	50.2 GB	8.9 GB	2.3 GB
1926	cb/b65b9b	59758580_99	NFCORE_MAG:MAG:BINNING:SEQKIT_STATS (MEGAHIT-MetaBAT2-toy_hmp_gastrooral_sample_16)	CACHED	0	2026-09-13 23:39:13.561	39s	2s	76.5%	49 MB	1.3 GB	24.6 MB	6.7 KB
1928	2b/fd5ead	59759651_16	NFCORE_MAG:MAG:BINNING:SEQKIT_STATS (MEGAHIT-COMEBin-toy_mousegut_sample_1)	CACHED	0	2026-09-13 23:54:24.478	27.2s	0ms	63.9%	19.1 MB	1.2 GB	20.8 MB	3.9 KB
1905	4d/9735fa	59681903_60	NFCORE_MAG:MAG:BINNING_PREPARATION:SHORTREAD_BINNING_PREPARATION:BOWTIE2_ASSEMBLY_ALIGN (MEGAHIT-toy_mousegut_sample_6-toy_mousegut_sample_6)	CACHED	0	2026-09-13 12:04:04.772	12m 29s	11m 4s	746.0%	7.2 GB	9.4 GB	29.8 GB	25.4 GB
1916	44/c4d9cd	59758580_96	NFCORE_MAG:MAG:BINNING:SEQKIT_STATS (MEGAHIT-MetaBAT2-toy_hmp_gastrooral_sample_14)	CACHED	0	2026-09-13 23:39:13.561	39s	1s	76.0%	22.2 MB	1.2 GB	15.7 MB	4.9 KB
1896	e6/cfc612	59757941_78	NFCORE_MAG:MAG:BINNING:METABAT2_METABAT2 (MEGAHIT-toy_hmp_gastrooral_sample_18)	CACHED	0	2026-09-13 23:29:34.618	1m 30s	19s	634.7%	4 GB	4.1 GB	399.7 MB	252.1 MB
1912	f2/151f1d	59757941_60	NFCORE_MAG:MAG:BINNING:METABAT2_METABAT2 (MEGAHIT-toy_mousegut_sample_2)	CACHED	0	2026-09-13 23:29:34.618	1m 30s	5s	524.2%	615.7 MB	863.5 MB	196.6 MB	123.5 MB
1880	23/13b28c	59648483_80	NFCORE_MAG:MAG:ASSEMBLY:SHORTREAD_ASSEMBLY:MEGAHIT (toy_mousegut_sample_14)	CACHED	0	2026-09-13 04:38:29.090	1h 26m 54s	57m 55s	743.4%	5.4 GB	8.2 GB	59.5 GB	28.5 GB
1934	6b/cd5213	59683903_61	NFCORE_MAG:MAG:BINNING:METABAT2_JGISUMMARIZEBAMCONTIGDEPTHS_SHORTREAD (MEGAHIT-toy_mousegut_sample_9)	CACHED	0	2026-09-13 12:24:34.897	1m 29s	33s	99.7%	23.2 MB	53.8 MB	4.3 GB	5.3 MB
1893	b6/7df927	59685639_79	NFCORE_MAG:MAG:BINNING:COMEBIN_RUNCOMEBIN (MEGAHIT-toy_hmp_gastrooral_sample_19)	CACHED	0	2026-09-13 12:43:34.721	5h 52m 29s	4h 58m 49s	1085.0%	15.7 GB	100.6 GB	98 GB	13.4 GB
1897	97/c68525	59648483_88	NFCORE_MAG:MAG:ASSEMBLY:SHORTREAD_ASSEMBLY:MEGAHIT (toy_mousegut_sample_12)	CACHED	0	2026-09-13 04:38:29.090	1h 21m 54s	53m 17s	744.2%	5.5 GB	8.3 GB	57.8 GB	27.4 GB
1858	ce/adc9fa	59648483_76	NFCORE_MAG:MAG:ASSEMBLY:SHORTREAD_ASSEMBLY:MEGAHIT (toy_mousegut_sample_10)	CACHED	0	2026-09-13 04:38:29.090	1h 24m 54s	59m 41s	711.2%	5.2 GB	7.9 GB	51.9 GB	23.5 GB
1932	01/66a896	59656633_64	NFCORE_MAG:MAG:ASSEMBLY:GUNZIP_SHORTREAD_ASSEMBLIES (MEGAHIT-toy_mousegut_sample_11)	CACHED	0	2026-09-13 06:51:29.072	54.6s	1.1s	87.0%	5.1 MB	8.1 MB	64.8 MB	220.9 MB
1917	fd/7ec133	59757941_36	NFCORE_MAG:MAG:BINNING:METABAT2_METABAT2 (MEGAHIT-toy_mousegut_sample_7)	CACHED	0	2026-09-13 23:29:34.618	1m 30s	6s	576.1%	750.1 MB	871.8 MB	237.4 MB	148.7 MB
1930	47/f2eb68	59681903_63	NFCORE_MAG:MAG:BINNING_PREPARATION:SHORTREAD_BINNING_PREPARATION:BOWTIE2_ASSEMBLY_ALIGN (MEGAHIT-toy_mousegut_sample_8-toy_mousegut_sample_8)	CACHED	0	2026-09-13 12:04:04.772	14m 29s	13m 15s	753.0%	6.9 GB	9.1 GB	29.6 GB	25.3 GB
1915	44/f43d79	59757941_79	NFCORE_MAG:MAG:BINNING:METABAT2_METABAT2 (MEGAHIT-toy_hmp_gastrooral_sample_19)	CACHED	0	2026-09-13 23:29:34.618	1m 30s	14s	445.6%	1.8 GB	1.8 GB	321.8 MB	200.5 MB
1925	b7/934403	59685639_10	NFCORE_MAG:MAG:BINNING:COMEBIN_RUNCOMEBIN (MEGAHIT-toy_mousegut_sample_5)	CACHED	0	2026-09-13 12:43:34.721	6h 40m 59s	6h 36m 3s	1096.0%	15.7 GB	100.3 GB	108.3 GB	14.7 GB
1939	95/8dca3a	59759651_7	NFCORE_MAG:MAG:BINNING:SEQKIT_STATS (MEGAHIT-COMEBin-toy_hmp_gastrooral_sample_13)	CACHED	0	2026-09-13 23:54:24.478	27.2s	0ms	66.1%	19.1 MB	1.2 GB	22.3 MB	10.7 KB
1950	d2/9d5e36	59656633_82	NFCORE_MAG:MAG:ASSEMBLY:GUNZIP_SHORTREAD_ASSEMBLIES (MEGAHIT-toy_mousegut_sample_14)	CACHED	0	2026-09-13 06:51:29.072	54.6s	1.3s	83.4%	5.4 MB	8.1 MB	68.9 MB	234.8 MB
1952	fb/7b8a36	59656633_78	NFCORE_MAG:MAG:ASSEMBLY:GUNZIP_SHORTREAD_ASSEMBLIES (MEGAHIT-toy_mousegut_sample_10)	CACHED	0	2026-09-13 06:51:29.072	54.6s	770ms	84.9%	4.9 MB	8 MB	39.6 MB	134.6 MB
1951	0e/d89f87	59656633_72	NFCORE_MAG:MAG:ASSEMBLY:GUNZIP_SHORTREAD_ASSEMBLIES (MEGAHIT-toy_mousegut_sample_12)	CACHED	0	2026-09-13 06:51:29.072	54.6s	1.1s	87.9%	5.2 MB	8.1 MB	62.1 MB	211.5 MB
1958	33/e9a483	59683903_62	NFCORE_MAG:MAG:BINNING:METABAT2_JGISUMMARIZEBAMCONTIGDEPTHS_SHORTREAD (MEGAHIT-toy_mousegut_sample_8)	CACHED	0	2026-09-13 12:24:34.897	58.9s	31s	98.8%	19.6 MB	50.2 MB	4.3 GB	3.1 MB
1936	9b/cc253b	59759651_10	NFCORE_MAG:MAG:BINNING:SEQKIT_STATS (MEGAHIT-MetaBAT2-toy_mousegut_sample_0)	CACHED	0	2026-09-13 23:54:24.478	27.2s	0ms	77.5%	23 MB	1.2 GB	8.9 MB	3 KB
1943	fe/0e2628	59759651_13	NFCORE_MAG:MAG:BINNING:SEQKIT_STATS (MEGAHIT-COMEBin-toy_hmp_gastrooral_sample_17)	CACHED	0	2026-09-13 23:54:24.478	27.2s	0ms	69.9%	19.7 MB	1.2 GB	24.6 MB	12.2 KB
1892	67/d45880	59758689_59	NFCORE_MAG:MAG:BINNING:SEMIBIN_SINGLEEASYBIN (MEGAHIT-toy_hmp_gastrooral_sample_19)	CACHED	0	2026-09-13 23:39:54.506	4m 57s	3m 1s	176.2%	10.6 GB	28.5 GB	13.4 GB	1 GB
1956	e2/2fa469	59683903_27	NFCORE_MAG:MAG:BINNING:METABAT2_JGISUMMARIZEBAMCONTIGDEPTHS_SHORTREAD (MEGAHIT-toy_mousegut_sample_6)	CACHED	0	2026-09-13 12:24:34.897	1m 29s	39s	98.9%	28.7 MB	59.3 MB	4.3 GB	8.9 MB
1947	c4/6cbbd1	59679991_75	NFCORE_MAG:MAG:PRODIGAL (MEGAHIT-toy_mousegut_sample_11)	CACHED	0	2026-09-13 11:41:23.668	12m 10s	11m 16s	93.4%	122.3 MB	12.6 GB	1.5 GB	1.6 GB
1961	cb/2e6c9c	59759186_77	NFCORE_MAG:MAG:BIN_QC:CHECKM2_PREDICT (MEGAHIT-MetaBAT2-unclassified-toy_hmp_gastrooral_sample_3)	CACHED	0	2026-09-13 23:48:55.625	4m 26s	3m 33s	487.1%	13.9 GB	49.8 GB	8.9 GB	2.3 GB
1946	d8/b6c928	59679641_68	NFCORE_MAG:MAG:BINNING_PREPARATION:SHORTREAD_BINNING_PREPARATION:BOWTIE2_ASSEMBLY_BUILD (MEGAHIT-toy_mousegut_sample_11)	CACHED	0	2026-09-13 11:36:04.243	3m 25s	2m 7s	91.0%	1.1 GB	1.3 GB	884.8 MB	331.8 MB
1955	b0/aa8d46	59685639_26	NFCORE_MAG:MAG:BINNING:COMEBIN_RUNCOMEBIN (MEGAHIT-toy_mousegut_sample_6)	CACHED	0	2026-09-13 12:43:34.721	8h 30m 29s	8h 8m 52s	1087.0%	15.2 GB	100.2 GB	116.9 GB	16.4 GB
1923	d7/1c17ec	59758689_61	NFCORE_MAG:MAG:BINNING:SEMIBIN_SINGLEEASYBIN (MEGAHIT-toy_mousegut_sample_5)	CACHED	0	2026-09-13 23:39:54.506	4m 57s	3m 14s	193.0%	15.5 GB	33.4 GB	16 GB	1.2 GB
1933	0e/1302ea	59685639_61	NFCORE_MAG:MAG:BINNING:COMEBIN_RUNCOMEBIN (MEGAHIT-toy_mousegut_sample_9)	CACHED	0	2026-09-13 12:43:34.721	4h 52m 59s	4h 6m 18s	1066.9%	15.1 GB	99.4 GB	79.3 GB	10.3 GB
1960	f2/9c6248	59758689_62	NFCORE_MAG:MAG:BINNING:SEMIBIN_SINGLEEASYBIN (MEGAHIT-toy_mousegut_sample_6)	CACHED	0	2026-09-13 23:39:54.506	5m 27s	3m 41s	191.3%	17.3 GB	35.3 GB	16.5 GB	1.2 GB
1963	8f/bb292a	59679991_76	NFCORE_MAG:MAG:PRODIGAL (MEGAHIT-toy_mousegut_sample_14)	CACHED	0	2026-09-13 11:41:23.668	12m 10s	11m 12s	93.3%	118.9 MB	12.5 GB	1.6 GB	1.7 GB
1953	2b/c9d339	59757941_62	NFCORE_MAG:MAG:BINNING:METABAT2_METABAT2 (MEGAHIT-toy_mousegut_sample_9)	CACHED	0	2026-09-13 23:29:34.618	1m 30s	8s	612.6%	1.2 GB	1.3 GB	244.5 MB	153.5 MB
1969	0e/b5ae59	59679991_74	NFCORE_MAG:MAG:PRODIGAL (MEGAHIT-toy_mousegut_sample_12)	CACHED	0	2026-09-13 11:41:23.668	11m 40s	10m 36s	92.1%	122.4 MB	12.6 GB	1.4 GB	1.5 GB
1965	cd/25f97c	59679641_66	NFCORE_MAG:MAG:BINNING_PREPARATION:SHORTREAD_BINNING_PREPARATION:BOWTIE2_ASSEMBLY_BUILD (MEGAHIT-toy_mousegut_sample_10)	CACHED	0	2026-09-13 11:36:04.243	2m 25s	1m 14s	90.1%	758.6 MB	883.1 MB	539.7 MB	205.8 MB
1966	cb/f106c3	59679991_73	NFCORE_MAG:MAG:PRODIGAL (MEGAHIT-toy_mousegut_sample_10)	CACHED	0	2026-09-13 11:41:23.668	7m 10s	6m 11s	92.8%	118.7 MB	12.6 GB	911.8 MB	967.5 MB
1908	4f/59a04c	59758689_63	NFCORE_MAG:MAG:BINNING:SEMIBIN_SINGLEEASYBIN (MEGAHIT-toy_mousegut_sample_7)	CACHED	0	2026-09-13 23:39:54.506	5m 57s	3m 30s	149.6%	6 GB	24 GB	12.6 GB	1004.5 MB
1962	72/523d56	59679641_67	NFCORE_MAG:MAG:BINNING_PREPARATION:SHORTREAD_BINNING_PREPARATION:BOWTIE2_ASSEMBLY_BUILD (MEGAHIT-toy_mousegut_sample_14)	CACHED	0	2026-09-13 11:36:04.243	3m 25s	2m 16s	91.3%	1.2 GB	1.4 GB	940.4 MB	353.1 MB
1959	42/bf6fe7	59759651_3	NFCORE_MAG:MAG:BINNING:SEQKIT_STATS (MEGAHIT-MetaBAT2-toy_hmp_gastrooral_sample_13)	CACHED	0	2026-09-13 23:54:24.478	27.2s	1s	73.8%	21.7 MB	1.2 GB	17.8 MB	6.4 KB
1941	32/e53a73	59759651_5	NFCORE_MAG:MAG:BINNING:SEQKIT_STATS (MEGAHIT-COMEBin-toy_hmp_gastrooral_sample_18)	CACHED	0	2026-09-13 23:54:24.478	27.2s	1s	63.3%	19.1 MB	1.2 GB	37.4 MB	13.1 KB
1970	6e/2ac736	59757941_15	NFCORE_MAG:MAG:BINNING:METABAT2_METABAT2 (MEGAHIT-toy_mousegut_sample_8)	CACHED	0	2026-09-13 23:29:34.617	59.6s	3s	555.6%	286.6 MB	970.7 MB	155.2 MB	97.3 MB
1929	14/1bec72	59757941_21	NFCORE_MAG:MAG:BINNING:METABAT2_METABAT2 (MEGAHIT-toy_mousegut_sample_5)	CACHED	0	2026-09-13 23:29:34.617	1m 30s	18s	544.2%	2.9 GB	2.9 GB	355.7 MB	222.8 MB
1935	f2/cd7880	59758689_65	NFCORE_MAG:MAG:BINNING:SEMIBIN_SINGLEEASYBIN (MEGAHIT-toy_mousegut_sample_9)	CACHED	0	2026-09-13 23:39:54.506	4m 57s	2m 54s	170.9%	8 GB	25.9 GB	12.7 GB	919.2 MB
1973	8e/1e0151	59758689_60	NFCORE_MAG:MAG:BINNING:SEMIBIN_SINGLEEASYBIN (MEGAHIT-toy_mousegut_sample_8)	CACHED	0	2026-09-13 23:39:54.506	3m 57s	2m	160.6%	872.6 MB	3.9 GB	10.4 GB	651.8 MB
1957	b6/c1243c	59685639_62	NFCORE_MAG:MAG:BINNING:COMEBIN_RUNCOMEBIN (MEGAHIT-toy_mousegut_sample_8)	CACHED	0	2026-09-13 12:43:34.721	2h 30m 59s	1h 44m 25s	1066.9%	14.5 GB	96.1 GB	52.6 GB	5.7 GB
1981	60/eee129	59759186_96	NFCORE_MAG:MAG:BIN_QC:CHECKM2_PREDICT (MEGAHIT-COMEBin-unclassified-toy_hmp_gastrooral_sample_14)	CACHED	0	2026-09-13 23:48:55.625	2m 56s	2m 11s	495.5%	11 GB	49 GB	8.1 GB	1.6 GB
1971	0b/562da6	59759651_9	NFCORE_MAG:MAG:BINNING:SEQKIT_STATS (MEGAHIT-MetaBAT2-toy_hmp_gastrooral_sample_17)	CACHED	0	2026-09-13 23:54:24.478	27.2s	1s	74.4%	19.5 MB	1.2 GB	19.3 MB	6.4 KB
1977	ed/d2d05a	59681903_67	NFCORE_MAG:MAG:BINNING_PREPARATION:SHORTREAD_BINNING_PREPARATION:BOWTIE2_ASSEMBLY_ALIGN (MEGAHIT-toy_mousegut_sample_11-toy_mousegut_sample_11)	CACHED	0	2026-09-13 12:04:04.772	11m 30s	10m 16s	755.1%	7.2 GB	9.5 GB	30.2 GB	25.8 GB
1968	79/2d3c82	59679641_65	NFCORE_MAG:MAG:BINNING_PREPARATION:SHORTREAD_BINNING_PREPARATION:BOWTIE2_ASSEMBLY_BUILD (MEGAHIT-toy_mousegut_sample_12)	CACHED	0	2026-09-13 11:36:04.243	3m 25s	2m 1s	90.9%	1.1 GB	1.2 GB	847.4 MB	317.2 MB
1937	36/6e35d1	59636675_2	NFCORE_MAG:MAG:ASSEMBLY:SHORTREAD_ASSEMBLY:MEGAHIT (toy_mousegut_sample_15)	CACHED	0	2026-09-13 03:00:05.062	1h 38m 18s	1h 36m 30s	668.5%	5.4 GB	8.1 GB	60.3 GB	29 GB
1944	8b/0436b8	59648483_86	NFCORE_MAG:MAG:ASSEMBLY:SHORTREAD_ASSEMBLY:MEGAHIT (toy_mousegut_sample_18)	CACHED	0	2026-09-13 04:38:29.090	1h 19m 54s	51m 22s	631.9%	3.9 GB	4.3 GB	46.1 GB	19.7 GB
1945	b7/aeb1e2	59648483_49	NFCORE_MAG:MAG:ASSEMBLY:SHORTREAD_ASSEMBLY:MEGAHIT (toy_mousegut_sample_17)	CACHED	0	2026-09-13 04:38:29.090	1h 35m 24s	1h 20m 14s	644.1%	5 GB	7.6 GB	56.2 GB	26.3 GB
1987	58/82c934	59683903_11	NFCORE_MAG:MAG:BINNING:METABAT2_JGISUMMARIZEBAMCONTIGDEPTHS_SHORTREAD (MEGAHIT-toy_mousegut_sample_11)	CACHED	0	2026-09-13 12:24:34.896	1m 29s	39s	98.8%	30 MB	60.5 MB	4.4 GB	9.6 MB
1976	74/a112ad	59757941_32	NFCORE_MAG:MAG:BINNING:METABAT2_METABAT2 (MEGAHIT-toy_mousegut_sample_6)	CACHED	0	2026-09-13 23:29:34.618	1m 30s	21s	529.8%	3.4 GB	3.4 GB	378.7 MB	237.4 MB
1899	db/efc805	59648483_90	NFCORE_MAG:MAG:ASSEMBLY:SHORTREAD_ASSEMBLY:MEGAHIT (toy_mousegut_sample_13)	CACHED	0	2026-09-13 04:38:29.090	1h 33m 54s	1h 5m 9s	598.0%	4.8 GB	7.3 GB	48.4 GB	21.2 GB
1974	58/8e7451	59759186_94	NFCORE_MAG:MAG:BIN_QC:CHECKM2_PREDICT (MEGAHIT-COMEBin-unclassified-toy_hmp_gastrooral_sample_11)	CACHED	0	2026-09-13 23:48:55.625	3m 26s	2m 29s	500.9%	12.3 GB	49.2 GB	8.4 GB	1.9 GB
1979	66/ad9a93	59681903_65	NFCORE_MAG:MAG:BINNING_PREPARATION:SHORTREAD_BINNING_PREPARATION:BOWTIE2_ASSEMBLY_ALIGN (MEGAHIT-toy_mousegut_sample_10-toy_mousegut_sample_10)	CACHED	0	2026-09-13 12:04:04.772	14m 29s	13m 23s	735.1%	7 GB	9.4 GB	29.9 GB	25.5 GB
2002	fc/c00106	59656633_90	NFCORE_MAG:MAG:ASSEMBLY:GUNZIP_SHORTREAD_ASSEMBLIES (MEGAHIT-toy_mousegut_sample_13)	CACHED	0	2026-09-13 06:51:29.072	54.7s	584ms	82.9%	5.2 MB	8.1 MB	29.7 MB	100.8 MB
2000	8d/373f5c	59656633_91	NFCORE_MAG:MAG:ASSEMBLY:GUNZIP_SHORTREAD_ASSEMBLIES (MEGAHIT-toy_mousegut_sample_17)	CACHED	0	2026-09-13 06:51:29.072	54.7s	1.1s	88.3%	5.3 MB	8.1 MB	59 MB	201 MB
2004	0a/02cd07	59679991_77	NFCORE_MAG:MAG:PRODIGAL (MEGAHIT-toy_mousegut_sample_13)	CACHED	0	2026-09-13 11:41:23.668	5m 10s	4m 17s	92.6%	122.1 MB	12.6 GB	664.7 MB	701.4 MB
2006	cd/3a04ba	59683903_67	NFCORE_MAG:MAG:BINNING:METABAT2_JGISUMMARIZEBAMCONTIGDEPTHS_SHORTREAD (MEGAHIT-toy_mousegut_sample_10)	CACHED	0	2026-09-13 12:24:34.897	1m 29s	37s	98.8%	24.6 MB	55.2 MB	4.3 GB	6.2 MB
1995	49/fcc34a	59648483_82	NFCORE_MAG:MAG:ASSEMBLY:SHORTREAD_ASSEMBLY:MEGAHIT (toy_mousegut_sample_16)	CACHED	0	2026-09-13 04:38:29.090	1h 9m 24s	40m 28s	626.0%	3.9 GB	4.1 GB	43.9 GB	18.2 GB
1994	ac/69cfc5	59681903_66	NFCORE_MAG:MAG:BINNING_PREPARATION:SHORTREAD_BINNING_PREPARATION:BOWTIE2_ASSEMBLY_ALIGN (MEGAHIT-toy_mousegut_sample_12-toy_mousegut_sample_12)	CACHED	0	2026-09-13 12:04:04.772	13m 59s	12m 54s	745.9%	7.1 GB	9.4 GB	30.1 GB	25.6 GB
1992	1e/bb11ff	59758689_66	NFCORE_MAG:MAG:BINNING:SEMIBIN_SINGLEEASYBIN (MEGAHIT-toy_mousegut_sample_11)	CACHED	0	2026-09-13 23:39:54.506	6m 57s	4m 43s	192.5%	15.5 GB	33.5 GB	21 GB	1.7 GB
1993	16/e10f5e	59656633_7	NFCORE_MAG:MAG:ASSEMBLY:GUNZIP_SHORTREAD_ASSEMBLIES (MEGAHIT-toy_mousegut_sample_15)	CACHED	0	2026-09-13 06:51:29.072	54.4s	1.4s	81.7%	5.3 MB	8.1 MB	72.7 MB	247.6 MB
1991	ec/f943f8	59759651_8	NFCORE_MAG:MAG:BINNING:SEQKIT_STATS (MEGAHIT-MetaBAT2-toy_hmp_gastrooral_sample_18)	CACHED	0	2026-09-13 23:54:24.478	27.2s	1s	78.5%	49.6 MB	1.3 GB	29.2 MB	9.1 KB
2003	a7/a577b2	59656633_60	NFCORE_MAG:MAG:ASSEMBLY:GUNZIP_SHORTREAD_ASSEMBLIES (MEGAHIT-toy_mousegut_sample_18)	CACHED	0	2026-09-13 06:51:29.072	54.5s	449ms	81.0%	5.1 MB	8 MB	21.8 MB	74.3 MB
2009	03/a278e0	59759651_11	NFCORE_MAG:MAG:BINNING:SEQKIT_STATS (MEGAHIT-MetaBAT2-toy_mousegut_sample_2)	CACHED	0	2026-09-13 23:54:24.478	27.2s	1s	75.3%	22.1 MB	1.2 GB	15.3 MB	5 KB
2021	8d/877b91	59679991_80	NFCORE_MAG:MAG:PRODIGAL (MEGAHIT-toy_mousegut_sample_15)	CACHED	0	2026-09-13 11:41:23.668	12m 10s	11m 25s	91.6%	122.5 MB	12.6 GB	1.6 GB	1.8 GB
1988	0e/ca5bf6	59685639_11	NFCORE_MAG:MAG:BINNING:COMEBIN_RUNCOMEBIN (MEGAHIT-toy_mousegut_sample_11)	CACHED	0	2026-09-13 12:43:34.721	6h 40m 29s	6h 35m 35s	1078.1%	15.1 GB	100.1 GB	148.9 GB	17.5 GB
1982	08/2010ee	59759651_26	NFCORE_MAG:MAG:BINNING:SEQKIT_STATS (MEGAHIT-COMEBin-toy_mousegut_sample_7)	CACHED	0	2026-09-13 23:54:24.478	27.3s	0ms	63.3%	19.4 MB	1.2 GB	19.9 MB	5.3 KB
2011	39/33acdb	59679991_81	NFCORE_MAG:MAG:PRODIGAL (MEGAHIT-toy_mousegut_sample_17)	CACHED	0	2026-09-13 11:41:23.668	9m 40s	8m 52s	93.0%	122.5 MB	12.6 GB	1.3 GB	1.4 GB
1980	4d/dea7d4	59759651_14	NFCORE_MAG:MAG:BINNING:SEQKIT_STATS (MEGAHIT-COMEBin-toy_mousegut_sample_2)	CACHED	0	2026-09-13 23:54:24.478	27.2s	0ms	63.0%	19.8 MB	1.2 GB	18 MB	5.8 KB
1997	27/f36874	59757941_22	NFCORE_MAG:MAG:BINNING:METABAT2_METABAT2 (MEGAHIT-toy_mousegut_sample_11)	CACHED	0	2026-09-13 23:29:34.617	1m 30s	20s	520.8%	2.9 GB	2.9 GB	465.1 MB	291.9 MB
1996	6f/739f9b	59759186_99	NFCORE_MAG:MAG:BIN_QC:CHECKM2_PREDICT (MEGAHIT-MetaBAT2-unclassified-toy_hmp_gastrooral_sample_16)	CACHED	0	2026-09-13 23:48:55.625	3m 56s	2m 55s	490.5%	12.1 GB	49.7 GB	8.7 GB	2.2 GB
2005	8d/23fe3f	59679641_69	NFCORE_MAG:MAG:BINNING_PREPARATION:SHORTREAD_BINNING_PREPARATION:BOWTIE2_ASSEMBLY_BUILD (MEGAHIT-toy_mousegut_sample_13)	CACHED	0	2026-09-13 11:36:04.243	1m 55s	55s	86.5%	584.6 MB	723 MB	404.7 MB	155.7 MB
1983	47/b69900	59681903_68	NFCORE_MAG:MAG:BINNING_PREPARATION:SHORTREAD_BINNING_PREPARATION:BOWTIE2_ASSEMBLY_ALIGN (MEGAHIT-toy_mousegut_sample_14-toy_mousegut_sample_14)	CACHED	0	2026-09-13 12:04:04.772	11m 30s	10m 25s	749.1%	7.3 GB	9.7 GB	30.2 GB	25.7 GB
1999	c8/1af6ca	59648483_51	NFCORE_MAG:MAG:ASSEMBLY:SHORTREAD_ASSEMBLY:MEGAHIT (toy_mousegut_sample_20)	CACHED	0	2026-09-13 04:38:29.090	1h 20m 24s	1h 5m 31s	658.0%	5.1 GB	7.7 GB	53.7 GB	24.7 GB
2008	20/cf2d10	59758689_64	NFCORE_MAG:MAG:BINNING:SEMIBIN_SINGLEEASYBIN (MEGAHIT-toy_mousegut_sample_10)	CACHED	0	2026-09-13 23:39:54.506	5m 57s	3m 35s	155.0%	8.1 GB	26.1 GB	12.9 GB	1 GB
2039	2c/eafa82	59656633_62	NFCORE_MAG:MAG:ASSEMBLY:GUNZIP_SHORTREAD_ASSEMBLIES (MEGAHIT-toy_mousegut_sample_20)	CACHED	0	2026-09-13 06:51:29.072	54.6s	805ms	91.2%	5 MB	8 MB	48.1 MB	164 MB
2007	0e/1b3e2f	59685639_66	NFCORE_MAG:MAG:BINNING:COMEBIN_RUNCOMEBIN (MEGAHIT-toy_mousegut_sample_10)	CACHED	0	2026-09-13 12:43:34.721	5h 21m 59s	4h 33m 12s	1084.9%	15.1 GB	99.6 GB	95.1 GB	12.1 GB
2022	6e/4f2990	59679641_71	NFCORE_MAG:MAG:BINNING_PREPARATION:SHORTREAD_BINNING_PREPARATION:BOWTIE2_ASSEMBLY_BUILD (MEGAHIT-toy_mousegut_sample_15)	CACHED	0	2026-09-13 11:36:04.243	3m 25s	2m 10s	92.0%	1.3 GB	1.4 GB	991.8 MB	371.7 MB
2019	7d/3f5c99	59656633_42	NFCORE_MAG:MAG:ASSEMBLY:GUNZIP_SHORTREAD_ASSEMBLIES (MEGAHIT-toy_mousegut_sample_16)	CACHED	0	2026-09-13 06:51:29.072	54.5s	474ms	77.9%	5.3 MB	8.1 MB	14.3 MB	48.3 MB
2024	1f/442b5c	59759651_23	NFCORE_MAG:MAG:BINNING:SEQKIT_STATS (MEGAHIT-MetaBAT2-toy_mousegut_sample_7)	CACHED	0	2026-09-13 23:54:24.478	27.3s	1s	76.4%	22.1 MB	1.2 GB	16.3 MB	4.4 KB
2029	7f/820165	59683903_52	NFCORE_MAG:MAG:BINNING:METABAT2_JGISUMMARIZEBAMCONTIGDEPTHS_SHORTREAD (MEGAHIT-toy_mousegut_sample_12)	CACHED	0	2026-09-13 12:24:34.897	1m 29s	41s	99.6%	28.2 MB	58.7 MB	4.4 GB	8.4 MB
2018	39/ec8c80	59757941_74	NFCORE_MAG:MAG:BINNING:METABAT2_METABAT2 (MEGAHIT-toy_mousegut_sample_10)	CACHED	0	2026-09-13 23:29:34.618	1m 30s	7s	597.3%	1.3 GB	1.3 GB	284.2 MB	178.2 MB
2026	b6/9899c9	59679991_78	NFCORE_MAG:MAG:PRODIGAL (MEGAHIT-toy_mousegut_sample_18)	CACHED	0	2026-09-13 11:41:23.668	4m 40s	3m 55s	90.7%	122.2 MB	12.6 GB	523.1 MB	558.5 MB
2038	1c/979af3	59683903_12	NFCORE_MAG:MAG:BINNING:METABAT2_JGISUMMARIZEBAMCONTIGDEPTHS_SHORTREAD (MEGAHIT-toy_mousegut_sample_14)	CACHED	0	2026-09-13 12:24:34.896	1m 29s	42s	99.8%	32.2 MB	62.8 MB	4.4 GB	11 MB
2027	b2/c03477	59679641_74	NFCORE_MAG:MAG:BINNING_PREPARATION:SHORTREAD_BINNING_PREPARATION:BOWTIE2_ASSEMBLY_BUILD (MEGAHIT-toy_mousegut_sample_18)	CACHED	0	2026-09-13 11:36:04.243	1m 55s	33s	87.9%	441.5 MB	579.4 MB	298.6 MB	117.7 MB
2010	76/304d05	59679641_72	NFCORE_MAG:MAG:BINNING_PREPARATION:SHORTREAD_BINNING_PREPARATION:BOWTIE2_ASSEMBLY_BUILD (MEGAHIT-toy_mousegut_sample_17)	CACHED	0	2026-09-13 11:36:04.243	2m 55s	1m 46s	90.8%	1.1 GB	1.2 GB	805.2 MB	302.9 MB
2014	3c/f79cb0	59759186_98	NFCORE_MAG:MAG:BIN_QC:CHECKM2_PREDICT (MEGAHIT-MetaBAT2-unclassified-toy_hmp_gastrooral_sample_14)	CACHED	0	2026-09-13 23:48:55.625	3m 26s	2m 22s	447.4%	13.4 GB	49 GB	7.8 GB	1.4 GB
2028	09/4cc1a7	59685639_53	NFCORE_MAG:MAG:BINNING:COMEBIN_RUNCOMEBIN (MEGAHIT-toy_mousegut_sample_12)	CACHED	0	2026-09-13 12:43:34.721	6h 52m 29s	6h 8m 49s	1077.5%	16 GB	100.5 GB	152.8 GB	19.2 GB
2045	c0/3b934a	59681903_72	NFCORE_MAG:MAG:BINNING_PREPARATION:SHORTREAD_BINNING_PREPARATION:BOWTIE2_ASSEMBLY_ALIGN (MEGAHIT-toy_mousegut_sample_15-toy_mousegut_sample_15)	CACHED	0	2026-09-13 12:04:04.772	12m 29s	11m 21s	750.5%	7.3 GB	9.7 GB	30.2 GB	25.7 GB
2036	36/2550e3	59681903_69	NFCORE_MAG:MAG:BINNING_PREPARATION:SHORTREAD_BINNING_PREPARATION:BOWTIE2_ASSEMBLY_ALIGN (MEGAHIT-toy_mousegut_sample_13-toy_mousegut_sample_13)	CACHED	0	2026-09-13 12:04:04.772	11m 30s	10m 12s	760.3%	7.1 GB	9.3 GB	29.8 GB	25.5 GB
2043	f5/69be72	59679641_73	NFCORE_MAG:MAG:BINNING_PREPARATION:SHORTREAD_BINNING_PREPARATION:BOWTIE2_ASSEMBLY_BUILD (MEGAHIT-toy_mousegut_sample_20)	CACHED	0	2026-09-13 11:36:04.243	2m 25s	1m 15s	91.2%	915.9 MB	1 GB	657.5 MB	249.6 MB
2023	30/b4e19f	59758689_68	NFCORE_MAG:MAG:BINNING:SEMIBIN_SINGLEEASYBIN (MEGAHIT-toy_mousegut_sample_12)	CACHED	0	2026-09-13 23:39:54.506	5m 57s	3m 57s	198.6%	20.1 GB	38 GB	20.5 GB	1.6 GB
2012	20/018029	59759651_18	NFCORE_MAG:MAG:BINNING:SEQKIT_STATS (MEGAHIT-COMEBin-toy_hmp_gastrooral_sample_19)	CACHED	0	2026-09-13 23:54:24.478	27.2s	0ms	64.2%	19.9 MB	1.2 GB	22 MB	13.5 KB
2040	5b/6a40f8	59685639_12	NFCORE_MAG:MAG:BINNING:COMEBIN_RUNCOMEBIN (MEGAHIT-toy_mousegut_sample_14)	CACHED	0	2026-09-13 12:43:34.721	6h 3m 29s	5h 58m 1s	1080.9%	15.9 GB	101 GB	149.3 GB	17.7 GB
2017	7f/bfa832	59648483_87	NFCORE_MAG:MAG:ASSEMBLY:SHORTREAD_ASSEMBLY:MEGAHIT (toy_mousegut_sample_24)	CACHED	0	2026-09-13 04:38:29.090	1h 54m 54s	1h 26m 5s	639.3%	5 GB	7.6 GB	59.3 GB	28.3 GB
1949	5e/85dc91	59648483_84	NFCORE_MAG:MAG:ASSEMBLY:SHORTREAD_ASSEMBLY:MEGAHIT (toy_mousegut_sample_19)	CACHED	0	2026-09-13 04:38:29.090	1h 28m 24s	59m 23s	699.9%	4.7 GB	7.2 GB	55.8 GB	26 GB
2052	fb/e49c11	59679991_79	NFCORE_MAG:MAG:PRODIGAL (MEGAHIT-toy_mousegut_sample_16)	CACHED	0	2026-09-13 11:41:23.668	3m 10s	2m 23s	89.1%	52.2 MB	118.7 MB	336.5 MB	358.1 MB
2061	50/620a7a	59683903_25	NFCORE_MAG:MAG:BINNING:METABAT2_JGISUMMARIZEBAMCONTIGDEPTHS_SHORTREAD (MEGAHIT-toy_mousegut_sample_15)	CACHED	0	2026-09-13 12:24:34.897	1m 29s	46s	99.3%	32.7 MB	63.4 MB	4.4 GB	11.4 MB
2046	48/327aa8	59679641_70	NFCORE_MAG:MAG:BINNING_PREPARATION:SHORTREAD_BINNING_PREPARATION:BOWTIE2_ASSEMBLY_BUILD (MEGAHIT-toy_mousegut_sample_16)	CACHED	0	2026-09-13 11:36:04.243	1m 26s	24s	83.9%	303 MB	451.4 MB	194.7 MB	79.5 MB
2025	b9/8135c4	59759651_19	NFCORE_MAG:MAG:BINNING:SEQKIT_STATS (MEGAHIT-MetaBAT2-toy_hmp_gastrooral_sample_19)	CACHED	0	2026-09-13 23:54:24.478	27.3s	1s	77.4%	22.4 MB	1.2 GB	17.4 MB	5.2 KB
2020	17/a7a466	59648483_83	NFCORE_MAG:MAG:ASSEMBLY:SHORTREAD_ASSEMBLY:MEGAHIT (toy_mousegut_sample_23)	CACHED	0	2026-09-13 04:38:29.090	1h 30m 54s	1h 2m 2s	597.0%	4.8 GB	7.4 GB	49.3 GB	21.8 GB
2044	e8/8521ca	59679991_84	NFCORE_MAG:MAG:PRODIGAL (MEGAHIT-toy_mousegut_sample_20)	CACHED	0	2026-09-13 11:41:23.668	8m 40s	7m 44s	92.9%	122.5 MB	12.6 GB	1.1 GB	1.2 GB
2037	5e/191e59	59758689_70	NFCORE_MAG:MAG:BINNING:SEMIBIN_SINGLEEASYBIN (MEGAHIT-toy_mousegut_sample_14)	CACHED	0	2026-09-13 23:39:54.506	5m 57s	3m 56s	191.0%	13.4 GB	31.3 GB	20.1 GB	1.6 GB
2051	d2/bece54	59757941_58	NFCORE_MAG:MAG:BINNING:METABAT2_METABAT2 (MEGAHIT-toy_mousegut_sample_12)	CACHED	0	2026-09-13 23:29:34.618	2m	37s	495.8%	4.1 GB	4.1 GB	443.9 MB	279.7 MB
2062	2b/2ed07f	59685639_13	NFCORE_MAG:MAG:BINNING:COMEBIN_RUNCOMEBIN (MEGAHIT-toy_mousegut_sample_13)	CACHED	0	2026-09-13 12:43:34.721	3h 41m 29s	3h 34m 31s	1091.8%	14.7 GB	97.8 GB	77 GB	9.3 GB
2032	8f/042274	59759651_25	NFCORE_MAG:MAG:BINNING:SEQKIT_STATS (MEGAHIT-COMEBin-toy_mousegut_sample_5)	CACHED	0	2026-09-13 23:54:24.478	27.3s	1s	65.4%	20.2 MB	1.2 GB	28.7 MB	5.4 KB
2065	70/593c6f	59681903_76	NFCORE_MAG:MAG:BINNING_PREPARATION:SHORTREAD_BINNING_PREPARATION:BOWTIE2_ASSEMBLY_ALIGN (MEGAHIT-toy_mousegut_sample_20-toy_mousegut_sample_20)	CACHED	0	2026-09-13 12:04:04.772	11m 59s	10m 29s	755.9%	7.2 GB	9.5 GB	29.9 GB	25.5 GB
2067	b7/a70217	59683693_95	NFCORE_MAG:MAG:ASSEMBLY:GUNZIP_SHORTREAD_ASSEMBLIES (MEGAHIT-toy_mousegut_sample_24)	CACHED	0	2026-09-13 12:23:04.761	1m 29s	1.7s	80.1%	5.3 MB	8.1 MB	72.1 MB	245.9 MB
2048	9e/a65784	59759651_24	NFCORE_MAG:MAG:BINNING:SEQKIT_STATS (MEGAHIT-COMEBin-toy_mousegut_sample_6)	CACHED	0	2026-09-13 23:54:24.478	27.3s	1s	63.9%	19.8 MB	1.2 GB	27.9 MB	12.3 KB
2073	7c/d9048b	59759651_28	NFCORE_MAG:MAG:BINNING:SEQKIT_STATS (MEGAHIT-MetaBAT2-toy_mousegut_sample_9)	CACHED	0	2026-09-13 23:54:24.478	27.3s	1s	76.2%	22.8 MB	1.2 GB	16.4 MB	3.8 KB
2001	40/418597	59648483_54	NFCORE_MAG:MAG:ASSEMBLY:SHORTREAD_ASSEMBLY:MEGAHIT (toy_mousegut_sample_21)	CACHED	0	2026-09-13 04:38:29.090	1h 26m 54s	1h 12m 7s	588.6%	5.1 GB	7.8 GB	50.3 GB	22.4 GB
2081	3e/3bf2fe	59683903_18	NFCORE_MAG:MAG:BINNING:METABAT2_JGISUMMARIZEBAMCONTIGDEPTHS_SHORTREAD (MEGAHIT-toy_mousegut_sample_20)	CACHED	0	2026-09-13 12:24:34.897	1m 29s	40s	98.7%	27.6 MB	58.1 MB	4.4 GB	8.1 MB
2075	20/e881be	59656633_88	NFCORE_MAG:MAG:ASSEMBLY:GUNZIP_SHORTREAD_ASSEMBLIES (MEGAHIT-toy_mousegut_sample_23)	CACHED	0	2026-09-13 06:51:29.072	54.7s	591ms	85.1%	5.2 MB	8.1 MB	30.5 MB	103.8 MB
2063	45/60b2ae	59758689_67	NFCORE_MAG:MAG:BINNING:SEMIBIN_SINGLEEASYBIN (MEGAHIT-toy_mousegut_sample_13)	CACHED	0	2026-09-13 23:39:54.506	4m 27s	2m 14s	168.2%	6.1 GB	24.1 GB	11.2 GB	874.5 MB
2082	8c/9458b8	59685639_18	NFCORE_MAG:MAG:BINNING:COMEBIN_RUNCOMEBIN (MEGAHIT-toy_mousegut_sample_20)	CACHED	0	2026-09-13 12:43:34.721	4h 38m 29s	4h 27m 38s	1085.4%	15.3 GB	99.2 GB	105.8 GB	12.3 GB
2055	7e/b8903d	59681903_73	NFCORE_MAG:MAG:BINNING_PREPARATION:SHORTREAD_BINNING_PREPARATION:BOWTIE2_ASSEMBLY_ALIGN (MEGAHIT-toy_mousegut_sample_17-toy_mousegut_sample_17)	CACHED	0	2026-09-13 12:04:04.772	14m 29s	13m 5s	738.6%	7.1 GB	9.4 GB	30.1 GB	25.7 GB
2069	2d/923d78	59656633_84	NFCORE_MAG:MAG:ASSEMBLY:GUNZIP_SHORTREAD_ASSEMBLIES (MEGAHIT-toy_mousegut_sample_19)	CACHED	0	2026-09-13 06:51:29.072	54.6s	1.1s	88.9%	5.3 MB	8.1 MB	60.3 MB	205.8 MB
2085	ee/63b5af	59684075_5	NFCORE_MAG:MAG:PRODIGAL (MEGAHIT-toy_mousegut_sample_24)	CACHED	0	2026-09-13 12:25:46.557	11m 47s	11m 19s	93.8%	122.4 MB	12.6 GB	1.7 GB	1.8 GB
2074	f1/a048f5	59681903_71	NFCORE_MAG:MAG:BINNING_PREPARATION:SHORTREAD_BINNING_PREPARATION:BOWTIE2_ASSEMBLY_ALIGN (MEGAHIT-toy_mousegut_sample_16-toy_mousegut_sample_16)	CACHED	0	2026-09-13 12:04:04.772	14m 29s	13m 25s	752.3%	6.8 GB	9 GB	29.5 GB	25.3 GB
2077	ee/e75a9a	59759651_30	NFCORE_MAG:MAG:BINNING:SEQKIT_STATS (MEGAHIT-COMEBin-toy_mousegut_sample_9)	CACHED	0	2026-09-13 23:54:24.478	27.3s	0ms	69.2%	19.2 MB	1.2 GB	19.6 MB	8.3 KB
2087	46/85ee3b	59684030_5	NFCORE_MAG:MAG:BINNING_PREPARATION:SHORTREAD_BINNING_PREPARATION:BOWTIE2_ASSEMBLY_BUILD (MEGAHIT-toy_mousegut_sample_24)	CACHED	0	2026-09-13 12:25:40.620	2m 53s	2m 14s	90.2%	1.3 GB	1.4 GB	985.2 MB	369.1 MB
2088	dc/9935e7	59759651_21	NFCORE_MAG:MAG:BINNING:SEQKIT_STATS (MEGAHIT-COMEBin-toy_mousegut_sample_8)	CACHED	0	2026-09-13 23:54:24.478	27.3s	0ms	61.8%	23.8 MB	1.2 GB	13.7 MB	3 KB
2072	b0/d3a48d	59757941_35	NFCORE_MAG:MAG:BINNING:METABAT2_METABAT2 (MEGAHIT-toy_mousegut_sample_15)	CACHED	0	2026-09-13 23:29:34.618	1m 30s	27s	615.3%	669.6 MB	777 MB	522.6 MB	328 MB
2086	63/37bf06	59656633_83	NFCORE_MAG:MAG:ASSEMBLY:GUNZIP_SHORTREAD_ASSEMBLIES (MEGAHIT-toy_mousegut_sample_21)	CACHED	0	2026-09-13 06:51:29.072	54.6s	671ms	73.6%	5 MB	8 MB	30.1 MB	102.5 MB
2054	78/b3b82c	59681903_70	NFCORE_MAG:MAG:BINNING_PREPARATION:SHORTREAD_BINNING_PREPARATION:BOWTIE2_ASSEMBLY_ALIGN (MEGAHIT-toy_mousegut_sample_18-toy_mousegut_sample_18)	CACHED	0	2026-09-13 12:04:04.772	11m 30s	10m 12s	760.3%	7 GB	9.2 GB	29.7 GB	25.4 GB
2090	87/2c7644	59679641_78	NFCORE_MAG:MAG:BINNING_PREPARATION:SHORTREAD_BINNING_PREPARATION:BOWTIE2_ASSEMBLY_BUILD (MEGAHIT-toy_mousegut_sample_23)	CACHED	0	2026-09-13 11:36:04.244	1m 55s	48s	88.7%	596.5 MB	735.4 MB	416.6 MB	161 MB
2064	bd/44633f	59683903_13	NFCORE_MAG:MAG:BINNING:METABAT2_JGISUMMARIZEBAMCONTIGDEPTHS_SHORTREAD (MEGAHIT-toy_mousegut_sample_13)	CACHED	0	2026-09-13 12:24:34.896	58.8s	29s	98.5%	21.2 MB	51.9 MB	4.3 GB	4.2 MB
2060	95/89038e	59758689_72	NFCORE_MAG:MAG:BINNING:SEMIBIN_SINGLEEASYBIN (MEGAHIT-toy_mousegut_sample_15)	CACHED	0	2026-09-13 23:39:54.506	7m 27s	5m 24s	191.1%	23.8 GB	41.7 GB	20.8 GB	1.7 GB
2091	82/7df20c	59679991_85	NFCORE_MAG:MAG:PRODIGAL (MEGAHIT-toy_mousegut_sample_23)	CACHED	0	2026-09-13 11:41:23.668	5m 40s	4m 32s	92.7%	122.4 MB	12.6 GB	717.8 MB	764.4 MB
2105	92/296eab	59683903_66	NFCORE_MAG:MAG:BINNING:METABAT2_JGISUMMARIZEBAMCONTIGDEPTHS_SHORTREAD (MEGAHIT-toy_mousegut_sample_17)	CACHED	0	2026-09-13 12:24:34.897	1m 29s	43s	99.1%	29.1 MB	59.5 MB	4.4 GB	9 MB
2084	60/d46027	59759651_20	NFCORE_MAG:MAG:BINNING:SEQKIT_STATS (MEGAHIT-MetaBAT2-toy_mousegut_sample_5)	CACHED	0	2026-09-13 23:54:24.478	27.3s	1s	76.5%	49.8 MB	1.3 GB	23 MB	5 KB
2058	51/62d134	59685639_25	NFCORE_MAG:MAG:BINNING:COMEBIN_RUNCOMEBIN (MEGAHIT-toy_mousegut_sample_15)	CACHED	0	2026-09-13 12:43:34.721	8h 14m 29s	7h 53m 13s	1066.6%	16.3 GB	101.8 GB	166 GB	21.6 GB
2079	6f/fe0a1c	59759651_17	NFCORE_MAG:MAG:BINNING:SEQKIT_STATS (MEGAHIT-MetaBAT2-toy_mousegut_sample_8)	CACHED	0	2026-09-13 23:54:24.478	27.2s	0ms	82.0%	23.5 MB	1.2 GB	11.2 MB	2.5 KB
2107	91/37d99c	59685639_65	NFCORE_MAG:MAG:BINNING:COMEBIN_RUNCOMEBIN (MEGAHIT-toy_mousegut_sample_16)	CACHED	0	2026-09-13 12:43:34.721	1h 39m 59s	51m 3s	1034.4%	14.3 GB	94.5 GB	32.5 GB	3.4 GB
2113	9a/0659a3	59683903_14	NFCORE_MAG:MAG:BINNING:METABAT2_JGISUMMARIZEBAMCONTIGDEPTHS_SHORTREAD (MEGAHIT-toy_mousegut_sample_18)	CACHED	0	2026-09-13 12:24:34.896	1m 29s	32s	98.6%	21 MB	51.4 MB	4.3 GB	3.8 MB
2070	21/b64f47	59648483_85	NFCORE_MAG:MAG:ASSEMBLY:SHORTREAD_ASSEMBLY:MEGAHIT (toy_mousegut_sample_25)	CACHED	0	2026-09-13 04:38:29.090	1h 22m 24s	53m 49s	731.0%	5 GB	7.6 GB	58.3 GB	27.7 GB
2114	77/1621c6	59758689_71	NFCORE_MAG:MAG:BINNING:SEMIBIN_SINGLEEASYBIN (MEGAHIT-toy_mousegut_sample_18)	CACHED	0	2026-09-13 23:39:54.506	3m 57s	1m 46s	156.1%	802.4 MB	3.8 GB	9.2 GB	613.1 MB
2056	50/eb9d5c	59757941_25	NFCORE_MAG:MAG:BINNING:METABAT2_METABAT2 (MEGAHIT-toy_mousegut_sample_14)	CACHED	0	2026-09-13 23:29:34.617	1m 30s	23s	403.6%	2.4 GB	2.4 GB	495.9 MB	310.5 MB
2095	d1/a5a93e	59679991_83	NFCORE_MAG:MAG:PRODIGAL (MEGAHIT-toy_mousegut_sample_19)	CACHED	0	2026-09-13 11:41:23.668	10m 40s	9m 41s	92.9%	122.3 MB	12.6 GB	1.4 GB	1.5 GB
2110	7b/6b974b	59759651_22	NFCORE_MAG:MAG:BINNING:SEQKIT_STATS (MEGAHIT-MetaBAT2-toy_mousegut_sample_6)	CACHED	0	2026-09-13 23:54:24.478	27.3s	1s	76.6%	49 MB	1.3 GB	24.2 MB	5.7 KB
2098	3b/76a033	59679641_76	NFCORE_MAG:MAG:BINNING_PREPARATION:SHORTREAD_BINNING_PREPARATION:BOWTIE2_ASSEMBLY_BUILD (MEGAHIT-toy_mousegut_sample_19)	CACHED	0	2026-09-13 11:36:04.244	2m 55s	1m 37s	91.9%	1.1 GB	1.2 GB	824.8 MB	310.1 MB
2080	f8/3098e2	59758689_75	NFCORE_MAG:MAG:BINNING:SEMIBIN_SINGLEEASYBIN (MEGAHIT-toy_mousegut_sample_20)	CACHED	0	2026-09-13 23:39:54.506	5m 27s	3m 19s	178.6%	7.2 GB	25.2 GB	15.5 GB	1.2 GB
2089	d6/467e53	59757941_27	NFCORE_MAG:MAG:BINNING:METABAT2_METABAT2 (MEGAHIT-toy_mousegut_sample_20)	CACHED	0	2026-09-13 23:29:34.618	1m 30s	7s	493.0%	895.8 MB	964.4 MB	347.2 MB	216.9 MB
2068	1c/6ff687	59648483_89	NFCORE_MAG:MAG:ASSEMBLY:SHORTREAD_ASSEMBLY:MEGAHIT (toy_mousegut_sample_26)	CACHED	0	2026-09-13 04:38:29.090	1h 45m 54s	1h 17m 17s	614.6%	5.1 GB	7.7 GB	52.3 GB	23.7 GB
2109	8a/c6b2fc	59683903_65	NFCORE_MAG:MAG:BINNING:METABAT2_JGISUMMARIZEBAMCONTIGDEPTHS_SHORTREAD (MEGAHIT-toy_mousegut_sample_16)	CACHED	0	2026-09-13 12:24:34.897	58.9s	31s	97.3%	18.8 MB	49.4 MB	4.2 GB	2.5 MB
2112	f1/5ffe91	59685639_16	NFCORE_MAG:MAG:BINNING:COMEBIN_RUNCOMEBIN (MEGAHIT-toy_mousegut_sample_18)	CACHED	0	2026-09-13 12:43:34.721	1h 41m 29s	1h 31m 45s	1062.8%	14.5 GB	95.5 GB	51.2 GB	5.6 GB
2119	b9/5b819b	59679641_75	NFCORE_MAG:MAG:BINNING_PREPARATION:SHORTREAD_BINNING_PREPARATION:BOWTIE2_ASSEMBLY_BUILD (MEGAHIT-toy_mousegut_sample_21)	CACHED	0	2026-09-13 11:36:04.244	1m 55s	55s	87.6%	590.3 MB	730 MB	411.3 MB	158.5 MB
2041	d6/41ccda	59648483_56	NFCORE_MAG:MAG:ASSEMBLY:SHORTREAD_ASSEMBLY:MEGAHIT (toy_mousegut_sample_22)	CACHED	0	2026-09-13 04:38:29.090	2h 4m 24s	1h 45m 54s	655.6%	5.3 GB	8 GB	59.2 GB	28.3 GB
2133	75/9b658e	59656633_73	NFCORE_MAG:MAG:ASSEMBLY:GUNZIP_SHORTREAD_ASSEMBLIES (MEGAHIT-toy_mousegut_sample_25)	CACHED	0	2026-09-13 06:51:29.072	54.6s	1.3s	83.9%	5.3 MB	8.1 MB	67.7 MB	230.7 MB
2120	ff/3630bf	59759651_37	NFCORE_MAG:MAG:BINNING:SEQKIT_STATS (MEGAHIT-COMEBin-toy_mousegut_sample_11)	CACHED	0	2026-09-13 23:54:24.478	27.3s	1s	68.9%	19.5 MB	1.2 GB	37.9 MB	12.7 KB
2116	d2/8fd94c	59757941_9	NFCORE_MAG:MAG:BINNING:METABAT2_METABAT2 (MEGAHIT-toy_mousegut_sample_13)	CACHED	0	2026-09-13 23:29:34.617	59.6s	8s	442.6%	846.5 MB	865 MB	212 MB	133.2 MB
2111	39/2b35b6	59679991_82	NFCORE_MAG:MAG:PRODIGAL (MEGAHIT-toy_mousegut_sample_21)	CACHED	0	2026-09-13 11:41:23.668	5m 40s	4m 41s	92.6%	122.4 MB	12.6 GB	703.6 MB	748.4 MB
2076	37/48a256	59648483_91	NFCORE_MAG:MAG:ASSEMBLY:SHORTREAD_ASSEMBLY:MEGAHIT (toy_mousegut_sample_27)	CACHED	0	2026-09-13 04:38:29.090	1h 15m 24s	46m 26s	720.8%	4.6 GB	7 GB	55.5 GB	25.8 GB
2115	21/e40c97	59681903_78	NFCORE_MAG:MAG:BINNING_PREPARATION:SHORTREAD_BINNING_PREPARATION:BOWTIE2_ASSEMBLY_ALIGN (MEGAHIT-toy_mousegut_sample_23-toy_mousegut_sample_23)	CACHED	0	2026-09-13 12:04:04.772	13m 59s	12m 27s	740.7%	6.9 GB	9.3 GB	29.8 GB	25.5 GB
2106	a1/a5e708	59685639_67	NFCORE_MAG:MAG:BINNING:COMEBIN_RUNCOMEBIN (MEGAHIT-toy_mousegut_sample_17)	CACHED	0	2026-09-13 12:43:34.721	6h 45m 59s	5h 57m	1076.6%	15.5 GB	100.2 GB	139.6 GB	17.9 GB
2121	5f/02a3e5	59759651_31	NFCORE_MAG:MAG:BINNING:SEQKIT_STATS (MEGAHIT-MetaBAT2-toy_mousegut_sample_11)	CACHED	0	2026-09-13 23:54:24.478	27.3s	2s	79.3%	46.2 MB	1.2 GB	32.6 MB	8.4 KB
2108	91/c1301a	59758689_69	NFCORE_MAG:MAG:BINNING:SEMIBIN_SINGLEEASYBIN (MEGAHIT-toy_mousegut_sample_16)	CACHED	0	2026-09-13 23:39:54.506	3m 27s	1m 29s	142.6%	723.2 MB	3.7 GB	7.3 GB	355 MB
2135	62/bd7f06	59656633_99	NFCORE_MAG:MAG:ASSEMBLY:GUNZIP_SHORTREAD_ASSEMBLIES (MEGAHIT-toy_mousegut_sample_26)	CACHED	0	2026-09-13 06:51:29.072	54.8s	762ms	91.0%	5.1 MB	8 MB	39.3 MB	134.1 MB
2118	85/1651ae	59757941_64	NFCORE_MAG:MAG:BINNING:METABAT2_METABAT2 (MEGAHIT-toy_mousegut_sample_17)	CACHED	0	2026-09-13 23:29:34.618	1m 30s	25s	375.1%	3 GB	3.1 GB	423.7 MB	266.1 MB
2122	3e/f77ed8	59757941_24	NFCORE_MAG:MAG:BINNING:METABAT2_METABAT2 (MEGAHIT-toy_mousegut_sample_18)	CACHED	0	2026-09-13 23:29:34.617	59.6s	2s	480.2%	13.7 MB	619.5 MB	157.7 MB	98.2 MB
2141	76/c7986a	59679641_77	NFCORE_MAG:MAG:BINNING_PREPARATION:SHORTREAD_BINNING_PREPARATION:BOWTIE2_ASSEMBLY_BUILD (MEGAHIT-toy_mousegut_sample_25)	CACHED	0	2026-09-13 11:36:04.244	2m 55s	1m 49s	92.1%	1.2 GB	1.3 GB	924.3 MB	346.6 MB
2140	12/d7dbe8	59679991_86	NFCORE_MAG:MAG:PRODIGAL (MEGAHIT-toy_mousegut_sample_25)	CACHED	0	2026-09-13 11:41:23.668	11m 40s	10m 36s	93.1%	122.7 MB	12.6 GB	1.6 GB	1.7 GB
2139	6f/ff97bd	59681903_74	NFCORE_MAG:MAG:BINNING_PREPARATION:SHORTREAD_BINNING_PREPARATION:BOWTIE2_ASSEMBLY_ALIGN (MEGAHIT-toy_mousegut_sample_21-toy_mousegut_sample_21)	CACHED	0	2026-09-13 12:04:04.772	13m 29s	12m 19s	742.4%	7 GB	9.3 GB	29.8 GB	25.5 GB
2137	2a/87c62a	59757941_17	NFCORE_MAG:MAG:BINNING:METABAT2_METABAT2 (MEGAHIT-toy_mousegut_sample_16)	CACHED	0	2026-09-13 23:29:34.617	1m 30s	3s	367.2%	94.8 MB	503.8 MB	102.7 MB	63.9 MB
2154	1d/2546d1	59679991_89	NFCORE_MAG:MAG:PRODIGAL (MEGAHIT-toy_mousegut_sample_26)	CACHED	0	2026-09-13 11:41:23.668	6m 10s	5m 27s	93.8%	122.4 MB	12.6 GB	933 MB	995.8 MB
2147	66/69490d	59656633_54	NFCORE_MAG:MAG:ASSEMBLY:GUNZIP_SHORTREAD_ASSEMBLIES (MEGAHIT-toy_mousegut_sample_27)	CACHED	0	2026-09-13 06:51:29.072	54.5s	1.4s	84.9%	5.2 MB	8.1 MB	58.6 MB	200 MB
2104	a3/596412	59758689_74	NFCORE_MAG:MAG:BINNING:SEMIBIN_SINGLEEASYBIN (MEGAHIT-toy_mousegut_sample_17)	CACHED	0	2026-09-13 23:39:54.506	6m 27s	4m 13s	186.9%	16.3 GB	34.3 GB	18.9 GB	1.5 GB
2127	88/f528b0	59681903_75	NFCORE_MAG:MAG:BINNING_PREPARATION:SHORTREAD_BINNING_PREPARATION:BOWTIE2_ASSEMBLY_ALIGN (MEGAHIT-toy_mousegut_sample_19-toy_mousegut_sample_19)	CACHED	0	2026-09-13 12:04:04.772	12m 29s	11m 4s	753.0%	7.2 GB	9.5 GB	30.2 GB	25.7 GB
2128	81/d6d57f	59759651_29	NFCORE_MAG:MAG:BINNING:SEQKIT_STATS (MEGAHIT-COMEBin-toy_mousegut_sample_10)	CACHED	0	2026-09-13 23:54:24.478	27.3s	0ms	62.2%	3.2 MB	4.4 MB	22.3 MB	11.7 KB
2146	dd/a6d09a	59683693_94	NFCORE_MAG:MAG:ASSEMBLY:GUNZIP_SHORTREAD_ASSEMBLIES (MEGAHIT-toy_mousegut_sample_22)	CACHED	0	2026-09-13 12:23:04.761	59.5s	1.6s	79.2%	5.4 MB	8.1 MB	68.4 MB	232.9 MB
2130	c0/dc2620	59648483_60	NFCORE_MAG:MAG:ASSEMBLY:SHORTREAD_ASSEMBLY:MEGAHIT (toy_mousegut_sample_32)	CACHED	0	2026-09-13 04:38:29.090	1h 6m 54s	48m 17s	663.3%	5.3 GB	8 GB	49.9 GB	22.3 GB
2143	ee/b4640a	59648483_58	NFCORE_MAG:MAG:ASSEMBLY:SHORTREAD_ASSEMBLY:MEGAHIT (toy_mousegut_sample_33)	CACHED	0	2026-09-13 04:38:29.090	1h 52m 24s	1h 34m 5s	707.0%	5.3 GB	8.1 GB	62.8 GB	30.6 GB
2093	5f/c78cde	59636675_7	NFCORE_MAG:MAG:ASSEMBLY:SHORTREAD_ASSEMBLY:MEGAHIT (toy_mousegut_sample_28)	CACHED	0	2026-09-13 03:00:05.062	1h 21m 48s	1h 20m	650.0%	5.1 GB	7.8 GB	55.6 GB	25.9 GB
2138	e4/3d0e92	59759651_27	NFCORE_MAG:MAG:BINNING:SEQKIT_STATS (MEGAHIT-MetaBAT2-toy_mousegut_sample_10)	CACHED	0	2026-09-13 23:54:24.478	27.3s	1s	73.9%	19.4 MB	1.2 GB	18.3 MB	5.2 KB
2142	0e/e20c03	59759651_38	NFCORE_MAG:MAG:BINNING:SEQKIT_STATS (MEGAHIT-COMEBin-toy_mousegut_sample_12)	CACHED	0	2026-09-13 23:54:24.478	27.3s	1s	61.7%	42.2 MB	1.2 GB	39.1 MB	15 KB
2156	01/b2b105	59683903_53	NFCORE_MAG:MAG:BINNING:METABAT2_JGISUMMARIZEBAMCONTIGDEPTHS_SHORTREAD (MEGAHIT-toy_mousegut_sample_23)	CACHED	0	2026-09-13 12:24:34.897	1m 29s	36s	99.8%	22.7 MB	53.5 MB	4.3 GB	5.1 MB
2150	37/de2c63	59679641_79	NFCORE_MAG:MAG:BINNING_PREPARATION:SHORTREAD_BINNING_PREPARATION:BOWTIE2_ASSEMBLY_BUILD (MEGAHIT-toy_mousegut_sample_26)	CACHED	0	2026-09-13 11:36:04.244	2m 25s	1m 1s	90.2%	758.5 MB	879.8 MB	537.6 MB	205.2 MB
2164	68/5879c8	59679991_88	NFCORE_MAG:MAG:PRODIGAL (MEGAHIT-toy_mousegut_sample_27)	CACHED	0	2026-09-13 11:41:23.668	10m 10s	9m 7s	93.6%	122.6 MB	12.6 GB	1.4 GB	1.4 GB
2159	52/7d5a99	59683903_44	NFCORE_MAG:MAG:BINNING:METABAT2_JGISUMMARIZEBAMCONTIGDEPTHS_SHORTREAD (MEGAHIT-toy_mousegut_sample_21)	CACHED	0	2026-09-13 12:24:34.897	1m 29s	37s	99.1%	22.3 MB	52.8 MB	4.3 GB	4.7 MB
2152	da/1bbcb5	59758689_77	NFCORE_MAG:MAG:BINNING:SEMIBIN_SINGLEEASYBIN (MEGAHIT-toy_mousegut_sample_23)	CACHED	0	2026-09-13 23:39:54.506	4m 57s	2m 36s	167.5%	6.1 GB	24.1 GB	11.2 GB	899.8 MB
2153	ec/9ef786	59685639_51	NFCORE_MAG:MAG:BINNING:COMEBIN_RUNCOMEBIN (MEGAHIT-toy_mousegut_sample_23)	CACHED	0	2026-09-13 12:43:34.721	3h 20m 29s	2h 36m 40s	1078.9%	14.7 GB	97.9 GB	73.8 GB	9.3 GB
2165	74/5a88ef	59656633_38	NFCORE_MAG:MAG:ASSEMBLY:GUNZIP_SHORTREAD_ASSEMBLIES (MEGAHIT-toy_mousegut_sample_32)	CACHED	0	2026-09-13 06:51:29.072	54.5s	624ms	87.0%	5.3 MB	8.1 MB	31.7 MB	107.8 MB
2157	e0/0aff60	59681903_77	NFCORE_MAG:MAG:BINNING_PREPARATION:SHORTREAD_BINNING_PREPARATION:BOWTIE2_ASSEMBLY_ALIGN (MEGAHIT-toy_mousegut_sample_25-toy_mousegut_sample_25)	CACHED	0	2026-09-13 12:04:04.772	11m 30s	10m 27s	755.5%	7.2 GB	9.5 GB	30.2 GB	25.7 GB
2163	44/644dee	59679641_81	NFCORE_MAG:MAG:BINNING_PREPARATION:SHORTREAD_BINNING_PREPARATION:BOWTIE2_ASSEMBLY_BUILD (MEGAHIT-toy_mousegut_sample_27)	CACHED	0	2026-09-13 11:36:04.244	2m 55s	1m 41s	90.2%	1.1 GB	1.2 GB	801.4 MB	301.1 MB
2171	dd/d4ecbc	59683693_98	NFCORE_MAG:MAG:ASSEMBLY:GUNZIP_SHORTREAD_ASSEMBLIES (MEGAHIT-toy_mousegut_sample_33)	CACHED	0	2026-09-13 12:23:04.761	1m 29s	1.9s	81.0%	5.1 MB	8.1 MB	85.2 MB	290.7 MB
2123	aa/3e429c	59648483_53	NFCORE_MAG:MAG:ASSEMBLY:SHORTREAD_ASSEMBLY:MEGAHIT (toy_mousegut_sample_30)	CACHED	0	2026-09-13 04:38:29.090	1h 51m 24s	1h 36m 25s	628.3%	4.6 GB	7.1 GB	55 GB	25.5 GB
2177	7a/c49146	59683903_28	NFCORE_MAG:MAG:BINNING:METABAT2_JGISUMMARIZEBAMCONTIGDEPTHS_SHORTREAD (MEGAHIT-toy_mousegut_sample_19)	CACHED	0	2026-09-13 12:24:34.897	1m 29s	40s	99.6%	29.3 MB	60 MB	4.4 GB	9.3 MB
2170	11/e3eb22	59681903_81	NFCORE_MAG:MAG:BINNING_PREPARATION:SHORTREAD_BINNING_PREPARATION:BOWTIE2_ASSEMBLY_ALIGN (MEGAHIT-toy_mousegut_sample_26-toy_mousegut_sample_26)	CACHED	0	2026-09-13 12:04:04.772	12m 59s	11m 35s	753.5%	7.1 GB	9.4 GB	29.9 GB	25.5 GB
2184	d9/4354ed	59679641_84	NFCORE_MAG:MAG:BINNING_PREPARATION:SHORTREAD_BINNING_PREPARATION:BOWTIE2_ASSEMBLY_BUILD (MEGAHIT-toy_mousegut_sample_32)	CACHED	0	2026-09-13 11:36:04.244	1m 55s	57s	87.2%	622.4 MB	758.7 MB	432.8 MB	166.3 MB
2145	f7/0c5550	59648483_93	NFCORE_MAG:MAG:ASSEMBLY:SHORTREAD_ASSEMBLY:MEGAHIT (toy_mousegut_sample_29)	CACHED	0	2026-09-13 04:38:29.090	1h 6m 54s	38m 1s	728.8%	4.9 GB	7.4 GB	50.3 GB	22.5 GB
2179	2f/ee8af0	59759651_35	NFCORE_MAG:MAG:BINNING:SEQKIT_STATS (MEGAHIT-COMEBin-toy_mousegut_sample_13)	CACHED	0	2026-09-13 23:54:24.478	27.3s	0ms	69.4%	19 MB	1.2 GB	19 MB	7.3 KB
2196	a8/ea715d	59683693_96	NFCORE_MAG:MAG:ASSEMBLY:GUNZIP_SHORTREAD_ASSEMBLIES (MEGAHIT-toy_mousegut_sample_30)	CACHED	0	2026-09-13 12:23:04.761	59.5s	1.3s	78.1%	5.2 MB	8.1 MB	56 MB	190.9 MB
2176	f5/28364a	59656633_6	NFCORE_MAG:MAG:ASSEMBLY:GUNZIP_SHORTREAD_ASSEMBLIES (MEGAHIT-toy_mousegut_sample_28)	CACHED	0	2026-09-13 06:51:29.072	54.4s	944ms	89.0%	5.2 MB	8.1 MB	52.7 MB	179.7 MB
2160	a9/52a60f	59685639_45	NFCORE_MAG:MAG:BINNING:COMEBIN_RUNCOMEBIN (MEGAHIT-toy_mousegut_sample_21)	CACHED	0	2026-09-13 12:43:34.721	2h 37m 59s	1h 55m 24s	1064.4%	14.6 GB	96.3 GB	73.8 GB	8 GB
2198	98/b02123	59656633_37	NFCORE_MAG:MAG:ASSEMBLY:GUNZIP_SHORTREAD_ASSEMBLIES (MEGAHIT-toy_mousegut_sample_29)	CACHED	0	2026-09-13 06:51:29.072	54.5s	652ms	92.3%	5.3 MB	8.1 MB	35 MB	119.3 MB
2187	25/ace86c	59679991_92	NFCORE_MAG:MAG:PRODIGAL (MEGAHIT-toy_mousegut_sample_32)	CACHED	0	2026-09-13 11:41:23.668	6m 40s	5m 45s	90.9%	122.4 MB	12.6 GB	761.7 MB	816.8 MB
2155	cb/f86d30	59758689_76	NFCORE_MAG:MAG:BINNING:SEMIBIN_SINGLEEASYBIN (MEGAHIT-toy_mousegut_sample_21)	CACHED	0	2026-09-13 23:39:54.506	4m 57s	2m 31s	167.3%	4.7 GB	22.7 GB	11.8 GB	887.4 MB
2169	5d/028e99	59757941_61	NFCORE_MAG:MAG:BINNING:METABAT2_METABAT2 (MEGAHIT-toy_mousegut_sample_23)	CACHED	0	2026-09-13 23:29:34.618	1m 30s	6s	526.8%	724.7 MB	803.3 MB	219.9 MB	137.5 MB
2149	3f/44b6e4	59759651_40	NFCORE_MAG:MAG:BINNING:SEQKIT_STATS (MEGAHIT-COMEBin-toy_mousegut_sample_14)	CACHED	0	2026-09-13 23:54:24.478	27.3s	1s	69.3%	19.5 MB	1.2 GB	38 MB	12 KB
2195	0e/a1783f	59683903_15	NFCORE_MAG:MAG:BINNING:METABAT2_JGISUMMARIZEBAMCONTIGDEPTHS_SHORTREAD (MEGAHIT-toy_mousegut_sample_25)	CACHED	0	2026-09-13 12:24:34.897	1m 29s	42s	99.7%	31.2 MB	61.7 MB	4.4 GB	10.3 MB
2193	04/583282	59684030_7	NFCORE_MAG:MAG:BINNING_PREPARATION:SHORTREAD_BINNING_PREPARATION:BOWTIE2_ASSEMBLY_BUILD (MEGAHIT-toy_mousegut_sample_33)	CACHED	0	2026-09-13 12:25:40.620	3m 23s	2m 40s	90.5%	1.5 GB	1.6 GB	1.1 GB	433.9 MB
2191	2d/6b67d9	59684075_7	NFCORE_MAG:MAG:PRODIGAL (MEGAHIT-toy_mousegut_sample_33)	CACHED	0	2026-09-13 12:25:46.557	13m 17s	12m 46s	93.2%	122.7 MB	12.6 GB	1.9 GB	2.1 GB
2173	f3/70a45f	59759651_33	NFCORE_MAG:MAG:BINNING:SEQKIT_STATS (MEGAHIT-MetaBAT2-toy_mousegut_sample_12)	CACHED	0	2026-09-13 23:54:24.478	27.3s	2s	76.9%	48.1 MB	1.2 GB	33.5 MB	7.7 KB
2206	f2/dcb02a	59679991_90	NFCORE_MAG:MAG:PRODIGAL (MEGAHIT-toy_mousegut_sample_28)	CACHED	0	2026-09-13 11:41:23.668	9m 10s	8m 5s	93.7%	122.5 MB	12.6 GB	1.2 GB	1.3 GB
2175	20/0c3fbd	59648483_97	NFCORE_MAG:MAG:ASSEMBLY:SHORTREAD_ASSEMBLY:MEGAHIT (toy_mousegut_sample_34)	CACHED	0	2026-09-13 04:38:29.090	2h 11m 54s	1h 39m 31s	641.4%	5.3 GB	7.9 GB	62.9 GB	30.7 GB
2202	11/7231dd	59684075_0	NFCORE_MAG:MAG:PRODIGAL (MEGAHIT-toy_mousegut_sample_30)	CACHED	0	2026-09-13 12:25:46.557	8m 17s	7m 48s	94.9%	122.4 MB	12.6 GB	1.3 GB	1.4 GB
2174	bf/121150	59685639_30	NFCORE_MAG:MAG:BINNING:COMEBIN_RUNCOMEBIN (MEGAHIT-toy_mousegut_sample_19)	CACHED	0	2026-09-13 12:43:34.721	5h 23m 29s	4h 55m 42s	1075.8%	15.2 GB	101.8 GB	137.9 GB	16.4 GB
2211	cc/189365	59679991_87	NFCORE_MAG:MAG:PRODIGAL (MEGAHIT-toy_mousegut_sample_29)	CACHED	0	2026-09-13 11:41:23.668	6m 10s	5m 15s	92.0%	122.3 MB	12.6 GB	815.9 MB	867.4 MB
2205	30/31abd7	59684030_0	NFCORE_MAG:MAG:BINNING_PREPARATION:SHORTREAD_BINNING_PREPARATION:BOWTIE2_ASSEMBLY_BUILD (MEGAHIT-toy_mousegut_sample_30)	CACHED	0	2026-09-13 12:25:40.620	2m 23s	1m 32s	90.3%	1 GB	1.2 GB	764.9 MB	288.6 MB
2203	68/9a2ae6	59683903_39	NFCORE_MAG:MAG:BINNING:METABAT2_JGISUMMARIZEBAMCONTIGDEPTHS_SHORTREAD (MEGAHIT-toy_mousegut_sample_26)	CACHED	0	2026-09-13 12:24:34.897	1m 29s	38s	99.2%	24.9 MB	55.3 MB	4.3 GB	6.4 MB
2219	7c/b21ea0	59683693_97	NFCORE_MAG:MAG:ASSEMBLY:GUNZIP_SHORTREAD_ASSEMBLIES (MEGAHIT-toy_mousegut_sample_34)	CACHED	0	2026-09-13 12:23:04.761	1m 29s	2s	79.0%	5.3 MB	8.1 MB	84.2 MB	287.1 MB
2199	81/e04640	59681903_84	NFCORE_MAG:MAG:BINNING_PREPARATION:SHORTREAD_BINNING_PREPARATION:BOWTIE2_ASSEMBLY_ALIGN (MEGAHIT-toy_mousegut_sample_32-toy_mousegut_sample_32)	CACHED	0	2026-09-13 12:04:04.772	11m 59s	10m 37s	759.8%	7.1 GB	9.3 GB	29.8 GB	25.5 GB
2217	69/d8563f	59759651_45	NFCORE_MAG:MAG:BINNING:SEQKIT_STATS (MEGAHIT-COMEBin-toy_mousegut_sample_15)	CACHED	0	2026-09-13 23:54:24.478	27.4s	1s	63.1%	43.9 MB	1.2 GB	42.6 MB	16.4 KB
2215	95/3299bb	59757941_30	NFCORE_MAG:MAG:BINNING:METABAT2_METABAT2 (MEGAHIT-toy_mousegut_sample_25)	CACHED	0	2026-09-13 23:29:34.618	1m 30s	21s	626.3%	4.1 GB	4.1 GB	486.5 MB	305.5 MB
2197	f0/f3e1a9	59648483_95	NFCORE_MAG:MAG:ASSEMBLY:SHORTREAD_ASSEMBLY:MEGAHIT (toy_mousegut_sample_52)	CACHED	0	2026-09-13 04:38:29.090	1h 20m 54s	52m 14s	682.3%	5.2 GB	7.8 GB	49.4 GB	21.9 GB
2172	d5/7d155f	59758689_73	NFCORE_MAG:MAG:BINNING:SEMIBIN_SINGLEEASYBIN (MEGAHIT-toy_mousegut_sample_19)	CACHED	0	2026-09-13 23:39:54.506	6m 57s	4m 49s	174.4%	12.1 GB	30.1 GB	19.3 GB	1.6 GB
2192	a5/79cced	59758689_78	NFCORE_MAG:MAG:BINNING:SEMIBIN_SINGLEEASYBIN (MEGAHIT-toy_mousegut_sample_25)	CACHED	0	2026-09-13 23:39:54.506	6m 27s	4m 3s	196.2%	20.1 GB	38 GB	21.3 GB	1.7 GB
2181	22/1e5d07	59757941_54	NFCORE_MAG:MAG:BINNING:METABAT2_METABAT2 (MEGAHIT-toy_mousegut_sample_21)	CACHED	0	2026-09-13 23:29:34.618	1m 30s	5s	385.7%	423.1 MB	863.7 MB	216.2 MB	135.2 MB
2194	2b/3f66b6	59681903_80	NFCORE_MAG:MAG:BINNING_PREPARATION:SHORTREAD_BINNING_PREPARATION:BOWTIE2_ASSEMBLY_ALIGN (MEGAHIT-toy_mousegut_sample_27-toy_mousegut_sample_27)	CACHED	0	2026-09-13 12:04:04.772	12m 29s	11m 14s	751.4%	7.1 GB	9.3 GB	30.1 GB	25.7 GB
2204	94/6e7a89	59685639_33	NFCORE_MAG:MAG:BINNING:COMEBIN_RUNCOMEBIN (MEGAHIT-toy_mousegut_sample_26)	CACHED	0	2026-09-13 12:43:34.721	5h 1m 59s	4h 30m 4s	1082.4%	15.1 GB	98.7 GB	92.7 GB	11.2 GB
2225	5e/29655b	59683903_20	NFCORE_MAG:MAG:BINNING:METABAT2_JGISUMMARIZEBAMCONTIGDEPTHS_SHORTREAD (MEGAHIT-toy_mousegut_sample_32)	CACHED	0	2026-09-13 12:24:34.897	1m 29s	33s	98.9%	22.3 MB	52.9 MB	4.3 GB	4.8 MB
2218	cf/f13d82	59759651_36	NFCORE_MAG:MAG:BINNING:SEQKIT_STATS (MEGAHIT-COMEBin-toy_mousegut_sample_16)	CACHED	0	2026-09-13 23:54:24.478	27.3s	0ms	53.0%	19.1 MB	1.2 GB	7.6 MB	2.1 KB
2210	07/4fea4e	59679641_80	NFCORE_MAG:MAG:BINNING_PREPARATION:SHORTREAD_BINNING_PREPARATION:BOWTIE2_ASSEMBLY_BUILD (MEGAHIT-toy_mousegut_sample_29)	CACHED	0	2026-09-13 11:36:04.244	1m 55s	58s	88.4%	682.1 MB	819.5 MB	478.7 MB	183.2 MB
2223	8f/937076	59684075_6	NFCORE_MAG:MAG:PRODIGAL (MEGAHIT-toy_mousegut_sample_34)	CACHED	0	2026-09-13 12:25:46.557	12m 17s	11m 52s	93.8%	122.3 MB	12.6 GB	1.9 GB	2.1 GB
2233	64/1411ee	59656633_66	NFCORE_MAG:MAG:ASSEMBLY:GUNZIP_SHORTREAD_ASSEMBLIES (MEGAHIT-toy_mousegut_sample_52)	CACHED	0	2026-09-13 06:51:29.072	54.6s	537ms	90.0%	5.3 MB	8.1 MB	29.3 MB	99.9 MB
2236	7a/dbacec	59759651_39	NFCORE_MAG:MAG:BINNING:SEQKIT_STATS (MEGAHIT-MetaBAT2-toy_mousegut_sample_14)	CACHED	0	2026-09-13 23:54:24.478	27.3s	2s	79.9%	49.7 MB	1.3 GB	32.5 MB	7.1 KB
2189	d2/e8ba04	59759651_51	NFCORE_MAG:MAG:BINNING:SEQKIT_STATS (MEGAHIT-COMEBin-toy_mousegut_sample_20)	CACHED	0	2026-09-13 23:54:24.478	27.4s	0ms	71.6%	19.6 MB	1.2 GB	27.1 MB	5.5 KB
2190	89/3afac2	59685639_15	NFCORE_MAG:MAG:BINNING:COMEBIN_RUNCOMEBIN (MEGAHIT-toy_mousegut_sample_25)	CACHED	0	2026-09-13 12:43:34.721	7h 1m 29s	6h 52m 40s	1074.0%	16.2 GB	101.1 GB	157.6 GB	20 GB
2166	23/2eb02b	59648483_92	NFCORE_MAG:MAG:ASSEMBLY:SHORTREAD_ASSEMBLY:MEGAHIT (toy_mousegut_sample_31)	CACHED	0	2026-09-13 04:38:29.090	1h 11m 54s	43m 16s	741.4%	5 GB	7.5 GB	54.4 GB	25.1 GB
2241	e8/9157e0	59683903_29	NFCORE_MAG:MAG:BINNING:METABAT2_JGISUMMARIZEBAMCONTIGDEPTHS_SHORTREAD (MEGAHIT-toy_mousegut_sample_27)	CACHED	0	2026-09-13 12:24:34.897	1m 29s	35s	100.0%	28.1 MB	58.8 MB	4.4 GB	8.6 MB
2224	0e/5c91dc	59684030_6	NFCORE_MAG:MAG:BINNING_PREPARATION:SHORTREAD_BINNING_PREPARATION:BOWTIE2_ASSEMBLY_BUILD (MEGAHIT-toy_mousegut_sample_34)	CACHED	0	2026-09-13 12:25:40.620	3m 23s	2m 43s	89.6%	1.5 GB	1.6 GB	1.1 GB	431.3 MB
2212	3a/5c7058	59759651_43	NFCORE_MAG:MAG:BINNING:SEQKIT_STATS (MEGAHIT-MetaBAT2-toy_mousegut_sample_15)	CACHED	0	2026-09-13 23:54:24.478	27.4s	2s	77.3%	48.8 MB	1.2 GB	35.5 MB	7.7 KB
2240	e0/dd74b8	59759651_47	NFCORE_MAG:MAG:BINNING:SEQKIT_STATS (MEGAHIT-MetaBAT2-toy_mousegut_sample_20)	CACHED	0	2026-09-13 23:54:24.478	27.4s	1s	76.2%	49.7 MB	1.3 GB	21.1 MB	5.7 KB
2207	46/59462e	59679641_82	NFCORE_MAG:MAG:BINNING_PREPARATION:SHORTREAD_BINNING_PREPARATION:BOWTIE2_ASSEMBLY_BUILD (MEGAHIT-toy_mousegut_sample_28)	CACHED	0	2026-09-13 11:36:04.244	2m 55s	1m 37s	88.5%	1003.2 MB	1.1 GB	720.2 MB	271.3 MB
2244	17/a25d1c	59679991_96	NFCORE_MAG:MAG:PRODIGAL (MEGAHIT-toy_mousegut_sample_52)	CACHED	0	2026-09-13 11:41:23.668	6m 40s	5m 34s	93.5%	122.5 MB	12.6 GB	700.6 MB	752.9 MB
2226	5d/cadbd9	59685639_20	NFCORE_MAG:MAG:BINNING:COMEBIN_RUNCOMEBIN (MEGAHIT-toy_mousegut_sample_32)	CACHED	0	2026-09-13 12:43:34.721	3h 40m 29s	3h 25m 48s	1095.1%	14.8 GB	97.4 GB	76.4 GB	8.9 GB
2201	ce/bde0b5	59757941_39	NFCORE_MAG:MAG:BINNING:METABAT2_METABAT2 (MEGAHIT-toy_mousegut_sample_19)	CACHED	0	2026-09-13 23:29:34.618	1m 30s	16s	457.7%	2 GB	2 GB	434.1 MB	272.1 MB
2242	c1/534cf8	59681903_79	NFCORE_MAG:MAG:BINNING_PREPARATION:SHORTREAD_BINNING_PREPARATION:BOWTIE2_ASSEMBLY_ALIGN (MEGAHIT-toy_mousegut_sample_29-toy_mousegut_sample_29)	CACHED	0	2026-09-13 12:04:04.772	11m 59s	10m 54s	750.7%	7.1 GB	9.2 GB	29.8 GB	25.5 GB
2245	97/984d2e	59679641_89	NFCORE_MAG:MAG:BINNING_PREPARATION:SHORTREAD_BINNING_PREPARATION:BOWTIE2_ASSEMBLY_BUILD (MEGAHIT-toy_mousegut_sample_52)	CACHED	0	2026-09-13 11:36:04.244	1m 55s	52s	86.8%	580.3 MB	720.6 MB	401 MB	153.6 MB
2227	78/18fad9	59758689_83	NFCORE_MAG:MAG:BINNING:SEMIBIN_SINGLEEASYBIN (MEGAHIT-toy_mousegut_sample_32)	CACHED	0	2026-09-13 23:39:54.506	4m 27s	2m 23s	166.3%	5.3 GB	23.3 GB	12 GB	884.4 MB
2221	76/1b1a8e	59757941_47	NFCORE_MAG:MAG:BINNING:METABAT2_METABAT2 (MEGAHIT-toy_mousegut_sample_26)	CACHED	0	2026-09-13 23:29:34.618	1m 30s	7s	616.3%	1.1 GB	1.1 GB	283.4 MB	177.3 MB
2252	15/14537d	59759651_32	NFCORE_MAG:MAG:BINNING:SEQKIT_STATS (MEGAHIT-MetaBAT2-toy_mousegut_sample_13)	CACHED	0	2026-09-13 23:54:24.478	27.3s	1s	75.9%	19.1 MB	1.2 GB	15.7 MB	3.8 KB
2246	a3/7b1ea6	59759651_42	NFCORE_MAG:MAG:BINNING:SEQKIT_STATS (MEGAHIT-COMEBin-toy_mousegut_sample_18)	CACHED	0	2026-09-13 23:54:24.478	27.4s	0ms	64.6%	22.9 MB	1.2 GB	11.7 MB	3.5 KB
2262	dd/24eb4b	59683903_19	NFCORE_MAG:MAG:BINNING:METABAT2_JGISUMMARIZEBAMCONTIGDEPTHS_SHORTREAD (MEGAHIT-toy_mousegut_sample_29)	CACHED	0	2026-09-13 12:24:34.897	1m 29s	36s	99.7%	23.1 MB	53.8 MB	4.3 GB	5.3 MB
2200	89/ea934e	59648483_59	NFCORE_MAG:MAG:ASSEMBLY:SHORTREAD_ASSEMBLY:MEGAHIT (toy_mousegut_sample_37)	CACHED	0	2026-09-13 04:38:29.090	1h 31m 54s	1h 13m 24s	730.5%	5.2 GB	7.8 GB	62.3 GB	30.3 GB
2253	e6/647f74	59759651_50	NFCORE_MAG:MAG:BINNING:SEQKIT_STATS (MEGAHIT-COMEBin-toy_mousegut_sample_17)	CACHED	0	2026-09-13 23:54:24.478	27.4s	1s	66.3%	19.6 MB	1.2 GB	34.7 MB	12.4 KB
2259	22/ad92ac	59681903_88	NFCORE_MAG:MAG:BINNING_PREPARATION:SHORTREAD_BINNING_PREPARATION:BOWTIE2_ASSEMBLY_ALIGN (MEGAHIT-toy_mousegut_sample_52-toy_mousegut_sample_52)	CACHED	0	2026-09-13 12:04:04.772	13m 29s	12m 7s	752.0%	6.9 GB	9.3 GB	29.8 GB	25.5 GB
2208	1b/5c1a32	59758689_81	NFCORE_MAG:MAG:BINNING:SEMIBIN_SINGLEEASYBIN (MEGAHIT-toy_mousegut_sample_26)	CACHED	0	2026-09-13 23:39:54.506	6m 27s	4m 1s	148.9%	7.9 GB	25.9 GB	14.1 GB	1.1 GB
2255	40/94bf16	59681903_82	NFCORE_MAG:MAG:BINNING_PREPARATION:SHORTREAD_BINNING_PREPARATION:BOWTIE2_ASSEMBLY_ALIGN (MEGAHIT-toy_mousegut_sample_28-toy_mousegut_sample_28)	CACHED	0	2026-09-13 12:04:04.772	12m 29s	11m 5s	753.1%	7.2 GB	9.5 GB	30 GB	25.6 GB
2256	a6/65f27b	59759651_46	NFCORE_MAG:MAG:BINNING:SEQKIT_STATS (MEGAHIT-MetaBAT2-toy_mousegut_sample_17)	CACHED	0	2026-09-13 23:54:24.478	27.4s	1s	78.2%	49.5 MB	1.3 GB	28.8 MB	6.7 KB
2267	16/ddec43	59656633_89	NFCORE_MAG:MAG:ASSEMBLY:GUNZIP_SHORTREAD_ASSEMBLIES (MEGAHIT-toy_mousegut_sample_37)	CACHED	0	2026-09-13 06:51:29.072	54.7s	1.7s	83.4%	5.2 MB	8.1 MB	84.2 MB	287.2 MB
2261	93/250238	59759651_34	NFCORE_MAG:MAG:BINNING:SEQKIT_STATS (MEGAHIT-MetaBAT2-toy_mousegut_sample_16)	CACHED	0	2026-09-13 23:54:24.478	27.3s	0ms	71.8%	24 MB	1.2 GB	6.2 MB	1.8 KB
2260	3e/42b467	59759651_41	NFCORE_MAG:MAG:BINNING:SEQKIT_STATS (MEGAHIT-MetaBAT2-toy_mousegut_sample_18)	CACHED	0	2026-09-13 23:54:24.478	27.4s	0ms	78.3%	22.7 MB	1.2 GB	9.4 MB	3.1 KB
2234	e9/446150	59648483_94	NFCORE_MAG:MAG:ASSEMBLY:SHORTREAD_ASSEMBLY:MEGAHIT (toy_mousegut_sample_38)	CACHED	0	2026-09-13 04:38:29.090	1h 13m 24s	44m 48s	737.3%	5 GB	7.6 GB	51.5 GB	23.3 GB
2263	87/f21b7a	59685639_19	NFCORE_MAG:MAG:BINNING:COMEBIN_RUNCOMEBIN (MEGAHIT-toy_mousegut_sample_29)	CACHED	0	2026-09-13 12:43:34.721	3h 41m 29s	3h 27m 7s	1075.2%	14.9 GB	97.8 GB	86.7 GB	10.1 GB
2178	01/1a8cfb	59648483_62	NFCORE_MAG:MAG:ASSEMBLY:SHORTREAD_ASSEMBLY:MEGAHIT (toy_mousegut_sample_35)	CACHED	0	2026-09-13 04:38:29.090	1h 14m 54s	56m 14s	698.3%	5.2 GB	7.8 GB	52.7 GB	24.1 GB
2220	28/1f5f11	59648483_57	NFCORE_MAG:MAG:ASSEMBLY:SHORTREAD_ASSEMBLY:MEGAHIT (toy_mousegut_sample_36)	CACHED	0	2026-09-13 04:38:29.090	1h 20m 54s	1h 2m 23s	746.3%	5.4 GB	8.1 GB	63.1 GB	30.9 GB
2280	72/133c5b	59656633_52	NFCORE_MAG:MAG:ASSEMBLY:GUNZIP_SHORTREAD_ASSEMBLIES (MEGAHIT-toy_mousegut_sample_38)	CACHED	0	2026-09-13 06:51:29.072	54.5s	744ms	90.6%	4.9 MB	8 MB	40.8 MB	139 MB
2248	b5/da121c	59656633_47	NFCORE_MAG:MAG:ASSEMBLY:GUNZIP_SHORTREAD_ASSEMBLIES (MEGAHIT-toy_mousegut_sample_31)	CACHED	0	2026-09-13 06:51:29.072	54.5s	1.5s	62.2%	5.2 MB	8.1 MB	50.3 MB	171.5 MB
2273	4b/897878	59685639_47	NFCORE_MAG:MAG:BINNING:COMEBIN_RUNCOMEBIN (MEGAHIT-toy_mousegut_sample_52)	CACHED	0	2026-09-13 12:43:34.721	3h 50m 59s	3h 7m 27s	1071.0%	14.8 GB	97.7 GB	75 GB	8.4 GB
2237	39/61beb5	59758689_79	NFCORE_MAG:MAG:BINNING:SEMIBIN_SINGLEEASYBIN (MEGAHIT-toy_mousegut_sample_27)	CACHED	0	2026-09-13 23:39:54.506	5m 57s	3m 42s	187.8%	11.1 GB	29 GB	19.8 GB	1.6 GB
2272	01/f1209a	59683903_46	NFCORE_MAG:MAG:BINNING:METABAT2_JGISUMMARIZEBAMCONTIGDEPTHS_SHORTREAD (MEGAHIT-toy_mousegut_sample_52)	CACHED	0	2026-09-13 12:24:34.897	58.9s	30s	99.2%	20.3 MB	50.9 MB	4.3 GB	3.5 MB
2264	ed/3ff899	59758689_80	NFCORE_MAG:MAG:BINNING:SEMIBIN_SINGLEEASYBIN (MEGAHIT-toy_mousegut_sample_29)	CACHED	0	2026-09-13 23:39:54.506	5m 57s	3m 49s	146.9%	1.4 GB	4.5 GB	13.1 GB	1023.7 MB
2278	86/73f39d	59683903_31	NFCORE_MAG:MAG:BINNING:METABAT2_JGISUMMARIZEBAMCONTIGDEPTHS_SHORTREAD (MEGAHIT-toy_mousegut_sample_28)	CACHED	0	2026-09-13 12:24:34.897	1m 29s	38s	99.1%	26.8 MB	57.4 MB	4.4 GB	7.7 MB
2270	41/2e2f46	59759651_54	NFCORE_MAG:MAG:BINNING:SEQKIT_STATS (MEGAHIT-COMEBin-toy_mousegut_sample_23)	CACHED	0	2026-09-13 23:54:24.478	27.4s	0ms	68.5%	19.7 MB	1.2 GB	17.2 MB	6 KB
2271	b5/48bd00	59758689_87	NFCORE_MAG:MAG:BINNING:SEMIBIN_SINGLEEASYBIN (MEGAHIT-toy_mousegut_sample_52)	CACHED	0	2026-09-13 23:39:54.506	5m 27s	3m 18s	165.7%	6.5 GB	24.5 GB	13.6 GB	966.7 MB
2266	1f/494b52	59757941_26	NFCORE_MAG:MAG:BINNING:METABAT2_METABAT2 (MEGAHIT-toy_mousegut_sample_29)	CACHED	0	2026-09-13 23:29:34.618	1m 30s	5s	564.6%	747.3 MB	943 MB	251.6 MB	157.6 MB
2286	a8/d2a28c	59656633_53	NFCORE_MAG:MAG:ASSEMBLY:GUNZIP_SHORTREAD_ASSEMBLIES (MEGAHIT-toy_mousegut_sample_35)	CACHED	0	2026-09-13 06:51:29.072	54.5s	970ms	86.6%	5 MB	8 MB	44.5 MB	151.7 MB
2284	4a/a0e330	59679991_97	NFCORE_MAG:MAG:PRODIGAL (MEGAHIT-toy_mousegut_sample_37)	CACHED	0	2026-09-13 11:41:23.668	14m 40s	13m 50s	93.5%	122.7 MB	12.6 GB	1.9 GB	2 GB
2275	e7/c5c98d	59679641_88	NFCORE_MAG:MAG:BINNING_PREPARATION:SHORTREAD_BINNING_PREPARATION:BOWTIE2_ASSEMBLY_BUILD (MEGAHIT-toy_mousegut_sample_37)	CACHED	0	2026-09-13 11:36:04.244	3m 55s	2m 40s	90.8%	1.5 GB	1.6 GB	1.1 GB	429.4 MB
2291	a6/675469	59656633_63	NFCORE_MAG:MAG:ASSEMBLY:GUNZIP_SHORTREAD_ASSEMBLIES (MEGAHIT-toy_mousegut_sample_36)	CACHED	0	2026-09-13 06:51:29.072	54.6s	2s	83.5%	5.2 MB	8.1 MB	85 MB	289.7 MB
2287	1c/c0789d	59679991_94	NFCORE_MAG:MAG:PRODIGAL (MEGAHIT-toy_mousegut_sample_38)	CACHED	0	2026-09-13 11:41:23.668	7m 40s	6m 43s	92.6%	122.5 MB	12.6 GB	968 MB	1 GB
2298	ab/e9f958	59759651_49	NFCORE_MAG:MAG:BINNING:SEQKIT_STATS (MEGAHIT-COMEBin-toy_mousegut_sample_19)	CACHED	0	2026-09-13 23:54:24.478	27.4s	1s	66.3%	19.5 MB	1.2 GB	36.7 MB	8.3 KB
2276	15/372fb3	59685639_28	NFCORE_MAG:MAG:BINNING:COMEBIN_RUNCOMEBIN (MEGAHIT-toy_mousegut_sample_28)	CACHED	0	2026-09-13 12:43:34.721	5h 49m 59s	5h 25m	1092.7%	15 GB	100.9 GB	124.9 GB	14.7 GB
2274	36/dd270b	59759651_52	NFCORE_MAG:MAG:BINNING:SEQKIT_STATS (MEGAHIT-COMEBin-toy_mousegut_sample_21)	CACHED	0	2026-09-13 23:54:24.478	27.4s	0ms	68.6%	19.6 MB	1.2 GB	18.1 MB	4.3 KB
2292	b2/5a613d	59636675_0	NFCORE_MAG:MAG:ASSEMBLY:SHORTREAD_ASSEMBLY:MEGAHIT (toy_mousegut_sample_56)	CACHED	0	2026-09-13 03:00:05.062	1h 3m 48s	1h 1m 49s	633.8%	5.4 GB	8.2 GB	47.9 GB	21 GB
2285	42/b2b08d	59679641_87	NFCORE_MAG:MAG:BINNING_PREPARATION:SHORTREAD_BINNING_PREPARATION:BOWTIE2_ASSEMBLY_BUILD (MEGAHIT-toy_mousegut_sample_38)	CACHED	0	2026-09-13 11:36:04.244	2m 25s	1m 13s	89.4%	784.3 MB	905.2 MB	557.4 MB	212.6 MB
2300	b3/ed107d	59679991_95	NFCORE_MAG:MAG:PRODIGAL (MEGAHIT-toy_mousegut_sample_35)	CACHED	0	2026-09-13 11:41:23.668	7m 40s	6m 55s	93.6%	122.3 MB	12.6 GB	1 GB	1.1 GB
2304	0b/ad8cd4	59679991_93	NFCORE_MAG:MAG:PRODIGAL (MEGAHIT-toy_mousegut_sample_36)	CACHED	0	2026-09-13 11:41:23.668	15m 10s	14m 6s	93.5%	122.5 MB	12.6 GB	1.9 GB	2.1 GB
2279	e2/e14fe5	59648483_96	NFCORE_MAG:MAG:ASSEMBLY:SHORTREAD_ASSEMBLY:MEGAHIT (toy_mousegut_sample_54)	CACHED	0	2026-09-13 04:38:29.090	1h 20m 54s	48m 51s	673.4%	5.5 GB	8.4 GB	53.1 GB	24.3 GB
2309	58/e72588	59656633_5	NFCORE_MAG:MAG:ASSEMBLY:GUNZIP_SHORTREAD_ASSEMBLIES (MEGAHIT-toy_mousegut_sample_56)	CACHED	0	2026-09-13 06:51:29.072	54.4s	607ms	89.1%	5.4 MB	8.1 MB	22.7 MB	77.2 MB
2289	d7/abeffd	59679641_83	NFCORE_MAG:MAG:BINNING_PREPARATION:SHORTREAD_BINNING_PREPARATION:BOWTIE2_ASSEMBLY_BUILD (MEGAHIT-toy_mousegut_sample_31)	CACHED	0	2026-09-13 11:36:04.244	2m 55s	1m 37s	88.6%	967.1 MB	1.1 GB	687.2 MB	260.1 MB
2282	a6/400ba1	59759651_53	NFCORE_MAG:MAG:BINNING:SEQKIT_STATS (MEGAHIT-MetaBAT2-toy_mousegut_sample_23)	CACHED	0	2026-09-13 23:54:24.478	27.4s	1s	80.7%	22.3 MB	1.2 GB	14 MB	4.4 KB
2283	76/2a45cb	59664463_99	NFCORE_MAG:MAG:ASSEMBLY:SHORTREAD_ASSEMBLY:MEGAHIT (toy_mousegut_sample_55)	CACHED	0	2026-09-13 08:53:41.257	1h 22m 48s	1h 2m 21s	623.0%	5.4 GB	8.2 GB	47.9 GB	21 GB
2299	46/592b65	59679641_86	NFCORE_MAG:MAG:BINNING_PREPARATION:SHORTREAD_BINNING_PREPARATION:BOWTIE2_ASSEMBLY_BUILD (MEGAHIT-toy_mousegut_sample_35)	CACHED	0	2026-09-13 11:36:04.244	2m 25s	1m 22s	89.6%	863.6 MB	987.6 MB	608 MB	231 MB
2305	f4/74861a	59679641_85	NFCORE_MAG:MAG:BINNING_PREPARATION:SHORTREAD_BINNING_PREPARATION:BOWTIE2_ASSEMBLY_BUILD (MEGAHIT-toy_mousegut_sample_36)	CACHED	0	2026-09-13 11:36:04.244	3m 55s	2m 47s	90.3%	1.5 GB	1.6 GB	1.1 GB	433.4 MB
2238	99/980060	59685639_31	NFCORE_MAG:MAG:BINNING:COMEBIN_RUNCOMEBIN (MEGAHIT-toy_mousegut_sample_27)	CACHED	0	2026-09-13 12:43:34.721	5h 45m 29s	5h 17m 3s	1078.9%	15.7 GB	101 GB	135.2 GB	15.5 GB
2312	b3/f23dd3	59679641_91	NFCORE_MAG:MAG:BINNING_PREPARATION:SHORTREAD_BINNING_PREPARATION:BOWTIE2_ASSEMBLY_BUILD (MEGAHIT-toy_mousegut_sample_56)	CACHED	0	2026-09-13 11:36:04.244	1m 55s	40s	85.6%	457.5 MB	595.7 MB	310.1 MB	121.6 MB
2308	02/e6dda0	59759651_48	NFCORE_MAG:MAG:BINNING:SEQKIT_STATS (MEGAHIT-MetaBAT2-toy_mousegut_sample_21)	CACHED	0	2026-09-13 23:54:24.478	27.4s	1s	76.2%	21.9 MB	1.2 GB	15.2 MB	4 KB
2250	bb/161c7f	59648483_98	NFCORE_MAG:MAG:ASSEMBLY:SHORTREAD_ASSEMBLY:MEGAHIT (toy_mousegut_sample_53)	CACHED	0	2026-09-13 04:38:29.090	1h 23m 25s	51m 21s	692.4%	5.6 GB	8.5 GB	53.5 GB	24.6 GB
2295	b1/49fca1	59757941_13	NFCORE_MAG:MAG:BINNING:METABAT2_METABAT2 (MEGAHIT-toy_mousegut_sample_52)	CACHED	0	2026-09-13 23:29:34.617	59.6s	7s	512.4%	865.5 MB	897.6 MB	208.8 MB	131.8 MB
2314	7c/49bc86	59681903_83	NFCORE_MAG:MAG:BINNING_PREPARATION:SHORTREAD_BINNING_PREPARATION:BOWTIE2_ASSEMBLY_ALIGN (MEGAHIT-toy_mousegut_sample_31-toy_mousegut_sample_31)	CACHED	0	2026-09-13 12:04:04.772	14m 29s	12m 58s	742.7%	7 GB	9.3 GB	30 GB	25.6 GB
2318	97/5e744e	59656633_65	NFCORE_MAG:MAG:ASSEMBLY:GUNZIP_SHORTREAD_ASSEMBLIES (MEGAHIT-toy_mousegut_sample_54)	CACHED	0	2026-09-13 06:51:29.072	54.6s	625ms	93.3%	5.3 MB	8.1 MB	38.8 MB	131.8 MB
2315	79/e98307	59759651_60	NFCORE_MAG:MAG:BINNING:SEQKIT_STATS (MEGAHIT-COMEBin-toy_mousegut_sample_26)	CACHED	0	2026-09-13 23:54:24.478	27.5s	0ms	69.1%	19.1 MB	1.2 GB	22.9 MB	6.7 KB
2251	54/649eb0	59757941_41	NFCORE_MAG:MAG:BINNING:METABAT2_METABAT2 (MEGAHIT-toy_mousegut_sample_27)	CACHED	0	2026-09-13 23:29:34.618	1m 30s	15s	490.8%	1.9 GB	1.9 GB	420.9 MB	264.2 MB
2303	00/1e4116	59681903_89	NFCORE_MAG:MAG:BINNING_PREPARATION:SHORTREAD_BINNING_PREPARATION:BOWTIE2_ASSEMBLY_ALIGN (MEGAHIT-toy_mousegut_sample_37-toy_mousegut_sample_37)	CACHED	0	2026-09-13 12:04:04.772	12m 59s	11m 31s	742.9%	7.3 GB	9.4 GB	30.3 GB	25.8 GB
2290	2a/37d42b	59679991_91	NFCORE_MAG:MAG:PRODIGAL (MEGAHIT-toy_mousegut_sample_31)	CACHED	0	2026-09-13 11:41:23.668	10m 10s	9m 14s	91.5%	122.3 MB	12.6 GB	1.2 GB	1.2 GB
2311	4b/423c70	59681903_86	NFCORE_MAG:MAG:BINNING_PREPARATION:SHORTREAD_BINNING_PREPARATION:BOWTIE2_ASSEMBLY_ALIGN (MEGAHIT-toy_mousegut_sample_38-toy_mousegut_sample_38)	CACHED	0	2026-09-13 12:04:04.772	12m 59s	11m 26s	752.0%	7 GB	9.3 GB	29.9 GB	25.5 GB
2297	a5/ccd7e1	59757941_43	NFCORE_MAG:MAG:BINNING:METABAT2_METABAT2 (MEGAHIT-toy_mousegut_sample_28)	CACHED	0	2026-09-13 23:29:34.618	1m 30s	13s	639.5%	2.6 GB	2.6 GB	378.1 MB	237.6 MB
2307	be/003c55	59759651_55	NFCORE_MAG:MAG:BINNING:SEQKIT_STATS (MEGAHIT-MetaBAT2-toy_mousegut_sample_25)	CACHED	0	2026-09-13 23:54:24.478	27.4s	2s	75.9%	49.6 MB	1.2 GB	33.9 MB	8 KB
2324	51/97f853	59759651_44	NFCORE_MAG:MAG:BINNING:SEQKIT_STATS (MEGAHIT-MetaBAT2-toy_mousegut_sample_19)	CACHED	0	2026-09-13 23:54:24.478	27.4s	2s	77.1%	50.6 MB	1.3 GB	28.9 MB	7.6 KB
2323	02/968b40	59759651_59	NFCORE_MAG:MAG:BINNING:SEQKIT_STATS (MEGAHIT-COMEBin-toy_mousegut_sample_25)	CACHED	0	2026-09-13 23:54:24.478	27.5s	1s	66.1%	19.1 MB	1.2 GB	40.9 MB	10.1 KB
2322	09/fdc84a	59683693_99	NFCORE_MAG:MAG:ASSEMBLY:GUNZIP_SHORTREAD_ASSEMBLIES (MEGAHIT-toy_mousegut_sample_55)	CACHED	0	2026-09-13 12:23:04.761	59.5s	529ms	78.2%	4.9 MB	8 MB	22.1 MB	75.2 MB
2293	00/8158b5	59648483_21	NFCORE_MAG:MAG:ASSEMBLY:SHORTREAD_ASSEMBLY:MEGAHIT (toy_mousegut_sample_59)	CACHED	0	2026-09-13 04:38:29.090	1h 11m 24s	1h 6m 52s	693.4%	5.5 GB	8.3 GB	59.2 GB	28.3 GB
2342	bc/b3de5b	59684030_1	NFCORE_MAG:MAG:BINNING_PREPARATION:SHORTREAD_BINNING_PREPARATION:BOWTIE2_ASSEMBLY_BUILD (MEGAHIT-toy_mousegut_sample_55)	CACHED	0	2026-09-13 12:25:40.620	1m 23s	40s	84.4%	447.2 MB	583.8 MB	302.2 MB	119.1 MB
2277	79/83d945	59758689_84	NFCORE_MAG:MAG:BINNING:SEMIBIN_SINGLEEASYBIN (MEGAHIT-toy_mousegut_sample_28)	CACHED	0	2026-09-13 23:39:54.506	6m 57s	4m 42s	188.7%	14.4 GB	32.4 GB	18.9 GB	1.4 GB
2329	62/051dcb	59656633_77	NFCORE_MAG:MAG:ASSEMBLY:GUNZIP_SHORTREAD_ASSEMBLIES (MEGAHIT-toy_mousegut_sample_53)	CACHED	0	2026-09-13 06:51:29.072	54.6s	694ms	94.0%	5.4 MB	8.1 MB	39.6 MB	134.6 MB
2327	21/8bd9bd	59681903_85	NFCORE_MAG:MAG:BINNING_PREPARATION:SHORTREAD_BINNING_PREPARATION:BOWTIE2_ASSEMBLY_ALIGN (MEGAHIT-toy_mousegut_sample_36-toy_mousegut_sample_36)	CACHED	0	2026-09-13 12:04:04.772	11m 30s	10m 8s	756.5%	7.3 GB	9.8 GB	30.4 GB	25.8 GB
2333	65/0db80b	59679641_93	NFCORE_MAG:MAG:BINNING_PREPARATION:SHORTREAD_BINNING_PREPARATION:BOWTIE2_ASSEMBLY_BUILD (MEGAHIT-toy_mousegut_sample_54)	CACHED	0	2026-09-13 11:36:04.244	2m 25s	1m 6s	90.1%	758.2 MB	879.3 MB	528.7 MB	202.9 MB
2330	f7/051a20	59685639_64	NFCORE_MAG:MAG:BINNING:COMEBIN_RUNCOMEBIN (MEGAHIT-toy_mousegut_sample_31)	CACHED	0	2026-09-13 12:43:34.721	6h 18m 59s	5h 32m 12s	1082.5%	15 GB	99.7 GB	115.4 GB	14.1 GB
2310	4f/0d958c	59648483_0	NFCORE_MAG:MAG:ASSEMBLY:SHORTREAD_ASSEMBLY:MEGAHIT (toy_mousegut_sample_60)	CACHED	0	2026-09-13 04:38:29.090	1h 25m 54s	1h 24m 27s	702.1%	5.5 GB	8.3 GB	59.4 GB	28.3 GB
2334	7c/728dee	59679991_98	NFCORE_MAG:MAG:PRODIGAL (MEGAHIT-toy_mousegut_sample_54)	CACHED	0	2026-09-13 11:41:23.668	7m 10s	6m 19s	93.5%	122.3 MB	12.6 GB	920.7 MB	983.4 MB
2338	c0/9431d8	59683903_64	NFCORE_MAG:MAG:BINNING:METABAT2_JGISUMMARIZEBAMCONTIGDEPTHS_SHORTREAD (MEGAHIT-toy_mousegut_sample_31)	CACHED	0	2026-09-13 12:24:34.897	1m 29s	41s	98.3%	27.5 MB	58.1 MB	4.4 GB	8.1 MB
2321	be/be9204	59648483_3	NFCORE_MAG:MAG:ASSEMBLY:SHORTREAD_ASSEMBLY:MEGAHIT (toy_mousegut_sample_61)	CACHED	0	2026-09-13 04:38:29.090	1h 13m 24s	1h 11m 49s	736.3%	5.6 GB	8.4 GB	64 GB	31.4 GB
2357	ef/bbe60f	59679991_99	NFCORE_MAG:MAG:PRODIGAL (MEGAHIT-toy_mousegut_sample_53)	CACHED	0	2026-09-13 11:41:23.668	7m 40s	6m 43s	92.1%	122.3 MB	12.6 GB	950.1 MB	1016.4 MB
2346	6e/2b3c8f	59656633_44	NFCORE_MAG:MAG:ASSEMBLY:GUNZIP_SHORTREAD_ASSEMBLIES (MEGAHIT-toy_mousegut_sample_59)	CACHED	0	2026-09-13 06:51:29.072	54.5s	1.4s	84.5%	5.2 MB	8.1 MB	63.9 MB	217.3 MB
2343	68/03fc24	59684075_1	NFCORE_MAG:MAG:PRODIGAL (MEGAHIT-toy_mousegut_sample_55)	CACHED	0	2026-09-13 12:25:46.557	4m 17s	3m 39s	91.7%	118.2 MB	12.6 GB	531.1 MB	568.1 MB
2350	68/d448b6	59683903_37	NFCORE_MAG:MAG:BINNING:METABAT2_JGISUMMARIZEBAMCONTIGDEPTHS_SHORTREAD (MEGAHIT-toy_mousegut_sample_37)	CACHED	0	2026-09-13 12:24:34.897	1m 29s	47s	99.3%	35.2 MB	65.6 MB	4.5 GB	12.9 MB
2351	68/18cf70	59683903_35	NFCORE_MAG:MAG:BINNING:METABAT2_JGISUMMARIZEBAMCONTIGDEPTHS_SHORTREAD (MEGAHIT-toy_mousegut_sample_38)	CACHED	0	2026-09-13 12:24:34.897	1m 29s	34s	99.7%	25.4 MB	56 MB	4.3 GB	6.8 MB
2325	8a/d8cf8d	59759651_67	NFCORE_MAG:MAG:BINNING:SEQKIT_STATS (MEGAHIT-COMEBin-toy_mousegut_sample_32)	CACHED	0	2026-09-13 23:54:24.479	27.5s	0ms	70.5%	23.8 MB	1.2 GB	19 MB	4.2 KB
2339	24/89b2b7	59759651_58	NFCORE_MAG:MAG:BINNING:SEQKIT_STATS (MEGAHIT-MetaBAT2-toy_mousegut_sample_26)	CACHED	0	2026-09-13 23:54:24.478	27.5s	1s	78.1%	21.8 MB	1.2 GB	18.9 MB	5 KB
2361	ab/a4ca40	59683903_16	NFCORE_MAG:MAG:BINNING:METABAT2_JGISUMMARIZEBAMCONTIGDEPTHS_SHORTREAD (MEGAHIT-toy_mousegut_sample_36)	CACHED	0	2026-09-13 12:24:34.897	1m 29s	48s	99.7%	35.6 MB	66.2 MB	4.5 GB	13.2 MB
2363	bd/471466	59656633_80	NFCORE_MAG:MAG:ASSEMBLY:GUNZIP_SHORTREAD_ASSEMBLIES (MEGAHIT-toy_mousegut_sample_60)	CACHED	0	2026-09-13 06:51:29.072	54.6s	1.3s	81.1%	5.4 MB	8.1 MB	65.3 MB	222.3 MB
2332	33/62639d	59681903_93	NFCORE_MAG:MAG:BINNING_PREPARATION:SHORTREAD_BINNING_PREPARATION:BOWTIE2_ASSEMBLY_ALIGN (MEGAHIT-toy_mousegut_sample_56-toy_mousegut_sample_56)	CACHED	0	2026-09-13 12:04:04.772	14m 59s	13m 51s	748.9%	7 GB	9.3 GB	29.4 GB	25.2 GB
2370	a7/0852f5	59656633_51	NFCORE_MAG:MAG:ASSEMBLY:GUNZIP_SHORTREAD_ASSEMBLIES (MEGAHIT-toy_mousegut_sample_61)	CACHED	0	2026-09-13 06:51:29.072	54.5s	2.7s	78.8%	5.3 MB	8.1 MB	85.2 MB	290.3 MB
2358	b3/bd315e	59679641_90	NFCORE_MAG:MAG:BINNING_PREPARATION:SHORTREAD_BINNING_PREPARATION:BOWTIE2_ASSEMBLY_BUILD (MEGAHIT-toy_mousegut_sample_53)	CACHED	0	2026-09-13 11:36:04.244	2m 25s	1m 9s	88.9%	771.3 MB	892.6 MB	539.8 MB	207.3 MB
2372	79/3139a9	59679641_94	NFCORE_MAG:MAG:BINNING_PREPARATION:SHORTREAD_BINNING_PREPARATION:BOWTIE2_ASSEMBLY_BUILD (MEGAHIT-toy_mousegut_sample_59)	CACHED	0	2026-09-13 11:36:04.244	2m 55s	1m 56s	90.1%	1.1 GB	1.3 GB	870.8 MB	328.6 MB
2362	2b/54dbe6	59681903_90	NFCORE_MAG:MAG:BINNING_PREPARATION:SHORTREAD_BINNING_PREPARATION:BOWTIE2_ASSEMBLY_ALIGN (MEGAHIT-toy_mousegut_sample_54-toy_mousegut_sample_54)	CACHED	0	2026-09-13 12:04:04.772	12m 59s	11m 40s	743.8%	7 GB	9.2 GB	29.7 GB	25.4 GB
2365	29/050b37	59759651_75	NFCORE_MAG:MAG:BINNING:SEQKIT_STATS (MEGAHIT-COMEBin-toy_mousegut_sample_52)	CACHED	0	2026-09-13 23:54:24.479	27.5s	0ms	68.9%	19.4 MB	1.2 GB	20.7 MB	4.8 KB
2391	14/ac46cf	59683903_38	NFCORE_MAG:MAG:BINNING:METABAT2_JGISUMMARIZEBAMCONTIGDEPTHS_SHORTREAD (MEGAHIT-toy_mousegut_sample_54)	CACHED	0	2026-09-13 12:24:34.897	1m 29s	39s	99.8%	26.1 MB	56.6 MB	4.3 GB	7.1 MB
2388	36/05dc13	59759651_57	NFCORE_MAG:MAG:BINNING:SEQKIT_STATS (MEGAHIT-MetaBAT2-toy_mousegut_sample_29)	CACHED	0	2026-09-13 23:54:24.478	27.4s	1s	77.1%	21.5 MB	1.2 GB	17.6 MB	4.6 KB
2389	58/13adb1	59683903_71	NFCORE_MAG:MAG:BINNING:METABAT2_JGISUMMARIZEBAMCONTIGDEPTHS_SHORTREAD (MEGAHIT-toy_mousegut_sample_56)	CACHED	0	2026-09-13 12:24:34.897	1m 29s	33s	99.0%	20.7 MB	51.2 MB	4.2 GB	3.7 MB
2347	63/6081dc	59758689_86	NFCORE_MAG:MAG:BINNING:SEMIBIN_SINGLEEASYBIN (MEGAHIT-toy_mousegut_sample_38)	CACHED	0	2026-09-13 23:39:54.506	5m 57s	3m 32s	171.8%	7.8 GB	25.8 GB	13.8 GB	1.1 GB
2326	4a/6849d4	59681903_87	NFCORE_MAG:MAG:BINNING_PREPARATION:SHORTREAD_BINNING_PREPARATION:BOWTIE2_ASSEMBLY_ALIGN (MEGAHIT-toy_mousegut_sample_35-toy_mousegut_sample_35)	CACHED	0	2026-09-13 12:04:04.772	13m 29s	12m 10s	752.9%	7 GB	9.2 GB	30 GB	25.6 GB
2356	2a/ee935d	59685639_36	NFCORE_MAG:MAG:BINNING:COMEBIN_RUNCOMEBIN (MEGAHIT-toy_mousegut_sample_38)	CACHED	0	2026-09-13 12:43:34.721	3h 55m 29s	3h 23m 10s	1081.4%	15.1 GB	99 GB	95.3 GB	11.8 GB
2320	3e/65cb35	59648483_15	NFCORE_MAG:MAG:ASSEMBLY:SHORTREAD_ASSEMBLY:MEGAHIT (toy_mousegut_sample_57)	CACHED	0	2026-09-13 04:38:29.090	1h 12m 54s	1h 8m 17s	624.3%	5.2 GB	7.9 GB	56.9 GB	26.7 GB
2368	22/00cad9	59757941_72	NFCORE_MAG:MAG:BINNING:METABAT2_METABAT2 (MEGAHIT-toy_mousegut_sample_31)	CACHED	0	2026-09-13 23:29:34.618	1m 30s	9s	623.1%	1.7 GB	1.8 GB	362.3 MB	227 MB
2349	eb/f442f9	59648483_2	NFCORE_MAG:MAG:ASSEMBLY:SHORTREAD_ASSEMBLY:MEGAHIT (toy_mousegut_sample_62)	CACHED	0	2026-09-13 04:38:29.090	1h 18m 54s	1h 17m 30s	662.9%	5.2 GB	7.9 GB	54.2 GB	25 GB
2341	32/901248	59759651_61	NFCORE_MAG:MAG:BINNING:SEQKIT_STATS (MEGAHIT-COMEBin-toy_mousegut_sample_29)	CACHED	0	2026-09-13 23:54:24.479	27.5s	0ms	69.2%	19.7 MB	1.2 GB	21.2 MB	6.2 KB
2344	4b/cca298	59758689_82	NFCORE_MAG:MAG:BINNING:SEMIBIN_SINGLEEASYBIN (MEGAHIT-toy_mousegut_sample_31)	CACHED	0	2026-09-13 23:39:54.506	5m 57s	3m 42s	183.5%	10.8 GB	28.7 GB	16.6 GB	1.3 GB
2390	4f/1cf10c	59759651_69	NFCORE_MAG:MAG:BINNING:SEQKIT_STATS (MEGAHIT-COMEBin-toy_mousegut_sample_28)	CACHED	0	2026-09-13 23:54:24.479	27.5s	1s	64.9%	19.5 MB	1.2 GB	34.1 MB	6.7 KB
2394	18/6661c8	59759651_72	NFCORE_MAG:MAG:BINNING:SEQKIT_STATS (MEGAHIT-MetaBAT2-toy_mousegut_sample_52)	CACHED	0	2026-09-13 23:54:24.479	27.5s	1s	71.9%	23.5 MB	1.2 GB	17.2 MB	3.5 KB
2393	3c/ffb578	59681903_98	NFCORE_MAG:MAG:BINNING_PREPARATION:SHORTREAD_BINNING_PREPARATION:BOWTIE2_ASSEMBLY_ALIGN (MEGAHIT-toy_mousegut_sample_59-toy_mousegut_sample_59)	CACHED	0	2026-09-13 12:04:04.772	12m 59s	11m 42s	749.2%	7.3 GB	9.5 GB	30.1 GB	25.6 GB
2360	44/7a8106	59685639_14	NFCORE_MAG:MAG:BINNING:COMEBIN_RUNCOMEBIN (MEGAHIT-toy_mousegut_sample_36)	CACHED	0	2026-09-13 12:43:34.721	9h 23m 59s	9h 16m 45s	1062.9%	17 GB	103.4 GB	191.7 GB	25.3 GB
2380	e6/b18aa7	59679641_95	NFCORE_MAG:MAG:BINNING_PREPARATION:SHORTREAD_BINNING_PREPARATION:BOWTIE2_ASSEMBLY_BUILD (MEGAHIT-toy_mousegut_sample_60)	CACHED	0	2026-09-13 11:36:04.244	3m 25s	2m	89.9%	1.2 GB	1.3 GB	890.7 MB	335.6 MB
2331	58/dfdcfa	59648483_4	NFCORE_MAG:MAG:ASSEMBLY:SHORTREAD_ASSEMBLY:MEGAHIT (toy_mousegut_sample_58)	CACHED	0	2026-09-13 04:38:29.090	1h 12m 54s	1h 11m 20s	694.5%	5.2 GB	7.8 GB	57.8 GB	27.3 GB
2384	e4/816d59	59685639_72	NFCORE_MAG:MAG:BINNING:COMEBIN_RUNCOMEBIN (MEGAHIT-toy_mousegut_sample_56)	CACHED	0	2026-09-13 12:43:34.721	2h 57m 59s	2h 6m 1s	1068.0%	14.7 GB	96.7 GB	53.4 GB	6.5 GB
2399	1c/0b8b1a	59656633_50	NFCORE_MAG:MAG:ASSEMBLY:GUNZIP_SHORTREAD_ASSEMBLIES (MEGAHIT-toy_mousegut_sample_57)	CACHED	0	2026-09-13 06:51:29.072	54.5s	1.8s	79.5%	5.4 MB	8.1 MB	57.5 MB	195.7 MB
2405	d6/45d81c	59759651_66	NFCORE_MAG:MAG:BINNING:SEQKIT_STATS (MEGAHIT-MetaBAT2-toy_mousegut_sample_28)	CACHED	0	2026-09-13 23:54:24.479	27.5s	2s	80.4%	49.4 MB	1.3 GB	29.4 MB	5.6 KB
2413	4b/055406	59683903_40	NFCORE_MAG:MAG:BINNING:METABAT2_JGISUMMARIZEBAMCONTIGDEPTHS_SHORTREAD (MEGAHIT-toy_mousegut_sample_59)	CACHED	0	2026-09-13 12:24:34.897	1m 29s	48s	99.9%	32.4 MB	62.9 MB	4.4 GB	11.2 MB
2397	f8/32ae77	59759651_56	NFCORE_MAG:MAG:BINNING:SEQKIT_STATS (MEGAHIT-MetaBAT2-toy_mousegut_sample_27)	CACHED	0	2026-09-13 23:54:24.478	27.4s	2s	77.0%	49.5 MB	1.3 GB	30 MB	7.1 KB
2410	41/fc1833	59656633_58	NFCORE_MAG:MAG:ASSEMBLY:GUNZIP_SHORTREAD_ASSEMBLIES (MEGAHIT-toy_mousegut_sample_62)	CACHED	0	2026-09-13 06:51:29.072	54.5s	1s	85.7%	5.4 MB	8.1 MB	49.1 MB	167.2 MB
2345	f1/0eb3d4	59758689_89	NFCORE_MAG:MAG:BINNING:SEMIBIN_SINGLEEASYBIN (MEGAHIT-toy_mousegut_sample_37)	CACHED	0	2026-09-13 23:39:54.506	7m 57s	5m 11s	208.3%	29.7 GB	47.7 GB	24.6 GB	2 GB
2400	5a/92d124	59683903_47	NFCORE_MAG:MAG:BINNING:METABAT2_JGISUMMARIZEBAMCONTIGDEPTHS_SHORTREAD (MEGAHIT-toy_mousegut_sample_35)	CACHED	0	2026-09-13 12:24:34.897	1m 29s	40s	99.6%	26 MB	56.6 MB	4.3 GB	7.1 MB
2396	51/684d63	59759651_63	NFCORE_MAG:MAG:BINNING:SEQKIT_STATS (MEGAHIT-COMEBin-toy_mousegut_sample_27)	CACHED	0	2026-09-13 23:54:24.479	27.5s	1s	70.5%	19.5 MB	1.2 GB	37.1 MB	7.2 KB
2355	d1/f87116	59685639_37	NFCORE_MAG:MAG:BINNING:COMEBIN_RUNCOMEBIN (MEGAHIT-toy_mousegut_sample_37)	CACHED	0	2026-09-13 12:43:34.721	10h 3m 59s	9h 31m 47s	1077.0%	16.7 GB	102.9 GB	197.8 GB	25.5 GB
2386	8e/a38f2d	59679641_96	NFCORE_MAG:MAG:BINNING_PREPARATION:SHORTREAD_BINNING_PREPARATION:BOWTIE2_ASSEMBLY_BUILD (MEGAHIT-toy_mousegut_sample_61)	CACHED	0	2026-09-13 11:36:04.244	3m 55s	2m 44s	90.5%	1.5 GB	1.6 GB	1.1 GB	435.7 MB
2418	58/e0457b	59679641_92	NFCORE_MAG:MAG:BINNING_PREPARATION:SHORTREAD_BINNING_PREPARATION:BOWTIE2_ASSEMBLY_BUILD (MEGAHIT-toy_mousegut_sample_57)	CACHED	0	2026-09-13 11:36:04.244	2m 55s	1m 37s	91.4%	1.1 GB	1.2 GB	784.1 MB	296.3 MB
2415	4c/02abce	59656633_49	NFCORE_MAG:MAG:ASSEMBLY:GUNZIP_SHORTREAD_ASSEMBLIES (MEGAHIT-toy_mousegut_sample_58)	CACHED	0	2026-09-13 06:51:29.072	54.5s	1.5s	82.2%	5.4 MB	8.1 MB	61 MB	207.9 MB
2366	24/2f9bfd	59648483_14	NFCORE_MAG:MAG:ASSEMBLY:SHORTREAD_ASSEMBLY:MEGAHIT (toy_mousegut_sample_63)	CACHED	0	2026-09-13 04:38:29.090	58m 24s	57m 9s	716.4%	5 GB	7.6 GB	51.9 GB	23.6 GB
2398	59/3b9b88	59681903_91	NFCORE_MAG:MAG:BINNING_PREPARATION:SHORTREAD_BINNING_PREPARATION:BOWTIE2_ASSEMBLY_ALIGN (MEGAHIT-toy_mousegut_sample_53-toy_mousegut_sample_53)	CACHED	0	2026-09-13 12:04:04.772	11m 59s	10m 27s	751.1%	7.1 GB	9.2 GB	29.7 GB	25.3 GB
2374	ae/03e8d6	59757941_45	NFCORE_MAG:MAG:BINNING:METABAT2_METABAT2 (MEGAHIT-toy_mousegut_sample_37)	CACHED	0	2026-09-13 23:29:34.618	1m 30s	28s	651.8%	786.7 MB	991.4 MB	605.4 MB	380.2 MB
2359	28/18a4f3	59758689_88	NFCORE_MAG:MAG:BINNING:SEMIBIN_SINGLEEASYBIN (MEGAHIT-toy_mousegut_sample_36)	CACHED	0	2026-09-13 23:39:54.506	7m 57s	5m 39s	207.6%	31.2 GB	49.1 GB	24.8 GB	2 GB
2408	a2/5f6717	59759651_64	NFCORE_MAG:MAG:BINNING:SEQKIT_STATS (MEGAHIT-COMEBin-toy_mousegut_sample_31)	CACHED	0	2026-09-13 23:54:24.479	27.5s	1s	66.5%	21 MB	1.2 GB	30.1 MB	6 KB
2381	89/67ba60	59757941_28	NFCORE_MAG:MAG:BINNING:METABAT2_METABAT2 (MEGAHIT-toy_mousegut_sample_36)	CACHED	0	2026-09-13 23:29:34.618	2m	36s	606.4%	798.3 MB	1 GB	611.3 MB	383.9 MB
2412	04/a23ef5	59681903_96	NFCORE_MAG:MAG:BINNING_PREPARATION:SHORTREAD_BINNING_PREPARATION:BOWTIE2_ASSEMBLY_ALIGN (MEGAHIT-toy_mousegut_sample_60-toy_mousegut_sample_60)	CACHED	0	2026-09-13 12:04:04.772	13m 59s	12m 29s	744.8%	7.2 GB	9.6 GB	30.1 GB	25.6 GB
2421	e9/c610ba	59759651_62	NFCORE_MAG:MAG:BINNING:SEQKIT_STATS (MEGAHIT-MetaBAT2-toy_mousegut_sample_31)	CACHED	0	2026-09-13 23:54:24.479	27.5s	1s	78.2%	49 MB	1.3 GB	23.4 MB	5.9 KB
2385	31/0301b7	59758689_92	NFCORE_MAG:MAG:BINNING:SEMIBIN_SINGLEEASYBIN (MEGAHIT-toy_mousegut_sample_56)	CACHED	0	2026-09-13 23:39:54.506	4m 57s	1m 52s	162.2%	1 GB	4 GB	9.8 GB	629.8 MB
2435	3e/24f546	59683903_21	NFCORE_MAG:MAG:BINNING:METABAT2_JGISUMMARIZEBAMCONTIGDEPTHS_SHORTREAD (MEGAHIT-toy_mousegut_sample_53)	CACHED	0	2026-09-13 12:24:34.897	1m 29s	37s	98.8%	26.7 MB	57.3 MB	4.3 GB	7.6 MB
2423	1f/ddb8c1	59679641_99	NFCORE_MAG:MAG:BINNING_PREPARATION:SHORTREAD_BINNING_PREPARATION:BOWTIE2_ASSEMBLY_BUILD (MEGAHIT-toy_mousegut_sample_62)	CACHED	0	2026-09-13 11:36:04.244	2m 25s	1m 20s	90.8%	946.7 MB	1 GB	670.2 MB	252.7 MB
2433	ac/7fe672	59656633_25	NFCORE_MAG:MAG:ASSEMBLY:GUNZIP_SHORTREAD_ASSEMBLIES (MEGAHIT-toy_mousegut_sample_63)	CACHED	0	2026-09-13 06:51:29.072	54.4s	1.4s	79.4%	5.3 MB	8.1 MB	43.7 MB	148.8 MB
2375	fe/626e9a	59757941_42	NFCORE_MAG:MAG:BINNING:METABAT2_METABAT2 (MEGAHIT-toy_mousegut_sample_38)	CACHED	0	2026-09-13 23:29:34.618	1m 30s	8s	552.5%	1.1 GB	1.1 GB	294.1 MB	183.9 MB
2431	d6/1c2d1f	59679641_97	NFCORE_MAG:MAG:BINNING_PREPARATION:SHORTREAD_BINNING_PREPARATION:BOWTIE2_ASSEMBLY_BUILD (MEGAHIT-toy_mousegut_sample_58)	CACHED	0	2026-09-13 11:36:04.244	2m 55s	1m 40s	91.3%	1.1 GB	1.2 GB	832.8 MB	314 MB
2395	4e/362990	59757941_51	NFCORE_MAG:MAG:BINNING:METABAT2_METABAT2 (MEGAHIT-toy_mousegut_sample_54)	CACHED	0	2026-09-13 23:29:34.618	1m 30s	8s	501.0%	1.2 GB	1.2 GB	280.3 MB	175 MB
2420	ee/d4ffe8	59759651_71	NFCORE_MAG:MAG:BINNING:SEQKIT_STATS (MEGAHIT-COMEBin-toy_mousegut_sample_38)	CACHED	0	2026-09-13 23:54:24.479	27.5s	0ms	66.8%	19.1 MB	1.2 GB	23.7 MB	6.9 KB
2442	06/785567	59683903_54	NFCORE_MAG:MAG:BINNING:METABAT2_JGISUMMARIZEBAMCONTIGDEPTHS_SHORTREAD (MEGAHIT-toy_mousegut_sample_60)	CACHED	0	2026-09-13 12:24:34.897	1m 29s	47s	99.4%	32.3 MB	62.9 MB	4.4 GB	11.1 MB
2392	63/165ed3	59685639_39	NFCORE_MAG:MAG:BINNING:COMEBIN_RUNCOMEBIN (MEGAHIT-toy_mousegut_sample_54)	CACHED	0	2026-09-13 12:43:34.721	5h 6m 59s	4h 34m 23s	1090.5%	15 GB	99.3 GB	82.2 GB	10.7 GB
2429	ca/8cbd54	59681903_95	NFCORE_MAG:MAG:BINNING_PREPARATION:SHORTREAD_BINNING_PREPARATION:BOWTIE2_ASSEMBLY_ALIGN (MEGAHIT-toy_mousegut_sample_61-toy_mousegut_sample_61)	CACHED	0	2026-09-13 12:04:04.772	14m 29s	13m 7s	738.3%	7.3 GB	9.7 GB	30.2 GB	25.7 GB
2430	2a/49374e	59681903_92	NFCORE_MAG:MAG:BINNING_PREPARATION:SHORTREAD_BINNING_PREPARATION:BOWTIE2_ASSEMBLY_ALIGN (MEGAHIT-toy_mousegut_sample_57-toy_mousegut_sample_57)	CACHED	0	2026-09-13 12:04:04.772	12m 59s	11m 36s	744.8%	7.1 GB	9.3 GB	30.1 GB	25.6 GB
2438	e1/6eb712	59759651_79	NFCORE_MAG:MAG:BINNING:SEQKIT_STATS (MEGAHIT-COMEBin-toy_mousegut_sample_36)	CACHED	0	2026-09-13 23:54:24.479	27.5s	2s	66.2%	40 MB	1.2 GB	50.7 MB	15.1 KB
2451	12/af7db4	59681903_97	NFCORE_MAG:MAG:BINNING_PREPARATION:SHORTREAD_BINNING_PREPARATION:BOWTIE2_ASSEMBLY_ALIGN (MEGAHIT-toy_mousegut_sample_62-toy_mousegut_sample_62)	CACHED	0	2026-09-13 12:04:04.772	12m 59s	11m 34s	751.5%	7.1 GB	9.4 GB	30 GB	25.6 GB
2434	31/21d6ed	59685639_21	NFCORE_MAG:MAG:BINNING:COMEBIN_RUNCOMEBIN (MEGAHIT-toy_mousegut_sample_53)	CACHED	0	2026-09-13 12:43:34.721	4h 9m 59s	3h 52m 21s	1072.8%	15.2 GB	99.8 GB	82 GB	11.3 GB
2452	30/08ae37	59679641_98	NFCORE_MAG:MAG:BINNING_PREPARATION:SHORTREAD_BINNING_PREPARATION:BOWTIE2_ASSEMBLY_BUILD (MEGAHIT-toy_mousegut_sample_63)	CACHED	0	2026-09-13 11:36:04.244	2m 25s	1m 12s	90.3%	840.4 MB	961.9 MB	596.6 MB	225.7 MB
2425	98/61e5ed	59758689_93	NFCORE_MAG:MAG:BINNING:SEMIBIN_SINGLEEASYBIN (MEGAHIT-toy_mousegut_sample_59)	CACHED	0	2026-09-13 23:39:54.506	6m 27s	3m 30s	192.0%	17.2 GB	35.2 GB	18.5 GB	1.4 GB
2409	be/393e32	59758689_85	NFCORE_MAG:MAG:BINNING:SEMIBIN_SINGLEEASYBIN (MEGAHIT-toy_mousegut_sample_35)	CACHED	0	2026-09-13 23:39:54.506	6m 27s	4m 10s	169.6%	12 GB	29.9 GB	14.5 GB	1.2 GB
2443	69/68ba98	59759651_82	NFCORE_MAG:MAG:BINNING:SEQKIT_STATS (MEGAHIT-COMEBin-toy_mousegut_sample_56)	CACHED	0	2026-09-13 23:54:24.479	27.6s	0ms	64.1%	23.5 MB	1.2 GB	13.3 MB	3.5 KB
2404	0b/d21ef7	59685639_46	NFCORE_MAG:MAG:BINNING:COMEBIN_RUNCOMEBIN (MEGAHIT-toy_mousegut_sample_35)	CACHED	0	2026-09-13 12:43:34.721	6h 40m 29s	5h 57m 54s	1070.1%	15.6 GB	99 GB	107.1 GB	14.7 GB
2440	a2/6feaa6	59757941_50	NFCORE_MAG:MAG:BINNING:METABAT2_METABAT2 (MEGAHIT-toy_mousegut_sample_59)	CACHED	0	2026-09-13 23:29:34.618	1m 30s	19s	553.3%	3.3 GB	3.4 GB	461 MB	288.4 MB
2445	83/8bfe30	59757941_56	NFCORE_MAG:MAG:BINNING:METABAT2_METABAT2 (MEGAHIT-toy_mousegut_sample_35)	CACHED	0	2026-09-13 23:29:34.618	1m 30s	14s	493.3%	2 GB	2 GB	320.4 MB	201 MB
2456	60/6be7a0	59757941_38	NFCORE_MAG:MAG:BINNING:METABAT2_METABAT2 (MEGAHIT-toy_mousegut_sample_53)	CACHED	0	2026-09-13 23:29:34.618	1m 30s	7s	614.5%	1.3 GB	1.3 GB	286.8 MB	178.8 MB
2464	1b/eee85d	59683903_68	NFCORE_MAG:MAG:BINNING:METABAT2_JGISUMMARIZEBAMCONTIGDEPTHS_SHORTREAD (MEGAHIT-toy_mousegut_sample_61)	CACHED	0	2026-09-13 12:24:34.897	1m 29s	52s	99.5%	37.8 MB	68.3 MB	4.5 GB	14.6 MB
2403	f9/cea718	59758689_90	NFCORE_MAG:MAG:BINNING:SEMIBIN_SINGLEEASYBIN (MEGAHIT-toy_mousegut_sample_54)	CACHED	0	2026-09-13 23:39:54.506	4m 57s	2m 18s	174.2%	8.1 GB	26.1 GB	12.3 GB	923.9 MB
2414	e4/1cba78	59685639_40	NFCORE_MAG:MAG:BINNING:COMEBIN_RUNCOMEBIN (MEGAHIT-toy_mousegut_sample_59)	CACHED	0	2026-09-13 12:43:34.721	6h 59m	6h 24m 26s	1064.4%	15.6 GB	100.6 GB	137 GB	18.4 GB
2402	d1/8b8e5d	59757941_73	NFCORE_MAG:MAG:BINNING:METABAT2_METABAT2 (MEGAHIT-toy_mousegut_sample_56)	CACHED	0	2026-09-13 23:29:34.618	1m 30s	5s	408.6%	475 MB	910.7 MB	163.3 MB	102.2 MB
2439	36/187bbd	59758689_91	NFCORE_MAG:MAG:BINNING:SEMIBIN_SINGLEEASYBIN (MEGAHIT-toy_mousegut_sample_53)	CACHED	0	2026-09-13 23:39:54.506	5m 27s	2m 22s	178.0%	8.4 GB	26.3 GB	12 GB	899.3 MB
2465	01/a2a134	59759651_74	NFCORE_MAG:MAG:BINNING:SEQKIT_STATS (MEGAHIT-MetaBAT2-toy_mousegut_sample_37)	CACHED	0	2026-09-13 23:54:24.479	27.5s	3s	80.3%	50.8 MB	1.3 GB	42.8 MB	8.4 KB
2455	1f/454e34	59681903_94	NFCORE_MAG:MAG:BINNING_PREPARATION:SHORTREAD_BINNING_PREPARATION:BOWTIE2_ASSEMBLY_ALIGN (MEGAHIT-toy_mousegut_sample_58-toy_mousegut_sample_58)	CACHED	0	2026-09-13 12:04:04.772	12m 29s	11m 9s	753.3%	7.2 GB	9.6 GB	30.1 GB	25.6 GB
2444	98/6a7d44	59685639_54	NFCORE_MAG:MAG:BINNING:COMEBIN_RUNCOMEBIN (MEGAHIT-toy_mousegut_sample_60)	CACHED	0	2026-09-13 12:43:34.721	7h 29m 29s	6h 45m 42s	1080.1%	16 GB	100.9 GB	141.3 GB	19.1 GB
2485	7d/d339ed	59683903_30	NFCORE_MAG:MAG:BINNING:METABAT2_JGISUMMARIZEBAMCONTIGDEPTHS_SHORTREAD (MEGAHIT-toy_mousegut_sample_58)	CACHED	0	2026-09-13 12:24:34.897	1m 29s	46s	99.1%	30.9 MB	61.4 MB	4.4 GB	10.2 MB
2468	51/5aafd9	59681903_99	NFCORE_MAG:MAG:BINNING_PREPARATION:SHORTREAD_BINNING_PREPARATION:BOWTIE2_ASSEMBLY_ALIGN (MEGAHIT-toy_mousegut_sample_63-toy_mousegut_sample_63)	CACHED	0	2026-09-13 12:04:04.772	14m 29s	13m 20s	739.8%	7.1 GB	9.3 GB	30 GB	25.6 GB
2475	bf/8fcdba	59759651_70	NFCORE_MAG:MAG:BINNING:SEQKIT_STATS (MEGAHIT-MetaBAT2-toy_mousegut_sample_38)	CACHED	0	2026-09-13 23:54:24.479	27.5s	1s	76.5%	22.2 MB	1.2 GB	18.4 MB	5 KB
2449	ba/b7a676	59759651_78	NFCORE_MAG:MAG:BINNING:SEQKIT_STATS (MEGAHIT-COMEBin-toy_mousegut_sample_37)	CACHED	0	2026-09-13 23:54:24.479	27.5s	1s	68.0%	40.4 MB	1.2 GB	50.3 MB	17.4 KB
2466	1f/8f6aa3	59683903_41	NFCORE_MAG:MAG:BINNING:METABAT2_JGISUMMARIZEBAMCONTIGDEPTHS_SHORTREAD (MEGAHIT-toy_mousegut_sample_57)	CACHED	0	2026-09-13 12:24:34.897	1m 29s	45s	99.7%	30 MB	60.7 MB	4.4 GB	9.7 MB
2479	93/365e95	59757941_66	NFCORE_MAG:MAG:BINNING:METABAT2_METABAT2 (MEGAHIT-toy_mousegut_sample_61)	CACHED	0	2026-09-13 23:29:34.618	1m 30s	16s	607.5%	705.1 MB	1.1 GB	615 MB	385 MB
2461	5a/18d815	59757941_59	NFCORE_MAG:MAG:BINNING:METABAT2_METABAT2 (MEGAHIT-toy_mousegut_sample_60)	CACHED	0	2026-09-13 23:29:34.618	1m 30s	23s	539.0%	3.3 GB	3.3 GB	471 MB	295 MB
2491	cc/0aa992	59683903_69	NFCORE_MAG:MAG:BINNING:METABAT2_JGISUMMARIZEBAMCONTIGDEPTHS_SHORTREAD (MEGAHIT-toy_mousegut_sample_63)	CACHED	0	2026-09-13 12:24:34.897	1m 29s	38s	99.6%	24.1 MB	54.9 MB	4.3 GB	6 MB
2446	24/04d79a	59758689_98	NFCORE_MAG:MAG:BINNING:SEMIBIN_SINGLEEASYBIN (MEGAHIT-toy_mousegut_sample_60)	CACHED	0	2026-09-13 23:39:54.506	7m 27s	4m 17s	192.7%	17.3 GB	35.3 GB	19.3 GB	1.5 GB
2473	10/608e44	59685639_41	NFCORE_MAG:MAG:BINNING:COMEBIN_RUNCOMEBIN (MEGAHIT-toy_mousegut_sample_57)	CACHED	0	2026-09-13 12:43:34.721	6h 52m 59s	6h 18m 12s	1089.2%	15.6 GB	101.6 GB	125.6 GB	16.3 GB
2487	18/24b49d	59759651_77	NFCORE_MAG:MAG:BINNING:SEQKIT_STATS (MEGAHIT-COMEBin-toy_mousegut_sample_54)	CACHED	0	2026-09-13 23:54:24.479	27.5s	0ms	68.9%	22.8 MB	1.2 GB	20.6 MB	5.7 KB
2467	d1/39e4b3	59683903_36	NFCORE_MAG:MAG:BINNING:METABAT2_JGISUMMARIZEBAMCONTIGDEPTHS_SHORTREAD (MEGAHIT-toy_mousegut_sample_62)	CACHED	0	2026-09-13 12:24:34.897	1m 29s	39s	99.4%	25.6 MB	56.2 MB	4.4 GB	6.9 MB
2493	5c/27bbbd	59759651_83	NFCORE_MAG:MAG:BINNING:SEQKIT_STATS (MEGAHIT-COMEBin-toy_mousegut_sample_53)	CACHED	0	2026-09-13 23:54:24.479	27.6s	0ms	69.7%	19.6 MB	1.2 GB	20.3 MB	5.4 KB
2463	0a/a86f4a	59685639_68	NFCORE_MAG:MAG:BINNING:COMEBIN_RUNCOMEBIN (MEGAHIT-toy_mousegut_sample_61)	CACHED	0	2026-09-13 12:43:34.721	10h 45m 59s	9h 55m 32s	1079.7%	16 GB	102.8 GB	179.4 GB	23.8 GB
2471	32/83d8d6	59758689_97	NFCORE_MAG:MAG:BINNING:SEMIBIN_SINGLEEASYBIN (MEGAHIT-toy_mousegut_sample_61)	CACHED	0	2026-09-13 23:39:54.506	8m 57s	5m 43s	207.2%	26.4 GB	44.4 GB	23.5 GB	1.8 GB
2502	ca/f26d29	59759651_68	NFCORE_MAG:MAG:BINNING:SEQKIT_STATS (MEGAHIT-COMEBin-toy_mousegut_sample_35)	CACHED	0	2026-09-13 23:54:24.479	27.5s	1s	67.4%	18.9 MB	1.2 GB	26.4 MB	6.7 KB
2477	c8/19524f	59685639_38	NFCORE_MAG:MAG:BINNING:COMEBIN_RUNCOMEBIN (MEGAHIT-toy_mousegut_sample_62)	CACHED	0	2026-09-13 12:43:34.721	6h 21m 29s	5h 49m 2s	1089.0%	15.6 GB	100.8 GB	124.7 GB	15.5 GB
2474	9d/210bb4	59758689_94	NFCORE_MAG:MAG:BINNING:SEMIBIN_SINGLEEASYBIN (MEGAHIT-toy_mousegut_sample_57)	CACHED	0	2026-09-13 23:39:54.506	6m 57s	3m 50s	189.8%	14.3 GB	32.2 GB	17.9 GB	1.4 GB
2484	ff/727363	59685639_29	NFCORE_MAG:MAG:BINNING:COMEBIN_RUNCOMEBIN (MEGAHIT-toy_mousegut_sample_58)	CACHED	0	2026-09-13 12:43:34.721	5h 49m 29s	5h 23m 54s	1078.6%	16.3 GB	101.3 GB	134.7 GB	17.3 GB
2469	2d/5be319	59759651_73	NFCORE_MAG:MAG:BINNING:SEQKIT_STATS (MEGAHIT-MetaBAT2-toy_mousegut_sample_36)	CACHED	0	2026-09-13 23:54:24.479	27.5s	3s	78.3%	51.6 MB	1.3 GB	41.8 MB	9.3 KB
2492	69/a5a375	59685639_69	NFCORE_MAG:MAG:BINNING:COMEBIN_RUNCOMEBIN (MEGAHIT-toy_mousegut_sample_63)	CACHED	0	2026-09-13 12:43:34.721	5h 41m 59s	4h 50m 20s	1086.7%	15.5 GB	100.5 GB	111.6 GB	14.1 GB
2482	21/d8e59d	59759651_76	NFCORE_MAG:MAG:BINNING:SEQKIT_STATS (MEGAHIT-MetaBAT2-toy_mousegut_sample_54)	CACHED	0	2026-09-13 23:54:24.479	27.5s	1s	74.4%	22.5 MB	1.2 GB	15.8 MB	4.5 KB
2489	2b/0e3dde	59757941_33	NFCORE_MAG:MAG:BINNING:METABAT2_METABAT2 (MEGAHIT-toy_mousegut_sample_58)	CACHED	0	2026-09-13 23:29:34.618	1m 30s	16s	634.3%	2.9 GB	2.9 GB	439.9 MB	275.5 MB
2481	f4/8ca4a8	59758689_96	NFCORE_MAG:MAG:BINNING:SEMIBIN_SINGLEEASYBIN (MEGAHIT-toy_mousegut_sample_62)	CACHED	0	2026-09-13 23:39:54.506	6m 57s	3m 27s	192.6%	14.5 GB	32.4 GB	18.3 GB	1.4 GB
2497	ef/478f44	59757941_65	NFCORE_MAG:MAG:BINNING:METABAT2_METABAT2 (MEGAHIT-toy_mousegut_sample_57)	CACHED	0	2026-09-13 23:29:34.618	1m 30s	15s	561.5%	2.6 GB	2.6 GB	414.5 MB	259.5 MB
2503	8a/ca4f4e	59757941_46	NFCORE_MAG:MAG:BINNING:METABAT2_METABAT2 (MEGAHIT-toy_mousegut_sample_62)	CACHED	0	2026-09-13 23:29:34.618	1m 30s	18s	536.6%	2.6 GB	2.6 GB	351.4 MB	221.1 MB
2505	39/08fffc	59759651_65	NFCORE_MAG:MAG:BINNING:SEQKIT_STATS (MEGAHIT-MetaBAT2-toy_mousegut_sample_35)	CACHED	0	2026-09-13 23:54:24.479	27.5s	1s	78.2%	50.4 MB	1.3 GB	20.5 MB	4.9 KB
2488	98/9667b5	59758689_95	NFCORE_MAG:MAG:BINNING:SEMIBIN_SINGLEEASYBIN (MEGAHIT-toy_mousegut_sample_58)	CACHED	0	2026-09-13 23:39:54.506	7m 57s	4m 24s	180.4%	15.7 GB	33.6 GB	19.1 GB	1.5 GB
2504	c7/c904ef	59759651_84	NFCORE_MAG:MAG:BINNING:SEQKIT_STATS (MEGAHIT-MetaBAT2-toy_mousegut_sample_59)	CACHED	0	2026-09-13 23:54:24.479	27.6s	1s	77.1%	49.4 MB	1.3 GB	27.7 MB	6.4 KB
2498	21/048f90	59757941_71	NFCORE_MAG:MAG:BINNING:METABAT2_METABAT2 (MEGAHIT-toy_mousegut_sample_63)	CACHED	0	2026-09-13 23:29:34.618	1m 30s	12s	553.8%	1.8 GB	1.8 GB	312.6 MB	196.8 MB
2506	7e/f87069	59759651_80	NFCORE_MAG:MAG:BINNING:SEQKIT_STATS (MEGAHIT-MetaBAT2-toy_mousegut_sample_53)	CACHED	0	2026-09-13 23:54:24.479	27.6s	1s	71.9%	22.8 MB	1.2 GB	15.2 MB	4.2 KB
2519	aa/e75a07	59759651_81	NFCORE_MAG:MAG:BINNING:SEQKIT_STATS (MEGAHIT-MetaBAT2-toy_mousegut_sample_56)	CACHED	0	2026-09-13 23:54:24.479	27.6s	1s	66.6%	22.4 MB	1.2 GB	10.3 MB	2.9 KB
2508	2c/724cf3	59759651_86	NFCORE_MAG:MAG:BINNING:SEQKIT_STATS (MEGAHIT-COMEBin-toy_mousegut_sample_59)	CACHED	0	2026-09-13 23:54:24.479	27.6s	1s	61.1%	19.7 MB	1.2 GB	33.8 MB	13.1 KB
2520	75/ee352c	59759651_96	NFCORE_MAG:MAG:BINNING:SEQKIT_STATS (MEGAHIT-COMEBin-toy_mousegut_sample_60)	CACHED	0	2026-09-13 23:54:24.479	27.6s	1s	67.8%	20.1 MB	1.2 GB	36.2 MB	10.2 KB
2523	d2/d915da	59759651_92	NFCORE_MAG:MAG:BINNING:SEQKIT_STATS (MEGAHIT-MetaBAT2-toy_mousegut_sample_61)	CACHED	0	2026-09-13 23:54:24.479	27.6s	2s	79.4%	49 MB	1.3 GB	38.1 MB	8.3 KB
2500	9e/c150af	59758689_99	NFCORE_MAG:MAG:BINNING:SEMIBIN_SINGLEEASYBIN (MEGAHIT-toy_mousegut_sample_63)	CACHED	0	2026-09-13 23:39:54.506	8m 27s	5m 7s	156.1%	10.9 GB	28.8 GB	16.7 GB	1.3 GB
2525	bc/ef634d	59759651_89	NFCORE_MAG:MAG:BINNING:SEQKIT_STATS (MEGAHIT-MetaBAT2-toy_mousegut_sample_60)	CACHED	0	2026-09-13 23:54:24.479	27.6s	2s	76.7%	48.2 MB	1.2 GB	28.3 MB	7 KB
2529	27/22b8cc	59759651_90	NFCORE_MAG:MAG:BINNING:SEQKIT_STATS (MEGAHIT-COMEBin-toy_mousegut_sample_61)	CACHED	0	2026-09-13 23:54:24.479	27.6s	1s	64.8%	43.9 MB	1.2 GB	44.1 MB	16.4 KB
2526	75/006c68	59759651_91	NFCORE_MAG:MAG:BINNING:SEQKIT_STATS (MEGAHIT-COMEBin-toy_mousegut_sample_57)	CACHED	0	2026-09-13 23:54:24.479	27.6s	1s	65.6%	20 MB	1.2 GB	33.3 MB	6.2 KB
2533	65/19faba	59759651_95	NFCORE_MAG:MAG:BINNING:SEQKIT_STATS (MEGAHIT-COMEBin-toy_mousegut_sample_62)	CACHED	0	2026-09-13 23:54:24.479	27.6s	1s	63.8%	19.7 MB	1.2 GB	31.9 MB	8.6 KB
2535	f1/89683b	59759651_94	NFCORE_MAG:MAG:BINNING:SEQKIT_STATS (MEGAHIT-COMEBin-toy_mousegut_sample_58)	CACHED	0	2026-09-13 23:54:24.479	27.6s	1s	63.2%	19.7 MB	1.2 GB	35.3 MB	8.8 KB
2536	af/b51d62	59759651_97	NFCORE_MAG:MAG:BINNING:SEQKIT_STATS (MEGAHIT-COMEBin-toy_mousegut_sample_63)	CACHED	0	2026-09-13 23:54:24.479	27.6s	1s	71.8%	19.7 MB	1.2 GB	28.5 MB	7 KB
2541	05/a81522	59759651_87	NFCORE_MAG:MAG:BINNING:SEQKIT_STATS (MEGAHIT-MetaBAT2-toy_mousegut_sample_58)	CACHED	0	2026-09-13 23:54:24.479	27.6s	2s	78.8%	49.4 MB	1.3 GB	28 MB	6.6 KB
2544	ff/3fd743	59759651_88	NFCORE_MAG:MAG:BINNING:SEQKIT_STATS (MEGAHIT-MetaBAT2-toy_mousegut_sample_62)	CACHED	0	2026-09-13 23:54:24.479	27.6s	2s	75.1%	48.3 MB	1.2 GB	27.7 MB	7.4 KB
2547	6a/479fef	59759651_93	NFCORE_MAG:MAG:BINNING:SEQKIT_STATS (MEGAHIT-MetaBAT2-toy_mousegut_sample_63)	CACHED	0	2026-09-13 23:54:24.479	27.6s	1s	76.6%	47.5 MB	1.2 GB	23 MB	5.9 KB
2543	f8/2cf81a	59759651_85	NFCORE_MAG:MAG:BINNING:SEQKIT_STATS (MEGAHIT-MetaBAT2-toy_mousegut_sample_57)	CACHED	0	2026-09-13 23:54:24.479	27.6s	1s	77.9%	49.3 MB	1.2 GB	25.9 MB	6.5 KB
672	8a/e428b2	59761181_9	NFCORE_MAG:MAG:BINNING_PREPARATION:SHORTREAD_BINNING_PREPARATION:BOWTIE2_ASSEMBLY_BUILD (MEGAHIT-strain_sample_3)	COMPLETED	0	2026-09-14 00:10:24.229	43.7s	25s	85.6%	325.8 MB	472.7 MB	209.7 MB	84.5 MB
665	53/e38547	59761181_7	NFCORE_MAG:MAG:BINNING_PREPARATION:SHORTREAD_BINNING_PREPARATION:BOWTIE2_ASSEMBLY_BUILD (MEGAHIT-strain_sample_1)	COMPLETED	0	2026-09-14 00:10:24.229	43.7s	29s	84.6%	352.1 MB	499.4 MB	230.3 MB	92.2 MB
676	20/c24422	59761181_10	NFCORE_MAG:MAG:BINNING_PREPARATION:SHORTREAD_BINNING_PREPARATION:BOWTIE2_ASSEMBLY_BUILD (MEGAHIT-strain_sample_2)	COMPLETED	0	2026-09-14 00:10:24.229	43.7s	21s	84.9%	278.4 MB	428.3 MB	176.3 MB	72.3 MB
685	41/9f8b6e	59761181_11	NFCORE_MAG:MAG:BINNING_PREPARATION:SHORTREAD_BINNING_PREPARATION:BOWTIE2_ASSEMBLY_BUILD (MEGAHIT-strain_sample_5)	COMPLETED	0	2026-09-14 00:10:24.229	43.7s	26s	87.3%	342.8 MB	489.1 MB	223.1 MB	89.8 MB
689	7d/a9a957	59761181_13	NFCORE_MAG:MAG:BINNING_PREPARATION:SHORTREAD_BINNING_PREPARATION:BOWTIE2_ASSEMBLY_BUILD (MEGAHIT-strain_sample_0)	COMPLETED	0	2026-09-14 00:10:24.229	43.8s	26s	87.4%	344.7 MB	493.3 MB	226 MB	90.7 MB
695	c9/76549f	59761181_12	NFCORE_MAG:MAG:BINNING_PREPARATION:SHORTREAD_BINNING_PREPARATION:BOWTIE2_ASSEMBLY_BUILD (MEGAHIT-strain_sample_4)	COMPLETED	0	2026-09-14 00:10:24.229	43.7s	28s	87.3%	361.9 MB	507.4 MB	235.6 MB	93.9 MB
703	27/2e104f	59761181_14	NFCORE_MAG:MAG:BINNING_PREPARATION:SHORTREAD_BINNING_PREPARATION:BOWTIE2_ASSEMBLY_BUILD (MEGAHIT-strain_sample_7)	COMPLETED	0	2026-09-14 00:10:24.229	43.8s	29s	87.3%	367.6 MB	514.1 MB	242.8 MB	97.3 MB
706	17/a8d373	59761181_15	NFCORE_MAG:MAG:BINNING_PREPARATION:SHORTREAD_BINNING_PREPARATION:BOWTIE2_ASSEMBLY_BUILD (MEGAHIT-strain_sample_6)	COMPLETED	0	2026-09-14 00:10:24.229	43.8s	25s	87.7%	368.8 MB	515.5 MB	243.2 MB	97.2 MB
705	c6/beccb2	59761181_16	NFCORE_MAG:MAG:BINNING_PREPARATION:SHORTREAD_BINNING_PREPARATION:BOWTIE2_ASSEMBLY_BUILD (MEGAHIT-strain_sample_11)	COMPLETED	0	2026-09-14 00:10:24.229	43.8s	21s	87.1%	311.9 MB	459.3 MB	200.5 MB	81.5 MB
711	b7/6c9282	59761181_17	NFCORE_MAG:MAG:BINNING_PREPARATION:SHORTREAD_BINNING_PREPARATION:BOWTIE2_ASSEMBLY_BUILD (MEGAHIT-strain_sample_9)	COMPLETED	0	2026-09-14 00:10:24.229	43.8s	24s	86.9%	329.8 MB	476.5 MB	213.5 MB	86.2 MB
717	da/3ec02c	59761181_18	NFCORE_MAG:MAG:BINNING_PREPARATION:SHORTREAD_BINNING_PREPARATION:BOWTIE2_ASSEMBLY_BUILD (MEGAHIT-strain_sample_12)	COMPLETED	0	2026-09-14 00:10:24.229	43.8s	25s	86.7%	345.3 MB	494.1 MB	226.2 MB	90.7 MB
723	6b/15cd0e	59761181_20	NFCORE_MAG:MAG:BINNING_PREPARATION:SHORTREAD_BINNING_PREPARATION:BOWTIE2_ASSEMBLY_BUILD (MEGAHIT-strain_sample_8)	COMPLETED	0	2026-09-14 00:10:24.229	43.8s	24s	85.2%	303 MB	449.8 MB	191.8 MB	77.7 MB
739	a5/0cfe72	59761181_23	NFCORE_MAG:MAG:BINNING_PREPARATION:SHORTREAD_BINNING_PREPARATION:BOWTIE2_ASSEMBLY_BUILD (MEGAHIT-strain_sample_14)	COMPLETED	0	2026-09-14 00:10:24.229	43.8s	28s	85.5%	343.7 MB	492.5 MB	224.7 MB	90 MB
727	fd/f5f4f9	59761181_21	NFCORE_MAG:MAG:BINNING_PREPARATION:SHORTREAD_BINNING_PREPARATION:BOWTIE2_ASSEMBLY_BUILD (MEGAHIT-strain_sample_13)	COMPLETED	0	2026-09-14 00:10:24.229	43.8s	26s	85.5%	311 MB	457.9 MB	199.9 MB	81.4 MB
720	0c/c70d64	59761181_19	NFCORE_MAG:MAG:BINNING_PREPARATION:SHORTREAD_BINNING_PREPARATION:BOWTIE2_ASSEMBLY_BUILD (MEGAHIT-strain_sample_10)	COMPLETED	0	2026-09-14 00:10:24.229	43.8s	31s	82.7%	333.9 MB	480.7 MB	214.6 MB	85.9 MB
742	d6/1a06dc	59761181_25	NFCORE_MAG:MAG:BINNING_PREPARATION:SHORTREAD_BINNING_PREPARATION:BOWTIE2_ASSEMBLY_BUILD (MEGAHIT-strain_sample_18)	COMPLETED	0	2026-09-14 00:10:24.229	43.8s	21s	84.5%	289.2 MB	437.5 MB	182.5 MB	74.3 MB
746	cc/58460b	59761181_26	NFCORE_MAG:MAG:BINNING_PREPARATION:SHORTREAD_BINNING_PREPARATION:BOWTIE2_ASSEMBLY_BUILD (MEGAHIT-strain_sample_17)	COMPLETED	0	2026-09-14 00:10:24.229	43.8s	20s	86.4%	306.9 MB	453.9 MB	196.5 MB	80.1 MB
730	20/96e4a7	59761181_22	NFCORE_MAG:MAG:BINNING_PREPARATION:SHORTREAD_BINNING_PREPARATION:BOWTIE2_ASSEMBLY_BUILD (MEGAHIT-strain_sample_16)	COMPLETED	0	2026-09-14 00:10:24.229	43.8s	26s	85.5%	318.4 MB	466.8 MB	205.5 MB	83.1 MB
736	e9/9fbc5c	59761181_24	NFCORE_MAG:MAG:BINNING_PREPARATION:SHORTREAD_BINNING_PREPARATION:BOWTIE2_ASSEMBLY_BUILD (MEGAHIT-strain_sample_15)	COMPLETED	0	2026-09-14 00:10:24.229	43.8s	27s	84.4%	335.1 MB	482 MB	216.5 MB	87 MB
754	55/8a1998	59761181_28	NFCORE_MAG:MAG:BINNING_PREPARATION:SHORTREAD_BINNING_PREPARATION:BOWTIE2_ASSEMBLY_BUILD (MEGAHIT-strain_sample_21)	COMPLETED	0	2026-09-14 00:10:24.229	43.8s	16s	84.6%	230.6 MB	381.3 MB	143.2 MB	60.1 MB
751	06/7b8592	59761181_27	NFCORE_MAG:MAG:BINNING_PREPARATION:SHORTREAD_BINNING_PREPARATION:BOWTIE2_ASSEMBLY_BUILD (MEGAHIT-strain_sample_19)	COMPLETED	0	2026-09-14 00:10:24.229	43.8s	20s	84.1%	264.2 MB	412.4 MB	166.1 MB	68.2 MB
762	39/f2ad5f	59761181_30	NFCORE_MAG:MAG:BINNING_PREPARATION:SHORTREAD_BINNING_PREPARATION:BOWTIE2_ASSEMBLY_BUILD (MEGAHIT-strain_sample_23)	COMPLETED	0	2026-09-14 00:10:24.229	43.8s	16s	86.4%	262.4 MB	412.3 MB	163.7 MB	67.5 MB
772	f8/890d2e	59761181_31	NFCORE_MAG:MAG:BINNING_PREPARATION:SHORTREAD_BINNING_PREPARATION:BOWTIE2_ASSEMBLY_BUILD (MEGAHIT-strain_sample_24)	COMPLETED	0	2026-09-14 00:10:24.229	43.8s	16s	86.6%	255.8 MB	408.2 MB	161 MB	66.7 MB
758	a7/7657cd	59761181_29	NFCORE_MAG:MAG:BINNING_PREPARATION:SHORTREAD_BINNING_PREPARATION:BOWTIE2_ASSEMBLY_BUILD (MEGAHIT-strain_sample_20)	COMPLETED	0	2026-09-14 00:10:24.229	43.8s	25s	85.9%	340.7 MB	487.6 MB	222.7 MB	89.9 MB
774	f6/eb4391	59761181_33	NFCORE_MAG:MAG:BINNING_PREPARATION:SHORTREAD_BINNING_PREPARATION:BOWTIE2_ASSEMBLY_BUILD (MEGAHIT-strain_sample_22)	COMPLETED	0	2026-09-14 00:10:24.229	43.9s	31s	83.9%	362.7 MB	509.2 MB	239 MB	95.9 MB
770	6a/00c835	59761181_32	NFCORE_MAG:MAG:BINNING_PREPARATION:SHORTREAD_BINNING_PREPARATION:BOWTIE2_ASSEMBLY_BUILD (MEGAHIT-strain_sample_26)	COMPLETED	0	2026-09-14 00:10:24.229	43.9s	24s	85.7%	332 MB	480.9 MB	216.4 MB	87.1 MB
786	94/714e42	59761181_36	NFCORE_MAG:MAG:BINNING_PREPARATION:SHORTREAD_BINNING_PREPARATION:BOWTIE2_ASSEMBLY_BUILD (MEGAHIT-strain_sample_28)	COMPLETED	0	2026-09-14 00:10:24.229	43.9s	21s	82.2%	264.9 MB	415.4 MB	166.1 MB	68.4 MB
782	34/c44134	59761181_35	NFCORE_MAG:MAG:BINNING_PREPARATION:SHORTREAD_BINNING_PREPARATION:BOWTIE2_ASSEMBLY_BUILD (MEGAHIT-strain_sample_31)	COMPLETED	0	2026-09-14 00:10:24.229	43.9s	27s	83.7%	309.3 MB	455.6 MB	196.9 MB	79.9 MB
799	bc/592dd4	59761181_39	NFCORE_MAG:MAG:BINNING_PREPARATION:SHORTREAD_BINNING_PREPARATION:BOWTIE2_ASSEMBLY_BUILD (MEGAHIT-strain_sample_25)	COMPLETED	0	2026-09-14 00:10:24.229	43.9s	25s	84.3%	308.7 MB	457.1 MB	197.1 MB	79.6 MB
794	0e/39f861	59761181_37	NFCORE_MAG:MAG:BINNING_PREPARATION:SHORTREAD_BINNING_PREPARATION:BOWTIE2_ASSEMBLY_BUILD (MEGAHIT-strain_sample_30)	COMPLETED	0	2026-09-14 00:10:24.229	43.9s	28s	84.8%	330.5 MB	476.4 MB	214.3 MB	86.8 MB
802	e2/fedf89	59761181_40	NFCORE_MAG:MAG:BINNING_PREPARATION:SHORTREAD_BINNING_PREPARATION:BOWTIE2_ASSEMBLY_BUILD (MEGAHIT-strain_sample_32)	COMPLETED	0	2026-09-14 00:10:24.229	43.9s	25s	84.7%	297.5 MB	445.1 MB	189.8 MB	77.6 MB
814	ee/ff5152	59761181_43	NFCORE_MAG:MAG:BINNING_PREPARATION:SHORTREAD_BINNING_PREPARATION:BOWTIE2_ASSEMBLY_BUILD (MEGAHIT-strain_sample_35)	COMPLETED	0	2026-09-14 00:10:24.229	43.9s	30s	85.5%	344.3 MB	492.9 MB	227.4 MB	91.9 MB
790	41/b748d0	59761181_38	NFCORE_MAG:MAG:BINNING_PREPARATION:SHORTREAD_BINNING_PREPARATION:BOWTIE2_ASSEMBLY_BUILD (MEGAHIT-strain_sample_27)	COMPLETED	0	2026-09-14 00:10:24.229	43.9s	30s	84.4%	347.6 MB	497 MB	228.5 MB	91.6 MB
822	64/520822	59761181_46	NFCORE_MAG:MAG:BINNING_PREPARATION:SHORTREAD_BINNING_PREPARATION:BOWTIE2_ASSEMBLY_BUILD (MEGAHIT-strain_sample_39)	COMPLETED	0	2026-09-14 00:10:24.229	43.9s	27s	85.7%	324.3 MB	470.6 MB	210 MB	85.3 MB
830	eb/766eaa	59761181_47	NFCORE_MAG:MAG:BINNING_PREPARATION:SHORTREAD_BINNING_PREPARATION:BOWTIE2_ASSEMBLY_BUILD (MEGAHIT-strain_sample_40)	COMPLETED	0	2026-09-14 00:10:24.229	43.9s	31s	85.9%	365.3 MB	512 MB	240.2 MB	96 MB
826	c8/a7b290	59761181_45	NFCORE_MAG:MAG:BINNING_PREPARATION:SHORTREAD_BINNING_PREPARATION:BOWTIE2_ASSEMBLY_BUILD (MEGAHIT-strain_sample_38)	COMPLETED	0	2026-09-14 00:10:24.229	43.9s	27s	85.4%	323.2 MB	469.6 MB	207.3 MB	83.6 MB
821	b3/351623	59761181_44	NFCORE_MAG:MAG:BINNING_PREPARATION:SHORTREAD_BINNING_PREPARATION:BOWTIE2_ASSEMBLY_BUILD (MEGAHIT-strain_sample_36)	COMPLETED	0	2026-09-14 00:10:24.229	43.9s	28s	85.7%	335.8 MB	481 MB	217.6 MB	88 MB
806	cf/cb2629	59761181_41	NFCORE_MAG:MAG:BINNING_PREPARATION:SHORTREAD_BINNING_PREPARATION:BOWTIE2_ASSEMBLY_BUILD (MEGAHIT-strain_sample_33)	COMPLETED	0	2026-09-14 00:10:24.229	43.9s	27s	84.6%	329 MB	475.2 MB	211.3 MB	85 MB
778	06/c6fcab	59761181_34	NFCORE_MAG:MAG:BINNING_PREPARATION:SHORTREAD_BINNING_PREPARATION:BOWTIE2_ASSEMBLY_BUILD (MEGAHIT-strain_sample_29)	COMPLETED	0	2026-09-14 00:10:24.229	43.9s	26s	83.7%	289.2 MB	438.5 MB	184.8 MB	75.7 MB
811	ca/43c156	59761181_42	NFCORE_MAG:MAG:BINNING_PREPARATION:SHORTREAD_BINNING_PREPARATION:BOWTIE2_ASSEMBLY_BUILD (MEGAHIT-strain_sample_34)	COMPLETED	0	2026-09-14 00:10:24.229	43.9s	24s	85.3%	292.3 MB	442 MB	186.7 MB	76.1 MB
836	9b/6f24f9	59761181_48	NFCORE_MAG:MAG:BINNING_PREPARATION:SHORTREAD_BINNING_PREPARATION:BOWTIE2_ASSEMBLY_BUILD (MEGAHIT-strain_sample_37)	COMPLETED	0	2026-09-14 00:10:24.229	43.9s	25s	85.5%	307 MB	455.5 MB	198.1 MB	80.8 MB
838	14/1c6346	59761181_49	NFCORE_MAG:MAG:BINNING_PREPARATION:SHORTREAD_BINNING_PREPARATION:BOWTIE2_ASSEMBLY_BUILD (MEGAHIT-strain_sample_42)	COMPLETED	0	2026-09-14 00:10:24.229	43.9s	21s	85.1%	261.4 MB	412.3 MB	164.2 MB	67.9 MB
858	ea/adb6b5	59761181_54	NFCORE_MAG:MAG:BINNING_PREPARATION:SHORTREAD_BINNING_PREPARATION:BOWTIE2_ASSEMBLY_BUILD (MEGAHIT-strain_sample_45)	COMPLETED	0	2026-09-14 00:10:24.229	43.9s	28s	81.5%	303.8 MB	449.4 MB	192.3 MB	78.2 MB
866	35/8a3ad8	59761181_56	NFCORE_MAG:MAG:BINNING_PREPARATION:SHORTREAD_BINNING_PREPARATION:BOWTIE2_ASSEMBLY_BUILD (MEGAHIT-strain_sample_50)	COMPLETED	0	2026-09-14 00:10:24.229	43.9s	24s	85.9%	291.5 MB	440.5 MB	186.2 MB	76.2 MB
847	02/d3d7a1	59761181_51	NFCORE_MAG:MAG:BINNING_PREPARATION:SHORTREAD_BINNING_PREPARATION:BOWTIE2_ASSEMBLY_BUILD (MEGAHIT-strain_sample_41)	COMPLETED	0	2026-09-14 00:10:24.229	43.9s	25s	85.9%	319 MB	467.5 MB	207.2 MB	84.1 MB
872	91/e86146	59761181_57	NFCORE_MAG:MAG:BINNING_PREPARATION:SHORTREAD_BINNING_PREPARATION:BOWTIE2_ASSEMBLY_BUILD (MEGAHIT-strain_sample_48)	COMPLETED	0	2026-09-14 00:10:24.229	43.9s	27s	86.1%	336.4 MB	485.3 MB	219.9 MB	88.5 MB
884	27/aef968	59761181_60	NFCORE_MAG:MAG:BINNING_PREPARATION:SHORTREAD_BINNING_PREPARATION:BOWTIE2_ASSEMBLY_BUILD (MEGAHIT-strain_sample_49)	COMPLETED	0	2026-09-14 00:10:24.229	43.9s	20s	86.4%	288.3 MB	437.8 MB	184.2 MB	75.5 MB
874	42/034379	59761181_58	NFCORE_MAG:MAG:BINNING_PREPARATION:SHORTREAD_BINNING_PREPARATION:BOWTIE2_ASSEMBLY_BUILD (MEGAHIT-strain_sample_51)	COMPLETED	0	2026-09-14 00:10:24.229	43.9s	21s	84.9%	291.4 MB	439.4 MB	185.3 MB	75.9 MB
854	9e/804d28	59761181_53	NFCORE_MAG:MAG:BINNING_PREPARATION:SHORTREAD_BINNING_PREPARATION:BOWTIE2_ASSEMBLY_BUILD (MEGAHIT-strain_sample_46)	COMPLETED	0	2026-09-14 00:10:24.229	43.9s	17s	84.6%	229 MB	381.8 MB	143.4 MB	60.1 MB
879	3c/3b747f	59761181_59	NFCORE_MAG:MAG:BINNING_PREPARATION:SHORTREAD_BINNING_PREPARATION:BOWTIE2_ASSEMBLY_BUILD (MEGAHIT-strain_sample_53)	COMPLETED	0	2026-09-14 00:10:24.229	43.9s	17s	85.9%	253.3 MB	404.8 MB	158.6 MB	65.9 MB
842	d7/001c18	59761181_50	NFCORE_MAG:MAG:BINNING_PREPARATION:SHORTREAD_BINNING_PREPARATION:BOWTIE2_ASSEMBLY_BUILD (MEGAHIT-strain_sample_44)	COMPLETED	0	2026-09-14 00:10:24.229	43.9s	30s	85.1%	363.7 MB	510.6 MB	237.2 MB	94.2 MB
852	ac/7fa06f	59761181_52	NFCORE_MAG:MAG:BINNING_PREPARATION:SHORTREAD_BINNING_PREPARATION:BOWTIE2_ASSEMBLY_BUILD (MEGAHIT-strain_sample_43)	COMPLETED	0	2026-09-14 00:10:24.229	43.9s	19s	85.2%	250.7 MB	400.3 MB	157.3 MB	65.1 MB
889	58/0b6c90	59761181_61	NFCORE_MAG:MAG:BINNING_PREPARATION:SHORTREAD_BINNING_PREPARATION:BOWTIE2_ASSEMBLY_BUILD (MEGAHIT-strain_sample_55)	COMPLETED	0	2026-09-14 00:10:24.229	43.9s	20s	86.4%	291.5 MB	439.9 MB	185.3 MB	75.7 MB
904	19/87058d	59761181_65	NFCORE_MAG:MAG:BINNING_PREPARATION:SHORTREAD_BINNING_PREPARATION:BOWTIE2_ASSEMBLY_BUILD (MEGAHIT-strain_sample_56)	COMPLETED	0	2026-09-14 00:10:24.231	44s	28s	86.4%	353.9 MB	501.7 MB	232.1 MB	92.9 MB
907	77/722511	59761181_66	NFCORE_MAG:MAG:BINNING_PREPARATION:SHORTREAD_BINNING_PREPARATION:BOWTIE2_ASSEMBLY_BUILD (MEGAHIT-strain_sample_58)	COMPLETED	0	2026-09-14 00:10:24.231	44s	30s	86.7%	365 MB	511.8 MB	239.6 MB	95.6 MB
899	28/608b7f	59761181_64	NFCORE_MAG:MAG:BINNING_PREPARATION:SHORTREAD_BINNING_PREPARATION:BOWTIE2_ASSEMBLY_BUILD (MEGAHIT-strain_sample_59)	COMPLETED	0	2026-09-14 00:10:24.231	44s	29s	85.4%	351.8 MB	499.7 MB	231.6 MB	93.1 MB
918	ff/439952	59761181_69	NFCORE_MAG:MAG:BINNING_PREPARATION:SHORTREAD_BINNING_PREPARATION:BOWTIE2_ASSEMBLY_BUILD (MEGAHIT-strain_sample_57)	COMPLETED	0	2026-09-14 00:10:24.231	44s	21s	84.0%	267 MB	418.4 MB	169.2 MB	69.9 MB
895	22/469226	59761181_63	NFCORE_MAG:MAG:BINNING_PREPARATION:SHORTREAD_BINNING_PREPARATION:BOWTIE2_ASSEMBLY_BUILD (MEGAHIT-strain_sample_54)	COMPLETED	0	2026-09-14 00:10:24.231	44s	29s	85.6%	355.7 MB	503.7 MB	232.7 MB	92.8 MB
914	16/75afb1	59761181_68	NFCORE_MAG:MAG:BINNING_PREPARATION:SHORTREAD_BINNING_PREPARATION:BOWTIE2_ASSEMBLY_BUILD (MEGAHIT-strain_sample_62)	COMPLETED	0	2026-09-14 00:10:24.231	44s	26s	82.9%	317 MB	462.9 MB	202.7 MB	82.1 MB
936	ca/34f228	59761181_73	NFCORE_MAG:MAG:BINNING_PREPARATION:SHORTREAD_BINNING_PREPARATION:BOWTIE2_ASSEMBLY_BUILD (MEGAHIT-strain_sample_66)	COMPLETED	0	2026-09-14 00:10:24.231	44s	29s	83.8%	324.3 MB	470.5 MB	209.2 MB	84.8 MB
938	aa/96e92b	59761181_74	NFCORE_MAG:MAG:BINNING_PREPARATION:SHORTREAD_BINNING_PREPARATION:BOWTIE2_ASSEMBLY_BUILD (MEGAHIT-strain_sample_65)	COMPLETED	0	2026-09-14 00:10:24.231	44s	29s	85.3%	331.5 MB	478.4 MB	214.4 MB	86.3 MB
862	16/947d82	59761181_55	NFCORE_MAG:MAG:BINNING_PREPARATION:SHORTREAD_BINNING_PREPARATION:BOWTIE2_ASSEMBLY_BUILD (MEGAHIT-strain_sample_47)	COMPLETED	0	2026-09-14 00:10:24.229	43.9s	23s	85.8%	295.8 MB	442.8 MB	187 MB	76.2 MB
942	71/3c43d7	59761181_75	NFCORE_MAG:MAG:BINNING_PREPARATION:SHORTREAD_BINNING_PREPARATION:BOWTIE2_ASSEMBLY_BUILD (MEGAHIT-strain_sample_61)	COMPLETED	0	2026-09-14 00:10:24.231	44s	23s	84.9%	274.5 MB	424.1 MB	172.9 MB	71 MB
911	a3/dbb238	59761181_67	NFCORE_MAG:MAG:BINNING_PREPARATION:SHORTREAD_BINNING_PREPARATION:BOWTIE2_ASSEMBLY_BUILD (MEGAHIT-strain_sample_60)	COMPLETED	0	2026-09-14 00:10:24.231	44s	26s	86.1%	324.1 MB	471 MB	209.1 MB	84.5 MB
926	c1/cf636d	59761181_71	NFCORE_MAG:MAG:BINNING_PREPARATION:SHORTREAD_BINNING_PREPARATION:BOWTIE2_ASSEMBLY_BUILD (MEGAHIT-strain_sample_63)	COMPLETED	0	2026-09-14 00:10:24.231	44s	21s	83.3%	269.8 MB	419 MB	170.4 MB	69.6 MB
958	e1/6909cb	59761181_79	NFCORE_MAG:MAG:BINNING_PREPARATION:SHORTREAD_BINNING_PREPARATION:BOWTIE2_ASSEMBLY_BUILD (MEGAHIT-strain_sample_72)	COMPLETED	0	2026-09-14 00:10:24.231	44s	27s	84.9%	308.1 MB	453.8 MB	196.1 MB	79.8 MB
962	cb/86e6dd	59761181_80	NFCORE_MAG:MAG:BINNING_PREPARATION:SHORTREAD_BINNING_PREPARATION:BOWTIE2_ASSEMBLY_BUILD (MEGAHIT-strain_sample_68)	COMPLETED	0	2026-09-14 00:10:24.231	44s	25s	85.1%	298.3 MB	445.9 MB	188.4 MB	76.3 MB
925	65/fa079e	59761181_70	NFCORE_MAG:MAG:BINNING_PREPARATION:SHORTREAD_BINNING_PREPARATION:BOWTIE2_ASSEMBLY_BUILD (MEGAHIT-strain_sample_64)	COMPLETED	0	2026-09-14 00:10:24.231	44s	25s	83.2%	315.3 MB	461.7 MB	201.7 MB	81.7 MB
991	db/23ef39	59761181_87	NFCORE_MAG:MAG:BINNING_PREPARATION:SHORTREAD_BINNING_PREPARATION:BOWTIE2_ASSEMBLY_BUILD (MEGAHIT-strain_sample_76)	COMPLETED	0	2026-09-14 00:10:24.231	44s	26s	85.1%	299.7 MB	446.5 MB	188.9 MB	76.5 MB
992	ad/edf6b0	59761181_86	NFCORE_MAG:MAG:BINNING_PREPARATION:SHORTREAD_BINNING_PREPARATION:BOWTIE2_ASSEMBLY_BUILD (MEGAHIT-strain_sample_83)	COMPLETED	0	2026-09-14 00:10:24.231	44s	30s	85.9%	332.9 MB	478.8 MB	216 MB	87.4 MB
932	2f/68d18a	59761181_72	NFCORE_MAG:MAG:BINNING_PREPARATION:SHORTREAD_BINNING_PREPARATION:BOWTIE2_ASSEMBLY_BUILD (MEGAHIT-strain_sample_67)	COMPLETED	0	2026-09-14 00:10:24.231	44s	21s	83.3%	271.5 MB	421.9 MB	171.1 MB	70.3 MB
982	fd/fc76ce	59761181_85	NFCORE_MAG:MAG:BINNING_PREPARATION:SHORTREAD_BINNING_PREPARATION:BOWTIE2_ASSEMBLY_BUILD (MEGAHIT-strain_sample_78)	COMPLETED	0	2026-09-14 00:10:24.231	44s	22s	84.1%	261.1 MB	410.9 MB	162.6 MB	67.1 MB
950	21/0bca7a	59761181_77	NFCORE_MAG:MAG:BINNING_PREPARATION:SHORTREAD_BINNING_PREPARATION:BOWTIE2_ASSEMBLY_BUILD (MEGAHIT-strain_sample_71)	COMPLETED	0	2026-09-14 00:10:24.231	44s	28s	85.5%	316 MB	463.2 MB	203.3 MB	82.5 MB
1005	4b/dffd53	59761181_89	NFCORE_MAG:MAG:BINNING_PREPARATION:SHORTREAD_BINNING_PREPARATION:BOWTIE2_ASSEMBLY_BUILD (MEGAHIT-strain_sample_80)	COMPLETED	0	2026-09-14 00:10:24.231	44s	21s	84.5%	265.9 MB	416.5 MB	167.3 MB	69 MB
974	0d/18e67c	59761181_82	NFCORE_MAG:MAG:BINNING_PREPARATION:SHORTREAD_BINNING_PREPARATION:BOWTIE2_ASSEMBLY_BUILD (MEGAHIT-strain_sample_77)	COMPLETED	0	2026-09-14 00:10:24.231	44s	24s	85.3%	282.8 MB	432.8 MB	180.9 MB	74.5 MB
954	85/ae83b3	59761181_78	NFCORE_MAG:MAG:BINNING_PREPARATION:SHORTREAD_BINNING_PREPARATION:BOWTIE2_ASSEMBLY_BUILD (MEGAHIT-strain_sample_73)	COMPLETED	0	2026-09-14 00:10:24.231	44s	26s	84.8%	295.7 MB	442.8 MB	187.2 MB	76.3 MB
972	f6/d259c2	59761181_83	NFCORE_MAG:MAG:BINNING_PREPARATION:SHORTREAD_BINNING_PREPARATION:BOWTIE2_ASSEMBLY_BUILD (MEGAHIT-strain_sample_70)	COMPLETED	0	2026-09-14 00:10:24.231	44s	25s	85.4%	279.8 MB	429.9 MB	178.1 MB	73.2 MB
1006	33/2c9d53	59761181_90	NFCORE_MAG:MAG:BINNING_PREPARATION:SHORTREAD_BINNING_PREPARATION:BOWTIE2_ASSEMBLY_BUILD (MEGAHIT-strain_sample_84)	COMPLETED	0	2026-09-14 00:10:24.231	44s	30s	86.2%	362.7 MB	509 MB	238.1 MB	95.3 MB
1011	6d/2ff2c9	59761181_92	NFCORE_MAG:MAG:BINNING_PREPARATION:SHORTREAD_BINNING_PREPARATION:BOWTIE2_ASSEMBLY_BUILD (MEGAHIT-strain_sample_81)	COMPLETED	0	2026-09-14 00:10:24.231	44s	26s	86.2%	338.7 MB	489.5 MB	222.2 MB	89 MB
994	51/39a498	59761181_88	NFCORE_MAG:MAG:BINNING_PREPARATION:SHORTREAD_BINNING_PREPARATION:BOWTIE2_ASSEMBLY_BUILD (MEGAHIT-strain_sample_79)	COMPLETED	0	2026-09-14 00:10:24.231	44s	28s	85.9%	337.6 MB	483.4 MB	217.9 MB	87.6 MB
1014	84/57e05c	59761181_93	NFCORE_MAG:MAG:BINNING_PREPARATION:SHORTREAD_BINNING_PREPARATION:BOWTIE2_ASSEMBLY_BUILD (MEGAHIT-strain_sample_85)	COMPLETED	0	2026-09-14 00:10:24.231	44s	24s	86.4%	315.2 MB	462.6 MB	202.8 MB	82.3 MB
1043	5a/069b2c	59761181_97	NFCORE_MAG:MAG:BINNING_PREPARATION:SHORTREAD_BINNING_PREPARATION:BOWTIE2_ASSEMBLY_BUILD (MEGAHIT-strain_sample_90)	COMPLETED	0	2026-09-14 00:10:24.231	44s	26s	84.1%	328.2 MB	474.1 MB	210 MB	84.3 MB
998	21/48a800	59761181_91	NFCORE_MAG:MAG:BINNING_PREPARATION:SHORTREAD_BINNING_PREPARATION:BOWTIE2_ASSEMBLY_BUILD (MEGAHIT-strain_sample_82)	COMPLETED	0	2026-09-14 00:10:24.231	44s	26s	85.7%	320.7 MB	469.3 MB	208.2 MB	84.4 MB
1024	a9/28e247	59761181_95	NFCORE_MAG:MAG:BINNING_PREPARATION:SHORTREAD_BINNING_PREPARATION:BOWTIE2_ASSEMBLY_BUILD (MEGAHIT-strain_sample_87)	COMPLETED	0	2026-09-14 00:10:24.231	44s	25s	84.5%	314.7 MB	462.2 MB	203 MB	82.5 MB
1018	8a/781dd4	59761181_94	NFCORE_MAG:MAG:BINNING_PREPARATION:SHORTREAD_BINNING_PREPARATION:BOWTIE2_ASSEMBLY_BUILD (MEGAHIT-strain_sample_86)	COMPLETED	0	2026-09-14 00:10:24.231	44s	28s	85.2%	337.9 MB	485.9 MB	219.4 MB	87.9 MB
1031	8d/bcd716	59761181_96	NFCORE_MAG:MAG:BINNING_PREPARATION:SHORTREAD_BINNING_PREPARATION:BOWTIE2_ASSEMBLY_BUILD (MEGAHIT-strain_sample_88)	COMPLETED	0	2026-09-14 00:10:24.231	44s	29s	85.0%	343.7 MB	489.1 MB	223.9 MB	90.3 MB
966	c4/98a543	59761181_81	NFCORE_MAG:MAG:BINNING_PREPARATION:SHORTREAD_BINNING_PREPARATION:BOWTIE2_ASSEMBLY_BUILD (MEGAHIT-strain_sample_74)	COMPLETED	0	2026-09-14 00:10:24.231	44s	29s	85.7%	327.7 MB	473.8 MB	212.2 MB	86.1 MB
891	99/9adb9b	59761181_62	NFCORE_MAG:MAG:BINNING_PREPARATION:SHORTREAD_BINNING_PREPARATION:BOWTIE2_ASSEMBLY_BUILD (MEGAHIT-strain_sample_52)	COMPLETED	0	2026-09-14 00:10:24.231	1m 14s	35s	83.0%	352.8 MB	500.3 MB	232.1 MB	93.3 MB
978	be/3e6dea	59761181_84	NFCORE_MAG:MAG:BINNING_PREPARATION:SHORTREAD_BINNING_PREPARATION:BOWTIE2_ASSEMBLY_BUILD (MEGAHIT-strain_sample_75)	COMPLETED	0	2026-09-14 00:10:24.231	1m 14s	33s	86.3%	378.4 MB	523.8 MB	246.2 MB	98.6 MB
948	4d/0a23ae	59761181_76	NFCORE_MAG:MAG:BINNING_PREPARATION:SHORTREAD_BINNING_PREPARATION:BOWTIE2_ASSEMBLY_BUILD (MEGAHIT-strain_sample_69)	COMPLETED	0	2026-09-14 00:10:24.231	1m 14s	34s	85.8%	386.6 MB	534.1 MB	254.7 MB	100.5 MB
2182	16/8d926f	59761181_99	NFCORE_MAG:MAG:BINNING_PREPARATION:SHORTREAD_BINNING_PREPARATION:BOWTIE2_ASSEMBLY_BUILD (MEGAHIT-toy_mousegut_sample_22)	COMPLETED	0	2026-09-14 00:10:24.231	2m 44s	2m 9s	90.7%	1.2 GB	1.3 GB	933 MB	349.7 MB
1531	27/7e0865	59761181_98	NFCORE_MAG:MAG:BINNING_PREPARATION:SHORTREAD_BINNING_PREPARATION:BOWTIE2_ASSEMBLY_BUILD (MEGAHIT-toy_hmp_airskinurogenital_sample_27)	COMPLETED	0	2026-09-14 00:10:24.231	2m 44s	2m 7s	90.9%	1.2 GB	1.3 GB	914.4 MB	344.4 MB
652	19/4355e4	59761181_5	NFCORE_MAG:MAG:BINNING_PREPARATION:SHORTREAD_BINNING_PREPARATION:BOWTIE2_ASSEMBLY_BUILD (MEGAHIT-marine_sample_5)	COMPLETED	0	2026-09-14 00:10:24.229	3m 44s	3m 20s	91.6%	1.9 GB	2 GB	1.5 GB	556.9 MB
636	09/bcd338	59761181_0	NFCORE_MAG:MAG:BINNING_PREPARATION:SHORTREAD_BINNING_PREPARATION:BOWTIE2_ASSEMBLY_BUILD (MEGAHIT-marine_sample_1)	COMPLETED	0	2026-09-14 00:10:24.229	4m 14s	3m 45s	93.3%	2.3 GB	2.4 GB	1.8 GB	681.1 MB
632	8d/08c9ef	59761181_2	NFCORE_MAG:MAG:BINNING_PREPARATION:SHORTREAD_BINNING_PREPARATION:BOWTIE2_ASSEMBLY_BUILD (MEGAHIT-marine_sample_0)	COMPLETED	0	2026-09-14 00:10:24.229	4m 14s	3m 33s	91.0%	1.9 GB	2.1 GB	1.5 GB	564.3 MB
646	06/ca9b13	59761181_3	NFCORE_MAG:MAG:BINNING_PREPARATION:SHORTREAD_BINNING_PREPARATION:BOWTIE2_ASSEMBLY_BUILD (MEGAHIT-marine_sample_7)	COMPLETED	0	2026-09-14 00:10:24.229	4m 14s	3m 49s	90.3%	2 GB	2.2 GB	1.6 GB	600.4 MB
656	d2/fd5fa2	59761181_6	NFCORE_MAG:MAG:BINNING_PREPARATION:SHORTREAD_BINNING_PREPARATION:BOWTIE2_ASSEMBLY_BUILD (MEGAHIT-marine_sample_6)	COMPLETED	0	2026-09-14 00:10:24.229	4m 14s	3m 45s	91.9%	2.1 GB	2.3 GB	1.6 GB	626.7 MB
662	25/e6e127	59761181_8	NFCORE_MAG:MAG:BINNING_PREPARATION:SHORTREAD_BINNING_PREPARATION:BOWTIE2_ASSEMBLY_BUILD (MEGAHIT-marine_sample_8)	COMPLETED	0	2026-09-14 00:10:24.229	4m 14s	3m 56s	91.4%	2.2 GB	2.4 GB	1.7 GB	651.8 MB
648	16/900493	59761181_4	NFCORE_MAG:MAG:BINNING_PREPARATION:SHORTREAD_BINNING_PREPARATION:BOWTIE2_ASSEMBLY_BUILD (MEGAHIT-marine_sample_2)	COMPLETED	0	2026-09-14 00:10:24.229	4m 44s	4m 18s	90.9%	2.2 GB	2.4 GB	1.7 GB	664.3 MB
641	0d/0d0d91	59761181_1	NFCORE_MAG:MAG:BINNING_PREPARATION:SHORTREAD_BINNING_PREPARATION:BOWTIE2_ASSEMBLY_BUILD (MEGAHIT-marine_sample_3)	COMPLETED	0	2026-09-14 00:10:24.229	4m 44s	4m 14s	91.2%	2.2 GB	2.4 GB	1.7 GB	669.4 MB
2571	7e/c46598	59761698_17	NFCORE_MAG:MAG:BINNING_PREPARATION:SHORTREAD_BINNING_PREPARATION:BOWTIE2_ASSEMBLY_ALIGN (MEGAHIT-strain_sample_8-strain_sample_8)	COMPLETED	0	2026-09-14 00:15:11.202	4m 57s	4m 10s	750.7%	5.3 GB	7.9 GB	11.1 GB	9.3 GB
2607	ad/83e88d	59761698_53	NFCORE_MAG:MAG:BINNING_PREPARATION:SHORTREAD_BINNING_PREPARATION:BOWTIE2_ASSEMBLY_ALIGN (MEGAHIT-strain_sample_48-strain_sample_48)	COMPLETED	0	2026-09-14 00:15:11.203	4m 57s	4m 22s	761.1%	5.3 GB	7.9 GB	11.1 GB	9.3 GB
2587	93/6075b1	59761698_33	NFCORE_MAG:MAG:BINNING_PREPARATION:SHORTREAD_BINNING_PREPARATION:BOWTIE2_ASSEMBLY_ALIGN (MEGAHIT-strain_sample_28-strain_sample_28)	COMPLETED	0	2026-09-14 00:15:11.203	4m 57s	4m 26s	750.3%	5.2 GB	8 GB	11.1 GB	9.3 GB
2638	ab/33d3a5	59761698_84	NFCORE_MAG:MAG:BINNING_PREPARATION:SHORTREAD_BINNING_PREPARATION:BOWTIE2_ASSEMBLY_ALIGN (MEGAHIT-strain_sample_81-strain_sample_81)	COMPLETED	0	2026-09-14 00:15:11.203	4m 57s	4m 28s	758.9%	5.3 GB	7.9 GB	11.1 GB	9.3 GB
2574	e9/5147e5	59761698_25	NFCORE_MAG:MAG:BINNING_PREPARATION:SHORTREAD_BINNING_PREPARATION:BOWTIE2_ASSEMBLY_ALIGN (MEGAHIT-strain_sample_10-strain_sample_10)	COMPLETED	0	2026-09-14 00:15:11.202	5m 27s	4m 43s	754.8%	5.3 GB	8 GB	11.1 GB	9.3 GB
2580	bb/f1d385	59761698_27	NFCORE_MAG:MAG:BINNING_PREPARATION:SHORTREAD_BINNING_PREPARATION:BOWTIE2_ASSEMBLY_ALIGN (MEGAHIT-strain_sample_19-strain_sample_19)	COMPLETED	0	2026-09-14 00:15:11.203	5m 27s	5m	742.8%	5.2 GB	8 GB	11.1 GB	9.3 GB
2581	ab/eeef4b	59761698_29	NFCORE_MAG:MAG:BINNING_PREPARATION:SHORTREAD_BINNING_PREPARATION:BOWTIE2_ASSEMBLY_ALIGN (MEGAHIT-strain_sample_23-strain_sample_23)	COMPLETED	0	2026-09-14 00:15:11.203	5m 27s	4m 42s	750.7%	5.1 GB	7.9 GB	11.1 GB	9.3 GB
2604	88/d0e671	59761698_50	NFCORE_MAG:MAG:BINNING_PREPARATION:SHORTREAD_BINNING_PREPARATION:BOWTIE2_ASSEMBLY_ALIGN (MEGAHIT-strain_sample_50-strain_sample_50)	COMPLETED	0	2026-09-14 00:15:11.203	5m 27s	4m 49s	765.0%	5.3 GB	7.9 GB	11.2 GB	9.4 GB
2606	7e/8b7245	59761698_52	NFCORE_MAG:MAG:BINNING_PREPARATION:SHORTREAD_BINNING_PREPARATION:BOWTIE2_ASSEMBLY_ALIGN (MEGAHIT-strain_sample_51-strain_sample_51)	COMPLETED	0	2026-09-14 00:15:11.203	5m 27s	4m 43s	760.8%	5.3 GB	8 GB	11.1 GB	9.4 GB
2629	e7/1a2886	59761698_77	NFCORE_MAG:MAG:BINNING_PREPARATION:SHORTREAD_BINNING_PREPARATION:BOWTIE2_ASSEMBLY_ALIGN (MEGAHIT-strain_sample_76-strain_sample_76)	COMPLETED	0	2026-09-14 00:15:11.203	5m 27s	4m 46s	751.3%	5.3 GB	8 GB	11.1 GB	9.3 GB
2633	d5/a62051	59761698_81	NFCORE_MAG:MAG:BINNING_PREPARATION:SHORTREAD_BINNING_PREPARATION:BOWTIE2_ASSEMBLY_ALIGN (MEGAHIT-strain_sample_77-strain_sample_77)	COMPLETED	0	2026-09-14 00:15:11.203	5m 27s	4m 42s	749.2%	5.1 GB	7.9 GB	11.1 GB	9.3 GB
2636	05/bedaf0	59761698_82	NFCORE_MAG:MAG:BINNING_PREPARATION:SHORTREAD_BINNING_PREPARATION:BOWTIE2_ASSEMBLY_ALIGN (MEGAHIT-strain_sample_70-strain_sample_70)	COMPLETED	0	2026-09-14 00:15:11.203	5m 27s	4m 52s	765.0%	5.3 GB	7.9 GB	11.2 GB	9.4 GB
2605	3f/9d97b0	59761698_60	NFCORE_MAG:MAG:BINNING_PREPARATION:SHORTREAD_BINNING_PREPARATION:BOWTIE2_ASSEMBLY_ALIGN (MEGAHIT-strain_sample_46-strain_sample_46)	COMPLETED	0	2026-09-14 00:15:11.203	5m 27s	4m 43s	750.0%	5.3 GB	7.9 GB	11 GB	9.3 GB
2635	c0/627ae0	59761698_85	NFCORE_MAG:MAG:BINNING_PREPARATION:SHORTREAD_BINNING_PREPARATION:BOWTIE2_ASSEMBLY_ALIGN (MEGAHIT-strain_sample_80-strain_sample_80)	COMPLETED	0	2026-09-14 00:15:11.203	5m 27s	4m 54s	762.8%	5.3 GB	8 GB	11.1 GB	9.4 GB
2649	db/a9c781	59761698_97	NFCORE_MAG:MAG:BINNING_PREPARATION:SHORTREAD_BINNING_PREPARATION:BOWTIE2_ASSEMBLY_ALIGN (MEGAHIT-strain_sample_69-strain_sample_69)	COMPLETED	0	2026-09-14 00:15:11.203	5m 27s	4m 55s	750.8%	5.3 GB	8.2 GB	11.1 GB	9.4 GB
2562	63/43b0e8	59761698_10	NFCORE_MAG:MAG:BINNING_PREPARATION:SHORTREAD_BINNING_PREPARATION:BOWTIE2_ASSEMBLY_ALIGN (MEGAHIT-strain_sample_2-strain_sample_2)	COMPLETED	0	2026-09-14 00:15:11.202	5m 57s	5m 16s	758.5%	5.3 GB	7.9 GB	11.1 GB	9.3 GB
2573	5f/82812a	59761698_23	NFCORE_MAG:MAG:BINNING_PREPARATION:SHORTREAD_BINNING_PREPARATION:BOWTIE2_ASSEMBLY_ALIGN (MEGAHIT-strain_sample_14-strain_sample_14)	COMPLETED	0	2026-09-14 00:15:11.202	5m 57s	5m 10s	751.6%	5.2 GB	7.9 GB	11.1 GB	9.4 GB
2577	08/7f45b4	59761698_24	NFCORE_MAG:MAG:BINNING_PREPARATION:SHORTREAD_BINNING_PREPARATION:BOWTIE2_ASSEMBLY_ALIGN (MEGAHIT-strain_sample_16-strain_sample_16)	COMPLETED	0	2026-09-14 00:15:11.202	5m 57s	5m 18s	753.8%	5.2 GB	7.9 GB	11.1 GB	9.3 GB
2579	38/13b12b	59761698_26	NFCORE_MAG:MAG:BINNING_PREPARATION:SHORTREAD_BINNING_PREPARATION:BOWTIE2_ASSEMBLY_ALIGN (MEGAHIT-strain_sample_21-strain_sample_21)	COMPLETED	0	2026-09-14 00:15:11.202	5m 57s	5m 20s	758.1%	5.3 GB	8 GB	11.1 GB	9.4 GB
2582	24/cc664f	59761698_30	NFCORE_MAG:MAG:BINNING_PREPARATION:SHORTREAD_BINNING_PREPARATION:BOWTIE2_ASSEMBLY_ALIGN (MEGAHIT-strain_sample_24-strain_sample_24)	COMPLETED	0	2026-09-14 00:15:11.203	5m 57s	5m 25s	757.5%	5.2 GB	7.9 GB	11.1 GB	9.3 GB
2589	bc/32185f	59761698_35	NFCORE_MAG:MAG:BINNING_PREPARATION:SHORTREAD_BINNING_PREPARATION:BOWTIE2_ASSEMBLY_ALIGN (MEGAHIT-strain_sample_25-strain_sample_25)	COMPLETED	0	2026-09-14 00:15:11.203	5m 57s	5m 27s	749.4%	5.2 GB	7.9 GB	11.1 GB	9.3 GB
2593	02/75ddb3	59761698_41	NFCORE_MAG:MAG:BINNING_PREPARATION:SHORTREAD_BINNING_PREPARATION:BOWTIE2_ASSEMBLY_ALIGN (MEGAHIT-strain_sample_33-strain_sample_33)	COMPLETED	0	2026-09-14 00:15:11.203	5m 57s	5m 18s	759.8%	5.3 GB	7.9 GB	11.1 GB	9.4 GB
2596	a1/56a387	59761698_46	NFCORE_MAG:MAG:BINNING_PREPARATION:SHORTREAD_BINNING_PREPARATION:BOWTIE2_ASSEMBLY_ALIGN (MEGAHIT-strain_sample_38-strain_sample_38)	COMPLETED	0	2026-09-14 00:15:11.203	5m 57s	5m 22s	761.4%	5.3 GB	7.9 GB	11.1 GB	9.3 GB
2603	54/d000b4	59761698_51	NFCORE_MAG:MAG:BINNING_PREPARATION:SHORTREAD_BINNING_PREPARATION:BOWTIE2_ASSEMBLY_ALIGN (MEGAHIT-strain_sample_41-strain_sample_41)	COMPLETED	0	2026-09-14 00:15:11.203	5m 57s	5m 3s	760.1%	5.3 GB	8 GB	11.2 GB	9.4 GB
2601	91/5c0275	59761698_47	NFCORE_MAG:MAG:BINNING_PREPARATION:SHORTREAD_BINNING_PREPARATION:BOWTIE2_ASSEMBLY_ALIGN (MEGAHIT-strain_sample_37-strain_sample_37)	COMPLETED	0	2026-09-14 00:15:11.203	5m 57s	5m 26s	761.4%	5.3 GB	7.9 GB	11.1 GB	9.3 GB
2623	3e/c7ddb4	59761698_68	NFCORE_MAG:MAG:BINNING_PREPARATION:SHORTREAD_BINNING_PREPARATION:BOWTIE2_ASSEMBLY_ALIGN (MEGAHIT-strain_sample_67-strain_sample_67)	COMPLETED	0	2026-09-14 00:15:11.203	5m 57s	5m 11s	751.9%	5.3 GB	7.9 GB	11.1 GB	9.3 GB
2617	b7/b0d8e4	59761698_65	NFCORE_MAG:MAG:BINNING_PREPARATION:SHORTREAD_BINNING_PREPARATION:BOWTIE2_ASSEMBLY_ALIGN (MEGAHIT-strain_sample_57-strain_sample_57)	COMPLETED	0	2026-09-14 00:15:11.203	5m 57s	5m 23s	755.7%	5.3 GB	7.9 GB	11 GB	9.3 GB
2628	53/130a2e	59761698_74	NFCORE_MAG:MAG:BINNING_PREPARATION:SHORTREAD_BINNING_PREPARATION:BOWTIE2_ASSEMBLY_ALIGN (MEGAHIT-strain_sample_68-strain_sample_68)	COMPLETED	0	2026-09-14 00:15:11.203	5m 57s	5m 5s	760.3%	5.2 GB	8 GB	11.1 GB	9.3 GB
2626	b8/b47fb1	59761698_75	NFCORE_MAG:MAG:BINNING_PREPARATION:SHORTREAD_BINNING_PREPARATION:BOWTIE2_ASSEMBLY_ALIGN (MEGAHIT-strain_sample_64-strain_sample_64)	COMPLETED	0	2026-09-14 00:15:11.203	5m 57s	5m 11s	759.7%	5.2 GB	8.1 GB	11.1 GB	9.3 GB
2634	38/f45387	59761698_80	NFCORE_MAG:MAG:BINNING_PREPARATION:SHORTREAD_BINNING_PREPARATION:BOWTIE2_ASSEMBLY_ALIGN (MEGAHIT-strain_sample_73-strain_sample_73)	COMPLETED	0	2026-09-14 00:15:11.203	5m 57s	5m 6s	750.4%	5.3 GB	8 GB	11.1 GB	9.3 GB
2631	1d/15a91e	59761698_79	NFCORE_MAG:MAG:BINNING_PREPARATION:SHORTREAD_BINNING_PREPARATION:BOWTIE2_ASSEMBLY_ALIGN (MEGAHIT-strain_sample_78-strain_sample_78)	COMPLETED	0	2026-09-14 00:15:11.203	5m 57s	5m 6s	758.8%	5.3 GB	7.9 GB	11.1 GB	9.4 GB
2632	4c/158fe4	59761698_83	NFCORE_MAG:MAG:BINNING_PREPARATION:SHORTREAD_BINNING_PREPARATION:BOWTIE2_ASSEMBLY_ALIGN (MEGAHIT-strain_sample_71-strain_sample_71)	COMPLETED	0	2026-09-14 00:15:11.203	5m 57s	5m 25s	765.3%	5.3 GB	7.9 GB	11.1 GB	9.4 GB
2640	f1/a9408d	59761698_87	NFCORE_MAG:MAG:BINNING_PREPARATION:SHORTREAD_BINNING_PREPARATION:BOWTIE2_ASSEMBLY_ALIGN (MEGAHIT-strain_sample_79-strain_sample_79)	COMPLETED	0	2026-09-14 00:15:11.203	5m 57s	5m 10s	763.0%	5.3 GB	7.9 GB	11.1 GB	9.4 GB
2627	83/e3c737	59761698_76	NFCORE_MAG:MAG:BINNING_PREPARATION:SHORTREAD_BINNING_PREPARATION:BOWTIE2_ASSEMBLY_ALIGN (MEGAHIT-strain_sample_72-strain_sample_72)	COMPLETED	0	2026-09-14 00:15:11.203	5m 57s	5m 16s	757.7%	5.3 GB	7.9 GB	11.1 GB	9.3 GB
2641	d1/5b1d5e	59761698_89	NFCORE_MAG:MAG:BINNING_PREPARATION:SHORTREAD_BINNING_PREPARATION:BOWTIE2_ASSEMBLY_ALIGN (MEGAHIT-strain_sample_90-strain_sample_90)	COMPLETED	0	2026-09-14 00:15:11.203	5m 57s	5m 27s	757.4%	5.3 GB	7.9 GB	11.1 GB	9.4 GB
2644	27/2b04dc	59761698_92	NFCORE_MAG:MAG:BINNING_PREPARATION:SHORTREAD_BINNING_PREPARATION:BOWTIE2_ASSEMBLY_ALIGN (MEGAHIT-strain_sample_87-strain_sample_87)	COMPLETED	0	2026-09-14 00:15:11.203	5m 57s	5m 23s	757.2%	5.3 GB	7.9 GB	11.1 GB	9.3 GB
2647	5f/ef999a	59761698_96	NFCORE_MAG:MAG:BINNING_PREPARATION:SHORTREAD_BINNING_PREPARATION:BOWTIE2_ASSEMBLY_ALIGN (MEGAHIT-strain_sample_52-strain_sample_52)	COMPLETED	0	2026-09-14 00:15:11.203	5m 57s	5m 18s	760.1%	5.3 GB	7.9 GB	11.1 GB	9.4 GB
2625	25/a8cee0	59761698_73	NFCORE_MAG:MAG:BINNING_PREPARATION:SHORTREAD_BINNING_PREPARATION:BOWTIE2_ASSEMBLY_ALIGN (MEGAHIT-strain_sample_63-strain_sample_63)	COMPLETED	0	2026-09-14 00:15:11.203	5m 57s	5m 25s	751.8%	5.2 GB	7.9 GB	11.1 GB	9.3 GB
2560	5e/ad0715	59761698_8	NFCORE_MAG:MAG:BINNING_PREPARATION:SHORTREAD_BINNING_PREPARATION:BOWTIE2_ASSEMBLY_ALIGN (MEGAHIT-strain_sample_3-strain_sample_3)	COMPLETED	0	2026-09-14 00:15:11.202	6m 27s	6m 1s	756.0%	5.2 GB	8.1 GB	11.1 GB	9.4 GB
2561	4d/bc236b	59761698_9	NFCORE_MAG:MAG:BINNING_PREPARATION:SHORTREAD_BINNING_PREPARATION:BOWTIE2_ASSEMBLY_ALIGN (MEGAHIT-strain_sample_1-strain_sample_1)	COMPLETED	0	2026-09-14 00:15:11.202	6m 27s	5m 43s	758.9%	5.3 GB	7.9 GB	11.1 GB	9.4 GB
2567	6e/8e8d45	59761698_15	NFCORE_MAG:MAG:BINNING_PREPARATION:SHORTREAD_BINNING_PREPARATION:BOWTIE2_ASSEMBLY_ALIGN (MEGAHIT-strain_sample_6-strain_sample_6)	COMPLETED	0	2026-09-14 00:15:11.202	6m 27s	6m 2s	752.2%	5.2 GB	7.9 GB	11.1 GB	9.3 GB
2578	7a/4ab775	59761698_28	NFCORE_MAG:MAG:BINNING_PREPARATION:SHORTREAD_BINNING_PREPARATION:BOWTIE2_ASSEMBLY_ALIGN (MEGAHIT-strain_sample_17-strain_sample_17)	COMPLETED	0	2026-09-14 00:15:11.203	6m 27s	5m 36s	755.3%	5.2 GB	7.9 GB	11.1 GB	9.4 GB
2575	a2/402ca4	59761698_21	NFCORE_MAG:MAG:BINNING_PREPARATION:SHORTREAD_BINNING_PREPARATION:BOWTIE2_ASSEMBLY_ALIGN (MEGAHIT-strain_sample_18-strain_sample_18)	COMPLETED	0	2026-09-14 00:15:11.202	6m 27s	5m 51s	749.4%	5.3 GB	7.9 GB	11.1 GB	9.3 GB
2583	0f/efbe97	59761698_31	NFCORE_MAG:MAG:BINNING_PREPARATION:SHORTREAD_BINNING_PREPARATION:BOWTIE2_ASSEMBLY_ALIGN (MEGAHIT-strain_sample_20-strain_sample_20)	COMPLETED	0	2026-09-14 00:15:11.203	6m 27s	6m 2s	756.5%	5.2 GB	7.9 GB	11.1 GB	9.4 GB
2591	95/99059c	59761698_39	NFCORE_MAG:MAG:BINNING_PREPARATION:SHORTREAD_BINNING_PREPARATION:BOWTIE2_ASSEMBLY_ALIGN (MEGAHIT-strain_sample_27-strain_sample_27)	COMPLETED	0	2026-09-14 00:15:11.203	6m 27s	5m 42s	761.6%	5.3 GB	7.9 GB	11.1 GB	9.4 GB
2588	a8/83d70e	59761698_34	NFCORE_MAG:MAG:BINNING_PREPARATION:SHORTREAD_BINNING_PREPARATION:BOWTIE2_ASSEMBLY_ALIGN (MEGAHIT-strain_sample_30-strain_sample_30)	COMPLETED	0	2026-09-14 00:15:11.203	6m 27s	5m 53s	741.3%	5.1 GB	7.9 GB	11.1 GB	9.4 GB
2586	d4/3b1646	59761698_37	NFCORE_MAG:MAG:BINNING_PREPARATION:SHORTREAD_BINNING_PREPARATION:BOWTIE2_ASSEMBLY_ALIGN (MEGAHIT-strain_sample_31-strain_sample_31)	COMPLETED	0	2026-09-14 00:15:11.203	6m 27s	5m 44s	746.2%	5.2 GB	7.9 GB	11.1 GB	9.3 GB
2585	61/4502e4	59761698_32	NFCORE_MAG:MAG:BINNING_PREPARATION:SHORTREAD_BINNING_PREPARATION:BOWTIE2_ASSEMBLY_ALIGN (MEGAHIT-strain_sample_26-strain_sample_26)	COMPLETED	0	2026-09-14 00:15:11.203	6m 27s	5m 50s	752.5%	5.2 GB	7.9 GB	11.1 GB	9.4 GB
2590	f4/e623f3	59761698_36	NFCORE_MAG:MAG:BINNING_PREPARATION:SHORTREAD_BINNING_PREPARATION:BOWTIE2_ASSEMBLY_ALIGN (MEGAHIT-strain_sample_32-strain_sample_32)	COMPLETED	0	2026-09-14 00:15:11.203	6m 27s	5m 56s	761.5%	5.3 GB	7.9 GB	11.1 GB	9.4 GB
2595	60/4efd13	59761698_42	NFCORE_MAG:MAG:BINNING_PREPARATION:SHORTREAD_BINNING_PREPARATION:BOWTIE2_ASSEMBLY_ALIGN (MEGAHIT-strain_sample_34-strain_sample_34)	COMPLETED	0	2026-09-14 00:15:11.203	6m 27s	5m 47s	763.9%	5.3 GB	7.9 GB	11.1 GB	9.4 GB
2584	3c/b39f0d	59761698_38	NFCORE_MAG:MAG:BINNING_PREPARATION:SHORTREAD_BINNING_PREPARATION:BOWTIE2_ASSEMBLY_ALIGN (MEGAHIT-strain_sample_22-strain_sample_22)	COMPLETED	0	2026-09-14 00:15:11.203	6m 27s	5m 58s	761.2%	5.3 GB	7.9 GB	11.2 GB	9.4 GB
2600	4b/a19bcf	59761698_49	NFCORE_MAG:MAG:BINNING_PREPARATION:SHORTREAD_BINNING_PREPARATION:BOWTIE2_ASSEMBLY_ALIGN (MEGAHIT-strain_sample_42-strain_sample_42)	COMPLETED	0	2026-09-14 00:15:11.203	6m 27s	5m 43s	759.8%	5.3 GB	7.9 GB	11.1 GB	9.3 GB
2609	46/f4b752	59761698_56	NFCORE_MAG:MAG:BINNING_PREPARATION:SHORTREAD_BINNING_PREPARATION:BOWTIE2_ASSEMBLY_ALIGN (MEGAHIT-strain_sample_49-strain_sample_49)	COMPLETED	0	2026-09-14 00:15:11.203	6m 27s	5m 47s	760.6%	5.3 GB	7.9 GB	11.1 GB	9.3 GB
2608	33/2a1133	59761698_55	NFCORE_MAG:MAG:BINNING_PREPARATION:SHORTREAD_BINNING_PREPARATION:BOWTIE2_ASSEMBLY_ALIGN (MEGAHIT-strain_sample_53-strain_sample_53)	COMPLETED	0	2026-09-14 00:15:11.203	6m 27s	5m 57s	762.1%	5.3 GB	8 GB	11.1 GB	9.4 GB
2598	1e/666193	59761698_45	NFCORE_MAG:MAG:BINNING_PREPARATION:SHORTREAD_BINNING_PREPARATION:BOWTIE2_ASSEMBLY_ALIGN (MEGAHIT-strain_sample_40-strain_sample_40)	COMPLETED	0	2026-09-14 00:15:11.203	6m 27s	5m 50s	763.8%	5.3 GB	7.9 GB	11.2 GB	9.4 GB
2610	6d/c3a30b	59761698_57	NFCORE_MAG:MAG:BINNING_PREPARATION:SHORTREAD_BINNING_PREPARATION:BOWTIE2_ASSEMBLY_ALIGN (MEGAHIT-strain_sample_43-strain_sample_43)	COMPLETED	0	2026-09-14 00:15:11.203	6m 27s	5m 30s	756.9%	5.3 GB	7.9 GB	11.1 GB	9.3 GB
2614	4d/c8fe16	59761698_62	NFCORE_MAG:MAG:BINNING_PREPARATION:SHORTREAD_BINNING_PREPARATION:BOWTIE2_ASSEMBLY_ALIGN (MEGAHIT-strain_sample_56-strain_sample_56)	COMPLETED	0	2026-09-14 00:15:11.203	6m 27s	5m 42s	758.6%	5.3 GB	7.9 GB	11.1 GB	9.4 GB
2611	4c/cc8a6a	59761698_63	NFCORE_MAG:MAG:BINNING_PREPARATION:SHORTREAD_BINNING_PREPARATION:BOWTIE2_ASSEMBLY_ALIGN (MEGAHIT-strain_sample_44-strain_sample_44)	COMPLETED	0	2026-09-14 00:15:11.203	6m 27s	5m 39s	757.1%	5.3 GB	7.9 GB	11.1 GB	9.4 GB
2630	7c/414079	59761698_78	NFCORE_MAG:MAG:BINNING_PREPARATION:SHORTREAD_BINNING_PREPARATION:BOWTIE2_ASSEMBLY_ALIGN (MEGAHIT-strain_sample_83-strain_sample_83)	COMPLETED	0	2026-09-14 00:15:11.203	6m 27s	5m 40s	757.6%	5.3 GB	7.9 GB	11.2 GB	9.4 GB
2615	8b/78cd6a	59761698_61	NFCORE_MAG:MAG:BINNING_PREPARATION:SHORTREAD_BINNING_PREPARATION:BOWTIE2_ASSEMBLY_ALIGN (MEGAHIT-strain_sample_58-strain_sample_58)	COMPLETED	0	2026-09-14 00:15:11.203	6m 27s	5m 41s	759.1%	5.3 GB	8 GB	11.1 GB	9.4 GB
2612	2b/c9fc84	59761698_58	NFCORE_MAG:MAG:BINNING_PREPARATION:SHORTREAD_BINNING_PREPARATION:BOWTIE2_ASSEMBLY_ALIGN (MEGAHIT-strain_sample_55-strain_sample_55)	COMPLETED	0	2026-09-14 00:15:11.203	6m 27s	5m 37s	758.3%	5.3 GB	7.9 GB	11.1 GB	9.3 GB
2637	c3/f38dcf	59761698_86	NFCORE_MAG:MAG:BINNING_PREPARATION:SHORTREAD_BINNING_PREPARATION:BOWTIE2_ASSEMBLY_ALIGN (MEGAHIT-strain_sample_84-strain_sample_84)	COMPLETED	0	2026-09-14 00:15:11.203	6m 27s	5m 44s	759.9%	5.2 GB	7.9 GB	11.2 GB	9.4 GB
2639	da/499f55	59761698_88	NFCORE_MAG:MAG:BINNING_PREPARATION:SHORTREAD_BINNING_PREPARATION:BOWTIE2_ASSEMBLY_ALIGN (MEGAHIT-strain_sample_85-strain_sample_85)	COMPLETED	0	2026-09-14 00:15:11.203	6m 27s	5m 44s	760.5%	5.3 GB	7.9 GB	11.1 GB	9.4 GB
2619	93/16e72b	59761698_67	NFCORE_MAG:MAG:BINNING_PREPARATION:SHORTREAD_BINNING_PREPARATION:BOWTIE2_ASSEMBLY_ALIGN (MEGAHIT-strain_sample_47-strain_sample_47)	COMPLETED	0	2026-09-14 00:15:11.203	6m 27s	5m 36s	757.4%	5.3 GB	7.9 GB	11.1 GB	9.3 GB
2618	fb/e29ee1	59761698_66	NFCORE_MAG:MAG:BINNING_PREPARATION:SHORTREAD_BINNING_PREPARATION:BOWTIE2_ASSEMBLY_ALIGN (MEGAHIT-strain_sample_62-strain_sample_62)	COMPLETED	0	2026-09-14 00:15:11.203	6m 27s	5m 48s	760.7%	5.3 GB	8.1 GB	11.1 GB	9.4 GB
2645	a0/142ee6	59761698_93	NFCORE_MAG:MAG:BINNING_PREPARATION:SHORTREAD_BINNING_PREPARATION:BOWTIE2_ASSEMBLY_ALIGN (MEGAHIT-strain_sample_86-strain_sample_86)	COMPLETED	0	2026-09-14 00:15:11.203	6m 27s	5m 36s	756.6%	5.3 GB	8 GB	11.1 GB	9.4 GB
2648	10/3deb43	59761698_95	NFCORE_MAG:MAG:BINNING_PREPARATION:SHORTREAD_BINNING_PREPARATION:BOWTIE2_ASSEMBLY_ALIGN (MEGAHIT-strain_sample_75-strain_sample_75)	COMPLETED	0	2026-09-14 00:15:11.203	6m 27s	5m 56s	757.9%	5.2 GB	8.1 GB	11.2 GB	9.4 GB
2616	a2/2b7874	59761698_64	NFCORE_MAG:MAG:BINNING_PREPARATION:SHORTREAD_BINNING_PREPARATION:BOWTIE2_ASSEMBLY_ALIGN (MEGAHIT-strain_sample_54-strain_sample_54)	COMPLETED	0	2026-09-14 00:15:11.203	6m 27s	5m 46s	760.3%	5.3 GB	7.9 GB	11.1 GB	9.4 GB
2642	10/c6ce1b	59761698_91	NFCORE_MAG:MAG:BINNING_PREPARATION:SHORTREAD_BINNING_PREPARATION:BOWTIE2_ASSEMBLY_ALIGN (MEGAHIT-strain_sample_82-strain_sample_82)	COMPLETED	0	2026-09-14 00:15:11.203	6m 27s	5m 52s	760.9%	5.3 GB	7.9 GB	11.1 GB	9.4 GB
2564	10/758b93	59761698_12	NFCORE_MAG:MAG:BINNING_PREPARATION:SHORTREAD_BINNING_PREPARATION:BOWTIE2_ASSEMBLY_ALIGN (MEGAHIT-strain_sample_4-strain_sample_4)	COMPLETED	0	2026-09-14 00:15:11.202	6m 57s	6m 7s	750.1%	5.2 GB	7.9 GB	11.1 GB	9.4 GB
2565	fa/97128d	59761698_13	NFCORE_MAG:MAG:BINNING_PREPARATION:SHORTREAD_BINNING_PREPARATION:BOWTIE2_ASSEMBLY_ALIGN (MEGAHIT-strain_sample_0-strain_sample_0)	COMPLETED	0	2026-09-14 00:15:11.202	6m 57s	6m 22s	754.7%	5.3 GB	8 GB	11.1 GB	9.4 GB
2563	fc/b14c4a	59761698_11	NFCORE_MAG:MAG:BINNING_PREPARATION:SHORTREAD_BINNING_PREPARATION:BOWTIE2_ASSEMBLY_ALIGN (MEGAHIT-strain_sample_5-strain_sample_5)	COMPLETED	0	2026-09-14 00:15:11.202	6m 57s	6m 10s	752.0%	5.2 GB	7.9 GB	11.1 GB	9.4 GB
2570	1c/02c1f2	59761698_19	NFCORE_MAG:MAG:BINNING_PREPARATION:SHORTREAD_BINNING_PREPARATION:BOWTIE2_ASSEMBLY_ALIGN (MEGAHIT-strain_sample_12-strain_sample_12)	COMPLETED	0	2026-09-14 00:15:11.202	6m 57s	6m 2s	756.5%	5.3 GB	7.9 GB	11.1 GB	9.4 GB
2569	fa/0c8dfa	59761698_18	NFCORE_MAG:MAG:BINNING_PREPARATION:SHORTREAD_BINNING_PREPARATION:BOWTIE2_ASSEMBLY_ALIGN (MEGAHIT-strain_sample_9-strain_sample_9)	COMPLETED	0	2026-09-14 00:15:11.202	6m 57s	6m 9s	758.3%	5.2 GB	7.9 GB	11.1 GB	9.4 GB
2572	c7/54c56d	59761698_20	NFCORE_MAG:MAG:BINNING_PREPARATION:SHORTREAD_BINNING_PREPARATION:BOWTIE2_ASSEMBLY_ALIGN (MEGAHIT-strain_sample_13-strain_sample_13)	COMPLETED	0	2026-09-14 00:15:11.202	6m 57s	6m 26s	756.8%	5.2 GB	7.9 GB	11.2 GB	9.4 GB
2592	8c/e1e619	59761698_40	NFCORE_MAG:MAG:BINNING_PREPARATION:SHORTREAD_BINNING_PREPARATION:BOWTIE2_ASSEMBLY_ALIGN (MEGAHIT-strain_sample_35-strain_sample_35)	COMPLETED	0	2026-09-14 00:15:11.203	6m 57s	6m 3s	765.9%	5.3 GB	8 GB	11.2 GB	9.4 GB
2594	b7/754455	59761698_43	NFCORE_MAG:MAG:BINNING_PREPARATION:SHORTREAD_BINNING_PREPARATION:BOWTIE2_ASSEMBLY_ALIGN (MEGAHIT-strain_sample_29-strain_sample_29)	COMPLETED	0	2026-09-14 00:15:11.203	6m 57s	6m 6s	764.3%	5.3 GB	7.9 GB	11.1 GB	9.4 GB
2576	06/b0e069	59761698_22	NFCORE_MAG:MAG:BINNING_PREPARATION:SHORTREAD_BINNING_PREPARATION:BOWTIE2_ASSEMBLY_ALIGN (MEGAHIT-strain_sample_15-strain_sample_15)	COMPLETED	0	2026-09-14 00:15:11.202	6m 57s	6m 12s	755.1%	5.2 GB	8 GB	11.1 GB	9.4 GB
2597	0a/5658a5	59761698_44	NFCORE_MAG:MAG:BINNING_PREPARATION:SHORTREAD_BINNING_PREPARATION:BOWTIE2_ASSEMBLY_ALIGN (MEGAHIT-strain_sample_39-strain_sample_39)	COMPLETED	0	2026-09-14 00:15:11.203	6m 57s	6m 22s	762.5%	5.2 GB	7.9 GB	11.2 GB	9.4 GB
2602	b2/18e103	59761698_54	NFCORE_MAG:MAG:BINNING_PREPARATION:SHORTREAD_BINNING_PREPARATION:BOWTIE2_ASSEMBLY_ALIGN (MEGAHIT-strain_sample_45-strain_sample_45)	COMPLETED	0	2026-09-14 00:15:11.203	6m 57s	6m 16s	763.1%	5.3 GB	7.9 GB	11.1 GB	9.4 GB
2599	39/a4e617	59761698_48	NFCORE_MAG:MAG:BINNING_PREPARATION:SHORTREAD_BINNING_PREPARATION:BOWTIE2_ASSEMBLY_ALIGN (MEGAHIT-strain_sample_36-strain_sample_36)	COMPLETED	0	2026-09-14 00:15:11.203	6m 57s	6m 30s	758.2%	5.2 GB	7.9 GB	11.1 GB	9.4 GB
2613	e3/f23788	59761698_59	NFCORE_MAG:MAG:BINNING_PREPARATION:SHORTREAD_BINNING_PREPARATION:BOWTIE2_ASSEMBLY_ALIGN (MEGAHIT-strain_sample_59-strain_sample_59)	COMPLETED	0	2026-09-14 00:15:11.203	6m 57s	6m 24s	757.3%	5.2 GB	7.9 GB	11.2 GB	9.4 GB
2620	6f/dd84e8	59761698_70	NFCORE_MAG:MAG:BINNING_PREPARATION:SHORTREAD_BINNING_PREPARATION:BOWTIE2_ASSEMBLY_ALIGN (MEGAHIT-strain_sample_66-strain_sample_66)	COMPLETED	0	2026-09-14 00:15:11.203	6m 57s	6m 12s	761.2%	5.3 GB	8.1 GB	11.1 GB	9.4 GB
2643	f0/8fe034	59761698_90	NFCORE_MAG:MAG:BINNING_PREPARATION:SHORTREAD_BINNING_PREPARATION:BOWTIE2_ASSEMBLY_ALIGN (MEGAHIT-strain_sample_88-strain_sample_88)	COMPLETED	0	2026-09-14 00:15:11.203	6m 57s	6m 10s	761.2%	5.2 GB	7.9 GB	11.2 GB	9.4 GB
2624	f0/471cf0	59761698_72	NFCORE_MAG:MAG:BINNING_PREPARATION:SHORTREAD_BINNING_PREPARATION:BOWTIE2_ASSEMBLY_ALIGN (MEGAHIT-strain_sample_61-strain_sample_61)	COMPLETED	0	2026-09-14 00:15:11.203	6m 57s	6m 4s	754.9%	5.2 GB	7.9 GB	11.1 GB	9.3 GB
2646	d8/f9e024	59761698_94	NFCORE_MAG:MAG:BINNING_PREPARATION:SHORTREAD_BINNING_PREPARATION:BOWTIE2_ASSEMBLY_ALIGN (MEGAHIT-strain_sample_74-strain_sample_74)	COMPLETED	0	2026-09-14 00:15:11.203	6m 57s	6m 13s	762.0%	5.3 GB	7.9 GB	11.2 GB	9.4 GB
2622	a9/ff9ee9	59761698_69	NFCORE_MAG:MAG:BINNING_PREPARATION:SHORTREAD_BINNING_PREPARATION:BOWTIE2_ASSEMBLY_ALIGN (MEGAHIT-strain_sample_60-strain_sample_60)	COMPLETED	0	2026-09-14 00:15:11.203	6m 57s	6m 7s	763.3%	5.3 GB	7.9 GB	11.2 GB	9.4 GB
2568	78/ea4c16	59761698_16	NFCORE_MAG:MAG:BINNING_PREPARATION:SHORTREAD_BINNING_PREPARATION:BOWTIE2_ASSEMBLY_ALIGN (MEGAHIT-strain_sample_11-strain_sample_11)	COMPLETED	0	2026-09-14 00:15:11.202	7m 27s	6m 33s	762.2%	5.2 GB	7.9 GB	11.2 GB	9.4 GB
2621	ca/1e38b5	59761698_71	NFCORE_MAG:MAG:BINNING_PREPARATION:SHORTREAD_BINNING_PREPARATION:BOWTIE2_ASSEMBLY_ALIGN (MEGAHIT-strain_sample_65-strain_sample_65)	COMPLETED	0	2026-09-14 00:15:11.203	7m 27s	6m 36s	763.2%	5.3 GB	7.9 GB	11.1 GB	9.4 GB
2566	ae/66e4ee	59761698_14	NFCORE_MAG:MAG:BINNING_PREPARATION:SHORTREAD_BINNING_PREPARATION:BOWTIE2_ASSEMBLY_ALIGN (MEGAHIT-strain_sample_7-strain_sample_7)	COMPLETED	0	2026-09-14 00:15:11.202	7m 57s	7m 10s	751.4%	5.2 GB	7.9 GB	11.2 GB	9.4 GB
2650	a9/82f423	59761698_98	NFCORE_MAG:MAG:BINNING_PREPARATION:SHORTREAD_BINNING_PREPARATION:BOWTIE2_ASSEMBLY_ALIGN (MEGAHIT-toy_mousegut_sample_22-toy_mousegut_sample_22)	COMPLETED	0	2026-09-14 00:15:11.203	10m 57s	10m 8s	754.7%	7.3 GB	9.6 GB	30.2 GB	25.7 GB
679	6e/ffb2be	59761698_0	NFCORE_MAG:MAG:BINNING_PREPARATION:SHORTREAD_BINNING_PREPARATION:BOWTIE2_ASSEMBLY_ALIGN (MEGAHIT-marine_sample_4-marine_sample_4)	COMPLETED	0	2026-09-14 00:15:11.202	11m 27s	10m 40s	739.0%	7.4 GB	9.8 GB	30.2 GB	25.6 GB
692	6b/c4cd8b	59761698_1	NFCORE_MAG:MAG:BINNING_PREPARATION:SHORTREAD_BINNING_PREPARATION:BOWTIE2_ASSEMBLY_ALIGN (MEGAHIT-marine_sample_9-marine_sample_9)	COMPLETED	0	2026-09-14 00:15:11.202	11m 27s	10m 45s	748.3%	7.7 GB	10 GB	30.3 GB	25.7 GB
2231	92/a1abd6	59761698_5	NFCORE_MAG:MAG:BINNING_PREPARATION:SHORTREAD_BINNING_PREPARATION:BOWTIE2_ASSEMBLY_ALIGN (MEGAHIT-toy_mousegut_sample_30-toy_mousegut_sample_30)	COMPLETED	0	2026-09-14 00:15:11.202	11m 27s	10m 35s	738.5%	7.1 GB	9.3 GB	30.1 GB	25.6 GB
2249	97/4c30e3	59761698_6	NFCORE_MAG:MAG:BINNING_PREPARATION:SHORTREAD_BINNING_PREPARATION:BOWTIE2_ASSEMBLY_ALIGN (MEGAHIT-toy_mousegut_sample_34-toy_mousegut_sample_34)	COMPLETED	0	2026-09-14 00:15:11.202	11m 27s	10m 44s	751.2%	7.4 GB	9.7 GB	30.2 GB	25.7 GB
2100	20/e5c04d	59761698_3	NFCORE_MAG:MAG:BINNING_PREPARATION:SHORTREAD_BINNING_PREPARATION:BOWTIE2_ASSEMBLY_ALIGN (MEGAHIT-toy_mousegut_sample_24-toy_mousegut_sample_24)	COMPLETED	0	2026-09-14 00:15:11.202	11m 57s	11m 29s	747.6%	7.2 GB	9.5 GB	30.2 GB	25.7 GB
2651	6c/9b71dd	59761698_99	NFCORE_MAG:MAG:BINNING_PREPARATION:SHORTREAD_BINNING_PREPARATION:BOWTIE2_ASSEMBLY_ALIGN (MEGAHIT-toy_hmp_airskinurogenital_sample_27-toy_hmp_airskinurogenital_sample_27)	COMPLETED	0	2026-09-14 00:15:11.203	11m 58s	11m 23s	758.6%	7.2 GB	9.6 GB	30.4 GB	26 GB
2214	64/08636c	59761698_4	NFCORE_MAG:MAG:BINNING_PREPARATION:SHORTREAD_BINNING_PREPARATION:BOWTIE2_ASSEMBLY_ALIGN (MEGAHIT-toy_mousegut_sample_33-toy_mousegut_sample_33)	COMPLETED	0	2026-09-14 00:15:11.202	12m 27s	11m 41s	752.5%	7.2 GB	9.7 GB	30.3 GB	25.8 GB
2353	98/36e29b	59761698_7	NFCORE_MAG:MAG:BINNING_PREPARATION:SHORTREAD_BINNING_PREPARATION:BOWTIE2_ASSEMBLY_ALIGN (MEGAHIT-toy_mousegut_sample_55-toy_mousegut_sample_55)	COMPLETED	0	2026-09-14 00:15:11.202	12m 57s	12m 8s	749.8%	6.9 GB	9.1 GB	29.4 GB	25.2 GB
1406	f0/aa4274	59761698_2	NFCORE_MAG:MAG:BINNING_PREPARATION:SHORTREAD_BINNING_PREPARATION:BOWTIE2_ASSEMBLY_ALIGN (MEGAHIT-toy_hmp_airskinurogenital_sample_19-toy_hmp_airskinurogenital_sample_19)	COMPLETED	0	2026-09-14 00:15:11.202	14m 57s	14m 23s	750.4%	7.3 GB	9.7 GB	30.7 GB	26.2 GB
2654	ff/5c0121	59762267_1	NFCORE_MAG:MAG:BINNING_PREPARATION:SHORTREAD_BINNING_PREPARATION:BOWTIE2_ASSEMBLY_ALIGN (MEGAHIT-marine_sample_0-marine_sample_0)	COMPLETED	0	2026-09-14 00:20:47.282	11m 21s	9m 41s	753.2%	7.6 GB	9.9 GB	30.3 GB	25.6 GB
2652	ef/2f13b9	59762267_0	NFCORE_MAG:MAG:BINNING_PREPARATION:SHORTREAD_BINNING_PREPARATION:BOWTIE2_ASSEMBLY_ALIGN (MEGAHIT-marine_sample_5-marine_sample_5)	COMPLETED	0	2026-09-14 00:20:47.282	12m 21s	10m 32s	745.7%	7.6 GB	9.7 GB	30.2 GB	25.5 GB
2657	7a/50924e	59762267_4	NFCORE_MAG:MAG:BINNING_PREPARATION:SHORTREAD_BINNING_PREPARATION:BOWTIE2_ASSEMBLY_ALIGN (MEGAHIT-marine_sample_8-marine_sample_8)	COMPLETED	0	2026-09-14 00:20:47.282	13m 21s	11m 41s	740.7%	7.8 GB	10 GB	30.2 GB	25.5 GB
2655	cd/3d8c91	59762267_3	NFCORE_MAG:MAG:BINNING_PREPARATION:SHORTREAD_BINNING_PREPARATION:BOWTIE2_ASSEMBLY_ALIGN (MEGAHIT-marine_sample_7-marine_sample_7)	COMPLETED	0	2026-09-14 00:20:47.282	13m 21s	11m 49s	737.9%	7.7 GB	10 GB	30.3 GB	25.6 GB
2658	34/d12213	59762267_6	NFCORE_MAG:MAG:BINNING_PREPARATION:SHORTREAD_BINNING_PREPARATION:BOWTIE2_ASSEMBLY_ALIGN (MEGAHIT-marine_sample_2-marine_sample_2)	COMPLETED	0	2026-09-14 00:20:47.282	13m 21s	11m 53s	739.4%	7.6 GB	9.9 GB	30.3 GB	25.6 GB
2656	a3/9d3292	59762267_5	NFCORE_MAG:MAG:BINNING_PREPARATION:SHORTREAD_BINNING_PREPARATION:BOWTIE2_ASSEMBLY_ALIGN (MEGAHIT-marine_sample_6-marine_sample_6)	COMPLETED	0	2026-09-14 00:20:47.282	13m 51s	12m 1s	744.0%	7.7 GB	10 GB	30.3 GB	25.6 GB
2653	dc/2274bd	59762267_2	NFCORE_MAG:MAG:BINNING_PREPARATION:SHORTREAD_BINNING_PREPARATION:BOWTIE2_ASSEMBLY_ALIGN (MEGAHIT-marine_sample_1-marine_sample_1)	COMPLETED	0	2026-09-14 00:20:47.282	13m 51s	12m 24s	736.6%	7.6 GB	10.1 GB	30.4 GB	25.6 GB
2659	c0/2734ab	59762267_7	NFCORE_MAG:MAG:BINNING_PREPARATION:SHORTREAD_BINNING_PREPARATION:BOWTIE2_ASSEMBLY_ALIGN (MEGAHIT-marine_sample_3-marine_sample_3)	COMPLETED	0	2026-09-14 00:20:47.282	13m 51s	12m 3s	743.7%	7.7 GB	10 GB	30.2 GB	25.5 GB
677	56/401cc6	59763149_2	NFCORE_MAG:MAG:PRODIGAL (MEGAHIT-strain_sample_2)	COMPLETED	0	2026-09-14 00:34:41.206	3m 57s	2m 7s	92.5%	49.5 MB	118.3 MB	302.4 MB	321.8 MB
755	17/bd9c82	59763149_20	NFCORE_MAG:MAG:PRODIGAL (MEGAHIT-strain_sample_21)	COMPLETED	0	2026-09-14 00:34:41.206	3m 57s	1m 35s	94.0%	48.6 MB	118.1 MB	244 MB	259.4 MB
750	eb/c520c1	59763149_19	NFCORE_MAG:MAG:PRODIGAL (MEGAHIT-strain_sample_19)	COMPLETED	0	2026-09-14 00:34:41.206	3m 57s	1m 49s	94.1%	50.4 MB	118.3 MB	279.2 MB	296.6 MB
878	34/311645	59763149_51	NFCORE_MAG:MAG:PRODIGAL (MEGAHIT-strain_sample_53)	COMPLETED	0	2026-09-14 00:34:41.207	3m 57s	1m 51s	90.6%	49.1 MB	118.3 MB	269.3 MB	285.8 MB
973	c2/1b8ef2	59763149_75	NFCORE_MAG:MAG:PRODIGAL (MEGAHIT-strain_sample_70)	COMPLETED	0	2026-09-14 00:34:41.207	3m 57s	1m 47s	92.7%	48.8 MB	118.3 MB	306.2 MB	325.5 MB
853	50/be78e8	59763149_44	NFCORE_MAG:MAG:PRODIGAL (MEGAHIT-strain_sample_43)	COMPLETED	0	2026-09-14 00:34:41.206	3m 57s	1m 47s	93.4%	50 MB	118.4 MB	264.7 MB	280.7 MB
975	13/0fc03d	59763149_74	NFCORE_MAG:MAG:PRODIGAL (MEGAHIT-strain_sample_77)	COMPLETED	0	2026-09-14 00:34:41.207	3m 57s	1m 59s	91.6%	51.4 MB	118.7 MB	312.5 MB	332.4 MB
664	bf/32a9fa	59763149_0	NFCORE_MAG:MAG:PRODIGAL (MEGAHIT-strain_sample_1)	COMPLETED	0	2026-09-14 00:34:41.206	4m 27s	2m 59s	92.0%	57.9 MB	119.6 MB	395 MB	420.5 MB
673	79/6b3826	59763149_1	NFCORE_MAG:MAG:PRODIGAL (MEGAHIT-strain_sample_3)	COMPLETED	0	2026-09-14 00:34:41.206	4m 27s	2m 36s	91.9%	51.2 MB	118.6 MB	356.8 MB	379.6 MB
686	80/0864e7	59763149_3	NFCORE_MAG:MAG:PRODIGAL (MEGAHIT-strain_sample_5)	COMPLETED	0	2026-09-14 00:34:41.206	4m 27s	2m 41s	92.8%	117.6 MB	12.5 GB	387.5 MB	413.4 MB
690	60/79bb71	59763149_5	NFCORE_MAG:MAG:PRODIGAL (MEGAHIT-strain_sample_0)	COMPLETED	0	2026-09-14 00:34:41.206	4m 27s	2m 40s	92.9%	116.3 MB	12.5 GB	388.7 MB	414 MB
710	0f/c7f235	59763149_8	NFCORE_MAG:MAG:PRODIGAL (MEGAHIT-strain_sample_9)	COMPLETED	0	2026-09-14 00:34:41.206	4m 27s	2m 24s	92.4%	51 MB	118.4 MB	366.8 MB	389.8 MB
708	ea/77e672	59763149_9	NFCORE_MAG:MAG:PRODIGAL (MEGAHIT-strain_sample_11)	COMPLETED	0	2026-09-14 00:34:41.206	4m 27s	2m 26s	91.9%	50 MB	118.4 MB	346.2 MB	368 MB
743	83/c8c527	59763149_17	NFCORE_MAG:MAG:PRODIGAL (MEGAHIT-strain_sample_18)	COMPLETED	0	2026-09-14 00:34:41.206	4m 27s	2m 3s	94.2%	50.7 MB	118.4 MB	309.6 MB	329.1 MB
747	15/059cab	59763149_18	NFCORE_MAG:MAG:PRODIGAL (MEGAHIT-strain_sample_17)	COMPLETED	0	2026-09-14 00:34:41.206	4m 27s	2m 2s	94.1%	51.6 MB	118.6 MB	340.3 MB	362.5 MB
726	33/2c15a8	59763149_13	NFCORE_MAG:MAG:PRODIGAL (MEGAHIT-strain_sample_13)	COMPLETED	0	2026-09-14 00:34:41.206	4m 27s	2m 25s	91.9%	49.2 MB	118.3 MB	346.6 MB	368.7 MB
763	3d/831837	59763149_22	NFCORE_MAG:MAG:PRODIGAL (MEGAHIT-strain_sample_23)	COMPLETED	0	2026-09-14 00:34:41.206	4m 27s	2m 4s	91.5%	50.1 MB	246.4 MB	275.7 MB	292.5 MB
773	1d/5a95b5	59763149_24	NFCORE_MAG:MAG:PRODIGAL (MEGAHIT-strain_sample_24)	COMPLETED	0	2026-09-14 00:34:41.206	4m 27s	2m 9s	90.8%	50.2 MB	118.3 MB	275 MB	292.2 MB
731	b3/a3a5a1	59763149_14	NFCORE_MAG:MAG:PRODIGAL (MEGAHIT-strain_sample_16)	COMPLETED	0	2026-09-14 00:34:41.206	4m 27s	2m 26s	91.7%	49.8 MB	118.4 MB	351.7 MB	374.4 MB
787	71/02cfa8	59763149_28	NFCORE_MAG:MAG:PRODIGAL (MEGAHIT-strain_sample_28)	COMPLETED	0	2026-09-14 00:34:41.206	4m 27s	2m 4s	92.2%	50.7 MB	118.3 MB	282.8 MB	300.8 MB
779	57/8471d9	59763149_26	NFCORE_MAG:MAG:PRODIGAL (MEGAHIT-strain_sample_29)	COMPLETED	0	2026-09-14 00:34:41.206	4m 27s	2m 19s	92.4%	50.3 MB	118.4 MB	320 MB	340.4 MB
795	ba/c2feaa	59763149_29	NFCORE_MAG:MAG:PRODIGAL (MEGAHIT-strain_sample_30)	COMPLETED	0	2026-09-14 00:34:41.206	4m 27s	2m 29s	92.4%	49.1 MB	118.3 MB	374.6 MB	399.4 MB
791	a0/83a5a7	59763149_30	NFCORE_MAG:MAG:PRODIGAL (MEGAHIT-strain_sample_27)	COMPLETED	0	2026-09-14 00:34:41.206	4m 27s	2m 26s	93.5%	49.9 MB	118.3 MB	390.6 MB	415.9 MB
798	7b/463bb2	59763149_31	NFCORE_MAG:MAG:PRODIGAL (MEGAHIT-strain_sample_25)	COMPLETED	0	2026-09-14 00:34:41.206	4m 27s	2m 17s	93.5%	49.2 MB	118.3 MB	331.2 MB	352.3 MB
810	a3/a000b9	59763149_34	NFCORE_MAG:MAG:PRODIGAL (MEGAHIT-strain_sample_34)	COMPLETED	0	2026-09-14 00:34:41.206	4m 27s	2m 16s	93.6%	50.7 MB	118.4 MB	321.5 MB	342.5 MB
820	69/fd59c4	59763149_36	NFCORE_MAG:MAG:PRODIGAL (MEGAHIT-strain_sample_36)	COMPLETED	0	2026-09-14 00:34:41.206	4m 27s	2m 16s	93.6%	48.7 MB	118.3 MB	379.1 MB	404.2 MB
807	80/507c4f	59763149_33	NFCORE_MAG:MAG:PRODIGAL (MEGAHIT-strain_sample_33)	COMPLETED	0	2026-09-14 00:34:41.206	4m 27s	2m 23s	93.4%	116.8 MB	12.6 GB	361.3 MB	384.9 MB
815	c1/24e66a	59763149_35	NFCORE_MAG:MAG:PRODIGAL (MEGAHIT-strain_sample_35)	COMPLETED	0	2026-09-14 00:34:41.206	4m 27s	2m 19s	93.6%	49.3 MB	118.3 MB	398.8 MB	425.1 MB
803	51/8f2630	59763149_32	NFCORE_MAG:MAG:PRODIGAL (MEGAHIT-strain_sample_32)	COMPLETED	0	2026-09-14 00:34:41.206	4m 27s	2m 1s	93.2%	49.6 MB	118.3 MB	324.9 MB	345 MB
823	9b/76dd4d	59763149_38	NFCORE_MAG:MAG:PRODIGAL (MEGAHIT-strain_sample_39)	COMPLETED	0	2026-09-14 00:34:41.206	4m 27s	2m 30s	91.3%	49.3 MB	118.3 MB	366.7 MB	390.7 MB
846	9c/d19bc1	59763149_43	NFCORE_MAG:MAG:PRODIGAL (MEGAHIT-strain_sample_41)	COMPLETED	0	2026-09-14 00:34:41.206	4m 27s	2m 14s	93.9%	49 MB	118.3 MB	359.9 MB	383.4 MB
839	68/881251	59763149_41	NFCORE_MAG:MAG:PRODIGAL (MEGAHIT-strain_sample_42)	COMPLETED	0	2026-09-14 00:34:41.206	4m 27s	2m 23s	89.8%	50.6 MB	246.3 MB	279.5 MB	296.8 MB
855	74/26da29	59763149_45	NFCORE_MAG:MAG:PRODIGAL (MEGAHIT-strain_sample_46)	COMPLETED	0	2026-09-14 00:34:41.206	4m 27s	2m 2s	90.8%	51.3 MB	118.6 MB	243.8 MB	259.2 MB
863	e0/78577f	59763149_47	NFCORE_MAG:MAG:PRODIGAL (MEGAHIT-strain_sample_47)	COMPLETED	0	2026-09-14 00:34:41.207	4m 27s	2m 24s	91.8%	49 MB	118.3 MB	318.8 MB	339.4 MB
867	7e/f2b638	59763149_48	NFCORE_MAG:MAG:PRODIGAL (MEGAHIT-strain_sample_50)	COMPLETED	0	2026-09-14 00:34:41.207	4m 27s	2m 18s	92.2%	51.2 MB	118.6 MB	320.5 MB	340.6 MB
859	ec/2b4d07	59763149_46	NFCORE_MAG:MAG:PRODIGAL (MEGAHIT-strain_sample_45)	COMPLETED	0	2026-09-14 00:34:41.206	4m 27s	2m 15s	91.9%	48.9 MB	118.3 MB	324.9 MB	344.7 MB
875	f7/181414	59763149_50	NFCORE_MAG:MAG:PRODIGAL (MEGAHIT-strain_sample_51)	COMPLETED	0	2026-09-14 00:34:41.207	4m 27s	2m 25s	91.3%	49.7 MB	118.3 MB	317.9 MB	337.8 MB
885	26/a8f689	59763149_52	NFCORE_MAG:MAG:PRODIGAL (MEGAHIT-strain_sample_49)	COMPLETED	0	2026-09-14 00:34:41.207	4m 27s	2m 8s	92.4%	48.8 MB	118.3 MB	319.9 MB	341.2 MB
919	45/7ea2bd	59763149_61	NFCORE_MAG:MAG:PRODIGAL (MEGAHIT-strain_sample_57)	COMPLETED	0	2026-09-14 00:34:41.207	4m 27s	2m 19s	90.8%	53.5 MB	118.8 MB	292.8 MB	312 MB
927	47/afc4be	59763149_63	NFCORE_MAG:MAG:PRODIGAL (MEGAHIT-strain_sample_63)	COMPLETED	0	2026-09-14 00:34:41.207	4m 27s	2m 21s	91.9%	51.9 MB	118.6 MB	284.5 MB	302.1 MB
933	6a/cf34b7	59763149_64	NFCORE_MAG:MAG:PRODIGAL (MEGAHIT-strain_sample_67)	COMPLETED	0	2026-09-14 00:34:41.207	4m 27s	2m 18s	91.6%	49.4 MB	118.3 MB	291.5 MB	310 MB
943	c5/d36468	59763149_67	NFCORE_MAG:MAG:PRODIGAL (MEGAHIT-strain_sample_61)	COMPLETED	0	2026-09-14 00:34:41.207	4m 27s	2m 14s	92.4%	51 MB	118.6 MB	298.9 MB	318.9 MB
939	32/61eb7a	59763149_66	NFCORE_MAG:MAG:PRODIGAL (MEGAHIT-strain_sample_65)	COMPLETED	0	2026-09-14 00:34:41.207	4m 27s	2m 23s	92.4%	117 MB	12.5 GB	368.5 MB	392.7 MB
951	ba/41dc4d	59763149_69	NFCORE_MAG:MAG:PRODIGAL (MEGAHIT-strain_sample_71)	COMPLETED	0	2026-09-14 00:34:41.207	4m 27s	2m 30s	91.5%	49.2 MB	118.3 MB	351 MB	373.8 MB
955	88/c3e8ff	59763149_70	NFCORE_MAG:MAG:PRODIGAL (MEGAHIT-strain_sample_73)	COMPLETED	0	2026-09-14 00:34:41.207	4m 27s	2m 8s	92.9%	50 MB	118.4 MB	314.4 MB	333.1 MB
959	02/79c2cd	59763149_71	NFCORE_MAG:MAG:PRODIGAL (MEGAHIT-strain_sample_72)	COMPLETED	0	2026-09-14 00:34:41.207	4m 27s	2m 18s	93.0%	50.9 MB	118.4 MB	334.9 MB	356 MB
963	6e/93cf62	59763149_72	NFCORE_MAG:MAG:PRODIGAL (MEGAHIT-strain_sample_68)	COMPLETED	0	2026-09-14 00:34:41.207	4m 27s	2m 29s	93.1%	50.4 MB	118.4 MB	318.9 MB	339.4 MB
967	f7/22ad3d	59763149_73	NFCORE_MAG:MAG:PRODIGAL (MEGAHIT-strain_sample_74)	COMPLETED	0	2026-09-14 00:34:41.207	4m 27s	2m 24s	92.9%	49 MB	118.3 MB	369.4 MB	393.6 MB
983	60/147ebb	59763149_77	NFCORE_MAG:MAG:PRODIGAL (MEGAHIT-strain_sample_78)	COMPLETED	0	2026-09-14 00:34:41.207	4m 27s	2m 14s	90.9%	50.3 MB	118.4 MB	275.2 MB	292.2 MB
990	fa/e29d03	59763149_79	NFCORE_MAG:MAG:PRODIGAL (MEGAHIT-strain_sample_76)	COMPLETED	0	2026-09-14 00:34:41.207	4m 27s	2m 30s	92.2%	51 MB	118.6 MB	320.1 MB	340.4 MB
999	84/04080d	59763149_83	NFCORE_MAG:MAG:PRODIGAL (MEGAHIT-strain_sample_82)	COMPLETED	0	2026-09-14 00:34:41.207	4m 27s	2m 29s	90.8%	115.9 MB	12.6 GB	358.5 MB	381.9 MB
709	e9/889cde	59763149_7	NFCORE_MAG:MAG:PRODIGAL (MEGAHIT-strain_sample_6)	COMPLETED	0	2026-09-14 00:34:41.206	4m 57s	2m 53s	92.8%	118 MB	12.6 GB	421.3 MB	449.1 MB
694	a4/8f84ac	59763149_4	NFCORE_MAG:MAG:PRODIGAL (MEGAHIT-strain_sample_4)	COMPLETED	0	2026-09-14 00:34:41.206	4m 57s	3m 2s	93.2%	49.4 MB	118.3 MB	405.2 MB	432.2 MB
718	bd/2a5ba9	59763149_10	NFCORE_MAG:MAG:PRODIGAL (MEGAHIT-strain_sample_12)	COMPLETED	0	2026-09-14 00:34:41.206	4m 57s	2m 41s	92.2%	49 MB	118.3 MB	386.1 MB	410.6 MB
721	21/c2fa2e	59763149_11	NFCORE_MAG:MAG:PRODIGAL (MEGAHIT-strain_sample_10)	COMPLETED	0	2026-09-14 00:34:41.206	4m 57s	2m 38s	92.4%	49.9 MB	118.3 MB	359.3 MB	381.5 MB
707	f1/311f29	59763149_6	NFCORE_MAG:MAG:PRODIGAL (MEGAHIT-strain_sample_7)	COMPLETED	0	2026-09-14 00:34:41.206	4m 57s	2m 53s	92.8%	117.1 MB	12.5 GB	424 MB	451.9 MB
722	a3/fa25cc	59763149_12	NFCORE_MAG:MAG:PRODIGAL (MEGAHIT-strain_sample_8)	COMPLETED	0	2026-09-14 00:34:41.206	4m 57s	2m 42s	92.2%	50.6 MB	118.3 MB	328.3 MB	349.6 MB
737	e3/302119	59763149_16	NFCORE_MAG:MAG:PRODIGAL (MEGAHIT-strain_sample_15)	COMPLETED	0	2026-09-14 00:34:41.206	4m 57s	2m 46s	92.1%	49.6 MB	118.3 MB	369.8 MB	393.4 MB
759	3b/a4c2f9	59763149_21	NFCORE_MAG:MAG:PRODIGAL (MEGAHIT-strain_sample_20)	COMPLETED	0	2026-09-14 00:34:41.206	4m 57s	2m 35s	91.4%	121.8 MB	12.6 GB	388.6 MB	414.5 MB
738	a8/cdbbf2	59763149_15	NFCORE_MAG:MAG:PRODIGAL (MEGAHIT-strain_sample_14)	COMPLETED	0	2026-09-14 00:34:41.206	4m 57s	2m 49s	91.5%	49.7 MB	118.4 MB	384.1 MB	408.4 MB
769	05/b4b523	59763149_23	NFCORE_MAG:MAG:PRODIGAL (MEGAHIT-strain_sample_26)	COMPLETED	0	2026-09-14 00:34:41.206	4m 57s	2m 54s	91.5%	50.9 MB	118.5 MB	374.4 MB	399.4 MB
783	49/7d22b4	59763149_27	NFCORE_MAG:MAG:PRODIGAL (MEGAHIT-strain_sample_31)	COMPLETED	0	2026-09-14 00:34:41.206	4m 57s	2m 31s	92.6%	49.3 MB	118.3 MB	337.1 MB	358.8 MB
827	9d/4d8501	59763149_37	NFCORE_MAG:MAG:PRODIGAL (MEGAHIT-strain_sample_38)	COMPLETED	0	2026-09-14 00:34:41.206	4m 57s	2m 35s	91.3%	49.4 MB	246.3 MB	356 MB	379.2 MB
837	35/d3f7de	59763149_40	NFCORE_MAG:MAG:PRODIGAL (MEGAHIT-strain_sample_37)	COMPLETED	0	2026-09-14 00:34:41.206	4m 57s	2m 53s	90.0%	50.5 MB	118.4 MB	345.7 MB	368.3 MB
775	95/487eac	59763149_25	NFCORE_MAG:MAG:PRODIGAL (MEGAHIT-strain_sample_22)	COMPLETED	0	2026-09-14 00:34:41.206	4m 57s	2m 59s	92.7%	48.8 MB	118.3 MB	422.4 MB	451.9 MB
873	ad/6d96cd	59763149_49	NFCORE_MAG:MAG:PRODIGAL (MEGAHIT-strain_sample_48)	COMPLETED	0	2026-09-14 00:34:41.207	4m 57s	2m 36s	92.4%	50.4 MB	138.1 MB	377.2 MB	401.4 MB
902	13/e62591	59763149_57	NFCORE_MAG:MAG:PRODIGAL (MEGAHIT-strain_sample_59)	COMPLETED	0	2026-09-14 00:34:41.207	4m 57s	2m 59s	90.6%	50 MB	118.4 MB	400.9 MB	427.1 MB
915	cb/faa2a4	59763149_60	NFCORE_MAG:MAG:PRODIGAL (MEGAHIT-strain_sample_62)	COMPLETED	0	2026-09-14 00:34:41.207	4m 57s	2m 53s	90.8%	49.4 MB	118.3 MB	348.3 MB	370.8 MB
995	21/ce7e5c	59763149_80	NFCORE_MAG:MAG:PRODIGAL (MEGAHIT-strain_sample_79)	COMPLETED	0	2026-09-14 00:34:41.207	4m 57s	2m 48s	92.5%	49.7 MB	118.4 MB	376 MB	400.9 MB
843	11/fe4583	59763149_42	NFCORE_MAG:MAG:PRODIGAL (MEGAHIT-strain_sample_44)	COMPLETED	0	2026-09-14 00:34:41.206	4m 57s	3m	93.6%	50.6 MB	118.3 MB	406.5 MB	433.7 MB
993	60/58adab	59763149_78	NFCORE_MAG:MAG:PRODIGAL (MEGAHIT-strain_sample_83)	COMPLETED	0	2026-09-14 00:34:41.207	4m 57s	2m 49s	91.2%	49.3 MB	118.3 MB	376.3 MB	400.7 MB
888	d3/91a247	59763149_53	NFCORE_MAG:MAG:PRODIGAL (MEGAHIT-strain_sample_55)	COMPLETED	0	2026-09-14 00:34:41.207	4m 57s	2m 38s	90.6%	49.3 MB	118.3 MB	316.7 MB	336.6 MB
910	3f/a6eec5	59763149_59	NFCORE_MAG:MAG:PRODIGAL (MEGAHIT-strain_sample_60)	COMPLETED	0	2026-09-14 00:34:41.207	4m 57s	2m 47s	90.8%	49.2 MB	118.3 MB	360.4 MB	383.6 MB
935	dd/285c76	59763149_65	NFCORE_MAG:MAG:PRODIGAL (MEGAHIT-strain_sample_66)	COMPLETED	0	2026-09-14 00:34:41.207	4m 57s	2m 39s	90.3%	49 MB	118.3 MB	358.8 MB	381.1 MB
1015	c7/ae2f8c	59763149_85	NFCORE_MAG:MAG:PRODIGAL (MEGAHIT-strain_sample_85)	COMPLETED	0	2026-09-14 00:34:41.207	4m 57s	2m 51s	91.7%	117.8 MB	12.5 GB	353.7 MB	377.3 MB
924	ec/20aa96	59763149_62	NFCORE_MAG:MAG:PRODIGAL (MEGAHIT-strain_sample_64)	COMPLETED	0	2026-09-14 00:34:41.207	4m 57s	2m 41s	91.8%	49 MB	118.3 MB	351.6 MB	375.9 MB
1025	0b/ee622a	59763149_87	NFCORE_MAG:MAG:PRODIGAL (MEGAHIT-strain_sample_87)	COMPLETED	0	2026-09-14 00:34:41.207	4m 57s	2m 32s	93.3%	49.7 MB	118.4 MB	354.8 MB	378.7 MB
1045	c3/a635d8	59763149_89	NFCORE_MAG:MAG:PRODIGAL (MEGAHIT-strain_sample_90)	COMPLETED	0	2026-09-14 00:34:41.207	4m 57s	2m 34s	93.5%	117.7 MB	12.6 GB	353.5 MB	375.8 MB
1004	5a/ad6fa9	59763149_81	NFCORE_MAG:MAG:PRODIGAL (MEGAHIT-strain_sample_80)	COMPLETED	0	2026-09-14 00:34:41.207	4m 57s	2m 37s	90.4%	49.3 MB	118.3 MB	285.9 MB	303.9 MB
1019	a3/23b43c	59763149_86	NFCORE_MAG:MAG:PRODIGAL (MEGAHIT-strain_sample_86)	COMPLETED	0	2026-09-14 00:34:41.207	4m 57s	2m 39s	93.6%	49.7 MB	118.4 MB	371.4 MB	395.1 MB
1010	d2/8ee9c0	59763149_84	NFCORE_MAG:MAG:PRODIGAL (MEGAHIT-strain_sample_81)	COMPLETED	0	2026-09-14 00:34:41.207	4m 57s	2m 56s	90.5%	53.4 MB	118.9 MB	380 MB	404.9 MB
905	b3/94acde	59763149_56	NFCORE_MAG:MAG:PRODIGAL (MEGAHIT-strain_sample_56)	COMPLETED	0	2026-09-14 00:34:41.207	5m 27s	3m 16s	91.0%	117.5 MB	12.5 GB	401.8 MB	428.6 MB
831	5e/6ac7c1	59763149_39	NFCORE_MAG:MAG:PRODIGAL (MEGAHIT-strain_sample_40)	COMPLETED	0	2026-09-14 00:34:41.206	5m 27s	3m 13s	91.4%	49.6 MB	118.3 MB	412 MB	438.5 MB
890	3f/263064	59763149_54	NFCORE_MAG:MAG:PRODIGAL (MEGAHIT-strain_sample_52)	COMPLETED	0	2026-09-14 00:34:41.207	5m 27s	3m 5s	92.2%	118 MB	12.5 GB	404.5 MB	431.1 MB
906	3d/238c5c	59763149_58	NFCORE_MAG:MAG:PRODIGAL (MEGAHIT-strain_sample_58)	COMPLETED	0	2026-09-14 00:34:41.207	5m 27s	3m 13s	91.2%	49.2 MB	118.3 MB	413.6 MB	440.6 MB
896	98/fd1332	59763149_55	NFCORE_MAG:MAG:PRODIGAL (MEGAHIT-strain_sample_54)	COMPLETED	0	2026-09-14 00:34:41.207	5m 27s	3m 20s	92.3%	117.5 MB	12.5 GB	396 MB	421.4 MB
1030	b0/2eb0da	59763149_88	NFCORE_MAG:MAG:PRODIGAL (MEGAHIT-strain_sample_88)	COMPLETED	0	2026-09-14 00:34:41.207	5m 27s	3m 3s	91.8%	118.7 MB	12.6 GB	390.7 MB	416.4 MB
949	3b/2150e7	59763149_68	NFCORE_MAG:MAG:PRODIGAL (MEGAHIT-strain_sample_69)	COMPLETED	0	2026-09-14 00:34:41.207	5m 27s	3m 20s	92.0%	58.1 MB	119.1 MB	434.8 MB	463.4 MB
1007	cb/ae90f8	59763149_82	NFCORE_MAG:MAG:PRODIGAL (MEGAHIT-strain_sample_84)	COMPLETED	0	2026-09-14 00:34:41.207	5m 27s	3m 11s	92.1%	117.3 MB	12.5 GB	416.4 MB	444.5 MB
979	3e/da54a9	59763149_76	NFCORE_MAG:MAG:PRODIGAL (MEGAHIT-strain_sample_75)	COMPLETED	0	2026-09-14 00:34:41.207	5m 27s	3m 15s	91.4%	48.7 MB	118.3 MB	430.6 MB	459.5 MB
2963	a7/5a6263	59763523_1	NFCORE_MAG:MAG:BINNING:METABAT2_JGISUMMARIZEBAMCONTIGDEPTHS_SHORTREAD (MEGAHIT-marine_sample_5)	COMPLETED	0	2026-09-14 00:39:17.224	1m 21s	59s	100.1%	47.4 MB	78.2 MB	4.5 GB	20.8 MB
2313	f9/d57a0a	59763149_92	NFCORE_MAG:MAG:PRODIGAL (MEGAHIT-toy_mousegut_sample_56)	COMPLETED	0	2026-09-14 00:34:41.207	6m 27s	4m 20s	91.5%	122.3 MB	12.6 GB	542.9 MB	580.9 MB
2974	94/d3d1b5	59763523_3	NFCORE_MAG:MAG:BINNING:METABAT2_JGISUMMARIZEBAMCONTIGDEPTHS_SHORTREAD (MEGAHIT-marine_sample_2)	COMPLETED	0	2026-09-14 00:39:17.224	1m 51s	1m 12s	98.8%	57.8 MB	88.3 MB	4.6 GB	27.2 MB
2983	04/4dc7f8	59763523_7	NFCORE_MAG:MAG:BINNING:METABAT2_JGISUMMARIZEBAMCONTIGDEPTHS_SHORTREAD (MEGAHIT-marine_sample_1)	COMPLETED	0	2026-09-14 00:39:17.224	1m 51s	1m 6s	99.1%	56.6 MB	87 MB	4.6 GB	26.4 MB
2981	38/088330	59763523_6	NFCORE_MAG:MAG:BINNING:METABAT2_JGISUMMARIZEBAMCONTIGDEPTHS_SHORTREAD (MEGAHIT-marine_sample_3)	COMPLETED	0	2026-09-14 00:39:17.224	1m 51s	1m 15s	99.7%	57.5 MB	88.3 MB	4.6 GB	27.2 MB
2979	aa/129a60	59763523_5	NFCORE_MAG:MAG:BINNING:METABAT2_JGISUMMARIZEBAMCONTIGDEPTHS_SHORTREAD (MEGAHIT-marine_sample_6)	COMPLETED	0	2026-09-14 00:39:17.224	1m 51s	1m 5s	100.2%	52.3 MB	82.7 MB	4.5 GB	23.7 MB
2970	7b/256794	59763523_4	NFCORE_MAG:MAG:BINNING:METABAT2_JGISUMMARIZEBAMCONTIGDEPTHS_SHORTREAD (MEGAHIT-marine_sample_7)	COMPLETED	0	2026-09-14 00:39:17.224	1m 51s	1m 7s	98.7%	49.7 MB	80.4 MB	4.5 GB	22.3 MB
2960	16/b81644	59763523_0	NFCORE_MAG:MAG:BINNING:METABAT2_JGISUMMARIZEBAMCONTIGDEPTHS_SHORTREAD (MEGAHIT-marine_sample_0)	COMPLETED	0	2026-09-14 00:39:17.224	1m 51s	1m 1s	100.1%	47.6 MB	78.2 MB	4.5 GB	20.8 MB
2967	fc/758763	59763523_2	NFCORE_MAG:MAG:BINNING:METABAT2_JGISUMMARIZEBAMCONTIGDEPTHS_SHORTREAD (MEGAHIT-marine_sample_8)	COMPLETED	0	2026-09-14 00:39:17.224	1m 51s	1m 18s	99.7%	59.1 MB	89.6 MB	4.6 GB	28.1 MB
2422	d4/0f689d	59763149_97	NFCORE_MAG:MAG:PRODIGAL (MEGAHIT-toy_mousegut_sample_62)	COMPLETED	0	2026-09-14 00:34:41.207	9m 27s	7m 13s	95.0%	122.7 MB	12.6 GB	1.1 GB	1.2 GB
2419	e5/3b8d67	59763149_96	NFCORE_MAG:MAG:PRODIGAL (MEGAHIT-toy_mousegut_sample_57)	COMPLETED	0	2026-09-14 00:34:41.207	9m 57s	8m	95.1%	122.5 MB	12.6 GB	1.3 GB	1.4 GB
2450	73/306e09	59763149_99	NFCORE_MAG:MAG:PRODIGAL (MEGAHIT-toy_mousegut_sample_63)	COMPLETED	0	2026-09-14 00:34:41.207	9m 57s	7m 58s	92.3%	119.3 MB	12.5 GB	1 GB	1.1 GB
2972	31/a18c19	59763525_4	NFCORE_MAG:MAG:BINNING:SEMIBIN_SINGLEEASYBIN (MEGAHIT-marine_sample_2)	COMPLETED	0	2026-09-14 00:39:23.184	5m 45s	5m 28s	218.5%	61.9 GB	79.7 GB	25.2 GB	2.1 GB
1532	b3/66d7fd	59763149_90	NFCORE_MAG:MAG:PRODIGAL (MEGAHIT-toy_hmp_airskinurogenital_sample_27)	COMPLETED	0	2026-09-14 00:34:41.207	10m 57s	8m 46s	94.1%	120.3 MB	12.6 GB	1.5 GB	1.6 GB
2976	1c/03c3ad	59763525_5	NFCORE_MAG:MAG:BINNING:SEMIBIN_SINGLEEASYBIN (MEGAHIT-marine_sample_6)	COMPLETED	0	2026-09-14 00:39:23.184	6m 15s	5m 39s	216.3%	54.1 GB	71.9 GB	26.9 GB	2.2 GB
2964	b9/14acf2	59763525_1	NFCORE_MAG:MAG:BINNING:SEMIBIN_SINGLEEASYBIN (MEGAHIT-marine_sample_5)	COMPLETED	0	2026-09-14 00:39:23.184	6m 45s	6m	203.1%	32.8 GB	50.6 GB	25.4 GB	2 GB
2961	01/60697b	59763525_0	NFCORE_MAG:MAG:BINNING:SEMIBIN_SINGLEEASYBIN (MEGAHIT-marine_sample_0)	COMPLETED	0	2026-09-14 00:39:23.184	7m 15s	6m 39s	222.5%	51.9 GB	69.8 GB	26 GB	2.1 GB
2978	a1/733dfc	59763525_6	NFCORE_MAG:MAG:BINNING:SEMIBIN_SINGLEEASYBIN (MEGAHIT-marine_sample_3)	COMPLETED	0	2026-09-14 00:39:23.184	7m 15s	6m 16s	225.3%	68 GB	85.7 GB	26 GB	2.2 GB
2982	ec/5fde8b	59763525_7	NFCORE_MAG:MAG:BINNING:SEMIBIN_SINGLEEASYBIN (MEGAHIT-marine_sample_1)	COMPLETED	0	2026-09-14 00:39:23.184	7m 45s	6m 38s	224.6%	64.2 GB	81.9 GB	29.3 GB	2.3 GB
2373	6e/494a4d	59763149_93	NFCORE_MAG:MAG:PRODIGAL (MEGAHIT-toy_mousegut_sample_59)	COMPLETED	0	2026-09-14 00:34:41.207	12m 57s	10m 41s	93.0%	122.5 MB	12.6 GB	1.5 GB	1.6 GB
2432	e5/30d9f5	59763149_98	NFCORE_MAG:MAG:PRODIGAL (MEGAHIT-toy_mousegut_sample_58)	COMPLETED	0	2026-09-14 00:34:41.207	12m 57s	10m 58s	92.3%	122.7 MB	12.6 GB	1.4 GB	1.5 GB
2966	58/e42524	59763525_3	NFCORE_MAG:MAG:BINNING:SEMIBIN_SINGLEEASYBIN (MEGAHIT-marine_sample_8)	COMPLETED	0	2026-09-14 00:39:23.184	8m 15s	7m 41s	172.5%	43.8 GB	61.6 GB	22.2 GB	1.8 GB
2186	1a/ee4747	59763149_91	NFCORE_MAG:MAG:PRODIGAL (MEGAHIT-toy_mousegut_sample_22)	COMPLETED	0	2026-09-14 00:34:41.207	13m 27s	11m 3s	94.1%	122.6 MB	12.6 GB	1.6 GB	1.7 GB
2382	cd/071d73	59763149_94	NFCORE_MAG:MAG:PRODIGAL (MEGAHIT-toy_mousegut_sample_60)	COMPLETED	0	2026-09-14 00:34:41.207	13m 27s	11m 6s	92.9%	121.7 MB	12.6 GB	1.5 GB	1.6 GB
2971	1f/f52cc4	59763525_2	NFCORE_MAG:MAG:BINNING:SEMIBIN_SINGLEEASYBIN (MEGAHIT-marine_sample_7)	COMPLETED	0	2026-09-14 00:39:23.184	9m 15s	8m 50s	182.1%	56.6 GB	74.4 GB	26.6 GB	2.2 GB
2387	67/d7cee9	59763149_95	NFCORE_MAG:MAG:PRODIGAL (MEGAHIT-toy_mousegut_sample_61)	COMPLETED	0	2026-09-14 00:34:41.207	16m 27s	14m 12s	93.0%	121.1 MB	12.6 GB	2 GB	2.1 GB
2962	12/f4a600	59763526_0	NFCORE_MAG:MAG:BINNING:COMEBIN_RUNCOMEBIN (MEGAHIT-marine_sample_0)	COMPLETED	0	2026-09-14 00:39:29.164	11h 25m 39s	11h 25m 15s	1051.1%	22 GB	107.5 GB	218.6 GB	31.7 GB
2968	a9/bf2254	59763526_4	NFCORE_MAG:MAG:BINNING:COMEBIN_RUNCOMEBIN (MEGAHIT-marine_sample_8)	COMPLETED	0	2026-09-14 00:39:29.164	11h 50m 39s	11h 47m 41s	1028.6%	23.9 GB	108.6 GB	213 GB	33.3 GB
2965	11/f5810f	59763526_1	NFCORE_MAG:MAG:BINNING:COMEBIN_RUNCOMEBIN (MEGAHIT-marine_sample_5)	COMPLETED	0	2026-09-14 00:39:29.164	11h 55m 39s	11h 55m 26s	1066.3%	18.1 GB	104.3 GB	208.2 GB	27.7 GB
2969	95/5d27e5	59763526_3	NFCORE_MAG:MAG:BINNING:COMEBIN_RUNCOMEBIN (MEGAHIT-marine_sample_7)	COMPLETED	0	2026-09-14 00:39:29.164	13h 29m 9s	13h 27m 19s	1016.6%	22.7 GB	107.9 GB	232 GB	33.7 GB
2980	e9/3b8f56	59763526_7	NFCORE_MAG:MAG:BINNING:COMEBIN_RUNCOMEBIN (MEGAHIT-marine_sample_1)	COMPLETED	0	2026-09-14 00:39:29.164	13h 57m 9s	13h 51m 19s	1045.7%	25 GB	109.8 GB	250.8 GB	37 GB
2973	e3/d0e79e	59763526_2	NFCORE_MAG:MAG:BINNING:COMEBIN_RUNCOMEBIN (MEGAHIT-marine_sample_2)	COMPLETED	0	2026-09-14 00:39:29.164	14h 36m 9s	14h 34m 38s	1036.6%	26.6 GB	111 GB	237.4 GB	37.8 GB
2975	20/3a5095	59763526_5	NFCORE_MAG:MAG:BINNING:COMEBIN_RUNCOMEBIN (MEGAHIT-marine_sample_6)	COMPLETED	0	2026-09-14 00:39:29.164	15h 25m 39s	15h 22m 25s	1062.8%	23.8 GB	108.9 GB	236 GB	34.3 GB
2977	63/a01056	59763526_6	NFCORE_MAG:MAG:BINNING:COMEBIN_RUNCOMEBIN (MEGAHIT-marine_sample_3)	FAILED	-	2026-09-14 00:39:29.164	16h 10m 9s	16h 5m 1s	-	-	-	-	-
2664	2f/110a10	59860700_1	NFCORE_MAG:MAG:BINNING:METABAT2_JGISUMMARIZEBAMCONTIGDEPTHS_SHORTREAD (MEGAHIT-strain_sample_8)	COMPLETED	0	2026-09-14 16:49:41.187	57.4s	12s	98.5%	17.8 MB	48.4 MB	1.8 GB	1.9 MB
2665	88/88e8fb	59860700_0	NFCORE_MAG:MAG:BINNING:METABAT2_JGISUMMARIZEBAMCONTIGDEPTHS_SHORTREAD (MEGAHIT-strain_sample_28)	COMPLETED	0	2026-09-14 16:49:41.187	57.4s	12s	99.4%	17.5 MB	48.1 MB	1.7 GB	1.8 MB
2668	23/e7530e	59860700_2	NFCORE_MAG:MAG:BINNING:METABAT2_JGISUMMARIZEBAMCONTIGDEPTHS_SHORTREAD (MEGAHIT-strain_sample_48)	COMPLETED	0	2026-09-14 16:49:41.187	57.4s	15s	100.2%	18.8 MB	49.5 MB	1.8 GB	2.6 MB
2669	60/9308cc	59860700_3	NFCORE_MAG:MAG:BINNING:METABAT2_JGISUMMARIZEBAMCONTIGDEPTHS_SHORTREAD (MEGAHIT-strain_sample_81)	COMPLETED	0	2026-09-14 16:49:41.187	57.4s	14s	100.2%	18.5 MB	49.1 MB	1.8 GB	2.4 MB
2674	bf/313167	59860700_4	NFCORE_MAG:MAG:BINNING:METABAT2_JGISUMMARIZEBAMCONTIGDEPTHS_SHORTREAD (MEGAHIT-strain_sample_10)	COMPLETED	0	2026-09-14 16:49:41.187	57.4s	12s	100.1%	17.9 MB	48.5 MB	1.8 GB	2 MB
2678	9e/743bd5	59860700_5	NFCORE_MAG:MAG:BINNING:METABAT2_JGISUMMARIZEBAMCONTIGDEPTHS_SHORTREAD (MEGAHIT-strain_sample_23)	COMPLETED	0	2026-09-14 16:49:41.187	57.4s	13s	98.7%	17.5 MB	48.1 MB	1.8 GB	1.7 MB
2680	b6/b5d669	59860700_7	NFCORE_MAG:MAG:BINNING:METABAT2_JGISUMMARIZEBAMCONTIGDEPTHS_SHORTREAD (MEGAHIT-strain_sample_51)	COMPLETED	0	2026-09-14 16:49:41.187	57.4s	13s	98.9%	18.4 MB	49 MB	1.8 GB	2.3 MB
2679	a0/fa7e89	59860700_6	NFCORE_MAG:MAG:BINNING:METABAT2_JGISUMMARIZEBAMCONTIGDEPTHS_SHORTREAD (MEGAHIT-strain_sample_50)	COMPLETED	0	2026-09-14 16:49:41.187	57.4s	14s	98.7%	18.4 MB	49.1 MB	1.8 GB	2.3 MB
2739	b8/41333a	59860700_25	NFCORE_MAG:MAG:BINNING:METABAT2_JGISUMMARIZEBAMCONTIGDEPTHS_SHORTREAD (MEGAHIT-strain_sample_67)	COMPLETED	0	2026-09-14 16:49:41.187	1m 27s	8s	101.5%	17.7 MB	48.2 MB	1 GB	1.3 MB
2675	38/52e515	59860700_8	NFCORE_MAG:MAG:BINNING:METABAT2_JGISUMMARIZEBAMCONTIGDEPTHS_SHORTREAD (MEGAHIT-strain_sample_19)	COMPLETED	0	2026-09-14 16:49:41.187	1m 57s	11s	100.6%	17.4 MB	47.8 MB	1.8 GB	1.6 MB
2692	e4/b16ee8	59860700_9	NFCORE_MAG:MAG:BINNING:METABAT2_JGISUMMARIZEBAMCONTIGDEPTHS_SHORTREAD (MEGAHIT-strain_sample_70)	COMPLETED	0	2026-09-14 16:49:41.187	1m 57s	12s	99.5%	18.2 MB	48.8 MB	1.8 GB	2.2 MB
2689	15/78737e	59860700_10	NFCORE_MAG:MAG:BINNING:METABAT2_JGISUMMARIZEBAMCONTIGDEPTHS_SHORTREAD (MEGAHIT-strain_sample_76)	COMPLETED	0	2026-09-14 16:49:41.187	1m 57s	11s	99.8%	17.6 MB	48.1 MB	1.8 GB	1.8 MB
2728	28/2b4b9a	59860700_22	NFCORE_MAG:MAG:BINNING:METABAT2_JGISUMMARIZEBAMCONTIGDEPTHS_SHORTREAD (MEGAHIT-strain_sample_33)	COMPLETED	0	2026-09-14 16:49:41.187	1m 57s	13s	99.7%	18.4 MB	48.9 MB	1.8 GB	2.2 MB
2709	bd/d8c91b	59860700_16	NFCORE_MAG:MAG:BINNING:METABAT2_JGISUMMARIZEBAMCONTIGDEPTHS_SHORTREAD (MEGAHIT-strain_sample_14)	COMPLETED	0	2026-09-14 16:49:41.187	1m 57s	14s	99.8%	18.6 MB	49.3 MB	1.8 GB	2.5 MB
2729	60/4d5a2c	59860700_21	NFCORE_MAG:MAG:BINNING:METABAT2_JGISUMMARIZEBAMCONTIGDEPTHS_SHORTREAD (MEGAHIT-strain_sample_38)	COMPLETED	0	2026-09-14 16:49:41.187	1m 57s	13s	98.9%	18.3 MB	49 MB	1.8 GB	2.3 MB
2706	25/2245af	59860700_15	NFCORE_MAG:MAG:BINNING:METABAT2_JGISUMMARIZEBAMCONTIGDEPTHS_SHORTREAD (MEGAHIT-strain_sample_2)	COMPLETED	0	2026-09-14 16:49:41.187	1m 57s	12s	100.1%	17.8 MB	48.5 MB	1.8 GB	2 MB
2697	1f/50cce5	59860700_12	NFCORE_MAG:MAG:BINNING:METABAT2_JGISUMMARIZEBAMCONTIGDEPTHS_SHORTREAD (MEGAHIT-strain_sample_80)	COMPLETED	0	2026-09-14 16:49:41.187	1m 57s	11s	98.8%	17.9 MB	48.4 MB	1.8 GB	1.9 MB
2716	01/06d8fe	59860700_23	NFCORE_MAG:MAG:BINNING:METABAT2_JGISUMMARIZEBAMCONTIGDEPTHS_SHORTREAD (MEGAHIT-strain_sample_24)	COMPLETED	0	2026-09-14 16:49:41.187	1m 57s	12s	99.6%	17.7 MB	48.2 MB	1.8 GB	1.8 MB
2700	c6/c3caae	59860700_13	NFCORE_MAG:MAG:BINNING:METABAT2_JGISUMMARIZEBAMCONTIGDEPTHS_SHORTREAD (MEGAHIT-strain_sample_69)	COMPLETED	0	2026-09-14 16:49:41.187	1m 57s	12s	100.5%	18.5 MB	49.1 MB	1.8 GB	2.3 MB
2690	71/cf2aec	59860700_14	NFCORE_MAG:MAG:BINNING:METABAT2_JGISUMMARIZEBAMCONTIGDEPTHS_SHORTREAD (MEGAHIT-strain_sample_77)	COMPLETED	0	2026-09-14 16:49:41.187	1m 57s	12s	99.5%	18.6 MB	49.2 MB	1.8 GB	2.4 MB
2696	bc/71ad3f	59860700_11	NFCORE_MAG:MAG:BINNING:METABAT2_JGISUMMARIZEBAMCONTIGDEPTHS_SHORTREAD (MEGAHIT-strain_sample_46)	COMPLETED	0	2026-09-14 16:49:41.187	1m 57s	11s	100.4%	17.2 MB	47.7 MB	1.7 GB	1.5 MB
2718	9b/acb951	59860700_17	NFCORE_MAG:MAG:BINNING:METABAT2_JGISUMMARIZEBAMCONTIGDEPTHS_SHORTREAD (MEGAHIT-strain_sample_25)	COMPLETED	0	2026-09-14 16:49:41.187	1m 57s	11s	100.2%	17.9 MB	48.4 MB	1.8 GB	1.9 MB
2738	6a/438f18	59860700_24	NFCORE_MAG:MAG:BINNING:METABAT2_JGISUMMARIZEBAMCONTIGDEPTHS_SHORTREAD (MEGAHIT-strain_sample_37)	COMPLETED	0	2026-09-14 16:49:41.187	1m 57s	13s	100.9%	18.9 MB	49.5 MB	1.8 GB	2.6 MB
2755	90/dfbe93	59860700_29	NFCORE_MAG:MAG:BINNING:METABAT2_JGISUMMARIZEBAMCONTIGDEPTHS_SHORTREAD (MEGAHIT-strain_sample_73)	COMPLETED	0	2026-09-14 16:49:41.187	1m 57s	13s	98.5%	18.1 MB	48.7 MB	1.8 GB	2.1 MB
2743	7c/bac378	59860700_27	NFCORE_MAG:MAG:BINNING:METABAT2_JGISUMMARIZEBAMCONTIGDEPTHS_SHORTREAD (MEGAHIT-strain_sample_63)	COMPLETED	0	2026-09-14 16:49:41.187	1m 57s	11s	100.4%	17 MB	47.7 MB	1.8 GB	1.4 MB
2752	b8/2da0ac	59860700_28	NFCORE_MAG:MAG:BINNING:METABAT2_JGISUMMARIZEBAMCONTIGDEPTHS_SHORTREAD (MEGAHIT-strain_sample_68)	COMPLETED	0	2026-09-14 16:49:41.187	1m 57s	11s	101.0%	17.5 MB	48.1 MB	1.8 GB	1.7 MB
2753	96/23d67e	59860700_30	NFCORE_MAG:MAG:BINNING:METABAT2_JGISUMMARIZEBAMCONTIGDEPTHS_SHORTREAD (MEGAHIT-strain_sample_64)	COMPLETED	0	2026-09-14 16:49:41.187	1m 57s	15s	97.4%	18.4 MB	49 MB	1.8 GB	2.3 MB
2740	b7/0d584f	59860700_26	NFCORE_MAG:MAG:BINNING:METABAT2_JGISUMMARIZEBAMCONTIGDEPTHS_SHORTREAD (MEGAHIT-strain_sample_57)	COMPLETED	0	2026-09-14 16:49:41.187	1m 57s	12s	100.9%	17.9 MB	48.7 MB	1.7 GB	2.1 MB
2764	b7/d76a10	59860700_33	NFCORE_MAG:MAG:BINNING:METABAT2_JGISUMMARIZEBAMCONTIGDEPTHS_SHORTREAD (MEGAHIT-strain_sample_72)	COMPLETED	0	2026-09-14 16:49:41.187	1m 57s	15s	98.7%	18.5 MB	49.1 MB	1.8 GB	2.4 MB
2763	79/2b66e8	59860700_31	NFCORE_MAG:MAG:BINNING:METABAT2_JGISUMMARIZEBAMCONTIGDEPTHS_SHORTREAD (MEGAHIT-strain_sample_79)	COMPLETED	0	2026-09-14 16:49:41.187	1m 57s	15s	98.1%	18.5 MB	49.2 MB	1.8 GB	2.4 MB
2756	96/ec2674	59860700_35	NFCORE_MAG:MAG:BINNING:METABAT2_JGISUMMARIZEBAMCONTIGDEPTHS_SHORTREAD (MEGAHIT-strain_sample_78)	COMPLETED	0	2026-09-14 16:49:41.187	1m 57s	12s	98.9%	17.6 MB	48 MB	1.8 GB	1.7 MB
2770	b6/89ac3d	59860700_36	NFCORE_MAG:MAG:BINNING:METABAT2_JGISUMMARIZEBAMCONTIGDEPTHS_SHORTREAD (MEGAHIT-strain_sample_90)	COMPLETED	0	2026-09-14 16:49:41.187	1m 57s	13s	97.9%	17.9 MB	48.7 MB	1.8 GB	2 MB
2779	40/47f274	59860700_38	NFCORE_MAG:MAG:BINNING:METABAT2_JGISUMMARIZEBAMCONTIGDEPTHS_SHORTREAD (MEGAHIT-strain_sample_1)	COMPLETED	0	2026-09-14 16:49:41.187	1m 57s	15s	98.2%	18.8 MB	49.5 MB	1.8 GB	2.6 MB
2778	f4/1b4491	59860700_39	NFCORE_MAG:MAG:BINNING:METABAT2_JGISUMMARIZEBAMCONTIGDEPTHS_SHORTREAD (MEGAHIT-strain_sample_3)	COMPLETED	0	2026-09-14 16:49:41.187	1m 57s	14s	99.0%	18.4 MB	49 MB	1.8 GB	2.3 MB
2771	b4/b8354f	59860700_34	NFCORE_MAG:MAG:BINNING:METABAT2_JGISUMMARIZEBAMCONTIGDEPTHS_SHORTREAD (MEGAHIT-strain_sample_87)	COMPLETED	0	2026-09-14 16:49:41.187	1m 57s	14s	97.8%	19 MB	49.5 MB	1.8 GB	2.6 MB
2772	e7/672df0	59860700_37	NFCORE_MAG:MAG:BINNING:METABAT2_JGISUMMARIZEBAMCONTIGDEPTHS_SHORTREAD (MEGAHIT-strain_sample_52)	COMPLETED	0	2026-09-14 16:49:41.187	1m 57s	17s	98.2%	19.7 MB	50.2 MB	1.8 GB	3 MB
2785	7c/ba2f8a	59860700_40	NFCORE_MAG:MAG:BINNING:METABAT2_JGISUMMARIZEBAMCONTIGDEPTHS_SHORTREAD (MEGAHIT-strain_sample_18)	COMPLETED	0	2026-09-14 16:49:41.187	1m 57s	15s	99.3%	17.6 MB	48.2 MB	1.8 GB	1.8 MB
2781	f6/cee83f	59860700_41	NFCORE_MAG:MAG:BINNING:METABAT2_JGISUMMARIZEBAMCONTIGDEPTHS_SHORTREAD (MEGAHIT-strain_sample_6)	COMPLETED	0	2026-09-14 16:49:41.187	1m 57s	16s	99.2%	19.6 MB	50.1 MB	1.8 GB	3 MB
2762	c7/b14ba2	59860700_32	NFCORE_MAG:MAG:BINNING:METABAT2_JGISUMMARIZEBAMCONTIGDEPTHS_SHORTREAD (MEGAHIT-strain_sample_71)	COMPLETED	0	2026-09-14 16:49:41.187	1m 57s	15s	97.9%	18.6 MB	49.4 MB	1.8 GB	2.5 MB
2784	89/6da1bb	59860700_43	NFCORE_MAG:MAG:BINNING:METABAT2_JGISUMMARIZEBAMCONTIGDEPTHS_SHORTREAD (MEGAHIT-strain_sample_17)	COMPLETED	0	2026-09-14 16:49:41.187	1m 57s	14s	99.2%	18.7 MB	49.4 MB	1.8 GB	2.5 MB
2788	bc/2601cf	59860700_42	NFCORE_MAG:MAG:BINNING:METABAT2_JGISUMMARIZEBAMCONTIGDEPTHS_SHORTREAD (MEGAHIT-strain_sample_20)	COMPLETED	0	2026-09-14 16:49:41.187	1m 57s	15s	99.2%	19.4 MB	50.1 MB	1.8 GB	2.9 MB
2795	3a/324861	59860700_44	NFCORE_MAG:MAG:BINNING:METABAT2_JGISUMMARIZEBAMCONTIGDEPTHS_SHORTREAD (MEGAHIT-strain_sample_30)	COMPLETED	0	2026-09-14 16:49:41.187	1m 57s	15s	99.8%	19.4 MB	50 MB	1.8 GB	2.9 MB
2794	1e/a89b96	59860700_45	NFCORE_MAG:MAG:BINNING:METABAT2_JGISUMMARIZEBAMCONTIGDEPTHS_SHORTREAD (MEGAHIT-strain_sample_26)	COMPLETED	0	2026-09-14 16:49:41.187	1m 57s	12s	99.0%	18.7 MB	49.4 MB	1.8 GB	2.5 MB
2803	2c/6ca566	59860700_46	NFCORE_MAG:MAG:BINNING:METABAT2_JGISUMMARIZEBAMCONTIGDEPTHS_SHORTREAD (MEGAHIT-strain_sample_32)	COMPLETED	0	2026-09-14 16:49:41.187	1m 57s	12s	98.8%	18.5 MB	49.2 MB	1.8 GB	2.4 MB
2804	7b/9ee0ae	59860700_47	NFCORE_MAG:MAG:BINNING:METABAT2_JGISUMMARIZEBAMCONTIGDEPTHS_SHORTREAD (MEGAHIT-strain_sample_27)	COMPLETED	0	2026-09-14 16:49:41.187	1m 57s	13s	96.6%	18.9 MB	49.7 MB	1.8 GB	2.6 MB
2824	cd/3d779a	59860700_52	NFCORE_MAG:MAG:BINNING:METABAT2_JGISUMMARIZEBAMCONTIGDEPTHS_SHORTREAD (MEGAHIT-strain_sample_49)	COMPLETED	0	2026-09-14 16:49:41.187	1m 57s	3s	101.3%	18.1 MB	49 MB	2 MB	1.2 MB
2823	7a/88005e	59860700_54	NFCORE_MAG:MAG:BINNING:METABAT2_JGISUMMARIZEBAMCONTIGDEPTHS_SHORTREAD (MEGAHIT-strain_sample_53)	COMPLETED	0	2026-09-14 16:49:41.187	2m 27s	12s	98.3%	17.8 MB	48.3 MB	1.8 GB	1.8 MB
2811	f9/e4afd9	59860700_51	NFCORE_MAG:MAG:BINNING:METABAT2_JGISUMMARIZEBAMCONTIGDEPTHS_SHORTREAD (MEGAHIT-strain_sample_22)	COMPLETED	0	2026-09-14 16:49:41.187	2m 27s	19s	98.9%	19.7 MB	50.4 MB	1.8 GB	3.1 MB
2825	8b/5d3257	59860700_53	NFCORE_MAG:MAG:BINNING:METABAT2_JGISUMMARIZEBAMCONTIGDEPTHS_SHORTREAD (MEGAHIT-strain_sample_43)	COMPLETED	0	2026-09-14 16:49:41.187	2m 27s	12s	98.7%	17.2 MB	47.8 MB	1.8 GB	1.6 MB
2834	8b/4b3da7	59860700_58	NFCORE_MAG:MAG:BINNING:METABAT2_JGISUMMARIZEBAMCONTIGDEPTHS_SHORTREAD (MEGAHIT-strain_sample_58)	COMPLETED	0	2026-09-14 16:49:41.187	2m 27s	13s	99.3%	19 MB	49.7 MB	1.8 GB	2.7 MB
2849	2b/30f435	59860700_63	NFCORE_MAG:MAG:BINNING:METABAT2_JGISUMMARIZEBAMCONTIGDEPTHS_SHORTREAD (MEGAHIT-strain_sample_62)	COMPLETED	0	2026-09-14 16:49:41.187	2m 27s	15s	100.3%	18.4 MB	49.1 MB	1.8 GB	2.4 MB
2846	3c/1f23d7	59860700_61	NFCORE_MAG:MAG:BINNING:METABAT2_JGISUMMARIZEBAMCONTIGDEPTHS_SHORTREAD (MEGAHIT-strain_sample_47)	COMPLETED	0	2026-09-14 16:49:41.187	2m 27s	12s	100.5%	18 MB	48.6 MB	1.8 GB	2 MB
2848	e3/a89920	59860700_62	NFCORE_MAG:MAG:BINNING:METABAT2_JGISUMMARIZEBAMCONTIGDEPTHS_SHORTREAD (MEGAHIT-strain_sample_84)	COMPLETED	0	2026-09-14 16:49:41.187	2m 27s	13s	100.2%	19.3 MB	50 MB	1.8 GB	2.9 MB
2828	77/58e051	59860700_56	NFCORE_MAG:MAG:BINNING:METABAT2_JGISUMMARIZEBAMCONTIGDEPTHS_SHORTREAD (MEGAHIT-strain_sample_56)	COMPLETED	0	2026-09-14 16:49:41.187	2m 27s	13s	99.9%	19.1 MB	49.7 MB	1.8 GB	2.7 MB
2817	17/ee9d01	59860700_55	NFCORE_MAG:MAG:BINNING:METABAT2_JGISUMMARIZEBAMCONTIGDEPTHS_SHORTREAD (MEGAHIT-strain_sample_42)	COMPLETED	0	2026-09-14 16:49:41.187	2m 27s	12s	98.8%	17.8 MB	48.4 MB	1.8 GB	1.8 MB
2854	42/ae13d6	59860700_64	NFCORE_MAG:MAG:BINNING:METABAT2_JGISUMMARIZEBAMCONTIGDEPTHS_SHORTREAD (MEGAHIT-strain_sample_86)	COMPLETED	0	2026-09-14 16:49:41.187	2m 27s	14s	101.2%	18.3 MB	49.1 MB	1.8 GB	2.3 MB
2829	1b/1aa253	59860700_57	NFCORE_MAG:MAG:BINNING:METABAT2_JGISUMMARIZEBAMCONTIGDEPTHS_SHORTREAD (MEGAHIT-strain_sample_55)	COMPLETED	0	2026-09-14 16:49:41.187	2m 27s	13s	101.1%	18.3 MB	48.8 MB	1.8 GB	2.2 MB
2845	78/06b4bf	59860700_60	NFCORE_MAG:MAG:BINNING:METABAT2_JGISUMMARIZEBAMCONTIGDEPTHS_SHORTREAD (MEGAHIT-strain_sample_83)	COMPLETED	0	2026-09-14 16:49:41.187	2m 27s	14s	97.7%	19.3 MB	50 MB	1.8 GB	2.9 MB
2874	a8/b3bf56	59860700_70	NFCORE_MAG:MAG:BINNING:METABAT2_JGISUMMARIZEBAMCONTIGDEPTHS_SHORTREAD (MEGAHIT-strain_sample_4)	COMPLETED	0	2026-09-14 16:49:41.187	2m 27s	14s	99.3%	18.8 MB	49.4 MB	1.8 GB	2.5 MB
2870	0e/038db5	59860700_69	NFCORE_MAG:MAG:BINNING:METABAT2_JGISUMMARIZEBAMCONTIGDEPTHS_SHORTREAD (MEGAHIT-strain_sample_5)	COMPLETED	0	2026-09-14 16:49:41.187	2m 27s	14s	100.2%	19.2 MB	49.8 MB	1.8 GB	2.7 MB
2847	42/ce6e23	59860700_68	NFCORE_MAG:MAG:BINNING:METABAT2_JGISUMMARIZEBAMCONTIGDEPTHS_SHORTREAD (MEGAHIT-strain_sample_85)	COMPLETED	0	2026-09-14 16:49:41.187	2m 27s	14s	99.6%	18.7 MB	49.3 MB	1.8 GB	2.4 MB
2875	fa/2026a2	59860700_71	NFCORE_MAG:MAG:BINNING:METABAT2_JGISUMMARIZEBAMCONTIGDEPTHS_SHORTREAD (MEGAHIT-strain_sample_0)	COMPLETED	0	2026-09-14 16:49:41.187	2m 27s	14s	98.3%	19 MB	49.7 MB	1.8 GB	2.7 MB
2876	2d/618de6	59860700_72	NFCORE_MAG:MAG:BINNING:METABAT2_JGISUMMARIZEBAMCONTIGDEPTHS_SHORTREAD (MEGAHIT-strain_sample_12)	COMPLETED	0	2026-09-14 16:49:41.187	2m 27s	15s	98.6%	18.6 MB	49.5 MB	1.8 GB	2.6 MB
2839	53/9a2212	59860700_59	NFCORE_MAG:MAG:BINNING:METABAT2_JGISUMMARIZEBAMCONTIGDEPTHS_SHORTREAD (MEGAHIT-strain_sample_44)	COMPLETED	0	2026-09-14 16:49:41.187	2m 27s	12s	99.0%	18.4 MB	49 MB	1.8 GB	2.2 MB
2881	6f/28c8d2	59860700_73	NFCORE_MAG:MAG:BINNING:METABAT2_JGISUMMARIZEBAMCONTIGDEPTHS_SHORTREAD (MEGAHIT-strain_sample_9)	COMPLETED	0	2026-09-14 16:49:41.187	2m 27s	14s	100.5%	18.9 MB	49.5 MB	1.8 GB	2.6 MB
2891	3f/161c1f	59860700_74	NFCORE_MAG:MAG:BINNING:METABAT2_JGISUMMARIZEBAMCONTIGDEPTHS_SHORTREAD (MEGAHIT-strain_sample_13)	COMPLETED	0	2026-09-14 16:49:41.187	2m 27s	13s	100.3%	19 MB	49.5 MB	1.8 GB	2.6 MB
2894	4e/5f6a0f	59860700_75	NFCORE_MAG:MAG:BINNING:METABAT2_JGISUMMARIZEBAMCONTIGDEPTHS_SHORTREAD (MEGAHIT-strain_sample_15)	COMPLETED	0	2026-09-14 16:49:41.187	2m 27s	13s	98.7%	18.3 MB	49.1 MB	1.8 GB	2.3 MB
2893	c6/5d61f9	59860700_76	NFCORE_MAG:MAG:BINNING:METABAT2_JGISUMMARIZEBAMCONTIGDEPTHS_SHORTREAD (MEGAHIT-strain_sample_29)	COMPLETED	0	2026-09-14 16:49:41.187	2m 27s	13s	98.6%	18.4 MB	49.1 MB	1.8 GB	2.3 MB
2892	f6/62a707	59860700_79	NFCORE_MAG:MAG:BINNING:METABAT2_JGISUMMARIZEBAMCONTIGDEPTHS_SHORTREAD (MEGAHIT-strain_sample_35)	COMPLETED	0	2026-09-14 16:49:41.187	2m 27s	14s	98.2%	19.9 MB	50.5 MB	1.8 GB	3.2 MB
2897	ef/89ae83	59860700_78	NFCORE_MAG:MAG:BINNING:METABAT2_JGISUMMARIZEBAMCONTIGDEPTHS_SHORTREAD (MEGAHIT-strain_sample_36)	COMPLETED	0	2026-09-14 16:49:41.187	2m 27s	13s	99.6%	19.2 MB	50 MB	1.8 GB	2.8 MB
2895	6a/9e7b6d	59860700_77	NFCORE_MAG:MAG:BINNING:METABAT2_JGISUMMARIZEBAMCONTIGDEPTHS_SHORTREAD (MEGAHIT-strain_sample_39)	COMPLETED	0	2026-09-14 16:49:41.187	2m 27s	14s	100.0%	19.4 MB	50.1 MB	1.8 GB	2.9 MB
2903	3c/3c25c0	59860700_83	NFCORE_MAG:MAG:BINNING:METABAT2_JGISUMMARIZEBAMCONTIGDEPTHS_SHORTREAD (MEGAHIT-strain_sample_60)	COMPLETED	0	2026-09-14 16:49:41.187	2m 27s	13s	99.9%	18.8 MB	49.4 MB	1.8 GB	2.5 MB
2915	0d/399306	59860700_82	NFCORE_MAG:MAG:BINNING:METABAT2_JGISUMMARIZEBAMCONTIGDEPTHS_SHORTREAD (MEGAHIT-strain_sample_61)	COMPLETED	0	2026-09-14 16:49:41.187	2m 27s	13s	99.5%	17.7 MB	48.4 MB	1.8 GB	1.9 MB
2910	e7/7c56ed	59860700_85	NFCORE_MAG:MAG:BINNING:METABAT2_JGISUMMARIZEBAMCONTIGDEPTHS_SHORTREAD (MEGAHIT-strain_sample_66)	COMPLETED	0	2026-09-14 16:49:41.187	2m 27s	13s	99.8%	18.9 MB	49.7 MB	1.8 GB	2.6 MB
2923	e0/88b206	59860700_87	NFCORE_MAG:MAG:BINNING:METABAT2_JGISUMMARIZEBAMCONTIGDEPTHS_SHORTREAD (MEGAHIT-strain_sample_11)	COMPLETED	0	2026-09-14 16:49:41.187	2m 27s	13s	100.2%	18.6 MB	49.4 MB	1.8 GB	2.4 MB
2898	c5/7d7a35	59860700_80	NFCORE_MAG:MAG:BINNING:METABAT2_JGISUMMARIZEBAMCONTIGDEPTHS_SHORTREAD (MEGAHIT-strain_sample_45)	COMPLETED	0	2026-09-14 16:49:41.187	2m 27s	13s	100.7%	18.1 MB	48.8 MB	1.8 GB	2.1 MB
2926	5f/ced530	59860700_88	NFCORE_MAG:MAG:BINNING:METABAT2_JGISUMMARIZEBAMCONTIGDEPTHS_SHORTREAD (MEGAHIT-strain_sample_65)	COMPLETED	0	2026-09-14 16:49:41.187	2m 27s	13s	100.3%	18.8 MB	49.3 MB	1.8 GB	2.4 MB
2956	91/1ea774	59860700_98	NFCORE_MAG:MAG:BINNING:METABAT2_JGISUMMARIZEBAMCONTIGDEPTHS_SHORTREAD (MEGAHIT-toy_mousegut_sample_55)	COMPLETED	0	2026-09-14 16:49:41.187	2m 27s	29s	99.7%	21 MB	51.6 MB	4.2 GB	4 MB
2918	02/2d57aa	59860700_84	NFCORE_MAG:MAG:BINNING:METABAT2_JGISUMMARIZEBAMCONTIGDEPTHS_SHORTREAD (MEGAHIT-strain_sample_88)	COMPLETED	0	2026-09-14 16:49:41.187	2m 27s	14s	100.8%	19.4 MB	50.1 MB	1.8 GB	3 MB
2902	f2/38ef05	59860700_81	NFCORE_MAG:MAG:BINNING:METABAT2_JGISUMMARIZEBAMCONTIGDEPTHS_SHORTREAD (MEGAHIT-strain_sample_59)	COMPLETED	0	2026-09-14 16:49:41.187	2m 27s	14s	99.4%	19.5 MB	50.1 MB	1.8 GB	3 MB
2919	e5/272b11	59860700_86	NFCORE_MAG:MAG:BINNING:METABAT2_JGISUMMARIZEBAMCONTIGDEPTHS_SHORTREAD (MEGAHIT-strain_sample_74)	COMPLETED	0	2026-09-14 16:49:41.187	2m 27s	14s	99.2%	19.3 MB	49.9 MB	1.8 GB	2.8 MB
2929	01/dea3b4	59860700_89	NFCORE_MAG:MAG:BINNING:METABAT2_JGISUMMARIZEBAMCONTIGDEPTHS_SHORTREAD (MEGAHIT-strain_sample_7)	COMPLETED	0	2026-09-14 16:49:41.187	2m 27s	14s	99.8%	19.8 MB	50.5 MB	1.8 GB	3.2 MB
2930	fe/285865	59860700_90	NFCORE_MAG:MAG:BINNING:METABAT2_JGISUMMARIZEBAMCONTIGDEPTHS_SHORTREAD (MEGAHIT-toy_mousegut_sample_22)	COMPLETED	0	2026-09-14 16:49:41.187	2m 57s	42s	100.5%	31.1 MB	61.7 MB	4.4 GB	10.3 MB
2938	e8/1d9aae	59860700_92	NFCORE_MAG:MAG:BINNING:METABAT2_JGISUMMARIZEBAMCONTIGDEPTHS_SHORTREAD (MEGAHIT-marine_sample_9)	COMPLETED	0	2026-09-14 16:49:41.187	2m 57s	1m 1s	99.0%	48.9 MB	79.5 MB	4.5 GB	21.7 MB
2937	85/f8909f	59860700_91	NFCORE_MAG:MAG:BINNING:METABAT2_JGISUMMARIZEBAMCONTIGDEPTHS_SHORTREAD (MEGAHIT-marine_sample_4)	COMPLETED	0	2026-09-14 16:49:41.187	2m 57s	55s	101.0%	44.2 MB	74.8 MB	4.5 GB	18.6 MB
2941	44/d63c69	59860700_93	NFCORE_MAG:MAG:BINNING:METABAT2_JGISUMMARIZEBAMCONTIGDEPTHS_SHORTREAD (MEGAHIT-toy_mousegut_sample_30)	COMPLETED	0	2026-09-14 16:49:41.187	2m 57s	40s	99.3%	28.8 MB	59.4 MB	4.4 GB	9 MB
2943	d0/215318	59860700_94	NFCORE_MAG:MAG:BINNING:METABAT2_JGISUMMARIZEBAMCONTIGDEPTHS_SHORTREAD (MEGAHIT-toy_mousegut_sample_34)	COMPLETED	0	2026-09-14 16:49:41.187	2m 57s	54s	99.4%	37.9 MB	68.6 MB	4.5 GB	14.7 MB
2947	40/5dbec1	59860700_95	NFCORE_MAG:MAG:BINNING:METABAT2_JGISUMMARIZEBAMCONTIGDEPTHS_SHORTREAD (MEGAHIT-toy_mousegut_sample_24)	COMPLETED	0	2026-09-14 16:49:41.187	2m 57s	41s	100.1%	32.5 MB	63 MB	4.4 GB	11.2 MB
2950	15/a8227e	59860700_96	NFCORE_MAG:MAG:BINNING:METABAT2_JGISUMMARIZEBAMCONTIGDEPTHS_SHORTREAD (MEGAHIT-toy_hmp_airskinurogenital_sample_27)	COMPLETED	0	2026-09-14 16:49:41.187	2m 57s	43s	99.7%	32.9 MB	63.5 MB	4.5 GB	11.5 MB
2951	89/ca1667	59860700_97	NFCORE_MAG:MAG:BINNING:METABAT2_JGISUMMARIZEBAMCONTIGDEPTHS_SHORTREAD (MEGAHIT-toy_mousegut_sample_33)	COMPLETED	0	2026-09-14 16:49:41.187	2m 57s	42s	99.9%	34.4 MB	64.9 MB	4.5 GB	12.5 MB
2958	d1/ce8724	59860700_99	NFCORE_MAG:MAG:BINNING:METABAT2_JGISUMMARIZEBAMCONTIGDEPTHS_SHORTREAD (MEGAHIT-toy_hmp_airskinurogenital_sample_19)	COMPLETED	0	2026-09-14 16:49:41.187	2m 57s	47s	100.2%	38.1 MB	68.6 MB	4.5 GB	14.5 MB
2855	6f/d44f80	59860700_65	NFCORE_MAG:MAG:BINNING:METABAT2_JGISUMMARIZEBAMCONTIGDEPTHS_SHORTREAD (MEGAHIT-strain_sample_75)	FAILED	-	2026-09-14 16:49:41.187	9m 27s	7m 30s	-	-	-	-	-
2862	8b/f22485	59860700_67	NFCORE_MAG:MAG:BINNING:METABAT2_JGISUMMARIZEBAMCONTIGDEPTHS_SHORTREAD (MEGAHIT-strain_sample_82)	FAILED	-	2026-09-14 16:49:41.187	9m 27s	7m 30s	-	-	-	-	-
2861	19/08716d	59860700_66	NFCORE_MAG:MAG:BINNING:METABAT2_JGISUMMARIZEBAMCONTIGDEPTHS_SHORTREAD (MEGAHIT-strain_sample_54)	FAILED	-	2026-09-14 16:49:41.187	9m 27s	7m 30s	-	-	-	-	-
2715	2c/a4dadb	59860700_18	NFCORE_MAG:MAG:BINNING:METABAT2_JGISUMMARIZEBAMCONTIGDEPTHS_SHORTREAD (MEGAHIT-strain_sample_21)	ABORTED	-	2026-09-14 16:49:41.187	-	-	-	-	-	-	-
2714	16/fbabe3	59860700_19	NFCORE_MAG:MAG:BINNING:METABAT2_JGISUMMARIZEBAMCONTIGDEPTHS_SHORTREAD (MEGAHIT-strain_sample_16)	ABORTED	-	2026-09-14 16:49:41.187	-	-	-	-	-	-	-
2730	ea/609215	59860700_20	NFCORE_MAG:MAG:BINNING:METABAT2_JGISUMMARIZEBAMCONTIGDEPTHS_SHORTREAD (MEGAHIT-strain_sample_41)	ABORTED	-	2026-09-14 16:49:41.187	-	-	-	-	-	-	-
2805	03/c29912	59860700_48	NFCORE_MAG:MAG:BINNING:METABAT2_JGISUMMARIZEBAMCONTIGDEPTHS_SHORTREAD (MEGAHIT-strain_sample_31)	ABORTED	-	2026-09-14 16:49:41.187	-	-	-	-	-	-	-
2809	83/776903	59860700_49	NFCORE_MAG:MAG:BINNING:METABAT2_JGISUMMARIZEBAMCONTIGDEPTHS_SHORTREAD (MEGAHIT-strain_sample_34)	ABORTED	-	2026-09-14 16:49:41.187	-	-	-	-	-	-	-
2814	d8/4602dd	59860700_50	NFCORE_MAG:MAG:BINNING:METABAT2_JGISUMMARIZEBAMCONTIGDEPTHS_SHORTREAD (MEGAHIT-strain_sample_40)	ABORTED	-	2026-09-14 16:49:41.187	-	-	-	-	-	-	-
3007	ad/477d56	59860868	NFCORE_MAG:MAG:BINNING:COMEBIN_RUNCOMEBIN (MEGAHIT-marine_sample_3)	ABORTED	-	2026-09-14 16:50:53.343	-	-	-	-	-	-	-
