task_id	hash	native_id	name	status	exit	submit	duration	realtime	%cpu	peak_rss	peak_vmem	rchar	wchar
46	7c/67b21f	59634777_20	NFCORE_MAG:MAG:SHORTREAD_PREPROCESSING:FASTP (strain_sample_10_run0)	COMPLETED	0	2026-09-13 02:40:55.476	1m 58s	59.6s	269.5%	1.3 GB	1.8 GB	1.9 GB	1.7 GB
35	29/587061	59634777_15	NFCORE_MAG:MAG:SHORTREAD_PREPROCESSING:FASTP (strain_sample_7_run0)	COMPLETED	0	2026-09-13 02:40:55.476	1m 58s	52.9s	301.4%	1.3 GB	1.9 GB	1.9 GB	1.7 GB
33	0f/048af9	59634777_14	NFCORE_MAG:MAG:SHORTREAD_PREPROCESSING:FASTP (strain_sample_5_run0)	COMPLETED	0	2026-09-13 02:40:55.476	1m 58s	54.9s	278.2%	1.3 GB	1.8 GB	1.9 GB	1.7 GB
23	8a/130ef1	59634777_10	NFCORE_MAG:MAG:SHORTREAD_PREPROCESSING:FASTP (strain_sample_1_run0)	COMPLETED	0	2026-09-13 02:40:55.476	1m 58s	54.2s	289.3%	1.3 GB	1.8 GB	1.9 GB	1.7 GB
45	42/626ab4	59634777_19	NFCORE_MAG:MAG:SHORTREAD_PREPROCESSING:FASTP (strain_sample_9_run0)	COMPLETED	0	2026-09-13 02:40:55.476	1m 58s	1m 1s	270.7%	1.3 GB	1.8 GB	1.9 GB	1.7 GB
28	7c/88489e	59634777_13	NFCORE_MAG:MAG:SHORTREAD_PREPROCESSING:FASTP (strain_sample_3_run0)	COMPLETED	0	2026-09-13 02:40:55.476	1m 58s	52.1s	297.5%	1.3 GB	1.9 GB	1.9 GB	1.7 GB
34	b1/0e616c	59634777_16	NFCORE_MAG:MAG:SHORTREAD_PREPROCESSING:FASTP (strain_sample_6_run0)	COMPLETED	0	2026-09-13 02:40:55.476	1m 58s	52.9s	297.2%	1.3 GB	1.8 GB	1.9 GB	1.7 GB
26	7e/5b99d3	59634777_11	NFCORE_MAG:MAG:SHORTREAD_PREPROCESSING:FASTP (strain_sample_2_run0)	COMPLETED	0	2026-09-13 02:40:55.476	1m 58s	53.2s	297.2%	1.3 GB	1.9 GB	1.9 GB	1.7 GB
20	d9/e308cb	59634777_12	NFCORE_MAG:MAG:SHORTREAD_PREPROCESSING:FASTP (strain_sample_0_run0)	COMPLETED	0	2026-09-13 02:40:55.476	1m 58s	50s	302.2%	1.3 GB	1.9 GB	1.9 GB	1.7 GB
47	ad/31fee6	59634777_21	NFCORE_MAG:MAG:SHORTREAD_PREPROCESSING:FASTP (strain_sample_11_run0)	COMPLETED	0	2026-09-13 02:40:55.476	1m 58s	53.3s	297.1%	1.3 GB	1.9 GB	1.9 GB	1.7 GB
67	a1/a29796	59634777_30	NFCORE_MAG:MAG:SHORTREAD_PREPROCESSING:FASTP (strain_sample_20_run0)	COMPLETED	0	2026-09-13 02:40:55.476	1m 58s	47.5s	305.8%	1.3 GB	1.9 GB	1.9 GB	1.7 GB
61	8b/16d0e7	59634777_28	NFCORE_MAG:MAG:SHORTREAD_PREPROCESSING:FASTP (strain_sample_17_run0)	COMPLETED	0	2026-09-13 02:40:55.476	1m 58s	49.6s	297.7%	1.3 GB	1.8 GB	1.9 GB	1.7 GB
54	df/687ccb	59634777_24	NFCORE_MAG:MAG:SHORTREAD_PREPROCESSING:FASTP (strain_sample_14_run0)	COMPLETED	0	2026-09-13 02:40:55.476	1m 58s	51.1s	300.6%	1.3 GB	1.9 GB	1.9 GB	1.7 GB
62	85/dd28c1	59634777_27	NFCORE_MAG:MAG:SHORTREAD_PREPROCESSING:FASTP (strain_sample_18_run0)	COMPLETED	0	2026-09-13 02:40:55.476	1m 58s	54.9s	286.3%	1.3 GB	1.9 GB	1.9 GB	1.7 GB
52	92/a28b22	59634777_22	NFCORE_MAG:MAG:SHORTREAD_PREPROCESSING:FASTP (strain_sample_12_run0)	COMPLETED	0	2026-09-13 02:40:55.476	1m 58s	55.2s	299.0%	1.3 GB	1.9 GB	1.9 GB	1.7 GB
53	7d/23feb1	59634777_23	NFCORE_MAG:MAG:SHORTREAD_PREPROCESSING:FASTP (strain_sample_13_run0)	COMPLETED	0	2026-09-13 02:40:55.476	1m 58s	53.3s	294.8%	1.3 GB	1.8 GB	1.9 GB	1.7 GB
55	ed/beec33	59634777_25	NFCORE_MAG:MAG:SHORTREAD_PREPROCESSING:FASTP (strain_sample_15_run0)	COMPLETED	0	2026-09-13 02:40:55.476	1m 58s	53.2s	293.8%	1.3 GB	1.8 GB	1.9 GB	1.7 GB
71	8d/09312b	59634777_31	NFCORE_MAG:MAG:SHORTREAD_PREPROCESSING:FASTP (strain_sample_23_run0)	COMPLETED	0	2026-09-13 02:40:55.476	1m 58s	46.8s	305.9%	1.3 GB	1.8 GB	1.9 GB	1.7 GB
59	41/28ba70	59634777_26	NFCORE_MAG:MAG:SHORTREAD_PREPROCESSING:FASTP (strain_sample_16_run0)	COMPLETED	0	2026-09-13 02:40:55.476	1m 58s	57.2s	283.6%	1.3 GB	1.9 GB	1.9 GB	1.7 GB
65	c7/501a39	59634777_29	NFCORE_MAG:MAG:SHORTREAD_PREPROCESSING:FASTP (strain_sample_19_run0)	COMPLETED	0	2026-09-13 02:40:55.476	1m 58s	1m 6s	231.9%	1.3 GB	1.8 GB	1.9 GB	1.7 GB
70	37/865ec2	59634777_33	NFCORE_MAG:MAG:SHORTREAD_PREPROCESSING:FASTP (strain_sample_22_run0)	COMPLETED	0	2026-09-13 02:40:55.476	1m 58s	48.4s	301.0%	1.3 GB	1.8 GB	1.9 GB	1.7 GB
68	c5/acc246	59634777_32	NFCORE_MAG:MAG:SHORTREAD_PREPROCESSING:FASTP (strain_sample_21_run0)	COMPLETED	0	2026-09-13 02:40:55.476	1m 58s	47.1s	304.1%	1.3 GB	1.8 GB	1.9 GB	1.7 GB
83	f3/8655d1	59634777_35	NFCORE_MAG:MAG:SHORTREAD_PREPROCESSING:FASTP (strain_sample_28_run0)	COMPLETED	0	2026-09-13 02:40:55.476	1m 58s	59.7s	257.1%	1.3 GB	1.8 GB	1.9 GB	1.7 GB
74	8c/920efb	59634777_34	NFCORE_MAG:MAG:SHORTREAD_PREPROCESSING:FASTP (strain_sample_24_run0)	COMPLETED	0	2026-09-13 02:40:55.476	1m 58s	52.1s	285.2%	1.3 GB	1.8 GB	1.9 GB	1.7 GB
82	85/f04673	59634777_36	NFCORE_MAG:MAG:SHORTREAD_PREPROCESSING:FASTP (strain_sample_27_run0)	COMPLETED	0	2026-09-13 02:40:55.476	1m 58s	1m 3s	256.3%	1.3 GB	1.8 GB	1.9 GB	1.7 GB
81	9b/10594e	59634777_37	NFCORE_MAG:MAG:SHORTREAD_PREPROCESSING:FASTP (strain_sample_26_run0)	COMPLETED	0	2026-09-13 02:40:55.476	1m 58s	1m 3s	254.1%	1.3 GB	1.8 GB	1.9 GB	1.7 GB
89	cb/94a5f1	59634777_39	NFCORE_MAG:MAG:SHORTREAD_PREPROCESSING:FASTP (strain_sample_30_run0)	COMPLETED	0	2026-09-13 02:40:55.476	1m 58s	58.4s	272.4%	1.3 GB	1.9 GB	1.9 GB	1.7 GB
90	6f/899331	59634777_40	NFCORE_MAG:MAG:SHORTREAD_PREPROCESSING:FASTP (strain_sample_31_run0)	COMPLETED	0	2026-09-13 02:40:55.476	1m 58s	51.3s	297.7%	1.3 GB	1.8 GB	1.9 GB	1.7 GB
77	83/9e12d3	59634777_38	NFCORE_MAG:MAG:SHORTREAD_PREPROCESSING:FASTP (strain_sample_25_run0)	COMPLETED	0	2026-09-13 02:40:55.476	1m 58s	1m 6s	246.9%	1.3 GB	1.8 GB	1.9 GB	1.7 GB
84	66/e3e726	59634777_42	NFCORE_MAG:MAG:SHORTREAD_PREPROCESSING:FASTP (strain_sample_29_run0)	COMPLETED	0	2026-09-13 02:40:55.476	1m 58s	57s	271.0%	1.3 GB	1.8 GB	1.8 GB	1.7 GB
101	d2/fb21a8	59634777_46	NFCORE_MAG:MAG:SHORTREAD_PREPROCESSING:FASTP (strain_sample_37_run0)	COMPLETED	0	2026-09-13 02:40:55.476	1m 58s	52.2s	300.7%	1.3 GB	1.8 GB	1.9 GB	1.7 GB
96	61/0355e4	59634777_45	NFCORE_MAG:MAG:SHORTREAD_PREPROCESSING:FASTP (strain_sample_34_run0)	COMPLETED	0	2026-09-13 02:40:55.476	1m 58s	53.2s	294.3%	1.3 GB	1.8 GB	1.9 GB	1.7 GB
91	3b/76345a	59634777_43	NFCORE_MAG:MAG:SHORTREAD_PREPROCESSING:FASTP (strain_sample_32_run0)	COMPLETED	0	2026-09-13 02:40:55.476	1m 58s	56.2s	282.9%	1.3 GB	1.8 GB	1.9 GB	1.7 GB
99	f4/e2f3ca	59634777_44	NFCORE_MAG:MAG:SHORTREAD_PREPROCESSING:FASTP (strain_sample_35_run0)	COMPLETED	0	2026-09-13 02:40:55.476	1m 58s	56.9s	281.2%	1.3 GB	1.9 GB	1.9 GB	1.7 GB
112	7e/164f09	59634777_49	NFCORE_MAG:MAG:SHORTREAD_PREPROCESSING:FASTP (strain_sample_40_run0)	COMPLETED	0	2026-09-13 02:40:55.476	1m 58s	52.5s	297.8%	1.3 GB	1.8 GB	1.9 GB	1.7 GB
100	f8/0528bf	59634777_47	NFCORE_MAG:MAG:SHORTREAD_PREPROCESSING:FASTP (strain_sample_36_run0)	COMPLETED	0	2026-09-13 02:40:55.476	1m 58s	53.5s	297.2%	1.3 GB	1.8 GB	1.9 GB	1.7 GB
115	a6/8b89af	59634777_50	NFCORE_MAG:MAG:SHORTREAD_PREPROCESSING:FASTP (strain_sample_42_run0)	COMPLETED	0	2026-09-13 02:40:55.476	1m 58s	51.6s	300.6%	1.3 GB	1.8 GB	1.9 GB	1.7 GB
114	46/0bd52f	59634777_51	NFCORE_MAG:MAG:SHORTREAD_PREPROCESSING:FASTP (strain_sample_41_run0)	COMPLETED	0	2026-09-13 02:40:55.476	1m 58s	54.2s	288.1%	1.3 GB	1.9 GB	1.9 GB	1.7 GB
111	6c/dab24d	59634777_52	NFCORE_MAG:MAG:SHORTREAD_PREPROCESSING:FASTP (strain_sample_39_run0)	COMPLETED	0	2026-09-13 02:40:55.476	1m 58s	53.6s	291.8%	1.3 GB	1.9 GB	1.9 GB	1.7 GB
116	09/1ba65f	59634777_54	NFCORE_MAG:MAG:SHORTREAD_PREPROCESSING:FASTP (strain_sample_43_run0)	COMPLETED	0	2026-09-13 02:40:55.476	1m 58s	1m 5s	252.6%	1.3 GB	1.9 GB	1.9 GB	1.7 GB
124	aa/89ceda	59634777_58	NFCORE_MAG:MAG:SHORTREAD_PREPROCESSING:FASTP (strain_sample_47_run0)	COMPLETED	0	2026-09-13 02:40:55.476	1m 58s	51.3s	296.8%	1.3 GB	1.8 GB	1.9 GB	1.7 GB
133	c3/051eef	59634777_59	NFCORE_MAG:MAG:SHORTREAD_PREPROCESSING:FASTP (strain_sample_52_run0)	COMPLETED	0	2026-09-13 02:40:55.476	1m 58s	50.7s	301.1%	1.3 GB	1.8 GB	1.9 GB	1.7 GB
122	3d/cbb5cf	59634777_56	NFCORE_MAG:MAG:SHORTREAD_PREPROCESSING:FASTP (strain_sample_45_run0)	COMPLETED	0	2026-09-13 02:40:55.476	1m 58s	1m 1s	271.8%	1.3 GB	1.9 GB	1.9 GB	1.7 GB
117	95/e75bc1	59634777_53	NFCORE_MAG:MAG:SHORTREAD_PREPROCESSING:FASTP (strain_sample_44_run0)	COMPLETED	0	2026-09-13 02:40:55.476	1m 58s	1m 5s	252.3%	1.3 GB	1.8 GB	1.9 GB	1.7 GB
127	ed/090a65	59634777_61	NFCORE_MAG:MAG:SHORTREAD_PREPROCESSING:FASTP (strain_sample_49_run0)	COMPLETED	0	2026-09-13 02:40:55.476	1m 58s	50.6s	297.8%	1.3 GB	1.9 GB	1.9 GB	1.7 GB
125	cc/b44760	59634777_57	NFCORE_MAG:MAG:SHORTREAD_PREPROCESSING:FASTP (strain_sample_48_run0)	COMPLETED	0	2026-09-13 02:40:55.476	1m 58s	52.9s	285.5%	1.3 GB	1.8 GB	1.9 GB	1.7 GB
131	1d/1a11f4	59634777_60	NFCORE_MAG:MAG:SHORTREAD_PREPROCESSING:FASTP (strain_sample_50_run0)	COMPLETED	0	2026-09-13 02:40:55.476	1m 58s	51.2s	294.5%	1.3 GB	1.9 GB	1.9 GB	1.7 GB
132	52/168b21	59634777_62	NFCORE_MAG:MAG:SHORTREAD_PREPROCESSING:FASTP (strain_sample_51_run0)	COMPLETED	0	2026-09-13 02:40:55.476	1m 58s	54s	289.9%	1.3 GB	1.8 GB	1.9 GB	1.7 GB
134	89/54006c	59634777_63	NFCORE_MAG:MAG:SHORTREAD_PREPROCESSING:FASTP (strain_sample_53_run0)	COMPLETED	0	2026-09-13 02:40:55.476	1m 58s	55.2s	284.9%	1.3 GB	1.9 GB	1.9 GB	1.7 GB
92	d8/dbcc5a	59634777_41	NFCORE_MAG:MAG:SHORTREAD_PREPROCESSING:FASTP (strain_sample_33_run0)	COMPLETED	0	2026-09-13 02:40:55.476	1m 58s	55.2s	277.4%	1.3 GB	1.8 GB	1.9 GB	1.7 GB
141	46/fa1418	59634777_64	NFCORE_MAG:MAG:SHORTREAD_PREPROCESSING:FASTP (strain_sample_56_run0)	COMPLETED	0	2026-09-13 02:40:55.476	1m 58s	53.3s	288.1%	1.3 GB	1.9 GB	1.9 GB	1.7 GB
138	4d/118806	59634777_66	NFCORE_MAG:MAG:SHORTREAD_PREPROCESSING:FASTP (strain_sample_54_run0)	COMPLETED	0	2026-09-13 02:40:55.476	1m 58s	1m 3s	255.3%	1.3 GB	1.8 GB	1.9 GB	1.7 GB
105	a9/370c36	59634777_48	NFCORE_MAG:MAG:SHORTREAD_PREPROCESSING:FASTP (strain_sample_38_run0)	COMPLETED	0	2026-09-13 02:40:55.476	1m 58s	51.9s	302.1%	1.3 GB	1.8 GB	1.9 GB	1.7 GB
148	2a/f0a471	59634777_67	NFCORE_MAG:MAG:SHORTREAD_PREPROCESSING:FASTP (strain_sample_58_run0)	COMPLETED	0	2026-09-13 02:40:55.476	1m 58s	1m 5s	252.1%	1.3 GB	1.8 GB	1.9 GB	1.7 GB
145	24/84cb48	59634777_69	NFCORE_MAG:MAG:SHORTREAD_PREPROCESSING:FASTP (strain_sample_57_run0)	COMPLETED	0	2026-09-13 02:40:55.476	1m 58s	50.8s	291.7%	1.3 GB	1.9 GB	1.9 GB	1.7 GB
140	5c/46e251	59634777_65	NFCORE_MAG:MAG:SHORTREAD_PREPROCESSING:FASTP (strain_sample_55_run0)	COMPLETED	0	2026-09-13 02:40:55.476	1m 58s	1m 2s	259.8%	1.3 GB	1.8 GB	1.9 GB	1.7 GB
154	52/e7598b	59634777_71	NFCORE_MAG:MAG:SHORTREAD_PREPROCESSING:FASTP (strain_sample_61_run0)	COMPLETED	0	2026-09-13 02:40:55.476	1m 58s	49.6s	297.5%	1.3 GB	1.9 GB	1.9 GB	1.7 GB
152	76/1e7d37	59634777_70	NFCORE_MAG:MAG:SHORTREAD_PREPROCESSING:FASTP (strain_sample_60_run0)	COMPLETED	0	2026-09-13 02:40:55.476	1m 58s	55.8s	259.9%	1.3 GB	1.8 GB	1.9 GB	1.7 GB
149	fd/80098e	59634777_68	NFCORE_MAG:MAG:SHORTREAD_PREPROCESSING:FASTP (strain_sample_59_run0)	COMPLETED	0	2026-09-13 02:40:55.476	1m 58s	58.9s	276.8%	1.3 GB	1.8 GB	1.9 GB	1.7 GB
158	bc/6601bb	59634777_72	NFCORE_MAG:MAG:SHORTREAD_PREPROCESSING:FASTP (strain_sample_63_run0)	COMPLETED	0	2026-09-13 02:40:55.476	1m 58s	48.1s	305.8%	1.3 GB	1.8 GB	1.9 GB	1.7 GB
160	ea/d356b4	59634777_73	NFCORE_MAG:MAG:SHORTREAD_PREPROCESSING:FASTP (strain_sample_64_run0)	COMPLETED	0	2026-09-13 02:40:55.476	1m 58s	47.6s	304.6%	1.3 GB	1.8 GB	1.8 GB	1.7 GB
162	57/af0ea4	59634777_74	NFCORE_MAG:MAG:SHORTREAD_PREPROCESSING:FASTP (strain_sample_65_run0)	COMPLETED	0	2026-09-13 02:40:55.476	1m 58s	52.3s	285.2%	1.3 GB	1.8 GB	1.9 GB	1.7 GB
168	71/4e1f55	59634777_78	NFCORE_MAG:MAG:SHORTREAD_PREPROCESSING:FASTP (strain_sample_67_run0)	COMPLETED	0	2026-09-13 02:40:55.476	1m 58s	48.5s	302.7%	1.3 GB	1.9 GB	1.9 GB	1.7 GB
170	c4/9ada34	59634777_77	NFCORE_MAG:MAG:SHORTREAD_PREPROCESSING:FASTP (strain_sample_68_run0)	COMPLETED	0	2026-09-13 02:40:55.476	1m 58s	47.5s	305.8%	1.3 GB	1.9 GB	1.9 GB	1.7 GB
163	33/9067b2	59634777_76	NFCORE_MAG:MAG:SHORTREAD_PREPROCESSING:FASTP (strain_sample_66_run0)	COMPLETED	0	2026-09-13 02:40:55.476	1m 58s	48.3s	303.7%	1.3 GB	1.8 GB	1.9 GB	1.7 GB
172	33/eef704	59634777_80	NFCORE_MAG:MAG:SHORTREAD_PREPROCESSING:FASTP (strain_sample_70_run0)	COMPLETED	0	2026-09-13 02:40:55.476	1m 58s	48s	299.5%	1.3 GB	1.8 GB	1.9 GB	1.7 GB
171	84/66bbe9	59634777_79	NFCORE_MAG:MAG:SHORTREAD_PREPROCESSING:FASTP (strain_sample_69_run0)	COMPLETED	0	2026-09-13 02:40:55.476	1m 58s	48.9s	299.1%	1.3 GB	1.8 GB	1.9 GB	1.7 GB
157	dd/5ed059	59634777_75	NFCORE_MAG:MAG:SHORTREAD_PREPROCESSING:FASTP (strain_sample_62_run0)	COMPLETED	0	2026-09-13 02:40:55.476	1m 58s	48.6s	304.8%	1.3 GB	1.9 GB	1.9 GB	1.7 GB
186	ca/eacdf6	59634777_85	NFCORE_MAG:MAG:SHORTREAD_PREPROCESSING:FASTP (strain_sample_76_run0)	COMPLETED	0	2026-09-13 02:40:55.476	1m 58s	48s	300.4%	1.3 GB	1.9 GB	1.9 GB	1.7 GB
180	99/a7a5ff	59634777_81	NFCORE_MAG:MAG:SHORTREAD_PREPROCESSING:FASTP (strain_sample_72_run0)	COMPLETED	0	2026-09-13 02:40:55.476	1m 58s	48.5s	296.2%	1.3 GB	1.9 GB	1.9 GB	1.7 GB
185	88/ba3bb1	59634777_84	NFCORE_MAG:MAG:SHORTREAD_PREPROCESSING:FASTP (strain_sample_75_run0)	COMPLETED	0	2026-09-13 02:40:55.476	1m 58s	47.5s	299.3%	1.3 GB	1.8 GB	1.9 GB	1.7 GB
182	bb/775b2b	59634777_83	NFCORE_MAG:MAG:SHORTREAD_PREPROCESSING:FASTP (strain_sample_74_run0)	COMPLETED	0	2026-09-13 02:40:55.476	1m 58s	48.7s	297.6%	1.3 GB	1.9 GB	1.9 GB	1.7 GB
181	b7/92cca3	59634777_86	NFCORE_MAG:MAG:SHORTREAD_PREPROCESSING:FASTP (strain_sample_73_run0)	COMPLETED	0	2026-09-13 02:40:55.476	1m 58s	51s	285.8%	1.3 GB	1.9 GB	1.9 GB	1.7 GB
195	55/785eee	59634777_91	NFCORE_MAG:MAG:SHORTREAD_PREPROCESSING:FASTP (strain_sample_82_run0)	COMPLETED	0	2026-09-13 02:40:55.476	1m 58s	49.8s	290.0%	1.3 GB	1.8 GB	1.9 GB	1.7 GB
178	ef/4f2907	59634777_82	NFCORE_MAG:MAG:SHORTREAD_PREPROCESSING:FASTP (strain_sample_71_run0)	COMPLETED	0	2026-09-13 02:40:55.476	1m 58s	46.3s	305.2%	1.3 GB	1.8 GB	1.9 GB	1.7 GB
193	2a/ba0c4b	59634777_90	NFCORE_MAG:MAG:SHORTREAD_PREPROCESSING:FASTP (strain_sample_81_run0)	COMPLETED	0	2026-09-13 02:40:55.476	1m 58s	52.4s	273.2%	1.3 GB	1.9 GB	1.9 GB	1.7 GB
196	28/f9c369	59634777_95	NFCORE_MAG:MAG:SHORTREAD_PREPROCESSING:FASTP (strain_sample_83_run0)	COMPLETED	0	2026-09-13 02:40:55.476	1m 58s	54.4s	288.9%	1.3 GB	1.9 GB	1.9 GB	1.7 GB
191	dc/0c337d	59634777_88	NFCORE_MAG:MAG:SHORTREAD_PREPROCESSING:FASTP (strain_sample_79_run0)	COMPLETED	0	2026-09-13 02:40:55.476	1m 58s	47.4s	300.6%	1.3 GB	1.9 GB	1.9 GB	1.7 GB
192	05/e2b25f	59634777_89	NFCORE_MAG:MAG:SHORTREAD_PREPROCESSING:FASTP (strain_sample_80_run0)	COMPLETED	0	2026-09-13 02:40:55.476	1m 58s	47.2s	300.5%	1.3 GB	1.9 GB	1.9 GB	1.7 GB
188	c4/c5b983	59634777_87	NFCORE_MAG:MAG:SHORTREAD_PREPROCESSING:FASTP (strain_sample_77_run0)	COMPLETED	0	2026-09-13 02:40:55.476	1m 58s	56.6s	263.9%	1.3 GB	1.8 GB	1.9 GB	1.7 GB
201	7d/f77ad0	59634777_94	NFCORE_MAG:MAG:SHORTREAD_PREPROCESSING:FASTP (strain_sample_86_run0)	COMPLETED	0	2026-09-13 02:40:55.476	1m 58s	54.3s	272.3%	1.3 GB	1.8 GB	1.9 GB	1.7 GB
197	eb/c27ed9	59634777_93	NFCORE_MAG:MAG:SHORTREAD_PREPROCESSING:FASTP (strain_sample_84_run0)	COMPLETED	0	2026-09-13 02:40:55.476	1m 58s	58.9s	260.9%	1.3 GB	1.8 GB	1.9 GB	1.7 GB
190	51/b6f28a	59634777_92	NFCORE_MAG:MAG:SHORTREAD_PREPROCESSING:FASTP (strain_sample_78_run0)	COMPLETED	0	2026-09-13 02:40:55.476	1m 58s	1m 1s	253.5%	1.3 GB	1.8 GB	1.9 GB	1.7 GB
202	37/89da0e	59634777_96	NFCORE_MAG:MAG:SHORTREAD_PREPROCESSING:FASTP (strain_sample_87_run0)	COMPLETED	0	2026-09-13 02:40:55.476	1m 58s	55.8s	285.1%	1.3 GB	1.8 GB	1.9 GB	1.7 GB
199	74/7aba3f	59634777_97	NFCORE_MAG:MAG:SHORTREAD_PREPROCESSING:FASTP (strain_sample_85_run0)	COMPLETED	0	2026-09-13 02:40:55.476	1m 58s	54.3s	292.9%	1.3 GB	1.9 GB	1.9 GB	1.7 GB
205	dd/6e011a	59634777_98	NFCORE_MAG:MAG:SHORTREAD_PREPROCESSING:FASTP (strain_sample_90_run0)	COMPLETED	0	2026-09-13 02:40:55.476	1m 58s	57.2s	278.6%	1.3 GB	1.9 GB	1.9 GB	1.7 GB
203	ee/eb4c7f	59634777_99	NFCORE_MAG:MAG:SHORTREAD_PREPROCESSING:FASTP (strain_sample_88_run0)	COMPLETED	0	2026-09-13 02:40:55.476	1m 58s	50.4s	286.8%	1.3 GB	1.9 GB	1.9 GB	1.7 GB
30	1d/649559	59634777_18	NFCORE_MAG:MAG:SHORTREAD_PREPROCESSING:FASTP (strain_sample_4_run0)	COMPLETED	0	2026-09-13 02:40:55.476	2m 28s	1m 12s	232.2%	1.3 GB	1.8 GB	1.9 GB	1.7 GB
36	ae/d7bb76	59634777_17	NFCORE_MAG:MAG:SHORTREAD_PREPROCESSING:FASTP (strain_sample_8_run0)	COMPLETED	0	2026-09-13 02:40:55.476	2m 28s	1m 15s	234.3%	1.3 GB	1.8 GB	1.9 GB	1.7 GB
123	5e/43c795	59634777_55	NFCORE_MAG:MAG:SHORTREAD_PREPROCESSING:FASTP (strain_sample_46_run0)	COMPLETED	0	2026-09-13 02:40:55.476	2m 28s	1m 14s	237.5%	1.3 GB	1.9 GB	1.9 GB	1.7 GB
11	99/cabb33	59634777_5	NFCORE_MAG:MAG:SHORTREAD_PREPROCESSING:FASTP (marine_sample_5_run0)	COMPLETED	0	2026-09-13 02:40:55.476	2m 28s	1m 31s	384.9%	1.3 GB	1.9 GB	4.5 GB	4.2 GB
19	1c/0827d5	59634777_9	NFCORE_MAG:MAG:SHORTREAD_PREPROCESSING:FASTP (marine_sample_9_run0)	COMPLETED	0	2026-09-13 02:40:55.476	2m 28s	1m 31s	384.0%	1.3 GB	1.9 GB	4.5 GB	4.2 GB
14	a9/e22fdc	59634777_7	NFCORE_MAG:MAG:SHORTREAD_PREPROCESSING:FASTP (marine_sample_7_run0)	COMPLETED	0	2026-09-13 02:40:55.476	2m 28s	1m 30s	389.6%	1.3 GB	1.8 GB	4.5 GB	4.2 GB
8	05/1758a4	59634777_3	NFCORE_MAG:MAG:SHORTREAD_PREPROCESSING:FASTP (marine_sample_2_run0)	COMPLETED	0	2026-09-13 02:40:55.476	2m 28s	1m 30s	395.1%	1.3 GB	1.8 GB	4.5 GB	4.2 GB
2	97/ee6897	59634777_0	NFCORE_MAG:MAG:SHORTREAD_PREPROCESSING:FASTP (marine_sample_0_run0)	COMPLETED	0	2026-09-13 02:40:55.476	2m 28s	1m 24s	378.0%	1.3 GB	1.9 GB	4.5 GB	4.2 GB
12	2c/91cd7e	59634777_4	NFCORE_MAG:MAG:SHORTREAD_PREPROCESSING:FASTP (marine_sample_6_run0)	COMPLETED	0	2026-09-13 02:40:55.476	2m 58s	1m 35s	378.7%	1.3 GB	1.8 GB	4.5 GB	4.2 GB
9	3a/f34a85	59634777_2	NFCORE_MAG:MAG:SHORTREAD_PREPROCESSING:FASTP (marine_sample_3_run0)	COMPLETED	0	2026-09-13 02:40:55.476	2m 58s	1m 40s	342.4%	1.3 GB	1.9 GB	4.5 GB	4.2 GB
18	da/fdc1e6	59634777_8	NFCORE_MAG:MAG:SHORTREAD_PREPROCESSING:FASTP (marine_sample_8_run0)	COMPLETED	0	2026-09-13 02:40:55.476	2m 58s	1m 35s	377.9%	1.3 GB	1.9 GB	4.5 GB	4.2 GB
10	d0/fb7def	59634777_6	NFCORE_MAG:MAG:SHORTREAD_PREPROCESSING:FASTP (marine_sample_4_run0)	COMPLETED	0	2026-09-13 02:40:55.476	2m 58s	1m 34s	380.7%	1.3 GB	1.8 GB	4.5 GB	4.2 GB
7	21/59c067	59634777_1	NFCORE_MAG:MAG:SHORTREAD_PREPROCESSING:FASTP (marine_sample_1_run0)	COMPLETED	0	2026-09-13 02:40:55.476	2m 58s	2m 3s	289.6%	1.3 GB	1.8 GB	4.5 GB	4.2 GB
405	e7/9aa669	59635394_0	NFCORE_MAG:MAG:SHORTREAD_PREPROCESSING:FASTQC_RAW (toy_mousegut_sample_56_run0_raw)	COMPLETED	0	2026-09-13 02:42:54.094	1m 59s	1m 33s	186.9%	2.6 GB	15.2 GB	4.4 GB	3.2 MB
407	a9/12eb0b	59635394_1	NFCORE_MAG:MAG:SHORTREAD_PREPROCESSING:FASTQC_RAW (toy_mousegut_sample_58_run0_raw)	COMPLETED	0	2026-09-13 02:42:54.094	1m 59s	1m 38s	185.4%	2.9 GB	15.2 GB	4.4 GB	3.2 MB
415	a6/645118	59635394_3	NFCORE_MAG:MAG:SHORTREAD_PREPROCESSING:FASTQC_RAW (toy_mousegut_sample_62_run0_raw)	COMPLETED	0	2026-09-13 02:42:54.094	1m 59s	1m 37s	187.1%	2.5 GB	15.2 GB	4.4 GB	3.2 MB
406	12/7e9f50	59635394_2	NFCORE_MAG:MAG:SHORTREAD_PREPROCESSING:FASTQC_RAW (toy_mousegut_sample_57_run0_raw)	COMPLETED	0	2026-09-13 02:42:54.094	1m 59s	1m 30s	187.6%	2.5 GB	15.3 GB	4.4 GB	3.2 MB
413	13/e207fc	59635394_4	NFCORE_MAG:MAG:SHORTREAD_PREPROCESSING:FASTQC_RAW (toy_mousegut_sample_60_run0_raw)	COMPLETED	0	2026-09-13 02:42:54.094	2m 29s	1m 44s	188.2%	2.8 GB	15.2 GB	4.4 GB	3.2 MB
408	81/2e6286	59635394_5	NFCORE_MAG:MAG:SHORTREAD_PREPROCESSING:FASTQC_RAW (toy_mousegut_sample_59_run0_raw)	COMPLETED	0	2026-09-13 02:42:54.094	2m 29s	1m 56s	185.0%	2.7 GB	15.2 GB	4.4 GB	3.2 MB
414	a3/fd2894	59635394_6	NFCORE_MAG:MAG:SHORTREAD_PREPROCESSING:FASTQC_RAW (toy_mousegut_sample_61_run0_raw)	COMPLETED	0	2026-09-13 02:42:54.094	2m 29s	1m 56s	184.1%	2.9 GB	15.3 GB	4.4 GB	3.2 MB
416	49/772929	59635394_7	NFCORE_MAG:MAG:SHORTREAD_PREPROCESSING:FASTQC_RAW (toy_mousegut_sample_63_run0_raw)	COMPLETED	0	2026-09-13 02:42:54.094	2m 29s	1m 54s	187.9%	2.5 GB	15.2 GB	4.4 GB	3.2 MB
411	fb/bb2ecb	59635405_5	NFCORE_MAG:MAG:SHORTREAD_PREPROCESSING:FASTP (toy_mousegut_sample_62_run0)	COMPLETED	0	2026-09-13 02:43:17.860	2m 5s	1m 18s	373.3%	1.3 GB	1.8 GB	4.5 GB	4.2 GB
409	04/a9a794	59635405_4	NFCORE_MAG:MAG:SHORTREAD_PREPROCESSING:FASTP (toy_mousegut_sample_60_run0)	COMPLETED	0	2026-09-13 02:43:17.860	2m 5s	1m 13s	386.2%	1.3 GB	1.9 GB	4.5 GB	4.2 GB
360	d5/236c5c	59635405_1	NFCORE_MAG:MAG:SHORTREAD_PREPROCESSING:FASTP (toy_mousegut_sample_55_run0)	COMPLETED	0	2026-09-13 02:43:17.860	2m 35s	1m 41s	336.1%	1.3 GB	1.8 GB	4.5 GB	4.1 GB
367	8a/79f64f	59635405_0	NFCORE_MAG:MAG:SHORTREAD_PREPROCESSING:FASTP (toy_mousegut_sample_58_run0)	COMPLETED	0	2026-09-13 02:43:17.860	2m 35s	1m 44s	316.7%	1.3 GB	1.9 GB	4.5 GB	4.2 GB
410	cc/7f3f41	59635405_6	NFCORE_MAG:MAG:SHORTREAD_PREPROCESSING:FASTP (toy_mousegut_sample_61_run0)	COMPLETED	0	2026-09-13 02:43:17.860	2m 35s	1m 45s	312.6%	1.3 GB	1.9 GB	4.5 GB	4.2 GB
412	75/611b70	59635405_7	NFCORE_MAG:MAG:SHORTREAD_PREPROCESSING:FASTP (toy_mousegut_sample_63_run0)	COMPLETED	0	2026-09-13 02:43:17.860	2m 35s	1m 45s	305.1%	1.3 GB	1.8 GB	4.5 GB	4.2 GB
364	49/fad175	59635405_2	NFCORE_MAG:MAG:SHORTREAD_PREPROCESSING:FASTP (toy_mousegut_sample_57_run0)	COMPLETED	0	2026-09-13 02:43:17.860	2m 35s	1m 42s	315.3%	1.3 GB	1.8 GB	4.5 GB	4.2 GB
368	18/a19eae	59635405_3	NFCORE_MAG:MAG:SHORTREAD_PREPROCESSING:FASTP (toy_mousegut_sample_59_run0)	COMPLETED	0	2026-09-13 02:43:17.860	2m 35s	1m 38s	338.8%	1.3 GB	1.8 GB	4.5 GB	4.2 GB
419	59/417f1b	59635464_1	NFCORE_MAG:MAG:SHORTREAD_PREPROCESSING:FASTQC_TRIMMED (strain_sample_11_run0)	COMPLETED	0	2026-09-13 02:45:53.900	59.4s	37s	178.5%	3.4 GB	15.2 GB	1.7 GB	3.3 MB
418	56/c772f6	59635464_2	NFCORE_MAG:MAG:SHORTREAD_PREPROCESSING:FASTQC_TRIMMED (strain_sample_6_run0)	COMPLETED	0	2026-09-13 02:45:53.900	1m 29s	41s	178.2%	3.4 GB	15.3 GB	1.7 GB	3.3 MB
417	3e/c8b834	59635464_0	NFCORE_MAG:MAG:SHORTREAD_PREPROCESSING:FASTQC_TRIMMED (strain_sample_0_run0)	COMPLETED	0	2026-09-13 02:45:53.900	1m 29s	43s	178.0%	3 GB	15.2 GB	1.7 GB	3.3 MB
421	9d/5e4851	59635464_5	NFCORE_MAG:MAG:SHORTREAD_PREPROCESSING:FASTQC_TRIMMED (strain_sample_10_run0)	COMPLETED	0	2026-09-13 02:45:53.900	1m 29s	41s	179.3%	3.2 GB	15.3 GB	1.7 GB	3.3 MB
424	96/800f97	59635464_8	NFCORE_MAG:MAG:SHORTREAD_PREPROCESSING:FASTQC_TRIMMED (strain_sample_5_run0)	COMPLETED	0	2026-09-13 02:45:53.900	1m 29s	41s	180.2%	3.3 GB	15.2 GB	1.7 GB	3.3 MB
423	02/75da80	59635464_6	NFCORE_MAG:MAG:SHORTREAD_PREPROCESSING:FASTQC_TRIMMED (strain_sample_1_run0)	COMPLETED	0	2026-09-13 02:45:53.900	1m 29s	40s	179.0%	3.1 GB	15.3 GB	1.7 GB	3.3 MB
422	09/fcc7c8	59635464_4	NFCORE_MAG:MAG:SHORTREAD_PREPROCESSING:FASTQC_TRIMMED (strain_sample_7_run0)	COMPLETED	0	2026-09-13 02:45:53.900	1m 29s	41s	179.8%	3.3 GB	15.3 GB	1.7 GB	3.3 MB
425	a0/e2b159	59635464_7	NFCORE_MAG:MAG:SHORTREAD_PREPROCESSING:FASTQC_TRIMMED (strain_sample_3_run0)	COMPLETED	0	2026-09-13 02:45:53.900	1m 29s	44s	177.5%	3.2 GB	15.2 GB	1.7 GB	3.3 MB
426	7b/a74aa6	59635464_9	NFCORE_MAG:MAG:SHORTREAD_PREPROCESSING:FASTQC_TRIMMED (strain_sample_2_run0)	COMPLETED	0	2026-09-13 02:45:53.900	1m 29s	41s	180.2%	3.2 GB	15.3 GB	1.7 GB	3.3 MB
420	35/b46d2e	59635464_3	NFCORE_MAG:MAG:SHORTREAD_PREPROCESSING:FASTQC_TRIMMED (strain_sample_9_run0)	COMPLETED	0	2026-09-13 02:45:53.900	1m 29s	43s	176.9%	2.9 GB	15.2 GB	1.7 GB	3.3 MB
427	f6/1562ac	59635464_10	NFCORE_MAG:MAG:SHORTREAD_PREPROCESSING:FASTQC_TRIMMED (strain_sample_20_run0)	COMPLETED	0	2026-09-13 02:45:53.900	1m 29s	41s	174.0%	3 GB	15.3 GB	1.7 GB	3.3 MB
432	28/bfe813	59635464_14	NFCORE_MAG:MAG:SHORTREAD_PREPROCESSING:FASTQC_TRIMMED (strain_sample_18_run0)	COMPLETED	0	2026-09-13 02:45:53.900	1m 29s	44s	184.6%	2.8 GB	15.2 GB	1.7 GB	3.3 MB
428	9d/9bd9b6	59635464_11	NFCORE_MAG:MAG:SHORTREAD_PREPROCESSING:FASTQC_TRIMMED (strain_sample_14_run0)	COMPLETED	0	2026-09-13 02:45:53.900	1m 29s	51s	178.1%	3.1 GB	15.3 GB	1.7 GB	3.3 MB
431	64/34e1e7	59635464_13	NFCORE_MAG:MAG:SHORTREAD_PREPROCESSING:FASTQC_TRIMMED (strain_sample_12_run0)	COMPLETED	0	2026-09-13 02:45:53.900	1m 29s	49s	181.1%	2.8 GB	15.2 GB	1.7 GB	3.3 MB
434	59/a57253	59635464_17	NFCORE_MAG:MAG:SHORTREAD_PREPROCESSING:FASTQC_TRIMMED (strain_sample_15_run0)	COMPLETED	0	2026-09-13 02:45:53.900	1m 29s	54s	177.8%	3.4 GB	15.2 GB	1.7 GB	3.3 MB
435	27/f1ed7e	59635464_18	NFCORE_MAG:MAG:SHORTREAD_PREPROCESSING:FASTQC_TRIMMED (strain_sample_23_run0)	COMPLETED	0	2026-09-13 02:45:53.900	1m 29s	49s	178.3%	3.3 GB	15.2 GB	1.7 GB	3.3 MB
436	e9/7cd739	59635464_19	NFCORE_MAG:MAG:SHORTREAD_PREPROCESSING:FASTQC_TRIMMED (strain_sample_19_run0)	COMPLETED	0	2026-09-13 02:45:53.900	1m 29s	49s	181.2%	2.9 GB	15.2 GB	1.7 GB	3.3 MB
437	42/c26524	59635464_20	NFCORE_MAG:MAG:SHORTREAD_PREPROCESSING:FASTQC_TRIMMED (strain_sample_22_run0)	COMPLETED	0	2026-09-13 02:45:53.900	1m 29s	48s	180.9%	2.9 GB	15.3 GB	1.7 GB	3.3 MB
433	2c/74ef1a	59635464_16	NFCORE_MAG:MAG:SHORTREAD_PREPROCESSING:FASTQC_TRIMMED (strain_sample_16_run0)	COMPLETED	0	2026-09-13 02:45:53.900	1m 29s	48s	181.6%	3 GB	15.3 GB	1.7 GB	3.3 MB
439	a7/235e1b	59635464_21	NFCORE_MAG:MAG:SHORTREAD_PREPROCESSING:FASTQC_TRIMMED (strain_sample_28_run0)	COMPLETED	0	2026-09-13 02:45:53.900	1m 29s	43s	182.5%	2.7 GB	15.2 GB	1.7 GB	3.3 MB
442	71/419d34	59635464_24	NFCORE_MAG:MAG:SHORTREAD_PREPROCESSING:FASTQC_TRIMMED (strain_sample_30_run0)	COMPLETED	0	2026-09-13 02:45:53.900	1m 29s	50s	176.0%	3.2 GB	15.2 GB	1.7 GB	3.3 MB
441	f2/31db04	59635464_25	NFCORE_MAG:MAG:SHORTREAD_PREPROCESSING:FASTQC_TRIMMED (strain_sample_27_run0)	COMPLETED	0	2026-09-13 02:45:53.900	1m 29s	44s	180.2%	3.1 GB	15.2 GB	1.7 GB	3.3 MB
443	6a/0411a3	59635464_23	NFCORE_MAG:MAG:SHORTREAD_PREPROCESSING:FASTQC_TRIMMED (strain_sample_26_run0)	COMPLETED	0	2026-09-13 02:45:53.900	1m 29s	47s	181.8%	3.3 GB	15.3 GB	1.7 GB	3.3 MB
438	9a/cc5b27	59635464_27	NFCORE_MAG:MAG:SHORTREAD_PREPROCESSING:FASTQC_TRIMMED (strain_sample_21_run0)	COMPLETED	0	2026-09-13 02:45:53.900	1m 29s	49s	183.5%	2.9 GB	15.3 GB	1.7 GB	3.3 MB
440	26/0aaa6d	59635464_22	NFCORE_MAG:MAG:SHORTREAD_PREPROCESSING:FASTQC_TRIMMED (strain_sample_24_run0)	COMPLETED	0	2026-09-13 02:45:53.900	1m 29s	53s	166.3%	3.3 GB	15.3 GB	1.7 GB	3.3 MB
445	e1/8ed1e6	59635464_26	NFCORE_MAG:MAG:SHORTREAD_PREPROCESSING:FASTQC_TRIMMED (strain_sample_25_run0)	COMPLETED	0	2026-09-13 02:45:53.900	1m 29s	55s	175.8%	2.8 GB	15.3 GB	1.7 GB	3.3 MB
448	c7/44ef77	59635464_29	NFCORE_MAG:MAG:SHORTREAD_PREPROCESSING:FASTQC_TRIMMED (strain_sample_34_run0)	COMPLETED	0	2026-09-13 02:45:53.900	1m 29s	51s	178.5%	3.2 GB	15.2 GB	1.7 GB	3.3 MB
444	ca/9d51d6	59635464_28	NFCORE_MAG:MAG:SHORTREAD_PREPROCESSING:FASTQC_TRIMMED (strain_sample_31_run0)	COMPLETED	0	2026-09-13 02:45:53.900	1m 29s	49s	183.0%	2.9 GB	15.2 GB	1.7 GB	3.3 MB
446	9b/d9ea83	59635464_31	NFCORE_MAG:MAG:SHORTREAD_PREPROCESSING:FASTQC_TRIMMED (strain_sample_29_run0)	COMPLETED	0	2026-09-13 02:45:53.900	1m 29s	50s	181.4%	2.9 GB	15.2 GB	1.7 GB	3.3 MB
429	68/f30090	59635464_12	NFCORE_MAG:MAG:SHORTREAD_PREPROCESSING:FASTQC_TRIMMED (strain_sample_17_run0)	COMPLETED	0	2026-09-13 02:45:53.900	1m 29s	49s	178.6%	2.9 GB	15.3 GB	1.7 GB	3.3 MB
450	f0/7d3e36	59635464_33	NFCORE_MAG:MAG:SHORTREAD_PREPROCESSING:FASTQC_TRIMMED (strain_sample_35_run0)	COMPLETED	0	2026-09-13 02:45:53.900	1m 29s	47s	180.7%	2.6 GB	15.3 GB	1.7 GB	3.3 MB
454	ae/29dcab	59635464_36	NFCORE_MAG:MAG:SHORTREAD_PREPROCESSING:FASTQC_TRIMMED (strain_sample_41_run0)	COMPLETED	0	2026-09-13 02:45:53.900	1m 29s	46s	181.7%	3 GB	15.3 GB	1.7 GB	3.3 MB
455	2c/e4b155	59635464_37	NFCORE_MAG:MAG:SHORTREAD_PREPROCESSING:FASTQC_TRIMMED (strain_sample_39_run0)	COMPLETED	0	2026-09-13 02:45:53.900	1m 29s	51s	180.7%	3.1 GB	15.2 GB	1.7 GB	3.3 MB
447	e5/fe597a	59635464_35	NFCORE_MAG:MAG:SHORTREAD_PREPROCESSING:FASTQC_TRIMMED (strain_sample_37_run0)	COMPLETED	0	2026-09-13 02:45:53.900	1m 29s	46s	183.0%	3.1 GB	15.3 GB	1.7 GB	3.3 MB
452	42/621cdf	59635464_34	NFCORE_MAG:MAG:SHORTREAD_PREPROCESSING:FASTQC_TRIMMED (strain_sample_36_run0)	COMPLETED	0	2026-09-13 02:45:53.900	1m 29s	47s	177.6%	3.4 GB	15.3 GB	1.7 GB	3.3 MB
449	73/50836b	59635464_30	NFCORE_MAG:MAG:SHORTREAD_PREPROCESSING:FASTQC_TRIMMED (strain_sample_32_run0)	COMPLETED	0	2026-09-13 02:45:53.900	1m 29s	55s	177.6%	2.8 GB	15.2 GB	1.7 GB	3.3 MB
456	f5/e10ef5	59635464_40	NFCORE_MAG:MAG:SHORTREAD_PREPROCESSING:FASTQC_TRIMMED (strain_sample_43_run0)	COMPLETED	0	2026-09-13 02:45:53.900	1m 29s	52s	181.5%	3.3 GB	15.3 GB	1.7 GB	3.3 MB
459	08/31de7e	59635464_41	NFCORE_MAG:MAG:SHORTREAD_PREPROCESSING:FASTQC_TRIMMED (strain_sample_52_run0)	COMPLETED	0	2026-09-13 02:45:53.900	1m 29s	52s	178.9%	3.4 GB	15.3 GB	1.7 GB	3.3 MB
458	35/02c163	59635464_42	NFCORE_MAG:MAG:SHORTREAD_PREPROCESSING:FASTQC_TRIMMED (strain_sample_44_run0)	COMPLETED	0	2026-09-13 02:45:53.900	1m 29s	53s	180.9%	3.2 GB	15.3 GB	1.7 GB	3.3 MB
460	fb/8c6235	59635464_43	NFCORE_MAG:MAG:SHORTREAD_PREPROCESSING:FASTQC_TRIMMED (strain_sample_45_run0)	COMPLETED	0	2026-09-13 02:45:53.900	1m 29s	54s	176.8%	2.9 GB	15.3 GB	1.7 GB	3.3 MB
430	6b/d54fa4	59635464_15	NFCORE_MAG:MAG:SHORTREAD_PREPROCESSING:FASTQC_TRIMMED (strain_sample_13_run0)	COMPLETED	0	2026-09-13 02:45:53.900	1m 29s	46s	180.0%	3.2 GB	15.3 GB	1.7 GB	3.3 MB
463	1f/9667bb	59635464_44	NFCORE_MAG:MAG:SHORTREAD_PREPROCESSING:FASTQC_TRIMMED (strain_sample_49_run0)	COMPLETED	0	2026-09-13 02:45:53.900	1m 29s	52s	179.6%	3.2 GB	15.3 GB	1.7 GB	3.3 MB
461	70/dbc1bf	59635464_46	NFCORE_MAG:MAG:SHORTREAD_PREPROCESSING:FASTQC_TRIMMED (strain_sample_48_run0)	COMPLETED	0	2026-09-13 02:45:53.900	1m 29s	50s	176.4%	3.1 GB	15.3 GB	1.7 GB	3.3 MB
457	38/64ad1c	59635464_38	NFCORE_MAG:MAG:SHORTREAD_PREPROCESSING:FASTQC_TRIMMED (strain_sample_47_run0)	COMPLETED	0	2026-09-13 02:45:53.900	1m 29s	53s	179.3%	2.8 GB	15.3 GB	1.7 GB	3.3 MB
451	96/f14ba7	59635464_32	NFCORE_MAG:MAG:SHORTREAD_PREPROCESSING:FASTQC_TRIMMED (strain_sample_40_run0)	COMPLETED	0	2026-09-13 02:45:53.900	1m 29s	54s	176.1%	3 GB	15.2 GB	1.7 GB	3.3 MB
453	07/ce3b55	59635464_39	NFCORE_MAG:MAG:SHORTREAD_PREPROCESSING:FASTQC_TRIMMED (strain_sample_42_run0)	COMPLETED	0	2026-09-13 02:45:53.900	1m 29s	54s	179.2%	3.3 GB	15.2 GB	1.7 GB	3.3 MB
462	09/1ff4ef	59635464_45	NFCORE_MAG:MAG:SHORTREAD_PREPROCESSING:FASTQC_TRIMMED (strain_sample_50_run0)	COMPLETED	0	2026-09-13 02:45:53.900	1m 29s	51s	179.6%	2.9 GB	15.2 GB	1.7 GB	3.3 MB
464	85/5fd2a8	59635464_47	NFCORE_MAG:MAG:SHORTREAD_PREPROCESSING:FASTQC_TRIMMED (strain_sample_53_run0)	COMPLETED	0	2026-09-13 02:45:53.900	1m 59s	38s	177.2%	3.6 GB	15.2 GB	1.7 GB	3.3 MB
465	62/0aad6d	59635464_48	NFCORE_MAG:MAG:SHORTREAD_PREPROCESSING:FASTQC_TRIMMED (strain_sample_51_run0)	COMPLETED	0	2026-09-13 02:45:53.900	1m 59s	42s	178.3%	3.2 GB	15.2 GB	1.7 GB	3.3 MB
468	4c/27c9c4	59635464_49	NFCORE_MAG:MAG:SHORTREAD_PREPROCESSING:FASTQC_TRIMMED (strain_sample_38_run0)	COMPLETED	0	2026-09-13 02:45:53.900	1m 59s	40s	181.1%	3.2 GB	15.3 GB	1.7 GB	3.3 MB
466	ce/013526	59635464_50	NFCORE_MAG:MAG:SHORTREAD_PREPROCESSING:FASTQC_TRIMMED (strain_sample_33_run0)	COMPLETED	0	2026-09-13 02:45:53.900	1m 59s	46s	180.5%	2.8 GB	15.3 GB	1.7 GB	3.3 MB
467	09/8c75bd	59635464_51	NFCORE_MAG:MAG:SHORTREAD_PREPROCESSING:FASTQC_TRIMMED (strain_sample_56_run0)	COMPLETED	0	2026-09-13 02:45:53.900	1m 59s	57s	178.1%	3.2 GB	15.3 GB	1.7 GB	3.3 MB
469	f4/500e21	59635464_52	NFCORE_MAG:MAG:SHORTREAD_PREPROCESSING:FASTQC_TRIMMED (strain_sample_54_run0)	COMPLETED	0	2026-09-13 02:45:53.900	1m 59s	51s	177.0%	3.1 GB	15.3 GB	1.7 GB	3.3 MB
471	89/355b7f	59635464_53	NFCORE_MAG:MAG:SHORTREAD_PREPROCESSING:FASTQC_TRIMMED (strain_sample_57_run0)	COMPLETED	0	2026-09-13 02:45:53.900	1m 59s	52s	181.5%	3 GB	15.3 GB	1.7 GB	3.3 MB
470	b7/18a6a6	59635464_54	NFCORE_MAG:MAG:SHORTREAD_PREPROCESSING:FASTQC_TRIMMED (strain_sample_58_run0)	COMPLETED	0	2026-09-13 02:45:53.900	1m 59s	53s	177.5%	3 GB	15.3 GB	1.7 GB	3.3 MB
473	14/487f36	59635464_55	NFCORE_MAG:MAG:SHORTREAD_PREPROCESSING:FASTQC_TRIMMED (strain_sample_60_run0)	COMPLETED	0	2026-09-13 02:45:53.900	1m 59s	59s	177.6%	3 GB	15.2 GB	1.7 GB	3.3 MB
474	cd/8dafb7	59635464_57	NFCORE_MAG:MAG:SHORTREAD_PREPROCESSING:FASTQC_TRIMMED (strain_sample_61_run0)	COMPLETED	0	2026-09-13 02:45:53.900	1m 59s	49s	175.8%	2.8 GB	15.2 GB	1.7 GB	3.3 MB
475	a6/321512	59635464_58	NFCORE_MAG:MAG:SHORTREAD_PREPROCESSING:FASTQC_TRIMMED (strain_sample_59_run0)	COMPLETED	0	2026-09-13 02:45:53.900	1m 59s	45s	182.0%	3.4 GB	15.3 GB	1.7 GB	3.3 MB
472	0e/22f8b9	59635464_56	NFCORE_MAG:MAG:SHORTREAD_PREPROCESSING:FASTQC_TRIMMED (strain_sample_55_run0)	COMPLETED	0	2026-09-13 02:45:53.900	1m 59s	48s	179.7%	3 GB	15.2 GB	1.7 GB	3.3 MB
476	a3/cee9ad	59635464_59	NFCORE_MAG:MAG:SHORTREAD_PREPROCESSING:FASTQC_TRIMMED (strain_sample_63_run0)	COMPLETED	0	2026-09-13 02:45:53.900	1m 59s	45s	183.2%	3.1 GB	15.3 GB	1.7 GB	3.2 MB
479	25/d3a317	59635464_61	NFCORE_MAG:MAG:SHORTREAD_PREPROCESSING:FASTQC_TRIMMED (strain_sample_65_run0)	COMPLETED	0	2026-09-13 02:45:53.900	1m 59s	44s	172.2%	3.3 GB	15.3 GB	1.7 GB	3.3 MB
481	bd/d07b4e	59635464_63	NFCORE_MAG:MAG:SHORTREAD_PREPROCESSING:FASTQC_TRIMMED (strain_sample_66_run0)	COMPLETED	0	2026-09-13 02:45:53.900	1m 59s	41s	180.6%	2.9 GB	15.3 GB	1.7 GB	3.3 MB
478	77/d9fa5b	59635464_60	NFCORE_MAG:MAG:SHORTREAD_PREPROCESSING:FASTQC_TRIMMED (strain_sample_67_run0)	COMPLETED	0	2026-09-13 02:45:53.900	1m 59s	41s	176.5%	2.9 GB	15.3 GB	1.7 GB	3.3 MB
482	3e/7182c1	59635464_64	NFCORE_MAG:MAG:SHORTREAD_PREPROCESSING:FASTQC_TRIMMED (strain_sample_62_run0)	COMPLETED	0	2026-09-13 02:45:53.900	1m 59s	41s	178.0%	2.9 GB	15.3 GB	1.7 GB	3.3 MB
480	0a/c09c28	59635464_65	NFCORE_MAG:MAG:SHORTREAD_PREPROCESSING:FASTQC_TRIMMED (strain_sample_68_run0)	COMPLETED	0	2026-09-13 02:45:53.900	1m 59s	42s	178.2%	3 GB	15.2 GB	1.7 GB	3.3 MB
487	7a/3a5b57	59635464_69	NFCORE_MAG:MAG:SHORTREAD_PREPROCESSING:FASTQC_TRIMMED (strain_sample_75_run0)	COMPLETED	0	2026-09-13 02:45:53.900	1m 59s	52s	182.5%	3 GB	15.2 GB	1.7 GB	3.3 MB
477	6e/e504c8	59635464_62	NFCORE_MAG:MAG:SHORTREAD_PREPROCESSING:FASTQC_TRIMMED (strain_sample_64_run0)	COMPLETED	0	2026-09-13 02:45:53.900	1m 59s	42s	182.6%	2.8 GB	15.2 GB	1.7 GB	3.3 MB
489	b7/f9c4cb	59635464_70	NFCORE_MAG:MAG:SHORTREAD_PREPROCESSING:FASTQC_TRIMMED (strain_sample_73_run0)	COMPLETED	0	2026-09-13 02:45:53.900	1m 59s	53s	178.6%	3.1 GB	15.3 GB	1.7 GB	3.3 MB
485	7f/e3e05c	59635464_68	NFCORE_MAG:MAG:SHORTREAD_PREPROCESSING:FASTQC_TRIMMED (strain_sample_70_run0)	COMPLETED	0	2026-09-13 02:45:53.900	1m 59s	51s	169.6%	3.1 GB	15.3 GB	1.7 GB	3.3 MB
483	58/02f19d	59635464_66	NFCORE_MAG:MAG:SHORTREAD_PREPROCESSING:FASTQC_TRIMMED (strain_sample_72_run0)	COMPLETED	0	2026-09-13 02:45:53.900	1m 59s	45s	184.2%	2.9 GB	15.3 GB	1.7 GB	3.3 MB
490	ec/396f7e	59635464_71	NFCORE_MAG:MAG:SHORTREAD_PREPROCESSING:FASTQC_TRIMMED (strain_sample_82_run0)	COMPLETED	0	2026-09-13 02:45:53.900	2m	55s	174.3%	3.3 GB	15.2 GB	1.7 GB	3.3 MB
486	d0/d42b87	59635464_73	NFCORE_MAG:MAG:SHORTREAD_PREPROCESSING:FASTQC_TRIMMED (strain_sample_76_run0)	COMPLETED	0	2026-09-13 02:45:53.900	2m	52s	179.6%	3.3 GB	15.3 GB	1.7 GB	3.3 MB
488	4b/f32a10	59635464_72	NFCORE_MAG:MAG:SHORTREAD_PREPROCESSING:FASTQC_TRIMMED (strain_sample_74_run0)	COMPLETED	0	2026-09-13 02:45:53.900	2m	52s	180.6%	3.1 GB	15.3 GB	1.7 GB	3.3 MB
484	d0/d12c5f	59635464_67	NFCORE_MAG:MAG:SHORTREAD_PREPROCESSING:FASTQC_TRIMMED (strain_sample_69_run0)	COMPLETED	0	2026-09-13 02:45:53.900	1m 59s	46s	184.6%	2.8 GB	15.3 GB	1.7 GB	3.3 MB
491	0d/094edd	59635464_74	NFCORE_MAG:MAG:SHORTREAD_PREPROCESSING:FASTQC_TRIMMED (strain_sample_71_run0)	COMPLETED	0	2026-09-13 02:45:53.900	2m	50s	177.4%	3 GB	15.2 GB	1.7 GB	3.3 MB
494	aa/d89ada	59635464_76	NFCORE_MAG:MAG:SHORTREAD_PREPROCESSING:FASTQC_TRIMMED (strain_sample_80_run0)	COMPLETED	0	2026-09-13 02:45:53.900	2m	42s	184.4%	3 GB	15.2 GB	1.7 GB	3.3 MB
495	f5/c2f07d	59635464_77	NFCORE_MAG:MAG:SHORTREAD_PREPROCESSING:FASTQC_TRIMMED (strain_sample_79_run0)	COMPLETED	0	2026-09-13 02:45:53.900	2m	54s	176.1%	2.8 GB	15.2 GB	1.7 GB	3.3 MB
492	e1/081182	59635464_78	NFCORE_MAG:MAG:SHORTREAD_PREPROCESSING:FASTQC_TRIMMED (strain_sample_81_run0)	COMPLETED	0	2026-09-13 02:45:53.900	2m	48s	175.3%	3.4 GB	15.3 GB	1.7 GB	3.3 MB
497	0a/807e77	59635464_81	NFCORE_MAG:MAG:SHORTREAD_PREPROCESSING:FASTQC_TRIMMED (strain_sample_84_run0)	COMPLETED	0	2026-09-13 02:45:53.900	2m	50s	180.7%	3.4 GB	15.2 GB	1.7 GB	3.3 MB
500	05/ce67ab	59635464_83	NFCORE_MAG:MAG:SHORTREAD_PREPROCESSING:FASTQC_TRIMMED (strain_sample_87_run0)	COMPLETED	0	2026-09-13 02:45:53.900	2m	40s	177.8%	3 GB	15.3 GB	1.7 GB	3.3 MB
499	f4/20f926	59635464_80	NFCORE_MAG:MAG:SHORTREAD_PREPROCESSING:FASTQC_TRIMMED (strain_sample_78_run0)	COMPLETED	0	2026-09-13 02:45:53.900	2m	49s	183.6%	3 GB	15.2 GB	1.7 GB	3.3 MB
498	57/686abc	59635464_82	NFCORE_MAG:MAG:SHORTREAD_PREPROCESSING:FASTQC_TRIMMED (strain_sample_86_run0)	COMPLETED	0	2026-09-13 02:45:53.900	2m	55s	174.8%	3.2 GB	15.2 GB	1.7 GB	3.3 MB
501	5a/61c9ea	59635464_84	NFCORE_MAG:MAG:SHORTREAD_PREPROCESSING:FASTQC_TRIMMED (strain_sample_85_run0)	COMPLETED	0	2026-09-13 02:45:53.900	2m	43s	176.5%	3.4 GB	15.3 GB	1.7 GB	3.3 MB
503	74/94bb90	59635464_85	NFCORE_MAG:MAG:SHORTREAD_PREPROCESSING:FASTQC_TRIMMED (strain_sample_88_run0)	COMPLETED	0	2026-09-13 02:45:53.900	2m	41s	181.4%	3.1 GB	15.2 GB	1.7 GB	3.3 MB
502	fa/0df352	59635464_86	NFCORE_MAG:MAG:SHORTREAD_PREPROCESSING:FASTQC_TRIMMED (strain_sample_90_run0)	COMPLETED	0	2026-09-13 02:45:53.900	2m	41s	181.2%	2.7 GB	15.3 GB	1.7 GB	3.3 MB
508	90/098eb0	59635464_92	NFCORE_MAG:MAG:SHORTREAD_PREPROCESSING:FASTQC_TRIMMED (strain_sample_46_run0)	COMPLETED	0	2026-09-13 02:45:53.900	2m	40s	181.7%	2.9 GB	15.3 GB	1.7 GB	3.3 MB
505	97/73aa02	59635464_87	NFCORE_MAG:MAG:SHORTREAD_PREPROCESSING:FASTQC_TRIMMED (strain_sample_4_run0)	COMPLETED	0	2026-09-13 02:45:53.900	2m	42s	181.9%	2.9 GB	15.2 GB	1.7 GB	3.3 MB
493	57/2f6fd1	59635464_75	NFCORE_MAG:MAG:SHORTREAD_PREPROCESSING:FASTQC_TRIMMED (strain_sample_77_run0)	COMPLETED	0	2026-09-13 02:45:53.900	2m	45s	179.7%	2.8 GB	15.3 GB	1.7 GB	3.3 MB
506	26/7d0960	59635464_88	NFCORE_MAG:MAG:SHORTREAD_PREPROCESSING:FASTQC_TRIMMED (strain_sample_8_run0)	COMPLETED	0	2026-09-13 02:45:53.900	2m	42s	180.6%	3.2 GB	15.2 GB	1.7 GB	3.2 MB
496	1b/cbe0d0	59635464_79	NFCORE_MAG:MAG:SHORTREAD_PREPROCESSING:FASTQC_TRIMMED (strain_sample_83_run0)	COMPLETED	0	2026-09-13 02:45:53.900	2m	49s	183.5%	3 GB	15.2 GB	1.7 GB	3.3 MB
507	b9/3d84fb	59635464_89	NFCORE_MAG:MAG:SHORTREAD_PREPROCESSING:FASTQC_TRIMMED (marine_sample_5_run0)	COMPLETED	0	2026-09-13 02:45:53.900	2m 29s	1m 32s	189.6%	2.8 GB	15.2 GB	4.2 GB	3.3 MB
504	1f/ddcb26	59635464_90	NFCORE_MAG:MAG:SHORTREAD_PREPROCESSING:FASTQC_TRIMMED (marine_sample_0_run0)	COMPLETED	0	2026-09-13 02:45:53.900	2m 29s	1m 32s	189.5%	2.9 GB	15.2 GB	4.2 GB	3.3 MB
509	0c/b663b5	59635464_93	NFCORE_MAG:MAG:SHORTREAD_PREPROCESSING:FASTQC_TRIMMED (marine_sample_7_run0)	COMPLETED	0	2026-09-13 02:45:53.900	2m 29s	1m 33s	189.0%	2.8 GB	15.2 GB	4.2 GB	3.3 MB
511	a2/49a6c9	59635464_91	NFCORE_MAG:MAG:SHORTREAD_PREPROCESSING:FASTQC_TRIMMED (marine_sample_9_run0)	COMPLETED	0	2026-09-13 02:45:53.900	2m 59s	1m 40s	187.9%	3 GB	15.3 GB	4.2 GB	3.3 MB
510	a6/0c3451	59635464_94	NFCORE_MAG:MAG:SHORTREAD_PREPROCESSING:FASTQC_TRIMMED (marine_sample_2_run0)	COMPLETED	0	2026-09-13 02:45:53.900	2m 59s	1m 54s	187.8%	2.9 GB	15.2 GB	4.2 GB	3.3 MB
513	5d/817aa0	59635464_96	NFCORE_MAG:MAG:SHORTREAD_PREPROCESSING:FASTQC_TRIMMED (marine_sample_8_run0)	COMPLETED	0	2026-09-13 02:45:53.900	2m 59s	1m 53s	188.3%	2.9 GB	15.2 GB	4.2 GB	3.3 MB
514	f2/7132fb	59635464_97	NFCORE_MAG:MAG:SHORTREAD_PREPROCESSING:FASTQC_TRIMMED (marine_sample_3_run0)	COMPLETED	0	2026-09-13 02:45:53.900	2m 59s	1m 58s	180.0%	2.9 GB	15.3 GB	4.2 GB	3.3 MB
512	28/b479d2	59635464_95	NFCORE_MAG:MAG:SHORTREAD_PREPROCESSING:FASTQC_TRIMMED (marine_sample_6_run0)	COMPLETED	0	2026-09-13 02:45:53.900	2m 59s	1m 52s	187.4%	3 GB	15.2 GB	4.2 GB	3.3 MB
516	02/439c22	59635464_99	NFCORE_MAG:MAG:SHORTREAD_PREPROCESSING:FASTQC_TRIMMED (marine_sample_4_run0)	COMPLETED	0	2026-09-13 02:45:53.900	2m 59s	2m	187.4%	3.1 GB	15.2 GB	4.2 GB	3.3 MB
515	6e/817d47	59635464_98	NFCORE_MAG:MAG:SHORTREAD_PREPROCESSING:FASTQC_TRIMMED (marine_sample_1_run0)	COMPLETED	0	2026-09-13 02:45:53.900	2m 59s	2m 2s	188.6%	3.1 GB	15.3 GB	4.2 GB	3.3 MB
250	ea/d55141	59635646_3	NFCORE_MAG:MAG:SHORTREAD_PREPROCESSING:FASTQC_RAW (strain_sample_94_run0_raw)	COMPLETED	0	2026-09-13 02:48:53.910	59.4s	39s	185.6%	2.7 GB	15.3 GB	1.8 GB	3.2 MB
194	95/dc8044	59635646_0	NFCORE_MAG:MAG:SHORTREAD_PREPROCESSING:FASTQC_RAW (strain_sample_91_run0_raw)	COMPLETED	0	2026-09-13 02:48:53.910	1m 29s	41s	182.0%	2.7 GB	15.3 GB	1.8 GB	3.2 MB
252	2f/1bfc93	59635646_4	NFCORE_MAG:MAG:SHORTREAD_PREPROCESSING:FASTQC_RAW (strain_sample_96_run0_raw)	COMPLETED	0	2026-09-13 02:48:53.910	1m 29s	47s	180.5%	2.9 GB	15.3 GB	1.8 GB	3.2 MB
198	4e/89ffb9	59635646_2	NFCORE_MAG:MAG:SHORTREAD_PREPROCESSING:FASTQC_RAW (strain_sample_92_run0_raw)	COMPLETED	0	2026-09-13 02:48:53.910	1m 29s	41s	182.8%	2.7 GB	15.3 GB	1.8 GB	3.2 MB
184	bf/6595ac	59635646_1	NFCORE_MAG:MAG:SHORTREAD_PREPROCESSING:FASTQC_RAW (strain_sample_88_run0_raw)	COMPLETED	0	2026-09-13 02:48:53.910	1m 29s	41s	180.6%	2.8 GB	15.3 GB	1.8 GB	3.2 MB
251	a7/b7db27	59635646_5	NFCORE_MAG:MAG:SHORTREAD_PREPROCESSING:FASTQC_RAW (strain_sample_95_run0_raw)	COMPLETED	0	2026-09-13 02:48:53.910	1m 29s	47s	181.1%	2.9 GB	15.3 GB	1.8 GB	3.2 MB
200	31/96d699	59635646_6	NFCORE_MAG:MAG:SHORTREAD_PREPROCESSING:FASTQC_RAW (strain_sample_93_run0_raw)	COMPLETED	0	2026-09-13 02:48:53.910	1m 29s	46s	184.3%	2.9 GB	15.3 GB	1.8 GB	3.2 MB
259	3b/78d389	59635646_8	NFCORE_MAG:MAG:SHORTREAD_PREPROCESSING:FASTQC_RAW (strain_sample_99_run0_raw)	COMPLETED	0	2026-09-13 02:48:53.910	1m 29s	46s	184.5%	3 GB	15.3 GB	1.8 GB	3.2 MB
253	3e/f7acf3	59635646_7	NFCORE_MAG:MAG:SHORTREAD_PREPROCESSING:FASTQC_RAW (strain_sample_97_run0_raw)	COMPLETED	0	2026-09-13 02:48:53.910	1m 29s	47s	183.2%	2.9 GB	15.3 GB	1.8 GB	3.2 MB
257	67/fa1746	59635646_11	NFCORE_MAG:MAG:SHORTREAD_PREPROCESSING:FASTQC_RAW (strain_sample_98_run0_raw)	COMPLETED	0	2026-09-13 02:48:53.910	1m 29s	47s	182.1%	2.6 GB	15.3 GB	1.8 GB	3.2 MB
260	6b/38b025	59635646_9	NFCORE_MAG:MAG:SHORTREAD_PREPROCESSING:FASTQC_RAW (toy_hmp_airskinurogenital_sample_0_run0_raw)	COMPLETED	0	2026-09-13 02:48:53.910	2m 29s	1m 56s	184.3%	2.9 GB	15.2 GB	4.4 GB	3.2 MB
267	8f/753f12	59635646_14	NFCORE_MAG:MAG:SHORTREAD_PREPROCESSING:FASTQC_RAW (toy_hmp_airskinurogenital_sample_4_run0_raw)	COMPLETED	0	2026-09-13 02:48:53.911	2m 29s	1m 46s	187.2%	2.8 GB	15.3 GB	4.4 GB	3.3 MB
263	50/3f6ecf	59635646_12	NFCORE_MAG:MAG:SHORTREAD_PREPROCESSING:FASTQC_RAW (toy_hmp_airskinurogenital_sample_2_run0_raw)	COMPLETED	0	2026-09-13 02:48:53.910	2m 29s	1m 41s	187.9%	2.8 GB	15.3 GB	4.4 GB	3.2 MB
272	e4/08bee1	59635646_16	NFCORE_MAG:MAG:SHORTREAD_PREPROCESSING:FASTQC_RAW (toy_hmp_airskinurogenital_sample_6_run0_raw)	COMPLETED	0	2026-09-13 02:48:53.911	2m 29s	1m 50s	188.9%	2.7 GB	15.3 GB	4.4 GB	3.2 MB
268	d7/d0deed	59635646_15	NFCORE_MAG:MAG:SHORTREAD_PREPROCESSING:FASTQC_RAW (toy_hmp_airskinurogenital_sample_5_run0_raw)	COMPLETED	0	2026-09-13 02:48:53.911	2m 29s	1m 45s	189.1%	2.8 GB	15.2 GB	4.4 GB	3.2 MB
261	83/2488b1	59635646_10	NFCORE_MAG:MAG:SHORTREAD_PREPROCESSING:FASTQC_RAW (toy_hmp_airskinurogenital_sample_1_run0_raw)	COMPLETED	0	2026-09-13 02:48:53.910	2m 29s	1m 39s	188.7%	2.7 GB	15.3 GB	4.4 GB	3.2 MB
265	19/bcf7c3	59635646_13	NFCORE_MAG:MAG:SHORTREAD_PREPROCESSING:FASTQC_RAW (toy_hmp_airskinurogenital_sample_3_run0_raw)	COMPLETED	0	2026-09-13 02:48:53.910	2m 29s	1m 46s	185.7%	2.8 GB	15.3 GB	4.4 GB	3.2 MB
275	c5/6fffbf	59635646_17	NFCORE_MAG:MAG:SHORTREAD_PREPROCESSING:FASTQC_RAW (toy_hmp_airskinurogenital_sample_7_run0_raw)	COMPLETED	0	2026-09-13 02:48:53.911	2m 29s	1m 59s	185.7%	2.8 GB	15.3 GB	4.4 GB	3.3 MB
276	90/d462a7	59635646_18	NFCORE_MAG:MAG:SHORTREAD_PREPROCESSING:FASTQC_RAW (toy_hmp_airskinurogenital_sample_8_run0_raw)	COMPLETED	0	2026-09-13 02:48:53.911	2m 29s	1m 47s	188.4%	2.8 GB	15.2 GB	4.4 GB	3.3 MB
281	18/8dedc5	59635646_19	NFCORE_MAG:MAG:SHORTREAD_PREPROCESSING:FASTQC_RAW (toy_hmp_airskinurogenital_sample_12_run0_raw)	COMPLETED	0	2026-09-13 02:48:53.911	2m 29s	2m 7s	181.9%	2.7 GB	15.3 GB	4.4 GB	3.2 MB
279	64/63a879	59635646_20	NFCORE_MAG:MAG:SHORTREAD_PREPROCESSING:FASTQC_RAW (toy_hmp_airskinurogenital_sample_10_run0_raw)	COMPLETED	0	2026-09-13 02:48:53.911	2m 29s	1m 59s	188.0%	2.8 GB	15.2 GB	4.4 GB	3.2 MB
277	3b/e61232	59635646_21	NFCORE_MAG:MAG:SHORTREAD_PREPROCESSING:FASTQC_RAW (toy_hmp_airskinurogenital_sample_9_run0_raw)	COMPLETED	0	2026-09-13 02:48:53.911	2m 29s	1m 59s	187.0%	2.8 GB	15.3 GB	4.4 GB	3.2 MB
287	f4/1f6426	59635646_22	NFCORE_MAG:MAG:SHORTREAD_PREPROCESSING:FASTQC_RAW (toy_hmp_airskinurogenital_sample_14_run0_raw)	COMPLETED	0	2026-09-13 02:48:53.911	2m 29s	1m 59s	187.0%	3 GB	15.2 GB	4.4 GB	3.2 MB
288	11/513085	59635646_25	NFCORE_MAG:MAG:SHORTREAD_PREPROCESSING:FASTQC_RAW (toy_hmp_airskinurogenital_sample_15_run0_raw)	COMPLETED	0	2026-09-13 02:48:53.911	2m 29s	2m 1s	184.8%	2.8 GB	15.3 GB	4.4 GB	3.2 MB
295	0c/734f8a	59635646_27	NFCORE_MAG:MAG:SHORTREAD_PREPROCESSING:FASTQC_RAW (toy_hmp_airskinurogenital_sample_18_run0_raw)	COMPLETED	0	2026-09-13 02:48:53.911	2m 29s	1m 54s	183.0%	2.9 GB	15.2 GB	4.4 GB	3.2 MB
282	98/18bcf1	59635646_24	NFCORE_MAG:MAG:SHORTREAD_PREPROCESSING:FASTQC_RAW (toy_hmp_airskinurogenital_sample_13_run0_raw)	COMPLETED	0	2026-09-13 02:48:53.911	2m 29s	2m	186.9%	2.9 GB	15.3 GB	4.4 GB	3.2 MB
293	48/c855e1	59635646_28	NFCORE_MAG:MAG:SHORTREAD_PREPROCESSING:FASTQC_RAW (toy_hmp_airskinurogenital_sample_17_run0_raw)	COMPLETED	0	2026-09-13 02:48:53.911	2m 29s	1m 50s	187.6%	2.9 GB	15.3 GB	4.4 GB	3.2 MB
280	e9/bdddbd	59635646_23	NFCORE_MAG:MAG:SHORTREAD_PREPROCESSING:FASTQC_RAW (toy_hmp_airskinurogenital_sample_11_run0_raw)	COMPLETED	0	2026-09-13 02:48:53.911	2m 29s	2m 6s	184.3%	2.9 GB	15.2 GB	4.4 GB	3.2 MB
297	22/bba204	59635646_29	NFCORE_MAG:MAG:SHORTREAD_PREPROCESSING:FASTQC_RAW (toy_hmp_airskinurogenital_sample_20_run0_raw)	COMPLETED	0	2026-09-13 02:48:53.911	2m 29s	1m 51s	189.3%	2.8 GB	15.3 GB	4.4 GB	3.3 MB
289	35/00c584	59635646_26	NFCORE_MAG:MAG:SHORTREAD_PREPROCESSING:FASTQC_RAW (toy_hmp_airskinurogenital_sample_16_run0_raw)	COMPLETED	0	2026-09-13 02:48:53.911	2m 29s	1m 48s	188.3%	2.8 GB	15.3 GB	4.4 GB	3.2 MB
302	cb/be18c8	59635646_30	NFCORE_MAG:MAG:SHORTREAD_PREPROCESSING:FASTQC_RAW (toy_hmp_airskinurogenital_sample_22_run0_raw)	COMPLETED	0	2026-09-13 02:48:53.911	2m 29s	2m 5s	185.6%	3.3 GB	15.3 GB	4.4 GB	3.2 MB
303	d8/28b739	59635646_33	NFCORE_MAG:MAG:SHORTREAD_PREPROCESSING:FASTQC_RAW (toy_hmp_airskinurogenital_sample_23_run0_raw)	COMPLETED	0	2026-09-13 02:48:53.911	2m 30s	2m 4s	186.2%	3 GB	15.2 GB	4.4 GB	3.3 MB
307	aa/987b2b	59635646_35	NFCORE_MAG:MAG:SHORTREAD_PREPROCESSING:FASTQC_RAW (toy_hmp_airskinurogenital_sample_25_run0_raw)	COMPLETED	0	2026-09-13 02:48:53.911	2m 30s	2m 6s	187.0%	2.8 GB	15.2 GB	4.4 GB	3.2 MB
306	70/489536	59635646_34	NFCORE_MAG:MAG:SHORTREAD_PREPROCESSING:FASTQC_RAW (toy_hmp_airskinurogenital_sample_24_run0_raw)	COMPLETED	0	2026-09-13 02:48:53.911	2m 30s	2m 6s	186.1%	2.8 GB	15.3 GB	4.4 GB	3.2 MB
310	9f/7667bf	59635646_37	NFCORE_MAG:MAG:SHORTREAD_PREPROCESSING:FASTQC_RAW (toy_hmp_airskinurogenital_sample_26_run0_raw)	COMPLETED	0	2026-09-13 02:48:53.911	2m 30s	2m 4s	186.7%	2.9 GB	15.3 GB	4.4 GB	3.2 MB
318	a2/b6e149	59635646_40	NFCORE_MAG:MAG:SHORTREAD_PREPROCESSING:FASTQC_RAW (toy_hmp_gastrooral_sample_3_run0_raw)	COMPLETED	0	2026-09-13 02:48:53.911	2m 30s	1m 53s	188.2%	2.7 GB	15.3 GB	4.4 GB	3.2 MB
326	5c/809096	59635646_43	NFCORE_MAG:MAG:SHORTREAD_PREPROCESSING:FASTQC_RAW (toy_hmp_gastrooral_sample_5_run0_raw)	COMPLETED	0	2026-09-13 02:48:53.911	2m 30s	2m 7s	187.5%	2.8 GB	15.2 GB	4.4 GB	3.2 MB
331	e5/070f0f	59635646_46	NFCORE_MAG:MAG:SHORTREAD_PREPROCESSING:FASTQC_RAW (toy_hmp_gastrooral_sample_8_run0_raw)	COMPLETED	0	2026-09-13 02:48:53.911	2m 30s	1m 54s	186.2%	2.6 GB	15.3 GB	4.4 GB	3.3 MB
330	cf/606ebd	59635646_44	NFCORE_MAG:MAG:SHORTREAD_PREPROCESSING:FASTQC_RAW (toy_hmp_gastrooral_sample_7_run0_raw)	COMPLETED	0	2026-09-13 02:48:53.911	2m 30s	2m 9s	183.7%	2.9 GB	15.3 GB	4.4 GB	3.2 MB
312	75/542e83	59635646_47	NFCORE_MAG:MAG:SHORTREAD_PREPROCESSING:FASTQC_RAW (toy_hmp_airskinurogenital_sample_28_run0_raw)	COMPLETED	0	2026-09-13 02:48:53.911	2m 30s	1m 51s	187.3%	2.6 GB	15.3 GB	4.4 GB	3.2 MB
336	85/40a05b	59635646_48	NFCORE_MAG:MAG:SHORTREAD_PREPROCESSING:FASTQC_RAW (toy_hmp_gastrooral_sample_9_run0_raw)	COMPLETED	0	2026-09-13 02:48:53.911	2m 30s	1m 31s	189.6%	2.6 GB	15.3 GB	4.4 GB	3.2 MB
339	93/e27deb	59635646_49	NFCORE_MAG:MAG:SHORTREAD_PREPROCESSING:FASTQC_RAW (toy_hmp_gastrooral_sample_11_run0_raw)	COMPLETED	0	2026-09-13 02:48:53.911	2m 30s	1m 36s	187.0%	2.7 GB	15.3 GB	4.4 GB	3.2 MB
347	b7/50c6f7	59635646_51	NFCORE_MAG:MAG:SHORTREAD_PREPROCESSING:FASTQC_RAW (toy_hmp_gastrooral_sample_13_run0_raw)	COMPLETED	0	2026-09-13 02:48:53.911	2m 30s	1m 26s	188.5%	2.8 GB	15.3 GB	4.4 GB	3.3 MB
337	48/4937bc	59635646_50	NFCORE_MAG:MAG:SHORTREAD_PREPROCESSING:FASTQC_RAW (toy_hmp_gastrooral_sample_10_run0_raw)	COMPLETED	0	2026-09-13 02:48:53.911	2m 30s	1m 37s	188.1%	2.6 GB	15.2 GB	4.4 GB	3.2 MB
344	4c/5969b0	59635646_52	NFCORE_MAG:MAG:SHORTREAD_PREPROCESSING:FASTQC_RAW (toy_hmp_gastrooral_sample_12_run0_raw)	COMPLETED	0	2026-09-13 02:48:53.911	2m 30s	1m 30s	188.2%	2.7 GB	15.3 GB	4.4 GB	3.2 MB
348	4d/daf6ad	59635646_53	NFCORE_MAG:MAG:SHORTREAD_PREPROCESSING:FASTQC_RAW (toy_hmp_gastrooral_sample_14_run0_raw)	COMPLETED	0	2026-09-13 02:48:53.911	2m 30s	1m 36s	187.2%	2.9 GB	15.2 GB	4.4 GB	3.2 MB
362	52/b55daa	59635646_59	NFCORE_MAG:MAG:SHORTREAD_PREPROCESSING:FASTQC_RAW (toy_mousegut_sample_2_run0_raw)	COMPLETED	0	2026-09-13 02:48:53.911	2m 30s	1m 35s	188.2%	2.8 GB	15.3 GB	4.4 GB	3.2 MB
361	32/b32028	59635646_62	NFCORE_MAG:MAG:SHORTREAD_PREPROCESSING:FASTQC_RAW (toy_mousegut_sample_1_run0_raw)	COMPLETED	0	2026-09-13 02:48:53.911	2m 30s	1m 40s	188.1%	2.9 GB	15.3 GB	4.4 GB	3.2 MB
366	23/417730	59635646_63	NFCORE_MAG:MAG:SHORTREAD_PREPROCESSING:FASTQC_RAW (toy_mousegut_sample_6_run0_raw)	COMPLETED	0	2026-09-13 02:48:53.911	2m 30s	1m 38s	187.4%	2.7 GB	15.3 GB	4.4 GB	3.2 MB
373	f4/aca8d5	59635646_67	NFCORE_MAG:MAG:SHORTREAD_PREPROCESSING:FASTQC_RAW (toy_mousegut_sample_11_run0_raw)	COMPLETED	0	2026-09-13 02:48:53.911	2m 30s	1m 34s	188.9%	2.6 GB	15.2 GB	4.4 GB	3.2 MB
374	55/fc59c1	59635646_68	NFCORE_MAG:MAG:SHORTREAD_PREPROCESSING:FASTQC_RAW (toy_mousegut_sample_12_run0_raw)	COMPLETED	0	2026-09-13 02:48:53.911	2m 30s	1m 35s	188.3%	2.8 GB	15.3 GB	4.4 GB	3.2 MB
375	af/9a2591	59635646_70	NFCORE_MAG:MAG:SHORTREAD_PREPROCESSING:FASTQC_RAW (toy_mousegut_sample_13_run0_raw)	COMPLETED	0	2026-09-13 02:48:53.911	2m 30s	1m 28s	189.6%	2.9 GB	15.2 GB	4.4 GB	3.2 MB
369	39/3e2a6b	59635646_69	NFCORE_MAG:MAG:SHORTREAD_PREPROCESSING:FASTQC_RAW (toy_mousegut_sample_7_run0_raw)	COMPLETED	0	2026-09-13 02:48:53.911	2m 30s	1m 34s	188.9%	2.6 GB	15.2 GB	4.4 GB	3.2 MB
377	34/a49264	59635646_72	NFCORE_MAG:MAG:SHORTREAD_PREPROCESSING:FASTQC_RAW (toy_mousegut_sample_15_run0_raw)	COMPLETED	0	2026-09-13 02:48:53.911	2m 30s	1m 30s	188.6%	2.9 GB	15.3 GB	4.4 GB	3.2 MB
376	03/8dcbbc	59635646_71	NFCORE_MAG:MAG:SHORTREAD_PREPROCESSING:FASTQC_RAW (toy_mousegut_sample_14_run0_raw)	COMPLETED	0	2026-09-13 02:48:53.911	2m 30s	1m 30s	189.7%	2.8 GB	15.3 GB	4.4 GB	3.2 MB
394	25/28896d	59635646_89	NFCORE_MAG:MAG:SHORTREAD_PREPROCESSING:FASTQC_RAW (toy_mousegut_sample_32_run0_raw)	COMPLETED	0	2026-09-13 02:48:53.911	2m 30s	1m 33s	187.1%	2.9 GB	15.2 GB	4.4 GB	3.2 MB
393	b7/d29335	59635646_88	NFCORE_MAG:MAG:SHORTREAD_PREPROCESSING:FASTQC_RAW (toy_mousegut_sample_31_run0_raw)	COMPLETED	0	2026-09-13 02:48:53.911	2m 30s	1m 35s	188.5%	2.8 GB	15.3 GB	4.4 GB	3.2 MB
398	f4/9b2d13	59635646_91	NFCORE_MAG:MAG:SHORTREAD_PREPROCESSING:FASTQC_RAW (toy_mousegut_sample_36_run0_raw)	COMPLETED	0	2026-09-13 02:48:53.911	2m 30s	1m 40s	187.7%	2.9 GB	15.2 GB	4.4 GB	3.2 MB
399	7d/f807a1	59635646_93	NFCORE_MAG:MAG:SHORTREAD_PREPROCESSING:FASTQC_RAW (toy_mousegut_sample_37_run0_raw)	COMPLETED	0	2026-09-13 02:48:53.911	2m 30s	1m 40s	188.1%	2.8 GB	15.3 GB	4.4 GB	3.2 MB
401	04/feaf80	59635646_98	NFCORE_MAG:MAG:SHORTREAD_PREPROCESSING:FASTQC_RAW (toy_mousegut_sample_52_run0_raw)	COMPLETED	0	2026-09-13 02:48:53.911	2m 30s	1m 37s	188.9%	2.8 GB	15.2 GB	4.4 GB	3.2 MB
403	5d/021f78	59635646_97	NFCORE_MAG:MAG:SHORTREAD_PREPROCESSING:FASTQC_RAW (toy_mousegut_sample_54_run0_raw)	COMPLETED	0	2026-09-13 02:48:53.911	2m 30s	1m 36s	188.7%	2.8 GB	15.3 GB	4.4 GB	3.2 MB
395	e4/3029d7	59635646_90	NFCORE_MAG:MAG:SHORTREAD_PREPROCESSING:FASTQC_RAW (toy_mousegut_sample_33_run0_raw)	COMPLETED	0	2026-09-13 02:48:53.911	2m 30s	1m 33s	188.0%	2.7 GB	15.2 GB	4.4 GB	3.2 MB
404	d8/a6a5b4	59635646_99	NFCORE_MAG:MAG:SHORTREAD_PREPROCESSING:FASTQC_RAW (toy_mousegut_sample_55_run0_raw)	COMPLETED	0	2026-09-13 02:48:53.911	2m 30s	1m 36s	185.2%	2.7 GB	15.3 GB	4.4 GB	3.2 MB
396	ed/eba3f8	59635646_92	NFCORE_MAG:MAG:SHORTREAD_PREPROCESSING:FASTQC_RAW (toy_mousegut_sample_34_run0_raw)	COMPLETED	0	2026-09-13 02:48:53.911	2m 30s	1m 40s	188.8%	2.7 GB	15.3 GB	4.4 GB	3.2 MB
311	77/c92481	59635646_36	NFCORE_MAG:MAG:SHORTREAD_PREPROCESSING:FASTQC_RAW (toy_hmp_airskinurogenital_sample_27_run0_raw)	COMPLETED	0	2026-09-13 02:48:53.911	2m 59s	2m 8s	185.4%	2.8 GB	15.3 GB	4.4 GB	3.2 MB
301	c6/ce0c6f	59635646_32	NFCORE_MAG:MAG:SHORTREAD_PREPROCESSING:FASTQC_RAW (toy_hmp_airskinurogenital_sample_21_run0_raw)	COMPLETED	0	2026-09-13 02:48:53.911	2m 59s	2m 9s	186.6%	3 GB	15.3 GB	4.4 GB	3.2 MB
296	fc/7707e5	59635646_31	NFCORE_MAG:MAG:SHORTREAD_PREPROCESSING:FASTQC_RAW (toy_hmp_airskinurogenital_sample_19_run0_raw)	COMPLETED	0	2026-09-13 02:48:53.911	2m 59s	2m 8s	185.5%	3 GB	15.3 GB	4.4 GB	3.2 MB
315	3a/51cbdd	59635646_39	NFCORE_MAG:MAG:SHORTREAD_PREPROCESSING:FASTQC_RAW (toy_hmp_gastrooral_sample_1_run0_raw)	COMPLETED	0	2026-09-13 02:48:53.911	2m 59s	2m 11s	181.3%	3 GB	15.3 GB	4.4 GB	3.2 MB
313	34/894849	59635646_38	NFCORE_MAG:MAG:SHORTREAD_PREPROCESSING:FASTQC_RAW (toy_hmp_gastrooral_sample_0_run0_raw)	COMPLETED	0	2026-09-13 02:48:53.911	2m 59s	2m 11s	185.6%	2.8 GB	15.2 GB	4.4 GB	3.2 MB
323	63/ea1292	59635646_42	NFCORE_MAG:MAG:SHORTREAD_PREPROCESSING:FASTQC_RAW (toy_hmp_gastrooral_sample_4_run0_raw)	COMPLETED	0	2026-09-13 02:48:53.911	2m 59s	2m 9s	177.5%	3 GB	15.3 GB	4.4 GB	3.2 MB
352	e8/885d1a	59635646_54	NFCORE_MAG:MAG:SHORTREAD_PREPROCESSING:FASTQC_RAW (toy_hmp_gastrooral_sample_16_run0_raw)	COMPLETED	0	2026-09-13 02:48:53.911	2m 59s	1m 43s	186.2%	2.8 GB	15.3 GB	4.4 GB	3.3 MB
329	56/40d957	59635646_45	NFCORE_MAG:MAG:SHORTREAD_PREPROCESSING:FASTQC_RAW (toy_hmp_gastrooral_sample_6_run0_raw)	COMPLETED	0	2026-09-13 02:48:53.911	2m 59s	2m 28s	170.9%	2.9 GB	15.3 GB	4.4 GB	3.2 MB
350	10/f94906	59635646_55	NFCORE_MAG:MAG:SHORTREAD_PREPROCESSING:FASTQC_RAW (toy_hmp_gastrooral_sample_15_run0_raw)	COMPLETED	0	2026-09-13 02:48:53.911	2m 59s	1m 45s	190.3%	2.6 GB	15.3 GB	4.4 GB	3.3 MB
355	99/073a18	59635646_56	NFCORE_MAG:MAG:SHORTREAD_PREPROCESSING:FASTQC_RAW (toy_hmp_gastrooral_sample_18_run0_raw)	COMPLETED	0	2026-09-13 02:48:53.911	2m 59s	1m 45s	187.9%	2.7 GB	15.3 GB	4.4 GB	3.2 MB
357	10/4198ad	59635646_57	NFCORE_MAG:MAG:SHORTREAD_PREPROCESSING:FASTQC_RAW (toy_hmp_gastrooral_sample_19_run0_raw)	COMPLETED	0	2026-09-13 02:48:53.911	2m 59s	1m 50s	189.4%	2.9 GB	15.2 GB	4.4 GB	3.2 MB
359	c8/4fd4b0	59635646_60	NFCORE_MAG:MAG:SHORTREAD_PREPROCESSING:FASTQC_RAW (toy_mousegut_sample_0_run0_raw)	COMPLETED	0	2026-09-13 02:48:53.911	2m 59s	1m 45s	182.5%	2.7 GB	15.3 GB	4.4 GB	3.2 MB
317	50/fe2088	59635646_41	NFCORE_MAG:MAG:SHORTREAD_PREPROCESSING:FASTQC_RAW (toy_hmp_gastrooral_sample_2_run0_raw)	COMPLETED	0	2026-09-13 02:48:53.911	2m 59s	2m 18s	179.3%	2.7 GB	15.3 GB	4.4 GB	3.2 MB
353	b2/59c34c	59635646_58	NFCORE_MAG:MAG:SHORTREAD_PREPROCESSING:FASTQC_RAW (toy_hmp_gastrooral_sample_17_run0_raw)	COMPLETED	0	2026-09-13 02:48:53.911	2m 59s	1m 52s	188.2%	2.9 GB	15.3 GB	4.4 GB	3.3 MB
370	fd/fa6422	59635646_64	NFCORE_MAG:MAG:SHORTREAD_PREPROCESSING:FASTQC_RAW (toy_mousegut_sample_8_run0_raw)	COMPLETED	0	2026-09-13 02:48:53.911	2m 59s	1m 43s	184.8%	3.1 GB	15.2 GB	4.4 GB	3.2 MB
371	63/85870b	59635646_65	NFCORE_MAG:MAG:SHORTREAD_PREPROCESSING:FASTQC_RAW (toy_mousegut_sample_9_run0_raw)	COMPLETED	0	2026-09-13 02:48:53.911	2m 59s	1m 52s	189.8%	2.9 GB	15.3 GB	4.4 GB	3.2 MB
379	5f/395825	59635646_74	NFCORE_MAG:MAG:SHORTREAD_PREPROCESSING:FASTQC_RAW (toy_mousegut_sample_17_run0_raw)	COMPLETED	0	2026-09-13 02:48:53.911	2m 59s	1m 59s	188.2%	2.9 GB	15.3 GB	4.4 GB	3.2 MB
378	d8/86101d	59635646_73	NFCORE_MAG:MAG:SHORTREAD_PREPROCESSING:FASTQC_RAW (toy_mousegut_sample_16_run0_raw)	COMPLETED	0	2026-09-13 02:48:53.911	2m 59s	1m 52s	186.3%	3.2 GB	15.3 GB	4.4 GB	3.2 MB
380	99/aba814	59635646_75	NFCORE_MAG:MAG:SHORTREAD_PREPROCESSING:FASTQC_RAW (toy_mousegut_sample_18_run0_raw)	COMPLETED	0	2026-09-13 02:48:53.911	2m 59s	1m 58s	185.4%	2.8 GB	15.3 GB	4.4 GB	3.2 MB
372	c7/74c7f6	59635646_66	NFCORE_MAG:MAG:SHORTREAD_PREPROCESSING:FASTQC_RAW (toy_mousegut_sample_10_run0_raw)	COMPLETED	0	2026-09-13 02:48:53.911	2m 59s	2m 3s	185.0%	2.8 GB	15.3 GB	4.4 GB	3.2 MB
365	ce/e16b31	59635646_61	NFCORE_MAG:MAG:SHORTREAD_PREPROCESSING:FASTQC_RAW (toy_mousegut_sample_5_run0_raw)	COMPLETED	0	2026-09-13 02:48:53.911	2m 59s	1m 46s	188.8%	2.9 GB	15.3 GB	4.4 GB	3.2 MB
384	37/d94ea3	59635646_77	NFCORE_MAG:MAG:SHORTREAD_PREPROCESSING:FASTQC_RAW (toy_mousegut_sample_22_run0_raw)	COMPLETED	0	2026-09-13 02:48:53.911	2m 59s	2m 4s	188.4%	2.8 GB	15.2 GB	4.4 GB	3.2 MB
383	e3/6adeaf	59635646_80	NFCORE_MAG:MAG:SHORTREAD_PREPROCESSING:FASTQC_RAW (toy_mousegut_sample_21_run0_raw)	COMPLETED	0	2026-09-13 02:48:53.911	2m 59s	1m 45s	188.1%	2.9 GB	15.3 GB	4.4 GB	3.3 MB
385	10/cfeea5	59635646_79	NFCORE_MAG:MAG:SHORTREAD_PREPROCESSING:FASTQC_RAW (toy_mousegut_sample_23_run0_raw)	COMPLETED	0	2026-09-13 02:48:53.911	2m 59s	1m 59s	183.6%	2.7 GB	15.3 GB	4.4 GB	3.2 MB
382	c2/892984	59635646_78	NFCORE_MAG:MAG:SHORTREAD_PREPROCESSING:FASTQC_RAW (toy_mousegut_sample_20_run0_raw)	COMPLETED	0	2026-09-13 02:48:53.911	2m 59s	2m 5s	186.3%	2.9 GB	15.3 GB	4.4 GB	3.2 MB
386	88/fae58f	59635646_81	NFCORE_MAG:MAG:SHORTREAD_PREPROCESSING:FASTQC_RAW (toy_mousegut_sample_24_run0_raw)	COMPLETED	0	2026-09-13 02:48:53.911	2m 59s	1m 45s	188.9%	2.8 GB	15.2 GB	4.4 GB	3.2 MB
389	5a/589dfe	59635646_82	NFCORE_MAG:MAG:SHORTREAD_PREPROCESSING:FASTQC_RAW (toy_mousegut_sample_27_run0_raw)	COMPLETED	0	2026-09-13 02:48:53.911	2m 59s	2m 7s	185.8%	3 GB	15.3 GB	4.4 GB	3.2 MB
388	a7/e90874	59635646_83	NFCORE_MAG:MAG:SHORTREAD_PREPROCESSING:FASTQC_RAW (toy_mousegut_sample_26_run0_raw)	COMPLETED	0	2026-09-13 02:48:53.911	2m 59s	1m 54s	183.9%	3 GB	15.2 GB	4.4 GB	3.2 MB
390	e7/64a7e2	59635646_85	NFCORE_MAG:MAG:SHORTREAD_PREPROCESSING:FASTQC_RAW (toy_mousegut_sample_28_run0_raw)	COMPLETED	0	2026-09-13 02:48:53.911	2m 59s	2m 2s	186.6%	3 GB	15.3 GB	4.4 GB	3.2 MB
397	df/088bf7	59635646_94	NFCORE_MAG:MAG:SHORTREAD_PREPROCESSING:FASTQC_RAW (toy_mousegut_sample_35_run0_raw)	COMPLETED	0	2026-09-13 02:48:53.911	2m 59s	1m 45s	186.3%	2.9 GB	15.3 GB	4.4 GB	3.2 MB
387	54/dd8625	59635646_84	NFCORE_MAG:MAG:SHORTREAD_PREPROCESSING:FASTQC_RAW (toy_mousegut_sample_25_run0_raw)	COMPLETED	0	2026-09-13 02:48:53.911	2m 59s	2m 1s	186.6%	2.9 GB	15.2 GB	4.4 GB	3.2 MB
391	42/9c1517	59635646_86	NFCORE_MAG:MAG:SHORTREAD_PREPROCESSING:FASTQC_RAW (toy_mousegut_sample_29_run0_raw)	COMPLETED	0	2026-09-13 02:48:53.911	2m 59s	2m 1s	188.9%	2.9 GB	15.2 GB	4.4 GB	3.2 MB
402	63/97c0f9	59635646_96	NFCORE_MAG:MAG:SHORTREAD_PREPROCESSING:FASTQC_RAW (toy_mousegut_sample_53_run0_raw)	COMPLETED	0	2026-09-13 02:48:53.911	2m 59s	1m 42s	189.1%	2.9 GB	15.2 GB	4.4 GB	3.2 MB
400	6c/805131	59635646_95	NFCORE_MAG:MAG:SHORTREAD_PREPROCESSING:FASTQC_RAW (toy_mousegut_sample_38_run0_raw)	COMPLETED	0	2026-09-13 02:48:53.911	2m 59s	1m 43s	186.4%	2.7 GB	15.3 GB	4.4 GB	3.2 MB
381	78/254f12	59635646_76	NFCORE_MAG:MAG:SHORTREAD_PREPROCESSING:FASTQC_RAW (toy_mousegut_sample_19_run0_raw)	COMPLETED	0	2026-09-13 02:48:53.911	3m 29s	2m 21s	184.8%	3.2 GB	15.3 GB	4.4 GB	3.2 MB
392	e7/ca3b30	59635646_87	NFCORE_MAG:MAG:SHORTREAD_PREPROCESSING:FASTQC_RAW (toy_mousegut_sample_30_run0_raw)	COMPLETED	0	2026-09-13 02:48:53.911	3m 29s	2m 10s	181.8%	2.8 GB	15.3 GB	4.4 GB	3.2 MB
25	25/3bea39	59636063_10	NFCORE_MAG:MAG:SHORTREAD_PREPROCESSING:FASTQC_RAW (strain_sample_2_run0_raw)	COMPLETED	0	2026-09-13 02:52:25.861	1m 27s	42s	181.1%	2.8 GB	15.3 GB	1.8 GB	3.2 MB
22	c1/9a3ba0	59636063_11	NFCORE_MAG:MAG:SHORTREAD_PREPROCESSING:FASTQC_RAW (strain_sample_0_run0_raw)	COMPLETED	0	2026-09-13 02:52:25.861	1m 27s	53s	179.6%	3 GB	15.3 GB	1.8 GB	3.2 MB
27	e2/292307	59636063_12	NFCORE_MAG:MAG:SHORTREAD_PREPROCESSING:FASTQC_RAW (strain_sample_3_run0_raw)	COMPLETED	0	2026-09-13 02:52:25.861	1m 27s	43s	184.3%	2.9 GB	15.2 GB	1.8 GB	3.2 MB
32	7d/0e690a	59636063_17	NFCORE_MAG:MAG:SHORTREAD_PREPROCESSING:FASTQC_RAW (strain_sample_6_run0_raw)	COMPLETED	0	2026-09-13 02:52:25.861	1m 27s	45s	179.6%	2.9 GB	15.3 GB	1.8 GB	3.2 MB
29	8c/ecc1dc	59636063_13	NFCORE_MAG:MAG:SHORTREAD_PREPROCESSING:FASTQC_RAW (strain_sample_4_run0_raw)	COMPLETED	0	2026-09-13 02:52:25.861	1m 27s	45s	182.0%	2.7 GB	15.2 GB	1.8 GB	3.2 MB
24	42/33c60b	59636063_15	NFCORE_MAG:MAG:SHORTREAD_PREPROCESSING:FASTQC_RAW (strain_sample_1_run0_raw)	COMPLETED	0	2026-09-13 02:52:25.861	1m 27s	45s	184.2%	2.8 GB	15.2 GB	1.8 GB	3.2 MB
31	f6/9e5c30	59636063_14	NFCORE_MAG:MAG:SHORTREAD_PREPROCESSING:FASTQC_RAW (strain_sample_5_run0_raw)	COMPLETED	0	2026-09-13 02:52:25.861	1m 27s	45s	184.8%	2.7 GB	15.3 GB	1.8 GB	3.2 MB
37	5a/7a6c9f	59636063_16	NFCORE_MAG:MAG:SHORTREAD_PREPROCESSING:FASTQC_RAW (strain_sample_7_run0_raw)	COMPLETED	0	2026-09-13 02:52:25.861	1m 27s	43s	180.8%	2.8 GB	15.2 GB	1.8 GB	3.2 MB
39	ec/9f1e86	59636063_19	NFCORE_MAG:MAG:SHORTREAD_PREPROCESSING:FASTQC_RAW (strain_sample_9_run0_raw)	COMPLETED	0	2026-09-13 02:52:25.861	1m 27s	47s	184.9%	2.8 GB	15.3 GB	1.8 GB	3.2 MB
38	41/098766	59636063_18	NFCORE_MAG:MAG:SHORTREAD_PREPROCESSING:FASTQC_RAW (strain_sample_8_run0_raw)	COMPLETED	0	2026-09-13 02:52:25.861	1m 27s	49s	171.6%	2.2 GB	15.2 GB	1.8 GB	3.2 MB
40	f3/beedc8	59636063_22	NFCORE_MAG:MAG:SHORTREAD_PREPROCESSING:FASTQC_RAW (strain_sample_10_run0_raw)	COMPLETED	0	2026-09-13 02:52:25.861	1m 27s	54s	175.5%	2.6 GB	15.3 GB	1.8 GB	3.2 MB
42	6a/280d9c	59636063_21	NFCORE_MAG:MAG:SHORTREAD_PREPROCESSING:FASTQC_RAW (strain_sample_12_run0_raw)	COMPLETED	0	2026-09-13 02:52:25.861	1m 27s	46s	181.6%	2.8 GB	15.3 GB	1.8 GB	3.2 MB
44	90/349257	59636063_24	NFCORE_MAG:MAG:SHORTREAD_PREPROCESSING:FASTQC_RAW (strain_sample_14_run0_raw)	COMPLETED	0	2026-09-13 02:52:25.862	1m 27s	51s	180.4%	2.9 GB	15.2 GB	1.8 GB	3.2 MB
43	e5/22f531	59636063_23	NFCORE_MAG:MAG:SHORTREAD_PREPROCESSING:FASTQC_RAW (strain_sample_13_run0_raw)	COMPLETED	0	2026-09-13 02:52:25.862	1m 27s	51s	181.9%	2.9 GB	15.2 GB	1.8 GB	3.2 MB
49	88/63fc23	59636063_25	NFCORE_MAG:MAG:SHORTREAD_PREPROCESSING:FASTQC_RAW (strain_sample_16_run0_raw)	COMPLETED	0	2026-09-13 02:52:25.862	1m 27s	52s	182.9%	2.9 GB	15.3 GB	1.8 GB	3.2 MB
50	95/e1dbf9	59636063_26	NFCORE_MAG:MAG:SHORTREAD_PREPROCESSING:FASTQC_RAW (strain_sample_17_run0_raw)	COMPLETED	0	2026-09-13 02:52:25.862	1m 27s	56s	176.6%	3 GB	15.3 GB	1.8 GB	3.2 MB
56	cb/2ab8f1	59636063_28	NFCORE_MAG:MAG:SHORTREAD_PREPROCESSING:FASTQC_RAW (strain_sample_19_run0_raw)	COMPLETED	0	2026-09-13 02:52:25.862	1m 27s	54s	177.9%	2.6 GB	15.2 GB	1.8 GB	3.2 MB
51	ac/d8cc19	59636063_29	NFCORE_MAG:MAG:SHORTREAD_PREPROCESSING:FASTQC_RAW (strain_sample_18_run0_raw)	COMPLETED	0	2026-09-13 02:52:25.862	1m 27s	48s	181.4%	2.9 GB	15.3 GB	1.8 GB	3.2 MB
48	00/a6a709	59636063_27	NFCORE_MAG:MAG:SHORTREAD_PREPROCESSING:FASTQC_RAW (strain_sample_15_run0_raw)	COMPLETED	0	2026-09-13 02:52:25.862	1m 27s	52s	182.1%	2.9 GB	15.3 GB	1.8 GB	3.2 MB
64	e0/ae1215	59636063_34	NFCORE_MAG:MAG:SHORTREAD_PREPROCESSING:FASTQC_RAW (strain_sample_24_run0_raw)	COMPLETED	0	2026-09-13 02:52:25.862	1m 27s	56s	179.1%	2.8 GB	15.2 GB	1.8 GB	3.2 MB
60	3c/680db8	59636063_32	NFCORE_MAG:MAG:SHORTREAD_PREPROCESSING:FASTQC_RAW (strain_sample_22_run0_raw)	COMPLETED	0	2026-09-13 02:52:25.862	1m 27s	47s	183.6%	2.9 GB	15.3 GB	1.8 GB	3.2 MB
57	c9/caaa5f	59636063_31	NFCORE_MAG:MAG:SHORTREAD_PREPROCESSING:FASTQC_RAW (strain_sample_20_run0_raw)	COMPLETED	0	2026-09-13 02:52:25.862	1m 27s	47s	183.3%	2.8 GB	15.3 GB	1.8 GB	3.2 MB
58	9f/c74146	59636063_30	NFCORE_MAG:MAG:SHORTREAD_PREPROCESSING:FASTQC_RAW (strain_sample_21_run0_raw)	COMPLETED	0	2026-09-13 02:52:25.862	1m 27s	48s	179.4%	2.9 GB	15.2 GB	1.8 GB	3.2 MB
63	7a/934095	59636063_33	NFCORE_MAG:MAG:SHORTREAD_PREPROCESSING:FASTQC_RAW (strain_sample_23_run0_raw)	COMPLETED	0	2026-09-13 02:52:25.862	1m 27s	54s	178.0%	3.1 GB	15.3 GB	1.8 GB	3.2 MB
66	de/0945d7	59636063_36	NFCORE_MAG:MAG:SHORTREAD_PREPROCESSING:FASTQC_RAW (strain_sample_25_run0_raw)	COMPLETED	0	2026-09-13 02:52:25.862	1m 27s	54s	180.3%	2.9 GB	15.2 GB	1.8 GB	3.2 MB
72	79/73d339	59636063_37	NFCORE_MAG:MAG:SHORTREAD_PREPROCESSING:FASTQC_RAW (strain_sample_27_run0_raw)	COMPLETED	0	2026-09-13 02:52:25.862	1m 27s	54s	179.7%	2.8 GB	15.2 GB	1.8 GB	3.2 MB
69	26/077d22	59636063_35	NFCORE_MAG:MAG:SHORTREAD_PREPROCESSING:FASTQC_RAW (strain_sample_26_run0_raw)	COMPLETED	0	2026-09-13 02:52:25.862	1m 27s	56s	179.1%	2.9 GB	15.2 GB	1.8 GB	3.2 MB
75	97/56829b	59636063_38	NFCORE_MAG:MAG:SHORTREAD_PREPROCESSING:FASTQC_RAW (strain_sample_29_run0_raw)	COMPLETED	0	2026-09-13 02:52:25.862	1m 27s	54s	182.3%	2.7 GB	15.2 GB	1.8 GB	3.2 MB
78	8a/9ff4c9	59636063_39	NFCORE_MAG:MAG:SHORTREAD_PREPROCESSING:FASTQC_RAW (strain_sample_31_run0_raw)	COMPLETED	0	2026-09-13 02:52:25.862	1m 27s	55s	178.6%	2.8 GB	15.2 GB	1.8 GB	3.2 MB
73	22/2d52f8	59636063_41	NFCORE_MAG:MAG:SHORTREAD_PREPROCESSING:FASTQC_RAW (strain_sample_28_run0_raw)	COMPLETED	0	2026-09-13 02:52:25.862	1m 27s	52s	181.3%	2.9 GB	15.3 GB	1.8 GB	3.2 MB
76	55/0e0198	59636063_40	NFCORE_MAG:MAG:SHORTREAD_PREPROCESSING:FASTQC_RAW (strain_sample_30_run0_raw)	COMPLETED	0	2026-09-13 02:52:25.862	1m 27s	54s	179.2%	2.7 GB	15.2 GB	1.8 GB	3.2 MB
79	44/a183ea	59636063_42	NFCORE_MAG:MAG:SHORTREAD_PREPROCESSING:FASTQC_RAW (strain_sample_32_run0_raw)	COMPLETED	0	2026-09-13 02:52:25.862	1m 27s	57s	180.4%	2.9 GB	15.2 GB	1.8 GB	3.2 MB
80	0e/6bbda4	59636063_43	NFCORE_MAG:MAG:SHORTREAD_PREPROCESSING:FASTQC_RAW (strain_sample_33_run0_raw)	COMPLETED	0	2026-09-13 02:52:25.862	1m 27s	53s	181.2%	2.9 GB	15.2 GB	1.8 GB	3.2 MB
85	6e/d5698c	59636063_44	NFCORE_MAG:MAG:SHORTREAD_PREPROCESSING:FASTQC_RAW (strain_sample_34_run0_raw)	COMPLETED	0	2026-09-13 02:52:25.862	1m 27s	53s	182.3%	2.8 GB	15.3 GB	1.8 GB	3.2 MB
87	30/71d74c	59636063_45	NFCORE_MAG:MAG:SHORTREAD_PREPROCESSING:FASTQC_RAW (strain_sample_36_run0_raw)	COMPLETED	0	2026-09-13 02:52:25.862	1m 27s	1m	163.3%	2.3 GB	15.3 GB	1.8 GB	3.2 MB
86	bc/79e983	59636063_46	NFCORE_MAG:MAG:SHORTREAD_PREPROCESSING:FASTQC_RAW (strain_sample_35_run0_raw)	COMPLETED	0	2026-09-13 02:52:25.862	1m 27s	48s	183.1%	2.8 GB	15.3 GB	1.8 GB	3.2 MB
88	be/d664f0	59636063_47	NFCORE_MAG:MAG:SHORTREAD_PREPROCESSING:FASTQC_RAW (strain_sample_37_run0_raw)	COMPLETED	0	2026-09-13 02:52:25.862	1m 27s	57s	178.1%	3.1 GB	15.3 GB	1.8 GB	3.2 MB
97	e4/f76c7a	59636063_51	NFCORE_MAG:MAG:SHORTREAD_PREPROCESSING:FASTQC_RAW (strain_sample_41_run0_raw)	COMPLETED	0	2026-09-13 02:52:25.862	1m 27s	51s	180.9%	2.8 GB	15.3 GB	1.8 GB	3.2 MB
94	1e/9a197a	59636063_49	NFCORE_MAG:MAG:SHORTREAD_PREPROCESSING:FASTQC_RAW (strain_sample_39_run0_raw)	COMPLETED	0	2026-09-13 02:52:25.862	1m 27s	54s	179.0%	2.9 GB	15.3 GB	1.8 GB	3.2 MB
104	88/438be4	59636063_52	NFCORE_MAG:MAG:SHORTREAD_PREPROCESSING:FASTQC_RAW (strain_sample_45_run0_raw)	COMPLETED	0	2026-09-13 02:52:25.862	1m 27s	53s	174.5%	2.9 GB	15.3 GB	1.8 GB	3.2 MB
93	d8/87f8a0	59636063_48	NFCORE_MAG:MAG:SHORTREAD_PREPROCESSING:FASTQC_RAW (strain_sample_38_run0_raw)	COMPLETED	0	2026-09-13 02:52:25.862	1m 27s	53s	181.7%	2.9 GB	15.3 GB	1.8 GB	3.2 MB
95	c3/c52581	59636063_50	NFCORE_MAG:MAG:SHORTREAD_PREPROCESSING:FASTQC_RAW (strain_sample_40_run0_raw)	COMPLETED	0	2026-09-13 02:52:25.862	1m 27s	1m 1s	172.4%	2.8 GB	15.3 GB	1.8 GB	3.2 MB
106	f6/b135b0	59636063_56	NFCORE_MAG:MAG:SHORTREAD_PREPROCESSING:FASTQC_RAW (strain_sample_46_run0_raw)	COMPLETED	0	2026-09-13 02:52:25.862	1m 27s	47s	181.5%	3 GB	15.3 GB	1.8 GB	3.2 MB
103	47/4d04a1	59636063_54	NFCORE_MAG:MAG:SHORTREAD_PREPROCESSING:FASTQC_RAW (strain_sample_44_run0_raw)	COMPLETED	0	2026-09-13 02:52:25.862	1m 27s	49s	183.4%	2.8 GB	15.3 GB	1.8 GB	3.2 MB
102	f0/b0bd30	59636063_55	NFCORE_MAG:MAG:SHORTREAD_PREPROCESSING:FASTQC_RAW (strain_sample_43_run0_raw)	COMPLETED	0	2026-09-13 02:52:25.862	1m 27s	48s	179.3%	2.9 GB	15.3 GB	1.8 GB	3.2 MB
109	29/240a95	59636063_57	NFCORE_MAG:MAG:SHORTREAD_PREPROCESSING:FASTQC_RAW (strain_sample_49_run0_raw)	COMPLETED	0	2026-09-13 02:52:25.862	1m 27s	50s	181.6%	2.7 GB	15.2 GB	1.8 GB	3.2 MB
113	dc/2cd22b	59636063_61	NFCORE_MAG:MAG:SHORTREAD_PREPROCESSING:FASTQC_RAW (strain_sample_51_run0_raw)	COMPLETED	0	2026-09-13 02:52:25.862	1m 27s	48s	184.2%	2.7 GB	15.2 GB	1.8 GB	3.2 MB
108	34/956951	59636063_60	NFCORE_MAG:MAG:SHORTREAD_PREPROCESSING:FASTQC_RAW (strain_sample_48_run0_raw)	COMPLETED	0	2026-09-13 02:52:25.862	1m 27s	54s	177.2%	2.8 GB	15.3 GB	1.8 GB	3.2 MB
110	73/e7c133	59636063_58	NFCORE_MAG:MAG:SHORTREAD_PREPROCESSING:FASTQC_RAW (strain_sample_50_run0_raw)	COMPLETED	0	2026-09-13 02:52:25.862	1m 27s	55s	180.5%	3 GB	15.2 GB	1.8 GB	3.2 MB
107	2d/0ac37d	59636063_59	NFCORE_MAG:MAG:SHORTREAD_PREPROCESSING:FASTQC_RAW (strain_sample_47_run0_raw)	COMPLETED	0	2026-09-13 02:52:25.862	1m 27s	58s	182.1%	3 GB	15.3 GB	1.8 GB	3.2 MB
98	47/f7c0bf	59636063_53	NFCORE_MAG:MAG:SHORTREAD_PREPROCESSING:FASTQC_RAW (strain_sample_42_run0_raw)	COMPLETED	0	2026-09-13 02:52:25.862	1m 27s	49s	182.9%	2.9 GB	15.2 GB	1.8 GB	3.2 MB
119	45/450540	59636063_62	NFCORE_MAG:MAG:SHORTREAD_PREPROCESSING:FASTQC_RAW (strain_sample_53_run0_raw)	COMPLETED	0	2026-09-13 02:52:25.862	1m 27s	49s	182.8%	2.9 GB	15.2 GB	1.8 GB	3.2 MB
118	f9/d7af6e	59636063_63	NFCORE_MAG:MAG:SHORTREAD_PREPROCESSING:FASTQC_RAW (strain_sample_52_run0_raw)	COMPLETED	0	2026-09-13 02:52:25.862	1m 27s	40s	185.5%	2.8 GB	15.2 GB	1.8 GB	3.2 MB
41	c2/335b62	59636063_20	NFCORE_MAG:MAG:SHORTREAD_PREPROCESSING:FASTQC_RAW (strain_sample_11_run0_raw)	COMPLETED	0	2026-09-13 02:52:25.861	1m 27s	50s	180.7%	2.9 GB	15.2 GB	1.8 GB	3.2 MB
126	c0/5223b7	59636063_65	NFCORE_MAG:MAG:SHORTREAD_PREPROCESSING:FASTQC_RAW (strain_sample_56_run0_raw)	COMPLETED	0	2026-09-13 02:52:25.862	1m 28s	45s	182.2%	2.9 GB	15.2 GB	1.8 GB	3.2 MB
120	40/32dd9b	59636063_64	NFCORE_MAG:MAG:SHORTREAD_PREPROCESSING:FASTQC_RAW (strain_sample_54_run0_raw)	COMPLETED	0	2026-09-13 02:52:25.862	1m 28s	44s	180.8%	2.8 GB	15.2 GB	1.8 GB	3.2 MB
128	08/2e5528	59636063_67	NFCORE_MAG:MAG:SHORTREAD_PREPROCESSING:FASTQC_RAW (strain_sample_57_run0_raw)	COMPLETED	0	2026-09-13 02:52:25.862	1m 28s	42s	182.1%	2.8 GB	15.3 GB	1.8 GB	3.2 MB
121	d8/23979f	59636063_66	NFCORE_MAG:MAG:SHORTREAD_PREPROCESSING:FASTQC_RAW (strain_sample_55_run0_raw)	COMPLETED	0	2026-09-13 02:52:25.862	1m 28s	42s	182.8%	2.6 GB	15.3 GB	1.8 GB	3.2 MB
136	7a/95a87d	59636063_68	NFCORE_MAG:MAG:SHORTREAD_PREPROCESSING:FASTQC_RAW (strain_sample_61_run0_raw)	COMPLETED	0	2026-09-13 02:52:25.862	1m 28s	44s	180.8%	2.7 GB	15.2 GB	1.8 GB	3.2 MB
129	85/b6762e	59636063_69	NFCORE_MAG:MAG:SHORTREAD_PREPROCESSING:FASTQC_RAW (strain_sample_58_run0_raw)	COMPLETED	0	2026-09-13 02:52:25.862	1m 28s	52s	182.1%	2.9 GB	15.3 GB	1.8 GB	3.2 MB
137	e8/d1070a	59636063_73	NFCORE_MAG:MAG:SHORTREAD_PREPROCESSING:FASTQC_RAW (strain_sample_62_run0_raw)	COMPLETED	0	2026-09-13 02:52:25.862	1m 28s	50s	184.0%	2.8 GB	15.2 GB	1.8 GB	3.2 MB
135	2b/c88ddf	59636063_71	NFCORE_MAG:MAG:SHORTREAD_PREPROCESSING:FASTQC_RAW (strain_sample_60_run0_raw)	COMPLETED	0	2026-09-13 02:52:25.862	1m 28s	53s	180.2%	2.9 GB	15.3 GB	1.8 GB	3.2 MB
139	14/b1ccc9	59636063_74	NFCORE_MAG:MAG:SHORTREAD_PREPROCESSING:FASTQC_RAW (strain_sample_63_run0_raw)	COMPLETED	0	2026-09-13 02:52:25.862	1m 28s	50s	183.4%	2.8 GB	15.2 GB	1.8 GB	3.2 MB
142	d6/1584f1	59636063_72	NFCORE_MAG:MAG:SHORTREAD_PREPROCESSING:FASTQC_RAW (strain_sample_64_run0_raw)	COMPLETED	0	2026-09-13 02:52:25.862	1m 28s	52s	181.6%	2.7 GB	15.3 GB	1.8 GB	3.2 MB
146	0e/f220d0	59636063_75	NFCORE_MAG:MAG:SHORTREAD_PREPROCESSING:FASTQC_RAW (strain_sample_67_run0_raw)	COMPLETED	0	2026-09-13 02:52:25.862	1m 28s	49s	185.0%	2.9 GB	15.3 GB	1.8 GB	3.2 MB
147	f4/c7cd1f	59636063_76	NFCORE_MAG:MAG:SHORTREAD_PREPROCESSING:FASTQC_RAW (strain_sample_68_run0_raw)	COMPLETED	0	2026-09-13 02:52:25.862	1m 28s	51s	181.6%	2.9 GB	15.3 GB	1.8 GB	3.2 MB
144	7b/33a44f	59636063_80	NFCORE_MAG:MAG:SHORTREAD_PREPROCESSING:FASTQC_RAW (strain_sample_66_run0_raw)	COMPLETED	0	2026-09-13 02:52:25.862	1m 28s	44s	182.1%	2.7 GB	15.2 GB	1.8 GB	3.2 MB
150	cb/b179a9	59636063_78	NFCORE_MAG:MAG:SHORTREAD_PREPROCESSING:FASTQC_RAW (strain_sample_69_run0_raw)	COMPLETED	0	2026-09-13 02:52:25.862	1m 28s	51s	182.4%	2.9 GB	15.2 GB	1.8 GB	3.2 MB
151	38/32d648	59636063_79	NFCORE_MAG:MAG:SHORTREAD_PREPROCESSING:FASTQC_RAW (strain_sample_70_run0_raw)	COMPLETED	0	2026-09-13 02:52:25.862	1m 28s	55s	170.8%	2.9 GB	15.2 GB	1.8 GB	3.2 MB
143	81/db66f4	59636063_77	NFCORE_MAG:MAG:SHORTREAD_PREPROCESSING:FASTQC_RAW (strain_sample_65_run0_raw)	COMPLETED	0	2026-09-13 02:52:25.862	1m 28s	50s	184.4%	2.8 GB	15.2 GB	1.8 GB	3.2 MB
153	65/7589ca	59636063_81	NFCORE_MAG:MAG:SHORTREAD_PREPROCESSING:FASTQC_RAW (strain_sample_71_run0_raw)	COMPLETED	0	2026-09-13 02:52:25.862	1m 28s	43s	185.4%	2.6 GB	15.3 GB	1.8 GB	3.2 MB
155	87/69abca	59636063_82	NFCORE_MAG:MAG:SHORTREAD_PREPROCESSING:FASTQC_RAW (strain_sample_72_run0_raw)	COMPLETED	0	2026-09-13 02:52:25.862	1m 28s	44s	183.1%	2.8 GB	15.2 GB	1.8 GB	3.2 MB
156	97/2233b0	59636063_83	NFCORE_MAG:MAG:SHORTREAD_PREPROCESSING:FASTQC_RAW (strain_sample_73_run0_raw)	COMPLETED	0	2026-09-13 02:52:25.862	1m 28s	44s	182.4%	2.8 GB	15.2 GB	1.8 GB	3.2 MB
159	e0/fa5b18	59636063_85	NFCORE_MAG:MAG:SHORTREAD_PREPROCESSING:FASTQC_RAW (strain_sample_74_run0_raw)	COMPLETED	0	2026-09-13 02:52:25.862	1m 28s	44s	181.7%	2.8 GB	15.2 GB	1.8 GB	3.2 MB
161	65/83fe43	59636063_84	NFCORE_MAG:MAG:SHORTREAD_PREPROCESSING:FASTQC_RAW (strain_sample_75_run0_raw)	COMPLETED	0	2026-09-13 02:52:25.862	1m 28s	43s	184.6%	2.6 GB	15.2 GB	1.8 GB	3.2 MB
167	7c/b59ff5	59636063_86	NFCORE_MAG:MAG:SHORTREAD_PREPROCESSING:FASTQC_RAW (strain_sample_79_run0_raw)	COMPLETED	0	2026-09-13 02:52:25.862	1m 28s	43s	185.0%	2.7 GB	15.2 GB	1.8 GB	3.2 MB
169	c5/fa5e28	59636063_89	NFCORE_MAG:MAG:SHORTREAD_PREPROCESSING:FASTQC_RAW (strain_sample_80_run0_raw)	COMPLETED	0	2026-09-13 02:52:25.862	1m 28s	44s	182.4%	2.6 GB	15.2 GB	1.8 GB	3.2 MB
166	da/1eb671	59636063_88	NFCORE_MAG:MAG:SHORTREAD_PREPROCESSING:FASTQC_RAW (strain_sample_78_run0_raw)	COMPLETED	0	2026-09-13 02:52:25.862	1m 28s	43s	183.2%	2.8 GB	15.2 GB	1.8 GB	3.2 MB
165	a7/058200	59636063_91	NFCORE_MAG:MAG:SHORTREAD_PREPROCESSING:FASTQC_RAW (strain_sample_77_run0_raw)	COMPLETED	0	2026-09-13 02:52:25.862	1m 28s	43s	183.9%	2.7 GB	15.2 GB	1.8 GB	3.2 MB
164	69/0896a9	59636063_87	NFCORE_MAG:MAG:SHORTREAD_PREPROCESSING:FASTQC_RAW (strain_sample_76_run0_raw)	COMPLETED	0	2026-09-13 02:52:25.862	1m 28s	43s	185.3%	3 GB	15.2 GB	1.8 GB	3.2 MB
173	cb/203acb	59636063_90	NFCORE_MAG:MAG:SHORTREAD_PREPROCESSING:FASTQC_RAW (strain_sample_81_run0_raw)	COMPLETED	0	2026-09-13 02:52:25.862	1m 28s	44s	179.0%	3 GB	15.2 GB	1.8 GB	3.2 MB
174	63/ceef82	59636063_92	NFCORE_MAG:MAG:SHORTREAD_PREPROCESSING:FASTQC_RAW (strain_sample_82_run0_raw)	COMPLETED	0	2026-09-13 02:52:25.862	1m 28s	44s	180.9%	2.8 GB	15.3 GB	1.8 GB	3.2 MB
175	b0/c8e09a	59636063_94	NFCORE_MAG:MAG:SHORTREAD_PREPROCESSING:FASTQC_RAW (strain_sample_83_run0_raw)	COMPLETED	0	2026-09-13 02:52:25.862	1m 28s	44s	182.5%	2.9 GB	15.2 GB	1.8 GB	3.2 MB
176	43/e75a9d	59636063_93	NFCORE_MAG:MAG:SHORTREAD_PREPROCESSING:FASTQC_RAW (strain_sample_84_run0_raw)	COMPLETED	0	2026-09-13 02:52:25.862	1m 28s	44s	182.2%	2.8 GB	15.3 GB	1.8 GB	3.2 MB
177	e6/3e4c66	59636063_96	NFCORE_MAG:MAG:SHORTREAD_PREPROCESSING:FASTQC_RAW (strain_sample_85_run0_raw)	COMPLETED	0	2026-09-13 02:52:25.862	1m 28s	44s	180.3%	2.5 GB	15.3 GB	1.8 GB	3.2 MB
179	13/a740fc	59636063_95	NFCORE_MAG:MAG:SHORTREAD_PREPROCESSING:FASTQC_RAW (strain_sample_86_run0_raw)	COMPLETED	0	2026-09-13 02:52:25.862	1m 28s	44s	181.7%	2.8 GB	15.2 GB	1.8 GB	3.2 MB
189	38/1e3fd5	59636063_97	NFCORE_MAG:MAG:SHORTREAD_PREPROCESSING:FASTQC_RAW (strain_sample_90_run0_raw)	COMPLETED	0	2026-09-13 02:52:25.862	1m 28s	43s	183.9%	3 GB	15.2 GB	1.8 GB	3.2 MB
183	77/40ced8	59636063_98	NFCORE_MAG:MAG:SHORTREAD_PREPROCESSING:FASTQC_RAW (strain_sample_87_run0_raw)	COMPLETED	0	2026-09-13 02:52:25.862	1m 28s	51s	183.6%	2.9 GB	15.3 GB	1.8 GB	3.2 MB
130	2e/ded657	59636063_70	NFCORE_MAG:MAG:SHORTREAD_PREPROCESSING:FASTQC_RAW (strain_sample_59_run0_raw)	COMPLETED	0	2026-09-13 02:52:25.862	1m 28s	53s	179.7%	2.9 GB	15.3 GB	1.8 GB	3.2 MB
187	cf/57e508	59636063_99	NFCORE_MAG:MAG:SHORTREAD_PREPROCESSING:FASTQC_RAW (strain_sample_89_run0_raw)	COMPLETED	0	2026-09-13 02:52:25.862	1m 28s	52s	181.9%	2.9 GB	15.3 GB	1.8 GB	3.2 MB
5	ab/8ea4e0	59636063_0	NFCORE_MAG:MAG:SHORTREAD_PREPROCESSING:FASTQC_RAW (marine_sample_3_run0_raw)	COMPLETED	0	2026-09-13 02:52:25.861	1m 57s	1m 37s	187.2%	2.7 GB	15.2 GB	4.4 GB	3.2 MB
1	59/b94fca	59636063_1	NFCORE_MAG:MAG:SHORTREAD_PREPROCESSING:FASTQC_RAW (marine_sample_0_run0_raw)	COMPLETED	0	2026-09-13 02:52:25.861	1m 57s	1m 35s	186.0%	2.9 GB	15.3 GB	4.4 GB	3.2 MB
3	fd/c51940	59636063_3	NFCORE_MAG:MAG:SHORTREAD_PREPROCESSING:FASTQC_RAW (marine_sample_1_run0_raw)	COMPLETED	0	2026-09-13 02:52:25.861	1m 57s	1m 35s	190.5%	2.8 GB	15.2 GB	4.4 GB	3.2 MB
13	18/028f41	59636063_5	NFCORE_MAG:MAG:SHORTREAD_PREPROCESSING:FASTQC_RAW (marine_sample_5_run0_raw)	COMPLETED	0	2026-09-13 02:52:25.861	1m 57s	1m 37s	187.9%	2.9 GB	15.2 GB	4.4 GB	3.2 MB
16	20/f64896	59636063_7	NFCORE_MAG:MAG:SHORTREAD_PREPROCESSING:FASTQC_RAW (marine_sample_7_run0_raw)	COMPLETED	0	2026-09-13 02:52:25.861	1m 57s	1m 37s	181.7%	2.6 GB	15.3 GB	4.4 GB	3.2 MB
6	85/31e459	59636063_4	NFCORE_MAG:MAG:SHORTREAD_PREPROCESSING:FASTQC_RAW (marine_sample_4_run0_raw)	COMPLETED	0	2026-09-13 02:52:25.861	1m 57s	1m 32s	189.0%	2.7 GB	15.2 GB	4.4 GB	3.2 MB
15	ca/a86f33	59636063_9	NFCORE_MAG:MAG:SHORTREAD_PREPROCESSING:FASTQC_RAW (marine_sample_6_run0_raw)	COMPLETED	0	2026-09-13 02:52:25.861	2m 27s	1m 54s	186.5%	2.6 GB	15.2 GB	4.4 GB	3.2 MB
21	3f/c26c66	59636063_8	NFCORE_MAG:MAG:SHORTREAD_PREPROCESSING:FASTQC_RAW (marine_sample_9_run0_raw)	COMPLETED	0	2026-09-13 02:52:25.861	2m 27s	1m 43s	188.1%	2.8 GB	15.2 GB	4.4 GB	3.2 MB
17	d6/590a24	59636063_6	NFCORE_MAG:MAG:SHORTREAD_PREPROCESSING:FASTQC_RAW (marine_sample_8_run0_raw)	COMPLETED	0	2026-09-13 02:52:25.861	2m 27s	1m 46s	184.3%	3.1 GB	15.3 GB	4.4 GB	3.2 MB
4	fd/354719	59636063_2	NFCORE_MAG:MAG:SHORTREAD_PREPROCESSING:FASTQC_RAW (marine_sample_2_run0_raw)	COMPLETED	0	2026-09-13 02:52:25.861	2m 27s	1m 42s	186.6%	2.9 GB	15.3 GB	4.4 GB	3.2 MB
204	54/62227d	59636222_0	NFCORE_MAG:MAG:SHORTREAD_PREPROCESSING:FASTP (strain_sample_89_run0)	COMPLETED	0	2026-09-13 02:54:54.234	1m 29s	51.4s	287.3%	1.3 GB	1.9 GB	1.9 GB	1.7 GB
213	de/948a27	59636222_7	NFCORE_MAG:MAG:SHORTREAD_PREPROCESSING:FASTP (strain_sample_98_run0)	COMPLETED	0	2026-09-13 02:54:54.234	1m 29s	43.5s	295.6%	1.3 GB	1.9 GB	1.9 GB	1.7 GB
207	7a/990560	59636222_2	NFCORE_MAG:MAG:SHORTREAD_PREPROCESSING:FASTP (strain_sample_92_run0)	COMPLETED	0	2026-09-13 02:54:54.234	1m 29s	51.7s	283.3%	1.3 GB	1.8 GB	1.9 GB	1.7 GB
209	47/e63b34	59636222_3	NFCORE_MAG:MAG:SHORTREAD_PREPROCESSING:FASTP (strain_sample_94_run0)	COMPLETED	0	2026-09-13 02:54:54.234	1m 29s	46.9s	293.9%	1.3 GB	1.8 GB	1.9 GB	1.7 GB
208	ac/262bbb	59636222_4	NFCORE_MAG:MAG:SHORTREAD_PREPROCESSING:FASTP (strain_sample_93_run0)	COMPLETED	0	2026-09-13 02:54:54.234	1m 29s	48.3s	291.4%	1.3 GB	1.9 GB	1.9 GB	1.7 GB
211	0c/9d315f	59636222_6	NFCORE_MAG:MAG:SHORTREAD_PREPROCESSING:FASTP (strain_sample_96_run0)	COMPLETED	0	2026-09-13 02:54:54.234	1m 29s	45.9s	293.5%	1.3 GB	1.9 GB	1.9 GB	1.7 GB
206	7a/815c48	59636222_1	NFCORE_MAG:MAG:SHORTREAD_PREPROCESSING:FASTP (strain_sample_91_run0)	COMPLETED	0	2026-09-13 02:54:54.234	1m 29s	48.3s	295.1%	1.3 GB	1.8 GB	1.9 GB	1.7 GB
210	d9/ee00f1	59636222_5	NFCORE_MAG:MAG:SHORTREAD_PREPROCESSING:FASTP (strain_sample_95_run0)	COMPLETED	0	2026-09-13 02:54:54.234	1m 29s	52.5s	264.6%	1.3 GB	1.8 GB	1.9 GB	1.7 GB
212	65/2a500e	59636222_10	NFCORE_MAG:MAG:SHORTREAD_PREPROCESSING:FASTP (strain_sample_97_run0)	COMPLETED	0	2026-09-13 02:54:54.234	1m 29s	47.7s	287.3%	1.3 GB	1.8 GB	1.9 GB	1.7 GB
214	2d/98944d	59636222_9	NFCORE_MAG:MAG:SHORTREAD_PREPROCESSING:FASTP (strain_sample_99_run0)	COMPLETED	0	2026-09-13 02:54:54.234	1m 29s	56s	254.7%	1.3 GB	1.8 GB	1.9 GB	1.7 GB
215	34/cc5ccb	59636222_8	NFCORE_MAG:MAG:SHORTREAD_PREPROCESSING:FASTP (toy_hmp_airskinurogenital_sample_0_run0)	COMPLETED	0	2026-09-13 02:54:54.234	1m 59s	1m 28s	352.7%	1.3 GB	1.8 GB	4.5 GB	4.2 GB
220	c7/bf1438	59636222_15	NFCORE_MAG:MAG:SHORTREAD_PREPROCESSING:FASTP (toy_hmp_airskinurogenital_sample_5_run0)	COMPLETED	0	2026-09-13 02:54:54.234	1m 59s	1m 30s	367.4%	1.3 GB	1.9 GB	4.5 GB	4.2 GB
224	37/aff706	59636222_19	NFCORE_MAG:MAG:SHORTREAD_PREPROCESSING:FASTP (toy_hmp_airskinurogenital_sample_9_run0)	COMPLETED	0	2026-09-13 02:54:54.234	1m 59s	1m 34s	361.0%	1.3 GB	1.8 GB	4.5 GB	4.2 GB
248	6f/751ce4	59636222_43	NFCORE_MAG:MAG:SHORTREAD_PREPROCESSING:FASTP (toy_hmp_gastrooral_sample_4_run0)	COMPLETED	0	2026-09-13 02:54:54.234	1m 59s	1m 32s	373.0%	1.3 GB	1.8 GB	4.5 GB	4.2 GB
256	0e/007d34	59636222_49	NFCORE_MAG:MAG:SHORTREAD_PREPROCESSING:FASTP (toy_hmp_gastrooral_sample_8_run0)	COMPLETED	0	2026-09-13 02:54:54.234	1m 59s	1m 32s	367.3%	1.3 GB	1.8 GB	4.5 GB	4.2 GB
219	a6/bad559	59636222_12	NFCORE_MAG:MAG:SHORTREAD_PREPROCESSING:FASTP (toy_hmp_airskinurogenital_sample_4_run0)	COMPLETED	0	2026-09-13 02:54:54.234	2m 29s	1m 41s	309.0%	1.3 GB	1.8 GB	4.5 GB	4.2 GB
226	5e/33e849	59636222_21	NFCORE_MAG:MAG:SHORTREAD_PREPROCESSING:FASTP (toy_hmp_airskinurogenital_sample_11_run0)	COMPLETED	0	2026-09-13 02:54:54.234	2m 29s	1m 45s	324.4%	1.3 GB	1.9 GB	4.5 GB	4.2 GB
223	e4/11a9e2	59636222_17	NFCORE_MAG:MAG:SHORTREAD_PREPROCESSING:FASTP (toy_hmp_airskinurogenital_sample_8_run0)	COMPLETED	0	2026-09-13 02:54:54.234	2m 29s	1m 36s	349.4%	1.3 GB	1.8 GB	4.5 GB	4.2 GB
227	b5/463501	59636222_22	NFCORE_MAG:MAG:SHORTREAD_PREPROCESSING:FASTP (toy_hmp_airskinurogenital_sample_12_run0)	COMPLETED	0	2026-09-13 02:54:54.234	2m 29s	1m 46s	333.9%	1.3 GB	1.9 GB	4.5 GB	4.2 GB
221	ca/ffd3ff	59636222_16	NFCORE_MAG:MAG:SHORTREAD_PREPROCESSING:FASTP (toy_hmp_airskinurogenital_sample_6_run0)	COMPLETED	0	2026-09-13 02:54:54.234	2m 29s	2m	297.4%	1.3 GB	1.8 GB	4.5 GB	4.2 GB
217	f1/ac7dbc	59636222_14	NFCORE_MAG:MAG:SHORTREAD_PREPROCESSING:FASTP (toy_hmp_airskinurogenital_sample_2_run0)	COMPLETED	0	2026-09-13 02:54:54.234	2m 29s	1m 47s	340.5%	1.3 GB	1.9 GB	4.5 GB	4.2 GB
216	ba/e038f3	59636222_13	NFCORE_MAG:MAG:SHORTREAD_PREPROCESSING:FASTP (toy_hmp_airskinurogenital_sample_1_run0)	COMPLETED	0	2026-09-13 02:54:54.234	2m 29s	1m 38s	324.7%	1.3 GB	1.8 GB	4.5 GB	4.2 GB
218	f6/2a148a	59636222_11	NFCORE_MAG:MAG:SHORTREAD_PREPROCESSING:FASTP (toy_hmp_airskinurogenital_sample_3_run0)	COMPLETED	0	2026-09-13 02:54:54.234	2m 29s	1m 58s	282.3%	1.3 GB	1.9 GB	4.5 GB	4.2 GB
225	10/0a8cf6	59636222_20	NFCORE_MAG:MAG:SHORTREAD_PREPROCESSING:FASTP (toy_hmp_airskinurogenital_sample_10_run0)	COMPLETED	0	2026-09-13 02:54:54.234	2m 29s	1m 37s	354.8%	1.3 GB	1.9 GB	4.5 GB	4.2 GB
222	13/5e46bd	59636222_18	NFCORE_MAG:MAG:SHORTREAD_PREPROCESSING:FASTP (toy_hmp_airskinurogenital_sample_7_run0)	COMPLETED	0	2026-09-13 02:54:54.234	2m 29s	1m 35s	370.6%	1.3 GB	1.8 GB	4.5 GB	4.2 GB
229	55/eb9887	59636222_24	NFCORE_MAG:MAG:SHORTREAD_PREPROCESSING:FASTP (toy_hmp_airskinurogenital_sample_14_run0)	COMPLETED	0	2026-09-13 02:54:54.234	2m 29s	1m 49s	332.5%	1.3 GB	1.8 GB	4.5 GB	4.2 GB
235	7b/87fe48	59636222_30	NFCORE_MAG:MAG:SHORTREAD_PREPROCESSING:FASTP (toy_hmp_airskinurogenital_sample_20_run0)	COMPLETED	0	2026-09-13 02:54:54.234	2m 29s	1m 57s	337.1%	1.3 GB	1.8 GB	4.5 GB	4.2 GB
246	9c/5b50f3	59636222_41	NFCORE_MAG:MAG:SHORTREAD_PREPROCESSING:FASTP (toy_hmp_gastrooral_sample_2_run0)	COMPLETED	0	2026-09-13 02:54:54.234	2m 29s	1m 48s	339.9%	1.3 GB	1.9 GB	4.5 GB	4.2 GB
234	0e/ad4b8e	59636222_26	NFCORE_MAG:MAG:SHORTREAD_PREPROCESSING:FASTP (toy_hmp_airskinurogenital_sample_19_run0)	COMPLETED	0	2026-09-13 02:54:54.234	2m 29s	1m 56s	337.0%	1.3 GB	1.9 GB	4.5 GB	4.2 GB
239	ef/892791	59636222_33	NFCORE_MAG:MAG:SHORTREAD_PREPROCESSING:FASTP (toy_hmp_airskinurogenital_sample_24_run0)	COMPLETED	0	2026-09-13 02:54:54.234	2m 29s	1m 37s	384.3%	1.3 GB	1.8 GB	4.5 GB	4.2 GB
237	71/03a0a7	59636222_31	NFCORE_MAG:MAG:SHORTREAD_PREPROCESSING:FASTP (toy_hmp_airskinurogenital_sample_22_run0)	COMPLETED	0	2026-09-13 02:54:54.234	2m 29s	1m 39s	378.4%	1.3 GB	1.8 GB	4.5 GB	4.2 GB
236	16/c496ce	59636222_32	NFCORE_MAG:MAG:SHORTREAD_PREPROCESSING:FASTP (toy_hmp_airskinurogenital_sample_21_run0)	COMPLETED	0	2026-09-13 02:54:54.234	2m 29s	1m 57s	343.9%	1.3 GB	1.8 GB	4.5 GB	4.1 GB
255	d3/b8fee4	59636222_46	NFCORE_MAG:MAG:SHORTREAD_PREPROCESSING:FASTP (toy_hmp_gastrooral_sample_7_run0)	COMPLETED	0	2026-09-13 02:54:54.234	2m 29s	1m 43s	358.3%	1.3 GB	1.8 GB	4.5 GB	4.2 GB
262	82/eed0b6	59636222_48	NFCORE_MAG:MAG:SHORTREAD_PREPROCESSING:FASTP (toy_hmp_gastrooral_sample_10_run0)	COMPLETED	0	2026-09-13 02:54:54.234	2m 29s	1m 37s	354.2%	1.3 GB	1.9 GB	4.5 GB	4.2 GB
247	ea/5e6a52	59636222_42	NFCORE_MAG:MAG:SHORTREAD_PREPROCESSING:FASTP (toy_hmp_gastrooral_sample_3_run0)	COMPLETED	0	2026-09-13 02:54:54.234	2m 29s	1m 51s	333.6%	1.3 GB	1.8 GB	4.5 GB	4.2 GB
258	38/1a23b7	59636222_47	NFCORE_MAG:MAG:SHORTREAD_PREPROCESSING:FASTP (toy_hmp_gastrooral_sample_9_run0)	COMPLETED	0	2026-09-13 02:54:54.234	2m 29s	1m 43s	350.5%	1.3 GB	1.9 GB	4.5 GB	4.2 GB
243	93/a5b010	59636222_39	NFCORE_MAG:MAG:SHORTREAD_PREPROCESSING:FASTP (toy_hmp_airskinurogenital_sample_28_run0)	COMPLETED	0	2026-09-13 02:54:54.234	2m 29s	1m 50s	346.8%	1.3 GB	1.8 GB	4.5 GB	4.2 GB
241	df/af5a78	59636222_36	NFCORE_MAG:MAG:SHORTREAD_PREPROCESSING:FASTP (toy_hmp_airskinurogenital_sample_26_run0)	COMPLETED	0	2026-09-13 02:54:54.234	2m 29s	2m 2s	330.0%	1.3 GB	1.9 GB	4.5 GB	4.2 GB
274	31/fca25a	59636222_56	NFCORE_MAG:MAG:SHORTREAD_PREPROCESSING:FASTP (toy_hmp_gastrooral_sample_17_run0)	COMPLETED	0	2026-09-13 02:54:54.234	2m 29s	1m 25s	364.6%	1.3 GB	1.8 GB	4.5 GB	4.2 GB
269	51/694401	59636222_51	NFCORE_MAG:MAG:SHORTREAD_PREPROCESSING:FASTP (toy_hmp_gastrooral_sample_13_run0)	COMPLETED	0	2026-09-13 02:54:54.234	2m 29s	1m 26s	378.8%	1.3 GB	1.8 GB	4.5 GB	4.2 GB
249	c9/239c63	59636222_44	NFCORE_MAG:MAG:SHORTREAD_PREPROCESSING:FASTP (toy_hmp_gastrooral_sample_5_run0)	COMPLETED	0	2026-09-13 02:54:54.234	2m 29s	1m 39s	349.6%	1.3 GB	1.8 GB	4.5 GB	4.2 GB
316	68/e6d957	59636222_75	NFCORE_MAG:MAG:SHORTREAD_PREPROCESSING:FASTP (toy_mousegut_sample_17_run0)	COMPLETED	0	2026-09-13 02:54:54.234	2m 29s	1m 35s	377.9%	1.3 GB	1.8 GB	4.5 GB	4.2 GB
278	47/bf6965	59636222_57	NFCORE_MAG:MAG:SHORTREAD_PREPROCESSING:FASTP (toy_hmp_gastrooral_sample_18_run0)	COMPLETED	0	2026-09-13 02:54:54.234	2m 29s	1m 33s	369.1%	1.3 GB	1.8 GB	4.5 GB	4.2 GB
324	4b/5d7a93	59636222_79	NFCORE_MAG:MAG:SHORTREAD_PREPROCESSING:FASTP (toy_mousegut_sample_22_run0)	COMPLETED	0	2026-09-13 02:54:54.234	2m 29s	1m 21s	389.0%	1.3 GB	1.8 GB	4.5 GB	4.2 GB
283	fe/702857	59636222_58	NFCORE_MAG:MAG:SHORTREAD_PREPROCESSING:FASTP (toy_hmp_gastrooral_sample_19_run0)	COMPLETED	0	2026-09-13 02:54:54.234	2m 29s	1m 33s	374.4%	1.3 GB	1.8 GB	4.5 GB	4.2 GB
321	9b/dca822	59636222_77	NFCORE_MAG:MAG:SHORTREAD_PREPROCESSING:FASTP (toy_mousegut_sample_20_run0)	COMPLETED	0	2026-09-13 02:54:54.234	2m 29s	1m 34s	373.4%	1.3 GB	1.9 GB	4.5 GB	4.2 GB
338	2f/d6b40d	59636222_88	NFCORE_MAG:MAG:SHORTREAD_PREPROCESSING:FASTP (toy_mousegut_sample_30_run0)	COMPLETED	0	2026-09-13 02:54:54.234	2m 29s	1m 16s	402.8%	1.3 GB	1.9 GB	4.5 GB	4.2 GB
285	21/932c66	59636222_59	NFCORE_MAG:MAG:SHORTREAD_PREPROCESSING:FASTP (toy_mousegut_sample_1_run0)	COMPLETED	0	2026-09-13 02:54:54.234	2m 29s	1m 33s	371.3%	1.3 GB	1.8 GB	4.5 GB	4.2 GB
322	53/9c1d03	59636222_78	NFCORE_MAG:MAG:SHORTREAD_PREPROCESSING:FASTP (toy_mousegut_sample_21_run0)	COMPLETED	0	2026-09-13 02:54:54.234	2m 29s	1m 33s	375.4%	1.3 GB	1.9 GB	4.5 GB	4.2 GB
346	22/aa8f41	59636222_91	NFCORE_MAG:MAG:SHORTREAD_PREPROCESSING:FASTP (toy_mousegut_sample_36_run0)	COMPLETED	0	2026-09-13 02:54:54.234	2m 29s	1m 24s	376.9%	1.3 GB	1.8 GB	4.5 GB	4.2 GB
342	69/4ea0ea	59636222_90	NFCORE_MAG:MAG:SHORTREAD_PREPROCESSING:FASTP (toy_mousegut_sample_33_run0)	COMPLETED	0	2026-09-13 02:54:54.234	2m 29s	1m 18s	394.2%	1.3 GB	1.8 GB	4.5 GB	4.2 GB
349	99/976bdc	59636222_93	NFCORE_MAG:MAG:SHORTREAD_PREPROCESSING:FASTP (toy_mousegut_sample_37_run0)	COMPLETED	0	2026-09-13 02:54:54.234	2m 29s	1m 33s	362.6%	1.3 GB	1.8 GB	4.5 GB	4.2 GB
341	85/411c58	59636222_89	NFCORE_MAG:MAG:SHORTREAD_PREPROCESSING:FASTP (toy_mousegut_sample_32_run0)	COMPLETED	0	2026-09-13 02:54:54.234	2m 29s	1m 19s	393.1%	1.3 GB	1.8 GB	4.5 GB	4.2 GB
345	7e/30f070	59636222_92	NFCORE_MAG:MAG:SHORTREAD_PREPROCESSING:FASTP (toy_mousegut_sample_35_run0)	COMPLETED	0	2026-09-13 02:54:54.234	2m 29s	1m 23s	383.6%	1.3 GB	1.8 GB	4.5 GB	4.2 GB
228	60/0571a0	59636222_23	NFCORE_MAG:MAG:SHORTREAD_PREPROCESSING:FASTP (toy_hmp_airskinurogenital_sample_13_run0)	COMPLETED	0	2026-09-13 02:54:54.234	2m 59s	2m 13s	293.0%	1.3 GB	1.8 GB	4.5 GB	4.2 GB
232	3c/b89e35	59636222_27	NFCORE_MAG:MAG:SHORTREAD_PREPROCESSING:FASTP (toy_hmp_airskinurogenital_sample_17_run0)	COMPLETED	0	2026-09-13 02:54:54.234	2m 59s	2m 15s	297.2%	1.3 GB	1.8 GB	4.5 GB	4.2 GB
238	82/c55f53	59636222_34	NFCORE_MAG:MAG:SHORTREAD_PREPROCESSING:FASTP (toy_hmp_airskinurogenital_sample_23_run0)	COMPLETED	0	2026-09-13 02:54:54.234	2m 59s	2m 5s	321.4%	1.3 GB	1.8 GB	4.5 GB	4.2 GB
244	44/c6db39	59636222_37	NFCORE_MAG:MAG:SHORTREAD_PREPROCESSING:FASTP (toy_hmp_gastrooral_sample_0_run0)	COMPLETED	0	2026-09-13 02:54:54.234	2m 59s	2m 13s	305.8%	1.3 GB	1.9 GB	4.5 GB	4.2 GB
231	83/5a205d	59636222_28	NFCORE_MAG:MAG:SHORTREAD_PREPROCESSING:FASTP (toy_hmp_airskinurogenital_sample_16_run0)	COMPLETED	0	2026-09-13 02:54:54.234	2m 59s	2m 16s	295.8%	1.3 GB	1.8 GB	4.5 GB	4.2 GB
240	08/0a9825	59636222_35	NFCORE_MAG:MAG:SHORTREAD_PREPROCESSING:FASTP (toy_hmp_airskinurogenital_sample_25_run0)	COMPLETED	0	2026-09-13 02:54:54.234	2m 59s	2m 20s	293.3%	1.3 GB	1.9 GB	4.5 GB	4.2 GB
230	95/d833ed	59636222_25	NFCORE_MAG:MAG:SHORTREAD_PREPROCESSING:FASTP (toy_hmp_airskinurogenital_sample_15_run0)	COMPLETED	0	2026-09-13 02:54:54.234	2m 59s	2m 24s	293.2%	1.3 GB	1.8 GB	4.5 GB	4.2 GB
254	b3/148e37	59636222_45	NFCORE_MAG:MAG:SHORTREAD_PREPROCESSING:FASTP (toy_hmp_gastrooral_sample_6_run0)	COMPLETED	0	2026-09-13 02:54:54.234	2m 59s	2m 23s	269.8%	1.3 GB	1.8 GB	4.5 GB	4.2 GB
245	52/d00221	59636222_40	NFCORE_MAG:MAG:SHORTREAD_PREPROCESSING:FASTP (toy_hmp_gastrooral_sample_1_run0)	COMPLETED	0	2026-09-13 02:54:54.234	2m 59s	2m 14s	310.1%	1.3 GB	1.9 GB	4.5 GB	4.2 GB
270	fb/d50b3f	59636222_53	NFCORE_MAG:MAG:SHORTREAD_PREPROCESSING:FASTP (toy_hmp_gastrooral_sample_14_run0)	COMPLETED	0	2026-09-13 02:54:54.234	2m 59s	2m	309.6%	1.3 GB	1.9 GB	4.5 GB	4.2 GB
233	05/b99806	59636222_29	NFCORE_MAG:MAG:SHORTREAD_PREPROCESSING:FASTP (toy_hmp_airskinurogenital_sample_18_run0)	COMPLETED	0	2026-09-13 02:54:54.234	2m 59s	2m 11s	306.4%	1.3 GB	1.9 GB	4.5 GB	4.2 GB
271	92/3d3a35	59636222_55	NFCORE_MAG:MAG:SHORTREAD_PREPROCESSING:FASTP (toy_hmp_gastrooral_sample_15_run0)	COMPLETED	0	2026-09-13 02:54:54.234	2m 59s	1m 37s	325.6%	1.4 GB	1.9 GB	4.5 GB	4.2 GB
273	42/cad2b8	59636222_54	NFCORE_MAG:MAG:SHORTREAD_PREPROCESSING:FASTP (toy_hmp_gastrooral_sample_16_run0)	COMPLETED	0	2026-09-13 02:54:54.234	2m 59s	1m 46s	307.2%	1.3 GB	1.8 GB	4.5 GB	4.2 GB
264	86/ab39dd	59636222_50	NFCORE_MAG:MAG:SHORTREAD_PREPROCESSING:FASTP (toy_hmp_gastrooral_sample_11_run0)	COMPLETED	0	2026-09-13 02:54:54.234	2m 59s	1m 39s	338.2%	1.3 GB	1.8 GB	4.5 GB	4.2 GB
298	22/0d0de4	59636222_67	NFCORE_MAG:MAG:SHORTREAD_PREPROCESSING:FASTP (toy_mousegut_sample_9_run0)	COMPLETED	0	2026-09-13 02:54:54.234	2m 59s	1m 38s	381.8%	1.3 GB	1.8 GB	4.5 GB	4.1 GB
299	67/bce0aa	59636222_66	NFCORE_MAG:MAG:SHORTREAD_PREPROCESSING:FASTP (toy_mousegut_sample_10_run0)	COMPLETED	0	2026-09-13 02:54:54.234	2m 59s	1m 45s	358.5%	1.3 GB	1.9 GB	4.5 GB	4.2 GB
291	df/266d44	59636222_65	NFCORE_MAG:MAG:SHORTREAD_PREPROCESSING:FASTP (toy_mousegut_sample_6_run0)	COMPLETED	0	2026-09-13 02:54:54.234	2m 59s	1m 44s	362.6%	1.3 GB	1.8 GB	4.5 GB	4.1 GB
242	78/15831f	59636222_38	NFCORE_MAG:MAG:SHORTREAD_PREPROCESSING:FASTP (toy_hmp_airskinurogenital_sample_27_run0)	COMPLETED	0	2026-09-13 02:54:54.234	2m 59s	2m 7s	319.5%	1.3 GB	1.9 GB	4.5 GB	4.2 GB
308	1c/b0f5af	59636222_69	NFCORE_MAG:MAG:SHORTREAD_PREPROCESSING:FASTP (toy_mousegut_sample_14_run0)	COMPLETED	0	2026-09-13 02:54:54.234	2m 59s	1m 34s	387.5%	1.3 GB	1.9 GB	4.5 GB	4.2 GB
300	82/1d5ee7	59636222_68	NFCORE_MAG:MAG:SHORTREAD_PREPROCESSING:FASTP (toy_mousegut_sample_11_run0)	COMPLETED	0	2026-09-13 02:54:54.234	2m 59s	1m 34s	385.2%	1.3 GB	1.8 GB	4.5 GB	4.2 GB
325	a5/770323	59636222_81	NFCORE_MAG:MAG:SHORTREAD_PREPROCESSING:FASTP (toy_mousegut_sample_23_run0)	COMPLETED	0	2026-09-13 02:54:54.234	2m 59s	1m 47s	309.6%	1.3 GB	1.9 GB	4.5 GB	4.2 GB
320	f5/652ab1	59636222_76	NFCORE_MAG:MAG:SHORTREAD_PREPROCESSING:FASTP (toy_mousegut_sample_19_run0)	COMPLETED	0	2026-09-13 02:54:54.234	2m 59s	1m 40s	365.2%	1.3 GB	1.9 GB	4.5 GB	4.2 GB
328	fe/4156d5	59636222_82	NFCORE_MAG:MAG:SHORTREAD_PREPROCESSING:FASTP (toy_mousegut_sample_25_run0)	COMPLETED	0	2026-09-13 02:54:54.234	2m 59s	1m 49s	346.8%	1.3 GB	1.9 GB	4.5 GB	4.2 GB
314	00/187089	59636222_73	NFCORE_MAG:MAG:SHORTREAD_PREPROCESSING:FASTP (toy_mousegut_sample_16_run0)	COMPLETED	0	2026-09-13 02:54:54.234	2m 59s	1m 37s	382.7%	1.3 GB	1.9 GB	4.5 GB	4.2 GB
327	03/611b7f	59636222_80	NFCORE_MAG:MAG:SHORTREAD_PREPROCESSING:FASTP (toy_mousegut_sample_24_run0)	COMPLETED	0	2026-09-13 02:54:54.234	2m 59s	1m 40s	332.9%	1.3 GB	1.8 GB	4.5 GB	4.2 GB
319	2e/21e02d	59636222_74	NFCORE_MAG:MAG:SHORTREAD_PREPROCESSING:FASTP (toy_mousegut_sample_18_run0)	COMPLETED	0	2026-09-13 02:54:54.234	2m 59s	1m 44s	356.5%	1.3 GB	1.9 GB	4.5 GB	4.2 GB
309	24/977da5	59636222_72	NFCORE_MAG:MAG:SHORTREAD_PREPROCESSING:FASTP (toy_mousegut_sample_15_run0)	COMPLETED	0	2026-09-13 02:54:54.234	2m 59s	1m 41s	377.7%	1.3 GB	1.8 GB	4.5 GB	4.2 GB
333	18/00c5b7	59636222_84	NFCORE_MAG:MAG:SHORTREAD_PREPROCESSING:FASTP (toy_mousegut_sample_27_run0)	COMPLETED	0	2026-09-13 02:54:54.234	2m 59s	1m 38s	380.7%	1.3 GB	1.9 GB	4.5 GB	4.2 GB
304	2b/ee6340	59636222_70	NFCORE_MAG:MAG:SHORTREAD_PREPROCESSING:FASTP (toy_mousegut_sample_12_run0)	COMPLETED	0	2026-09-13 02:54:54.234	2m 59s	1m 38s	376.2%	1.3 GB	1.9 GB	4.5 GB	4.2 GB
332	58/493bf3	59636222_83	NFCORE_MAG:MAG:SHORTREAD_PREPROCESSING:FASTP (toy_mousegut_sample_26_run0)	COMPLETED	0	2026-09-13 02:54:54.234	2m 59s	1m 44s	367.3%	1.3 GB	1.9 GB	4.5 GB	4.2 GB
305	76/dc8970	59636222_71	NFCORE_MAG:MAG:SHORTREAD_PREPROCESSING:FASTP (toy_mousegut_sample_13_run0)	COMPLETED	0	2026-09-13 02:54:54.234	2m 59s	1m 46s	359.9%	1.3 GB	1.9 GB	4.5 GB	4.2 GB
340	b5/45d012	59636222_87	NFCORE_MAG:MAG:SHORTREAD_PREPROCESSING:FASTP (toy_mousegut_sample_31_run0)	COMPLETED	0	2026-09-13 02:54:54.234	2m 59s	1m 35s	350.6%	1.3 GB	1.9 GB	4.5 GB	4.2 GB
335	8c/a2e3d3	59636222_86	NFCORE_MAG:MAG:SHORTREAD_PREPROCESSING:FASTP (toy_mousegut_sample_29_run0)	COMPLETED	0	2026-09-13 02:54:54.234	2m 59s	1m 40s	380.4%	1.3 GB	1.8 GB	4.5 GB	4.2 GB
354	57/778111	59636222_95	NFCORE_MAG:MAG:SHORTREAD_PREPROCESSING:FASTP (toy_mousegut_sample_52_run0)	COMPLETED	0	2026-09-13 02:54:54.234	2m 59s	1m 39s	386.0%	1.3 GB	1.9 GB	4.5 GB	4.2 GB
351	7c/b894a6	59636222_97	NFCORE_MAG:MAG:SHORTREAD_PREPROCESSING:FASTP (toy_mousegut_sample_38_run0)	COMPLETED	0	2026-09-13 02:54:54.234	2m 59s	1m 53s	357.7%	1.3 GB	1.9 GB	4.5 GB	4.2 GB
358	b6/0d67ff	59636222_98	NFCORE_MAG:MAG:SHORTREAD_PREPROCESSING:FASTP (toy_mousegut_sample_54_run0)	COMPLETED	0	2026-09-13 02:54:54.234	2m 59s	1m 39s	380.0%	1.3 GB	1.9 GB	4.5 GB	4.1 GB
363	33/b2dc01	59636222_99	NFCORE_MAG:MAG:SHORTREAD_PREPROCESSING:FASTP (toy_mousegut_sample_56_run0)	COMPLETED	0	2026-09-13 02:54:54.234	2m 59s	1m 34s	367.5%	1.3 GB	1.9 GB	4.5 GB	4.1 GB
343	a8/cbae6a	59636222_94	NFCORE_MAG:MAG:SHORTREAD_PREPROCESSING:FASTP (toy_mousegut_sample_34_run0)	COMPLETED	0	2026-09-13 02:54:54.234	2m 59s	1m 39s	388.6%	1.3 GB	1.9 GB	4.5 GB	4.2 GB
356	7b/f9bcbc	59636222_96	NFCORE_MAG:MAG:SHORTREAD_PREPROCESSING:FASTP (toy_mousegut_sample_53_run0)	COMPLETED	0	2026-09-13 02:54:54.234	2m 59s	2m 2s	327.8%	1.3 GB	1.9 GB	4.5 GB	4.1 GB
266	21/aa4772	59636222_52	NFCORE_MAG:MAG:SHORTREAD_PREPROCESSING:FASTP (toy_hmp_gastrooral_sample_12_run0)	COMPLETED	0	2026-09-13 02:54:54.234	3m 29s	2m 10s	289.3%	1.3 GB	1.9 GB	4.5 GB	4.2 GB
290	3e/5cb0f2	59636222_62	NFCORE_MAG:MAG:SHORTREAD_PREPROCESSING:FASTP (toy_mousegut_sample_5_run0)	COMPLETED	0	2026-09-13 02:54:54.234	3m 29s	2m 7s	304.2%	1.3 GB	1.8 GB	4.5 GB	4.1 GB
286	11/f17a10	59636222_61	NFCORE_MAG:MAG:SHORTREAD_PREPROCESSING:FASTP (toy_mousegut_sample_2_run0)	COMPLETED	0	2026-09-13 02:54:54.234	3m 29s	2m 11s	301.5%	1.3 GB	1.9 GB	4.5 GB	4.2 GB
284	75/2ef40c	59636222_60	NFCORE_MAG:MAG:SHORTREAD_PREPROCESSING:FASTP (toy_mousegut_sample_0_run0)	COMPLETED	0	2026-09-13 02:54:54.234	3m 29s	2m 17s	285.1%	1.3 GB	1.9 GB	4.5 GB	4.2 GB
292	7a/53bd09	59636222_63	NFCORE_MAG:MAG:SHORTREAD_PREPROCESSING:FASTP (toy_mousegut_sample_7_run0)	COMPLETED	0	2026-09-13 02:54:54.234	3m 29s	2m 10s	306.4%	1.3 GB	1.9 GB	4.5 GB	4.2 GB
294	79/285774	59636222_64	NFCORE_MAG:MAG:SHORTREAD_PREPROCESSING:FASTP (toy_mousegut_sample_8_run0)	COMPLETED	0	2026-09-13 02:54:54.234	3m 29s	2m 6s	314.2%	1.3 GB	1.8 GB	4.5 GB	4.1 GB
334	16/37fd6f	59636222_85	NFCORE_MAG:MAG:SHORTREAD_PREPROCESSING:FASTP (toy_mousegut_sample_28_run0)	COMPLETED	0	2026-09-13 02:54:54.234	3m 29s	2m 24s	286.7%	1.3 GB	1.8 GB	4.5 GB	4.2 GB
527	fc/28066b	59636557_9	NFCORE_MAG:MAG:SHORTREAD_PREPROCESSING:FASTQC_TRIMMED (strain_sample_92_run0)	COMPLETED	0	2026-09-13 02:58:29.287	54s	38s	181.8%	2.9 GB	15.2 GB	1.7 GB	3.3 MB
528	ad/92f054	59636557_8	NFCORE_MAG:MAG:SHORTREAD_PREPROCESSING:FASTQC_TRIMMED (strain_sample_94_run0)	COMPLETED	0	2026-09-13 02:58:29.287	54s	36s	186.0%	3 GB	15.3 GB	1.7 GB	3.3 MB
526	f2/125e5d	59636557_10	NFCORE_MAG:MAG:SHORTREAD_PREPROCESSING:FASTQC_TRIMMED (strain_sample_89_run0)	COMPLETED	0	2026-09-13 02:58:29.287	54s	37s	185.7%	3 GB	15.2 GB	1.7 GB	3.3 MB
525	74/920ff2	59636557_11	NFCORE_MAG:MAG:SHORTREAD_PREPROCESSING:FASTQC_TRIMMED (strain_sample_91_run0)	COMPLETED	0	2026-09-13 02:58:29.287	1m 24s	39s	183.9%	2.8 GB	15.2 GB	1.7 GB	3.3 MB
530	c5/674c8a	59636557_12	NFCORE_MAG:MAG:SHORTREAD_PREPROCESSING:FASTQC_TRIMMED (strain_sample_98_run0)	COMPLETED	0	2026-09-13 02:58:29.287	1m 24s	40s	179.7%	2.9 GB	15.3 GB	1.7 GB	3.3 MB
531	f5/deee91	59636557_14	NFCORE_MAG:MAG:SHORTREAD_PREPROCESSING:FASTQC_TRIMMED (strain_sample_95_run0)	COMPLETED	0	2026-09-13 02:58:29.287	1m 24s	44s	182.1%	2.8 GB	15.2 GB	1.7 GB	3.3 MB
529	ea/0774c4	59636557_13	NFCORE_MAG:MAG:SHORTREAD_PREPROCESSING:FASTQC_TRIMMED (strain_sample_93_run0)	COMPLETED	0	2026-09-13 02:58:29.287	1m 24s	44s	182.6%	2.8 GB	15.2 GB	1.7 GB	3.3 MB
533	c4/f57666	59636557_16	NFCORE_MAG:MAG:SHORTREAD_PREPROCESSING:FASTQC_TRIMMED (strain_sample_97_run0)	COMPLETED	0	2026-09-13 02:58:29.287	1m 24s	43s	183.1%	2.6 GB	15.2 GB	1.7 GB	3.3 MB
532	23/63b739	59636557_15	NFCORE_MAG:MAG:SHORTREAD_PREPROCESSING:FASTQC_TRIMMED (strain_sample_96_run0)	COMPLETED	0	2026-09-13 02:58:29.287	1m 24s	45s	181.4%	2.8 GB	15.2 GB	1.7 GB	3.3 MB
534	ff/f79c58	59636557_17	NFCORE_MAG:MAG:SHORTREAD_PREPROCESSING:FASTQC_TRIMMED (strain_sample_99_run0)	COMPLETED	0	2026-09-13 02:58:29.287	1m 24s	43s	183.8%	2.8 GB	15.3 GB	1.7 GB	3.3 MB
517	5b/077e58	59636557_0	NFCORE_MAG:MAG:SHORTREAD_PREPROCESSING:FASTQC_TRIMMED (toy_mousegut_sample_62_run0)	COMPLETED	0	2026-09-13 02:58:29.287	1m 54s	1m 26s	187.9%	3 GB	15.2 GB	4.2 GB	3.3 MB
518	d5/8d80a9	59636557_1	NFCORE_MAG:MAG:SHORTREAD_PREPROCESSING:FASTQC_TRIMMED (toy_mousegut_sample_60_run0)	COMPLETED	0	2026-09-13 02:58:29.287	1m 54s	1m 34s	185.8%	3 GB	15.2 GB	4.2 GB	3.3 MB
519	b1/5e249b	59636557_3	NFCORE_MAG:MAG:SHORTREAD_PREPROCESSING:FASTQC_TRIMMED (toy_mousegut_sample_55_run0)	COMPLETED	0	2026-09-13 02:58:29.287	1m 54s	1m 36s	186.2%	2.8 GB	15.3 GB	4.1 GB	3.3 MB
522	4a/933996	59636557_4	NFCORE_MAG:MAG:SHORTREAD_PREPROCESSING:FASTQC_TRIMMED (toy_mousegut_sample_61_run0)	COMPLETED	0	2026-09-13 02:58:29.287	1m 54s	1m 27s	186.3%	2.9 GB	15.2 GB	4.2 GB	3.3 MB
521	9d/0decad	59636557_2	NFCORE_MAG:MAG:SHORTREAD_PREPROCESSING:FASTQC_TRIMMED (toy_mousegut_sample_57_run0)	COMPLETED	0	2026-09-13 02:58:29.287	1m 54s	1m 38s	186.6%	2.9 GB	15.2 GB	4.2 GB	3.3 MB
524	5d/38a45c	59636557_6	NFCORE_MAG:MAG:SHORTREAD_PREPROCESSING:FASTQC_TRIMMED (toy_mousegut_sample_59_run0)	COMPLETED	0	2026-09-13 02:58:29.287	1m 54s	1m 27s	190.8%	2.8 GB	15.2 GB	4.2 GB	3.3 MB
520	2b/8fe33f	59636557_5	NFCORE_MAG:MAG:SHORTREAD_PREPROCESSING:FASTQC_TRIMMED (toy_mousegut_sample_58_run0)	COMPLETED	0	2026-09-13 02:58:29.287	1m 54s	1m 26s	188.5%	3.2 GB	15.2 GB	4.2 GB	3.3 MB
523	71/94b649	59636557_7	NFCORE_MAG:MAG:SHORTREAD_PREPROCESSING:FASTQC_TRIMMED (toy_mousegut_sample_63_run0)	COMPLETED	0	2026-09-13 02:58:29.287	1m 54s	1m 25s	189.5%	3.4 GB	15.3 GB	4.2 GB	3.3 MB
539	5f/603d37	59636557_22	NFCORE_MAG:MAG:SHORTREAD_PREPROCESSING:FASTQC_TRIMMED (toy_hmp_gastrooral_sample_8_run0)	COMPLETED	0	2026-09-13 02:58:29.287	1m 54s	1m 36s	187.2%	2.8 GB	15.3 GB	4.2 GB	3.3 MB
538	34/be1efd	59636557_20	NFCORE_MAG:MAG:SHORTREAD_PREPROCESSING:FASTQC_TRIMMED (toy_hmp_gastrooral_sample_4_run0)	COMPLETED	0	2026-09-13 02:58:29.287	1m 54s	1m 38s	187.6%	2.7 GB	15.3 GB	4.2 GB	3.3 MB
536	e2/42e195	59636557_21	NFCORE_MAG:MAG:SHORTREAD_PREPROCESSING:FASTQC_TRIMMED (toy_hmp_airskinurogenital_sample_5_run0)	COMPLETED	0	2026-09-13 02:58:29.287	1m 54s	1m 35s	186.4%	2.7 GB	15.2 GB	4.2 GB	3.3 MB
541	3f/faa685	59636557_23	NFCORE_MAG:MAG:SHORTREAD_PREPROCESSING:FASTQC_TRIMMED (toy_hmp_airskinurogenital_sample_1_run0)	COMPLETED	0	2026-09-13 02:58:29.287	1m 54s	1m 36s	187.7%	2.9 GB	15.3 GB	4.2 GB	3.3 MB
540	63/431570	59636557_24	NFCORE_MAG:MAG:SHORTREAD_PREPROCESSING:FASTQC_TRIMMED (toy_hmp_airskinurogenital_sample_4_run0)	COMPLETED	0	2026-09-13 02:58:29.287	1m 54s	1m 32s	187.9%	2.6 GB	15.3 GB	4.2 GB	3.3 MB
546	90/d4a3a5	59636557_27	NFCORE_MAG:MAG:SHORTREAD_PREPROCESSING:FASTQC_TRIMMED (toy_hmp_airskinurogenital_sample_6_run0)	COMPLETED	0	2026-09-13 02:58:29.287	1m 54s	1m 35s	186.7%	2.8 GB	15.3 GB	4.2 GB	3.3 MB
545	71/3365f3	59636557_28	NFCORE_MAG:MAG:SHORTREAD_PREPROCESSING:FASTQC_TRIMMED (toy_hmp_airskinurogenital_sample_8_run0)	COMPLETED	0	2026-09-13 02:58:29.287	1m 54s	1m 25s	188.5%	2.7 GB	15.3 GB	4.2 GB	3.3 MB
542	36/1eff34	59636557_25	NFCORE_MAG:MAG:SHORTREAD_PREPROCESSING:FASTQC_TRIMMED (toy_hmp_airskinurogenital_sample_2_run0)	COMPLETED	0	2026-09-13 02:58:29.287	1m 54s	1m 31s	187.3%	3 GB	15.2 GB	4.2 GB	3.3 MB
547	de/dda740	59636557_29	NFCORE_MAG:MAG:SHORTREAD_PREPROCESSING:FASTQC_TRIMMED (toy_hmp_airskinurogenital_sample_12_run0)	COMPLETED	0	2026-09-13 02:58:29.287	1m 54s	1m 25s	189.5%	2.6 GB	15.3 GB	4.2 GB	3.3 MB
548	55/33123e	59636557_31	NFCORE_MAG:MAG:SHORTREAD_PREPROCESSING:FASTQC_TRIMMED (toy_hmp_airskinurogenital_sample_10_run0)	COMPLETED	0	2026-09-13 02:58:29.287	1m 54s	1m 34s	188.6%	2.8 GB	15.3 GB	4.2 GB	3.3 MB
551	39/26a452	59636557_34	NFCORE_MAG:MAG:SHORTREAD_PREPROCESSING:FASTQC_TRIMMED (toy_hmp_airskinurogenital_sample_22_run0)	COMPLETED	0	2026-09-13 02:58:29.287	1m 54s	1m 31s	189.4%	2.6 GB	15.3 GB	4.2 GB	3.3 MB
550	e9/9543ec	59636557_33	NFCORE_MAG:MAG:SHORTREAD_PREPROCESSING:FASTQC_TRIMMED (toy_hmp_airskinurogenital_sample_14_run0)	COMPLETED	0	2026-09-13 02:58:29.287	1m 54s	1m 33s	186.2%	2.9 GB	15.2 GB	4.2 GB	3.3 MB
549	08/bde95d	59636557_32	NFCORE_MAG:MAG:SHORTREAD_PREPROCESSING:FASTQC_TRIMMED (toy_hmp_airskinurogenital_sample_7_run0)	COMPLETED	0	2026-09-13 02:58:29.287	1m 54s	1m 29s	185.6%	3 GB	15.3 GB	4.2 GB	3.3 MB
543	42/7e7ed3	59636557_30	NFCORE_MAG:MAG:SHORTREAD_PREPROCESSING:FASTQC_TRIMMED (toy_hmp_airskinurogenital_sample_11_run0)	COMPLETED	0	2026-09-13 02:58:29.287	1m 54s	1m 29s	189.2%	2.8 GB	15.2 GB	4.2 GB	3.3 MB
562	20/4eb26c	59636557_43	NFCORE_MAG:MAG:SHORTREAD_PREPROCESSING:FASTQC_TRIMMED (toy_hmp_airskinurogenital_sample_26_run0)	COMPLETED	0	2026-09-13 02:58:29.287	1m 54s	1m 32s	189.5%	3 GB	15.2 GB	4.2 GB	3.3 MB
557	0e/edc668	59636557_46	NFCORE_MAG:MAG:SHORTREAD_PREPROCESSING:FASTQC_TRIMMED (toy_hmp_airskinurogenital_sample_28_run0)	COMPLETED	0	2026-09-13 02:58:29.287	1m 54s	1m 34s	188.2%	2.6 GB	15.3 GB	4.2 GB	3.3 MB
563	7a/665d77	59636557_44	NFCORE_MAG:MAG:SHORTREAD_PREPROCESSING:FASTQC_TRIMMED (toy_hmp_gastrooral_sample_17_run0)	COMPLETED	0	2026-09-13 02:58:29.287	1m 54s	1m 38s	187.6%	2.7 GB	15.2 GB	4.2 GB	3.3 MB
576	e0/b7bbed	59636557_59	NFCORE_MAG:MAG:SHORTREAD_PREPROCESSING:FASTQC_TRIMMED (toy_mousegut_sample_32_run0)	COMPLETED	0	2026-09-13 02:58:29.287	1m 54s	1m 37s	188.2%	2.7 GB	15.2 GB	4.2 GB	3.3 MB
579	73/c91295	59636557_62	NFCORE_MAG:MAG:SHORTREAD_PREPROCESSING:FASTQC_TRIMMED (toy_hmp_airskinurogenital_sample_13_run0)	COMPLETED	0	2026-09-13 02:58:29.287	1m 54s	1m 32s	188.2%	2.7 GB	15.2 GB	4.2 GB	3.3 MB
537	00/47a777	59636557_19	NFCORE_MAG:MAG:SHORTREAD_PREPROCESSING:FASTQC_TRIMMED (toy_hmp_airskinurogenital_sample_9_run0)	COMPLETED	0	2026-09-13 02:58:29.287	2m 24s	1m 39s	189.4%	2.8 GB	15.2 GB	4.2 GB	3.3 MB
535	0b/a5fb7b	59636557_18	NFCORE_MAG:MAG:SHORTREAD_PREPROCESSING:FASTQC_TRIMMED (toy_hmp_airskinurogenital_sample_0_run0)	COMPLETED	0	2026-09-13 02:58:29.287	2m 24s	1m 41s	186.8%	2.9 GB	15.3 GB	4.2 GB	3.3 MB
553	0c/84a1be	59636557_36	NFCORE_MAG:MAG:SHORTREAD_PREPROCESSING:FASTQC_TRIMMED (toy_hmp_airskinurogenital_sample_24_run0)	COMPLETED	0	2026-09-13 02:58:29.287	2m 24s	1m 39s	189.1%	2.9 GB	15.2 GB	4.2 GB	3.3 MB
554	8c/5a49e3	59636557_37	NFCORE_MAG:MAG:SHORTREAD_PREPROCESSING:FASTQC_TRIMMED (toy_hmp_airskinurogenital_sample_20_run0)	COMPLETED	0	2026-09-13 02:58:29.287	2m 24s	1m 49s	186.5%	2.8 GB	15.2 GB	4.2 GB	3.3 MB
552	c5/b2155b	59636557_35	NFCORE_MAG:MAG:SHORTREAD_PREPROCESSING:FASTQC_TRIMMED (toy_hmp_airskinurogenital_sample_19_run0)	COMPLETED	0	2026-09-13 02:58:29.287	2m 24s	1m 50s	186.6%	3.1 GB	15.2 GB	4.2 GB	3.3 MB
556	fb/b40e17	59636557_38	NFCORE_MAG:MAG:SHORTREAD_PREPROCESSING:FASTQC_TRIMMED (toy_hmp_airskinurogenital_sample_21_run0)	COMPLETED	0	2026-09-13 02:58:29.287	2m 24s	1m 41s	188.6%	3 GB	15.3 GB	4.2 GB	3.3 MB
560	0c/f6526f	59636557_42	NFCORE_MAG:MAG:SHORTREAD_PREPROCESSING:FASTQC_TRIMMED (toy_hmp_gastrooral_sample_10_run0)	COMPLETED	0	2026-09-13 02:58:29.287	2m 24s	1m 41s	189.0%	2.9 GB	15.2 GB	4.2 GB	3.3 MB
544	04/de19a9	59636557_26	NFCORE_MAG:MAG:SHORTREAD_PREPROCESSING:FASTQC_TRIMMED (toy_hmp_airskinurogenital_sample_3_run0)	COMPLETED	0	2026-09-13 02:58:29.287	2m 24s	1m 40s	188.7%	2.7 GB	15.3 GB	4.2 GB	3.3 MB
561	dd/b7d91c	59636557_41	NFCORE_MAG:MAG:SHORTREAD_PREPROCESSING:FASTQC_TRIMMED (toy_hmp_gastrooral_sample_9_run0)	COMPLETED	0	2026-09-13 02:58:29.287	2m 24s	1m 40s	188.0%	3.1 GB	15.3 GB	4.2 GB	3.3 MB
555	85/343bdb	59636557_39	NFCORE_MAG:MAG:SHORTREAD_PREPROCESSING:FASTQC_TRIMMED (toy_hmp_gastrooral_sample_2_run0)	COMPLETED	0	2026-09-13 02:58:29.287	2m 24s	1m 40s	187.9%	2.9 GB	15.2 GB	4.2 GB	3.3 MB
564	d0/52f334	59636557_45	NFCORE_MAG:MAG:SHORTREAD_PREPROCESSING:FASTQC_TRIMMED (toy_hmp_gastrooral_sample_13_run0)	COMPLETED	0	2026-09-13 02:58:29.287	2m 24s	1m 40s	181.6%	2.6 GB	15.2 GB	4.2 GB	3.3 MB
558	8c/5d27fb	59636557_40	NFCORE_MAG:MAG:SHORTREAD_PREPROCESSING:FASTQC_TRIMMED (toy_hmp_gastrooral_sample_7_run0)	COMPLETED	0	2026-09-13 02:58:29.287	2m 24s	1m 44s	184.9%	3 GB	15.3 GB	4.2 GB	3.3 MB
566	a9/af3854	59636557_48	NFCORE_MAG:MAG:SHORTREAD_PREPROCESSING:FASTQC_TRIMMED (toy_hmp_gastrooral_sample_18_run0)	COMPLETED	0	2026-09-13 02:58:29.287	2m 24s	1m 51s	188.9%	3 GB	15.2 GB	4.2 GB	3.3 MB
565	80/f2b2ab	59636557_49	NFCORE_MAG:MAG:SHORTREAD_PREPROCESSING:FASTQC_TRIMMED (toy_hmp_gastrooral_sample_5_run0)	COMPLETED	0	2026-09-13 02:58:29.287	2m 24s	2m 3s	177.3%	3.1 GB	15.3 GB	4.2 GB	3.3 MB
567	9d/981445	59636557_51	NFCORE_MAG:MAG:SHORTREAD_PREPROCESSING:FASTQC_TRIMMED (toy_mousegut_sample_17_run0)	COMPLETED	0	2026-09-13 02:58:29.287	2m 24s	1m 49s	187.4%	3 GB	15.2 GB	4.2 GB	3.3 MB
569	79/59e213	59636557_50	NFCORE_MAG:MAG:SHORTREAD_PREPROCESSING:FASTQC_TRIMMED (toy_hmp_gastrooral_sample_19_run0)	COMPLETED	0	2026-09-13 02:58:29.287	2m 24s	1m 49s	188.2%	2.7 GB	15.2 GB	4.2 GB	3.3 MB
570	23/6292fe	59636557_53	NFCORE_MAG:MAG:SHORTREAD_PREPROCESSING:FASTQC_TRIMMED (toy_mousegut_sample_22_run0)	COMPLETED	0	2026-09-13 02:58:29.287	2m 24s	1m 52s	186.2%	2.6 GB	15.2 GB	4.2 GB	3.3 MB
568	49/37bbe8	59636557_55	NFCORE_MAG:MAG:SHORTREAD_PREPROCESSING:FASTQC_TRIMMED (toy_mousegut_sample_20_run0)	COMPLETED	0	2026-09-13 02:58:29.287	2m 24s	1m 49s	186.5%	3.1 GB	15.2 GB	4.2 GB	3.3 MB
573	20/09b55f	59636557_56	NFCORE_MAG:MAG:SHORTREAD_PREPROCESSING:FASTQC_TRIMMED (toy_mousegut_sample_21_run0)	COMPLETED	0	2026-09-13 02:58:29.287	2m 24s	1m 53s	185.7%	3.3 GB	15.2 GB	4.2 GB	3.3 MB
575	a6/fbb7c5	59636557_58	NFCORE_MAG:MAG:SHORTREAD_PREPROCESSING:FASTQC_TRIMMED (toy_mousegut_sample_33_run0)	COMPLETED	0	2026-09-13 02:58:29.287	2m 24s	1m 38s	188.2%	2.9 GB	15.2 GB	4.2 GB	3.3 MB
572	8a/5fca5a	59636557_54	NFCORE_MAG:MAG:SHORTREAD_PREPROCESSING:FASTQC_TRIMMED (toy_mousegut_sample_1_run0)	COMPLETED	0	2026-09-13 02:58:29.287	2m 24s	1m 58s	185.1%	3 GB	15.3 GB	4.2 GB	3.3 MB
574	dc/73dd0a	59636557_57	NFCORE_MAG:MAG:SHORTREAD_PREPROCESSING:FASTQC_TRIMMED (toy_mousegut_sample_36_run0)	COMPLETED	0	2026-09-13 02:58:29.287	2m 24s	1m 48s	185.7%	2.9 GB	15.2 GB	4.2 GB	3.3 MB
578	62/136080	59636557_60	NFCORE_MAG:MAG:SHORTREAD_PREPROCESSING:FASTQC_TRIMMED (toy_mousegut_sample_35_run0)	COMPLETED	0	2026-09-13 02:58:29.287	2m 24s	1m 38s	188.6%	2.8 GB	15.2 GB	4.2 GB	3.3 MB
559	04/7b0602	59636557_47	NFCORE_MAG:MAG:SHORTREAD_PREPROCESSING:FASTQC_TRIMMED (toy_hmp_gastrooral_sample_3_run0)	COMPLETED	0	2026-09-13 02:58:29.287	2m 24s	1m 51s	187.7%	2.9 GB	15.3 GB	4.2 GB	3.2 MB
577	67/fd3441	59636557_61	NFCORE_MAG:MAG:SHORTREAD_PREPROCESSING:FASTQC_TRIMMED (toy_mousegut_sample_37_run0)	COMPLETED	0	2026-09-13 02:58:29.287	2m 24s	1m 39s	188.6%	3 GB	15.3 GB	4.2 GB	3.3 MB
581	b2/d54c76	59636557_63	NFCORE_MAG:MAG:SHORTREAD_PREPROCESSING:FASTQC_TRIMMED (toy_hmp_airskinurogenital_sample_23_run0)	COMPLETED	0	2026-09-13 02:58:29.287	2m 24s	1m 58s	186.8%	3.2 GB	15.3 GB	4.2 GB	3.3 MB
582	ce/23b43c	59636557_64	NFCORE_MAG:MAG:SHORTREAD_PREPROCESSING:FASTQC_TRIMMED (toy_hmp_gastrooral_sample_0_run0)	COMPLETED	0	2026-09-13 02:58:29.287	2m 24s	1m 57s	187.0%	3 GB	15.3 GB	4.2 GB	3.3 MB
583	83/5c919e	59636557_65	NFCORE_MAG:MAG:SHORTREAD_PREPROCESSING:FASTQC_TRIMMED (toy_hmp_airskinurogenital_sample_16_run0)	COMPLETED	0	2026-09-13 02:58:29.287	2m 24s	2m 5s	185.6%	3.1 GB	15.3 GB	4.2 GB	3.3 MB
580	b9/8d6cea	59636557_66	NFCORE_MAG:MAG:SHORTREAD_PREPROCESSING:FASTQC_TRIMMED (toy_hmp_airskinurogenital_sample_17_run0)	COMPLETED	0	2026-09-13 02:58:29.287	2m 24s	2m 7s	178.2%	3.1 GB	15.3 GB	4.2 GB	3.3 MB
585	fa/299054	59636557_67	NFCORE_MAG:MAG:SHORTREAD_PREPROCESSING:FASTQC_TRIMMED (toy_hmp_airskinurogenital_sample_15_run0)	COMPLETED	0	2026-09-13 02:58:29.287	2m 24s	1m 54s	186.5%	3.2 GB	15.2 GB	4.2 GB	3.3 MB
584	29/97b651	59636557_68	NFCORE_MAG:MAG:SHORTREAD_PREPROCESSING:FASTQC_TRIMMED (toy_hmp_airskinurogenital_sample_25_run0)	COMPLETED	0	2026-09-13 02:58:29.287	2m 24s	1m 57s	188.0%	3.1 GB	15.3 GB	4.2 GB	3.3 MB
588	8b/15f1cc	59636557_69	NFCORE_MAG:MAG:SHORTREAD_PREPROCESSING:FASTQC_TRIMMED (toy_hmp_gastrooral_sample_14_run0)	COMPLETED	0	2026-09-13 02:58:29.287	2m 24s	2m 2s	184.1%	3 GB	15.3 GB	4.2 GB	3.3 MB
571	bb/e91121	59636557_52	NFCORE_MAG:MAG:SHORTREAD_PREPROCESSING:FASTQC_TRIMMED (toy_mousegut_sample_30_run0)	COMPLETED	0	2026-09-13 02:58:29.287	2m 24s	1m 55s	185.5%	3 GB	15.3 GB	4.2 GB	3.3 MB
589	e8/1fe1a8	59636557_71	NFCORE_MAG:MAG:SHORTREAD_PREPROCESSING:FASTQC_TRIMMED (toy_hmp_airskinurogenital_sample_18_run0)	COMPLETED	0	2026-09-13 02:58:29.287	2m 24s	2m 3s	185.2%	2.9 GB	15.3 GB	4.2 GB	3.3 MB
587	c4/b47d24	59636557_72	NFCORE_MAG:MAG:SHORTREAD_PREPROCESSING:FASTQC_TRIMMED (toy_hmp_gastrooral_sample_1_run0)	COMPLETED	0	2026-09-13 02:58:29.287	2m 24s	1m 58s	186.7%	2.9 GB	15.2 GB	4.2 GB	3.3 MB
590	5b/8d23a6	59636557_73	NFCORE_MAG:MAG:SHORTREAD_PREPROCESSING:FASTQC_TRIMMED (toy_hmp_gastrooral_sample_15_run0)	COMPLETED	0	2026-09-13 02:58:29.287	2m 24s	1m 58s	185.9%	2.8 GB	15.2 GB	4.2 GB	3.3 MB
592	65/31778b	59636557_74	NFCORE_MAG:MAG:SHORTREAD_PREPROCESSING:FASTQC_TRIMMED (toy_hmp_gastrooral_sample_11_run0)	COMPLETED	0	2026-09-13 02:58:29.287	2m 24s	1m 46s	187.8%	2.9 GB	15.3 GB	4.2 GB	3.3 MB
593	3d/58ccd7	59636557_75	NFCORE_MAG:MAG:SHORTREAD_PREPROCESSING:FASTQC_TRIMMED (toy_mousegut_sample_9_run0)	COMPLETED	0	2026-09-13 02:58:29.287	2m 24s	1m 46s	185.5%	2.8 GB	15.2 GB	4.2 GB	3.3 MB
591	6c/ae2d10	59636557_76	NFCORE_MAG:MAG:SHORTREAD_PREPROCESSING:FASTQC_TRIMMED (toy_hmp_gastrooral_sample_16_run0)	COMPLETED	0	2026-09-13 02:58:29.287	2m 24s	2m 7s	176.9%	3.1 GB	15.3 GB	4.2 GB	3.3 MB
594	0a/dfb5ea	59636557_78	NFCORE_MAG:MAG:SHORTREAD_PREPROCESSING:FASTQC_TRIMMED (toy_mousegut_sample_10_run0)	COMPLETED	0	2026-09-13 02:58:29.287	2m 24s	1m 51s	183.7%	3 GB	15.3 GB	4.2 GB	3.3 MB
586	60/8f3f44	59636557_70	NFCORE_MAG:MAG:SHORTREAD_PREPROCESSING:FASTQC_TRIMMED (toy_hmp_gastrooral_sample_6_run0)	COMPLETED	0	2026-09-13 02:58:29.287	2m 24s	2m 2s	180.5%	2.7 GB	15.2 GB	4.2 GB	3.3 MB
600	ef/f574c3	59636557_80	NFCORE_MAG:MAG:SHORTREAD_PREPROCESSING:FASTQC_TRIMMED (toy_mousegut_sample_23_run0)	COMPLETED	0	2026-09-13 02:58:29.287	2m 24s	2m 7s	185.7%	2.9 GB	15.3 GB	4.2 GB	3.3 MB
596	dc/25a314	59636557_77	NFCORE_MAG:MAG:SHORTREAD_PREPROCESSING:FASTQC_TRIMMED (toy_hmp_airskinurogenital_sample_27_run0)	COMPLETED	0	2026-09-13 02:58:29.287	2m 24s	2m 1s	180.8%	3.3 GB	15.3 GB	4.2 GB	3.3 MB
595	1d/006b8c	59636557_79	NFCORE_MAG:MAG:SHORTREAD_PREPROCESSING:FASTQC_TRIMMED (toy_mousegut_sample_6_run0)	COMPLETED	0	2026-09-13 02:58:29.287	2m 24s	2m 6s	185.6%	2.8 GB	15.2 GB	4.2 GB	3.3 MB
597	a3/658936	59636557_82	NFCORE_MAG:MAG:SHORTREAD_PREPROCESSING:FASTQC_TRIMMED (toy_mousegut_sample_14_run0)	COMPLETED	0	2026-09-13 02:58:29.287	2m 24s	2m 8s	185.6%	3 GB	15.3 GB	4.2 GB	3.3 MB
601	b2/afc59a	59636557_83	NFCORE_MAG:MAG:SHORTREAD_PREPROCESSING:FASTQC_TRIMMED (toy_mousegut_sample_25_run0)	COMPLETED	0	2026-09-13 02:58:29.287	2m 24s	2m 8s	185.2%	2.7 GB	15.3 GB	4.2 GB	3.3 MB
598	9a/08798d	59636557_84	NFCORE_MAG:MAG:SHORTREAD_PREPROCESSING:FASTQC_TRIMMED (toy_mousegut_sample_11_run0)	COMPLETED	0	2026-09-13 02:58:29.287	2m 24s	2m	187.5%	3 GB	15.3 GB	4.2 GB	3.3 MB
603	8a/703fad	59636557_85	NFCORE_MAG:MAG:SHORTREAD_PREPROCESSING:FASTQC_TRIMMED (toy_mousegut_sample_24_run0)	COMPLETED	0	2026-09-13 02:58:29.287	2m 24s	2m 1s	186.7%	3 GB	15.3 GB	4.2 GB	3.3 MB
602	ed/7d67fc	59636557_86	NFCORE_MAG:MAG:SHORTREAD_PREPROCESSING:FASTQC_TRIMMED (toy_mousegut_sample_16_run0)	COMPLETED	0	2026-09-13 02:58:29.287	2m 24s	2m	186.9%	3 GB	15.2 GB	4.2 GB	3.3 MB
604	53/e27e45	59636557_87	NFCORE_MAG:MAG:SHORTREAD_PREPROCESSING:FASTQC_TRIMMED (toy_mousegut_sample_18_run0)	COMPLETED	0	2026-09-13 02:58:29.287	2m 24s	2m 1s	186.7%	3 GB	15.3 GB	4.2 GB	3.3 MB
606	93/232dde	59636557_88	NFCORE_MAG:MAG:SHORTREAD_PREPROCESSING:FASTQC_TRIMMED (toy_mousegut_sample_12_run0)	COMPLETED	0	2026-09-13 02:58:29.287	2m 24s	2m 1s	186.9%	3 GB	15.2 GB	4.2 GB	3.3 MB
608	d8/fe1bec	59636557_90	NFCORE_MAG:MAG:SHORTREAD_PREPROCESSING:FASTQC_TRIMMED (toy_mousegut_sample_13_run0)	COMPLETED	0	2026-09-13 02:58:29.287	2m 24s	1m 59s	186.3%	3.1 GB	15.2 GB	4.2 GB	3.3 MB
610	24/3290f4	59636557_91	NFCORE_MAG:MAG:SHORTREAD_PREPROCESSING:FASTQC_TRIMMED (toy_mousegut_sample_31_run0)	COMPLETED	0	2026-09-13 02:58:29.287	2m 24s	2m	187.2%	3.1 GB	15.2 GB	4.2 GB	3.3 MB
607	2b/b1934d	59636557_92	NFCORE_MAG:MAG:SHORTREAD_PREPROCESSING:FASTQC_TRIMMED (toy_mousegut_sample_26_run0)	COMPLETED	0	2026-09-13 02:58:29.287	2m 24s	1m 57s	187.9%	3 GB	15.3 GB	4.2 GB	3.3 MB
611	30/e25df1	59636557_94	NFCORE_MAG:MAG:SHORTREAD_PREPROCESSING:FASTQC_TRIMMED (toy_mousegut_sample_29_run0)	COMPLETED	0	2026-09-13 02:58:29.287	2m 24s	1m 58s	187.3%	3 GB	15.2 GB	4.2 GB	3.3 MB
615	2d/b87ae9	59636557_97	NFCORE_MAG:MAG:SHORTREAD_PREPROCESSING:FASTQC_TRIMMED (toy_mousegut_sample_56_run0)	COMPLETED	0	2026-09-13 02:58:29.287	2m 24s	1m 52s	188.7%	3 GB	15.2 GB	4.1 GB	3.3 MB
612	a1/3f3aab	59636557_95	NFCORE_MAG:MAG:SHORTREAD_PREPROCESSING:FASTQC_TRIMMED (toy_mousegut_sample_38_run0)	COMPLETED	0	2026-09-13 02:58:29.287	2m 24s	1m 59s	186.8%	2.9 GB	15.2 GB	4.2 GB	3.3 MB
614	dd/4279c0	59636557_98	NFCORE_MAG:MAG:SHORTREAD_PREPROCESSING:FASTQC_TRIMMED (toy_mousegut_sample_54_run0)	COMPLETED	0	2026-09-13 02:58:29.287	2m 24s	1m 52s	187.5%	3.2 GB	15.3 GB	4.2 GB	3.3 MB
616	7e/91be5c	59636557_99	NFCORE_MAG:MAG:SHORTREAD_PREPROCESSING:FASTQC_TRIMMED (toy_mousegut_sample_34_run0)	COMPLETED	0	2026-09-13 02:58:29.287	2m 24s	1m 54s	187.8%	2.9 GB	15.2 GB	4.2 GB	3.3 MB
605	92/162923	59636557_89	NFCORE_MAG:MAG:SHORTREAD_PREPROCESSING:FASTQC_TRIMMED (toy_mousegut_sample_15_run0)	COMPLETED	0	2026-09-13 02:58:29.287	2m 54s	2m 10s	185.4%	3 GB	15.2 GB	4.2 GB	3.2 MB
599	c2/d6782c	59636557_81	NFCORE_MAG:MAG:SHORTREAD_PREPROCESSING:FASTQC_TRIMMED (toy_mousegut_sample_19_run0)	COMPLETED	0	2026-09-13 02:58:29.287	2m 54s	2m 9s	183.8%	2.8 GB	15.3 GB	4.2 GB	3.3 MB
609	7e/3abe9f	59636557_93	NFCORE_MAG:MAG:SHORTREAD_PREPROCESSING:FASTQC_TRIMMED (toy_mousegut_sample_27_run0)	COMPLETED	0	2026-09-13 02:58:29.287	2m 54s	2m 9s	185.3%	3.2 GB	15.3 GB	4.2 GB	3.3 MB
613	63/97dfc7	59636557_96	NFCORE_MAG:MAG:SHORTREAD_PREPROCESSING:FASTQC_TRIMMED (toy_mousegut_sample_52_run0)	COMPLETED	0	2026-09-13 02:58:29.287	2m 54s	2m 18s	166.4%	3 GB	15.3 GB	4.2 GB	3.3 MB
617	65/8ffbc5	59636678_0	NFCORE_MAG:MAG:SHORTREAD_PREPROCESSING:FASTQC_TRIMMED (toy_mousegut_sample_53_run0)	COMPLETED	0	2026-09-13 03:00:29.222	1m 54s	1m 31s	186.2%	3 GB	15.3 GB	4.2 GB	3.3 MB
619	6a/c8c5af	59636678_2	NFCORE_MAG:MAG:SHORTREAD_PREPROCESSING:FASTQC_TRIMMED (toy_hmp_gastrooral_sample_12_run0)	COMPLETED	0	2026-09-13 03:00:29.222	1m 54s	1m 25s	190.1%	2.8 GB	15.3 GB	4.2 GB	3.3 MB
618	cb/ac6c79	59636678_1	NFCORE_MAG:MAG:SHORTREAD_PREPROCESSING:FASTQC_TRIMMED (toy_mousegut_sample_5_run0)	COMPLETED	0	2026-09-13 03:00:29.222	1m 54s	1m 29s	187.5%	2.9 GB	15.3 GB	4.1 GB	3.3 MB
620	86/ed69b5	59636678_3	NFCORE_MAG:MAG:SHORTREAD_PREPROCESSING:FASTQC_TRIMMED (toy_mousegut_sample_2_run0)	COMPLETED	0	2026-09-13 03:00:29.222	1m 54s	1m 28s	189.2%	2.7 GB	15.3 GB	4.2 GB	3.3 MB
621	ba/7479d1	59636678_4	NFCORE_MAG:MAG:SHORTREAD_PREPROCESSING:FASTQC_TRIMMED (toy_mousegut_sample_7_run0)	COMPLETED	0	2026-09-13 03:00:29.222	1m 54s	1m 34s	186.5%	2.9 GB	15.3 GB	4.2 GB	3.3 MB
622	7e/9c0c13	59636678_5	NFCORE_MAG:MAG:SHORTREAD_PREPROCESSING:FASTQC_TRIMMED (toy_mousegut_sample_0_run0)	COMPLETED	0	2026-09-13 03:00:29.222	1m 54s	1m 36s	187.5%	3.3 GB	15.2 GB	4.2 GB	3.3 MB
623	b6/992db4	59636678_6	NFCORE_MAG:MAG:SHORTREAD_PREPROCESSING:FASTQC_TRIMMED (toy_mousegut_sample_8_run0)	COMPLETED	0	2026-09-13 03:00:29.222	1m 54s	1m 36s	188.4%	2.9 GB	15.2 GB	4.2 GB	3.3 MB
624	94/81dd32	59636678_7	NFCORE_MAG:MAG:SHORTREAD_PREPROCESSING:FASTQC_TRIMMED (toy_mousegut_sample_28_run0)	COMPLETED	0	2026-09-13 03:00:29.222	1m 54s	1m 27s	187.4%	2.9 GB	15.2 GB	4.2 GB	3.3 MB
830	cb/3c47a9	59636675_4	NFCORE_MAG:MAG:ASSEMBLY:SHORTREAD_ASSEMBLY:MEGAHIT (toy_mousegut_sample_0)	COMPLETED	0	2026-09-13 03:00:05.062	34m 48s	32m 57s	687.0%	3.9 GB	4.3 GB	45.4 GB	19.2 GB
829	54/cf5931	59636675_6	NFCORE_MAG:MAG:ASSEMBLY:SHORTREAD_ASSEMBLY:MEGAHIT (toy_mousegut_sample_7)	COMPLETED	0	2026-09-13 03:00:05.062	47m 48s	45m 46s	702.3%	4.9 GB	7.4 GB	50 GB	22.3 GB
828	4e/b52e8b	59636675_5	NFCORE_MAG:MAG:ASSEMBLY:SHORTREAD_ASSEMBLY:MEGAHIT (toy_mousegut_sample_2)	COMPLETED	0	2026-09-13 03:00:05.062	50m 48s	48m 44s	675.6%	5.2 GB	7.9 GB	48.9 GB	21.6 GB
827	44/237dd7	59636675_1	NFCORE_MAG:MAG:ASSEMBLY:SHORTREAD_ASSEMBLY:MEGAHIT (toy_hmp_gastrooral_sample_12)	COMPLETED	0	2026-09-13 03:00:05.062	51m 48s	49m 50s	705.1%	4.2 GB	6.5 GB	48.7 GB	21.4 GB
831	3d/63dffa	59636675_3	NFCORE_MAG:MAG:ASSEMBLY:SHORTREAD_ASSEMBLY:MEGAHIT (toy_mousegut_sample_8)	COMPLETED	0	2026-09-13 03:00:05.062	58m 48s	57m 12s	620.2%	4.2 GB	4.7 GB	47 GB	20.3 GB
823	b2/5a613d	59636675_0	NFCORE_MAG:MAG:ASSEMBLY:SHORTREAD_ASSEMBLY:MEGAHIT (toy_mousegut_sample_56)	COMPLETED	0	2026-09-13 03:00:05.062	1h 3m 48s	1h 1m 49s	633.8%	5.4 GB	8.2 GB	47.9 GB	21 GB
832	5f/c78cde	59636675_7	NFCORE_MAG:MAG:ASSEMBLY:SHORTREAD_ASSEMBLY:MEGAHIT (toy_mousegut_sample_28)	COMPLETED	0	2026-09-13 03:00:05.062	1h 21m 48s	1h 20m	650.0%	5.1 GB	7.8 GB	55.6 GB	25.9 GB
813	36/6e35d1	59636675_2	NFCORE_MAG:MAG:ASSEMBLY:SHORTREAD_ASSEMBLY:MEGAHIT (toy_mousegut_sample_15)	COMPLETED	0	2026-09-13 03:00:05.062	1h 38m 18s	1h 36m 30s	668.5%	5.4 GB	8.1 GB	60.3 GB	29 GB
742	25/b310f7	59648483_16	NFCORE_MAG:MAG:ASSEMBLY:SHORTREAD_ASSEMBLY:MEGAHIT (strain_sample_99)	COMPLETED	0	2026-09-13 04:38:29.090	25m 54s	21m 8s	752.9%	1.9 GB	3.1 GB	19.4 GB	8.5 GB
736	68/5d0402	59648483_8	NFCORE_MAG:MAG:ASSEMBLY:SHORTREAD_ASSEMBLY:MEGAHIT (strain_sample_94)	COMPLETED	0	2026-09-13 04:38:29.090	28m 54s	27m 20s	752.0%	1.9 GB	3.1 GB	20.6 GB	9.3 GB
735	3f/b184b2	59648483_7	NFCORE_MAG:MAG:ASSEMBLY:SHORTREAD_ASSEMBLY:MEGAHIT (strain_sample_92)	COMPLETED	0	2026-09-13 04:38:29.090	31m 54s	30m 26s	763.2%	2 GB	3.1 GB	20.8 GB	9.4 GB
739	11/5e0e01	59648483_11	NFCORE_MAG:MAG:ASSEMBLY:SHORTREAD_ASSEMBLY:MEGAHIT (strain_sample_95)	COMPLETED	0	2026-09-13 04:38:29.090	34m 24s	33m 17s	747.6%	2 GB	3.2 GB	20.9 GB	9.5 GB
740	58/f32ee7	59648483_12	NFCORE_MAG:MAG:ASSEMBLY:SHORTREAD_ASSEMBLY:MEGAHIT (strain_sample_96)	COMPLETED	0	2026-09-13 04:38:29.090	34m 54s	33m 23s	750.9%	2 GB	3.1 GB	20.4 GB	9.1 GB
734	47/55d38d	59648483_6	NFCORE_MAG:MAG:ASSEMBLY:SHORTREAD_ASSEMBLY:MEGAHIT (strain_sample_89)	COMPLETED	0	2026-09-13 04:38:29.090	35m 54s	34m 27s	634.7%	1.9 GB	3 GB	20 GB	8.9 GB
733	b4/d7afc2	59648483_5	NFCORE_MAG:MAG:ASSEMBLY:SHORTREAD_ASSEMBLY:MEGAHIT (strain_sample_91)	COMPLETED	0	2026-09-13 04:38:29.090	36m 24s	35m 8s	695.6%	1.9 GB	3.1 GB	20.6 GB	9.3 GB
737	4a/e4f695	59648483_9	NFCORE_MAG:MAG:ASSEMBLY:SHORTREAD_ASSEMBLY:MEGAHIT (strain_sample_93)	COMPLETED	0	2026-09-13 04:38:29.090	36m 24s	35m 8s	658.7%	2 GB	3.1 GB	20.8 GB	9.4 GB
741	6b/3019d2	59648483_13	NFCORE_MAG:MAG:ASSEMBLY:SHORTREAD_ASSEMBLY:MEGAHIT (strain_sample_97)	COMPLETED	0	2026-09-13 04:38:29.090	39m 54s	38m 37s	642.3%	1.8 GB	3 GB	19.9 GB	8.8 GB
755	ee/4f0969	59648483_29	NFCORE_MAG:MAG:ASSEMBLY:SHORTREAD_ASSEMBLY:MEGAHIT (toy_hmp_airskinurogenital_sample_12)	COMPLETED	0	2026-09-13 04:38:29.090	41m 24s	33m 18s	740.9%	3.9 GB	4.4 GB	46.3 GB	19.7 GB
738	28/4493c8	59648483_10	NFCORE_MAG:MAG:ASSEMBLY:SHORTREAD_ASSEMBLY:MEGAHIT (strain_sample_98)	COMPLETED	0	2026-09-13 04:38:29.090	41m 54s	40m 37s	718.8%	2 GB	3.3 GB	21.7 GB	10.1 GB
754	2d/d4d17d	59648483_33	NFCORE_MAG:MAG:ASSEMBLY:SHORTREAD_ASSEMBLY:MEGAHIT (toy_hmp_airskinurogenital_sample_6)	COMPLETED	0	2026-09-13 04:38:29.090	43m 54s	35m 41s	724.4%	5.2 GB	7.4 GB	44.4 GB	18.6 GB
752	01/17dd6d	59648483_25	NFCORE_MAG:MAG:ASSEMBLY:SHORTREAD_ASSEMBLY:MEGAHIT (toy_hmp_airskinurogenital_sample_3)	COMPLETED	0	2026-09-13 04:38:29.090	51m 24s	46m 43s	738.4%	3.9 GB	4.2 GB	47.8 GB	20.7 GB
750	dd/53e57b	59648483_22	NFCORE_MAG:MAG:ASSEMBLY:SHORTREAD_ASSEMBLY:MEGAHIT (toy_hmp_airskinurogenital_sample_2)	COMPLETED	0	2026-09-13 04:38:29.090	52m 54s	48m 1s	684.4%	4.8 GB	7.4 GB	47.1 GB	20.3 GB
780	4a/3fedb3	59648483_52	NFCORE_MAG:MAG:ASSEMBLY:SHORTREAD_ASSEMBLY:MEGAHIT (toy_mousegut_sample_1)	COMPLETED	0	2026-09-13 04:38:29.090	53m 24s	38m 16s	709.8%	4.8 GB	7.3 GB	49.2 GB	21.7 GB
759	a1/b2d72b	59648483_32	NFCORE_MAG:MAG:ASSEMBLY:SHORTREAD_ASSEMBLY:MEGAHIT (toy_hmp_airskinurogenital_sample_22)	COMPLETED	0	2026-09-13 04:38:29.090	55m 54s	47m 43s	667.0%	4.4 GB	6.8 GB	44.7 GB	18.7 GB
766	39/dd3cb4	59648483_38	NFCORE_MAG:MAG:ASSEMBLY:SHORTREAD_ASSEMBLY:MEGAHIT (toy_hmp_gastrooral_sample_7)	COMPLETED	0	2026-09-13 04:38:29.090	56m 24s	44m 48s	745.3%	5.2 GB	7.8 GB	49.4 GB	21.8 GB
731	24/2f9bfd	59648483_14	NFCORE_MAG:MAG:ASSEMBLY:SHORTREAD_ASSEMBLY:MEGAHIT (toy_mousegut_sample_63)	COMPLETED	0	2026-09-13 04:38:29.090	58m 24s	57m 9s	716.4%	5 GB	7.6 GB	51.9 GB	23.6 GB
744	82/4ee6a5	59648483_26	NFCORE_MAG:MAG:ASSEMBLY:SHORTREAD_ASSEMBLY:MEGAHIT (toy_hmp_airskinurogenital_sample_5)	COMPLETED	0	2026-09-13 04:38:29.090	58m 24s	53m 30s	675.2%	3.9 GB	4.2 GB	47 GB	20.3 GB
761	6d/9e9683	59648483_40	NFCORE_MAG:MAG:ASSEMBLY:SHORTREAD_ASSEMBLY:MEGAHIT (toy_hmp_airskinurogenital_sample_24)	COMPLETED	0	2026-09-13 04:38:29.090	59m 54s	48m 32s	738.4%	5.2 GB	7.6 GB	47.6 GB	20.6 GB
746	e4/def208	59648483_18	NFCORE_MAG:MAG:ASSEMBLY:SHORTREAD_ASSEMBLY:MEGAHIT (toy_hmp_gastrooral_sample_4)	COMPLETED	0	2026-09-13 04:38:29.090	1h 24s	55m 51s	694.9%	4.6 GB	7.1 GB	50.6 GB	22.7 GB
745	53/7b14e1	59648483_17	NFCORE_MAG:MAG:ASSEMBLY:SHORTREAD_ASSEMBLY:MEGAHIT (toy_hmp_airskinurogenital_sample_9)	COMPLETED	0	2026-09-13 04:38:29.090	1h 1m 24s	56m 46s	749.4%	5.3 GB	8.1 GB	50.8 GB	22.7 GB
791	d5/06eab7	59648483_68	NFCORE_MAG:MAG:ASSEMBLY:SHORTREAD_ASSEMBLY:MEGAHIT (toy_hmp_airskinurogenital_sample_16)	COMPLETED	0	2026-09-13 04:38:29.090	1h 4m 24s	42m 38s	745.7%	3.9 GB	3.9 GB	42.3 GB	17 GB
767	8d/1a47a7	59648483_39	NFCORE_MAG:MAG:ASSEMBLY:SHORTREAD_ASSEMBLY:MEGAHIT (toy_hmp_gastrooral_sample_3)	COMPLETED	0	2026-09-13 04:38:29.090	1h 4m 54s	53m 18s	695.7%	4.6 GB	7.1 GB	50.6 GB	22.6 GB
797	2a/390179	59648483_70	NFCORE_MAG:MAG:ASSEMBLY:SHORTREAD_ASSEMBLY:MEGAHIT (toy_hmp_airskinurogenital_sample_18)	COMPLETED	0	2026-09-13 04:38:29.090	1h 4m 54s	43m 8s	707.4%	4.1 GB	4.7 GB	47.5 GB	20.7 GB
757	fc/1e2ff5	59648483_30	NFCORE_MAG:MAG:ASSEMBLY:SHORTREAD_ASSEMBLY:MEGAHIT (toy_hmp_airskinurogenital_sample_7)	COMPLETED	0	2026-09-13 04:38:29.090	1h 5m 24s	57m 9s	694.7%	5.4 GB	8.3 GB	51.2 GB	23 GB
765	98/8ddc10	59648483_45	NFCORE_MAG:MAG:ASSEMBLY:SHORTREAD_ASSEMBLY:MEGAHIT (toy_hmp_airskinurogenital_sample_28)	COMPLETED	0	2026-09-13 04:38:29.090	1h 5m 24s	53m 58s	678.5%	3.9 GB	3.9 GB	43.4 GB	17.8 GB
753	7c/98721a	59648483_28	NFCORE_MAG:MAG:ASSEMBLY:SHORTREAD_ASSEMBLY:MEGAHIT (toy_hmp_airskinurogenital_sample_8)	COMPLETED	0	2026-09-13 04:38:29.090	1h 6m 24s	58m 19s	681.7%	4.9 GB	7.5 GB	48.9 GB	21.4 GB
763	28/3c25c1	59648483_36	NFCORE_MAG:MAG:ASSEMBLY:SHORTREAD_ASSEMBLY:MEGAHIT (toy_hmp_gastrooral_sample_2)	COMPLETED	0	2026-09-13 04:38:29.090	1h 6m 24s	58m 23s	710.1%	4.6 GB	7 GB	48.8 GB	21.3 GB
819	f7/0c5550	59648483_93	NFCORE_MAG:MAG:ASSEMBLY:SHORTREAD_ASSEMBLY:MEGAHIT (toy_mousegut_sample_29)	COMPLETED	0	2026-09-13 04:38:29.090	1h 6m 54s	38m 1s	728.8%	4.9 GB	7.4 GB	50.3 GB	22.5 GB
784	c0/dc2620	59648483_60	NFCORE_MAG:MAG:ASSEMBLY:SHORTREAD_ASSEMBLY:MEGAHIT (toy_mousegut_sample_32)	COMPLETED	0	2026-09-13 04:38:29.090	1h 6m 54s	48m 17s	663.3%	5.3 GB	8 GB	49.9 GB	22.3 GB
756	75/8ced73	59648483_34	NFCORE_MAG:MAG:ASSEMBLY:SHORTREAD_ASSEMBLY:MEGAHIT (toy_hmp_airskinurogenital_sample_10)	COMPLETED	0	2026-09-13 04:38:29.090	1h 7m 54s	59m 47s	753.0%	4.8 GB	7.3 GB	50.5 GB	22.5 GB
751	cb/b8d747	59648483_23	NFCORE_MAG:MAG:ASSEMBLY:SHORTREAD_ASSEMBLY:MEGAHIT (toy_hmp_airskinurogenital_sample_11)	COMPLETED	0	2026-09-13 04:38:29.090	1h 8m 54s	1h 4m 17s	724.3%	5.2 GB	8 GB	51.9 GB	23.5 GB
748	81/b56a9b	59648483_20	NFCORE_MAG:MAG:ASSEMBLY:SHORTREAD_ASSEMBLY:MEGAHIT (toy_hmp_airskinurogenital_sample_4)	COMPLETED	0	2026-09-13 04:38:29.090	1h 9m 24s	1h 4m 23s	684.8%	5.9 GB	8.9 GB	56.8 GB	26.7 GB
810	49/fcc34a	59648483_82	NFCORE_MAG:MAG:ASSEMBLY:SHORTREAD_ASSEMBLY:MEGAHIT (toy_mousegut_sample_16)	COMPLETED	0	2026-09-13 04:38:29.090	1h 9m 24s	40m 28s	626.0%	3.9 GB	4.1 GB	43.9 GB	18.2 GB
768	b7/3cd56a	59648483_41	NFCORE_MAG:MAG:ASSEMBLY:SHORTREAD_ASSEMBLY:MEGAHIT (toy_hmp_gastrooral_sample_10)	COMPLETED	0	2026-09-13 04:38:29.090	1h 9m 24s	57m 55s	725.5%	4.5 GB	6.9 GB	51.9 GB	23.5 GB
732	00/8158b5	59648483_21	NFCORE_MAG:MAG:ASSEMBLY:SHORTREAD_ASSEMBLY:MEGAHIT (toy_mousegut_sample_59)	COMPLETED	0	2026-09-13 04:38:29.090	1h 11m 24s	1h 6m 52s	693.4%	5.5 GB	8.3 GB	59.2 GB	28.3 GB
773	96/553ecf	59648483_55	NFCORE_MAG:MAG:ASSEMBLY:SHORTREAD_ASSEMBLY:MEGAHIT (toy_hmp_gastrooral_sample_5)	COMPLETED	0	2026-09-13 04:38:29.090	1h 11m 54s	53m 15s	726.5%	4.4 GB	6.7 GB	47.2 GB	20.3 GB
749	38/95ac30	59648483_27	NFCORE_MAG:MAG:ASSEMBLY:SHORTREAD_ASSEMBLY:MEGAHIT (toy_hmp_airskinurogenital_sample_1)	COMPLETED	0	2026-09-13 04:38:29.090	1h 11m 54s	1h 7m 21s	687.8%	4.3 GB	4.8 GB	51.1 GB	23 GB
818	23/2eb02b	59648483_92	NFCORE_MAG:MAG:ASSEMBLY:SHORTREAD_ASSEMBLY:MEGAHIT (toy_mousegut_sample_31)	COMPLETED	0	2026-09-13 04:38:29.090	1h 11m 54s	43m 16s	741.4%	5 GB	7.5 GB	54.4 GB	25.1 GB
758	26/06f910	59648483_31	NFCORE_MAG:MAG:ASSEMBLY:SHORTREAD_ASSEMBLY:MEGAHIT (toy_hmp_airskinurogenital_sample_14)	COMPLETED	0	2026-09-13 04:38:29.090	1h 12m 24s	1h 4m 17s	628.8%	3.9 GB	4.1 GB	46.7 GB	20 GB
728	58/dfdcfa	59648483_4	NFCORE_MAG:MAG:ASSEMBLY:SHORTREAD_ASSEMBLY:MEGAHIT (toy_mousegut_sample_58)	COMPLETED	0	2026-09-13 04:38:29.090	1h 12m 54s	1h 11m 20s	694.5%	5.2 GB	7.8 GB	57.8 GB	27.3 GB
729	3e/65cb35	59648483_15	NFCORE_MAG:MAG:ASSEMBLY:SHORTREAD_ASSEMBLY:MEGAHIT (toy_mousegut_sample_57)	COMPLETED	0	2026-09-13 04:38:29.090	1h 12m 54s	1h 8m 17s	624.3%	5.2 GB	7.9 GB	56.9 GB	26.7 GB
730	be/be9204	59648483_3	NFCORE_MAG:MAG:ASSEMBLY:SHORTREAD_ASSEMBLY:MEGAHIT (toy_mousegut_sample_61)	COMPLETED	0	2026-09-13 04:38:29.090	1h 13m 24s	1h 11m 49s	736.3%	5.6 GB	8.4 GB	64 GB	31.4 GB
820	e9/446150	59648483_94	NFCORE_MAG:MAG:ASSEMBLY:SHORTREAD_ASSEMBLY:MEGAHIT (toy_mousegut_sample_38)	COMPLETED	0	2026-09-13 04:38:29.090	1h 13m 24s	44m 48s	737.3%	5 GB	7.6 GB	51.5 GB	23.3 GB
786	01/1a8cfb	59648483_62	NFCORE_MAG:MAG:ASSEMBLY:SHORTREAD_ASSEMBLY:MEGAHIT (toy_mousegut_sample_35)	COMPLETED	0	2026-09-13 04:38:29.090	1h 14m 54s	56m 14s	698.3%	5.2 GB	7.8 GB	52.7 GB	24.1 GB
817	37/48a256	59648483_91	NFCORE_MAG:MAG:ASSEMBLY:SHORTREAD_ASSEMBLY:MEGAHIT (toy_mousegut_sample_27)	COMPLETED	0	2026-09-13 04:38:29.090	1h 15m 24s	46m 26s	720.8%	4.6 GB	7 GB	55.5 GB	25.8 GB
771	bb/bfb80e	59648483_44	NFCORE_MAG:MAG:ASSEMBLY:SHORTREAD_ASSEMBLY:MEGAHIT (toy_hmp_gastrooral_sample_17)	COMPLETED	0	2026-09-13 04:38:29.090	1h 15m 54s	1h 4m 8s	759.5%	4.9 GB	7.5 GB	51.9 GB	23.5 GB
764	5a/621bcf	59648483_37	NFCORE_MAG:MAG:ASSEMBLY:SHORTREAD_ASSEMBLY:MEGAHIT (toy_hmp_airskinurogenital_sample_21)	COMPLETED	0	2026-09-13 04:38:29.090	1h 16m 24s	1h 8m 10s	674.0%	4.9 GB	7.5 GB	51.1 GB	22.8 GB
747	50/00a7b1	59648483_19	NFCORE_MAG:MAG:ASSEMBLY:SHORTREAD_ASSEMBLY:MEGAHIT (toy_hmp_gastrooral_sample_8)	COMPLETED	0	2026-09-13 04:38:29.090	1h 16m 54s	1h 12m 17s	715.4%	5.2 GB	8 GB	50.7 GB	22.7 GB
725	eb/f442f9	59648483_2	NFCORE_MAG:MAG:ASSEMBLY:SHORTREAD_ASSEMBLY:MEGAHIT (toy_mousegut_sample_62)	COMPLETED	0	2026-09-13 04:38:29.090	1h 18m 54s	1h 17m 30s	662.9%	5.2 GB	7.9 GB	54.2 GB	25 GB
801	89/44c1e9	59648483_77	NFCORE_MAG:MAG:ASSEMBLY:SHORTREAD_ASSEMBLY:MEGAHIT (toy_mousegut_sample_9)	COMPLETED	0	2026-09-13 04:38:29.090	1h 19m 24s	54m 14s	695.2%	5.1 GB	7.8 GB	50 GB	22.3 GB
812	8b/0436b8	59648483_86	NFCORE_MAG:MAG:ASSEMBLY:SHORTREAD_ASSEMBLY:MEGAHIT (toy_mousegut_sample_18)	COMPLETED	0	2026-09-13 04:38:29.090	1h 19m 54s	51m 22s	631.9%	3.9 GB	4.3 GB	46.1 GB	19.7 GB
793	6f/3d0c78	59648483_66	NFCORE_MAG:MAG:ASSEMBLY:SHORTREAD_ASSEMBLY:MEGAHIT (toy_hmp_airskinurogenital_sample_15)	COMPLETED	0	2026-09-13 04:38:29.090	1h 20m 24s	58m 25s	676.0%	3.9 GB	3.9 GB	44.8 GB	18.7 GB
776	c8/1af6ca	59648483_51	NFCORE_MAG:MAG:ASSEMBLY:SHORTREAD_ASSEMBLY:MEGAHIT (toy_mousegut_sample_20)	COMPLETED	0	2026-09-13 04:38:29.090	1h 20m 24s	1h 5m 31s	658.0%	5.1 GB	7.7 GB	53.7 GB	24.7 GB
782	28/1f5f11	59648483_57	NFCORE_MAG:MAG:ASSEMBLY:SHORTREAD_ASSEMBLY:MEGAHIT (toy_mousegut_sample_36)	COMPLETED	0	2026-09-13 04:38:29.090	1h 20m 54s	1h 2m 23s	746.3%	5.4 GB	8.1 GB	63.1 GB	30.9 GB
822	e2/e14fe5	59648483_96	NFCORE_MAG:MAG:ASSEMBLY:SHORTREAD_ASSEMBLY:MEGAHIT (toy_mousegut_sample_54)	COMPLETED	0	2026-09-13 04:38:29.090	1h 20m 54s	48m 51s	673.4%	5.5 GB	8.4 GB	53.1 GB	24.3 GB
806	63/b94f0a	59648483_81	NFCORE_MAG:MAG:ASSEMBLY:SHORTREAD_ASSEMBLY:MEGAHIT (toy_mousegut_sample_11)	COMPLETED	0	2026-09-13 04:38:29.090	1h 20m 54s	52m 22s	731.9%	4.7 GB	7.1 GB	56.9 GB	26.8 GB
821	f0/f3e1a9	59648483_95	NFCORE_MAG:MAG:ASSEMBLY:SHORTREAD_ASSEMBLY:MEGAHIT (toy_mousegut_sample_52)	COMPLETED	0	2026-09-13 04:38:29.090	1h 20m 54s	52m 14s	682.3%	5.2 GB	7.8 GB	49.4 GB	21.9 GB
788	34/8992e2	59648483_63	NFCORE_MAG:MAG:ASSEMBLY:SHORTREAD_ASSEMBLY:MEGAHIT (toy_hmp_airskinurogenital_sample_17)	COMPLETED	0	2026-09-13 04:38:29.090	1h 21m 24s	1h 2m 52s	707.9%	3.9 GB	4.6 GB	51.8 GB	23.4 GB
800	cb/ce714f	59648483_74	NFCORE_MAG:MAG:ASSEMBLY:SHORTREAD_ASSEMBLY:MEGAHIT (toy_hmp_gastrooral_sample_11)	COMPLETED	0	2026-09-13 04:38:29.090	1h 21m 24s	56m 10s	705.6%	4.8 GB	7.3 GB	53.8 GB	24.7 GB
795	50/6cb5e4	59648483_69	NFCORE_MAG:MAG:ASSEMBLY:SHORTREAD_ASSEMBLY:MEGAHIT (toy_hmp_gastrooral_sample_1)	COMPLETED	0	2026-09-13 04:38:29.090	1h 21m 24s	59m 43s	716.5%	4.9 GB	7.5 GB	53.3 GB	24.3 GB
762	f7/750787	59648483_35	NFCORE_MAG:MAG:ASSEMBLY:SHORTREAD_ASSEMBLY:MEGAHIT (toy_hmp_airskinurogenital_sample_20)	COMPLETED	0	2026-09-13 04:38:29.090	1h 21m 24s	1h 13m 27s	651.3%	5.4 GB	8.2 GB	55.4 GB	25.8 GB
794	03/98eae3	59648483_67	NFCORE_MAG:MAG:ASSEMBLY:SHORTREAD_ASSEMBLY:MEGAHIT (toy_hmp_gastrooral_sample_6)	COMPLETED	0	2026-09-13 04:38:29.090	1h 21m 54s	1h 7s	693.4%	4.1 GB	4.7 GB	50.2 GB	22.4 GB
814	97/c68525	59648483_88	NFCORE_MAG:MAG:ASSEMBLY:SHORTREAD_ASSEMBLY:MEGAHIT (toy_mousegut_sample_12)	COMPLETED	0	2026-09-13 04:38:29.090	1h 21m 54s	53m 17s	744.2%	5.5 GB	8.3 GB	57.8 GB	27.4 GB
809	21/b64f47	59648483_85	NFCORE_MAG:MAG:ASSEMBLY:SHORTREAD_ASSEMBLY:MEGAHIT (toy_mousegut_sample_25)	COMPLETED	0	2026-09-13 04:38:29.090	1h 22m 24s	53m 49s	731.0%	5 GB	7.6 GB	58.3 GB	27.7 GB
743	34/8722b2	59648483_24	NFCORE_MAG:MAG:ASSEMBLY:SHORTREAD_ASSEMBLY:MEGAHIT (toy_hmp_airskinurogenital_sample_0)	COMPLETED	0	2026-09-13 04:38:29.090	1h 23m 25s	1h 18m 53s	622.9%	4.9 GB	7.4 GB	49.8 GB	21.9 GB
774	06/b5ca4e	59648483_47	NFCORE_MAG:MAG:ASSEMBLY:SHORTREAD_ASSEMBLY:MEGAHIT (toy_hmp_gastrooral_sample_18)	COMPLETED	0	2026-09-13 04:38:29.090	1h 23m 25s	1h 11m 55s	713.1%	4.9 GB	7.5 GB	55.3 GB	25.8 GB
789	6b/ab80b5	59648483_64	NFCORE_MAG:MAG:ASSEMBLY:SHORTREAD_ASSEMBLY:MEGAHIT (toy_hmp_airskinurogenital_sample_23)	COMPLETED	0	2026-09-13 04:38:29.090	1h 23m 25s	1h 1m 44s	706.1%	4.9 GB	7.5 GB	47.6 GB	20.6 GB
825	bb/161c7f	59648483_98	NFCORE_MAG:MAG:ASSEMBLY:SHORTREAD_ASSEMBLY:MEGAHIT (toy_mousegut_sample_53)	COMPLETED	0	2026-09-13 04:38:29.090	1h 23m 25s	51m 21s	692.4%	5.6 GB	8.5 GB	53.5 GB	24.6 GB
826	ac/333824	59648483_99	NFCORE_MAG:MAG:ASSEMBLY:SHORTREAD_ASSEMBLY:MEGAHIT (toy_mousegut_sample_5)	COMPLETED	0	2026-09-13 04:38:29.090	1h 24m 54s	52m 55s	734.3%	5.7 GB	8.7 GB	55.4 GB	25.9 GB
802	ce/adc9fa	59648483_76	NFCORE_MAG:MAG:ASSEMBLY:SHORTREAD_ASSEMBLY:MEGAHIT (toy_mousegut_sample_10)	COMPLETED	0	2026-09-13 04:38:29.090	1h 24m 54s	59m 41s	711.2%	5.2 GB	7.9 GB	51.9 GB	23.5 GB
726	4f/0d958c	59648483_0	NFCORE_MAG:MAG:ASSEMBLY:SHORTREAD_ASSEMBLY:MEGAHIT (toy_mousegut_sample_60)	COMPLETED	0	2026-09-13 04:38:29.090	1h 25m 54s	1h 24m 27s	702.1%	5.5 GB	8.3 GB	59.4 GB	28.3 GB
792	95/a43950	59648483_65	NFCORE_MAG:MAG:ASSEMBLY:SHORTREAD_ASSEMBLY:MEGAHIT (toy_hmp_airskinurogenital_sample_25)	COMPLETED	0	2026-09-13 04:38:29.090	1h 25m 54s	1h 4m 10s	689.2%	4.8 GB	7.3 GB	52.2 GB	23.6 GB
805	23/13b28c	59648483_80	NFCORE_MAG:MAG:ASSEMBLY:SHORTREAD_ASSEMBLY:MEGAHIT (toy_mousegut_sample_14)	COMPLETED	0	2026-09-13 04:38:29.090	1h 26m 54s	57m 55s	743.4%	5.4 GB	8.2 GB	59.5 GB	28.5 GB
781	40/418597	59648483_54	NFCORE_MAG:MAG:ASSEMBLY:SHORTREAD_ASSEMBLY:MEGAHIT (toy_mousegut_sample_21)	COMPLETED	0	2026-09-13 04:38:29.090	1h 26m 54s	1h 12m 7s	588.6%	5.1 GB	7.8 GB	50.3 GB	22.4 GB
807	5e/85dc91	59648483_84	NFCORE_MAG:MAG:ASSEMBLY:SHORTREAD_ASSEMBLY:MEGAHIT (toy_mousegut_sample_19)	COMPLETED	0	2026-09-13 04:38:29.090	1h 28m 24s	59m 23s	699.9%	4.7 GB	7.2 GB	55.8 GB	26 GB
770	1f/e0887d	59648483_43	NFCORE_MAG:MAG:ASSEMBLY:SHORTREAD_ASSEMBLY:MEGAHIT (toy_hmp_airskinurogenital_sample_26)	COMPLETED	0	2026-09-13 04:38:29.090	1h 28m 54s	1h 17m 12s	582.4%	4.8 GB	7.3 GB	49.7 GB	22 GB
772	c5/c0486f	59648483_46	NFCORE_MAG:MAG:ASSEMBLY:SHORTREAD_ASSEMBLY:MEGAHIT (toy_hmp_gastrooral_sample_13)	COMPLETED	0	2026-09-13 04:38:29.090	1h 28m 54s	1h 17m 24s	723.4%	5.2 GB	7.9 GB	52.4 GB	23.9 GB
777	1e/128ea2	59648483_50	NFCORE_MAG:MAG:ASSEMBLY:SHORTREAD_ASSEMBLY:MEGAHIT (toy_hmp_gastrooral_sample_19)	COMPLETED	0	2026-09-13 04:38:29.090	1h 29m 54s	1h 14m 55s	703.2%	5.1 GB	7.7 GB	53.7 GB	24.6 GB
808	17/a7a466	59648483_83	NFCORE_MAG:MAG:ASSEMBLY:SHORTREAD_ASSEMBLY:MEGAHIT (toy_mousegut_sample_23)	COMPLETED	0	2026-09-13 04:38:29.090	1h 30m 54s	1h 2m 2s	597.0%	4.8 GB	7.4 GB	49.3 GB	21.8 GB
785	89/ea934e	59648483_59	NFCORE_MAG:MAG:ASSEMBLY:SHORTREAD_ASSEMBLY:MEGAHIT (toy_mousegut_sample_37)	COMPLETED	0	2026-09-13 04:38:29.090	1h 31m 54s	1h 13m 24s	730.5%	5.2 GB	7.8 GB	62.3 GB	30.3 GB
816	db/efc805	59648483_90	NFCORE_MAG:MAG:ASSEMBLY:SHORTREAD_ASSEMBLY:MEGAHIT (toy_mousegut_sample_13)	COMPLETED	0	2026-09-13 04:38:29.090	1h 33m 54s	1h 5m 9s	598.0%	4.8 GB	7.3 GB	48.4 GB	21.2 GB
775	b7/aeb1e2	59648483_49	NFCORE_MAG:MAG:ASSEMBLY:SHORTREAD_ASSEMBLY:MEGAHIT (toy_mousegut_sample_17)	COMPLETED	0	2026-09-13 04:38:29.090	1h 35m 24s	1h 20m 14s	644.1%	5 GB	7.6 GB	56.2 GB	26.3 GB
798	35/ef6e12	59648483_71	NFCORE_MAG:MAG:ASSEMBLY:SHORTREAD_ASSEMBLY:MEGAHIT (toy_hmp_gastrooral_sample_15)	COMPLETED	0	2026-09-13 04:38:29.090	1h 37m 24s	1h 15m 20s	727.3%	4.1 GB	4.6 GB	52.8 GB	24 GB
803	6e/b1fb10	59648483_78	NFCORE_MAG:MAG:ASSEMBLY:SHORTREAD_ASSEMBLY:MEGAHIT (toy_mousegut_sample_6)	COMPLETED	0	2026-09-13 04:38:29.090	1h 37m 54s	1h 12m 44s	687.9%	5.7 GB	8.6 GB	56.6 GB	26.6 GB
769	29/900123	59648483_48	NFCORE_MAG:MAG:ASSEMBLY:SHORTREAD_ASSEMBLY:MEGAHIT (toy_hmp_gastrooral_sample_9)	COMPLETED	0	2026-09-13 04:38:29.090	1h 39m 55s	1h 28m 7s	659.2%	4.5 GB	6.9 GB	51.3 GB	23 GB
787	26/77be83	59648483_61	NFCORE_MAG:MAG:ASSEMBLY:SHORTREAD_ASSEMBLY:MEGAHIT (toy_hmp_airskinurogenital_sample_13)	COMPLETED	0	2026-09-13 04:38:29.090	1h 40m 24s	1h 22m 10s	668.7%	3.9 GB	4.4 GB	45.5 GB	19.2 GB
790	ac/10f85a	59648483_75	NFCORE_MAG:MAG:ASSEMBLY:SHORTREAD_ASSEMBLY:MEGAHIT (toy_hmp_gastrooral_sample_0)	COMPLETED	0	2026-09-13 04:38:29.090	1h 41m 24s	1h 15m 58s	664.2%	4.7 GB	7.1 GB	49.9 GB	22 GB
796	79/f79243	59648483_72	NFCORE_MAG:MAG:ASSEMBLY:SHORTREAD_ASSEMBLY:MEGAHIT (toy_hmp_gastrooral_sample_14)	COMPLETED	0	2026-09-13 04:38:29.090	1h 43m 24s	1h 18m 6s	678.0%	5.2 GB	7.8 GB	50.8 GB	22.8 GB
799	2a/2bd418	59648483_73	NFCORE_MAG:MAG:ASSEMBLY:SHORTREAD_ASSEMBLY:MEGAHIT (toy_hmp_gastrooral_sample_16)	COMPLETED	0	2026-09-13 04:38:29.090	1h 43m 54s	1h 18m 39s	734.5%	5 GB	7.6 GB	55.3 GB	25.6 GB
815	1c/6ff687	59648483_89	NFCORE_MAG:MAG:ASSEMBLY:SHORTREAD_ASSEMBLY:MEGAHIT (toy_mousegut_sample_26)	COMPLETED	0	2026-09-13 04:38:29.090	1h 45m 54s	1h 17m 17s	614.6%	5.1 GB	7.7 GB	52.3 GB	23.7 GB
760	5b/e80f3a	59648483_42	NFCORE_MAG:MAG:ASSEMBLY:SHORTREAD_ASSEMBLY:MEGAHIT (toy_hmp_airskinurogenital_sample_19)	COMPLETED	0	2026-09-13 04:38:29.090	1h 49m 24s	1h 37m 44s	713.7%	5.5 GB	8.4 GB	63.4 GB	31 GB
779	aa/3e429c	59648483_53	NFCORE_MAG:MAG:ASSEMBLY:SHORTREAD_ASSEMBLY:MEGAHIT (toy_mousegut_sample_30)	COMPLETED	0	2026-09-13 04:38:29.090	1h 51m 24s	1h 36m 25s	628.3%	4.6 GB	7.1 GB	55 GB	25.5 GB
783	ee/b4640a	59648483_58	NFCORE_MAG:MAG:ASSEMBLY:SHORTREAD_ASSEMBLY:MEGAHIT (toy_mousegut_sample_33)	COMPLETED	0	2026-09-13 04:38:29.090	1h 52m 24s	1h 34m 5s	707.0%	5.3 GB	8.1 GB	62.8 GB	30.6 GB
719	46/978f4f	59648483_1	NFCORE_MAG:MAG:ASSEMBLY:SHORTREAD_ASSEMBLY:MEGAHIT (marine_sample_9)	COMPLETED	0	2026-09-13 04:38:29.090	1h 54m 24s	1h 53m 12s	671.6%	6.2 GB	9.3 GB	72.8 GB	37.2 GB
811	7f/bfa832	59648483_87	NFCORE_MAG:MAG:ASSEMBLY:SHORTREAD_ASSEMBLY:MEGAHIT (toy_mousegut_sample_24)	COMPLETED	0	2026-09-13 04:38:29.090	1h 54m 54s	1h 26m 5s	639.3%	5 GB	7.6 GB	59.3 GB	28.3 GB
778	d6/41ccda	59648483_56	NFCORE_MAG:MAG:ASSEMBLY:SHORTREAD_ASSEMBLY:MEGAHIT (toy_mousegut_sample_22)	COMPLETED	0	2026-09-13 04:38:29.090	2h 4m 24s	1h 45m 54s	655.6%	5.3 GB	8 GB	59.2 GB	28.3 GB
824	20/0c3fbd	59648483_97	NFCORE_MAG:MAG:ASSEMBLY:SHORTREAD_ASSEMBLY:MEGAHIT (toy_mousegut_sample_34)	COMPLETED	0	2026-09-13 04:38:29.090	2h 11m 54s	1h 39m 31s	641.4%	5.3 GB	7.9 GB	62.9 GB	30.7 GB
804	3f/8850a2	59648483_79	NFCORE_MAG:MAG:ASSEMBLY:SHORTREAD_ASSEMBLY:MEGAHIT (toy_hmp_airskinurogenital_sample_27)	COMPLETED	0	2026-09-13 04:38:29.090	2h 12m 54s	1h 43m 55s	701.2%	5.3 GB	8.1 GB	59.1 GB	28.2 GB
833	f2/2d81a3	59656633_0	NFCORE_MAG:MAG:ASSEMBLY:GUNZIP_SHORTREAD_ASSEMBLIES (MEGAHIT-toy_mousegut_sample_0)	COMPLETED	0	2026-09-13 06:51:29.072	54.3s	410ms	86.4%	5.1 MB	8.1 MB	19.4 MB	65.7 MB
834	ad/b00fb6	59656633_1	NFCORE_MAG:MAG:ASSEMBLY:GUNZIP_SHORTREAD_ASSEMBLIES (MEGAHIT-toy_mousegut_sample_7)	COMPLETED	0	2026-09-13 06:51:29.072	54.3s	643ms	92.5%	5.2 MB	8.1 MB	33.1 MB	112.5 MB
836	19/59beee	59656633_3	NFCORE_MAG:MAG:ASSEMBLY:GUNZIP_SHORTREAD_ASSEMBLIES (MEGAHIT-toy_hmp_gastrooral_sample_12)	COMPLETED	0	2026-09-13 06:51:29.072	54.3s	703ms	87.5%	5.1 MB	8 MB	33.3 MB	114.9 MB
835	9b/6bc07f	59656633_2	NFCORE_MAG:MAG:ASSEMBLY:GUNZIP_SHORTREAD_ASSEMBLIES (MEGAHIT-toy_mousegut_sample_2)	COMPLETED	0	2026-09-13 06:51:29.072	54.3s	562ms	89.7%	5.2 MB	8.1 MB	27.5 MB	93.6 MB
837	0d/f8a635	59656633_4	NFCORE_MAG:MAG:ASSEMBLY:GUNZIP_SHORTREAD_ASSEMBLIES (MEGAHIT-toy_mousegut_sample_8)	COMPLETED	0	2026-09-13 06:51:29.072	54.4s	454ms	86.8%	5.4 MB	8.1 MB	21.7 MB	73.8 MB
838	58/e72588	59656633_5	NFCORE_MAG:MAG:ASSEMBLY:GUNZIP_SHORTREAD_ASSEMBLIES (MEGAHIT-toy_mousegut_sample_56)	COMPLETED	0	2026-09-13 06:51:29.072	54.4s	607ms	89.1%	5.4 MB	8.1 MB	22.7 MB	77.2 MB
839	f5/28364a	59656633_6	NFCORE_MAG:MAG:ASSEMBLY:GUNZIP_SHORTREAD_ASSEMBLIES (MEGAHIT-toy_mousegut_sample_28)	COMPLETED	0	2026-09-13 06:51:29.072	54.4s	944ms	89.0%	5.2 MB	8.1 MB	52.7 MB	179.7 MB
840	16/e10f5e	59656633_7	NFCORE_MAG:MAG:ASSEMBLY:GUNZIP_SHORTREAD_ASSEMBLIES (MEGAHIT-toy_mousegut_sample_15)	COMPLETED	0	2026-09-13 06:51:29.072	54.4s	1.4s	81.7%	5.3 MB	8.1 MB	72.7 MB	247.6 MB
841	7f/f39990	59656633_8	NFCORE_MAG:MAG:ASSEMBLY:GUNZIP_SHORTREAD_ASSEMBLIES (MEGAHIT-strain_sample_99)	COMPLETED	0	2026-09-13 06:51:29.072	54.4s	263ms	70.1%	5.1 MB	8 MB	11 MB	37.1 MB
842	30/6d340f	59656633_9	NFCORE_MAG:MAG:ASSEMBLY:GUNZIP_SHORTREAD_ASSEMBLIES (MEGAHIT-strain_sample_94)	COMPLETED	0	2026-09-13 06:51:29.072	54.4s	376ms	85.5%	5.3 MB	8.1 MB	16.2 MB	54.8 MB
843	a4/cebf82	59656633_10	NFCORE_MAG:MAG:ASSEMBLY:GUNZIP_SHORTREAD_ASSEMBLIES (MEGAHIT-strain_sample_92)	COMPLETED	0	2026-09-13 06:51:29.072	54.4s	355ms	87.9%	5.2 MB	8.1 MB	17 MB	57.6 MB
844	41/d430d7	59656633_11	NFCORE_MAG:MAG:ASSEMBLY:GUNZIP_SHORTREAD_ASSEMBLIES (MEGAHIT-strain_sample_95)	COMPLETED	0	2026-09-13 06:51:29.072	54.4s	457ms	68.7%	4.9 MB	8 MB	16.9 MB	57.1 MB
845	06/a6e880	59656633_12	NFCORE_MAG:MAG:ASSEMBLY:GUNZIP_SHORTREAD_ASSEMBLIES (MEGAHIT-strain_sample_96)	COMPLETED	0	2026-09-13 06:51:29.072	54.4s	340ms	83.2%	4.9 MB	8 MB	15 MB	50.8 MB
846	11/f48878	59656633_13	NFCORE_MAG:MAG:ASSEMBLY:GUNZIP_SHORTREAD_ASSEMBLIES (MEGAHIT-strain_sample_89)	COMPLETED	0	2026-09-13 06:51:29.072	54.4s	320ms	82.2%	5.4 MB	8.1 MB	14 MB	47.4 MB
847	90/19b153	59656633_14	NFCORE_MAG:MAG:ASSEMBLY:GUNZIP_SHORTREAD_ASSEMBLIES (MEGAHIT-strain_sample_91)	COMPLETED	0	2026-09-13 06:51:29.072	54.4s	371ms	87.0%	5.4 MB	8.1 MB	16.3 MB	55.4 MB
848	53/374a1f	59656633_15	NFCORE_MAG:MAG:ASSEMBLY:GUNZIP_SHORTREAD_ASSEMBLIES (MEGAHIT-strain_sample_93)	COMPLETED	0	2026-09-13 06:51:29.072	54.4s	309ms	85.3%	5.4 MB	8.1 MB	17.3 MB	58.5 MB
849	b1/0cf4b7	59656633_16	NFCORE_MAG:MAG:ASSEMBLY:GUNZIP_SHORTREAD_ASSEMBLIES (MEGAHIT-strain_sample_97)	COMPLETED	0	2026-09-13 06:51:29.072	54.4s	335ms	81.8%	5.3 MB	8.1 MB	14.1 MB	47.7 MB
850	e0/94b6d3	59656633_17	NFCORE_MAG:MAG:ASSEMBLY:GUNZIP_SHORTREAD_ASSEMBLIES (MEGAHIT-toy_hmp_airskinurogenital_sample_12)	COMPLETED	0	2026-09-13 06:51:29.072	54.4s	442ms	86.8%	5.2 MB	8.1 MB	20.6 MB	70.1 MB
851	8c/4b8674	59656633_18	NFCORE_MAG:MAG:ASSEMBLY:GUNZIP_SHORTREAD_ASSEMBLIES (MEGAHIT-strain_sample_98)	COMPLETED	0	2026-09-13 06:51:29.072	54.4s	437ms	87.7%	5.2 MB	8.1 MB	20.5 MB	69.2 MB
852	05/1c2a5d	59656633_19	NFCORE_MAG:MAG:ASSEMBLY:GUNZIP_SHORTREAD_ASSEMBLIES (MEGAHIT-toy_hmp_airskinurogenital_sample_6)	COMPLETED	0	2026-09-13 06:51:29.072	54.4s	264ms	76.7%	5.4 MB	8.1 MB	10.5 MB	35.8 MB
853	e2/e1d43f	59656633_20	NFCORE_MAG:MAG:ASSEMBLY:GUNZIP_SHORTREAD_ASSEMBLIES (MEGAHIT-toy_hmp_airskinurogenital_sample_3)	COMPLETED	0	2026-09-13 06:51:29.072	54.4s	624ms	90.3%	4.9 MB	8 MB	29.8 MB	101.4 MB
854	40/8692fd	59656633_21	NFCORE_MAG:MAG:ASSEMBLY:GUNZIP_SHORTREAD_ASSEMBLIES (MEGAHIT-toy_hmp_airskinurogenital_sample_2)	COMPLETED	0	2026-09-13 06:51:29.072	54.4s	534ms	87.8%	5.4 MB	8.1 MB	21.9 MB	74.7 MB
855	0c/d86e1b	59656633_22	NFCORE_MAG:MAG:ASSEMBLY:GUNZIP_SHORTREAD_ASSEMBLIES (MEGAHIT-toy_mousegut_sample_1)	COMPLETED	0	2026-09-13 06:51:29.072	54.4s	742ms	90.0%	5.3 MB	8.1 MB	31.1 MB	106.1 MB
856	d6/5fed22	59656633_23	NFCORE_MAG:MAG:ASSEMBLY:GUNZIP_SHORTREAD_ASSEMBLIES (MEGAHIT-toy_hmp_airskinurogenital_sample_22)	COMPLETED	0	2026-09-13 06:51:29.072	54.4s	425ms	84.7%	5.4 MB	8.1 MB	16.6 MB	56.6 MB
857	81/f642eb	59656633_24	NFCORE_MAG:MAG:ASSEMBLY:GUNZIP_SHORTREAD_ASSEMBLIES (MEGAHIT-toy_hmp_gastrooral_sample_7)	COMPLETED	0	2026-09-13 06:51:29.072	54.4s	733ms	92.7%	5.4 MB	8.1 MB	28.4 MB	96.4 MB
858	ac/7fe672	59656633_25	NFCORE_MAG:MAG:ASSEMBLY:GUNZIP_SHORTREAD_ASSEMBLIES (MEGAHIT-toy_mousegut_sample_63)	COMPLETED	0	2026-09-13 06:51:29.072	54.4s	1.4s	79.4%	5.3 MB	8.1 MB	43.7 MB	148.8 MB
859	85/76375b	59656633_26	NFCORE_MAG:MAG:ASSEMBLY:GUNZIP_SHORTREAD_ASSEMBLIES (MEGAHIT-toy_hmp_airskinurogenital_sample_5)	COMPLETED	0	2026-09-13 06:51:29.072	54.4s	654ms	87.1%	5.2 MB	8.1 MB	23.9 MB	81.9 MB
860	6a/c9dd1a	59656633_27	NFCORE_MAG:MAG:ASSEMBLY:GUNZIP_SHORTREAD_ASSEMBLIES (MEGAHIT-toy_hmp_airskinurogenital_sample_24)	COMPLETED	0	2026-09-13 06:51:29.072	54.4s	360ms	87.2%	5.3 MB	8.1 MB	20.3 MB	68.6 MB
861	ab/7de2c0	59656633_28	NFCORE_MAG:MAG:ASSEMBLY:GUNZIP_SHORTREAD_ASSEMBLIES (MEGAHIT-toy_hmp_gastrooral_sample_4)	COMPLETED	0	2026-09-13 06:51:29.072	54.4s	725ms	84.8%	5.4 MB	8.1 MB	39.3 MB	135.1 MB
862	74/732500	59656633_29	NFCORE_MAG:MAG:ASSEMBLY:GUNZIP_SHORTREAD_ASSEMBLIES (MEGAHIT-toy_hmp_airskinurogenital_sample_9)	COMPLETED	0	2026-09-13 06:51:29.072	54.4s	572ms	83.0%	5 MB	8 MB	30.4 MB	103.5 MB
863	3f/257c8f	59656633_30	NFCORE_MAG:MAG:ASSEMBLY:GUNZIP_SHORTREAD_ASSEMBLIES (MEGAHIT-toy_hmp_airskinurogenital_sample_16)	COMPLETED	0	2026-09-13 06:51:29.072	54.5s	270ms	61.4%	5.3 MB	8.1 MB	10.5 MB	35.9 MB
864	d9/e290b4	59656633_31	NFCORE_MAG:MAG:ASSEMBLY:GUNZIP_SHORTREAD_ASSEMBLIES (MEGAHIT-toy_hmp_gastrooral_sample_3)	COMPLETED	0	2026-09-13 06:51:29.072	54.5s	722ms	86.5%	5.4 MB	8.1 MB	39.7 MB	136.3 MB
865	09/bd18b7	59656633_32	NFCORE_MAG:MAG:ASSEMBLY:GUNZIP_SHORTREAD_ASSEMBLIES (MEGAHIT-toy_hmp_airskinurogenital_sample_18)	COMPLETED	0	2026-09-13 06:51:29.072	54.5s	422ms	84.0%	5 MB	8 MB	22.8 MB	77.7 MB
866	a8/4a430d	59656633_33	NFCORE_MAG:MAG:ASSEMBLY:GUNZIP_SHORTREAD_ASSEMBLIES (MEGAHIT-toy_hmp_airskinurogenital_sample_7)	COMPLETED	0	2026-09-13 06:51:29.072	54.5s	906ms	83.6%	5.3 MB	8.1 MB	33 MB	112.3 MB
867	73/6c435c	59656633_34	NFCORE_MAG:MAG:ASSEMBLY:GUNZIP_SHORTREAD_ASSEMBLIES (MEGAHIT-toy_hmp_airskinurogenital_sample_28)	COMPLETED	0	2026-09-13 06:51:29.072	54.5s	373ms	83.3%	5.4 MB	8.1 MB	13 MB	44.8 MB
868	77/fd27c5	59656633_35	NFCORE_MAG:MAG:ASSEMBLY:GUNZIP_SHORTREAD_ASSEMBLIES (MEGAHIT-toy_hmp_airskinurogenital_sample_8)	COMPLETED	0	2026-09-13 06:51:29.072	54.5s	631ms	90.4%	5.2 MB	8.1 MB	24.4 MB	83 MB
869	ef/53be6f	59656633_36	NFCORE_MAG:MAG:ASSEMBLY:GUNZIP_SHORTREAD_ASSEMBLIES (MEGAHIT-toy_hmp_gastrooral_sample_2)	COMPLETED	0	2026-09-13 06:51:29.072	54.5s	522ms	92.8%	5.2 MB	8.1 MB	28.5 MB	98 MB
870	98/b02123	59656633_37	NFCORE_MAG:MAG:ASSEMBLY:GUNZIP_SHORTREAD_ASSEMBLIES (MEGAHIT-toy_mousegut_sample_29)	COMPLETED	0	2026-09-13 06:51:29.072	54.5s	652ms	92.3%	5.3 MB	8.1 MB	35 MB	119.3 MB
871	74/5a88ef	59656633_38	NFCORE_MAG:MAG:ASSEMBLY:GUNZIP_SHORTREAD_ASSEMBLIES (MEGAHIT-toy_mousegut_sample_32)	COMPLETED	0	2026-09-13 06:51:29.072	54.5s	624ms	87.0%	5.3 MB	8.1 MB	31.7 MB	107.8 MB
872	71/9920a9	59656633_39	NFCORE_MAG:MAG:ASSEMBLY:GUNZIP_SHORTREAD_ASSEMBLIES (MEGAHIT-toy_hmp_airskinurogenital_sample_10)	COMPLETED	0	2026-09-13 06:51:29.072	54.5s	583ms	91.2%	5.4 MB	8.1 MB	30.9 MB	105.1 MB
873	ce/d77c73	59656633_40	NFCORE_MAG:MAG:ASSEMBLY:GUNZIP_SHORTREAD_ASSEMBLIES (MEGAHIT-toy_hmp_airskinurogenital_sample_11)	COMPLETED	0	2026-09-13 06:51:29.072	54.5s	729ms	89.3%	5.1 MB	8 MB	36.9 MB	126.2 MB
874	e9/e13f22	59656633_41	NFCORE_MAG:MAG:ASSEMBLY:GUNZIP_SHORTREAD_ASSEMBLIES (MEGAHIT-toy_hmp_airskinurogenital_sample_4)	COMPLETED	0	2026-09-13 06:51:29.072	54.5s	1.7s	80.9%	5.2 MB	8.1 MB	51.9 MB	176.7 MB
875	7d/3f5c99	59656633_42	NFCORE_MAG:MAG:ASSEMBLY:GUNZIP_SHORTREAD_ASSEMBLIES (MEGAHIT-toy_mousegut_sample_16)	COMPLETED	0	2026-09-13 06:51:29.072	54.5s	474ms	77.9%	5.3 MB	8.1 MB	14.3 MB	48.3 MB
876	ba/2252b5	59656633_43	NFCORE_MAG:MAG:ASSEMBLY:GUNZIP_SHORTREAD_ASSEMBLIES (MEGAHIT-toy_hmp_gastrooral_sample_10)	COMPLETED	0	2026-09-13 06:51:29.072	54.5s	1.1s	84.9%	5.1 MB	8.1 MB	45.5 MB	156.3 MB
877	6e/2b3c8f	59656633_44	NFCORE_MAG:MAG:ASSEMBLY:GUNZIP_SHORTREAD_ASSEMBLIES (MEGAHIT-toy_mousegut_sample_59)	COMPLETED	0	2026-09-13 06:51:29.072	54.5s	1.4s	84.5%	5.2 MB	8.1 MB	63.9 MB	217.3 MB
878	18/106903	59656633_45	NFCORE_MAG:MAG:ASSEMBLY:GUNZIP_SHORTREAD_ASSEMBLIES (MEGAHIT-toy_hmp_gastrooral_sample_5)	COMPLETED	0	2026-09-13 06:51:29.072	54.5s	492ms	89.8%	5 MB	8 MB	23.2 MB	79.7 MB
880	53/07e8d8	59656633_46	NFCORE_MAG:MAG:ASSEMBLY:GUNZIP_SHORTREAD_ASSEMBLIES (MEGAHIT-toy_hmp_airskinurogenital_sample_1)	COMPLETED	0	2026-09-13 06:51:29.072	54.5s	799ms	94.1%	5.4 MB	8.1 MB	37.7 MB	128.8 MB
879	b5/da121c	59656633_47	NFCORE_MAG:MAG:ASSEMBLY:GUNZIP_SHORTREAD_ASSEMBLIES (MEGAHIT-toy_mousegut_sample_31)	COMPLETED	0	2026-09-13 06:51:29.072	54.5s	1.5s	62.2%	5.2 MB	8.1 MB	50.3 MB	171.5 MB
881	03/86a9b8	59656633_48	NFCORE_MAG:MAG:ASSEMBLY:GUNZIP_SHORTREAD_ASSEMBLIES (MEGAHIT-toy_hmp_airskinurogenital_sample_14)	COMPLETED	0	2026-09-13 06:51:29.072	54.5s	684ms	73.5%	5.3 MB	8.1 MB	26.7 MB	91.2 MB
882	4c/02abce	59656633_49	NFCORE_MAG:MAG:ASSEMBLY:GUNZIP_SHORTREAD_ASSEMBLIES (MEGAHIT-toy_mousegut_sample_58)	COMPLETED	0	2026-09-13 06:51:29.072	54.5s	1.5s	82.2%	5.4 MB	8.1 MB	61 MB	207.9 MB
883	1c/0b8b1a	59656633_50	NFCORE_MAG:MAG:ASSEMBLY:GUNZIP_SHORTREAD_ASSEMBLIES (MEGAHIT-toy_mousegut_sample_57)	COMPLETED	0	2026-09-13 06:51:29.072	54.5s	1.8s	79.5%	5.4 MB	8.1 MB	57.5 MB	195.7 MB
884	a7/0852f5	59656633_51	NFCORE_MAG:MAG:ASSEMBLY:GUNZIP_SHORTREAD_ASSEMBLIES (MEGAHIT-toy_mousegut_sample_61)	COMPLETED	0	2026-09-13 06:51:29.072	54.5s	2.7s	78.8%	5.3 MB	8.1 MB	85.2 MB	290.3 MB
885	72/133c5b	59656633_52	NFCORE_MAG:MAG:ASSEMBLY:GUNZIP_SHORTREAD_ASSEMBLIES (MEGAHIT-toy_mousegut_sample_38)	COMPLETED	0	2026-09-13 06:51:29.072	54.5s	744ms	90.6%	4.9 MB	8 MB	40.8 MB	139 MB
886	a8/d2a28c	59656633_53	NFCORE_MAG:MAG:ASSEMBLY:GUNZIP_SHORTREAD_ASSEMBLIES (MEGAHIT-toy_mousegut_sample_35)	COMPLETED	0	2026-09-13 06:51:29.072	54.5s	970ms	86.6%	5 MB	8 MB	44.5 MB	151.7 MB
887	66/69490d	59656633_54	NFCORE_MAG:MAG:ASSEMBLY:GUNZIP_SHORTREAD_ASSEMBLIES (MEGAHIT-toy_mousegut_sample_27)	COMPLETED	0	2026-09-13 06:51:29.072	54.5s	1.4s	84.9%	5.2 MB	8.1 MB	58.6 MB	200 MB
888	b6/f93db1	59656633_55	NFCORE_MAG:MAG:ASSEMBLY:GUNZIP_SHORTREAD_ASSEMBLIES (MEGAHIT-toy_hmp_gastrooral_sample_17)	COMPLETED	0	2026-09-13 06:51:29.072	54.5s	983ms	85.6%	5.3 MB	8.1 MB	39 MB	132.8 MB
889	ed/827caa	59656633_56	NFCORE_MAG:MAG:ASSEMBLY:GUNZIP_SHORTREAD_ASSEMBLIES (MEGAHIT-toy_hmp_airskinurogenital_sample_21)	COMPLETED	0	2026-09-13 06:51:29.072	54.5s	676ms	91.8%	5.2 MB	8.1 MB	31.8 MB	108.9 MB
890	6f/cc9253	59656633_57	NFCORE_MAG:MAG:ASSEMBLY:GUNZIP_SHORTREAD_ASSEMBLIES (MEGAHIT-toy_hmp_gastrooral_sample_8)	COMPLETED	0	2026-09-13 06:51:29.072	54.5s	768ms	77.3%	4.9 MB	8 MB	32 MB	108.8 MB
891	41/fc1833	59656633_58	NFCORE_MAG:MAG:ASSEMBLY:GUNZIP_SHORTREAD_ASSEMBLIES (MEGAHIT-toy_mousegut_sample_62)	COMPLETED	0	2026-09-13 06:51:29.072	54.5s	1s	85.7%	5.4 MB	8.1 MB	49.1 MB	167.2 MB
892	27/e4a5fb	59656633_59	NFCORE_MAG:MAG:ASSEMBLY:GUNZIP_SHORTREAD_ASSEMBLIES (MEGAHIT-toy_mousegut_sample_9)	COMPLETED	0	2026-09-13 06:51:29.072	54.5s	692ms	89.8%	5.1 MB	8 MB	34.1 MB	115.8 MB
893	a7/a577b2	59656633_60	NFCORE_MAG:MAG:ASSEMBLY:GUNZIP_SHORTREAD_ASSEMBLIES (MEGAHIT-toy_mousegut_sample_18)	COMPLETED	0	2026-09-13 06:51:29.072	54.5s	449ms	81.0%	5.1 MB	8 MB	21.8 MB	74.3 MB
894	f5/a2f24e	59656633_61	NFCORE_MAG:MAG:ASSEMBLY:GUNZIP_SHORTREAD_ASSEMBLIES (MEGAHIT-toy_hmp_airskinurogenital_sample_15)	COMPLETED	0	2026-09-13 06:51:29.072	54.5s	353ms	80.5%	5.2 MB	8.1 MB	18.9 MB	64 MB
895	2c/eafa82	59656633_62	NFCORE_MAG:MAG:ASSEMBLY:GUNZIP_SHORTREAD_ASSEMBLIES (MEGAHIT-toy_mousegut_sample_20)	COMPLETED	0	2026-09-13 06:51:29.072	54.6s	805ms	91.2%	5 MB	8 MB	48.1 MB	164 MB
896	a6/675469	59656633_63	NFCORE_MAG:MAG:ASSEMBLY:GUNZIP_SHORTREAD_ASSEMBLIES (MEGAHIT-toy_mousegut_sample_36)	COMPLETED	0	2026-09-13 06:51:29.072	54.6s	2s	83.5%	5.2 MB	8.1 MB	85 MB	289.7 MB
898	01/66a896	59656633_64	NFCORE_MAG:MAG:ASSEMBLY:GUNZIP_SHORTREAD_ASSEMBLIES (MEGAHIT-toy_mousegut_sample_11)	COMPLETED	0	2026-09-13 06:51:29.072	54.6s	1.1s	87.0%	5.1 MB	8.1 MB	64.8 MB	220.9 MB
897	97/5e744e	59656633_65	NFCORE_MAG:MAG:ASSEMBLY:GUNZIP_SHORTREAD_ASSEMBLIES (MEGAHIT-toy_mousegut_sample_54)	COMPLETED	0	2026-09-13 06:51:29.072	54.6s	625ms	93.3%	5.3 MB	8.1 MB	38.8 MB	131.8 MB
899	64/1411ee	59656633_66	NFCORE_MAG:MAG:ASSEMBLY:GUNZIP_SHORTREAD_ASSEMBLIES (MEGAHIT-toy_mousegut_sample_52)	COMPLETED	0	2026-09-13 06:51:29.072	54.6s	537ms	90.0%	5.3 MB	8.1 MB	29.3 MB	99.9 MB
900	0e/b72597	59656633_67	NFCORE_MAG:MAG:ASSEMBLY:GUNZIP_SHORTREAD_ASSEMBLIES (MEGAHIT-toy_hmp_airskinurogenital_sample_17)	COMPLETED	0	2026-09-13 06:51:29.072	54.6s	787ms	90.7%	5.3 MB	8.1 MB	43.5 MB	148.1 MB
901	9b/ee6e8a	59656633_68	NFCORE_MAG:MAG:ASSEMBLY:GUNZIP_SHORTREAD_ASSEMBLIES (MEGAHIT-toy_hmp_gastrooral_sample_1)	COMPLETED	0	2026-09-13 06:51:29.072	54.6s	826ms	90.0%	5.2 MB	8.1 MB	44.8 MB	153.4 MB
902	58/452042	59656633_69	NFCORE_MAG:MAG:ASSEMBLY:GUNZIP_SHORTREAD_ASSEMBLIES (MEGAHIT-toy_hmp_gastrooral_sample_11)	COMPLETED	0	2026-09-13 06:51:29.072	54.6s	814ms	93.7%	5.1 MB	8 MB	46.5 MB	158.8 MB
903	38/93f763	59656633_70	NFCORE_MAG:MAG:ASSEMBLY:GUNZIP_SHORTREAD_ASSEMBLIES (MEGAHIT-toy_hmp_airskinurogenital_sample_20)	COMPLETED	0	2026-09-13 06:51:29.072	54.6s	1s	87.8%	5.4 MB	8.1 MB	53.7 MB	183.2 MB
904	54/bba923	59656633_71	NFCORE_MAG:MAG:ASSEMBLY:GUNZIP_SHORTREAD_ASSEMBLIES (MEGAHIT-toy_hmp_gastrooral_sample_6)	COMPLETED	0	2026-09-13 06:51:29.072	54.6s	612ms	92.0%	5.4 MB	8.1 MB	34.2 MB	116.3 MB
905	0e/d89f87	59656633_72	NFCORE_MAG:MAG:ASSEMBLY:GUNZIP_SHORTREAD_ASSEMBLIES (MEGAHIT-toy_mousegut_sample_12)	COMPLETED	0	2026-09-13 06:51:29.072	54.6s	1.1s	87.9%	5.2 MB	8.1 MB	62.1 MB	211.5 MB
906	75/9b658e	59656633_73	NFCORE_MAG:MAG:ASSEMBLY:GUNZIP_SHORTREAD_ASSEMBLIES (MEGAHIT-toy_mousegut_sample_25)	COMPLETED	0	2026-09-13 06:51:29.072	54.6s	1.3s	83.9%	5.3 MB	8.1 MB	67.7 MB	230.7 MB
907	86/96df1b	59656633_74	NFCORE_MAG:MAG:ASSEMBLY:GUNZIP_SHORTREAD_ASSEMBLIES (MEGAHIT-toy_hmp_airskinurogenital_sample_0)	COMPLETED	0	2026-09-13 06:51:29.072	54.6s	536ms	90.2%	5.4 MB	8.1 MB	28 MB	96.2 MB
908	16/9beb5b	59656633_75	NFCORE_MAG:MAG:ASSEMBLY:GUNZIP_SHORTREAD_ASSEMBLIES (MEGAHIT-toy_hmp_gastrooral_sample_18)	COMPLETED	0	2026-09-13 06:51:29.072	54.6s	1s	88.4%	5.1 MB	8.1 MB	55.9 MB	191.1 MB
909	9d/3a3631	59656633_76	NFCORE_MAG:MAG:ASSEMBLY:GUNZIP_SHORTREAD_ASSEMBLIES (MEGAHIT-toy_hmp_airskinurogenital_sample_23)	COMPLETED	0	2026-09-13 06:51:29.072	54.6s	404ms	82.0%	5.4 MB	8.1 MB	19.9 MB	67.6 MB
910	62/051dcb	59656633_77	NFCORE_MAG:MAG:ASSEMBLY:GUNZIP_SHORTREAD_ASSEMBLIES (MEGAHIT-toy_mousegut_sample_53)	COMPLETED	0	2026-09-13 06:51:29.072	54.6s	694ms	94.0%	5.4 MB	8.1 MB	39.6 MB	134.6 MB
912	fb/7b8a36	59656633_78	NFCORE_MAG:MAG:ASSEMBLY:GUNZIP_SHORTREAD_ASSEMBLIES (MEGAHIT-toy_mousegut_sample_10)	COMPLETED	0	2026-09-13 06:51:29.072	54.6s	770ms	84.9%	4.9 MB	8 MB	39.6 MB	134.6 MB
911	68/dfdb08	59656633_79	NFCORE_MAG:MAG:ASSEMBLY:GUNZIP_SHORTREAD_ASSEMBLIES (MEGAHIT-toy_mousegut_sample_5)	COMPLETED	0	2026-09-13 06:51:29.072	54.6s	868ms	93.5%	5.1 MB	8.1 MB	49.3 MB	167.8 MB
913	bd/471466	59656633_80	NFCORE_MAG:MAG:ASSEMBLY:GUNZIP_SHORTREAD_ASSEMBLIES (MEGAHIT-toy_mousegut_sample_60)	COMPLETED	0	2026-09-13 06:51:29.072	54.6s	1.3s	81.1%	5.4 MB	8.1 MB	65.3 MB	222.3 MB
914	7c/ba4e5c	59656633_81	NFCORE_MAG:MAG:ASSEMBLY:GUNZIP_SHORTREAD_ASSEMBLIES (MEGAHIT-toy_hmp_airskinurogenital_sample_25)	COMPLETED	0	2026-09-13 06:51:29.072	54.6s	717ms	95.2%	5.3 MB	8.1 MB	40.6 MB	138.8 MB
916	63/37bf06	59656633_83	NFCORE_MAG:MAG:ASSEMBLY:GUNZIP_SHORTREAD_ASSEMBLIES (MEGAHIT-toy_mousegut_sample_21)	COMPLETED	0	2026-09-13 06:51:29.072	54.6s	671ms	73.6%	5 MB	8 MB	30.1 MB	102.5 MB
915	d2/9d5e36	59656633_82	NFCORE_MAG:MAG:ASSEMBLY:GUNZIP_SHORTREAD_ASSEMBLIES (MEGAHIT-toy_mousegut_sample_14)	COMPLETED	0	2026-09-13 06:51:29.072	54.6s	1.3s	83.4%	5.4 MB	8.1 MB	68.9 MB	234.8 MB
917	2d/923d78	59656633_84	NFCORE_MAG:MAG:ASSEMBLY:GUNZIP_SHORTREAD_ASSEMBLIES (MEGAHIT-toy_mousegut_sample_19)	COMPLETED	0	2026-09-13 06:51:29.072	54.6s	1.1s	88.9%	5.3 MB	8.1 MB	60.3 MB	205.8 MB
918	12/aade7e	59656633_85	NFCORE_MAG:MAG:ASSEMBLY:GUNZIP_SHORTREAD_ASSEMBLIES (MEGAHIT-toy_hmp_airskinurogenital_sample_26)	COMPLETED	0	2026-09-13 06:51:29.072	54.6s	531ms	85.2%	4.8 MB	8 MB	28.3 MB	96.2 MB
919	04/cc7540	59656633_86	NFCORE_MAG:MAG:ASSEMBLY:GUNZIP_SHORTREAD_ASSEMBLIES (MEGAHIT-toy_hmp_gastrooral_sample_13)	COMPLETED	0	2026-09-13 06:51:29.072	54.7s	760ms	88.6%	4.9 MB	8 MB	41.2 MB	140.4 MB
920	b5/d0541a	59656633_87	NFCORE_MAG:MAG:ASSEMBLY:GUNZIP_SHORTREAD_ASSEMBLIES (MEGAHIT-toy_hmp_gastrooral_sample_19)	COMPLETED	0	2026-09-13 06:51:29.072	54.7s	811ms	89.2%	5.3 MB	8.1 MB	44.3 MB	151.5 MB
921	20/e881be	59656633_88	NFCORE_MAG:MAG:ASSEMBLY:GUNZIP_SHORTREAD_ASSEMBLIES (MEGAHIT-toy_mousegut_sample_23)	COMPLETED	0	2026-09-13 06:51:29.072	54.7s	591ms	85.1%	5.2 MB	8.1 MB	30.5 MB	103.8 MB
922	16/ddec43	59656633_89	NFCORE_MAG:MAG:ASSEMBLY:GUNZIP_SHORTREAD_ASSEMBLIES (MEGAHIT-toy_mousegut_sample_37)	COMPLETED	0	2026-09-13 06:51:29.072	54.7s	1.7s	83.4%	5.2 MB	8.1 MB	84.2 MB	287.2 MB
923	fc/c00106	59656633_90	NFCORE_MAG:MAG:ASSEMBLY:GUNZIP_SHORTREAD_ASSEMBLIES (MEGAHIT-toy_mousegut_sample_13)	COMPLETED	0	2026-09-13 06:51:29.072	54.7s	584ms	82.9%	5.2 MB	8.1 MB	29.7 MB	100.8 MB
924	8d/373f5c	59656633_91	NFCORE_MAG:MAG:ASSEMBLY:GUNZIP_SHORTREAD_ASSEMBLIES (MEGAHIT-toy_mousegut_sample_17)	COMPLETED	0	2026-09-13 06:51:29.072	54.7s	1.1s	88.3%	5.3 MB	8.1 MB	59 MB	201 MB
925	1d/9ea8e8	59656633_92	NFCORE_MAG:MAG:ASSEMBLY:GUNZIP_SHORTREAD_ASSEMBLIES (MEGAHIT-toy_hmp_gastrooral_sample_15)	COMPLETED	0	2026-09-13 06:51:29.072	54.7s	770ms	93.9%	5.1 MB	8.1 MB	44.4 MB	151.3 MB
926	30/056784	59656633_93	NFCORE_MAG:MAG:ASSEMBLY:GUNZIP_SHORTREAD_ASSEMBLIES (MEGAHIT-toy_mousegut_sample_6)	COMPLETED	0	2026-09-13 06:51:29.072	54.7s	896ms	95.3%	5.3 MB	8.1 MB	52.5 MB	178.8 MB
927	31/14bcfc	59656633_94	NFCORE_MAG:MAG:ASSEMBLY:GUNZIP_SHORTREAD_ASSEMBLIES (MEGAHIT-toy_hmp_gastrooral_sample_9)	COMPLETED	0	2026-09-13 06:51:29.072	54.7s	723ms	94.5%	5.2 MB	8.1 MB	40.5 MB	139.2 MB
928	98/d52285	59656633_95	NFCORE_MAG:MAG:ASSEMBLY:GUNZIP_SHORTREAD_ASSEMBLIES (MEGAHIT-toy_hmp_airskinurogenital_sample_13)	COMPLETED	0	2026-09-13 06:51:29.072	54.7s	322ms	87.8%	5.1 MB	8 MB	15.6 MB	53.4 MB
929	df/c51319	59656633_96	NFCORE_MAG:MAG:ASSEMBLY:GUNZIP_SHORTREAD_ASSEMBLIES (MEGAHIT-toy_hmp_gastrooral_sample_0)	COMPLETED	0	2026-09-13 06:51:29.072	54.7s	639ms	92.8%	5 MB	8 MB	32.7 MB	112 MB
930	09/6251ee	59656633_97	NFCORE_MAG:MAG:ASSEMBLY:GUNZIP_SHORTREAD_ASSEMBLIES (MEGAHIT-toy_hmp_gastrooral_sample_14)	COMPLETED	0	2026-09-13 06:51:29.072	54.7s	703ms	92.9%	5.5 MB	8.1 MB	36 MB	122.7 MB
931	d6/a0c180	59656633_98	NFCORE_MAG:MAG:ASSEMBLY:GUNZIP_SHORTREAD_ASSEMBLIES (MEGAHIT-toy_hmp_gastrooral_sample_16)	COMPLETED	0	2026-09-13 06:51:29.072	54.7s	1s	87.2%	5.4 MB	8.1 MB	49.8 MB	170.2 MB
932	62/bd7f06	59656633_99	NFCORE_MAG:MAG:ASSEMBLY:GUNZIP_SHORTREAD_ASSEMBLIES (MEGAHIT-toy_mousegut_sample_26)	COMPLETED	0	2026-09-13 06:51:29.072	54.8s	762ms	91.0%	5.1 MB	8 MB	39.3 MB	134.1 MB
627	7b/c78575	59656784_0	NFCORE_MAG:MAG:ASSEMBLY:SHORTREAD_ASSEMBLY:MEGAHIT (strain_sample_11)	ABORTED	-	2026-09-13 06:52:29.000	-	-	-	-	-	-	-
628	67/abaf16	59656784_1	NFCORE_MAG:MAG:ASSEMBLY:SHORTREAD_ASSEMBLY:MEGAHIT (strain_sample_9)	ABORTED	-	2026-09-13 06:52:29.000	-	-	-	-	-	-	-
626	27/fe509f	59656784_2	NFCORE_MAG:MAG:ASSEMBLY:SHORTREAD_ASSEMBLY:MEGAHIT (strain_sample_6)	ABORTED	-	2026-09-13 06:52:29.000	-	-	-	-	-	-	-
631	ee/bd0b81	59656784_3	NFCORE_MAG:MAG:ASSEMBLY:SHORTREAD_ASSEMBLY:MEGAHIT (strain_sample_1)	ABORTED	-	2026-09-13 06:52:29.000	-	-	-	-	-	-	-
629	b0/320605	59656784_4	NFCORE_MAG:MAG:ASSEMBLY:SHORTREAD_ASSEMBLY:MEGAHIT (strain_sample_10)	ABORTED	-	2026-09-13 06:52:29.000	-	-	-	-	-	-	-
625	79/e1ca83	59656784_5	NFCORE_MAG:MAG:ASSEMBLY:SHORTREAD_ASSEMBLY:MEGAHIT (strain_sample_0)	ABORTED	-	2026-09-13 06:52:29.000	-	-	-	-	-	-	-
633	de/343222	59656784_6	NFCORE_MAG:MAG:ASSEMBLY:SHORTREAD_ASSEMBLY:MEGAHIT (strain_sample_3)	ABORTED	-	2026-09-13 06:52:29.000	-	-	-	-	-	-	-
630	42/1634f6	59656784_7	NFCORE_MAG:MAG:ASSEMBLY:SHORTREAD_ASSEMBLY:MEGAHIT (strain_sample_7)	ABORTED	-	2026-09-13 06:52:29.000	-	-	-	-	-	-	-
634	08/ff77c6	59656784_8	NFCORE_MAG:MAG:ASSEMBLY:SHORTREAD_ASSEMBLY:MEGAHIT (strain_sample_2)	ABORTED	-	2026-09-13 06:52:29.000	-	-	-	-	-	-	-
632	81/69015f	59656784_9	NFCORE_MAG:MAG:ASSEMBLY:SHORTREAD_ASSEMBLY:MEGAHIT (strain_sample_5)	ABORTED	-	2026-09-13 06:52:29.000	-	-	-	-	-	-	-
638	50/e9fa5d	59656784_10	NFCORE_MAG:MAG:ASSEMBLY:SHORTREAD_ASSEMBLY:MEGAHIT (strain_sample_13)	ABORTED	-	2026-09-13 06:52:29.000	-	-	-	-	-	-	-
639	ce/5f6637	59656784_11	NFCORE_MAG:MAG:ASSEMBLY:SHORTREAD_ASSEMBLY:MEGAHIT (strain_sample_12)	ABORTED	-	2026-09-13 06:52:29.000	-	-	-	-	-	-	-
640	68/d88bdf	59656784_12	NFCORE_MAG:MAG:ASSEMBLY:SHORTREAD_ASSEMBLY:MEGAHIT (strain_sample_18)	ABORTED	-	2026-09-13 06:52:29.000	-	-	-	-	-	-	-
635	49/de7f4c	59656784_13	NFCORE_MAG:MAG:ASSEMBLY:SHORTREAD_ASSEMBLY:MEGAHIT (strain_sample_20)	ABORTED	-	2026-09-13 06:52:29.000	-	-	-	-	-	-	-
641	fa/659069	59656784_14	NFCORE_MAG:MAG:ASSEMBLY:SHORTREAD_ASSEMBLY:MEGAHIT (strain_sample_16)	ABORTED	-	2026-09-13 06:52:29.000	-	-	-	-	-	-	-
642	78/4deddb	59656784_15	NFCORE_MAG:MAG:ASSEMBLY:SHORTREAD_ASSEMBLY:MEGAHIT (strain_sample_15)	ABORTED	-	2026-09-13 06:52:29.000	-	-	-	-	-	-	-
643	7d/8c04d6	59656784_16	NFCORE_MAG:MAG:ASSEMBLY:SHORTREAD_ASSEMBLY:MEGAHIT (strain_sample_23)	ABORTED	-	2026-09-13 06:52:29.000	-	-	-	-	-	-	-
644	7f/e25024	59656784_17	NFCORE_MAG:MAG:ASSEMBLY:SHORTREAD_ASSEMBLY:MEGAHIT (strain_sample_19)	ABORTED	-	2026-09-13 06:52:29.000	-	-	-	-	-	-	-
645	98/e3014c	59656784_18	NFCORE_MAG:MAG:ASSEMBLY:SHORTREAD_ASSEMBLY:MEGAHIT (strain_sample_22)	ABORTED	-	2026-09-13 06:52:29.000	-	-	-	-	-	-	-
647	ca/3486bb	59656784_19	NFCORE_MAG:MAG:ASSEMBLY:SHORTREAD_ASSEMBLY:MEGAHIT (strain_sample_28)	ABORTED	-	2026-09-13 06:52:29.000	-	-	-	-	-	-	-
636	b6/2f5a7a	59656784_20	NFCORE_MAG:MAG:ASSEMBLY:SHORTREAD_ASSEMBLY:MEGAHIT (strain_sample_14)	ABORTED	-	2026-09-13 06:52:29.000	-	-	-	-	-	-	-
649	94/ad0c43	59656784_21	NFCORE_MAG:MAG:ASSEMBLY:SHORTREAD_ASSEMBLY:MEGAHIT (strain_sample_27)	ABORTED	-	2026-09-13 06:52:29.000	-	-	-	-	-	-	-
650	eb/2c0e69	59656784_22	NFCORE_MAG:MAG:ASSEMBLY:SHORTREAD_ASSEMBLY:MEGAHIT (strain_sample_30)	ABORTED	-	2026-09-13 06:52:29.000	-	-	-	-	-	-	-
637	ce/d1a75c	59656784_23	NFCORE_MAG:MAG:ASSEMBLY:SHORTREAD_ASSEMBLY:MEGAHIT (strain_sample_17)	ABORTED	-	2026-09-13 06:52:29.000	-	-	-	-	-	-	-
648	e6/ad0a8c	59656784_24	NFCORE_MAG:MAG:ASSEMBLY:SHORTREAD_ASSEMBLY:MEGAHIT (strain_sample_24)	ABORTED	-	2026-09-13 06:52:29.000	-	-	-	-	-	-	-
651	af/2c801c	59656784_25	NFCORE_MAG:MAG:ASSEMBLY:SHORTREAD_ASSEMBLY:MEGAHIT (strain_sample_26)	ABORTED	-	2026-09-13 06:52:29.000	-	-	-	-	-	-	-
646	10/0ff35a	59656784_26	NFCORE_MAG:MAG:ASSEMBLY:SHORTREAD_ASSEMBLY:MEGAHIT (strain_sample_21)	ABORTED	-	2026-09-13 06:52:29.000	-	-	-	-	-	-	-
653	6b/dd15b9	59656784_27	NFCORE_MAG:MAG:ASSEMBLY:SHORTREAD_ASSEMBLY:MEGAHIT (strain_sample_25)	ABORTED	-	2026-09-13 06:52:29.000	-	-	-	-	-	-	-
654	55/5f39d2	59656784_28	NFCORE_MAG:MAG:ASSEMBLY:SHORTREAD_ASSEMBLY:MEGAHIT (strain_sample_29)	ABORTED	-	2026-09-13 06:52:29.000	-	-	-	-	-	-	-
655	10/f25522	59656784_29	NFCORE_MAG:MAG:ASSEMBLY:SHORTREAD_ASSEMBLY:MEGAHIT (strain_sample_37)	ABORTED	-	2026-09-13 06:52:29.000	-	-	-	-	-	-	-
656	eb/210f4b	59656784_30	NFCORE_MAG:MAG:ASSEMBLY:SHORTREAD_ASSEMBLY:MEGAHIT (strain_sample_34)	ABORTED	-	2026-09-13 06:52:29.000	-	-	-	-	-	-	-
657	5d/1c05ac	59656784_31	NFCORE_MAG:MAG:ASSEMBLY:SHORTREAD_ASSEMBLY:MEGAHIT (strain_sample_32)	ABORTED	-	2026-09-13 06:52:29.000	-	-	-	-	-	-	-
658	37/b13505	59656784_32	NFCORE_MAG:MAG:ASSEMBLY:SHORTREAD_ASSEMBLY:MEGAHIT (strain_sample_35)	ABORTED	-	2026-09-13 06:52:29.000	-	-	-	-	-	-	-
659	9f/604902	59656784_33	NFCORE_MAG:MAG:ASSEMBLY:SHORTREAD_ASSEMBLY:MEGAHIT (strain_sample_40)	ABORTED	-	2026-09-13 06:52:29.000	-	-	-	-	-	-	-
660	7d/a5d6e0	59656784_34	NFCORE_MAG:MAG:ASSEMBLY:SHORTREAD_ASSEMBLY:MEGAHIT (strain_sample_36)	ABORTED	-	2026-09-13 06:52:29.000	-	-	-	-	-	-	-
661	47/5ba2ad	59656784_35	NFCORE_MAG:MAG:ASSEMBLY:SHORTREAD_ASSEMBLY:MEGAHIT (strain_sample_42)	ABORTED	-	2026-09-13 06:52:29.000	-	-	-	-	-	-	-
662	0d/4fcd52	59656784_36	NFCORE_MAG:MAG:ASSEMBLY:SHORTREAD_ASSEMBLY:MEGAHIT (strain_sample_41)	ABORTED	-	2026-09-13 06:52:29.000	-	-	-	-	-	-	-
663	94/4b2143	59656784_37	NFCORE_MAG:MAG:ASSEMBLY:SHORTREAD_ASSEMBLY:MEGAHIT (strain_sample_39)	ABORTED	-	2026-09-13 06:52:29.000	-	-	-	-	-	-	-
665	f1/6d246d	59656784_38	NFCORE_MAG:MAG:ASSEMBLY:SHORTREAD_ASSEMBLY:MEGAHIT (strain_sample_47)	ABORTED	-	2026-09-13 06:52:29.000	-	-	-	-	-	-	-
664	9e/3b3a0a	59656784_39	NFCORE_MAG:MAG:ASSEMBLY:SHORTREAD_ASSEMBLY:MEGAHIT (strain_sample_43)	ABORTED	-	2026-09-13 06:52:29.001	-	-	-	-	-	-	-
666	db/44be27	59656784_40	NFCORE_MAG:MAG:ASSEMBLY:SHORTREAD_ASSEMBLY:MEGAHIT (strain_sample_44)	ABORTED	-	2026-09-13 06:52:29.001	-	-	-	-	-	-	-
667	6c/26093c	59656784_41	NFCORE_MAG:MAG:ASSEMBLY:SHORTREAD_ASSEMBLY:MEGAHIT (strain_sample_52)	ABORTED	-	2026-09-13 06:52:29.001	-	-	-	-	-	-	-
669	35/a428c9	59656784_42	NFCORE_MAG:MAG:ASSEMBLY:SHORTREAD_ASSEMBLY:MEGAHIT (strain_sample_48)	ABORTED	-	2026-09-13 06:52:29.001	-	-	-	-	-	-	-
670	f7/9247cd	59656784_43	NFCORE_MAG:MAG:ASSEMBLY:SHORTREAD_ASSEMBLY:MEGAHIT (strain_sample_50)	ABORTED	-	2026-09-13 06:52:29.001	-	-	-	-	-	-	-
671	0a/4d291d	59656784_44	NFCORE_MAG:MAG:ASSEMBLY:SHORTREAD_ASSEMBLY:MEGAHIT (strain_sample_49)	ABORTED	-	2026-09-13 06:52:29.001	-	-	-	-	-	-	-
652	4b/c9c17c	59656784_45	NFCORE_MAG:MAG:ASSEMBLY:SHORTREAD_ASSEMBLY:MEGAHIT (strain_sample_31)	ABORTED	-	2026-09-13 06:52:29.001	-	-	-	-	-	-	-
674	fb/fa1f28	59656784_46	NFCORE_MAG:MAG:ASSEMBLY:SHORTREAD_ASSEMBLY:MEGAHIT (strain_sample_33)	ABORTED	-	2026-09-13 06:52:29.001	-	-	-	-	-	-	-
668	e5/e5e79e	59656784_47	NFCORE_MAG:MAG:ASSEMBLY:SHORTREAD_ASSEMBLY:MEGAHIT (strain_sample_45)	ABORTED	-	2026-09-13 06:52:29.001	-	-	-	-	-	-	-
672	ec/39cc70	59656784_48	NFCORE_MAG:MAG:ASSEMBLY:SHORTREAD_ASSEMBLY:MEGAHIT (strain_sample_53)	ABORTED	-	2026-09-13 06:52:29.001	-	-	-	-	-	-	-
675	16/8d346e	59656784_49	NFCORE_MAG:MAG:ASSEMBLY:SHORTREAD_ASSEMBLY:MEGAHIT (strain_sample_56)	ABORTED	-	2026-09-13 06:52:29.001	-	-	-	-	-	-	-
677	e5/eb2467	59656784_50	NFCORE_MAG:MAG:ASSEMBLY:SHORTREAD_ASSEMBLY:MEGAHIT (strain_sample_54)	ABORTED	-	2026-09-13 06:52:29.001	-	-	-	-	-	-	-
679	ca/e7d2c7	59656784_51	NFCORE_MAG:MAG:ASSEMBLY:SHORTREAD_ASSEMBLY:MEGAHIT (strain_sample_57)	ABORTED	-	2026-09-13 06:52:29.001	-	-	-	-	-	-	-
676	2d/1640cb	59656784_52	NFCORE_MAG:MAG:ASSEMBLY:SHORTREAD_ASSEMBLY:MEGAHIT (strain_sample_38)	ABORTED	-	2026-09-13 06:52:29.001	-	-	-	-	-	-	-
680	86/f9ec5e	59656784_53	NFCORE_MAG:MAG:ASSEMBLY:SHORTREAD_ASSEMBLY:MEGAHIT (strain_sample_55)	ABORTED	-	2026-09-13 06:52:29.001	-	-	-	-	-	-	-
681	b6/7429b6	59656784_54	NFCORE_MAG:MAG:ASSEMBLY:SHORTREAD_ASSEMBLY:MEGAHIT (strain_sample_60)	ABORTED	-	2026-09-13 06:52:29.001	-	-	-	-	-	-	-
682	1f/01ade7	59656784_55	NFCORE_MAG:MAG:ASSEMBLY:SHORTREAD_ASSEMBLY:MEGAHIT (strain_sample_61)	ABORTED	-	2026-09-13 06:52:29.001	-	-	-	-	-	-	-
678	7b/88bae8	59656784_56	NFCORE_MAG:MAG:ASSEMBLY:SHORTREAD_ASSEMBLY:MEGAHIT (strain_sample_58)	ABORTED	-	2026-09-13 06:52:29.001	-	-	-	-	-	-	-
673	a9/4c74ad	59656784_57	NFCORE_MAG:MAG:ASSEMBLY:SHORTREAD_ASSEMBLY:MEGAHIT (strain_sample_51)	ABORTED	-	2026-09-13 06:52:29.001	-	-	-	-	-	-	-
683	6a/c89507	59656784_58	NFCORE_MAG:MAG:ASSEMBLY:SHORTREAD_ASSEMBLY:MEGAHIT (strain_sample_59)	ABORTED	-	2026-09-13 06:52:29.001	-	-	-	-	-	-	-
684	9c/a6f50b	59656784_59	NFCORE_MAG:MAG:ASSEMBLY:SHORTREAD_ASSEMBLY:MEGAHIT (strain_sample_63)	ABORTED	-	2026-09-13 06:52:29.001	-	-	-	-	-	-	-
685	ea/92c564	59656784_60	NFCORE_MAG:MAG:ASSEMBLY:SHORTREAD_ASSEMBLY:MEGAHIT (strain_sample_64)	ABORTED	-	2026-09-13 06:52:29.001	-	-	-	-	-	-	-
686	8c/2119ad	59656784_61	NFCORE_MAG:MAG:ASSEMBLY:SHORTREAD_ASSEMBLY:MEGAHIT (strain_sample_67)	ABORTED	-	2026-09-13 06:52:29.001	-	-	-	-	-	-	-
687	fc/8302d9	59656784_62	NFCORE_MAG:MAG:ASSEMBLY:SHORTREAD_ASSEMBLY:MEGAHIT (strain_sample_65)	ABORTED	-	2026-09-13 06:52:29.001	-	-	-	-	-	-	-
690	96/156240	59656784_63	NFCORE_MAG:MAG:ASSEMBLY:SHORTREAD_ASSEMBLY:MEGAHIT (strain_sample_62)	ABORTED	-	2026-09-13 06:52:29.001	-	-	-	-	-	-	-
688	d8/581643	59656784_64	NFCORE_MAG:MAG:ASSEMBLY:SHORTREAD_ASSEMBLY:MEGAHIT (strain_sample_68)	ABORTED	-	2026-09-13 06:52:29.001	-	-	-	-	-	-	-
691	04/ab1e41	59656784_65	NFCORE_MAG:MAG:ASSEMBLY:SHORTREAD_ASSEMBLY:MEGAHIT (strain_sample_72)	ABORTED	-	2026-09-13 06:52:29.001	-	-	-	-	-	-	-
693	ab/34f422	59656784_66	NFCORE_MAG:MAG:ASSEMBLY:SHORTREAD_ASSEMBLY:MEGAHIT (strain_sample_70)	ABORTED	-	2026-09-13 06:52:29.001	-	-	-	-	-	-	-
694	fb/ea30fb	59656784_67	NFCORE_MAG:MAG:ASSEMBLY:SHORTREAD_ASSEMBLY:MEGAHIT (strain_sample_76)	ABORTED	-	2026-09-13 06:52:29.001	-	-	-	-	-	-	-
692	98/9628ac	59656784_68	NFCORE_MAG:MAG:ASSEMBLY:SHORTREAD_ASSEMBLY:MEGAHIT (strain_sample_69)	ABORTED	-	2026-09-13 06:52:29.001	-	-	-	-	-	-	-
695	2c/1735c2	59656784_69	NFCORE_MAG:MAG:ASSEMBLY:SHORTREAD_ASSEMBLY:MEGAHIT (strain_sample_75)	ABORTED	-	2026-09-13 06:52:29.001	-	-	-	-	-	-	-
696	1d/65c130	59656784_70	NFCORE_MAG:MAG:ASSEMBLY:SHORTREAD_ASSEMBLY:MEGAHIT (strain_sample_74)	ABORTED	-	2026-09-13 06:52:29.001	-	-	-	-	-	-	-
697	e1/556310	59656784_71	NFCORE_MAG:MAG:ASSEMBLY:SHORTREAD_ASSEMBLY:MEGAHIT (strain_sample_73)	ABORTED	-	2026-09-13 06:52:29.001	-	-	-	-	-	-	-
699	fb/9fc033	59656784_72	NFCORE_MAG:MAG:ASSEMBLY:SHORTREAD_ASSEMBLY:MEGAHIT (strain_sample_71)	ABORTED	-	2026-09-13 06:52:29.001	-	-	-	-	-	-	-
698	d4/4c8457	59656784_73	NFCORE_MAG:MAG:ASSEMBLY:SHORTREAD_ASSEMBLY:MEGAHIT (strain_sample_82)	ABORTED	-	2026-09-13 06:52:29.001	-	-	-	-	-	-	-
689	f9/7f1fa1	59656784_74	NFCORE_MAG:MAG:ASSEMBLY:SHORTREAD_ASSEMBLY:MEGAHIT (strain_sample_66)	ABORTED	-	2026-09-13 06:52:29.001	-	-	-	-	-	-	-
702	0e/f0f23d	59656784_75	NFCORE_MAG:MAG:ASSEMBLY:SHORTREAD_ASSEMBLY:MEGAHIT (strain_sample_80)	ABORTED	-	2026-09-13 06:52:29.001	-	-	-	-	-	-	-
701	25/247205	59656784_76	NFCORE_MAG:MAG:ASSEMBLY:SHORTREAD_ASSEMBLY:MEGAHIT (strain_sample_77)	ABORTED	-	2026-09-13 06:52:29.001	-	-	-	-	-	-	-
703	96/77f3a8	59656784_77	NFCORE_MAG:MAG:ASSEMBLY:SHORTREAD_ASSEMBLY:MEGAHIT (strain_sample_79)	ABORTED	-	2026-09-13 06:52:29.001	-	-	-	-	-	-	-
700	a9/0f2cac	59656784_78	NFCORE_MAG:MAG:ASSEMBLY:SHORTREAD_ASSEMBLY:MEGAHIT (strain_sample_81)	ABORTED	-	2026-09-13 06:52:29.001	-	-	-	-	-	-	-
706	83/1573b8	59656784_79	NFCORE_MAG:MAG:ASSEMBLY:SHORTREAD_ASSEMBLY:MEGAHIT (strain_sample_86)	ABORTED	-	2026-09-13 06:52:29.001	-	-	-	-	-	-	-
705	49/8bf026	59656784_80	NFCORE_MAG:MAG:ASSEMBLY:SHORTREAD_ASSEMBLY:MEGAHIT (strain_sample_84)	ABORTED	-	2026-09-13 06:52:29.001	-	-	-	-	-	-	-
704	ac/ed325a	59656784_81	NFCORE_MAG:MAG:ASSEMBLY:SHORTREAD_ASSEMBLY:MEGAHIT (strain_sample_83)	ABORTED	-	2026-09-13 06:52:29.001	-	-	-	-	-	-	-
707	1c/6393ed	59656784_82	NFCORE_MAG:MAG:ASSEMBLY:SHORTREAD_ASSEMBLY:MEGAHIT (strain_sample_78)	ABORTED	-	2026-09-13 06:52:29.001	-	-	-	-	-	-	-
708	24/f7f816	59656784_83	NFCORE_MAG:MAG:ASSEMBLY:SHORTREAD_ASSEMBLY:MEGAHIT (strain_sample_87)	ABORTED	-	2026-09-13 06:52:29.001	-	-	-	-	-	-	-
710	61/4645fe	59656784_84	NFCORE_MAG:MAG:ASSEMBLY:SHORTREAD_ASSEMBLY:MEGAHIT (strain_sample_90)	ABORTED	-	2026-09-13 06:52:29.001	-	-	-	-	-	-	-
709	4a/306c98	59656784_85	NFCORE_MAG:MAG:ASSEMBLY:SHORTREAD_ASSEMBLY:MEGAHIT (strain_sample_85)	ABORTED	-	2026-09-13 06:52:29.001	-	-	-	-	-	-	-
713	ec/148196	59656784_86	NFCORE_MAG:MAG:ASSEMBLY:SHORTREAD_ASSEMBLY:MEGAHIT (strain_sample_4)	ABORTED	-	2026-09-13 06:52:29.001	-	-	-	-	-	-	-
714	d1/c5dbf7	59656784_87	NFCORE_MAG:MAG:ASSEMBLY:SHORTREAD_ASSEMBLY:MEGAHIT (strain_sample_8)	ABORTED	-	2026-09-13 06:52:29.001	-	-	-	-	-	-	-
711	9e/c3731a	59656784_88	NFCORE_MAG:MAG:ASSEMBLY:SHORTREAD_ASSEMBLY:MEGAHIT (strain_sample_88)	ABORTED	-	2026-09-13 06:52:29.001	-	-	-	-	-	-	-
712	af/35dcc0	59656784_89	NFCORE_MAG:MAG:ASSEMBLY:SHORTREAD_ASSEMBLY:MEGAHIT (marine_sample_0)	ABORTED	-	2026-09-13 06:52:29.001	-	-	-	-	-	-	-
718	a6/7a1223	59656784_90	NFCORE_MAG:MAG:ASSEMBLY:SHORTREAD_ASSEMBLY:MEGAHIT (marine_sample_2)	ABORTED	-	2026-09-13 06:52:29.001	-	-	-	-	-	-	-
717	af/2528a7	59656784_91	NFCORE_MAG:MAG:ASSEMBLY:SHORTREAD_ASSEMBLY:MEGAHIT (marine_sample_7)	ABORTED	-	2026-09-13 06:52:29.001	-	-	-	-	-	-	-
716	8b/e5e7b9	59656784_92	NFCORE_MAG:MAG:ASSEMBLY:SHORTREAD_ASSEMBLY:MEGAHIT (strain_sample_46)	ABORTED	-	2026-09-13 06:52:29.001	-	-	-	-	-	-	-
720	ea/14a7f1	59656784_93	NFCORE_MAG:MAG:ASSEMBLY:SHORTREAD_ASSEMBLY:MEGAHIT (marine_sample_6)	ABORTED	-	2026-09-13 06:52:29.001	-	-	-	-	-	-	-
721	20/e30014	59656784_94	NFCORE_MAG:MAG:ASSEMBLY:SHORTREAD_ASSEMBLY:MEGAHIT (marine_sample_8)	ABORTED	-	2026-09-13 06:52:29.001	-	-	-	-	-	-	-
723	8e/44e6a4	59656784_95	NFCORE_MAG:MAG:ASSEMBLY:SHORTREAD_ASSEMBLY:MEGAHIT (marine_sample_1)	ABORTED	-	2026-09-13 06:52:29.001	-	-	-	-	-	-	-
722	a8/ad096e	59656784_96	NFCORE_MAG:MAG:ASSEMBLY:SHORTREAD_ASSEMBLY:MEGAHIT (marine_sample_3)	ABORTED	-	2026-09-13 06:52:29.001	-	-	-	-	-	-	-
715	87/6e1c28	59656784_97	NFCORE_MAG:MAG:ASSEMBLY:SHORTREAD_ASSEMBLY:MEGAHIT (marine_sample_5)	ABORTED	-	2026-09-13 06:52:29.001	-	-	-	-	-	-	-
724	e1/358fc5	59656784_98	NFCORE_MAG:MAG:ASSEMBLY:SHORTREAD_ASSEMBLY:MEGAHIT (marine_sample_4)	ABORTED	-	2026-09-13 06:52:29.001	-	-	-	-	-	-	-
727	36/a9ead8	59656784_99	NFCORE_MAG:MAG:ASSEMBLY:SHORTREAD_ASSEMBLY:MEGAHIT (toy_mousegut_sample_55)	ABORTED	-	2026-09-13 06:52:29.001	-	-	-	-	-	-	-
