study	bin	run	total_score	consistency	annotation_met	annotation_rxn	annotation_gene	annotation_sbo	reactions	reactions_n	metabolites	metabolites_n	genes	genes_n	compartments	compartments_n	metabolic_coverage	metabolic_coverage_n	pure_metabolic	pure_metabolic_n	transport	transport_n	medium	medium_n	stoich_inconsistent	stoich_inconsistent_n	mass_unbalanced	mass_unbalanced_n	charge_unbalanced	charge_unbalanced_n	formula_missing	formula_missing_n	charge_missing	charge_missing_n	disconnected	disconnected_n	unbounded_default	unbounded_default_n	blocked	blocked_n	deadends	deadends_n	orphans	orphans_n	balanced_cycles	balanced_cycles_n	duplicate_reactions	duplicate_reactions_n	growth_default	growth_default_n	growth_open	growth_open_n	fast_growth_default	fast_growth_default_n	biomass_consistency	biomass_consistency_n	precursors_blocked_default	precursors_blocked_default_n	precursors_blocked_open	precursors_blocked_open_n	precursors_missing	precursors_missing_n	rxn_no_gpr	rxn_no_gpr_n	transport_no_gpr	transport_no_gpr_n	complexes	complexes_n	identical_genes	identical_genes_n	met_unannotated	met_unannotated_n	rxn_unannotated	rxn_unannotated_n	gene_unannotated	gene_unannotated_n	degrees_of_freedom	degrees_of_freedom_n	rank	rank_n	conservation_relations	conservation_relations_n
karlsson2013	ERR260138_bin.19.s	repro_0913							1.0	1212	1.0	897	1.0	434	0.0	3	2.792626728110599	2	0.8795379537953796	1066	0.0	0	1.0	141	0.004459308807134894	4	1.0	1066	0.0	0	0.0	0	0.0	0	0.0	0	0.25280898876404495	135	0.0008250825082508251	1	0.0	0	0.0	0	0.04207920792079208	51	0.0	0	0.0	39.60913054632567	0.0	39.60913054632567	0.0	1.0	1.0	0.0	0.0	0	0.0	0	0.0196078431372549	1	0.29455445544554454	357	1.0	0	0.057755775577557754	70	0.3572607260726073	102	1.0	897	1.0	1212	1.0	434	0.27970297029702973	339	0.7202970297029703	873	0.012263099219620958	11
karlsson2013	ERR260138_bin.19.s	restored_0913							1.0	1212	1.0	897	1.0	434	0.0	3	2.792626728110599	2	0.6501650165016502	788	0.22937293729372937	278	1.0	141	0.004459308807134894	4	0.44090056285178236	470	0.0075046904315197	8	0.0	0	0.0	0	0.0	0	0.25280898876404495	135	0.0008250825082508251	1	0.0	0	0.0	0	0.04207920792079208	51	0.0	0	0.0	39.60913054632567	0.0	39.60913054632567	0.0	1.0	1.0	-4.144730370814716	0.0	0	0.0	0	0.0196078431372549	1	0.29455445544554454	357	0.3669064748201439	102	0.057755775577557754	70	0.3572607260726073	102	1.0	897	1.0	1212	1.0	434	0.27970297029702973	339	0.7202970297029703	873	0.011148272017837236	10
karlsson2013	ERR260138_bin.19.s	restored_017	0.2203029124788511	0.47125510827895045	0.25	0.25	0.0	0.0	1.0	1212	1.0	897	1.0	434	0.0	3	2.792626728110599	2	0.6501650165016502	788	0.22937293729372937	278	1.0	141	1.0	0.0	0.44090056285178236	470	0.0075046904315197	8	0.0	0	0.0	0	0.0	0	0.25280898876404495	135	0.0008250825082508251	1	0.0	0	0.0	0	0.04207920792079208	51	0.0	0	0.0	39.609130546325545	0.0	39.60913054632568	0.0	1.0	1.0	-4.144730370814716	0.0	0	0.0	0	0.0196078431372549	1	0.29455445544554454	357	0.3669064748201439	102	0.057755775577557754	70	0.3572607260726073	102	1.0	897	1.0	1212	1.0	434	0.27970297029702973	339	0.7202970297029703	873	0.011148272017837236	10
karlsson2013	ERR260138_bin.19.s	metagem_017	0.22304941338764378	0.47831753918727454	0.25	0.25	0.0	0.0	1.0	1194	1.0	885	1.0	433	0.0	3	2.7575057736720554	2	0.6423785594639866	767	0.2403685092127303	287	1.0	135	1.0	0.0	0.4449715370018975	469	0.004743833017077799	5	0.0	0	0.0	0	0.0	0	0.2020618556701031	98	0.01256281407035176	15	0.0	0	0.0	0	0.038525963149078725	46	0.0	0	0.0	39.29741149326951	0.0	39.29741149345562	0.0	1.0	1.0	-4.144730370814716	0.0	0	0.0	0	0.0196078431372549	1	0.2805695142378559	335	0.33797909407665505	97	0.059463986599664995	71	0.3768844221105528	105	1.0	885	1.0	1194	1.0	433	0.2797319932998325	334	0.7202680067001676	860	0.010169491525423728	9
karlsson2013	ERR260152_bin.18.p	repro_0913							1.0	1173	1.0	897	1.0	408	0.0	3	2.875	2	0.8917306052855924	1046	0.0	0	1.0	119	0.004459308807134894	4	1.0	1046	0.0	0	0.0	0	0.0	0	0.0	0	0.3093385214007782	159	0.01875532821824382	22	0.0	0	0.0	0	0.08695652173913043	102	0.0	0	0.0	18.893771681341637	0.0	18.893771681341637	0.0	1.0	1.0	0.0	0.0	0	0.0	0	0.0196078431372549	1	0.29752770673486784	349	1.0	0	0.056265984654731455	66	0.3895993179880648	123	1.0	897	1.0	1173	1.0	408	0.26427962489343565	310	0.7357203751065644	863	0.008918617614269788	8
karlsson2013	ERR260152_bin.18.p	restored_0913							1.0	1173	1.0	897	1.0	408	0.0	3	2.875	2	0.6768968456947997	794	0.21483375959079284	252	1.0	119	0.004459308807134894	4	0.43307839388145314	453	0.0	0	0.0	0	0.0	0	0.0	0	0.3093385214007782	159	0.01875532821824382	22	0.0	0	0.0	0	0.08695652173913043	102	0.0	0	0.0	18.893771681341637	0.0	18.893771681341637	0.0	1.0	1.0	-4.144730370814716	0.0	0	0.0	0	0.0196078431372549	1	0.29752770673486784	349	0.4087301587301587	103	0.056265984654731455	66	0.3895993179880648	123	1.0	897	1.0	1173	1.0	408	0.26427962489343565	310	0.7357203751065644	863	0.008918617614269788	8
karlsson2013	ERR260152_bin.18.p	restored_017	0.2180138750769131	0.46536901210253845	0.25	0.25	0.0	0.0	1.0	1173	1.0	897	1.0	408	0.0	3	2.875	2	0.6768968456947997	794	0.21483375959079284	252	1.0	119	1.0	0.0	0.43307839388145314	453	0.0	0	0.0	0	0.0	0	0.0	0	0.3093385214007782	159	0.01875532821824382	22	0.0	0	0.0	0	0.08695652173913043	102	0.0	0	0.0	18.893771681341686	0.0	18.893771681341583	0.0	1.0	1.0	-4.144730370814716	0.0	0	0.0	0	0.0196078431372549	1	0.29752770673486784	349	0.4087301587301587	103	0.056265984654731455	66	0.3895993179880648	123	1.0	897	1.0	1173	1.0	408	0.26427962489343565	310	0.7357203751065644	863	0.008918617614269788	8
karlsson2013	ERR260152_bin.18.p	metagem_017	0.21891555488046718	0.46768761731167746	0.25	0.25	0.0	0.0	1.0	1175	1.0	908	1.0	410	0.0	3	2.8658536585365852	2	0.6706382978723404	788	0.21872340425531914	257	1.0	122	1.0	0.0	0.430622009569378	450	0.0019138755980861245	2	0.0	0	0.0	0	0.0	0	0.29365079365079366	148	0.020425531914893616	24	0.0	0	0.0	0	0.08	94	0.0	0	0.0	24.438677281088918	0.0	24.43867728111138	0.0	1.0	1.0	-4.144730370814716	0.0	0	0.0	0	0.0196078431372549	1	0.2978723404255319	350	0.4163424124513619	107	0.05617021276595745	66	0.38468085106382977	122	1.0	908	1.0	1175	1.0	410	0.2553191489361702	300	0.7446808510638298	875	0.009911894273127754	9
karlsson2013	ERR260152_bin.9.s	repro_0913							1.0	1635	1.0	1167	1.0	664	0.0	3	2.4623493975903616	2	0.8856269113149847	1448	0.0	0	1.0	178	0.003427592116538132	4	1.0	1448	0.0	0	0.0	0	0.0	0	0.0	0	0.3129251700680272	184	0.01529051987767584	25	0.0	0	0.0	0	0.05137614678899083	84	0.0	0	0.0	39.763355452863536	0.0	39.763355452863536	0.0	1.0	1.0	0.0	0.0	0	0.0	0	0.0196078431372549	1	0.24464831804281345	400	1.0	0	0.0801223241590214	131	0.39755351681957185	169	1.0	1167	1.0	1635	1.0	664	0.3076452599388379	503	0.692354740061162	1132	0.029991431019708654	35
karlsson2013	ERR260152_bin.9.s	restored_0913							1.0	1635	1.0	1167	1.0	664	0.0	3	2.4623493975903616	2	0.6165137614678899	1008	0.2691131498470948	440	1.0	178	0.003427592116538132	4	0.43784530386740333	634	0.0	0	0.0	0	0.0	0	0.0	0	0.3129251700680272	184	0.01529051987767584	25	0.0	0	0.0	0	0.05137614678899083	84	0.0	0	0.0	39.763355452863536	0.0	39.763355452863536	0.0	1.0	1.0	-4.144730370814716	0.0	0	0.0	0	0.0196078431372549	1	0.24464831804281345	400	0.30227272727272725	133	0.0801223241590214	131	0.39755351681957185	169	1.0	1167	1.0	1635	1.0	664	0.3076452599388379	503	0.692354740061162	1132	0.029991431019708654	35
karlsson2013	ERR260152_bin.9.s	restored_017	0.21754978848506867	0.46417564658065275	0.25	0.25	0.0	0.0	1.0	1635	1.0	1167	1.0	664	0.0	3	2.4623493975903616	2	0.6165137614678899	1008	0.2691131498470948	440	1.0	178	1.0	0.0	0.43784530386740333	634	0.0	0	0.0	0	0.0	0	0.0	0	0.3129251700680272	184	0.01529051987767584	25	0.0	0	0.0	0	0.05137614678899083	84	0.0	0	0.0	39.76335545286359	0.0	39.76335545286367	0.0	1.0	1.0	-4.144730370814716	0.0	0	0.0	0	0.0196078431372549	1	0.24464831804281345	400	0.30227272727272725	133	0.0801223241590214	131	0.39755351681957185	169	1.0	1167	1.0	1635	1.0	664	0.3076452599388379	503	0.692354740061162	1132	0.029991431019708654	35
karlsson2013	ERR260152_bin.9.s	metagem_017	0.221185060476358	0.4735234888439682	0.25	0.25	0.0	0.0	1.0	1395	1.0	977	1.0	648	0.0	3	2.1527777777777777	2	0.628673835125448	877	0.25663082437275986	358	1.0	152	1.0	0.0	0.4477732793522267	553	0.0032388663967611335	4	0.0	0	0.0	0	0.0	0	0.23432343234323433	142	0.013620071684587814	19	0.0	0	0.0	0	0.06594982078853047	92	0.0	0	0.0	53.11775526641853	0.0	53.11775526641846	0.0	1.0	1.0	-4.144730370814716	0.0	0	0.0	0	0.0196078431372549	1	0.18996415770609318	265	0.2709497206703911	97	0.08243727598566308	115	0.41935483870967744	156	1.0	977	1.0	1395	1.0	648	0.3225806451612903	450	0.6774193548387096	945	0.032753326509723645	32
karlsson2013	ERR260163_bin.24.p	repro_0913							1.0	1137	1.0	859	1.0	433	0.0	3	2.6258660508083143	2	0.882145998240985	1003	0.0	0	1.0	125	0.0034924330616996507	3	1.0	1003	0.0	0	0.0	0	0.0	0	0.0	0	0.20044543429844097	90	0.012313104661389622	14	0.0	0	0.0	0	0.028144239226033423	32	0.0	0	0.0	50.473721111344275	0.0	50.473721111344275	0.0	1.0	1.0	0.0	0.0	0	0.0	0	0.0196078431372549	1	0.28144239226033424	320	1.0	0	0.08970976253298153	102	0.36939313984168864	115	1.0	859	1.0	1137	1.0	433	0.27440633245382584	312	0.7255936675461742	825	0.01629802095459837	14
karlsson2013	ERR260163_bin.24.p	restored_0913							1.0	1137	1.0	859	1.0	433	0.0	3	2.6258660508083143	2	0.6385224274406333	726	0.2436235708003518	277	1.0	125	0.0034924330616996507	3	0.44666001994017945	448	0.010967098703888335	11	0.0	0	0.0	0	0.0	0	0.20044543429844097	90	0.012313104661389622	14	0.0	0	0.0	0	0.028144239226033423	32	0.0	0	0.0	50.473721111344275	0.0	50.473721111344275	0.0	1.0	1.0	-4.144730370814716	0.0	0	0.0	0	0.0196078431372549	1	0.28144239226033424	320	0.33574007220216606	93	0.08970976253298153	102	0.36939313984168864	115	1.0	859	1.0	1137	1.0	433	0.27440633245382584	312	0.7255936675461742	825	0.017462165308498253	15
karlsson2013	ERR260163_bin.24.p	restored_017	0.2226996729846754	0.47741820672249874	0.25	0.25	0.0	0.0	1.0	1137	1.0	859	1.0	433	0.0	3	2.6258660508083143	2	0.6385224274406333	726	0.2436235708003518	277	1.0	125	1.0	0.0	0.44666001994017945	448	0.010967098703888335	11	0.0	0	0.0	0	0.0	0	0.20044543429844097	90	0.012313104661389622	14	0.0	0	0.0	0	0.028144239226033423	32	0.0	0	0.0	50.47372111134434	0.0	50.47372111134438	0.0	1.0	1.0	-4.144730370814716	0.0	0	0.0	0	0.0196078431372549	1	0.28144239226033424	320	0.33574007220216606	93	0.08970976253298153	102	0.36939313984168864	115	1.0	859	1.0	1137	1.0	433	0.27440633245382584	312	0.7255936675461742	825	0.01629802095459837	14
karlsson2013	ERR260163_bin.24.p	metagem_017	0.2170536247272804	0.46289979691776867	0.25	0.25	0.0	0.0	1.0	1171	1.0	871	1.0	432	0.0	3	2.7106481481481484	2	0.6285226302305722	736	0.24679760888129804	289	1.0	136	1.0	0.0	0.44682926829268294	458	0.006829268292682927	7	0.0	0	0.0	0	0.0	0	0.3060428849902534	157	0.004269854824935952	5	0.0	0	0.0	0	0.04099060631938514	48	0.0	0	0.0	46.22653366673625	0.0	46.22653366673623	0.0	1.0	1.0	-4.144730370814716	0.0	0	0.0	0	0.0196078431372549	1	0.2937660119555935	344	0.3633217993079585	105	0.09222886421861656	108	0.3595217762596072	117	1.0	871	1.0	1171	1.0	432	0.28095644748078563	329	0.7190435525192144	842	0.012629161882893225	11
karlsson2013	ERR260165_bin.18.p	repro_0913							1.0	1344	1.0	943	1.0	657	0.0	3	2.045662100456621	2	0.8943452380952381	1202	0.0	0	1.0	136	0.0042417815482502655	4	1.0	1202	0.0	0	0.0	0	0.0	0	0.0	0	0.2196652719665272	105	0.009672619047619048	13	0.0	0	0.0	0	0.05282738095238095	71	0.0	0	0.0	49.35991380592095	0.0	49.35991380592095	0.0	1.0	1.0	0.0	0.0	0	0.0	0	0.0196078431372549	1	0.19717261904761904	265	1.0	0	0.08482142857142858	114	0.40476190476190477	148	1.0	943	1.0	1344	1.0	657	0.31845238095238093	428	0.6815476190476191	916	0.02863202545068929	27
karlsson2013	ERR260165_bin.18.p	restored_0913							1.0	1344	1.0	943	1.0	657	0.0	3	2.045662100456621	2	0.6458333333333334	868	0.24851190476190477	334	1.0	136	0.0042417815482502655	4	0.4509151414309484	542	0.0	0	0.0	0	0.0	0	0.0	0	0.2196652719665272	105	0.009672619047619048	13	0.0	0	0.0	0	0.05282738095238095	71	0.0	0	0.0	49.35991380592095	0.0	49.35991380592095	0.0	1.0	1.0	-4.144730370814716	0.0	0	0.0	0	0.0196078431372549	1	0.19717261904761904	265	0.32934131736526945	110	0.08482142857142858	114	0.40476190476190477	148	1.0	943	1.0	1344	1.0	657	0.31845238095238093	428	0.6815476190476191	916	0.02863202545068929	27
karlsson2013	ERR260165_bin.18.p	restored_017	0.2222548661560827	0.4762744177346888	0.25	0.25	0.0	0.0	1.0	1344	1.0	943	1.0	657	0.0	3	2.045662100456621	2	0.6458333333333334	868	0.24851190476190477	334	1.0	136	1.0	0.0	0.4509151414309484	542	0.0	0	0.0	0	0.0	0	0.0	0	0.2151639344262295	105	0.009672619047619048	13	0.0	0	0.0	0	0.05282738095238095	71	0.0	0	0.0	49.3599138059211	0.0	49.35991380592097	0.0	1.0	1.0	-4.144730370814716	0.0	0	0.0	0	0.0196078431372549	1	0.19717261904761904	265	0.32934131736526945	110	0.08482142857142858	114	0.40476190476190477	148	1.0	943	1.0	1344	1.0	657	0.31845238095238093	428	0.6815476190476191	916	0.02863202545068929	27
karlsson2013	ERR260165_bin.18.p	metagem_017	0.2206317153026135	0.47210060125433945	0.25	0.25	0.0	0.0	1.0	1357	1.0	959	1.0	659	0.0	3	2.0591805766312596	2	0.6514369933677229	884	0.24244657332350775	329	1.0	138	1.0	0.0	0.4542456718878813	551	0.0	0	0.0	0	0.0	0	0.0	0	0.24105011933174225	101	0.010316875460574797	14	0.0	0	0.0	0	0.03831982313927782	52	0.0	0	0.0	46.08123151230779	0.0	46.08123151230764	0.0	1.0	1.0	-4.144730370814716	0.0	0	0.0	0	0.0196078431372549	1	0.20265291083271925	275	0.331306990881459	109	0.08548268238761975	116	0.40604274134119384	152	1.0	959	1.0	1357	1.0	659	0.313927781871776	426	0.686072218128224	931	0.029197080291970802	28
karlsson2013	ERR260167_bin.1.p	repro_0913							1.0	1655	1.0	1150	1.0	696	0.0	3	2.3778735632183907	2	0.8990936555891239	1488	0.0	0	1.0	161	0.0052173913043478265	6	1.0	1488	0.0	0	0.0	0	0.0	0	0.0	0	0.421875	324	0.018731117824773415	31	0.0	0	0.0	0	0.05800604229607251	96	0.0	0	0.0	34.63085265810131	0.0	34.63085265810131	0.0	1.0	1.0	0.0	0.0	0	0.0	0	0.0196078431372549	1	0.1903323262839879	315	1.0	0	0.08459214501510574	140	0.461631419939577	188	1.0	1150	1.0	1655	1.0	696	0.3268882175226586	541	0.6731117824773414	1114	0.00782608695652174	9
karlsson2013	ERR260167_bin.1.p	restored_0913							1.0	1655	1.0	1150	1.0	696	0.0	3	2.3778735632183907	2	0.6314199395770392	1045	0.2676737160120846	443	1.0	161	0.0052173913043478265	6	0.4106182795698925	611	0.0013440860215053765	2	0.0	0	0.0	0	0.0	0	0.421875	324	0.018731117824773415	31	0.0	0	0.0	0	0.05800604229607251	96	0.0	0	0.0	34.63085265810131	0.0	34.63085265810131	0.0	1.0	1.0	-4.144730370814716	0.0	0	0.0	0	0.0196078431372549	1	0.1903323262839879	315	0.2799097065462754	124	0.08459214501510574	140	0.461631419939577	188	1.0	1150	1.0	1655	1.0	696	0.3268882175226586	541	0.6731117824773414	1114	0.00782608695652174	9
karlsson2013	ERR260167_bin.1.p	restored_017	0.21293496117084826	0.45230894777265745	0.25	0.25	0.0	0.0	1.0	1655	1.0	1150	1.0	696	0.0	3	2.3778735632183907	2	0.6314199395770392	1045	0.2676737160120846	443	1.0	161	1.0	0.0	0.4106182795698925	611	0.0013440860215053765	2	0.0	0	0.0	0	0.0	0	0.421875	324	0.018731117824773415	31	0.0	0	0.0	0	0.05800604229607251	96	0.0	0	0.0	34.63085265810143	0.0	34.630852658101375	0.0	1.0	1.0	-4.144730370814716	0.0	0	0.0	0	0.0196078431372549	1	0.1903323262839879	315	0.2799097065462754	124	0.08459214501510574	140	0.461631419939577	188	1.0	1150	1.0	1655	1.0	696	0.3274924471299094	542	0.6725075528700907	1113	0.00782608695652174	9
karlsson2013	ERR260167_bin.1.p	metagem_017	0.21627239238970364	0.4608909137639999	0.25	0.25	0.0	0.0	1.0	1621	1.0	1122	1.0	686	0.0	3	2.3629737609329444	2	0.6310919185687847	1023	0.2677359654534238	434	1.0	158	1.0	0.0	0.4166094715168154	607	0.0013726835964310226	2	0.0	0	0.0	0	0.0	0	0.35578144853875476	280	0.022208513263417645	36	0.0	0	0.0	0	0.061690314620604564	100	0.0	0	0.0	33.914836794017674	0.0	33.91483679401776	0.0	1.0	1.0	-4.144730370814716	0.0	0	0.0	0	0.0196078431372549	1	0.1881554595928439	305	0.28110599078341014	122	0.0863664404688464	140	0.4639111659469463	185	1.0	1122	1.0	1621	1.0	686	0.33189389265885255	538	0.6681061073411474	1083	0.008021390374331552	9
karlsson2013	ERR260172_bin.46.s	repro_0913							1.0	1415	1.0	1007	1.0	669	0.0	3	2.115097159940209	2	0.880565371024735	1246	0.0	0	1.0	163	0.0029791459781529296	3	1.0	1246	0.0	0	0.0	0	0.0	0	0.0	0	0.32432432432432434	192	0.022614840989399292	32	0.0	0	0.0	0	0.045936395759717315	65	0.0	0	0.0	15.55713789533953	0.0	15.55713789533953	0.0	1.0	1.0	0.0	0.0	0	0.0	0	0.0196078431372549	1	0.18374558303886926	260	1.0	0	0.10530035335689046	149	0.43392226148409896	149	1.0	1007	1.0	1415	1.0	669	0.30742049469964666	435	0.6925795053003534	980	0.026812313803376366	27
karlsson2013	ERR260172_bin.46.s	restored_0913							1.0	1415	1.0	1007	1.0	669	0.0	3	2.115097159940209	2	0.6056537102473498	857	0.27491166077738516	389	1.0	163	0.0029791459781529296	3	0.4446227929373997	554	0.0	0	0.0	0	0.0	0	0.0	0	0.32432432432432434	192	0.022614840989399292	32	0.0	0	0.0	0	0.045936395759717315	65	0.0	0	0.0	15.55713789533953	0.0	15.55713789533953	0.0	1.0	1.0	-4.144730370814716	0.0	0	0.0	0	0.0196078431372549	1	0.18374558303886926	260	0.2133676092544987	83	0.10530035335689046	149	0.43392226148409896	149	1.0	1007	1.0	1415	1.0	669	0.30742049469964666	435	0.6925795053003534	980	0.026812313803376366	27
karlsson2013	ERR260172_bin.46.s	restored_017	0.2165399749669413	0.4615789832483252	0.25	0.25	0.0	0.0	1.0	1415	1.0	1007	1.0	669	0.0	3	2.115097159940209	2	0.6056537102473498	857	0.27491166077738516	389	1.0	163	1.0	0.0	0.4446227929373997	554	0.0	0	0.0	0	0.0	0	0.0	0	0.32432432432432434	192	0.022614840989399292	32	0.0	0	0.0	0	0.045936395759717315	65	0.0	0	0.0	15.557137895339505	0.0	15.557137895339551	0.0	1.0	1.0	-4.144730370814716	0.0	0	0.0	0	0.0196078431372549	1	0.18374558303886926	260	0.2133676092544987	83	0.10530035335689046	149	0.43392226148409896	149	1.0	1007	1.0	1415	1.0	669	0.30742049469964666	435	0.6925795053003534	980	0.026812313803376366	27
karlsson2013	ERR260172_bin.46.s	metagem_017	0.20861571233151618	0.4412023079000892	0.25	0.25	0.0	0.0	1.0	1687	1.0	1198	1.0	686	0.0	3	2.4591836734693877	2	0.5963248369887374	1006	0.2821576763485477	476	1.0	196	1.0	0.0	0.4136302294197031	613	0.0	0	0.0	0	0.0	0	0.0	0	0.4979536152796726	365	0.0023710729104919974	4	0.0	0	0.0	0	0.05927682276229994	100	0.0	0	0.0	16.29061735609258	0.0	16.29061735609269	0.0	1.0	1.0	-4.144730370814716	0.0	0	0.0	0	0.0196078431372549	1	0.2554831061055127	431	0.296218487394958	141	0.0948429164196799	160	0.3941908713692946	163	1.0	1198	1.0	1687	1.0	686	0.3076467101363367	519	0.6923532898636633	1168	0.025041736227045076	30
karlsson2013	ERR260172_bin.9.s	repro_0913							1.0	1468	1.0	1027	1.0	656	0.0	3	2.2378048780487805	2	0.8862397820163488	1301	0.0	0	1.0	161	0.0029211295034079843	3	1.0	1301	0.0	0	0.0	0	0.0	0	0.0	0	0.3812405446293495	252	0.0006811989100817438	1	0.0	0	0.0	0	0.0667574931880109	98	0.0	0	0.0	31.742614138618887	0.0	31.742614138618887	0.0	1.0	1.0	0.0	0.0	0	0.0	0	0.0196078431372549	1	0.2098092643051771	308	1.0	0	0.07833787465940055	115	0.4100817438692098	156	1.0	1027	1.0	1468	1.0	656	0.3194822888283379	469	0.6805177111716622	999	0.027263875365141188	28
karlsson2013	ERR260175_bin.21.s	repro_0913							1.0	743	1.0	622	1.0	104	0.0	3	7.144230769230769	2	0.8559892328398385	636	0.0	0	1.0	102	0.0	0	1.0	636	0.0	0	0.0	0	0.0	0	0.0	0	0.13043478260869565	36	0.021534320323014805	16	0.001607717041800643	1	0.001607717041800643	1	0.02826379542395693	21	0.0	0	0.0	27.85668734843186	0.0	27.85668734843186	0.0	1.0	1.0	0.0	0.0	0	0.0	0	0.0196078431372549	1	0.5087483176312247	378	1.0	0	0.016150740242261104	12	0.2759084791386272	44	1.0	622	1.0	743	1.0	104	0.21668909825033647	161	0.7833109017496636	582	0.06430868167202572	40
karlsson2013	ERR260175_bin.21.s	restored_0913							1.0	743	1.0	622	1.0	104	0.0	3	7.144230769230769	2	0.5248990578734859	390	0.3310901749663526	246	1.0	102	0.0	0	0.4009433962264151	255	0.025157232704402517	16	0.0	0	0.0	0	0.0	0	0.13846153846153847	36	0.021534320323014805	16	0.001607717041800643	1	0.001607717041800643	1	0.02826379542395693	21	0.0	0	0.0	27.85668734843186	0.0	27.85668734843186	0.0	1.0	1.0	-4.144730370814716	0.0	0	0.0	0	0.0196078431372549	1	0.5087483176312247	378	0.5	123	0.016150740242261104	12	0.2759084791386272	44	1.0	622	1.0	743	1.0	104	0.21668909825033647	161	0.7833109017496636	582	0.06430868167202572	40
karlsson2013	ERR260175_bin.21.s	restored_017	0.39456136107079504	0.919348261801092	0.25	0.25	0.0	0.0	1.0	743	1.0	622	1.0	104	0.0	3	7.144230769230769	2	0.5248990578734859	390	0.3310901749663526	246	1.0	102	0.0	1.0	0.4009433962264151	255	0.025157232704402517	16	0.0	0	0.0	0	0.0	0	0.13846153846153847	36	0.021534320323014805	16	0.0	0	0.0	0	0.02826379542395693	21	0.0	0	0.0	27.856687348359827	0.0	27.856687348359785	0.0	1.0	1.0	-4.144730370814716	0.0	0	0.0	0	0.0196078431372549	1	0.5087483176312247	378	0.5	123	0.016150740242261104	12	0.2759084791386272	44	1.0	622	1.0	743	1.0	104	0.21668909825033647	161	0.7833109017496636	582	0.06430868167202572	40
karlsson2013	ERR260175_bin.21.s	metagem_017	0.3947049065029806	0.9197173786267122	0.25	0.25	0.0	0.0	1.0	721	1.0	617	1.0	99	0.0	3	7.282828282828283	2	0.5547850208044383	400	0.30097087378640774	217	1.0	97	0.0	1.0	0.4165316045380875	257	0.05186385737439222	32	0.0	0	0.0	0	0.0	0	0.09358288770053476	35	0.013869625520110958	10	0.0	0	0.0	0	0.026352288488210817	19	0.0	0	0.0	37.99583485082521	0.0	38.01035681770107	0.0	1.0	1.0	-4.144730370814716	0.0	0	0.0	0	0.0196078431372549	1	0.5409153952843273	390	0.5345622119815668	116	0.016643550624133148	12	0.24271844660194175	40	1.0	617	1.0	721	1.0	99	0.1955617198335645	141	0.8044382801664355	580	0.059967585089141004	37
karlsson2013	ERR260176_bin.15.o	repro_0913							1.0	1348	1.0	983	1.0	421	0.0	3	3.201900237529691	2	0.8850148367952523	1193	0.0	0	1.0	150	0.0	0	1.0	1193	0.0	0	0.0	0	0.0	0	0.0	0	0.3599374021909233	230	0.030415430267062313	41	0.0	0	0.0	0	0.034866468842729974	47	0.0	0	0.0	31.920083974860223	0.0	31.920083974860223	0.0	1.0	1.0	0.0	0.0	0	0.0	0	0.0196078431372549	1	0.2166172106824926	292	1.0	0	0.05712166172106825	77	0.49332344213649854	156	1.0	983	1.0	1348	1.0	421	0.29673590504451036	400	0.7032640949554896	948	0.007121057985757884	7
karlsson2013	ERR260176_bin.15.o	restored_0913							1.0	1348	1.0	983	1.0	421	0.0	3	3.201900237529691	2	0.5956973293768546	803	0.2893175074183976	390	1.0	150	0.0	0	0.4316848281642917	515	0.002514668901927913	3	0.0	0	0.0	0	0.0	0	0.3599374021909233	230	0.030415430267062313	41	0.0	0	0.0	0	0.034866468842729974	47	0.0	0	0.0	31.920083974860223	0.0	31.920083974860223	0.0	1.0	1.0	-4.144730370814716	0.0	0	0.0	0	0.0196078431372549	1	0.2166172106824926	292	0.2717948717948718	106	0.05712166172106825	77	0.49332344213649854	156	1.0	983	1.0	1348	1.0	421	0.29673590504451036	400	0.7032640949554896	948	0.007121057985757884	7
karlsson2013	ERR260176_bin.15.o	restored_017	0.3818072093005291	0.8865518715346938	0.25	0.25	0.0	0.0	1.0	1348	1.0	983	1.0	421	0.0	3	3.201900237529691	2	0.5956973293768546	803	0.2893175074183976	390	1.0	150	0.0	1.0	0.4316848281642917	515	0.002514668901927913	3	0.0	0	0.0	0	0.0	0	0.3599374021909233	230	0.030415430267062313	41	0.0	0	0.0	0	0.034866468842729974	47	0.0	0	0.0	31.92008397486492	0.0	31.920083974864887	0.0	1.0	1.0	-4.144730370814716	0.0	0	0.0	0	0.0196078431372549	1	0.2166172106824926	292	0.2717948717948718	106	0.05712166172106825	77	0.49332344213649854	156	1.0	983	1.0	1348	1.0	421	0.29673590504451036	400	0.7032640949554896	948	0.007121057985757884	7
karlsson2013	ERR260176_bin.15.o	metagem_017	0.38446061317718877	0.893374910074676	0.25	0.25	0.0	0.0	1.0	1562	1.0	1163	1.0	442	0.0	3	3.5339366515837103	2	0.6037131882202305	943	0.2797695262483995	437	1.0	176	0.0	1.0	0.41304347826086957	570	0.002173913043478261	3	0.0	0	0.0	0	0.0	0	0.33115823817292006	203	0.03649167733674776	57	0.0	0	0.0	0	0.024327784891165175	38	0.0	0	0.0	34.809211937890005	0.0	34.809211937890026	0.0	1.0	1.0	-4.144730370814716	0.0	0	0.0	0	0.0196078431372549	1	0.27208706786171577	425	0.2997711670480549	131	0.056338028169014086	88	0.4532650448143406	167	1.0	1163	1.0	1562	1.0	442	0.27784891165172854	434	0.7221510883482715	1128	0.009458297506448839	11
karlsson2013	ERR260176_bin.30.s	repro_0913							1.0	1382	1.0	1011	1.0	482	0.0	3	2.867219917012448	2	0.8936324167872648	1235	0.0	0	1.0	139	0.003956478733926805	4	1.0	1235	0.0	0	0.0	0	0.0	0	0.0	0	0.27060931899641577	151	0.020260492040520984	28	0.0	0	0.0	0	0.03762662807525326	52	0.0	0	0.0	60.79397761971279	0.0	60.79397761971279	0.0	1.0	1.0	0.0	0.0	0	0.0	0	0.0196078431372549	1	0.2532561505065123	350	1.0	0	0.04052098408104197	56	0.4479015918958032	156	1.0	1011	1.0	1382	1.0	482	0.2858176555716353	395	0.7141823444283647	987	0.009891196834817012	10
karlsson2013	ERR260176_bin.30.s	restored_0913							1.0	1382	1.0	1011	1.0	482	0.0	3	2.867219917012448	2	0.6562952243125905	907	0.23733719247467439	328	1.0	139	0.003956478733926805	4	0.4291497975708502	530	0.0072874493927125505	9	0.0	0	0.0	0	0.0	0	0.27060931899641577	151	0.020260492040520984	28	0.0	0	0.0	0	0.03762662807525326	52	0.0	0	0.0	60.79397761971279	0.0	60.79397761971279	0.0	1.0	1.0	-4.144730370814716	0.0	0	0.0	0	0.0196078431372549	1	0.2532561505065123	350	0.3567073170731707	117	0.04052098408104197	56	0.4479015918958032	156	1.0	1011	1.0	1382	1.0	482	0.2858176555716353	395	0.7141823444283647	987	0.009891196834817012	10
karlsson2013	ERR260176_bin.30.s	restored_017	0.2199788944837049	0.4704219191485745	0.25	0.25	0.0	0.0	1.0	1382	1.0	1011	1.0	482	0.0	3	2.867219917012448	2	0.6562952243125905	907	0.23733719247467439	328	1.0	139	1.0	0.0	0.4291497975708502	530	0.0072874493927125505	9	0.0	0	0.0	0	0.0	0	0.27060931899641577	151	0.020260492040520984	28	0.0	0	0.0	0	0.03762662807525326	52	0.0	0	0.0	60.79397761971276	0.0	60.79397761971285	0.0	1.0	1.0	-4.144730370814716	0.0	0	0.0	0	0.0196078431372549	1	0.2532561505065123	350	0.3567073170731707	117	0.04052098408104197	56	0.4479015918958032	156	1.0	1011	1.0	1382	1.0	482	0.2858176555716353	395	0.7141823444283647	987	0.009891196834817012	10
karlsson2013	ERR260176_bin.30.s	metagem_017	0.22010503783353247	0.4707462877624168	0.25	0.25	0.0	0.0	1.0	1346	1.0	991	1.0	483	0.0	3	2.7867494824016563	2	0.6545319465081724	881	0.23699851411589895	319	1.0	138	1.0	0.0	0.43	516	0.004166666666666667	5	0.0	0	0.0	0	0.0	0	0.27060931899641577	151	0.018573551263001486	25	0.0	0	0.0	0	0.034918276374442794	47	0.0	0	0.0	47.155161735811916	0.0	47.15516173581497	0.0	1.0	1.0	-4.144730370814716	0.0	0	0.0	0	0.0196078431372549	1	0.24814264487369986	334	0.329153605015674	105	0.04309063893016345	58	0.44353640416047546	153	1.0	991	1.0	1346	1.0	483	0.2815750371471025	379	0.7184249628528975	967	0.009081735620585268	9
karlsson2013	ERR260177_bin.37.o	repro_0913							1.0	1609	1.0	1108	1.0	689	0.0	3	2.3352685050798256	2	0.8986948415164698	1446	0.0	0	1.0	157	0.005415162454873646	6	1.0	1446	0.0	0	0.0	0	0.0	0	0.0	0	0.4064102564102564	317	0.013673088875077687	22	0.0	0	0.0	0	0.05966438781852082	96	0.0	0	0.0	33.83950605908067	0.0	33.83950605908067	0.0	1.0	1.0	0.0	0.0	0	0.0	0	0.0196078431372549	1	0.19142324425108764	308	1.0	0	0.08141702921068987	131	0.4592914853946551	189	1.0	1108	1.0	1609	1.0	689	0.3331261653200746	536	0.6668738346799254	1073	0.008122743682310469	9
karlsson2013	ERR260177_bin.37.o	restored_0913							1.0	1609	1.0	1108	1.0	689	0.0	3	2.3352685050798256	2	0.6389061528899938	1028	0.2597886886264761	418	1.0	157	0.005415162454873646	6	0.4149377593360996	600	0.0013831258644536654	2	0.0	0	0.0	0	0.0	0	0.4064102564102564	317	0.013673088875077687	22	0.0	0	0.0	0	0.05966438781852082	96	0.0	0	0.0	33.83950605908067	0.0	33.83950605908067	0.0	1.0	1.0	-4.144730370814716	0.0	0	0.0	0	0.0196078431372549	1	0.19142324425108764	308	0.2703349282296651	113	0.08141702921068987	131	0.4592914853946551	189	1.0	1108	1.0	1609	1.0	689	0.3331261653200746	536	0.6668738346799254	1073	0.007220216606498195	8
karlsson2013	ERR260177_bin.37.o	restored_017	0.21355197361421427	0.45389555119845576	0.25	0.25	0.0	0.0	1.0	1609	1.0	1108	1.0	689	0.0	3	2.3352685050798256	2	0.6389061528899938	1028	0.2597886886264761	418	1.0	157	1.0	0.0	0.4149377593360996	600	0.0013831258644536654	2	0.0	0	0.0	0	0.0	0	0.4064102564102564	317	0.013673088875077687	22	0.0	0	0.0	0	0.05966438781852082	96	0.0	0	0.0	33.83950605908084	0.0	33.839506059080705	0.0	1.0	1.0	-4.144730370814716	0.0	0	0.0	0	0.0196078431372549	1	0.19142324425108764	308	0.2703349282296651	113	0.08141702921068987	131	0.4592914853946551	189	1.0	1108	1.0	1609	1.0	689	0.33374766935985084	537	0.6662523306401492	1072	0.007220216606498195	8
karlsson2013	ERR260177_bin.37.o	metagem_017	0.21554048384389968	0.4590088632176467	0.25	0.25	0.0	0.0	1.0	1680	1.0	1173	1.0	699	0.0	3	2.40343347639485	2	0.6422619047619048	1079	0.256547619047619	431	1.0	163	1.0	0.0	0.41324503311258276	624	0.0013245033112582781	2	0.0	0	0.0	0	0.0	0	0.37236842105263157	283	0.018452380952380953	31	0.0	0	0.0	0	0.055952380952380955	94	0.0	0	0.0	33.841608201315594	0.0	33.84160820131572	0.0	1.0	1.0	-4.144730370814716	0.0	0	0.0	0	0.0196078431372549	1	0.21071428571428572	354	0.27842227378190254	120	0.07857142857142857	132	0.44821428571428573	191	1.0	1173	1.0	1680	1.0	699	0.32321428571428573	543	0.6767857142857143	1137	0.0068201193520886615	8
karlsson2013	ERR260178_bin.44.p	repro_0913							1.0	1456	1.0	1063	1.0	467	0.0	3	3.1177730192719486	2	0.8832417582417582	1286	0.0	0	1.0	166	0.0028222013170272815	3	1.0	1286	0.0	0	0.0	0	0.0	0	0.0	0	0.2949526813880126	187	0.019917582417582416	29	0.0009407337723424271	1	0.0	0	0.050824175824175824	74	0.0	0	0.0	47.83562978941452	0.0	47.83562978941452	0.0	1.0	1.0	0.0	0.0	0	0.0	0	0.0196078431372549	1	0.22733516483516483	331	1.0	0	0.061126373626373624	89	0.4807692307692308	161	1.0	1063	1.0	1456	1.0	467	0.29120879120879123	424	0.7087912087912088	1032	0.02916274694261524	31
karlsson2013	ERR260178_bin.44.p	restored_0913							1.0	1456	1.0	1063	1.0	467	0.0	3	3.1177730192719486	2	0.5968406593406593	869	0.2864010989010989	417	1.0	166	0.0028222013170272815	3	0.4144634525660964	533	0.004665629860031105	6	0.0	0	0.0	0	0.0	0	0.2949526813880126	187	0.019917582417582416	29	0.0009407337723424271	1	0.0	0	0.050824175824175824	74	0.0	0	0.0	47.83562978941452	0.0	47.83562978941452	0.0	1.0	1.0	-4.144730370814716	0.0	0	0.0	0	0.0196078431372549	1	0.22733516483516483	331	0.3237410071942446	135	0.061126373626373624	89	0.4807692307692308	161	1.0	1063	1.0	1456	1.0	467	0.29120879120879123	424	0.7087912087912088	1032	0.02916274694261524	31
karlsson2013	ERR260178_bin.44.p	restored_017	0.21958805015847369	0.46941689088369426	0.25	0.25	0.0	0.0	1.0	1456	1.0	1063	1.0	467	0.0	3	3.1177730192719486	2	0.5968406593406593	869	0.2864010989010989	417	1.0	166	1.0	0.0	0.4144634525660964	533	0.004665629860031105	6	0.0	0	0.0	0	0.0	0	0.2949526813880126	187	0.019917582417582416	29	0.0	0	0.0	0	0.050824175824175824	74	0.0	0	0.0	47.83562978939634	0.0	47.83562978939635	0.0	1.0	1.0	-4.144730370814716	0.0	0	0.0	0	0.0196078431372549	1	0.22733516483516483	331	0.3237410071942446	135	0.061126373626373624	89	0.4807692307692308	161	1.0	1063	1.0	1456	1.0	467	0.29120879120879123	424	0.7087912087912088	1032	0.02916274694261524	31
karlsson2013	ERR260178_bin.44.p	metagem_017	0.21880886808081698	0.46741327982686276	0.25	0.25	0.0	0.0	1.0	1446	1.0	1058	1.0	467	0.0	3	3.096359743040685	2	0.598893499308437	866	0.28492392807745504	412	1.0	164	1.0	0.0	0.41705790297339596	533	0.001564945226917058	2	0.0	0	0.0	0	0.0	0	0.30948419301164726	186	0.025587828492392807	37	0.0	0	0.0	0	0.050484094052558784	73	0.0	0	0.0	52.00430095325126	0.0	52.00430095326789	0.0	1.0	1.0	-4.144730370814716	0.0	0	0.0	0	0.0196078431372549	1	0.22614107883817428	327	0.3325242718446602	137	0.06293222683264177	91	0.48132780082987553	159	1.0	1058	1.0	1446	1.0	467	0.29045643153526973	420	0.7095435684647303	1026	0.030245746691871456	32
karlsson2013	ERR260181_bin.19.p	repro_0913							1.0	1242	1.0	906	1.0	526	0.0	3	2.3612167300380227	2	0.8743961352657005	1086	0.0	0	1.0	150	0.004415011037527594	4	1.0	1086	0.0	0	0.0	0	0.0	0	0.0	0	0.17660550458715596	77	0.0024154589371980675	3	0.0011037527593818985	1	0.0011037527593818985	1	0.043478260869565216	54	0.0	0	0.0	38.84900284680867	0.0	38.84900284680867	0.0	1.0	1.0	0.0	0.0	0	0.0	0	0.0196078431372549	1	0.26006441223832527	323	1.0	0	0.07326892109500806	91	0.3719806763285024	129	1.0	906	1.0	1242	1.0	526	0.2938808373590982	365	0.7061191626409018	877	0.03200883002207505	29
karlsson2013	ERR260181_bin.19.p	restored_0913							1.0	1242	1.0	906	1.0	526	0.0	3	2.3612167300380227	2	0.6409017713365539	796	0.23349436392914655	290	1.0	150	0.004415011037527594	4	0.4530386740331492	492	0.0	0	0.0	0	0.0	0	0.0	0	0.17660550458715596	77	0.0024154589371980675	3	0.0011037527593818985	1	0.0011037527593818985	1	0.043478260869565216	54	0.0	0	0.0	38.84900284680867	0.0	38.84900284680867	0.0	1.0	1.0	-4.144730370814716	0.0	0	0.0	0	0.0196078431372549	1	0.26006441223832527	323	0.3793103448275862	110	0.07326892109500806	91	0.3719806763285024	129	1.0	906	1.0	1242	1.0	526	0.2938808373590982	365	0.7061191626409018	877	0.03200883002207505	29
karlsson2013	ERR260181_bin.19.p	restored_017	0.22427902711368675	0.48147940305424214	0.25	0.25	0.0	0.0	1.0	1242	1.0	906	1.0	526	0.0	3	2.3612167300380227	2	0.6409017713365539	796	0.23349436392914655	290	1.0	150	1.0	0.0	0.4530386740331492	492	0.0	0	0.0	0	0.0	0	0.0	0	0.17660550458715596	77	0.0024154589371980675	3	0.0	0	0.0	0	0.043478260869565216	54	0.0	0	0.0	38.84900284680863	0.0	38.849002846808574	0.0	1.0	1.0	-4.144730370814716	0.0	0	0.0	0	0.0196078431372549	1	0.26006441223832527	323	0.3793103448275862	110	0.07326892109500806	91	0.3719806763285024	129	1.0	906	1.0	1242	1.0	526	0.2938808373590982	365	0.7061191626409018	877	0.03200883002207505	29
karlsson2013	ERR260181_bin.19.p	metagem_017	0.22471210706504827	0.482593037214886	0.25	0.25	0.0	0.0	1.0	1202	1.0	887	1.0	523	0.0	3	2.298279158699809	2	0.6522462562396006	784	0.22462562396006655	270	1.0	141	1.0	0.0	0.45825426944971537	483	0.0	0	0.0	0	0.0	0	0.0	0	0.16359447004608296	71	0.009983361064891847	12	0.0	0	0.0	0	0.042429284525790346	51	0.0	0	0.0	38.325997289565315	0.0	38.32599728957721	0.0	1.0	1.0	-4.144730370814716	0.0	0	0.0	0	0.0196078431372549	1	0.2420965058236273	291	0.34814814814814815	94	0.07487520798668885	90	0.38186356073211314	127	1.0	887	1.0	1202	1.0	523	0.28868552412645593	347	0.7113144758735441	855	0.036076662908680945	32
karlsson2013	ERR260184_bin.19.s	repro_0913							1.0	1152	1.0	853	1.0	445	0.0	3	2.58876404494382	2	0.8680555555555556	1000	0.0	0	1.0	149	0.0035169988276670576	3	1.0	1000	0.0	0	0.0	0	0.0	0	0.0	0	0.22514619883040934	77	0.013888888888888888	16	0.0	0	0.0	0	0.030381944444444444	35	0.0	0	0.0	18.096268902096984	0.0	18.096268902096984	0.0	1.0	1.0	0.0	0.0	0	0.0	0	0.0196078431372549	1	0.2664930555555556	307	1.0	0	0.06336805555555555	73	0.390625	120	1.0	853	1.0	1152	1.0	445	0.2777777777777778	320	0.7222222222222222	832	0.012895662368112544	11
karlsson2013	ERR260184_bin.19.s	restored_0913							1.0	1152	1.0	853	1.0	445	0.0	3	2.58876404494382	2	0.6102430555555556	703	0.2578125	297	1.0	149	0.0035169988276670576	3	0.455	455	0.003	3	0.0	0	0.0	0	0.0	0	0.22514619883040934	77	0.013888888888888888	16	0.0	0	0.0	0	0.030381944444444444	35	0.0	0	0.0	18.096268902096984	0.0	18.096268902096984	0.0	1.0	1.0	-4.144730370814716	0.0	0	0.0	0	0.0196078431372549	1	0.2664930555555556	307	0.35353535353535354	105	0.06336805555555555	73	0.390625	120	1.0	853	1.0	1152	1.0	445	0.2777777777777778	320	0.7222222222222222	832	0.012895662368112544	11
karlsson2013	ERR260184_bin.19.s	restored_017	0.22130669265756986	0.47383625730994144	0.25	0.25	0.0	0.0	1.0	1152	1.0	853	1.0	445	0.0	3	2.58876404494382	2	0.6102430555555556	703	0.2578125	297	1.0	149	1.0	0.0	0.455	455	0.003	3	0.0	0	0.0	0	0.0	0	0.22514619883040934	77	0.013888888888888888	16	0.0	0	0.0	0	0.030381944444444444	35	0.0	0	0.0	18.096268902097012	0.0	18.096268902096984	0.0	1.0	1.0	-4.144730370814716	0.0	0	0.0	0	0.0196078431372549	1	0.2664930555555556	307	0.35353535353535354	105	0.06336805555555555	73	0.390625	120	1.0	853	1.0	1152	1.0	445	0.2777777777777778	320	0.7222222222222222	832	0.012895662368112544	11
karlsson2013	ERR260184_bin.19.s	metagem_017	0.22733609455868256	0.4893404336270885	0.25	0.25	0.0	0.0	1.0	1199	1.0	894	1.0	452	0.0	3	2.6526548672566372	2	0.6196830692243537	743	0.25521267723102586	306	1.0	147	1.0	0.0	0.44804575786463297	470	0.002859866539561487	3	0.0	0	0.0	0	0.0	0	0.12371134020618557	84	0.016680567139282735	20	0.0	0	0.0	0	0.027522935779816515	33	0.0	0	0.0	7.306494711120207	0.0	7.306494711079892	0.0	1.0	1.0	-4.144730370814716	0.0	0	0.0	0	0.0196078431372549	1	0.2827356130108424	339	0.3464052287581699	106	0.0658882402001668	79	0.3803169307756464	121	1.0	894	1.0	1199	1.0	452	0.2727272727272727	327	0.7272727272727273	872	0.010067114093959731	9
karlsson2013	ERR260185_bin.3.p	repro_0913							1.0	1227	1.0	901	1.0	424	0.0	3	2.893867924528302	2	0.8850855745721271	1086	0.0	0	1.0	138	0.003329633740288568	3	1.0	1086	0.0	0	0.0	0	0.0	0	0.0	0	0.29174664107485604	152	0.0016299918500407497	2	0.0	0	0.0	0	0.04156479217603912	51	0.0	0	0.0	31.85949310022478	0.0	31.85949310022478	0.0	1.0	1.0	0.0	0.0	0	0.0	0	0.0196078431372549	1	0.27383863080684595	336	1.0	0	0.07742461287693561	95	0.4172779136104319	124	1.0	901	1.0	1227	1.0	424	0.29095354523227385	357	0.7090464547677262	870	0.03440621531631521	31
karlsson2013	ERR260185_bin.3.p	restored_0913							1.0	1227	1.0	901	1.0	424	0.0	3	2.893867924528302	2	0.6340668296658517	778	0.25101874490627546	308	1.0	138	0.003329633740288568	3	0.46500920810313073	505	0.001841620626151013	2	0.0	0	0.0	0	0.0	0	0.29174664107485604	152	0.0016299918500407497	2	0.0	0	0.0	0	0.04156479217603912	51	0.0	0	0.0	31.85949310022478	0.0	31.85949310022478	0.0	1.0	1.0	-4.144730370814716	0.0	0	0.0	0	0.0196078431372549	1	0.27383863080684595	336	0.42857142857142855	132	0.07742461287693561	95	0.4172779136104319	124	1.0	901	1.0	1227	1.0	424	0.29095354523227385	357	0.7090464547677262	870	0.03440621531631521	31
karlsson2013	ERR260185_bin.3.p	restored_017	0.21711495538125158	0.4630575043136946	0.25	0.25	0.0	0.0	1.0	1227	1.0	901	1.0	424	0.0	3	2.893867924528302	2	0.6340668296658517	778	0.25101874490627546	308	1.0	138	1.0	0.0	0.46500920810313073	505	0.001841620626151013	2	0.0	0	0.0	0	0.0	0	0.29174664107485604	152	0.0016299918500407497	2	0.0	0	0.0	0	0.04156479217603912	51	0.0	0	0.0	31.859493100223403	0.0	31.859493100223357	0.0	1.0	1.0	-4.144730370814716	0.0	0	0.0	0	0.0196078431372549	1	0.27383863080684595	336	0.42857142857142855	132	0.07742461287693561	95	0.4172779136104319	124	1.0	901	1.0	1227	1.0	424	0.29095354523227385	357	0.7090464547677262	870	0.03440621531631521	31
karlsson2013	ERR260185_bin.3.p	metagem_017	0.22361225433035117	0.479764844468522	0.25	0.25	0.0	0.0	1.0	1232	1.0	905	1.0	427	0.0	3	2.8852459016393444	2	0.625	770	0.25811688311688313	318	1.0	141	1.0	0.0	0.4632352941176471	504	0.0	0	0.0	0	0.0	0	0.0	0	0.17841079460269865	119	0.0016233766233766235	2	0.0	0	0.0	0	0.041396103896103896	51	0.0	0	0.0	41.61452158107244	0.0	41.61452158107233	0.0	1.0	1.0	-4.144730370814716	0.0	0	0.0	0	0.0196078431372549	1	0.26866883116883117	331	0.44654088050314467	142	0.0762987012987013	94	0.42207792207792205	125	1.0	905	1.0	1232	1.0	427	0.29383116883116883	362	0.7061688311688312	870	0.03867403314917127	35
karlsson2013	ERR260188_bin.1.s	repro_0913							1.0	820	1.0	670	1.0	168	0.0	3	4.880952380952381	2	0.8597560975609756	705	0.0	0	1.0	109	0.0	0	1.0	705	0.0	0	0.0	0	0.0	0	0.0	0	0.22580645161290322	77	0.004878048780487805	4	0.0	0	0.0	0	0.02926829268292683	24	0.0	0	0.0	36.93295500740917	0.0	36.93295500740917	0.0	1.0	1.0	0.0	0.0	0	0.0	0	0.0196078431372549	1	0.4329268292682927	355	1.0	0	0.01707317073170732	14	0.325609756097561	68	1.0	670	1.0	820	1.0	168	0.22073170731707317	181	0.7792682926829269	639	0.04626865671641791	31
karlsson2013	ERR260188_bin.1.s	restored_0913							1.0	820	1.0	670	1.0	168	0.0	3	4.880952380952381	2	0.5792682926829268	475	0.2804878048780488	230	1.0	109	0.0	0	0.43829787234042555	309	0.015602836879432624	11	0.0	0	0.0	0	0.0	0	0.22580645161290322	77	0.004878048780487805	4	0.0	0	0.0	0	0.02926829268292683	24	0.0	0	0.0	36.93295500740917	0.0	36.93295500740917	0.0	1.0	1.0	-4.144730370814716	0.0	0	0.0	0	0.0196078431372549	1	0.4329268292682927	355	0.5043478260869565	116	0.01707317073170732	14	0.325609756097561	68	1.0	670	1.0	820	1.0	168	0.22073170731707317	181	0.7792682926829269	639	0.04626865671641791	31
karlsson2013	ERR260188_bin.1.s	restored_017	0.3892045271545533	0.9055735460164703	0.25	0.25	0.0	0.0	1.0	820	1.0	670	1.0	168	0.0	3	4.880952380952381	2	0.5792682926829268	475	0.2804878048780488	230	1.0	109	0.0	1.0	0.43829787234042555	309	0.015602836879432624	11	0.0	0	0.0	0	0.0	0	0.20708446866485014	76	0.004878048780487805	4	0.0	0	0.0	0	0.02926829268292683	24	0.0	0	0.0	36.93295500740917	0.0	36.932955007409156	0.0	1.0	1.0	-4.144730370814716	0.0	0	0.0	0	0.0196078431372549	1	0.4329268292682927	355	0.5043478260869565	116	0.01707317073170732	14	0.325609756097561	68	1.0	670	1.0	820	1.0	168	0.22073170731707317	181	0.7792682926829269	639	0.04626865671641791	31
karlsson2013	ERR260188_bin.1.s	metagem_017	0.2217891879566045	0.4750769595074592	0.25	0.25	0.0	0.0	1.0	940	1.0	772	1.0	168	0.0	3	5.595238095238095	2	0.6127659574468085	576	0.26382978723404255	248	1.0	109	1.0	0.0	0.46116504854368934	380	0.024271844660194174	20	0.0	0	0.0	0	0.0	0	0.18902439024390244	62	0.018085106382978722	17	0.0	0	0.0	0	0.030851063829787233	29	0.0	0	0.0	25.567448253258902	0.0	25.567448253258878	0.0	1.0	1.0	-4.144730370814716	0.0	0	0.0	0	0.0196078431372549	1	0.45851063829787236	431	0.47580645161290325	118	0.014893617021276596	14	0.33404255319148934	74	1.0	772	1.0	940	1.0	168	0.21382978723404256	201	0.7861702127659574	739	0.042746113989637305	33
karlsson2013	ERR260189_bin.11.p	repro_0913							1.0	1253	1.0	929	1.0	429	0.0	3	2.9207459207459205	2	0.9090183559457302	1139	0.0	0	1.0	108	0.004305705059203444	4	1.0	1139	0.0	0	0.0	0	0.0	0	0.0	0	0.2007168458781362	112	0.01596169193934557	20	0.0	0	0.0	0	0.035115722266560255	44	0.0	0	0.0	16.30139136539281	0.0	16.30139136539281	0.0	1.0	1.0	0.0	0.0	0	0.0	0	0.0196078431372549	1	0.257781324820431	323	1.0	0	0.07023144453312051	88	0.4509177972865124	138	1.0	929	1.0	1253	1.0	429	0.28890662410215484	362	0.7110933758978452	891	0.04090419806243272	38
karlsson2013	ERR260189_bin.11.p	restored_0913							1.0	1253	1.0	929	1.0	429	0.0	3	2.9207459207459205	2	0.6727853152434158	843	0.23623304070231443	296	1.0	108	0.004305705059203444	4	0.466198419666374	531	0.001755926251097454	2	0.0	0	0.0	0	0.0	0	0.2007168458781362	112	0.01596169193934557	20	0.0	0	0.0	0	0.035115722266560255	44	0.0	0	0.0	16.30139136539281	0.0	16.30139136539281	0.0	1.0	1.0	-4.144730370814716	0.0	0	0.0	0	0.0196078431372549	1	0.257781324820431	323	0.3547297297297297	105	0.07023144453312051	88	0.4509177972865124	138	1.0	929	1.0	1253	1.0	429	0.28890662410215484	362	0.7110933758978452	891	0.04090419806243272	38
karlsson2013	ERR260189_bin.11.p	restored_017	0.2221108597150588	0.47590411545777034	0.25	0.25	0.0	0.0	1.0	1253	1.0	929	1.0	429	0.0	3	2.9207459207459205	2	0.6727853152434158	843	0.23623304070231443	296	1.0	108	1.0	0.0	0.466198419666374	531	0.001755926251097454	2	0.0	0	0.0	0	0.0	0	0.2007168458781362	112	0.01596169193934557	20	0.0	0	0.0	0	0.035115722266560255	44	0.0	0	0.0	16.3013913653985	0.0	16.301391365392842	0.0	1.0	1.0	-4.144730370814716	0.0	0	0.0	0	0.0196078431372549	1	0.257781324820431	323	0.3547297297297297	105	0.07023144453312051	88	0.4509177972865124	138	1.0	929	1.0	1253	1.0	429	0.28890662410215484	362	0.7110933758978452	891	0.04090419806243272	38
karlsson2013	ERR260189_bin.11.p	metagem_017	0.2227797165613754	0.4776240330625844	0.25	0.25	0.0	0.0	1.0	1406	1.0	1034	1.0	439	0.0	3	3.202733485193622	2	0.6500711237553343	914	0.2553342816500711	359	1.0	128	1.0	0.0	0.45247446975648076	576	0.0015710919088766694	2	0.0	0	0.0	0	0.0	0	0.2025862068965517	94	0.01422475106685633	20	0.0	0	0.0	0	0.032005689900426744	45	0.0	0	0.0	34.92723308842519	0.0	34.927233088425204	0.0	1.0	1.0	-4.144730370814716	0.0	0	0.0	0	0.0196078431372549	1	0.2894736842105263	407	0.3871866295264624	139	0.06756756756756757	95	0.4359886201991465	150	1.0	1034	1.0	1406	1.0	439	0.2894736842105263	407	0.7105263157894737	999	0.033849129593810444	35
karlsson2013	ERR260189_bin.39.s	repro_0913							1.0	1397	1.0	1009	1.0	528	0.0	3	2.6458333333333335	2	0.8775948460987831	1226	0.0	0	1.0	164	0.002973240832507433	3	1.0	1226	0.0	0	0.0	0	0.0	0	0.0	0	0.3374125874125874	193	0.0014316392269148174	2	0.0	0	0.0	0	0.046528274874731566	65	0.0	0	0.0	59.267155752411014	0.0	59.267155752411014	0.0	1.0	1.0	0.0	0.0	0	0.0	0	0.0196078431372549	1	0.2541159627773801	355	1.0	0	0.07229778095919828	101	0.4065855404438082	129	1.0	1009	1.0	1397	1.0	528	0.2963493199713672	414	0.7036506800286327	983	0.02576808721506442	26
karlsson2013	ERR260189_bin.39.s	restored_0913							1.0	1397	1.0	1009	1.0	528	0.0	3	2.6458333333333335	2	0.6055833929849678	846	0.2720114531138153	380	1.0	164	0.002973240832507433	3	0.45106035889070145	553	0.0016313213703099511	2	0.0	0	0.0	0	0.0	0	0.3374125874125874	193	0.0014316392269148174	2	0.0	0	0.0	0	0.046528274874731566	65	0.0	0	0.0	59.267155752411014	0.0	59.267155752411014	0.0	1.0	1.0	-4.144730370814716	0.0	0	0.0	0	0.0196078431372549	1	0.2541159627773801	355	0.3026315789473684	115	0.07229778095919828	101	0.4065855404438082	129	1.0	1009	1.0	1397	1.0	528	0.2963493199713672	414	0.7036506800286327	983	0.02576808721506442	26
karlsson2013	ERR260189_bin.39.s	restored_017	0.2153645777218371	0.4585565331894859	0.25	0.25	0.0	0.0	1.0	1397	1.0	1009	1.0	528	0.0	3	2.6458333333333335	2	0.6055833929849678	846	0.2720114531138153	380	1.0	164	1.0	0.0	0.45106035889070145	553	0.0016313213703099511	2	0.0	0	0.0	0	0.0	0	0.3374125874125874	193	0.0014316392269148174	2	0.0	0	0.0	0	0.046528274874731566	65	0.0	0	0.0	59.267155752411036	0.0	59.26715575241115	0.0	1.0	1.0	-4.144730370814716	0.0	0	0.0	0	0.0196078431372549	1	0.2541159627773801	355	0.3026315789473684	115	0.07229778095919828	101	0.4065855404438082	129	1.0	1009	1.0	1397	1.0	528	0.2963493199713672	414	0.7036506800286327	983	0.02576808721506442	26
karlsson2013	ERR260189_bin.39.s	metagem_017	0.2197539105053556	0.4698433889185334	0.25	0.25	0.0	0.0	1.0	1390	1.0	1019	1.0	529	0.0	3	2.627599243856333	2	0.6100719424460431	848	0.26834532374100717	373	1.0	162	1.0	0.0	0.4512694512694513	551	0.001638001638001638	2	0.0	0	0.0	0	0.0	0	0.2581888246628131	134	0.020863309352517987	29	0.0	0	0.0	0	0.03669064748201439	51	0.0	0	0.0	34.852070532874286	0.0	34.85207053287424	0.0	1.0	1.0	-4.144730370814716	0.0	0	0.0	0	0.0196078431372549	1	0.2503597122302158	348	0.27882037533512066	104	0.07482014388489208	104	0.4079136690647482	130	1.0	1019	1.0	1390	1.0	529	0.28561151079136693	397	0.7143884892086331	993	0.02551521099116781	26
karlsson2013	ERR260191_bin.22.s	repro_0913							1.0	1098	1.0	801	1.0	450	0.0	3	2.44	2	0.8834244080145719	970	0.0	0	1.0	125	0.003745318352059925	3	1.0	970	0.0	0	0.0	0	0.0	0	0.0	0	0.2151394422310757	108	0.023679417122040074	26	0.0	0	0.0	0	0.04189435336976321	46	0.0	0	0.0	50.88498963191101	0.0	50.88498963191101	0.0	1.0	1.0	0.0	0.0	0	0.0	0	0.0196078431372549	1	0.2540983606557377	279	1.0	0	0.06375227686703097	70	0.38524590163934425	116	1.0	801	1.0	1098	1.0	450	0.29326047358834245	322	0.7067395264116576	776	0.011235955056179775	9
karlsson2013	ERR260191_bin.22.s	restored_0913							1.0	1098	1.0	801	1.0	450	0.0	3	2.44	2	0.6466302367941712	710	0.23679417122040072	260	1.0	125	0.003745318352059925	3	0.4618556701030928	448	0.0	0	0.0	0	0.0	0	0.0	0	0.2151394422310757	108	0.023679417122040074	26	0.0	0	0.0	0	0.04189435336976321	46	0.0	0	0.0	50.88498963191101	0.0	50.88498963191101	0.0	1.0	1.0	-4.144730370814716	0.0	0	0.0	0	0.0196078431372549	1	0.2540983606557377	279	0.36538461538461536	95	0.06375227686703097	70	0.38524590163934425	116	1.0	801	1.0	1098	1.0	450	0.29326047358834245	322	0.7067395264116576	776	0.011235955056179775	9
karlsson2013	ERR260191_bin.22.s	restored_017	0.2216484196851388	0.47471498395226164	0.25	0.25	0.0	0.0	1.0	1098	1.0	801	1.0	450	0.0	3	2.44	2	0.6466302367941712	710	0.23679417122040072	260	1.0	125	1.0	0.0	0.4618556701030928	448	0.0	0	0.0	0	0.0	0	0.0	0	0.2151394422310757	108	0.023679417122040074	26	0.0	0	0.0	0	0.04189435336976321	46	0.0	0	0.0	50.88498963196498	0.0	50.88498963194844	0.0	1.0	1.0	-4.144730370814716	0.0	0	0.0	0	0.0196078431372549	1	0.2540983606557377	279	0.36538461538461536	95	0.06375227686703097	70	0.38524590163934425	116	1.0	801	1.0	1098	1.0	450	0.29326047358834245	322	0.7067395264116576	776	0.011235955056179775	9
karlsson2013	ERR260191_bin.22.s	metagem_017	0.21687812009699045	0.4624484992970231	0.25	0.25	0.0	0.0	1.0	1160	1.0	851	1.0	459	0.0	3	2.52723311546841	2	0.65	754	0.2336206896551724	271	1.0	132	1.0	0.0	0.4448780487804878	456	0.0	0	0.0	0	0.0	0	0.0	0	0.31798245614035087	145	0.014655172413793103	17	0.0	0	0.0	0	0.04396551724137931	51	0.0	0	0.0	44.594807460552694	0.0	44.59480746055261	0.0	1.0	1.0	-4.144730370814716	0.0	0	0.0	0	0.0196078431372549	1	0.27241379310344827	316	0.3726937269372694	101	0.0603448275862069	70	0.3775862068965517	119	1.0	851	1.0	1160	1.0	459	0.2853448275862069	331	0.7146551724137931	829	0.010575793184488837	9
karlsson2013	ERR260193_bin.34.p	repro_0913							1.0	1447	1.0	1015	1.0	646	0.0	3	2.239938080495356	2	0.8859709744298548	1282	0.0	0	1.0	157	0.005911330049261084	6	1.0	1282	0.0	0	0.0	0	0.0	0	0.0	0	0.35372848948374763	185	0.02073255010366275	30	0.0	0	0.0	0	0.06219765031098825	90	0.0	0	0.0	31.808639204001466	0.0	31.808639204001466	0.0	1.0	1.0	0.0	0.0	0	0.0	0	0.0196078431372549	1	0.15687629578438148	227	1.0	0	0.082930200414651	120	0.47339322736696615	160	1.0	1015	1.0	1447	1.0	646	0.3151347615756738	456	0.6848652384243262	991	0.008866995073891626	9
karlsson2013	ERR260193_bin.34.p	restored_0913							1.0	1447	1.0	1015	1.0	646	0.0	3	2.239938080495356	2	0.6385625431928127	924	0.24740843123704215	358	1.0	157	0.005911330049261084	6	0.41965678627145087	538	0.0	0	0.0	0	0.0	0	0.0	0	0.35372848948374763	185	0.02073255010366275	30	0.0	0	0.0	0	0.06219765031098825	90	0.0	0	0.0	31.808639204001466	0.0	31.808639204001466	0.0	1.0	1.0	-4.144730370814716	0.0	0	0.0	0	0.0196078431372549	1	0.15687629578438148	227	0.20949720670391062	75	0.082930200414651	120	0.47339322736696615	160	1.0	1015	1.0	1447	1.0	646	0.3151347615756738	456	0.6848652384243262	991	0.008866995073891626	9
karlsson2013	ERR260193_bin.34.p	restored_017	0.2162934106061927	0.4609449606064002	0.25	0.25	0.0	0.0	1.0	1447	1.0	1015	1.0	646	0.0	3	2.239938080495356	2	0.6385625431928127	924	0.24740843123704215	358	1.0	157	1.0	0.0	0.41965678627145087	538	0.0	0	0.0	0	0.0	0	0.0	0	0.35372848948374763	185	0.02073255010366275	30	0.0	0	0.0	0	0.06219765031098825	90	0.0	0	0.0	31.808639204001196	0.0	31.808639204001533	0.0	1.0	1.0	-4.144730370814716	0.0	0	0.0	0	0.0196078431372549	1	0.15687629578438148	227	0.20949720670391062	75	0.082930200414651	120	0.47339322736696615	160	1.0	1015	1.0	1447	1.0	646	0.3151347615756738	456	0.6848652384243262	991	0.008866995073891626	9
karlsson2013	ERR260193_bin.34.p	metagem_017	0.21295063408775092	0.4523492495589786	0.25	0.25	0.0	0.0	1.0	1689	1.0	1208	1.0	668	0.0	3	2.5284431137724552	2	0.6145648312611013	1038	0.2682060390763766	453	1.0	188	1.0	0.0	0.3997317236753856	596	0.0	0	0.0	0	0.0	0	0.0	0	0.4338235294117647	236	0.03019538188277087	51	0.0	0	0.0	0	0.0526939017169923	89	0.0	0	0.0	42.97293174525551	0.0	42.972931745255586	0.0	1.0	1.0	-4.144730370814716	0.0	0	0.0	0	0.0196078431372549	1	0.21195973949082297	358	0.27593818984547464	125	0.07519242155121374	127	0.44641799881586736	177	1.0	1208	1.0	1689	1.0	668	0.30313795145056244	512	0.6968620485494376	1177	0.008278145695364239	10
karlsson2013	ERR260198_bin.15.p	repro_0913							1.0	1262	1.0	931	1.0	443	0.0	3	2.8487584650112865	2	0.9033280507131537	1140	0.0	0	1.0	117	0.004296455424274973	4	1.0	1140	0.0	0	0.0	0	0.0	0	0.0	0	0.19543147208121828	77	0.012678288431061807	16	0.0010741138560687433	1	0.0	0	0.0491283676703645	62	0.0	0	0.0	24.867523338959163	0.0	24.867523338959163	0.0	1.0	1.0	0.0	0.0	0	0.0	0	0.0196078431372549	1	0.26386687797147385	333	1.0	0	0.07527733755942947	95	0.4318541996830428	136	1.0	931	1.0	1262	1.0	443	0.2931854199683043	370	0.7068145800316957	892	0.04189044038668099	39
karlsson2013	ERR260198_bin.15.p	restored_0913							1.0	1262	1.0	931	1.0	443	0.0	3	2.8487584650112865	2	0.6679873217115689	843	0.2353407290015848	297	1.0	117	0.004296455424274973	4	0.4421052631578947	504	0.0035087719298245615	4	0.0	0	0.0	0	0.0	0	0.19543147208121828	77	0.012678288431061807	16	0.0010741138560687433	1	0.0	0	0.0491283676703645	62	0.0	0	0.0	24.867523338959163	0.0	24.867523338959163	0.0	1.0	1.0	-4.144730370814716	0.0	0	0.0	0	0.0196078431372549	1	0.26386687797147385	333	0.3569023569023569	106	0.07527733755942947	95	0.4318541996830428	136	1.0	931	1.0	1262	1.0	443	0.2931854199683043	370	0.7068145800316957	892	0.04189044038668099	39
karlsson2013	ERR260198_bin.15.p	restored_017	0.22364561997209606	0.4798506418330089	0.25	0.25	0.0	0.0	1.0	1262	1.0	931	1.0	443	0.0	3	2.8487584650112865	2	0.6679873217115689	843	0.2353407290015848	297	1.0	117	1.0	0.0	0.4421052631578947	504	0.0035087719298245615	4	0.0	0	0.0	0	0.0	0	0.19543147208121828	77	0.012678288431061807	16	0.0	0	0.0	0	0.0491283676703645	62	0.0	0	0.0	24.867523338959717	0.0	24.867523338958474	0.0	1.0	1.0	-4.144730370814716	0.0	0	0.0	0	0.0196078431372549	1	0.26386687797147385	333	0.3569023569023569	106	0.07527733755942947	95	0.4318541996830428	136	1.0	931	1.0	1262	1.0	443	0.2931854199683043	370	0.7068145800316957	892	0.04189044038668099	39
karlsson2013	ERR260198_bin.15.p	metagem_017	0.21763899490905933	0.46440503452805737	0.25	0.25	0.0	0.0	1.0	1269	1.0	917	1.0	440	0.0	3	2.8840909090909093	2	0.6548463356973995	831	0.24192277383766744	307	1.0	126	1.0	0.0	0.44639718804920914	508	0.0017574692442882249	2	0.0	0	0.0	0	0.0	0	0.301010101010101	149	0.0015760441292356187	2	0.0	0	0.0	0	0.05673758865248227	72	0.0	0	0.0	47.81452620898718	0.0	47.814526208986045	0.0	1.0	1.0	-4.144730370814716	0.0	0	0.0	0	0.0196078431372549	1	0.26635145784081954	338	0.38762214983713356	119	0.07407407407407407	94	0.42631993695823484	136	1.0	917	1.0	1269	1.0	440	0.3065405831363278	389	0.6934594168636722	880	0.04034896401308615	37
karlsson2013	ERR260198_bin.24.p	repro_0913							1.0	1372	1.0	984	1.0	636	0.0	3	2.157232704402516	2	0.8965014577259475	1230	0.0	0	1.0	136	0.0040650406504065045	4	1.0	1230	0.0	0	0.0	0	0.0	0	0.0	0	0.21708185053380782	122	0.011661807580174927	16	0.0	0	0.0	0	0.05393586005830904	74	0.0	0	0.0	40.48208742523123	0.0	40.48208742523123	0.0	1.0	1.0	0.0	0.0	0	0.0	0	0.0196078431372549	1	0.20262390670553937	278	1.0	0	0.07653061224489796	105	0.4176384839650146	145	1.0	984	1.0	1372	1.0	636	0.303935860058309	417	0.6960641399416909	955	0.028455284552845527	28
karlsson2013	ERR260198_bin.24.p	restored_0913							1.0	1372	1.0	984	1.0	636	0.0	3	2.157232704402516	2	0.6647230320699709	912	0.23177842565597667	318	1.0	136	0.0040650406504065045	4	0.44390243902439025	546	0.0	0	0.0	0	0.0	0	0.0	0	0.2454728370221328	122	0.011661807580174927	16	0.0	0	0.0	0	0.05393586005830904	74	0.0	0	0.0	40.48208742523123	0.0	40.48208742523123	0.0	1.0	1.0	-4.144730370814716	0.0	0	0.0	0	0.0196078431372549	1	0.20262390670553937	278	0.3333333333333333	106	0.07653061224489796	105	0.4176384839650146	145	1.0	984	1.0	1372	1.0	636	0.303935860058309	417	0.6960641399416909	955	0.028455284552845527	28
karlsson2013	ERR260198_bin.24.p	restored_017	0.22260194578346967	0.47716690820511243	0.25	0.25	0.0	0.0	1.0	1372	1.0	984	1.0	636	0.0	3	2.157232704402516	2	0.6647230320699709	912	0.23177842565597667	318	1.0	136	1.0	0.0	0.44390243902439025	546	0.0	0	0.0	0	0.0	0	0.0	0	0.215929203539823	122	0.011661807580174927	16	0.0	0	0.0	0	0.05393586005830904	74	0.0	0	0.0	40.48208742523051	0.0	40.482087425231605	0.0	1.0	1.0	-4.144730370814716	0.0	0	0.0	0	0.0196078431372549	1	0.20262390670553937	278	0.3333333333333333	106	0.07653061224489796	105	0.4176384839650146	145	1.0	984	1.0	1372	1.0	636	0.303935860058309	417	0.6960641399416909	955	0.028455284552845527	28
karlsson2013	ERR260198_bin.24.p	metagem_017	0.22526198647116902	0.48400701283062514	0.25	0.25	0.0	0.0	1.0	1396	1.0	998	1.0	637	0.0	3	2.1915227629513345	2	0.6726361031518625	939	0.22636103151862463	316	1.0	134	1.0	0.0	0.4302788844621514	540	0.0	0	0.0	0	0.0	0	0.0	0	0.18167202572347266	113	0.011461318051575931	16	0.0	0	0.0	0	0.05873925501432665	82	0.0	0	0.0	40.78357509927727	0.0	40.783575099277165	0.0	1.0	1.0	-4.144730370814716	0.0	0	0.0	0	0.0196078431372549	1	0.21275071633237821	297	0.33860759493670883	107	0.07593123209169055	106	0.413323782234957	146	1.0	998	1.0	1396	1.0	637	0.30659025787965616	428	0.6934097421203438	968	0.02905811623246493	29
karlsson2013	ERR260203_bin.1.s	repro_0913							1.0	2907	1.0	1806	1.0	1862	0.0	3	1.5612244897959184	2	0.8778809769521844	2552	0.0	0	1.0	346	0.0033222591362126247	6	1.0	2552	0.0	0	0.0	0	0.0	0	0.0	0	0.7371705963938974	1063	0.013759889920880633	40	0.0	0	0.0	0	0.09735122119023047	283	0.0	0	0.0	85.14972155541344	0.0	85.14972155541344	0.0	1.0	1.0	0.0	0.0	0	0.0	0	0.0196078431372549	1	0.047471620227038186	138	1.0	0	0.13622291021671826	396	0.5187478500171998	322	1.0	1806	1.0	2907	1.0	1862	0.39009287925696595	1134	0.6099071207430341	1773	0.018272425249169437	33
karlsson2013	ERR260203_bin.1.s	restored_0913							1.0	2907	1.0	1806	1.0	1862	0.0	3	1.5612244897959184	2	0.5359477124183006	1558	0.34193326453388373	994	1.0	346	0.0033222591362126247	6	0.3467868338557994	885	0.0	0	0.0	0	0.0	0	0.0	0	0.7371705963938974	1063	0.013759889920880633	40	0.0	0	0.0	0	0.09735122119023047	283	0.0	0	0.0	85.14972155541344	0.0	85.14972155541344	0.0	1.0	1.0	-4.144730370814716	0.0	0	0.0	0	0.0196078431372549	1	0.047471620227038186	138	0.0482897384305835	48	0.13622291021671826	396	0.5187478500171998	322	1.0	1806	1.0	2907	1.0	1862	0.39009287925696595	1134	0.6099071207430341	1773	0.018272425249169437	33
karlsson2013	ERR260203_bin.1.s	restored_017	0.199039402023165	0.4165775099643291	0.25	0.25	0.0	0.0	1.0	2907	1.0	1806	1.0	1862	0.0	3	1.5612244897959184	2	0.5359477124183006	1558	0.34193326453388373	994	1.0	346	1.0	0.0	0.3467868338557994	885	0.0	0	0.0	0	0.0	0	0.0	0	0.7371705963938974	1063	0.013759889920880633	40	0.0	0	0.0	0	0.09735122119023047	283	0.0	0	0.0	85.14972155541392	0.0	85.14972155541372	0.0	1.0	1.0	-4.144730370814716	0.0	0	0.0	0	0.0196078431372549	1	0.047471620227038186	138	0.0482897384305835	48	0.13622291021671826	396	0.5187478500171998	322	1.0	1806	1.0	2907	1.0	1862	0.39009287925696595	1134	0.6099071207430341	1773	0.018272425249169437	33
karlsson2013	ERR260203_bin.1.s	metagem_017	0.2008634304428903	0.42126786875790845	0.25	0.25	0.0	0.0	1.0	2906	1.0	1806	1.0	1858	0.0	3	1.5640473627556513	2	0.5357880247763248	1557	0.3420509291121817	994	1.0	346	1.0	0.0	0.3461387691101529	883	0.0	0	0.0	0	0.0	0	0.0	0	0.7049861495844876	1018	0.013420509291121816	39	0.0	0	0.0	0	0.09532002752924983	277	0.0	0	0.0	85.14972155541325	0.0	85.14972155541358	0.0	1.0	1.0	-4.144730370814716	0.0	0	0.0	0	0.0196078431372549	1	0.04679972470750172	136	0.04929577464788732	49	0.13558155540261527	394	0.5199587061252581	322	1.0	1806	1.0	2906	1.0	1858	0.38988300068823123	1133	0.6101169993117688	1773	0.018272425249169437	33
karlsson2013	ERR260206_bin.10.p	repro_0913							1.0	1411	1.0	999	1.0	500	0.0	3	2.822	2	0.9021970233876683	1273	0.0	0	1.0	131	0.004004004004004004	4	1.0	1273	0.0	0	0.0	0	0.0	0	0.0	0	0.3514376996805112	220	0.002126151665485471	3	0.0	0	0.001001001001001001	1	0.07299787384833452	103	0.0	0	0.0	52.12129847545396	0.0	52.12129847545396	0.0	1.0	1.0	0.0	0.0	0	0.0	0	0.0196078431372549	1	0.23245924875974486	328	1.0	0	0.07016300496102056	99	0.46420978029766125	157	1.0	999	1.0	1411	1.0	500	0.3182140326009922	449	0.6817859673990078	962	0.01001001001001001	10
karlsson2013	ERR260206_bin.10.p	restored_0913							1.0	1411	1.0	999	1.0	500	0.0	3	2.822	2	0.663359319631467	936	0.23883770375620128	337	1.0	131	0.004004004004004004	4	0.4540455616653574	578	0.0	0	0.0	0	0.0	0	0.0	0	0.3514376996805112	220	0.002126151665485471	3	0.0	0	0.001001001001001001	1	0.07299787384833452	103	0.0	0	0.0	52.12129847545396	0.0	52.12129847545396	0.0	1.0	1.0	-4.144730370814716	0.0	0	0.0	0	0.0196078431372549	1	0.23245924875974486	328	0.3560830860534125	120	0.07016300496102056	99	0.46420978029766125	157	1.0	999	1.0	1411	1.0	500	0.3182140326009922	449	0.6817859673990078	962	0.01001001001001001	10
karlsson2013	ERR260206_bin.10.p	restored_017	0.21451018918448878	0.4563595340934473	0.25	0.25	0.0	0.0	1.0	1411	1.0	999	1.0	500	0.0	3	2.822	2	0.663359319631467	936	0.23883770375620128	337	1.0	131	1.0	0.0	0.4540455616653574	578	0.0	0	0.0	0	0.0	0	0.0	0	0.3514376996805112	220	0.002126151665485471	3	0.0	0	0.0	0	0.07299787384833452	103	0.0	0	0.0	52.1212984754539	0.0	52.12129847545397	0.0	1.0	1.0	-4.144730370814716	0.0	0	0.0	0	0.0196078431372549	1	0.23245924875974486	328	0.3560830860534125	120	0.07016300496102056	99	0.46420978029766125	157	1.0	999	1.0	1411	1.0	500	0.3182140326009922	449	0.6817859673990078	962	0.01001001001001001	10
karlsson2013	ERR260206_bin.10.p	metagem_017	0.22118760960977302	0.4735300437584639	0.25	0.25	0.0	0.0	1.0	1367	1.0	974	1.0	485	0.0	3	2.818556701030928	2	0.6671543525969276	912	0.23555230431602048	322	1.0	126	1.0	0.0	0.4586709886547812	566	0.0	0	0.0	0	0.0	0	0.0	0	0.22661870503597123	126	0.016825164594001463	23	0.0	0	0.0	0	0.033650329188002925	46	0.0	0	0.0	48.093918967785434	0.0	48.093918968015224	0.0	1.0	1.0	-4.144730370814716	0.0	0	0.0	0	0.0196078431372549	1	0.22092172640819313	302	0.3447204968944099	111	0.06949524506217995	95	0.4769568397951719	155	1.0	974	1.0	1367	1.0	485	0.31236283833211415	427	0.6876371616678859	940	0.008213552361396304	8
karlsson2013	ERR260209_bin.22.p	repro_0913							1.0	1313	1.0	948	1.0	459	0.0	3	2.860566448801743	2	0.9063214013709063	1190	0.0	0	1.0	118	0.004219409282700422	4	1.0	1190	0.0	0	0.0	0	0.0	0	0.0	0	0.2993762993762994	144	0.017517136329017517	23	0.0010548523206751054	1	0.0	0	0.0297029702970297	39	0.0	0	0.0	47.453852002701915	0.0	47.453852002701915	0.0	1.0	1.0	0.0	0.0	0	0.0	0	0.0196078431372549	1	0.24828636709824828	326	1.0	0	0.07311500380807312	96	0.46534653465346537	146	1.0	948	1.0	1313	1.0	459	0.3076923076923077	404	0.6923076923076923	909	0.007383966244725738	7
karlsson2013	ERR260209_bin.22.p	restored_0913							1.0	1313	1.0	948	1.0	459	0.0	3	2.860566448801743	2	0.6778370144706778	890	0.2284843869002285	300	1.0	118	0.004219409282700422	4	0.46050420168067224	548	0.005042016806722689	6	0.0	0	0.0	0	0.0	0	0.2993762993762994	144	0.017517136329017517	23	0.0010548523206751054	1	0.0	0	0.0297029702970297	39	0.0	0	0.0	47.453852002701915	0.0	47.453852002701915	0.0	1.0	1.0	-4.144730370814716	0.0	0	0.0	0	0.0196078431372549	1	0.24828636709824828	326	0.3466666666666667	104	0.07311500380807312	96	0.46534653465346537	146	1.0	948	1.0	1313	1.0	459	0.3076923076923077	404	0.6923076923076923	909	0.007383966244725738	7
karlsson2013	ERR260209_bin.22.p	restored_017	0.21676356382238737	0.4621539260194722	0.25	0.25	0.0	0.0	1.0	1313	1.0	948	1.0	459	0.0	3	2.860566448801743	2	0.6778370144706778	890	0.2284843869002285	300	1.0	118	1.0	0.0	0.46050420168067224	548	0.005042016806722689	6	0.0	0	0.0	0	0.0	0	0.2993762993762994	144	0.017517136329017517	23	0.0	0	0.0	0	0.0297029702970297	39	0.0	0	0.0	47.453852002701986	0.0	47.453852002701986	0.0	1.0	1.0	-4.144730370814716	0.0	0	0.0	0	0.0196078431372549	1	0.24828636709824828	326	0.3466666666666667	104	0.07311500380807312	96	0.46534653465346537	146	1.0	948	1.0	1313	1.0	459	0.3076923076923077	404	0.6923076923076923	909	0.007383966244725738	7
karlsson2013	ERR260209_bin.22.p	metagem_017	0.22242779543288885	0.4767190930179046	0.25	0.25	0.0	0.0	1.0	1336	1.0	954	1.0	455	0.0	3	2.936263736263736	2	0.6721556886227545	898	0.23278443113772454	311	1.0	121	1.0	0.0	0.44995864350703063	544	0.0024813895781637717	3	0.0	0	0.0	0	0.0	0	0.21052631578947367	88	0.0007485029940119761	1	0.0	0	0.0	0	0.051646706586826345	69	0.0	0	0.0	60.67711360382532	0.0	60.93721134763001	0.0	1.0	1.0	-4.144730370814716	0.0	0	0.0	0	0.0196078431372549	1	0.2619760479041916	350	0.36977491961414793	115	0.07335329341317365	98	0.45434131736526945	145	1.0	954	1.0	1336	1.0	455	0.31137724550898205	416	0.688622754491018	920	0.007337526205450734	7
karlsson2013	ERR260210_bin.2.p	repro_0913							1.0	1436	1.0	1046	1.0	457	0.0	3	3.1422319474835887	2	0.8913649025069638	1280	0.0	0	1.0	149	0.0	0	1.0	1280	0.0	0	0.0	0	0.0	0	0.0	0	0.36127744510978044	181	0.018802228412256268	27	0.0	0	0.0	0	0.04387186629526462	63	0.0	0	0.0	23.645538659845503	0.0	23.645538659845503	0.0	1.0	1.0	0.0	0.0	0	0.0	0	0.0196078431372549	1	0.31754874651810583	456	1.0	0	0.05362116991643454	77	0.38579387186629527	136	1.0	1046	1.0	1436	1.0	457	0.298050139275766	428	0.7019498607242339	1008	0.036328871892925434	38
karlsson2013	ERR260210_bin.2.p	restored_0913							1.0	1436	1.0	1046	1.0	457	0.0	3	3.1422319474835887	2	0.6239554317548747	896	0.26740947075208915	384	1.0	149	0.0	0	0.43203125	553	0.003125	4	0.0	0	0.0	0	0.0	0	0.36127744510978044	181	0.018802228412256268	27	0.0	0	0.0	0	0.04387186629526462	63	0.0	0	0.0	23.645538659845503	0.0	23.645538659845503	0.0	1.0	1.0	-4.144730370814716	0.0	0	0.0	0	0.0196078431372549	1	0.31754874651810583	456	0.3723958333333333	143	0.05362116991643454	77	0.38579387186629527	136	1.0	1046	1.0	1436	1.0	457	0.298050139275766	428	0.7019498607242339	1008	0.036328871892925434	38
karlsson2013	ERR260210_bin.2.p	restored_017	0.3847726500110042	0.894177290504487	0.25	0.25	0.0	0.0	1.0	1436	1.0	1046	1.0	457	0.0	3	3.1422319474835887	2	0.6239554317548747	896	0.26740947075208915	384	1.0	149	0.0	1.0	0.43203125	553	0.003125	4	0.0	0	0.0	0	0.0	0	0.30560271646859083	180	0.018802228412256268	27	0.0	0	0.0	0	0.04387186629526462	63	0.0	0	0.0	23.64553865982525	0.0	23.64553865982506	0.0	1.0	1.0	-4.144730370814716	0.0	0	0.0	0	0.0196078431372549	1	0.31754874651810583	456	0.3723958333333333	143	0.05362116991643454	77	0.38579387186629527	136	1.0	1046	1.0	1436	1.0	457	0.298050139275766	428	0.7019498607242339	1008	0.036328871892925434	38
karlsson2013	ERR260210_bin.2.p	metagem_017	0.38570034426388017	0.8965627900118823	0.25	0.25	0.0	0.0	1.0	1217	1.0	865	1.0	443	0.0	3	2.7471783295711063	2	0.6384552177485621	777	0.25390304026294164	309	1.0	127	0.0	1.0	0.4419889502762431	480	0.003683241252302026	4	0.0	0	0.0	0	0.0	0	0.2783882783882784	152	0.018898931799506986	23	0.0	0	0.0	0	0.051766639276910435	63	0.0	0	0.0	31.08208012285223	0.0	31.08208012285835	0.0	1.0	1.0	-4.144730370814716	0.0	0	0.0	0	0.0196078431372549	1	0.27115858668857845	330	0.343042071197411	106	0.06080525883319639	74	0.40509449465899755	129	1.0	865	1.0	1217	1.0	443	0.3163516844700082	385	0.6836483155299918	832	0.03815028901734104	33
karlsson2013	ERR260226_bin.11.p	repro_0913							1.0	1195	1.0	872	1.0	462	0.0	3	2.5865800865800868	2	0.9163179916317992	1095	0.0	0	1.0	93	0.005733944954128441	5	1.0	1095	0.0	0	0.0	0	0.0	0	0.0	0	0.3212121212121212	159	0.029288702928870293	35	0.0	0	0.0011467889908256881	1	0.06778242677824267	81	0.0	0	0.0	38.69864816519138	0.0	45.56251972995175	0.0	1.0	1.0	0.0	0.0	0	0.0	0	0.0196078431372549	1	0.20167364016736403	241	1.0	0	0.0803347280334728	96	0.48535564853556484	153	1.0	872	1.0	1195	1.0	462	0.3079497907949791	368	0.6920502092050209	827	0.051605504587155966	45
karlsson2013	ERR260226_bin.11.p	restored_0913							1.0	1195	1.0	872	1.0	462	0.0	3	2.5865800865800868	2	0.6786610878661088	811	0.23765690376569037	284	1.0	93	0.005733944954128441	5	0.4520547945205479	495	0.0009132420091324201	1	0.0	0	0.0	0	0.0	0	0.3212121212121212	159	0.029288702928870293	35	0.0	0	0.0011467889908256881	1	0.06778242677824267	81	0.0	0	0.0	38.69864816519138	0.0	45.56251972995175	0.0	1.0	1.0	-4.144730370814716	0.0	0	0.0	0	0.0196078431372549	1	0.20167364016736403	241	0.29577464788732394	84	0.0803347280334728	96	0.48535564853556484	153	1.0	872	1.0	1195	1.0	462	0.3079497907949791	368	0.6920502092050209	827	0.051605504587155966	45
karlsson2013	ERR260226_bin.11.p	restored_017	0.21624925049582583	0.4608314060368855	0.25	0.25	0.0	0.0	1.0	1195	1.0	872	1.0	462	0.0	3	2.5865800865800868	2	0.6786610878661088	811	0.23765690376569037	284	1.0	93	1.0	0.0	0.4520547945205479	495	0.0009132420091324201	1	0.0	0	0.0	0	0.0	0	0.3212121212121212	159	0.029288702928870293	35	0.0	0	0.0	0	0.06778242677824267	81	0.0	0	0.0	38.69864816519226	0.0	45.56251972995162	0.0	1.0	1.0	-4.144730370814716	0.0	0	0.0	0	0.0196078431372549	1	0.20167364016736403	241	0.29577464788732394	84	0.0803347280334728	96	0.48535564853556484	153	1.0	872	1.0	1195	1.0	462	0.3079497907949791	368	0.6920502092050209	827	0.051605504587155966	45
karlsson2013	ERR260226_bin.11.p	metagem_017	0.21188543040394892	0.4496101543720591	0.25	0.25	0.0	0.0	1.0	1434	1.0	1061	1.0	491	0.0	3	2.920570264765784	2	0.6527196652719666	936	0.2503486750348675	359	1.0	132	1.0	0.0	0.4223938223938224	547	0.0	0	0.0	0	0.0	0	0.0	0	0.43033509700176364	244	0.028591352859135284	41	0.0	0	0.0	0	0.05369595536959554	77	0.0	0	0.0	71.48561637292904	0.0	71.48561637292902	0.0	1.0	1.0	-4.144730370814716	0.0	0	0.0	0	0.0196078431372549	1	0.2629009762900976	377	0.34540389972144847	124	0.07322175732217573	105	0.44281729428172945	169	1.0	1061	1.0	1434	1.0	491	0.29497907949790797	423	0.7050209205020921	1011	0.0471253534401508	50
karlsson2013	ERR260230_bin.21.p	repro_0913							1.0	1294	1.0	955	1.0	512	0.0	3	2.52734375	2	0.8817619783616693	1141	0.0	0	1.0	145	0.004188481675392671	4	1.0	1141	0.0	0	0.0	0	0.0	0	0.0	0	0.26810176125244617	137	0.012364760432766615	16	0.0	0	0.0	0	0.04404945904173107	57	0.0	0	0.0	19.241268845372907	0.0	19.241268845372907	0.0	1.0	1.0	0.0	0.0	0	0.0	0	0.0196078431372549	1	0.2357032457496136	305	1.0	0	0.07805255023183925	101	0.4234930448222566	150	1.0	955	1.0	1294	1.0	512	0.294435857805255	381	0.705564142194745	913	0.016753926701570682	16
karlsson2013	ERR260230_bin.21.p	restored_0913							1.0	1294	1.0	955	1.0	512	0.0	3	2.52734375	2	0.6468315301391035	837	0.23493044822256567	304	1.0	145	0.004188481675392671	4	0.44960560911481157	513	0.0	0	0.0	0	0.0	0	0.0	0	0.26810176125244617	137	0.012364760432766615	16	0.0	0	0.0	0	0.04404945904173107	57	0.0	0	0.0	19.241268845372907	0.0	19.241268845372907	0.0	1.0	1.0	-4.144730370814716	0.0	0	0.0	0	0.0196078431372549	1	0.2357032457496136	305	0.33223684210526316	101	0.07805255023183925	101	0.4234930448222566	150	1.0	955	1.0	1294	1.0	512	0.294435857805255	381	0.705564142194745	913	0.016753926701570682	16
karlsson2013	ERR260230_bin.21.p	restored_017	0.21938662757218938	0.46889894709039176	0.25	0.25	0.0	0.0	1.0	1294	1.0	955	1.0	512	0.0	3	2.52734375	2	0.6468315301391035	837	0.23493044822256567	304	1.0	145	1.0	0.0	0.44960560911481157	513	0.0	0	0.0	0	0.0	0	0.0	0	0.26810176125244617	137	0.012364760432766615	16	0.0	0	0.0	0	0.04404945904173107	57	0.0	0	0.0	19.241268845320185	0.0	19.241268845372947	0.0	1.0	1.0	-4.144730370814716	0.0	0	0.0	0	0.0196078431372549	1	0.2357032457496136	305	0.33223684210526316	101	0.07805255023183925	101	0.4234930448222566	150	1.0	955	1.0	1294	1.0	512	0.294435857805255	381	0.705564142194745	913	0.016753926701570682	16
karlsson2013	ERR260230_bin.21.p	metagem_017	0.21898497231048092	0.46786611927457	0.25	0.25	0.0	0.0	1.0	1346	1.0	973	1.0	512	0.0	3	2.62890625	2	0.637444279346211	858	0.2451708766716196	330	1.0	151	1.0	0.0	0.4385521885521885	521	0.0	0	0.0	0	0.0	0	0.0	0	0.2863849765258216	122	0.0029717682020802376	4	0.0	0	0.0	0	0.043833580980683504	59	0.0	0	0.0	59.33805468063417	0.0	59.33805468063421	0.0	1.0	1.0	-4.144730370814716	0.0	0	0.0	0	0.0196078431372549	1	0.25705794947994054	346	0.37272727272727274	123	0.075037147102526	101	0.4115898959881129	150	1.0	973	1.0	1346	1.0	512	0.3038632986627043	409	0.6961367013372957	937	0.015416238437821172	15
karlsson2013	ERR260242_bin.15.s	repro_0913							1.0	681	1.0	593	1.0	129	0.0	3	5.27906976744186	2	0.8487518355359766	578	0.0	0	1.0	96	0.0	0	1.0	578	0.0	0	0.0	0	0.0	0	0.0	0	0.056856187290969896	17	0.016152716593245228	11	0.0	0	0.0	0	0.013215859030837005	9	0.0	0	0.0	28.784836384689207	0.0	28.784836384689207	0.0	1.0	1.0	0.0	0.0	0	0.0	0	0.0196078431372549	1	0.4845814977973568	330	1.0	0	0.007342143906020558	5	0.25844346549192365	46	1.0	593	1.0	681	1.0	129	0.19236417033773862	131	0.8076358296622613	550	0.07251264755480608	43
karlsson2013	ERR260242_bin.15.s	restored_0913							1.0	681	1.0	593	1.0	129	0.0	3	5.27906976744186	2	0.5726872246696035	390	0.27606461086637296	188	1.0	96	0.0	0	0.4359861591695502	252	0.039792387543252594	23	0.0	0	0.0	0	0.0	0	0.056856187290969896	17	0.016152716593245228	11	0.0	0	0.0	0	0.013215859030837005	9	0.0	0	0.0	28.784836384689207	0.0	28.784836384689207	0.0	1.0	1.0	-4.144730370814716	0.0	0	0.0	0	0.0196078431372549	1	0.4845814977973568	330	0.5319148936170213	100	0.007342143906020558	5	0.25844346549192365	46	1.0	593	1.0	681	1.0	129	0.19236417033773862	131	0.8076358296622613	550	0.07251264755480608	43
karlsson2013	ERR260242_bin.15.s	restored_017	0.3963351073701607	0.9239093237137467	0.25	0.25	0.0	0.0	1.0	681	1.0	593	1.0	129	0.0	3	5.27906976744186	2	0.5726872246696035	390	0.27606461086637296	188	1.0	96	0.0	1.0	0.4359861591695502	252	0.039792387543252594	23	0.0	0	0.0	0	0.0	0	0.056856187290969896	17	0.016152716593245228	11	0.0	0	0.0	0	0.013215859030837005	9	0.0	0	0.0	28.784836384689296	0.0	28.784836384689314	0.0	1.0	1.0	-4.144730370814716	0.0	0	0.0	0	0.0196078431372549	1	0.4845814977973568	330	0.5319148936170213	100	0.007342143906020558	5	0.25844346549192365	46	1.0	593	1.0	681	1.0	129	0.19236417033773862	131	0.8076358296622613	550	0.07251264755480608	43
karlsson2013	ERR260242_bin.15.s	metagem_017	0.38855485879442614	0.9039029702332863	0.25	0.25	0.0	0.0	1.0	726	1.0	630	1.0	127	0.0	3	5.716535433070866	2	0.5757575757575758	418	0.2796143250688705	203	1.0	96	0.0	1.0	0.4524959742351047	281	0.05636070853462158	35	0.0	0	0.0	0	0.0	0	0.16382252559726962	48	0.01928374655647383	14	0.0	0	0.0	0	0.015151515151515152	11	0.0	0	0.0	18.473349601142328	0.0	18.586433002440256	0.0	1.0	1.0	-4.144730370814716	0.0	0	0.0	0	0.0196078431372549	1	0.5137741046831956	373	0.541871921182266	110	0.006887052341597796	5	0.24242424242424243	44	1.0	630	1.0	726	1.0	127	0.1928374655647383	140	0.8071625344352618	586	0.06984126984126984	44
karlsson2013	ERR260250_bin.22.s	repro_0913							1.0	1155	1.0	861	1.0	400	0.0	3	2.8875	2	0.8727272727272727	1008	0.0	0	1.0	141	0.003484320557491289	3	1.0	1008	0.0	0	0.0	0	0.0	0	0.0	0	0.19201995012468828	77	0.01038961038961039	12	0.0	0	0.0	0	0.046753246753246755	54	0.0	0	0.0	45.53900416543546	0.0	45.53900416543546	0.0	1.0	1.0	0.0	0.0	0	0.0	0	0.0196078431372549	1	0.2510822510822511	290	1.0	0	0.08398268398268398	97	0.41385281385281386	112	1.0	861	1.0	1155	1.0	400	0.2831168831168831	327	0.7168831168831169	828	0.03716608594657375	32
karlsson2013	ERR260250_bin.22.s	restored_0913							1.0	1155	1.0	861	1.0	400	0.0	3	2.8875	2	0.6424242424242425	742	0.23030303030303031	266	1.0	141	0.003484320557491289	3	0.44047619047619047	444	0.002976190476190476	3	0.0	0	0.0	0	0.0	0	0.19201995012468828	77	0.01038961038961039	12	0.0	0	0.0	0	0.046753246753246755	54	0.0	0	0.0	45.53900416543546	0.0	45.53900416543546	0.0	1.0	1.0	-4.144730370814716	0.0	0	0.0	0	0.0196078431372549	1	0.2510822510822511	290	0.34962406015037595	93	0.08398268398268398	97	0.41385281385281386	112	1.0	861	1.0	1155	1.0	400	0.2831168831168831	327	0.7168831168831169	828	0.03716608594657375	32
karlsson2013	ERR260250_bin.22.s	restored_017	0.22395524086608876	0.48064680984613295	0.25	0.25	0.0	0.0	1.0	1155	1.0	861	1.0	400	0.0	3	2.8875	2	0.6424242424242425	742	0.23030303030303031	266	1.0	141	1.0	0.0	0.44047619047619047	444	0.002976190476190476	3	0.0	0	0.0	0	0.0	0	0.19201995012468828	77	0.01038961038961039	12	0.0	0	0.0	0	0.046753246753246755	54	0.0	0	0.0	45.53900416543544	0.0	45.53900416543814	0.0	1.0	1.0	-4.144730370814716	0.0	0	0.0	0	0.0196078431372549	1	0.2510822510822511	290	0.34962406015037595	93	0.08398268398268398	97	0.41385281385281386	112	1.0	861	1.0	1155	1.0	400	0.2831168831168831	327	0.7168831168831169	828	0.03716608594657375	32
karlsson2013	ERR260250_bin.22.s	metagem_017	0.2220549019872512	0.47576022415769353	0.25	0.25	0.0	0.0	1.0	1166	1.0	878	1.0	403	0.0	3	2.893300248138958	2	0.6432246998284734	750	0.2307032590051458	269	1.0	141	1.0	0.0	0.4268891069676153	435	0.002944062806673209	3	0.0	0	0.0	0	0.0	0	0.23984526112185686	124	0.0137221269296741	16	0.0	0	0.0	0	0.04716981132075472	55	0.0	0	0.0	30.72796677765304	0.0	30.727966777652753	0.0	1.0	1.0	-4.144730370814716	0.0	0	0.0	0	0.0196078431372549	1	0.2555746140651801	298	0.34944237918215615	94	0.08747855917667238	102	0.4090909090909091	113	1.0	878	1.0	1166	1.0	403	0.2770154373927959	323	0.7229845626072041	843	0.0387243735763098	34
karlsson2013	ERR260254_bin.24.p	repro_0913							1.0	1076	1.0	817	1.0	318	0.0	3	3.3836477987421385	2	0.8847583643122676	952	0.0	0	1.0	116	0.0	0	1.0	952	0.0	0	0.0	0	0.0	0	0.0	0	0.2638888888888889	114	0.01858736059479554	20	0.0	0	0.0	0	0.032527881040892194	35	0.0	0	0.0	5.833029012365545	0.0	5.875967293533757	0.0	1.0	1.0	0.0	0.0	0	0.0	0	0.0196078431372549	1	0.3355018587360595	361	1.0	0	0.04925650557620818	53	0.38661710037174724	104	1.0	817	1.0	1076	1.0	318	0.2741635687732342	295	0.7258364312267658	781	0.012239902080783354	10
karlsson2013	ERR260254_bin.24.p	restored_0913							1.0	1076	1.0	817	1.0	318	0.0	3	3.3836477987421385	2	0.6524163568773235	702	0.23234200743494424	250	1.0	116	0.0	0	0.4338235294117647	413	0.018907563025210083	18	0.0	0	0.0	0	0.0	0	0.2638888888888889	114	0.01858736059479554	20	0.0	0	0.0	0	0.032527881040892194	35	0.0	0	0.0	5.833029012365545	0.0	5.875967293533757	0.0	1.0	1.0	-4.144730370814716	0.0	0	0.0	0	0.0196078431372549	1	0.3355018587360595	361	0.364	91	0.04925650557620818	53	0.38661710037174724	104	1.0	817	1.0	1076	1.0	318	0.2741635687732342	295	0.7258364312267658	781	0.012239902080783354	10
karlsson2013	ERR260254_bin.24.p	restored_017	0.38611370474115575	0.8976257169534482	0.25	0.25	0.0	0.0	1.0	1076	1.0	817	1.0	318	0.0	3	3.3836477987421385	2	0.6524163568773235	702	0.23234200743494424	250	1.0	116	0.0	1.0	0.4338235294117647	413	0.018907563025210083	18	0.0	0	0.0	0	0.0	0	0.2638888888888889	114	0.01858736059479554	20	0.0	0	0.0	0	0.032527881040892194	35	0.0	0	0.0	5.833029012366451	0.0	5.875967293532765	0.0	1.0	1.0	-4.144730370814716	0.0	0	0.0	0	0.0196078431372549	1	0.3355018587360595	361	0.364	91	0.04925650557620818	53	0.38661710037174724	104	1.0	817	1.0	1076	1.0	318	0.2741635687732342	295	0.7258364312267658	781	0.011015911872705019	9
karlsson2013	ERR260254_bin.24.p	metagem_017	0.38825026259452355	0.9031197228621082	0.25	0.25	0.0	0.0	1.0	1093	1.0	832	1.0	322	0.0	3	3.3944099378881987	2	0.645928636779506	706	0.23513266239707228	257	1.0	121	0.0	1.0	0.446521287642783	430	0.016614745586708203	16	0.0	0	0.0	0	0.0	0	0.21502590673575128	83	0.026532479414455627	29	0.0	0	0.0	0	0.03019213174748399	33	0.0	0	0.0	7.408431109005943	0.0	7.45635220350476	0.0	1.0	1.0	-4.144730370814716	0.0	0	0.0	0	0.0196078431372549	1	0.3321134492223239	363	0.377431906614786	97	0.05123513266239707	56	0.3870082342177493	106	1.0	832	1.0	1093	1.0	322	0.27721866422689845	303	0.7227813357731016	790	0.014423076923076924	12
karlsson2013	ERR260255_bin.11.p	repro_0913							1.0	1342	1.0	961	1.0	568	0.0	3	2.362676056338028	2	0.8986587183308494	1206	0.0	0	1.0	130	0.003121748178980229	3	1.0	1206	0.0	0	0.0	0	0.0	0	0.0	0	0.3942470389170897	233	0.0007451564828614009	1	0.001040582726326743	1	0.001040582726326743	1	0.06035767511177347	81	0.0	0	0.0	54.05723446861974	0.0	54.05723446861974	0.0	1.0	1.0	0.0	0.0	0	0.0	0	0.0196078431372549	1	0.23472429210134127	315	1.0	0	0.09239940387481371	124	0.4225037257824143	137	1.0	961	1.0	1342	1.0	568	0.30178837555886734	405	0.6982116244411326	937	0.02497398543184183	24
karlsson2013	ERR260255_bin.11.p	restored_0913							1.0	1342	1.0	961	1.0	568	0.0	3	2.362676056338028	2	0.6535022354694486	877	0.2451564828614009	329	1.0	130	0.003121748178980229	3	0.41708126036484244	503	0.0	0	0.0	0	0.0	0	0.0	0	0.3942470389170897	233	0.0007451564828614009	1	0.001040582726326743	1	0.001040582726326743	1	0.06035767511177347	81	0.0	0	0.0	54.05723446861974	0.0	54.05723446861974	0.0	1.0	1.0	-4.144730370814716	0.0	0	0.0	0	0.0196078431372549	1	0.23472429210134127	315	0.331306990881459	109	0.09239940387481371	124	0.4225037257824143	137	1.0	961	1.0	1342	1.0	568	0.30178837555886734	405	0.6982116244411326	937	0.02497398543184183	24
karlsson2013	ERR260255_bin.11.p	restored_017	0.2141854648547075	0.4555245286740098	0.25	0.25	0.0	0.0	1.0	1342	1.0	961	1.0	568	0.0	3	2.362676056338028	2	0.6535022354694486	877	0.2451564828614009	329	1.0	130	1.0	0.0	0.41708126036484244	503	0.0	0	0.0	0	0.0	0	0.0	0	0.3942470389170897	233	0.0007451564828614009	1	0.0	0	0.0	0	0.06035767511177347	81	0.0	0	0.0	54.05723446824832	0.0	54.057234468620905	0.0	1.0	1.0	-4.144730370814716	0.0	0	0.0	0	0.0196078431372549	1	0.23472429210134127	315	0.331306990881459	109	0.09239940387481371	124	0.4225037257824143	137	1.0	961	1.0	1342	1.0	568	0.30178837555886734	405	0.6982116244411326	937	0.02497398543184183	24
karlsson2013	ERR260255_bin.11.p	metagem_017	0.21996918209851107	0.4703969444437904	0.25	0.25	0.0	0.0	1.0	1314	1.0	957	1.0	575	0.0	3	2.285217391304348	2	0.6582952815829528	865	0.23820395738203956	313	1.0	130	1.0	0.0	0.4159592529711375	490	0.0	0	0.0	0	0.0	0	0.0	0	0.2912621359223301	150	0.01141552511415525	15	0.0	0	0.0	0	0.0487062404870624	64	0.0	0	0.0	50.16824291801095	0.0	50.16824291801082	0.0	1.0	1.0	-4.144730370814716	0.0	0	0.0	0	0.0196078431372549	1	0.23820395738203956	313	0.3450479233226837	108	0.0974124809741248	128	0.4094368340943683	135	1.0	957	1.0	1314	1.0	575	0.2914764079147641	383	0.708523592085236	931	0.027168234064785787	26
karlsson2013	ERR260255_bin.25.p	repro_0913							1.0	1240	1.0	903	1.0	436	0.0	3	2.8440366972477062	2	0.8830645161290323	1095	0.0	0	1.0	137	0.004429678848283499	4	1.0	1095	0.0	0	0.0	0	0.0	0	0.0	0	0.2225201072386059	83	0.016129032258064516	20	0.0	0	0.0	0	0.05241935483870968	65	0.0	0	0.0	40.08053167332079	0.0	40.08727409022565	0.0	1.0	1.0	0.0	0.0	0	0.0	0	0.0196078431372549	1	0.24758064516129033	307	1.0	0	0.07258064516129033	90	0.4258064516129032	122	1.0	903	1.0	1240	1.0	436	0.29596774193548386	367	0.7040322580645161	873	0.03211517165005537	29
karlsson2013	ERR260255_bin.25.p	restored_0913							1.0	1240	1.0	903	1.0	436	0.0	3	2.8440366972477062	2	0.6241935483870967	774	0.25887096774193546	321	1.0	137	0.004429678848283499	4	0.42648401826484017	467	0.0045662100456621	5	0.0	0	0.0	0	0.0	0	0.2225201072386059	83	0.016129032258064516	20	0.0	0	0.0	0	0.05241935483870968	65	0.0	0	0.0	40.08053167332079	0.0	40.08727409022565	0.0	1.0	1.0	-4.144730370814716	0.0	0	0.0	0	0.0196078431372549	1	0.24758064516129033	307	0.34579439252336447	111	0.07258064516129033	90	0.4258064516129032	122	1.0	903	1.0	1240	1.0	436	0.29596774193548386	367	0.7040322580645161	873	0.03211517165005537	29
karlsson2013	ERR260255_bin.25.p	restored_017	0.2228495618906578	0.47780363533788195	0.25	0.25	0.0	0.0	1.0	1240	1.0	903	1.0	436	0.0	3	2.8440366972477062	2	0.6241935483870967	774	0.25887096774193546	321	1.0	137	1.0	0.0	0.42648401826484017	467	0.0045662100456621	5	0.0	0	0.0	0	0.0	0	0.22432432432432434	83	0.016129032258064516	20	0.0	0	0.0	0	0.05241935483870968	65	0.0	0	0.0	40.08053167332044	0.0	40.0872740902259	0.0	1.0	1.0	-4.144730370814716	0.0	0	0.0	0	0.0196078431372549	1	0.24758064516129033	307	0.34579439252336447	111	0.07258064516129033	90	0.4258064516129032	122	1.0	903	1.0	1240	1.0	436	0.29596774193548386	367	0.7040322580645161	873	0.03211517165005537	29
karlsson2013	ERR260255_bin.25.p	metagem_017	0.22276487054777896	0.47758585759905064	0.25	0.25	0.0	0.0	1.0	1268	1.0	911	1.0	438	0.0	3	2.894977168949772	2	0.6206624605678234	787	0.2618296529968454	332	1.0	142	1.0	0.0	0.4253798033958892	476	0.00804289544235925	9	0.0	0	0.0	0	0.0	0	0.2234762979683973	99	0.002365930599369085	3	0.0	0	0.0	0	0.051261829652996846	65	0.0	0	0.0	69.75328501248273	0.0	69.76277128213174	0.0	1.0	1.0	-4.144730370814716	0.0	0	0.0	0	0.0196078431372549	1	0.2618296529968454	332	0.3644578313253012	121	0.07097791798107256	90	0.4116719242902208	119	1.0	911	1.0	1268	1.0	438	0.3028391167192429	384	0.6971608832807571	884	0.02854006586169045	26
karlsson2013	ERR260257_bin.26.s	repro_0913							1.0	1354	1.0	997	1.0	617	0.0	3	2.194489465153971	2	0.8899556868537666	1205	0.0	0	1.0	141	0.004012036108324975	4	1.0	1205	0.0	0	0.0	0	0.0	0	0.0	0	0.1935483870967742	78	0.0206794682422452	28	0.0	0	0.0	0	0.048005908419497784	65	0.0	0	0.0	44.09085158087969	0.0	44.09085158087969	0.0	1.0	1.0	0.0	0.0	0	0.0	0	0.0196078431372549	1	0.20014771048744462	271	1.0	0	0.11447562776957164	155	0.41063515509601184	141	1.0	997	1.0	1354	1.0	617	0.2895125553914328	392	0.7104874446085672	962	0.012036108324974924	12
karlsson2013	ERR260257_bin.26.s	restored_0913							1.0	1354	1.0	997	1.0	617	0.0	3	2.194489465153971	2	0.6425406203840472	870	0.24741506646971936	335	1.0	141	0.004012036108324975	4	0.4149377593360996	500	0.0	0	0.0	0	0.0	0	0.0	0	0.1935483870967742	78	0.0206794682422452	28	0.0	0	0.0	0	0.048005908419497784	65	0.0	0	0.0	44.09085158087969	0.0	44.09085158087969	0.0	1.0	1.0	-4.144730370814716	0.0	0	0.0	0	0.0196078431372549	1	0.20014771048744462	271	0.3164179104477612	106	0.11447562776957164	155	0.41063515509601184	141	1.0	997	1.0	1354	1.0	617	0.2895125553914328	392	0.7104874446085672	962	0.012036108324974924	12
karlsson2013	ERR260257_bin.26.s	restored_017	0.22545447334632182	0.484501979081018	0.25	0.25	0.0	0.0	1.0	1354	1.0	997	1.0	617	0.0	3	2.194489465153971	2	0.6425406203840472	870	0.24741506646971936	335	1.0	141	1.0	0.0	0.4149377593360996	500	0.0	0	0.0	0	0.0	0	0.0	0	0.1935483870967742	78	0.0206794682422452	28	0.0	0	0.0	0	0.048005908419497784	65	0.0	0	0.0	44.09085158079185	0.0	44.090851580879736	0.0	1.0	1.0	-4.144730370814716	0.0	0	0.0	0	0.0196078431372549	1	0.20014771048744462	271	0.3164179104477612	106	0.11447562776957164	155	0.41063515509601184	141	1.0	997	1.0	1354	1.0	617	0.2895125553914328	392	0.7104874446085672	962	0.012036108324974924	12
karlsson2013	ERR260257_bin.26.s	metagem_017	0.21502264302462576	0.45767727253951385	0.25	0.25	0.0	0.0	1.0	1598	1.0	1168	1.0	633	0.0	3	2.5244865718799367	2	0.6195244055068836	990	0.26846057571964954	429	1.0	170	1.0	0.0	0.4143763213530655	588	0.0	0	0.0	0	0.0	0	0.0	0	0.38188277087033745	215	0.03316645807259074	53	0.0	0	0.0	0	0.03504380475594493	56	0.0	0	0.0	51.65706763021461	0.0	51.657067630214925	0.0	1.0	1.0	-4.144730370814716	0.0	0	0.0	0	0.0196078431372549	1	0.25156445556946183	402	0.34965034965034963	150	0.10826032540675845	173	0.3967459324155194	163	1.0	1168	1.0	1598	1.0	633	0.2934918648310388	469	0.7065081351689612	1129	0.007705479452054794	9
karlsson2013	ERR260259_bin.20.p	repro_0913							1.0	1265	1.0	941	1.0	525	0.0	3	2.4095238095238094	2	0.8782608695652174	1111	0.0	0	1.0	149	0.003188097768331562	3	1.0	1111	0.0	0	0.0	0	0.0	0	0.0	0	0.18181818181818182	70	0.015019762845849802	19	0.0	0	0.0	0	0.02292490118577075	29	0.0	0	0.0	35.98803910054414	0.0	35.98803910054414	0.0	1.0	1.0	0.0	0.0	0	0.0	0	0.0196078431372549	1	0.25138339920948616	318	1.0	0	0.08616600790513834	109	0.3841897233201581	124	1.0	941	1.0	1265	1.0	525	0.2774703557312253	351	0.7225296442687748	914	0.02763018065887354	26
karlsson2013	ERR260259_bin.20.p	restored_0913							1.0	1265	1.0	941	1.0	525	0.0	3	2.4095238095238094	2	0.6189723320158103	783	0.2592885375494071	328	1.0	149	0.003188097768331562	3	0.4446444644464446	494	0.0	0	0.0	0	0.0	0	0.0	0	0.18181818181818182	70	0.015019762845849802	19	0.0	0	0.0	0	0.02292490118577075	29	0.0	0	0.0	35.98803910054414	0.0	35.98803910054414	0.0	1.0	1.0	-4.144730370814716	0.0	0	0.0	0	0.0196078431372549	1	0.25138339920948616	318	0.3353658536585366	110	0.08616600790513834	109	0.3841897233201581	124	1.0	941	1.0	1265	1.0	525	0.2774703557312253	351	0.7225296442687748	914	0.02763018065887354	26
karlsson2013	ERR260259_bin.20.p	restored_017	0.22445577891122445	0.48193390767648187	0.25	0.25	0.0	0.0	1.0	1265	1.0	941	1.0	525	0.0	3	2.4095238095238094	2	0.6189723320158103	783	0.2592885375494071	328	1.0	149	1.0	0.0	0.4446444644464446	494	0.0	0	0.0	0	0.0	0	0.0	0	0.18181818181818182	70	0.015019762845849802	19	0.0	0	0.0	0	0.02292490118577075	29	0.0	0	0.0	35.988039100543894	0.0	35.98803910054405	0.0	1.0	1.0	-4.144730370814716	0.0	0	0.0	0	0.0196078431372549	1	0.25138339920948616	318	0.3353658536585366	110	0.08616600790513834	109	0.3841897233201581	124	1.0	941	1.0	1265	1.0	525	0.2774703557312253	351	0.7225296442687748	914	0.02763018065887354	26
karlsson2013	ERR260259_bin.20.p	metagem_017	0.2226047891792049	0.4771742197941459	0.25	0.25	0.0	0.0	1.0	1238	1.0	923	1.0	532	0.0	3	2.327067669172932	2	0.6187399030694669	766	0.2568659127625202	318	1.0	149	1.0	0.0	0.4483394833948339	486	0.0018450184501845018	2	0.0	0	0.0	0	0.0	0	0.20959595959595959	83	0.015347334410339256	19	0.0	0	0.0	0	0.02665589660743134	33	0.0	0	0.0	36.797725601998216	0.0	36.7977256019978	0.0	1.0	1.0	-4.144730370814716	0.0	0	0.0	0	0.0196078431372549	1	0.23990306946688206	297	0.330188679245283	105	0.0864297253634895	107	0.3861066235864297	122	1.0	923	1.0	1238	1.0	532	0.2770597738287561	343	0.722940226171244	895	0.02925243770314193	27
karlsson2013	ERR260262_bin.18.s	repro_0913							1.0	1374	1.0	989	1.0	666	0.0	3	2.063063063063063	2	0.883551673944687	1214	0.0	0	1.0	154	0.004044489383215369	4	1.0	1214	0.0	0	0.0	0	0.0	0	0.0	0	0.3121597096188748	172	0.016739446870451237	23	0.0	0	0.0	0	0.05312954876273653	73	0.0	0	0.0	33.52801808608794	0.0	33.52801808608794	0.0	1.0	1.0	0.0	0.0	0	0.0	0	0.0196078431372549	1	0.20305676855895197	279	1.0	0	0.09024745269286755	124	0.39810771470160117	143	1.0	989	1.0	1374	1.0	666	0.3005822416302766	413	0.6994177583697234	961	0.00910010111223458	9
karlsson2013	ERR260262_bin.18.s	restored_0913							1.0	1374	1.0	989	1.0	666	0.0	3	2.063063063063063	2	0.6244541484716157	858	0.2590975254730713	356	1.0	154	0.004044489383215369	4	0.42174629324546953	512	0.0	0	0.0	0	0.0	0	0.0	0	0.3121597096188748	172	0.016739446870451237	23	0.0	0	0.0	0	0.05312954876273653	73	0.0	0	0.0	33.52801808608794	0.0	33.52801808608794	0.0	1.0	1.0	-4.144730370814716	0.0	0	0.0	0	0.0196078431372549	1	0.20305676855895197	279	0.3258426966292135	116	0.09024745269286755	124	0.39810771470160117	143	1.0	989	1.0	1374	1.0	666	0.3005822416302766	413	0.6994177583697234	961	0.00910010111223458	9
karlsson2013	ERR260262_bin.18.s	restored_017	0.21848670354457345	0.46658485673366507	0.25	0.25	0.0	0.0	1.0	1374	1.0	989	1.0	666	0.0	3	2.063063063063063	2	0.6244541484716157	858	0.2590975254730713	356	1.0	154	1.0	0.0	0.42174629324546953	512	0.0	0	0.0	0	0.0	0	0.0	0	0.3121597096188748	172	0.016739446870451237	23	0.0	0	0.0	0	0.05312954876273653	73	0.0	0	0.0	33.52801808608964	0.0	33.5280180860897	0.0	1.0	1.0	-4.144730370814716	0.0	0	0.0	0	0.0196078431372549	1	0.20305676855895197	279	0.3258426966292135	116	0.09024745269286755	124	0.39810771470160117	143	1.0	989	1.0	1374	1.0	666	0.3005822416302766	413	0.6994177583697234	961	0.00910010111223458	9
karlsson2013	ERR260262_bin.18.s	metagem_017	0.22684710840953368	0.4880830406721342	0.25	0.25	0.0	0.0	1.0	1546	1.0	1100	1.0	675	0.0	3	2.29037037037037	2	0.6190168175937905	957	0.2664941785252264	412	1.0	170	1.0	0.0	0.4141709276844412	567	0.0	0	0.0	0	0.0	0	0.0	0	0.16924778761061948	153	0.018111254851228976	28	0.0	0	0.0	0	0.04204398447606727	65	0.0	0	0.0	35.473314995391576	0.0	35.47331499491684	0.0	1.0	1.0	-4.144730370814716	0.0	0	0.0	0	0.0196078431372549	1	0.23932729624838292	370	0.3325242718446602	137	0.08926261319534282	138	0.3945666235446313	158	1.0	1100	1.0	1546	1.0	675	0.3091849935316947	478	0.6908150064683053	1068	0.01	11
karlsson2013	ERR260264_bin.33.p	repro_0913							1.0	1044	1.0	802	1.0	318	0.0	3	3.2830188679245285	2	0.8716475095785441	910	0.0	0	1.0	128	0.004987531172069825	4	1.0	910	0.0	0	0.0	0	0.0	0	0.0	0	0.22894736842105262	87	0.022030651340996167	23	0.0012468827930174563	1	0.0012468827930174563	1	0.031609195402298854	33	0.0	0	0.0	17.014248306643324	0.0	17.014248306643324	0.0	1.0	1.0	0.0	0.0	0	0.0	0	0.0196078431372549	1	0.33620689655172414	351	1.0	0	0.040229885057471264	42	0.35727969348659006	93	1.0	802	1.0	1044	1.0	318	0.2557471264367816	267	0.7442528735632183	777	0.029925187032418952	24
karlsson2013	ERR260264_bin.33.p	restored_0913							1.0	1044	1.0	802	1.0	318	0.0	3	3.2830188679245285	2	0.6063218390804598	633	0.2653256704980843	277	1.0	128	0.004987531172069825	4	0.44065934065934065	401	0.006593406593406593	6	0.0	0	0.0	0	0.0	0	0.22894736842105262	87	0.022030651340996167	23	0.0012468827930174563	1	0.0012468827930174563	1	0.031609195402298854	33	0.0	0	0.0	17.014248306643324	0.0	17.014248306643324	0.0	1.0	1.0	-4.144730370814716	0.0	0	0.0	0	0.0196078431372549	1	0.33620689655172414	351	0.38267148014440433	106	0.040229885057471264	42	0.35727969348659006	93	1.0	802	1.0	1044	1.0	318	0.2557471264367816	267	0.7442528735632183	777	0.029925187032418952	24
karlsson2013	ERR260264_bin.33.p	restored_017	0.22169258616627038	0.47482855490374287	0.25	0.25	0.0	0.0	1.0	1044	1.0	802	1.0	318	0.0	3	3.2830188679245285	2	0.6063218390804598	633	0.2653256704980843	277	1.0	128	1.0	0.0	0.44065934065934065	401	0.006593406593406593	6	0.0	0	0.0	0	0.0	0	0.22894736842105262	87	0.022030651340996167	23	0.0	0	0.0	0	0.031609195402298854	33	0.0	0	0.0	17.014248306643314	0.0	17.014248306643307	0.0	1.0	1.0	-4.144730370814716	0.0	0	0.0	0	0.0196078431372549	1	0.33620689655172414	351	0.38267148014440433	106	0.040229885057471264	42	0.35727969348659006	93	1.0	802	1.0	1044	1.0	318	0.2557471264367816	267	0.7442528735632183	777	0.029925187032418952	24
karlsson2013	ERR260264_bin.33.p	metagem_017	0.217546090273363	0.46416613689340963	0.25	0.25	0.0	0.0	1.0	1113	1.0	852	1.0	321	0.0	3	3.467289719626168	2	0.6064690026954178	675	0.2632524707996406	293	1.0	141	1.0	0.0	0.4256198347107438	412	0.012396694214876033	12	0.0	0	0.0	0	0.0	0	0.3128205128205128	122	0.0035938903863432167	4	0.0	0	0.0	0	0.028751123090745734	32	0.0	0	0.0	33.30930034833839	0.0	33.3093003483385	0.0	1.0	1.0	-4.144730370814716	0.0	0	0.0	0	0.0196078431372549	1	0.3701707097933513	412	0.4061433447098976	119	0.04043126684636118	45	0.3360287511230907	94	1.0	852	1.0	1113	1.0	321	0.25157232704402516	280	0.7484276729559748	833	0.02112676056338028	18
karlsson2013	ERR260265_bin.24.p	repro_0913							1.0	2916	1.0	1802	1.0	1639	0.0	3	1.7791336180597925	2	0.880315500685871	2567	0.0	0	1.0	340	0.003329633740288568	6	1.0	2567	0.0	0	0.0	0	0.0	0	0.0	0	0.7023977433004231	996	0.01440329218106996	42	0.0005549389567147614	1	0.0005549389567147614	1	0.1111111111111111	324	0.0	0	0.0	84.77275723719079	0.0	84.77275723719079	0.0	1.0	1.0	0.0	0.0	0	0.0	0	0.0196078431372549	1	0.04355281207133059	127	1.0	0	0.12757201646090535	372	0.5497256515775034	341	1.0	1802	1.0	2916	1.0	1639	0.39609053497942387	1155	0.6039094650205762	1761	0.022752497225305215	41
karlsson2013	ERR260265_bin.24.p	restored_0913							1.0	2916	1.0	1802	1.0	1639	0.0	3	1.7791336180597925	2	0.5377229080932785	1568	0.3425925925925926	999	1.0	340	0.003329633740288568	6	0.3354109855862875	861	0.0	0	0.0	0	0.0	0	0.0	0	0.7023977433004231	996	0.01440329218106996	42	0.0005549389567147614	1	0.0005549389567147614	1	0.1111111111111111	324	0.0	0	0.0	84.77275723719079	0.0	84.77275723719079	0.0	1.0	1.0	-4.144730370814716	0.0	0	0.0	0	0.0196078431372549	1	0.04355281207133059	127	0.044044044044044044	44	0.12757201646090535	372	0.5497256515775034	341	1.0	1802	1.0	2916	1.0	1639	0.39609053497942387	1155	0.6039094650205762	1761	0.022752497225305215	41
karlsson2013	ERR260265_bin.24.p	restored_017	0.2016032187655531	0.4231701815876127	0.25	0.25	0.0	0.0	1.0	2916	1.0	1802	1.0	1639	0.0	3	1.7791336180597925	2	0.5377229080932785	1568	0.3425925925925926	999	1.0	340	1.0	0.0	0.3354109855862875	861	0.0	0	0.0	0	0.0	0	0.0	0	0.7023977433004231	996	0.01440329218106996	42	0.0	0	0.0	0	0.1111111111111111	324	0.0	0	0.0	84.77275723719092	0.0	84.77275723719097	0.0	1.0	1.0	-4.144730370814716	0.0	0	0.0	0	0.0196078431372549	1	0.04355281207133059	127	0.044044044044044044	44	0.12757201646090535	372	0.5497256515775034	341	1.0	1802	1.0	2916	1.0	1639	0.39609053497942387	1155	0.6039094650205762	1761	0.022752497225305215	41
karlsson2013	ERR260265_bin.24.p	metagem_017	0.20281374663523025	0.4262829675382111	0.25	0.25	0.0	0.0	1.0	2915	1.0	1803	1.0	1636	0.0	3	1.7817848410757946	2	0.5375643224699829	1567	0.3427101200686106	999	1.0	340	1.0	0.0	0.33554169914263443	861	0.0	0	0.0	0	0.0	0	0.0	0	0.6804775280898876	969	0.014065180102915952	41	0.0	0	0.0	0	0.1104631217838765	322	0.0	0	0.0	84.77233967128669	0.0	84.7723396712868	0.0	1.0	1.0	-4.144730370814716	0.0	0	0.0	0	0.0196078431372549	1	0.04322469982847341	126	0.04504504504504504	45	0.12761578044596913	372	0.5499142367066895	341	1.0	1803	1.0	2915	1.0	1636	0.3955403087478559	1153	0.604459691252144	1762	0.02273987798114254	41
karlsson2013	ERR260265_bin.32.p	repro_0913							1.0	849	1.0	683	1.0	176	0.0	3	4.823863636363637	2	0.866902237926973	736	0.0	0	1.0	109	0.004392386530014641	3	1.0	736	0.0	0	0.0	0	0.0	0	0.0	0	0.11904761904761904	40	0.0035335689045936395	3	0.004392386530014641	3	0.0014641288433382138	1	0.03180212014134275	27	0.0	0	0.0	29.61362850443358	0.0	29.61362850443358	0.0	1.0	1.0	0.0	0.0	0	0.0	0	0.0196078431372549	1	0.4416961130742049	375	1.0	0	0.023557126030624265	20	0.303886925795053	59	1.0	683	1.0	849	1.0	176	0.22850412249705537	194	0.7714958775029447	655	0.040995607613469986	28
karlsson2013	ERR260265_bin.32.p	restored_0913							1.0	849	1.0	683	1.0	176	0.0	3	4.823863636363637	2	0.6054181389870436	514	0.26148409893992935	222	1.0	109	0.004392386530014641	3	0.4592391304347826	338	0.024456521739130436	18	0.0	0	0.0	0	0.0	0	0.11904761904761904	40	0.0035335689045936395	3	0.004392386530014641	3	0.0014641288433382138	1	0.03180212014134275	27	0.0	0	0.0	29.61362850443358	0.0	29.61362850443358	0.0	1.0	1.0	-4.144730370814716	0.0	0	0.0	0	0.0196078431372549	1	0.4416961130742049	375	0.45495495495495497	101	0.023557126030624265	20	0.303886925795053	59	1.0	683	1.0	849	1.0	176	0.22850412249705537	194	0.7714958775029447	655	0.040995607613469986	28
karlsson2013	ERR260265_bin.32.p	restored_017	0.22577352196917413	0.4853223898254954	0.25	0.25	0.0	0.0	1.0	849	1.0	683	1.0	176	0.0	3	4.823863636363637	2	0.6054181389870436	514	0.26148409893992935	222	1.0	109	1.0	0.0	0.4592391304347826	338	0.024456521739130436	18	0.0	0	0.0	0	0.0	0	0.11904761904761904	40	0.0035335689045936395	3	0.0	0	0.0	0	0.03180212014134275	27	0.0	0	0.0	29.61362850443364	0.0	29.613628504433674	0.0	1.0	1.0	-4.144730370814716	0.0	0	0.0	0	0.0196078431372549	1	0.4416961130742049	375	0.45495495495495497	101	0.023557126030624265	20	0.303886925795053	59	1.0	683	1.0	849	1.0	176	0.22850412249705537	194	0.7714958775029447	655	0.040995607613469986	28
karlsson2013	ERR260265_bin.32.p	metagem_017	0.2210191157021423	0.47309677371027065	0.25	0.25	0.0	0.0	1.0	814	1.0	648	1.0	180	0.0	3	4.522222222222222	2	0.5896805896805897	480	0.2727272727272727	222	1.0	108	1.0	0.0	0.47863247863247865	336	0.02564102564102564	18	0.0	0	0.0	0	0.0	0	0.18404907975460122	60	0.004914004914004914	4	0.0	0	0.0	0	0.03931203931203931	32	0.0	0	0.0	37.09025706353872	0.0	37.09025706355459	0.0	1.0	1.0	-4.144730370814716	0.0	0	0.0	0	0.0196078431372549	1	0.4189189189189189	341	0.44594594594594594	99	0.025798525798525797	21	0.31695331695331697	61	1.0	648	1.0	814	1.0	180	0.23832923832923833	194	0.7616707616707616	620	0.043209876543209874	28
sunagawa2015	ERR598946_bin.38.p	repro_0913							1.0	1084	1.0	867	1.0	271	0.0	3	4.0	2	0.8957564575645757	971	0.0	0	1.0	106	0.0034602076124567475	3	1.0	971	0.0	0	0.0	0	0.0	0	0.0	0	0.38213399503722084	154	0.012915129151291513	14	0.0	0	0.0011534025374855825	1	0.07287822878228782	79	0.0	0	0.0	50.970968647657514	0.0	52.04688293953844	0.0	1.0	1.0	0.0	0.0	0	0.0	0	0.0196078431372549	1	0.3404059040590406	369	1.0	0	0.06457564575645756	70	0.4326568265682657	102	1.0	867	1.0	1084	1.0	271	0.23062730627306274	250	0.7693726937269373	834	0.03806228373702422	33
sunagawa2015	ERR598946_bin.38.p	restored_0913							1.0	1084	1.0	867	1.0	271	0.0	3	4.0	2	0.6928044280442804	751	0.2029520295202952	220	1.0	106	0.0034602076124567475	3	0.4294541709577755	417	0.014418125643666324	14	0.0	0	0.0	0	0.0	0	0.38213399503722084	154	0.012915129151291513	14	0.0	0	0.0011534025374855825	1	0.07287822878228782	79	0.0	0	0.0	50.970968647657514	0.0	52.04688293953844	0.0	1.0	1.0	-4.144730370814716	0.0	0	0.0	0	0.0196078431372549	1	0.3404059040590406	369	0.4909090909090909	108	0.06457564575645756	70	0.4326568265682657	102	1.0	867	1.0	1084	1.0	271	0.23062730627306274	250	0.7693726937269373	834	0.03806228373702422	33
sunagawa2015	ERR598946_bin.38.p	restored_017	0.2133700208348891	0.4534276726230481	0.25	0.25	0.0	0.0	1.0	1084	1.0	867	1.0	271	0.0	3	4.0	2	0.6928044280442804	751	0.2029520295202952	220	1.0	106	1.0	0.0	0.4294541709577755	417	0.014418125643666324	14	0.0	0	0.0	0	0.0	0	0.38213399503722084	154	0.012915129151291513	14	0.0	0	0.0	0	0.07287822878228782	79	0.0	0	0.0	50.97096864765748	0.0	52.046882939538406	0.0	1.0	1.0	-4.144730370814716	0.0	0	0.0	0	0.0196078431372549	1	0.3404059040590406	369	0.4909090909090909	108	0.06457564575645756	70	0.4326568265682657	102	1.0	867	1.0	1084	1.0	271	0.23062730627306274	250	0.7693726937269373	834	0.03806228373702422	33
sunagawa2015	ERR598946_bin.38.p	metagem_017	0.21746849785512445	0.4639666135322248	0.25	0.25	0.0	0.0	1.0	1096	1.0	866	1.0	271	0.0	3	4.044280442804428	2	0.6843065693430657	750	0.20802919708029197	228	1.0	115	1.0	0.0	0.434560327198364	425	0.0	0	0.0	0	0.0	0	0.0	0	0.31767337807606266	142	0.0018248175182481751	2	0.0	0	0.0	0	0.07116788321167883	78	0.0	0	0.0	46.07906394048813	0.0	46.079063940488105	0.0	1.0	1.0	-4.144730370814716	0.0	0	0.0	0	0.0196078431372549	1	0.34397810218978103	377	0.5	114	0.06478102189781022	71	0.4233576642335766	100	1.0	866	1.0	1096	1.0	271	0.2363138686131387	259	0.7636861313868614	837	0.03348729792147806	29
sunagawa2015	ERR598947_bin.30.s	repro_0913							1.0	1648	1.0	1178	1.0	743	0.0	3	2.218034993270525	2	0.9132281553398058	1505	0.0	0	1.0	138	0.0050933786078098476	6	1.0	1505	0.0	0	0.0	0	0.0	0	0.0	0	0.3703125	237	0.013349514563106795	22	0.0	0	0.0	0	0.0825242718446602	136	0.0	0	0.0	43.83553015197574	0.0	43.83553015197574	0.0	1.0	1.0	0.0	0.0	0	0.0	0	0.0196078431372549	1	0.18264563106796117	301	1.0	0	0.10861650485436893	179	0.4787621359223301	189	1.0	1178	1.0	1648	1.0	743	0.3149271844660194	519	0.6850728155339806	1129	0.04159592529711375	49
sunagawa2015	ERR598947_bin.30.s	restored_0913							1.0	1648	1.0	1178	1.0	743	0.0	3	2.218034993270525	2	0.6601941747572816	1088	0.2530339805825243	417	1.0	138	0.0050933786078098476	6	0.42524916943521596	640	0.0019933554817275745	3	0.0	0	0.0	0	0.0	0	0.3703125	237	0.013349514563106795	22	0.0	0	0.0	0	0.0825242718446602	136	0.0	0	0.0	43.83553015197574	0.0	43.83553015197574	0.0	1.0	1.0	-4.144730370814716	0.0	0	0.0	0	0.0196078431372549	1	0.18264563106796117	301	0.23261390887290168	97	0.10861650485436893	179	0.4787621359223301	189	1.0	1178	1.0	1648	1.0	743	0.3149271844660194	519	0.6850728155339806	1129	0.04159592529711375	49
sunagawa2015	ERR598947_bin.30.s	restored_017	0.21495064676387352	0.45749213929757954	0.25	0.25	0.0	0.0	1.0	1648	1.0	1178	1.0	743	0.0	3	2.218034993270525	2	0.6601941747572816	1088	0.2530339805825243	417	1.0	138	1.0	0.0	0.42524916943521596	640	0.0019933554817275745	3	0.0	0	0.0	0	0.0	0	0.3703125	237	0.013349514563106795	22	0.0	0	0.0	0	0.0825242718446602	136	0.0	0	0.0	43.83553015197328	0.0	43.83553015197607	0.0	1.0	1.0	-4.144730370814716	0.0	0	0.0	0	0.0196078431372549	1	0.18264563106796117	301	0.23261390887290168	97	0.10861650485436893	179	0.4787621359223301	189	1.0	1178	1.0	1648	1.0	743	0.3149271844660194	519	0.6850728155339806	1129	0.04159592529711375	49
sunagawa2015	ERR598947_bin.30.s	metagem_017	0.2211091103922087	0.4733281886275843	0.25	0.25	0.0	0.0	1.0	1832	1.0	1308	1.0	763	0.0	3	2.4010484927916123	2	0.6320960698689956	1158	0.2691048034934498	493	1.0	175	1.0	0.0	0.41732283464566927	689	0.0	0	0.0	0	0.0	0	0.0	0	0.2693798449612403	139	0.026200873362445413	48	0.0	0	0.0	0	0.06823144104803494	125	0.0	0	0.0	45.25475271689538	0.0	45.25475271689516	0.0	1.0	1.0	-4.144730370814716	0.0	0	0.0	0	0.0196078431372549	1	0.2046943231441048	375	0.25557809330628806	126	0.10152838427947598	186	0.46124454148471616	198	1.0	1308	1.0	1832	1.0	763	0.3160480349344978	579	0.6839519650655022	1253	0.04204892966360856	55
sunagawa2015	ERR598948_bin.2.p	repro_0913							1.0	1654	1.0	1212	1.0	691	0.0	3	2.393632416787265	2	0.8923821039903265	1476	0.0	0	1.0	170	0.0024752475247524753	3	1.0	1476	0.0	0	0.0	0	0.0	0	0.0	0	0.3776	236	0.022370012091898428	37	0.0	0	0.0008250825082508251	1	0.05562273276904474	92	0.0	0	0.0	28.85310584690652	0.0	29.176895665047887	0.0	1.0	1.0	0.0	0.0	0	0.0	0	0.0196078431372549	1	0.19044740024183796	315	1.0	0	0.08645707376058041	143	0.466142684401451	180	1.0	1212	1.0	1654	1.0	691	0.28657799274486095	474	0.713422007255139	1180	0.026402640264026403	32
sunagawa2015	ERR598948_bin.2.p	restored_0913							1.0	1654	1.0	1212	1.0	691	0.0	3	2.393632416787265	2	0.6590084643288996	1090	0.23337363966142685	386	1.0	170	0.0024752475247524753	3	0.44173441734417346	652	0.0	0	0.0	0	0.0	0	0.0	0	0.3776	236	0.022370012091898428	37	0.0	0	0.0008250825082508251	1	0.05562273276904474	92	0.0	0	0.0	28.85310584690652	0.0	29.176895665047887	0.0	1.0	1.0	-4.144730370814716	0.0	0	0.0	0	0.0196078431372549	1	0.19044740024183796	315	0.25906735751295334	100	0.08645707376058041	143	0.466142684401451	180	1.0	1212	1.0	1654	1.0	691	0.28657799274486095	474	0.713422007255139	1180	0.026402640264026403	32
sunagawa2015	ERR598948_bin.2.p	restored_017	0.21374068051791625	0.45438079752226085	0.25	0.25	0.0	0.0	1.0	1654	1.0	1212	1.0	691	0.0	3	2.393632416787265	2	0.6590084643288996	1090	0.23337363966142685	386	1.0	170	1.0	0.0	0.44173441734417346	652	0.0	0	0.0	0	0.0	0	0.0	0	0.3776	236	0.022370012091898428	37	0.0	0	0.0	0	0.05562273276904474	92	0.0	0	0.0	28.853105846907003	0.0	29.17689566504825	0.0	1.0	1.0	-4.144730370814716	0.0	0	0.0	0	0.0196078431372549	1	0.19044740024183796	315	0.25906735751295334	100	0.08645707376058041	143	0.466142684401451	180	1.0	1212	1.0	1654	1.0	691	0.28657799274486095	474	0.713422007255139	1180	0.026402640264026403	32
sunagawa2015	ERR598948_bin.2.p	metagem_017	0.2181292199811551	0.465665613284875	0.25	0.25	0.0	0.0	1.0	1656	1.0	1228	1.0	697	0.0	3	2.375896700143472	2	0.6570048309178744	1088	0.23550724637681159	390	1.0	170	1.0	0.0	0.43369418132611637	641	0.0	0	0.0	0	0.0	0	0.0	0	0.3066465256797583	203	0.024154589371980676	40	0.0	0	0.0	0	0.10144927536231885	168	0.0	0	0.0	15.160346556595009	0.0	15.160346556595062	0.0	1.0	1.0	-4.144730370814716	0.0	0	0.0	0	0.0196078431372549	1	0.19685990338164253	326	0.2692307692307692	105	0.08756038647342995	145	0.4583333333333333	181	1.0	1228	1.0	1656	1.0	697	0.2783816425120773	461	0.7216183574879227	1195	0.02687296416938111	33
sunagawa2015	ERR598948_bin.20.s	repro_0913							1.0	1715	1.0	1235	1.0	668	0.0	3	2.567365269461078	2	0.8903790087463557	1527	0.0	0	1.0	181	0.004858299595141701	6	1.0	1527	0.0	0	0.0	0	0.0	0	0.0	0	0.45738636363636365	322	0.0	0	0.0016194331983805667	2	0.0008097165991902834	1	0.05714285714285714	98	0.0	0	0.0	43.81911836481962	0.0	43.81911836481962	0.0	1.0	1.0	0.0	0.0	0	0.0	0	0.0196078431372549	1	0.2466472303206997	423	1.0	0	0.0717201166180758	123	0.41690962099125367	179	1.0	1235	1.0	1715	1.0	668	0.30612244897959184	525	0.6938775510204082	1190	0.03643724696356275	45
sunagawa2015	ERR598948_bin.20.s	restored_0913							1.0	1715	1.0	1235	1.0	668	0.0	3	2.567365269461078	2	0.6384839650145773	1095	0.2518950437317784	432	1.0	181	0.004858299595141701	6	0.4263261296660118	651	0.0013097576948264572	2	0.0	0	0.0	0	0.0	0	0.45738636363636365	322	0.0	0	0.0016194331983805667	2	0.0008097165991902834	1	0.05714285714285714	98	0.0	0	0.0	43.81911836481962	0.0	43.81911836481962	0.0	1.0	1.0	-4.144730370814716	0.0	0	0.0	0	0.0196078431372549	1	0.2466472303206997	423	0.30324074074074076	131	0.0717201166180758	123	0.41690962099125367	179	1.0	1235	1.0	1715	1.0	668	0.30612244897959184	525	0.6938775510204082	1190	0.03643724696356275	45
sunagawa2015	ERR598948_bin.20.s	restored_017	0.2100913564260814	0.444996821286114	0.25	0.25	0.0	0.0	1.0	1715	1.0	1235	1.0	668	0.0	3	2.567365269461078	2	0.6384839650145773	1095	0.2518950437317784	432	1.0	181	1.0	0.0	0.4263261296660118	651	0.0013097576948264572	2	0.0	0	0.0	0	0.0	0	0.45738636363636365	322	0.0	0	0.0	0	0.0	0	0.05714285714285714	98	0.0	0	0.0	43.81911836481977	0.0	43.81911836481958	0.0	1.0	1.0	-4.144730370814716	0.0	0	0.0	0	0.0196078431372549	1	0.2466472303206997	423	0.30324074074074076	131	0.0717201166180758	123	0.41690962099125367	179	1.0	1235	1.0	1715	1.0	668	0.30612244897959184	525	0.6938775510204082	1190	0.03643724696356275	45
sunagawa2015	ERR598948_bin.20.s	metagem_017	0.21434260391659496	0.4559286005474346	0.25	0.25	0.0	0.0	1.0	1675	1.0	1228	1.0	672	0.0	3	2.4925595238095237	2	0.648955223880597	1087	0.24417910447761193	409	1.0	172	1.0	0.0	0.4318181818181818	646	0.0	0	0.0	0	0.0	0	0.0	0	0.37668161434977576	252	0.020298507462686566	34	0.0	0	0.0	0	0.042388059701492536	71	0.0	0	0.0	34.29511824390337	0.0	34.29511824390386	0.0	1.0	1.0	-4.144730370814716	0.0	0	0.0	0	0.0196078431372549	1	0.2382089552238806	399	0.2713936430317848	111	0.07283582089552239	122	0.42149253731343284	178	1.0	1228	1.0	1675	1.0	672	0.29313432835820896	491	0.706865671641791	1184	0.035830618892508145	44
sunagawa2015	ERR598948_bin.9.s	repro_0913							1.0	1582	1.0	1158	1.0	687	0.0	3	2.3027656477438136	2	0.922882427307206	1460	0.0	0	1.0	116	0.0025906735751295338	3	1.0	1460	0.0	0	0.0	0	0.0	0	0.0	0	0.31150442477876106	176	0.012642225031605562	20	0.0008635578583765112	1	0.0008635578583765112	1	0.10366624525916561	164	0.0	0	0.0	30.795885982514797	0.0	30.795885982514797	0.0	1.0	1.0	0.0	0.0	0	0.0	0	0.0196078431372549	1	0.24209860935524652	383	1.0	0	0.09544879898862199	151	0.4361567635903919	185	1.0	1158	1.0	1582	1.0	687	0.29835651074589126	472	0.7016434892541087	1110	0.04058721934369603	47
sunagawa2015	ERR598948_bin.9.s	restored_0913							1.0	1582	1.0	1158	1.0	687	0.0	3	2.3027656477438136	2	0.7231352718078382	1144	0.1997471554993679	316	1.0	116	0.0025906735751295338	3	0.436986301369863	638	0.0	0	0.0	0	0.0	0	0.0	0	0.31150442477876106	176	0.012642225031605562	20	0.0008635578583765112	1	0.0008635578583765112	1	0.10366624525916561	164	0.0	0	0.0	30.795885982514797	0.0	30.795885982514797	0.0	1.0	1.0	-4.144730370814716	0.0	0	0.0	0	0.0196078431372549	1	0.24209860935524652	383	0.3924050632911392	124	0.09544879898862199	151	0.4361567635903919	185	1.0	1158	1.0	1582	1.0	687	0.29835651074589126	472	0.7016434892541087	1110	0.04058721934369603	47
sunagawa2015	ERR598948_bin.9.s	restored_017	0.21767644113989124	0.46450132483591083	0.25	0.25	0.0	0.0	1.0	1582	1.0	1158	1.0	687	0.0	3	2.3027656477438136	2	0.7231352718078382	1144	0.1997471554993679	316	1.0	116	1.0	0.0	0.436986301369863	638	0.0	0	0.0	0	0.0	0	0.0	0	0.31150442477876106	176	0.012642225031605562	20	0.0	0	0.0	0	0.10366624525916561	164	0.0	0	0.0	30.795885982514704	0.0	30.795885982514765	0.0	1.0	1.0	-4.144730370814716	0.0	0	0.0	0	0.0196078431372549	1	0.24209860935524652	383	0.3924050632911392	124	0.09544879898862199	151	0.4361567635903919	185	1.0	1158	1.0	1582	1.0	687	0.29835651074589126	472	0.7016434892541087	1110	0.04058721934369603	47
sunagawa2015	ERR598948_bin.9.s	metagem_017	0.21865274121176284	0.4670118107350092	0.25	0.25	0.0	0.0	1.0	1584	1.0	1165	1.0	687	0.0	3	2.3056768558951966	2	0.7215909090909091	1143	0.1994949494949495	316	1.0	118	1.0	0.0	0.43248800548320765	631	0.0	0	0.0	0	0.0	0	0.0	0	0.29842931937172773	171	0.016414141414141416	26	0.0	0	0.0	0	0.11237373737373738	178	0.0	0	0.0	31.864742808840077	0.0	31.86474280884037	0.0	1.0	1.0	-4.144730370814716	0.0	0	0.0	0	0.0196078431372549	1	0.23863636363636365	378	0.3924050632911392	124	0.0946969696969697	150	0.4375	187	1.0	1165	1.0	1584	1.0	687	0.29608585858585856	469	0.7039141414141414	1115	0.04206008583690987	49
sunagawa2015	ERR598955_bin.6.s	repro_0913							1.0	1354	1.0	1015	1.0	400	0.0	3	3.385	2	0.8870014771048744	1201	0.0	0	1.0	149	0.002955665024630542	3	1.0	1201	0.0	0	0.0	0	0.0	0	0.0	0	0.296998420221169	188	0.004431314623338257	6	0.0	0	0.0	0	0.0827178729689808	112	0.0	0	0.0	48.09835428336441	0.0	48.09835428336441	0.0	1.0	1.0	0.0	0.0	0	0.0	0	0.0196078431372549	1	0.2518463810930576	341	1.0	0	0.055391432791728215	75	0.46602658788774004	139	1.0	1015	1.0	1354	1.0	400	0.2688330871491876	364	0.7311669128508124	990	0.007881773399014778	8
sunagawa2015	ERR598955_bin.6.s	restored_0913							1.0	1354	1.0	1015	1.0	400	0.0	3	3.385	2	0.656573116691285	889	0.23042836041358936	312	1.0	149	0.002955665024630542	3	0.42131557035803496	506	0.0016652789342214821	2	0.0	0	0.0	0	0.0	0	0.296998420221169	188	0.004431314623338257	6	0.0	0	0.0	0	0.0827178729689808	112	0.0	0	0.0	48.09835428336441	0.0	48.09835428336441	0.0	1.0	1.0	-4.144730370814716	0.0	0	0.0	0	0.0196078431372549	1	0.2518463810930576	341	0.3076923076923077	96	0.055391432791728215	75	0.46602658788774004	139	1.0	1015	1.0	1354	1.0	400	0.2688330871491876	364	0.7311669128508124	990	0.007881773399014778	8
sunagawa2015	ERR598955_bin.6.s	restored_017	0.21926041095295787	0.4685743900695107	0.25	0.25	0.0	0.0	1.0	1354	1.0	1015	1.0	400	0.0	3	3.385	2	0.656573116691285	889	0.23042836041358936	312	1.0	149	1.0	0.0	0.42131557035803496	506	0.0016652789342214821	2	0.0	0	0.0	0	0.0	0	0.296998420221169	188	0.004431314623338257	6	0.0	0	0.0	0	0.0827178729689808	112	0.0	0	0.0	48.098354283364294	0.0	48.09835428336447	0.0	1.0	1.0	-4.144730370814716	0.0	0	0.0	0	0.0196078431372549	1	0.2518463810930576	341	0.3076923076923077	96	0.055391432791728215	75	0.46602658788774004	139	1.0	1015	1.0	1354	1.0	400	0.2688330871491876	364	0.7311669128508124	990	0.007881773399014778	8
sunagawa2015	ERR598955_bin.6.s	metagem_017	0.22054680149981365	0.4718822514757113	0.25	0.25	0.0	0.0	1.0	1291	1.0	976	1.0	395	0.0	3	3.268354430379747	2	0.6591789310611929	851	0.22850503485670023	295	1.0	141	1.0	0.0	0.4328097731239092	496	0.0	0	0.0	0	0.0	0	0.0	0	0.2640144665461121	146	0.023237800154918668	30	0.0	0	0.0	0	0.054221533694810226	70	0.0	0	0.0	50.54594459353539	0.0	50.545944593535516	0.0	1.0	1.0	-4.144730370814716	0.0	0	0.0	0	0.0196078431372549	1	0.23237800154918667	300	0.2847457627118644	84	0.05731990704879938	74	0.4786986831913246	136	1.0	976	1.0	1291	1.0	395	0.26336173508907823	340	0.7366382649109218	951	0.007172131147540984	7
sunagawa2015	ERR598958_bin.24.s	repro_0913							1.0	1271	1.0	968	1.0	419	0.0	3	3.0334128878281623	2	0.9016522423288749	1146	0.0	0	1.0	122	0.0030991735537190084	3	1.0	1146	0.0	0	0.0	0	0.0	0	0.0	0	0.2332089552238806	125	0.007081038552321007	9	0.0010330578512396695	1	0.0010330578512396695	1	0.06058221872541306	77	0.0	0	0.0	32.6360803670587	0.0	32.6360803670587	0.0	1.0	1.0	0.0	0.0	0	0.0	0	0.0196078431372549	1	0.3092053501180173	393	1.0	0	0.07159716758457907	91	0.3996852871754524	126	1.0	968	1.0	1271	1.0	419	0.2675059008654603	340	0.7324940991345398	931	0.0371900826446281	36
sunagawa2015	ERR598958_bin.24.s	restored_0913							1.0	1271	1.0	968	1.0	419	0.0	3	3.0334128878281623	2	0.6970889063729347	886	0.2045633359559402	260	1.0	122	0.0030991735537190084	3	0.4694589877835951	538	0.0017452006980802793	2	0.0	0	0.0	0	0.0	0	0.2332089552238806	125	0.007081038552321007	9	0.0010330578512396695	1	0.0010330578512396695	1	0.06058221872541306	77	0.0	0	0.0	32.6360803670587	0.0	32.6360803670587	0.0	1.0	1.0	-4.144730370814716	0.0	0	0.0	0	0.0196078431372549	1	0.3092053501180173	393	0.4423076923076923	115	0.07159716758457907	91	0.3996852871754524	126	1.0	968	1.0	1271	1.0	419	0.2675059008654603	340	0.7324940991345398	931	0.0371900826446281	36
sunagawa2015	ERR598958_bin.24.s	restored_017	0.2201251957200617	0.4707981223277777	0.25	0.25	0.0	0.0	1.0	1271	1.0	968	1.0	419	0.0	3	3.0334128878281623	2	0.6970889063729347	886	0.2045633359559402	260	1.0	122	1.0	0.0	0.4694589877835951	538	0.0017452006980802793	2	0.0	0	0.0	0	0.0	0	0.2332089552238806	125	0.007081038552321007	9	0.0	0	0.0	0	0.06058221872541306	77	0.0	0	0.0	32.636080367060785	0.0	32.63608036705871	0.0	1.0	1.0	-4.144730370814716	0.0	0	0.0	0	0.0196078431372549	1	0.3092053501180173	393	0.4423076923076923	115	0.07159716758457907	91	0.3996852871754524	126	1.0	968	1.0	1271	1.0	419	0.2675059008654603	340	0.7324940991345398	931	0.0371900826446281	36
sunagawa2015	ERR598958_bin.24.s	metagem_017	0.22445300435140572	0.48192677309409093	0.25	0.25	0.0	0.0	1.0	1297	1.0	983	1.0	416	0.0	3	3.1177884615384617	2	0.6885119506553585	893	0.20508866615265997	266	1.0	134	1.0	0.0	0.4624676445211389	536	0.0	0	0.0	0	0.0	0	0.0	0	0.16404494382022472	73	0.0007710100231303007	1	0.0	0	0.0	0	0.06476484194294525	84	0.0	0	0.0	25.392163591965016	0.0	25.392163591965108	0.0	1.0	1.0	-4.144730370814716	0.0	0	0.0	0	0.0196078431372549	1	0.3091750192752506	401	0.45112781954887216	120	0.06707787201233616	87	0.4016962220508867	130	1.0	983	1.0	1297	1.0	416	0.2683114880493446	348	0.7316885119506553	949	0.0335707019328586	33
sunagawa2015	ERR598984_bin.35.p	repro_0913							1.0	1749	1.0	1293	1.0	738	0.0	3	2.369918699186992	2	0.8982275586049171	1571	0.0	0	1.0	171	0.004640371229698376	6	1.0	1571	0.0	0	0.0	0	0.0	0	0.0	0	0.332657200811359	164	0.031446540880503145	55	0.0007733952049497294	1	0.0	0	0.07204116638078903	126	0.0	0	0.0	44.08208440416625	0.0	44.08208440416625	0.0	1.0	1.0	0.0	0.0	0	0.0	0	0.0196078431372549	1	0.2361349342481418	413	1.0	0	0.08404802744425385	147	0.41623785020011433	179	1.0	1293	1.0	1749	1.0	738	0.28416237850200116	497	0.7158376214979989	1252	0.0317092034029389	41
sunagawa2015	ERR598984_bin.35.p	restored_0913							1.0	1749	1.0	1293	1.0	738	0.0	3	2.369918699186992	2	0.6518010291595198	1140	0.24642652944539736	431	1.0	171	0.004640371229698376	6	0.4143857415658816	651	0.001273074474856779	2	0.0	0	0.0	0	0.0	0	0.332657200811359	164	0.031446540880503145	55	0.0007733952049497294	1	0.0	0	0.07204116638078903	126	0.0	0	0.0	44.08208440416625	0.0	44.08208440416625	0.0	1.0	1.0	-4.144730370814716	0.0	0	0.0	0	0.0196078431372549	1	0.2361349342481418	413	0.2923433874709977	126	0.08404802744425385	147	0.41623785020011433	179	1.0	1293	1.0	1749	1.0	738	0.28416237850200116	497	0.7158376214979989	1252	0.0317092034029389	41
sunagawa2015	ERR598984_bin.35.p	restored_017	0.2176861472119205	0.4645262833068432	0.25	0.25	0.0	0.0	1.0	1749	1.0	1293	1.0	738	0.0	3	2.369918699186992	2	0.6518010291595198	1140	0.24642652944539736	431	1.0	171	1.0	0.0	0.4143857415658816	651	0.001273074474856779	2	0.0	0	0.0	0	0.0	0	0.332657200811359	164	0.031446540880503145	55	0.0	0	0.0	0	0.07204116638078903	126	0.0	0	0.0	44.082084404167325	0.0	44.08208440416635	0.0	1.0	1.0	-4.144730370814716	0.0	0	0.0	0	0.0196078431372549	1	0.2361349342481418	413	0.2923433874709977	126	0.08404802744425385	147	0.41623785020011433	179	1.0	1293	1.0	1749	1.0	738	0.28416237850200116	497	0.7158376214979989	1252	0.0317092034029389	41
sunagawa2015	ERR598984_bin.35.p	metagem_017	0.21729431993578108	0.46351872745391326	0.25	0.25	0.0	0.0	1.0	1624	1.0	1182	1.0	733	0.0	3	2.2155525238744884	2	0.6625615763546798	1076	0.2413793103448276	392	1.0	149	1.0	0.0	0.4271117166212534	627	0.0	0	0.0	0	0.0	0	0.0	0	0.32825719120135366	194	0.019704433497536946	32	0.0	0	0.0	0	0.0769704433497537	125	0.0	0	0.0	40.926782693213994	0.0	40.92678269321324	0.0	1.0	1.0	-4.144730370814716	0.0	0	0.0	0	0.0196078431372549	1	0.20997536945812809	341	0.27040816326530615	106	0.08990147783251232	146	0.43349753694581283	175	1.0	1182	1.0	1624	1.0	733	0.29064039408866993	472	0.7093596059113301	1152	0.025380710659898477	30
sunagawa2015	ERR598993_bin.12.o	repro_0913							1.0	985	1.0	799	1.0	204	0.0	3	4.828431372549019	2	0.8883248730964467	875	0.0	0	1.0	102	0.0037546933667083854	3	1.0	875	0.0	0	0.0	0	0.0	0	0.0	0	0.2257142857142857	79	0.0040609137055837565	4	0.0012515644555694619	1	0.0012515644555694619	1	0.030456852791878174	30	0.0	0	0.0	34.80048274550888	0.0	34.80048274550888	0.0	1.0	1.0	0.0	0.0	0	0.0	0	0.0196078431372549	1	0.433502538071066	427	1.0	0	0.03350253807106599	33	0.3350253807106599	78	1.0	799	1.0	985	1.0	204	0.2233502538071066	220	0.7766497461928934	765	0.0425531914893617	34
sunagawa2015	ERR598993_bin.12.o	restored_0913							1.0	985	1.0	799	1.0	204	0.0	3	4.828431372549019	2	0.6355329949238578	626	0.25279187817258886	249	1.0	102	0.0037546933667083854	3	0.44114285714285717	386	0.016	14	0.0	0	0.0	0	0.0	0	0.2257142857142857	79	0.0040609137055837565	4	0.0012515644555694619	1	0.0012515644555694619	1	0.030456852791878174	30	0.0	0	0.0	34.80048274550888	0.0	34.80048274550888	0.0	1.0	1.0	-4.144730370814716	0.0	0	0.0	0	0.0196078431372549	1	0.433502538071066	427	0.46586345381526106	116	0.03350253807106599	33	0.3350253807106599	78	1.0	799	1.0	985	1.0	204	0.2233502538071066	220	0.7766497461928934	765	0.0425531914893617	34
sunagawa2015	ERR598993_bin.12.o	restored_017	0.2213227513227513	0.4738775510204081	0.25	0.25	0.0	0.0	1.0	985	1.0	799	1.0	204	0.0	3	4.828431372549019	2	0.6355329949238578	626	0.25279187817258886	249	1.0	102	1.0	0.0	0.44114285714285717	386	0.016	14	0.0	0	0.0	0	0.0	0	0.2257142857142857	79	0.0040609137055837565	4	0.0	0	0.0	0	0.030456852791878174	30	0.0	0	0.0	34.80048274550896	0.0	34.800482745508255	0.0	1.0	1.0	-4.144730370814716	0.0	0	0.0	0	0.0196078431372549	1	0.433502538071066	427	0.46586345381526106	116	0.03350253807106599	33	0.3350253807106599	78	1.0	799	1.0	985	1.0	204	0.2233502538071066	220	0.7766497461928934	765	0.0425531914893617	34
sunagawa2015	ERR598993_bin.12.o	metagem_017	0.2289349190251741	0.4934516965409239	0.25	0.25	0.0	0.0	1.0	897	1.0	742	1.0	198	0.0	3	4.53030303030303	2	0.6343366778149386	569	0.2564102564102564	230	1.0	94	1.0	0.0	0.4618272841051314	369	0.0	0	0.0	0	0.0	0	0.0	0	0.08401084010840108	31	0.016722408026755852	15	0.0	0	0.0	0	0.03455964325529543	31	0.0	0	0.0	16.840245571462315	0.0	16.840245571461914	0.0	1.0	1.0	-4.144730370814716	0.0	0	0.0	0	0.0196078431372549	1	0.3957636566332218	355	0.4260869565217391	98	0.03678929765886288	33	0.3690078037904125	78	1.0	742	1.0	897	1.0	198	0.21070234113712374	189	0.7892976588628763	708	0.04582210242587601	34
sunagawa2015	ERR599000_bin.41.o	repro_0913							1.0	1359	1.0	1016	1.0	595	0.0	3	2.284033613445378	2	0.9139072847682119	1242	0.0	0	1.0	112	0.003937007874015748	4	1.0	1242	0.0	0	0.0	0	0.0	0	0.0	0	0.3128834355828221	153	0.0235467255334805	32	0.0	0	0.0	0	0.05739514348785872	78	0.0	0	0.0	30.771787883618256	0.0	30.771787883618256	0.0	1.0	1.0	0.0	0.0	0	0.0	0	0.0196078431372549	1	0.23620309050772628	321	1.0	0	0.0875643855776306	119	0.445916114790287	153	1.0	1016	1.0	1359	1.0	595	0.27593818984547464	375	0.7240618101545254	984	0.031496062992125984	32
sunagawa2015	ERR599000_bin.41.o	restored_0913							1.0	1359	1.0	1016	1.0	595	0.0	3	2.284033613445378	2	0.6961000735835173	946	0.21780721118469462	296	1.0	112	0.003937007874015748	4	0.4444444444444444	552	0.0	0	0.0	0	0.0	0	0.0	0	0.3128834355828221	153	0.0235467255334805	32	0.0	0	0.0	0	0.05739514348785872	78	0.0	0	0.0	30.771787883618256	0.0	30.771787883618256	0.0	1.0	1.0	-4.144730370814716	0.0	0	0.0	0	0.0196078431372549	1	0.23620309050772628	321	0.34121621621621623	101	0.0875643855776306	119	0.445916114790287	153	1.0	1016	1.0	1359	1.0	595	0.27593818984547464	375	0.7240618101545254	984	0.031496062992125984	32
sunagawa2015	ERR599000_bin.41.o	restored_017	0.21718548814663333	0.46323887428181904	0.25	0.25	0.0	0.0	1.0	1359	1.0	1016	1.0	595	0.0	3	2.284033613445378	2	0.6961000735835173	946	0.21780721118469462	296	1.0	112	1.0	0.0	0.4444444444444444	552	0.0	0	0.0	0	0.0	0	0.0	0	0.3128834355828221	153	0.0235467255334805	32	0.0	0	0.0	0	0.05739514348785872	78	0.0	0	0.0	30.7717878836183	0.0	30.771787883618504	0.0	1.0	1.0	-4.144730370814716	0.0	0	0.0	0	0.0196078431372549	1	0.23620309050772628	321	0.34121621621621623	101	0.0875643855776306	119	0.445916114790287	153	1.0	1016	1.0	1359	1.0	595	0.27593818984547464	375	0.7240618101545254	984	0.031496062992125984	32
sunagawa2015	ERR599000_bin.41.o	metagem_017	0.21673975356184683	0.46209269963522515	0.25	0.25	0.0	0.0	1.0	1563	1.0	1179	1.0	606	0.0	3	2.5792079207920793	2	0.6666666666666666	1042	0.2328854766474728	364	1.0	150	1.0	0.0	0.4402560455192034	619	0.0	0	0.0	0	0.0	0	0.0	0	0.32509505703422054	171	0.02495201535508637	39	0.0	0	0.0	0	0.04862444017914268	76	0.0	0	0.0	30.985643535168204	0.0	30.985643535168244	0.0	1.0	1.0	-4.144730370814716	0.0	0	0.0	0	0.0196078431372549	1	0.2674344209852847	418	0.3791208791208791	138	0.08317338451695458	130	0.4248240563019834	164	1.0	1179	1.0	1563	1.0	606	0.26807421625079975	419	0.7319257837492003	1144	0.029686174724342665	35
sunagawa2015	ERR599008_bin.39.s	repro_0913							1.0	1205	1.0	980	1.0	342	0.0	3	3.5233918128654973	2	0.8921161825726142	1075	0.0	0	1.0	121	0.003061224489795918	3	1.0	1075	0.0	0	0.0	0	0.0	0	0.0	0	0.17054263565891473	66	0.014937759336099586	18	0.0	0	0.0	0	0.04398340248962656	53	0.0	0	0.0	30.630960647317437	0.0	30.681816167669353	0.0	1.0	1.0	0.0	0.0	0	0.0	0	0.0196078431372549	1	0.38340248962655604	462	1.0	0	0.05062240663900415	61	0.35435684647302906	108	1.0	980	1.0	1205	1.0	342	0.22572614107883818	272	0.7742738589211619	933	0.04795918367346939	47
sunagawa2015	ERR599008_bin.39.s	restored_0913							1.0	1205	1.0	980	1.0	342	0.0	3	3.5233918128654973	2	0.6688796680497925	806	0.2232365145228216	269	1.0	121	0.003061224489795918	3	0.3851162790697674	414	0.010232558139534883	11	0.0	0	0.0	0	0.0	0	0.16624685138539042	66	0.014937759336099586	18	0.0	0	0.0	0	0.04398340248962656	53	0.0	0	0.0	30.630960647317437	0.0	30.681816167669353	0.0	1.0	1.0	-4.144730370814716	0.0	0	0.0	0	0.0196078431372549	1	0.38340248962655604	462	0.48698884758364314	131	0.05062240663900415	61	0.35435684647302906	108	1.0	980	1.0	1205	1.0	342	0.22572614107883818	272	0.7742738589211619	933	0.04795918367346939	47
sunagawa2015	ERR599008_bin.39.s	restored_017	0.22782084409991388	0.4905869324473976	0.25	0.25	0.0	0.0	1.0	1205	1.0	980	1.0	342	0.0	3	3.5233918128654973	2	0.6688796680497925	806	0.2232365145228216	269	1.0	121	1.0	0.0	0.3851162790697674	414	0.010232558139534883	11	0.0	0	0.0	0	0.0	0	0.17054263565891473	66	0.014937759336099586	18	0.0	0	0.0	0	0.04398340248962656	53	0.0	0	0.0	30.630960647317046	0.0	30.681816167669822	0.0	1.0	1.0	-4.144730370814716	0.0	0	0.0	0	0.0196078431372549	1	0.38340248962655604	462	0.48698884758364314	131	0.05062240663900415	61	0.35435684647302906	108	1.0	980	1.0	1205	1.0	342	0.22572614107883818	272	0.7742738589211619	933	0.04795918367346939	47
sunagawa2015	ERR599008_bin.39.s	metagem_017	0.22149767897924735	0.4743273649942551	0.25	0.25	0.0	0.0	1.0	1144	1.0	930	1.0	334	0.0	3	3.4251497005988023	2	0.6748251748251748	772	0.2202797202797203	252	1.0	113	1.0	0.0	0.40625	416	0.0	0	0.0	0	0.0	0	0.0	0	0.2734584450402145	102	0.015734265734265736	18	0.0	0	0.0	0	0.03409090909090909	39	0.0	0	0.0	17.968094061072538	0.0	17.968094061072534	0.0	1.0	1.0	-4.144730370814716	0.0	0	0.0	0	0.0196078431372549	1	0.3557692307692308	407	0.44841269841269843	113	0.051573426573426576	59	0.381993006993007	109	1.0	930	1.0	1144	1.0	334	0.2229020979020979	255	0.7770979020979021	889	0.04408602150537634	41
sunagawa2015	ERR599015_bin.16.p	repro_0913							1.0	1422	1.0	1034	1.0	485	0.0	3	2.9319587628865977	2	0.9064697609001406	1289	0.0	0	1.0	128	0.0029013539651837525	3	1.0	1289	0.0	0	0.0	0	0.0	0	0.0	0	0.3857404021937843	211	0.020393811533052038	29	0.0	0	0.0	0	0.06751054852320675	96	0.0	0	0.0	53.13591174863363	0.0	53.15664296149049	0.0	1.0	1.0	0.0	0.0	0	0.0	0	0.0196078431372549	1	0.229957805907173	327	1.0	0	0.07735583684950774	110	0.5007032348804501	161	1.0	1034	1.0	1422	1.0	485	0.29535864978902954	420	0.7046413502109705	1002	0.030947775628626693	32
sunagawa2015	ERR599015_bin.16.p	restored_0913							1.0	1422	1.0	1034	1.0	485	0.0	3	2.9319587628865977	2	0.670182841068917	953	0.23628691983122363	336	1.0	128	0.0029013539651837525	3	0.42823894491854153	552	0.0007757951900698216	1	0.0	0	0.0	0	0.0	0	0.3857404021937843	211	0.020393811533052038	29	0.0	0	0.0	0	0.06751054852320675	96	0.0	0	0.0	53.13591174863363	0.0	53.15664296149049	0.0	1.0	1.0	-4.144730370814716	0.0	0	0.0	0	0.0196078431372549	1	0.229957805907173	327	0.29464285714285715	99	0.07735583684950774	110	0.5007032348804501	161	1.0	1034	1.0	1422	1.0	485	0.29535864978902954	420	0.7046413502109705	1002	0.030947775628626693	32
sunagawa2015	ERR599015_bin.16.p	restored_017	0.21399508468690395	0.45503497967108636	0.25	0.25	0.0	0.0	1.0	1422	1.0	1034	1.0	485	0.0	3	2.9319587628865977	2	0.670182841068917	953	0.23628691983122363	336	1.0	128	1.0	0.0	0.42823894491854153	552	0.0007757951900698216	1	0.0	0	0.0	0	0.0	0	0.3857404021937843	211	0.020393811533052038	29	0.0	0	0.0	0	0.06751054852320675	96	0.0	0	0.0	53.135911748665045	0.0	53.15664296149092	0.0	1.0	1.0	-4.144730370814716	0.0	0	0.0	0	0.0196078431372549	1	0.229957805907173	327	0.29464285714285715	99	0.07735583684950774	110	0.5007032348804501	161	1.0	1034	1.0	1422	1.0	485	0.29535864978902954	420	0.7046413502109705	1002	0.030947775628626693	32
sunagawa2015	ERR599015_bin.16.p	metagem_017	0.21726297848707674	0.4634381351572449	0.25	0.25	0.0	0.0	1.0	1435	1.0	1036	1.0	485	0.0	3	2.9587628865979383	2	0.670383275261324	962	0.23763066202090594	341	1.0	129	1.0	0.0	0.42900997697620874	559	0.0	0	0.0	0	0.0	0	0.0	0	0.3269230769230769	187	0.0027874564459930314	4	0.0	0	0.0	0	0.07177700348432056	103	0.0	0	0.0	67.4963564276562	0.0	67.49635642765787	0.0	1.0	1.0	-4.144730370814716	0.0	0	0.0	0	0.0196078431372549	1	0.2348432055749129	337	0.2961876832844575	101	0.07735191637630662	111	0.49965156794425086	165	1.0	1036	1.0	1435	1.0	485	0.3003484320557491	431	0.6996515679442509	1004	0.03088803088803089	32
sunagawa2015	ERR599016_bin.1.p	repro_0913							1.0	1110	1.0	832	1.0	387	0.0	3	2.868217054263566	2	0.9072072072072072	1007	0.0	0	1.0	96	0.003605769230769231	3	1.0	1007	0.0	0	0.0	0	0.0	0	0.0	0	0.18912529550827423	80	0.002702702702702703	3	0.0	0	0.0	0	0.08738738738738738	97	0.0	0	0.0	41.14787750803885	0.0	41.1500222178316	0.0	1.0	1.0	0.0	0.0	0	0.0	0	0.0196078431372549	1	0.2594594594594595	288	1.0	0	0.06576576576576576	73	0.4477477477477477	120	1.0	832	1.0	1110	1.0	387	0.27837837837837837	309	0.7216216216216216	801	0.037259615384615384	31
sunagawa2015	ERR599016_bin.1.p	restored_0913							1.0	1110	1.0	832	1.0	387	0.0	3	2.868217054263566	2	0.7153153153153153	794	0.1918918918918919	213	1.0	96	0.003605769230769231	3	0.43197616683217477	435	0.005958291956305859	6	0.0	0	0.0	0	0.0	0	0.18912529550827423	80	0.002702702702702703	3	0.0	0	0.0	0	0.08738738738738738	97	0.0	0	0.0	41.14787750803885	0.0	41.1500222178316	0.0	1.0	1.0	-4.144730370814716	0.0	0	0.0	0	0.0196078431372549	1	0.2594594594594595	288	0.4131455399061033	88	0.06576576576576576	73	0.4477477477477477	120	1.0	832	1.0	1110	1.0	387	0.27837837837837837	309	0.7216216216216216	801	0.037259615384615384	31
sunagawa2015	ERR599016_bin.1.p	restored_017	0.22442260624277288	0.481848606529035	0.25	0.25	0.0	0.0	1.0	1110	1.0	832	1.0	387	0.0	3	2.868217054263566	2	0.7153153153153153	794	0.1918918918918919	213	1.0	96	1.0	0.0	0.43197616683217477	435	0.005958291956305859	6	0.0	0	0.0	0	0.0	0	0.18912529550827423	80	0.002702702702702703	3	0.0	0	0.0	0	0.08738738738738738	97	0.0	0	0.0	41.14787750803886	0.0	41.15002221783152	0.0	1.0	1.0	-4.144730370814716	0.0	0	0.0	0	0.0196078431372549	1	0.2594594594594595	288	0.4131455399061033	88	0.06576576576576576	73	0.4477477477477477	120	1.0	832	1.0	1110	1.0	387	0.27837837837837837	309	0.7216216216216216	801	0.037259615384615384	31
sunagawa2015	ERR599016_bin.1.p	metagem_017	0.22566266739003474	0.4850373351934226	0.25	0.25	0.0	0.0	1.0	1052	1.0	806	1.0	384	0.0	3	2.7395833333333335	2	0.7186311787072244	756	0.19486692015209126	205	1.0	85	1.0	0.0	0.43600416233090533	419	0.0	0	0.0	0	0.0	0	0.0	0	0.1687344913151365	68	0.012357414448669201	13	0.0	0	0.0	0	0.06463878326996197	68	0.0	0	0.0	21.36241715991897	0.0	21.362417159919005	0.0	1.0	1.0	-4.144730370814716	0.0	0	0.0	0	0.0196078431372549	1	0.2423954372623574	255	0.375609756097561	77	0.06939163498098859	73	0.4600760456273764	118	1.0	806	1.0	1052	1.0	384	0.2671102661596958	281	0.7328897338403042	771	0.043424317617866005	35
sunagawa2015	ERR599020_bin.50.p	repro_0913							1.0	1142	1.0	881	1.0	344	0.0	3	3.3197674418604652	2	0.9159369527145359	1046	0.0	0	1.0	91	0.00340522133938706	3	1.0	1046	0.0	0	0.0	0	0.0	0	0.0	0	0.3222748815165877	136	0.01138353765323993	13	0.0011350737797956867	1	0.0	0	0.10332749562171628	118	0.0	0	0.0	27.263325928696645	0.0	27.263325928696645	0.0	1.0	1.0	0.0	0.0	0	0.0	0	0.0196078431372549	1	0.3432574430823117	392	1.0	0	0.05516637478108581	63	0.3905429071803853	105	1.0	881	1.0	1142	1.0	344	0.26444833625218916	302	0.7355516637478109	840	0.046538024971623154	41
sunagawa2015	ERR599020_bin.50.p	restored_0913							1.0	1142	1.0	881	1.0	344	0.0	3	3.3197674418604652	2	0.7145359019264448	816	0.20140105078809106	230	1.0	91	0.00340522133938706	3	0.44933078393881454	470	0.004780114722753346	5	0.0	0	0.0	0	0.0	0	0.3222748815165877	136	0.01138353765323993	13	0.0011350737797956867	1	0.0	0	0.10332749562171628	118	0.0	0	0.0	27.263325928696645	0.0	27.263325928696645	0.0	1.0	1.0	-4.144730370814716	0.0	0	0.0	0	0.0196078431372549	1	0.3432574430823117	392	0.4217391304347826	97	0.05516637478108581	63	0.3905429071803853	105	1.0	881	1.0	1142	1.0	344	0.26444833625218916	302	0.7355516637478109	840	0.046538024971623154	41
sunagawa2015	ERR599020_bin.50.p	restored_017	0.21612671591602842	0.46051631711740637	0.25	0.25	0.0	0.0	1.0	1142	1.0	881	1.0	344	0.0	3	3.3197674418604652	2	0.7145359019264448	816	0.20140105078809106	230	1.0	91	1.0	0.0	0.44933078393881454	470	0.004780114722753346	5	0.0	0	0.0	0	0.0	0	0.3222748815165877	136	0.01138353765323993	13	0.0	0	0.0	0	0.10332749562171628	118	0.0	0	0.0	27.26332592869566	0.0	27.263325928696112	0.0	1.0	1.0	-4.144730370814716	0.0	0	0.0	0	0.0196078431372549	1	0.3432574430823117	392	0.4217391304347826	97	0.05516637478108581	63	0.3905429071803853	105	1.0	881	1.0	1142	1.0	344	0.26444833625218916	302	0.7355516637478109	840	0.046538024971623154	41
sunagawa2015	ERR599020_bin.50.p	metagem_017	0.2186980826624589	0.4671284030367991	0.25	0.25	0.0	0.0	1.0	1036	1.0	787	1.0	338	0.0	3	3.06508875739645	2	0.6824324324324325	707	0.22297297297297297	231	1.0	93	1.0	0.0	0.4541577825159915	426	0.0	0	0.0	0	0.0	0	0.0	0	0.2759433962264151	117	0.009652509652509652	10	0.0	0	0.0	0	0.10231660231660232	106	0.0	0	0.0	33.344607311239976	0.0	33.344607311209344	0.0	1.0	1.0	-4.144730370814716	0.0	0	0.0	0	0.0196078431372549	1	0.2915057915057915	302	0.42857142857142855	99	0.06177606177606178	64	0.41795366795366795	104	1.0	787	1.0	1036	1.0	338	0.28185328185328185	292	0.7181467181467182	744	0.054637865311308764	43
sunagawa2015	ERR599025_bin.17.p	repro_0913							1.0	1214	1.0	911	1.0	447	0.0	3	2.7158836689038033	2	0.913509060955519	1109	0.0	0	1.0	101	0.0043907793633369925	4	1.0	1109	0.0	0	0.0	0	0.0	0	0.0	0	0.32456140350877194	148	0.009060955518945634	11	0.0010976948408342481	1	0.0010976948408342481	1	0.06589785831960461	80	0.0	0	0.0	21.59337156011564	0.0	21.59337156011564	0.0	1.0	1.0	0.0	0.0	0	0.0	0	0.0196078431372549	1	0.2397034596375618	291	1.0	0	0.0700164744645799	85	0.46293245469522243	133	1.0	911	1.0	1214	1.0	447	0.27924217462932455	339	0.7207578253706755	875	0.03951701427003293	36
sunagawa2015	ERR599025_bin.17.p	restored_0913							1.0	1214	1.0	911	1.0	447	0.0	3	2.7158836689038033	2	0.7199341021416804	874	0.19357495881383854	235	1.0	101	0.0043907793633369925	4	0.45626690712353474	506	0.0018034265103697023	2	0.0	0	0.0	0	0.0	0	0.2934131736526946	147	0.009060955518945634	11	0.0010976948408342481	1	0.0010976948408342481	1	0.06589785831960461	80	0.0	0	0.0	21.59337156011564	0.0	21.59337156011564	0.0	1.0	1.0	-4.144730370814716	0.0	0	0.0	0	0.0196078431372549	1	0.2397034596375618	291	0.3702127659574468	87	0.0700164744645799	85	0.46293245469522243	133	1.0	911	1.0	1214	1.0	447	0.27924217462932455	339	0.7207578253706755	875	0.03951701427003293	36
sunagawa2015	ERR599025_bin.17.p	restored_017	0.21577971830688833	0.4596240375510462	0.25	0.25	0.0	0.0	1.0	1214	1.0	911	1.0	447	0.0	3	2.7158836689038033	2	0.7199341021416804	874	0.19357495881383854	235	1.0	101	1.0	0.0	0.45626690712353474	506	0.0018034265103697023	2	0.0	0	0.0	0	0.0	0	0.32456140350877194	148	0.009060955518945634	11	0.0	0	0.0	0	0.06589785831960461	80	0.0	0	0.0	21.593371560115074	0.0	21.593371560115788	0.0	1.0	1.0	-4.144730370814716	0.0	0	0.0	0	0.0196078431372549	1	0.2397034596375618	291	0.3702127659574468	87	0.0700164744645799	85	0.46293245469522243	133	1.0	911	1.0	1214	1.0	447	0.27924217462932455	339	0.7207578253706755	875	0.03951701427003293	36
sunagawa2015	ERR599025_bin.17.p	metagem_017	0.2191785975863958	0.4683640128412082	0.25	0.25	0.0	0.0	1.0	1195	1.0	895	1.0	445	0.0	3	2.6853932584269664	2	0.7196652719665272	860	0.19581589958158996	234	1.0	97	1.0	0.0	0.4570383912248629	500	0.0	0	0.0	0	0.0	0	0.0	0	0.2644135188866799	133	0.008368200836820083	10	0.0	0	0.0	0	0.07196652719665272	86	0.0	0	0.0	28.984940264441317	0.0	28.98494026444144	0.0	1.0	1.0	-4.144730370814716	0.0	0	0.0	0	0.0196078431372549	1	0.2317991631799163	277	0.358974358974359	84	0.07196652719665272	86	0.4686192468619247	131	1.0	895	1.0	1195	1.0	445	0.2794979079497908	334	0.7205020920502092	861	0.03798882681564246	34
sunagawa2015	ERR599026_bin.46.p	repro_0913							1.0	2014	1.0	1370	1.0	1026	0.0	3	1.962962962962963	2	0.9071499503475671	1827	0.0	0	1.0	178	0.004379562043795621	6	1.0	1827	0.0	0	0.0	0	0.0	0	0.0	0	0.29910714285714285	201	0.022840119165839126	46	0.0021897810218978104	3	0.00145985401459854	2	0.16037735849056603	323	0.0	0	0.0	53.531618210702625	0.0	53.531618210702625	0.0	1.0	1.0	0.0	0.0	0	0.0	0	0.0196078431372549	1	0.14796425024826215	298	1.0	0	0.10774577954319761	217	0.48758689175769615	237	1.0	1370	1.0	2014	1.0	1026	0.3435948361469712	692	0.6564051638530288	1322	0.035036496350364967	48
sunagawa2015	ERR599026_bin.46.p	restored_0913							1.0	2014	1.0	1370	1.0	1026	0.0	3	1.962962962962963	2	0.6380337636544191	1285	0.26911618669314796	542	1.0	178	0.004379562043795621	6	0.4143404488232074	757	0.0	0	0.0	0	0.0	0	0.0	0	0.29910714285714285	201	0.022840119165839126	46	0.0021897810218978104	3	0.00145985401459854	2	0.16037735849056603	323	0.0	0	0.0	53.531618210702625	0.0	53.531618210702625	0.0	1.0	1.0	-4.144730370814716	0.0	0	0.0	0	0.0196078431372549	1	0.14796425024826215	298	0.22140221402214022	120	0.10774577954319761	217	0.48758689175769615	237	1.0	1370	1.0	2014	1.0	1026	0.3435948361469712	692	0.6564051638530288	1322	0.035036496350364967	48
sunagawa2015	ERR599026_bin.46.p	restored_017	0.21962328194368425	0.46950748690280714	0.25	0.25	0.0	0.0	1.0	2014	1.0	1370	1.0	1026	0.0	3	1.962962962962963	2	0.6380337636544191	1285	0.26911618669314796	542	1.0	178	1.0	0.0	0.4143404488232074	757	0.0	0	0.0	0	0.0	0	0.0	0	0.29910714285714285	201	0.022840119165839126	46	0.0	0	0.0	0	0.16037735849056603	323	0.0	0	0.0	53.531618210702725	0.0	53.531618210702696	0.0	1.0	1.0	-4.144730370814716	0.0	0	0.0	0	0.0196078431372549	1	0.14796425024826215	298	0.22140221402214022	120	0.10774577954319761	217	0.48758689175769615	237	1.0	1370	1.0	2014	1.0	1026	0.3435948361469712	692	0.6564051638530288	1322	0.035036496350364967	48
sunagawa2015	ERR599026_bin.46.p	metagem_017	0.22494190877660444	0.4831839559017448	0.25	0.25	0.0	0.0	1.0	2037	1.0	1402	1.0	1031	0.0	3	1.9757516973811833	2	0.6440844378988709	1312	0.26264113892979873	535	1.0	181	1.0	0.0	0.4103952355170547	758	0.0	0	0.0	0	0.0	0	0.0	0	0.2073170731707317	136	0.022091310751104567	45	0.0	0	0.0	0	0.07952871870397643	162	0.0	0	0.0	51.980261381166585	0.0	51.98026138116756	0.0	1.0	1.0	-4.144730370814716	0.0	0	0.0	0	0.0196078431372549	1	0.15218458517427588	310	0.21869158878504674	117	0.10898379970544919	222	0.48257241040746196	235	1.0	1402	1.0	2037	1.0	1031	0.33529700540009816	683	0.6647029945999018	1354	0.034236804564907276	48
sunagawa2015	ERR599030_bin.34.p	repro_0913							1.0	1320	1.0	965	1.0	464	0.0	3	2.8448275862068964	2	0.8984848484848484	1186	0.0	0	1.0	130	0.0031088082901554403	3	1.0	1186	0.0	0	0.0	0	0.0	0	0.0	0	0.2737169517884914	176	0.02196969696969697	29	0.0010362694300518134	1	0.0	0	0.07121212121212121	94	0.0	0	0.0	43.39830439678463	0.0	43.39830439678463	0.0	1.0	1.0	0.0	0.0	0	0.0	0	0.0196078431372549	1	0.2037878787878788	269	1.0	0	0.05909090909090909	78	0.49393939393939396	144	1.0	965	1.0	1320	1.0	464	0.2916666666666667	385	0.7083333333333334	935	0.031088082901554404	30
sunagawa2015	ERR599030_bin.34.p	restored_0913							1.0	1320	1.0	965	1.0	464	0.0	3	2.8448275862068964	2	0.6628787878787878	875	0.2356060606060606	311	1.0	130	0.0031088082901554403	3	0.42242833052276557	501	0.0016863406408094434	2	0.0	0	0.0	0	0.0	0	0.2737169517884914	176	0.02196969696969697	29	0.0010362694300518134	1	0.0	0	0.07121212121212121	94	0.0	0	0.0	43.39830439678463	0.0	43.39830439678463	0.0	1.0	1.0	-4.144730370814716	0.0	0	0.0	0	0.0196078431372549	1	0.2037878787878788	269	0.2604501607717042	81	0.05909090909090909	78	0.49393939393939396	144	1.0	965	1.0	1320	1.0	464	0.2916666666666667	385	0.7083333333333334	935	0.031088082901554404	30
sunagawa2015	ERR599030_bin.34.p	restored_017	0.22049083576192224	0.47173833957827627	0.25	0.25	0.0	0.0	1.0	1320	1.0	965	1.0	464	0.0	3	2.8448275862068964	2	0.6628787878787878	875	0.2356060606060606	311	1.0	130	1.0	0.0	0.42242833052276557	501	0.0016863406408094434	2	0.0	0	0.0	0	0.0	0	0.2737169517884914	176	0.02196969696969697	29	0.0	0	0.0	0	0.07121212121212121	94	0.0	0	0.0	43.39830439675987	0.0	43.39830439675981	0.0	1.0	1.0	-4.144730370814716	0.0	0	0.0	0	0.0196078431372549	1	0.2037878787878788	269	0.2604501607717042	81	0.05909090909090909	78	0.49393939393939396	144	1.0	965	1.0	1320	1.0	464	0.2916666666666667	385	0.7083333333333334	935	0.031088082901554404	30
sunagawa2015	ERR599030_bin.34.p	metagem_017	0.22124687542537524	0.47368244157001255	0.25	0.25	0.0	0.0	1.0	1297	1.0	958	1.0	460	0.0	3	2.8195652173913044	2	0.6684656900539707	867	0.23207401696222052	301	1.0	125	1.0	0.0	0.4289383561643836	501	0.0	0	0.0	0	0.0	0	0.0	0	0.2552845528455285	157	0.02158828064764842	28	0.0	0	0.0	0	0.07016191210485737	91	0.0	0	0.0	48.36187971815443	0.0	48.36187971815445	0.0	1.0	1.0	-4.144730370814716	0.0	0	0.0	0	0.0196078431372549	1	0.2004626060138782	260	0.2591362126245847	78	0.058596761757902856	76	0.49113338473400153	140	1.0	958	1.0	1297	1.0	460	0.284502698535081	369	0.7154973014649191	928	0.031315240083507306	30
sunagawa2015	ERR599034_bin.6.o	repro_0913							1.0	1532	1.0	1102	1.0	563	0.0	3	2.7211367673179394	2	0.8975195822454308	1375	0.0	0	1.0	153	0.0027223230490018148	3	1.0	1375	0.0	0	0.0	0	0.0	0	0.0	0	0.36964285714285716	207	0.018276762402088774	28	0.0	0	0.0	0	0.10900783289817233	167	0.0	0	0.0	36.592313116067835	0.0	36.592313116067835	0.0	1.0	1.0	0.0	0.0	0	0.0	0	0.0196078431372549	1	0.2245430809399478	344	1.0	0	0.10704960835509138	164	0.4614882506527415	164	1.0	1102	1.0	1532	1.0	563	0.30809399477806787	472	0.6919060052219321	1060	0.038112522686025406	42
sunagawa2015	ERR599034_bin.6.o	restored_0913							1.0	1532	1.0	1102	1.0	563	0.0	3	2.7211367673179394	2	0.6377284595300261	977	0.2597911227154047	398	1.0	153	0.0027223230490018148	3	0.44363636363636366	610	0.006545454545454545	9	0.0	0	0.0	0	0.0	0	0.36964285714285716	207	0.018276762402088774	28	0.0	0	0.0	0	0.10900783289817233	167	0.0	0	0.0	36.592313116067835	0.0	36.592313116067835	0.0	1.0	1.0	-4.144730370814716	0.0	0	0.0	0	0.0196078431372549	1	0.2245430809399478	344	0.228643216080402	91	0.10704960835509138	164	0.4614882506527415	164	1.0	1102	1.0	1532	1.0	563	0.30809399477806787	472	0.6919060052219321	1060	0.038112522686025406	42
sunagawa2015	ERR599034_bin.6.o	restored_017	0.213713443963444	0.4543107606679036	0.25	0.25	0.0	0.0	1.0	1532	1.0	1102	1.0	563	0.0	3	2.7211367673179394	2	0.6377284595300261	977	0.2597911227154047	398	1.0	153	1.0	0.0	0.44363636363636366	610	0.006545454545454545	9	0.0	0	0.0	0	0.0	0	0.36964285714285716	207	0.018276762402088774	28	0.0	0	0.0	0	0.10900783289817233	167	0.0	0	0.0	36.592313115974655	0.0	36.59231311606169	0.0	1.0	1.0	-4.144730370814716	0.0	0	0.0	0	0.0196078431372549	1	0.2245430809399478	344	0.228643216080402	91	0.10704960835509138	164	0.4614882506527415	164	1.0	1102	1.0	1532	1.0	563	0.30809399477806787	472	0.6919060052219321	1060	0.038112522686025406	42
sunagawa2015	ERR599034_bin.6.o	metagem_017	0.20901443065285516	0.44222758358353226	0.25	0.25	0.0	0.0	1.0	1516	1.0	1094	1.0	564	0.0	3	2.6879432624113475	2	0.6339050131926122	961	0.26451187335092347	401	1.0	150	1.0	0.0	0.45154185022026433	615	0.0	0	0.0	0	0.0	0	0.0	0	0.45286506469500926	245	0.02308707124010554	35	0.0	0	0.0	0	0.11015831134564644	167	0.0	0	0.0	34.01783982803607	0.0	34.01783982803151	0.0	1.0	1.0	-4.144730370814716	0.0	0	0.0	0	0.0196078431372549	1	0.21306068601583114	323	0.22443890274314215	90	0.10554089709762533	160	0.4716358839050132	168	1.0	1094	1.0	1516	1.0	564	0.30606860158311344	464	0.6939313984168866	1052	0.038391224862888484	42
sunagawa2015	ERR599035_bin.3.s	repro_0913							1.0	1297	1.0	1009	1.0	398	0.0	3	3.258793969849246	2	0.899768696993061	1167	0.0	0	1.0	125	0.002973240832507433	3	1.0	1167	0.0	0	0.0	0	0.0	0	0.0	0	0.3888888888888889	217	0.01927525057825752	25	0.0	0	0.0009910802775024777	1	0.052428681572860444	68	0.0	0	0.0	31.88233230351688	0.0	31.88233230351688	0.0	1.0	1.0	0.0	0.0	0	0.0	0	0.0196078431372549	1	0.2629144178874325	341	1.0	0	0.05011565150346955	65	0.4618350038550501	135	1.0	1009	1.0	1297	1.0	398	0.25057825751734775	325	0.7494217424826523	972	0.036669970267591674	37
sunagawa2015	ERR599035_bin.3.s	restored_0913							1.0	1297	1.0	1009	1.0	398	0.0	3	3.258793969849246	2	0.674633770239013	875	0.2251349267540478	292	1.0	125	0.002973240832507433	3	0.43273350471293914	505	0.002570694087403599	3	0.0	0	0.0	0	0.0	0	0.3888888888888889	217	0.01927525057825752	25	0.0	0	0.0009910802775024777	1	0.052428681572860444	68	0.0	0	0.0	31.88233230351688	0.0	31.88233230351688	0.0	1.0	1.0	-4.144730370814716	0.0	0	0.0	0	0.0196078431372549	1	0.2629144178874325	341	0.3253424657534247	95	0.05011565150346955	65	0.4618350038550501	135	1.0	1009	1.0	1297	1.0	398	0.25057825751734775	325	0.7494217424826523	972	0.036669970267591674	37
sunagawa2015	ERR599035_bin.3.s	restored_017	0.21347075438763527	0.4536867017586812	0.25	0.25	0.0	0.0	1.0	1297	1.0	1009	1.0	398	0.0	3	3.258793969849246	2	0.674633770239013	875	0.2251349267540478	292	1.0	125	1.0	0.0	0.43273350471293914	505	0.002570694087403599	3	0.0	0	0.0	0	0.0	0	0.3888888888888889	217	0.01927525057825752	25	0.0	0	0.0	0	0.052428681572860444	68	0.0	0	0.0	31.88233230312629	0.0	31.882332303516165	0.0	1.0	1.0	-4.144730370814716	0.0	0	0.0	0	0.0196078431372549	1	0.2629144178874325	341	0.3253424657534247	95	0.05011565150346955	65	0.4618350038550501	135	1.0	1009	1.0	1297	1.0	398	0.25057825751734775	325	0.7494217424826523	972	0.036669970267591674	37
sunagawa2015	ERR599035_bin.3.s	metagem_017	0.22069128120480233	0.4722537707171108	0.25	0.25	0.0	0.0	1.0	1349	1.0	1044	1.0	404	0.0	3	3.339108910891089	2	0.6708673091178651	905	0.229058561897702	309	1.0	130	1.0	0.0	0.43986820428336076	534	0.0	0	0.0	0	0.0	0	0.0	0	0.25435540069686413	146	0.01630837657524092	22	0.0	0	0.0	0	0.050407709414381024	68	0.0	0	0.0	43.07015203375931	0.0	43.07015203375933	0.0	1.0	1.0	-4.144730370814716	0.0	0	0.0	0	0.0196078431372549	1	0.2720533728687917	367	0.3300970873786408	102	0.04966641957005189	67	0.4603409933283914	140	1.0	1044	1.0	1349	1.0	404	0.2520385470719051	340	0.7479614529280949	1009	0.033524904214559385	35
sunagawa2015	ERR599038_bin.25.p	repro_0913							1.0	1879	1.0	1271	1.0	931	0.0	3	2.0182599355531687	2	0.9095263437998936	1709	0.0	0	1.0	164	0.004720692368214005	6	1.0	1709	0.0	0	0.0	0	0.0	0	0.0	0	0.34909596662030595	251	0.012772751463544438	24	0.0015735641227380016	2	0.0007867820613690008	1	0.08302288451303885	156	0.0	0	0.0	67.42186157869038	0.0	67.42186157869038	0.0	1.0	1.0	0.0	0.0	0	0.0	0	0.0196078431372549	1	0.14954763171899946	281	1.0	0	0.09366684406599254	176	0.4954763171899947	230	1.0	1271	1.0	1879	1.0	931	0.35125066524747206	660	0.6487493347525279	1219	0.040912667191188044	52
sunagawa2015	ERR599038_bin.25.p	restored_0913							1.0	1879	1.0	1271	1.0	931	0.0	3	2.0182599355531687	2	0.679084619478446	1276	0.23044172432144758	433	1.0	164	0.004720692368214005	6	0.4154476301930954	710	0.0	0	0.0	0	0.0	0	0.0	0	0.34909596662030595	251	0.012772751463544438	24	0.0015735641227380016	2	0.0007867820613690008	1	0.08302288451303885	156	0.0	0	0.0	67.42186157869038	0.0	67.42186157869038	0.0	1.0	1.0	-4.144730370814716	0.0	0	0.0	0	0.0196078431372549	1	0.14954763171899946	281	0.19168591224018475	83	0.09366684406599254	176	0.4954763171899947	230	1.0	1271	1.0	1879	1.0	931	0.35125066524747206	660	0.6487493347525279	1219	0.040912667191188044	52
sunagawa2015	ERR599038_bin.25.p	restored_017	0.21678461499184806	0.46220805759808553	0.25	0.25	0.0	0.0	1.0	1879	1.0	1271	1.0	931	0.0	3	2.0182599355531687	2	0.679084619478446	1276	0.23044172432144758	433	1.0	164	1.0	0.0	0.4154476301930954	710	0.0	0	0.0	0	0.0	0	0.0	0	0.34909596662030595	251	0.012772751463544438	24	0.0	0	0.0	0	0.08302288451303885	156	0.0	0	0.0	67.42186157869327	0.0	67.42186157869295	0.0	1.0	1.0	-4.144730370814716	0.0	0	0.0	0	0.0196078431372549	1	0.14954763171899946	281	0.19168591224018475	83	0.09366684406599254	176	0.4954763171899947	230	1.0	1271	1.0	1879	1.0	931	0.35125066524747206	660	0.6487493347525279	1219	0.040912667191188044	52
sunagawa2015	ERR599038_bin.25.p	metagem_017	0.2147826495118384	0.45706014636377496	0.25	0.25	0.0	0.0	1.0	2081	1.0	1420	1.0	948	0.0	3	2.1951476793248945	2	0.6602594906295051	1374	0.24026910139356078	500	1.0	199	1.0	0.0	0.39807897545357523	746	0.0	0	0.0	0	0.0	0	0.0	0	0.4025	322	0.020663142719846227	43	0.0	0	0.0	0	0.07304180682364247	152	0.0	0	0.0	66.85495806323232	0.0	66.8549580632324	0.0	1.0	1.0	-4.144730370814716	0.0	0	0.0	0	0.0196078431372549	1	0.17683805862566074	368	0.224	112	0.08938010571840461	186	0.48438250840941854	252	1.0	1420	1.0	2081	1.0	948	0.34118212397885633	710	0.6588178760211437	1371	0.03380281690140845	48
sunagawa2015	ERR599038_bin.32.s	repro_0913							1.0	1583	1.0	1157	1.0	614	0.0	3	2.5781758957654723	2	0.9020846493998737	1428	0.0	0	1.0	150	0.0025929127052722557	3	1.0	1428	0.0	0	0.0	0	0.0	0	0.0	0	0.4105691056910569	303	0.015161086544535692	24	0.001728608470181504	2	0.000864304235090752	1	0.0739102969046115	117	0.0	0	0.0	44.397922880889666	0.0	44.397922880889666	0.0	1.0	1.0	0.0	0.0	0	0.0	0	0.0196078431372549	1	0.20972836386607707	332	1.0	0	0.08275426405559065	131	0.4567277321541377	176	1.0	1157	1.0	1583	1.0	614	0.29374605180037905	465	0.706253948199621	1118	0.033707865168539325	39
sunagawa2015	ERR599038_bin.32.s	restored_0913							1.0	1583	1.0	1157	1.0	614	0.0	3	2.5781758957654723	2	0.6576121288692356	1041	0.24447252053063803	387	1.0	150	0.0025929127052722557	3	0.42436974789915966	606	0.0021008403361344537	3	0.0	0	0.0	0	0.0	0	0.4105691056910569	303	0.015161086544535692	24	0.001728608470181504	2	0.000864304235090752	1	0.0739102969046115	117	0.0	0	0.0	44.397922880889666	0.0	44.397922880889666	0.0	1.0	1.0	-4.144730370814716	0.0	0	0.0	0	0.0196078431372549	1	0.20972836386607707	332	0.26356589147286824	102	0.08275426405559065	131	0.4567277321541377	176	1.0	1157	1.0	1583	1.0	614	0.29374605180037905	465	0.706253948199621	1118	0.033707865168539325	39
sunagawa2015	ERR599038_bin.32.s	restored_017	0.21275705404112863	0.4518514722962355	0.25	0.25	0.0	0.0	1.0	1583	1.0	1157	1.0	614	0.0	3	2.5781758957654723	2	0.6576121288692356	1041	0.24447252053063803	387	1.0	150	1.0	0.0	0.42436974789915966	606	0.0021008403361344537	3	0.0	0	0.0	0	0.0	0	0.4105691056910569	303	0.015161086544535692	24	0.0	0	0.0	0	0.0739102969046115	117	0.0	0	0.0	44.39792288088889	0.0	44.39792288088819	0.0	1.0	1.0	-4.144730370814716	0.0	0	0.0	0	0.0196078431372549	1	0.20972836386607707	332	0.26356589147286824	102	0.08275426405559065	131	0.4567277321541377	176	1.0	1157	1.0	1583	1.0	614	0.29374605180037905	465	0.706253948199621	1118	0.033707865168539325	39
sunagawa2015	ERR599038_bin.32.s	metagem_017	0.2222013783838362	0.4761368777489121	0.25	0.25	0.0	0.0	1.0	1561	1.0	1148	1.0	613	0.0	3	2.5464926590538335	2	0.6515054452274183	1017	0.24855861627162076	388	1.0	151	1.0	0.0	0.42277580071174375	594	0.0	0	0.0	0	0.0	0	0.0	0	0.24426605504587157	213	0.02114029468289558	33	0.0	0	0.0	0	0.07303010890454836	114	0.0	0	0.0	41.34082573648776	0.0	41.34082573648671	0.0	1.0	1.0	-4.144730370814716	0.0	0	0.0	0	0.0196078431372549	1	0.19923126201153107	311	0.2603092783505155	101	0.08392056374119154	131	0.4612427930813581	175	1.0	1148	1.0	1561	1.0	613	0.29019859064702114	453	0.7098014093529789	1108	0.03484320557491289	40
sunagawa2015	ERR599039_bin.37.s	repro_0913							1.0	912	1.0	699	1.0	264	0.0	3	3.4545454545454546	2	0.9057017543859649	826	0.0	0	1.0	81	0.004291845493562232	3	1.0	826	0.0	0	0.0	0	0.0	0	0.0	0	0.2731707317073171	112	0.01644736842105263	15	0.0	0	0.0	0	0.11842105263157894	108	0.0	0	0.0	23.493102795760482	0.0	23.493102795760482	0.0	1.0	1.0	0.0	0.0	0	0.0	0	0.0196078431372549	1	0.3157894736842105	288	1.0	0	0.06798245614035088	62	0.4100877192982456	84	1.0	699	1.0	912	1.0	264	0.26864035087719296	245	0.731359649122807	667	0.045779685264663805	32
sunagawa2015	ERR599039_bin.37.s	restored_0913							1.0	912	1.0	699	1.0	264	0.0	3	3.4545454545454546	2	0.6885964912280702	628	0.21710526315789475	198	1.0	81	0.004291845493562232	3	0.4600484261501211	380	0.01694915254237288	14	0.0	0	0.0	0	0.0	0	0.2731707317073171	112	0.01644736842105263	15	0.0	0	0.0	0	0.11842105263157894	108	0.0	0	0.0	23.493102795760482	0.0	23.493102795760482	0.0	1.0	1.0	-4.144730370814716	0.0	0	0.0	0	0.0196078431372549	1	0.3157894736842105	288	0.3939393939393939	78	0.06798245614035088	62	0.4100877192982456	84	1.0	699	1.0	912	1.0	264	0.26864035087719296	245	0.731359649122807	667	0.045779685264663805	32
sunagawa2015	ERR599039_bin.37.s	restored_017	0.21758324201482532	0.46426166994288415	0.25	0.25	0.0	0.0	1.0	912	1.0	699	1.0	264	0.0	3	3.4545454545454546	2	0.6885964912280702	628	0.21710526315789475	198	1.0	81	1.0	0.0	0.4600484261501211	380	0.01694915254237288	14	0.0	0	0.0	0	0.0	0	0.2731707317073171	112	0.01644736842105263	15	0.0	0	0.0	0	0.11842105263157894	108	0.0	0	0.0	23.493102795678276	0.0	23.493102795760517	0.0	1.0	1.0	-4.144730370814716	0.0	0	0.0	0	0.0196078431372549	1	0.3157894736842105	288	0.3939393939393939	78	0.06798245614035088	62	0.4100877192982456	84	1.0	699	1.0	912	1.0	264	0.26864035087719296	245	0.731359649122807	667	0.045779685264663805	32
sunagawa2015	ERR599039_bin.37.s	metagem_017	0.22180253142896383	0.47511127129352604	0.25	0.25	0.0	0.0	1.0	938	1.0	712	1.0	270	0.0	3	3.474074074074074	2	0.6599147121535182	619	0.2302771855010661	216	1.0	98	1.0	0.0	0.4407185628742515	368	0.0	0	0.0	0	0.0	0	0.0	0	0.233502538071066	92	0.0042643923240938165	4	0.0	0	0.0	0	0.10554371002132196	99	0.0	0	0.0	25.831735015575358	0.0	25.83173501557566	0.0	1.0	1.0	-4.144730370814716	0.0	0	0.0	0	0.0196078431372549	1	0.302771855010661	284	0.4398148148148148	95	0.0650319829424307	61	0.4051172707889126	84	1.0	712	1.0	938	1.0	270	0.27505330490405117	258	0.7249466950959488	680	0.0449438202247191	32
sunagawa2015	ERR599039_bin.52.s	repro_0913							1.0	1570	1.0	1089	1.0	567	0.0	3	2.7689594356261025	2	0.9012738853503185	1415	0.0	0	1.0	150	0.0027548209366391185	3	1.0	1415	0.0	0	0.0	0	0.0	0	0.0	0	0.3839050131926121	291	0.018471337579617834	29	0.0009182736455463728	1	0.0	0	0.09872611464968153	155	0.0	0	0.0	49.81124811389501	0.0	49.81124811389501	0.0	1.0	1.0	0.0	0.0	0	0.0	0	0.0196078431372549	1	0.18789808917197454	295	1.0	0	0.04522292993630573	71	0.5197452229299363	186	1.0	1089	1.0	1570	1.0	567	0.32802547770700635	515	0.6719745222929936	1055	0.008264462809917356	9
sunagawa2015	ERR599039_bin.52.s	restored_0913							1.0	1570	1.0	1089	1.0	567	0.0	3	2.7689594356261025	2	0.6675159235668789	1048	0.2337579617834395	367	1.0	150	0.0027548209366391185	3	0.4007067137809187	567	0.0035335689045936395	5	0.0	0	0.0	0	0.0	0	0.3839050131926121	291	0.018471337579617834	29	0.0009182736455463728	1	0.0	0	0.09872611464968153	155	0.0	0	0.0	49.81124811389501	0.0	49.81124811389501	0.0	1.0	1.0	-4.144730370814716	0.0	0	0.0	0	0.0196078431372549	1	0.18789808917197454	295	0.2125340599455041	78	0.04522292993630573	71	0.5197452229299363	186	1.0	1089	1.0	1570	1.0	567	0.32802547770700635	515	0.6719745222929936	1055	0.008264462809917356	9
sunagawa2015	ERR599039_bin.52.s	restored_017	0.2154734094882523	0.458836386303125	0.25	0.25	0.0	0.0	1.0	1570	1.0	1089	1.0	567	0.0	3	2.7689594356261025	2	0.6675159235668789	1048	0.2337579617834395	367	1.0	150	1.0	0.0	0.4007067137809187	567	0.0035335689045936395	5	0.0	0	0.0	0	0.0	0	0.3839050131926121	291	0.018471337579617834	29	0.0	0	0.0	0	0.09872611464968153	155	0.0	0	0.0	49.81124811389503	0.0	49.81124811389511	0.0	1.0	1.0	-4.144730370814716	0.0	0	0.0	0	0.0196078431372549	1	0.18789808917197454	295	0.2125340599455041	78	0.04522292993630573	71	0.5197452229299363	186	1.0	1089	1.0	1570	1.0	567	0.32802547770700635	515	0.6719745222929936	1055	0.008264462809917356	9
sunagawa2015	ERR599039_bin.52.s	metagem_017	0.21714993210320313	0.4631474444558557	0.25	0.25	0.0	0.0	1.0	1543	1.0	1080	1.0	567	0.0	3	2.7213403880070546	2	0.6701231367465975	1034	0.23136746597537264	357	1.0	148	1.0	0.0	0.3989935298346513	555	0.0	0	0.0	0	0.0	0	0.0	0	0.358974358974359	280	0.02138690861957226	33	0.0	0	0.0	0	0.101749837977965	157	0.0	0	0.0	46.17285511781781	0.0	46.172855117841536	0.0	1.0	1.0	-4.144730370814716	0.0	0	0.0	0	0.0196078431372549	1	0.18081659105638367	279	0.19887955182072828	71	0.04601425793907971	71	0.5217109526895658	182	1.0	1080	1.0	1543	1.0	567	0.321451717433571	496	0.6785482825664291	1047	0.008333333333333333	9
sunagawa2015	ERR599044_bin.10.o	repro_0913							1.0	990	1.0	779	1.0	206	0.0	3	4.805825242718447	2	0.8949494949494949	886	0.0	0	1.0	97	0.005134788189987163	4	1.0	886	0.0	0	0.0	0	0.0	0	0.0	0	0.1501597444089457	47	0.00202020202020202	2	0.0012836970474967907	1	0.0	0	0.03535353535353535	35	0.0	0	0.0	27.032062661582533	0.0	27.034109355227592	0.0	1.0	1.0	0.0	0.0	0	0.0	0	0.0196078431372549	1	0.4262626262626263	422	1.0	0	0.020202020202020204	20	0.3484848484848485	73	1.0	779	1.0	990	1.0	206	0.23232323232323232	230	0.7676767676767676	760	0.024390243902439025	19
sunagawa2015	ERR599044_bin.10.o	restored_0913							1.0	990	1.0	779	1.0	206	0.0	3	4.805825242718447	2	0.6919191919191919	685	0.20303030303030303	201	1.0	97	0.005134788189987163	4	0.45372460496614	402	0.014672686230248307	13	0.0	0	0.0	0	0.0	0	0.1501597444089457	47	0.00202020202020202	2	0.0012836970474967907	1	0.0	0	0.03535353535353535	35	0.0	0	0.0	27.032062661582533	0.0	27.034109355227592	0.0	1.0	1.0	-4.144730370814716	0.0	0	0.0	0	0.0196078431372549	1	0.4262626262626263	422	0.5671641791044776	114	0.020202020202020204	20	0.3484848484848485	73	1.0	779	1.0	990	1.0	206	0.23232323232323232	230	0.7676767676767676	760	0.024390243902439025	19
sunagawa2015	ERR599044_bin.10.o	restored_017	0.2248949795034074	0.48306328062780945	0.25	0.25	0.0	0.0	1.0	990	1.0	779	1.0	206	0.0	3	4.805825242718447	2	0.6919191919191919	685	0.20303030303030303	201	1.0	97	1.0	0.0	0.45372460496614	402	0.014672686230248307	13	0.0	0	0.0	0	0.0	0	0.1501597444089457	47	0.00202020202020202	2	0.0	0	0.0	0	0.03535353535353535	35	0.0	0	0.0	27.03206266158256	0.0	27.034109355227574	0.0	1.0	1.0	-4.144730370814716	0.0	0	0.0	0	0.0196078431372549	1	0.4262626262626263	422	0.5671641791044776	114	0.020202020202020204	20	0.3484848484848485	73	1.0	779	1.0	990	1.0	206	0.23232323232323232	230	0.7676767676767676	760	0.024390243902439025	19
sunagawa2015	ERR599044_bin.10.o	metagem_017	0.2268577356620835	0.4881103678929766	0.25	0.25	0.0	0.0	1.0	993	1.0	787	1.0	214	0.0	3	4.640186915887851	2	0.7039274924471299	699	0.19939577039274925	198	1.0	94	1.0	0.0	0.4682274247491639	420	0.0	0	0.0	0	0.0	0	0.0	0	0.115	46	0.0010070493454179255	1	0.0	0	0.0	0	0.03625377643504532	36	0.0	0	0.0	34.8947649258283	0.0	34.894764925828284	0.0	1.0	1.0	-4.144730370814716	0.0	0	0.0	0	0.0196078431372549	1	0.4300100704934542	427	0.5303030303030303	105	0.01812688821752266	18	0.3464249748237664	74	1.0	787	1.0	993	1.0	214	0.22860020140986909	227	0.771399798590131	766	0.026683608640406607	21
sunagawa2015	ERR599057_bin.45.p	repro_0913							1.0	1441	1.0	1072	1.0	570	0.0	3	2.5280701754385966	2	0.9090909090909091	1310	0.0	0	1.0	125	0.002798507462686567	3	1.0	1310	0.0	0	0.0	0	0.0	0	0.0	0	0.27037037037037037	146	0.015267175572519083	22	0.0	0	0.0	0	0.030534351145038167	44	0.0	0	0.0	36.27208661380118	0.0	36.27208661380118	0.0	1.0	1.0	0.0	0.0	0	0.0	0	0.0196078431372549	1	0.2387231089521166	344	1.0	0	0.05829285218598196	84	0.44205412907702984	142	1.0	1072	1.0	1441	1.0	570	0.2768910478834143	399	0.7231089521165857	1042	0.027985074626865673	30
sunagawa2015	ERR599057_bin.45.p	restored_0913							1.0	1441	1.0	1072	1.0	570	0.0	3	2.5280701754385966	2	0.7002081887578071	1009	0.208882720333102	301	1.0	125	0.002798507462686567	3	0.4396946564885496	576	0.0007633587786259542	1	0.0	0	0.0	0	0.0	0	0.27037037037037037	146	0.015267175572519083	22	0.0	0	0.0	0	0.030534351145038167	44	0.0	0	0.0	36.27208661380118	0.0	36.27208661380118	0.0	1.0	1.0	-4.144730370814716	0.0	0	0.0	0	0.0196078431372549	1	0.2387231089521166	344	0.31893687707641194	96	0.05829285218598196	84	0.44205412907702984	142	1.0	1072	1.0	1441	1.0	570	0.2768910478834143	399	0.7231089521165857	1042	0.027985074626865673	30
sunagawa2015	ERR599057_bin.45.p	restored_017	0.2197687933905067	0.46988165919463626	0.25	0.25	0.0	0.0	1.0	1441	1.0	1072	1.0	570	0.0	3	2.5280701754385966	2	0.7002081887578071	1009	0.208882720333102	301	1.0	125	1.0	0.0	0.4396946564885496	576	0.0007633587786259542	1	0.0	0	0.0	0	0.0	0	0.27037037037037037	146	0.015267175572519083	22	0.0	0	0.0	0	0.030534351145038167	44	0.0	0	0.0	36.27208661380117	0.0	36.2720866138011	0.0	1.0	1.0	-4.144730370814716	0.0	0	0.0	0	0.0196078431372549	1	0.2387231089521166	344	0.31893687707641194	96	0.05829285218598196	84	0.44205412907702984	142	1.0	1072	1.0	1441	1.0	570	0.2768910478834143	399	0.7231089521165857	1042	0.027985074626865673	30
sunagawa2015	ERR599057_bin.45.p	metagem_017	0.22115037115037114	0.473434287720002	0.25	0.25	0.0	0.0	1.0	1583	1.0	1175	1.0	587	0.0	3	2.696763202725724	2	0.6721415034744157	1064	0.2312065698041693	366	1.0	147	1.0	0.0	0.42727272727272725	611	0.0	0	0.0	0	0.0	0	0.0	0	0.25868725868725867	134	0.032217308907138344	51	0.0	0	0.0	0	0.022741629816803537	36	0.0	0	0.0	41.38148578729577	0.0	41.38148578729669	0.0	1.0	1.0	-4.144730370814716	0.0	0	0.0	0	0.0196078431372549	1	0.2571067593177511	407	0.33060109289617484	121	0.0574857864813645	91	0.42830069488313327	148	1.0	1175	1.0	1583	1.0	587	0.2798483891345546	443	0.7201516108654453	1140	0.029787234042553193	35
sunagawa2015	ERR599071_bin.1.s	repro_0913							1.0	2042	1.0	1386	1.0	920	0.0	3	2.2195652173913043	2	0.8991185112634672	1836	0.0	0	1.0	197	0.004329004329004329	6	1.0	1836	0.0	0	0.0	0	0.0	0	0.0	0	0.5135483870967742	398	0.021057786483839373	43	0.0	0	0.0007215007215007215	1	0.06953966699314397	142	0.0	0	0.0	54.949404615170295	0.0	54.949404615170295	0.0	1.0	1.0	0.0	0.0	0	0.0	0	0.0196078431372549	1	0.14691478942213515	300	1.0	0	0.0910871694417238	186	0.4951028403525955	223	1.0	1386	1.0	2042	1.0	920	0.34084231145935356	696	0.6591576885406464	1346	0.005772005772005772	8
sunagawa2015	ERR599071_bin.1.s	restored_0913							1.0	2042	1.0	1386	1.0	920	0.0	3	2.2195652173913043	2	0.6322233104799216	1291	0.26689520078354556	545	1.0	197	0.004329004329004329	6	0.3888888888888889	714	0.0	0	0.0	0	0.0	0	0.0	0	0.5135483870967742	398	0.021057786483839373	43	0.0	0	0.0007215007215007215	1	0.06953966699314397	142	0.0	0	0.0	54.949404615170295	0.0	54.949404615170295	0.0	1.0	1.0	-4.144730370814716	0.0	0	0.0	0	0.0196078431372549	1	0.14691478942213515	300	0.21834862385321102	119	0.0910871694417238	186	0.4951028403525955	223	1.0	1386	1.0	2042	1.0	920	0.34084231145935356	696	0.6591576885406464	1346	0.005772005772005772	8
sunagawa2015	ERR599071_bin.1.s	restored_017	0.20912385503783354	0.4425089605734767	0.25	0.25	0.0	0.0	1.0	2042	1.0	1386	1.0	920	0.0	3	2.2195652173913043	2	0.6322233104799216	1291	0.26689520078354556	545	1.0	197	1.0	0.0	0.3888888888888889	714	0.0	0	0.0	0	0.0	0	0.0	0	0.5135483870967742	398	0.021057786483839373	43	0.0	0	0.0	0	0.06953966699314397	142	0.0	0	0.0	54.94940461517104	0.0	54.94940461517069	0.0	1.0	1.0	-4.144730370814716	0.0	0	0.0	0	0.0196078431372549	1	0.14691478942213515	300	0.21834862385321102	119	0.0910871694417238	186	0.4951028403525955	223	1.0	1386	1.0	2042	1.0	920	0.34084231145935356	696	0.6591576885406464	1346	0.006493506493506494	9
sunagawa2015	ERR599071_bin.1.s	metagem_017	0.22036012953204004	0.4714022378442934	0.25	0.25	0.0	0.0	1.0	2021	1.0	1373	1.0	917	0.0	3	2.2039258451472192	2	0.6358238495794162	1285	0.2642256308758041	534	1.0	193	1.0	0.0	0.38592633315008246	702	0.0	0	0.0	0	0.0	0	0.0	0	0.3142580019398642	324	0.02127659574468085	43	0.0	0	0.0	0	0.07125185551707075	144	0.0	0	0.0	54.87036945384115	0.0	54.87036945384183	0.0	1.0	1.0	-4.144730370814716	0.0	0	0.0	0	0.0196078431372549	1	0.14200890648193965	287	0.20973782771535582	112	0.08708560118753092	176	0.4997525977238991	224	1.0	1373	1.0	2021	1.0	917	0.3409203364670955	689	0.6590796635329045	1332	0.0065549890750182084	9
sunagawa2015	ERR599104_bin.5.o	repro_0913							1.0	1269	1.0	996	1.0	335	0.0	3	3.7880597014925375	2	0.9030732860520094	1146	0.0	0	1.0	116	0.006024096385542169	6	1.0	1146	0.0	0	0.0	0	0.0	0	0.0	0	0.23333333333333334	126	0.02442868400315209	31	0.001004016064257028	1	0.002008032128514056	2	0.054373522458628844	69	0.0	0	0.0	35.596426074331596	0.0	35.596426074331596	0.0	1.0	1.0	0.0	0.0	0	0.0	0	0.0196078431372549	1	0.30260047281323876	384	1.0	0	0.037825059101654845	48	0.4515366430260047	130	1.0	996	1.0	1269	1.0	335	0.2466509062253743	313	0.7533490937746257	956	0.040160642570281124	40
sunagawa2015	ERR599104_bin.5.o	restored_0913							1.0	1269	1.0	996	1.0	335	0.0	3	3.7880597014925375	2	0.6721828211189913	853	0.23089046493301812	293	1.0	116	0.006024096385542169	6	0.4363001745200698	500	0.002617801047120419	3	0.0	0	0.0	0	0.0	0	0.23333333333333334	126	0.02442868400315209	31	0.001004016064257028	1	0.002008032128514056	2	0.054373522458628844	69	0.0	0	0.0	35.596426074331596	0.0	35.596426074331596	0.0	1.0	1.0	-4.144730370814716	0.0	0	0.0	0	0.0196078431372549	1	0.30260047281323876	384	0.33447098976109213	98	0.037825059101654845	48	0.4515366430260047	130	1.0	996	1.0	1269	1.0	335	0.2466509062253743	313	0.7533490937746257	956	0.040160642570281124	40
sunagawa2015	ERR599104_bin.5.o	restored_017	0.2219119643203413	0.47539267015706804	0.25	0.25	0.0	0.0	1.0	1269	1.0	996	1.0	335	0.0	3	3.7880597014925375	2	0.6721828211189913	853	0.23089046493301812	293	1.0	116	1.0	0.0	0.4363001745200698	500	0.002617801047120419	3	0.0	0	0.0	0	0.0	0	0.23333333333333334	126	0.02442868400315209	31	0.0	0	0.0	0	0.054373522458628844	69	0.0	0	0.0	35.596426074344876	0.0	35.59642607434538	0.0	1.0	1.0	-4.144730370814716	0.0	0	0.0	0	0.0196078431372549	1	0.30260047281323876	384	0.33447098976109213	98	0.037825059101654845	48	0.4515366430260047	130	1.0	996	1.0	1269	1.0	335	0.2466509062253743	313	0.7533490937746257	956	0.040160642570281124	40
sunagawa2015	ERR599104_bin.5.o	metagem_017	0.22125079290437008	0.4736925150874279	0.25	0.25	0.0	0.0	1.0	1280	1.0	1004	1.0	330	0.0	3	3.878787878787879	2	0.65625	840	0.24296875	311	1.0	125	1.0	0.0	0.4326672458731538	498	0.0	0	0.0	0	0.0	0	0.0	0	0.2514851485148515	127	0.02421875	31	0.0	0	0.0	0	0.05390625	69	0.0	0	0.0	43.98578946736912	0.0	43.985789467369216	0.0	1.0	1.0	-4.144730370814716	0.0	0	0.0	0	0.0196078431372549	1	0.3046875	390	0.36012861736334406	112	0.03671875	47	0.4484375	130	1.0	1004	1.0	1280	1.0	330	0.24765625	317	0.75234375	963	0.04083665338645418	41
sunagawa2015	ERR599106_bin.22.s	repro_0913							1.0	1246	1.0	932	1.0	496	0.0	3	2.5120967741935485	2	0.9109149277688604	1135	0.0	0	1.0	104	0.004291845493562232	4	1.0	1135	0.0	0	0.0	0	0.0	0	0.0	0	0.3798449612403101	196	0.01043338683788122	13	0.001072961373390558	1	0.001072961373390558	1	0.06340288924558588	79	0.0	0	0.0	23.189492662025824	0.0	23.189492662025824	0.0	1.0	1.0	0.0	0.0	0	0.0	0	0.0196078431372549	1	0.21268057784911718	265	1.0	0	0.07704654895666131	96	0.46629213483146065	139	1.0	932	1.0	1246	1.0	496	0.2784911717495987	347	0.7215088282504013	899	0.03540772532188841	33
sunagawa2015	ERR599106_bin.22.s	restored_0913							1.0	1246	1.0	932	1.0	496	0.0	3	2.5120967741935485	2	0.7134831460674157	889	0.19743178170144463	246	1.0	104	0.004291845493562232	4	0.43788546255506605	497	0.0026431718061674008	3	0.0	0	0.0	0	0.0	0	0.3798449612403101	196	0.01043338683788122	13	0.001072961373390558	1	0.001072961373390558	1	0.06340288924558588	79	0.0	0	0.0	23.189492662025824	0.0	23.189492662025824	0.0	1.0	1.0	-4.144730370814716	0.0	0	0.0	0	0.0196078431372549	1	0.21268057784911718	265	0.3170731707317073	78	0.07704654895666131	96	0.46629213483146065	139	1.0	932	1.0	1246	1.0	496	0.2784911717495987	347	0.7215088282504013	899	0.03540772532188841	33
sunagawa2015	ERR599106_bin.22.s	restored_017	0.222923911501839	0.47799482005234795	0.25	0.25	0.0	0.0	1.0	1246	1.0	932	1.0	496	0.0	3	2.5120967741935485	2	0.7134831460674157	889	0.19743178170144463	246	1.0	104	1.0	0.0	0.43788546255506605	497	0.0026431718061674008	3	0.0	0	0.0	0	0.0	0	0.21350762527233116	196	0.01043338683788122	13	0.0	0	0.0	0	0.06340288924558588	79	0.0	0	0.0	23.18949266202583	0.0	23.189492662025767	0.0	1.0	1.0	-4.144730370814716	0.0	0	0.0	0	0.0196078431372549	1	0.21268057784911718	265	0.3170731707317073	78	0.07704654895666131	96	0.46629213483146065	139	1.0	932	1.0	1246	1.0	496	0.2784911717495987	347	0.7215088282504013	899	0.03540772532188841	33
sunagawa2015	ERR599106_bin.22.s	metagem_017	0.21392463792202038	0.4548538308471	0.25	0.25	0.0	0.0	1.0	1241	1.0	935	1.0	498	0.0	3	2.4919678714859437	2	0.7058823529411765	876	0.20145044319097502	250	1.0	109	1.0	0.0	0.44760213143872113	504	0.0	0	0.0	0	0.0	0	0.0	0	0.3684210526315789	182	0.012087026591458501	15	0.0	0	0.0	0	0.064464141821112	80	0.0	0	0.0	22.86650171842547	0.0	22.86650171843213	0.0	1.0	1.0	-4.144730370814716	0.0	0	0.0	0	0.0196078431372549	1	0.20467365028203063	254	0.328	82	0.07735697018533441	96	0.46978243352135374	141	1.0	935	1.0	1241	1.0	498	0.273972602739726	340	0.726027397260274	901	0.03636363636363636	34
sunagawa2015	ERR599109_bin.3.p	repro_0913							1.0	1795	1.0	1249	1.0	781	0.0	3	2.2983354673495517	2	0.9025069637883009	1620	0.0	0	1.0	168	0.004803843074459567	6	1.0	1620	0.0	0	0.0	0	0.0	0	0.0	0	0.4864864864864865	396	0.0011142061281337048	2	0.0016012810248198558	2	0.0008006405124099279	1	0.14930362116991644	268	0.0	0	0.0	59.701533417476774	0.0	59.701533417476774	0.0	1.0	1.0	0.0	0.0	0	0.0	0	0.0196078431372549	1	0.17270194986072424	310	1.0	0	0.07632311977715878	137	0.4963788300835655	211	1.0	1249	1.0	1795	1.0	781	0.3253481894150418	584	0.6746518105849583	1211	0.03042433947157726	38
sunagawa2015	ERR599109_bin.3.p	restored_0913							1.0	1795	1.0	1249	1.0	781	0.0	3	2.2983354673495517	2	0.664066852367688	1192	0.2384401114206128	428	1.0	168	0.004803843074459567	6	0.4203703703703704	681	0.001851851851851852	3	0.0	0	0.0	0	0.0	0	0.4864864864864865	396	0.0011142061281337048	2	0.0016012810248198558	2	0.0008006405124099279	1	0.14930362116991644	268	0.0	0	0.0	59.701533417476774	0.0	59.701533417476774	0.0	1.0	1.0	-4.144730370814716	0.0	0	0.0	0	0.0196078431372549	1	0.17270194986072424	310	0.24766355140186916	106	0.07632311977715878	137	0.4963788300835655	211	1.0	1249	1.0	1795	1.0	781	0.3253481894150418	584	0.6746518105849583	1211	0.03042433947157726	38
sunagawa2015	ERR599109_bin.3.p	restored_017	0.2087754421087754	0.4416130416130416	0.25	0.25	0.0	0.0	1.0	1795	1.0	1249	1.0	781	0.0	3	2.2983354673495517	2	0.664066852367688	1192	0.2384401114206128	428	1.0	168	1.0	0.0	0.4203703703703704	681	0.001851851851851852	3	0.0	0	0.0	0	0.0	0	0.4864864864864865	396	0.0011142061281337048	2	0.0	0	0.0	0	0.14930362116991644	268	0.0	0	0.0	59.701533417476874	0.0	59.70153341747731	0.0	1.0	1.0	-4.144730370814716	0.0	0	0.0	0	0.0196078431372549	1	0.17270194986072424	310	0.24766355140186916	106	0.07632311977715878	137	0.4963788300835655	211	1.0	1249	1.0	1795	1.0	781	0.3253481894150418	584	0.6746518105849583	1211	0.03042433947157726	38
sunagawa2015	ERR599109_bin.3.p	metagem_017	0.21282950551997787	0.4520377760989907	0.25	0.25	0.0	0.0	1.0	1934	1.0	1357	1.0	793	0.0	3	2.438839848675914	2	0.6494312306101344	1256	0.24870734229576008	481	1.0	190	1.0	0.0	0.4104778353483017	713	0.0	0	0.0	0	0.0	0	0.0	0	0.4252577319587629	330	0.023784901758014478	46	0.0	0	0.0	0	0.15563598759048605	301	0.0	0	0.0	68.58224611772737	0.0	68.58224611772702	0.0	1.0	1.0	-4.144730370814716	0.0	0	0.0	0	0.0196078431372549	1	0.18510858324715615	358	0.23700623700623702	114	0.07549120992761117	146	0.49276111685625645	227	1.0	1357	1.0	1934	1.0	793	0.3200620475698035	619	0.6799379524301965	1315	0.03021370670596905	41
sunagawa2015	ERR599111_bin.23.s	repro_0913							1.0	1379	1.0	996	1.0	629	0.0	3	2.192368839427663	2	0.920957215373459	1270	0.0	0	1.0	100	0.004016064257028112	4	1.0	1270	0.0	0	0.0	0	0.0	0	0.0	0	0.316008316008316	152	0.022480058013052938	31	0.0	0	0.0	0	0.05003625815808557	69	0.0	0	0.0	38.190911048634106	0.0	38.2001038192034	0.0	1.0	1.0	0.0	0.0	0	0.0	0	0.0196078431372549	1	0.22189992748368384	306	1.0	0	0.09282088469905729	128	0.43944887599709936	159	1.0	996	1.0	1379	1.0	629	0.30891950688905	426	0.69108049311095	953	0.04317269076305221	43
sunagawa2015	ERR599111_bin.23.s	restored_0913							1.0	1379	1.0	996	1.0	629	0.0	3	2.192368839427663	2	0.7229876722262509	997	0.19796954314720813	273	1.0	100	0.004016064257028112	4	0.46141732283464565	586	0.0031496062992125984	4	0.0	0	0.0	0	0.0	0	0.316008316008316	152	0.022480058013052938	31	0.0	0	0.0	0	0.05003625815808557	69	0.0	0	0.0	38.190911048634106	0.0	38.2001038192034	0.0	1.0	1.0	-4.144730370814716	0.0	0	0.0	0	0.0196078431372549	1	0.22189992748368384	306	0.3516483516483517	96	0.09282088469905729	128	0.43944887599709936	159	1.0	996	1.0	1379	1.0	629	0.30891950688905	426	0.69108049311095	953	0.04317269076305221	43
sunagawa2015	ERR599111_bin.23.s	restored_017	0.21589396786247178	0.4599178221225465	0.25	0.25	0.0	0.0	1.0	1379	1.0	996	1.0	629	0.0	3	2.192368839427663	2	0.7229876722262509	997	0.19796954314720813	273	1.0	100	1.0	0.0	0.46141732283464565	586	0.0031496062992125984	4	0.0	0	0.0	0	0.0	0	0.316008316008316	152	0.022480058013052938	31	0.0	0	0.0	0	0.05003625815808557	69	0.0	0	0.0	38.19091104863532	0.0	38.20010381920365	0.0	1.0	1.0	-4.144730370814716	0.0	0	0.0	0	0.0196078431372549	1	0.22189992748368384	306	0.3516483516483517	96	0.09282088469905729	128	0.43944887599709936	159	1.0	996	1.0	1379	1.0	629	0.30891950688905	426	0.69108049311095	953	0.04317269076305221	43
sunagawa2015	ERR599111_bin.23.s	metagem_017	0.21767777764532287	0.46450476156416354	0.25	0.25	0.0	0.0	1.0	1387	1.0	998	1.0	626	0.0	3	2.2156549520766773	2	0.7231434751261716	1003	0.1932227829848594	268	1.0	108	1.0	0.0	0.45869394177812745	583	0.0	0	0.0	0	0.0	0	0.0	0	0.2897727272727273	153	0.022350396539293438	31	0.0	0	0.0	0	0.04542177361211247	63	0.0	0	0.0	24.727331556002472	0.0	24.727331556002476	0.0	1.0	1.0	-4.144730370814716	0.0	0	0.0	0	0.0196078431372549	1	0.21485219899062724	298	0.34701492537313433	93	0.09156452775775054	127	0.44917087238644554	163	1.0	998	1.0	1387	1.0	626	0.31074260994953135	431	0.6892573900504686	956	0.041082164328657314	41
sunagawa2015	ERR599112_bin.4.s	repro_0913							1.0	2042	1.0	1413	1.0	960	0.0	3	2.127083333333333	2	0.9000979431929481	1838	0.0	0	1.0	197	0.0021231422505307855	3	1.0	1838	0.0	0	0.0	0	0.0	0	0.0	0	0.4640804597701149	323	0.021547502448579822	44	0.0014154281670205238	2	0.0007077140835102619	1	0.07100881488736532	145	0.0	0	0.0	59.73782269202048	0.0	59.73782269202048	0.0	1.0	1.0	0.0	0.0	0	0.0	0	0.0196078431372549	1	0.16993143976493633	347	1.0	0	0.1297747306562194	265	0.47257590597453475	228	1.0	1413	1.0	2042	1.0	960	0.33496571988246815	684	0.6650342801175319	1358	0.038924274593064405	55
sunagawa2015	ERR599112_bin.4.s	restored_0913							1.0	2042	1.0	1413	1.0	960	0.0	3	2.127083333333333	2	0.6302644466209598	1287	0.26983349657198824	551	1.0	197	0.0021231422505307855	3	0.41458106637649617	762	0.0	0	0.0	0	0.0	0	0.0	0	0.4640804597701149	323	0.021547502448579822	44	0.0014154281670205238	2	0.0007077140835102619	1	0.07100881488736532	145	0.0	0	0.0	59.73782269202048	0.0	59.73782269202048	0.0	1.0	1.0	-4.144730370814716	0.0	0	0.0	0	0.0196078431372549	1	0.16993143976493633	347	0.23411978221415608	129	0.1297747306562194	265	0.47257590597453475	228	1.0	1413	1.0	2042	1.0	960	0.33496571988246815	684	0.6650342801175319	1358	0.038924274593064405	55
sunagawa2015	ERR599112_bin.4.s	restored_017	0.21044473002889197	0.44590549626476983	0.25	0.25	0.0	0.0	1.0	2042	1.0	1413	1.0	960	0.0	3	2.127083333333333	2	0.6302644466209598	1287	0.26983349657198824	551	1.0	197	1.0	0.0	0.41458106637649617	762	0.0	0	0.0	0	0.0	0	0.0	0	0.4640804597701149	323	0.021547502448579822	44	0.0	0	0.0	0	0.07100881488736532	145	0.0	0	0.0	59.73782269202143	0.0	59.737822692020586	0.0	1.0	1.0	-4.144730370814716	0.0	0	0.0	0	0.0196078431372549	1	0.16993143976493633	347	0.23411978221415608	129	0.1297747306562194	265	0.47257590597453475	228	1.0	1413	1.0	2042	1.0	960	0.33496571988246815	684	0.6650342801175319	1358	0.038924274593064405	55
sunagawa2015	ERR599112_bin.4.s	metagem_017	0.2088013205255005	0.4416795861131918	0.25	0.25	0.0	0.0	1.0	1846	1.0	1257	1.0	946	0.0	3	1.9513742071881606	2	0.6446370530877573	1190	0.2589382448537378	478	1.0	171	1.0	0.0	0.43225419664268583	721	0.0	0	0.0	0	0.0	0	0.0	0	0.4759887005649718	337	0.015167930660888408	28	0.0	0	0.0	0	0.1495124593716143	276	0.0	0	0.0	59.72598266530692	0.0	59.72598266530686	0.0	1.0	1.0	-4.144730370814716	0.0	0	0.0	0	0.0196078431372549	1	0.12784398699891658	236	0.17782426778242677	85	0.13867822318526543	256	0.49837486457204766	220	1.0	1257	1.0	1846	1.0	946	0.34615384615384615	639	0.6538461538461539	1207	0.03977724741447892	50
sunagawa2015	ERR599116_bin.9.s	repro_0913							1.0	1330	1.0	998	1.0	437	0.0	3	3.0434782608695654	2	0.9022556390977443	1200	0.0	0	1.0	125	0.003006012024048096	3	1.0	1200	0.0	0	0.0	0	0.0	0	0.0	0	0.4044526901669759	218	0.02857142857142857	38	0.0	0	0.0	0	0.06766917293233082	90	0.0	0	0.0	49.9391731348847	0.0	49.9391731348847	0.0	1.0	1.0	0.0	0.0	0	0.0	0	0.0196078431372549	1	0.2511278195488722	334	1.0	0	0.06691729323308271	89	0.45789473684210524	136	1.0	998	1.0	1330	1.0	437	0.2744360902255639	365	0.7255639097744361	965	0.033066132264529056	33
sunagawa2015	ERR599116_bin.9.s	restored_0913							1.0	1330	1.0	998	1.0	437	0.0	3	3.0434782608695654	2	0.681203007518797	906	0.22105263157894736	294	1.0	125	0.003006012024048096	3	0.45	540	0.009166666666666667	11	0.0	0	0.0	0	0.0	0	0.4044526901669759	218	0.02857142857142857	38	0.0	0	0.0	0	0.06766917293233082	90	0.0	0	0.0	49.9391731348847	0.0	49.9391731348847	0.0	1.0	1.0	-4.144730370814716	0.0	0	0.0	0	0.0196078431372549	1	0.2511278195488722	334	0.2653061224489796	78	0.06691729323308271	89	0.45789473684210524	136	1.0	998	1.0	1330	1.0	437	0.2744360902255639	365	0.7255639097744361	965	0.033066132264529056	33
sunagawa2015	ERR599116_bin.9.s	restored_017	0.21128040610183466	0.4480543775951939	0.25	0.25	0.0	0.0	1.0	1330	1.0	998	1.0	437	0.0	3	3.0434782608695654	2	0.681203007518797	906	0.22105263157894736	294	1.0	125	1.0	0.0	0.45	540	0.009166666666666667	11	0.0	0	0.0	0	0.0	0	0.4044526901669759	218	0.02857142857142857	38	0.0	0	0.0	0	0.06766917293233082	90	0.0	0	0.0	49.93917313489807	0.0	49.93917313488477	0.0	1.0	1.0	-4.144730370814716	0.0	0	0.0	0	0.0196078431372549	1	0.2511278195488722	334	0.2653061224489796	78	0.06691729323308271	89	0.45789473684210524	136	1.0	998	1.0	1330	1.0	437	0.2744360902255639	365	0.7255639097744361	965	0.033066132264529056	33
sunagawa2015	ERR599116_bin.9.s	metagem_017	0.21336208062391457	0.4534072549376851	0.25	0.25	0.0	0.0	1.0	1275	1.0	958	1.0	433	0.0	3	2.9445727482678983	2	0.6752941176470588	861	0.22745098039215686	290	1.0	120	1.0	0.0	0.4587315377932233	528	0.0	0	0.0	0	0.0	0	0.0	0	0.36741767764298094	212	0.027450980392156862	35	0.0	0	0.0	0	0.0784313725490196	100	0.0	0	0.0	29.17535637301793	0.0	29.175356373019515	0.0	1.0	1.0	-4.144730370814716	0.0	0	0.0	0	0.0196078431372549	1	0.22980392156862745	293	0.2620689655172414	76	0.06980392156862746	89	0.47372549019607846	137	1.0	958	1.0	1275	1.0	433	0.28	357	0.72	918	0.04175365344467641	40
sunagawa2015	ERR599118_bin.54.o	repro_0913							1.0	1096	1.0	837	1.0	363	0.0	3	3.0192837465564737	2	0.8868613138686131	972	0.0	0	1.0	118	0.0047789725209080045	4	1.0	972	0.0	0	0.0	0	0.0	0	0.0	0	0.25874125874125875	111	0.014598540145985401	16	0.0011947431302270011	1	0.0023894862604540022	2	0.040145985401459854	44	0.0	0	0.0	22.610751623052177	0.0	22.610751623052177	0.0	1.0	1.0	0.0	0.0	0	0.0	0	0.0196078431372549	1	0.2874087591240876	315	1.0	0	0.07208029197080291	79	0.416970802919708	113	1.0	837	1.0	1096	1.0	363	0.2655109489051095	291	0.7344890510948905	805	0.038231780167264036	32
sunagawa2015	ERR599118_bin.54.o	restored_0913							1.0	1096	1.0	837	1.0	363	0.0	3	3.0192837465564737	2	0.6651459854014599	729	0.22171532846715328	243	1.0	118	0.0047789725209080045	4	0.4567901234567901	444	0.01131687242798354	11	0.0	0	0.0	0	0.0	0	0.25874125874125875	111	0.014598540145985401	16	0.0011947431302270011	1	0.0023894862604540022	2	0.040145985401459854	44	0.0	0	0.0	22.610751623052177	0.0	22.610751623052177	0.0	1.0	1.0	-4.144730370814716	0.0	0	0.0	0	0.0196078431372549	1	0.2874087591240876	315	0.3868312757201646	94	0.07208029197080291	79	0.416970802919708	113	1.0	837	1.0	1096	1.0	363	0.2655109489051095	291	0.7344890510948905	805	0.038231780167264036	32
sunagawa2015	ERR599118_bin.54.o	restored_017	0.21887880066892415	0.4675931064819954	0.25	0.25	0.0	0.0	1.0	1096	1.0	837	1.0	363	0.0	3	3.0192837465564737	2	0.6651459854014599	729	0.22171532846715328	243	1.0	118	1.0	0.0	0.4567901234567901	444	0.01131687242798354	11	0.0	0	0.0	0	0.0	0	0.25874125874125875	111	0.014598540145985401	16	0.0	0	0.0	0	0.040145985401459854	44	0.0	0	0.0	22.610751623053407	0.0	22.610751623052167	0.0	1.0	1.0	-4.144730370814716	0.0	0	0.0	0	0.0196078431372549	1	0.2874087591240876	315	0.3868312757201646	94	0.07208029197080291	79	0.416970802919708	113	1.0	837	1.0	1096	1.0	363	0.2655109489051095	291	0.7344890510948905	805	0.038231780167264036	32
sunagawa2015	ERR599118_bin.54.o	metagem_017	0.38736051373027397	0.9008317972111807	0.25	0.25	0.0	0.0	1.0	1088	1.0	835	1.0	363	0.0	3	2.997245179063361	2	0.6645220588235294	723	0.22150735294117646	241	1.0	118	0.0	1.0	0.45228215767634855	436	0.0	0	0.0	0	0.0	0	0.0	0	0.24189526184538654	97	0.014705882352941176	16	0.0	0	0.0	0	0.04871323529411765	53	0.0	0	0.0	24.667660634371288	0.0	24.66766063436584	0.0	1.0	1.0	-4.144730370814716	0.0	0	0.0	0	0.0196078431372549	1	0.27849264705882354	303	0.3900414937759336	94	0.07352941176470588	80	0.4209558823529412	112	1.0	835	1.0	1088	1.0	363	0.2619485294117647	285	0.7380514705882353	803	0.03832335329341317	32
sunagawa2015	ERR599136_bin.79.s	repro_0913							1.0	1388	1.0	1006	1.0	670	0.0	3	2.071641791044776	2	0.9229106628242075	1281	0.0	0	1.0	103	0.003976143141153081	4	1.0	1281	0.0	0	0.0	0	0.0	0	0.0	0	0.28014842300556586	151	0.009365994236311239	13	0.0009940357852882703	1	0.0009940357852882703	1	0.10014409221902017	139	0.0	0	0.0	26.95269262878766	0.0	26.95269262878766	0.0	1.0	1.0	0.0	0.0	0	0.0	0	0.0196078431372549	1	0.21181556195965417	294	1.0	0	0.09582132564841499	133	0.4373198847262248	166	1.0	1006	1.0	1388	1.0	670	0.3061959654178674	425	0.6938040345821326	963	0.042743538767395624	43
sunagawa2015	ERR599136_bin.79.s	restored_0913							1.0	1388	1.0	1006	1.0	670	0.0	3	2.071641791044776	2	0.718299711815562	997	0.20461095100864554	284	1.0	103	0.003976143141153081	4	0.4605776736924278	590	0.00156128024980484	2	0.0	0	0.0	0	0.0	0	0.28014842300556586	151	0.009365994236311239	13	0.0009940357852882703	1	0.0009940357852882703	1	0.10014409221902017	139	0.0	0	0.0	26.95269262878766	0.0	26.95269262878766	0.0	1.0	1.0	-4.144730370814716	0.0	0	0.0	0	0.0196078431372549	1	0.21181556195965417	294	0.3767605633802817	107	0.09582132564841499	133	0.4373198847262248	166	1.0	1006	1.0	1388	1.0	670	0.3061959654178674	425	0.6938040345821326	963	0.042743538767395624	43
sunagawa2015	ERR599136_bin.79.s	restored_017	0.21802107165104823	0.4653875175788859	0.25	0.25	0.0	0.0	1.0	1388	1.0	1006	1.0	670	0.0	3	2.071641791044776	2	0.718299711815562	997	0.20461095100864554	284	1.0	103	1.0	0.0	0.4605776736924278	590	0.00156128024980484	2	0.0	0	0.0	0	0.0	0	0.28014842300556586	151	0.009365994236311239	13	0.0	0	0.0	0	0.10014409221902017	139	0.0	0	0.0	26.952692628787624	0.0	26.952692628787585	0.0	1.0	1.0	-4.144730370814716	0.0	0	0.0	0	0.0196078431372549	1	0.21181556195965417	294	0.3767605633802817	107	0.09582132564841499	133	0.4373198847262248	166	1.0	1006	1.0	1388	1.0	670	0.3061959654178674	425	0.6938040345821326	963	0.042743538767395624	43
sunagawa2015	ERR599136_bin.79.s	metagem_017	0.21375647733336198	0.45442141790483553	0.25	0.25	0.0	0.0	1.0	1429	1.0	1028	1.0	662	0.0	3	2.1586102719033233	2	0.7130860741777467	1019	0.20433869839048285	292	1.0	113	1.0	0.0	0.4622425629290618	606	0.0	0	0.0	0	0.0	0	0.0	0	0.3568075117370892	228	0.0006997900629811056	1	0.0	0	0.0	0	0.07977606717984605	114	0.0	0	0.0	32.24152796868935	0.0	32.24152796868847	0.0	1.0	1.0	-4.144730370814716	0.0	0	0.0	0	0.0196078431372549	1	0.2232330300909727	319	0.3801369863013699	111	0.09377186843946816	134	0.4282715185444367	168	1.0	1028	1.0	1429	1.0	662	0.3072078376487054	439	0.6927921623512946	990	0.03696498054474708	38
sunagawa2015	ERR599142_bin.7.s	repro_0913							1.0	1341	1.0	1031	1.0	406	0.0	3	3.3029556650246303	2	0.9097688292319165	1220	0.0	0	1.0	117	0.002909796314258002	3	1.0	1220	0.0	0	0.0	0	0.0	0	0.0	0	0.23061630218687873	116	0.023862788963460103	32	0.0019398642095053346	2	0.0019398642095053346	2	0.05219985085756898	70	0.0	0	0.0	51.15118587242548	0.0	51.15118587242548	0.0	1.0	1.0	0.0	0.0	0	0.0	0	0.0196078431372549	1	0.25652498135719615	344	1.0	0	0.06413124533929904	86	0.4750186428038777	153	1.0	1031	1.0	1341	1.0	406	0.25801640566741235	346	0.7419835943325876	995	0.03491755577109602	36
sunagawa2015	ERR599142_bin.7.s	restored_0913							1.0	1341	1.0	1031	1.0	406	0.0	3	3.3029556650246303	2	0.703206562266965	943	0.20656226696495153	277	1.0	117	0.002909796314258002	3	0.4426229508196721	540	0.002459016393442623	3	0.0	0	0.0	0	0.0	0	0.23061630218687873	116	0.023862788963460103	32	0.0019398642095053346	2	0.0019398642095053346	2	0.05219985085756898	70	0.0	0	0.0	51.15118587242548	0.0	51.15118587242548	0.0	1.0	1.0	-4.144730370814716	0.0	0	0.0	0	0.0196078431372549	1	0.25652498135719615	344	0.2888086642599278	80	0.06413124533929904	86	0.4750186428038777	153	1.0	1031	1.0	1341	1.0	406	0.25801640566741235	346	0.7419835943325876	995	0.03491755577109602	36
sunagawa2015	ERR599142_bin.7.s	restored_017	0.2217204665148152	0.4749002472285723	0.25	0.25	0.0	0.0	1.0	1341	1.0	1031	1.0	406	0.0	3	3.3029556650246303	2	0.703206562266965	943	0.20656226696495153	277	1.0	117	1.0	0.0	0.4426229508196721	540	0.002459016393442623	3	0.0	0	0.0	0	0.0	0	0.23061630218687873	116	0.023862788963460103	32	0.0	0	0.0	0	0.05219985085756898	70	0.0	0	0.0	51.15118587242672	0.0	51.15118587242536	0.0	1.0	1.0	-4.144730370814716	0.0	0	0.0	0	0.0196078431372549	1	0.25652498135719615	344	0.2888086642599278	80	0.06413124533929904	86	0.4750186428038777	153	1.0	1031	1.0	1341	1.0	406	0.25801640566741235	346	0.7419835943325876	995	0.03491755577109602	36
sunagawa2015	ERR599142_bin.7.s	metagem_017	0.22521866903827717	0.48389562514604606	0.25	0.25	0.0	0.0	1.0	1343	1.0	1027	1.0	410	0.0	3	3.2756097560975608	2	0.7014147431124349	942	0.20402084884586746	274	1.0	123	1.0	0.0	0.4317434210526316	525	0.0	0	0.0	0	0.0	0	0.0	0	0.1809872029250457	99	0.029784065524944156	40	0.0	0	0.0	0	0.0573343261355175	77	0.0	0	0.0	49.0658222601865	0.0	49.06582226018693	0.0	1.0	1.0	-4.144730370814716	0.0	0	0.0	0	0.0196078431372549	1	0.24944154877140728	335	0.291970802919708	80	0.06403574087862993	86	0.4765450483991065	157	1.0	1027	1.0	1343	1.0	410	0.25912137006701413	348	0.7408786299329858	995	0.0311587147030185	32
sunagawa2015	ERR599143_bin.26.p	repro_0913							1.0	1126	1.0	864	1.0	368	0.0	3	3.0597826086956523	2	0.8952042628774423	1008	0.0	0	1.0	114	0.003472222222222222	3	1.0	1008	0.0	0	0.0	0	0.0	0	0.0	0	0.2944550669216061	154	0.011545293072824156	13	0.0011574074074074073	1	0.0011574074074074073	1	0.05950266429840142	67	0.0	0	0.0	32.545520658019996	0.0	32.545520658019996	0.0	1.0	1.0	0.0	0.0	0	0.0	0	0.0196078431372549	1	0.2655417406749556	299	1.0	0	0.05595026642984014	63	0.436056838365897	112	1.0	864	1.0	1126	1.0	368	0.2602131438721137	293	0.7397868561278863	833	0.034722222222222224	30
sunagawa2015	ERR599143_bin.26.p	restored_0913							1.0	1126	1.0	864	1.0	368	0.0	3	3.0597826086956523	2	0.6669626998223801	751	0.22824156305506216	257	1.0	114	0.003472222222222222	3	0.4603174603174603	464	0.0	0	0.0	0	0.0	0	0.0	0	0.2944550669216061	154	0.011545293072824156	13	0.0011574074074074073	1	0.0011574074074074073	1	0.05950266429840142	67	0.0	0	0.0	32.545520658019996	0.0	32.545520658019996	0.0	1.0	1.0	-4.144730370814716	0.0	0	0.0	0	0.0196078431372549	1	0.2655417406749556	299	0.3735408560311284	96	0.05595026642984014	63	0.436056838365897	112	1.0	864	1.0	1126	1.0	368	0.2602131438721137	293	0.7397868561278863	833	0.034722222222222224	30
sunagawa2015	ERR599143_bin.26.p	restored_017	0.2173274521904222	0.46360392468013334	0.25	0.25	0.0	0.0	1.0	1126	1.0	864	1.0	368	0.0	3	3.0597826086956523	2	0.6669626998223801	751	0.22824156305506216	257	1.0	114	1.0	0.0	0.4603174603174603	464	0.0	0	0.0	0	0.0	0	0.0	0	0.2944550669216061	154	0.011545293072824156	13	0.0	0	0.0	0	0.05950266429840142	67	0.0	0	0.0	32.545520657971515	0.0	32.54552065797128	0.0	1.0	1.0	-4.144730370814716	0.0	0	0.0	0	0.0196078431372549	1	0.2655417406749556	299	0.3735408560311284	96	0.05595026642984014	63	0.436056838365897	112	1.0	864	1.0	1126	1.0	368	0.2602131438721137	293	0.7397868561278863	833	0.034722222222222224	30
sunagawa2015	ERR599143_bin.26.p	metagem_017	0.22180813553197806	0.475125681844134	0.25	0.25	0.0	0.0	1.0	1117	1.0	850	1.0	365	0.0	3	3.0602739726027397	2	0.6741271262309758	753	0.22649955237242614	253	1.0	107	1.0	0.0	0.44731610337972166	450	0.0	0	0.0	0	0.0	0	0.0	0	0.2268041237113402	132	0.0	0	0.0	0	0.0	0	0.06624888093106536	74	0.0	0	0.0	32.93354189688175	0.0	32.933541896735946	0.0	1.0	1.0	-4.144730370814716	0.0	0	0.0	0	0.0196078431372549	1	0.26678603401969564	298	0.3794466403162055	96	0.06266786034019696	70	0.4449418084153984	118	1.0	850	1.0	1117	1.0	365	0.2694717994628469	301	0.7305282005371531	816	0.03882352941176471	33
sunagawa2015	ERR599146_bin.24.p	repro_0913							1.0	1144	1.0	874	1.0	415	0.0	3	2.756626506024096	2	0.9003496503496503	1030	0.0	0	1.0	109	0.003432494279176201	3	1.0	1030	0.0	0	0.0	0	0.0	0	0.0	0	0.29874776386404295	167	0.0026223776223776225	3	0.0	0	0.0011441647597254005	1	0.06905594405594405	79	0.0	0	0.0	40.85423848915937	0.0	40.85423848915937	0.0	1.0	1.0	0.0	0.0	0	0.0	0	0.0196078431372549	1	0.2701048951048951	309	1.0	0	0.0472027972027972	54	0.4143356643356643	118	1.0	874	1.0	1144	1.0	415	0.2543706293706294	291	0.7456293706293706	853	0.02402745995423341	21
sunagawa2015	ERR599146_bin.24.p	restored_0913							1.0	1144	1.0	874	1.0	415	0.0	3	2.756626506024096	2	0.7263986013986014	831	0.17395104895104896	199	1.0	109	0.003432494279176201	3	0.4242718446601942	437	0.005825242718446602	6	0.0	0	0.0	0	0.0	0	0.29874776386404295	167	0.0026223776223776225	3	0.0	0	0.0011441647597254005	1	0.06905594405594405	79	0.0	0	0.0	40.85423848915937	0.0	40.85423848915937	0.0	1.0	1.0	-4.144730370814716	0.0	0	0.0	0	0.0196078431372549	1	0.2701048951048951	309	0.4221105527638191	84	0.0472027972027972	54	0.4143356643356643	118	1.0	874	1.0	1144	1.0	415	0.2543706293706294	291	0.7456293706293706	853	0.02402745995423341	21
sunagawa2015	ERR599146_bin.24.p	restored_017	0.2187678786346657	0.4673078783939023	0.25	0.25	0.0	0.0	1.0	1144	1.0	874	1.0	415	0.0	3	2.756626506024096	2	0.7263986013986014	831	0.17395104895104896	199	1.0	109	1.0	0.0	0.4242718446601942	437	0.005825242718446602	6	0.0	0	0.0	0	0.0	0	0.29874776386404295	167	0.0026223776223776225	3	0.0	0	0.0	0	0.06905594405594405	79	0.0	0	0.0	40.85423848915956	0.0	40.854238489159414	0.0	1.0	1.0	-4.144730370814716	0.0	0	0.0	0	0.0196078431372549	1	0.2701048951048951	309	0.4221105527638191	84	0.0472027972027972	54	0.4143356643356643	118	1.0	874	1.0	1144	1.0	415	0.2543706293706294	291	0.7456293706293706	853	0.02402745995423341	21
sunagawa2015	ERR599146_bin.24.p	metagem_017	0.22358764379340876	0.4797015602306701	0.25	0.25	0.0	0.0	1.0	1099	1.0	854	1.0	418	0.0	3	2.6291866028708135	2	0.7306642402183804	803	0.1710646041856233	188	1.0	103	1.0	0.0	0.41876892028254287	415	0.0	0	0.0	0	0.0	0	0.0	0	0.22332015810276679	113	0.01091901728844404	12	0.0	0	0.0	0	0.060964513193812554	67	0.0	0	0.0	33.20413764586741	0.0	33.2041376458674	0.0	1.0	1.0	-4.144730370814716	0.0	0	0.0	0	0.0196078431372549	1	0.24931756141947226	274	0.3882978723404255	73	0.04913557779799818	54	0.4222020018198362	112	1.0	854	1.0	1099	1.0	418	0.24658780709736125	271	0.7534121929026387	828	0.03044496487119438	26
sunagawa2015	ERR599158_bin.8.p	repro_0913							1.0	1326	1.0	1001	1.0	452	0.0	3	2.933628318584071	2	0.8793363499245852	1166	0.0	0	1.0	155	0.002997002997002997	3	1.0	1166	0.0	0	0.0	0	0.0	0	0.0	0	0.26742301458670986	165	0.01809954751131222	24	0.0	0	0.0	0	0.04524886877828054	60	0.0	0	0.0	46.83796725590528	0.0	46.83796725590528	0.0	1.0	1.0	0.0	0.0	0	0.0	0	0.0196078431372549	1	0.23378582202111614	310	1.0	0	0.04675716440422323	62	0.4343891402714932	127	1.0	1001	1.0	1326	1.0	452	0.2692307692307692	357	0.7307692307692307	969	0.008991008991008992	9
sunagawa2015	ERR599158_bin.8.p	restored_0913							1.0	1326	1.0	1001	1.0	452	0.0	3	2.933628318584071	2	0.6508295625942685	863	0.22850678733031674	303	1.0	155	0.002997002997002997	3	0.40823327615780447	476	0.005145797598627788	6	0.0	0	0.0	0	0.0	0	0.26742301458670986	165	0.01809954751131222	24	0.0	0	0.0	0	0.04524886877828054	60	0.0	0	0.0	46.83796725590528	0.0	46.83796725590528	0.0	1.0	1.0	-4.144730370814716	0.0	0	0.0	0	0.0196078431372549	1	0.23378582202111614	310	0.297029702970297	90	0.04675716440422323	62	0.4343891402714932	127	1.0	1001	1.0	1326	1.0	452	0.2692307692307692	357	0.7307692307692307	969	0.008991008991008992	9
sunagawa2015	ERR599158_bin.8.p	restored_017	0.22190338362845102	0.4753706055207788	0.25	0.25	0.0	0.0	1.0	1326	1.0	1001	1.0	452	0.0	3	2.933628318584071	2	0.6508295625942685	863	0.22850678733031674	303	1.0	155	1.0	0.0	0.40823327615780447	476	0.005145797598627788	6	0.0	0	0.0	0	0.0	0	0.25902668759811615	165	0.01809954751131222	24	0.0	0	0.0	0	0.04524886877828054	60	0.0	0	0.0	46.83796725589801	0.0	46.8379672558986	0.0	1.0	1.0	-4.144730370814716	0.0	0	0.0	0	0.0196078431372549	1	0.23378582202111614	310	0.297029702970297	90	0.04675716440422323	62	0.4343891402714932	127	1.0	1001	1.0	1326	1.0	452	0.2692307692307692	357	0.7307692307692307	969	0.008991008991008992	9
sunagawa2015	ERR599158_bin.8.p	metagem_017	0.22165603868356729	0.4747345756625064	0.25	0.25	0.0	0.0	1.0	1328	1.0	1005	1.0	454	0.0	3	2.9251101321585904	2	0.6445783132530121	856	0.23343373493975902	310	1.0	158	1.0	0.0	0.40308747855917665	470	0.0	0	0.0	0	0.0	0	0.0	0	0.27377049180327867	167	0.022590361445783132	30	0.0	0	0.0	0	0.04894578313253012	65	0.0	0	0.0	45.73881267015091	0.0	45.738812670151574	0.0	1.0	1.0	-4.144730370814716	0.0	0	0.0	0	0.0196078431372549	1	0.2319277108433735	308	0.3096774193548387	96	0.04819277108433735	64	0.43373493975903615	127	1.0	1005	1.0	1328	1.0	454	0.26656626506024095	354	0.733433734939759	974	0.007960199004975124	8
sunagawa2015	ERR599160_bin.16.p	repro_0913							1.0	1702	1.0	1227	1.0	741	0.0	3	2.2968960863697707	2	0.9042303172737955	1539	0.0	0	1.0	158	0.004889975550122249	6	1.0	1539	0.0	0	0.0	0	0.0	0	0.0	0	0.33879781420765026	248	0.018213866039952998	31	0.0008149959250203749	1	0.0	0	0.08401880141010576	143	0.0	0	0.0	47.41416246822125	0.0	47.41416246822125	0.0	1.0	1.0	0.0	0.0	0	0.0	0	0.0196078431372549	1	0.21856639247943596	372	1.0	0	0.11339600470035252	193	0.43419506462984725	178	1.0	1227	1.0	1702	1.0	741	0.30434782608695654	518	0.6956521739130435	1184	0.03504482477587612	43
sunagawa2015	ERR599160_bin.16.p	restored_0913							1.0	1702	1.0	1227	1.0	741	0.0	3	2.2968960863697707	2	0.6715628672150411	1143	0.23266745005875442	396	1.0	158	0.004889975550122249	6	0.42884990253411304	660	0.00649772579597141	10	0.0	0	0.0	0	0.0	0	0.33879781420765026	248	0.018213866039952998	31	0.0008149959250203749	1	0.0	0	0.08401880141010576	143	0.0	0	0.0	47.41416246822125	0.0	47.41416246822125	0.0	1.0	1.0	-4.144730370814716	0.0	0	0.0	0	0.0196078431372549	1	0.21856639247943596	372	0.23232323232323232	92	0.11339600470035252	193	0.43419506462984725	178	1.0	1227	1.0	1702	1.0	741	0.30434782608695654	518	0.6956521739130435	1184	0.03504482477587612	43
sunagawa2015	ERR599160_bin.16.p	restored_017	0.216251179118274	0.46083636535175215	0.25	0.25	0.0	0.0	1.0	1702	1.0	1227	1.0	741	0.0	3	2.2968960863697707	2	0.6715628672150411	1143	0.23266745005875442	396	1.0	158	1.0	0.0	0.42884990253411304	660	0.00649772579597141	10	0.0	0	0.0	0	0.0	0	0.33879781420765026	248	0.018213866039952998	31	0.0	0	0.0	0	0.08401880141010576	143	0.0	0	0.0	47.41416246821962	0.0	47.41416246822086	0.0	1.0	1.0	-4.144730370814716	0.0	0	0.0	0	0.0196078431372549	1	0.21856639247943596	372	0.23232323232323232	92	0.11339600470035252	193	0.43419506462984725	178	1.0	1227	1.0	1702	1.0	741	0.30434782608695654	518	0.6956521739130435	1184	0.03504482477587612	43
sunagawa2015	ERR599160_bin.16.p	metagem_017	0.2121472044815403	0.45028328771443693	0.25	0.25	0.0	0.0	1.0	1674	1.0	1207	1.0	744	0.0	3	2.25	2	0.6762246117084827	1132	0.22879330943847073	383	1.0	153	1.0	0.0	0.4231023102310231	641	0.0	0	0.0	0	0.0	0	0.0	0	0.4249146757679181	249	0.017323775388291517	29	0.0	0	0.0	0	0.0884109916367981	148	0.0	0	0.0	37.744221044391196	0.0	37.74422104439336	0.0	1.0	1.0	-4.144730370814716	0.0	0	0.0	0	0.0196078431372549	1	0.2108721624850657	353	0.22715404699738903	87	0.1111111111111111	186	0.4402628434886499	180	1.0	1207	1.0	1674	1.0	744	0.3070489844683393	514	0.6929510155316607	1160	0.03893951946975974	47
sunagawa2015	ERR599165_bin.25.s	repro_0913							1.0	1084	1.0	825	1.0	309	0.0	3	3.5080906148867315	2	0.9012915129151291	977	0.0	0	1.0	101	0.0036363636363636364	3	1.0	977	0.0	0	0.0	0	0.0	0	0.0	0	0.28603603603603606	127	0.0009225092250922509	1	0.0012121212121212121	1	0.0	0	0.1033210332103321	112	0.0	0	0.0	16.936935873851304	0.0	16.936935873851304	0.0	1.0	1.0	0.0	0.0	0	0.0	0	0.0196078431372549	1	0.3173431734317343	344	1.0	0	0.07011070110701106	76	0.41789667896678967	113	1.0	825	1.0	1084	1.0	309	0.275830258302583	299	0.724169741697417	785	0.048484848484848485	40
sunagawa2015	ERR599165_bin.25.s	restored_0913							1.0	1084	1.0	825	1.0	309	0.0	3	3.5080906148867315	2	0.6752767527675276	732	0.22601476014760147	245	1.0	101	0.0036363636363636364	3	0.4616171954964176	451	0.011258955987717503	11	0.0	0	0.0	0	0.0	0	0.28603603603603606	127	0.0009225092250922509	1	0.0012121212121212121	1	0.0	0	0.1033210332103321	112	0.0	0	0.0	16.936935873851304	0.0	16.936935873851304	0.0	1.0	1.0	-4.144730370814716	0.0	0	0.0	0	0.0196078431372549	1	0.3173431734317343	344	0.3836734693877551	94	0.07011070110701106	76	0.41789667896678967	113	1.0	825	1.0	1084	1.0	309	0.275830258302583	299	0.724169741697417	785	0.048484848484848485	40
sunagawa2015	ERR599165_bin.25.s	restored_017	0.21709747106369418	0.4630125446399755	0.25	0.25	0.0	0.0	1.0	1084	1.0	825	1.0	309	0.0	3	3.5080906148867315	2	0.6752767527675276	732	0.22601476014760147	245	1.0	101	1.0	0.0	0.4616171954964176	451	0.011258955987717503	11	0.0	0	0.0	0	0.0	0	0.28603603603603606	127	0.0009225092250922509	1	0.0	0	0.0	0	0.1033210332103321	112	0.0	0	0.0	16.936935873851375	0.0	16.93693587384933	0.0	1.0	1.0	-4.144730370814716	0.0	0	0.0	0	0.0196078431372549	1	0.3173431734317343	344	0.3836734693877551	94	0.07011070110701106	76	0.41789667896678967	113	1.0	825	1.0	1084	1.0	309	0.275830258302583	299	0.724169741697417	785	0.048484848484848485	40
sunagawa2015	ERR599165_bin.25.s	metagem_017	0.219571336408535	0.46937391266956613	0.25	0.25	0.0	0.0	1.0	1031	1.0	789	1.0	319	0.0	3	3.231974921630094	2	0.6741028128031038	695	0.2289039767216295	236	1.0	94	1.0	0.0	0.46294307196562834	431	0.0	0	0.0	0	0.0	0	0.0	0	0.2514395393474088	131	0.008729388942774006	9	0.0	0	0.0	0	0.13191076624636275	136	0.0	0	0.0	16.785125289809883	0.0	16.785125289809894	0.0	1.0	1.0	-4.144730370814716	0.0	0	0.0	0	0.0196078431372549	1	0.2851600387972842	294	0.3516949152542373	83	0.07177497575169738	74	0.4393792434529583	113	1.0	789	1.0	1031	1.0	319	0.28031037827352084	289	0.7196896217264791	742	0.059569074778200254	47
bissett_base	ERR671910_bin.2.o	repro_0913							1.0	1690	1.0	1205	1.0	788	0.0	3	2.1446700507614214	2	0.8881656804733727	1501	0.0	0	1.0	181	0.0033195020746887966	4	1.0	1501	0.0	0	0.0	0	0.0	0	0.0	0	0.25524475524475526	146	0.010650887573964497	18	0.0008298755186721991	1	0.0	0	0.09940828402366864	168	0.0	0	0.0	48.97767360485097	0.0	50.35116832589927	0.0	1.0	1.0	0.0	0.0	0	0.0	0	0.0196078431372549	1	0.22840236686390533	386	1.0	0	0.09585798816568047	162	0.39585798816568046	174	1.0	1205	1.0	1690	1.0	788	0.31715976331360946	536	0.6828402366863905	1154	0.04232365145228216	51
bissett_base	ERR671910_bin.2.o	restored_0913							1.0	1690	1.0	1205	1.0	788	0.0	3	2.1446700507614214	2	0.6396449704142012	1081	0.2485207100591716	420	1.0	181	0.0033195020746887966	4	0.42438374417055297	637	0.0006662225183211193	1	0.0	0	0.0	0	0.0	0	0.25524475524475526	146	0.010650887573964497	18	0.0008298755186721991	1	0.0	0	0.09940828402366864	168	0.0	0	0.0	48.97767360485097	0.0	50.35116832589927	0.0	1.0	1.0	-4.144730370814716	0.0	0	0.0	0	0.0196078431372549	1	0.22840236686390533	386	0.36666666666666664	154	0.09585798816568047	162	0.39585798816568046	174	1.0	1205	1.0	1690	1.0	788	0.31715976331360946	536	0.6828402366863905	1154	0.04232365145228216	51
bissett_base	ERR671910_bin.2.o	restored_017	0.2214651080407243	0.47424361115233865	0.25	0.25	0.0	0.0	1.0	1690	1.0	1205	1.0	788	0.0	3	2.1446700507614214	2	0.6396449704142012	1081	0.2485207100591716	420	1.0	181	1.0	0.0	0.42438374417055297	637	0.0006662225183211193	1	0.0	0	0.0	0	0.0	0	0.25524475524475526	146	0.010650887573964497	18	0.0	0	0.0	0	0.09940828402366864	168	0.0	0	0.0	48.97767360485143	0.0	50.35116832589946	0.0	1.0	1.0	-4.144730370814716	0.0	0	0.0	0	0.0196078431372549	1	0.22840236686390533	386	0.36666666666666664	154	0.09585798816568047	162	0.39585798816568046	174	1.0	1205	1.0	1690	1.0	788	0.31715976331360946	536	0.6828402366863905	1154	0.04232365145228216	51
bissett_base	ERR671910_bin.2.o	metagem_017	0.2158080561954831	0.4596969064074327	0.25	0.25	0.0	0.0	1.0	1674	1.0	1177	1.0	783	0.0	3	2.1379310344827585	2	0.6451612903225806	1080	0.24193548387096775	405	1.0	182	1.0	0.0	0.4235690235690236	629	0.0	0	0.0	0	0.0	0	0.0	0	0.35855263157894735	218	0.0017921146953405018	3	0.0	0	0.0	0	0.1087216248506571	182	0.0	0	0.0	45.77302648065252	0.0	45.92656175867738	0.0	1.0	1.0	-4.144730370814716	0.0	0	0.0	0	0.0196078431372549	1	0.22939068100358423	384	0.3506172839506173	142	0.0955794504181601	160	0.3906810035842294	174	1.0	1177	1.0	1674	1.0	783	0.32317801672640384	541	0.6768219832735962	1133	0.037383177570093455	44
bissett_base	ERR671910_bin.7.o	repro_0913							1.0	1194	1.0	913	1.0	412	0.0	3	2.8980582524271843	2	0.897822445561139	1072	0.0	0	1.0	114	0.0032858707557502738	3	1.0	1072	0.0	0	0.0	0	0.0	0	0.0	0	0.2	98	0.018425460636515914	22	0.0	0	0.0	0	0.059463986599664995	71	0.0	0	0.0	26.557458850307242	0.0	26.557458850307242	0.0	1.0	1.0	0.0	0.0	0	0.0	0	0.0196078431372549	1	0.32914572864321606	393	1.0	0	0.07370184254606366	88	0.3659966499162479	121	1.0	913	1.0	1194	1.0	412	0.2730318257956449	326	0.7269681742043551	868	0.04928806133625411	45
bissett_base	ERR671910_bin.7.o	restored_0913							1.0	1194	1.0	913	1.0	412	0.0	3	2.8980582524271843	2	0.6884422110552764	822	0.20938023450586266	250	1.0	114	0.0032858707557502738	3	0.42350746268656714	454	0.0065298507462686565	7	0.0	0	0.0	0	0.0	0	0.2	98	0.018425460636515914	22	0.0	0	0.0	0	0.059463986599664995	71	0.0	0	0.0	26.557458850307242	0.0	26.557458850307242	0.0	1.0	1.0	-4.144730370814716	0.0	0	0.0	0	0.0196078431372549	1	0.32914572864321606	393	0.4	100	0.07370184254606366	88	0.3659966499162479	121	1.0	913	1.0	1194	1.0	412	0.2730318257956449	326	0.7269681742043551	868	0.04928806133625411	45
bissett_base	ERR671910_bin.7.o	restored_017	0.2242571862907684	0.4814232409381663	0.25	0.25	0.0	0.0	1.0	1194	1.0	913	1.0	412	0.0	3	2.8980582524271843	2	0.6884422110552764	822	0.20938023450586266	250	1.0	114	1.0	0.0	0.42350746268656714	454	0.0065298507462686565	7	0.0	0	0.0	0	0.0	0	0.2	98	0.018425460636515914	22	0.0	0	0.0	0	0.059463986599664995	71	0.0	0	0.0	26.557458850307274	0.0	26.55745885030724	0.0	1.0	1.0	-4.144730370814716	0.0	0	0.0	0	0.0196078431372549	1	0.32914572864321606	393	0.4	100	0.07370184254606366	88	0.3659966499162479	121	1.0	913	1.0	1194	1.0	412	0.2730318257956449	326	0.7269681742043551	868	0.04928806133625411	45
bissett_base	ERR671910_bin.7.o	metagem_017	0.21866998549949207	0.46705615318917015	0.25	0.25	0.0	0.0	1.0	993	1.0	753	1.0	407	0.0	3	2.43980343980344	2	0.6938569989929506	689	0.20241691842900303	201	1.0	96	1.0	0.0	0.40786516853932586	363	0.010112359550561797	9	0.0	0	0.0	0	0.0	0	0.31262939958592134	151	0.021148036253776436	21	0.0	0	0.0	0	0.07351460221550855	73	0.0	0	0.0	16.260978651891588	0.0	16.260978651892337	0.0	1.0	1.0	-4.144730370814716	0.0	0	0.0	0	0.0196078431372549	1	0.2588116817724068	257	0.3482587064676617	70	0.07854984894259819	78	0.39375629405840884	115	1.0	753	1.0	993	1.0	407	0.283987915407855	282	0.716012084592145	711	0.055776892430278883	42
bissett_base	ERR671912_bin.12.s	repro_0913							1.0	811	1.0	661	1.0	342	0.0	3	2.371345029239766	2	0.906288532675709	735	0.0	0	1.0	69	0.0045385779122541605	3	1.0	735	0.0	0	0.0	0	0.0	0	0.0	0	0.22760290556900725	94	0.027127003699136867	22	0.0	0	0.0015128593040847202	1	0.0530209617755857	43	0.0	0	0.0	27.512849203791063	0.0	27.512849203791063	0.0	1.0	1.0	0.0	0.0	0	0.0	0	0.0196078431372549	1	0.2786683107274969	226	1.0	0	0.06041923551171394	49	0.36744759556103573	92	1.0	661	1.0	811	1.0	342	0.2466091245376079	200	0.7533908754623921	611	0.07564296520423601	50
bissett_base	ERR671912_bin.12.s	restored_0913							1.0	811	1.0	661	1.0	342	0.0	3	2.371345029239766	2	0.7373612823674476	598	0.16892725030826142	137	1.0	69	0.0045385779122541605	3	0.4054421768707483	298	0.009523809523809525	7	0.0	0	0.0	0	0.0	0	0.21315192743764172	94	0.027127003699136867	22	0.0	0	0.0015128593040847202	1	0.0530209617755857	43	0.0	0	0.0	27.512849203791063	0.0	27.512849203791063	0.0	1.0	1.0	-4.144730370814716	0.0	0	0.0	0	0.0196078431372549	1	0.2786683107274969	226	0.38686131386861317	53	0.06041923551171394	49	0.36744759556103573	92	1.0	661	1.0	811	1.0	342	0.2466091245376079	200	0.7533908754623921	611	0.07564296520423601	50
bissett_base	ERR671912_bin.12.s	restored_017	0.227390505197569	0.48948034669851076	0.25	0.25	0.0	0.0	1.0	811	1.0	661	1.0	342	0.0	3	2.371345029239766	2	0.7373612823674476	598	0.16892725030826142	137	1.0	69	1.0	0.0	0.4054421768707483	298	0.009523809523809525	7	0.0	0	0.0	0	0.0	0	0.15867158671586715	86	0.027127003699136867	22	0.0	0	0.0	0	0.0530209617755857	43	0.0	0	0.0	27.512849203791244	0.0	27.5128492037905	0.0	1.0	1.0	-4.144730370814716	0.0	0	0.0	0	0.0196078431372549	1	0.2786683107274969	226	0.38686131386861317	53	0.06041923551171394	49	0.36744759556103573	92	1.0	661	1.0	811	1.0	342	0.2466091245376079	200	0.7533908754623921	611	0.07564296520423601	50
bissett_base	ERR671912_bin.12.s	metagem_017	0.22879822597130509	0.49310020011668926	0.25	0.25	0.0	0.0	1.0	820	1.0	657	1.0	339	0.0	3	2.4188790560471976	2	0.7109756097560975	583	0.18902439024390244	155	1.0	74	1.0	0.0	0.3997289972899729	295	0.009485094850948509	7	0.0	0	0.0	0	0.0	0	0.13908450704225353	79	0.02804878048780488	23	0.0	0	0.0	0	0.05975609756097561	49	0.0	0	0.0	36.84240801927707	0.0	37.145605379316336	0.0	1.0	1.0	-4.144730370814716	0.0	0	0.0	0	0.0196078431372549	1	0.27195121951219514	223	0.3741935483870968	58	0.06219512195121951	51	0.374390243902439	96	1.0	657	1.0	820	1.0	339	0.25	205	0.75	615	0.0639269406392694	42
bissett_base	ERR671912_bin.5.s	repro_0913							1.0	782	1.0	632	1.0	219	0.0	3	3.5707762557077625	2	0.8976982097186701	702	0.0	0	1.0	70	0.004746835443037975	3	1.0	702	0.0	0	0.0	0	0.0	0	0.0	0	0.10052910052910052	38	0.020460358056265986	16	0.0	0	0.0	0	0.04475703324808184	35	0.0	0	0.0	28.283785813611527	0.0	28.40534186287891	0.0	1.0	1.0	0.0	0.0	0	0.0	0	0.0196078431372549	1	0.3695652173913043	289	1.0	0	0.01918158567774936	15	0.3350383631713555	66	1.0	632	1.0	782	1.0	219	0.23145780051150894	181	0.768542199488491	601	0.0490506329113924	31
bissett_base	ERR671912_bin.5.s	restored_0913							1.0	782	1.0	632	1.0	219	0.0	3	3.5707762557077625	2	0.7301790281329923	571	0.16751918158567775	131	1.0	70	0.004746835443037975	3	0.42735042735042733	300	0.027065527065527065	19	0.0	0	0.0	0	0.0	0	0.10052910052910052	38	0.020460358056265986	16	0.0	0	0.0	0	0.04475703324808184	35	0.0	0	0.0	28.283785813611527	0.0	28.40534186287891	0.0	1.0	1.0	-4.144730370814716	0.0	0	0.0	0	0.0196078431372549	1	0.3695652173913043	289	0.4961832061068702	65	0.01918158567774936	15	0.3350383631713555	66	1.0	632	1.0	782	1.0	219	0.23145780051150894	181	0.768542199488491	601	0.0490506329113924	31
bissett_base	ERR671912_bin.5.s	restored_017	0.22842897842897844	0.4921507064364207	0.25	0.25	0.0	0.0	1.0	782	1.0	632	1.0	219	0.0	3	3.5707762557077625	2	0.7301790281329923	571	0.16751918158567775	131	1.0	70	1.0	0.0	0.42735042735042733	300	0.027065527065527065	19	0.0	0	0.0	0	0.0	0	0.10052910052910052	38	0.020460358056265986	16	0.0	0	0.0	0	0.04475703324808184	35	0.0	0	0.0	28.283785813611956	0.0	28.40534186287916	0.0	1.0	1.0	-4.144730370814716	0.0	0	0.0	0	0.0196078431372549	1	0.3695652173913043	289	0.4961832061068702	65	0.01918158567774936	15	0.3350383631713555	66	1.0	632	1.0	782	1.0	219	0.23145780051150894	181	0.768542199488491	601	0.0490506329113924	31
bissett_base	ERR671912_bin.5.s	metagem_017	0.22773743750154998	0.490372458337319	0.25	0.25	0.0	0.0	1.0	777	1.0	630	1.0	220	0.0	3	3.5318181818181817	2	0.7232947232947233	562	0.1788931788931789	139	1.0	69	1.0	0.0	0.43794579172610554	307	0.029957203994293864	21	0.0	0	0.0	0	0.0	0	0.09948979591836735	39	0.019305019305019305	15	0.0	0	0.0	0	0.03346203346203346	26	0.0	0	0.0	7.753896867867126	0.0	7.753896867867367	0.0	1.0	1.0	-4.144730370814716	0.0	0	0.0	0	0.0196078431372549	1	0.3642213642213642	283	0.49640287769784175	69	0.02059202059202059	16	0.34491634491634493	69	1.0	630	1.0	777	1.0	220	0.2277992277992278	177	0.7722007722007722	600	0.047619047619047616	30
bissett_base	ERR671912_bin.9.o	repro_0913							1.0	1711	1.0	1206	1.0	817	0.0	3	2.094247246022032	2	0.9117475160724723	1560	0.0	0	1.0	145	0.0041459369817578775	5	1.0	1560	0.0	0	0.0	0	0.0	0	0.0	0	0.3648	228	0.006428988895382817	11	0.0008291873963515755	1	0.0	0	0.11046171829339567	189	0.0	0	0.0	37.71124282945073	0.0	37.71124282945073	0.0	1.0	1.0	0.0	0.0	0	0.0	0	0.0196078431372549	1	0.22910578609000584	392	1.0	0	0.10695499707773232	183	0.40853302162478083	188	1.0	1206	1.0	1711	1.0	817	0.3220338983050847	551	0.6779661016949152	1160	0.03814262023217247	46
bissett_base	ERR671912_bin.9.o	restored_0913							1.0	1711	1.0	1206	1.0	817	0.0	3	2.094247246022032	2	0.6861484511981297	1174	0.2255990648743425	386	1.0	145	0.0041459369817578775	5	0.4442307692307692	693	0.0	0	0.0	0	0.0	0	0.0	0	0.3648	228	0.006428988895382817	11	0.0008291873963515755	1	0.0	0	0.11046171829339567	189	0.0	0	0.0	37.71124282945073	0.0	37.71124282945073	0.0	1.0	1.0	-4.144730370814716	0.0	0	0.0	0	0.0196078431372549	1	0.22910578609000584	392	0.3549222797927461	137	0.10695499707773232	183	0.40853302162478083	188	1.0	1206	1.0	1711	1.0	817	0.3220338983050847	551	0.6779661016949152	1160	0.03814262023217247	46
bissett_base	ERR671912_bin.9.o	restored_017	0.21431310541310544	0.4558527472527473	0.25	0.25	0.0	0.0	1.0	1711	1.0	1206	1.0	817	0.0	3	2.094247246022032	2	0.6861484511981297	1174	0.2255990648743425	386	1.0	145	1.0	0.0	0.4442307692307692	693	0.0	0	0.0	0	0.0	0	0.0	0	0.3648	228	0.006428988895382817	11	0.0	0	0.0	0	0.11046171829339567	189	0.0	0	0.0	37.71124282945082	0.0	37.71124282945109	0.0	1.0	1.0	-4.144730370814716	0.0	0	0.0	0	0.0196078431372549	1	0.22910578609000584	392	0.3549222797927461	137	0.10695499707773232	183	0.40853302162478083	188	1.0	1206	1.0	1711	1.0	817	0.3220338983050847	551	0.6779661016949152	1160	0.03814262023217247	46
bissett_base	ERR671912_bin.9.o	metagem_017	0.21508396119983444	0.4578349478471933	0.25	0.25	0.0	0.0	1.0	1843	1.0	1319	1.0	828	0.0	3	2.225845410628019	2	0.6711882799782962	1237	0.23385784047748237	431	1.0	167	1.0	0.0	0.43345323741007197	723	0.0	0	0.0	0	0.0	0	0.0	0	0.3617021276595745	238	0.011394465545306565	21	0.0	0	0.0	0	0.10363537710255019	191	0.0	0	0.0	37.94659845422079	0.0	37.94659845422074	0.0	1.0	1.0	-4.144730370814716	0.0	0	0.0	0	0.0196078431372549	1	0.24633749321758003	454	0.37819025522041766	163	0.10363537710255019	191	0.4036896364622897	200	1.0	1319	1.0	1843	1.0	828	0.30873575691806837	569	0.6912642430819317	1274	0.03411675511751327	45
bissett_base	ERR671914_bin.4.p	repro_0913							1.0	715	1.0	581	1.0	175	0.0	3	4.085714285714285	2	0.8769230769230769	627	0.0	0	1.0	81	0.0051635111876075735	3	1.0	627	0.0	0	0.0	0	0.0	0	0.0	0	0.10485933503836317	41	0.022377622377622378	16	0.0	0	0.0	0	0.05174825174825175	37	0.0	0	0.0	16.957024924081	0.0	16.957024924081	0.0	1.0	1.0	0.0	0.0	0	0.0	0	0.0196078431372549	1	0.41818181818181815	299	1.0	0	0.04055944055944056	29	0.3048951048951049	58	1.0	581	1.0	715	1.0	175	0.21958041958041957	157	0.7804195804195804	558	0.039586919104991396	23
bissett_base	ERR671914_bin.4.p	restored_0913							1.0	715	1.0	581	1.0	175	0.0	3	4.085714285714285	2	0.6671328671328671	477	0.2097902097902098	150	1.0	81	0.0051635111876075735	3	0.4194577352472089	263	0.017543859649122806	11	0.0	0	0.0	0	0.0	0	0.10485933503836317	41	0.022377622377622378	16	0.0	0	0.0	0	0.05174825174825175	37	0.0	0	0.0	16.957024924081	0.0	16.957024924081	0.0	1.0	1.0	-4.144730370814716	0.0	0	0.0	0	0.0196078431372549	1	0.41818181818181815	299	0.47333333333333333	71	0.04055944055944056	29	0.3048951048951049	58	1.0	581	1.0	715	1.0	175	0.21958041958041957	157	0.7804195804195804	558	0.039586919104991396	23
bissett_base	ERR671914_bin.4.p	restored_017	0.2291558742628873	0.49401986715218643	0.25	0.25	0.0	0.0	1.0	715	1.0	581	1.0	175	0.0	3	4.085714285714285	2	0.6671328671328671	477	0.2097902097902098	150	1.0	81	1.0	0.0	0.4194577352472089	263	0.017543859649122806	11	0.0	0	0.0	0	0.0	0	0.10485933503836317	41	0.022377622377622378	16	0.0	0	0.0	0	0.05174825174825175	37	0.0	0	0.0	16.957024924080816	0.0	16.95702492408127	0.0	1.0	1.0	-4.144730370814716	0.0	0	0.0	0	0.0196078431372549	1	0.41818181818181815	299	0.47333333333333333	71	0.04055944055944056	29	0.3048951048951049	58	1.0	581	1.0	715	1.0	175	0.21958041958041957	157	0.7804195804195804	558	0.039586919104991396	23
bissett_base	ERR671914_bin.4.p	metagem_017	0.2244692917769841	0.4819686550455781	0.25	0.25	0.0	0.0	1.0	770	1.0	614	1.0	177	0.0	3	4.350282485875706	2	0.6714285714285714	517	0.2064935064935065	159	1.0	87	1.0	0.0	0.42159763313609466	285	0.022189349112426034	15	0.0	0	0.0	0	0.0	0	0.18243243243243243	81	0.005194805194805195	4	0.0	0	0.0	0	0.07142857142857142	55	0.0	0	0.0	17.931334897521047	0.0	17.9313348975211	0.0	1.0	1.0	-4.144730370814716	0.0	0	0.0	0	0.0196078431372549	1	0.45324675324675323	349	0.4968553459119497	79	0.04025974025974026	31	0.2792207792207792	58	1.0	614	1.0	770	1.0	177	0.23116883116883116	178	0.7688311688311689	592	0.035830618892508145	22
bissett_base	ERR671914_bin.6.o	repro_0913							1.0	604	1.0	496	1.0	160	0.0	3	3.775	2	0.8675496688741722	524	0.0	0	1.0	75	0.008064516129032258	4	1.0	524	0.0	0	0.0	0	0.0	0	0.0	0	0.14600550964187328	53	0.0033112582781456954	2	0.0	0	0.0	0	0.056291390728476824	34	0.0	0	0.0	17.19937220423864	0.0	17.235873516570855	0.0	1.0	1.0	0.0	0.0	0	0.0	0	0.0196078431372549	1	0.40894039735099336	247	1.0	0	0.04470198675496689	27	0.28642384105960267	47	1.0	496	1.0	604	1.0	160	0.22019867549668873	133	0.7798013245033113	471	0.05040322580645161	25
bissett_base	ERR671914_bin.6.o	restored_0913							1.0	604	1.0	496	1.0	160	0.0	3	3.775	2	0.6688741721854304	404	0.1986754966887417	120	1.0	75	0.008064516129032258	4	0.33969465648854963	178	0.03625954198473282	19	0.0	0	0.0	0	0.0	0	0.14600550964187328	53	0.0033112582781456954	2	0.0	0	0.0	0	0.056291390728476824	34	0.0	0	0.0	17.19937220423864	0.0	17.235873516570855	0.0	1.0	1.0	-4.144730370814716	0.0	0	0.0	0	0.0196078431372549	1	0.40894039735099336	247	0.5916666666666667	71	0.04470198675496689	27	0.28642384105960267	47	1.0	496	1.0	604	1.0	160	0.22019867549668873	133	0.7798013245033113	471	0.05040322580645161	25
bissett_base	ERR671914_bin.6.o	restored_017	0.23026149769730614	0.49686289884069207	0.25	0.25	0.0	0.0	1.0	604	1.0	496	1.0	160	0.0	3	3.775	2	0.6688741721854304	404	0.1986754966887417	120	1.0	75	1.0	0.0	0.33969465648854963	178	0.03625954198473282	19	0.0	0	0.0	0	0.0	0	0.14600550964187328	53	0.0033112582781456954	2	0.0	0	0.0	0	0.056291390728476824	34	0.0	0	0.0	17.19937220416427	0.0	17.235873516608468	0.0	1.0	1.0	-4.144730370814716	0.0	0	0.0	0	0.0196078431372549	1	0.40894039735099336	247	0.5916666666666667	71	0.04470198675496689	27	0.28642384105960267	47	1.0	496	1.0	604	1.0	160	0.22019867549668873	133	0.7798013245033113	471	0.05040322580645161	25
bissett_base	ERR671914_bin.6.o	metagem_017	0.23214442608516028	0.5017047146951741	0.25	0.25	0.0	0.0	1.0	616	1.0	508	1.0	161	0.0	3	3.8260869565217392	2	0.6688311688311688	412	0.20616883116883117	127	1.0	70	1.0	0.0	0.3395176252319109	183	0.04638218923933209	25	0.0	0	0.0	0	0.0	0	0.1021671826625387	33	0.0016233766233766235	1	0.0	0	0.0	0	0.05194805194805195	32	0.0	0	0.0	51.17282260048735	0.0	51.5492957455059	0.0	1.0	1.0	-4.144730370814716	0.0	0	0.0	0	0.0196078431372549	1	0.42207792207792205	260	0.6141732283464567	78	0.04383116883116883	27	0.2840909090909091	48	1.0	508	1.0	616	1.0	161	0.21753246753246752	134	0.7824675324675324	482	0.051181102362204724	26
bissett_base	ERR671914_bin.9.o	repro_0913							1.0	1190	1.0	892	1.0	409	0.0	3	2.9095354523227384	2	0.9117647058823529	1085	0.0	0	1.0	95	0.004484304932735426	4	1.0	1085	0.0	0	0.0	0	0.0	0	0.0	0	0.2286902286902287	110	0.014285714285714285	17	0.0011210762331838565	1	0.0	0	0.10504201680672269	125	0.0	0	0.0	33.31167590245025	0.0	33.66285549013179	0.0	1.0	1.0	0.0	0.0	0	0.0	0	0.0196078431372549	1	0.292436974789916	348	1.0	0	0.0773109243697479	92	0.41596638655462187	114	1.0	892	1.0	1190	1.0	409	0.280672268907563	334	0.719327731092437	856	0.04035874439461883	36
bissett_base	ERR671914_bin.9.o	restored_0913							1.0	1190	1.0	892	1.0	409	0.0	3	2.9095354523227384	2	0.7100840336134454	845	0.20168067226890757	240	1.0	95	0.004484304932735426	4	0.4857142857142857	527	0.005529953917050691	6	0.0	0	0.0	0	0.0	0	0.2286902286902287	110	0.014285714285714285	17	0.0011210762331838565	1	0.0	0	0.10504201680672269	125	0.0	0	0.0	33.31167590245025	0.0	33.66285549013179	0.0	1.0	1.0	-4.144730370814716	0.0	0	0.0	0	0.0196078431372549	1	0.292436974789916	348	0.3958333333333333	95	0.0773109243697479	92	0.41596638655462187	114	1.0	892	1.0	1190	1.0	409	0.280672268907563	334	0.719327731092437	856	0.04035874439461883	36
bissett_base	ERR671914_bin.9.o	restored_017	0.21926289990806117	0.4685807902397764	0.25	0.25	0.0	0.0	1.0	1190	1.0	892	1.0	409	0.0	3	2.9095354523227384	2	0.7100840336134454	845	0.20168067226890757	240	1.0	95	1.0	0.0	0.4857142857142857	527	0.005529953917050691	6	0.0	0	0.0	0	0.0	0	0.2286902286902287	110	0.014285714285714285	17	0.0	0	0.0	0	0.10504201680672269	125	0.0	0	0.0	33.31167590245043	0.0	33.66285549013194	0.0	1.0	1.0	-4.144730370814716	0.0	0	0.0	0	0.0196078431372549	1	0.292436974789916	348	0.3958333333333333	95	0.0773109243697479	92	0.41596638655462187	114	1.0	892	1.0	1190	1.0	409	0.280672268907563	334	0.719327731092437	856	0.04035874439461883	36
bissett_base	ERR671914_bin.9.o	metagem_017	0.21499598427108163	0.4576087214589718	0.25	0.25	0.0	0.0	1.0	1203	1.0	892	1.0	403	0.0	3	2.9851116625310175	2	0.7098919368246052	854	0.19950124688279303	240	1.0	101	1.0	0.0	0.48811700182815354	534	0.008226691042047532	9	0.0	0	0.0	0	0.0	0	0.30039525691699603	152	0.0033250207813798837	4	0.0	0	0.0	0	0.1055694098088113	127	0.0	0	0.0	39.427759363879886	0.0	39.6105431521658	0.0	1.0	1.0	-4.144730370814716	0.0	0	0.0	0	0.0196078431372549	1	0.29842061512884455	359	0.4125	99	0.07564422277639235	91	0.4114713216957606	115	1.0	892	1.0	1203	1.0	403	0.2884455527847049	347	0.7115544472152951	856	0.04035874439461883	36
bissett_base	ERR671915_bin.3.s	repro_0913							1.0	890	1.0	698	1.0	310	0.0	3	2.870967741935484	2	0.8910112359550562	793	0.0	0	1.0	90	0.0057306590257879654	4	1.0	793	0.0	0	0.0	0	0.0	0	0.0	0	0.2056338028169014	73	0.0011235955056179776	1	0.0	0	0.0	0	0.07303370786516854	65	0.0	0	0.0	39.73866346363761	0.0	39.73866346363761	0.0	1.0	1.0	0.0	0.0	0	0.0	0	0.0196078431372549	1	0.3382022471910112	301	1.0	0	0.052808988764044947	47	0.32471910112359553	89	1.0	698	1.0	890	1.0	310	0.25617977528089886	228	0.7438202247191011	662	0.050143266475644696	35
bissett_base	ERR671915_bin.3.s	restored_0913							1.0	890	1.0	698	1.0	310	0.0	3	2.870967741935484	2	0.7202247191011236	641	0.1707865168539326	152	1.0	90	0.0057306590257879654	4	0.40226986128625475	319	0.017654476670870115	14	0.0	0	0.0	0	0.0	0	0.2056338028169014	73	0.0011235955056179776	1	0.0	0	0.0	0	0.07303370786516854	65	0.0	0	0.0	39.73866346363761	0.0	39.73866346363761	0.0	1.0	1.0	-4.144730370814716	0.0	0	0.0	0	0.0196078431372549	1	0.3382022471910112	301	0.45394736842105265	69	0.052808988764044947	47	0.32471910112359553	89	1.0	698	1.0	890	1.0	310	0.25617977528089886	228	0.7438202247191011	662	0.050143266475644696	35
bissett_base	ERR671915_bin.3.s	restored_017	0.22450602921625779	0.4820631227465677	0.25	0.25	0.0	0.0	1.0	890	1.0	698	1.0	310	0.0	3	2.870967741935484	2	0.7202247191011236	641	0.1707865168539326	152	1.0	90	1.0	0.0	0.40226986128625475	319	0.017654476670870115	14	0.0	0	0.0	0	0.0	0	0.2056338028169014	73	0.0011235955056179776	1	0.0	0	0.0	0	0.07303370786516854	65	0.0	0	0.0	39.73866346363796	0.0	39.738663463637735	0.0	1.0	1.0	-4.144730370814716	0.0	0	0.0	0	0.0196078431372549	1	0.3382022471910112	301	0.45394736842105265	69	0.052808988764044947	47	0.32471910112359553	89	1.0	698	1.0	890	1.0	310	0.25617977528089886	228	0.7438202247191011	662	0.050143266475644696	35
bissett_base	ERR671915_bin.3.s	metagem_017	0.22406542426331344	0.4809301385818537	0.25	0.25	0.0	0.0	1.0	844	1.0	668	1.0	314	0.0	3	2.6878980891719744	2	0.7298578199052133	616	0.16824644549763032	142	1.0	78	1.0	0.0	0.4076517150395778	309	0.011873350923482849	9	0.0	0	0.0	0	0.0	0	0.21396396396396397	95	0.02132701421800948	18	0.0	0	0.0	0	0.058056872037914695	49	0.0	0	0.0	27.82642693147191	0.0	27.82642693147105	0.0	1.0	1.0	-4.144730370814716	0.0	0	0.0	0	0.0196078431372549	1	0.3104265402843602	262	0.39436619718309857	56	0.06872037914691943	58	0.3412322274881517	91	1.0	668	1.0	844	1.0	314	0.25829383886255924	218	0.7417061611374408	626	0.061377245508982034	41
bissett_base	ERR671915_bin.6.p	repro_0913							1.0	727	1.0	579	1.0	289	0.0	3	2.5155709342560555	2	0.889958734525447	647	0.0	0	1.0	69	0.0051813471502590676	3	1.0	647	0.0	0	0.0	0	0.0	0	0.0	0	0.1391304347826087	48	0.009628610729023384	7	0.0	0	0.0	0	0.055020632737276476	40	0.0	0	0.0	18.04479051488359	0.0	18.15212395116572	0.0	1.0	1.0	0.0	0.0	0	0.0	0	0.0196078431372549	1	0.30398899587345257	221	1.0	0	0.07290233837689133	53	0.33012379642365886	84	1.0	579	1.0	727	1.0	289	0.24759284731774414	180	0.7524071526822559	547	0.055267702936096716	32
bissett_base	ERR671915_bin.6.p	restored_0913							1.0	727	1.0	579	1.0	289	0.0	3	2.5155709342560555	2	0.6905089408528198	502	0.19944979367262725	145	1.0	69	0.0051813471502590676	3	0.3956723338485317	256	0.023183925811437404	15	0.0	0	0.0	0	0.0	0	0.1391304347826087	48	0.009628610729023384	7	0.0	0	0.0	0	0.055020632737276476	40	0.0	0	0.0	18.04479051488359	0.0	18.15212395116572	0.0	1.0	1.0	-4.144730370814716	0.0	0	0.0	0	0.0196078431372549	1	0.30398899587345257	221	0.4068965517241379	59	0.07290233837689133	53	0.33012379642365886	84	1.0	579	1.0	727	1.0	289	0.24759284731774414	180	0.7524071526822559	547	0.055267702936096716	32
bissett_base	ERR671915_bin.6.p	restored_017	0.22837041943688005	0.49200012617102484	0.25	0.25	0.0	0.0	1.0	727	1.0	579	1.0	289	0.0	3	2.5155709342560555	2	0.6905089408528198	502	0.19944979367262725	145	1.0	69	1.0	0.0	0.3956723338485317	256	0.023183925811437404	15	0.0	0	0.0	0	0.0	0	0.13714285714285715	48	0.009628610729023384	7	0.0	0	0.0	0	0.055020632737276476	40	0.0	0	0.0	18.044790515159658	0.0	18.152123951332342	0.0	1.0	1.0	-4.144730370814716	0.0	0	0.0	0	0.0196078431372549	1	0.30398899587345257	221	0.4068965517241379	59	0.07290233837689133	53	0.33012379642365886	84	1.0	579	1.0	727	1.0	289	0.24759284731774414	180	0.7524071526822559	547	0.055267702936096716	32
bissett_base	ERR671915_bin.6.p	metagem_017	0.22831185417392313	0.49184952978056423	0.25	0.25	0.0	0.0	1.0	715	1.0	563	1.0	289	0.0	3	2.4740484429065743	2	0.6951048951048951	497	0.1972027972027972	141	1.0	72	1.0	0.0	0.37460815047021945	239	0.018808777429467086	12	0.0	0	0.0	0	0.0	0	0.16363636363636364	63	0.0013986013986013986	1	0.0	0	0.0	0	0.06433566433566433	46	0.0	0	0.0	11.35145263875464	0.0	11.351452638777157	0.0	1.0	1.0	-4.144730370814716	0.0	0	0.0	0	0.0196078431372549	1	0.3006993006993007	215	0.375886524822695	53	0.07132867132867132	51	0.3258741258741259	81	1.0	563	1.0	715	1.0	289	0.25314685314685315	181	0.7468531468531469	534	0.05150976909413854	29
bissett_base	ERR671916_bin.2.o	repro_0913							1.0	1472	1.0	1056	1.0	597	0.0	3	2.4656616415410384	2	0.9035326086956522	1330	0.0	0	1.0	138	0.003787878787878788	4	1.0	1330	0.0	0	0.0	0	0.0	0	0.0	0	0.31098430813124106	218	0.016304347826086956	24	0.0	0	0.0	0	0.08355978260869565	123	0.0	0	0.0	45.21845904552403	0.0	45.22876865866554	0.0	1.0	1.0	0.0	0.0	0	0.0	0	0.0196078431372549	1	0.23641304347826086	348	1.0	0	0.08220108695652174	121	0.4375	169	1.0	1056	1.0	1472	1.0	597	0.3111413043478261	458	0.688858695652174	1014	0.03977272727272727	42
bissett_base	ERR671916_bin.2.o	restored_0913							1.0	1472	1.0	1056	1.0	597	0.0	3	2.4656616415410384	2	0.6827445652173914	1005	0.22078804347826086	325	1.0	138	0.003787878787878788	4	0.43909774436090226	584	0.005263157894736842	7	0.0	0	0.0	0	0.0	0	0.31098430813124106	218	0.016304347826086956	24	0.0	0	0.0	0	0.08355978260869565	123	0.0	0	0.0	45.21845904552403	0.0	45.22876865866554	0.0	1.0	1.0	-4.144730370814716	0.0	0	0.0	0	0.0196078431372549	1	0.23641304347826086	348	0.32	104	0.08220108695652174	121	0.4375	169	1.0	1056	1.0	1472	1.0	597	0.3111413043478261	458	0.688858695652174	1014	0.03977272727272727	42
bissett_base	ERR671916_bin.2.o	restored_017	0.21729563645998815	0.4635221128018742	0.25	0.25	0.0	0.0	1.0	1472	1.0	1056	1.0	597	0.0	3	2.4656616415410384	2	0.6827445652173914	1005	0.22078804347826086	325	1.0	138	1.0	0.0	0.43909774436090226	584	0.005263157894736842	7	0.0	0	0.0	0	0.0	0	0.31098430813124106	218	0.016304347826086956	24	0.0	0	0.0	0	0.08355978260869565	123	0.0	0	0.0	45.218459045524575	0.0	45.22876865866541	0.0	1.0	1.0	-4.144730370814716	0.0	0	0.0	0	0.0196078431372549	1	0.23641304347826086	348	0.32	104	0.08220108695652174	121	0.4375	169	1.0	1056	1.0	1472	1.0	597	0.3111413043478261	458	0.688858695652174	1014	0.03977272727272727	42
bissett_base	ERR671916_bin.2.o	metagem_017	0.21493448856141895	0.4574505896341249	0.25	0.25	0.0	0.0	1.0	1479	1.0	1051	1.0	599	0.0	3	2.4691151919866443	2	0.6835699797160243	1011	0.21771467207572684	322	1.0	142	1.0	0.0	0.4418604651162791	589	0.005251312828207052	7	0.0	0	0.0	0	0.0	0	0.35073409461663946	215	0.016227180527383367	24	0.0	0	0.0	0	0.07910750507099391	117	0.0	0	0.0	34.83330502759141	0.0	34.842482157079424	0.0	1.0	1.0	-4.144730370814716	0.0	0	0.0	0	0.0196078431372549	1	0.23461798512508453	347	0.3167701863354037	102	0.08181203515889114	121	0.43948613928329955	169	1.0	1051	1.0	1479	1.0	599	0.31575388776200136	467	0.6842461122379987	1012	0.03615604186489058	38
bissett_base	ERR671918_bin.11.o	repro_0913							1.0	1735	1.0	1266	1.0	720	0.0	3	2.4097222222222223	2	0.9037463976945245	1568	0.0	0	1.0	161	0.004739336492890996	6	1.0	1568	0.0	0	0.0	0	0.0	0	0.0	0	0.3544093178036606	213	0.016138328530259365	28	0.0	0	0.0007898894154818325	1	0.07838616714697406	136	0.0	0	0.0	40.503784976785234	0.0	40.503784976785234	0.0	1.0	1.0	0.0	0.0	0	0.0	0	0.0196078431372549	1	0.23573487031700288	409	1.0	0	0.1100864553314121	191	0.4449567723342939	191	1.0	1266	1.0	1735	1.0	720	0.29567723342939484	513	0.7043227665706052	1222	0.03475513428120063	44
bissett_base	ERR671918_bin.11.o	restored_0913							1.0	1735	1.0	1266	1.0	720	0.0	3	2.4097222222222223	2	0.6564841498559078	1139	0.24726224783861672	429	1.0	161	0.004739336492890996	6	0.430484693877551	675	0.0	0	0.0	0	0.0	0	0.0	0	0.3544093178036606	213	0.016138328530259365	28	0.0	0	0.0007898894154818325	1	0.07838616714697406	136	0.0	0	0.0	40.503784976785234	0.0	40.503784976785234	0.0	1.0	1.0	-4.144730370814716	0.0	0	0.0	0	0.0196078431372549	1	0.23573487031700288	409	0.28205128205128205	121	0.1100864553314121	191	0.4449567723342939	191	1.0	1266	1.0	1735	1.0	720	0.29567723342939484	513	0.7043227665706052	1222	0.03475513428120063	44
bissett_base	ERR671918_bin.11.o	restored_017	0.21565403638808084	0.45930085547411265	0.25	0.25	0.0	0.0	1.0	1735	1.0	1266	1.0	720	0.0	3	2.4097222222222223	2	0.6564841498559078	1139	0.24726224783861672	429	1.0	161	1.0	0.0	0.430484693877551	675	0.0	0	0.0	0	0.0	0	0.0	0	0.3544093178036606	213	0.016138328530259365	28	0.0	0	0.0	0	0.07838616714697406	136	0.0	0	0.0	40.50378497827302	0.0	40.50378497827106	0.0	1.0	1.0	-4.144730370814716	0.0	0	0.0	0	0.0196078431372549	1	0.23573487031700288	409	0.28205128205128205	121	0.1100864553314121	191	0.4449567723342939	191	1.0	1266	1.0	1735	1.0	720	0.29567723342939484	513	0.7043227665706052	1222	0.03475513428120063	44
bissett_base	ERR671918_bin.11.o	metagem_017	0.21678157236029	0.4622002336883648	0.25	0.25	0.0	0.0	1.0	1729	1.0	1261	1.0	712	0.0	3	2.428370786516854	2	0.6529786003470214	1129	0.2533256217466744	438	1.0	156	1.0	0.0	0.43522654754307594	682	0.0	0	0.0	0	0.0	0	0.0	0	0.3293718166383701	194	0.01156737998843262	20	0.0	0	0.0	0	0.0410641989589358	71	0.0	0	0.0	24.927528430635565	0.0	24.927528430635547	0.0	1.0	1.0	-4.144730370814716	0.0	0	0.0	0	0.0196078431372549	1	0.2313475997686524	400	0.2762557077625571	121	0.11104684788895315	192	0.4551764025448236	191	1.0	1261	1.0	1729	1.0	712	0.29554655870445345	511	0.7044534412955465	1218	0.03409992069785884	43
bissett_base	ERR671918_bin.12.s	repro_0913							1.0	777	1.0	617	1.0	297	0.0	3	2.6161616161616164	2	0.9047619047619048	703	0.0	0	1.0	67	0.004862236628849271	3	1.0	703	0.0	0	0.0	0	0.0	0	0.0	0	0.09375	33	0.015444015444015444	12	0.0	0	0.0016207455429497568	1	0.04633204633204633	36	0.0	0	0.0	26.60456832173558	0.0	26.60456832173558	0.0	1.0	1.0	0.0	0.0	0	0.0	0	0.0196078431372549	1	0.3462033462033462	269	1.0	0	0.036036036036036036	28	0.33204633204633205	86	1.0	617	1.0	777	1.0	297	0.24581724581724582	191	0.7541827541827542	586	0.050243111831442464	31
bissett_base	ERR671918_bin.12.s	restored_0913							1.0	777	1.0	617	1.0	297	0.0	3	2.6161616161616164	2	0.7335907335907336	570	0.17117117117117117	133	1.0	67	0.004862236628849271	3	0.406827880512091	286	0.01422475106685633	10	0.0	0	0.0	0	0.0	0	0.09375	33	0.015444015444015444	12	0.0	0	0.0016207455429497568	1	0.04633204633204633	36	0.0	0	0.0	26.60456832173558	0.0	26.60456832173558	0.0	1.0	1.0	-4.144730370814716	0.0	0	0.0	0	0.0196078431372549	1	0.3462033462033462	269	0.44360902255639095	59	0.036036036036036036	28	0.33204633204633205	86	1.0	617	1.0	777	1.0	297	0.24581724581724582	191	0.7541827541827542	586	0.050243111831442464	31
bissett_base	ERR671918_bin.12.s	restored_017	0.23065911306042886	0.4978853383458647	0.25	0.25	0.0	0.0	1.0	777	1.0	617	1.0	297	0.0	3	2.6161616161616164	2	0.7335907335907336	570	0.17117117117117117	133	1.0	67	1.0	0.0	0.406827880512091	286	0.01422475106685633	10	0.0	0	0.0	0	0.0	0	0.09375	33	0.015444015444015444	12	0.0	0	0.0	0	0.04633204633204633	36	0.0	0	0.0	26.604568321735783	0.0	26.604568321735588	0.0	1.0	1.0	-4.144730370814716	0.0	0	0.0	0	0.0196078431372549	1	0.3462033462033462	269	0.44360902255639095	59	0.036036036036036036	28	0.33204633204633205	86	1.0	617	1.0	777	1.0	297	0.24581724581724582	191	0.7541827541827542	586	0.050243111831442464	31
bissett_base	ERR671918_bin.12.s	metagem_017	0.22530864197530867	0.4841269841269842	0.25	0.25	0.0	0.0	1.0	843	1.0	660	1.0	300	0.0	3	2.81	2	0.7200474495848161	607	0.1767497034400949	149	1.0	80	1.0	0.0	0.4126984126984127	312	0.007936507936507936	6	0.0	0	0.0	0	0.0	0	0.19047619047619047	84	0.0011862396204033216	1	0.0	0	0.0	0	0.05575326215895611	47	0.0	0	0.0	18.027806772594744	0.0	18.02780677259476	0.0	1.0	1.0	-4.144730370814716	0.0	0	0.0	0	0.0196078431372549	1	0.3665480427046263	309	0.4966442953020134	74	0.033214709371293	28	0.3190984578884935	87	1.0	660	1.0	843	1.0	300	0.2526690391459075	213	0.7473309608540926	630	0.045454545454545456	30
bissett_base	ERR671918_bin.2.o	repro_0913							1.0	1772	1.0	1206	1.0	1007	0.0	3	1.759682224428997	2	0.912528216704289	1617	0.0	0	1.0	146	0.0041459369817578775	5	1.0	1617	0.0	0	0.0	0	0.0	0	0.0	0	0.23900293255131966	163	0.008465011286681716	15	0.0	0	0.0	0	0.12020316027088036	213	0.0	0	0.0	23.94198730354467	0.0	23.94198730354467	0.0	1.0	1.0	0.0	0.0	0	0.0	0	0.0196078431372549	1	0.16534988713318285	293	1.0	0	0.1252821670428894	222	0.42325056433408575	202	1.0	1206	1.0	1772	1.0	1007	0.3493227990970655	619	0.6506772009029346	1153	0.0439469320066335	53
bissett_base	ERR671918_bin.2.o	restored_0913							1.0	1772	1.0	1206	1.0	1007	0.0	3	1.759682224428997	2	0.6992099322799097	1239	0.21331828442437922	378	1.0	146	0.0041459369817578775	5	0.45701917130488556	739	0.0	0	0.0	0	0.0	0	0.0	0	0.23900293255131966	163	0.008465011286681716	15	0.0	0	0.0	0	0.12020316027088036	213	0.0	0	0.0	23.94198730354467	0.0	23.94198730354467	0.0	1.0	1.0	-4.144730370814716	0.0	0	0.0	0	0.0196078431372549	1	0.16534988713318285	293	0.31746031746031744	120	0.1252821670428894	222	0.42325056433408575	202	1.0	1206	1.0	1772	1.0	1007	0.3493227990970655	619	0.6506772009029346	1153	0.0439469320066335	53
bissett_base	ERR671918_bin.2.o	restored_017	0.22059136460058115	0.4719968423062563	0.25	0.25	0.0	0.0	1.0	1772	1.0	1206	1.0	1007	0.0	3	1.759682224428997	2	0.6992099322799097	1239	0.21331828442437922	378	1.0	146	1.0	0.0	0.45701917130488556	739	0.0	0	0.0	0	0.0	0	0.0	0	0.23900293255131966	163	0.008465011286681716	15	0.0	0	0.0	0	0.12020316027088036	213	0.0	0	0.0	23.94198730354413	0.0	23.941987303544867	0.0	1.0	1.0	-4.144730370814716	0.0	0	0.0	0	0.0196078431372549	1	0.16534988713318285	293	0.31746031746031744	120	0.1252821670428894	222	0.42325056433408575	202	1.0	1206	1.0	1772	1.0	1007	0.3493227990970655	619	0.6506772009029346	1153	0.0439469320066335	53
bissett_base	ERR671918_bin.2.o	metagem_017	0.21946211478654226	0.4690930570701563	0.25	0.25	0.0	0.0	1.0	1761	1.0	1199	1.0	1006	0.0	3	1.7504970178926442	2	0.7007382169222033	1234	0.2123793299261783	374	1.0	144	1.0	0.0	0.4583333333333333	737	0.0	0	0.0	0	0.0	0	0.0	0	0.2580152671755725	169	0.007950028392958546	14	0.0	0	0.0	0	0.1198182850653038	211	0.0	0	0.0	23.71050113798264	0.0	23.710501137983247	0.0	1.0	1.0	-4.144730370814716	0.0	0	0.0	0	0.0196078431372549	1	0.16183986371379896	285	0.2914438502673797	109	0.12833617262918795	226	0.4247586598523566	199	1.0	1199	1.0	1761	1.0	1006	0.3486655309483248	614	0.6513344690516751	1147	0.043369474562135114	52
bissett_base	ERR671918_bin.3.o	repro_0913							1.0	1393	1.0	1011	1.0	562	0.0	3	2.47864768683274	2	0.9081119885139985	1265	0.0	0	1.0	122	0.003956478733926805	4	1.0	1265	0.0	0	0.0	0	0.0	0	0.0	0	0.2370617696160267	142	0.00933237616654702	13	0.0	0	0.0	0	0.11198851399856424	156	0.0	0	0.0	40.95088933705432	0.0	40.95088933705432	0.0	1.0	1.0	0.0	0.0	0	0.0	0	0.0196078431372549	1	0.24192390524048815	337	1.0	0	0.10122038765254845	141	0.4379038047379756	153	1.0	1011	1.0	1393	1.0	562	0.30294328786791097	422	0.697056712132089	971	0.03956478733926805	40
bissett_base	ERR671918_bin.3.o	restored_0913							1.0	1393	1.0	1011	1.0	562	0.0	3	2.47864768683274	2	0.6826992103374013	951	0.22541277817659727	314	1.0	122	0.003956478733926805	4	0.45770750988142295	579	0.0	0	0.0	0	0.0	0	0.0	0	0.2370617696160267	142	0.00933237616654702	13	0.0	0	0.0	0	0.11198851399856424	156	0.0	0	0.0	40.95088933705432	0.0	40.95088933705432	0.0	1.0	1.0	-4.144730370814716	0.0	0	0.0	0	0.0196078431372549	1	0.24192390524048815	337	0.3535031847133758	111	0.10122038765254845	141	0.4379038047379756	153	1.0	1011	1.0	1393	1.0	562	0.30294328786791097	422	0.697056712132089	971	0.03956478733926805	40
bissett_base	ERR671918_bin.3.o	restored_017	0.2207915784990884	0.4725116780452749	0.25	0.25	0.0	0.0	1.0	1393	1.0	1011	1.0	562	0.0	3	2.47864768683274	2	0.6826992103374013	951	0.22541277817659727	314	1.0	122	1.0	0.0	0.45770750988142295	579	0.0	0	0.0	0	0.0	0	0.0	0	0.23471074380165288	142	0.00933237616654702	13	0.0	0	0.0	0	0.11198851399856424	156	0.0	0	0.0	40.95088933705372	0.0	40.950889337053844	0.0	1.0	1.0	-4.144730370814716	0.0	0	0.0	0	0.0196078431372549	1	0.24192390524048815	337	0.3535031847133758	111	0.10122038765254845	141	0.4379038047379756	153	1.0	1011	1.0	1393	1.0	562	0.30294328786791097	422	0.697056712132089	971	0.03956478733926805	40
bissett_base	ERR671918_bin.3.o	metagem_017	0.21563572605174192	0.45925377175209825	0.25	0.25	0.0	0.0	1.0	1360	1.0	986	1.0	543	0.0	3	2.5046040515653774	2	0.6919117647058823	941	0.21838235294117647	297	1.0	116	1.0	0.0	0.45395799676898224	562	0.0016155088852988692	2	0.0	0	0.0	0	0.0	0	0.3296500920810313	179	0.008088235294117648	11	0.0	0	0.0	0	0.09926470588235294	135	0.0	0	0.0	17.242895087913187	0.0	17.24289508791322	0.0	1.0	1.0	-4.144730370814716	0.0	0	0.0	0	0.0196078431372549	1	0.24558823529411763	334	0.3501683501683502	104	0.09779411764705882	133	0.44191176470588234	152	1.0	986	1.0	1360	1.0	543	0.3029411764705882	412	0.6970588235294117	948	0.038539553752535496	38
bissett_base	ERR671918_bin.7.p	repro_0913							1.0	1147	1.0	855	1.0	349	0.0	3	3.286532951289398	2	0.911944202266783	1046	0.0	0	1.0	97	0.004678362573099415	4	1.0	1046	0.0	0	0.0	0	0.0	0	0.0	0	0.30451127819548873	162	0.01918047079337402	22	0.0	0	0.0011695906432748538	1	0.04882301656495205	56	0.0	0	0.0	30.85501544174167	0.0	30.85861521636452	0.0	1.0	1.0	0.0	0.0	0	0.0	0	0.0196078431372549	1	0.2911944202266783	334	1.0	0	0.07149084568439407	82	0.45684394071490847	116	1.0	855	1.0	1147	1.0	349	0.29293809938971227	336	0.7070619006102877	811	0.05146198830409357	44
bissett_base	ERR671918_bin.7.p	restored_0913							1.0	1147	1.0	855	1.0	349	0.0	3	3.286532951289398	2	0.6582388840453357	755	0.25370531822144726	291	1.0	97	0.004678362573099415	4	0.4569789674952199	478	0.0009560229445506692	1	0.0	0	0.0	0	0.0	0	0.30451127819548873	162	0.01918047079337402	22	0.0	0	0.0011695906432748538	1	0.04882301656495205	56	0.0	0	0.0	30.85501544174167	0.0	30.85861521636452	0.0	1.0	1.0	-4.144730370814716	0.0	0	0.0	0	0.0196078431372549	1	0.2911944202266783	334	0.3436426116838488	100	0.07149084568439407	82	0.45684394071490847	116	1.0	855	1.0	1147	1.0	349	0.29293809938971227	336	0.7070619006102877	811	0.05146198830409357	44
bissett_base	ERR671918_bin.7.p	restored_017	0.2169011332239671	0.4625076759092487	0.25	0.25	0.0	0.0	1.0	1147	1.0	855	1.0	349	0.0	3	3.286532951289398	2	0.6582388840453357	755	0.25370531822144726	291	1.0	97	1.0	0.0	0.4569789674952199	478	0.0009560229445506692	1	0.0	0	0.0	0	0.0	0	0.30451127819548873	162	0.01918047079337402	22	0.0	0	0.0	0	0.04882301656495205	56	0.0	0	0.0	30.85501544174169	0.0	30.858615216364555	0.0	1.0	1.0	-4.144730370814716	0.0	0	0.0	0	0.0196078431372549	1	0.2911944202266783	334	0.3436426116838488	100	0.07149084568439407	82	0.45684394071490847	116	1.0	855	1.0	1147	1.0	349	0.29293809938971227	336	0.7070619006102877	811	0.05146198830409357	44
bissett_base	ERR671918_bin.7.p	metagem_017	0.21620090506333406	0.46070708921047804	0.25	0.25	0.0	0.0	1.0	1170	1.0	873	1.0	352	0.0	3	3.3238636363636362	2	0.6427350427350428	752	0.26324786324786326	308	1.0	107	1.0	0.0	0.45660377358490567	484	0.0	0	0.0	0	0.0	0	0.0	0	0.31844660194174756	164	0.022222222222222223	26	0.0	0	0.0	0	0.0452991452991453	53	0.0	0	0.0	33.57835156897724	0.0	33.57835156897726	0.0	1.0	1.0	-4.144730370814716	0.0	0	0.0	0	0.0196078431372549	1	0.2863247863247863	335	0.35714285714285715	110	0.07008547008547009	82	0.4623931623931624	123	1.0	873	1.0	1170	1.0	352	0.294017094017094	344	0.705982905982906	826	0.053837342497136315	47
bissett_base	ERR671919_bin.3.o	repro_0913							1.0	985	1.0	756	1.0	457	0.0	3	2.1553610503282274	2	0.9086294416243654	895	0.0	0	1.0	81	0.003968253968253968	3	1.0	895	0.0	0	0.0	0	0.0	0	0.0	0	0.28735632183908044	125	0.019289340101522844	19	0.0	0	0.0013227513227513227	1	0.06395939086294417	63	0.0	0	0.0	29.03505860164369	0.0	29.03505860164369	0.0	1.0	1.0	0.0	0.0	0	0.0	0	0.0196078431372549	1	0.2649746192893401	261	1.0	0	0.0883248730964467	87	0.35939086294416245	113	1.0	756	1.0	985	1.0	457	0.27715736040609135	273	0.7228426395939086	712	0.0582010582010582	44
bissett_base	ERR671919_bin.3.o	restored_0913							1.0	985	1.0	756	1.0	457	0.0	3	2.1553610503282274	2	0.7015228426395939	691	0.20710659898477157	204	1.0	81	0.003968253968253968	3	0.4033519553072626	361	0.01675977653631285	15	0.0	0	0.0	0	0.0	0	0.28735632183908044	125	0.019289340101522844	19	0.0	0	0.0013227513227513227	1	0.06395939086294417	63	0.0	0	0.0	29.03505860164369	0.0	29.03505860164369	0.0	1.0	1.0	-4.144730370814716	0.0	0	0.0	0	0.0196078431372549	1	0.2649746192893401	261	0.3235294117647059	66	0.0883248730964467	87	0.35939086294416245	113	1.0	756	1.0	985	1.0	457	0.27715736040609135	273	0.7228426395939086	712	0.0582010582010582	44
bissett_base	ERR671919_bin.3.o	restored_017	0.2199554784991117	0.4703617066167634	0.25	0.25	0.0	0.0	1.0	985	1.0	756	1.0	457	0.0	3	2.1553610503282274	2	0.7015228426395939	691	0.20710659898477157	204	1.0	81	1.0	0.0	0.4033519553072626	361	0.01675977653631285	15	0.0	0	0.0	0	0.0	0	0.28735632183908044	125	0.019289340101522844	19	0.0	0	0.0	0	0.06395939086294417	63	0.0	0	0.0	29.035058601643765	0.0	29.035058601643186	0.0	1.0	1.0	-4.144730370814716	0.0	0	0.0	0	0.0196078431372549	1	0.2649746192893401	261	0.3235294117647059	66	0.0883248730964467	87	0.35939086294416245	113	1.0	756	1.0	985	1.0	457	0.27715736040609135	273	0.7228426395939086	712	0.0582010582010582	44
bissett_base	ERR671919_bin.3.o	metagem_017	0.22106966689359467	0.47322676248829104	0.25	0.25	0.0	0.0	1.0	978	1.0	742	1.0	457	0.0	3	2.140043763676149	2	0.6952965235173824	680	0.21063394683026584	206	1.0	85	1.0	0.0	0.4142212189616253	367	0.011286681715575621	10	0.0	0	0.0	0	0.0	0	0.2619047619047619	121	0.022494887525562373	22	0.0	0	0.0	0	0.06237218813905931	61	0.0	0	0.0	29.66681651182529	0.0	29.66681651190117	0.0	1.0	1.0	-4.144730370814716	0.0	0	0.0	0	0.0196078431372549	1	0.2505112474437628	245	0.3446601941747573	71	0.09304703476482618	91	0.37116564417177916	116	1.0	742	1.0	978	1.0	457	0.2852760736196319	279	0.7147239263803681	699	0.057951482479784364	43
bissett_base	ERR671924_bin.5.o	repro_0913							1.0	1631	1.0	1114	1.0	804	0.0	3	2.0286069651741294	2	0.9160024524831392	1494	0.0	0	1.0	130	0.003590664272890485	4	1.0	1494	0.0	0	0.0	0	0.0	0	0.0	0	0.39086294416243655	231	0.008583690987124463	14	0.0008976660682226212	1	0.0	0	0.11833231146535868	193	0.0	0	0.0	34.47784793892725	0.0	34.47784793892725	0.0	1.0	1.0	0.0	0.0	0	0.0	0	0.0196078431372549	1	0.18332311465358675	299	1.0	0	0.10913549969343961	178	0.46842427958307786	207	1.0	1114	1.0	1631	1.0	804	0.34580012262415694	564	0.6541998773758431	1067	0.0421903052064632	47
bissett_base	ERR671924_bin.5.o	restored_0913							1.0	1631	1.0	1114	1.0	804	0.0	3	2.0286069651741294	2	0.703862660944206	1148	0.21213979153893317	346	1.0	130	0.003590664272890485	4	0.46586345381526106	696	0.0	0	0.0	0	0.0	0	0.0	0	0.39086294416243655	231	0.008583690987124463	14	0.0008976660682226212	1	0.0	0	0.11833231146535868	193	0.0	0	0.0	34.47784793892725	0.0	34.47784793892725	0.0	1.0	1.0	-4.144730370814716	0.0	0	0.0	0	0.0196078431372549	1	0.18332311465358675	299	0.33236994219653176	115	0.10913549969343961	178	0.46842427958307786	207	1.0	1114	1.0	1631	1.0	804	0.34580012262415694	564	0.6541998773758431	1067	0.0421903052064632	47
bissett_base	ERR671924_bin.5.o	restored_017	0.21166334826049826	0.44903908600318604	0.25	0.25	0.0	0.0	1.0	1631	1.0	1114	1.0	804	0.0	3	2.0286069651741294	2	0.703862660944206	1148	0.21213979153893317	346	1.0	130	1.0	0.0	0.46586345381526106	696	0.0	0	0.0	0	0.0	0	0.0	0	0.39086294416243655	231	0.008583690987124463	14	0.0	0	0.0	0	0.11833231146535868	193	0.0	0	0.0	34.47784793892724	0.0	34.47784793892739	0.0	1.0	1.0	-4.144730370814716	0.0	0	0.0	0	0.0196078431372549	1	0.18332311465358675	299	0.33236994219653176	115	0.10913549969343961	178	0.46842427958307786	207	1.0	1114	1.0	1631	1.0	804	0.34580012262415694	564	0.6541998773758431	1067	0.0421903052064632	47
bissett_base	ERR671924_bin.5.o	metagem_017	0.21205219828236874	0.4500389860594244	0.25	0.25	0.0	0.0	1.0	1620	1.0	1110	1.0	795	0.0	3	2.0377358490566038	2	0.7086419753086419	1148	0.20925925925925926	339	1.0	126	1.0	0.0	0.4667114996637525	694	0.0	0	0.0	0	0.0	0	0.0	0	0.3830155979202773	221	0.008641975308641974	14	0.0	0	0.0	0	0.11358024691358025	184	0.0	0	0.0	34.649013084867995	0.0	34.64901308486805	0.0	1.0	1.0	-4.144730370814716	0.0	0	0.0	0	0.0196078431372549	1	0.17962962962962964	291	0.32448377581120946	110	0.10864197530864197	176	0.4703703703703704	204	1.0	1110	1.0	1620	1.0	795	0.34444444444444444	558	0.6555555555555556	1062	0.043243243243243246	48
bissett_base	ERR671925_bin.3.s	repro_0913							1.0	857	1.0	656	1.0	346	0.0	3	2.476878612716763	2	0.9194865810968494	788	0.0	0	1.0	63	0.006097560975609756	4	1.0	788	0.0	0	0.0	0	0.0	0	0.0	0	0.19772727272727272	87	0.023337222870478413	20	0.0	0	0.001524390243902439	1	0.08401400233372229	72	0.0	0	0.0	9.697863698261251	0.0	9.697863698261251	0.0	1.0	1.0	0.0	0.0	0	0.0	0	0.0196078431372549	1	0.2602100350058343	223	1.0	0	0.0676779463243874	58	0.4049008168028005	99	1.0	656	1.0	857	1.0	346	0.2812135355892649	241	0.7187864644107351	616	0.06097560975609756	40
bissett_base	ERR671925_bin.3.s	restored_0913							1.0	857	1.0	656	1.0	346	0.0	3	2.476878612716763	2	0.7467911318553092	640	0.17269544924154026	148	1.0	63	0.006097560975609756	4	0.39720812182741116	313	0.012690355329949238	10	0.0	0	0.0	0	0.0	0	0.19772727272727272	87	0.023337222870478413	20	0.0	0	0.001524390243902439	1	0.08401400233372229	72	0.0	0	0.0	9.697863698261251	0.0	9.697863698261251	0.0	1.0	1.0	-4.144730370814716	0.0	0	0.0	0	0.0196078431372549	1	0.2602100350058343	223	0.34459459459459457	51	0.0676779463243874	58	0.4049008168028005	99	1.0	656	1.0	857	1.0	346	0.2812135355892649	241	0.7187864644107351	616	0.06097560975609756	40
bissett_base	ERR671925_bin.3.s	restored_017	0.22550227315455743	0.4846248928736238	0.25	0.25	0.0	0.0	1.0	857	1.0	656	1.0	346	0.0	3	2.476878612716763	2	0.7467911318553092	640	0.17269544924154026	148	1.0	63	1.0	0.0	0.39720812182741116	313	0.012690355329949238	10	0.0	0	0.0	0	0.0	0	0.19772727272727272	87	0.023337222870478413	20	0.0	0	0.0	0	0.08401400233372229	72	0.0	0	0.0	9.6978636980095	0.0	9.697863698261298	0.0	1.0	1.0	-4.144730370814716	0.0	0	0.0	0	0.0196078431372549	1	0.2602100350058343	223	0.34459459459459457	51	0.0676779463243874	58	0.4049008168028005	99	1.0	656	1.0	857	1.0	346	0.2812135355892649	241	0.7187864644107351	616	0.06097560975609756	40
bissett_base	ERR671925_bin.3.s	metagem_017	0.22212091758528044	0.47592997855262587	0.25	0.25	0.0	0.0	1.0	844	1.0	643	1.0	350	0.0	3	2.4114285714285715	2	0.7428909952606635	627	0.17772511848341233	150	1.0	61	1.0	0.0	0.3912483912483912	304	0.011583011583011582	9	0.0	0	0.0	0	0.0	0	0.265658747300216	123	0.02962085308056872	25	0.0	0	0.0	0	0.09123222748815166	77	0.0	0	0.0	27.778115233852297	0.0	27.778115233852102	0.0	1.0	1.0	-4.144730370814716	0.0	0	0.0	0	0.0196078431372549	1	0.2476303317535545	209	0.34	51	0.07582938388625593	64	0.41232227488151657	99	1.0	643	1.0	844	1.0	350	0.2902843601895735	245	0.7097156398104265	599	0.06842923794712286	44
bissett_base	ERR671933_bin.5.s	repro_0913							1.0	1479	1.0	1030	1.0	559	0.0	3	2.6457960644007157	2	0.9033130493576741	1336	0.0	0	1.0	136	0.003883495145631068	4	1.0	1336	0.0	0	0.0	0	0.0	0	0.0	0	0.40069686411149824	230	0.012170385395537525	18	0.000970873786407767	1	0.000970873786407767	1	0.07234617985125084	107	0.0	0	0.0	40.05382545628839	0.0	40.05382545628839	0.0	1.0	1.0	0.0	0.0	0	0.0	0	0.0196078431372549	1	0.22582826233941852	334	1.0	0	0.09060175794455713	134	0.46179851250845166	180	1.0	1030	1.0	1479	1.0	559	0.3286004056795132	486	0.6713995943204868	993	0.035922330097087375	37
bissett_base	ERR671933_bin.5.s	restored_0913							1.0	1479	1.0	1030	1.0	559	0.0	3	2.6457960644007157	2	0.6754563894523327	999	0.22785665990534146	337	1.0	136	0.003883495145631068	4	0.41691616766467066	557	0.0014970059880239522	2	0.0	0	0.0	0	0.0	0	0.40069686411149824	230	0.012170385395537525	18	0.000970873786407767	1	0.000970873786407767	1	0.07234617985125084	107	0.0	0	0.0	40.05382545628839	0.0	40.05382545628839	0.0	1.0	1.0	-4.144730370814716	0.0	0	0.0	0	0.0196078431372549	1	0.22582826233941852	334	0.34124629080118696	115	0.09060175794455713	134	0.46179851250845166	180	1.0	1030	1.0	1479	1.0	559	0.3286004056795132	486	0.6713995943204868	993	0.035922330097087375	37
bissett_base	ERR671933_bin.5.s	restored_017	0.21375314605013745	0.45441285174797247	0.25	0.25	0.0	0.0	1.0	1479	1.0	1030	1.0	559	0.0	3	2.6457960644007157	2	0.6754563894523327	999	0.22785665990534146	337	1.0	136	1.0	0.0	0.41691616766467066	557	0.0014970059880239522	2	0.0	0	0.0	0	0.0	0	0.40069686411149824	230	0.012170385395537525	18	0.0	0	0.0	0	0.07234617985125084	107	0.0	0	0.0	40.053825456049175	0.0	40.05382545557498	0.0	1.0	1.0	-4.144730370814716	0.0	0	0.0	0	0.0196078431372549	1	0.22582826233941852	334	0.34124629080118696	115	0.09060175794455713	134	0.46179851250845166	180	1.0	1030	1.0	1479	1.0	559	0.3286004056795132	486	0.6713995943204868	993	0.035922330097087375	37
bissett_base	ERR671933_bin.5.s	metagem_017	0.21373100101152215	0.45435590736296166	0.25	0.25	0.0	0.0	1.0	1509	1.0	1042	1.0	559	0.0	3	2.699463327370304	2	0.6653412856196156	1004	0.23658051689860835	357	1.0	142	1.0	0.0	0.4099926524614254	558	0.0029390154298310064	4	0.0	0	0.0	0	0.0	0	0.40657698056801195	272	0.0013253810470510272	2	0.0	0	0.0	0	0.08151093439363817	123	0.0	0	0.0	34.66749647690554	0.0	34.66749647690336	0.0	1.0	1.0	-4.144730370814716	0.0	0	0.0	0	0.0196078431372549	1	0.23525513585155733	355	0.35294117647058826	126	0.09078860172299535	137	0.4546056991385023	181	1.0	1042	1.0	1509	1.0	559	0.3320079522862823	501	0.6679920477137177	1008	0.03262955854126679	34
bissett_base	ERR671934_bin.7.o	repro_0913							1.0	1161	1.0	883	1.0	340	0.0	3	3.414705882352941	2	0.9061154177433247	1052	0.0	0	1.0	101	0.0033975084937712344	3	1.0	1052	0.0	0	0.0	0	0.0	0	0.0	0	0.30885529157667385	143	0.002583979328165375	3	0.0	0	0.0	0	0.06804478897502153	79	0.0	0	0.0	24.96296979724793	0.0	25.149372620136653	0.0	1.0	1.0	0.0	0.0	0	0.0	0	0.0196078431372549	1	0.3031869078380706	352	1.0	0	0.053402239448751075	62	0.4392764857881137	118	1.0	883	1.0	1161	1.0	340	0.2704565030146425	314	0.7295434969853575	847	0.04077010192525481	36
bissett_base	ERR671934_bin.7.o	restored_0913							1.0	1161	1.0	883	1.0	340	0.0	3	3.414705882352941	2	0.6804478897502153	790	0.22566752799310938	262	1.0	101	0.0033975084937712344	3	0.4762357414448669	501	0.008555133079847909	9	0.0	0	0.0	0	0.0	0	0.30885529157667385	143	0.002583979328165375	3	0.0	0	0.0	0	0.06804478897502153	79	0.0	0	0.0	24.96296979724793	0.0	25.149372620136653	0.0	1.0	1.0	-4.144730370814716	0.0	0	0.0	0	0.0196078431372549	1	0.3031869078380706	352	0.44274809160305345	116	0.053402239448751075	62	0.4392764857881137	118	1.0	883	1.0	1161	1.0	340	0.2704565030146425	314	0.7295434969853575	847	0.04077010192525481	36
bissett_base	ERR671934_bin.7.o	restored_017	0.21648529054960866	0.4614383661751842	0.25	0.25	0.0	0.0	1.0	1161	1.0	883	1.0	340	0.0	3	3.414705882352941	2	0.6804478897502153	790	0.22566752799310938	262	1.0	101	1.0	0.0	0.4762357414448669	501	0.008555133079847909	9	0.0	0	0.0	0	0.0	0	0.285140562248996	142	0.002583979328165375	3	0.0	0	0.0	0	0.06804478897502153	79	0.0	0	0.0	24.96296979761206	0.0	25.149372620007266	0.0	1.0	1.0	-4.144730370814716	0.0	0	0.0	0	0.0196078431372549	1	0.3031869078380706	352	0.44274809160305345	116	0.053402239448751075	62	0.4392764857881137	118	1.0	883	1.0	1161	1.0	340	0.2704565030146425	314	0.7295434969853575	847	0.04077010192525481	36
bissett_base	ERR671934_bin.7.o	metagem_017	0.21794782579033095	0.4651991710798987	0.25	0.25	0.0	0.0	1.0	1186	1.0	900	1.0	344	0.0	3	3.447674418604651	2	0.6779089376053963	804	0.22849915682967958	271	1.0	105	1.0	0.0	0.47069767441860466	506	0.005581395348837209	6	0.0	0	0.0	0	0.0	0	0.26732673267326734	135	0.002529510961214165	3	0.0	0	0.0	0	0.08094435075885328	96	0.0	0	0.0	44.42379470372788	0.0	44.42379470372788	0.0	1.0	1.0	-4.144730370814716	0.0	0	0.0	0	0.0196078431372549	1	0.3086003372681282	366	0.4575645756457565	124	0.05564924114671164	66	0.43676222596964587	121	1.0	900	1.0	1186	1.0	344	0.2706576728499157	321	0.7293423271500843	865	0.03888888888888889	35
bissett_base	ERR671936_bin.4.o	repro_0913							1.0	1793	1.0	1318	1.0	571	0.0	3	3.140105078809107	2	0.9023982152816509	1618	0.0	0	1.0	170	0.0030349013657056147	4	1.0	1618	0.0	0	0.0	0	0.0	0	0.0	0	0.31529850746268656	169	0.01728945900725042	31	0.0015174506828528073	2	0.0007587253414264037	1	0.04182933630786392	75	0.0	0	0.0	47.670809137139564	0.0	47.670809137139564	0.0	1.0	1.0	0.0	0.0	0	0.0	0	0.0196078431372549	1	0.30117122141662017	540	1.0	0	0.07306190741773563	131	0.4233128834355828	178	1.0	1318	1.0	1793	1.0	571	0.2916899051868377	523	0.7083100948131623	1270	0.036418816388467376	48
bissett_base	ERR671937_bin.4.p	repro_0913							1.0	1531	1.0	1120	1.0	560	0.0	3	2.7339285714285713	2	0.914435009797518	1400	0.0	0	1.0	124	0.004464285714285714	5	1.0	1400	0.0	0	0.0	0	0.0	0	0.0	0	0.38324420677361853	215	0.008491182233834096	13	0.0	0	0.0	0	0.07184846505551927	110	0.0	0	0.0	41.99747253109368	0.0	41.99747253109368	0.0	1.0	1.0	0.0	0.0	0	0.0	0	0.0196078431372549	1	0.26649248856956237	408	1.0	0	0.07838014369693011	120	0.4519921619856303	159	1.0	1120	1.0	1531	1.0	560	0.2984977139124755	457	0.7015022860875245	1074	0.04107142857142857	46
bissett_base	ERR671937_bin.4.p	restored_0913							1.0	1531	1.0	1120	1.0	560	0.0	3	2.7339285714285713	2	0.6877857609405618	1053	0.22664924885695623	347	1.0	124	0.004464285714285714	5	0.4014285714285714	562	0.0	0	0.0	0	0.0	0	0.0	0	0.38324420677361853	215	0.008491182233834096	13	0.0	0	0.0	0	0.07184846505551927	110	0.0	0	0.0	41.99747253109368	0.0	41.99747253109368	0.0	1.0	1.0	-4.144730370814716	0.0	0	0.0	0	0.0196078431372549	1	0.26649248856956237	408	0.3256484149855908	113	0.07838014369693011	120	0.4519921619856303	159	1.0	1120	1.0	1531	1.0	560	0.2984977139124755	457	0.7015022860875245	1074	0.04107142857142857	46
bissett_base	ERR671937_bin.4.p	restored_017	0.21566632713691536	0.45933246025683	0.25	0.25	0.0	0.0	1.0	1531	1.0	1120	1.0	560	0.0	3	2.7339285714285713	2	0.6877857609405618	1053	0.22664924885695623	347	1.0	124	1.0	0.0	0.4014285714285714	562	0.0	0	0.0	0	0.0	0	0.0	0	0.38324420677361853	215	0.008491182233834096	13	0.0	0	0.0	0	0.07184846505551927	110	0.0	0	0.0	41.997472531093194	0.0	41.99747253109366	0.0	1.0	1.0	-4.144730370814716	0.0	0	0.0	0	0.0196078431372549	1	0.26649248856956237	408	0.3256484149855908	113	0.07838014369693011	120	0.4519921619856303	159	1.0	1120	1.0	1531	1.0	560	0.2984977139124755	457	0.7015022860875245	1074	0.04107142857142857	46
bissett_base	ERR671937_bin.4.p	metagem_017	0.2147587083849006	0.45699858346593486	0.25	0.25	0.0	0.0	1.0	1487	1.0	1087	1.0	558	0.0	3	2.664874551971326	2	0.6886348352387357	1024	0.22797579018157363	339	1.0	118	1.0	0.0	0.41085840058694056	560	0.0	0	0.0	0	0.0	0	0.0	0	0.39015151515151514	206	0.007397444519166106	11	0.0	0	0.0	0	0.06859448554135844	102	0.0	0	0.0	44.64759486642279	0.0	44.64759486642262	0.0	1.0	1.0	-4.144730370814716	0.0	0	0.0	0	0.0196078431372549	1	0.26429051782111634	393	0.3215339233038348	109	0.08069939475453934	120	0.44586415601882984	151	1.0	1087	1.0	1487	1.0	558	0.29993275050437124	446	0.7000672494956288	1041	0.04231830726770929	46
bissett_base	ERR687887_bin.3.s	repro_0913							1.0	711	1.0	578	1.0	221	0.0	3	3.2171945701357467	2	0.8860759493670886	630	0.0	0	1.0	73	0.005190311418685121	3	1.0	630	0.0	0	0.0	0	0.0	0	0.0	0	0.2827763496143959	110	0.004219409282700422	3	0.0	0	0.0017301038062283738	1	0.07454289732770746	53	0.0	0	0.0	16.855287046777455	0.0	16.855287046777455	0.0	1.0	1.0	0.0	0.0	0	0.0	0	0.0196078431372549	1	0.3727144866385373	265	1.0	0	0.03375527426160337	24	0.31223628691983124	62	1.0	578	1.0	711	1.0	221	0.22362869198312235	159	0.7763713080168776	552	0.04498269896193772	26
bissett_base	ERR687887_bin.3.s	restored_0913							1.0	711	1.0	578	1.0	221	0.0	3	3.2171945701357467	2	0.7060478199718706	502	0.180028129395218	128	1.0	73	0.005190311418685121	3	0.4126984126984127	260	0.020634920634920634	13	0.0	0	0.0	0	0.0	0	0.2827763496143959	110	0.004219409282700422	3	0.0	0	0.0017301038062283738	1	0.07454289732770746	53	0.0	0	0.0	16.855287046777455	0.0	16.855287046777455	0.0	1.0	1.0	-4.144730370814716	0.0	0	0.0	0	0.0196078431372549	1	0.3727144866385373	265	0.578125	74	0.03375527426160337	24	0.31223628691983124	62	1.0	578	1.0	711	1.0	221	0.22362869198312235	159	0.7763713080168776	552	0.04498269896193772	26
bissett_base	ERR687887_bin.3.s	restored_017	0.2194753879843854	0.4691271881503244	0.25	0.25	0.0	0.0	1.0	711	1.0	578	1.0	221	0.0	3	3.2171945701357467	2	0.7060478199718706	502	0.180028129395218	128	1.0	73	1.0	0.0	0.4126984126984127	260	0.020634920634920634	13	0.0	0	0.0	0	0.0	0	0.2827763496143959	110	0.004219409282700422	3	0.0	0	0.0	0	0.07454289732770746	53	0.0	0	0.0	16.85528704677744	0.0	16.855287046777434	0.0	1.0	1.0	-4.144730370814716	0.0	0	0.0	0	0.0196078431372549	1	0.3727144866385373	265	0.578125	74	0.03375527426160337	24	0.31223628691983124	62	1.0	578	1.0	711	1.0	221	0.22362869198312235	159	0.7763713080168776	552	0.04498269896193772	26
bissett_base	ERR687887_bin.3.s	metagem_017	0.22412976076279986	0.48109557529481867	0.25	0.25	0.0	0.0	1.0	685	1.0	561	1.0	221	0.0	3	3.0995475113122173	2	0.7138686131386861	489	0.17664233576642335	121	1.0	68	1.0	0.0	0.4065573770491803	248	0.02459016393442623	15	0.0	0	0.0	0	0.0	0	0.20118343195266272	68	0.029197080291970802	20	0.0	0	0.0	0	0.059854014598540145	41	0.0	0	0.0	29.133558808948084	0.0	29.133558808531557	0.0	1.0	1.0	-4.144730370814716	0.0	0	0.0	0	0.0196078431372549	1	0.35912408759124087	246	0.5702479338842975	69	0.035036496350364967	24	0.32116788321167883	62	1.0	561	1.0	685	1.0	221	0.22189781021897811	152	0.7781021897810219	533	0.049910873440285206	28
bissett_base	ERR687887_bin.6.o	repro_0913							1.0	1680	1.0	1206	1.0	766	0.0	3	2.1932114882506526	2	0.9053571428571429	1521	0.0	0	1.0	151	0.004975124378109453	6	1.0	1521	0.0	0	0.0	0	0.0	0	0.0	0	0.4083204930662558	265	0.018452380952380953	31	0.0	0	0.0	0	0.08511904761904762	143	0.0	0	0.0	46.80219365981564	0.0	46.80219365981564	0.0	1.0	1.0	0.0	0.0	0	0.0	0	0.0196078431372549	1	0.17559523809523808	295	1.0	0	0.09464285714285714	159	0.4863095238095238	213	1.0	1206	1.0	1680	1.0	766	0.305952380952381	514	0.694047619047619	1166	0.03316749585406302	40
bissett_base	ERR687887_bin.6.o	restored_0913							1.0	1680	1.0	1206	1.0	766	0.0	3	2.1932114882506526	2	0.6607142857142857	1110	0.24464285714285713	411	1.0	151	0.004975124378109453	6	0.42209072978303747	642	0.0	0	0.0	0	0.0	0	0.0	0	0.4083204930662558	265	0.018452380952380953	31	0.0	0	0.0	0	0.08511904761904762	143	0.0	0	0.0	46.80219365981564	0.0	46.80219365981564	0.0	1.0	1.0	-4.144730370814716	0.0	0	0.0	0	0.0196078431372549	1	0.17559523809523808	295	0.24087591240875914	99	0.09464285714285714	159	0.4863095238095238	213	1.0	1206	1.0	1680	1.0	766	0.305952380952381	514	0.694047619047619	1166	0.03316749585406302	40
bissett_base	ERR687887_bin.6.o	restored_017	0.2131253024342985	0.45279839673581523	0.25	0.25	0.0	0.0	1.0	1680	1.0	1206	1.0	766	0.0	3	2.1932114882506526	2	0.6607142857142857	1110	0.24464285714285713	411	1.0	151	1.0	0.0	0.42209072978303747	642	0.0	0	0.0	0	0.0	0	0.0	0	0.4083204930662558	265	0.018452380952380953	31	0.0	0	0.0	0	0.08511904761904762	143	0.0	0	0.0	46.80219365981578	0.0	46.80219365981574	0.0	1.0	1.0	-4.144730370814716	0.0	0	0.0	0	0.0196078431372549	1	0.17559523809523808	295	0.24087591240875914	99	0.09464285714285714	159	0.4863095238095238	213	1.0	1206	1.0	1680	1.0	766	0.305952380952381	514	0.694047619047619	1166	0.03316749585406302	40
bissett_base	ERR687887_bin.6.o	metagem_017	0.2155796964425283	0.4591096956141204	0.25	0.25	0.0	0.0	1.0	1724	1.0	1241	1.0	769	0.0	3	2.2418725617685307	2	0.6612529002320185	1140	0.24361948955916474	420	1.0	156	1.0	0.0	0.41602564102564105	649	0.0	0	0.0	0	0.0	0	0.0	0	0.3702064896755162	251	0.01740139211136891	30	0.0	0	0.0	0	0.08584686774941995	148	0.0	0	0.0	47.66346597507351	0.0	47.66346597507338	0.0	1.0	1.0	-4.144730370814716	0.0	0	0.0	0	0.0196078431372549	1	0.18271461716937354	315	0.23333333333333334	98	0.09222737819025523	159	0.48549883990719256	218	1.0	1241	1.0	1724	1.0	769	0.3039443155452436	524	0.6960556844547564	1200	0.033037872683319904	41
bissett_base	ERR687890_bin.3.o	repro_0913							1.0	1675	1.0	1188	1.0	788	0.0	3	2.1256345177664975	2	0.897910447761194	1504	0.0	0	1.0	167	0.003367003367003367	4	1.0	1504	0.0	0	0.0	0	0.0	0	0.0	0	0.38549075391180654	271	0.010149253731343283	17	0.0008417508417508417	1	0.0	0	0.13074626865671643	219	0.0	0	0.0	47.616872615513756	0.0	47.6168726155137	0.0	1.0	1.0	0.0	0.0	0	0.0	0	0.0196078431372549	1	0.23343283582089552	391	1.0	0	0.09791044776119404	164	0.40298507462686567	183	1.0	1188	1.0	1675	1.0	788	0.32119402985074624	538	0.6788059701492537	1137	0.04292929292929293	51
bissett_base	ERR687890_bin.3.o	restored_0913							1.0	1675	1.0	1188	1.0	788	0.0	3	2.1256345177664975	2	0.6650746268656716	1114	0.23283582089552238	390	1.0	167	0.003367003367003367	4	0.425531914893617	640	0.0	0	0.0	0	0.0	0	0.0	0	0.38549075391180654	271	0.010149253731343283	17	0.0008417508417508417	1	0.0	0	0.13074626865671643	219	0.0	0	0.0	47.616872615513756	0.0	47.6168726155137	0.0	1.0	1.0	-4.144730370814716	0.0	0	0.0	0	0.0196078431372549	1	0.23343283582089552	391	0.3564102564102564	139	0.09791044776119404	164	0.40298507462686567	183	1.0	1188	1.0	1675	1.0	788	0.32119402985074624	538	0.6788059701492537	1137	0.04292929292929293	51
bissett_base	ERR687890_bin.3.o	restored_017	0.21420244432562463	0.45556819017065375	0.25	0.25	0.0	0.0	1.0	1675	1.0	1188	1.0	788	0.0	3	2.1256345177664975	2	0.6650746268656716	1114	0.23283582089552238	390	1.0	167	1.0	0.0	0.425531914893617	640	0.0	0	0.0	0	0.0	0	0.0	0	0.38549075391180654	271	0.010149253731343283	17	0.0	0	0.0	0	0.13074626865671643	219	0.0	0	0.0	47.61687261551083	0.0	47.61687261551146	0.0	1.0	1.0	-4.144730370814716	0.0	0	0.0	0	0.0196078431372549	1	0.23343283582089552	391	0.3564102564102564	139	0.09791044776119404	164	0.40298507462686567	183	1.0	1188	1.0	1675	1.0	788	0.32119402985074624	538	0.6788059701492537	1137	0.04292929292929293	51
bissett_base	ERR687890_bin.3.o	metagem_017	0.2174256478371278	0.46385642777166197	0.25	0.25	0.0	0.0	1.0	1681	1.0	1187	1.0	786	0.0	3	2.1386768447837152	2	0.6668649613325401	1121	0.23259964306960143	391	1.0	165	1.0	0.0	0.42658730158730157	645	0.0	0	0.0	0	0.0	0	0.0	0	0.326417704011065	236	0.008328375966686495	14	0.0	0	0.0	0	0.12671029149315882	213	0.0	0	0.0	54.56565526522422	0.0	54.56565526522413	0.0	1.0	1.0	-4.144730370814716	0.0	0	0.0	0	0.0196078431372549	1	0.23914336704342654	402	0.34271099744245526	134	0.09518143961927424	160	0.40214158239143366	182	1.0	1187	1.0	1681	1.0	786	0.3236168947055324	544	0.6763831052944675	1137	0.04212299915754002	50
bissett_base	ERR687891_bin.11.p	repro_0913							1.0	1371	1.0	1018	1.0	548	0.0	3	2.5018248175182483	2	0.9073668854850474	1244	0.0	0	1.0	121	0.005893909626719057	6	1.0	1244	0.0	0	0.0	0	0.0	0	0.0	0	0.179080824088748	113	0.013858497447118891	19	0.0	0	0.0	0	0.08606856309263311	118	0.0	0	0.0	27.742757350903904	0.0	27.742757350903904	0.0	1.0	1.0	0.0	0.0	0	0.0	0	0.0196078431372549	1	0.20204230488694383	277	1.0	0	0.0787746170678337	108	0.4894237782640408	155	1.0	1018	1.0	1371	1.0	548	0.2778993435448578	381	0.7221006564551422	990	0.0275049115913556	28
bissett_base	ERR687891_bin.11.p	restored_0913							1.0	1371	1.0	1018	1.0	548	0.0	3	2.5018248175182483	2	0.675419401896426	926	0.23194748358862144	318	1.0	121	0.005893909626719057	6	0.4340836012861736	540	0.001607717041800643	2	0.0	0	0.0	0	0.0	0	0.18022328548644337	113	0.013858497447118891	19	0.0	0	0.0	0	0.08606856309263311	118	0.0	0	0.0	27.742757350903904	0.0	27.742757350903904	0.0	1.0	1.0	-4.144730370814716	0.0	0	0.0	0	0.0196078431372549	1	0.20204230488694383	277	0.1761006289308176	56	0.0787746170678337	108	0.4894237782640408	155	1.0	1018	1.0	1371	1.0	548	0.2778993435448578	381	0.7221006564551422	990	0.0275049115913556	28
bissett_base	ERR687891_bin.11.p	restored_017	0.22504178126956942	0.48344077088365467	0.25	0.25	0.0	0.0	1.0	1371	1.0	1018	1.0	548	0.0	3	2.5018248175182483	2	0.675419401896426	926	0.23194748358862144	318	1.0	121	1.0	0.0	0.4340836012861736	540	0.001607717041800643	2	0.0	0	0.0	0	0.0	0	0.18022328548644337	113	0.013858497447118891	19	0.0	0	0.0	0	0.08606856309263311	118	0.0	0	0.0	27.742757350904178	0.0	27.742757350903904	0.0	1.0	1.0	-4.144730370814716	0.0	0	0.0	0	0.0196078431372549	1	0.20204230488694383	277	0.1761006289308176	56	0.0787746170678337	108	0.4894237782640408	155	1.0	1018	1.0	1371	1.0	548	0.2778993435448578	381	0.7221006564551422	990	0.0275049115913556	28
bissett_base	ERR687891_bin.11.p	metagem_017	0.21731774110833815	0.4635789533262029	0.25	0.25	0.0	0.0	1.0	1538	1.0	1140	1.0	590	0.0	3	2.606779661016949	2	0.6547464239271782	1007	0.24512353706111834	377	1.0	148	1.0	0.0	0.42485549132947975	588	0.001445086705202312	2	0.0	0	0.0	0	0.0	0	0.3286467486818981	187	0.018205461638491547	28	0.0	0	0.0	0	0.08712613784135241	134	0.0	0	0.0	24.978761330414624	0.0	24.97876133041464	0.0	1.0	1.0	-4.144730370814716	0.0	0	0.0	0	0.0196078431372549	1	0.23211963589076723	357	0.23607427055702918	89	0.0754226267880364	116	0.4596879063719116	164	1.0	1140	1.0	1538	1.0	590	0.2815344603381014	433	0.7184655396618985	1105	0.03070175438596491	35
bissett_base	ERR687891_bin.13.o	repro_0913							1.0	709	1.0	571	1.0	266	0.0	3	2.6654135338345863	2	0.8913963328631875	632	0.0	0	1.0	69	0.0	0	1.0	632	0.0	0	0.0	0	0.0	0	0.0	0	0.1382636655948553	43	0.036671368124118475	26	0.0017513134851138354	1	0.0035026269702276708	2	0.047954866008462625	34	0.0	0	0.0	28.093197758097773	0.0	28.20184214571781	0.0	1.0	1.0	0.0	0.0	0	0.0	0	0.0196078431372549	1	0.34132581100141046	242	1.0	0	0.045133991537376586	32	0.3145275035260931	71	1.0	571	1.0	709	1.0	266	0.24400564174894218	173	0.7559943582510579	536	0.06129597197898424	35
bissett_base	ERR687891_bin.13.o	restored_0913							1.0	709	1.0	571	1.0	266	0.0	3	2.6654135338345863	2	0.6981664315937941	495	0.19322990126939352	137	1.0	69	0.0	0	0.38924050632911394	246	0.03164556962025317	20	0.0	0	0.0	0	0.0	0	0.11764705882352941	42	0.036671368124118475	26	0.0017513134851138354	1	0.0035026269702276708	2	0.047954866008462625	34	0.0	0	0.0	28.093197758097773	0.0	28.20184214571781	0.0	1.0	1.0	-4.144730370814716	0.0	0	0.0	0	0.0196078431372549	1	0.34132581100141046	242	0.41605839416058393	57	0.045133991537376586	32	0.3145275035260931	71	1.0	571	1.0	709	1.0	266	0.24400564174894218	173	0.7559943582510579	536	0.06129597197898424	35
bissett_base	ERR687891_bin.13.o	restored_017	0.39493543975322576	0.9203101784130567	0.25	0.25	0.0	0.0	1.0	709	1.0	571	1.0	266	0.0	3	2.6654135338345863	2	0.6981664315937941	495	0.19322990126939352	137	1.0	69	0.0	1.0	0.38924050632911394	246	0.03164556962025317	20	0.0	0	0.0	0	0.0	0	0.13694267515923567	43	0.036671368124118475	26	0.0	0	0.0	0	0.047954866008462625	34	0.0	0	0.0	28.093197758338224	0.0	28.201842145717908	0.0	1.0	1.0	-4.144730370814716	0.0	0	0.0	0	0.0196078431372549	1	0.34132581100141046	242	0.41605839416058393	57	0.045133991537376586	32	0.3145275035260931	71	1.0	571	1.0	709	1.0	266	0.24400564174894218	173	0.7559943582510579	536	0.06129597197898424	35
bissett_base	ERR687891_bin.13.o	metagem_017	0.3869360099018043	0.899740215937973	0.25	0.25	0.0	0.0	1.0	841	1.0	659	1.0	270	0.0	3	3.1148148148148147	2	0.718192627824019	604	0.18192627824019025	153	1.0	76	0.0	1.0	0.41215323645970936	312	0.034346103038309116	26	0.0	0	0.0	0	0.0	0	0.2553191489361702	96	0.0047562425683709865	4	0.0	0	0.0	0	0.057074910820451845	48	0.0	0	0.0	35.09845696905816	0.0	35.31041253005594	0.0	1.0	1.0	-4.144730370814716	0.0	0	0.0	0	0.0196078431372549	1	0.3947681331747919	332	0.4444444444444444	68	0.0356718192627824	30	0.3103448275862069	78	1.0	659	1.0	841	1.0	270	0.25089179548156954	211	0.7491082045184304	630	0.04400606980273141	29
bissett_base	ERR687891_bin.2.p	repro_0913							1.0	1388	1.0	1030	1.0	431	0.0	3	3.2204176334106727	2	0.9020172910662824	1252	0.0	0	1.0	130	0.002912621359223301	3	1.0	1252	0.0	0	0.0	0	0.0	0	0.0	0	0.30844155844155846	190	0.015129682997118156	21	0.0	0	0.000970873786407767	1	0.05259365994236311	73	0.0	0	0.0	40.211863043436665	0.0	40.22760103157041	0.0	1.0	1.0	0.0	0.0	0	0.0	0	0.0196078431372549	1	0.26296829971181557	365	1.0	0	0.0670028818443804	93	0.46469740634005763	141	1.0	1030	1.0	1388	1.0	431	0.28602305475504325	397	0.7139769452449568	991	0.037864077669902914	39
bissett_base	ERR687891_bin.2.p	restored_0913							1.0	1388	1.0	1030	1.0	431	0.0	3	3.2204176334106727	2	0.6628242074927954	920	0.23919308357348704	332	1.0	130	0.002912621359223301	3	0.4145367412140575	519	0.001597444089456869	2	0.0	0	0.0	0	0.0	0	0.30844155844155846	190	0.015129682997118156	21	0.0	0	0.000970873786407767	1	0.05259365994236311	73	0.0	0	0.0	40.211863043436665	0.0	40.22760103157041	0.0	1.0	1.0	-4.144730370814716	0.0	0	0.0	0	0.0196078431372549	1	0.26296829971181557	365	0.35240963855421686	117	0.0670028818443804	93	0.46469740634005763	141	1.0	1030	1.0	1388	1.0	431	0.28602305475504325	397	0.7139769452449568	991	0.037864077669902914	39
bissett_base	ERR687891_bin.2.p	restored_017	0.21900505127342187	0.467917750893561	0.25	0.25	0.0	0.0	1.0	1388	1.0	1030	1.0	431	0.0	3	3.2204176334106727	2	0.6628242074927954	920	0.23919308357348704	332	1.0	130	1.0	0.0	0.4145367412140575	519	0.001597444089456869	2	0.0	0	0.0	0	0.0	0	0.30844155844155846	190	0.015129682997118156	21	0.0	0	0.0	0	0.05259365994236311	73	0.0	0	0.0	40.21186304343678	0.0	40.22760103157079	0.0	1.0	1.0	-4.144730370814716	0.0	0	0.0	0	0.0196078431372549	1	0.26296829971181557	365	0.35240963855421686	117	0.0670028818443804	93	0.46469740634005763	141	1.0	1030	1.0	1388	1.0	431	0.28602305475504325	397	0.7139769452449568	991	0.037864077669902914	39
bissett_base	ERR687891_bin.2.p	metagem_017	0.21808115568692618	0.4655420193854292	0.25	0.25	0.0	0.0	1.0	1388	1.0	1031	1.0	428	0.0	3	3.2429906542056073	2	0.6577809798270894	913	0.24063400576368876	334	1.0	135	1.0	0.0	0.42181234963913394	526	0.0024057738572574178	3	0.0	0	0.0	0	0.0	0	0.3169877408056042	181	0.015129682997118156	21	0.0	0	0.0	0	0.04755043227665706	66	0.0	0	0.0	45.13020605383472	0.0	45.14047545907654	0.0	1.0	1.0	-4.144730370814716	0.0	0	0.0	0	0.0196078431372549	1	0.27737752161383283	385	0.36227544910179643	121	0.06268011527377522	87	0.4495677233429395	141	1.0	1031	1.0	1388	1.0	428	0.28097982708933716	390	0.7190201729106628	998	0.03200775945683802	33
bissett_base	ERR687891_bin.3.s	repro_0913							1.0	836	1.0	656	1.0	307	0.0	3	2.7231270358306188	2	0.8983253588516746	751	0.0	0	1.0	77	0.004573170731707317	3	1.0	751	0.0	0	0.0	0	0.0	0	0.0	0	0.20579710144927535	71	0.019138755980861243	16	0.0	0	0.0	0	0.04425837320574163	37	0.0	0	0.0	10.355206543429198	0.0	10.355206543429198	0.0	1.0	1.0	0.0	0.0	0	0.0	0	0.0196078431372549	1	0.3277511961722488	274	1.0	0	0.06937799043062201	58	0.3492822966507177	90	1.0	656	1.0	836	1.0	307	0.25239234449760767	211	0.7476076555023924	625	0.04725609756097561	31
bissett_base	ERR687891_bin.3.s	restored_0913							1.0	836	1.0	656	1.0	307	0.0	3	2.7231270358306188	2	0.7021531100478469	587	0.19617224880382775	164	1.0	77	0.004573170731707317	3	0.41278295605858856	310	0.015978695073235686	12	0.0	0	0.0	0	0.0	0	0.20579710144927535	71	0.019138755980861243	16	0.0	0	0.0	0	0.04425837320574163	37	0.0	0	0.0	10.355206543429198	0.0	10.355206543429198	0.0	1.0	1.0	-4.144730370814716	0.0	0	0.0	0	0.0196078431372549	1	0.3277511961722488	274	0.3719512195121951	61	0.06937799043062201	58	0.3492822966507177	90	1.0	656	1.0	836	1.0	307	0.25239234449760767	211	0.7476076555023924	625	0.04725609756097561	31
bissett_base	ERR687891_bin.3.s	restored_017	0.22400599522697598	0.48077732105984294	0.25	0.25	0.0	0.0	1.0	836	1.0	656	1.0	307	0.0	3	2.7231270358306188	2	0.7021531100478469	587	0.19617224880382775	164	1.0	77	1.0	0.0	0.41278295605858856	310	0.015978695073235686	12	0.0	0	0.0	0	0.0	0	0.20579710144927535	71	0.019138755980861243	16	0.0	0	0.0	0	0.04425837320574163	37	0.0	0	0.0	10.355206543429315	0.0	10.355206543429398	0.0	1.0	1.0	-4.144730370814716	0.0	0	0.0	0	0.0196078431372549	1	0.3277511961722488	274	0.3719512195121951	61	0.06937799043062201	58	0.3492822966507177	90	1.0	656	1.0	836	1.0	307	0.25239234449760767	211	0.7476076555023924	625	0.04725609756097561	31
bissett_base	ERR687891_bin.3.s	metagem_017	0.2229646569670088	0.4780995941056417	0.25	0.25	0.0	0.0	1.0	825	1.0	657	1.0	309	0.0	3	2.6699029126213594	2	0.7103030303030303	586	0.1890909090909091	156	1.0	75	1.0	0.0	0.41778975741239893	310	0.02021563342318059	15	0.0	0	0.0	0	0.0	0	0.21529745042492918	76	0.02303030303030303	19	0.0	0	0.0	0	0.037575757575757575	31	0.0	0	0.0	12.576737016881443	0.0	12.576737016993414	0.0	1.0	1.0	-4.144730370814716	0.0	0	0.0	0	0.0196078431372549	1	0.3115151515151515	257	0.34615384615384615	54	0.07636363636363637	63	0.36363636363636365	91	1.0	657	1.0	825	1.0	309	0.24242424242424243	200	0.7575757575757576	625	0.0487062404870624	32
bissett_base	ERR687891_bin.8.o	repro_0913							1.0	1350	1.0	987	1.0	511	0.0	3	2.6418786692759295	2	0.9103703703703704	1229	0.0	0	1.0	118	0.004052684903748734	4	1.0	1229	0.0	0	0.0	0	0.0	0	0.0	0	0.31392931392931395	151	0.02	27	0.0	0	0.0	0	0.035555555555555556	48	0.0	0	0.0	30.922727263993764	0.0	30.922727263993764	0.0	1.0	1.0	0.0	0.0	0	0.0	0	0.0196078431372549	1	0.26814814814814814	362	1.0	0	0.07481481481481482	101	0.4162962962962963	150	1.0	987	1.0	1350	1.0	511	0.3	405	0.7	945	0.0425531914893617	42
bissett_base	ERR687891_bin.8.o	restored_0913							1.0	1350	1.0	987	1.0	511	0.0	3	2.6418786692759295	2	0.6874074074074074	928	0.22296296296296297	301	1.0	118	0.004052684903748734	4	0.41903986981285596	515	0.0	0	0.0	0	0.0	0	0.0	0	0.31392931392931395	151	0.02	27	0.0	0	0.0	0	0.035555555555555556	48	0.0	0	0.0	30.922727263993764	0.0	30.922727263993764	0.0	1.0	1.0	-4.144730370814716	0.0	0	0.0	0	0.0196078431372549	1	0.26814814814814814	362	0.4152823920265781	125	0.07481481481481482	101	0.4162962962962963	150	1.0	987	1.0	1350	1.0	511	0.3	405	0.7	945	0.0425531914893617	42
bissett_base	ERR687891_bin.8.o	restored_017	0.21853874905136092	0.46671868803683286	0.25	0.25	0.0	0.0	1.0	1350	1.0	987	1.0	511	0.0	3	2.6418786692759295	2	0.6874074074074074	928	0.22296296296296297	301	1.0	118	1.0	0.0	0.41903986981285596	515	0.0	0	0.0	0	0.0	0	0.0	0	0.31392931392931395	151	0.02	27	0.0	0	0.0	0	0.035555555555555556	48	0.0	0	0.0	30.922727263994076	0.0	30.922727263994627	0.0	1.0	1.0	-4.144730370814716	0.0	0	0.0	0	0.0196078431372549	1	0.26814814814814814	362	0.4152823920265781	125	0.07481481481481482	101	0.4162962962962963	150	1.0	987	1.0	1350	1.0	511	0.3	405	0.7	945	0.0425531914893617	42
bissett_base	ERR687891_bin.8.o	metagem_017	0.21861308937911336	0.4669098488796248	0.25	0.25	0.0	0.0	1.0	1324	1.0	976	1.0	509	0.0	3	2.601178781925344	2	0.6963746223564955	922	0.2190332326283988	290	1.0	110	1.0	0.0	0.4158415841584158	504	0.0	0	0.0	0	0.0	0	0.0	0	0.3157894736842105	180	0.013595166163141994	18	0.0	0	0.0	0	0.0445619335347432	59	0.0	0	0.0	31.650379184519842	0.0	31.65037918451986	0.0	1.0	1.0	-4.144730370814716	0.0	0	0.0	0	0.0196078431372549	1	0.27341389728096677	362	0.4	116	0.0770392749244713	102	0.4123867069486405	150	1.0	976	1.0	1324	1.0	509	0.29531722054380666	391	0.7046827794561934	933	0.04405737704918033	43
bissett_base	ERR687891_bin.9.o	repro_0913							1.0	1364	1.0	1010	1.0	539	0.0	3	2.5306122448979593	2	0.9090909090909091	1240	0.0	0	1.0	117	0.0039603960396039604	4	1.0	1240	0.0	0	0.0	0	0.0	0	0.0	0	0.3797979797979798	188	0.013929618768328446	19	0.0	0	0.0	0	0.12463343108504399	170	0.0	0	0.0	38.685733051392745	0.0	38.685733051392745	0.0	1.0	1.0	0.0	0.0	0	0.0	0	0.0196078431372549	1	0.26392961876832843	360	1.0	0	0.10190615835777127	139	0.41642228739002934	143	1.0	1010	1.0	1364	1.0	539	0.2925219941348974	399	0.7074780058651027	965	0.04455445544554455	45
bissett_base	ERR687891_bin.9.o	restored_0913							1.0	1364	1.0	1010	1.0	539	0.0	3	2.5306122448979593	2	0.6840175953079178	933	0.2250733137829912	307	1.0	117	0.0039603960396039604	4	0.45	558	0.0016129032258064516	2	0.0	0	0.0	0	0.0	0	0.3797979797979798	188	0.013929618768328446	19	0.0	0	0.0	0	0.12463343108504399	170	0.0	0	0.0	38.685733051392745	0.0	38.685733051392745	0.0	1.0	1.0	-4.144730370814716	0.0	0	0.0	0	0.0196078431372549	1	0.26392961876832843	360	0.3713355048859935	114	0.10190615835777127	139	0.41642228739002934	143	1.0	1010	1.0	1364	1.0	539	0.2925219941348974	399	0.7074780058651027	965	0.04455445544554455	45
bissett_base	ERR687891_bin.9.o	restored_017	0.21306976575793776	0.45265558813945905	0.25	0.25	0.0	0.0	1.0	1364	1.0	1010	1.0	539	0.0	3	2.5306122448979593	2	0.6840175953079178	933	0.2250733137829912	307	1.0	117	1.0	0.0	0.45	558	0.0016129032258064516	2	0.0	0	0.0	0	0.0	0	0.3797979797979798	188	0.013929618768328446	19	0.0	0	0.0	0	0.12463343108504399	170	0.0	0	0.0	38.68573305139269	0.0	38.68573305139226	0.0	1.0	1.0	-4.144730370814716	0.0	0	0.0	0	0.0196078431372549	1	0.26392961876832843	360	0.3713355048859935	114	0.10190615835777127	139	0.41642228739002934	143	1.0	1010	1.0	1364	1.0	539	0.2925219941348974	399	0.7074780058651027	965	0.04455445544554455	45
bissett_base	ERR687891_bin.9.o	metagem_017	0.22253970635192244	0.4770068639525625	0.25	0.25	0.0	0.0	1.0	1355	1.0	995	1.0	535	0.0	3	2.532710280373832	2	0.6892988929889299	934	0.22066420664206643	299	1.0	116	1.0	0.0	0.44931062449310627	554	0.0016220600162206002	2	0.0	0	0.0	0	0.0	0	0.21001926782273603	109	0.011808118081180811	16	0.0	0	0.0	0	0.11881918819188192	161	0.0	0	0.0	44.798092197671785	0.0	44.79809219767266	0.0	1.0	1.0	-4.144730370814716	0.0	0	0.0	0	0.0196078431372549	1	0.26199261992619927	355	0.36454849498327757	109	0.09372693726937269	127	0.4177121771217712	143	1.0	995	1.0	1355	1.0	535	0.2974169741697417	403	0.7025830258302583	952	0.04321608040201005	43
bissett_base	ERR687892_bin.5.p	repro_0913							1.0	803	1.0	630	1.0	298	0.0	3	2.6946308724832213	2	0.887920298879203	713	0.0	0	1.0	84	0.004761904761904762	3	1.0	713	0.0	0	0.0	0	0.0	0	0.0	0	0.3031578947368421	144	0.0136986301369863	11	0.0	0	0.0015873015873015873	1	0.05603985056039851	45	0.0	0	0.0	31.870758169857794	0.0	31.870758169857794	0.0	1.0	1.0	0.0	0.0	0	0.0	0	0.0196078431372549	1	0.32503113325031135	261	1.0	0	0.0547945205479452	44	0.32627646326276466	77	1.0	630	1.0	803	1.0	298	0.261519302615193	210	0.7384806973848069	593	0.05873015873015873	37
bissett_base	ERR687892_bin.5.p	restored_0913							1.0	803	1.0	630	1.0	298	0.0	3	2.6946308724832213	2	0.6924034869240349	556	0.19551681195516812	157	1.0	84	0.004761904761904762	3	0.41935483870967744	299	0.019635343618513323	14	0.0	0	0.0	0	0.0	0	0.3031578947368421	144	0.0136986301369863	11	0.0	0	0.0015873015873015873	1	0.05603985056039851	45	0.0	0	0.0	31.870758169857794	0.0	31.870758169857794	0.0	1.0	1.0	-4.144730370814716	0.0	0	0.0	0	0.0196078431372549	1	0.32503113325031135	261	0.42038216560509556	66	0.0547945205479452	44	0.32627646326276466	77	1.0	630	1.0	803	1.0	298	0.261519302615193	210	0.7384806973848069	593	0.05873015873015873	37
bissett_base	ERR687892_bin.5.p	restored_017	0.21802881053342407	0.46540741756213816	0.25	0.25	0.0	0.0	1.0	803	1.0	630	1.0	298	0.0	3	2.6946308724832213	2	0.6924034869240349	556	0.19551681195516812	157	1.0	84	1.0	0.0	0.41935483870967744	299	0.019635343618513323	14	0.0	0	0.0	0	0.0	0	0.3031578947368421	144	0.0136986301369863	11	0.0	0	0.0	0	0.05603985056039851	45	0.0	0	0.0	31.870758169855993	0.0	31.870758169857147	0.0	1.0	1.0	-4.144730370814716	0.0	0	0.0	0	0.0196078431372549	1	0.32503113325031135	261	0.42038216560509556	66	0.0547945205479452	44	0.32627646326276466	77	1.0	630	1.0	803	1.0	298	0.261519302615193	210	0.7384806973848069	593	0.05873015873015873	37
bissett_base	ERR687892_bin.5.p	metagem_017	0.22219215969215966	0.4761131725417439	0.25	0.25	0.0	0.0	1.0	824	1.0	652	1.0	300	0.0	3	2.7466666666666666	2	0.7026699029126213	579	0.18932038834951456	156	1.0	84	1.0	0.0	0.4122448979591837	303	0.0163265306122449	12	0.0	0	0.0	0	0.0	0	0.23863636363636365	105	0.019417475728155338	16	0.0	0	0.0	0	0.04611650485436893	38	0.0	0	0.0	16.034215813848885	0.0	16.034215813848895	0.0	1.0	1.0	-4.144730370814716	0.0	0	0.0	0	0.0196078431372549	1	0.32524271844660196	268	0.40384615384615385	63	0.05461165048543689	45	0.3337378640776699	80	1.0	652	1.0	824	1.0	300	0.25849514563106796	213	0.741504854368932	611	0.06288343558282208	41
bissett_base	ERR687892_bin.6.p	repro_0913							1.0	941	1.0	722	1.0	394	0.0	3	2.3883248730964466	2	0.895855472901169	843	0.0	0	1.0	92	0.004155124653739612	3	1.0	843	0.0	0	0.0	0	0.0	0	0.0	0	0.19501133786848074	86	0.0021253985122210413	2	0.0	0	0.0	0	0.07226354941551541	68	0.0	0	0.0	32.285496229361186	0.0	32.285496229361186	0.0	1.0	1.0	0.0	0.0	0	0.0	0	0.0196078431372549	1	0.2922422954303932	275	1.0	0	0.07226354941551541	68	0.35069075451647186	105	1.0	722	1.0	941	1.0	394	0.27417640807651433	258	0.7258235919234857	683	0.05263157894736842	38
bissett_base	ERR687892_bin.6.p	restored_0913							1.0	941	1.0	722	1.0	394	0.0	3	2.3883248730964466	2	0.7098831030818279	668	0.18597236981934112	175	1.0	92	0.004155124653739612	3	0.41043890865954924	346	0.011862396204033215	10	0.0	0	0.0	0	0.0	0	0.19501133786848074	86	0.0021253985122210413	2	0.0	0	0.0	0	0.07226354941551541	68	0.0	0	0.0	32.285496229361186	0.0	32.285496229361186	0.0	1.0	1.0	-4.144730370814716	0.0	0	0.0	0	0.0196078431372549	1	0.2922422954303932	275	0.38857142857142857	68	0.07226354941551541	68	0.35069075451647186	105	1.0	722	1.0	941	1.0	394	0.27417640807651433	258	0.7258235919234857	683	0.05263157894736842	38
bissett_base	ERR687892_bin.6.p	restored_017	0.22545656531421657	0.4845073584270331	0.25	0.25	0.0	0.0	1.0	941	1.0	722	1.0	394	0.0	3	2.3883248730964466	2	0.7098831030818279	668	0.18597236981934112	175	1.0	92	1.0	0.0	0.41043890865954924	346	0.011862396204033215	10	0.0	0	0.0	0	0.0	0	0.18614718614718614	86	0.0021253985122210413	2	0.0	0	0.0	0	0.07226354941551541	68	0.0	0	0.0	32.285496229361335	0.0	32.2854962293607	0.0	1.0	1.0	-4.144730370814716	0.0	0	0.0	0	0.0196078431372549	1	0.2922422954303932	275	0.38857142857142857	68	0.07226354941551541	68	0.35069075451647186	105	1.0	722	1.0	941	1.0	394	0.27417640807651433	258	0.7258235919234857	683	0.05263157894736842	38
bissett_base	ERR687892_bin.6.p	metagem_017	0.2181891731548482	0.4658197785886573	0.25	0.25	0.0	0.0	1.0	954	1.0	720	1.0	398	0.0	3	2.3969849246231156	2	0.6939203354297694	662	0.19811320754716982	189	1.0	94	1.0	0.0	0.40423031727379555	344	0.012925969447708578	11	0.0	0	0.0	0	0.0	0	0.32210526315789473	153	0.0020964360587002098	2	0.0	0	0.0	0	0.07861635220125786	75	0.0	0	0.0	32.699809788351935	0.0	32.87198211965117	0.0	1.0	1.0	-4.144730370814716	0.0	0	0.0	0	0.0196078431372549	1	0.2861635220125786	273	0.37037037037037035	70	0.07651991614255765	73	0.35744234800838576	110	1.0	720	1.0	954	1.0	398	0.2851153039832285	272	0.7148846960167715	682	0.05138888888888889	37
bissett_base	ERR687893_bin.1.p	repro_0913							1.0	912	1.0	715	1.0	366	0.0	3	2.4918032786885247	2	0.8969298245614035	818	0.0	0	1.0	86	0.004195804195804196	3	1.0	818	0.0	0	0.0	0	0.0	0	0.0	0	0.18816067653276955	89	0.023026315789473683	21	0.0	0	0.0	0	0.0581140350877193	53	0.0	0	0.0	25.212112560717756	0.0	25.212112560717756	0.0	1.0	1.0	0.0	0.0	0	0.0	0	0.0196078431372549	1	0.2949561403508772	269	1.0	0	0.08333333333333333	76	0.3607456140350877	102	1.0	715	1.0	912	1.0	366	0.2631578947368421	240	0.7368421052631579	672	0.06013986013986014	43
bissett_base	ERR687893_bin.1.p	restored_0913							1.0	912	1.0	715	1.0	366	0.0	3	2.4918032786885247	2	0.6831140350877193	623	0.2138157894736842	195	1.0	86	0.004195804195804196	3	0.40097799511002447	328	0.012224938875305624	10	0.0	0	0.0	0	0.0	0	0.18816067653276955	89	0.023026315789473683	21	0.0	0	0.0	0	0.0581140350877193	53	0.0	0	0.0	25.212112560717756	0.0	25.212112560717756	0.0	1.0	1.0	-4.144730370814716	0.0	0	0.0	0	0.0196078431372549	1	0.2949561403508772	269	0.358974358974359	70	0.08333333333333333	76	0.3607456140350877	102	1.0	715	1.0	912	1.0	366	0.2631578947368421	240	0.7368421052631579	672	0.06013986013986014	43
bissett_base	ERR687893_bin.1.p	restored_017	0.23025898759395091	0.4968564442892071	0.25	0.25	0.0	0.0	1.0	912	1.0	715	1.0	366	0.0	3	2.4918032786885247	2	0.6831140350877193	623	0.2138157894736842	195	1.0	86	1.0	0.0	0.40097799511002447	328	0.012224938875305624	10	0.0	0	0.0	0	0.0	0	0.10880195599022005	89	0.023026315789473683	21	0.0	0	0.0	0	0.0581140350877193	53	0.0	0	0.0	25.212112560822987	0.0	25.212112560717667	0.0	1.0	1.0	-4.144730370814716	0.0	0	0.0	0	0.0196078431372549	1	0.2949561403508772	269	0.358974358974359	70	0.08333333333333333	76	0.3607456140350877	102	1.0	715	1.0	912	1.0	366	0.2631578947368421	240	0.7368421052631579	672	0.06013986013986014	43
bissett_base	ERR687893_bin.1.p	metagem_017	0.22051675809234117	0.47180499699935347	0.25	0.25	0.0	0.0	1.0	999	1.0	781	1.0	367	0.0	3	2.7220708446866486	2	0.6826826826826827	682	0.21521521521521522	215	1.0	94	1.0	0.0	0.4136008918617614	371	0.010033444816053512	9	0.0	0	0.0	0	0.0	0	0.2737306843267108	124	0.015015015015015015	15	0.0	0	0.0	0	0.05205205205205205	52	0.0	0	0.0	23.274052534133254	0.0	23.27405253421899	0.0	1.0	1.0	-4.144730370814716	0.0	0	0.0	0	0.0196078431372549	1	0.32232232232232233	322	0.3767441860465116	81	0.07907907907907907	79	0.3533533533533533	105	1.0	781	1.0	999	1.0	367	0.25925925925925924	259	0.7407407407407407	740	0.052496798975672214	41
bissett_base	ERR687893_bin.5.o	repro_0913							1.0	1370	1.0	982	1.0	604	0.0	3	2.2682119205298013	2	0.9153284671532846	1254	0.0	0	1.0	109	0.004073319755600814	4	1.0	1254	0.0	0	0.0	0	0.0	0	0.0	0	0.26036866359447003	113	0.0072992700729927005	10	0.0010183299389002036	1	0.0	0	0.07956204379562044	109	0.0	0	0.0	40.23402107330735	0.0	40.23402107330735	0.0	1.0	1.0	0.0	0.0	0	0.0	0	0.0196078431372549	1	0.24087591240875914	330	1.0	0	0.07591240875912408	104	0.4065693430656934	140	1.0	982	1.0	1370	1.0	604	0.3094890510948905	424	0.6905109489051094	946	0.03665987780040733	36
bissett_base	ERR687893_bin.5.o	restored_0913							1.0	1370	1.0	982	1.0	604	0.0	3	2.2682119205298013	2	0.6773722627737226	928	0.23795620437956205	326	1.0	109	0.004073319755600814	4	0.4194577352472089	526	0.0	0	0.0	0	0.0	0	0.0	0	0.26036866359447003	113	0.0072992700729927005	10	0.0010183299389002036	1	0.0	0	0.07956204379562044	109	0.0	0	0.0	40.23402107330735	0.0	40.23402107330735	0.0	1.0	1.0	-4.144730370814716	0.0	0	0.0	0	0.0196078431372549	1	0.24087591240875914	330	0.32515337423312884	106	0.07591240875912408	104	0.4065693430656934	140	1.0	982	1.0	1370	1.0	604	0.3094890510948905	424	0.6905109489051094	946	0.03665987780040733	36
bissett_base	ERR687893_bin.5.o	restored_017	0.2214911259902771	0.4743105144511887	0.25	0.25	0.0	0.0	1.0	1370	1.0	982	1.0	604	0.0	3	2.2682119205298013	2	0.6773722627737226	928	0.23795620437956205	326	1.0	109	1.0	0.0	0.4194577352472089	526	0.0	0	0.0	0	0.0	0	0.0	0	0.26036866359447003	113	0.0072992700729927005	10	0.0	0	0.0	0	0.07956204379562044	109	0.0	0	0.0	40.23402107351691	0.0	40.23402107343168	0.0	1.0	1.0	-4.144730370814716	0.0	0	0.0	0	0.0196078431372549	1	0.24087591240875914	330	0.32515337423312884	106	0.07591240875912408	104	0.4065693430656934	140	1.0	982	1.0	1370	1.0	604	0.3094890510948905	424	0.6905109489051094	946	0.03665987780040733	36
bissett_base	ERR687893_bin.5.o	metagem_017	0.22060455660654596	0.4720307646073087	0.25	0.25	0.0	0.0	1.0	1327	1.0	956	1.0	601	0.0	3	2.2079866888519133	2	0.6827430293896006	906	0.23059532780708364	306	1.0	109	1.0	0.0	0.42326732673267325	513	0.0	0	0.0	0	0.0	0	0.0	0	0.27251732101616627	118	0.006782215523737754	9	0.0	0	0.0	0	0.07912584777694047	105	0.0	0	0.0	39.33842338928055	0.0	39.338423389284955	0.0	1.0	1.0	-4.144730370814716	0.0	0	0.0	0	0.0196078431372549	1	0.23134890730972119	307	0.30392156862745096	93	0.0746043707611153	99	0.40617935192162774	136	1.0	956	1.0	1327	1.0	601	0.30746043707611154	408	0.6925395629238885	919	0.038702928870292884	37
bissett_base	ERR687896_bin.10.p	repro_0913							1.0	718	1.0	587	1.0	188	0.0	3	3.8191489361702127	2	0.8788300835654597	631	0.0	0	1.0	80	0.005110732538330494	3	1.0	631	0.0	0	0.0	0	0.0	0	0.0	0	0.16574585635359115	60	0.016713091922005572	12	0.0	0	0.0	0	0.037604456824512536	27	0.0	0	0.0	8.703745515757554	0.0	8.823922167971768	0.0	1.0	1.0	0.0	0.0	0	0.0	0	0.0196078431372549	1	0.4233983286908078	304	1.0	0	0.054317548746518104	39	0.2994428969359331	66	1.0	587	1.0	718	1.0	188	0.22423398328690808	161	0.775766016713092	557	0.05110732538330494	30
bissett_base	ERR687896_bin.10.p	restored_0913							1.0	718	1.0	587	1.0	188	0.0	3	3.8191489361702127	2	0.6573816155988857	472	0.2214484679665738	159	1.0	80	0.005110732538330494	3	0.3977812995245642	251	0.04120443740095087	26	0.0	0	0.0	0	0.0	0	0.16574585635359115	60	0.016713091922005572	12	0.0	0	0.0	0	0.037604456824512536	27	0.0	0	0.0	8.703745515757554	0.0	8.823922167971768	0.0	1.0	1.0	-4.144730370814716	0.0	0	0.0	0	0.0196078431372549	1	0.4233983286908078	304	0.49056603773584906	78	0.054317548746518104	39	0.2994428969359331	66	1.0	587	1.0	718	1.0	188	0.22423398328690808	161	0.775766016713092	557	0.05110732538330494	30
bissett_base	ERR687896_bin.10.p	restored_017	0.22566305963264224	0.48503834381727057	0.25	0.25	0.0	0.0	1.0	718	1.0	587	1.0	188	0.0	3	3.8191489361702127	2	0.6573816155988857	472	0.2214484679665738	159	1.0	80	1.0	0.0	0.3977812995245642	251	0.04120443740095087	26	0.0	0	0.0	0	0.0	0	0.16574585635359115	60	0.016713091922005572	12	0.0	0	0.0	0	0.037604456824512536	27	0.0	0	0.0	8.703745515754811	0.0	8.823922167971745	0.0	1.0	1.0	-4.144730370814716	0.0	0	0.0	0	0.0196078431372549	1	0.4233983286908078	304	0.49056603773584906	78	0.054317548746518104	39	0.2994428969359331	66	1.0	587	1.0	718	1.0	188	0.22423398328690808	161	0.775766016713092	557	0.05110732538330494	30
bissett_base	ERR687896_bin.10.p	metagem_017	0.22632018670422843	0.4867280991442065	0.25	0.25	0.0	0.0	1.0	681	1.0	554	1.0	189	0.0	3	3.6031746031746033	2	0.6461086637298091	440	0.2290748898678414	156	1.0	78	1.0	0.0	0.37080536912751677	221	0.03691275167785235	22	0.0	0	0.0	0	0.0	0	0.18518518518518517	65	0.014684287812041116	10	0.0	0	0.0	0	0.039647577092511016	27	0.0	0	0.0	30.229896766112006	0.0	30.66362400300734	0.0	1.0	1.0	-4.144730370814716	0.0	0	0.0	0	0.0196078431372549	1	0.4052863436123348	276	0.4935897435897436	77	0.05873715124816446	40	0.3039647577092511	67	1.0	554	1.0	681	1.0	189	0.2276064610866373	155	0.7723935389133627	526	0.05054151624548736	28
bissett_base	ERR687896_bin.6.o	repro_0913							1.0	780	1.0	621	1.0	291	0.0	3	2.6804123711340204	2	0.9051282051282051	706	0.0	0	1.0	65	0.004830917874396135	3	1.0	706	0.0	0	0.0	0	0.0	0	0.0	0	0.16624685138539042	66	0.03461538461538462	27	0.0	0	0.0	0	0.0641025641025641	50	0.0	0	0.0	20.847361695183878	0.0	20.848348665026762	0.0	1.0	1.0	0.0	0.0	0	0.0	0	0.0196078431372549	1	0.31025641025641026	242	1.0	0	0.052564102564102565	41	0.3730769230769231	90	1.0	621	1.0	780	1.0	291	0.24615384615384617	192	0.7538461538461538	588	0.05314009661835749	33
bissett_base	ERR687896_bin.6.o	restored_0913							1.0	780	1.0	621	1.0	291	0.0	3	2.6804123711340204	2	0.7448717948717949	581	0.16025641025641027	125	1.0	65	0.004830917874396135	3	0.40084985835694054	283	0.019830028328611898	14	0.0	0	0.0	0	0.0	0	0.16624685138539042	66	0.03461538461538462	27	0.0	0	0.0	0	0.0641025641025641	50	0.0	0	0.0	20.847361695183878	0.0	20.848348665026762	0.0	1.0	1.0	-4.144730370814716	0.0	0	0.0	0	0.0196078431372549	1	0.31025641025641026	242	0.328	41	0.052564102564102565	41	0.3730769230769231	90	1.0	621	1.0	780	1.0	291	0.24615384615384617	192	0.7538461538461538	588	0.05314009661835749	33
bissett_base	ERR687896_bin.6.o	restored_017	0.226652218255318	0.4875818945612939	0.25	0.25	0.0	0.0	1.0	780	1.0	621	1.0	291	0.0	3	2.6804123711340204	2	0.7448717948717949	581	0.16025641025641027	125	1.0	65	1.0	0.0	0.40084985835694054	283	0.019830028328611898	14	0.0	0	0.0	0	0.0	0	0.16624685138539042	66	0.03461538461538462	27	0.0	0	0.0	0	0.0641025641025641	50	0.0	0	0.0	20.847361695183857	0.0	20.84834866502675	0.0	1.0	1.0	-4.144730370814716	0.0	0	0.0	0	0.0196078431372549	1	0.31025641025641026	242	0.328	41	0.052564102564102565	41	0.3730769230769231	90	1.0	621	1.0	780	1.0	291	0.24615384615384617	192	0.7538461538461538	588	0.05314009661835749	33
bissett_base	ERR687896_bin.6.o	metagem_017	0.22843500592343188	0.49216620570787245	0.25	0.25	0.0	0.0	1.0	780	1.0	616	1.0	289	0.0	3	2.698961937716263	2	0.7448717948717949	581	0.1576923076923077	123	1.0	70	1.0	0.0	0.3934659090909091	277	0.02556818181818182	18	0.0	0	0.0	0	0.0	0	0.13580246913580246	55	0.023076923076923078	18	0.0	0	0.0	0	0.06794871794871794	53	0.0	0	0.0	11.468593005274517	0.0	11.468593005272972	0.0	1.0	1.0	-4.144730370814716	0.0	0	0.0	0	0.0196078431372549	1	0.3076923076923077	240	0.3252032520325203	40	0.05128205128205128	40	0.36923076923076925	89	1.0	616	1.0	780	1.0	289	0.25256410256410255	197	0.7474358974358974	583	0.05194805194805195	32
bissett_base	ERR687897_bin.10.o	repro_0913							1.0	1621	1.0	1138	1.0	863	0.0	3	1.8783314020857473	2	0.9105490438001234	1476	0.0	0	1.0	140	0.0035149384885764497	4	1.0	1476	0.0	0	0.0	0	0.0	0	0.0	0	0.33986928104575165	208	0.004935225169648365	8	0.0008787346221441124	1	0.0	0	0.11906230721776681	193	0.0	0	0.0	53.663384530644244	0.0	53.663384530644244	0.0	1.0	1.0	0.0	0.0	0	0.0	0	0.0196078431372549	1	0.215916101172116	350	1.0	0	0.09623689080814313	156	0.40160394818013573	175	1.0	1138	1.0	1621	1.0	863	0.3281924737816163	532	0.6718075262183837	1089	0.04305799648506151	49
bissett_base	ERR687897_bin.10.o	restored_0913							1.0	1621	1.0	1138	1.0	863	0.0	3	1.8783314020857473	2	0.6792103639728563	1101	0.2313386798272671	375	1.0	140	0.0035149384885764497	4	0.44986449864498645	664	0.0	0	0.0	0	0.0	0	0.0	0	0.33986928104575165	208	0.004935225169648365	8	0.0008787346221441124	1	0.0	0	0.11906230721776681	193	0.0	0	0.0	53.663384530644244	0.0	53.663384530644244	0.0	1.0	1.0	-4.144730370814716	0.0	0	0.0	0	0.0196078431372549	1	0.215916101172116	350	0.2986666666666667	112	0.09623689080814313	156	0.40160394818013573	175	1.0	1138	1.0	1621	1.0	863	0.3281924737816163	532	0.6718075262183837	1089	0.04305799648506151	49
bissett_base	ERR687897_bin.10.o	restored_017	0.2153851603875516	0.45860946004418024	0.25	0.25	0.0	0.0	1.0	1621	1.0	1138	1.0	863	0.0	3	1.8783314020857473	2	0.6792103639728563	1101	0.2313386798272671	375	1.0	140	1.0	0.0	0.44986449864498645	664	0.0	0	0.0	0	0.0	0	0.0	0	0.33986928104575165	208	0.004935225169648365	8	0.0	0	0.0	0	0.11906230721776681	193	0.0	0	0.0	53.663384530644315	0.0	53.663384530644265	0.0	1.0	1.0	-4.144730370814716	0.0	0	0.0	0	0.0196078431372549	1	0.215916101172116	350	0.2986666666666667	112	0.09623689080814313	156	0.40160394818013573	175	1.0	1138	1.0	1621	1.0	863	0.3281924737816163	532	0.6718075262183837	1089	0.04305799648506151	49
bissett_base	ERR687897_bin.10.o	metagem_017	0.21566509271468506	0.45932928602823775	0.25	0.25	0.0	0.0	1.0	1796	1.0	1279	1.0	881	0.0	3	2.0385925085130534	2	0.6748329621380846	1212	0.23496659242761692	422	1.0	156	1.0	0.0	0.4449204406364749	727	0.0	0	0.0	0	0.0	0	0.0	0	0.3397745571658615	211	0.010579064587973273	19	0.0	0	0.0	0	0.10412026726057906	187	0.0	0	0.0	36.870987814497994	0.0	36.870987814498	0.0	1.0	1.0	-4.144730370814716	0.0	0	0.0	0	0.0196078431372549	1	0.25556792873051226	459	0.31990521327014215	135	0.09242761692650334	166	0.38474387527839643	189	1.0	1279	1.0	1796	1.0	881	0.3151447661469933	566	0.6848552338530067	1230	0.03831118060985145	49
bissett_base	ERR687898_bin.3.s	repro_0913							1.0	703	1.0	572	1.0	188	0.0	3	3.7393617021276597	2	0.8890469416785206	625	0.0	0	1.0	69	0.005244755244755245	3	1.0	625	0.0	0	0.0	0	0.0	0	0.0	0	0.13766233766233765	53	0.02844950213371266	20	0.0	0	0.0	0	0.06258890469416785	44	0.0	0	0.0	33.154796317397995	0.0	33.37999675742053	0.0	1.0	1.0	0.0	0.0	0	0.0	0	0.0196078431372549	1	0.37695590327169276	265	1.0	0	0.03556187766714083	25	0.3485064011379801	64	1.0	572	1.0	703	1.0	188	0.24182076813655762	170	0.7581792318634424	533	0.06818181818181818	39
bissett_base	ERR687898_bin.3.s	restored_0913							1.0	703	1.0	572	1.0	188	0.0	3	3.7393617021276597	2	0.6927453769559033	487	0.19630156472261737	138	1.0	69	0.005244755244755245	3	0.352	220	0.0464	29	0.0	0	0.0	0	0.0	0	0.13766233766233765	53	0.02844950213371266	20	0.0	0	0.0	0	0.06258890469416785	44	0.0	0	0.0	33.154796317397995	0.0	33.37999675742053	0.0	1.0	1.0	-4.144730370814716	0.0	0	0.0	0	0.0196078431372549	1	0.37695590327169276	265	0.45652173913043476	63	0.03556187766714083	25	0.3485064011379801	64	1.0	572	1.0	703	1.0	188	0.24182076813655762	170	0.7581792318634424	533	0.06818181818181818	39
bissett_base	ERR687898_bin.3.s	restored_017	0.22947801827801828	0.49484823747680895	0.25	0.25	0.0	0.0	1.0	703	1.0	572	1.0	188	0.0	3	3.7393617021276597	2	0.6927453769559033	487	0.19630156472261737	138	1.0	69	1.0	0.0	0.352	220	0.0464	29	0.0	0	0.0	0	0.0	0	0.13766233766233765	53	0.02844950213371266	20	0.0	0	0.0	0	0.06258890469416785	44	0.0	0	0.0	33.15479631747276	0.0	33.379996757422425	0.0	1.0	1.0	-4.144730370814716	0.0	0	0.0	0	0.0196078431372549	1	0.37695590327169276	265	0.45652173913043476	63	0.03556187766714083	25	0.3485064011379801	64	1.0	572	1.0	703	1.0	188	0.24182076813655762	170	0.7581792318634424	533	0.06818181818181818	39
bissett_base	ERR687898_bin.3.s	metagem_017	0.230217698967699	0.49675027353598783	0.25	0.25	0.0	0.0	1.0	645	1.0	525	1.0	189	0.0	3	3.4126984126984126	2	0.7054263565891473	455	0.1813953488372093	117	1.0	64	1.0	0.0	0.33916083916083917	194	0.043706293706293704	25	0.0	0	0.0	0	0.0	0	0.13988095238095238	47	0.0	0	0.0	0	0.0	0	0.07596899224806201	49	0.0	0	0.0	33.16225412543234	0.0	33.169335001947594	0.0	1.0	1.0	-4.144730370814716	0.0	0	0.0	0	0.0196078431372549	1	0.3689922480620155	238	0.452991452991453	53	0.037209302325581395	24	0.3302325581395349	59	1.0	525	1.0	645	1.0	189	0.2310077519379845	149	0.7689922480620155	496	0.05523809523809524	29
korem2015	ERR969466_bin.2.p	repro_0913							1.0	1599	1.0	1140	1.0	662	0.0	3	2.415407854984894	2	0.884302689180738	1414	0.0	0	1.0	178	0.002631578947368421	3	1.0	1414	0.0	0	0.0	0	0.0	0	0.0	0	0.23137254901960785	118	0.009380863039399626	15	0.0	0	0.0	0	0.039399624765478425	63	0.0	0	0.0	34.82033401785074	0.0	34.82033401785074	0.0	1.0	1.0	0.0	0.0	0	0.0	0	0.0196078431372549	1	0.2582864290181363	413	1.0	0	0.066916823014384	107	0.39524702939337086	159	1.0	1140	1.0	1599	1.0	662	0.3070669168230144	491	0.6929330831769857	1108	0.010526315789473684	12
korem2015	ERR969466_bin.2.p	restored_0913							1.0	1599	1.0	1140	1.0	662	0.0	3	2.415407854984894	2	0.6316447779862414	1010	0.25265791119449654	404	1.0	178	0.002631578947368421	3	0.4314002828854314	610	0.0021216407355021216	3	0.0	0	0.0	0	0.0	0	0.23137254901960785	118	0.009380863039399626	15	0.0	0	0.0	0	0.039399624765478425	63	0.0	0	0.0	34.82033401785074	0.0	34.82033401785074	0.0	1.0	1.0	-4.144730370814716	0.0	0	0.0	0	0.0196078431372549	1	0.2582864290181363	413	0.35396039603960394	143	0.066916823014384	107	0.39524702939337086	159	1.0	1140	1.0	1599	1.0	662	0.3070669168230144	491	0.6929330831769857	1108	0.010526315789473684	12
korem2015	ERR969466_bin.2.p	restored_017	0.22232067744589584	0.47644364676563694	0.25	0.25	0.0	0.0	1.0	1599	1.0	1140	1.0	662	0.0	3	2.415407854984894	2	0.6316447779862414	1010	0.25265791119449654	404	1.0	178	1.0	0.0	0.4314002828854314	610	0.0021216407355021216	3	0.0	0	0.0	0	0.0	0	0.23137254901960785	118	0.009380863039399626	15	0.0	0	0.0	0	0.039399624765478425	63	0.0	0	0.0	34.820334017850165	0.0	34.82033401785072	0.0	1.0	1.0	-4.144730370814716	0.0	0	0.0	0	0.0196078431372549	1	0.2582864290181363	413	0.35396039603960394	143	0.066916823014384	107	0.39524702939337086	159	1.0	1140	1.0	1599	1.0	662	0.3070669168230144	491	0.6929330831769857	1108	0.010526315789473684	12
korem2015	ERR969466_bin.2.p	metagem_017	0.22061022061022056	0.47204532918818626	0.25	0.25	0.0	0.0	1.0	1394	1.0	987	1.0	637	0.0	3	2.1883830455259026	2	0.6477761836441894	903	0.23601147776183645	329	1.0	157	1.0	0.0	0.4301948051948052	530	0.00487012987012987	6	0.0	0	0.0	0	0.0	0	0.2606177606177606	135	0.01291248206599713	18	0.0	0	0.0	0	0.04591104734576758	64	0.0	0	0.0	31.56304654148652	0.0	31.563046541486308	0.0	1.0	1.0	-4.144730370814716	0.0	0	0.0	0	0.0196078431372549	1	0.22309899569583932	311	0.3191489361702128	105	0.07532281205164992	105	0.406025824964132	147	1.0	987	1.0	1394	1.0	637	0.312051649928264	435	0.687948350071736	959	0.011144883485309016	11
korem2015	ERR969466_bin.6.p	repro_0913							1.0	1579	1.0	1093	1.0	838	0.0	3	1.8842482100238664	2	0.8720709309689677	1377	0.0	0	1.0	195	0.0054894784995425435	6	1.0	1377	0.0	0	0.0	0	0.0	0	0.0	0	0.5471698113207547	377	0.018999366687777075	30	0.0	0	0.0	0	0.07726409119696011	122	0.0	0	0.0	52.24800513795993	0.0	52.24800513795993	0.0	1.0	1.0	0.0	0.0	0	0.0	0	0.0196078431372549	1	0.17669411019632678	279	1.0	0	0.11272957568081064	178	0.4072197593413553	167	1.0	1093	1.0	1579	1.0	838	0.337555414819506	533	0.662444585180494	1046	0.010064043915827997	11
korem2015	ERR969466_bin.6.p	restored_0913							1.0	1579	1.0	1093	1.0	838	0.0	3	1.8842482100238664	2	0.5826472450918303	920	0.2894236858771374	457	1.0	195	0.0054894784995425435	6	0.3718228031953522	512	0.002178649237472767	3	0.0	0	0.0	0	0.0	0	0.5471698113207547	377	0.018999366687777075	30	0.0	0	0.0	0	0.07726409119696011	122	0.0	0	0.0	52.24800513795993	0.0	52.24800513795993	0.0	1.0	1.0	-4.144730370814716	0.0	0	0.0	0	0.0196078431372549	1	0.17669411019632678	279	0.23413566739606126	107	0.11272957568081064	178	0.4072197593413553	167	1.0	1093	1.0	1579	1.0	838	0.3369221025965801	532	0.6630778974034199	1047	0.010064043915827997	11
korem2015	ERR969466_bin.6.p	restored_017	0.20808307793961592	0.43983267660663145	0.25	0.25	0.0	0.0	1.0	1579	1.0	1093	1.0	838	0.0	3	1.8842482100238664	2	0.5826472450918303	920	0.2894236858771374	457	1.0	195	1.0	0.0	0.3718228031953522	512	0.002178649237472767	3	0.0	0	0.0	0	0.0	0	0.5471698113207547	377	0.018999366687777075	30	0.0	0	0.0	0	0.07726409119696011	122	0.0	0	0.0	52.24800513795996	0.0	52.248005137959964	0.0	1.0	1.0	-4.144730370814716	0.0	0	0.0	0	0.0196078431372549	1	0.17669411019632678	279	0.23413566739606126	107	0.11272957568081064	178	0.4072197593413553	167	1.0	1093	1.0	1579	1.0	838	0.3369221025965801	532	0.6630778974034199	1047	0.010064043915827997	11
korem2015	ERR969466_bin.6.p	metagem_017	0.20945601725950905	0.44336309200064233	0.25	0.25	0.0	0.0	1.0	1802	1.0	1283	1.0	856	0.0	3	2.1051401869158877	2	0.5960044395116537	1074	0.28357380688124306	511	1.0	209	1.0	0.0	0.3892744479495268	617	0.0	0	0.0	0	0.0	0	0.0	0	0.507183908045977	353	0.023307436182019976	42	0.0	0	0.0	0	0.05160932297447281	93	0.0	0	0.0	52.24310340342903	0.0	52.24310340342941	0.0	1.0	1.0	-4.144730370814716	0.0	0	0.0	0	0.0196078431372549	1	0.23307436182019978	420	0.25244618395303325	129	0.1048834628190899	189	0.38623751387347394	178	1.0	1283	1.0	1802	1.0	856	0.3146503884572697	567	0.6853496115427303	1235	0.00857365549493375	11
korem2015	ERR969467_bin.1.s	repro_0913							1.0	1654	1.0	1136	1.0	722	0.0	3	2.290858725761773	2	0.8978234582829504	1485	0.0	0	1.0	163	0.002640845070422535	3	1.0	1485	0.0	0	0.0	0	0.0	0	0.0	0	0.32558139534883723	224	0.02357920193470375	39	0.0	0	0.0	0	0.049576783555018135	82	0.0	0	0.0	53.4435507043172	0.0	53.4435507043172	0.0	1.0	1.0	0.0	0.0	0	0.0	0	0.0196078431372549	1	0.18802902055622733	311	1.0	0	0.08403869407496976	139	0.45163240628778717	185	1.0	1136	1.0	1654	1.0	722	0.33675937122128174	557	0.6632406287787183	1097	0.007922535211267605	9
korem2015	ERR969467_bin.1.s	restored_0913							1.0	1654	1.0	1136	1.0	722	0.0	3	2.290858725761773	2	0.6342200725513906	1049	0.26360338573155984	436	1.0	163	0.002640845070422535	3	0.4235690235690236	629	0.0013468013468013469	2	0.0	0	0.0	0	0.0	0	0.32558139534883723	224	0.02357920193470375	39	0.0	0	0.0	0	0.049576783555018135	82	0.0	0	0.0	53.4435507043172	0.0	53.4435507043172	0.0	1.0	1.0	-4.144730370814716	0.0	0	0.0	0	0.0196078431372549	1	0.18802902055622733	311	0.23623853211009174	103	0.08403869407496976	139	0.45163240628778717	185	1.0	1136	1.0	1654	1.0	722	0.33675937122128174	557	0.6632406287787183	1097	0.007922535211267605	9
korem2015	ERR969467_bin.1.s	restored_017	0.21756496924455582	0.464214682819334	0.25	0.25	0.0	0.0	1.0	1654	1.0	1136	1.0	722	0.0	3	2.290858725761773	2	0.6342200725513906	1049	0.26360338573155984	436	1.0	163	1.0	0.0	0.4235690235690236	629	0.0013468013468013469	2	0.0	0	0.0	0	0.0	0	0.32558139534883723	224	0.02357920193470375	39	0.0	0	0.0	0	0.049576783555018135	82	0.0	0	0.0	53.44355070431782	0.0	53.443550704317154	0.0	1.0	1.0	-4.144730370814716	0.0	0	0.0	0	0.0196078431372549	1	0.18802902055622733	311	0.23623853211009174	103	0.08403869407496976	139	0.45163240628778717	185	1.0	1136	1.0	1654	1.0	722	0.33675937122128174	557	0.6632406287787183	1097	0.007042253521126761	8
korem2015	ERR969467_bin.1.s	metagem_017	0.2180124279657949	0.4653652909596631	0.25	0.25	0.0	0.0	1.0	1701	1.0	1182	1.0	748	0.0	3	2.2740641711229945	2	0.6378600823045267	1085	0.26102292768959434	444	1.0	166	1.0	0.0	0.4224983649444081	646	0.0	0	0.0	0	0.0	0	0.0	0	0.31994459833795014	231	0.02175191064079953	37	0.0	0	0.0	0	0.04879482657260435	83	0.0	0	0.0	50.02849905462041	0.0	50.02849905461963	0.0	1.0	1.0	-4.144730370814716	0.0	0	0.0	0	0.0196078431372549	1	0.1934156378600823	329	0.23423423423423423	104	0.08348030570252793	142	0.44914756025867136	192	1.0	1182	1.0	1701	1.0	748	0.3286302175191064	559	0.6713697824808936	1142	0.007614213197969543	9
korem2015	ERR969467_bin.4.s	repro_0913							1.0	1226	1.0	896	1.0	407	0.0	3	3.0122850122850124	2	0.8523654159869495	1045	0.0	0	1.0	177	0.0	0	1.0	1045	0.0	0	0.0	0	0.0	0	0.0	0	0.259047619047619	136	0.017128874388254486	21	0.0	0	0.0	0	0.026101141924959218	32	0.0	0	0.0	16.397224957359004	0.0	16.397224957359004	0.0	1.0	1.0	0.0	0.0	0	0.0	0	0.0196078431372549	1	0.27895595432300163	342	1.0	0	0.05464926590538336	67	0.37520391517128876	124	1.0	896	1.0	1226	1.0	407	0.29771615008156604	365	0.702283849918434	861	0.0390625	35
korem2015	ERR969467_bin.4.s	restored_0913							1.0	1226	1.0	896	1.0	407	0.0	3	3.0122850122850124	2	0.5554649265905384	681	0.2969004893964111	364	1.0	177	0.0	0	0.4354066985645933	455	0.010526315789473684	11	0.0	0	0.0	0	0.0	0	0.259047619047619	136	0.017128874388254486	21	0.0	0	0.0	0	0.026101141924959218	32	0.0	0	0.0	16.397224957359004	0.0	16.397224957359004	0.0	1.0	1.0	-4.144730370814716	0.0	0	0.0	0	0.0196078431372549	1	0.27895595432300163	342	0.3983516483516483	145	0.05464926590538336	67	0.37520391517128876	124	1.0	896	1.0	1226	1.0	407	0.29771615008156604	365	0.702283849918434	861	0.0390625	35
korem2015	ERR969467_bin.4.s	restored_017	0.3867603351813878	0.8992884809426164	0.25	0.25	0.0	0.0	1.0	1226	1.0	896	1.0	407	0.0	3	3.0122850122850124	2	0.5554649265905384	681	0.2969004893964111	364	1.0	177	0.0	1.0	0.4354066985645933	455	0.010526315789473684	11	0.0	0	0.0	0	0.0	0	0.259047619047619	136	0.017128874388254486	21	0.0	0	0.0	0	0.026101141924959218	32	0.0	0	0.0	16.397224957359303	0.0	16.397224957359235	0.0	1.0	1.0	-4.144730370814716	0.0	0	0.0	0	0.0196078431372549	1	0.27895595432300163	342	0.3983516483516483	145	0.05464926590538336	67	0.37520391517128876	124	1.0	896	1.0	1226	1.0	407	0.29771615008156604	365	0.702283849918434	861	0.0390625	35
korem2015	ERR969467_bin.4.s	metagem_017	0.2263010988379491	0.48667901605948816	0.25	0.25	0.0	0.0	1.0	1493	1.0	1108	1.0	418	0.0	3	3.5717703349282295	2	0.5746818486269256	858	0.28868050904219694	431	1.0	198	1.0	0.0	0.4212567882079131	543	0.01008533747090768	13	0.0	0	0.0	0	0.0	0	0.1619047619047619	85	0.013395847287340924	20	0.0	0	0.0	0	0.020763563295378432	31	0.0	0	0.0	26.375274743038474	0.0	26.416988981280927	0.0	1.0	1.0	-4.144730370814716	0.0	0	0.0	0	0.0196078431372549	1	0.3543201607501674	529	0.41531322505800466	179	0.047555257870060284	71	0.3402545210984595	133	1.0	1108	1.0	1493	1.0	418	0.28064300066979236	419	0.7193569993302076	1074	0.030685920577617327	34
korem2015	ERR969468_bin.1.p	repro_0913							1.0	1480	1.0	1056	1.0	497	0.0	3	2.977867203219316	2	0.8871621621621621	1313	0.0	0	1.0	162	0.002840909090909091	3	1.0	1313	0.0	0	0.0	0	0.0	0	0.0	0	0.3073394495412844	201	0.02364864864864865	35	0.0	0	0.0	0	0.033783783783783786	50	0.0	0	0.0	51.51834379584582	0.0	51.51834379584582	0.0	1.0	1.0	0.0	0.0	0	0.0	0	0.0196078431372549	1	0.2168918918918919	321	1.0	0	0.05	74	0.475	158	1.0	1056	1.0	1480	1.0	497	0.3081081081081081	456	0.6918918918918919	1024	0.008522727272727272	9
korem2015	ERR969468_bin.1.p	restored_0913							1.0	1480	1.0	1056	1.0	497	0.0	3	2.977867203219316	2	0.6229729729729729	922	0.2641891891891892	391	1.0	162	0.002840909090909091	3	0.44706778370144706	587	0.002284843869002285	3	0.0	0	0.0	0	0.0	0	0.3073394495412844	201	0.02364864864864865	35	0.0	0	0.0	0	0.033783783783783786	50	0.0	0	0.0	51.51834379584582	0.0	51.51834379584582	0.0	1.0	1.0	-4.144730370814716	0.0	0	0.0	0	0.0196078431372549	1	0.2168918918918919	321	0.309462915601023	121	0.05	74	0.475	158	1.0	1056	1.0	1480	1.0	497	0.3081081081081081	456	0.6918918918918919	1024	0.008522727272727272	9
korem2015	ERR969468_bin.1.p	restored_017	0.21722081053082962	0.46332970326975237	0.25	0.25	0.0	0.0	1.0	1480	1.0	1056	1.0	497	0.0	3	2.977867203219316	2	0.6229729729729729	922	0.2641891891891892	391	1.0	162	1.0	0.0	0.44706778370144706	587	0.002284843869002285	3	0.0	0	0.0	0	0.0	0	0.3073394495412844	201	0.02364864864864865	35	0.0	0	0.0	0	0.033783783783783786	50	0.0	0	0.0	51.51834379584584	0.0	51.518343795845794	0.0	1.0	1.0	-4.144730370814716	0.0	0	0.0	0	0.0196078431372549	1	0.2168918918918919	321	0.309462915601023	121	0.05	74	0.475	158	1.0	1056	1.0	1480	1.0	497	0.3081081081081081	456	0.6918918918918919	1024	0.008522727272727272	9
korem2015	ERR969468_bin.1.p	metagem_017	0.21132425986864534	0.44816714442413563	0.25	0.25	0.0	0.0	1.0	1590	1.0	1141	1.0	505	0.0	3	3.1485148514851486	2	0.620125786163522	986	0.2641509433962264	420	1.0	178	1.0	0.0	0.4274537695590327	601	0.0021337126600284497	3	0.0	0	0.0	0	0.0	0	0.4332425068119891	318	0.0031446540880503146	5	0.0	0	0.0	0	0.04465408805031446	71	0.0	0	0.0	69.6315503466099	0.0	69.63155034660944	0.0	1.0	1.0	-4.144730370814716	0.0	0	0.0	0	0.0196078431372549	1	0.23773584905660378	378	0.3261904761904762	137	0.048427672955974846	77	0.46037735849056605	165	1.0	1141	1.0	1590	1.0	505	0.30251572327044024	481	0.6974842767295597	1109	0.007887817703768623	9
korem2015	ERR969468_bin.4.p	repro_0913							1.0	1252	1.0	917	1.0	406	0.0	3	3.083743842364532	2	0.854632587859425	1070	0.0	0	1.0	178	0.004362050163576881	4	1.0	1070	0.0	0	0.0	0	0.0	0	0.0	0	0.15444015444015444	80	0.015175718849840255	19	0.0	0	0.0010905125408942203	1	0.027955271565495207	35	0.0	0	0.0	44.520631991207416	0.0	44.520631991207416	0.0	1.0	1.0	0.0	0.0	0	0.0	0	0.0196078431372549	1	0.2963258785942492	371	1.0	0	0.054313099041533544	68	0.36261980830670926	123	1.0	917	1.0	1252	1.0	406	0.29472843450479236	369	0.7052715654952076	883	0.03707742639040349	34
korem2015	ERR969468_bin.4.p	restored_0913							1.0	1252	1.0	917	1.0	406	0.0	3	3.083743842364532	2	0.5559105431309904	696	0.2987220447284345	374	1.0	178	0.004362050163576881	4	0.4392523364485981	470	0.013084112149532711	14	0.0	0	0.0	0	0.0	0	0.15444015444015444	80	0.015175718849840255	19	0.0	0	0.0010905125408942203	1	0.027955271565495207	35	0.0	0	0.0	44.520631991207416	0.0	44.520631991207416	0.0	1.0	1.0	-4.144730370814716	0.0	0	0.0	0	0.0196078431372549	1	0.2963258785942492	371	0.4117647058823529	154	0.054313099041533544	68	0.36261980830670926	123	1.0	917	1.0	1252	1.0	406	0.29472843450479236	369	0.7052715654952076	883	0.03707742639040349	34
korem2015	ERR969468_bin.4.p	restored_017	0.22554944797935453	0.4847461995659592	0.25	0.25	0.0	0.0	1.0	1252	1.0	917	1.0	406	0.0	3	3.083743842364532	2	0.5559105431309904	696	0.2987220447284345	374	1.0	178	1.0	0.0	0.4392523364485981	470	0.013084112149532711	14	0.0	0	0.0	0	0.0	0	0.15444015444015444	80	0.015175718849840255	19	0.0	0	0.0	0	0.027955271565495207	35	0.0	0	0.0	44.5206319912074	0.0	44.520631991207345	0.0	1.0	1.0	-4.144730370814716	0.0	0	0.0	0	0.0196078431372549	1	0.2963258785942492	371	0.4117647058823529	154	0.054313099041533544	68	0.36261980830670926	123	1.0	917	1.0	1252	1.0	406	0.29472843450479236	369	0.7052715654952076	883	0.03707742639040349	34
korem2015	ERR969468_bin.4.p	metagem_017	0.38524590163934425	0.8953942232630757	0.25	0.25	0.0	0.0	1.0	1286	1.0	944	1.0	411	0.0	3	3.1289537712895377	2	0.5668740279937792	729	0.2869362363919129	369	1.0	183	0.0	1.0	0.4335154826958106	476	0.018214936247723135	20	0.0	0	0.0	0	0.0	0	0.28051001821493626	154	0.0023328149300155523	3	0.0	0	0.0	0	0.041990668740279936	54	0.0	0	0.0	44.96023033322839	0.0	44.960230333253506	0.0	1.0	1.0	-4.144730370814716	0.0	0	0.0	0	0.0196078431372549	1	0.3118195956454121	401	0.41192411924119243	152	0.052099533437014	67	0.34447900466562986	121	1.0	944	1.0	1286	1.0	411	0.29082426127527217	374	0.7091757387247278	912	0.03389830508474576	32
korem2015	ERR969469_bin.1.p	repro_0913							1.0	1679	1.0	1166	1.0	737	0.0	3	2.278154681139756	2	0.8975580702799285	1507	0.0	0	1.0	166	0.002572898799313894	3	1.0	1507	0.0	0	0.0	0	0.0	0	0.0	0	0.30833333333333335	222	0.02501488981536629	42	0.0	0	0.0	0	0.053007742703990474	89	0.0	0	0.0	50.128017283628566	0.0	50.128017283628566	0.0	1.0	1.0	0.0	0.0	0	0.0	0	0.0196078431372549	1	0.19594997022036928	329	1.0	0	0.08278737343656939	139	0.4455032757593806	187	1.0	1166	1.0	1679	1.0	737	0.3287671232876712	552	0.6712328767123288	1127	0.008576329331046312	10
korem2015	ERR969469_bin.1.p	restored_0913							1.0	1679	1.0	1166	1.0	737	0.0	3	2.278154681139756	2	0.6390708755211435	1073	0.258487194758785	434	1.0	166	0.002572898799313894	3	0.4167219641672196	628	0.0013271400132714001	2	0.0	0	0.0	0	0.0	0	0.30833333333333335	222	0.02501488981536629	42	0.0	0	0.0	0	0.053007742703990474	89	0.0	0	0.0	50.128017283628566	0.0	50.128017283628566	0.0	1.0	1.0	-4.144730370814716	0.0	0	0.0	0	0.0196078431372549	1	0.19594997022036928	329	0.24193548387096775	105	0.08278737343656939	139	0.4455032757593806	187	1.0	1166	1.0	1679	1.0	737	0.3287671232876712	552	0.6712328767123288	1127	0.007718696397941681	9
korem2015	ERR969469_bin.1.p	restored_017	0.21890467939738012	0.46765965178373936	0.25	0.25	0.0	0.0	1.0	1679	1.0	1166	1.0	737	0.0	3	2.278154681139756	2	0.6390708755211435	1073	0.258487194758785	434	1.0	166	1.0	0.0	0.4167219641672196	628	0.0013271400132714001	2	0.0	0	0.0	0	0.0	0	0.30833333333333335	222	0.02501488981536629	42	0.0	0	0.0	0	0.053007742703990474	89	0.0	0	0.0	50.12801728362852	0.0	50.12801728362849	0.0	1.0	1.0	-4.144730370814716	0.0	0	0.0	0	0.0196078431372549	1	0.19594997022036928	329	0.24193548387096775	105	0.08278737343656939	139	0.4455032757593806	187	1.0	1166	1.0	1679	1.0	737	0.3287671232876712	552	0.6712328767123288	1127	0.007718696397941681	9
korem2015	ERR969469_bin.1.p	metagem_017	0.2275931499214673	0.4900014331313921	0.25	0.25	0.0	0.0	1.0	1628	1.0	1127	1.0	730	0.0	3	2.23013698630137	2	0.6382063882063882	1039	0.25982800982800985	423	1.0	160	1.0	0.0	0.420656634746922	615	0.0	0	0.0	0	0.0	0	0.0	0	0.14933333333333335	224	0.023955773955773956	39	0.0	0	0.0	0	0.05405405405405406	88	0.0	0	0.0	50.02807031355813	0.0	50.02807031355854	0.0	1.0	1.0	-4.144730370814716	0.0	0	0.0	0	0.0196078431372549	1	0.18611793611793612	303	0.23877068557919623	101	0.0866093366093366	141	0.45024570024570026	183	1.0	1127	1.0	1628	1.0	730	0.3323095823095823	541	0.6676904176904177	1087	0.007985803016858917	9
korem2015	ERR969470_bin.3.p	repro_0913							1.0	1696	1.0	1163	1.0	988	0.0	3	1.7165991902834008	2	0.8838443396226415	1499	0.0	0	1.0	189	0.005159071367153913	6	1.0	1499	0.0	0	0.0	0	0.0	0	0.0	0	0.5639943741209564	401	0.018278301886792452	31	0.0	0	0.0	0	0.06780660377358491	115	0.0	0	0.0	69.94947505520217	0.0	69.94947505520217	0.0	1.0	1.0	0.0	0.0	0	0.0	0	0.0196078431372549	1	0.14150943396226415	240	1.0	0	0.11674528301886793	198	0.42806603773584906	183	1.0	1163	1.0	1696	1.0	988	0.33667452830188677	571	0.6633254716981132	1125	0.009458297506448839	11
korem2015	ERR969470_bin.3.p	restored_0913							1.0	1696	1.0	1163	1.0	988	0.0	3	1.7165991902834008	2	0.6167452830188679	1046	0.2670990566037736	453	1.0	189	0.005159071367153913	6	0.39426284189459637	591	0.0	0	0.0	0	0.0	0	0.0	0	0.5639943741209564	401	0.018278301886792452	31	0.0	0	0.0	0	0.06780660377358491	115	0.0	0	0.0	69.94947505520217	0.0	69.94947505520217	0.0	1.0	1.0	-4.144730370814716	0.0	0	0.0	0	0.0196078431372549	1	0.14150943396226415	240	0.2185430463576159	99	0.11674528301886793	198	0.42806603773584906	183	1.0	1163	1.0	1696	1.0	988	0.33667452830188677	571	0.6633254716981132	1125	0.009458297506448839	11
korem2015	ERR969470_bin.3.p	restored_017	0.20602274725839523	0.4345346834263496	0.25	0.25	0.0	0.0	1.0	1696	1.0	1163	1.0	988	0.0	3	1.7165991902834008	2	0.6167452830188679	1046	0.2670990566037736	453	1.0	189	1.0	0.0	0.39426284189459637	591	0.0	0	0.0	0	0.0	0	0.0	0	0.5639943741209564	401	0.018278301886792452	31	0.0	0	0.0	0	0.06780660377358491	115	0.0	0	0.0	69.94947505539038	0.0	69.94947505520214	0.0	1.0	1.0	-4.144730370814716	0.0	0	0.0	0	0.0196078431372549	1	0.14150943396226415	240	0.2185430463576159	99	0.11674528301886793	198	0.42806603773584906	183	1.0	1163	1.0	1696	1.0	988	0.33667452830188677	571	0.6633254716981132	1125	0.009458297506448839	11
korem2015	ERR969470_bin.3.p	metagem_017	0.20600780388379333	0.4344962576059448	0.25	0.25	0.0	0.0	1.0	1718	1.0	1183	1.0	993	0.0	3	1.730110775427996	2	0.6117578579743889	1051	0.27066356228172295	465	1.0	194	1.0	0.0	0.3970976253298153	602	0.0	0	0.0	0	0.0	0	0.0	0	0.5614285714285714	393	0.018044237485448197	31	0.0	0	0.0	0	0.0739231664726426	127	0.0	0	0.0	52.46413026064293	0.0	52.46413026091451	0.0	1.0	1.0	-4.144730370814716	0.0	0	0.0	0	0.0196078431372549	1	0.14668218859138532	252	0.21935483870967742	102	0.11757857974388825	202	0.42374854481955765	184	1.0	1183	1.0	1718	1.0	993	0.3341094295692666	574	0.6658905704307334	1144	0.0084530853761623	10
korem2015	ERR969470_bin.4.s	repro_0913							1.0	1226	1.0	896	1.0	407	0.0	3	3.0122850122850124	2	0.8523654159869495	1045	0.0	0	1.0	177	0.0	0	1.0	1045	0.0	0	0.0	0	0.0	0	0.0	0	0.2678227360308285	139	0.01794453507340946	22	0.0	0	0.0	0	0.026101141924959218	32	0.0	0	0.0	16.42115731425196	0.0	16.42115731425196	0.0	1.0	1.0	0.0	0.0	0	0.0	0	0.0196078431372549	1	0.27895595432300163	342	1.0	0	0.05464926590538336	67	0.37520391517128876	124	1.0	896	1.0	1226	1.0	407	0.29771615008156604	365	0.702283849918434	861	0.0390625	35
korem2015	ERR969470_bin.4.s	restored_0913							1.0	1226	1.0	896	1.0	407	0.0	3	3.0122850122850124	2	0.5554649265905384	681	0.2969004893964111	364	1.0	177	0.0	0	0.43444976076555025	454	0.010526315789473684	11	0.0	0	0.0	0	0.0	0	0.2678227360308285	139	0.01794453507340946	22	0.0	0	0.0	0	0.026101141924959218	32	0.0	0	0.0	16.42115731425196	0.0	16.42115731425196	0.0	1.0	1.0	-4.144730370814716	0.0	0	0.0	0	0.0196078431372549	1	0.27895595432300163	342	0.3983516483516483	145	0.05464926590538336	67	0.37520391517128876	124	1.0	896	1.0	1226	1.0	407	0.29771615008156604	365	0.702283849918434	861	0.0390625	35
korem2015	ERR969470_bin.4.s	restored_017	0.3863259918933786	0.8981715982020211	0.25	0.25	0.0	0.0	1.0	1226	1.0	896	1.0	407	0.0	3	3.0122850122850124	2	0.5554649265905384	681	0.2969004893964111	364	1.0	177	0.0	1.0	0.43444976076555025	454	0.010526315789473684	11	0.0	0	0.0	0	0.0	0	0.2678227360308285	139	0.01794453507340946	22	0.0	0	0.0	0	0.026101141924959218	32	0.0	0	0.0	16.421157314251996	0.0	16.421157314251953	0.0	1.0	1.0	-4.144730370814716	0.0	0	0.0	0	0.0196078431372549	1	0.27895595432300163	342	0.3983516483516483	145	0.05464926590538336	67	0.37520391517128876	124	1.0	896	1.0	1226	1.0	407	0.29771615008156604	365	0.702283849918434	861	0.0390625	35
korem2015	ERR969470_bin.4.s	metagem_017	0.2263010988379491	0.48667901605948816	0.25	0.25	0.0	0.0	1.0	1493	1.0	1108	1.0	418	0.0	3	3.5717703349282295	2	0.5746818486269256	858	0.28868050904219694	431	1.0	198	1.0	0.0	0.4212567882079131	543	0.01008533747090768	13	0.0	0	0.0	0	0.0	0	0.1619047619047619	85	0.013395847287340924	20	0.0	0	0.0	0	0.020763563295378432	31	0.0	0	0.0	26.375274743038474	0.0	26.416988981280927	0.0	1.0	1.0	-4.144730370814716	0.0	0	0.0	0	0.0196078431372549	1	0.3543201607501674	529	0.41531322505800466	179	0.047555257870060284	71	0.3402545210984595	133	1.0	1108	1.0	1493	1.0	418	0.28064300066979236	419	0.7193569993302076	1074	0.030685920577617327	34
korem2015	ERR969471_bin.4.s	repro_0913							1.0	1226	1.0	896	1.0	407	0.0	3	3.0122850122850124	2	0.8523654159869495	1045	0.0	0	1.0	177	0.0	0	1.0	1045	0.0	0	0.0	0	0.0	0	0.0	0	0.259047619047619	136	0.017128874388254486	21	0.0	0	0.0	0	0.026101141924959218	32	0.0	0	0.0	16.397224957359004	0.0	16.397224957359004	0.0	1.0	1.0	0.0	0.0	0	0.0	0	0.0196078431372549	1	0.27895595432300163	342	1.0	0	0.05464926590538336	67	0.37520391517128876	124	1.0	896	1.0	1226	1.0	407	0.29771615008156604	365	0.702283849918434	861	0.0390625	35
korem2015	ERR969471_bin.4.s	restored_0913							1.0	1226	1.0	896	1.0	407	0.0	3	3.0122850122850124	2	0.5554649265905384	681	0.2969004893964111	364	1.0	177	0.0	0	0.4354066985645933	455	0.010526315789473684	11	0.0	0	0.0	0	0.0	0	0.259047619047619	136	0.017128874388254486	21	0.0	0	0.0	0	0.026101141924959218	32	0.0	0	0.0	16.397224957359004	0.0	16.397224957359004	0.0	1.0	1.0	-4.144730370814716	0.0	0	0.0	0	0.0196078431372549	1	0.27895595432300163	342	0.3983516483516483	145	0.05464926590538336	67	0.37520391517128876	124	1.0	896	1.0	1226	1.0	407	0.29771615008156604	365	0.702283849918434	861	0.0390625	35
korem2015	ERR969471_bin.4.s	restored_017	0.3867603351813878	0.8992884809426164	0.25	0.25	0.0	0.0	1.0	1226	1.0	896	1.0	407	0.0	3	3.0122850122850124	2	0.5554649265905384	681	0.2969004893964111	364	1.0	177	0.0	1.0	0.4354066985645933	455	0.010526315789473684	11	0.0	0	0.0	0	0.0	0	0.259047619047619	136	0.017128874388254486	21	0.0	0	0.0	0	0.026101141924959218	32	0.0	0	0.0	16.397224957358993	0.0	16.39722495735902	0.0	1.0	1.0	-4.144730370814716	0.0	0	0.0	0	0.0196078431372549	1	0.27895595432300163	342	0.3983516483516483	145	0.05464926590538336	67	0.37520391517128876	124	1.0	896	1.0	1226	1.0	407	0.29771615008156604	365	0.702283849918434	861	0.0390625	35
korem2015	ERR969471_bin.4.s	metagem_017	0.2263010988379491	0.48667901605948816	0.25	0.25	0.0	0.0	1.0	1493	1.0	1108	1.0	418	0.0	3	3.5717703349282295	2	0.5746818486269256	858	0.28868050904219694	431	1.0	198	1.0	0.0	0.4212567882079131	543	0.01008533747090768	13	0.0	0	0.0	0	0.0	0	0.1619047619047619	85	0.013395847287340924	20	0.0	0	0.0	0	0.020763563295378432	31	0.0	0	0.0	26.375274743038474	0.0	26.416988981280927	0.0	1.0	1.0	-4.144730370814716	0.0	0	0.0	0	0.0196078431372549	1	0.3543201607501674	529	0.41531322505800466	179	0.047555257870060284	71	0.3402545210984595	133	1.0	1108	1.0	1493	1.0	418	0.28064300066979236	419	0.7193569993302076	1074	0.030685920577617327	34
korem2015	ERR969472_bin.1.p	repro_0913							1.0	1376	1.0	1008	1.0	459	0.0	3	2.997821350762527	2	0.8909883720930233	1226	0.0	0	1.0	145	0.002976190476190476	3	1.0	1226	0.0	0	0.0	0	0.0	0	0.0	0	0.3421875	219	0.025436046511627907	35	0.0	0	0.0	0	0.030523255813953487	42	0.0	0	0.0	47.82011039247322	0.0	47.82011039247322	0.0	1.0	1.0	0.0	0.0	0	0.0	0	0.0196078431372549	1	0.2376453488372093	327	1.0	0	0.05159883720930233	71	0.46584302325581395	147	1.0	1008	1.0	1376	1.0	459	0.2921511627906977	402	0.7078488372093024	974	0.007936507936507936	8
korem2015	ERR969472_bin.1.p	restored_0913							1.0	1376	1.0	1008	1.0	459	0.0	3	2.997821350762527	2	0.6366279069767442	876	0.2543604651162791	350	1.0	145	0.002976190476190476	3	0.4396411092985318	539	0.0	0	0.0	0	0.0	0	0.0	0	0.3421875	219	0.025436046511627907	35	0.0	0	0.0	0	0.030523255813953487	42	0.0	0	0.0	47.82011039247322	0.0	47.82011039247322	0.0	1.0	1.0	-4.144730370814716	0.0	0	0.0	0	0.0196078431372549	1	0.2376453488372093	327	0.3028571428571429	106	0.05159883720930233	71	0.46584302325581395	147	1.0	1008	1.0	1376	1.0	459	0.2921511627906977	402	0.7078488372093024	974	0.007936507936507936	8
korem2015	ERR969472_bin.1.p	restored_017	0.21582433652045194	0.4597387701002097	0.25	0.25	0.0	0.0	1.0	1376	1.0	1008	1.0	459	0.0	3	2.997821350762527	2	0.6366279069767442	876	0.2543604651162791	350	1.0	145	1.0	0.0	0.4396411092985318	539	0.0	0	0.0	0	0.0	0	0.0	0	0.3421875	219	0.025436046511627907	35	0.0	0	0.0	0	0.030523255813953487	42	0.0	0	0.0	47.820110392473374	0.0	47.8201103924744	0.0	1.0	1.0	-4.144730370814716	0.0	0	0.0	0	0.0196078431372549	1	0.2376453488372093	327	0.3028571428571429	106	0.05159883720930233	71	0.46584302325581395	147	1.0	1008	1.0	1376	1.0	459	0.2921511627906977	402	0.7078488372093024	974	0.007936507936507936	8
korem2015	ERR969472_bin.1.p	metagem_017	0.226122723402948	0.48622033636948536	0.25	0.25	0.0	0.0	1.0	1410	1.0	1035	1.0	458	0.0	3	3.078602620087336	2	0.6290780141843971	887	0.2581560283687943	364	1.0	154	1.0	0.0	0.43884892086330934	549	0.002398081534772182	3	0.0	0	0.0	0	0.0	0	0.15521064301552107	70	0.02553191489361702	36	0.0	0	0.0	0	0.031205673758865248	44	0.0	0	0.0	39.41568858848118	0.0	39.4156885884809	0.0	1.0	1.0	-4.144730370814716	0.0	0	0.0	0	0.0196078431372549	1	0.23900709219858157	337	0.3159340659340659	115	0.05177304964539007	73	0.46595744680851064	152	1.0	1035	1.0	1410	1.0	458	0.2907801418439716	410	0.7092198581560284	1000	0.00966183574879227	10
korem2015	ERR969473_bin.1.s	repro_0913							1.0	1243	1.0	911	1.0	410	0.0	3	3.0317073170731708	2	0.8535800482703138	1061	0.0	0	1.0	178	0.003293084522502744	3	1.0	1061	0.0	0	0.0	0	0.0	0	0.0	0	0.23062730627306274	125	0.016894609814963796	21	0.0	0	0.0	0	0.02815768302493966	35	0.0	0	0.0	26.94962302440383	0.0	26.94962302440383	0.0	1.0	1.0	0.0	0.0	0	0.0	0	0.0196078431372549	1	0.28720836685438456	357	1.0	0	0.053901850362027354	67	0.3684633950120676	124	1.0	911	1.0	1243	1.0	410	0.2944489139179405	366	0.7055510860820595	877	0.03732162458836443	34
korem2015	ERR969473_bin.1.s	restored_0913							1.0	1243	1.0	911	1.0	410	0.0	3	3.0317073170731708	2	0.5591311343523733	695	0.2944489139179405	366	1.0	178	0.003293084522502744	3	0.42601319509896324	452	0.011310084825636193	12	0.0	0	0.0	0	0.0	0	0.23062730627306274	125	0.016894609814963796	21	0.0	0	0.0	0	0.02815768302493966	35	0.0	0	0.0	26.94962302440383	0.0	26.94962302440383	0.0	1.0	1.0	-4.144730370814716	0.0	0	0.0	0	0.0196078431372549	1	0.28720836685438456	357	0.3989071038251366	146	0.053901850362027354	67	0.3684633950120676	124	1.0	911	1.0	1243	1.0	410	0.2944489139179405	366	0.7055510860820595	877	0.03732162458836443	34
korem2015	ERR969473_bin.1.s	restored_017	0.22215089335938917	0.47600705911461977	0.25	0.25	0.0	0.0	1.0	1243	1.0	911	1.0	410	0.0	3	3.0317073170731708	2	0.5591311343523733	695	0.2944489139179405	366	1.0	178	1.0	0.0	0.42601319509896324	452	0.011310084825636193	12	0.0	0	0.0	0	0.0	0	0.23062730627306274	125	0.016894609814963796	21	0.0	0	0.0	0	0.02815768302493966	35	0.0	0	0.0	26.94962302440352	0.0	26.949623024403756	0.0	1.0	1.0	-4.144730370814716	0.0	0	0.0	0	0.0196078431372549	1	0.28720836685438456	357	0.3989071038251366	146	0.053901850362027354	67	0.3684633950120676	124	1.0	911	1.0	1243	1.0	410	0.2944489139179405	366	0.7055510860820595	877	0.03732162458836443	34
korem2015	ERR969473_bin.1.s	metagem_017	0.3916587290196027	0.9118843508123117	0.25	0.25	0.0	0.0	1.0	1223	1.0	896	1.0	403	0.0	3	3.034739454094293	2	0.5486508585445625	671	0.3000817661488144	367	1.0	180	0.0	1.0	0.4344894026974952	451	0.009633911368015413	10	0.0	0	0.0	0	0.0	0	0.172686230248307	153	0.003270645952575634	4	0.0	0	0.0	0	0.0482420278004906	59	0.0	0	0.0	41.03384261394793	0.0	41.03384261394798	0.0	1.0	1.0	-4.144730370814716	0.0	0	0.0	0	0.0196078431372549	1	0.29844644317252655	365	0.4223433242506812	155	0.056418642681929684	69	0.3507767784137367	119	1.0	896	1.0	1223	1.0	403	0.2927228127555192	358	0.7072771872444807	865	0.03459821428571429	31
korem2015	ERR969474_bin.1.p	repro_0913							1.0	1795	1.0	1249	1.0	765	0.0	3	2.34640522875817	2	0.8930362116991644	1603	0.0	0	1.0	186	0.0024019215372297837	3	1.0	1603	0.0	0	0.0	0	0.0	0	0.0	0	0.30779392338177014	233	0.03175487465181059	57	0.0008006405124099279	1	0.0008006405124099279	1	0.04902506963788301	88	0.0	0	0.0	50.02051657364923	0.0	50.02051657364923	0.0	1.0	1.0	0.0	0.0	0	0.0	0	0.0196078431372549	1	0.20947075208913649	376	1.0	0	0.0818941504178273	147	0.4406685236768802	201	1.0	1249	1.0	1795	1.0	765	0.3309192200557103	594	0.6690807799442897	1201	0.008807045636509208	11
korem2015	ERR969474_bin.1.p	restored_0913							1.0	1795	1.0	1249	1.0	765	0.0	3	2.34640522875817	2	0.6100278551532033	1095	0.283008356545961	508	1.0	186	0.0024019215372297837	3	0.41796631316281974	670	0.0	0	0.0	0	0.0	0	0.0	0	0.30779392338177014	233	0.03175487465181059	57	0.0008006405124099279	1	0.0008006405124099279	1	0.04902506963788301	88	0.0	0	0.0	50.02051657364923	0.0	50.02051657364923	0.0	1.0	1.0	-4.144730370814716	0.0	0	0.0	0	0.0196078431372549	1	0.20947075208913649	376	0.2795275590551181	142	0.0818941504178273	147	0.4406685236768802	201	1.0	1249	1.0	1795	1.0	765	0.3309192200557103	594	0.6690807799442897	1201	0.008006405124099279	10
korem2015	ERR969474_bin.1.p	restored_017	0.21893924611789314	0.4677485376364871	0.25	0.25	0.0	0.0	1.0	1795	1.0	1249	1.0	765	0.0	3	2.34640522875817	2	0.6100278551532033	1095	0.283008356545961	508	1.0	186	1.0	0.0	0.41796631316281974	670	0.0	0	0.0	0	0.0	0	0.0	0	0.30779392338177014	233	0.03175487465181059	57	0.0	0	0.0	0	0.04902506963788301	88	0.0	0	0.0	50.0205165736491	0.0	50.020516573649395	0.0	1.0	1.0	-4.144730370814716	0.0	0	0.0	0	0.0196078431372549	1	0.20947075208913649	376	0.2795275590551181	142	0.0818941504178273	147	0.4406685236768802	201	1.0	1249	1.0	1795	1.0	765	0.3309192200557103	594	0.6690807799442897	1201	0.008807045636509208	11
korem2015	ERR969474_bin.1.p	metagem_017	0.21871059416517014	0.4671605754723422	0.25	0.25	0.0	0.0	1.0	1861	1.0	1315	1.0	790	0.0	3	2.3556962025316457	2	0.6190220311660397	1152	0.27619559376679204	514	1.0	189	1.0	0.0	0.4117647058823529	686	0.0012004801920768306	2	0.0	0	0.0	0	0.0	0	0.3169107856191744	238	0.03331542181622783	62	0.0	0	0.0	0	0.04889844169801182	91	0.0	0	0.0	53.6162611130844	0.0	53.61626111308476	0.0	1.0	1.0	-4.144730370814716	0.0	0	0.0	0	0.0196078431372549	1	0.21601289629231596	402	0.2723735408560311	140	0.07952713594841483	148	0.43954862976894143	210	1.0	1315	1.0	1861	1.0	790	0.32133261687264913	598	0.6786673831273509	1263	0.009125475285171103	12
korem2015	ERR969475_bin.1.s	repro_0913							1.0	1226	1.0	896	1.0	407	0.0	3	3.0122850122850124	2	0.8523654159869495	1045	0.0	0	1.0	177	0.0	0	1.0	1045	0.0	0	0.0	0	0.0	0	0.0	0	0.259047619047619	136	0.017128874388254486	21	0.0	0	0.0	0	0.026101141924959218	32	0.0	0	0.0	16.397224957359004	0.0	16.397224957359004	0.0	1.0	1.0	0.0	0.0	0	0.0	0	0.0196078431372549	1	0.27895595432300163	342	1.0	0	0.05464926590538336	67	0.37520391517128876	124	1.0	896	1.0	1226	1.0	407	0.29771615008156604	365	0.702283849918434	861	0.0390625	35
korem2015	ERR969475_bin.1.s	restored_0913							1.0	1226	1.0	896	1.0	407	0.0	3	3.0122850122850124	2	0.5554649265905384	681	0.2969004893964111	364	1.0	177	0.0	0	0.4354066985645933	455	0.010526315789473684	11	0.0	0	0.0	0	0.0	0	0.259047619047619	136	0.017128874388254486	21	0.0	0	0.0	0	0.026101141924959218	32	0.0	0	0.0	16.397224957359004	0.0	16.397224957359004	0.0	1.0	1.0	-4.144730370814716	0.0	0	0.0	0	0.0196078431372549	1	0.27895595432300163	342	0.3983516483516483	145	0.05464926590538336	67	0.37520391517128876	124	1.0	896	1.0	1226	1.0	407	0.29771615008156604	365	0.702283849918434	861	0.0390625	35
korem2015	ERR969475_bin.1.s	restored_017	0.3867603351813878	0.8992884809426164	0.25	0.25	0.0	0.0	1.0	1226	1.0	896	1.0	407	0.0	3	3.0122850122850124	2	0.5554649265905384	681	0.2969004893964111	364	1.0	177	0.0	1.0	0.4354066985645933	455	0.010526315789473684	11	0.0	0	0.0	0	0.0	0	0.259047619047619	136	0.017128874388254486	21	0.0	0	0.0	0	0.026101141924959218	32	0.0	0	0.0	16.397224957358993	0.0	16.39722495735902	0.0	1.0	1.0	-4.144730370814716	0.0	0	0.0	0	0.0196078431372549	1	0.27895595432300163	342	0.3983516483516483	145	0.05464926590538336	67	0.37520391517128876	124	1.0	896	1.0	1226	1.0	407	0.29771615008156604	365	0.702283849918434	861	0.0390625	35
korem2015	ERR969475_bin.1.s	metagem_017	0.2263010988379491	0.48667901605948816	0.25	0.25	0.0	0.0	1.0	1493	1.0	1108	1.0	418	0.0	3	3.5717703349282295	2	0.5746818486269256	858	0.28868050904219694	431	1.0	198	1.0	0.0	0.4212567882079131	543	0.01008533747090768	13	0.0	0	0.0	0	0.0	0	0.1619047619047619	85	0.013395847287340924	20	0.0	0	0.0	0	0.020763563295378432	31	0.0	0	0.0	26.375274743038474	0.0	26.416988981280927	0.0	1.0	1.0	-4.144730370814716	0.0	0	0.0	0	0.0196078431372549	1	0.3543201607501674	529	0.41531322505800466	179	0.047555257870060284	71	0.3402545210984595	133	1.0	1108	1.0	1493	1.0	418	0.28064300066979236	419	0.7193569993302076	1074	0.030685920577617327	34
korem2015	ERR969476_bin.1.s	repro_0913							1.0	1268	1.0	919	1.0	406	0.0	3	3.123152709359606	2	0.8509463722397477	1079	0.0	0	1.0	185	0.0	0	1.0	1079	0.0	0	0.0	0	0.0	0	0.0	0	0.34684684684684686	231	0.0031545741324921135	4	0.0	0	0.0	0	0.04258675078864353	54	0.0	0	0.0	32.76976873697701	0.0	32.76976873697701	0.0	1.0	1.0	0.0	0.0	0	0.0	0	0.0196078431372549	1	0.30047318611987384	381	1.0	0	0.0528391167192429	67	0.35962145110410093	123	1.0	919	1.0	1268	1.0	406	0.2996845425867508	380	0.7003154574132492	888	0.03373231773667029	31
korem2015	ERR969476_bin.1.s	restored_0913							1.0	1268	1.0	919	1.0	406	0.0	3	3.123152709359606	2	0.555993690851735	705	0.2949526813880126	374	1.0	185	0.0	0	0.42168674698795183	455	0.009267840593141797	10	0.0	0	0.0	0	0.0	0	0.34684684684684686	231	0.0031545741324921135	4	0.0	0	0.0	0	0.04258675078864353	54	0.0	0	0.0	32.76976873697701	0.0	32.76976873697701	0.0	1.0	1.0	-4.144730370814716	0.0	0	0.0	0	0.0196078431372549	1	0.30047318611987384	381	0.4117647058823529	154	0.0528391167192429	67	0.35962145110410093	123	1.0	919	1.0	1268	1.0	406	0.2996845425867508	380	0.7003154574132492	888	0.03373231773667029	31
korem2015	ERR969476_bin.1.s	restored_017	0.3827147351243737	0.888885509367437	0.25	0.25	0.0	0.0	1.0	1268	1.0	919	1.0	406	0.0	3	3.123152709359606	2	0.555993690851735	705	0.2949526813880126	374	1.0	185	0.0	1.0	0.42168674698795183	455	0.009267840593141797	10	0.0	0	0.0	0	0.0	0	0.34684684684684686	231	0.0031545741324921135	4	0.0	0	0.0	0	0.04258675078864353	54	0.0	0	0.0	32.76976873697682	0.0	32.76976873697703	0.0	1.0	1.0	-4.144730370814716	0.0	0	0.0	0	0.0196078431372549	1	0.30047318611987384	381	0.4117647058823529	154	0.0528391167192429	67	0.35962145110410093	123	1.0	919	1.0	1268	1.0	406	0.2996845425867508	380	0.7003154574132492	888	0.03373231773667029	31
korem2015	ERR969476_bin.1.s	metagem_017	0.2227225474415238	0.4774770267543945	0.25	0.25	0.0	0.0	1.0	1498	1.0	1116	1.0	417	0.0	3	3.592326139088729	2	0.5767690253671562	864	0.2883845126835781	432	1.0	194	1.0	0.0	0.4243827160493827	550	0.010030864197530864	13	0.0	0	0.0	0	0.0	0	0.22324723247232472	121	0.016688918558077435	25	0.0	0	0.0	0	0.027369826435246995	41	0.0	0	0.0	33.52081602182587	0.0	33.876194765454	0.0	1.0	1.0	-4.144730370814716	0.0	0	0.0	0	0.0196078431372549	1	0.35647530040053405	534	0.41435185185185186	179	0.04739652870493992	71	0.3411214953271028	133	1.0	1116	1.0	1498	1.0	417	0.27903871829105475	418	0.7209612817089452	1080	0.03225806451612903	36
korem2015	ERR969477_bin.5.s	repro_0913							1.0	1268	1.0	919	1.0	406	0.0	3	3.123152709359606	2	0.8509463722397477	1079	0.0	0	1.0	185	0.0	0	1.0	1079	0.0	0	0.0	0	0.0	0	0.0	0	0.3452914798206278	231	0.0031545741324921135	4	0.0	0	0.0	0	0.04258675078864353	54	0.0	0	0.0	32.769664742883045	0.0	32.769664742883045	0.0	1.0	1.0	0.0	0.0	0	0.0	0	0.0196078431372549	1	0.30047318611987384	381	1.0	0	0.0528391167192429	67	0.35962145110410093	123	1.0	919	1.0	1268	1.0	406	0.2996845425867508	380	0.7003154574132492	888	0.03373231773667029	31
korem2015	ERR969477_bin.5.s	restored_0913							1.0	1268	1.0	919	1.0	406	0.0	3	3.123152709359606	2	0.555993690851735	705	0.2949526813880126	374	1.0	185	0.0	0	0.422613531047266	456	0.009267840593141797	10	0.0	0	0.0	0	0.0	0	0.3452914798206278	231	0.0031545741324921135	4	0.0	0	0.0	0	0.04258675078864353	54	0.0	0	0.0	32.769664742883045	0.0	32.769664742883045	0.0	1.0	1.0	-4.144730370814716	0.0	0	0.0	0	0.0196078431372549	1	0.30047318611987384	381	0.4117647058823529	154	0.0528391167192429	67	0.35962145110410093	123	1.0	919	1.0	1268	1.0	406	0.2996845425867508	380	0.7003154574132492	888	0.03373231773667029	31
korem2015	ERR969477_bin.5.s	restored_017	0.3827496564003128	0.8889753069341377	0.25	0.25	0.0	0.0	1.0	1268	1.0	919	1.0	406	0.0	3	3.123152709359606	2	0.555993690851735	705	0.2949526813880126	374	1.0	185	0.0	1.0	0.422613531047266	456	0.009267840593141797	10	0.0	0	0.0	0	0.0	0	0.3452914798206278	231	0.0031545741324921135	4	0.0	0	0.0	0	0.04258675078864353	54	0.0	0	0.0	32.76966474289344	0.0	32.7696647428831	0.0	1.0	1.0	-4.144730370814716	0.0	0	0.0	0	0.0196078431372549	1	0.30047318611987384	381	0.4117647058823529	154	0.0528391167192429	67	0.35962145110410093	123	1.0	919	1.0	1268	1.0	406	0.2996845425867508	380	0.7003154574132492	888	0.03373231773667029	31
korem2015	ERR969477_bin.5.s	metagem_017	0.2227225474415238	0.4774770267543945	0.25	0.25	0.0	0.0	1.0	1498	1.0	1116	1.0	417	0.0	3	3.592326139088729	2	0.5767690253671562	864	0.2883845126835781	432	1.0	194	1.0	0.0	0.4243827160493827	550	0.010030864197530864	13	0.0	0	0.0	0	0.0	0	0.22324723247232472	121	0.016688918558077435	25	0.0	0	0.0	0	0.027369826435246995	41	0.0	0	0.0	33.52081602182587	0.0	33.876194765454	0.0	1.0	1.0	-4.144730370814716	0.0	0	0.0	0	0.0196078431372549	1	0.35647530040053405	534	0.41435185185185186	179	0.04739652870493992	71	0.3411214953271028	133	1.0	1116	1.0	1498	1.0	417	0.27903871829105475	418	0.7209612817089452	1080	0.03225806451612903	36
korem2015	ERR969479_bin.2.p	repro_0913							1.0	1463	1.0	1050	1.0	498	0.0	3	2.9377510040160644	2	0.8851674641148325	1295	0.0	0	1.0	162	0.002857142857142857	3	1.0	1295	0.0	0	0.0	0	0.0	0	0.0	0	0.34615384615384615	225	0.023923444976076555	35	0.0	0	0.0	0	0.032809295967190705	48	0.0	0	0.0	51.78020749046125	0.0	51.96014465322329	0.0	1.0	1.0	0.0	0.0	0	0.0	0	0.0196078431372549	1	0.2077922077922078	304	1.0	0	0.050580997949419004	74	0.4805194805194805	159	1.0	1050	1.0	1463	1.0	498	0.30485304169514693	446	0.6951469583048531	1017	0.007619047619047619	8
korem2015	ERR969479_bin.2.p	restored_0913							1.0	1463	1.0	1050	1.0	498	0.0	3	2.9377510040160644	2	0.621326042378674	909	0.2638414217361586	386	1.0	162	0.002857142857142857	3	0.4494208494208494	582	0.0	0	0.0	0	0.0	0	0.0	0	0.34615384615384615	225	0.023923444976076555	35	0.0	0	0.0	0	0.032809295967190705	48	0.0	0	0.0	51.78020749046125	0.0	51.96014465322329	0.0	1.0	1.0	-4.144730370814716	0.0	0	0.0	0	0.0196078431372549	1	0.2077922077922078	304	0.2979274611398964	115	0.050580997949419004	74	0.4805194805194805	159	1.0	1050	1.0	1463	1.0	498	0.30485304169514693	446	0.6951469583048531	1017	0.007619047619047619	8
korem2015	ERR969479_bin.2.p	restored_017	0.21506066506066507	0.45777504348932924	0.25	0.25	0.0	0.0	1.0	1463	1.0	1050	1.0	498	0.0	3	2.9377510040160644	2	0.621326042378674	909	0.2638414217361586	386	1.0	162	1.0	0.0	0.4494208494208494	582	0.0	0	0.0	0	0.0	0	0.0	0	0.34615384615384615	225	0.023923444976076555	35	0.0	0	0.0	0	0.032809295967190705	48	0.0	0	0.0	51.7802074904611	0.0	51.96014465322331	0.0	1.0	1.0	-4.144730370814716	0.0	0	0.0	0	0.0196078431372549	1	0.2077922077922078	304	0.2979274611398964	115	0.050580997949419004	74	0.4805194805194805	159	1.0	1050	1.0	1463	1.0	498	0.30485304169514693	446	0.6951469583048531	1017	0.008571428571428572	9
korem2015	ERR969479_bin.2.p	metagem_017	0.21980986080429202	0.4699872611157985	0.25	0.25	0.0	0.0	1.0	1656	1.0	1207	1.0	512	0.0	3	3.234375	2	0.6213768115942029	1029	0.2638888888888889	437	1.0	183	1.0	0.0	0.4427012278308322	649	0.0	0	0.0	0	0.0	0	0.0	0	0.26738794435857804	173	0.030193236714975844	50	0.0	0	0.0	0	0.0320048309178744	53	0.0	0	0.0	56.002999419650166	0.0	56.002999419650465	0.0	1.0	1.0	-4.144730370814716	0.0	0	0.0	0	0.0196078431372549	1	0.24396135265700483	404	0.30434782608695654	133	0.049516908212560384	82	0.46316425120772947	174	1.0	1207	1.0	1656	1.0	512	0.2928743961352657	485	0.7071256038647343	1171	0.009113504556752278	11
korem2015	ERR969480_bin.2.p	repro_0913							1.0	1419	1.0	1023	1.0	555	0.0	3	2.556756756756757	2	0.8879492600422833	1260	0.0	0	1.0	153	0.002932551319648094	3	1.0	1260	0.0	0	0.0	0	0.0	0	0.0	0	0.3530534351145038	185	0.023960535588442564	34	0.0009775171065493646	1	0.0009775171065493646	1	0.058491895701198025	83	0.0	0	0.0	34.33535847342983	0.0	34.33535847342983	0.0	1.0	1.0	0.0	0.0	0	0.0	0	0.0196078431372549	1	0.2022551092318534	287	1.0	0	0.09866102889358704	140	0.4608879492600423	145	1.0	1023	1.0	1419	1.0	555	0.29809725158562367	423	0.7019027484143763	996	0.026392961876832845	27
korem2015	ERR969480_bin.2.p	restored_0913							1.0	1419	1.0	1023	1.0	555	0.0	3	2.556756756756757	2	0.5990133897110641	850	0.28893587033121915	410	1.0	153	0.002932551319648094	3	0.4357142857142857	549	0.0015873015873015873	2	0.0	0	0.0	0	0.0	0	0.3530534351145038	185	0.023960535588442564	34	0.0009775171065493646	1	0.0009775171065493646	1	0.058491895701198025	83	0.0	0	0.0	34.33535847342983	0.0	34.33535847342983	0.0	1.0	1.0	-4.144730370814716	0.0	0	0.0	0	0.0196078431372549	1	0.2022551092318534	287	0.20243902439024392	83	0.09866102889358704	140	0.4608879492600423	145	1.0	1023	1.0	1419	1.0	555	0.29809725158562367	423	0.7019027484143763	996	0.026392961876832845	27
korem2015	ERR969480_bin.2.p	restored_017	0.21535064690280972	0.4585207110834156	0.25	0.25	0.0	0.0	1.0	1419	1.0	1023	1.0	555	0.0	3	2.556756756756757	2	0.5990133897110641	850	0.28893587033121915	410	1.0	153	1.0	0.0	0.4357142857142857	549	0.0015873015873015873	2	0.0	0	0.0	0	0.0	0	0.3530534351145038	185	0.023960535588442564	34	0.0	0	0.0	0	0.058491895701198025	83	0.0	0	0.0	34.33535847342993	0.0	34.33535847342995	0.0	1.0	1.0	-4.144730370814716	0.0	0	0.0	0	0.0196078431372549	1	0.2022551092318534	287	0.20243902439024392	83	0.09866102889358704	140	0.4608879492600423	145	1.0	1023	1.0	1419	1.0	555	0.29809725158562367	423	0.7019027484143763	996	0.026392961876832845	27
korem2015	ERR969480_bin.2.p	metagem_017	0.21231620351316757	0.45071785665290715	0.25	0.25	0.0	0.0	1.0	1376	1.0	996	1.0	552	0.0	3	2.4927536231884058	2	0.6002906976744186	826	0.2877906976744186	396	1.0	149	1.0	0.0	0.44762684124386254	547	0.0016366612111292963	2	0.0	0	0.0	0	0.0	0	0.39571150097465885	203	0.029796511627906978	41	0.0	0	0.0	0	0.05813953488372093	80	0.0	0	0.0	34.51648606452507	0.0	34.51648606452498	0.0	1.0	1.0	-4.144730370814716	0.0	0	0.0	0	0.0196078431372549	1	0.19476744186046513	268	0.21212121212121213	84	0.10101744186046512	139	0.4643895348837209	143	1.0	996	1.0	1376	1.0	552	0.29578488372093026	407	0.7042151162790697	969	0.02710843373493976	27
korem2015	ERR969480_bin.3.p	repro_0913							1.0	1480	1.0	1056	1.0	497	0.0	3	2.977867203219316	2	0.8871621621621621	1313	0.0	0	1.0	162	0.002840909090909091	3	1.0	1313	0.0	0	0.0	0	0.0	0	0.0	0	0.3073394495412844	201	0.02364864864864865	35	0.0	0	0.0	0	0.033783783783783786	50	0.0	0	0.0	51.51834379584577	0.0	51.51834379584577	0.0	1.0	1.0	0.0	0.0	0	0.0	0	0.0196078431372549	1	0.2168918918918919	321	1.0	0	0.05	74	0.475	158	1.0	1056	1.0	1480	1.0	497	0.3081081081081081	456	0.6918918918918919	1024	0.008522727272727272	9
korem2015	ERR969480_bin.3.p	restored_0913							1.0	1480	1.0	1056	1.0	497	0.0	3	2.977867203219316	2	0.6229729729729729	922	0.2641891891891892	391	1.0	162	0.002840909090909091	3	0.44706778370144706	587	0.002284843869002285	3	0.0	0	0.0	0	0.0	0	0.3073394495412844	201	0.02364864864864865	35	0.0	0	0.0	0	0.033783783783783786	50	0.0	0	0.0	51.51834379584577	0.0	51.51834379584577	0.0	1.0	1.0	-4.144730370814716	0.0	0	0.0	0	0.0196078431372549	1	0.2168918918918919	321	0.309462915601023	121	0.05	74	0.475	158	1.0	1056	1.0	1480	1.0	497	0.3081081081081081	456	0.6918918918918919	1024	0.008522727272727272	9
korem2015	ERR969480_bin.3.p	restored_017	0.21722081053082962	0.46332970326975237	0.25	0.25	0.0	0.0	1.0	1480	1.0	1056	1.0	497	0.0	3	2.977867203219316	2	0.6229729729729729	922	0.2641891891891892	391	1.0	162	1.0	0.0	0.44706778370144706	587	0.002284843869002285	3	0.0	0	0.0	0	0.0	0	0.3073394495412844	201	0.02364864864864865	35	0.0	0	0.0	0	0.033783783783783786	50	0.0	0	0.0	51.51834379584579	0.0	51.518343795845745	0.0	1.0	1.0	-4.144730370814716	0.0	0	0.0	0	0.0196078431372549	1	0.2168918918918919	321	0.309462915601023	121	0.05	74	0.475	158	1.0	1056	1.0	1480	1.0	497	0.3081081081081081	456	0.6918918918918919	1024	0.008522727272727272	9
korem2015	ERR969480_bin.3.p	metagem_017	0.21547027554665626	0.4588283275961637	0.25	0.25	0.0	0.0	1.0	1543	1.0	1115	1.0	506	0.0	3	3.049407114624506	2	0.626701231367466	967	0.26053143227478937	402	1.0	168	1.0	0.0	0.4397370343316289	602	0.002191380569758948	3	0.0	0	0.0	0	0.0	0	0.34627329192546585	223	0.02268308489954634	35	0.0	0	0.0	0	0.0304601425793908	47	0.0	0	0.0	51.54049558967187	0.0	51.54049558967319	0.0	1.0	1.0	-4.144730370814716	0.0	0	0.0	0	0.0196078431372549	1	0.22423849643551522	346	0.3009950248756219	121	0.049902786779001944	77	0.47180816591056385	165	1.0	1115	1.0	1543	1.0	506	0.29812054439403757	460	0.7018794556059624	1083	0.007174887892376682	8
korem2015	ERR969481_bin.1.p	repro_0913							1.0	1696	1.0	1163	1.0	987	0.0	3	1.718338399189463	2	0.8838443396226415	1499	0.0	0	1.0	189	0.005159071367153913	6	1.0	1499	0.0	0	0.0	0	0.0	0	0.0	0	0.5639943741209564	401	0.018278301886792452	31	0.0	0	0.0	0	0.06780660377358491	115	0.0	0	0.0	69.94947505520217	0.0	69.94947505520217	0.0	1.0	1.0	0.0	0.0	0	0.0	0	0.0196078431372549	1	0.14150943396226415	240	1.0	0	0.11674528301886793	198	0.42865566037735847	183	1.0	1163	1.0	1696	1.0	987	0.33667452830188677	571	0.6633254716981132	1125	0.009458297506448839	11
korem2015	ERR969481_bin.1.p	restored_0913							1.0	1696	1.0	1163	1.0	987	0.0	3	1.718338399189463	2	0.6167452830188679	1046	0.2670990566037736	453	1.0	189	0.005159071367153913	6	0.39426284189459637	591	0.0	0	0.0	0	0.0	0	0.0	0	0.5639943741209564	401	0.018278301886792452	31	0.0	0	0.0	0	0.06780660377358491	115	0.0	0	0.0	69.94947505520217	0.0	69.94947505520217	0.0	1.0	1.0	-4.144730370814716	0.0	0	0.0	0	0.0196078431372549	1	0.14150943396226415	240	0.2185430463576159	99	0.11674528301886793	198	0.42865566037735847	183	1.0	1163	1.0	1696	1.0	987	0.33667452830188677	571	0.6633254716981132	1125	0.009458297506448839	11
korem2015	ERR969481_bin.1.p	restored_017	0.20602274725839523	0.4345346834263496	0.25	0.25	0.0	0.0	1.0	1696	1.0	1163	1.0	987	0.0	3	1.718338399189463	2	0.6167452830188679	1046	0.2670990566037736	453	1.0	189	1.0	0.0	0.39426284189459637	591	0.0	0	0.0	0	0.0	0	0.0	0	0.5639943741209564	401	0.018278301886792452	31	0.0	0	0.0	0	0.06780660377358491	115	0.0	0	0.0	69.94947505539038	0.0	69.94947505520214	0.0	1.0	1.0	-4.144730370814716	0.0	0	0.0	0	0.0196078431372549	1	0.14150943396226415	240	0.2185430463576159	99	0.11674528301886793	198	0.42865566037735847	183	1.0	1163	1.0	1696	1.0	987	0.33667452830188677	571	0.6633254716981132	1125	0.009458297506448839	11
korem2015	ERR969481_bin.1.p	metagem_017	0.20691487620216903	0.43682872928176797	0.25	0.25	0.0	0.0	1.0	1696	1.0	1168	1.0	986	0.0	3	1.720081135902637	2	0.6179245283018868	1048	0.2665094339622642	452	1.0	188	1.0	0.0	0.398	597	0.0	0	0.0	0	0.0	0	0.0	0	0.5441988950276243	394	0.018867924528301886	32	0.0	0	0.0	0	0.08254716981132075	140	0.0	0	0.0	53.79893224069876	0.0	53.79893224069856	0.0	1.0	1.0	-4.144730370814716	0.0	0	0.0	0	0.0196078431372549	1	0.14563679245283018	247	0.21238938053097345	96	0.1179245283018868	200	0.4251179245283019	184	1.0	1168	1.0	1696	1.0	986	0.33490566037735847	568	0.6650943396226415	1128	0.009417808219178082	11
korem2015	ERR969481_bin.5.s	repro_0913							1.0	1418	1.0	1016	1.0	562	0.0	3	2.5231316725978647	2	0.886459802538787	1257	0.0	0	1.0	156	0.002952755905511811	3	1.0	1257	0.0	0	0.0	0	0.0	0	0.0	0	0.32745098039215687	167	0.031029619181946404	44	0.000984251968503937	1	0.000984251968503937	1	0.0846262341325811	120	0.0	0	0.0	54.595941095955624	0.0	54.595941095955624	0.0	1.0	1.0	0.0	0.0	0	0.0	0	0.0196078431372549	1	0.19605077574047955	278	1.0	0	0.1001410437235543	142	0.46544428772919605	148	1.0	1016	1.0	1418	1.0	562	0.3032440056417489	430	0.6967559943582511	988	0.027559055118110236	28
korem2015	ERR969481_bin.5.s	restored_0913							1.0	1418	1.0	1016	1.0	562	0.0	3	2.5231316725978647	2	0.5923836389280677	840	0.2940761636107193	417	1.0	156	0.002952755905511811	3	0.4407319013524264	554	0.0015910898965791568	2	0.0	0	0.0	0	0.0	0	0.32745098039215687	167	0.031029619181946404	44	0.000984251968503937	1	0.000984251968503937	1	0.0846262341325811	120	0.0	0	0.0	54.595941095955624	0.0	54.595941095955624	0.0	1.0	1.0	-4.144730370814716	0.0	0	0.0	0	0.0196078431372549	1	0.19605077574047955	278	0.21103117505995203	88	0.1001410437235543	142	0.46544428772919605	148	1.0	1016	1.0	1418	1.0	562	0.3032440056417489	430	0.6967559943582511	988	0.027559055118110236	28
korem2015	ERR969481_bin.5.s	restored_017	0.21649403861252803	0.4614608611941197	0.25	0.25	0.0	0.0	1.0	1418	1.0	1016	1.0	562	0.0	3	2.5231316725978647	2	0.5923836389280677	840	0.2940761636107193	417	1.0	156	1.0	0.0	0.4407319013524264	554	0.0015910898965791568	2	0.0	0	0.0	0	0.0	0	0.32745098039215687	167	0.031029619181946404	44	0.0	0	0.0	0	0.0846262341325811	120	0.0	0	0.0	54.59594109600798	0.0	54.59594109600799	0.0	1.0	1.0	-4.144730370814716	0.0	0	0.0	0	0.0196078431372549	1	0.19605077574047955	278	0.21103117505995203	88	0.1001410437235543	142	0.46544428772919605	148	1.0	1016	1.0	1418	1.0	562	0.3032440056417489	430	0.6967559943582511	988	0.027559055118110236	28
korem2015	ERR969481_bin.5.s	metagem_017	0.2120787003650941	0.45010713427214677	0.25	0.25	0.0	0.0	1.0	1398	1.0	1018	1.0	552	0.0	3	2.532608695652174	2	0.600143061516452	839	0.2875536480686695	402	1.0	152	1.0	0.0	0.44238517324738114	549	0.0016116035455278	2	0.0	0	0.0	0	0.0	0	0.4052532833020638	216	0.02861230329041488	40	0.0	0	0.0	0	0.07439198855507868	104	0.0	0	0.0	34.25601198406216	0.0	34.25601198406212	0.0	1.0	1.0	-4.144730370814716	0.0	0	0.0	0	0.0196078431372549	1	0.19599427753934193	274	0.21144278606965175	85	0.10085836909871244	141	0.46924177396280403	150	1.0	1018	1.0	1398	1.0	552	0.2925608011444921	409	0.7074391988555079	989	0.02848722986247544	29
korem2015	ERR969482_bin.4.p	repro_0913							1.0	1268	1.0	919	1.0	406	0.0	3	3.123152709359606	2	0.8509463722397477	1079	0.0	0	1.0	185	0.0	0	1.0	1079	0.0	0	0.0	0	0.0	0	0.0	0	0.3452914798206278	231	0.0031545741324921135	4	0.0	0	0.0	0	0.04258675078864353	54	0.0	0	0.0	32.76966474288314	0.0	32.76966474288314	0.0	1.0	1.0	0.0	0.0	0	0.0	0	0.0196078431372549	1	0.30047318611987384	381	1.0	0	0.0528391167192429	67	0.35962145110410093	123	1.0	919	1.0	1268	1.0	406	0.2996845425867508	380	0.7003154574132492	888	0.03373231773667029	31
korem2015	ERR969482_bin.4.p	restored_0913							1.0	1268	1.0	919	1.0	406	0.0	3	3.123152709359606	2	0.555993690851735	705	0.2949526813880126	374	1.0	185	0.0	0	0.422613531047266	456	0.009267840593141797	10	0.0	0	0.0	0	0.0	0	0.3452914798206278	231	0.0031545741324921135	4	0.0	0	0.0	0	0.04258675078864353	54	0.0	0	0.0	32.76966474288314	0.0	32.76966474288314	0.0	1.0	1.0	-4.144730370814716	0.0	0	0.0	0	0.0196078431372549	1	0.30047318611987384	381	0.4117647058823529	154	0.0528391167192429	67	0.35962145110410093	123	1.0	919	1.0	1268	1.0	406	0.2996845425867508	380	0.7003154574132492	888	0.03373231773667029	31
korem2015	ERR969482_bin.4.p	restored_017	0.3827496564003128	0.8889753069341377	0.25	0.25	0.0	0.0	1.0	1268	1.0	919	1.0	406	0.0	3	3.123152709359606	2	0.555993690851735	705	0.2949526813880126	374	1.0	185	0.0	1.0	0.422613531047266	456	0.009267840593141797	10	0.0	0	0.0	0	0.0	0	0.3452914798206278	231	0.0031545741324921135	4	0.0	0	0.0	0	0.04258675078864353	54	0.0	0	0.0	32.769664742883116	0.0	32.7696647428831	0.0	1.0	1.0	-4.144730370814716	0.0	0	0.0	0	0.0196078431372549	1	0.30047318611987384	381	0.4117647058823529	154	0.0528391167192429	67	0.35962145110410093	123	1.0	919	1.0	1268	1.0	406	0.2996845425867508	380	0.7003154574132492	888	0.03373231773667029	31
korem2015	ERR969482_bin.4.p	metagem_017	0.2227225474415238	0.4774770267543945	0.25	0.25	0.0	0.0	1.0	1498	1.0	1116	1.0	417	0.0	3	3.592326139088729	2	0.5767690253671562	864	0.2883845126835781	432	1.0	194	1.0	0.0	0.4243827160493827	550	0.010030864197530864	13	0.0	0	0.0	0	0.0	0	0.22324723247232472	121	0.016688918558077435	25	0.0	0	0.0	0	0.027369826435246995	41	0.0	0	0.0	33.52081602182587	0.0	33.876194765454	0.0	1.0	1.0	-4.144730370814716	0.0	0	0.0	0	0.0196078431372549	1	0.35647530040053405	534	0.41435185185185186	179	0.04739652870493992	71	0.3411214953271028	133	1.0	1116	1.0	1498	1.0	417	0.27903871829105475	418	0.7209612817089452	1080	0.03225806451612903	36
korem2015	ERR969483_bin.4.s	repro_0913							1.0	1493	1.0	1080	1.0	498	0.0	3	2.997991967871486	2	0.8774279973208305	1310	0.0	0	1.0	177	0.002777777777777778	3	1.0	1310	0.0	0	0.0	0	0.0	0	0.0	0	0.43447037701974867	242	0.0026791694574681848	4	0.000925925925925926	1	0.000925925925925926	1	0.07166778298727394	107	0.0	0	0.0	41.635980619466004	0.0	41.635980619466004	0.0	1.0	1.0	0.0	0.0	0	0.0	0	0.0196078431372549	1	0.25452109845947757	380	1.0	0	0.09176155391828533	137	0.43402545210984594	139	1.0	1080	1.0	1493	1.0	498	0.2953784326858674	441	0.7046215673141326	1052	0.025925925925925925	28
korem2015	ERR969483_bin.4.s	restored_0913							1.0	1493	1.0	1080	1.0	498	0.0	3	2.997991967871486	2	0.5820495646349632	869	0.2953784326858674	441	1.0	177	0.002777777777777778	3	0.4305343511450382	564	0.0015267175572519084	2	0.0	0	0.0	0	0.0	0	0.43447037701974867	242	0.0026791694574681848	4	0.000925925925925926	1	0.000925925925925926	1	0.07166778298727394	107	0.0	0	0.0	41.635980619466004	0.0	41.635980619466004	0.0	1.0	1.0	-4.144730370814716	0.0	0	0.0	0	0.0196078431372549	1	0.25452109845947757	380	0.2675736961451247	118	0.09176155391828533	137	0.43402545210984594	139	1.0	1080	1.0	1493	1.0	498	0.2953784326858674	441	0.7046215673141326	1052	0.025925925925925925	28
korem2015	ERR969483_bin.4.s	restored_017	0.21111862338581264	0.44763836489685155	0.25	0.25	0.0	0.0	1.0	1493	1.0	1080	1.0	498	0.0	3	2.997991967871486	2	0.5820495646349632	869	0.2953784326858674	441	1.0	177	1.0	0.0	0.4305343511450382	564	0.0015267175572519084	2	0.0	0	0.0	0	0.0	0	0.43447037701974867	242	0.0026791694574681848	4	0.0	0	0.0	0	0.07166778298727394	107	0.0	0	0.0	41.635980619466025	0.0	41.63598061946602	0.0	1.0	1.0	-4.144730370814716	0.0	0	0.0	0	0.0196078431372549	1	0.25452109845947757	380	0.2675736961451247	118	0.09176155391828533	137	0.43402545210984594	139	1.0	1080	1.0	1493	1.0	498	0.2953784326858674	441	0.7046215673141326	1052	0.025925925925925925	28
korem2015	ERR969483_bin.4.s	metagem_017	0.20753643516581166	0.43842702375970616	0.25	0.25	0.0	0.0	1.0	1446	1.0	1045	1.0	492	0.0	3	2.9390243902439024	2	0.6044260027662517	874	0.2835408022130014	410	1.0	156	1.0	0.0	0.4369158878504673	561	0.001557632398753894	2	0.0	0	0.0	0	0.0	0	0.4925373134328358	264	0.002074688796680498	3	0.0	0	0.0	0	0.07676348547717843	111	0.0	0	0.0	35.62154440492849	0.0	35.62154440495026	0.0	1.0	1.0	-4.144730370814716	0.0	0	0.0	0	0.0196078431372549	1	0.2579529737206086	373	0.25365853658536586	104	0.09059474412171507	131	0.43568464730290457	136	1.0	1045	1.0	1446	1.0	492	0.29529737206085754	427	0.7047026279391425	1019	0.024880382775119617	26
korem2015	ERR969484_bin.2.s	repro_0913							1.0	1226	1.0	896	1.0	407	0.0	3	3.0122850122850124	2	0.8523654159869495	1045	0.0	0	1.0	177	0.0	0	1.0	1045	0.0	0	0.0	0	0.0	0	0.0	0	0.259047619047619	136	0.017128874388254486	21	0.0	0	0.0	0	0.026101141924959218	32	0.0	0	0.0	16.397224957359004	0.0	16.397224957359004	0.0	1.0	1.0	0.0	0.0	0	0.0	0	0.0196078431372549	1	0.27895595432300163	342	1.0	0	0.05464926590538336	67	0.37520391517128876	124	1.0	896	1.0	1226	1.0	407	0.29771615008156604	365	0.702283849918434	861	0.0390625	35
korem2015	ERR969484_bin.2.s	restored_0913							1.0	1226	1.0	896	1.0	407	0.0	3	3.0122850122850124	2	0.5554649265905384	681	0.2969004893964111	364	1.0	177	0.0	0	0.4354066985645933	455	0.010526315789473684	11	0.0	0	0.0	0	0.0	0	0.259047619047619	136	0.017128874388254486	21	0.0	0	0.0	0	0.026101141924959218	32	0.0	0	0.0	16.397224957359004	0.0	16.397224957359004	0.0	1.0	1.0	-4.144730370814716	0.0	0	0.0	0	0.0196078431372549	1	0.27895595432300163	342	0.3983516483516483	145	0.05464926590538336	67	0.37520391517128876	124	1.0	896	1.0	1226	1.0	407	0.29771615008156604	365	0.702283849918434	861	0.0390625	35
korem2015	ERR969484_bin.2.s	restored_017	0.3867603351813878	0.8992884809426164	0.25	0.25	0.0	0.0	1.0	1226	1.0	896	1.0	407	0.0	3	3.0122850122850124	2	0.5554649265905384	681	0.2969004893964111	364	1.0	177	0.0	1.0	0.4354066985645933	455	0.010526315789473684	11	0.0	0	0.0	0	0.0	0	0.259047619047619	136	0.017128874388254486	21	0.0	0	0.0	0	0.026101141924959218	32	0.0	0	0.0	16.397224957358993	0.0	16.39722495735902	0.0	1.0	1.0	-4.144730370814716	0.0	0	0.0	0	0.0196078431372549	1	0.27895595432300163	342	0.3983516483516483	145	0.05464926590538336	67	0.37520391517128876	124	1.0	896	1.0	1226	1.0	407	0.29771615008156604	365	0.702283849918434	861	0.0390625	35
korem2015	ERR969484_bin.2.s	metagem_017	0.2263010988379491	0.48667901605948816	0.25	0.25	0.0	0.0	1.0	1493	1.0	1108	1.0	418	0.0	3	3.5717703349282295	2	0.5746818486269256	858	0.28868050904219694	431	1.0	198	1.0	0.0	0.4212567882079131	543	0.01008533747090768	13	0.0	0	0.0	0	0.0	0	0.1619047619047619	85	0.013395847287340924	20	0.0	0	0.0	0	0.020763563295378432	31	0.0	0	0.0	26.375274743038474	0.0	26.416988981280927	0.0	1.0	1.0	-4.144730370814716	0.0	0	0.0	0	0.0196078431372549	1	0.3543201607501674	529	0.41531322505800466	179	0.047555257870060284	71	0.3402545210984595	133	1.0	1108	1.0	1493	1.0	418	0.28064300066979236	419	0.7193569993302076	1074	0.030685920577617327	34
korem2015	ERR969484_bin.3.p	repro_0913							1.0	1902	1.0	1325	1.0	1013	0.0	3	1.8775913129318855	2	0.8848580441640379	1683	0.0	0	1.0	211	0.004528301886792453	6	1.0	1683	0.0	0	0.0	0	0.0	0	0.0	0	0.46613545816733065	351	0.028391167192429023	54	0.0	0	0.0	0	0.060988433228180865	116	0.0	0	0.0	70.61520342272934	0.0	70.61520342272934	0.0	1.0	1.0	0.0	0.0	0	0.0	0	0.0196078431372549	1	0.1819137749737119	346	1.0	0	0.11303890641430074	215	0.40904311251314407	190	1.0	1325	1.0	1902	1.0	1013	0.323869610935857	616	0.676130389064143	1286	0.00830188679245283	11
korem2015	ERR969484_bin.3.p	restored_0913							1.0	1902	1.0	1325	1.0	1013	0.0	3	1.8775913129318855	2	0.61198738170347	1164	0.27287066246056785	519	1.0	211	0.004528301886792453	6	0.39809863339275103	670	0.0	0	0.0	0	0.0	0	0.0	0	0.46613545816733065	351	0.028391167192429023	54	0.0	0	0.0	0	0.060988433228180865	116	0.0	0	0.0	70.61520342272934	0.0	70.61520342272934	0.0	1.0	1.0	-4.144730370814716	0.0	0	0.0	0	0.0196078431372549	1	0.1819137749737119	346	0.2543352601156069	132	0.11303890641430074	215	0.40904311251314407	190	1.0	1325	1.0	1902	1.0	1013	0.323869610935857	616	0.676130389064143	1286	0.009811320754716982	13
korem2015	ERR969484_bin.3.p	restored_017	0.21124625417258808	0.4479665583485598	0.25	0.25	0.0	0.0	1.0	1902	1.0	1325	1.0	1013	0.0	3	1.8775913129318855	2	0.61198738170347	1164	0.27287066246056785	519	1.0	211	1.0	0.0	0.39809863339275103	670	0.0	0	0.0	0	0.0	0	0.0	0	0.46613545816733065	351	0.028391167192429023	54	0.0	0	0.0	0	0.060988433228180865	116	0.0	0	0.0	70.61520342272927	0.0	70.61520342273062	0.0	1.0	1.0	-4.144730370814716	0.0	0	0.0	0	0.0196078431372549	1	0.1819137749737119	346	0.2543352601156069	132	0.11303890641430074	215	0.40904311251314407	190	1.0	1325	1.0	1902	1.0	1013	0.323869610935857	616	0.676130389064143	1286	0.00830188679245283	11
korem2015	ERR969484_bin.3.p	metagem_017	0.20688814644858602	0.43675999562969736	0.25	0.25	0.0	0.0	1.0	1911	1.0	1331	1.0	1013	0.0	3	1.8864758144126357	2	0.6070120355834642	1160	0.2773417059131345	530	1.0	213	1.0	0.0	0.4011834319526627	678	0.0	0	0.0	0	0.0	0	0.0	0	0.5414965986394558	398	0.027210884353741496	52	0.0	0	0.0	0	0.06331763474620618	121	0.0	0	0.0	52.464130260914516	0.0	52.46413026091451	0.0	1.0	1.0	-4.144730370814716	0.0	0	0.0	0	0.0196078431372549	1	0.18210361067503925	348	0.2490566037735849	132	0.11355311355311355	217	0.4097331240188383	193	1.0	1331	1.0	1911	1.0	1013	0.3249607535321821	621	0.6750392464678179	1290	0.009015777610818933	12
korem2015	ERR969487_bin.1.s	repro_0913							1.0	1226	1.0	896	1.0	407	0.0	3	3.0122850122850124	2	0.8523654159869495	1045	0.0	0	1.0	177	0.0	0	1.0	1045	0.0	0	0.0	0	0.0	0	0.0	0	0.26053639846743293	136	0.017128874388254486	21	0.0	0	0.0	0	0.026101141924959218	32	0.0	0	0.0	16.397277033091243	0.0	16.397277033091243	0.0	1.0	1.0	0.0	0.0	0	0.0	0	0.0196078431372549	1	0.27895595432300163	342	1.0	0	0.05464926590538336	67	0.37520391517128876	124	1.0	896	1.0	1226	1.0	407	0.29771615008156604	365	0.702283849918434	861	0.0390625	35
korem2015	ERR969487_bin.1.s	restored_0913							1.0	1226	1.0	896	1.0	407	0.0	3	3.0122850122850124	2	0.5554649265905384	681	0.2969004893964111	364	1.0	177	0.0	0	0.43444976076555025	454	0.010526315789473684	11	0.0	0	0.0	0	0.0	0	0.26053639846743293	136	0.017128874388254486	21	0.0	0	0.0	0	0.026101141924959218	32	0.0	0	0.0	16.397277033091243	0.0	16.397277033091243	0.0	1.0	1.0	-4.144730370814716	0.0	0	0.0	0	0.0196078431372549	1	0.27895595432300163	342	0.3983516483516483	145	0.05464926590538336	67	0.37520391517128876	124	1.0	896	1.0	1226	1.0	407	0.29771615008156604	365	0.702283849918434	861	0.0390625	35
korem2015	ERR969487_bin.1.s	restored_017	0.38673078842467834	0.8992125035682204	0.25	0.25	0.0	0.0	1.0	1226	1.0	896	1.0	407	0.0	3	3.0122850122850124	2	0.5554649265905384	681	0.2969004893964111	364	1.0	177	0.0	1.0	0.43444976076555025	454	0.010526315789473684	11	0.0	0	0.0	0	0.0	0	0.26053639846743293	136	0.017128874388254486	21	0.0	0	0.0	0	0.026101141924959218	32	0.0	0	0.0	16.3972770330913	0.0	16.397277033091253	0.0	1.0	1.0	-4.144730370814716	0.0	0	0.0	0	0.0196078431372549	1	0.27895595432300163	342	0.3983516483516483	145	0.05464926590538336	67	0.37520391517128876	124	1.0	896	1.0	1226	1.0	407	0.29771615008156604	365	0.702283849918434	861	0.0390625	35
korem2015	ERR969487_bin.1.s	metagem_017	0.2263010988379491	0.48667901605948816	0.25	0.25	0.0	0.0	1.0	1493	1.0	1108	1.0	418	0.0	3	3.5717703349282295	2	0.5746818486269256	858	0.28868050904219694	431	1.0	198	1.0	0.0	0.4212567882079131	543	0.01008533747090768	13	0.0	0	0.0	0	0.0	0	0.1619047619047619	85	0.013395847287340924	20	0.0	0	0.0	0	0.020763563295378432	31	0.0	0	0.0	26.375274743038474	0.0	26.416988981280927	0.0	1.0	1.0	-4.144730370814716	0.0	0	0.0	0	0.0196078431372549	1	0.3543201607501674	529	0.41531322505800466	179	0.047555257870060284	71	0.3402545210984595	133	1.0	1108	1.0	1493	1.0	418	0.28064300066979236	419	0.7193569993302076	1074	0.030685920577617327	34
korem2015	ERR969489_bin.4.p	repro_0913							1.0	1613	1.0	1111	1.0	713	0.0	3	2.262272089761571	2	0.8964662120272784	1446	0.0	0	1.0	161	0.0027002700270027003	3	1.0	1446	0.0	0	0.0	0	0.0	0	0.0	0	0.2692793931731985	213	0.02169869807811531	35	0.0	0	0.0	0	0.05269683818970862	85	0.0	0	0.0	50.99144473595693	0.0	50.99144473595693	0.0	1.0	1.0	0.0	0.0	0	0.0	0	0.0196078431372549	1	0.18350898946063235	296	1.0	0	0.08617482951022938	139	0.453812771233726	183	1.0	1111	1.0	1613	1.0	713	0.33539987600743953	541	0.6646001239925604	1072	0.008100810081008101	9
korem2015	ERR969489_bin.4.p	restored_0913							1.0	1613	1.0	1111	1.0	713	0.0	3	2.262272089761571	2	0.6323620582765034	1020	0.26410415375077495	426	1.0	161	0.0027002700270027003	3	0.42461964038727523	614	0.0	0	0.0	0	0.0	0	0.0	0	0.2692793931731985	213	0.02169869807811531	35	0.0	0	0.0	0	0.05269683818970862	85	0.0	0	0.0	50.99144473595693	0.0	50.99144473595693	0.0	1.0	1.0	-4.144730370814716	0.0	0	0.0	0	0.0196078431372549	1	0.18350898946063235	296	0.23943661971830985	102	0.08617482951022938	139	0.453812771233726	183	1.0	1111	1.0	1613	1.0	713	0.33539987600743953	541	0.6646001239925604	1072	0.0072007200720072	8
korem2015	ERR969489_bin.4.p	restored_017	0.22070931295034402	0.4723001380627894	0.25	0.25	0.0	0.0	1.0	1613	1.0	1111	1.0	713	0.0	3	2.262272089761571	2	0.6323620582765034	1020	0.26410415375077495	426	1.0	161	1.0	0.0	0.42461964038727523	614	0.0	0	0.0	0	0.0	0	0.0	0	0.2692793931731985	213	0.02169869807811531	35	0.0	0	0.0	0	0.05269683818970862	85	0.0	0	0.0	50.99144473595672	0.0	50.9914447359569	0.0	1.0	1.0	-4.144730370814716	0.0	0	0.0	0	0.0196078431372549	1	0.18350898946063235	296	0.23943661971830985	102	0.08617482951022938	139	0.453812771233726	183	1.0	1111	1.0	1613	1.0	713	0.3360198388096714	542	0.6639801611903285	1071	0.008100810081008101	9
korem2015	ERR969489_bin.4.p	metagem_017	0.21799991977800384	0.46533312704820035	0.25	0.25	0.0	0.0	1.0	1619	1.0	1123	1.0	730	0.0	3	2.217808219178082	2	0.6368128474366893	1031	0.25941939468807906	420	1.0	162	1.0	0.0	0.4169538249483115	605	0.0	0	0.0	0	0.0	0	0.0	0	0.32571428571428573	228	0.022235948116121063	36	0.0	0	0.0	0	0.051266213712168	83	0.0	0	0.0	50.028250480860876	0.0	50.02825048086083	0.0	1.0	1.0	-4.144730370814716	0.0	0	0.0	0	0.0196078431372549	1	0.18344657195799877	297	0.2357142857142857	99	0.08709079678814083	141	0.45213094502779494	187	1.0	1123	1.0	1619	1.0	730	0.33106856084002473	536	0.6689314391599753	1083	0.008014247551202136	9
korem2015	ERR969490_bin.2.p	repro_0913							1.0	1494	1.0	1064	1.0	548	0.0	3	2.7262773722627736	2	0.8902275769745649	1330	0.0	0	1.0	157	0.002819548872180451	3	1.0	1330	0.0	0	0.0	0	0.0	0	0.0	0	0.49166666666666664	295	0.004016064257028112	6	0.0009398496240601503	1	0.0009398496240601503	1	0.07028112449799197	105	0.0	0	0.0	55.04089635239234	0.0	55.04089635239234	0.0	1.0	1.0	0.0	0.0	0	0.0	0	0.0196078431372549	1	0.2429718875502008	363	1.0	0	0.09504685408299866	142	0.4384203480589023	143	1.0	1064	1.0	1494	1.0	548	0.30856760374832665	461	0.6914323962516734	1033	0.02913533834586466	31
korem2015	ERR969490_bin.2.p	restored_0913							1.0	1494	1.0	1064	1.0	548	0.0	3	2.7262773722627736	2	0.5923694779116466	885	0.2978580990629183	445	1.0	157	0.002819548872180451	3	0.43533834586466164	579	0.0030075187969924814	4	0.0	0	0.0	0	0.0	0	0.49166666666666664	295	0.004016064257028112	6	0.0009398496240601503	1	0.0009398496240601503	1	0.07028112449799197	105	0.0	0	0.0	55.04089635239234	0.0	55.04089635239234	0.0	1.0	1.0	-4.144730370814716	0.0	0	0.0	0	0.0196078431372549	1	0.2429718875502008	363	0.24719101123595505	110	0.09504685408299866	142	0.4384203480589023	143	1.0	1064	1.0	1494	1.0	548	0.30856760374832665	461	0.6914323962516734	1033	0.02913533834586466	31
korem2015	ERR969490_bin.2.p	restored_017	0.20759189640768588	0.43856963838166846	0.25	0.25	0.0	0.0	1.0	1494	1.0	1064	1.0	548	0.0	3	2.7262773722627736	2	0.5923694779116466	885	0.2978580990629183	445	1.0	157	1.0	0.0	0.43533834586466164	579	0.0030075187969924814	4	0.0	0	0.0	0	0.0	0	0.49166666666666664	295	0.004016064257028112	6	0.0	0	0.0	0	0.07028112449799197	105	0.0	0	0.0	55.040896352393155	0.0	55.040896352392416	0.0	1.0	1.0	-4.144730370814716	0.0	0	0.0	0	0.0196078431372549	1	0.2429718875502008	363	0.24719101123595505	110	0.09504685408299866	142	0.4384203480589023	143	1.0	1064	1.0	1494	1.0	548	0.30856760374832665	461	0.6914323962516734	1033	0.02913533834586466	31
korem2015	ERR969490_bin.2.p	metagem_017	0.21132641992863752	0.4481726988641155	0.25	0.25	0.0	0.0	1.0	1631	1.0	1196	1.0	551	0.0	3	2.9600725952813067	2	0.5916615573267934	965	0.2955242182709994	482	1.0	178	1.0	0.0	0.424326192121631	614	0.0027643400138217	4	0.0	0	0.0	0	0.0	0	0.43570057581573896	227	0.03494788473329246	57	0.0	0	0.0	0	0.04475781729000613	73	0.0	0	0.0	54.74701415148928	0.0	54.74701415146935	0.0	1.0	1.0	-4.144730370814716	0.0	0	0.0	0	0.0196078431372549	1	0.26180257510729615	427	0.25311203319502074	122	0.0931943592887799	152	0.43654199877375843	155	1.0	1196	1.0	1631	1.0	551	0.2869405272838749	468	0.7130594727161251	1163	0.027591973244147156	33
korem2015	ERR969491_bin.2.p	repro_0913							1.0	1268	1.0	945	1.0	415	0.0	3	3.055421686746988	2	0.8564668769716088	1086	0.0	0	1.0	178	0.0	0	1.0	1086	0.0	0	0.0	0	0.0	0	0.0	0	0.1801980198019802	91	0.01498422712933754	19	0.0	0	0.0	0	0.027602523659305992	35	0.0	0	0.0	35.28708853141039	0.0	35.28708853141039	0.0	1.0	1.0	0.0	0.0	0	0.0	0	0.0196078431372549	1	0.2941640378548896	373	1.0	0	0.05362776025236593	68	0.36829652996845424	130	1.0	945	1.0	1268	1.0	415	0.28154574132492116	357	0.7184542586750788	911	0.03597883597883598	34
korem2015	ERR969491_bin.2.p	restored_0913							1.0	1268	1.0	945	1.0	415	0.0	3	3.055421686746988	2	0.5686119873817035	721	0.28785488958990535	365	1.0	178	0.0	0	0.42357274401473294	460	0.011049723756906077	12	0.0	0	0.0	0	0.0	0	0.1801980198019802	91	0.01498422712933754	19	0.0	0	0.0	0	0.027602523659305992	35	0.0	0	0.0	35.28708853141039	0.0	35.28708853141039	0.0	1.0	1.0	-4.144730370814716	0.0	0	0.0	0	0.0196078431372549	1	0.2941640378548896	373	0.3863013698630137	141	0.05362776025236593	68	0.36829652996845424	130	1.0	945	1.0	1268	1.0	415	0.28154574132492116	357	0.7184542586750788	911	0.03597883597883598	34
korem2015	ERR969491_bin.2.p	restored_017	0.39176923217183596	0.9121685017751971	0.25	0.25	0.0	0.0	1.0	1268	1.0	945	1.0	415	0.0	3	3.055421686746988	2	0.5686119873817035	721	0.28785488958990535	365	1.0	178	0.0	1.0	0.42357274401473294	460	0.011049723756906077	12	0.0	0	0.0	0	0.0	0	0.1801980198019802	91	0.01498422712933754	19	0.0	0	0.0	0	0.027602523659305992	35	0.0	0	0.0	35.287088531410504	0.0	35.28708853141064	0.0	1.0	1.0	-4.144730370814716	0.0	0	0.0	0	0.0196078431372549	1	0.2941640378548896	373	0.3863013698630137	141	0.05362776025236593	68	0.36829652996845424	130	1.0	945	1.0	1268	1.0	415	0.28154574132492116	357	0.7184542586750788	911	0.03597883597883598	34
korem2015	ERR969491_bin.2.p	metagem_017	0.2263010988379491	0.48667901605948816	0.25	0.25	0.0	0.0	1.0	1493	1.0	1108	1.0	419	0.0	3	3.5632458233890216	2	0.5746818486269256	858	0.28868050904219694	431	1.0	198	1.0	0.0	0.4212567882079131	543	0.01008533747090768	13	0.0	0	0.0	0	0.0	0	0.1619047619047619	85	0.013395847287340924	20	0.0	0	0.0	0	0.020763563295378432	31	0.0	0	0.0	26.375274743038474	0.0	26.416988981280927	0.0	1.0	1.0	-4.144730370814716	0.0	0	0.0	0	0.0196078431372549	1	0.3543201607501674	529	0.41531322505800466	179	0.047555257870060284	71	0.3402545210984595	133	1.0	1108	1.0	1493	1.0	419	0.28064300066979236	419	0.7193569993302076	1074	0.030685920577617327	34
korem2015	ERR969491_bin.3.p	repro_0913							1.0	1643	1.0	1138	1.0	731	0.0	3	2.247606019151847	2	0.898965307364577	1477	0.0	0	1.0	160	0.0026362038664323375	3	1.0	1477	0.0	0	0.0	0	0.0	0	0.0	0	0.3502824858757062	248	0.02251978088861838	37	0.0	0	0.0	0	0.05112598904443092	84	0.0	0	0.0	49.53816611013036	0.0	49.53816611013036	0.0	1.0	1.0	0.0	0.0	0	0.0	0	0.0196078431372549	1	0.1905051734631771	313	1.0	0	0.08460133901399879	139	0.44796104686548993	183	1.0	1138	1.0	1643	1.0	731	0.33110164333536213	544	0.6688983566646378	1099	0.008787346221441126	10
korem2015	ERR969491_bin.3.p	restored_0913							1.0	1643	1.0	1138	1.0	731	0.0	3	2.247606019151847	2	0.6384662203286671	1049	0.2604990870359099	428	1.0	160	0.0026362038664323375	3	0.41909275558564657	619	0.0	0	0.0	0	0.0	0	0.0	0	0.3502824858757062	248	0.02251978088861838	37	0.0	0	0.0	0	0.05112598904443092	84	0.0	0	0.0	49.53816611013036	0.0	49.53816611013036	0.0	1.0	1.0	-4.144730370814716	0.0	0	0.0	0	0.0196078431372549	1	0.1905051734631771	313	0.2383177570093458	102	0.08460133901399879	139	0.44796104686548993	183	1.0	1138	1.0	1643	1.0	731	0.33110164333536213	544	0.6688983566646378	1099	0.008787346221441126	10
korem2015	ERR969491_bin.3.p	restored_017	0.2165161902891841	0.46151782264837815	0.25	0.25	0.0	0.0	1.0	1643	1.0	1138	1.0	731	0.0	3	2.247606019151847	2	0.6384662203286671	1049	0.2604990870359099	428	1.0	160	1.0	0.0	0.41909275558564657	619	0.0	0	0.0	0	0.0	0	0.0	0	0.3502824858757062	248	0.02251978088861838	37	0.0	0	0.0	0	0.05112598904443092	84	0.0	0	0.0	49.53816611013046	0.0	49.5381661101303	0.0	1.0	1.0	-4.144730370814716	0.0	0	0.0	0	0.0196078431372549	1	0.1905051734631771	313	0.2383177570093458	102	0.08460133901399879	139	0.44796104686548993	183	1.0	1138	1.0	1643	1.0	731	0.33110164333536213	544	0.6688983566646378	1099	0.008787346221441126	10
korem2015	ERR969491_bin.3.p	metagem_017	0.2155934823017896	0.4591451449665066	0.25	0.25	0.0	0.0	1.0	1794	1.0	1273	1.0	735	0.0	3	2.440816326530612	2	0.6153846153846154	1104	0.2770345596432553	497	1.0	187	1.0	0.0	0.41536539662710803	665	0.0012492192379762648	2	0.0	0	0.0	0	0.0	0	0.36936936936936937	246	0.03567447045707915	64	0.0	0	0.0	0	0.04738015607580825	85	0.0	0	0.0	56.12499434281439	0.0	56.12499434281443	0.0	1.0	1.0	-4.144730370814716	0.0	0	0.0	0	0.0196078431372549	1	0.21237458193979933	381	0.2776659959758551	138	0.08249721293199554	148	0.447603121516165	207	1.0	1273	1.0	1794	1.0	735	0.3193979933110368	573	0.6806020066889632	1221	0.01021209740769835	13
korem2015	ERR969491_bin.4.p	repro_0913							1.0	1418	1.0	1021	1.0	561	0.0	3	2.5276292335115866	2	0.88787023977433	1259	0.0	0	1.0	154	0.002938295788442703	3	1.0	1259	0.0	0	0.0	0	0.0	0	0.0	0	0.4251824817518248	233	0.023977433004231313	34	0.0009794319294809011	1	0.0009794319294809011	1	0.06205923836389281	88	0.0	0	0.0	34.40911717900943	0.0	34.40911717900943	0.0	1.0	1.0	0.0	0.0	0	0.0	0	0.0196078431372549	1	0.19887165021156558	282	1.0	0	0.1001410437235543	142	0.46403385049365303	147	1.0	1021	1.0	1418	1.0	561	0.2997179125528914	425	0.7002820874471086	993	0.02742409402546523	28
korem2015	ERR969491_bin.4.p	restored_0913							1.0	1418	1.0	1021	1.0	561	0.0	3	2.5276292335115866	2	0.5944992947813822	843	0.2933709449929478	416	1.0	154	0.002938295788442703	3	0.44082605242255757	555	0.0015885623510722795	2	0.0	0	0.0	0	0.0	0	0.4251824817518248	233	0.023977433004231313	34	0.0009794319294809011	1	0.0009794319294809011	1	0.06205923836389281	88	0.0	0	0.0	34.40911717900943	0.0	34.40911717900943	0.0	1.0	1.0	-4.144730370814716	0.0	0	0.0	0	0.0196078431372549	1	0.19887165021156558	282	0.21153846153846154	88	0.1001410437235543	142	0.46403385049365303	147	1.0	1021	1.0	1418	1.0	561	0.2997179125528914	425	0.7002820874471086	993	0.02742409402546523	28
korem2015	ERR969491_bin.4.p	restored_017	0.21105942056340068	0.4474861290677922	0.25	0.25	0.0	0.0	1.0	1418	1.0	1021	1.0	561	0.0	3	2.5276292335115866	2	0.5944992947813822	843	0.2933709449929478	416	1.0	154	1.0	0.0	0.44082605242255757	555	0.0015885623510722795	2	0.0	0	0.0	0	0.0	0	0.4251824817518248	233	0.023977433004231313	34	0.0	0	0.0	0	0.06205923836389281	88	0.0	0	0.0	34.40911717900935	0.0	34.409117179009414	0.0	1.0	1.0	-4.144730370814716	0.0	0	0.0	0	0.0196078431372549	1	0.19887165021156558	282	0.21153846153846154	88	0.1001410437235543	142	0.46403385049365303	147	1.0	1021	1.0	1418	1.0	561	0.2997179125528914	425	0.7002820874471086	993	0.02742409402546523	28
korem2015	ERR969491_bin.4.p	metagem_017	0.21154852307268662	0.4487438212345275	0.25	0.25	0.0	0.0	1.0	1391	1.0	1010	1.0	555	0.0	3	2.5063063063063065	2	0.6031631919482386	839	0.28468727534148097	396	1.0	150	1.0	0.0	0.4445344129554656	549	0.0016194331983805667	2	0.0	0	0.0	0	0.0	0	0.41263940520446096	222	0.023005032350826744	32	0.0	0	0.0	0	0.05966930265995687	83	0.0	0	0.0	34.21553516829114	0.0	34.215535168292874	0.0	1.0	1.0	-4.144730370814716	0.0	0	0.0	0	0.0196078431372549	1	0.20201294033069733	281	0.20959595959595959	83	0.100647016534867	140	0.45578720345075485	142	1.0	1010	1.0	1391	1.0	555	0.293314162473041	408	0.706685837526959	983	0.026732673267326732	27
korem2015	ERR969494_bin.2.p	repro_0913							1.0	1268	1.0	945	1.0	415	0.0	3	3.055421686746988	2	0.8564668769716088	1086	0.0	0	1.0	178	0.0	0	1.0	1086	0.0	0	0.0	0	0.0	0	0.0	0	0.18725099601593626	94	0.015772870662460567	20	0.0	0	0.0	0	0.027602523659305992	35	0.0	0	0.0	35.34273952957056	0.0	35.34273952957056	0.0	1.0	1.0	0.0	0.0	0	0.0	0	0.0196078431372549	1	0.2941640378548896	373	1.0	0	0.05362776025236593	68	0.36829652996845424	130	1.0	945	1.0	1268	1.0	415	0.28154574132492116	357	0.7184542586750788	911	0.03597883597883598	34
korem2015	ERR969494_bin.2.p	restored_0913							1.0	1268	1.0	945	1.0	415	0.0	3	3.055421686746988	2	0.5686119873817035	721	0.28785488958990535	365	1.0	178	0.0	0	0.42357274401473294	460	0.011049723756906077	12	0.0	0	0.0	0	0.0	0	0.18725099601593626	94	0.015772870662460567	20	0.0	0	0.0	0	0.027602523659305992	35	0.0	0	0.0	35.34273952957056	0.0	35.34273952957056	0.0	1.0	1.0	-4.144730370814716	0.0	0	0.0	0	0.0196078431372549	1	0.2941640378548896	373	0.3863013698630137	141	0.05362776025236593	68	0.36829652996845424	130	1.0	945	1.0	1268	1.0	415	0.28154574132492116	357	0.7184542586750788	911	0.03597883597883598	34
korem2015	ERR969494_bin.2.p	restored_017	0.39137740015994954	0.9111609337446321	0.25	0.25	0.0	0.0	1.0	1268	1.0	945	1.0	415	0.0	3	3.055421686746988	2	0.5686119873817035	721	0.28785488958990535	365	1.0	178	0.0	1.0	0.42357274401473294	460	0.011049723756906077	12	0.0	0	0.0	0	0.0	0	0.18725099601593626	94	0.015772870662460567	20	0.0	0	0.0	0	0.027602523659305992	35	0.0	0	0.0	35.34273952957056	0.0	35.34273952957058	0.0	1.0	1.0	-4.144730370814716	0.0	0	0.0	0	0.0196078431372549	1	0.2941640378548896	373	0.3863013698630137	141	0.05362776025236593	68	0.36829652996845424	130	1.0	945	1.0	1268	1.0	415	0.28154574132492116	357	0.7184542586750788	911	0.03597883597883598	34
korem2015	ERR969494_bin.2.p	metagem_017	0.2263010988379491	0.48667901605948816	0.25	0.25	0.0	0.0	1.0	1493	1.0	1108	1.0	419	0.0	3	3.5632458233890216	2	0.5746818486269256	858	0.28868050904219694	431	1.0	198	1.0	0.0	0.4212567882079131	543	0.01008533747090768	13	0.0	0	0.0	0	0.0	0	0.1619047619047619	85	0.013395847287340924	20	0.0	0	0.0	0	0.020763563295378432	31	0.0	0	0.0	26.375274743038474	0.0	26.416988981280927	0.0	1.0	1.0	-4.144730370814716	0.0	0	0.0	0	0.0196078431372549	1	0.3543201607501674	529	0.41531322505800466	179	0.047555257870060284	71	0.3402545210984595	133	1.0	1108	1.0	1493	1.0	419	0.28064300066979236	419	0.7193569993302076	1074	0.030685920577617327	34
korem2015	ERR969495_bin.1.s	repro_0913							1.0	1305	1.0	975	1.0	415	0.0	3	3.144578313253012	2	0.8574712643678161	1119	0.0	0	1.0	182	0.003076923076923077	3	1.0	1119	0.0	0	0.0	0	0.0	0	0.0	0	0.255859375	131	0.013793103448275862	18	0.0	0	0.0	0	0.022222222222222223	29	0.0	0	0.0	39.71432998922358	0.0	39.71432998922358	0.0	1.0	1.0	0.0	0.0	0	0.0	0	0.0196078431372549	1	0.3065134099616858	400	1.0	0	0.05210727969348659	68	0.36168582375478925	128	1.0	975	1.0	1305	1.0	415	0.27816091954022987	363	0.7218390804597701	942	0.033846153846153845	33
korem2015	ERR969495_bin.1.s	restored_0913							1.0	1305	1.0	975	1.0	415	0.0	3	3.144578313253012	2	0.5670498084291188	740	0.29042145593869734	379	1.0	182	0.003076923076923077	3	0.42001787310098304	470	0.009830205540661306	11	0.0	0	0.0	0	0.0	0	0.255859375	131	0.013793103448275862	18	0.0	0	0.0	0	0.022222222222222223	29	0.0	0	0.0	39.71432998922358	0.0	39.71432998922358	0.0	1.0	1.0	-4.144730370814716	0.0	0	0.0	0	0.0196078431372549	1	0.3065134099616858	400	0.39313984168865435	149	0.05210727969348659	68	0.36168582375478925	128	1.0	975	1.0	1305	1.0	415	0.27816091954022987	363	0.7218390804597701	942	0.033846153846153845	33
korem2015	ERR969495_bin.1.s	restored_017	0.22116440072361238	0.4734703637654794	0.25	0.25	0.0	0.0	1.0	1305	1.0	975	1.0	415	0.0	3	3.144578313253012	2	0.5670498084291188	740	0.29042145593869734	379	1.0	182	1.0	0.0	0.42001787310098304	470	0.009830205540661306	11	0.0	0	0.0	0	0.0	0	0.255859375	131	0.013793103448275862	18	0.0	0	0.0	0	0.022222222222222223	29	0.0	0	0.0	39.714329989223614	0.0	39.71432998922365	0.0	1.0	1.0	-4.144730370814716	0.0	0	0.0	0	0.0196078431372549	1	0.3065134099616858	400	0.39313984168865435	149	0.05210727969348659	68	0.36168582375478925	128	1.0	975	1.0	1305	1.0	415	0.27816091954022987	363	0.7218390804597701	942	0.033846153846153845	33
korem2015	ERR969495_bin.1.s	metagem_017	0.22387357315273435	0.48043680715465026	0.25	0.25	0.0	0.0	1.0	1402	1.0	1055	1.0	412	0.0	3	3.4029126213592233	2	0.551355206847361	773	0.30385164051355207	426	1.0	195	1.0	0.0	0.4186822351959967	502	0.014178482068390326	17	0.0	0	0.0	0	0.0	0	0.20408163265306123	130	0.017118402282453638	24	0.0	0	0.0	0	0.019971469329529243	28	0.0	0	0.0	48.637376642213056	0.0	49.135986438154205	0.0	1.0	1.0	-4.144730370814716	0.0	0	0.0	0	0.0196078431372549	1	0.3359486447931526	471	0.4107981220657277	175	0.05064194008559201	71	0.34165477888730383	127	1.0	1055	1.0	1402	1.0	412	0.2817403708987161	395	0.7182596291012838	1007	0.04549763033175355	48
korem2015	ERR969500_bin.3.p	repro_0913							1.0	1270	1.0	947	1.0	415	0.0	3	3.0602409638554215	2	0.8559055118110236	1087	0.0	0	1.0	179	0.0	0	1.0	1087	0.0	0	0.0	0	0.0	0	0.0	0	0.24497991967871485	122	0.014960629921259842	19	0.0	0	0.0	0	0.025196850393700787	32	0.0	0	0.0	35.28922754571241	0.0	35.28922754571241	0.0	1.0	1.0	0.0	0.0	0	0.0	0	0.0196078431372549	1	0.2937007874015748	373	1.0	0	0.05354330708661417	68	0.36771653543307087	130	1.0	947	1.0	1270	1.0	415	0.2826771653543307	359	0.7173228346456693	911	0.03801478352692714	36
korem2015	ERR969500_bin.3.p	restored_0913							1.0	1270	1.0	947	1.0	415	0.0	3	3.0602409638554215	2	0.5677165354330709	721	0.28818897637795277	366	1.0	179	0.0	0	0.42410303587856485	461	0.012879484820607176	14	0.0	0	0.0	0	0.0	0	0.24497991967871485	122	0.014960629921259842	19	0.0	0	0.0	0	0.025196850393700787	32	0.0	0	0.0	35.28922754571241	0.0	35.28922754571241	0.0	1.0	1.0	-4.144730370814716	0.0	0	0.0	0	0.0196078431372549	1	0.2937007874015748	373	0.38524590163934425	141	0.05354330708661417	68	0.36771653543307087	130	1.0	947	1.0	1270	1.0	415	0.2826771653543307	359	0.7173228346456693	911	0.03801478352692714	36
korem2015	ERR969500_bin.3.p	restored_017	0.38803912368270993	0.9025767942317303	0.25	0.25	0.0	0.0	1.0	1270	1.0	947	1.0	415	0.0	3	3.0602409638554215	2	0.5677165354330709	721	0.28818897637795277	366	1.0	179	0.0	1.0	0.42410303587856485	461	0.012879484820607176	14	0.0	0	0.0	0	0.0	0	0.24497991967871485	122	0.014960629921259842	19	0.0	0	0.0	0	0.025196850393700787	32	0.0	0	0.0	35.28922754571198	0.0	35.289227545712386	0.0	1.0	1.0	-4.144730370814716	0.0	0	0.0	0	0.0196078431372549	1	0.2937007874015748	373	0.38524590163934425	141	0.05354330708661417	68	0.36771653543307087	130	1.0	947	1.0	1270	1.0	415	0.2826771653543307	359	0.7173228346456693	911	0.03801478352692714	36
korem2015	ERR969500_bin.3.p	metagem_017	0.2263010988379491	0.48667901605948816	0.25	0.25	0.0	0.0	1.0	1493	1.0	1108	1.0	419	0.0	3	3.5632458233890216	2	0.5746818486269256	858	0.28868050904219694	431	1.0	198	1.0	0.0	0.4212567882079131	543	0.01008533747090768	13	0.0	0	0.0	0	0.0	0	0.1619047619047619	85	0.013395847287340924	20	0.0	0	0.0	0	0.020763563295378432	31	0.0	0	0.0	26.375274743038474	0.0	26.416988981280927	0.0	1.0	1.0	-4.144730370814716	0.0	0	0.0	0	0.0196078431372549	1	0.3543201607501674	529	0.41531322505800466	179	0.047555257870060284	71	0.3402545210984595	133	1.0	1108	1.0	1493	1.0	419	0.28064300066979236	419	0.7193569993302076	1074	0.030685920577617327	34
korem2015	ERR969501_bin.3.s	repro_0913							1.0	1683	1.0	1174	1.0	745	0.0	3	2.2590604026845638	2	0.8966131907308378	1509	0.0	0	1.0	168	0.002555366269165247	3	1.0	1509	0.0	0	0.0	0	0.0	0	0.0	0	0.3060179257362356	239	0.020202020202020204	34	0.0	0	0.0	0	0.04931669637551991	83	0.0	0	0.0	51.1659776977358	0.0	51.1659776977358	0.0	1.0	1.0	0.0	0.0	0	0.0	0	0.0196078431372549	1	0.19429590017825313	327	1.0	0	0.0825906120023767	139	0.44385026737967914	188	1.0	1174	1.0	1683	1.0	745	0.3256090314913844	548	0.6743909685086156	1135	0.008517887563884156	10
korem2015	ERR969501_bin.3.s	restored_0913							1.0	1683	1.0	1174	1.0	745	0.0	3	2.2590604026845638	2	0.6363636363636364	1071	0.26024955436720143	438	1.0	168	0.002555366269165247	3	0.41219350563286944	622	0.0013253810470510272	2	0.0	0	0.0	0	0.0	0	0.3060179257362356	239	0.020202020202020204	34	0.0	0	0.0	0	0.04931669637551991	83	0.0	0	0.0	51.1659776977358	0.0	51.1659776977358	0.0	1.0	1.0	-4.144730370814716	0.0	0	0.0	0	0.0196078431372549	1	0.19429590017825313	327	0.2465753424657534	108	0.0825906120023767	139	0.44385026737967914	188	1.0	1174	1.0	1683	1.0	745	0.3256090314913844	548	0.6743909685086156	1135	0.008517887563884156	10
korem2015	ERR969501_bin.3.s	restored_017	0.21928499190280612	0.4686375982262634	0.25	0.25	0.0	0.0	1.0	1683	1.0	1174	1.0	745	0.0	3	2.2590604026845638	2	0.6363636363636364	1071	0.26024955436720143	438	1.0	168	1.0	0.0	0.41219350563286944	622	0.0013253810470510272	2	0.0	0	0.0	0	0.0	0	0.3060179257362356	239	0.020202020202020204	34	0.0	0	0.0	0	0.04931669637551991	83	0.0	0	0.0	51.16597769773583	0.0	51.165977697735855	0.0	1.0	1.0	-4.144730370814716	0.0	0	0.0	0	0.0196078431372549	1	0.19429590017825313	327	0.2465753424657534	108	0.0825906120023767	139	0.44385026737967914	188	1.0	1174	1.0	1683	1.0	745	0.3256090314913844	548	0.6743909685086156	1135	0.008517887563884156	10
korem2015	ERR969501_bin.3.s	metagem_017	0.2182293193066324	0.465923011550388	0.25	0.25	0.0	0.0	1.0	1767	1.0	1243	1.0	740	0.0	3	2.387837837837838	2	0.6140350877192983	1085	0.279003961516695	493	1.0	183	1.0	0.0	0.4157160963244613	656	0.0	0	0.0	0	0.0	0	0.0	0	0.3228228228228228	215	0.03508771929824561	62	0.0	0	0.0	0	0.04640633842671194	82	0.0	0	0.0	59.42441565699625	0.0	59.42441565699659	0.0	1.0	1.0	-4.144730370814716	0.0	0	0.0	0	0.0196078431372549	1	0.20543293718166383	363	0.2738336713995943	135	0.0831918505942275	147	0.4465195246179966	201	1.0	1243	1.0	1767	1.0	740	0.32597623089983024	576	0.6740237691001698	1191	0.010458567980691875	13
korem2015	ERR969502_bin.2.p	repro_0913							1.0	1305	1.0	975	1.0	415	0.0	3	3.144578313253012	2	0.8574712643678161	1119	0.0	0	1.0	182	0.003076923076923077	3	1.0	1119	0.0	0	0.0	0	0.0	0	0.0	0	0.26264591439688717	135	0.014559386973180077	19	0.0	0	0.0	0	0.022222222222222223	29	0.0	0	0.0	39.74232589066847	0.0	39.74232589066847	0.0	1.0	1.0	0.0	0.0	0	0.0	0	0.0196078431372549	1	0.3065134099616858	400	1.0	0	0.05210727969348659	68	0.36168582375478925	128	1.0	975	1.0	1305	1.0	415	0.27816091954022987	363	0.7218390804597701	942	0.033846153846153845	33
korem2015	ERR969502_bin.2.p	restored_0913							1.0	1305	1.0	975	1.0	415	0.0	3	3.144578313253012	2	0.5670498084291188	740	0.29042145593869734	379	1.0	182	0.003076923076923077	3	0.42001787310098304	470	0.009830205540661306	11	0.0	0	0.0	0	0.0	0	0.26264591439688717	135	0.014559386973180077	19	0.0	0	0.0	0	0.022222222222222223	29	0.0	0	0.0	39.74232589066847	0.0	39.74232589066847	0.0	1.0	1.0	-4.144730370814716	0.0	0	0.0	0	0.0196078431372549	1	0.3065134099616858	400	0.39313984168865435	149	0.05210727969348659	68	0.36168582375478925	128	1.0	975	1.0	1305	1.0	415	0.27816091954022987	363	0.7218390804597701	942	0.033846153846153845	33
korem2015	ERR969502_bin.2.p	restored_017	0.22078737075711866	0.4725008581373527	0.25	0.25	0.0	0.0	1.0	1305	1.0	975	1.0	415	0.0	3	3.144578313253012	2	0.5670498084291188	740	0.29042145593869734	379	1.0	182	1.0	0.0	0.42001787310098304	470	0.009830205540661306	11	0.0	0	0.0	0	0.0	0	0.26264591439688717	135	0.014559386973180077	19	0.0	0	0.0	0	0.022222222222222223	29	0.0	0	0.0	39.74232589066847	0.0	39.74232589066839	0.0	1.0	1.0	-4.144730370814716	0.0	0	0.0	0	0.0196078431372549	1	0.3065134099616858	400	0.39313984168865435	149	0.05210727969348659	68	0.36168582375478925	128	1.0	975	1.0	1305	1.0	415	0.27816091954022987	363	0.7218390804597701	942	0.033846153846153845	33
korem2015	ERR969502_bin.2.p	metagem_017	0.22387357315273435	0.48043680715465026	0.25	0.25	0.0	0.0	1.0	1402	1.0	1055	1.0	412	0.0	3	3.4029126213592233	2	0.551355206847361	773	0.30385164051355207	426	1.0	195	1.0	0.0	0.4186822351959967	502	0.014178482068390326	17	0.0	0	0.0	0	0.0	0	0.20408163265306123	130	0.017118402282453638	24	0.0	0	0.0	0	0.019971469329529243	28	0.0	0	0.0	48.637376642213056	0.0	49.135986438154205	0.0	1.0	1.0	-4.144730370814716	0.0	0	0.0	0	0.0196078431372549	1	0.3359486447931526	471	0.4107981220657277	175	0.05064194008559201	71	0.34165477888730383	127	1.0	1055	1.0	1402	1.0	412	0.2817403708987161	395	0.7182596291012838	1007	0.04549763033175355	48
korem2015	ERR969503_bin.1.p	repro_0913							1.0	1691	1.0	1186	1.0	703	0.0	3	2.4054054054054053	2	0.8982850384387936	1519	0.0	0	1.0	168	0.002529510961214165	3	1.0	1519	0.0	0	0.0	0	0.0	0	0.0	0	0.34901960784313724	267	0.02188054405677114	37	0.0	0	0.0	0	0.0449438202247191	76	0.0	0	0.0	50.77723332594136	0.0	50.77723332594136	0.0	1.0	1.0	0.0	0.0	0	0.0	0	0.0196078431372549	1	0.20165582495564754	341	1.0	0	0.07510348905972797	127	0.4606741573033708	192	1.0	1186	1.0	1691	1.0	703	0.3199290360733294	541	0.6800709639266707	1150	0.006745362563237774	8
korem2015	ERR969503_bin.1.p	restored_0913							1.0	1691	1.0	1186	1.0	703	0.0	3	2.4054054054054053	2	0.6345357776463632	1073	0.2637492607924305	446	1.0	168	0.002529510961214165	3	0.42001316655694537	638	0.0	0	0.0	0	0.0	0	0.0	0	0.34901960784313724	267	0.02188054405677114	37	0.0	0	0.0	0	0.0449438202247191	76	0.0	0	0.0	50.77723332594136	0.0	50.77723332594136	0.0	1.0	1.0	-4.144730370814716	0.0	0	0.0	0	0.0196078431372549	1	0.20165582495564754	341	0.25112107623318386	112	0.07510348905972797	127	0.4606741573033708	192	1.0	1186	1.0	1691	1.0	703	0.3199290360733294	541	0.6800709639266707	1150	0.006745362563237774	8
korem2015	ERR969503_bin.1.p	restored_017	0.21653521623703245	0.46156674651427393	0.25	0.25	0.0	0.0	1.0	1691	1.0	1186	1.0	703	0.0	3	2.4054054054054053	2	0.6345357776463632	1073	0.2637492607924305	446	1.0	168	1.0	0.0	0.42001316655694537	638	0.0	0	0.0	0	0.0	0	0.0	0	0.34901960784313724	267	0.02188054405677114	37	0.0	0	0.0	0	0.0449438202247191	76	0.0	0	0.0	50.777233325941076	0.0	50.77723332594134	0.0	1.0	1.0	-4.144730370814716	0.0	0	0.0	0	0.0196078431372549	1	0.20165582495564754	341	0.25112107623318386	112	0.07510348905972797	127	0.4606741573033708	192	1.0	1186	1.0	1691	1.0	703	0.3199290360733294	541	0.6800709639266707	1150	0.006745362563237774	8
korem2015	ERR969503_bin.1.p	metagem_017	0.21663919658727815	0.46183412455776285	0.25	0.25	0.0	0.0	1.0	1658	1.0	1159	1.0	698	0.0	3	2.3753581661891117	2	0.6302774427020507	1045	0.26839565741857657	445	1.0	164	1.0	0.0	0.4221476510067114	629	0.0	0	0.0	0	0.0	0	0.0	0	0.3450134770889488	256	0.025331724969843185	42	0.0	0	0.0	0	0.04523522316043426	75	0.0	0	0.0	50.79271009044673	0.0	50.792710090446725	0.0	1.0	1.0	-4.144730370814716	0.0	0	0.0	0	0.0196078431372549	1	0.19601930036188178	325	0.2539325842696629	113	0.07659831121833534	127	0.4632086851628468	188	1.0	1159	1.0	1658	1.0	698	0.3232810615199035	536	0.6767189384800965	1122	0.006902502157031924	8
korem2015	ERR969503_bin.2.s	repro_0913							1.0	1305	1.0	975	1.0	415	0.0	3	3.144578313253012	2	0.8574712643678161	1119	0.0	0	1.0	182	0.003076923076923077	3	1.0	1119	0.0	0	0.0	0	0.0	0	0.0	0	0.255859375	131	0.013793103448275862	18	0.0	0	0.0	0	0.022222222222222223	29	0.0	0	0.0	39.71432998922358	0.0	39.71432998922358	0.0	1.0	1.0	0.0	0.0	0	0.0	0	0.0196078431372549	1	0.3065134099616858	400	1.0	0	0.05210727969348659	68	0.36168582375478925	128	1.0	975	1.0	1305	1.0	415	0.27816091954022987	363	0.7218390804597701	942	0.033846153846153845	33
korem2015	ERR969503_bin.2.s	restored_0913							1.0	1305	1.0	975	1.0	415	0.0	3	3.144578313253012	2	0.5670498084291188	740	0.29042145593869734	379	1.0	182	0.003076923076923077	3	0.42001787310098304	470	0.009830205540661306	11	0.0	0	0.0	0	0.0	0	0.255859375	131	0.013793103448275862	18	0.0	0	0.0	0	0.022222222222222223	29	0.0	0	0.0	39.71432998922358	0.0	39.71432998922358	0.0	1.0	1.0	-4.144730370814716	0.0	0	0.0	0	0.0196078431372549	1	0.3065134099616858	400	0.39313984168865435	149	0.05210727969348659	68	0.36168582375478925	128	1.0	975	1.0	1305	1.0	415	0.27816091954022987	363	0.7218390804597701	942	0.033846153846153845	33
korem2015	ERR969503_bin.2.s	restored_017	0.22116440072361238	0.4734703637654794	0.25	0.25	0.0	0.0	1.0	1305	1.0	975	1.0	415	0.0	3	3.144578313253012	2	0.5670498084291188	740	0.29042145593869734	379	1.0	182	1.0	0.0	0.42001787310098304	470	0.009830205540661306	11	0.0	0	0.0	0	0.0	0	0.255859375	131	0.013793103448275862	18	0.0	0	0.0	0	0.022222222222222223	29	0.0	0	0.0	39.714329989223614	0.0	39.71432998922365	0.0	1.0	1.0	-4.144730370814716	0.0	0	0.0	0	0.0196078431372549	1	0.3065134099616858	400	0.39313984168865435	149	0.05210727969348659	68	0.36168582375478925	128	1.0	975	1.0	1305	1.0	415	0.27816091954022987	363	0.7218390804597701	942	0.033846153846153845	33
korem2015	ERR969503_bin.2.s	metagem_017	0.22387357315273435	0.48043680715465026	0.25	0.25	0.0	0.0	1.0	1402	1.0	1055	1.0	412	0.0	3	3.4029126213592233	2	0.551355206847361	773	0.30385164051355207	426	1.0	195	1.0	0.0	0.4186822351959967	502	0.014178482068390326	17	0.0	0	0.0	0	0.0	0	0.20408163265306123	130	0.017118402282453638	24	0.0	0	0.0	0	0.019971469329529243	28	0.0	0	0.0	48.637376642213056	0.0	49.135986438154205	0.0	1.0	1.0	-4.144730370814716	0.0	0	0.0	0	0.0196078431372549	1	0.3359486447931526	471	0.4107981220657277	175	0.05064194008559201	71	0.34165477888730383	127	1.0	1055	1.0	1402	1.0	412	0.2817403708987161	395	0.7182596291012838	1007	0.04549763033175355	48
korem2015	ERR969506_bin.2.o	repro_0913							1.0	1675	1.0	1163	1.0	688	0.0	3	2.434593023255814	2	0.8973134328358209	1503	0.0	0	1.0	168	0.0025795356835769563	3	1.0	1503	0.0	0	0.0	0	0.0	0	0.0	0	0.34097035040431267	253	0.017313432835820895	29	0.0017196904557179708	2	0.0017196904557179708	2	0.04358208955223881	73	0.0	0	0.0	61.20188490316244	0.0	61.20188490316244	0.0	1.0	1.0	0.0	0.0	0	0.0	0	0.0196078431372549	1	0.2	335	1.0	0	0.07343283582089552	123	0.448955223880597	183	1.0	1163	1.0	1675	1.0	688	0.32776119402985077	549	0.6722388059701493	1126	0.006878761822871883	8
korem2015	ERR969506_bin.2.o	restored_0913							1.0	1675	1.0	1163	1.0	688	0.0	3	2.434593023255814	2	0.6322388059701493	1059	0.2650746268656716	444	1.0	168	0.0025795356835769563	3	0.4204923486360612	632	0.0	0	0.0	0	0.0	0	0.0	0	0.34097035040431267	253	0.017313432835820895	29	0.0017196904557179708	2	0.0017196904557179708	2	0.04358208955223881	73	0.0	0	0.0	61.20188490316244	0.0	61.20188490316244	0.0	1.0	1.0	-4.144730370814716	0.0	0	0.0	0	0.0196078431372549	1	0.2	335	0.23423423423423423	104	0.07343283582089552	123	0.448955223880597	183	1.0	1163	1.0	1675	1.0	688	0.32776119402985077	549	0.6722388059701493	1126	0.006878761822871883	8
korem2015	ERR969506_bin.2.o	restored_017	0.21695577597923849	0.4626481858513752	0.25	0.25	0.0	0.0	1.0	1675	1.0	1163	1.0	688	0.0	3	2.434593023255814	2	0.6322388059701493	1059	0.2650746268656716	444	1.0	168	1.0	0.0	0.4204923486360612	632	0.0	0	0.0	0	0.0	0	0.0	0	0.34097035040431267	253	0.017313432835820895	29	0.0	0	0.0	0	0.04358208955223881	73	0.0	0	0.0	61.20188490316233	0.0	61.20188490316244	0.0	1.0	1.0	-4.144730370814716	0.0	0	0.0	0	0.0196078431372549	1	0.2	335	0.23423423423423423	104	0.07343283582089552	123	0.448955223880597	183	1.0	1163	1.0	1675	1.0	688	0.32776119402985077	549	0.6722388059701493	1126	0.006878761822871883	8
korem2015	ERR969506_bin.2.o	metagem_017	0.21327785314675757	0.4531906699964242	0.25	0.25	0.0	0.0	1.0	1668	1.0	1160	1.0	696	0.0	3	2.396551724137931	2	0.6342925659472423	1058	0.2643884892086331	441	1.0	165	1.0	0.0	0.418945963975984	628	0.0	0	0.0	0	0.0	0	0.0	0	0.4087193460490463	300	0.019784172661870502	33	0.0	0	0.0	0	0.09232613908872901	154	0.0	0	0.0	61.20476880510129	0.0	61.20476880510123	0.0	1.0	1.0	-4.144730370814716	0.0	0	0.0	0	0.0196078431372549	1	0.19844124700239807	331	0.23582766439909297	104	0.07613908872901679	127	0.45083932853717024	183	1.0	1160	1.0	1668	1.0	696	0.32793764988009594	547	0.6720623501199041	1121	0.006896551724137931	8
korem2015	ERR969508_bin.1.p	repro_0913							1.0	1268	1.0	945	1.0	415	0.0	3	3.055421686746988	2	0.8564668769716088	1086	0.0	0	1.0	178	0.0	0	1.0	1086	0.0	0	0.0	0	0.0	0	0.0	0	0.1801980198019802	91	0.01498422712933754	19	0.0	0	0.0	0	0.027602523659305992	35	0.0	0	0.0	35.28708853141038	0.0	35.28708853141038	0.0	1.0	1.0	0.0	0.0	0	0.0	0	0.0196078431372549	1	0.2941640378548896	373	1.0	0	0.05362776025236593	68	0.36829652996845424	130	1.0	945	1.0	1268	1.0	415	0.28154574132492116	357	0.7184542586750788	911	0.03597883597883598	34
korem2015	ERR969508_bin.1.p	restored_0913							1.0	1268	1.0	945	1.0	415	0.0	3	3.055421686746988	2	0.5686119873817035	721	0.28785488958990535	365	1.0	178	0.0	0	0.42357274401473294	460	0.011049723756906077	12	0.0	0	0.0	0	0.0	0	0.1801980198019802	91	0.01498422712933754	19	0.0	0	0.0	0	0.027602523659305992	35	0.0	0	0.0	35.28708853141038	0.0	35.28708853141038	0.0	1.0	1.0	-4.144730370814716	0.0	0	0.0	0	0.0196078431372549	1	0.2941640378548896	373	0.3863013698630137	141	0.05362776025236593	68	0.36829652996845424	130	1.0	945	1.0	1268	1.0	415	0.28154574132492116	357	0.7184542586750788	911	0.03597883597883598	34
korem2015	ERR969508_bin.1.p	restored_017	0.39176923217183596	0.9121685017751971	0.25	0.25	0.0	0.0	1.0	1268	1.0	945	1.0	415	0.0	3	3.055421686746988	2	0.5686119873817035	721	0.28785488958990535	365	1.0	178	0.0	1.0	0.42357274401473294	460	0.011049723756906077	12	0.0	0	0.0	0	0.0	0	0.1801980198019802	91	0.01498422712933754	19	0.0	0	0.0	0	0.027602523659305992	35	0.0	0	0.0	35.28708853141056	0.0	35.28708853141034	0.0	1.0	1.0	-4.144730370814716	0.0	0	0.0	0	0.0196078431372549	1	0.2941640378548896	373	0.3863013698630137	141	0.05362776025236593	68	0.36829652996845424	130	1.0	945	1.0	1268	1.0	415	0.28154574132492116	357	0.7184542586750788	911	0.03597883597883598	34
korem2015	ERR969508_bin.1.p	metagem_017	0.2263010988379491	0.48667901605948816	0.25	0.25	0.0	0.0	1.0	1493	1.0	1108	1.0	419	0.0	3	3.5632458233890216	2	0.5746818486269256	858	0.28868050904219694	431	1.0	198	1.0	0.0	0.4212567882079131	543	0.01008533747090768	13	0.0	0	0.0	0	0.0	0	0.1619047619047619	85	0.013395847287340924	20	0.0	0	0.0	0	0.020763563295378432	31	0.0	0	0.0	26.375274743038474	0.0	26.416988981280927	0.0	1.0	1.0	-4.144730370814716	0.0	0	0.0	0	0.0196078431372549	1	0.3543201607501674	529	0.41531322505800466	179	0.047555257870060284	71	0.3402545210984595	133	1.0	1108	1.0	1493	1.0	419	0.28064300066979236	419	0.7193569993302076	1074	0.030685920577617327	34
li2019	SRR7664615_bin.11.s	repro_0913							1.0	1764	1.0	1253	1.0	725	0.0	3	2.4331034482758622	2	0.8990929705215419	1586	0.0	0	1.0	172	0.004788507581803671	6	1.0	1586	0.0	0	0.0	0	0.0	0	0.0	0	0.4652173913043478	321	0.01927437641723356	34	0.0	0	0.0	0	0.08333333333333333	147	0.0	0	0.0	22.606714700943574	0.0	22.606714700943574	0.0	1.0	1.0	0.0	0.0	0	0.0	0	0.0196078431372549	1	0.17913832199546487	316	1.0	0	0.08049886621315193	142	0.49943310657596374	208	1.0	1253	1.0	1764	1.0	725	0.3134920634920635	553	0.6865079365079365	1211	0.0335195530726257	42
li2019	SRR7664615_bin.11.s	restored_0913							1.0	1764	1.0	1253	1.0	725	0.0	3	2.4331034482758622	2	0.6213151927437641	1096	0.2777777777777778	490	1.0	172	0.004788507581803671	6	0.4016393442622951	637	0.0	0	0.0	0	0.0	0	0.0	0	0.4652173913043478	321	0.01927437641723356	34	0.0	0	0.0	0	0.08333333333333333	147	0.0	0	0.0	22.606714700943574	0.0	22.606714700943574	0.0	1.0	1.0	-4.144730370814716	0.0	0	0.0	0	0.0196078431372549	1	0.17913832199546487	316	0.22244897959183674	109	0.08049886621315193	142	0.49943310657596374	208	1.0	1253	1.0	1764	1.0	725	0.3134920634920635	553	0.6865079365079365	1211	0.0335195530726257	42
li2019	SRR7664615_bin.11.s	restored_017	0.2111005517277791	0.44759189491905105	0.25	0.25	0.0	0.0	1.0	1764	1.0	1253	1.0	725	0.0	3	2.4331034482758622	2	0.6213151927437641	1096	0.2777777777777778	490	1.0	172	1.0	0.0	0.4016393442622951	637	0.0	0	0.0	0	0.0	0	0.0	0	0.4652173913043478	321	0.01927437641723356	34	0.0	0	0.0	0	0.08333333333333333	147	0.0	0	0.0	22.60671470094555	0.0	22.606714700943908	0.0	1.0	1.0	-4.144730370814716	0.0	0	0.0	0	0.0196078431372549	1	0.17913832199546487	316	0.22244897959183674	109	0.08049886621315193	142	0.49943310657596374	208	1.0	1253	1.0	1764	1.0	725	0.3134920634920635	553	0.6865079365079365	1211	0.0335195530726257	42
li2019	SRR7664615_bin.11.s	metagem_017	0.21282629057716637	0.45202950910318973	0.25	0.25	0.0	0.0	1.0	1803	1.0	1274	1.0	724	0.0	3	2.4903314917127073	2	0.6239600665557404	1125	0.2756516916250693	497	1.0	175	1.0	0.0	0.40135635018495686	651	0.0	0	0.0	0	0.0	0	0.0	0	0.43443708609271525	328	0.01774819744869662	32	0.0	0	0.0	0	0.08153078202995008	147	0.0	0	0.0	21.829142028142428	0.0	21.829142028143604	0.0	1.0	1.0	-4.144730370814716	0.0	0	0.0	0	0.0196078431372549	1	0.18746533555185801	338	0.22535211267605634	112	0.079312257348863	143	0.4997226844148641	214	1.0	1274	1.0	1803	1.0	724	0.31669439822518025	571	0.6833056017748197	1232	0.03218210361067504	41
li2019	SRR7664615_bin.13.s	repro_0913							1.0	1359	1.0	996	1.0	429	0.0	3	3.167832167832168	2	0.9050772626931567	1230	0.0	0	1.0	121	0.0030120481927710845	3	1.0	1230	0.0	0	0.0	0	0.0	0	0.0	0	0.22128851540616246	79	0.0007358351729212656	1	0.0	0	0.0	0	0.07947019867549669	108	0.0	0	0.0	50.8940211176287	0.0	50.8940211176287	0.0	1.0	1.0	0.0	0.0	0	0.0	0	0.0196078431372549	1	0.28108903605592345	382	1.0	0	0.046357615894039736	63	0.4429727740986019	123	1.0	996	1.0	1359	1.0	429	0.28771155261221487	391	0.7122884473877852	968	0.028112449799196786	28
li2019	SRR7664615_bin.13.s	restored_0913							1.0	1359	1.0	996	1.0	429	0.0	3	3.167832167832168	2	0.6983075791022811	949	0.20676968359087564	281	1.0	121	0.0030120481927710845	3	0.44308943089430897	545	0.004878048780487805	6	0.0	0	0.0	0	0.0	0	0.22128851540616246	79	0.0007358351729212656	1	0.0	0	0.0	0	0.07947019867549669	108	0.0	0	0.0	50.8940211176287	0.0	50.8940211176287	0.0	1.0	1.0	-4.144730370814716	0.0	0	0.0	0	0.0196078431372549	1	0.28108903605592345	382	0.37722419928825623	106	0.046357615894039736	63	0.4429727740986019	123	1.0	996	1.0	1359	1.0	429	0.28771155261221487	391	0.7122884473877852	968	0.028112449799196786	28
li2019	SRR7664615_bin.13.s	restored_017	0.2220783706436504	0.4758205721312915	0.25	0.25	0.0	0.0	1.0	1359	1.0	996	1.0	429	0.0	3	3.167832167832168	2	0.6983075791022811	949	0.20676968359087564	281	1.0	121	1.0	0.0	0.44308943089430897	545	0.004878048780487805	6	0.0	0	0.0	0	0.0	0	0.22128851540616246	79	0.0007358351729212656	1	0.0	0	0.0	0	0.07947019867549669	108	0.0	0	0.0	50.89402111762793	0.0	50.89402111762875	0.0	1.0	1.0	-4.144730370814716	0.0	0	0.0	0	0.0196078431372549	1	0.28108903605592345	382	0.37722419928825623	106	0.046357615894039736	63	0.4429727740986019	123	1.0	996	1.0	1359	1.0	429	0.28771155261221487	391	0.7122884473877852	968	0.028112449799196786	28
li2019	SRR7664615_bin.13.s	metagem_017	0.22438985172011638	0.48176438061363264	0.25	0.25	0.0	0.0	1.0	1312	1.0	962	1.0	427	0.0	3	3.072599531615925	2	0.6928353658536586	909	0.21036585365853658	276	1.0	119	1.0	0.0	0.4548523206751055	539	0.0033755274261603376	4	0.0	0	0.0	0	0.0	0	0.16942148760330578	82	0.0007621951219512195	1	0.0	0	0.0	0	0.06326219512195122	83	0.0	0	0.0	39.7420138841019	0.0	39.742013884102505	0.0	1.0	1.0	-4.144730370814716	0.0	0	0.0	0	0.0196078431372549	1	0.2690548780487805	353	0.37318840579710144	103	0.04649390243902439	61	0.44435975609756095	118	1.0	962	1.0	1312	1.0	427	0.28734756097560976	377	0.7126524390243902	935	0.028066528066528068	27
li2019	SRR7664615_bin.15.o	repro_0913							1.0	1455	1.0	1052	1.0	683	0.0	3	2.130307467057101	2	0.9010309278350516	1311	0.0	0	1.0	140	0.0028517110266159697	3	1.0	1311	0.0	0	0.0	0	0.0	0	0.0	0	0.3390804597701149	177	0.015807560137457044	23	0.0	0	0.0	0	0.08247422680412371	120	0.0	0	0.0	35.52486058313404	0.0	35.52486058313404	0.0	1.0	1.0	0.0	0.0	0	0.0	0	0.0196078431372549	1	0.24467353951890033	356	1.0	0	0.09828178694158075	143	0.36907216494845363	154	1.0	1052	1.0	1455	1.0	683	0.3037800687285223	442	0.6962199312714776	1013	0.0370722433460076	39
li2019	SRR7664615_bin.15.o	restored_0913							1.0	1455	1.0	1052	1.0	683	0.0	3	2.130307467057101	2	0.6639175257731958	966	0.23711340206185566	345	1.0	140	0.0028517110266159697	3	0.4416475972540046	579	0.0015255530129672007	2	0.0	0	0.0	0	0.0	0	0.3390804597701149	177	0.015807560137457044	23	0.0	0	0.0	0	0.08247422680412371	120	0.0	0	0.0	35.52486058313404	0.0	35.52486058313404	0.0	1.0	1.0	-4.144730370814716	0.0	0	0.0	0	0.0196078431372549	1	0.24467353951890033	356	0.2985507246376812	103	0.09828178694158075	143	0.36907216494845363	154	1.0	1052	1.0	1455	1.0	683	0.3037800687285223	442	0.6962199312714776	1013	0.0370722433460076	39
li2019	SRR7664615_bin.15.o	restored_017	0.21580072536830996	0.45967805570898757	0.25	0.25	0.0	0.0	1.0	1455	1.0	1052	1.0	683	0.0	3	2.130307467057101	2	0.6639175257731958	966	0.23711340206185566	345	1.0	140	1.0	0.0	0.4416475972540046	579	0.0015255530129672007	2	0.0	0	0.0	0	0.0	0	0.3390804597701149	177	0.015807560137457044	23	0.0	0	0.0	0	0.08247422680412371	120	0.0	0	0.0	35.5248605831602	0.0	35.52486058313375	0.0	1.0	1.0	-4.144730370814716	0.0	0	0.0	0	0.0196078431372549	1	0.24467353951890033	356	0.2985507246376812	103	0.09828178694158075	143	0.36907216494845363	154	1.0	1052	1.0	1455	1.0	683	0.3037800687285223	442	0.6962199312714776	1013	0.0370722433460076	39
li2019	SRR7664615_bin.15.o	metagem_017	0.2140032741545406	0.45505603830215197	0.25	0.25	0.0	0.0	1.0	1451	1.0	1049	1.0	682	0.0	3	2.127565982404692	2	0.6609235010337698	959	0.23914541695382494	347	1.0	141	1.0	0.0	0.442572741194487	578	0.0015313935681470138	2	0.0	0	0.0	0	0.0	0	0.37050359712230213	206	0.015161957270847692	22	0.0	0	0.0	0	0.08821502412129566	128	0.0	0	0.0	19.489429433595248	0.0	19.48942943359572	0.0	1.0	1.0	-4.144730370814716	0.0	0	0.0	0	0.0196078431372549	1	0.23225361819434873	337	0.27953890489913547	97	0.09441764300482426	137	0.37767057201929705	154	1.0	1049	1.0	1451	1.0	682	0.3053066850447967	443	0.6946933149552033	1008	0.03908484270734033	41
li2019	SRR7664615_bin.19.s	repro_0913							1.0	1987	1.0	1387	1.0	1010	0.0	3	1.9673267326732673	2	0.9008555611474585	1790	0.0	0	1.0	188	0.004325883201153569	6	1.0	1790	0.0	0	0.0	0	0.0	0	0.0	0	0.4112903225806452	255	0.025666834423754403	51	0.0007209805335255948	1	0.0007209805335255948	1	0.04781077000503271	95	0.0	0	0.0	43.56138011579025	0.0	43.56138011579025	0.0	1.0	1.0	0.0	0.0	0	0.0	0	0.0196078431372549	1	0.17262204328132863	343	1.0	0	0.12783090085556115	254	0.44841469552088575	208	1.0	1387	1.0	1987	1.0	1010	0.3241066935078007	644	0.6758933064921993	1343	0.03172314347512617	44
li2019	SRR7664615_bin.19.s	restored_0913							1.0	1987	1.0	1387	1.0	1010	0.0	3	1.9673267326732673	2	0.6321087065928536	1256	0.26874685455460495	534	1.0	188	0.004325883201153569	6	0.4100558659217877	734	0.0	0	0.0	0	0.0	0	0.0	0	0.4112903225806452	255	0.025666834423754403	51	0.0007209805335255948	1	0.0007209805335255948	1	0.04781077000503271	95	0.0	0	0.0	43.56138011579025	0.0	43.56138011579025	0.0	1.0	1.0	-4.144730370814716	0.0	0	0.0	0	0.0196078431372549	1	0.17262204328132863	343	0.17228464419475656	92	0.12783090085556115	254	0.44841469552088575	208	1.0	1387	1.0	1987	1.0	1010	0.3241066935078007	644	0.6758933064921993	1343	0.03172314347512617	44
li2019	SRR7664615_bin.19.s	restored_017	0.21362891545356855	0.45409340164250966	0.25	0.25	0.0	0.0	1.0	1987	1.0	1387	1.0	1010	0.0	3	1.9673267326732673	2	0.6321087065928536	1256	0.26874685455460495	534	1.0	188	1.0	0.0	0.4100558659217877	734	0.0	0	0.0	0	0.0	0	0.0	0	0.4112903225806452	255	0.025666834423754403	51	0.0	0	0.0	0	0.04781077000503271	95	0.0	0	0.0	43.56138011578896	0.0	43.561380115789184	0.0	1.0	1.0	-4.144730370814716	0.0	0	0.0	0	0.0196078431372549	1	0.17262204328132863	343	0.17228464419475656	92	0.12783090085556115	254	0.44841469552088575	208	1.0	1387	1.0	1987	1.0	1010	0.3241066935078007	644	0.6758933064921993	1343	0.03172314347512617	44
li2019	SRR7664615_bin.19.s	metagem_017	0.21310731191043844	0.4527521353887464	0.25	0.25	0.0	0.0	1.0	1992	1.0	1396	1.0	1016	0.0	3	1.9606299212598426	2	0.6295180722891566	1254	0.2710843373493976	540	1.0	189	1.0	0.0	0.40858416945373466	733	0.0	0	0.0	0	0.0	0	0.0	0	0.42215088282504015	263	0.030120481927710843	60	0.0	0	0.0	0	0.053714859437751006	107	0.0	0	0.0	41.23258807625711	0.0	41.23258807625583	0.0	1.0	1.0	-4.144730370814716	0.0	0	0.0	0	0.0196078431372549	1	0.17269076305220885	344	0.1814814814814815	98	0.1290160642570281	257	0.4457831325301205	207	1.0	1396	1.0	1992	1.0	1016	0.32228915662650603	642	0.677710843373494	1350	0.0329512893982808	46
li2019	SRR7664615_bin.2.o	repro_0913							1.0	1859	1.0	1288	1.0	803	0.0	3	2.315068493150685	2	0.900484131253362	1674	0.0	0	1.0	181	0.004658385093167702	6	1.0	1674	0.0	0	0.0	0	0.0	0	0.0	0	0.31607629427792916	232	0.013448090371167294	25	0.0015527950310559005	2	0.0007763975155279503	1	0.07799892415277031	145	0.0	0	0.0	50.38073063129551	0.0	50.38073063129551	0.0	1.0	1.0	0.0	0.0	0	0.0	0	0.0196078431372549	1	0.17805271651425497	331	1.0	0	0.07477138246369015	139	0.47391070467993546	217	1.0	1288	1.0	1859	1.0	803	0.32867132867132864	611	0.6713286713286714	1248	0.007763975155279503	10
li2019	SRR7664615_bin.2.o	restored_0913							1.0	1859	1.0	1288	1.0	803	0.0	3	2.315068493150685	2	0.6481979558902636	1205	0.25228617536309844	469	1.0	181	0.004658385093167702	6	0.4032258064516129	675	0.0	0	0.0	0	0.0	0	0.0	0	0.31607629427792916	232	0.013448090371167294	25	0.0015527950310559005	2	0.0007763975155279503	1	0.07799892415277031	145	0.0	0	0.0	50.38073063129551	0.0	50.38073063129551	0.0	1.0	1.0	-4.144730370814716	0.0	0	0.0	0	0.0196078431372549	1	0.17805271651425497	331	0.21961620469083157	103	0.07477138246369015	139	0.47391070467993546	217	1.0	1288	1.0	1859	1.0	803	0.32867132867132864	611	0.6713286713286714	1248	0.007763975155279503	10
li2019	SRR7664615_bin.2.o	restored_017	0.2192980314409514	0.4686711284672083	0.25	0.25	0.0	0.0	1.0	1859	1.0	1288	1.0	803	0.0	3	2.315068493150685	2	0.6481979558902636	1205	0.25228617536309844	469	1.0	181	1.0	0.0	0.4032258064516129	675	0.0	0	0.0	0	0.0	0	0.0	0	0.31607629427792916	232	0.013448090371167294	25	0.0	0	0.0	0	0.07799892415277031	145	0.0	0	0.0	50.38073063129554	0.0	50.38073063129554	0.0	1.0	1.0	-4.144730370814716	0.0	0	0.0	0	0.0196078431372549	1	0.17805271651425497	331	0.21961620469083157	103	0.07477138246369015	139	0.47391070467993546	217	1.0	1288	1.0	1859	1.0	803	0.32867132867132864	611	0.6713286713286714	1248	0.007763975155279503	10
li2019	SRR7664615_bin.2.o	metagem_017	0.21872042400151429	0.46718585219437003	0.25	0.25	0.0	0.0	1.0	1962	1.0	1378	1.0	812	0.0	3	2.416256157635468	2	0.6376146788990825	1251	0.2599388379204893	510	1.0	195	1.0	0.0	0.39636570130607607	698	0.0	0	0.0	0	0.0	0	0.0	0	0.3333333333333333	231	0.027013251783893986	53	0.0	0	0.0	0	0.06574923547400612	129	0.0	0	0.0	53.282300361260084	0.0	53.28230036126091	0.0	1.0	1.0	-4.144730370814716	0.0	0	0.0	0	0.0196078431372549	1	0.20081549439347604	394	0.2568627450980392	131	0.07186544342507645	141	0.4602446483180428	225	1.0	1378	1.0	1962	1.0	812	0.32059123343527013	629	0.6794087665647298	1333	0.007982583454281567	11
li2019	SRR7664615_bin.23.s	repro_0913							1.0	1467	1.0	1130	1.0	464	0.0	3	3.1616379310344827	2	0.901840490797546	1323	0.0	0	1.0	137	0.005309734513274336	6	1.0	1323	0.0	0	0.0	0	0.0	0	0.0	0	0.4006024096385542	266	0.025903203817314247	38	0.0	0	0.0	0	0.05248807089297887	77	0.0	0	0.0	33.25742445982422	0.0	33.25742445982422	0.0	1.0	1.0	0.0	0.0	0	0.0	0	0.0196078431372549	1	0.3067484662576687	450	1.0	0	0.04703476482617587	69	0.4212678936605317	138	1.0	1130	1.0	1467	1.0	464	0.261758691206544	384	0.7382413087934561	1083	0.0415929203539823	47
li2019	SRR7664615_bin.23.s	restored_0913							1.0	1467	1.0	1130	1.0	464	0.0	3	3.1616379310344827	2	0.6496250852079073	953	0.25221540558963873	370	1.0	137	0.005309734513274336	6	0.3726379440665155	493	0.003779289493575208	5	0.0	0	0.0	0	0.0	0	0.4006024096385542	266	0.025903203817314247	38	0.0	0	0.0	0	0.05248807089297887	77	0.0	0	0.0	33.25742445982422	0.0	33.25742445982422	0.0	1.0	1.0	-4.144730370814716	0.0	0	0.0	0	0.0196078431372549	1	0.3067484662576687	450	0.33783783783783783	125	0.04703476482617587	69	0.4212678936605317	138	1.0	1130	1.0	1467	1.0	464	0.261758691206544	384	0.7382413087934561	1083	0.0415929203539823	47
li2019	SRR7664615_bin.23.s	restored_017	0.216091501303779	0.4604257652573364	0.25	0.25	0.0	0.0	1.0	1467	1.0	1130	1.0	464	0.0	3	3.1616379310344827	2	0.6496250852079073	953	0.25221540558963873	370	1.0	137	1.0	0.0	0.3726379440665155	493	0.003779289493575208	5	0.0	0	0.0	0	0.0	0	0.4006024096385542	266	0.025903203817314247	38	0.0	0	0.0	0	0.05248807089297887	77	0.0	0	0.0	33.257424459824406	0.0	33.257424459824264	0.0	1.0	1.0	-4.144730370814716	0.0	0	0.0	0	0.0196078431372549	1	0.3067484662576687	450	0.33783783783783783	125	0.04703476482617587	69	0.4212678936605317	138	1.0	1130	1.0	1467	1.0	464	0.261758691206544	384	0.7382413087934561	1083	0.0415929203539823	47
li2019	SRR7664615_bin.23.s	metagem_017	0.21894137319232335	0.4677540072564505	0.25	0.25	0.0	0.0	1.0	1473	1.0	1136	1.0	468	0.0	3	3.1474358974358974	2	0.6415478615071283	945	0.253224711473184	373	1.0	146	1.0	0.0	0.37101669195751136	489	0.004552352048558422	6	0.0	0	0.0	0	0.0	0	0.35015290519877673	229	0.028513238289205704	42	0.0	0	0.0	0	0.05091649694501019	75	0.0	0	0.0	31.47660613936432	0.0	31.476606139364264	0.0	1.0	1.0	-4.144730370814716	0.0	0	0.0	0	0.0196078431372549	1	0.29463679565512557	434	0.34048257372654156	127	0.04684317718940937	69	0.41887304820095045	134	1.0	1136	1.0	1473	1.0	468	0.25526137135098437	376	0.7447386286490156	1097	0.03345070422535211	38
li2019	SRR7664615_bin.27.o	repro_0913							1.0	1734	1.0	1189	1.0	904	0.0	3	1.918141592920354	2	0.8898500576701269	1543	0.0	0	1.0	186	0.00336417157275021	4	1.0	1543	0.0	0	0.0	0	0.0	0	0.0	0	0.469553450608931	347	0.0017301038062283738	3	0.0	0	0.0	0	0.09457900807381776	164	0.0	0	0.0	46.94327688883819	0.0	46.94327688883819	0.0	1.0	1.0	0.0	0.0	0	0.0	0	0.0196078431372549	1	0.1914648212226067	332	1.0	0	0.10034602076124567	174	0.4019607843137255	193	1.0	1189	1.0	1734	1.0	904	0.33852364475201846	587	0.6614763552479815	1147	0.009251471825063078	11
li2019	SRR7664615_bin.27.o	restored_0913							1.0	1734	1.0	1189	1.0	904	0.0	3	1.918141592920354	2	0.6366782006920415	1104	0.25317185697808536	439	1.0	186	0.00336417157275021	4	0.4128321451717434	637	0.0	0	0.0	0	0.0	0	0.0	0	0.469553450608931	347	0.0017301038062283738	3	0.0	0	0.0	0	0.09457900807381776	164	0.0	0	0.0	46.94327688883819	0.0	46.94327688883819	0.0	1.0	1.0	-4.144730370814716	0.0	0	0.0	0	0.0196078431372549	1	0.1914648212226067	332	0.27790432801822323	122	0.10034602076124567	174	0.4019607843137255	193	1.0	1189	1.0	1734	1.0	904	0.33852364475201846	587	0.6614763552479815	1147	0.009251471825063078	11
li2019	SRR7664615_bin.27.o	restored_017	0.21023783727144402	0.44537348631704654	0.25	0.25	0.0	0.0	1.0	1734	1.0	1189	1.0	904	0.0	3	1.918141592920354	2	0.6366782006920415	1104	0.25317185697808536	439	1.0	186	1.0	0.0	0.4128321451717434	637	0.0	0	0.0	0	0.0	0	0.0	0	0.469553450608931	347	0.0017301038062283738	3	0.0	0	0.0	0	0.09457900807381776	164	0.0	0	0.0	46.94327688880418	0.0	46.9432768888038	0.0	1.0	1.0	-4.144730370814716	0.0	0	0.0	0	0.0196078431372549	1	0.1914648212226067	332	0.27790432801822323	122	0.10034602076124567	174	0.4019607843137255	193	1.0	1189	1.0	1734	1.0	904	0.3391003460207612	588	0.6608996539792388	1146	0.009251471825063078	11
li2019	SRR7664615_bin.27.o	metagem_017	0.21196876048105026	0.4498244317131768	0.25	0.25	0.0	0.0	1.0	1724	1.0	1188	1.0	907	0.0	3	1.9007717750826902	2	0.644431554524362	1111	0.2523201856148492	435	1.0	173	1.0	0.0	0.4139715394566624	640	0.0	0	0.0	0	0.0	0	0.0	0	0.4372574385510996	338	0.008700696055684454	15	0.0	0	0.0	0	0.09048723897911833	156	0.0	0	0.0	47.58665934298006	0.0	47.58665934298024	0.0	1.0	1.0	-4.144730370814716	0.0	0	0.0	0	0.0196078431372549	1	0.18619489559164734	321	0.23448275862068965	102	0.10034802784222738	173	0.41125290023201855	194	1.0	1188	1.0	1724	1.0	907	0.3375870069605568	582	0.6624129930394431	1142	0.011784511784511785	14
li2019	SRR7664615_bin.29.s	repro_0913							1.0	1410	1.0	1043	1.0	593	0.0	3	2.3777403035413154	2	0.8773049645390071	1237	0.0	0	1.0	168	0.0028763183125599234	3	1.0	1237	0.0	0	0.0	0	0.0	0	0.0	0	0.24561403508771928	112	0.012056737588652482	17	0.0	0	0.0	0	0.07943262411347518	112	0.0	0	0.0	16.87020286551108	0.0	16.87420658189091	0.0	1.0	1.0	0.0	0.0	0	0.0	0	0.0196078431372549	1	0.28581560283687946	403	1.0	0	0.08794326241134752	124	0.35815602836879434	134	1.0	1043	1.0	1410	1.0	593	0.28794326241134754	406	0.7120567375886525	1004	0.009587727708533078	10
li2019	SRR7664615_bin.29.s	restored_0913							1.0	1410	1.0	1043	1.0	593	0.0	3	2.3777403035413154	2	0.6156028368794326	868	0.26170212765957446	369	1.0	168	0.0028763183125599234	3	0.43007275666936134	532	0.004850444624090542	6	0.0	0	0.0	0	0.0	0	0.24561403508771928	112	0.012056737588652482	17	0.0	0	0.0	0	0.07943262411347518	112	0.0	0	0.0	16.87020286551108	0.0	16.87420658189091	0.0	1.0	1.0	-4.144730370814716	0.0	0	0.0	0	0.0196078431372549	1	0.28581560283687946	403	0.3794037940379404	140	0.08794326241134752	124	0.35815602836879434	134	1.0	1043	1.0	1410	1.0	593	0.28794326241134754	406	0.7120567375886525	1004	0.009587727708533078	10
li2019	SRR7664615_bin.29.s	restored_017	0.22145163501586088	0.47420896623126124	0.25	0.25	0.0	0.0	1.0	1410	1.0	1043	1.0	593	0.0	3	2.3777403035413154	2	0.6156028368794326	868	0.26170212765957446	369	1.0	168	1.0	0.0	0.43007275666936134	532	0.004850444624090542	6	0.0	0	0.0	0	0.0	0	0.24561403508771928	112	0.012056737588652482	17	0.0	0	0.0	0	0.07943262411347518	112	0.0	0	0.0	16.870202865514127	0.0	16.874206581890938	0.0	1.0	1.0	-4.144730370814716	0.0	0	0.0	0	0.0196078431372549	1	0.28581560283687946	403	0.3794037940379404	140	0.08794326241134752	124	0.35815602836879434	134	1.0	1043	1.0	1410	1.0	593	0.28794326241134754	406	0.7120567375886525	1004	0.00862895493767977	9
li2019	SRR7664615_bin.29.s	metagem_017	0.21933388417043045	0.4687633212001545	0.25	0.25	0.0	0.0	1.0	1412	1.0	1035	1.0	589	0.0	3	2.397283531409168	2	0.6218130311614731	878	0.25424929178470257	359	1.0	172	1.0	0.0	0.4357316087308003	539	0.0064672594987873885	8	0.0	0	0.0	0	0.0	0	0.27645788336933047	128	0.0113314447592068	16	0.0	0	0.0	0	0.0821529745042493	116	0.0	0	0.0	24.807904485682844	0.0	24.80790448568297	0.0	1.0	1.0	-4.144730370814716	0.0	0	0.0	0	0.0196078431372549	1	0.29957507082152973	423	0.39275766016713093	141	0.0821529745042493	116	0.3406515580736544	132	1.0	1035	1.0	1412	1.0	589	0.29320113314447593	414	0.7067988668555241	998	0.014492753623188406	15
li2019	SRR7664615_bin.31.s	repro_0913							1.0	1750	1.0	1244	1.0	848	0.0	3	2.063679245283019	2	0.9051428571428571	1584	0.0	0	1.0	156	0.002411575562700965	3	1.0	1584	0.0	0	0.0	0	0.0	0	0.0	0	0.3760539629005059	223	0.02	35	0.0008038585209003215	1	0.0	0	0.10285714285714286	180	0.0	0	0.0	46.28639482108258	0.0	46.28639482108258	0.0	1.0	1.0	0.0	0.0	0	0.0	0	0.0196078431372549	1	0.17657142857142857	309	1.0	0	0.11085714285714286	194	0.45885714285714285	195	1.0	1244	1.0	1750	1.0	848	0.31885714285714284	558	0.6811428571428572	1192	0.04180064308681672	52
li2019	SRR7664615_bin.31.s	restored_0913							1.0	1750	1.0	1244	1.0	848	0.0	3	2.063679245283019	2	0.6542857142857142	1145	0.25085714285714283	439	1.0	156	0.002411575562700965	3	0.42613636363636365	675	0.0012626262626262627	2	0.0	0	0.0	0	0.0	0	0.3760539629005059	223	0.02	35	0.0008038585209003215	1	0.0	0	0.10285714285714286	180	0.0	0	0.0	46.28639482108258	0.0	46.28639482108258	0.0	1.0	1.0	-4.144730370814716	0.0	0	0.0	0	0.0196078431372549	1	0.17657142857142857	309	0.22779043280182232	100	0.11085714285714286	194	0.45885714285714285	195	1.0	1244	1.0	1750	1.0	848	0.31885714285714284	558	0.6811428571428572	1192	0.04180064308681672	52
li2019	SRR7664615_bin.31.s	restored_017	0.21462298410373168	0.45664957817150054	0.25	0.25	0.0	0.0	1.0	1750	1.0	1244	1.0	848	0.0	3	2.063679245283019	2	0.6542857142857142	1145	0.25085714285714283	439	1.0	156	1.0	0.0	0.42613636363636365	675	0.0012626262626262627	2	0.0	0	0.0	0	0.0	0	0.3760539629005059	223	0.02	35	0.0	0	0.0	0	0.10285714285714286	180	0.0	0	0.0	46.286394821084336	0.0	46.286394821082446	0.0	1.0	1.0	-4.144730370814716	0.0	0	0.0	0	0.0196078431372549	1	0.17657142857142857	309	0.22779043280182232	100	0.11085714285714286	194	0.45885714285714285	195	1.0	1244	1.0	1750	1.0	848	0.31885714285714284	558	0.6811428571428572	1192	0.04180064308681672	52
li2019	SRR7664615_bin.31.s	metagem_017	0.21644731484710078	0.4613407143687354	0.25	0.25	0.0	0.0	1.0	1885	1.0	1356	1.0	870	0.0	3	2.1666666666666665	2	0.6445623342175066	1215	0.25517241379310346	481	1.0	178	1.0	0.0	0.41332547169811323	701	0.0	0	0.0	0	0.0	0	0.0	0	0.35728952772073924	174	0.03076923076923077	58	0.0	0	0.0	0	0.06312997347480107	119	0.0	0	0.0	42.372765496074194	0.0	42.37276549607386	0.0	1.0	1.0	-4.144730370814716	0.0	0	0.0	0	0.0196078431372549	1	0.19522546419098144	368	0.26195426195426197	126	0.10610079575596817	200	0.4440318302387268	204	1.0	1356	1.0	1885	1.0	870	0.30875331564986735	582	0.6912466843501326	1303	0.03908554572271387	53
li2019	SRR7664615_bin.6.p	repro_0913							1.0	1636	1.0	1133	1.0	653	0.0	3	2.5053598774885146	2	0.8979217603911981	1469	0.0	0	1.0	160	0.00264783759929391	3	1.0	1469	0.0	0	0.0	0	0.0	0	0.0	0	0.3954248366013072	242	0.0024449877750611247	4	0.00088261253309797	1	0.0	0	0.11063569682151589	181	0.0	0	0.0	46.215288498193146	0.0	46.215288498193146	0.0	1.0	1.0	0.0	0.0	0	0.0	0	0.0196078431372549	1	0.2273838630806846	372	1.0	0	0.09963325183374083	163	0.44559902200489	184	1.0	1133	1.0	1636	1.0	653	0.3306845965770171	541	0.6693154034229829	1095	0.03353927625772286	38
li2019	SRR7664615_bin.6.p	restored_0913							1.0	1636	1.0	1133	1.0	653	0.0	3	2.5053598774885146	2	0.6540342298288508	1070	0.2438875305623472	399	1.0	160	0.00264783759929391	3	0.45064669843430905	662	0.0	0	0.0	0	0.0	0	0.0	0	0.3954248366013072	242	0.0024449877750611247	4	0.00088261253309797	1	0.0	0	0.11063569682151589	181	0.0	0	0.0	46.215288498193146	0.0	46.215288498193146	0.0	1.0	1.0	-4.144730370814716	0.0	0	0.0	0	0.0196078431372549	1	0.2273838630806846	372	0.3308270676691729	132	0.09963325183374083	163	0.44559902200489	184	1.0	1133	1.0	1636	1.0	653	0.3306845965770171	541	0.6693154034229829	1095	0.03353927625772286	38
li2019	SRR7664615_bin.6.p	restored_017	0.21225528509061392	0.45056120928062626	0.25	0.25	0.0	0.0	1.0	1636	1.0	1133	1.0	653	0.0	3	2.5053598774885146	2	0.6540342298288508	1070	0.2438875305623472	399	1.0	160	1.0	0.0	0.45064669843430905	662	0.0	0	0.0	0	0.0	0	0.0	0	0.3954248366013072	242	0.0024449877750611247	4	0.0	0	0.0	0	0.11063569682151589	181	0.0	0	0.0	46.21528849819436	0.0	46.21528849819322	0.0	1.0	1.0	-4.144730370814716	0.0	0	0.0	0	0.0196078431372549	1	0.2273838630806846	372	0.3308270676691729	132	0.09963325183374083	163	0.44559902200489	184	1.0	1133	1.0	1636	1.0	653	0.3306845965770171	541	0.6693154034229829	1095	0.03353927625772286	38
li2019	SRR7664615_bin.6.p	metagem_017	0.21381097635699398	0.4545615582513178	0.25	0.25	0.0	0.0	1.0	1636	1.0	1139	1.0	651	0.0	3	2.5130568356374807	2	0.6558679706601467	1073	0.24449877750611246	400	1.0	156	1.0	0.0	0.45078071961982347	664	0.0013577732518669382	2	0.0	0	0.0	0	0.0	0	0.3659305993690852	232	0.009779951100244499	16	0.0	0	0.0	0	0.10880195599022005	178	0.0	0	0.0	34.65139527532617	0.0	34.651395275325854	0.0	1.0	1.0	-4.144730370814716	0.0	0	0.0	0	0.0196078431372549	1	0.21943765281173594	359	0.3125	125	0.10024449877750612	164	0.4614914425427873	189	1.0	1139	1.0	1636	1.0	651	0.328239608801956	537	0.671760391198044	1099	0.03511852502194908	40
li2019	SRR7664616_bin.10.s	repro_0913							1.0	1699	1.0	1203	1.0	795	0.0	3	2.137106918238994	2	0.9152442613301942	1555	0.0	0	1.0	137	0.0024937655860349127	3	1.0	1555	0.0	0	0.0	0	0.0	0	0.0	0	0.3431372549019608	245	0.017068864037669218	29	0.0	0	0.0	0	0.06945261918775751	118	0.0	0	0.0	38.62787188529113	0.0	38.62787188529113	0.0	1.0	1.0	0.0	0.0	0	0.0	0	0.0196078431372549	1	0.15008828722778106	255	1.0	0	0.07474985285462037	127	0.5061801059446733	214	1.0	1203	1.0	1699	1.0	795	0.316656856974691	538	0.683343143025309	1161	0.034912718204488775	42
li2019	SRR7664616_bin.10.s	restored_0913							1.0	1699	1.0	1203	1.0	795	0.0	3	2.137106918238994	2	0.6968805179517363	1184	0.2183637433784579	371	1.0	137	0.0024937655860349127	3	0.4057877813504823	631	0.0	0	0.0	0	0.0	0	0.0	0	0.3431372549019608	245	0.017068864037669218	29	0.0	0	0.0	0	0.06945261918775751	118	0.0	0	0.0	38.62787188529113	0.0	38.62787188529113	0.0	1.0	1.0	-4.144730370814716	0.0	0	0.0	0	0.0196078431372549	1	0.15008828722778106	255	0.23450134770889489	87	0.07474985285462037	127	0.5061801059446733	214	1.0	1203	1.0	1699	1.0	795	0.316656856974691	538	0.683343143025309	1161	0.034912718204488775	42
li2019	SRR7664616_bin.10.s	restored_017	0.2176523128007902	0.46443928053536526	0.25	0.25	0.0	0.0	1.0	1699	1.0	1203	1.0	795	0.0	3	2.137106918238994	2	0.6968805179517363	1184	0.2183637433784579	371	1.0	137	1.0	0.0	0.4057877813504823	631	0.0	0	0.0	0	0.0	0	0.0	0	0.3431372549019608	245	0.017068864037669218	29	0.0	0	0.0	0	0.06945261918775751	118	0.0	0	0.0	38.62787188529195	0.0	38.627871885290865	0.0	1.0	1.0	-4.144730370814716	0.0	0	0.0	0	0.0196078431372549	1	0.15008828722778106	255	0.23450134770889489	87	0.07474985285462037	127	0.5061801059446733	214	1.0	1203	1.0	1699	1.0	795	0.316656856974691	538	0.683343143025309	1161	0.034912718204488775	42
li2019	SRR7664616_bin.10.s	metagem_017	0.21794409503843468	0.46518957771787967	0.25	0.25	0.0	0.0	1.0	1748	1.0	1245	1.0	796	0.0	3	2.1959798994974875	2	0.6847826086956522	1197	0.2248283752860412	393	1.0	151	1.0	0.0	0.39433962264150946	627	0.0	0	0.0	0	0.0	0	0.0	0	0.34933333333333333	262	0.02002288329519451	35	0.0	0	0.0	0	0.06121281464530892	107	0.0	0	0.0	44.94336161035345	0.0	44.94336161035365	0.0	1.0	1.0	-4.144730370814716	0.0	0	0.0	0	0.0196078431372549	1	0.15846681922196795	277	0.2544529262086514	100	0.07265446224256293	127	0.4982837528604119	216	1.0	1245	1.0	1748	1.0	796	0.3112128146453089	544	0.6887871853546911	1204	0.0321285140562249	40
li2019	SRR7664616_bin.15.o	repro_0913							1.0	1585	1.0	1110	1.0	790	0.0	3	2.0063291139240507	2	0.8908517350157729	1412	0.0	0	1.0	170	0.002702702702702703	3	1.0	1412	0.0	0	0.0	0	0.0	0	0.0	0	0.3569364161849711	247	0.01829652996845426	29	0.0	0	0.0	0	0.1110410094637224	176	0.0	0	0.0	33.07733460569857	0.0	33.07733460569857	0.0	1.0	1.0	0.0	0.0	0	0.0	0	0.0196078431372549	1	0.1810725552050473	287	1.0	0	0.10220820189274447	162	0.4138801261829653	173	1.0	1110	1.0	1585	1.0	790	0.3299684542586751	523	0.670031545741325	1062	0.014414414414414415	16
li2019	SRR7664616_bin.15.o	restored_0913							1.0	1585	1.0	1110	1.0	790	0.0	3	2.0063291139240507	2	0.6170347003154574	978	0.27381703470031543	434	1.0	170	0.002702702702702703	3	0.42776203966005666	604	0.0	0	0.0	0	0.0	0	0.0	0	0.3569364161849711	247	0.01829652996845426	29	0.0	0	0.0	0	0.1110410094637224	176	0.0	0	0.0	33.07733460569857	0.0	33.07733460569857	0.0	1.0	1.0	-4.144730370814716	0.0	0	0.0	0	0.0196078431372549	1	0.1810725552050473	287	0.2557603686635945	111	0.10220820189274447	162	0.4138801261829653	173	1.0	1110	1.0	1585	1.0	790	0.3299684542586751	523	0.670031545741325	1062	0.014414414414414415	16
li2019	SRR7664616_bin.15.o	restored_017	0.21566490060120216	0.4593287920221389	0.25	0.25	0.0	0.0	1.0	1585	1.0	1110	1.0	790	0.0	3	2.0063291139240507	2	0.6170347003154574	978	0.27381703470031543	434	1.0	170	1.0	0.0	0.42776203966005666	604	0.0	0	0.0	0	0.0	0	0.0	0	0.3569364161849711	247	0.01829652996845426	29	0.0	0	0.0	0	0.1110410094637224	176	0.0	0	0.0	33.07733460569867	0.0	33.077334605698624	0.0	1.0	1.0	-4.144730370814716	0.0	0	0.0	0	0.0196078431372549	1	0.1810725552050473	287	0.2557603686635945	111	0.10220820189274447	162	0.4138801261829653	173	1.0	1110	1.0	1585	1.0	790	0.3299684542586751	523	0.670031545741325	1062	0.015315315315315315	17
li2019	SRR7664616_bin.15.o	metagem_017	0.21311818448741954	0.45278009344384074	0.25	0.25	0.0	0.0	1.0	1583	1.0	1105	1.0	786	0.0	3	2.013994910941476	2	0.6114971572962729	968	0.27605811749842074	437	1.0	175	1.0	0.0	0.42419928825622777	596	0.0	0	0.0	0	0.0	0	0.0	0	0.40634005763688763	282	0.018951358180669616	30	0.0	0	0.0	0	0.10991787744788377	174	0.0	0	0.0	33.233223123581624	0.0	33.23322312358148	0.0	1.0	1.0	-4.144730370814716	0.0	0	0.0	0	0.0196078431372549	1	0.18256475047378395	289	0.2654462242562929	116	0.09222994314592546	146	0.40934933670246365	172	1.0	1105	1.0	1583	1.0	786	0.33164876816171823	525	0.6683512318382817	1058	0.013574660633484163	15
li2019	SRR7664616_bin.16.p	repro_0913							1.0	1576	1.0	1120	1.0	569	0.0	3	2.7697715289982425	2	0.8965736040609137	1413	0.0	0	1.0	157	0.0035714285714285713	4	1.0	1413	0.0	0	0.0	0	0.0	0	0.0	0	0.3161512027491409	184	0.010786802030456852	17	0.0008928571428571428	1	0.0	0	0.10596446700507614	167	0.0	0	0.0	34.90158063106415	0.0	34.90158063106415	0.0	1.0	1.0	0.0	0.0	0	0.0	0	0.0196078431372549	1	0.2468274111675127	389	1.0	0	0.09390862944162437	148	0.45621827411167515	179	1.0	1120	1.0	1576	1.0	569	0.3147208121827411	496	0.6852791878172588	1080	0.03571428571428571	40
li2019	SRR7664616_bin.16.p	restored_0913							1.0	1576	1.0	1120	1.0	569	0.0	3	2.7697715289982425	2	0.6535532994923858	1030	0.2430203045685279	383	1.0	157	0.0035714285714285713	4	0.45364472753007784	641	0.0021231422505307855	3	0.0	0	0.0	0	0.0	0	0.3161512027491409	184	0.010786802030456852	17	0.0008928571428571428	1	0.0	0	0.10596446700507614	167	0.0	0	0.0	34.90158063106415	0.0	34.90158063106415	0.0	1.0	1.0	-4.144730370814716	0.0	0	0.0	0	0.0196078431372549	1	0.2468274111675127	389	0.3524804177545692	135	0.09390862944162437	148	0.45621827411167515	179	1.0	1120	1.0	1576	1.0	569	0.3147208121827411	496	0.6852791878172588	1080	0.03571428571428571	40
li2019	SRR7664616_bin.16.p	restored_017	0.21637486634093983	0.4611544182100357	0.25	0.25	0.0	0.0	1.0	1576	1.0	1120	1.0	569	0.0	3	2.7697715289982425	2	0.6535532994923858	1030	0.2430203045685279	383	1.0	157	1.0	0.0	0.45364472753007784	641	0.0021231422505307855	3	0.0	0	0.0	0	0.0	0	0.3161512027491409	184	0.010786802030456852	17	0.0	0	0.0	0	0.10596446700507614	167	0.0	0	0.0	34.901580631063354	0.0	34.90158063106578	0.0	1.0	1.0	-4.144730370814716	0.0	0	0.0	0	0.0196078431372549	1	0.2468274111675127	389	0.3524804177545692	135	0.09390862944162437	148	0.45621827411167515	179	1.0	1120	1.0	1576	1.0	569	0.3147208121827411	496	0.6852791878172588	1080	0.03571428571428571	40
li2019	SRR7664616_bin.16.p	metagem_017	0.21642257642257642	0.4612771012771013	0.25	0.25	0.0	0.0	1.0	1616	1.0	1135	1.0	569	0.0	3	2.8400702987697715	2	0.6460396039603961	1044	0.2469059405940594	399	1.0	167	1.0	0.0	0.44144144144144143	637	0.003465003465003465	5	0.0	0	0.0	0	0.0	0	0.3261538461538461	212	0.003094059405940594	5	0.0	0	0.0	0	0.11324257425742575	183	0.0	0	0.0	69.59115617850803	0.0	69.59115617850821	0.0	1.0	1.0	-4.144730370814716	0.0	0	0.0	0	0.0196078431372549	1	0.25804455445544555	417	0.37343358395989973	149	0.09344059405940594	151	0.44554455445544555	180	1.0	1135	1.0	1616	1.0	569	0.32116336633663367	519	0.6788366336633663	1097	0.033480176211453744	38
li2019	SRR7664616_bin.19.p	repro_0913							1.0	1806	1.0	1239	1.0	735	0.0	3	2.4571428571428573	2	0.9019933554817275	1629	0.0	0	1.0	169	0.004842615012106538	6	1.0	1629	0.0	0	0.0	0	0.0	0	0.0	0	0.4375821287779238	333	0.0033222591362126247	6	0.0008071025020177562	1	0.0	0	0.07807308970099668	141	0.0	0	0.0	55.43351302088187	0.0	55.43351302088187	0.0	1.0	1.0	0.0	0.0	0	0.0	0	0.0196078431372549	1	0.19601328903654486	354	1.0	0	0.06866002214839424	124	0.4579180509413068	204	1.0	1239	1.0	1806	1.0	735	0.33554817275747506	606	0.6644518272425249	1200	0.008071025020177562	10
li2019	SRR7664616_bin.19.p	restored_0913							1.0	1806	1.0	1239	1.0	735	0.0	3	2.4571428571428573	2	0.6550387596899225	1183	0.2469545957918051	446	1.0	169	0.004842615012106538	6	0.4027010435850215	656	0.0	0	0.0	0	0.0	0	0.0	0	0.4375821287779238	333	0.0033222591362126247	6	0.0008071025020177562	1	0.0	0	0.07807308970099668	141	0.0	0	0.0	55.43351302088187	0.0	55.43351302088187	0.0	1.0	1.0	-4.144730370814716	0.0	0	0.0	0	0.0196078431372549	1	0.19601328903654486	354	0.30493273542600896	136	0.06866002214839424	124	0.4579180509413068	204	1.0	1239	1.0	1806	1.0	735	0.33554817275747506	606	0.6644518272425249	1200	0.008071025020177562	10
li2019	SRR7664616_bin.19.p	restored_017	0.21257686079465118	0.451388118233865	0.25	0.25	0.0	0.0	1.0	1806	1.0	1239	1.0	735	0.0	3	2.4571428571428573	2	0.6550387596899225	1183	0.2469545957918051	446	1.0	169	1.0	0.0	0.4027010435850215	656	0.0	0	0.0	0	0.0	0	0.0	0	0.4375821287779238	333	0.0033222591362126247	6	0.0	0	0.0	0	0.07807308970099668	141	0.0	0	0.0	55.43351302088232	0.0	55.43351302088222	0.0	1.0	1.0	-4.144730370814716	0.0	0	0.0	0	0.0196078431372549	1	0.19601328903654486	354	0.30493273542600896	136	0.06866002214839424	124	0.4579180509413068	204	1.0	1239	1.0	1806	1.0	735	0.33499446290143964	605	0.6650055370985604	1201	0.008071025020177562	10
li2019	SRR7664616_bin.19.p	metagem_017	0.21090081323981907	0.44707828166429664	0.25	0.25	0.0	0.0	1.0	1901	1.0	1348	1.0	745	0.0	3	2.5516778523489934	2	0.6433456075749605	1223	0.25512887953708574	485	1.0	186	1.0	0.0	0.4063231850117096	694	0.0	0	0.0	0	0.0	0	0.0	0	0.46412884333821375	317	0.03787480273540242	72	0.0	0	0.0	0	0.054182009468700686	103	0.0	0	0.0	46.400276777744146	0.0	46.400276778120265	0.0	1.0	1.0	-4.144730370814716	0.0	0	0.0	0	0.0196078431372549	1	0.21041557075223566	400	0.29690721649484536	144	0.06680694371383482	127	0.45028932140978434	208	1.0	1348	1.0	1901	1.0	745	0.3166754339821147	602	0.6833245660178853	1299	0.008160237388724036	11
li2019	SRR7664616_bin.24.s	repro_0913							1.0	1685	1.0	1193	1.0	655	0.0	3	2.572519083969466	2	0.8973293768545995	1512	0.0	0	1.0	164	0.005029337803855826	6	1.0	1512	0.0	0	0.0	0	0.0	0	0.0	0	0.3844121532364597	291	0.01661721068249258	28	0.0008382229673093043	1	0.0	0	0.07181008902077152	121	0.0	0	0.0	40.217834638211166	0.0	40.217834638211166	0.0	1.0	1.0	0.0	0.0	0	0.0	0	0.0196078431372549	1	0.1827893175074184	308	1.0	0	0.06112759643916914	103	0.5008902077151335	178	1.0	1193	1.0	1685	1.0	655	0.31572700296735906	532	0.684272997032641	1153	0.012573344509639563	15
li2019	SRR7664616_bin.24.s	restored_0913							1.0	1685	1.0	1193	1.0	655	0.0	3	2.572519083969466	2	0.6391691394658754	1077	0.258160237388724	435	1.0	164	0.005029337803855826	6	0.4027777777777778	609	0.0	0	0.0	0	0.0	0	0.0	0	0.3844121532364597	291	0.01661721068249258	28	0.0008382229673093043	1	0.0	0	0.07181008902077152	121	0.0	0	0.0	40.217834638211166	0.0	40.217834638211166	0.0	1.0	1.0	-4.144730370814716	0.0	0	0.0	0	0.0196078431372549	1	0.1827893175074184	308	0.2620689655172414	114	0.06112759643916914	103	0.5008902077151335	178	1.0	1193	1.0	1685	1.0	655	0.31572700296735906	532	0.684272997032641	1153	0.012573344509639563	15
li2019	SRR7664616_bin.24.s	restored_017	0.21552648531402385	0.4589728669979661	0.25	0.25	0.0	0.0	1.0	1685	1.0	1193	1.0	655	0.0	3	2.572519083969466	2	0.6391691394658754	1077	0.258160237388724	435	1.0	164	1.0	0.0	0.4027777777777778	609	0.0	0	0.0	0	0.0	0	0.0	0	0.3844121532364597	291	0.01661721068249258	28	0.0	0	0.0	0	0.07181008902077152	121	0.0	0	0.0	40.21783463821123	0.0	40.217834638211336	0.0	1.0	1.0	-4.144730370814716	0.0	0	0.0	0	0.0196078431372549	1	0.1827893175074184	308	0.2620689655172414	114	0.06112759643916914	103	0.5008902077151335	178	1.0	1193	1.0	1685	1.0	655	0.31572700296735906	532	0.684272997032641	1153	0.013411567476948869	16
li2019	SRR7664616_bin.24.s	metagem_017	0.21390967205595685	0.4548153471915081	0.25	0.25	0.0	0.0	1.0	1690	1.0	1176	1.0	648	0.0	3	2.6080246913580245	2	0.6408284023668639	1083	0.25857988165680473	437	1.0	162	1.0	0.0	0.39276315789473687	597	0.0	0	0.0	0	0.0	0	0.0	0	0.4235294117647059	324	0.0035502958579881655	6	0.0	0	0.0	0	0.11715976331360947	198	0.0	0	0.0	50.77946519798171	0.0	50.77946519798135	0.0	1.0	1.0	-4.144730370814716	0.0	0	0.0	0	0.0196078431372549	1	0.19171597633136095	324	0.2700228832951945	118	0.058579881656804736	99	0.49940828402366866	184	1.0	1176	1.0	1690	1.0	648	0.32662721893491126	552	0.6733727810650888	1138	0.013605442176870748	16
li2019	SRR7664616_bin.28.s	repro_0913							1.0	1606	1.0	1117	1.0	882	0.0	3	1.8208616780045352	2	0.9134495641344956	1467	0.0	0	1.0	135	0.0035810205908683975	4	1.0	1467	0.0	0	0.0	0	0.0	0	0.0	0	0.32421875	166	0.00933997509339975	15	0.0	0	0.0	0	0.09713574097135741	156	0.0	0	0.0	35.71557402106681	0.0	35.71557402106681	0.0	1.0	1.0	0.0	0.0	0	0.0	0	0.0196078431372549	1	0.18866749688667497	303	1.0	0	0.09838107098381071	158	0.40597758405977585	165	1.0	1117	1.0	1606	1.0	882	0.3318804483188045	533	0.6681195516811955	1073	0.03939122649955237	44
li2019	SRR7664616_bin.28.s	restored_0913							1.0	1606	1.0	1117	1.0	882	0.0	3	1.8208616780045352	2	0.688667496886675	1106	0.22478206724782068	361	1.0	135	0.0035810205908683975	4	0.4430811179277437	650	0.0013633265167007499	2	0.0	0	0.0	0	0.0	0	0.32421875	166	0.00933997509339975	15	0.0	0	0.0	0	0.09713574097135741	156	0.0	0	0.0	35.71557402106681	0.0	35.71557402106681	0.0	1.0	1.0	-4.144730370814716	0.0	0	0.0	0	0.0196078431372549	1	0.18866749688667497	303	0.3268698060941828	118	0.09838107098381071	158	0.40597758405977585	165	1.0	1117	1.0	1606	1.0	882	0.3318804483188045	533	0.6681195516811955	1073	0.03939122649955237	44
li2019	SRR7664616_bin.28.s	restored_017	0.21655574845679013	0.4616195436507936	0.25	0.25	0.0	0.0	1.0	1606	1.0	1117	1.0	882	0.0	3	1.8208616780045352	2	0.688667496886675	1106	0.22478206724782068	361	1.0	135	1.0	0.0	0.4430811179277437	650	0.0013633265167007499	2	0.0	0	0.0	0	0.0	0	0.32421875	166	0.00933997509339975	15	0.0	0	0.0	0	0.09713574097135741	156	0.0	0	0.0	35.71557402106668	0.0	35.71557402106685	0.0	1.0	1.0	-4.144730370814716	0.0	0	0.0	0	0.0196078431372549	1	0.18866749688667497	303	0.3268698060941828	118	0.09838107098381071	158	0.40597758405977585	165	1.0	1117	1.0	1606	1.0	882	0.3318804483188045	533	0.6681195516811955	1073	0.03939122649955237	44
li2019	SRR7664616_bin.28.s	metagem_017	0.21654925853457177	0.46160285527937506	0.25	0.25	0.0	0.0	1.0	1635	1.0	1133	1.0	885	0.0	3	1.847457627118644	2	0.6813455657492354	1114	0.22813455657492354	373	1.0	144	1.0	0.0	0.4371217215870881	650	0.0	0	0.0	0	0.0	0	0.0	0	0.3316582914572864	198	0.0024464831804281344	4	0.0	0	0.0	0	0.09847094801223241	161	0.0	0	0.0	27.030464638874474	0.0	27.03046463887472	0.0	1.0	1.0	-4.144730370814716	0.0	0	0.0	0	0.0196078431372549	1	0.19694189602446482	322	0.353887399463807	132	0.08868501529051988	145	0.3981651376146789	169	1.0	1133	1.0	1635	1.0	885	0.3321100917431193	543	0.6678899082568808	1092	0.03618711385701677	41
li2019	SRR7664616_bin.5.o	repro_0913							1.0	1609	1.0	1119	1.0	837	0.0	3	1.922341696535245	2	0.8999378495960224	1448	0.0	0	1.0	157	0.004468275245755138	5	1.0	1448	0.0	0	0.0	0	0.0	0	0.0	0	0.29069767441860467	175	0.009944064636420136	16	0.0	0	0.0	0	0.09819763828464885	158	0.0	0	0.0	45.43418862364456	0.0	45.43418862364456	0.0	1.0	1.0	0.0	0.0	0	0.0	0	0.0196078431372549	1	0.20571783716594158	331	1.0	0	0.09819763828464885	158	0.39341205717837163	182	1.0	1119	1.0	1609	1.0	837	0.33064014916096957	532	0.6693598508390305	1077	0.00804289544235925	9
li2019	SRR7664616_bin.5.o	restored_0913							1.0	1609	1.0	1119	1.0	837	0.0	3	1.922341696535245	2	0.6650093225605966	1070	0.23492852703542574	378	1.0	157	0.004468275245755138	5	0.4143646408839779	600	0.0	0	0.0	0	0.0	0	0.0	0	0.29069767441860467	175	0.009944064636420136	16	0.0	0	0.0	0	0.09819763828464885	158	0.0	0	0.0	45.43418862364456	0.0	45.43418862364456	0.0	1.0	1.0	-4.144730370814716	0.0	0	0.0	0	0.0196078431372549	1	0.20571783716594158	331	0.2830687830687831	107	0.09819763828464885	158	0.39341205717837163	182	1.0	1119	1.0	1609	1.0	837	0.33064014916096957	532	0.6693598508390305	1077	0.00804289544235925	9
li2019	SRR7664616_bin.5.o	restored_017	0.220089130631338	0.4707053835282025	0.25	0.25	0.0	0.0	1.0	1609	1.0	1119	1.0	837	0.0	3	1.922341696535245	2	0.6650093225605966	1070	0.23492852703542574	378	1.0	157	1.0	0.0	0.4143646408839779	600	0.0	0	0.0	0	0.0	0	0.0	0	0.29069767441860467	175	0.009944064636420136	16	0.0	0	0.0	0	0.09819763828464885	158	0.0	0	0.0	45.43418862364526	0.0	45.434188623645696	0.0	1.0	1.0	-4.144730370814716	0.0	0	0.0	0	0.0196078431372549	1	0.20571783716594158	331	0.2830687830687831	107	0.09819763828464885	158	0.39341205717837163	182	1.0	1119	1.0	1609	1.0	837	0.3312616532007458	533	0.6687383467992541	1076	0.008936550491510277	10
li2019	SRR7664616_bin.5.o	metagem_017	0.21695212367691652	0.4626387942168329	0.25	0.25	0.0	0.0	1.0	1606	1.0	1115	1.0	839	0.0	3	1.9141835518474375	2	0.6662515566625156	1070	0.23536737235367372	378	1.0	154	1.0	0.0	0.4191988950276243	607	0.0	0	0.0	0	0.0	0	0.0	0	0.34232954545454547	241	0.009962640099626401	16	0.0	0	0.0	0	0.09339975093399751	150	0.0	0	0.0	33.37043283741368	0.0	33.37043283741373	0.0	1.0	1.0	-4.144730370814716	0.0	0	0.0	0	0.0196078431372549	1	0.20361145703611458	327	0.2619047619047619	99	0.09713574097135741	156	0.3953922789539228	180	1.0	1115	1.0	1606	1.0	839	0.3306351183063512	531	0.6693648816936488	1075	0.010762331838565023	12
li2019	SRR7664617_bin.13.o	repro_0913							1.0	1330	1.0	976	1.0	465	0.0	3	2.860215053763441	2	0.9090225563909774	1209	0.0	0	1.0	115	0.004098360655737705	4	1.0	1209	0.0	0	0.0	0	0.0	0	0.0	0	0.4673721340388007	265	0.002255639097744361	3	0.0	0	0.0010245901639344263	1	0.10977443609022557	146	0.0	0	0.0	34.244269705926826	0.0	34.244269705926826	0.0	1.0	1.0	0.0	0.0	0	0.0	0	0.0196078431372549	1	0.2954887218045113	393	1.0	0	0.06766917293233082	90	0.4195488721804511	134	1.0	976	1.0	1330	1.0	465	0.29774436090225564	396	0.7022556390977444	934	0.0430327868852459	42
li2019	SRR7664617_bin.13.o	restored_0913							1.0	1330	1.0	976	1.0	465	0.0	3	2.860215053763441	2	0.693984962406015	923	0.21503759398496242	286	1.0	115	0.004098360655737705	4	0.4152191894127378	502	0.0	0	0.0	0	0.0	0	0.0	0	0.4673721340388007	265	0.002255639097744361	3	0.0	0	0.0010245901639344263	1	0.10977443609022557	146	0.0	0	0.0	34.244269705926826	0.0	34.244269705926826	0.0	1.0	1.0	-4.144730370814716	0.0	0	0.0	0	0.0196078431372549	1	0.2954887218045113	393	0.47202797202797203	135	0.06766917293233082	90	0.4195488721804511	134	1.0	976	1.0	1330	1.0	465	0.29774436090225564	396	0.7022556390977444	934	0.0430327868852459	42
li2019	SRR7664617_bin.13.o	restored_017	0.21022640795639605	0.44534409664978025	0.25	0.25	0.0	0.0	1.0	1330	1.0	976	1.0	465	0.0	3	2.860215053763441	2	0.693984962406015	923	0.21503759398496242	286	1.0	115	1.0	0.0	0.4152191894127378	502	0.0	0	0.0	0	0.0	0	0.0	0	0.4673721340388007	265	0.002255639097744361	3	0.0	0	0.0	0	0.10977443609022557	146	0.0	0	0.0	34.24426970592676	0.0	34.24426970592673	0.0	1.0	1.0	-4.144730370814716	0.0	0	0.0	0	0.0196078431372549	1	0.2954887218045113	393	0.47202797202797203	135	0.06766917293233082	90	0.4195488721804511	134	1.0	976	1.0	1330	1.0	465	0.29774436090225564	396	0.7022556390977444	934	0.0430327868852459	42
li2019	SRR7664617_bin.13.o	metagem_017	0.2150645165844327	0.4577849474075889	0.25	0.25	0.0	0.0	1.0	1305	1.0	980	1.0	484	0.0	3	2.696280991735537	2	0.7134099616858237	931	0.19693486590038314	257	1.0	110	1.0	0.0	0.41835016835016836	497	0.0016835016835016834	2	0.0	0	0.0	0	0.0	0	0.3754716981132076	199	0.006896551724137931	9	0.0	0	0.0	0	0.10421455938697317	136	0.0	0	0.0	45.50758664043431	0.0	45.50758664043435	0.0	1.0	1.0	-4.144730370814716	0.0	0	0.0	0	0.0196078431372549	1	0.285823754789272	373	0.4280155642023346	110	0.0681992337164751	89	0.4160919540229885	133	1.0	980	1.0	1305	1.0	484	0.27739463601532566	362	0.7226053639846743	943	0.03775510204081633	37
li2019	SRR7664617_bin.14.o	repro_0913							1.0	1691	1.0	1153	1.0	806	0.0	3	2.098014888337469	2	0.9130691898285038	1544	0.0	0	1.0	141	0.003469210754553339	4	1.0	1544	0.0	0	0.0	0	0.0	0	0.0	0	0.41412520064205455	258	0.013010053222945003	22	0.0008673026886383347	1	0.0	0	0.1159077468953282	196	0.0	0	0.0	34.616856806005025	0.0	34.616856806005025	0.0	1.0	1.0	0.0	0.0	0	0.0	0	0.0196078431372549	1	0.19160260201064458	324	1.0	0	0.1023063276167948	173	0.4429331756357185	200	1.0	1153	1.0	1691	1.0	806	0.34417504435245416	582	0.6558249556475458	1109	0.03816131830008673	44
li2019	SRR7664617_bin.14.o	restored_0913							1.0	1691	1.0	1153	1.0	806	0.0	3	2.098014888337469	2	0.6806623299822591	1151	0.23240685984624482	393	1.0	141	0.003469210754553339	4	0.44689119170984454	690	0.0012953367875647669	2	0.0	0	0.0	0	0.0	0	0.41412520064205455	258	0.013010053222945003	22	0.0008673026886383347	1	0.0	0	0.1159077468953282	196	0.0	0	0.0	34.616856806005025	0.0	34.616856806005025	0.0	1.0	1.0	-4.144730370814716	0.0	0	0.0	0	0.0196078431372549	1	0.19160260201064458	324	0.31297709923664124	123	0.1023063276167948	173	0.4429331756357185	200	1.0	1153	1.0	1691	1.0	806	0.34417504435245416	582	0.6558249556475458	1109	0.03816131830008673	44
li2019	SRR7664617_bin.14.o	restored_017	0.21135305208484462	0.4482411815515052	0.25	0.25	0.0	0.0	1.0	1691	1.0	1153	1.0	806	0.0	3	2.098014888337469	2	0.6806623299822591	1151	0.23240685984624482	393	1.0	141	1.0	0.0	0.44689119170984454	690	0.0012953367875647669	2	0.0	0	0.0	0	0.0	0	0.41412520064205455	258	0.013010053222945003	22	0.0	0	0.0	0	0.1159077468953282	196	0.0	0	0.0	34.616856806005	0.0	34.61685680600512	0.0	1.0	1.0	-4.144730370814716	0.0	0	0.0	0	0.0196078431372549	1	0.19160260201064458	324	0.31297709923664124	123	0.1023063276167948	173	0.4429331756357185	200	1.0	1153	1.0	1691	1.0	806	0.34417504435245416	582	0.6558249556475458	1109	0.03816131830008673	44
li2019	SRR7664617_bin.14.o	metagem_017	0.2141533401818976	0.45544192237249864	0.25	0.25	0.0	0.0	1.0	1889	1.0	1309	1.0	833	0.0	3	2.2677070828331334	2	0.6802541026998412	1285	0.23080995235574378	436	1.0	161	1.0	0.0	0.4410226612434631	759	0.0	0	0.0	0	0.0	0	0.0	0	0.3708838821490468	214	0.014293276866066702	27	0.0	0	0.0	0	0.0984647961884595	186	0.0	0	0.0	34.653152667222535	0.0	34.653152667222585	0.0	1.0	1.0	-4.144730370814716	0.0	0	0.0	0	0.0196078431372549	1	0.2281630492323981	431	0.3165137614678899	138	0.09952355743779778	188	0.4266807834833245	219	1.0	1309	1.0	1889	1.0	833	0.3287453679195341	621	0.6712546320804659	1268	0.03132161955691368	41
li2019	SRR7664617_bin.15.p	repro_0913							1.0	792	1.0	671	1.0	116	0.0	3	6.827586206896552	2	0.8623737373737373	683	0.0	0	1.0	104	0.0	0	1.0	683	0.0	0	0.0	0	0.0	0	0.0	0	0.19661016949152543	58	0.005050505050505051	4	0.0	0	0.0	0	0.04292929292929293	34	0.0	0	0.0	36.744971437014954	0.0	36.744971437014954	0.0	1.0	1.0	0.0	0.0	0	0.0	0	0.0196078431372549	1	0.5492424242424242	435	1.0	0	0.013888888888888888	11	0.23737373737373738	40	1.0	671	1.0	792	1.0	116	0.19065656565656566	151	0.8093434343434344	641	0.044709388971684055	30
li2019	SRR7664617_bin.15.p	restored_0913							1.0	792	1.0	671	1.0	116	0.0	3	6.827586206896552	2	0.6035353535353535	478	0.2588383838383838	205	1.0	104	0.0	0	0.4407027818448023	301	0.03953147877013177	27	0.0	0	0.0	0	0.0	0	0.19661016949152543	58	0.005050505050505051	4	0.0	0	0.0	0	0.04292929292929293	34	0.0	0	0.0	36.744971437014954	0.0	36.744971437014954	0.0	1.0	1.0	-4.144730370814716	0.0	0	0.0	0	0.0196078431372549	1	0.5492424242424242	435	0.6097560975609756	125	0.013888888888888888	11	0.23737373737373738	40	1.0	671	1.0	792	1.0	116	0.19065656565656566	151	0.8093434343434344	641	0.044709388971684055	30
li2019	SRR7664617_bin.15.p	restored_017	0.38832345758667824	0.9033079385562202	0.25	0.25	0.0	0.0	1.0	792	1.0	671	1.0	116	0.0	3	6.827586206896552	2	0.6035353535353535	478	0.2588383838383838	205	1.0	104	0.0	1.0	0.4407027818448023	301	0.03953147877013177	27	0.0	0	0.0	0	0.0	0	0.19661016949152543	58	0.005050505050505051	4	0.0	0	0.0	0	0.04292929292929293	34	0.0	0	0.0	36.74497143637389	0.0	36.74497143701484	0.0	1.0	1.0	-4.144730370814716	0.0	0	0.0	0	0.0196078431372549	1	0.5492424242424242	435	0.6097560975609756	125	0.013888888888888888	11	0.23737373737373738	40	1.0	671	1.0	792	1.0	116	0.19065656565656566	151	0.8093434343434344	641	0.044709388971684055	30
li2019	SRR7664617_bin.15.p	metagem_017	0.39347781977416324	0.9165620127526103	0.25	0.25	0.0	0.0	1.0	810	1.0	694	1.0	117	0.0	3	6.923076923076923	2	0.608641975308642	493	0.2617283950617284	212	1.0	100	0.0	1.0	0.44680851063829785	315	0.03546099290780142	25	0.0	0	0.0	0	0.0	0	0.10179640718562874	34	0.011111111111111112	9	0.0	0	0.0	0	0.03209876543209877	26	0.0	0	0.0	24.1781923002863	0.0	24.178192300286295	0.0	1.0	1.0	-4.144730370814716	0.0	0	0.0	0	0.0196078431372549	1	0.5555555555555556	450	0.6179245283018868	131	0.013580246913580247	11	0.2382716049382716	40	1.0	694	1.0	810	1.0	117	0.18395061728395062	149	0.8160493827160494	661	0.04755043227665706	33
li2019	SRR7664617_bin.21.s	repro_0913							1.0	1600	1.0	1118	1.0	657	0.0	3	2.43531202435312	2	0.8925	1428	0.0	0	1.0	163	0.005366726296958855	6	1.0	1428	0.0	0	0.0	0	0.0	0	0.0	0	0.4307458143074581	283	0.015625	25	0.0	0	0.0	0	0.074375	119	0.0	0	0.0	24.277277873050117	0.0	24.277277873050117	0.0	1.0	1.0	0.0	0.0	0	0.0	0	0.0196078431372549	1	0.1525	244	1.0	0	0.06	96	0.505625	183	1.0	1118	1.0	1600	1.0	657	0.3225	516	0.6775	1084	0.008944543828264758	10
li2019	SRR7664617_bin.21.s	restored_0913							1.0	1600	1.0	1118	1.0	657	0.0	3	2.43531202435312	2	0.664375	1063	0.228125	365	1.0	163	0.005366726296958855	6	0.4327731092436975	618	0.0	0	0.0	0	0.0	0	0.0	0	0.4307458143074581	283	0.015625	25	0.0	0	0.0	0	0.074375	119	0.0	0	0.0	24.277277873050117	0.0	24.277277873050117	0.0	1.0	1.0	-4.144730370814716	0.0	0	0.0	0	0.0196078431372549	1	0.1525	244	0.2136986301369863	78	0.06	96	0.505625	183	1.0	1118	1.0	1600	1.0	657	0.3225	516	0.6775	1084	0.008944543828264758	10
li2019	SRR7664617_bin.21.s	restored_017	0.2112859857286395	0.44806872520697777	0.25	0.25	0.0	0.0	1.0	1600	1.0	1118	1.0	657	0.0	3	2.43531202435312	2	0.664375	1063	0.228125	365	1.0	163	1.0	0.0	0.4327731092436975	618	0.0	0	0.0	0	0.0	0	0.0	0	0.4307458143074581	283	0.015625	25	0.0	0	0.0	0	0.074375	119	0.0	0	0.0	24.277277872734576	0.0	24.27727787305012	0.0	1.0	1.0	-4.144730370814716	0.0	0	0.0	0	0.0196078431372549	1	0.1525	244	0.2136986301369863	78	0.06	96	0.505625	183	1.0	1118	1.0	1600	1.0	657	0.3225	516	0.6775	1084	0.008944543828264758	10
li2019	SRR7664617_bin.21.s	metagem_017	0.2087284754494038	0.4414922702032288	0.25	0.25	0.0	0.0	1.0	1629	1.0	1136	1.0	666	0.0	3	2.445945945945946	2	0.6697360343769183	1091	0.22713321055862493	370	1.0	158	1.0	0.0	0.432580424366872	632	0.0	0	0.0	0	0.0	0	0.0	0	0.4769736842105263	290	0.016574585635359115	27	0.0	0	0.0	0	0.0718232044198895	117	0.0	0	0.0	37.72080854809644	0.0	37.87372445196775	0.0	1.0	1.0	-4.144730370814716	0.0	0	0.0	0	0.0196078431372549	1	0.1614487415592388	263	0.21351351351351353	79	0.06015960712093309	98	0.5015346838551259	187	1.0	1136	1.0	1629	1.0	666	0.3241252302025783	528	0.6758747697974218	1101	0.008802816901408451	10
li2019	SRR7664617_bin.22.p	repro_0913							1.0	1593	1.0	1180	1.0	596	0.0	3	2.672818791946309	2	0.896421845574388	1428	0.0	0	1.0	158	0.005084745762711864	6	1.0	1428	0.0	0	0.0	0	0.0	0	0.0	0	0.35962145110410093	228	0.032015065913371	51	0.000847457627118644	1	0.0	0	0.045825486503452605	73	0.0	0	0.0	32.75269475360359	0.0	32.75269475360359	0.0	1.0	1.0	0.0	0.0	0	0.0	0	0.0196078431372549	1	0.22347771500313873	356	1.0	0	0.06528562460765851	104	0.45323289391086	174	1.0	1180	1.0	1593	1.0	596	0.28688010043942247	457	0.7131198995605775	1136	0.007627118644067797	9
li2019	SRR7664617_bin.22.p	restored_0913							1.0	1593	1.0	1180	1.0	596	0.0	3	2.672818791946309	2	0.6566227244193346	1046	0.23979912115505336	382	1.0	158	0.005084745762711864	6	0.42507002801120447	607	0.0	0	0.0	0	0.0	0	0.0	0	0.35962145110410093	228	0.032015065913371	51	0.000847457627118644	1	0.0	0	0.045825486503452605	73	0.0	0	0.0	32.75269475360359	0.0	32.75269475360359	0.0	1.0	1.0	-4.144730370814716	0.0	0	0.0	0	0.0196078431372549	1	0.22347771500313873	356	0.23821989528795812	91	0.06528562460765851	104	0.45323289391086	174	1.0	1180	1.0	1593	1.0	596	0.28688010043942247	457	0.7131198995605775	1136	0.007627118644067797	9
li2019	SRR7664617_bin.22.p	restored_017	0.21566528819729783	0.4593297886978135	0.25	0.25	0.0	0.0	1.0	1593	1.0	1180	1.0	596	0.0	3	2.672818791946309	2	0.6566227244193346	1046	0.23979912115505336	382	1.0	158	1.0	0.0	0.42507002801120447	607	0.0	0	0.0	0	0.0	0	0.0	0	0.35962145110410093	228	0.032015065913371	51	0.0	0	0.0	0	0.045825486503452605	73	0.0	0	0.0	32.752694753603606	0.0	32.752694753603755	0.0	1.0	1.0	-4.144730370814716	0.0	0	0.0	0	0.0196078431372549	1	0.22347771500313873	356	0.23821989528795812	91	0.06528562460765851	104	0.45323289391086	174	1.0	1180	1.0	1593	1.0	596	0.2862523540489642	456	0.7137476459510358	1137	0.007627118644067797	9
li2019	SRR7664617_bin.22.p	metagem_017	0.21301121730510045	0.4525050349750202	0.25	0.25	0.0	0.0	1.0	1557	1.0	1150	1.0	589	0.0	3	2.6434634974533107	2	0.651252408477842	1014	0.24149004495825305	376	1.0	161	1.0	0.0	0.4237410071942446	589	0.0	0	0.0	0	0.0	0	0.0	0	0.4087237479806139	253	0.03211303789338472	50	0.0	0	0.0	0	0.05073859987154785	79	0.0	0	0.0	33.27639564609599	0.0	33.27639564609592	0.0	1.0	1.0	-4.144730370814716	0.0	0	0.0	0	0.0196078431372549	1	0.21579961464354527	336	0.2473404255319149	93	0.06872190109184328	107	0.45343609505459215	170	1.0	1150	1.0	1557	1.0	589	0.28901734104046245	450	0.7109826589595376	1107	0.00782608695652174	9
li2019	SRR7664617_bin.23.s	repro_0913							1.0	1463	1.0	1045	1.0	506	0.0	3	2.891304347826087	2	0.8940533151059467	1308	0.0	0	1.0	149	0.0028708133971291866	3	1.0	1308	0.0	0	0.0	0	0.0	0	0.0	0	0.3531746031746032	178	0.00888585099111415	13	0.0009569377990430622	1	0.0009569377990430622	1	0.10047846889952153	147	0.0	0	0.0	34.48777958406961	0.0	34.48777958406961	0.0	1.0	1.0	0.0	0.0	0	0.0	0	0.0196078431372549	1	0.24880382775119617	364	1.0	0	0.08680792891319207	127	0.45454545454545453	157	1.0	1045	1.0	1463	1.0	506	0.31715652768284347	464	0.6828434723171565	999	0.04401913875598086	46
li2019	SRR7664617_bin.23.s	restored_0913							1.0	1463	1.0	1045	1.0	506	0.0	3	2.891304347826087	2	0.6500341763499659	951	0.24401913875598086	357	1.0	149	0.0028708133971291866	3	0.4426605504587156	579	0.0030581039755351682	4	0.0	0	0.0	0	0.0	0	0.3531746031746032	178	0.00888585099111415	13	0.0009569377990430622	1	0.0009569377990430622	1	0.10047846889952153	147	0.0	0	0.0	34.48777958406961	0.0	34.48777958406961	0.0	1.0	1.0	-4.144730370814716	0.0	0	0.0	0	0.0196078431372549	1	0.24880382775119617	364	0.33053221288515405	118	0.08680792891319207	127	0.45454545454545453	157	1.0	1045	1.0	1463	1.0	506	0.31715652768284347	464	0.6828434723171565	999	0.04401913875598086	46
li2019	SRR7664617_bin.23.s	restored_017	0.2221514327783441	0.47600844619193244	0.25	0.25	0.0	0.0	1.0	1463	1.0	1045	1.0	506	0.0	3	2.891304347826087	2	0.6500341763499659	951	0.24401913875598086	357	1.0	149	1.0	0.0	0.4426605504587156	579	0.0030581039755351682	4	0.0	0	0.0	0	0.0	0	0.2222222222222222	178	0.00888585099111415	13	0.0	0	0.0	0	0.10047846889952153	147	0.0	0	0.0	34.48777958409111	0.0	34.48777958409114	0.0	1.0	1.0	-4.144730370814716	0.0	0	0.0	0	0.0196078431372549	1	0.24880382775119617	364	0.33053221288515405	118	0.08680792891319207	127	0.45454545454545453	157	1.0	1045	1.0	1463	1.0	506	0.31715652768284347	464	0.6828434723171565	999	0.04401913875598086	46
li2019	SRR7664617_bin.23.s	metagem_017	0.21888137188782103	0.46759971818773033	0.25	0.25	0.0	0.0	1.0	1480	1.0	1053	1.0	512	0.0	3	2.890625	2	0.6445945945945946	954	0.24594594594594596	364	1.0	157	1.0	0.0	0.4362670713201821	575	0.0030349013657056147	4	0.0	0	0.0	0	0.0	0	0.2875	138	0.002027027027027027	3	0.0	0	0.0	0	0.11081081081081082	164	0.0	0	0.0	53.2963846517073	0.0	53.29638465170679	0.0	1.0	1.0	-4.144730370814716	0.0	0	0.0	0	0.0196078431372549	1	0.25067567567567567	371	0.32967032967032966	120	0.08108108108108109	120	0.44932432432432434	157	1.0	1053	1.0	1480	1.0	512	0.31891891891891894	472	0.6810810810810811	1008	0.04178537511870845	44
li2019	SRR7664617_bin.3.o	repro_0913							1.0	1894	1.0	1298	1.0	724	0.0	3	2.616022099447514	2	0.8880675818373812	1682	0.0	0	1.0	203	0.004622496147919877	6	1.0	1682	0.0	0	0.0	0	0.0	0	0.0	0	0.44302325581395346	381	0.0021119324181626186	4	0.0007704160246533128	1	0.0007704160246533128	1	0.1003167898627244	190	0.0	0	0.0	60.28690405930258	0.0	60.28690405930258	0.0	1.0	1.0	0.0	0.0	0	0.0	0	0.0196078431372549	1	0.17212249208025343	326	1.0	0	0.07180570221752904	136	0.5063357972544879	217	1.0	1298	1.0	1894	1.0	724	0.33738120380147835	639	0.6626187961985216	1255	0.01078582434514638	14
li2019	SRR7664617_bin.3.o	restored_0913							1.0	1894	1.0	1298	1.0	724	0.0	3	2.616022099447514	2	0.617740232312566	1170	0.2703273495248152	512	1.0	203	0.004622496147919877	6	0.3858501783590963	649	0.0011890606420927466	2	0.0	0	0.0	0	0.0	0	0.44302325581395346	381	0.0021119324181626186	4	0.0007704160246533128	1	0.0007704160246533128	1	0.1003167898627244	190	0.0	0	0.0	60.28690405930258	0.0	60.28690405930258	0.0	1.0	1.0	-4.144730370814716	0.0	0	0.0	0	0.0196078431372549	1	0.17212249208025343	326	0.24609375	126	0.07180570221752904	136	0.5063357972544879	217	1.0	1298	1.0	1894	1.0	724	0.33738120380147835	639	0.6626187961985216	1255	0.01078582434514638	14
li2019	SRR7664617_bin.3.o	restored_017	0.21314467621397354	0.4528482150264082	0.25	0.25	0.0	0.0	1.0	1894	1.0	1298	1.0	724	0.0	3	2.616022099447514	2	0.617740232312566	1170	0.2703273495248152	512	1.0	203	1.0	0.0	0.3858501783590963	649	0.0011890606420927466	2	0.0	0	0.0	0	0.0	0	0.44302325581395346	381	0.0021119324181626186	4	0.0	0	0.0	0	0.1003167898627244	190	0.0	0	0.0	60.286904059302536	0.0	60.2869040593026	0.0	1.0	1.0	-4.144730370814716	0.0	0	0.0	0	0.0196078431372549	1	0.17212249208025343	326	0.24609375	126	0.07180570221752904	136	0.5063357972544879	217	1.0	1298	1.0	1894	1.0	724	0.33738120380147835	639	0.6626187961985216	1255	0.010015408320493066	13
li2019	SRR7664617_bin.3.o	metagem_017	0.2168832394676399	0.4624616633929789	0.25	0.25	0.0	0.0	1.0	1877	1.0	1286	1.0	722	0.0	3	2.5997229916897506	2	0.6158763985082578	1156	0.27117741076185403	509	1.0	204	1.0	0.0	0.3855855855855856	642	0.0	0	0.0	0	0.0	0	0.0	0	0.37718277066356226	324	0.014384656366542355	27	0.0	0	0.0	0	0.09003729355354288	169	0.0	0	0.0	47.276507397014164	0.0	47.276507397014186	0.0	1.0	1.0	-4.144730370814716	0.0	0	0.0	0	0.0196078431372549	1	0.16409163558870538	308	0.2337917485265226	119	0.07245604688332445	136	0.5114544485881726	218	1.0	1286	1.0	1877	1.0	722	0.33670751198721366	632	0.6632924880127864	1245	0.01088646967340591	14
li2019	SRR7664617_bin.30.o	repro_0913							1.0	1594	1.0	1178	1.0	611	0.0	3	2.6088379705400984	2	0.8914680050188206	1421	0.0	0	1.0	168	0.0025466893039049238	3	1.0	1421	0.0	0	0.0	0	0.0	0	0.0	0	0.344954128440367	188	0.01631116687578419	26	0.0008488964346349745	1	0.0	0	0.06273525721455459	100	0.0	0	0.0	56.133235127921964	0.0	56.133235127921964	0.0	1.0	1.0	0.0	0.0	0	0.0	0	0.0196078431372549	1	0.23337515683814303	372	1.0	0	0.05144291091593475	82	0.4347553324968632	166	1.0	1178	1.0	1594	1.0	611	0.28795483061480553	459	0.7120451693851945	1135	0.011035653650254669	13
li2019	SRR7664617_bin.30.o	restored_0913							1.0	1594	1.0	1178	1.0	611	0.0	3	2.6088379705400984	2	0.6298619824341279	1004	0.2616060225846926	417	1.0	168	0.0025466893039049238	3	0.39549612948627727	562	0.003518648838845883	5	0.0	0	0.0	0	0.0	0	0.344954128440367	188	0.01631116687578419	26	0.0008488964346349745	1	0.0	0	0.06273525721455459	100	0.0	0	0.0	56.133235127921964	0.0	56.133235127921964	0.0	1.0	1.0	-4.144730370814716	0.0	0	0.0	0	0.0196078431372549	1	0.23337515683814303	372	0.28776978417266186	120	0.05144291091593475	82	0.4347553324968632	166	1.0	1178	1.0	1594	1.0	611	0.28795483061480553	459	0.7120451693851945	1135	0.011035653650254669	13
li2019	SRR7664617_bin.30.o	restored_017	0.21792765332784314	0.46514729903350144	0.25	0.25	0.0	0.0	1.0	1594	1.0	1178	1.0	611	0.0	3	2.6088379705400984	2	0.6298619824341279	1004	0.2616060225846926	417	1.0	168	1.0	0.0	0.39549612948627727	562	0.003518648838845883	5	0.0	0	0.0	0	0.0	0	0.344954128440367	188	0.01631116687578419	26	0.0	0	0.0	0	0.06273525721455459	100	0.0	0	0.0	56.13323512796193	0.0	56.133235127921466	0.0	1.0	1.0	-4.144730370814716	0.0	0	0.0	0	0.0196078431372549	1	0.23337515683814303	372	0.28776978417266186	120	0.05144291091593475	82	0.4347553324968632	166	1.0	1178	1.0	1594	1.0	611	0.28795483061480553	459	0.7120451693851945	1135	0.011035653650254669	13
li2019	SRR7664617_bin.30.o	metagem_017	0.21743576707133302	0.46388244865961825	0.25	0.25	0.0	0.0	1.0	1607	1.0	1193	1.0	617	0.0	3	2.6045380875202593	2	0.6241443683883012	1003	0.26509023024268824	426	1.0	172	1.0	0.0	0.3960811756473058	566	0.002099370188943317	3	0.0	0	0.0	0	0.0	0	0.3546423135464231	233	0.016179215930304917	26	0.0	0	0.0	0	0.060983198506533914	98	0.0	0	0.0	48.286966566618254	0.0	48.28696656661889	0.0	1.0	1.0	-4.144730370814716	0.0	0	0.0	0	0.0196078431372549	1	0.23646546359676415	380	0.2863849765258216	122	0.05164903546981954	83	0.42874922215308026	166	1.0	1193	1.0	1607	1.0	617	0.2850031113876789	458	0.7149968886123211	1149	0.010896898575020955	13
li2019	SRR7664617_bin.31.s	repro_0913							1.0	1681	1.0	1170	1.0	717	0.0	3	2.3444909344490936	2	0.8988697204045211	1511	0.0	0	1.0	163	0.004273504273504274	5	1.0	1511	0.0	0	0.0	0	0.0	0	0.0	0	0.3486725663716814	197	0.0148720999405116	25	0.0008547008547008547	1	0.0	0	0.05770374776918501	97	0.0	0	0.0	35.607964479202096	0.0	35.607964479202096	0.0	1.0	1.0	0.0	0.0	0	0.0	0	0.0196078431372549	1	0.22189173111243307	373	1.0	0	0.10291493158834028	173	0.44199881023200477	184	1.0	1170	1.0	1681	1.0	717	0.3277810826888757	551	0.6722189173111244	1130	0.03418803418803419	40
li2019	SRR7664617_bin.31.s	restored_0913							1.0	1681	1.0	1170	1.0	717	0.0	3	2.3444909344490936	2	0.6597263533610946	1109	0.23914336704342654	402	1.0	163	0.004273504273504274	5	0.4500330906684315	680	0.0	0	0.0	0	0.0	0	0.0	0	0.39165009940357853	197	0.0148720999405116	25	0.0008547008547008547	1	0.0	0	0.05770374776918501	97	0.0	0	0.0	35.607964479202096	0.0	35.607964479202096	0.0	1.0	1.0	-4.144730370814716	0.0	0	0.0	0	0.0196078431372549	1	0.22189173111243307	373	0.31094527363184077	125	0.10291493158834028	173	0.44199881023200477	184	1.0	1170	1.0	1681	1.0	717	0.3277810826888757	551	0.6722189173111244	1130	0.03418803418803419	40
li2019	SRR7664617_bin.31.s	restored_017	0.21249908203303647	0.4511881157039986	0.25	0.25	0.0	0.0	1.0	1681	1.0	1170	1.0	717	0.0	3	2.3444909344490936	2	0.6597263533610946	1109	0.23914336704342654	402	1.0	163	1.0	0.0	0.4500330906684315	680	0.0	0	0.0	0	0.0	0	0.0	0	0.39165009940357853	197	0.0148720999405116	25	0.0	0	0.0	0	0.05770374776918501	97	0.0	0	0.0	35.607964479201904	0.0	35.607964479202074	0.0	1.0	1.0	-4.144730370814716	0.0	0	0.0	0	0.0196078431372549	1	0.22189173111243307	373	0.31094527363184077	125	0.10291493158834028	173	0.44199881023200477	184	1.0	1170	1.0	1681	1.0	717	0.3277810826888757	551	0.6722189173111244	1130	0.03418803418803419	40
li2019	SRR7664617_bin.31.s	metagem_017	0.2164983836704535	0.46147203420021377	0.25	0.25	0.0	0.0	1.0	1669	1.0	1143	1.0	711	0.0	3	2.3473980309423346	2	0.6596764529658478	1101	0.2390653085680048	399	1.0	162	1.0	0.0	0.448	672	0.0	0	0.0	0	0.0	0	0.0	0	0.32169576059850374	129	0.002396644697423607	4	0.0	0	0.0	0	0.11563810665068903	193	0.0	0	0.0	45.87351081652479	0.0	45.87351081652561	0.0	1.0	1.0	-4.144730370814716	0.0	0	0.0	0	0.0196078431372549	1	0.21330137807070101	356	0.2832080200501253	113	0.10185739964050329	170	0.4505692031156381	184	1.0	1143	1.0	1669	1.0	711	0.33792690233672856	564	0.6620730976632714	1105	0.033245844269466314	38
li2019	SRR7664617_bin.7.s	repro_0913							1.0	1632	1.0	1155	1.0	786	0.0	3	2.0763358778625953	2	0.9025735294117647	1473	0.0	0	1.0	152	0.004329004329004329	5	1.0	1473	0.0	0	0.0	0	0.0	0	0.0	0	0.2786885245901639	187	0.007965686274509803	13	0.0017316017316017316	2	0.0	0	0.06066176470588235	99	0.0	0	0.0	30.496341664131922	0.0	30.496341664131922	0.0	1.0	1.0	0.0	0.0	0	0.0	0	0.0196078431372549	1	0.18995098039215685	310	1.0	0	0.11213235294117647	183	0.4417892156862745	193	1.0	1155	1.0	1632	1.0	786	0.31495098039215685	514	0.6850490196078431	1118	0.032034632034632034	37
li2019	SRR7664617_bin.7.s	restored_0913							1.0	1632	1.0	1155	1.0	786	0.0	3	2.0763358778625953	2	0.7022058823529411	1146	0.20036764705882354	327	1.0	152	0.004329004329004329	5	0.44467073998642226	655	0.0027155465037338763	4	0.0	0	0.0	0	0.0	0	0.2786885245901639	187	0.007965686274509803	13	0.0017316017316017316	2	0.0	0	0.06066176470588235	99	0.0	0	0.0	30.496341664131922	0.0	30.496341664131922	0.0	1.0	1.0	-4.144730370814716	0.0	0	0.0	0	0.0196078431372549	1	0.18995098039215685	310	0.3149847094801223	103	0.11213235294117647	183	0.4417892156862745	193	1.0	1155	1.0	1632	1.0	786	0.31495098039215685	514	0.6850490196078431	1118	0.032034632034632034	37
li2019	SRR7664617_bin.7.s	restored_017	0.21892176975479705	0.46770359841709713	0.25	0.25	0.0	0.0	1.0	1632	1.0	1155	1.0	786	0.0	3	2.0763358778625953	2	0.7022058823529411	1146	0.20036764705882354	327	1.0	152	1.0	0.0	0.44467073998642226	655	0.0027155465037338763	4	0.0	0	0.0	0	0.0	0	0.2786885245901639	187	0.007965686274509803	13	0.0	0	0.0	0	0.06066176470588235	99	0.0	0	0.0	30.496341664131933	0.0	30.49634166413185	0.0	1.0	1.0	-4.144730370814716	0.0	0	0.0	0	0.0196078431372549	1	0.18995098039215685	310	0.3149847094801223	103	0.11213235294117647	183	0.4417892156862745	193	1.0	1155	1.0	1632	1.0	786	0.31495098039215685	514	0.6850490196078431	1118	0.032034632034632034	37
li2019	SRR7664617_bin.7.s	metagem_017	0.21436763468013467	0.45599296536796535	0.25	0.25	0.0	0.0	1.0	1648	1.0	1154	1.0	782	0.0	3	2.1074168797953963	2	0.6935679611650486	1143	0.20752427184466019	342	1.0	155	1.0	0.0	0.44107744107744107	655	0.0013468013468013469	2	0.0	0	0.0	0	0.0	0	0.365625	234	0.0012135922330097086	2	0.0	0	0.0	0	0.07160194174757281	118	0.0	0	0.0	34.81313451993556	0.0	34.81313451993556	0.0	1.0	1.0	-4.144730370814716	0.0	0	0.0	0	0.0196078431372549	1	0.19599514563106796	323	0.30116959064327486	103	0.11104368932038836	183	0.4381067961165049	197	1.0	1154	1.0	1648	1.0	782	0.32402912621359226	534	0.6759708737864077	1114	0.03466204506065858	40
li2019	SRR7664618_bin.14.s	repro_0913							1.0	1398	1.0	1032	1.0	560	0.0	3	2.4964285714285714	2	0.9048640915593705	1265	0.0	0	1.0	126	0.003875968992248062	4	1.0	1265	0.0	0	0.0	0	0.0	0	0.0	0	0.20080321285140562	100	0.01072961373390558	15	0.0	0	0.0	0	0.09871244635193133	138	0.0	0	0.0	23.00290690086418	0.0	23.00290690086418	0.0	1.0	1.0	0.0	0.0	0	0.0	0	0.0196078431372549	1	0.24821173104434907	347	1.0	0	0.06938483547925609	97	0.4220314735336195	144	1.0	1032	1.0	1398	1.0	560	0.2925608011444921	409	0.7074391988555079	989	0.041666666666666664	43
li2019	SRR7664618_bin.14.s	restored_0913							1.0	1398	1.0	1032	1.0	560	0.0	3	2.4964285714285714	2	0.6988555078683834	977	0.20600858369098712	288	1.0	126	0.003875968992248062	4	0.42924901185770753	543	0.003952569169960474	5	0.0	0	0.0	0	0.0	0	0.20080321285140562	100	0.01072961373390558	15	0.0	0	0.0	0	0.09871244635193133	138	0.0	0	0.0	23.00290690086418	0.0	23.00290690086418	0.0	1.0	1.0	-4.144730370814716	0.0	0	0.0	0	0.0196078431372549	1	0.24821173104434907	347	0.4201388888888889	121	0.06938483547925609	97	0.4220314735336195	144	1.0	1032	1.0	1398	1.0	560	0.2925608011444921	409	0.7074391988555079	989	0.041666666666666664	43
li2019	SRR7664618_bin.14.s	restored_017	0.22403677071042183	0.4808564580172752	0.25	0.25	0.0	0.0	1.0	1398	1.0	1032	1.0	560	0.0	3	2.4964285714285714	2	0.6988555078683834	977	0.20600858369098712	288	1.0	126	1.0	0.0	0.42924901185770753	543	0.003952569169960474	5	0.0	0	0.0	0	0.0	0	0.20080321285140562	100	0.01072961373390558	15	0.0	0	0.0	0	0.09871244635193133	138	0.0	0	0.0	23.002906900864126	0.0	23.002906900863664	0.0	1.0	1.0	-4.144730370814716	0.0	0	0.0	0	0.0196078431372549	1	0.24821173104434907	347	0.4201388888888889	121	0.06938483547925609	97	0.4220314735336195	144	1.0	1032	1.0	1398	1.0	560	0.2925608011444921	409	0.7074391988555079	989	0.041666666666666664	43
li2019	SRR7664618_bin.14.s	metagem_017	0.2179650407151004	0.4652434380293058	0.25	0.25	0.0	0.0	1.0	1414	1.0	1035	1.0	562	0.0	3	2.5160142348754446	2	0.6994342291371994	989	0.2043847241867044	289	1.0	130	1.0	0.0	0.42644757433489827	545	0.002347417840375587	3	0.0	0	0.0	0	0.0	0	0.3145009416195857	167	0.0007072135785007072	1	0.0	0	0.0	0	0.10961810466760961	155	0.0	0	0.0	23.055344527452167	0.0	23.0553445274522	0.0	1.0	1.0	-4.144730370814716	0.0	0	0.0	0	0.0196078431372549	1	0.2581329561527581	365	0.42560553633217996	123	0.07001414427157002	99	0.413012729844413	144	1.0	1035	1.0	1414	1.0	562	0.29773691654879775	421	0.7022630834512023	993	0.04057971014492753	42
li2019	SRR7664618_bin.17.s	repro_0913							1.0	1539	1.0	1057	1.0	591	0.0	3	2.6040609137055837	2	0.9012345679012346	1387	0.0	0	1.0	148	0.004730368968779565	5	1.0	1387	0.0	0	0.0	0	0.0	0	0.0	0	0.39603960396039606	200	0.009746588693957114	15	0.000946073793755913	1	0.0	0	0.10266406757634827	158	0.0	0	0.0	46.50806258159117	0.0	46.50806258159117	0.0	1.0	1.0	0.0	0.0	0	0.0	0	0.0196078431372549	1	0.2410656270305393	371	1.0	0	0.11500974658869395	177	0.43989603638726443	172	1.0	1057	1.0	1539	1.0	591	0.336582196231319	518	0.663417803768681	1021	0.03405865657521287	36
li2019	SRR7664618_bin.17.s	restored_0913							1.0	1539	1.0	1057	1.0	591	0.0	3	2.6040609137055837	2	0.6699155295646524	1031	0.23131903833658218	356	1.0	148	0.004730368968779565	5	0.441240086517664	612	0.002883922134102379	4	0.0	0	0.0	0	0.0	0	0.39603960396039606	200	0.009746588693957114	15	0.000946073793755913	1	0.0	0	0.10266406757634827	158	0.0	0	0.0	46.50806258159117	0.0	46.50806258159117	0.0	1.0	1.0	-4.144730370814716	0.0	0	0.0	0	0.0196078431372549	1	0.2410656270305393	371	0.30337078651685395	108	0.11500974658869395	177	0.43989603638726443	172	1.0	1057	1.0	1539	1.0	591	0.336582196231319	518	0.663417803768681	1021	0.03405865657521287	36
li2019	SRR7664618_bin.17.s	restored_017	0.21258350300302803	0.4514051981982625	0.25	0.25	0.0	0.0	1.0	1539	1.0	1057	1.0	591	0.0	3	2.6040609137055837	2	0.6699155295646524	1031	0.23131903833658218	356	1.0	148	1.0	0.0	0.441240086517664	612	0.002883922134102379	4	0.0	0	0.0	0	0.0	0	0.39603960396039606	200	0.009746588693957114	15	0.0	0	0.0	0	0.10266406757634827	158	0.0	0	0.0	46.5080625815931	0.0	46.508062581591105	0.0	1.0	1.0	-4.144730370814716	0.0	0	0.0	0	0.0196078431372549	1	0.2410656270305393	371	0.30337078651685395	108	0.11500974658869395	177	0.43989603638726443	172	1.0	1057	1.0	1539	1.0	591	0.336582196231319	518	0.663417803768681	1021	0.03405865657521287	36
li2019	SRR7664618_bin.17.s	metagem_017	0.21864568993772535	0.46699367888748416	0.25	0.25	0.0	0.0	1.0	1818	1.0	1299	1.0	631	0.0	3	2.8811410459587954	2	0.6402640264026402	1164	0.25357535753575355	461	1.0	186	1.0	0.0	0.41415384615384615	673	0.0018461538461538461	3	0.0	0	0.0	0	0.0	0	0.31504424778761064	178	0.0165016501650165	30	0.0	0	0.0	0	0.08855885588558855	161	0.0	0	0.0	44.89648400714646	0.0	44.896484007146434	0.0	1.0	1.0	-4.144730370814716	0.0	0	0.0	0	0.0196078431372549	1	0.27282728272827284	496	0.33405639913232105	154	0.10891089108910891	198	0.4218921892189219	194	1.0	1299	1.0	1818	1.0	631	0.3102310231023102	564	0.6897689768976898	1254	0.03387220939183987	44
li2019	SRR7664618_bin.20.o	repro_0913							1.0	1598	1.0	1131	1.0	746	0.0	3	2.1420911528150133	2	0.9036295369211514	1444	0.0	0	1.0	145	0.0035366931918656055	4	1.0	1444	0.0	0	0.0	0	0.0	0	0.0	0	0.3248407643312102	204	0.011889862327909888	19	0.0008841732979664014	1	0.0	0	0.06946182728410513	111	0.0	0	0.0	33.086223816143125	0.0	33.0903630679334	0.0	1.0	1.0	0.0	0.0	0	0.0	0	0.0196078431372549	1	0.188360450563204	301	1.0	0	0.10763454317897372	172	0.4449311639549437	188	1.0	1131	1.0	1598	1.0	746	0.31539424280350437	504	0.6846057571964956	1094	0.032714412024756855	37
li2019	SRR7664618_bin.20.o	restored_0913							1.0	1598	1.0	1131	1.0	746	0.0	3	2.1420911528150133	2	0.6983729662077597	1116	0.20525657071339173	328	1.0	145	0.0035366931918656055	4	0.45221606648199447	653	0.0006925207756232687	1	0.0	0	0.0	0	0.0	0	0.3248407643312102	204	0.011889862327909888	19	0.0008841732979664014	1	0.0	0	0.06946182728410513	111	0.0	0	0.0	33.086223816143125	0.0	33.0903630679334	0.0	1.0	1.0	-4.144730370814716	0.0	0	0.0	0	0.0196078431372549	1	0.188360450563204	301	0.3079268292682927	101	0.10763454317897372	172	0.4449311639549437	188	1.0	1131	1.0	1598	1.0	746	0.31539424280350437	504	0.6846057571964956	1094	0.032714412024756855	37
li2019	SRR7664618_bin.20.o	restored_017	0.21605096194876877	0.460321521201596	0.25	0.25	0.0	0.0	1.0	1598	1.0	1131	1.0	746	0.0	3	2.1420911528150133	2	0.6983729662077597	1116	0.20525657071339173	328	1.0	145	1.0	0.0	0.45221606648199447	653	0.0006925207756232687	1	0.0	0	0.0	0	0.0	0	0.3248407643312102	204	0.011889862327909888	19	0.0	0	0.0	0	0.06946182728410513	111	0.0	0	0.0	33.08622381614314	0.0	33.090363067933446	0.0	1.0	1.0	-4.144730370814716	0.0	0	0.0	0	0.0196078431372549	1	0.188360450563204	301	0.3079268292682927	101	0.10763454317897372	172	0.4449311639549437	188	1.0	1131	1.0	1598	1.0	746	0.31539424280350437	504	0.6846057571964956	1094	0.032714412024756855	37
li2019	SRR7664618_bin.20.o	metagem_017	0.2128301840505848	0.4520395208919799	0.25	0.25	0.0	0.0	1.0	1652	1.0	1162	1.0	752	0.0	3	2.1968085106382977	2	0.6840193704600485	1130	0.2148910411622276	355	1.0	158	1.0	0.0	0.44242424242424244	657	0.0013468013468013469	2	0.0	0	0.0	0	0.0	0	0.3919523099850969	263	0.0012106537530266344	2	0.0	0	0.0	0	0.07384987893462469	122	0.0	0	0.0	33.455349884688495	0.0	33.455349884688495	0.0	1.0	1.0	-4.144730370814716	0.0	0	0.0	0	0.0196078431372549	1	0.20278450363196127	335	0.30985915492957744	110	0.10351089588377724	171	0.4358353510895884	195	1.0	1162	1.0	1652	1.0	752	0.31840193704600483	526	0.6815980629539952	1126	0.03098106712564544	36
li2019	SRR7664618_bin.21.o	repro_0913							1.0	1373	1.0	1023	1.0	570	0.0	3	2.4087719298245616	2	0.9024034959941734	1239	0.0	0	1.0	128	0.002932551319648094	3	1.0	1239	0.0	0	0.0	0	0.0	0	0.0	0	0.1331923890063425	63	0.010924981791697014	15	0.0	0	0.0	0	0.07793153678077203	107	0.0	0	0.0	30.39325758147941	0.0	30.39325758147941	0.0	1.0	1.0	0.0	0.0	0	0.0	0	0.0196078431372549	1	0.27967953386744354	384	1.0	0	0.07428987618353969	102	0.37509104151493083	131	1.0	1023	1.0	1373	1.0	570	0.28623452294246177	393	0.7137654770575382	980	0.042033235581622676	43
li2019	SRR7664618_bin.21.o	restored_0913							1.0	1373	1.0	1023	1.0	570	0.0	3	2.4087719298245616	2	0.6707938820101966	921	0.2316096139839767	318	1.0	128	0.002932551319648094	3	0.4261501210653753	528	0.0	0	0.0	0	0.0	0	0.0	0	0.1331923890063425	63	0.010924981791697014	15	0.0	0	0.0	0	0.07793153678077203	107	0.0	0	0.0	30.39325758147941	0.0	30.39325758147941	0.0	1.0	1.0	-4.144730370814716	0.0	0	0.0	0	0.0196078431372549	1	0.27967953386744354	384	0.3333333333333333	106	0.07428987618353969	102	0.37509104151493083	131	1.0	1023	1.0	1373	1.0	570	0.28623452294246177	393	0.7137654770575382	980	0.042033235581622676	43
li2019	SRR7664618_bin.21.o	restored_017	0.22818467536638604	0.4915224985611832	0.25	0.25	0.0	0.0	1.0	1373	1.0	1023	1.0	570	0.0	3	2.4087719298245616	2	0.6707938820101966	921	0.2316096139839767	318	1.0	128	1.0	0.0	0.4261501210653753	528	0.0	0	0.0	0	0.0	0	0.0	0	0.1331923890063425	63	0.010924981791697014	15	0.0	0	0.0	0	0.07793153678077203	107	0.0	0	0.0	30.393257581796558	0.0	30.39325758173136	0.0	1.0	1.0	-4.144730370814716	0.0	0	0.0	0	0.0196078431372549	1	0.27967953386744354	384	0.3333333333333333	106	0.07428987618353969	102	0.37509104151493083	131	1.0	1023	1.0	1373	1.0	570	0.28623452294246177	393	0.7137654770575382	980	0.042033235581622676	43
li2019	SRR7664618_bin.21.o	metagem_017	0.22097041470082227	0.47297154256401913	0.25	0.25	0.0	0.0	1.0	1343	1.0	995	1.0	567	0.0	3	2.368606701940035	2	0.6708860759493671	901	0.23008190618019358	309	1.0	127	1.0	0.0	0.4305785123966942	521	0.0	0	0.0	0	0.0	0	0.0	0	0.25862068965517243	135	0.011913626209977662	16	0.0	0	0.0	0	0.07892777364110201	106	0.0	0	0.0	23.075797852349602	0.0	23.075797852349567	0.0	1.0	1.0	-4.144730370814716	0.0	0	0.0	0	0.0196078431372549	1	0.2665673864482502	358	0.3300970873786408	102	0.0759493670886076	102	0.38049143708116157	128	1.0	995	1.0	1343	1.0	567	0.2911392405063291	391	0.7088607594936709	952	0.04321608040201005	43
li2019	SRR7664618_bin.24.s	repro_0913							1.0	1935	1.0	1362	1.0	717	0.0	3	2.698744769874477	2	0.8925064599483205	1727	0.0	0	1.0	198	0.0022026431718061676	3	1.0	1727	0.0	0	0.0	0	0.0	0	0.0	0	0.4142312579415502	326	0.024806201550387597	48	0.0014684287812041115	2	0.0007342143906020558	1	0.050645994832041345	98	0.0	0	0.0	66.55237984294959	0.0	66.55237984294959	0.0	1.0	1.0	0.0	0.0	0	0.0	0	0.0196078431372549	1	0.20051679586563306	388	1.0	0	0.07390180878552971	143	0.4888888888888889	219	1.0	1362	1.0	1935	1.0	717	0.31627906976744186	612	0.6837209302325581	1323	0.009544787077826725	13
li2019	SRR7664618_bin.24.s	restored_0913							1.0	1935	1.0	1362	1.0	717	0.0	3	2.698744769874477	2	0.6139534883720931	1188	0.2785529715762274	539	1.0	198	0.0022026431718061676	3	0.38969310943833235	673	0.0	0	0.0	0	0.0	0	0.0	0	0.4142312579415502	326	0.024806201550387597	48	0.0014684287812041115	2	0.0007342143906020558	1	0.050645994832041345	98	0.0	0	0.0	66.55237984294959	0.0	66.55237984294959	0.0	1.0	1.0	-4.144730370814716	0.0	0	0.0	0	0.0196078431372549	1	0.20051679586563306	388	0.26716141001855287	144	0.07390180878552971	143	0.4888888888888889	219	1.0	1362	1.0	1935	1.0	717	0.31627906976744186	612	0.6837209302325581	1323	0.009544787077826725	13
li2019	SRR7664618_bin.24.s	restored_017	0.21459679440482132	0.45658223323144537	0.25	0.25	0.0	0.0	1.0	1935	1.0	1362	1.0	717	0.0	3	2.698744769874477	2	0.6139534883720931	1188	0.2785529715762274	539	1.0	198	1.0	0.0	0.38969310943833235	673	0.0	0	0.0	0	0.0	0	0.0	0	0.4142312579415502	326	0.024806201550387597	48	0.0	0	0.0	0	0.050645994832041345	98	0.0	0	0.0	66.55237984294955	0.0	66.55237984294959	0.0	1.0	1.0	-4.144730370814716	0.0	0	0.0	0	0.0196078431372549	1	0.20051679586563306	388	0.26716141001855287	144	0.07390180878552971	143	0.4888888888888889	219	1.0	1362	1.0	1935	1.0	717	0.31627906976744186	612	0.6837209302325581	1323	0.009544787077826725	13
li2019	SRR7664618_bin.24.s	metagem_017	0.21568982697708125	0.45939288841725656	0.25	0.25	0.0	0.0	1.0	1765	1.0	1237	1.0	700	0.0	3	2.5214285714285714	2	0.6209631728045326	1096	0.2725212464589235	481	1.0	179	1.0	0.0	0.4032974001268231	636	0.0	0	0.0	0	0.0	0	0.0	0	0.38095238095238093	288	0.01586402266288952	28	0.0	0	0.0	0	0.059490084985835696	105	0.0	0	0.0	61.73158557830004	0.0	61.731585578300006	0.0	1.0	1.0	-4.144730370814716	0.0	0	0.0	0	0.0196078431372549	1	0.17563739376770537	310	0.2515592515592516	121	0.0708215297450425	125	0.5036827195467423	208	1.0	1237	1.0	1765	1.0	700	0.3206798866855524	566	0.6793201133144476	1199	0.009700889248181084	12
li2019	SRR7664618_bin.25.s	repro_0913							1.0	1565	1.0	1111	1.0	627	0.0	3	2.496012759170654	2	0.8971246006389776	1404	0.0	0	1.0	154	0.0054005400540054005	6	1.0	1404	0.0	0	0.0	0	0.0	0	0.0	0	0.2987249544626594	164	0.0025559105431309905	4	0.0	0	0.0	0	0.08753993610223643	137	0.0	0	0.0	39.2734408204649	0.0	39.2734408204649	0.0	1.0	1.0	0.0	0.0	0	0.0	0	0.0196078431372549	1	0.19041533546325878	298	1.0	0	0.07412140575079872	116	0.4817891373801917	173	1.0	1111	1.0	1565	1.0	627	0.3124600638977636	489	0.6875399361022364	1076	0.0072007200720072	8
li2019	SRR7664618_bin.25.s	restored_0913							1.0	1565	1.0	1111	1.0	627	0.0	3	2.496012759170654	2	0.6536741214057508	1023	0.24345047923322682	381	1.0	154	0.0054005400540054005	6	0.4074074074074074	572	0.002136752136752137	3	0.0	0	0.0	0	0.0	0	0.2987249544626594	164	0.0025559105431309905	4	0.0	0	0.0	0	0.08753993610223643	137	0.0	0	0.0	39.2734408204649	0.0	39.2734408204649	0.0	1.0	1.0	-4.144730370814716	0.0	0	0.0	0	0.0196078431372549	1	0.19041533546325878	298	0.2650918635170604	101	0.07412140575079872	116	0.4817891373801917	173	1.0	1111	1.0	1565	1.0	627	0.3124600638977636	489	0.6875399361022364	1076	0.0072007200720072	8
li2019	SRR7664618_bin.25.s	restored_017	0.2199109751477693	0.4702472694275973	0.25	0.25	0.0	0.0	1.0	1565	1.0	1111	1.0	627	0.0	3	2.496012759170654	2	0.6536741214057508	1023	0.24345047923322682	381	1.0	154	1.0	0.0	0.4074074074074074	572	0.002136752136752137	3	0.0	0	0.0	0	0.0	0	0.2987249544626594	164	0.0025559105431309905	4	0.0	0	0.0	0	0.08753993610223643	137	0.0	0	0.0	39.27344082057958	0.0	39.273440820464856	0.0	1.0	1.0	-4.144730370814716	0.0	0	0.0	0	0.0196078431372549	1	0.19041533546325878	298	0.2650918635170604	101	0.07412140575079872	116	0.4817891373801917	173	1.0	1111	1.0	1565	1.0	627	0.3124600638977636	489	0.6875399361022364	1076	0.0072007200720072	8
li2019	SRR7664618_bin.25.s	metagem_017	0.21519891303171046	0.4581305382720174	0.25	0.25	0.0	0.0	1.0	1526	1.0	1103	1.0	634	0.0	3	2.406940063091483	2	0.6631716906946264	1012	0.23787680209698558	363	1.0	144	1.0	0.0	0.41309090909090906	568	0.002181818181818182	3	0.0	0	0.0	0	0.0	0	0.3778135048231511	235	0.022935779816513763	35	0.0	0	0.0	0	0.07536041939711664	115	0.0	0	0.0	25.532494879896863	0.0	25.532494879896976	0.0	1.0	1.0	-4.144730370814716	0.0	0	0.0	0	0.0196078431372549	1	0.1743119266055046	266	0.23140495867768596	84	0.07667103538663171	117	0.4941022280471822	177	1.0	1103	1.0	1526	1.0	634	0.3020969855832241	461	0.6979030144167759	1065	0.006346328195829556	7
li2019	SRR7664619_bin.2.o	repro_0913							1.0	1821	1.0	1301	1.0	681	0.0	3	2.6740088105726874	2	0.9060955518945635	1650	0.0	0	1.0	161	0.0023059185242121443	3	1.0	1650	0.0	0	0.0	0	0.0	0	0.0	0	0.4336569579288026	268	0.03130148270181219	57	0.0007686395080707148	1	0.0	0	0.05930807248764415	108	0.0	0	0.0	39.68018925452138	0.0	39.68018925452138	0.0	1.0	1.0	0.0	0.0	0	0.0	0	0.0196078431372549	1	0.21801208127402527	397	1.0	0	0.071389346512905	130	0.4728171334431631	204	1.0	1301	1.0	1821	1.0	681	0.30971993410214166	564	0.6902800658978583	1257	0.006917755572636433	9
li2019	SRR7664619_bin.2.o	restored_0913							1.0	1821	1.0	1301	1.0	681	0.0	3	2.6740088105726874	2	0.6556836902800659	1194	0.2504118616144975	456	1.0	161	0.0023059185242121443	3	0.41575757575757577	686	0.0024242424242424242	4	0.0	0	0.0	0	0.0	0	0.4336569579288026	268	0.03130148270181219	57	0.0007686395080707148	1	0.0	0	0.05930807248764415	108	0.0	0	0.0	39.68018925452138	0.0	39.68018925452138	0.0	1.0	1.0	-4.144730370814716	0.0	0	0.0	0	0.0196078431372549	1	0.21801208127402527	397	0.2850877192982456	130	0.071389346512905	130	0.4728171334431631	204	1.0	1301	1.0	1821	1.0	681	0.30971993410214166	564	0.6902800658978583	1257	0.006149116064565719	8
li2019	SRR7664619_bin.2.o	restored_017	0.21193488280866923	0.4497373176984828	0.25	0.25	0.0	0.0	1.0	1821	1.0	1301	1.0	681	0.0	3	2.6740088105726874	2	0.6556836902800659	1194	0.2504118616144975	456	1.0	161	1.0	0.0	0.41575757575757577	686	0.0024242424242424242	4	0.0	0	0.0	0	0.0	0	0.4336569579288026	268	0.03130148270181219	57	0.0	0	0.0	0	0.05930807248764415	108	0.0	0	0.0	39.68018925452159	0.0	39.680189254521466	0.0	1.0	1.0	-4.144730370814716	0.0	0	0.0	0	0.0196078431372549	1	0.21801208127402527	397	0.2850877192982456	130	0.071389346512905	130	0.4728171334431631	204	1.0	1301	1.0	1821	1.0	681	0.30971993410214166	564	0.6902800658978583	1257	0.006917755572636433	9
li2019	SRR7664619_bin.2.o	metagem_017	0.21094334665971667	0.4471876533154619	0.25	0.25	0.0	0.0	1.0	1651	1.0	1158	1.0	661	0.0	3	2.497730711043873	2	0.6650514839491217	1098	0.2404603270745003	397	1.0	147	1.0	0.0	0.4307692307692308	644	0.0026755852842809363	4	0.0	0	0.0	0	0.0	0	0.436241610738255	260	0.02059357964869776	34	0.0	0	0.0	0	0.06783767413688674	112	0.0	0	0.0	42.28761978796782	0.0	42.28761978796779	0.0	1.0	1.0	-4.144730370814716	0.0	0	0.0	0	0.0196078431372549	1	0.18413082980012113	304	0.24433249370277077	97	0.07450030284675954	123	0.485160508782556	188	1.0	1158	1.0	1651	1.0	661	0.3198061780738946	528	0.6801938219261053	1123	0.0069084628670120895	8
li2019	SRR7664619_bin.28.p	repro_0913							1.0	2019	1.0	1412	1.0	816	0.0	3	2.474264705882353	2	0.8959881129271917	1809	0.0	0	1.0	203	0.00424929178470255	6	1.0	1809	0.0	0	0.0	0	0.0	0	0.0	0	0.48036253776435045	318	0.022783556215948488	46	0.00141643059490085	2	0.000708215297450425	1	0.0782565626547796	158	0.0	0	0.0	72.63587251870842	0.0	72.63587251870842	0.0	1.0	1.0	0.0	0.0	0	0.0	0	0.0196078431372549	1	0.1906884596334819	385	1.0	0	0.07429420505200594	150	0.4749876176324913	246	1.0	1412	1.0	2019	1.0	816	0.3224368499257058	651	0.6775631500742942	1368	0.0084985835694051	12
li2019	SRR7664619_bin.28.p	restored_0913							1.0	2019	1.0	1412	1.0	816	0.0	3	2.474264705882353	2	0.6394254581475978	1291	0.25656265477959384	518	1.0	203	0.00424929178470255	6	0.3941404090657822	713	0.0	0	0.0	0	0.0	0	0.0	0	0.48036253776435045	318	0.022783556215948488	46	0.00141643059490085	2	0.000708215297450425	1	0.0782565626547796	158	0.0	0	0.0	72.63587251870842	0.0	72.63587251870842	0.0	1.0	1.0	-4.144730370814716	0.0	0	0.0	0	0.0196078431372549	1	0.1906884596334819	385	0.24324324324324326	126	0.07429420505200594	150	0.4749876176324913	246	1.0	1412	1.0	2019	1.0	816	0.3224368499257058	651	0.6775631500742942	1368	0.0084985835694051	12
li2019	SRR7664619_bin.28.p	restored_017	0.21067576221314077	0.4464995790242668	0.25	0.25	0.0	0.0	1.0	2019	1.0	1412	1.0	816	0.0	3	2.474264705882353	2	0.6394254581475978	1291	0.25656265477959384	518	1.0	203	1.0	0.0	0.3941404090657822	713	0.0	0	0.0	0	0.0	0	0.0	0	0.48036253776435045	318	0.022783556215948488	46	0.0	0	0.0	0	0.0782565626547796	158	0.0	0	0.0	72.6358725187083	0.0	72.6358725187083	0.0	1.0	1.0	-4.144730370814716	0.0	0	0.0	0	0.0196078431372549	1	0.1906884596334819	385	0.24324324324324326	126	0.07429420505200594	150	0.4749876176324913	246	1.0	1412	1.0	2019	1.0	816	0.3224368499257058	651	0.6775631500742942	1368	0.0084985835694051	12
li2019	SRR7664619_bin.28.p	metagem_017	0.21495787675442316	0.45751073070185005	0.25	0.25	0.0	0.0	1.0	1871	1.0	1301	1.0	813	0.0	3	2.3013530135301354	2	0.6547300908605024	1225	0.24425440940673437	457	1.0	184	1.0	0.0	0.40190249702734837	676	0.0	0	0.0	0	0.0	0	0.0	0	0.39552238805970147	318	0.014430785676109033	27	0.0	0	0.0	0	0.09032602886157136	169	0.0	0	0.0	59.31214249696337	0.0	59.312142496963574	0.0	1.0	1.0	-4.144730370814716	0.0	0	0.0	0	0.0196078431372549	1	0.16141101015499731	302	0.2100656455142232	96	0.07910208444681988	148	0.4853019775521112	235	1.0	1301	1.0	1871	1.0	813	0.3260288615713522	610	0.6739711384286478	1261	0.008455034588777863	11
li2019	SRR7664619_bin.29.o	repro_0913							1.0	1745	1.0	1244	1.0	802	0.0	3	2.1758104738154613	2	0.9106017191977077	1589	0.0	0	1.0	149	0.002411575562700965	3	1.0	1589	0.0	0	0.0	0	0.0	0	0.0	0	0.3635116598079561	265	0.02005730659025788	35	0.0	0	0.0008038585209003215	1	0.06418338108882521	112	0.0	0	0.0	47.08648528198619	0.0	47.08648528198619	0.0	1.0	1.0	0.0	0.0	0	0.0	0	0.0196078431372549	1	0.15530085959885387	271	1.0	0	0.07335243553008595	128	0.5025787965616045	218	1.0	1244	1.0	1745	1.0	802	0.31060171919770774	542	0.6893982808022923	1203	0.03215434083601286	40
li2019	SRR7664619_bin.29.o	restored_0913							1.0	1745	1.0	1244	1.0	802	0.0	3	2.1758104738154613	2	0.6922636103151862	1208	0.2183381088825215	381	1.0	149	0.002411575562700965	3	0.4008810572687225	637	0.0	0	0.0	0	0.0	0	0.0	0	0.3635116598079561	265	0.02005730659025788	35	0.0	0	0.0008038585209003215	1	0.06418338108882521	112	0.0	0	0.0	47.08648528198619	0.0	47.08648528198619	0.0	1.0	1.0	-4.144730370814716	0.0	0	0.0	0	0.0196078431372549	1	0.15530085959885387	271	0.24934383202099739	95	0.07335243553008595	128	0.5025787965616045	218	1.0	1244	1.0	1745	1.0	802	0.31060171919770774	542	0.6893982808022923	1203	0.03215434083601286	40
li2019	SRR7664619_bin.29.o	restored_017	0.21679299719944378	0.46222961184618877	0.25	0.25	0.0	0.0	1.0	1745	1.0	1244	1.0	802	0.0	3	2.1758104738154613	2	0.6922636103151862	1208	0.2183381088825215	381	1.0	149	1.0	0.0	0.4008810572687225	637	0.0	0	0.0	0	0.0	0	0.0	0	0.3635116598079561	265	0.02005730659025788	35	0.0	0	0.0	0	0.06418338108882521	112	0.0	0	0.0	47.08648528198648	0.0	47.0864852819874	0.0	1.0	1.0	-4.144730370814716	0.0	0	0.0	0	0.0196078431372549	1	0.15530085959885387	271	0.24934383202099739	95	0.07335243553008595	128	0.5025787965616045	218	1.0	1244	1.0	1745	1.0	802	0.31060171919770774	542	0.6893982808022923	1203	0.03215434083601286	40
li2019	SRR7664619_bin.29.o	metagem_017	0.22141349962542783	0.4741109037987192	0.25	0.25	0.0	0.0	1.0	1735	1.0	1233	1.0	793	0.0	3	2.187894073139975	2	0.6881844380403458	1194	0.22305475504322766	387	1.0	147	1.0	0.0	0.3953194180898166	625	0.0	0	0.0	0	0.0	0	0.0	0	0.2859042553191489	215	0.0207492795389049	36	0.0	0	0.0	0	0.06743515850144093	117	0.0	0	0.0	49.02038500820302	0.0	49.0203850082038	0.0	1.0	1.0	-4.144730370814716	0.0	0	0.0	0	0.0196078431372549	1	0.15561959654178675	270	0.25064599483204136	97	0.07319884726224783	127	0.5043227665706052	218	1.0	1233	1.0	1735	1.0	793	0.31354466858789626	544	0.6864553314121038	1191	0.0332522303325223	41
li2019	SRR7664619_bin.35.p	repro_0913							1.0	1921	1.0	1361	1.0	734	0.0	3	2.61716621253406	2	0.8969286829776159	1723	0.0	0	1.0	191	0.00440852314474651	6	1.0	1723	0.0	0	0.0	0	0.0	0	0.0	0	0.42441054091539526	306	0.03591879229567933	69	0.0007347538574577516	1	0.0	0	0.052576782925559604	101	0.0	0	0.0	53.786738740365024	0.0	53.786738740365024	0.0	1.0	1.0	0.0	0.0	0	0.0	0	0.0196078431372549	1	0.2118688183237897	407	1.0	0	0.06559083810515356	126	0.4523685580426861	212	1.0	1361	1.0	1921	1.0	734	0.31650182196772514	608	0.6834981780322749	1313	0.008082292432035268	11
li2019	SRR7664619_bin.35.p	restored_0913							1.0	1921	1.0	1361	1.0	734	0.0	3	2.61716621253406	2	0.6402915148360229	1230	0.25663716814159293	493	1.0	191	0.00440852314474651	6	0.4027858386535113	694	0.0011607661056297156	2	0.0	0	0.0	0	0.0	0	0.42441054091539526	306	0.03591879229567933	69	0.0007347538574577516	1	0.0	0	0.052576782925559604	101	0.0	0	0.0	53.786738740365024	0.0	53.786738740365024	0.0	1.0	1.0	-4.144730370814716	0.0	0	0.0	0	0.0196078431372549	1	0.2118688183237897	407	0.30628803245436104	151	0.06559083810515356	126	0.4523685580426861	212	1.0	1361	1.0	1921	1.0	734	0.31650182196772514	608	0.6834981780322749	1313	0.008082292432035268	11
li2019	SRR7664619_bin.35.p	restored_017	0.21323941783289616	0.4530918363322091	0.25	0.25	0.0	0.0	1.0	1921	1.0	1361	1.0	734	0.0	3	2.61716621253406	2	0.6402915148360229	1230	0.25663716814159293	493	1.0	191	1.0	0.0	0.4027858386535113	694	0.0011607661056297156	2	0.0	0	0.0	0	0.0	0	0.42441054091539526	306	0.03591879229567933	69	0.0	0	0.0	0	0.052576782925559604	101	0.0	0	0.0	53.786738740365074	0.0	53.78673874036496	0.0	1.0	1.0	-4.144730370814716	0.0	0	0.0	0	0.0196078431372549	1	0.2118688183237897	407	0.30628803245436104	151	0.06559083810515356	126	0.4523685580426861	212	1.0	1361	1.0	1921	1.0	734	0.31650182196772514	608	0.6834981780322749	1313	0.008082292432035268	11
li2019	SRR7664619_bin.35.p	metagem_017	0.21229490546160157	0.45066309023459455	0.25	0.25	0.0	0.0	1.0	1906	1.0	1353	1.0	737	0.0	3	2.5861601085481682	2	0.640083945435467	1220	0.2565582371458552	489	1.0	189	1.0	0.0	0.40491515506143944	692	0.0	0	0.0	0	0.0	0	0.0	0	0.4404432132963989	318	0.035676810073452254	68	0.0	0	0.0	0	0.0540398740818468	103	0.0	0	0.0	43.84530064695065	0.0	43.84530064695064	0.0	1.0	1.0	-4.144730370814716	0.0	0	0.0	0	0.0196078431372549	1	0.20933892969569778	399	0.2965235173824131	145	0.06610703043022036	126	0.45173137460650575	210	1.0	1353	1.0	1906	1.0	737	0.31532004197271774	601	0.6846799580272823	1305	0.008130081300813009	11
li2019	SRR7664619_bin.4.o	repro_0913							1.0	2042	1.0	1426	1.0	1053	0.0	3	1.9392212725546059	2	0.9015670910871695	1841	0.0	0	1.0	192	0.004207573632538569	6	1.0	1841	0.0	0	0.0	0	0.0	0	0.0	0	0.3813813813813814	254	0.023506366307541625	48	0.0007012622720897616	1	0.0007012622720897616	1	0.056317335945151814	115	0.0	0	0.0	44.10495179940184	0.0	44.10495179940184	0.0	1.0	1.0	0.0	0.0	0	0.0	0	0.0196078431372549	1	0.1792360430950049	366	1.0	0	0.1287952987267385	263	0.4422135161606268	211	1.0	1426	1.0	2042	1.0	1053	0.3281096963761019	670	0.6718903036238981	1372	0.037868162692847124	54
li2019	SRR7664619_bin.4.o	restored_0913							1.0	2042	1.0	1426	1.0	1053	0.0	3	1.9392212725546059	2	0.638099902056807	1303	0.26346718903036237	538	1.0	192	0.004207573632538569	6	0.40304182509505704	742	0.0	0	0.0	0	0.0	0	0.0	0	0.3813813813813814	254	0.023506366307541625	48	0.0007012622720897616	1	0.0007012622720897616	1	0.056317335945151814	115	0.0	0	0.0	44.10495179940184	0.0	44.10495179940184	0.0	1.0	1.0	-4.144730370814716	0.0	0	0.0	0	0.0196078431372549	1	0.1792360430950049	366	0.1821561338289963	98	0.1287952987267385	263	0.4422135161606268	211	1.0	1426	1.0	2042	1.0	1053	0.3281096963761019	670	0.6718903036238981	1372	0.037868162692847124	54
li2019	SRR7664619_bin.4.o	restored_017	0.21568019223279045	0.4593681133605088	0.25	0.25	0.0	0.0	1.0	2042	1.0	1426	1.0	1053	0.0	3	1.9392212725546059	2	0.638099902056807	1303	0.26346718903036237	538	1.0	192	1.0	0.0	0.40304182509505704	742	0.0	0	0.0	0	0.0	0	0.0	0	0.3813813813813814	254	0.023506366307541625	48	0.0	0	0.0	0	0.056317335945151814	115	0.0	0	0.0	44.104951799401995	0.0	44.10495179940384	0.0	1.0	1.0	-4.144730370814716	0.0	0	0.0	0	0.0196078431372549	1	0.1792360430950049	366	0.1821561338289963	98	0.1287952987267385	263	0.4422135161606268	211	1.0	1426	1.0	2042	1.0	1053	0.3281096963761019	670	0.6718903036238981	1372	0.037868162692847124	54
li2019	SRR7664619_bin.4.o	metagem_017	0.2177803000258782	0.46476839054273444	0.25	0.25	0.0	0.0	1.0	2045	1.0	1424	1.0	1054	0.0	3	1.9402277039848197	2	0.6396088019559902	1308	0.26356968215158927	539	1.0	189	1.0	0.0	0.40064970221981594	740	0.0	0	0.0	0	0.0	0	0.0	0	0.3459715639810427	219	0.028361858190709046	58	0.0	0	0.0	0	0.06063569682151589	124	0.0	0	0.0	45.723744921874406	0.0	45.72374492187556	0.0	1.0	1.0	-4.144730370814716	0.0	0	0.0	0	0.0196078431372549	1	0.18092909535452323	370	0.1836734693877551	99	0.12860635696821515	263	0.4415647921760391	211	1.0	1424	1.0	2045	1.0	1054	0.3281173594132029	671	0.671882640586797	1374	0.0351123595505618	50
li2019	SRR7664619_bin.5.s	repro_0913							1.0	1323	1.0	981	1.0	481	0.0	3	2.7505197505197505	2	0.8851095993953136	1171	0.0	0	1.0	151	0.0030581039755351682	3	1.0	1171	0.0	0	0.0	0	0.0	0	0.0	0	0.4880546075085324	286	0.0030234315948601664	4	0.0	0	0.0	0	0.08767951625094482	116	0.0	0	0.0	17.116578854262904	0.0	17.116578854262904	0.0	1.0	1.0	0.0	0.0	0	0.0	0	0.0196078431372549	1	0.31594860166288735	418	1.0	0	0.07558578987150416	100	0.3378684807256236	111	1.0	981	1.0	1323	1.0	481	0.28269085411942557	374	0.7173091458805745	949	0.011213047910295617	11
li2019	SRR7664619_bin.5.s	restored_0913							1.0	1323	1.0	981	1.0	481	0.0	3	2.7505197505197505	2	0.6432350718065004	851	0.2418745275888133	320	1.0	151	0.0030581039755351682	3	0.4286934244235696	502	0.0034158838599487617	4	0.0	0	0.0	0	0.0	0	0.4880546075085324	286	0.0030234315948601664	4	0.0	0	0.0	0	0.08767951625094482	116	0.0	0	0.0	17.116578854262904	0.0	17.116578854262904	0.0	1.0	1.0	-4.144730370814716	0.0	0	0.0	0	0.0196078431372549	1	0.31594860166288735	418	0.375	120	0.07558578987150416	100	0.3378684807256236	111	1.0	981	1.0	1323	1.0	481	0.28269085411942557	374	0.7173091458805745	949	0.010193679918450561	10
li2019	SRR7664619_bin.5.s	restored_017	0.20813904171525643	0.43997658345827845	0.25	0.25	0.0	0.0	1.0	1323	1.0	981	1.0	481	0.0	3	2.7505197505197505	2	0.6432350718065004	851	0.2418745275888133	320	1.0	151	1.0	0.0	0.4286934244235696	502	0.0034158838599487617	4	0.0	0	0.0	0	0.0	0	0.4880546075085324	286	0.0030234315948601664	4	0.0	0	0.0	0	0.08767951625094482	116	0.0	0	0.0	17.116578854262954	0.0	17.11657885426293	0.0	1.0	1.0	-4.144730370814716	0.0	0	0.0	0	0.0196078431372549	1	0.31594860166288735	418	0.375	120	0.07558578987150416	100	0.3378684807256236	111	1.0	981	1.0	1323	1.0	481	0.28269085411942557	374	0.7173091458805745	949	0.012232415902140673	12
li2019	SRR7664619_bin.5.s	metagem_017	0.21653824913961214	0.46157454540662174	0.25	0.25	0.0	0.0	1.0	1346	1.0	1003	1.0	481	0.0	3	2.7983367983367984	2	0.6396731054977711	861	0.24591381872213966	331	1.0	153	1.0	0.0	0.4236577181208054	505	0.0016778523489932886	2	0.0	0	0.0	0	0.0	0	0.3436426116838488	200	0.003714710252600297	5	0.0	0	0.0	0	0.07355126300148589	99	0.0	0	0.0	49.81341726490598	0.0	49.81341726490607	0.0	1.0	1.0	-4.144730370814716	0.0	0	0.0	0	0.0196078431372549	1	0.3164933135215453	426	0.36555891238670696	121	0.07429420505200594	100	0.34695393759286774	116	1.0	1003	1.0	1346	1.0	481	0.2800891530460624	377	0.7199108469539376	969	0.010967098703888335	11
li2019	SRR7664620_bin.1.s	repro_0913							1.0	1844	1.0	1297	1.0	714	0.0	3	2.5826330532212887	2	0.8991323210412148	1658	0.0	0	1.0	178	0.002313030069390902	3	1.0	1658	0.0	0	0.0	0	0.0	0	0.0	0	0.40210843373493976	267	0.027114967462039046	50	0.0007710100231303007	1	0.0	0	0.06399132321041215	118	0.0	0	0.0	38.01835539603637	0.0	38.01835539603637	0.0	1.0	1.0	0.0	0.0	0	0.0	0	0.0196078431372549	1	0.19468546637744036	359	1.0	0	0.06724511930585683	124	0.4880694143167028	202	1.0	1297	1.0	1844	1.0	714	0.3188720173535792	588	0.6811279826464208	1256	0.007710100231303007	10
li2019	SRR7664620_bin.1.s	restored_0913							1.0	1844	1.0	1297	1.0	714	0.0	3	2.5826330532212887	2	0.6545553145336226	1207	0.2445770065075922	451	1.0	178	0.002313030069390902	3	0.413751507840772	686	0.0	0	0.0	0	0.0	0	0.0	0	0.40210843373493976	267	0.027114967462039046	50	0.0007710100231303007	1	0.0	0	0.06399132321041215	118	0.0	0	0.0	38.01835539603637	0.0	38.01835539603637	0.0	1.0	1.0	-4.144730370814716	0.0	0	0.0	0	0.0196078431372549	1	0.19468546637744036	359	0.2549889135254989	115	0.06724511930585683	124	0.4880694143167028	202	1.0	1297	1.0	1844	1.0	714	0.3188720173535792	588	0.6811279826464208	1256	0.007710100231303007	10
li2019	SRR7664620_bin.1.s	restored_017	0.21393370694949748	0.4548771512034698	0.25	0.25	0.0	0.0	1.0	1844	1.0	1297	1.0	714	0.0	3	2.5826330532212887	2	0.6545553145336226	1207	0.2445770065075922	451	1.0	178	1.0	0.0	0.413751507840772	686	0.0	0	0.0	0	0.0	0	0.0	0	0.40210843373493976	267	0.027114967462039046	50	0.0	0	0.0	0	0.06399132321041215	118	0.0	0	0.0	38.01835539603663	0.0	38.01835539603625	0.0	1.0	1.0	-4.144730370814716	0.0	0	0.0	0	0.0196078431372549	1	0.19468546637744036	359	0.2549889135254989	115	0.06724511930585683	124	0.4880694143167028	202	1.0	1297	1.0	1844	1.0	714	0.3188720173535792	588	0.6811279826464208	1256	0.007710100231303007	10
li2019	SRR7664620_bin.1.s	metagem_017	0.2126546749405438	0.45158821175187447	0.25	0.25	0.0	0.0	1.0	1665	1.0	1147	1.0	722	0.0	3	2.306094182825485	2	0.6618618618618619	1102	0.23963963963963963	399	1.0	155	1.0	0.0	0.4117255163224517	618	0.0	0	0.0	0	0.0	0	0.0	0	0.42715700141442714	302	0.004204204204204204	7	0.0	0	0.0	0	0.11231231231231231	187	0.0	0	0.0	49.48027832356246	0.0	49.480278323563006	0.0	1.0	1.0	-4.144730370814716	0.0	0	0.0	0	0.0196078431372549	1	0.15435435435435435	257	0.21804511278195488	87	0.07087087087087086	118	0.5057057057057057	198	1.0	1147	1.0	1665	1.0	722	0.3291291291291291	548	0.6708708708708708	1117	0.00959023539668701	11
