study	bin	metagem_gem	repro_model	repro_memote	modern_model	modern_memote
sunagawa2015	ERR1701760_bin.1.o	1	1	1	1	1
sunagawa2015	ERR1701760_bin.10.s	1	1	1	1	1
sunagawa2015	ERR1701760_bin.11.p	1	1	1	1	1
sunagawa2015	ERR1701760_bin.12.p	1	1	1	1	1
sunagawa2015	ERR1701760_bin.13.p	1	1	1	1	1
sunagawa2015	ERR1701760_bin.14.p	1	1	1	1	1
sunagawa2015	ERR1701760_bin.15.s	1	1	1	1	1
sunagawa2015	ERR1701760_bin.16.p	1	1	1	1	1
sunagawa2015	ERR1701760_bin.17.p	1	1	1	1	1
sunagawa2015	ERR1701760_bin.18.s	1	1	1	1	1
sunagawa2015	ERR1701760_bin.19.p	1	1	1	1	1
sunagawa2015	ERR1701760_bin.2.o	1	1	1	1	1
sunagawa2015	ERR1701760_bin.21.p	1	1	1	1	1
sunagawa2015	ERR1701760_bin.22.p	1	1	1	1	1
sunagawa2015	ERR1701760_bin.23.p	1	1	1	1	1
sunagawa2015	ERR1701760_bin.24.s	1	1	1	1	1
sunagawa2015	ERR1701760_bin.25.p	1	1	1	1	1
sunagawa2015	ERR1701760_bin.26.p	1	1	1	1	1
sunagawa2015	ERR1701760_bin.27.s	1	1	1	1	1
sunagawa2015	ERR1701760_bin.28.p	1	1	1	1	1
sunagawa2015	ERR1701760_bin.29.o	1	1	1	1	1
sunagawa2015	ERR1701760_bin.3.p	1	1	1	1	1
sunagawa2015	ERR1701760_bin.30.p	1	1	1	1	1
sunagawa2015	ERR1701760_bin.31.s	1	1	1	1	1
sunagawa2015	ERR1701760_bin.32.p	1	1	1	1	1
sunagawa2015	ERR1701760_bin.33.s	1	1	1	1	1
sunagawa2015	ERR1701760_bin.35.p	1	1	1	1	1
sunagawa2015	ERR1701760_bin.36.s	1	1	1	1	1
sunagawa2015	ERR1701760_bin.37.o	1	1	1	1	1
sunagawa2015	ERR1701760_bin.38.p	1	1	1	1	1
sunagawa2015	ERR1701760_bin.39.p	1	1	1	1	1
sunagawa2015	ERR1701760_bin.4.p	1	1	1	1	1
sunagawa2015	ERR1701760_bin.40.p	1	1	1	1	1
sunagawa2015	ERR1701760_bin.5.p	1	1	1	1	1
sunagawa2015	ERR1701760_bin.6.p	1	1	1	1	1
sunagawa2015	ERR1701760_bin.7.o	1	1	1	1	1
sunagawa2015	ERR1701760_bin.8.p	1	1	1	1	1
sunagawa2015	ERR1701760_bin.9.s	1	1	1	1	1
karlsson2013	ERR260137_bin.1.p	1	1	1	1	1
karlsson2013	ERR260137_bin.10.p	1	1	1	1	1
karlsson2013	ERR260137_bin.11.p	1	1	1	1	1
karlsson2013	ERR260137_bin.12.p	1	1	1	1	1
karlsson2013	ERR260137_bin.13.p	1	1	1	1	1
karlsson2013	ERR260137_bin.14.p	1	1	1	1	1
karlsson2013	ERR260137_bin.15.p	1	1	1	1	1
karlsson2013	ERR260137_bin.16.o	1	1	1	1	1
karlsson2013	ERR260137_bin.17.s	1	1	1	1	1
karlsson2013	ERR260137_bin.18.p	1	1	1	1	1
karlsson2013	ERR260137_bin.19.s	1	1	1	1	1
karlsson2013	ERR260137_bin.20.o	1	1	1	1	1
karlsson2013	ERR260137_bin.21.p	1	1	1	1	1
karlsson2013	ERR260137_bin.22.s	1	1	1	1	1
karlsson2013	ERR260137_bin.3.p	1	1	1	1	1
karlsson2013	ERR260137_bin.4.o	1	1	1	1	1
karlsson2013	ERR260137_bin.5.p	1	1	1	1	1
karlsson2013	ERR260137_bin.6.p	1	1	1	1	1
karlsson2013	ERR260137_bin.7.p	1	1	1	1	1
karlsson2013	ERR260137_bin.8.p	0	1	1	1	1
karlsson2013	ERR260137_bin.9.p	1	1	1	1	1
karlsson2013	ERR260138_bin.1.p	1	1	1	1	1
karlsson2013	ERR260138_bin.10.p	1	1	1	1	1
karlsson2013	ERR260138_bin.11.s	1	1	1	1	1
karlsson2013	ERR260138_bin.12.s	1	1	1	1	1
karlsson2013	ERR260138_bin.13.s	1	1	1	1	1
karlsson2013	ERR260138_bin.14.p	1	1	1	1	1
karlsson2013	ERR260138_bin.15.p	1	1	1	1	1
karlsson2013	ERR260138_bin.16.p	1	1	1	1	1
karlsson2013	ERR260138_bin.18.p	1	1	1	1	1
karlsson2013	ERR260138_bin.19.s	1	1	1	1	1
karlsson2013	ERR260138_bin.2.p	1	1	1	1	1
karlsson2013	ERR260138_bin.20.p	1	1	1	1	1
karlsson2013	ERR260138_bin.21.p	1	1	1	1	1
karlsson2013	ERR260138_bin.22.p	1	1	1	1	1
karlsson2013	ERR260138_bin.23.p	1	1	1	1	1
karlsson2013	ERR260138_bin.24.o	1	1	1	1	1
karlsson2013	ERR260138_bin.25.p	1	1	1	1	1
karlsson2013	ERR260138_bin.26.p	1	1	1	1	1
karlsson2013	ERR260138_bin.27.p	1	1	1	1	1
karlsson2013	ERR260138_bin.28.s	1	1	1	1	1
karlsson2013	ERR260138_bin.3.p	1	1	1	1	1
karlsson2013	ERR260138_bin.4.s	1	1	1	1	1
karlsson2013	ERR260138_bin.5.s	1	1	1	1	1
karlsson2013	ERR260138_bin.6.p	1	1	1	1	1
karlsson2013	ERR260138_bin.7.o	1	1	1	1	1
karlsson2013	ERR260138_bin.8.p	1	1	0	1	1
karlsson2013	ERR260138_bin.9.s	1	1	1	1	1
karlsson2013	ERR260139_bin.1.p	1	1	1	1	1
karlsson2013	ERR260139_bin.10.p	1	1	1	1	1
karlsson2013	ERR260139_bin.12.p	1	1	1	1	1
karlsson2013	ERR260139_bin.14.s	1	1	1	1	1
karlsson2013	ERR260139_bin.15.p	1	1	1	1	1
karlsson2013	ERR260139_bin.16.p	1	1	1	1	1
karlsson2013	ERR260139_bin.17.o	1	1	1	1	1
karlsson2013	ERR260139_bin.18.o	1	1	1	1	1
karlsson2013	ERR260139_bin.19.p	1	1	1	1	1
karlsson2013	ERR260139_bin.2.p	1	1	1	1	1
karlsson2013	ERR260139_bin.3.p	1	1	1	1	1
karlsson2013	ERR260139_bin.4.p	1	1	1	1	1
karlsson2013	ERR260139_bin.5.p	1	1	1	1	1
karlsson2013	ERR260139_bin.6.s	1	1	1	1	1
karlsson2013	ERR260139_bin.7.p	1	1	1	1	1
karlsson2013	ERR260139_bin.8.s	1	1	1	1	1
karlsson2013	ERR260139_bin.9.s	1	1	1	1	1
karlsson2013	ERR260140_bin.1.p	1	1	1	1	1
karlsson2013	ERR260140_bin.10.p	1	1	1	1	1
karlsson2013	ERR260140_bin.11.s	1	1	1	1	1
karlsson2013	ERR260140_bin.12.p	1	1	1	1	1
karlsson2013	ERR260140_bin.13.s	1	1	1	1	1
karlsson2013	ERR260140_bin.14.p	1	1	1	1	1
karlsson2013	ERR260140_bin.15.p	1	1	1	1	1
karlsson2013	ERR260140_bin.16.p	1	1	1	1	1
karlsson2013	ERR260140_bin.17.p	1	1	1	1	1
karlsson2013	ERR260140_bin.18.p	1	1	1	1	1
karlsson2013	ERR260140_bin.19.p	1	1	1	1	1
karlsson2013	ERR260140_bin.2.p	1	1	1	1	1
karlsson2013	ERR260140_bin.20.o	1	1	1	1	1
karlsson2013	ERR260140_bin.21.p	1	1	1	1	1
karlsson2013	ERR260140_bin.22.o	1	1	1	1	1
karlsson2013	ERR260140_bin.23.o	1	1	1	1	1
karlsson2013	ERR260140_bin.24.p	1	1	1	1	1
karlsson2013	ERR260140_bin.3.s	1	1	1	1	1
karlsson2013	ERR260140_bin.5.p	1	1	1	1	1
karlsson2013	ERR260140_bin.6.p	1	1	1	1	1
karlsson2013	ERR260140_bin.7.p	1	1	1	1	1
karlsson2013	ERR260140_bin.8.p	1	1	1	1	1
karlsson2013	ERR260140_bin.9.s	1	1	1	1	1
karlsson2013	ERR260141_bin.1.p	1	1	1	1	1
karlsson2013	ERR260141_bin.10.p	1	1	1	1	1
karlsson2013	ERR260141_bin.11.s	1	1	1	1	1
karlsson2013	ERR260141_bin.12.p	1	1	1	1	1
karlsson2013	ERR260141_bin.13.p	1	1	1	1	1
karlsson2013	ERR260141_bin.14.p	1	1	1	1	1
karlsson2013	ERR260141_bin.15.p	1	1	1	1	1
karlsson2013	ERR260141_bin.16.p	1	1	1	1	1
karlsson2013	ERR260141_bin.17.p	1	1	1	1	1
karlsson2013	ERR260141_bin.18.o	1	1	1	1	1
karlsson2013	ERR260141_bin.19.p	1	1	1	1	1
karlsson2013	ERR260141_bin.2.o	1	1	1	1	1
karlsson2013	ERR260141_bin.22.p	1	1	1	1	1
karlsson2013	ERR260141_bin.23.p	1	1	1	1	1
karlsson2013	ERR260141_bin.24.p	1	1	1	1	1
karlsson2013	ERR260141_bin.25.p	1	1	1	1	1
karlsson2013	ERR260141_bin.26.p	1	1	1	1	1
karlsson2013	ERR260141_bin.28.p	1	1	1	1	1
karlsson2013	ERR260141_bin.29.s	1	1	1	1	1
karlsson2013	ERR260141_bin.3.p	1	1	1	1	1
karlsson2013	ERR260141_bin.30.s	1	1	1	1	1
karlsson2013	ERR260141_bin.31.p	1	1	1	1	1
karlsson2013	ERR260141_bin.32.p	1	1	1	1	1
karlsson2013	ERR260141_bin.4.s	1	1	1	1	1
karlsson2013	ERR260141_bin.5.s	1	1	1	1	1
karlsson2013	ERR260141_bin.6.p	1	1	1	1	1
karlsson2013	ERR260141_bin.7.s	1	1	1	1	1
karlsson2013	ERR260141_bin.8.p	1	1	1	1	1
karlsson2013	ERR260141_bin.9.p	1	1	1	1	1
karlsson2013	ERR260142_bin.1.o	1	1	1	1	1
karlsson2013	ERR260142_bin.10.s	1	1	1	1	1
karlsson2013	ERR260142_bin.11.p	1	1	1	1	1
karlsson2013	ERR260142_bin.12.s	1	1	1	1	1
karlsson2013	ERR260142_bin.13.p	1	1	1	1	1
karlsson2013	ERR260142_bin.14.p	1	1	1	1	1
karlsson2013	ERR260142_bin.15.s	1	1	1	1	1
karlsson2013	ERR260142_bin.16.s	1	1	1	1	1
karlsson2013	ERR260142_bin.17.o	1	1	1	1	1
karlsson2013	ERR260142_bin.18.p	1	1	1	1	1
karlsson2013	ERR260142_bin.19.s	1	1	1	1	1
karlsson2013	ERR260142_bin.2.p	1	1	1	1	1
karlsson2013	ERR260142_bin.20.p	1	1	1	1	1
karlsson2013	ERR260142_bin.21.p	1	1	1	1	1
karlsson2013	ERR260142_bin.22.p	1	1	1	1	1
karlsson2013	ERR260142_bin.23.s	1	1	1	1	1
karlsson2013	ERR260142_bin.24.s	1	1	1	1	1
karlsson2013	ERR260142_bin.25.s	1	1	1	1	1
karlsson2013	ERR260142_bin.3.p	1	1	1	1	1
karlsson2013	ERR260142_bin.4.p	1	1	1	1	1
karlsson2013	ERR260142_bin.5.s	1	1	1	1	1
karlsson2013	ERR260142_bin.6.p	1	1	1	1	1
karlsson2013	ERR260142_bin.7.s	1	1	1	1	1
karlsson2013	ERR260142_bin.8.p	1	1	1	1	1
karlsson2013	ERR260142_bin.9.p	1	1	1	1	1
karlsson2013	ERR260144_bin.1.p	1	1	1	1	1
karlsson2013	ERR260144_bin.10.p	1	1	1	1	1
karlsson2013	ERR260144_bin.11.p	1	1	1	1	1
karlsson2013	ERR260144_bin.12.s	1	1	1	1	1
karlsson2013	ERR260144_bin.13.o	1	1	1	1	1
karlsson2013	ERR260144_bin.14.s	1	1	1	1	1
karlsson2013	ERR260144_bin.15.p	1	1	1	1	1
karlsson2013	ERR260144_bin.16.s	1	1	1	1	1
karlsson2013	ERR260144_bin.17.s	1	1	1	1	1
karlsson2013	ERR260144_bin.18.s	1	1	1	1	1
karlsson2013	ERR260144_bin.19.p	1	1	1	1	1
karlsson2013	ERR260144_bin.2.s	1	1	1	1	1
karlsson2013	ERR260144_bin.20.s	1	1	1	1	1
karlsson2013	ERR260144_bin.21.p	1	1	1	1	1
karlsson2013	ERR260144_bin.22.p	1	1	1	1	1
karlsson2013	ERR260144_bin.23.s	1	1	1	1	1
karlsson2013	ERR260144_bin.24.o	1	1	1	1	1
karlsson2013	ERR260144_bin.25.o	1	1	1	1	1
karlsson2013	ERR260144_bin.26.p	1	1	1	1	1
karlsson2013	ERR260144_bin.27.s	1	1	1	1	1
karlsson2013	ERR260144_bin.28.s	1	1	1	1	1
karlsson2013	ERR260144_bin.29.s	1	1	1	1	1
karlsson2013	ERR260144_bin.3.o	1	1	1	1	1
karlsson2013	ERR260144_bin.30.s	1	1	1	1	1
karlsson2013	ERR260144_bin.4.p	1	1	1	1	1
karlsson2013	ERR260144_bin.5.s	1	1	1	1	1
karlsson2013	ERR260144_bin.6.p	1	1	1	1	1
karlsson2013	ERR260144_bin.7.s	1	1	1	1	1
karlsson2013	ERR260144_bin.8.p	1	1	1	1	1
karlsson2013	ERR260144_bin.9.p	1	1	1	1	1
karlsson2013	ERR260145_bin.1.s	1	1	1	1	1
karlsson2013	ERR260145_bin.10.p	1	1	1	1	1
karlsson2013	ERR260145_bin.11.p	1	1	1	1	1
karlsson2013	ERR260145_bin.12.p	1	1	1	1	1
karlsson2013	ERR260145_bin.13.s	1	1	1	1	1
karlsson2013	ERR260145_bin.14.s	1	1	1	1	1
karlsson2013	ERR260145_bin.15.p	1	1	1	1	1
karlsson2013	ERR260145_bin.16.o	1	1	1	1	1
karlsson2013	ERR260145_bin.17.p	1	1	1	1	1
karlsson2013	ERR260145_bin.18.p	1	1	1	1	1
karlsson2013	ERR260145_bin.19.o	1	1	1	1	1
karlsson2013	ERR260145_bin.2.p	1	1	1	1	1
karlsson2013	ERR260145_bin.20.p	1	1	1	1	1
karlsson2013	ERR260145_bin.21.p	1	1	1	1	1
karlsson2013	ERR260145_bin.22.p	1	1	1	1	1
karlsson2013	ERR260145_bin.3.o	1	1	1	1	1
karlsson2013	ERR260145_bin.5.p	1	1	1	1	1
karlsson2013	ERR260145_bin.6.p	1	1	1	1	1
karlsson2013	ERR260145_bin.7.o	1	1	1	1	1
karlsson2013	ERR260145_bin.8.p	1	1	1	1	1
karlsson2013	ERR260145_bin.9.s	1	1	1	1	1
karlsson2013	ERR260146_bin.1.s	1	1	1	1	1
karlsson2013	ERR260146_bin.10.p	1	1	1	1	1
karlsson2013	ERR260146_bin.11.p	1	1	1	1	1
karlsson2013	ERR260146_bin.12.p	1	1	1	1	1
karlsson2013	ERR260146_bin.13.p	1	1	1	1	1
karlsson2013	ERR260146_bin.14.p	1	1	1	1	1
karlsson2013	ERR260146_bin.15.p	1	1	1	1	1
karlsson2013	ERR260146_bin.16.s	1	1	1	1	1
karlsson2013	ERR260146_bin.17.p	1	1	1	1	1
karlsson2013	ERR260146_bin.18.p	1	1	1	1	1
karlsson2013	ERR260146_bin.19.p	1	1	1	1	1
karlsson2013	ERR260146_bin.2.s	1	1	1	1	1
karlsson2013	ERR260146_bin.20.s	1	1	1	1	1
karlsson2013	ERR260146_bin.21.o	1	1	1	1	1
karlsson2013	ERR260146_bin.22.s	1	1	1	1	1
karlsson2013	ERR260146_bin.23.p	1	1	1	1	1
karlsson2013	ERR260146_bin.24.p	1	1	1	1	1
karlsson2013	ERR260146_bin.25.p	1	1	1	1	1
karlsson2013	ERR260146_bin.26.o	1	1	1	1	1
karlsson2013	ERR260146_bin.3.p	1	1	1	1	1
karlsson2013	ERR260146_bin.5.p	1	1	1	1	1
karlsson2013	ERR260146_bin.6.o	1	1	1	1	1
karlsson2013	ERR260146_bin.7.s	1	1	1	1	1
karlsson2013	ERR260146_bin.8.o	1	1	1	1	1
karlsson2013	ERR260146_bin.9.p	1	1	1	1	1
karlsson2013	ERR260147_bin.1.s	1	1	1	1	1
karlsson2013	ERR260147_bin.10.p	1	1	1	1	1
karlsson2013	ERR260147_bin.11.s	1	1	1	1	1
karlsson2013	ERR260147_bin.12.p	1	1	1	1	1
karlsson2013	ERR260147_bin.13.s	1	1	1	1	1
karlsson2013	ERR260147_bin.14.p	1	1	1	1	1
karlsson2013	ERR260147_bin.15.p	1	1	1	1	1
karlsson2013	ERR260147_bin.16.o	1	1	1	1	1
karlsson2013	ERR260147_bin.17.p	1	1	1	1	1
karlsson2013	ERR260147_bin.18.p	1	1	1	1	1
karlsson2013	ERR260147_bin.19.o	1	1	1	1	1
karlsson2013	ERR260147_bin.2.o	1	1	1	1	1
karlsson2013	ERR260147_bin.20.s	1	1	1	1	1
karlsson2013	ERR260147_bin.21.s	1	1	1	1	1
karlsson2013	ERR260147_bin.22.p	1	1	1	1	1
karlsson2013	ERR260147_bin.23.o	1	1	1	1	1
karlsson2013	ERR260147_bin.24.p	1	1	1	1	1
karlsson2013	ERR260147_bin.25.p	1	1	1	1	1
karlsson2013	ERR260147_bin.3.p	1	1	1	1	1
karlsson2013	ERR260147_bin.4.p	1	1	1	1	1
karlsson2013	ERR260147_bin.5.o	1	1	1	1	1
karlsson2013	ERR260147_bin.6.s	1	1	1	1	1
karlsson2013	ERR260147_bin.7.p	1	1	1	1	1
karlsson2013	ERR260147_bin.8.p	1	1	1	1	1
karlsson2013	ERR260147_bin.9.o	1	1	1	1	1
karlsson2013	ERR260148_bin.1.p	1	1	1	1	1
karlsson2013	ERR260148_bin.10.s	1	1	1	1	1
karlsson2013	ERR260148_bin.11.s	1	1	1	1	1
karlsson2013	ERR260148_bin.12.p	1	1	1	1	1
karlsson2013	ERR260148_bin.13.p	1	1	1	1	1
karlsson2013	ERR260148_bin.14.p	1	1	1	1	1
karlsson2013	ERR260148_bin.15.s	1	1	1	1	1
karlsson2013	ERR260148_bin.16.o	1	1	1	1	1
karlsson2013	ERR260148_bin.17.p	1	1	1	1	1
karlsson2013	ERR260148_bin.18.s	1	1	1	1	1
karlsson2013	ERR260148_bin.19.o	1	1	1	1	1
karlsson2013	ERR260148_bin.2.p	1	1	1	1	1
karlsson2013	ERR260148_bin.20.p	1	1	1	1	1
karlsson2013	ERR260148_bin.21.p	1	1	1	1	1
karlsson2013	ERR260148_bin.22.p	1	1	0	1	1
karlsson2013	ERR260148_bin.23.p	1	1	1	1	1
karlsson2013	ERR260148_bin.24.p	1	1	1	1	1
karlsson2013	ERR260148_bin.3.o	1	1	1	1	1
karlsson2013	ERR260148_bin.4.p	1	1	1	1	1
karlsson2013	ERR260148_bin.5.s	1	1	1	1	1
karlsson2013	ERR260148_bin.6.p	1	1	1	1	1
karlsson2013	ERR260148_bin.7.s	1	1	1	1	1
karlsson2013	ERR260148_bin.8.p	1	1	1	1	1
karlsson2013	ERR260148_bin.9.p	1	1	1	1	1
karlsson2013	ERR260149_bin.1.p	1	1	1	1	1
karlsson2013	ERR260149_bin.10.o	1	1	1	1	1
karlsson2013	ERR260149_bin.11.p	1	1	1	1	1
karlsson2013	ERR260149_bin.12.s	1	1	1	1	1
karlsson2013	ERR260149_bin.13.s	1	1	1	1	1
karlsson2013	ERR260149_bin.14.s	1	1	1	1	1
karlsson2013	ERR260149_bin.15.s	1	1	1	1	1
karlsson2013	ERR260149_bin.16.p	1	1	1	1	1
karlsson2013	ERR260149_bin.18.s	1	1	1	1	1
karlsson2013	ERR260149_bin.19.p	1	1	1	1	1
karlsson2013	ERR260149_bin.2.p	1	1	1	1	1
karlsson2013	ERR260149_bin.20.s	1	1	1	1	1
karlsson2013	ERR260149_bin.21.p	1	1	1	1	1
karlsson2013	ERR260149_bin.22.p	1	1	1	1	1
karlsson2013	ERR260149_bin.23.p	1	1	1	1	1
karlsson2013	ERR260149_bin.24.p	1	1	1	1	1
karlsson2013	ERR260149_bin.25.p	1	1	1	1	1
karlsson2013	ERR260149_bin.26.o	1	1	1	1	1
karlsson2013	ERR260149_bin.27.p	1	1	1	1	1
karlsson2013	ERR260149_bin.28.p	1	1	1	1	1
karlsson2013	ERR260149_bin.29.p	1	1	1	1	1
karlsson2013	ERR260149_bin.3.p	1	1	1	1	1
karlsson2013	ERR260149_bin.4.p	1	1	1	1	1
karlsson2013	ERR260149_bin.5.p	1	1	1	1	1
karlsson2013	ERR260149_bin.6.s	1	1	1	1	1
karlsson2013	ERR260149_bin.7.s	1	1	1	1	1
karlsson2013	ERR260149_bin.8.p	1	1	1	1	1
karlsson2013	ERR260149_bin.9.s	1	1	1	1	1
karlsson2013	ERR260150_bin.1.s	1	1	1	1	1
karlsson2013	ERR260150_bin.10.p	1	1	1	1	1
karlsson2013	ERR260150_bin.11.p	1	1	1	1	1
karlsson2013	ERR260150_bin.12.p	1	1	1	1	1
karlsson2013	ERR260150_bin.13.s	1	1	1	1	1
karlsson2013	ERR260150_bin.14.p	1	1	1	1	1
karlsson2013	ERR260150_bin.15.s	1	1	1	1	1
karlsson2013	ERR260150_bin.16.p	1	1	1	1	1
karlsson2013	ERR260150_bin.17.p	1	1	1	1	1
karlsson2013	ERR260150_bin.18.s	1	1	1	1	1
karlsson2013	ERR260150_bin.19.p	1	1	1	1	1
karlsson2013	ERR260150_bin.2.s	1	1	1	1	1
karlsson2013	ERR260150_bin.20.p	1	1	1	1	1
karlsson2013	ERR260150_bin.21.s	1	1	1	1	1
karlsson2013	ERR260150_bin.22.p	1	1	1	1	1
karlsson2013	ERR260150_bin.23.s	1	1	1	1	1
karlsson2013	ERR260150_bin.24.s	1	1	1	1	1
karlsson2013	ERR260150_bin.25.o	1	1	1	1	1
karlsson2013	ERR260150_bin.26.p	1	1	1	1	1
karlsson2013	ERR260150_bin.27.s	1	1	1	1	1
karlsson2013	ERR260150_bin.28.p	1	1	1	1	1
karlsson2013	ERR260150_bin.29.p	1	1	1	1	1
karlsson2013	ERR260150_bin.3.p	1	1	1	1	1
karlsson2013	ERR260150_bin.30.s	1	1	1	1	1
karlsson2013	ERR260150_bin.31.p	1	1	1	1	1
karlsson2013	ERR260150_bin.32.p	1	1	1	1	1
karlsson2013	ERR260150_bin.34.p	1	1	1	1	1
karlsson2013	ERR260150_bin.36.s	1	1	1	1	1
karlsson2013	ERR260150_bin.37.p	1	1	1	1	1
karlsson2013	ERR260150_bin.38.s	1	1	1	1	1
karlsson2013	ERR260150_bin.4.p	1	1	1	1	1
karlsson2013	ERR260150_bin.5.p	1	1	1	1	1
karlsson2013	ERR260150_bin.6.p	1	1	1	1	1
karlsson2013	ERR260150_bin.7.p	1	1	1	1	1
karlsson2013	ERR260150_bin.8.o	1	1	1	1	1
karlsson2013	ERR260150_bin.9.p	1	1	1	1	1
karlsson2013	ERR260151_bin.1.o	1	1	1	1	1
karlsson2013	ERR260151_bin.10.p	1	1	1	1	1
karlsson2013	ERR260151_bin.11.s	1	1	1	1	1
karlsson2013	ERR260151_bin.12.p	1	1	1	1	1
karlsson2013	ERR260151_bin.13.s	1	1	1	1	1
karlsson2013	ERR260151_bin.14.s	1	1	1	1	1
karlsson2013	ERR260151_bin.15.o	1	1	1	1	1
karlsson2013	ERR260151_bin.16.s	1	1	1	1	1
karlsson2013	ERR260151_bin.18.s	1	1	1	1	1
karlsson2013	ERR260151_bin.19.p	1	1	1	1	1
karlsson2013	ERR260151_bin.2.p	1	1	1	1	1
karlsson2013	ERR260151_bin.20.p	1	1	1	1	1
karlsson2013	ERR260151_bin.21.p	1	1	1	1	1
karlsson2013	ERR260151_bin.22.s	1	1	1	1	1
karlsson2013	ERR260151_bin.23.p	1	1	1	1	1
karlsson2013	ERR260151_bin.24.p	1	1	1	1	1
karlsson2013	ERR260151_bin.25.s	1	1	1	1	1
karlsson2013	ERR260151_bin.27.p	1	1	1	1	1
karlsson2013	ERR260151_bin.28.p	1	1	1	1	1
karlsson2013	ERR260151_bin.29.o	1	1	1	1	1
karlsson2013	ERR260151_bin.3.s	1	1	1	1	1
karlsson2013	ERR260151_bin.4.p	1	1	1	1	1
karlsson2013	ERR260151_bin.5.p	1	1	1	1	1
karlsson2013	ERR260151_bin.6.s	1	1	1	1	1
karlsson2013	ERR260151_bin.7.o	1	1	1	1	1
karlsson2013	ERR260151_bin.8.o	1	1	1	1	1
karlsson2013	ERR260151_bin.9.s	1	1	1	1	1
karlsson2013	ERR260152_bin.1.p	1	1	1	1	1
karlsson2013	ERR260152_bin.10.p	1	1	1	1	1
karlsson2013	ERR260152_bin.11.p	1	1	1	1	1
karlsson2013	ERR260152_bin.12.s	1	1	1	1	1
karlsson2013	ERR260152_bin.13.p	1	1	1	1	1
karlsson2013	ERR260152_bin.14.s	1	1	1	1	1
karlsson2013	ERR260152_bin.15.s	1	1	1	1	1
karlsson2013	ERR260152_bin.16.s	1	1	1	1	1
karlsson2013	ERR260152_bin.17.p	1	1	1	1	1
karlsson2013	ERR260152_bin.18.p	1	1	1	1	1
karlsson2013	ERR260152_bin.19.p	1	1	1	1	1
karlsson2013	ERR260152_bin.2.s	1	1	1	1	1
karlsson2013	ERR260152_bin.20.s	1	1	1	1	1
karlsson2013	ERR260152_bin.3.o	1	1	1	1	1
karlsson2013	ERR260152_bin.4.s	1	1	1	1	1
karlsson2013	ERR260152_bin.5.p	1	1	1	1	1
karlsson2013	ERR260152_bin.6.s	1	1	1	1	1
karlsson2013	ERR260152_bin.7.p	1	1	1	1	1
karlsson2013	ERR260152_bin.8.s	1	1	1	1	1
karlsson2013	ERR260152_bin.9.s	1	1	1	1	1
karlsson2013	ERR260153_bin.1.p	1	1	1	1	1
karlsson2013	ERR260153_bin.10.p	1	1	1	1	1
karlsson2013	ERR260153_bin.11.o	1	1	1	1	1
karlsson2013	ERR260153_bin.12.p	1	1	1	1	1
karlsson2013	ERR260153_bin.13.p	1	1	1	1	1
karlsson2013	ERR260153_bin.14.s	1	1	1	1	1
karlsson2013	ERR260153_bin.15.p	1	1	1	1	1
karlsson2013	ERR260153_bin.16.s	1	1	1	1	1
karlsson2013	ERR260153_bin.17.p	1	1	1	1	1
karlsson2013	ERR260153_bin.18.o	1	1	1	1	1
karlsson2013	ERR260153_bin.19.s	1	1	1	1	1
karlsson2013	ERR260153_bin.2.p	1	1	1	1	1
karlsson2013	ERR260153_bin.20.p	1	1	1	1	1
karlsson2013	ERR260153_bin.21.p	1	1	1	1	1
karlsson2013	ERR260153_bin.22.p	1	1	1	1	1
karlsson2013	ERR260153_bin.23.s	1	1	1	1	1
karlsson2013	ERR260153_bin.24.p	1	1	1	1	1
karlsson2013	ERR260153_bin.25.p	1	1	1	1	1
karlsson2013	ERR260153_bin.26.s	1	1	1	1	1
karlsson2013	ERR260153_bin.27.s	1	1	1	1	1
karlsson2013	ERR260153_bin.28.p	1	1	1	1	1
karlsson2013	ERR260153_bin.29.p	1	1	1	1	1
karlsson2013	ERR260153_bin.3.p	1	1	1	1	1
karlsson2013	ERR260153_bin.30.p	1	1	1	1	1
karlsson2013	ERR260153_bin.31.p	1	1	1	1	1
karlsson2013	ERR260153_bin.4.p	1	1	1	1	1
karlsson2013	ERR260153_bin.5.p	1	1	1	1	1
karlsson2013	ERR260153_bin.6.p	1	1	1	1	1
karlsson2013	ERR260153_bin.7.p	1	1	1	1	1
karlsson2013	ERR260153_bin.8.s	1	1	1	1	1
karlsson2013	ERR260153_bin.9.o	1	1	1	1	1
karlsson2013	ERR260154_bin.1.p	1	1	1	1	1
karlsson2013	ERR260154_bin.10.s	1	1	1	1	1
karlsson2013	ERR260154_bin.11.p	1	1	1	1	1
karlsson2013	ERR260154_bin.12.o	1	1	1	1	1
karlsson2013	ERR260154_bin.13.o	1	1	1	1	1
karlsson2013	ERR260154_bin.14.s	1	1	1	1	1
karlsson2013	ERR260154_bin.15.p	1	1	1	1	1
karlsson2013	ERR260154_bin.16.p	1	1	1	1	1
karlsson2013	ERR260154_bin.17.p	1	1	1	1	1
karlsson2013	ERR260154_bin.18.p	1	1	1	1	1
karlsson2013	ERR260154_bin.19.p	1	1	1	1	1
karlsson2013	ERR260154_bin.2.s	1	1	1	1	1
karlsson2013	ERR260154_bin.20.o	1	1	1	1	1
karlsson2013	ERR260154_bin.21.p	1	1	1	1	1
karlsson2013	ERR260154_bin.22.p	1	1	1	1	1
karlsson2013	ERR260154_bin.23.p	1	1	1	1	1
karlsson2013	ERR260154_bin.24.p	1	1	1	1	1
karlsson2013	ERR260154_bin.3.p	1	1	1	1	1
karlsson2013	ERR260154_bin.4.p	1	1	1	1	1
karlsson2013	ERR260154_bin.5.p	1	1	1	1	1
karlsson2013	ERR260154_bin.6.p	1	1	1	1	1
karlsson2013	ERR260154_bin.7.p	1	1	1	1	1
karlsson2013	ERR260154_bin.8.s	1	1	1	1	1
karlsson2013	ERR260154_bin.9.p	1	1	1	1	1
karlsson2013	ERR260155_bin.1.p	1	1	1	1	1
karlsson2013	ERR260155_bin.10.p	1	1	1	1	1
karlsson2013	ERR260155_bin.11.o	1	1	1	1	1
karlsson2013	ERR260155_bin.12.p	1	1	1	1	1
karlsson2013	ERR260155_bin.13.s	1	1	1	1	1
karlsson2013	ERR260155_bin.14.o	1	1	1	1	1
karlsson2013	ERR260155_bin.15.o	1	1	1	1	1
karlsson2013	ERR260155_bin.16.p	1	1	1	1	1
karlsson2013	ERR260155_bin.17.p	1	1	1	1	1
karlsson2013	ERR260155_bin.18.o	1	1	1	1	1
karlsson2013	ERR260155_bin.19.p	1	1	1	1	1
karlsson2013	ERR260155_bin.20.s	1	1	1	1	1
karlsson2013	ERR260155_bin.21.p	1	1	1	1	1
karlsson2013	ERR260155_bin.22.s	1	1	1	1	1
karlsson2013	ERR260155_bin.23.p	1	1	1	1	1
karlsson2013	ERR260155_bin.25.p	1	1	1	1	1
karlsson2013	ERR260155_bin.26.p	1	1	1	1	1
karlsson2013	ERR260155_bin.27.p	1	1	1	1	1
karlsson2013	ERR260155_bin.28.p	1	1	1	1	1
karlsson2013	ERR260155_bin.29.o	1	1	1	1	1
karlsson2013	ERR260155_bin.3.p	1	1	1	1	1
karlsson2013	ERR260155_bin.30.p	1	1	1	1	1
karlsson2013	ERR260155_bin.31.p	1	1	1	1	1
karlsson2013	ERR260155_bin.32.s	1	1	1	1	1
karlsson2013	ERR260155_bin.33.s	1	1	1	1	1
karlsson2013	ERR260155_bin.34.p	1	1	1	1	1
karlsson2013	ERR260155_bin.35.s	1	1	1	1	1
karlsson2013	ERR260155_bin.4.p	1	1	1	1	1
karlsson2013	ERR260155_bin.5.s	1	1	1	1	1
karlsson2013	ERR260155_bin.6.s	1	1	1	1	1
karlsson2013	ERR260155_bin.7.s	1	1	1	1	1
karlsson2013	ERR260155_bin.8.p	1	1	1	1	1
karlsson2013	ERR260156_bin.1.s	1	1	1	1	1
karlsson2013	ERR260156_bin.10.p	1	1	1	1	1
karlsson2013	ERR260156_bin.11.o	1	1	1	1	1
karlsson2013	ERR260156_bin.12.p	1	1	1	1	1
karlsson2013	ERR260156_bin.13.p	1	1	1	1	1
karlsson2013	ERR260156_bin.14.s	1	1	1	1	1
karlsson2013	ERR260156_bin.15.p	1	1	1	1	1
karlsson2013	ERR260156_bin.16.p	1	1	1	1	1
karlsson2013	ERR260156_bin.17.s	1	1	1	1	1
karlsson2013	ERR260156_bin.18.p	1	1	1	1	1
karlsson2013	ERR260156_bin.2.s	1	1	1	1	1
karlsson2013	ERR260156_bin.3.p	1	1	1	1	1
karlsson2013	ERR260156_bin.4.p	1	1	1	1	1
karlsson2013	ERR260156_bin.5.s	1	1	1	1	1
karlsson2013	ERR260156_bin.6.s	1	1	1	1	1
karlsson2013	ERR260156_bin.7.p	1	1	1	1	1
karlsson2013	ERR260156_bin.8.p	1	1	1	1	1
karlsson2013	ERR260156_bin.9.p	1	1	1	1	1
karlsson2013	ERR260157_bin.1.s	1	1	1	1	1
karlsson2013	ERR260157_bin.10.s	1	1	1	1	1
karlsson2013	ERR260157_bin.11.o	1	1	1	1	1
karlsson2013	ERR260157_bin.12.p	1	1	1	1	1
karlsson2013	ERR260157_bin.13.s	1	1	1	1	1
karlsson2013	ERR260157_bin.14.p	1	1	1	1	1
karlsson2013	ERR260157_bin.15.p	1	1	1	1	1
karlsson2013	ERR260157_bin.16.p	1	1	1	1	1
karlsson2013	ERR260157_bin.17.p	1	1	1	1	1
karlsson2013	ERR260157_bin.18.p	1	1	1	1	1
karlsson2013	ERR260157_bin.19.s	1	1	1	1	1
karlsson2013	ERR260157_bin.2.o	1	1	1	1	1
karlsson2013	ERR260157_bin.20.p	1	1	1	1	1
karlsson2013	ERR260157_bin.21.s	1	1	1	1	1
karlsson2013	ERR260157_bin.22.p	1	1	1	1	1
karlsson2013	ERR260157_bin.3.s	1	1	1	1	1
karlsson2013	ERR260157_bin.4.p	1	1	1	1	1
karlsson2013	ERR260157_bin.5.s	1	1	1	1	1
karlsson2013	ERR260157_bin.6.s	1	1	1	1	1
karlsson2013	ERR260157_bin.7.p	1	1	1	1	1
karlsson2013	ERR260157_bin.8.p	1	1	1	1	1
karlsson2013	ERR260157_bin.9.o	1	1	1	1	1
karlsson2013	ERR260158_bin.1.o	1	1	1	1	1
karlsson2013	ERR260158_bin.10.p	1	1	1	1	1
karlsson2013	ERR260158_bin.11.p	1	1	1	1	1
karlsson2013	ERR260158_bin.12.s	1	1	1	1	1
karlsson2013	ERR260158_bin.13.s	1	1	1	1	1
karlsson2013	ERR260158_bin.14.p	1	1	1	1	1
karlsson2013	ERR260158_bin.15.s	1	1	1	1	1
karlsson2013	ERR260158_bin.16.o	1	1	1	1	1
karlsson2013	ERR260158_bin.17.s	1	1	1	1	1
karlsson2013	ERR260158_bin.18.p	1	1	1	1	1
karlsson2013	ERR260158_bin.19.p	1	1	1	1	1
karlsson2013	ERR260158_bin.2.p	1	1	1	1	1
karlsson2013	ERR260158_bin.3.p	1	1	1	1	1
karlsson2013	ERR260158_bin.4.p	1	1	1	1	1
karlsson2013	ERR260158_bin.5.o	1	1	1	1	1
karlsson2013	ERR260158_bin.6.p	1	1	1	1	1
karlsson2013	ERR260158_bin.7.p	1	1	1	1	1
karlsson2013	ERR260158_bin.8.p	1	1	1	1	1
karlsson2013	ERR260158_bin.9.s	1	1	1	1	1
karlsson2013	ERR260159_bin.1.p	1	1	1	1	1
karlsson2013	ERR260159_bin.10.p	1	1	1	1	1
karlsson2013	ERR260159_bin.11.s	1	1	1	1	1
karlsson2013	ERR260159_bin.12.p	1	1	1	1	1
karlsson2013	ERR260159_bin.13.p	1	1	1	1	1
karlsson2013	ERR260159_bin.15.s	1	1	1	1	1
karlsson2013	ERR260159_bin.16.p	1	1	1	1	1
karlsson2013	ERR260159_bin.17.p	1	1	1	1	1
karlsson2013	ERR260159_bin.19.s	1	1	1	1	1
karlsson2013	ERR260159_bin.2.p	1	1	1	1	1
karlsson2013	ERR260159_bin.20.p	1	1	1	1	1
karlsson2013	ERR260159_bin.21.s	1	1	1	1	1
karlsson2013	ERR260159_bin.22.p	1	1	1	1	1
karlsson2013	ERR260159_bin.23.p	1	1	1	1	1
karlsson2013	ERR260159_bin.24.p	1	1	1	1	1
karlsson2013	ERR260159_bin.25.s	1	1	1	1	1
karlsson2013	ERR260159_bin.26.p	1	1	1	1	1
karlsson2013	ERR260159_bin.27.p	1	1	1	1	1
karlsson2013	ERR260159_bin.28.p	1	1	1	1	1
karlsson2013	ERR260159_bin.3.p	1	1	1	1	1
karlsson2013	ERR260159_bin.4.p	1	1	1	1	1
karlsson2013	ERR260159_bin.5.p	1	1	1	1	1
karlsson2013	ERR260159_bin.6.s	1	1	1	1	1
karlsson2013	ERR260159_bin.7.p	1	1	1	1	1
karlsson2013	ERR260159_bin.8.p	1	1	1	1	1
karlsson2013	ERR260159_bin.9.o	1	1	1	1	1
karlsson2013	ERR260160_bin.1.p	1	1	1	1	1
karlsson2013	ERR260160_bin.10.p	1	1	1	1	1
karlsson2013	ERR260160_bin.11.s	1	1	1	1	1
karlsson2013	ERR260160_bin.12.p	1	1	1	1	1
karlsson2013	ERR260160_bin.13.s	1	1	1	1	1
karlsson2013	ERR260160_bin.14.p	1	1	1	1	1
karlsson2013	ERR260160_bin.15.p	1	1	1	1	1
karlsson2013	ERR260160_bin.16.s	1	1	1	1	1
karlsson2013	ERR260160_bin.17.o	1	1	1	1	1
karlsson2013	ERR260160_bin.18.p	1	1	1	1	1
karlsson2013	ERR260160_bin.19.o	1	1	1	1	1
karlsson2013	ERR260160_bin.2.p	1	1	1	1	1
karlsson2013	ERR260160_bin.20.s	1	1	1	1	1
karlsson2013	ERR260160_bin.21.s	1	1	1	1	1
karlsson2013	ERR260160_bin.3.p	1	1	1	1	1
karlsson2013	ERR260160_bin.4.p	1	1	1	1	1
karlsson2013	ERR260160_bin.5.o	1	1	1	1	1
karlsson2013	ERR260160_bin.6.p	1	1	1	1	1
karlsson2013	ERR260160_bin.7.p	1	1	1	1	1
karlsson2013	ERR260160_bin.8.s	1	1	1	1	1
karlsson2013	ERR260160_bin.9.s	1	1	1	1	1
karlsson2013	ERR260161_bin.1.s	1	1	1	1	1
karlsson2013	ERR260161_bin.10.p	1	1	1	1	1
karlsson2013	ERR260161_bin.11.s	1	1	1	1	1
karlsson2013	ERR260161_bin.12.s	1	1	1	1	1
karlsson2013	ERR260161_bin.13.o	1	1	1	1	1
karlsson2013	ERR260161_bin.14.s	1	1	1	1	1
karlsson2013	ERR260161_bin.15.s	1	1	1	1	1
karlsson2013	ERR260161_bin.16.p	1	1	1	1	1
karlsson2013	ERR260161_bin.17.p	1	1	1	1	1
karlsson2013	ERR260161_bin.18.p	1	1	1	1	1
karlsson2013	ERR260161_bin.19.s	1	1	1	1	1
karlsson2013	ERR260161_bin.2.s	1	1	1	1	1
karlsson2013	ERR260161_bin.20.p	1	1	1	1	1
karlsson2013	ERR260161_bin.21.p	1	1	1	1	1
karlsson2013	ERR260161_bin.22.p	1	1	1	1	1
karlsson2013	ERR260161_bin.23.s	1	1	1	1	1
karlsson2013	ERR260161_bin.24.s	1	1	1	1	1
karlsson2013	ERR260161_bin.25.s	1	1	1	1	1
karlsson2013	ERR260161_bin.26.p	1	1	1	1	1
karlsson2013	ERR260161_bin.27.p	1	1	1	1	1
karlsson2013	ERR260161_bin.28.s	1	1	1	1	1
karlsson2013	ERR260161_bin.29.p	1	1	1	1	1
karlsson2013	ERR260161_bin.3.s	1	1	1	1	1
karlsson2013	ERR260161_bin.30.o	1	1	1	1	1
karlsson2013	ERR260161_bin.31.s	1	1	1	1	1
karlsson2013	ERR260161_bin.32.s	1	1	1	1	1
karlsson2013	ERR260161_bin.33.p	1	1	1	1	1
karlsson2013	ERR260161_bin.34.p	1	1	1	1	1
karlsson2013	ERR260161_bin.35.p	1	1	1	1	1
karlsson2013	ERR260161_bin.36.p	1	1	1	1	1
karlsson2013	ERR260161_bin.37.p	1	1	1	1	1
karlsson2013	ERR260161_bin.4.p	1	1	1	1	1
karlsson2013	ERR260161_bin.5.s	1	1	1	1	1
karlsson2013	ERR260161_bin.6.p	1	1	1	1	1
karlsson2013	ERR260161_bin.7.o	1	1	1	1	1
karlsson2013	ERR260161_bin.8.s	1	1	1	1	1
karlsson2013	ERR260161_bin.9.p	1	1	1	1	1
karlsson2013	ERR260162_bin.1.p	1	1	1	1	1
karlsson2013	ERR260162_bin.10.p	1	1	1	1	1
karlsson2013	ERR260162_bin.11.p	1	1	1	1	1
karlsson2013	ERR260162_bin.12.s	1	1	1	1	1
karlsson2013	ERR260162_bin.13.s	1	1	1	1	1
karlsson2013	ERR260162_bin.14.s	1	1	1	1	1
karlsson2013	ERR260162_bin.15.s	1	1	1	1	1
karlsson2013	ERR260162_bin.16.p	1	1	1	1	1
karlsson2013	ERR260162_bin.17.p	1	1	1	1	1
karlsson2013	ERR260162_bin.18.s	1	1	1	1	1
karlsson2013	ERR260162_bin.19.o	1	1	1	1	1
karlsson2013	ERR260162_bin.2.p	1	1	1	1	1
karlsson2013	ERR260162_bin.20.s	1	1	1	1	1
karlsson2013	ERR260162_bin.21.s	1	1	1	1	1
karlsson2013	ERR260162_bin.22.p	1	1	1	1	1
karlsson2013	ERR260162_bin.23.o	1	1	1	1	1
karlsson2013	ERR260162_bin.24.o	1	1	1	1	1
karlsson2013	ERR260162_bin.25.o	1	1	1	1	1
karlsson2013	ERR260162_bin.26.p	1	1	1	1	1
karlsson2013	ERR260162_bin.27.p	1	1	1	1	1
karlsson2013	ERR260162_bin.28.s	1	1	1	1	1
karlsson2013	ERR260162_bin.29.p	1	1	1	1	1
karlsson2013	ERR260162_bin.3.s	1	1	1	1	1
karlsson2013	ERR260162_bin.30.p	1	1	1	1	1
karlsson2013	ERR260162_bin.31.s	1	1	1	1	1
karlsson2013	ERR260162_bin.32.p	1	1	1	1	1
karlsson2013	ERR260162_bin.33.s	1	1	1	1	1
karlsson2013	ERR260162_bin.34.s	1	1	1	1	1
karlsson2013	ERR260162_bin.35.p	1	1	1	1	1
karlsson2013	ERR260162_bin.36.p	1	1	1	1	1
karlsson2013	ERR260162_bin.37.s	1	1	1	1	1
karlsson2013	ERR260162_bin.38.s	1	1	1	1	1
karlsson2013	ERR260162_bin.39.s	1	1	1	1	1
karlsson2013	ERR260162_bin.4.s	1	1	1	1	1
karlsson2013	ERR260162_bin.40.s	1	1	1	1	1
karlsson2013	ERR260162_bin.41.p	1	1	1	1	1
karlsson2013	ERR260162_bin.42.s	1	1	1	1	1
karlsson2013	ERR260162_bin.43.s	1	1	1	1	1
karlsson2013	ERR260162_bin.44.s	1	1	1	1	1
karlsson2013	ERR260162_bin.45.s	1	1	1	1	1
karlsson2013	ERR260162_bin.46.o	1	1	1	1	1
karlsson2013	ERR260162_bin.47.s	1	1	1	1	1
karlsson2013	ERR260162_bin.48.s	1	1	1	1	1
karlsson2013	ERR260162_bin.49.p	1	1	1	1	1
karlsson2013	ERR260162_bin.5.o	1	1	1	1	1
karlsson2013	ERR260162_bin.50.p	1	1	1	1	1
karlsson2013	ERR260162_bin.51.p	1	1	1	1	1
karlsson2013	ERR260162_bin.52.o	1	1	1	1	1
karlsson2013	ERR260162_bin.53.s	1	1	1	1	1
karlsson2013	ERR260162_bin.54.o	1	1	1	1	1
karlsson2013	ERR260162_bin.55.p	1	1	1	1	1
karlsson2013	ERR260162_bin.56.s	1	1	1	1	1
karlsson2013	ERR260162_bin.57.s	1	1	1	1	1
karlsson2013	ERR260162_bin.58.p	1	1	1	1	1
karlsson2013	ERR260162_bin.59.s	1	1	1	1	1
karlsson2013	ERR260162_bin.6.s	1	1	1	1	1
karlsson2013	ERR260162_bin.7.p	1	1	1	1	1
karlsson2013	ERR260162_bin.8.s	1	1	1	1	1
karlsson2013	ERR260162_bin.9.s	1	1	1	1	1
karlsson2013	ERR260163_bin.1.o	1	1	1	1	1
karlsson2013	ERR260163_bin.10.p	1	1	1	1	1
karlsson2013	ERR260163_bin.11.p	1	1	1	1	1
karlsson2013	ERR260163_bin.12.p	1	1	1	1	1
karlsson2013	ERR260163_bin.13.p	1	1	1	1	1
karlsson2013	ERR260163_bin.14.o	1	1	1	1	1
karlsson2013	ERR260163_bin.15.o	1	1	1	1	1
karlsson2013	ERR260163_bin.16.p	1	1	1	1	1
karlsson2013	ERR260163_bin.17.s	1	1	1	1	1
karlsson2013	ERR260163_bin.19.p	1	1	1	1	1
karlsson2013	ERR260163_bin.2.s	1	1	1	1	1
karlsson2013	ERR260163_bin.20.p	1	1	1	1	1
karlsson2013	ERR260163_bin.21.p	1	1	1	1	1
karlsson2013	ERR260163_bin.22.s	1	1	1	1	1
karlsson2013	ERR260163_bin.23.p	1	1	1	1	1
karlsson2013	ERR260163_bin.24.p	1	1	1	1	1
karlsson2013	ERR260163_bin.25.s	1	1	1	1	1
karlsson2013	ERR260163_bin.26.p	1	1	1	1	1
karlsson2013	ERR260163_bin.27.o	1	1	1	1	1
karlsson2013	ERR260163_bin.28.p	1	1	1	1	1
karlsson2013	ERR260163_bin.29.p	1	1	1	1	1
karlsson2013	ERR260163_bin.3.p	1	1	1	1	1
karlsson2013	ERR260163_bin.30.p	1	1	1	1	1
karlsson2013	ERR260163_bin.31.p	1	1	1	1	1
karlsson2013	ERR260163_bin.32.s	1	1	1	1	1
karlsson2013	ERR260163_bin.33.p	1	1	1	1	1
karlsson2013	ERR260163_bin.34.s	1	1	1	1	1
karlsson2013	ERR260163_bin.35.p	1	1	1	1	1
karlsson2013	ERR260163_bin.36.p	1	1	1	1	1
karlsson2013	ERR260163_bin.37.p	1	1	1	1	1
karlsson2013	ERR260163_bin.38.o	1	1	1	1	1
karlsson2013	ERR260163_bin.39.s	1	1	1	1	1
karlsson2013	ERR260163_bin.4.p	1	1	1	1	1
karlsson2013	ERR260163_bin.40.s	1	1	1	1	1
karlsson2013	ERR260163_bin.41.p	1	1	1	1	1
karlsson2013	ERR260163_bin.42.p	1	1	1	1	1
karlsson2013	ERR260163_bin.5.s	1	1	1	1	1
karlsson2013	ERR260163_bin.6.s	1	1	1	1	1
karlsson2013	ERR260163_bin.7.s	1	1	1	1	1
karlsson2013	ERR260163_bin.8.p	1	1	1	1	1
karlsson2013	ERR260163_bin.9.s	1	1	1	1	1
karlsson2013	ERR260164_bin.1.p	1	1	1	1	1
karlsson2013	ERR260164_bin.10.s	1	1	1	1	1
karlsson2013	ERR260164_bin.11.o	1	1	1	1	1
karlsson2013	ERR260164_bin.12.p	1	1	1	1	1
karlsson2013	ERR260164_bin.13.p	1	1	1	1	1
karlsson2013	ERR260164_bin.14.p	1	1	1	1	1
karlsson2013	ERR260164_bin.15.p	1	1	1	1	1
karlsson2013	ERR260164_bin.16.p	1	1	1	1	1
karlsson2013	ERR260164_bin.17.s	1	1	1	1	1
karlsson2013	ERR260164_bin.18.p	1	1	1	1	1
karlsson2013	ERR260164_bin.19.o	1	1	1	1	1
karlsson2013	ERR260164_bin.2.o	1	1	1	1	1
karlsson2013	ERR260164_bin.20.s	1	1	1	1	1
karlsson2013	ERR260164_bin.21.p	1	1	1	1	1
karlsson2013	ERR260164_bin.22.p	1	1	1	1	1
karlsson2013	ERR260164_bin.23.s	1	1	1	1	1
karlsson2013	ERR260164_bin.24.p	1	1	1	1	1
karlsson2013	ERR260164_bin.25.p	1	1	1	1	1
karlsson2013	ERR260164_bin.26.s	1	1	1	1	1
karlsson2013	ERR260164_bin.27.s	1	1	1	1	1
karlsson2013	ERR260164_bin.28.s	1	1	1	1	1
karlsson2013	ERR260164_bin.29.s	1	1	1	1	1
karlsson2013	ERR260164_bin.3.p	1	1	1	1	1
karlsson2013	ERR260164_bin.30.p	1	1	1	1	1
karlsson2013	ERR260164_bin.31.o	1	1	1	1	1
karlsson2013	ERR260164_bin.32.s	1	1	1	1	1
karlsson2013	ERR260164_bin.33.o	1	1	1	1	1
karlsson2013	ERR260164_bin.34.s	1	1	1	1	1
karlsson2013	ERR260164_bin.35.s	1	1	1	1	1
karlsson2013	ERR260164_bin.36.p	1	1	1	1	1
karlsson2013	ERR260164_bin.37.s	1	1	1	1	1
karlsson2013	ERR260164_bin.4.s	1	1	1	1	1
karlsson2013	ERR260164_bin.5.p	1	1	1	1	1
karlsson2013	ERR260164_bin.6.p	1	1	1	1	1
karlsson2013	ERR260164_bin.7.s	1	1	1	1	1
karlsson2013	ERR260164_bin.8.p	1	1	1	1	1
karlsson2013	ERR260164_bin.9.p	1	1	1	1	1
karlsson2013	ERR260165_bin.1.s	1	1	1	1	1
karlsson2013	ERR260165_bin.10.p	1	1	1	1	1
karlsson2013	ERR260165_bin.11.s	1	1	1	1	1
karlsson2013	ERR260165_bin.13.o	1	1	1	1	1
karlsson2013	ERR260165_bin.14.p	1	1	1	1	1
karlsson2013	ERR260165_bin.15.p	1	1	1	1	1
karlsson2013	ERR260165_bin.16.p	1	1	1	1	1
karlsson2013	ERR260165_bin.17.s	1	1	1	1	1
karlsson2013	ERR260165_bin.18.p	1	1	1	1	1
karlsson2013	ERR260165_bin.19.o	1	1	1	1	1
karlsson2013	ERR260165_bin.2.p	1	1	1	1	1
karlsson2013	ERR260165_bin.20.p	1	1	1	1	1
karlsson2013	ERR260165_bin.22.p	1	1	1	1	1
karlsson2013	ERR260165_bin.23.p	1	1	1	1	1
karlsson2013	ERR260165_bin.24.s	1	1	1	1	1
karlsson2013	ERR260165_bin.25.s	1	1	1	1	1
karlsson2013	ERR260165_bin.27.p	1	1	1	1	1
karlsson2013	ERR260165_bin.28.p	1	1	1	1	1
karlsson2013	ERR260165_bin.29.o	1	1	1	1	1
karlsson2013	ERR260165_bin.3.o	1	1	1	1	1
karlsson2013	ERR260165_bin.30.p	1	1	1	1	1
karlsson2013	ERR260165_bin.31.s	1	1	1	1	1
karlsson2013	ERR260165_bin.32.s	1	1	1	1	1
karlsson2013	ERR260165_bin.33.s	1	1	1	1	1
karlsson2013	ERR260165_bin.34.p	1	1	1	1	1
karlsson2013	ERR260165_bin.35.s	1	1	1	1	1
karlsson2013	ERR260165_bin.36.s	1	1	1	1	1
karlsson2013	ERR260165_bin.37.s	1	1	1	1	1
karlsson2013	ERR260165_bin.38.p	1	1	1	1	1
karlsson2013	ERR260165_bin.39.p	1	1	1	1	1
karlsson2013	ERR260165_bin.4.s	1	1	1	1	1
karlsson2013	ERR260165_bin.40.s	1	1	1	1	1
karlsson2013	ERR260165_bin.43.p	1	1	1	1	1
karlsson2013	ERR260165_bin.5.s	1	1	1	1	1
karlsson2013	ERR260165_bin.6.s	1	1	1	1	1
karlsson2013	ERR260165_bin.7.p	1	1	1	1	1
karlsson2013	ERR260165_bin.8.o	1	1	1	1	1
karlsson2013	ERR260165_bin.9.s	1	1	1	1	1
karlsson2013	ERR260166_bin.1.p	1	1	1	1	1
karlsson2013	ERR260166_bin.10.s	1	1	1	1	1
karlsson2013	ERR260166_bin.11.p	1	1	1	1	1
karlsson2013	ERR260166_bin.12.s	1	1	1	1	1
karlsson2013	ERR260166_bin.13.p	1	1	1	1	1
karlsson2013	ERR260166_bin.14.p	1	1	1	1	1
karlsson2013	ERR260166_bin.15.s	0	1	1	1	1
karlsson2013	ERR260166_bin.16.p	1	1	1	1	1
karlsson2013	ERR260166_bin.17.o	1	1	1	1	1
karlsson2013	ERR260166_bin.18.s	1	1	1	1	1
karlsson2013	ERR260166_bin.19.p	1	1	1	1	1
karlsson2013	ERR260166_bin.2.p	1	1	1	1	1
karlsson2013	ERR260166_bin.20.s	1	1	1	1	1
karlsson2013	ERR260166_bin.21.s	1	1	1	1	1
karlsson2013	ERR260166_bin.22.p	1	1	1	1	1
karlsson2013	ERR260166_bin.23.s	1	1	1	1	1
karlsson2013	ERR260166_bin.24.s	1	1	1	1	1
karlsson2013	ERR260166_bin.25.s	1	1	1	1	1
karlsson2013	ERR260166_bin.26.s	1	1	1	1	1
karlsson2013	ERR260166_bin.27.p	1	1	1	1	1
karlsson2013	ERR260166_bin.28.s	1	1	1	1	1
karlsson2013	ERR260166_bin.29.p	1	1	1	1	1
karlsson2013	ERR260166_bin.3.p	1	1	1	1	1
karlsson2013	ERR260166_bin.30.p	1	1	1	1	1
karlsson2013	ERR260166_bin.31.s	1	1	1	1	1
karlsson2013	ERR260166_bin.32.p	1	1	1	1	1
karlsson2013	ERR260166_bin.33.s	1	1	1	1	1
karlsson2013	ERR260166_bin.34.p	1	1	1	1	1
karlsson2013	ERR260166_bin.35.s	1	1	1	1	1
karlsson2013	ERR260166_bin.36.p	1	1	1	1	1
karlsson2013	ERR260166_bin.37.s	1	1	1	1	1
karlsson2013	ERR260166_bin.38.p	1	1	1	1	1
karlsson2013	ERR260166_bin.39.p	1	1	1	1	1
karlsson2013	ERR260166_bin.40.s	1	1	1	1	1
karlsson2013	ERR260166_bin.41.p	1	1	1	1	1
karlsson2013	ERR260166_bin.43.o	1	1	1	1	1
karlsson2013	ERR260166_bin.44.p	1	1	1	1	1
karlsson2013	ERR260166_bin.45.o	1	1	1	1	1
karlsson2013	ERR260166_bin.47.s	1	1	1	1	1
karlsson2013	ERR260166_bin.5.p	1	1	1	1	1
karlsson2013	ERR260166_bin.6.o	1	1	1	1	1
karlsson2013	ERR260166_bin.7.s	1	1	1	1	1
karlsson2013	ERR260166_bin.8.s	1	1	1	1	1
karlsson2013	ERR260166_bin.9.p	1	1	1	1	1
karlsson2013	ERR260167_bin.1.p	1	1	1	1	1
karlsson2013	ERR260167_bin.10.s	1	1	1	1	1
karlsson2013	ERR260167_bin.11.p	1	1	1	1	1
karlsson2013	ERR260167_bin.12.p	1	1	1	1	1
karlsson2013	ERR260167_bin.13.p	1	1	1	1	1
karlsson2013	ERR260167_bin.14.o	1	1	1	1	1
karlsson2013	ERR260167_bin.15.p	1	1	1	1	1
karlsson2013	ERR260167_bin.16.p	1	1	1	1	1
karlsson2013	ERR260167_bin.17.s	1	1	1	1	1
karlsson2013	ERR260167_bin.18.p	1	1	1	1	1
karlsson2013	ERR260167_bin.19.p	1	1	1	1	1
karlsson2013	ERR260167_bin.20.s	1	1	1	1	1
karlsson2013	ERR260167_bin.21.s	1	1	1	1	1
karlsson2013	ERR260167_bin.22.p	1	1	1	1	1
karlsson2013	ERR260167_bin.23.p	1	1	1	1	1
karlsson2013	ERR260167_bin.25.s	1	1	1	1	1
karlsson2013	ERR260167_bin.26.p	1	1	1	1	1
karlsson2013	ERR260167_bin.27.s	1	1	1	1	1
karlsson2013	ERR260167_bin.28.p	1	1	1	1	1
karlsson2013	ERR260167_bin.29.s	1	1	1	1	1
karlsson2013	ERR260167_bin.3.p	1	1	1	1	1
karlsson2013	ERR260167_bin.30.s	1	1	1	1	1
karlsson2013	ERR260167_bin.31.p	1	1	1	1	1
karlsson2013	ERR260167_bin.32.p	1	1	1	1	1
karlsson2013	ERR260167_bin.33.p	1	1	1	1	1
karlsson2013	ERR260167_bin.34.p	1	1	1	1	1
karlsson2013	ERR260167_bin.35.p	1	1	1	1	1
karlsson2013	ERR260167_bin.4.s	1	1	1	1	1
karlsson2013	ERR260167_bin.5.o	1	1	1	1	1
karlsson2013	ERR260167_bin.6.p	1	1	1	1	1
karlsson2013	ERR260167_bin.7.s	1	1	1	1	1
karlsson2013	ERR260167_bin.8.p	1	1	1	1	1
karlsson2013	ERR260167_bin.9.s	1	1	1	1	1
karlsson2013	ERR260168_bin.1.s	1	1	1	1	1
karlsson2013	ERR260168_bin.10.p	1	1	1	1	1
karlsson2013	ERR260168_bin.11.s	1	1	1	1	1
karlsson2013	ERR260168_bin.12.s	1	1	1	1	1
karlsson2013	ERR260168_bin.13.s	1	1	1	1	1
karlsson2013	ERR260168_bin.14.s	1	1	1	1	1
karlsson2013	ERR260168_bin.15.o	1	1	1	1	1
karlsson2013	ERR260168_bin.16.p	1	1	1	1	1
karlsson2013	ERR260168_bin.17.s	1	1	1	1	1
karlsson2013	ERR260168_bin.18.s	1	1	1	1	1
karlsson2013	ERR260168_bin.19.o	1	1	1	1	1
karlsson2013	ERR260168_bin.2.s	1	1	1	1	1
karlsson2013	ERR260168_bin.20.p	1	1	1	1	1
karlsson2013	ERR260168_bin.21.s	1	1	1	1	1
karlsson2013	ERR260168_bin.23.p	1	1	1	1	1
karlsson2013	ERR260168_bin.24.s	1	1	1	1	1
karlsson2013	ERR260168_bin.25.p	1	1	1	1	1
karlsson2013	ERR260168_bin.26.s	1	1	1	1	1
karlsson2013	ERR260168_bin.27.o	1	1	1	1	1
karlsson2013	ERR260168_bin.28.s	1	1	1	1	1
karlsson2013	ERR260168_bin.29.s	1	1	1	1	1
karlsson2013	ERR260168_bin.3.s	1	1	1	1	1
karlsson2013	ERR260168_bin.30.p	1	1	1	1	1
karlsson2013	ERR260168_bin.31.s	1	1	1	1	1
karlsson2013	ERR260168_bin.32.s	1	1	1	1	1
karlsson2013	ERR260168_bin.34.o	1	1	1	1	1
karlsson2013	ERR260168_bin.35.s	1	1	1	1	1
karlsson2013	ERR260168_bin.36.p	1	1	1	1	1
karlsson2013	ERR260168_bin.37.p	1	1	1	1	1
karlsson2013	ERR260168_bin.38.s	1	1	1	1	1
karlsson2013	ERR260168_bin.39.p	1	1	1	1	1
karlsson2013	ERR260168_bin.4.s	1	1	1	1	1
karlsson2013	ERR260168_bin.5.s	1	1	1	1	1
karlsson2013	ERR260168_bin.6.s	1	1	1	1	1
karlsson2013	ERR260168_bin.7.o	1	1	1	1	1
karlsson2013	ERR260168_bin.8.p	1	1	1	1	1
karlsson2013	ERR260168_bin.9.s	1	1	1	1	1
karlsson2013	ERR260169_bin.1.p	1	1	1	1	1
karlsson2013	ERR260169_bin.10.p	1	1	1	1	1
karlsson2013	ERR260169_bin.11.p	1	1	1	1	1
karlsson2013	ERR260169_bin.12.p	1	1	1	1	1
karlsson2013	ERR260169_bin.13.p	1	1	1	1	1
karlsson2013	ERR260169_bin.14.p	1	1	1	1	1
karlsson2013	ERR260169_bin.15.s	1	1	1	1	1
karlsson2013	ERR260169_bin.16.s	1	1	1	1	1
karlsson2013	ERR260169_bin.17.s	1	1	1	1	1
karlsson2013	ERR260169_bin.18.s	1	1	1	1	1
karlsson2013	ERR260169_bin.19.s	1	1	1	1	1
karlsson2013	ERR260169_bin.2.p	1	1	1	1	1
karlsson2013	ERR260169_bin.20.o	1	1	1	1	1
karlsson2013	ERR260169_bin.21.p	1	1	1	1	1
karlsson2013	ERR260169_bin.3.p	1	1	1	1	1
karlsson2013	ERR260169_bin.4.s	1	1	1	1	1
karlsson2013	ERR260169_bin.5.s	1	1	1	1	1
karlsson2013	ERR260169_bin.6.p	1	1	1	1	1
karlsson2013	ERR260169_bin.8.p	1	1	1	1	1
karlsson2013	ERR260170_bin.1.p	1	1	1	1	1
karlsson2013	ERR260170_bin.10.p	1	1	1	1	1
karlsson2013	ERR260170_bin.11.o	1	1	1	1	1
karlsson2013	ERR260170_bin.12.p	1	1	1	1	1
karlsson2013	ERR260170_bin.13.p	1	1	1	1	1
karlsson2013	ERR260170_bin.14.p	1	1	1	1	1
karlsson2013	ERR260170_bin.15.p	1	1	1	1	1
karlsson2013	ERR260170_bin.16.p	1	1	1	1	1
karlsson2013	ERR260170_bin.17.p	1	1	1	1	1
karlsson2013	ERR260170_bin.18.s	1	1	1	1	1
karlsson2013	ERR260170_bin.19.o	1	1	1	1	1
karlsson2013	ERR260170_bin.2.p	1	1	1	1	1
karlsson2013	ERR260170_bin.20.s	1	1	1	1	1
karlsson2013	ERR260170_bin.21.p	1	1	1	1	1
karlsson2013	ERR260170_bin.22.s	1	1	1	1	1
karlsson2013	ERR260170_bin.23.p	1	1	1	1	1
karlsson2013	ERR260170_bin.24.p	1	1	1	1	1
karlsson2013	ERR260170_bin.25.p	1	1	1	1	1
karlsson2013	ERR260170_bin.26.p	1	1	1	1	1
karlsson2013	ERR260170_bin.27.p	1	1	1	1	1
karlsson2013	ERR260170_bin.28.s	1	1	1	1	1
karlsson2013	ERR260170_bin.29.p	1	1	1	1	1
karlsson2013	ERR260170_bin.3.s	1	1	1	1	1
karlsson2013	ERR260170_bin.30.o	1	1	1	1	1
karlsson2013	ERR260170_bin.31.p	1	1	1	1	1
karlsson2013	ERR260170_bin.32.s	1	1	1	1	1
karlsson2013	ERR260170_bin.4.s	1	1	1	1	1
karlsson2013	ERR260170_bin.5.s	1	1	1	1	1
karlsson2013	ERR260170_bin.6.p	1	1	1	1	1
karlsson2013	ERR260170_bin.7.s	1	1	1	1	1
karlsson2013	ERR260170_bin.8.s	1	1	1	1	1
karlsson2013	ERR260170_bin.9.p	1	1	1	1	1
karlsson2013	ERR260171_bin.1.o	1	1	1	1	1
karlsson2013	ERR260171_bin.10.s	1	1	1	1	1
karlsson2013	ERR260171_bin.11.p	1	1	1	1	1
karlsson2013	ERR260171_bin.12.s	1	1	1	1	1
karlsson2013	ERR260171_bin.13.s	1	1	1	1	1
karlsson2013	ERR260171_bin.14.p	1	1	1	1	1
karlsson2013	ERR260171_bin.15.p	1	1	1	1	1
karlsson2013	ERR260171_bin.16.s	1	1	1	1	1
karlsson2013	ERR260171_bin.17.p	1	1	1	1	1
karlsson2013	ERR260171_bin.18.p	1	1	1	1	1
karlsson2013	ERR260171_bin.19.p	1	1	1	1	1
karlsson2013	ERR260171_bin.2.p	1	1	1	1	1
karlsson2013	ERR260171_bin.20.o	1	1	1	1	1
karlsson2013	ERR260171_bin.21.p	1	1	1	1	1
karlsson2013	ERR260171_bin.22.o	1	1	1	1	1
karlsson2013	ERR260171_bin.23.p	1	1	1	1	1
karlsson2013	ERR260171_bin.24.p	1	1	1	1	1
karlsson2013	ERR260171_bin.25.p	1	1	1	1	1
karlsson2013	ERR260171_bin.26.s	1	1	1	1	1
karlsson2013	ERR260171_bin.27.p	1	1	1	1	1
karlsson2013	ERR260171_bin.28.s	1	1	1	1	1
karlsson2013	ERR260171_bin.29.o	1	1	1	1	1
karlsson2013	ERR260171_bin.3.p	1	1	1	1	1
karlsson2013	ERR260171_bin.30.s	1	1	1	1	1
karlsson2013	ERR260171_bin.31.s	1	1	1	1	1
karlsson2013	ERR260171_bin.32.p	1	1	1	1	1
karlsson2013	ERR260171_bin.33.p	1	1	1	1	1
karlsson2013	ERR260171_bin.34.p	1	1	1	1	1
karlsson2013	ERR260171_bin.35.s	1	1	1	1	1
karlsson2013	ERR260171_bin.36.p	1	1	1	1	1
karlsson2013	ERR260171_bin.37.p	1	1	1	1	1
karlsson2013	ERR260171_bin.38.p	1	1	1	1	1
karlsson2013	ERR260171_bin.39.s	1	1	1	1	1
karlsson2013	ERR260171_bin.4.p	1	1	1	1	1
karlsson2013	ERR260171_bin.40.p	1	1	1	1	1
karlsson2013	ERR260171_bin.41.o	1	1	1	1	1
karlsson2013	ERR260171_bin.42.s	1	1	1	1	1
karlsson2013	ERR260171_bin.43.p	1	1	1	1	1
karlsson2013	ERR260171_bin.44.s	1	1	1	1	1
karlsson2013	ERR260171_bin.45.p	1	1	1	1	1
karlsson2013	ERR260171_bin.46.p	1	1	1	1	1
karlsson2013	ERR260171_bin.47.s	1	1	1	1	1
karlsson2013	ERR260171_bin.48.o	1	1	1	1	1
karlsson2013	ERR260171_bin.49.p	1	1	1	1	1
karlsson2013	ERR260171_bin.5.s	1	1	1	1	1
karlsson2013	ERR260171_bin.50.p	1	1	1	1	1
karlsson2013	ERR260171_bin.51.s	1	1	1	1	1
karlsson2013	ERR260171_bin.52.p	1	1	1	1	1
karlsson2013	ERR260171_bin.54.s	1	1	1	1	1
karlsson2013	ERR260171_bin.55.p	1	1	1	1	1
karlsson2013	ERR260171_bin.56.p	1	1	1	1	1
karlsson2013	ERR260171_bin.57.s	1	1	1	1	1
karlsson2013	ERR260171_bin.58.s	1	1	1	1	1
karlsson2013	ERR260171_bin.59.p	1	1	1	1	1
karlsson2013	ERR260171_bin.6.p	1	1	1	1	1
karlsson2013	ERR260171_bin.7.p	1	1	1	1	1
karlsson2013	ERR260171_bin.8.p	1	1	1	1	1
karlsson2013	ERR260171_bin.9.p	1	1	1	1	1
karlsson2013	ERR260172_bin.1.s	1	1	1	1	1
karlsson2013	ERR260172_bin.10.p	1	1	1	1	1
karlsson2013	ERR260172_bin.11.p	1	1	1	1	1
karlsson2013	ERR260172_bin.12.s	1	1	1	1	1
karlsson2013	ERR260172_bin.13.s	1	1	1	1	1
karlsson2013	ERR260172_bin.14.s	1	1	1	1	1
karlsson2013	ERR260172_bin.15.o	1	1	1	1	1
karlsson2013	ERR260172_bin.16.p	1	1	1	1	1
karlsson2013	ERR260172_bin.17.p	1	1	1	1	1
karlsson2013	ERR260172_bin.18.p	1	1	1	1	1
karlsson2013	ERR260172_bin.19.s	1	1	1	1	1
karlsson2013	ERR260172_bin.2.s	1	1	1	1	1
karlsson2013	ERR260172_bin.20.p	1	1	1	1	1
karlsson2013	ERR260172_bin.21.s	1	1	1	1	1
karlsson2013	ERR260172_bin.22.s	1	1	1	1	1
karlsson2013	ERR260172_bin.23.p	1	1	1	1	1
karlsson2013	ERR260172_bin.24.o	1	1	1	1	1
karlsson2013	ERR260172_bin.25.s	1	1	1	1	1
karlsson2013	ERR260172_bin.26.p	1	1	1	1	1
karlsson2013	ERR260172_bin.27.s	1	1	1	1	1
karlsson2013	ERR260172_bin.28.s	1	1	1	1	1
karlsson2013	ERR260172_bin.29.s	1	1	1	1	1
karlsson2013	ERR260172_bin.3.s	1	1	1	1	1
karlsson2013	ERR260172_bin.30.p	1	1	1	1	1
karlsson2013	ERR260172_bin.31.s	1	1	1	1	1
karlsson2013	ERR260172_bin.32.s	1	1	1	1	1
karlsson2013	ERR260172_bin.34.p	1	1	1	1	1
karlsson2013	ERR260172_bin.35.p	1	1	1	1	1
karlsson2013	ERR260172_bin.36.o	1	1	1	1	1
karlsson2013	ERR260172_bin.37.s	1	1	1	1	1
karlsson2013	ERR260172_bin.38.p	1	1	1	1	1
karlsson2013	ERR260172_bin.39.s	1	1	1	1	1
karlsson2013	ERR260172_bin.4.s	1	1	1	1	1
karlsson2013	ERR260172_bin.40.s	1	1	1	1	1
karlsson2013	ERR260172_bin.41.s	1	1	1	1	1
karlsson2013	ERR260172_bin.42.s	1	1	1	1	1
karlsson2013	ERR260172_bin.43.p	1	1	1	1	1
karlsson2013	ERR260172_bin.44.p	1	1	1	1	1
karlsson2013	ERR260172_bin.45.p	1	1	1	1	1
karlsson2013	ERR260172_bin.46.s	1	1	1	1	1
karlsson2013	ERR260172_bin.47.s	1	1	1	1	1
karlsson2013	ERR260172_bin.48.p	1	1	1	1	1
karlsson2013	ERR260172_bin.5.s	1	1	1	1	1
karlsson2013	ERR260172_bin.6.p	1	1	1	1	1
karlsson2013	ERR260172_bin.7.s	1	1	1	1	1
karlsson2013	ERR260172_bin.8.s	1	1	1	1	1
karlsson2013	ERR260172_bin.9.s	1	1	1	1	1
karlsson2013	ERR260173_bin.1.s	1	1	1	1	1
karlsson2013	ERR260173_bin.10.p	1	1	1	1	1
karlsson2013	ERR260173_bin.11.s	1	1	1	1	1
karlsson2013	ERR260173_bin.12.p	1	1	1	1	1
karlsson2013	ERR260173_bin.13.o	1	1	1	1	1
karlsson2013	ERR260173_bin.14.s	1	1	1	1	1
karlsson2013	ERR260173_bin.15.s	1	1	1	1	1
karlsson2013	ERR260173_bin.16.s	1	1	1	1	1
karlsson2013	ERR260173_bin.17.p	1	1	1	1	1
karlsson2013	ERR260173_bin.18.p	1	1	1	1	1
karlsson2013	ERR260173_bin.19.p	1	1	1	1	1
karlsson2013	ERR260173_bin.2.p	1	1	1	1	1
karlsson2013	ERR260173_bin.20.o	1	1	1	1	1
karlsson2013	ERR260173_bin.21.s	1	1	1	1	1
karlsson2013	ERR260173_bin.22.p	1	1	1	1	1
karlsson2013	ERR260173_bin.23.s	1	1	1	1	1
karlsson2013	ERR260173_bin.24.p	1	1	1	1	1
karlsson2013	ERR260173_bin.25.s	1	1	1	1	1
karlsson2013	ERR260173_bin.26.s	1	1	1	1	1
karlsson2013	ERR260173_bin.27.p	1	1	1	1	1
karlsson2013	ERR260173_bin.28.p	1	1	1	1	1
karlsson2013	ERR260173_bin.29.s	1	1	1	1	1
karlsson2013	ERR260173_bin.3.p	1	1	1	1	1
karlsson2013	ERR260173_bin.30.s	1	1	1	1	1
karlsson2013	ERR260173_bin.31.s	1	1	1	1	1
karlsson2013	ERR260173_bin.32.p	1	1	1	1	1
karlsson2013	ERR260173_bin.33.p	1	1	1	1	1
karlsson2013	ERR260173_bin.34.s	1	1	1	1	1
karlsson2013	ERR260173_bin.35.p	1	1	1	1	1
karlsson2013	ERR260173_bin.36.p	1	1	1	1	1
karlsson2013	ERR260173_bin.37.p	1	1	1	1	1
karlsson2013	ERR260173_bin.38.s	1	1	1	1	1
karlsson2013	ERR260173_bin.39.o	1	1	1	1	1
karlsson2013	ERR260173_bin.4.s	1	1	1	1	1
karlsson2013	ERR260173_bin.40.s	1	1	1	1	1
karlsson2013	ERR260173_bin.41.s	1	1	1	1	1
karlsson2013	ERR260173_bin.42.p	1	1	1	1	1
karlsson2013	ERR260173_bin.43.s	1	1	1	1	1
karlsson2013	ERR260173_bin.44.p	1	1	1	1	1
karlsson2013	ERR260173_bin.45.s	1	1	1	1	1
karlsson2013	ERR260173_bin.46.p	1	1	1	1	1
karlsson2013	ERR260173_bin.47.p	1	1	1	1	1
karlsson2013	ERR260173_bin.48.s	1	1	1	1	1
karlsson2013	ERR260173_bin.49.s	1	1	1	1	1
karlsson2013	ERR260173_bin.5.p	1	1	1	1	1
karlsson2013	ERR260173_bin.50.s	1	1	1	1	1
karlsson2013	ERR260173_bin.51.s	1	1	1	1	1
karlsson2013	ERR260173_bin.52.s	1	1	1	1	1
karlsson2013	ERR260173_bin.53.s	1	1	1	1	1
karlsson2013	ERR260173_bin.54.p	1	1	1	1	1
karlsson2013	ERR260173_bin.55.p	1	1	1	1	1
karlsson2013	ERR260173_bin.56.s	1	1	1	1	1
karlsson2013	ERR260173_bin.57.p	1	1	1	1	1
karlsson2013	ERR260173_bin.58.s	1	1	1	1	1
karlsson2013	ERR260173_bin.59.s	1	1	1	1	1
karlsson2013	ERR260173_bin.6.p	1	1	1	1	1
karlsson2013	ERR260173_bin.60.s	1	1	1	1	1
karlsson2013	ERR260173_bin.61.s	1	1	1	1	1
karlsson2013	ERR260173_bin.62.s	1	1	1	1	1
karlsson2013	ERR260173_bin.63.s	1	1	1	1	1
karlsson2013	ERR260173_bin.65.o	1	1	1	1	1
karlsson2013	ERR260173_bin.7.s	1	1	1	1	1
karlsson2013	ERR260173_bin.8.s	1	1	1	1	1
karlsson2013	ERR260173_bin.9.s	1	1	1	1	1
karlsson2013	ERR260174_bin.1.p	1	1	1	1	1
karlsson2013	ERR260174_bin.10.p	1	1	1	1	1
karlsson2013	ERR260174_bin.11.s	1	1	1	1	1
karlsson2013	ERR260174_bin.12.p	1	1	1	1	1
karlsson2013	ERR260174_bin.13.o	1	1	1	1	1
karlsson2013	ERR260174_bin.14.p	1	1	1	1	1
karlsson2013	ERR260174_bin.15.p	1	1	1	1	1
karlsson2013	ERR260174_bin.16.p	1	1	1	1	1
karlsson2013	ERR260174_bin.17.p	1	1	1	1	1
karlsson2013	ERR260174_bin.18.p	1	1	1	1	1
karlsson2013	ERR260174_bin.19.s	1	1	1	1	1
karlsson2013	ERR260174_bin.2.s	1	1	1	1	1
karlsson2013	ERR260174_bin.20.p	1	1	1	1	1
karlsson2013	ERR260174_bin.21.o	1	1	1	1	1
karlsson2013	ERR260174_bin.22.p	1	1	1	1	1
karlsson2013	ERR260174_bin.23.o	1	1	1	1	1
karlsson2013	ERR260174_bin.24.s	1	1	1	1	1
karlsson2013	ERR260174_bin.25.s	1	1	1	1	1
karlsson2013	ERR260174_bin.26.p	1	1	1	1	1
karlsson2013	ERR260174_bin.27.p	1	1	1	1	1
karlsson2013	ERR260174_bin.28.p	1	1	1	1	1
karlsson2013	ERR260174_bin.29.p	1	1	1	1	1
karlsson2013	ERR260174_bin.3.p	1	1	1	1	1
karlsson2013	ERR260174_bin.30.s	1	1	1	1	1
karlsson2013	ERR260174_bin.31.s	1	1	1	1	1
karlsson2013	ERR260174_bin.32.s	1	1	1	1	1
karlsson2013	ERR260174_bin.33.s	1	1	1	1	1
karlsson2013	ERR260174_bin.34.p	1	1	1	1	1
karlsson2013	ERR260174_bin.35.p	1	1	1	1	1
karlsson2013	ERR260174_bin.36.s	1	1	1	1	1
karlsson2013	ERR260174_bin.37.p	1	1	1	1	1
karlsson2013	ERR260174_bin.38.p	1	1	1	1	1
karlsson2013	ERR260174_bin.39.p	1	1	1	1	1
karlsson2013	ERR260174_bin.4.s	1	1	1	0	0
karlsson2013	ERR260174_bin.40.s	1	1	1	1	1
karlsson2013	ERR260174_bin.41.p	1	1	1	1	1
karlsson2013	ERR260174_bin.42.p	1	1	1	1	1
karlsson2013	ERR260174_bin.43.p	1	1	1	1	1
karlsson2013	ERR260174_bin.44.s	1	1	1	1	1
karlsson2013	ERR260174_bin.45.s	1	1	1	1	1
karlsson2013	ERR260174_bin.46.s	1	1	1	1	1
karlsson2013	ERR260174_bin.47.p	1	1	1	1	1
karlsson2013	ERR260174_bin.48.p	1	1	1	1	1
karlsson2013	ERR260174_bin.49.p	1	1	1	1	1
karlsson2013	ERR260174_bin.5.s	1	1	1	1	1
karlsson2013	ERR260174_bin.50.s	1	1	1	1	1
karlsson2013	ERR260174_bin.51.p	1	1	1	1	1
karlsson2013	ERR260174_bin.52.s	1	1	1	1	1
karlsson2013	ERR260174_bin.6.p	1	1	1	1	1
karlsson2013	ERR260174_bin.8.p	1	1	1	1	1
karlsson2013	ERR260174_bin.9.o	1	1	1	1	1
karlsson2013	ERR260175_bin.1.p	1	1	1	1	1
karlsson2013	ERR260175_bin.10.s	1	1	1	1	1
karlsson2013	ERR260175_bin.11.o	1	1	1	1	1
karlsson2013	ERR260175_bin.12.p	1	1	1	1	1
karlsson2013	ERR260175_bin.13.o	1	1	1	1	1
karlsson2013	ERR260175_bin.14.s	1	1	1	1	1
karlsson2013	ERR260175_bin.15.s	1	1	1	1	1
karlsson2013	ERR260175_bin.16.p	1	1	1	1	1
karlsson2013	ERR260175_bin.17.o	1	1	1	1	1
karlsson2013	ERR260175_bin.18.p	1	1	1	1	1
karlsson2013	ERR260175_bin.19.s	1	1	1	1	1
karlsson2013	ERR260175_bin.2.p	1	1	1	1	1
karlsson2013	ERR260175_bin.20.p	1	1	1	1	1
karlsson2013	ERR260175_bin.21.s	1	1	1	1	1
karlsson2013	ERR260175_bin.22.s	0	1	1	1	1
karlsson2013	ERR260175_bin.23.p	1	1	1	1	1
karlsson2013	ERR260175_bin.24.s	1	1	1	1	1
karlsson2013	ERR260175_bin.25.p	1	1	1	1	1
karlsson2013	ERR260175_bin.26.s	1	1	1	1	1
karlsson2013	ERR260175_bin.27.s	1	1	1	1	1
karlsson2013	ERR260175_bin.28.s	1	1	1	1	1
karlsson2013	ERR260175_bin.29.o	1	1	1	1	1
karlsson2013	ERR260175_bin.3.p	1	1	1	1	1
karlsson2013	ERR260175_bin.30.s	1	1	1	1	1
karlsson2013	ERR260175_bin.31.s	1	1	1	1	1
karlsson2013	ERR260175_bin.32.p	1	1	1	1	1
karlsson2013	ERR260175_bin.33.p	1	1	1	1	1
karlsson2013	ERR260175_bin.34.s	1	1	1	1	1
karlsson2013	ERR260175_bin.35.s	1	1	1	1	1
karlsson2013	ERR260175_bin.36.s	1	1	1	1	1
karlsson2013	ERR260175_bin.37.s	1	1	1	1	1
karlsson2013	ERR260175_bin.38.p	1	1	1	1	1
karlsson2013	ERR260175_bin.39.p	1	1	1	1	1
karlsson2013	ERR260175_bin.4.s	1	1	1	1	1
karlsson2013	ERR260175_bin.40.p	1	1	1	1	1
karlsson2013	ERR260175_bin.41.p	1	1	1	1	1
karlsson2013	ERR260175_bin.42.s	1	1	1	1	1
karlsson2013	ERR260175_bin.43.s	1	1	1	1	1
karlsson2013	ERR260175_bin.44.p	1	1	1	1	1
karlsson2013	ERR260175_bin.6.s	1	1	1	1	1
karlsson2013	ERR260175_bin.7.p	1	1	1	1	1
karlsson2013	ERR260175_bin.8.o	1	1	1	1	1
karlsson2013	ERR260175_bin.9.o	1	1	1	1	1
karlsson2013	ERR260176_bin.1.p	1	1	1	1	1
karlsson2013	ERR260176_bin.10.s	1	1	1	1	1
karlsson2013	ERR260176_bin.11.s	1	1	1	1	1
karlsson2013	ERR260176_bin.12.o	1	1	1	1	1
karlsson2013	ERR260176_bin.13.p	1	1	1	1	1
karlsson2013	ERR260176_bin.14.s	1	1	1	1	1
karlsson2013	ERR260176_bin.15.o	1	1	1	1	1
karlsson2013	ERR260176_bin.16.p	1	1	1	1	1
karlsson2013	ERR260176_bin.17.s	1	1	1	1	1
karlsson2013	ERR260176_bin.18.p	1	1	1	1	1
karlsson2013	ERR260176_bin.19.p	1	1	1	1	1
karlsson2013	ERR260176_bin.2.o	1	1	1	1	1
karlsson2013	ERR260176_bin.20.p	1	1	1	1	1
karlsson2013	ERR260176_bin.21.p	1	1	1	1	1
karlsson2013	ERR260176_bin.22.s	1	1	1	1	1
karlsson2013	ERR260176_bin.23.s	1	1	1	1	1
karlsson2013	ERR260176_bin.24.s	1	1	1	1	1
karlsson2013	ERR260176_bin.25.o	1	1	1	1	1
karlsson2013	ERR260176_bin.26.p	1	1	1	1	1
karlsson2013	ERR260176_bin.29.s	1	1	1	1	1
karlsson2013	ERR260176_bin.3.p	1	1	1	1	1
karlsson2013	ERR260176_bin.30.s	1	1	1	1	1
karlsson2013	ERR260176_bin.4.s	1	1	1	1	1
karlsson2013	ERR260176_bin.5.s	1	1	1	1	1
karlsson2013	ERR260176_bin.6.p	1	1	1	1	1
karlsson2013	ERR260176_bin.7.s	1	1	1	1	1
karlsson2013	ERR260176_bin.8.p	1	1	1	1	1
karlsson2013	ERR260176_bin.9.s	1	1	1	1	1
karlsson2013	ERR260177_bin.1.p	1	1	1	1	1
karlsson2013	ERR260177_bin.10.p	1	1	1	1	1
karlsson2013	ERR260177_bin.11.p	1	1	1	1	1
karlsson2013	ERR260177_bin.13.s	1	1	1	1	1
karlsson2013	ERR260177_bin.14.o	1	1	1	1	1
karlsson2013	ERR260177_bin.15.s	1	1	1	1	1
karlsson2013	ERR260177_bin.16.p	1	1	1	1	1
karlsson2013	ERR260177_bin.17.s	1	1	1	1	1
karlsson2013	ERR260177_bin.18.s	1	1	1	1	1
karlsson2013	ERR260177_bin.19.s	1	1	1	1	1
karlsson2013	ERR260177_bin.2.s	1	1	1	1	1
karlsson2013	ERR260177_bin.20.o	1	1	1	1	1
karlsson2013	ERR260177_bin.22.p	1	1	1	1	1
karlsson2013	ERR260177_bin.23.s	1	1	1	1	1
karlsson2013	ERR260177_bin.24.o	1	1	1	1	1
karlsson2013	ERR260177_bin.26.p	1	1	1	1	1
karlsson2013	ERR260177_bin.27.s	1	1	1	1	1
karlsson2013	ERR260177_bin.28.p	1	1	1	1	1
karlsson2013	ERR260177_bin.29.p	1	1	1	1	1
karlsson2013	ERR260177_bin.3.s	1	1	1	1	1
karlsson2013	ERR260177_bin.30.o	1	1	1	1	1
karlsson2013	ERR260177_bin.31.s	1	1	1	1	1
karlsson2013	ERR260177_bin.32.s	1	1	1	1	1
karlsson2013	ERR260177_bin.33.p	1	1	1	1	1
karlsson2013	ERR260177_bin.34.s	1	1	1	1	1
karlsson2013	ERR260177_bin.35.p	1	1	1	1	1
karlsson2013	ERR260177_bin.36.o	1	1	1	1	1
karlsson2013	ERR260177_bin.37.o	1	1	1	1	1
karlsson2013	ERR260177_bin.38.p	1	1	1	1	1
karlsson2013	ERR260177_bin.39.p	1	1	1	1	1
karlsson2013	ERR260177_bin.4.s	1	1	1	1	1
karlsson2013	ERR260177_bin.40.s	1	1	1	1	1
karlsson2013	ERR260177_bin.5.p	1	1	1	1	1
karlsson2013	ERR260177_bin.6.o	1	1	1	1	1
karlsson2013	ERR260177_bin.7.p	1	1	1	1	1
karlsson2013	ERR260177_bin.8.s	1	1	1	1	1
karlsson2013	ERR260177_bin.9.s	1	1	1	1	1
karlsson2013	ERR260178_bin.1.o	1	1	1	1	1
karlsson2013	ERR260178_bin.10.s	1	1	1	1	1
karlsson2013	ERR260178_bin.11.s	1	1	1	1	1
karlsson2013	ERR260178_bin.12.o	1	1	1	1	1
karlsson2013	ERR260178_bin.13.s	1	1	1	1	1
karlsson2013	ERR260178_bin.14.p	1	1	1	1	1
karlsson2013	ERR260178_bin.15.p	1	1	1	1	1
karlsson2013	ERR260178_bin.16.o	1	1	1	1	1
karlsson2013	ERR260178_bin.17.p	1	1	1	1	1
karlsson2013	ERR260178_bin.18.p	1	1	1	1	1
karlsson2013	ERR260178_bin.19.o	1	1	1	1	1
karlsson2013	ERR260178_bin.2.p	1	1	1	1	1
karlsson2013	ERR260178_bin.20.p	1	1	1	1	1
karlsson2013	ERR260178_bin.21.p	1	1	1	1	1
karlsson2013	ERR260178_bin.22.s	1	1	1	1	1
karlsson2013	ERR260178_bin.23.s	1	1	1	1	1
karlsson2013	ERR260178_bin.24.s	1	1	1	1	1
karlsson2013	ERR260178_bin.25.p	1	1	1	1	1
karlsson2013	ERR260178_bin.26.o	1	1	1	1	1
karlsson2013	ERR260178_bin.27.p	1	1	1	1	1
karlsson2013	ERR260178_bin.28.p	1	1	1	1	1
karlsson2013	ERR260178_bin.29.o	1	1	1	1	1
karlsson2013	ERR260178_bin.3.p	1	1	1	1	1
karlsson2013	ERR260178_bin.30.p	1	1	1	1	1
karlsson2013	ERR260178_bin.31.p	1	1	1	1	1
karlsson2013	ERR260178_bin.32.s	1	1	1	1	1
karlsson2013	ERR260178_bin.34.p	1	1	1	1	1
karlsson2013	ERR260178_bin.35.s	1	1	1	1	1
karlsson2013	ERR260178_bin.36.s	1	1	1	1	1
karlsson2013	ERR260178_bin.37.s	1	1	1	1	1
karlsson2013	ERR260178_bin.38.p	1	1	1	1	1
karlsson2013	ERR260178_bin.39.p	1	1	1	1	1
karlsson2013	ERR260178_bin.4.p	1	1	1	1	1
karlsson2013	ERR260178_bin.40.p	1	1	1	1	1
karlsson2013	ERR260178_bin.41.s	1	1	1	1	1
karlsson2013	ERR260178_bin.42.p	1	1	1	1	1
karlsson2013	ERR260178_bin.43.s	1	1	1	1	1
karlsson2013	ERR260178_bin.44.p	1	1	1	1	1
karlsson2013	ERR260178_bin.45.p	1	1	1	1	1
karlsson2013	ERR260178_bin.46.p	1	1	1	1	1
karlsson2013	ERR260178_bin.47.s	1	1	1	1	1
karlsson2013	ERR260178_bin.48.s	1	1	1	1	1
karlsson2013	ERR260178_bin.49.p	1	1	1	1	1
karlsson2013	ERR260178_bin.5.p	1	1	1	1	1
karlsson2013	ERR260178_bin.50.s	1	1	1	1	1
karlsson2013	ERR260178_bin.51.s	1	1	1	1	1
karlsson2013	ERR260178_bin.53.s	1	1	1	1	1
karlsson2013	ERR260178_bin.54.p	1	1	1	1	1
karlsson2013	ERR260178_bin.6.p	1	1	1	1	1
karlsson2013	ERR260178_bin.7.p	1	1	1	1	1
karlsson2013	ERR260178_bin.8.p	1	1	1	1	1
karlsson2013	ERR260178_bin.9.s	1	1	1	1	1
karlsson2013	ERR260179_bin.1.s	1	1	1	1	1
karlsson2013	ERR260179_bin.10.p	1	1	1	1	1
karlsson2013	ERR260179_bin.11.p	1	1	1	1	1
karlsson2013	ERR260179_bin.12.s	1	1	1	1	1
karlsson2013	ERR260179_bin.13.s	1	1	1	1	1
karlsson2013	ERR260179_bin.14.p	1	1	1	1	1
karlsson2013	ERR260179_bin.15.p	1	1	1	1	1
karlsson2013	ERR260179_bin.16.s	1	1	1	1	1
karlsson2013	ERR260179_bin.17.s	1	1	1	1	1
karlsson2013	ERR260179_bin.18.s	1	1	1	1	1
karlsson2013	ERR260179_bin.19.p	1	1	1	1	1
karlsson2013	ERR260179_bin.2.p	1	1	1	1	1
karlsson2013	ERR260179_bin.20.s	1	1	1	1	1
karlsson2013	ERR260179_bin.21.s	1	1	1	1	1
karlsson2013	ERR260179_bin.22.o	1	1	1	1	1
karlsson2013	ERR260179_bin.23.p	1	1	1	1	1
karlsson2013	ERR260179_bin.24.s	1	1	1	1	1
karlsson2013	ERR260179_bin.25.s	1	1	1	1	1
karlsson2013	ERR260179_bin.26.s	1	1	1	1	1
karlsson2013	ERR260179_bin.27.s	1	1	1	1	1
karlsson2013	ERR260179_bin.28.s	1	1	1	1	1
karlsson2013	ERR260179_bin.29.p	1	1	1	1	1
karlsson2013	ERR260179_bin.3.s	1	1	1	1	1
karlsson2013	ERR260179_bin.30.p	1	1	1	1	1
karlsson2013	ERR260179_bin.31.p	1	1	1	1	1
karlsson2013	ERR260179_bin.32.s	1	1	1	1	1
karlsson2013	ERR260179_bin.33.p	1	1	1	1	1
karlsson2013	ERR260179_bin.34.p	1	1	1	1	1
karlsson2013	ERR260179_bin.35.s	1	1	1	1	1
karlsson2013	ERR260179_bin.36.s	1	1	1	1	1
karlsson2013	ERR260179_bin.37.p	1	1	1	1	1
karlsson2013	ERR260179_bin.38.p	1	1	1	1	1
karlsson2013	ERR260179_bin.39.p	1	1	1	1	1
karlsson2013	ERR260179_bin.4.o	1	1	1	1	1
karlsson2013	ERR260179_bin.40.s	1	1	1	1	1
karlsson2013	ERR260179_bin.42.p	1	1	1	1	1
karlsson2013	ERR260179_bin.43.s	1	1	1	1	1
karlsson2013	ERR260179_bin.44.s	1	1	1	1	1
karlsson2013	ERR260179_bin.45.p	1	1	1	1	1
karlsson2013	ERR260179_bin.5.s	1	1	1	1	1
karlsson2013	ERR260179_bin.6.o	1	1	1	1	1
karlsson2013	ERR260179_bin.8.s	1	1	1	1	1
karlsson2013	ERR260179_bin.9.s	1	1	1	1	1
karlsson2013	ERR260180_bin.1.p	1	1	1	1	1
karlsson2013	ERR260180_bin.10.o	1	1	1	1	1
karlsson2013	ERR260180_bin.11.p	1	1	1	1	1
karlsson2013	ERR260180_bin.12.p	1	1	1	1	1
karlsson2013	ERR260180_bin.13.s	1	1	1	1	1
karlsson2013	ERR260180_bin.14.o	1	1	1	1	1
karlsson2013	ERR260180_bin.15.s	1	1	1	1	1
karlsson2013	ERR260180_bin.16.p	1	1	1	1	1
karlsson2013	ERR260180_bin.17.p	1	1	1	1	1
karlsson2013	ERR260180_bin.18.p	1	1	1	1	1
karlsson2013	ERR260180_bin.19.p	1	1	1	1	1
karlsson2013	ERR260180_bin.2.p	1	1	1	1	1
karlsson2013	ERR260180_bin.20.o	1	1	1	1	1
karlsson2013	ERR260180_bin.21.p	1	1	1	1	1
karlsson2013	ERR260180_bin.22.s	1	1	1	1	1
karlsson2013	ERR260180_bin.23.p	1	1	1	1	1
karlsson2013	ERR260180_bin.24.p	1	1	1	1	1
karlsson2013	ERR260180_bin.25.p	1	1	1	1	1
karlsson2013	ERR260180_bin.26.s	1	1	1	1	1
karlsson2013	ERR260180_bin.27.s	1	1	1	1	1
karlsson2013	ERR260180_bin.28.p	1	1	1	1	1
karlsson2013	ERR260180_bin.29.p	1	1	1	1	1
karlsson2013	ERR260180_bin.3.s	1	1	1	1	1
karlsson2013	ERR260180_bin.30.o	1	1	1	1	1
karlsson2013	ERR260180_bin.31.p	1	1	1	1	1
karlsson2013	ERR260180_bin.32.p	1	1	1	1	1
karlsson2013	ERR260180_bin.33.s	1	1	1	1	1
karlsson2013	ERR260180_bin.34.p	1	1	1	1	1
karlsson2013	ERR260180_bin.35.s	1	1	1	1	1
karlsson2013	ERR260180_bin.36.p	1	1	1	1	1
karlsson2013	ERR260180_bin.37.o	1	1	1	1	1
karlsson2013	ERR260180_bin.38.s	1	1	1	1	1
karlsson2013	ERR260180_bin.39.o	1	1	1	1	1
karlsson2013	ERR260180_bin.4.o	1	1	1	1	1
karlsson2013	ERR260180_bin.40.p	1	1	1	1	1
karlsson2013	ERR260180_bin.41.p	1	1	1	1	1
karlsson2013	ERR260180_bin.42.p	1	1	1	1	1
karlsson2013	ERR260180_bin.43.p	1	1	1	1	1
karlsson2013	ERR260180_bin.44.s	1	1	1	1	1
karlsson2013	ERR260180_bin.46.s	1	1	1	1	1
karlsson2013	ERR260180_bin.6.p	1	1	1	1	1
karlsson2013	ERR260180_bin.7.s	1	1	1	1	1
karlsson2013	ERR260180_bin.8.p	1	1	1	1	1
karlsson2013	ERR260180_bin.9.p	1	1	1	1	1
karlsson2013	ERR260181_bin.1.p	1	1	1	1	1
karlsson2013	ERR260181_bin.10.s	1	1	1	1	1
karlsson2013	ERR260181_bin.11.p	1	1	1	1	1
karlsson2013	ERR260181_bin.12.p	1	1	1	1	1
karlsson2013	ERR260181_bin.13.s	1	1	1	1	1
karlsson2013	ERR260181_bin.14.p	1	1	1	1	1
karlsson2013	ERR260181_bin.15.p	1	1	1	1	1
karlsson2013	ERR260181_bin.16.p	1	1	1	1	1
karlsson2013	ERR260181_bin.17.o	1	1	1	1	1
karlsson2013	ERR260181_bin.18.p	1	1	1	1	1
karlsson2013	ERR260181_bin.19.p	1	1	1	1	1
karlsson2013	ERR260181_bin.2.p	1	1	1	1	1
karlsson2013	ERR260181_bin.20.s	1	1	1	1	1
karlsson2013	ERR260181_bin.21.p	1	1	1	1	1
karlsson2013	ERR260181_bin.22.s	1	1	1	1	1
karlsson2013	ERR260181_bin.23.p	1	1	1	1	1
karlsson2013	ERR260181_bin.24.s	1	1	1	1	1
karlsson2013	ERR260181_bin.25.o	1	1	1	1	1
karlsson2013	ERR260181_bin.26.p	1	1	1	1	1
karlsson2013	ERR260181_bin.27.p	1	1	1	1	1
karlsson2013	ERR260181_bin.28.s	1	1	1	1	1
karlsson2013	ERR260181_bin.29.p	1	1	1	1	1
karlsson2013	ERR260181_bin.3.p	1	1	1	1	1
karlsson2013	ERR260181_bin.30.p	1	1	1	1	1
karlsson2013	ERR260181_bin.31.s	1	1	1	1	1
karlsson2013	ERR260181_bin.32.s	1	1	1	1	1
karlsson2013	ERR260181_bin.33.o	1	1	1	1	1
karlsson2013	ERR260181_bin.34.s	1	1	1	1	1
karlsson2013	ERR260181_bin.35.p	1	1	1	1	1
karlsson2013	ERR260181_bin.36.s	1	1	1	1	1
karlsson2013	ERR260181_bin.37.p	1	1	1	1	1
karlsson2013	ERR260181_bin.38.p	1	1	1	1	1
karlsson2013	ERR260181_bin.39.p	1	1	1	1	1
karlsson2013	ERR260181_bin.4.s	1	1	1	1	1
karlsson2013	ERR260181_bin.40.p	1	1	1	1	1
karlsson2013	ERR260181_bin.41.p	1	1	1	1	1
karlsson2013	ERR260181_bin.42.p	1	1	1	1	1
karlsson2013	ERR260181_bin.43.p	1	1	1	1	1
karlsson2013	ERR260181_bin.44.p	1	1	1	1	1
karlsson2013	ERR260181_bin.45.s	1	1	1	1	1
karlsson2013	ERR260181_bin.46.p	1	1	1	1	1
karlsson2013	ERR260181_bin.47.o	1	1	1	1	1
karlsson2013	ERR260181_bin.5.s	1	1	1	1	1
karlsson2013	ERR260181_bin.6.s	1	1	1	1	1
karlsson2013	ERR260181_bin.7.p	1	1	1	1	1
karlsson2013	ERR260181_bin.8.p	1	1	1	1	1
karlsson2013	ERR260181_bin.9.p	1	1	1	1	1
karlsson2013	ERR260182_bin.1.p	1	1	1	1	1
karlsson2013	ERR260182_bin.10.p	1	1	1	1	1
karlsson2013	ERR260182_bin.11.p	1	1	1	1	1
karlsson2013	ERR260182_bin.12.p	1	1	1	1	1
karlsson2013	ERR260182_bin.13.s	1	1	1	1	1
karlsson2013	ERR260182_bin.14.s	1	1	0	1	1
karlsson2013	ERR260182_bin.15.p	1	1	1	1	1
karlsson2013	ERR260182_bin.16.o	1	1	1	1	1
karlsson2013	ERR260182_bin.17.s	1	1	1	1	1
karlsson2013	ERR260182_bin.18.p	1	1	1	1	1
karlsson2013	ERR260182_bin.19.s	1	1	1	1	1
karlsson2013	ERR260182_bin.2.p	1	1	1	1	1
karlsson2013	ERR260182_bin.20.p	1	1	1	1	1
karlsson2013	ERR260182_bin.21.p	1	1	1	1	1
karlsson2013	ERR260182_bin.22.p	1	1	1	1	1
karlsson2013	ERR260182_bin.23.p	1	1	1	1	1
karlsson2013	ERR260182_bin.24.p	1	1	1	1	1
karlsson2013	ERR260182_bin.25.s	1	1	1	1	1
karlsson2013	ERR260182_bin.26.p	1	1	1	1	1
karlsson2013	ERR260182_bin.27.p	1	1	1	1	1
karlsson2013	ERR260182_bin.28.s	1	1	1	1	1
karlsson2013	ERR260182_bin.29.p	1	1	1	1	1
karlsson2013	ERR260182_bin.3.s	1	1	1	1	1
karlsson2013	ERR260182_bin.30.p	1	1	1	1	1
karlsson2013	ERR260182_bin.31.p	1	1	1	1	1
karlsson2013	ERR260182_bin.32.s	1	1	1	1	1
karlsson2013	ERR260182_bin.33.s	1	1	1	1	1
karlsson2013	ERR260182_bin.34.p	1	1	1	1	1
karlsson2013	ERR260182_bin.35.s	1	1	1	1	1
karlsson2013	ERR260182_bin.36.s	1	1	1	1	1
karlsson2013	ERR260182_bin.37.s	1	1	1	1	1
karlsson2013	ERR260182_bin.38.o	1	1	1	1	1
karlsson2013	ERR260182_bin.39.p	1	1	1	1	1
karlsson2013	ERR260182_bin.4.p	1	1	1	1	1
karlsson2013	ERR260182_bin.40.p	1	1	1	1	1
karlsson2013	ERR260182_bin.41.s	1	1	1	1	1
karlsson2013	ERR260182_bin.42.p	1	1	1	1	1
karlsson2013	ERR260182_bin.43.s	1	1	1	1	1
karlsson2013	ERR260182_bin.44.p	1	1	1	1	1
karlsson2013	ERR260182_bin.45.s	1	1	1	1	1
karlsson2013	ERR260182_bin.46.s	1	1	1	1	1
karlsson2013	ERR260182_bin.47.s	1	1	1	1	1
karlsson2013	ERR260182_bin.5.p	1	1	1	1	1
karlsson2013	ERR260182_bin.6.p	1	1	1	1	1
karlsson2013	ERR260182_bin.7.p	1	1	1	1	1
karlsson2013	ERR260182_bin.8.s	1	1	1	1	1
karlsson2013	ERR260182_bin.9.p	1	1	1	1	1
karlsson2013	ERR260183_bin.1.p	1	1	1	1	1
karlsson2013	ERR260183_bin.10.p	1	1	1	1	1
karlsson2013	ERR260183_bin.11.s	1	1	1	1	1
karlsson2013	ERR260183_bin.12.p	1	1	1	1	1
karlsson2013	ERR260183_bin.13.s	1	1	1	1	1
karlsson2013	ERR260183_bin.14.p	1	1	1	1	1
karlsson2013	ERR260183_bin.15.o	1	1	1	1	1
karlsson2013	ERR260183_bin.16.p	1	1	1	1	1
karlsson2013	ERR260183_bin.17.p	1	1	1	1	1
karlsson2013	ERR260183_bin.18.s	1	1	1	1	1
karlsson2013	ERR260183_bin.19.s	1	1	1	1	1
karlsson2013	ERR260183_bin.2.p	1	1	1	1	1
karlsson2013	ERR260183_bin.20.p	1	1	1	1	1
karlsson2013	ERR260183_bin.21.p	1	1	1	1	1
karlsson2013	ERR260183_bin.22.p	1	1	1	1	1
karlsson2013	ERR260183_bin.23.p	1	1	1	1	1
karlsson2013	ERR260183_bin.24.o	1	1	1	1	1
karlsson2013	ERR260183_bin.25.p	1	1	1	1	1
karlsson2013	ERR260183_bin.26.s	1	1	1	1	1
karlsson2013	ERR260183_bin.27.p	1	1	1	1	1
karlsson2013	ERR260183_bin.28.o	1	1	1	1	1
karlsson2013	ERR260183_bin.29.s	1	1	1	1	1
karlsson2013	ERR260183_bin.3.s	1	1	1	1	1
karlsson2013	ERR260183_bin.30.p	1	1	1	1	1
karlsson2013	ERR260183_bin.31.p	1	1	1	1	1
karlsson2013	ERR260183_bin.32.s	1	1	1	1	1
karlsson2013	ERR260183_bin.34.s	1	1	1	1	1
karlsson2013	ERR260183_bin.35.p	1	1	1	1	1
karlsson2013	ERR260183_bin.36.p	1	1	1	1	1
karlsson2013	ERR260183_bin.37.s	1	1	1	1	1
karlsson2013	ERR260183_bin.38.s	1	1	1	1	1
karlsson2013	ERR260183_bin.39.p	1	1	1	1	1
karlsson2013	ERR260183_bin.4.p	1	1	1	1	1
karlsson2013	ERR260183_bin.40.p	1	1	1	1	1
karlsson2013	ERR260183_bin.41.s	1	1	1	1	1
karlsson2013	ERR260183_bin.42.s	1	1	1	1	1
karlsson2013	ERR260183_bin.43.s	1	1	1	1	1
karlsson2013	ERR260183_bin.44.s	1	1	1	1	1
karlsson2013	ERR260183_bin.45.p	1	1	1	1	1
karlsson2013	ERR260183_bin.46.p	1	1	1	1	1
karlsson2013	ERR260183_bin.47.o	1	1	1	1	1
karlsson2013	ERR260183_bin.48.p	1	1	1	1	1
karlsson2013	ERR260183_bin.49.s	1	1	1	1	1
karlsson2013	ERR260183_bin.5.s	1	1	1	1	1
karlsson2013	ERR260183_bin.50.p	1	1	1	1	1
karlsson2013	ERR260183_bin.52.o	1	1	1	1	1
karlsson2013	ERR260183_bin.53.p	1	1	1	1	1
karlsson2013	ERR260183_bin.54.p	1	1	1	1	1
karlsson2013	ERR260183_bin.55.p	1	1	1	1	1
karlsson2013	ERR260183_bin.6.p	1	1	1	1	1
karlsson2013	ERR260183_bin.7.p	1	1	1	1	1
karlsson2013	ERR260183_bin.8.o	1	1	1	1	1
karlsson2013	ERR260184_bin.1.s	1	1	1	1	1
karlsson2013	ERR260184_bin.10.p	1	1	1	1	1
karlsson2013	ERR260184_bin.11.p	1	1	1	1	1
karlsson2013	ERR260184_bin.12.s	1	1	1	1	1
karlsson2013	ERR260184_bin.13.p	1	1	1	1	1
karlsson2013	ERR260184_bin.14.s	1	1	1	1	1
karlsson2013	ERR260184_bin.15.s	1	1	1	1	1
karlsson2013	ERR260184_bin.16.p	1	1	1	1	1
karlsson2013	ERR260184_bin.17.p	1	1	1	1	1
karlsson2013	ERR260184_bin.18.p	1	1	1	1	1
karlsson2013	ERR260184_bin.19.s	1	1	1	1	1
karlsson2013	ERR260184_bin.2.p	1	1	1	1	1
karlsson2013	ERR260184_bin.20.p	1	1	1	1	1
karlsson2013	ERR260184_bin.21.p	1	1	1	1	1
karlsson2013	ERR260184_bin.22.p	1	1	1	1	1
karlsson2013	ERR260184_bin.23.s	1	1	1	1	1
karlsson2013	ERR260184_bin.24.p	1	1	1	1	1
karlsson2013	ERR260184_bin.25.p	1	1	1	1	1
karlsson2013	ERR260184_bin.26.o	1	1	1	1	1
karlsson2013	ERR260184_bin.27.s	1	1	1	1	1
karlsson2013	ERR260184_bin.28.s	1	1	1	1	1
karlsson2013	ERR260184_bin.29.p	1	1	1	1	1
karlsson2013	ERR260184_bin.3.p	1	1	1	1	1
karlsson2013	ERR260184_bin.30.s	1	1	1	1	1
karlsson2013	ERR260184_bin.31.s	1	1	1	1	1
karlsson2013	ERR260184_bin.32.p	1	1	1	1	1
karlsson2013	ERR260184_bin.33.s	1	1	1	1	1
karlsson2013	ERR260184_bin.34.o	1	1	1	1	1
karlsson2013	ERR260184_bin.35.s	1	1	1	1	1
karlsson2013	ERR260184_bin.36.p	1	1	1	1	1
karlsson2013	ERR260184_bin.37.s	1	1	1	1	1
karlsson2013	ERR260184_bin.38.p	1	1	1	1	1
karlsson2013	ERR260184_bin.39.p	1	1	1	1	1
karlsson2013	ERR260184_bin.4.o	1	1	1	1	1
karlsson2013	ERR260184_bin.40.p	1	1	1	1	1
karlsson2013	ERR260184_bin.41.p	1	1	1	1	1
karlsson2013	ERR260184_bin.42.o	1	1	1	1	1
karlsson2013	ERR260184_bin.43.p	1	1	1	1	1
karlsson2013	ERR260184_bin.44.s	1	1	1	1	1
karlsson2013	ERR260184_bin.45.p	1	1	1	1	1
karlsson2013	ERR260184_bin.46.p	1	1	1	1	1
karlsson2013	ERR260184_bin.47.p	1	1	1	1	1
karlsson2013	ERR260184_bin.48.p	1	1	1	1	1
karlsson2013	ERR260184_bin.49.s	1	1	1	1	1
karlsson2013	ERR260184_bin.5.p	1	1	1	1	1
karlsson2013	ERR260184_bin.50.o	1	1	1	1	1
karlsson2013	ERR260184_bin.51.p	1	1	1	1	1
karlsson2013	ERR260184_bin.52.o	1	1	1	1	1
karlsson2013	ERR260184_bin.53.p	1	1	1	1	1
karlsson2013	ERR260184_bin.54.p	1	1	1	1	1
karlsson2013	ERR260184_bin.55.s	1	1	1	1	1
karlsson2013	ERR260184_bin.56.p	1	1	1	1	1
karlsson2013	ERR260184_bin.57.p	1	1	1	1	1
karlsson2013	ERR260184_bin.6.s	1	1	1	1	1
karlsson2013	ERR260184_bin.7.s	1	1	1	1	1
karlsson2013	ERR260184_bin.8.p	1	1	1	1	1
karlsson2013	ERR260184_bin.9.s	1	1	1	1	1
karlsson2013	ERR260185_bin.1.p	1	1	1	1	1
karlsson2013	ERR260185_bin.10.s	1	1	1	1	1
karlsson2013	ERR260185_bin.11.p	1	1	1	1	1
karlsson2013	ERR260185_bin.12.p	1	1	1	1	1
karlsson2013	ERR260185_bin.13.p	1	1	1	1	1
karlsson2013	ERR260185_bin.14.p	1	1	1	1	1
karlsson2013	ERR260185_bin.15.s	1	1	1	1	1
karlsson2013	ERR260185_bin.16.o	1	1	1	1	1
karlsson2013	ERR260185_bin.17.p	1	1	1	1	1
karlsson2013	ERR260185_bin.18.s	1	1	1	1	1
karlsson2013	ERR260185_bin.19.p	1	1	1	1	1
karlsson2013	ERR260185_bin.2.p	1	1	1	1	1
karlsson2013	ERR260185_bin.20.s	1	1	1	1	1
karlsson2013	ERR260185_bin.22.s	1	1	1	1	1
karlsson2013	ERR260185_bin.23.s	1	1	1	1	1
karlsson2013	ERR260185_bin.24.p	1	1	1	1	1
karlsson2013	ERR260185_bin.25.s	1	1	1	1	1
karlsson2013	ERR260185_bin.26.s	1	1	1	1	1
karlsson2013	ERR260185_bin.27.p	1	1	1	1	1
karlsson2013	ERR260185_bin.28.s	1	1	1	1	1
karlsson2013	ERR260185_bin.29.p	1	1	1	1	1
karlsson2013	ERR260185_bin.3.p	1	1	1	1	1
karlsson2013	ERR260185_bin.31.p	1	1	1	1	1
karlsson2013	ERR260185_bin.32.p	1	1	1	1	1
karlsson2013	ERR260185_bin.33.s	1	1	1	1	1
karlsson2013	ERR260185_bin.35.o	1	1	1	1	1
karlsson2013	ERR260185_bin.36.s	1	1	1	1	1
karlsson2013	ERR260185_bin.37.s	1	1	1	1	1
karlsson2013	ERR260185_bin.38.o	1	1	1	1	1
karlsson2013	ERR260185_bin.39.o	1	1	1	1	1
karlsson2013	ERR260185_bin.4.p	1	1	1	1	1
karlsson2013	ERR260185_bin.40.s	1	1	1	1	1
karlsson2013	ERR260185_bin.41.p	1	1	1	1	1
karlsson2013	ERR260185_bin.42.s	1	1	1	1	1
karlsson2013	ERR260185_bin.43.o	1	1	1	1	1
karlsson2013	ERR260185_bin.44.p	1	1	1	1	1
karlsson2013	ERR260185_bin.45.o	1	1	1	1	1
karlsson2013	ERR260185_bin.46.p	1	1	1	1	1
karlsson2013	ERR260185_bin.47.p	1	1	1	1	1
karlsson2013	ERR260185_bin.48.s	1	1	1	1	1
karlsson2013	ERR260185_bin.49.o	1	1	1	1	1
karlsson2013	ERR260185_bin.5.p	1	1	1	1	1
karlsson2013	ERR260185_bin.50.p	1	1	1	1	1
karlsson2013	ERR260185_bin.51.s	1	1	1	1	1
karlsson2013	ERR260185_bin.53.o	1	1	1	1	1
karlsson2013	ERR260185_bin.54.p	1	1	1	1	1
karlsson2013	ERR260185_bin.55.s	1	1	1	1	1
karlsson2013	ERR260185_bin.56.s	1	1	1	1	1
karlsson2013	ERR260185_bin.6.s	1	1	1	1	1
karlsson2013	ERR260185_bin.7.s	1	1	1	1	1
karlsson2013	ERR260185_bin.8.s	1	1	1	1	1
karlsson2013	ERR260185_bin.9.p	1	1	1	1	1
karlsson2013	ERR260186_bin.1.p	1	1	1	1	1
karlsson2013	ERR260186_bin.10.s	1	1	1	1	1
karlsson2013	ERR260186_bin.11.p	1	1	1	1	1
karlsson2013	ERR260186_bin.12.s	1	1	1	1	1
karlsson2013	ERR260186_bin.13.s	1	1	1	1	1
karlsson2013	ERR260186_bin.14.p	1	1	1	1	1
karlsson2013	ERR260186_bin.15.p	1	1	1	1	1
karlsson2013	ERR260186_bin.16.o	1	1	1	1	1
karlsson2013	ERR260186_bin.17.o	1	1	1	1	1
karlsson2013	ERR260186_bin.18.s	1	1	1	1	1
karlsson2013	ERR260186_bin.19.p	1	1	1	1	1
karlsson2013	ERR260186_bin.2.p	1	1	1	1	1
karlsson2013	ERR260186_bin.20.p	1	1	1	1	1
karlsson2013	ERR260186_bin.22.p	1	1	1	1	1
karlsson2013	ERR260186_bin.24.s	1	1	1	1	1
karlsson2013	ERR260186_bin.25.p	1	1	1	1	1
karlsson2013	ERR260186_bin.26.p	1	1	1	1	1
karlsson2013	ERR260186_bin.27.p	1	1	1	1	1
karlsson2013	ERR260186_bin.28.p	1	1	1	1	1
karlsson2013	ERR260186_bin.29.p	1	1	1	1	1
karlsson2013	ERR260186_bin.3.o	1	1	1	1	1
karlsson2013	ERR260186_bin.30.s	1	1	1	1	1
karlsson2013	ERR260186_bin.31.o	1	1	1	1	1
karlsson2013	ERR260186_bin.32.s	1	1	1	1	1
karlsson2013	ERR260186_bin.33.p	1	1	1	1	1
karlsson2013	ERR260186_bin.34.o	1	1	1	1	1
karlsson2013	ERR260186_bin.35.s	1	1	1	1	1
karlsson2013	ERR260186_bin.36.s	1	1	1	1	1
karlsson2013	ERR260186_bin.37.o	1	1	1	1	1
karlsson2013	ERR260186_bin.38.p	1	1	1	1	1
karlsson2013	ERR260186_bin.39.s	1	1	1	1	1
karlsson2013	ERR260186_bin.4.p	1	1	1	1	1
karlsson2013	ERR260186_bin.40.s	1	1	1	1	1
karlsson2013	ERR260186_bin.41.p	1	1	1	1	1
karlsson2013	ERR260186_bin.42.p	1	1	1	1	1
karlsson2013	ERR260186_bin.43.p	1	1	1	1	1
karlsson2013	ERR260186_bin.44.p	1	1	1	1	1
karlsson2013	ERR260186_bin.46.s	1	1	1	1	1
karlsson2013	ERR260186_bin.47.p	1	1	1	1	1
karlsson2013	ERR260186_bin.48.p	1	1	1	1	1
karlsson2013	ERR260186_bin.49.p	1	1	1	1	1
karlsson2013	ERR260186_bin.5.p	1	1	1	1	1
karlsson2013	ERR260186_bin.50.p	1	1	1	1	1
karlsson2013	ERR260186_bin.51.p	1	1	1	1	1
karlsson2013	ERR260186_bin.52.p	1	1	1	1	1
karlsson2013	ERR260186_bin.53.p	1	1	1	1	1
karlsson2013	ERR260186_bin.54.o	1	1	1	1	1
karlsson2013	ERR260186_bin.55.p	1	1	1	1	1
karlsson2013	ERR260186_bin.56.p	1	1	1	1	1
karlsson2013	ERR260186_bin.58.p	1	1	1	1	1
karlsson2013	ERR260186_bin.6.p	1	1	1	1	1
karlsson2013	ERR260186_bin.7.s	1	1	1	1	1
karlsson2013	ERR260186_bin.8.s	1	1	1	1	1
karlsson2013	ERR260186_bin.9.p	1	1	1	1	1
karlsson2013	ERR260187_bin.1.p	1	1	1	1	1
karlsson2013	ERR260187_bin.10.p	1	1	1	1	1
karlsson2013	ERR260187_bin.11.s	1	1	1	1	1
karlsson2013	ERR260187_bin.12.s	1	1	1	1	1
karlsson2013	ERR260187_bin.13.p	1	1	1	1	1
karlsson2013	ERR260187_bin.14.s	1	1	1	1	1
karlsson2013	ERR260187_bin.15.s	1	1	1	1	1
karlsson2013	ERR260187_bin.16.s	1	1	1	1	1
karlsson2013	ERR260187_bin.17.o	1	1	1	1	1
karlsson2013	ERR260187_bin.18.p	1	1	1	1	1
karlsson2013	ERR260187_bin.19.s	1	1	1	1	1
karlsson2013	ERR260187_bin.2.o	1	1	1	1	1
karlsson2013	ERR260187_bin.20.s	1	1	1	1	1
karlsson2013	ERR260187_bin.21.p	1	1	1	1	1
karlsson2013	ERR260187_bin.22.s	1	1	1	1	1
karlsson2013	ERR260187_bin.23.p	1	1	1	1	1
karlsson2013	ERR260187_bin.3.p	1	1	1	1	1
karlsson2013	ERR260187_bin.4.o	1	1	1	1	1
karlsson2013	ERR260187_bin.5.s	1	1	1	1	1
karlsson2013	ERR260187_bin.6.o	1	1	1	1	1
karlsson2013	ERR260187_bin.7.p	1	1	1	1	1
karlsson2013	ERR260187_bin.8.p	1	1	1	1	1
karlsson2013	ERR260187_bin.9.p	1	1	1	1	1
karlsson2013	ERR260188_bin.1.s	1	1	1	1	1
karlsson2013	ERR260188_bin.10.o	1	1	1	1	1
karlsson2013	ERR260188_bin.11.p	1	1	1	1	1
karlsson2013	ERR260188_bin.12.o	1	1	1	1	1
karlsson2013	ERR260188_bin.13.p	1	1	1	1	1
karlsson2013	ERR260188_bin.14.p	1	1	1	1	1
karlsson2013	ERR260188_bin.15.s	1	1	1	1	1
karlsson2013	ERR260188_bin.16.s	1	1	1	1	1
karlsson2013	ERR260188_bin.17.p	1	1	1	1	1
karlsson2013	ERR260188_bin.18.p	1	1	1	1	1
karlsson2013	ERR260188_bin.19.s	1	1	1	1	1
karlsson2013	ERR260188_bin.2.p	1	1	1	1	1
karlsson2013	ERR260188_bin.20.o	1	1	1	1	1
karlsson2013	ERR260188_bin.21.s	1	1	1	1	1
karlsson2013	ERR260188_bin.22.s	1	1	1	1	1
karlsson2013	ERR260188_bin.23.p	1	1	1	1	1
karlsson2013	ERR260188_bin.24.p	1	1	1	1	1
karlsson2013	ERR260188_bin.25.s	1	1	1	1	1
karlsson2013	ERR260188_bin.26.s	1	1	1	1	1
karlsson2013	ERR260188_bin.27.p	1	1	1	1	1
karlsson2013	ERR260188_bin.28.s	1	1	1	1	1
karlsson2013	ERR260188_bin.29.s	1	1	1	1	1
karlsson2013	ERR260188_bin.3.p	1	1	1	1	1
karlsson2013	ERR260188_bin.30.p	1	1	1	1	1
karlsson2013	ERR260188_bin.31.s	1	1	1	1	1
karlsson2013	ERR260188_bin.32.p	1	1	1	1	1
karlsson2013	ERR260188_bin.33.p	1	1	1	1	1
karlsson2013	ERR260188_bin.34.p	1	1	1	1	1
karlsson2013	ERR260188_bin.35.o	1	1	1	1	1
karlsson2013	ERR260188_bin.36.s	1	1	1	1	1
karlsson2013	ERR260188_bin.37.s	1	1	1	1	1
karlsson2013	ERR260188_bin.38.p	1	1	1	1	1
karlsson2013	ERR260188_bin.39.s	1	1	1	1	1
karlsson2013	ERR260188_bin.4.p	1	1	1	1	1
karlsson2013	ERR260188_bin.5.o	1	1	1	1	1
karlsson2013	ERR260188_bin.6.s	1	1	1	1	1
karlsson2013	ERR260188_bin.7.s	1	1	1	1	1
karlsson2013	ERR260188_bin.8.p	1	1	1	1	1
karlsson2013	ERR260188_bin.9.s	1	1	1	1	1
karlsson2013	ERR260189_bin.1.s	1	1	1	1	1
karlsson2013	ERR260189_bin.10.s	1	1	1	1	1
karlsson2013	ERR260189_bin.11.p	1	1	1	1	1
karlsson2013	ERR260189_bin.12.s	1	1	1	1	1
karlsson2013	ERR260189_bin.13.p	1	1	1	1	1
karlsson2013	ERR260189_bin.14.p	1	1	1	1	1
karlsson2013	ERR260189_bin.15.p	1	1	1	1	1
karlsson2013	ERR260189_bin.16.p	1	1	1	1	1
karlsson2013	ERR260189_bin.17.p	1	1	1	1	1
karlsson2013	ERR260189_bin.18.p	1	1	1	1	1
karlsson2013	ERR260189_bin.19.p	1	1	1	1	1
karlsson2013	ERR260189_bin.2.p	1	1	1	1	1
karlsson2013	ERR260189_bin.20.p	1	1	1	1	1
karlsson2013	ERR260189_bin.21.p	1	1	1	1	1
karlsson2013	ERR260189_bin.22.p	1	1	1	1	1
karlsson2013	ERR260189_bin.23.p	1	1	1	1	1
karlsson2013	ERR260189_bin.24.p	1	1	1	1	1
karlsson2013	ERR260189_bin.25.p	1	1	1	1	1
karlsson2013	ERR260189_bin.26.o	1	1	1	1	1
karlsson2013	ERR260189_bin.27.p	1	1	1	1	1
karlsson2013	ERR260189_bin.28.p	1	1	1	1	1
karlsson2013	ERR260189_bin.29.p	1	1	1	1	1
karlsson2013	ERR260189_bin.3.s	1	1	1	1	1
karlsson2013	ERR260189_bin.30.o	1	1	1	1	1
karlsson2013	ERR260189_bin.31.p	1	1	1	1	1
karlsson2013	ERR260189_bin.32.p	1	1	1	1	1
karlsson2013	ERR260189_bin.33.p	1	1	1	1	1
karlsson2013	ERR260189_bin.34.p	1	1	1	1	1
karlsson2013	ERR260189_bin.35.s	1	1	1	1	1
karlsson2013	ERR260189_bin.36.p	1	1	1	1	1
karlsson2013	ERR260189_bin.37.o	1	1	1	1	1
karlsson2013	ERR260189_bin.38.s	1	1	1	1	1
karlsson2013	ERR260189_bin.39.s	1	1	1	1	1
karlsson2013	ERR260189_bin.4.p	1	1	1	1	1
karlsson2013	ERR260189_bin.40.p	1	1	1	1	1
karlsson2013	ERR260189_bin.41.s	1	1	1	1	1
karlsson2013	ERR260189_bin.42.s	1	1	1	1	1
karlsson2013	ERR260189_bin.43.s	1	1	1	1	1
karlsson2013	ERR260189_bin.44.p	1	1	1	1	1
karlsson2013	ERR260189_bin.5.p	1	1	1	1	1
karlsson2013	ERR260189_bin.6.s	1	1	1	1	1
karlsson2013	ERR260189_bin.7.s	1	1	1	1	1
karlsson2013	ERR260189_bin.8.s	1	1	1	1	1
karlsson2013	ERR260189_bin.9.s	1	1	1	1	1
karlsson2013	ERR260190_bin.1.s	1	1	1	1	1
karlsson2013	ERR260190_bin.10.p	1	1	1	1	1
karlsson2013	ERR260190_bin.11.p	1	1	1	1	1
karlsson2013	ERR260190_bin.12.p	1	1	1	1	1
karlsson2013	ERR260190_bin.13.p	1	1	1	1	1
karlsson2013	ERR260190_bin.14.s	1	1	1	1	1
karlsson2013	ERR260190_bin.15.p	1	1	1	1	1
karlsson2013	ERR260190_bin.16.o	1	1	1	1	1
karlsson2013	ERR260190_bin.17.p	1	1	1	1	1
karlsson2013	ERR260190_bin.18.o	1	1	1	1	1
karlsson2013	ERR260190_bin.19.o	1	1	1	1	1
karlsson2013	ERR260190_bin.2.p	1	1	1	1	1
karlsson2013	ERR260190_bin.20.p	1	1	1	1	1
karlsson2013	ERR260190_bin.21.p	1	1	1	1	1
karlsson2013	ERR260190_bin.22.p	1	1	1	1	1
karlsson2013	ERR260190_bin.23.s	1	1	1	1	1
karlsson2013	ERR260190_bin.24.p	1	1	1	1	1
karlsson2013	ERR260190_bin.25.s	1	1	1	1	1
karlsson2013	ERR260190_bin.26.p	1	1	1	1	1
karlsson2013	ERR260190_bin.27.o	1	1	1	1	1
karlsson2013	ERR260190_bin.28.s	1	1	1	1	1
karlsson2013	ERR260190_bin.29.o	1	1	1	1	1
karlsson2013	ERR260190_bin.3.p	1	1	1	1	1
karlsson2013	ERR260190_bin.30.p	1	1	1	1	1
karlsson2013	ERR260190_bin.31.o	1	1	1	1	1
karlsson2013	ERR260190_bin.32.p	1	1	1	1	1
karlsson2013	ERR260190_bin.33.p	1	1	1	1	1
karlsson2013	ERR260190_bin.34.p	1	1	1	1	1
karlsson2013	ERR260190_bin.35.s	1	1	1	1	1
karlsson2013	ERR260190_bin.36.p	1	1	1	1	1
karlsson2013	ERR260190_bin.37.p	1	1	1	1	1
karlsson2013	ERR260190_bin.38.p	1	1	1	1	1
karlsson2013	ERR260190_bin.39.s	1	1	1	1	1
karlsson2013	ERR260190_bin.4.p	1	1	1	1	1
karlsson2013	ERR260190_bin.41.s	1	1	1	1	1
karlsson2013	ERR260190_bin.42.p	1	1	1	1	1
karlsson2013	ERR260190_bin.43.s	1	1	1	1	1
karlsson2013	ERR260190_bin.44.o	1	1	1	1	1
karlsson2013	ERR260190_bin.45.p	1	1	1	1	1
karlsson2013	ERR260190_bin.46.s	1	1	1	1	1
karlsson2013	ERR260190_bin.47.p	1	1	1	1	1
karlsson2013	ERR260190_bin.48.p	1	1	1	1	1
karlsson2013	ERR260190_bin.49.s	1	1	1	1	1
karlsson2013	ERR260190_bin.5.o	1	1	1	1	1
karlsson2013	ERR260190_bin.50.s	1	1	1	1	1
karlsson2013	ERR260190_bin.51.p	1	1	1	1	1
karlsson2013	ERR260190_bin.52.s	1	1	1	1	1
karlsson2013	ERR260190_bin.53.s	1	1	1	1	1
karlsson2013	ERR260190_bin.54.p	1	1	1	1	1
karlsson2013	ERR260190_bin.55.s	1	1	1	1	1
karlsson2013	ERR260190_bin.56.o	1	1	1	1	1
karlsson2013	ERR260190_bin.57.p	1	1	1	1	1
karlsson2013	ERR260190_bin.58.p	1	1	1	1	1
karlsson2013	ERR260190_bin.6.p	1	1	1	1	1
karlsson2013	ERR260190_bin.7.p	1	1	1	1	1
karlsson2013	ERR260190_bin.8.p	1	1	1	1	1
karlsson2013	ERR260190_bin.9.s	1	1	1	1	1
karlsson2013	ERR260191_bin.1.o	1	1	1	1	1
karlsson2013	ERR260191_bin.10.s	1	1	1	1	1
karlsson2013	ERR260191_bin.11.p	1	1	1	1	1
karlsson2013	ERR260191_bin.12.p	1	1	1	1	1
karlsson2013	ERR260191_bin.13.s	1	1	1	1	1
karlsson2013	ERR260191_bin.14.s	1	1	1	1	1
karlsson2013	ERR260191_bin.15.s	1	1	1	1	1
karlsson2013	ERR260191_bin.16.s	1	1	1	1	1
karlsson2013	ERR260191_bin.17.p	1	1	1	1	1
karlsson2013	ERR260191_bin.18.o	1	1	1	1	1
karlsson2013	ERR260191_bin.19.s	1	1	1	1	1
karlsson2013	ERR260191_bin.2.p	1	1	1	1	1
karlsson2013	ERR260191_bin.20.p	1	1	1	1	1
karlsson2013	ERR260191_bin.21.p	1	1	1	1	1
karlsson2013	ERR260191_bin.22.s	1	1	1	1	1
karlsson2013	ERR260191_bin.23.s	1	1	1	1	1
karlsson2013	ERR260191_bin.24.s	1	1	1	1	1
karlsson2013	ERR260191_bin.25.p	1	1	1	1	1
karlsson2013	ERR260191_bin.26.p	1	1	1	1	1
karlsson2013	ERR260191_bin.27.s	1	1	1	1	1
karlsson2013	ERR260191_bin.28.s	1	1	1	1	1
karlsson2013	ERR260191_bin.29.o	1	1	1	1	1
karlsson2013	ERR260191_bin.3.p	1	1	1	1	1
karlsson2013	ERR260191_bin.30.p	1	1	1	1	1
karlsson2013	ERR260191_bin.31.p	1	1	1	1	1
karlsson2013	ERR260191_bin.32.p	1	1	1	1	1
karlsson2013	ERR260191_bin.33.p	1	1	1	1	1
karlsson2013	ERR260191_bin.34.p	1	1	1	1	1
karlsson2013	ERR260191_bin.35.p	1	1	1	1	1
karlsson2013	ERR260191_bin.36.p	1	1	1	1	1
karlsson2013	ERR260191_bin.37.p	1	1	1	1	1
karlsson2013	ERR260191_bin.38.p	1	1	1	1	1
karlsson2013	ERR260191_bin.39.s	1	1	1	1	1
karlsson2013	ERR260191_bin.4.s	1	1	1	1	1
karlsson2013	ERR260191_bin.40.p	1	1	1	1	1
karlsson2013	ERR260191_bin.41.s	1	1	1	1	1
karlsson2013	ERR260191_bin.5.p	1	1	1	1	1
karlsson2013	ERR260191_bin.6.s	1	1	1	1	1
karlsson2013	ERR260191_bin.7.p	1	1	1	1	1
karlsson2013	ERR260191_bin.8.p	1	1	1	1	1
karlsson2013	ERR260191_bin.9.s	1	1	1	1	1
karlsson2013	ERR260192_bin.1.s	1	1	1	1	1
karlsson2013	ERR260192_bin.12.p	1	1	1	1	1
karlsson2013	ERR260192_bin.13.p	1	1	1	1	1
karlsson2013	ERR260192_bin.14.p	1	1	1	1	1
karlsson2013	ERR260192_bin.15.p	1	1	1	1	1
karlsson2013	ERR260192_bin.16.p	1	1	1	1	1
karlsson2013	ERR260192_bin.17.s	1	1	1	1	1
karlsson2013	ERR260192_bin.18.p	1	1	1	1	1
karlsson2013	ERR260192_bin.19.s	1	1	1	1	1
karlsson2013	ERR260192_bin.2.p	1	1	1	1	1
karlsson2013	ERR260192_bin.20.s	1	1	1	1	1
karlsson2013	ERR260192_bin.21.p	1	1	1	1	1
karlsson2013	ERR260192_bin.22.p	1	1	1	1	1
karlsson2013	ERR260192_bin.23.s	1	1	1	1	1
karlsson2013	ERR260192_bin.24.p	1	1	1	1	1
karlsson2013	ERR260192_bin.25.p	1	1	1	1	1
karlsson2013	ERR260192_bin.26.p	1	1	1	1	1
karlsson2013	ERR260192_bin.27.s	1	1	1	1	1
karlsson2013	ERR260192_bin.28.p	1	1	1	1	1
karlsson2013	ERR260192_bin.29.s	1	1	1	1	1
karlsson2013	ERR260192_bin.3.s	1	1	1	1	1
karlsson2013	ERR260192_bin.31.s	1	1	1	1	1
karlsson2013	ERR260192_bin.32.s	1	1	1	1	1
karlsson2013	ERR260192_bin.33.p	1	1	1	1	1
karlsson2013	ERR260192_bin.34.p	1	1	1	1	1
karlsson2013	ERR260192_bin.35.s	1	1	1	1	1
karlsson2013	ERR260192_bin.36.p	1	1	1	1	1
karlsson2013	ERR260192_bin.37.s	1	1	1	1	1
karlsson2013	ERR260192_bin.38.p	1	1	1	1	1
karlsson2013	ERR260192_bin.39.o	1	1	1	1	1
karlsson2013	ERR260192_bin.4.p	1	1	1	1	1
karlsson2013	ERR260192_bin.40.s	1	1	1	1	1
karlsson2013	ERR260192_bin.41.s	1	1	1	1	1
karlsson2013	ERR260192_bin.42.o	1	1	1	1	1
karlsson2013	ERR260192_bin.6.s	1	1	1	1	1
karlsson2013	ERR260192_bin.7.s	1	1	1	1	1
karlsson2013	ERR260192_bin.8.o	1	1	1	1	1
karlsson2013	ERR260192_bin.9.p	1	1	1	1	1
karlsson2013	ERR260193_bin.1.p	1	1	1	1	1
karlsson2013	ERR260193_bin.10.s	1	1	1	1	1
karlsson2013	ERR260193_bin.11.p	1	1	1	1	1
karlsson2013	ERR260193_bin.12.p	1	1	1	1	1
karlsson2013	ERR260193_bin.13.p	1	1	1	1	1
karlsson2013	ERR260193_bin.14.p	1	1	1	1	1
karlsson2013	ERR260193_bin.15.p	1	1	1	1	1
karlsson2013	ERR260193_bin.16.s	0	1	1	1	1
karlsson2013	ERR260193_bin.17.s	1	1	1	1	1
karlsson2013	ERR260193_bin.18.p	1	1	1	1	1
karlsson2013	ERR260193_bin.19.s	1	1	1	1	1
karlsson2013	ERR260193_bin.2.o	1	1	1	1	1
karlsson2013	ERR260193_bin.20.p	1	1	1	1	1
karlsson2013	ERR260193_bin.21.s	1	1	1	1	1
karlsson2013	ERR260193_bin.22.s	1	1	1	1	1
karlsson2013	ERR260193_bin.23.p	1	1	1	1	1
karlsson2013	ERR260193_bin.24.s	1	1	1	1	1
karlsson2013	ERR260193_bin.25.p	1	1	1	1	1
karlsson2013	ERR260193_bin.26.p	1	1	1	1	1
karlsson2013	ERR260193_bin.27.p	1	1	1	1	1
karlsson2013	ERR260193_bin.28.p	1	1	1	1	1
karlsson2013	ERR260193_bin.29.p	1	1	1	1	1
karlsson2013	ERR260193_bin.3.s	1	1	1	1	1
karlsson2013	ERR260193_bin.30.p	1	1	1	1	1
karlsson2013	ERR260193_bin.31.p	1	1	1	1	1
karlsson2013	ERR260193_bin.32.p	1	1	1	1	1
karlsson2013	ERR260193_bin.33.p	1	1	1	1	1
karlsson2013	ERR260193_bin.34.p	1	1	1	1	1
karlsson2013	ERR260193_bin.35.p	1	1	1	1	1
karlsson2013	ERR260193_bin.36.s	1	1	1	1	1
karlsson2013	ERR260193_bin.37.s	1	1	1	1	1
karlsson2013	ERR260193_bin.38.s	1	1	1	1	1
karlsson2013	ERR260193_bin.39.p	1	1	1	1	1
karlsson2013	ERR260193_bin.4.p	1	1	1	1	1
karlsson2013	ERR260193_bin.40.p	1	1	1	1	1
karlsson2013	ERR260193_bin.41.p	1	1	1	1	1
karlsson2013	ERR260193_bin.6.p	1	1	1	1	1
karlsson2013	ERR260193_bin.7.p	1	1	1	1	1
karlsson2013	ERR260193_bin.8.p	1	1	1	1	1
karlsson2013	ERR260193_bin.9.p	1	1	1	1	1
karlsson2013	ERR260194_bin.1.o	1	1	1	1	1
karlsson2013	ERR260194_bin.10.s	1	1	1	1	1
karlsson2013	ERR260194_bin.12.p	1	1	1	1	1
karlsson2013	ERR260194_bin.13.p	1	1	1	1	1
karlsson2013	ERR260194_bin.14.p	1	1	1	1	1
karlsson2013	ERR260194_bin.15.s	1	1	1	1	1
karlsson2013	ERR260194_bin.16.p	1	1	1	1	1
karlsson2013	ERR260194_bin.17.s	1	1	1	1	1
karlsson2013	ERR260194_bin.18.s	1	1	1	1	1
karlsson2013	ERR260194_bin.19.s	1	1	1	1	1
karlsson2013	ERR260194_bin.2.p	1	1	1	1	1
karlsson2013	ERR260194_bin.20.p	1	1	1	1	1
karlsson2013	ERR260194_bin.21.p	1	1	1	1	1
karlsson2013	ERR260194_bin.22.p	1	1	1	1	1
karlsson2013	ERR260194_bin.23.p	1	1	1	1	1
karlsson2013	ERR260194_bin.24.p	1	1	1	1	1
karlsson2013	ERR260194_bin.25.s	1	1	1	1	1
karlsson2013	ERR260194_bin.26.p	1	1	1	1	1
karlsson2013	ERR260194_bin.27.p	1	1	1	1	1
karlsson2013	ERR260194_bin.28.o	1	1	1	1	1
karlsson2013	ERR260194_bin.3.s	1	1	1	1	1
karlsson2013	ERR260194_bin.30.s	1	1	1	1	1
karlsson2013	ERR260194_bin.31.o	1	1	1	1	1
karlsson2013	ERR260194_bin.32.s	1	1	1	1	1
karlsson2013	ERR260194_bin.33.s	1	1	1	1	1
karlsson2013	ERR260194_bin.34.s	1	1	1	1	1
karlsson2013	ERR260194_bin.35.p	1	1	1	1	1
karlsson2013	ERR260194_bin.36.s	1	1	1	1	1
karlsson2013	ERR260194_bin.37.p	1	1	1	1	1
karlsson2013	ERR260194_bin.38.s	1	1	1	1	1
karlsson2013	ERR260194_bin.39.p	1	1	1	1	1
karlsson2013	ERR260194_bin.4.p	1	1	1	1	1
karlsson2013	ERR260194_bin.40.s	1	1	1	1	1
karlsson2013	ERR260194_bin.41.p	1	1	1	1	1
karlsson2013	ERR260194_bin.42.p	1	1	1	1	1
karlsson2013	ERR260194_bin.44.o	1	1	1	1	1
karlsson2013	ERR260194_bin.5.s	1	1	1	1	1
karlsson2013	ERR260194_bin.6.s	1	1	1	1	1
karlsson2013	ERR260194_bin.7.p	1	1	1	1	1
karlsson2013	ERR260194_bin.8.s	1	1	1	1	1
karlsson2013	ERR260194_bin.9.s	1	1	1	1	1
karlsson2013	ERR260195_bin.1.p	1	1	1	1	1
karlsson2013	ERR260195_bin.10.p	1	1	1	1	1
karlsson2013	ERR260195_bin.11.s	1	1	1	1	1
karlsson2013	ERR260195_bin.12.p	1	1	1	1	1
karlsson2013	ERR260195_bin.13.p	1	1	1	1	1
karlsson2013	ERR260195_bin.14.p	1	1	1	1	1
karlsson2013	ERR260195_bin.15.p	1	1	1	1	1
karlsson2013	ERR260195_bin.16.s	1	1	1	1	1
karlsson2013	ERR260195_bin.18.o	1	1	1	1	1
karlsson2013	ERR260195_bin.19.p	1	1	1	1	1
karlsson2013	ERR260195_bin.2.s	1	1	1	1	1
karlsson2013	ERR260195_bin.20.o	1	1	1	1	1
karlsson2013	ERR260195_bin.21.p	1	1	1	1	1
karlsson2013	ERR260195_bin.22.s	1	1	1	1	1
karlsson2013	ERR260195_bin.23.p	1	1	1	1	1
karlsson2013	ERR260195_bin.24.p	1	1	1	1	1
karlsson2013	ERR260195_bin.25.s	1	1	1	1	1
karlsson2013	ERR260195_bin.26.p	1	1	1	1	1
karlsson2013	ERR260195_bin.27.p	1	1	1	1	1
karlsson2013	ERR260195_bin.28.s	1	1	1	1	1
karlsson2013	ERR260195_bin.3.o	1	1	1	1	1
karlsson2013	ERR260195_bin.4.p	1	1	1	1	1
karlsson2013	ERR260195_bin.5.o	1	1	1	1	1
karlsson2013	ERR260195_bin.6.p	1	1	1	1	1
karlsson2013	ERR260195_bin.7.s	1	1	1	1	1
karlsson2013	ERR260195_bin.8.s	1	1	1	1	1
karlsson2013	ERR260195_bin.9.s	1	1	1	1	1
karlsson2013	ERR260196_bin.1.p	1	1	1	1	1
karlsson2013	ERR260196_bin.10.p	1	1	1	1	1
karlsson2013	ERR260196_bin.11.s	1	1	1	1	1
karlsson2013	ERR260196_bin.12.o	1	1	1	1	1
karlsson2013	ERR260196_bin.13.p	1	1	1	1	1
karlsson2013	ERR260196_bin.14.p	1	1	1	1	1
karlsson2013	ERR260196_bin.15.s	1	1	1	1	1
karlsson2013	ERR260196_bin.16.o	1	1	1	1	1
karlsson2013	ERR260196_bin.17.s	1	1	1	1	1
karlsson2013	ERR260196_bin.18.p	1	1	1	1	1
karlsson2013	ERR260196_bin.19.p	1	1	1	1	1
karlsson2013	ERR260196_bin.2.s	1	1	1	1	1
karlsson2013	ERR260196_bin.20.s	1	1	1	1	1
karlsson2013	ERR260196_bin.21.p	1	1	1	1	1
karlsson2013	ERR260196_bin.22.p	1	1	1	1	1
karlsson2013	ERR260196_bin.23.s	1	1	1	1	1
karlsson2013	ERR260196_bin.24.s	1	1	1	1	1
karlsson2013	ERR260196_bin.25.o	1	1	1	1	1
karlsson2013	ERR260196_bin.26.p	1	1	1	1	1
karlsson2013	ERR260196_bin.27.p	1	1	1	1	1
karlsson2013	ERR260196_bin.28.p	1	1	1	1	1
karlsson2013	ERR260196_bin.29.s	1	1	1	1	1
karlsson2013	ERR260196_bin.3.s	1	1	1	1	1
karlsson2013	ERR260196_bin.30.s	1	1	1	1	1
karlsson2013	ERR260196_bin.31.p	1	1	1	1	1
karlsson2013	ERR260196_bin.32.p	1	1	1	1	1
karlsson2013	ERR260196_bin.33.p	1	1	1	1	1
karlsson2013	ERR260196_bin.34.p	1	1	1	1	1
karlsson2013	ERR260196_bin.35.p	1	1	1	1	1
karlsson2013	ERR260196_bin.36.o	1	1	1	1	1
karlsson2013	ERR260196_bin.37.p	1	1	1	1	1
karlsson2013	ERR260196_bin.38.p	1	1	1	1	1
karlsson2013	ERR260196_bin.39.p	1	1	1	1	1
karlsson2013	ERR260196_bin.4.s	1	1	1	1	1
karlsson2013	ERR260196_bin.40.s	1	1	1	1	1
karlsson2013	ERR260196_bin.41.p	1	1	1	1	1
karlsson2013	ERR260196_bin.43.s	1	1	1	1	1
karlsson2013	ERR260196_bin.44.s	1	1	1	1	1
karlsson2013	ERR260196_bin.45.s	1	1	1	1	1
karlsson2013	ERR260196_bin.46.s	1	1	1	1	1
karlsson2013	ERR260196_bin.47.p	1	1	1	1	1
karlsson2013	ERR260196_bin.5.p	1	1	1	1	1
karlsson2013	ERR260196_bin.6.s	1	1	1	1	1
karlsson2013	ERR260196_bin.7.s	1	1	1	1	1
karlsson2013	ERR260196_bin.8.s	1	1	1	1	1
karlsson2013	ERR260196_bin.9.p	1	1	1	1	1
karlsson2013	ERR260198_bin.1.p	1	1	1	1	1
karlsson2013	ERR260198_bin.10.o	1	1	1	1	1
karlsson2013	ERR260198_bin.11.p	1	1	1	1	1
karlsson2013	ERR260198_bin.12.p	1	1	1	1	1
karlsson2013	ERR260198_bin.13.s	1	1	1	1	1
karlsson2013	ERR260198_bin.14.p	1	1	1	1	1
karlsson2013	ERR260198_bin.15.p	1	1	1	1	1
karlsson2013	ERR260198_bin.16.p	1	1	1	1	1
karlsson2013	ERR260198_bin.17.s	1	1	1	1	1
karlsson2013	ERR260198_bin.18.p	1	1	1	1	1
karlsson2013	ERR260198_bin.19.p	1	1	1	1	1
karlsson2013	ERR260198_bin.2.p	1	1	1	1	1
karlsson2013	ERR260198_bin.20.p	1	1	1	1	1
karlsson2013	ERR260198_bin.21.s	1	1	1	1	1
karlsson2013	ERR260198_bin.22.p	1	1	1	1	1
karlsson2013	ERR260198_bin.23.s	1	1	1	1	1
karlsson2013	ERR260198_bin.24.p	1	1	1	1	1
karlsson2013	ERR260198_bin.25.p	1	1	1	1	1
karlsson2013	ERR260198_bin.26.s	1	1	1	1	1
karlsson2013	ERR260198_bin.27.o	1	1	1	1	1
karlsson2013	ERR260198_bin.28.s	1	1	1	1	1
karlsson2013	ERR260198_bin.29.s	1	1	1	1	1
karlsson2013	ERR260198_bin.3.p	1	1	1	1	1
karlsson2013	ERR260198_bin.30.p	1	1	1	1	1
karlsson2013	ERR260198_bin.31.p	1	1	1	1	1
karlsson2013	ERR260198_bin.32.s	1	1	1	1	1
karlsson2013	ERR260198_bin.33.p	1	1	1	1	1
karlsson2013	ERR260198_bin.34.o	1	1	1	1	1
karlsson2013	ERR260198_bin.35.s	1	1	1	1	1
karlsson2013	ERR260198_bin.36.s	1	1	1	1	1
karlsson2013	ERR260198_bin.37.o	1	1	1	1	1
karlsson2013	ERR260198_bin.38.s	1	1	1	1	1
karlsson2013	ERR260198_bin.39.s	1	1	1	1	1
karlsson2013	ERR260198_bin.4.p	1	1	1	1	1
karlsson2013	ERR260198_bin.40.p	1	1	1	1	1
karlsson2013	ERR260198_bin.41.p	1	1	1	1	1
karlsson2013	ERR260198_bin.42.o	1	1	1	1	1
karlsson2013	ERR260198_bin.43.s	1	1	1	1	1
karlsson2013	ERR260198_bin.44.p	1	1	1	1	1
karlsson2013	ERR260198_bin.45.o	1	1	1	1	1
karlsson2013	ERR260198_bin.6.p	1	1	1	1	1
karlsson2013	ERR260198_bin.7.p	1	1	1	1	1
karlsson2013	ERR260198_bin.8.p	1	1	1	1	1
karlsson2013	ERR260198_bin.9.o	1	1	1	1	1
karlsson2013	ERR260199_bin.1.p	1	1	1	1	1
karlsson2013	ERR260199_bin.10.p	1	1	1	1	1
karlsson2013	ERR260199_bin.11.s	1	1	1	1	1
karlsson2013	ERR260199_bin.12.p	1	1	1	1	1
karlsson2013	ERR260199_bin.13.p	1	1	1	1	1
karlsson2013	ERR260199_bin.14.s	1	1	1	1	1
karlsson2013	ERR260199_bin.15.s	1	1	1	1	1
karlsson2013	ERR260199_bin.16.s	1	1	1	1	1
karlsson2013	ERR260199_bin.17.p	1	1	1	1	1
karlsson2013	ERR260199_bin.19.s	1	1	1	1	1
karlsson2013	ERR260199_bin.2.p	1	1	1	1	1
karlsson2013	ERR260199_bin.20.s	1	1	1	1	1
karlsson2013	ERR260199_bin.21.s	1	1	1	1	1
karlsson2013	ERR260199_bin.22.p	1	1	1	1	1
karlsson2013	ERR260199_bin.23.s	1	1	1	1	1
karlsson2013	ERR260199_bin.24.s	1	1	1	1	1
karlsson2013	ERR260199_bin.25.p	1	1	1	1	1
karlsson2013	ERR260199_bin.26.s	1	1	1	1	1
karlsson2013	ERR260199_bin.27.s	1	1	1	1	1
karlsson2013	ERR260199_bin.28.p	1	1	1	1	1
karlsson2013	ERR260199_bin.29.o	1	1	1	1	1
karlsson2013	ERR260199_bin.3.p	1	1	1	1	1
karlsson2013	ERR260199_bin.31.p	1	1	1	1	1
karlsson2013	ERR260199_bin.32.s	1	1	1	1	1
karlsson2013	ERR260199_bin.4.p	1	1	1	1	1
karlsson2013	ERR260199_bin.5.p	1	1	1	1	1
karlsson2013	ERR260199_bin.6.p	1	1	1	1	1
karlsson2013	ERR260199_bin.7.p	1	1	1	1	1
karlsson2013	ERR260199_bin.8.p	1	1	1	1	1
karlsson2013	ERR260199_bin.9.s	1	1	1	1	1
karlsson2013	ERR260200_bin.1.p	1	1	1	1	1
karlsson2013	ERR260200_bin.10.o	1	1	1	1	1
karlsson2013	ERR260200_bin.11.p	1	1	1	1	1
karlsson2013	ERR260200_bin.12.p	1	1	1	1	1
karlsson2013	ERR260200_bin.13.s	1	1	1	1	1
karlsson2013	ERR260200_bin.14.p	1	1	1	1	1
karlsson2013	ERR260200_bin.15.s	1	1	1	1	1
karlsson2013	ERR260200_bin.16.p	1	1	1	1	1
karlsson2013	ERR260200_bin.17.s	1	1	1	1	1
karlsson2013	ERR260200_bin.18.p	1	1	1	1	1
karlsson2013	ERR260200_bin.19.p	1	1	1	1	1
karlsson2013	ERR260200_bin.2.p	1	1	1	1	1
karlsson2013	ERR260200_bin.20.p	1	1	1	1	1
karlsson2013	ERR260200_bin.21.p	1	1	1	1	1
karlsson2013	ERR260200_bin.22.s	1	1	1	1	1
karlsson2013	ERR260200_bin.23.s	1	1	1	1	1
karlsson2013	ERR260200_bin.24.p	1	1	1	1	1
karlsson2013	ERR260200_bin.25.p	1	1	1	1	1
karlsson2013	ERR260200_bin.26.p	1	1	1	1	1
karlsson2013	ERR260200_bin.27.s	1	1	1	1	1
karlsson2013	ERR260200_bin.28.p	1	1	1	1	1
karlsson2013	ERR260200_bin.29.p	1	1	1	1	1
karlsson2013	ERR260200_bin.3.p	1	1	1	1	1
karlsson2013	ERR260200_bin.30.p	1	1	1	1	1
karlsson2013	ERR260200_bin.31.p	1	1	1	1	1
karlsson2013	ERR260200_bin.32.s	1	1	1	1	1
karlsson2013	ERR260200_bin.33.o	1	1	1	1	1
karlsson2013	ERR260200_bin.34.s	1	1	1	1	1
karlsson2013	ERR260200_bin.35.p	1	1	1	1	1
karlsson2013	ERR260200_bin.36.p	1	1	1	1	1
karlsson2013	ERR260200_bin.37.p	1	1	1	1	1
karlsson2013	ERR260200_bin.38.p	1	1	1	1	1
karlsson2013	ERR260200_bin.4.p	1	1	1	1	1
karlsson2013	ERR260200_bin.41.p	1	1	1	1	1
karlsson2013	ERR260200_bin.5.p	1	1	1	1	1
karlsson2013	ERR260200_bin.6.p	1	1	1	1	1
karlsson2013	ERR260200_bin.7.s	1	1	1	1	1
karlsson2013	ERR260200_bin.8.s	1	1	1	1	1
karlsson2013	ERR260200_bin.9.p	1	1	1	1	1
karlsson2013	ERR260201_bin.1.s	1	1	1	1	1
karlsson2013	ERR260201_bin.10.p	1	1	1	1	1
karlsson2013	ERR260201_bin.11.p	1	1	1	1	1
karlsson2013	ERR260201_bin.12.p	1	1	1	1	1
karlsson2013	ERR260201_bin.13.p	1	1	1	1	1
karlsson2013	ERR260201_bin.14.p	1	1	1	1	1
karlsson2013	ERR260201_bin.15.s	1	1	1	1	1
karlsson2013	ERR260201_bin.16.o	1	1	1	1	1
karlsson2013	ERR260201_bin.17.s	1	1	1	1	1
karlsson2013	ERR260201_bin.18.p	1	1	1	1	1
karlsson2013	ERR260201_bin.19.p	1	1	1	1	1
karlsson2013	ERR260201_bin.2.s	1	1	1	1	1
karlsson2013	ERR260201_bin.20.p	1	1	1	1	1
karlsson2013	ERR260201_bin.21.p	1	1	1	1	1
karlsson2013	ERR260201_bin.22.p	1	1	1	1	1
karlsson2013	ERR260201_bin.23.p	1	1	1	1	1
karlsson2013	ERR260201_bin.24.p	1	1	1	1	1
karlsson2013	ERR260201_bin.25.p	1	1	1	1	1
karlsson2013	ERR260201_bin.3.s	1	1	1	1	1
karlsson2013	ERR260201_bin.4.p	1	1	1	1	1
karlsson2013	ERR260201_bin.5.p	1	1	1	1	1
karlsson2013	ERR260201_bin.6.s	1	1	1	1	1
karlsson2013	ERR260201_bin.7.p	1	1	1	1	1
karlsson2013	ERR260201_bin.8.s	1	1	1	1	1
karlsson2013	ERR260201_bin.9.p	1	1	1	1	1
karlsson2013	ERR260202_bin.1.s	1	1	1	1	1
karlsson2013	ERR260202_bin.10.p	1	1	1	1	1
karlsson2013	ERR260202_bin.12.s	1	1	1	1	1
karlsson2013	ERR260202_bin.13.p	1	1	1	1	1
karlsson2013	ERR260202_bin.14.p	1	1	1	1	1
karlsson2013	ERR260202_bin.15.s	1	1	1	1	1
karlsson2013	ERR260202_bin.16.p	1	1	1	1	1
karlsson2013	ERR260202_bin.17.o	1	1	1	1	1
karlsson2013	ERR260202_bin.18.s	1	1	1	1	1
karlsson2013	ERR260202_bin.19.o	1	1	1	1	1
karlsson2013	ERR260202_bin.2.p	1	1	1	1	1
karlsson2013	ERR260202_bin.20.s	1	1	1	1	1
karlsson2013	ERR260202_bin.21.s	1	1	1	1	1
karlsson2013	ERR260202_bin.22.o	1	1	1	1	1
karlsson2013	ERR260202_bin.23.p	1	1	1	1	1
karlsson2013	ERR260202_bin.25.p	1	1	1	1	1
karlsson2013	ERR260202_bin.26.s	1	1	1	1	1
karlsson2013	ERR260202_bin.27.p	1	1	1	1	1
karlsson2013	ERR260202_bin.28.p	1	1	1	1	1
karlsson2013	ERR260202_bin.3.p	1	1	1	1	1
karlsson2013	ERR260202_bin.30.p	1	1	1	1	1
karlsson2013	ERR260202_bin.31.s	1	1	1	1	1
karlsson2013	ERR260202_bin.32.s	1	1	1	1	1
karlsson2013	ERR260202_bin.33.s	1	1	1	1	1
karlsson2013	ERR260202_bin.34.p	1	1	1	1	1
karlsson2013	ERR260202_bin.35.s	1	1	1	1	1
karlsson2013	ERR260202_bin.37.s	1	1	1	1	1
karlsson2013	ERR260202_bin.38.p	1	1	1	1	1
karlsson2013	ERR260202_bin.39.o	1	1	1	1	1
karlsson2013	ERR260202_bin.4.p	1	1	1	1	1
karlsson2013	ERR260202_bin.40.p	1	1	1	1	1
karlsson2013	ERR260202_bin.41.p	1	1	1	1	1
karlsson2013	ERR260202_bin.42.p	1	1	1	1	1
karlsson2013	ERR260202_bin.43.p	1	1	1	1	1
karlsson2013	ERR260202_bin.5.s	1	1	1	1	1
karlsson2013	ERR260202_bin.6.s	1	1	1	1	1
karlsson2013	ERR260202_bin.7.o	1	1	1	1	1
karlsson2013	ERR260202_bin.8.s	1	1	1	1	1
karlsson2013	ERR260202_bin.9.p	1	1	1	1	1
karlsson2013	ERR260203_bin.1.s	1	1	1	1	1
karlsson2013	ERR260203_bin.10.s	1	1	1	1	1
karlsson2013	ERR260203_bin.11.p	1	1	1	1	1
karlsson2013	ERR260203_bin.12.p	1	1	1	1	1
karlsson2013	ERR260203_bin.13.p	1	1	1	1	1
karlsson2013	ERR260203_bin.14.p	1	1	1	1	1
karlsson2013	ERR260203_bin.15.p	1	1	1	1	1
karlsson2013	ERR260203_bin.16.p	1	1	1	1	1
karlsson2013	ERR260203_bin.17.p	1	1	1	1	1
karlsson2013	ERR260203_bin.18.s	1	1	1	1	1
karlsson2013	ERR260203_bin.19.s	1	1	1	1	1
karlsson2013	ERR260203_bin.2.s	1	1	1	1	1
karlsson2013	ERR260203_bin.20.s	1	1	1	1	1
karlsson2013	ERR260203_bin.21.s	1	1	1	1	1
karlsson2013	ERR260203_bin.22.p	1	1	1	1	1
karlsson2013	ERR260203_bin.23.s	1	1	1	1	1
karlsson2013	ERR260203_bin.24.p	1	1	1	1	1
karlsson2013	ERR260203_bin.25.s	1	1	1	1	1
karlsson2013	ERR260203_bin.26.p	1	1	1	1	1
karlsson2013	ERR260203_bin.27.p	1	1	1	1	1
karlsson2013	ERR260203_bin.28.p	1	1	1	1	1
karlsson2013	ERR260203_bin.3.p	1	1	1	1	1
karlsson2013	ERR260203_bin.4.p	1	1	1	1	1
karlsson2013	ERR260203_bin.5.p	1	1	1	1	1
karlsson2013	ERR260203_bin.6.p	1	1	1	1	1
karlsson2013	ERR260203_bin.7.p	1	1	1	1	1
karlsson2013	ERR260203_bin.8.p	1	1	1	1	1
karlsson2013	ERR260203_bin.9.o	1	1	1	1	1
karlsson2013	ERR260204_bin.1.p	1	1	1	1	1
karlsson2013	ERR260204_bin.10.p	1	1	1	1	1
karlsson2013	ERR260204_bin.11.s	1	1	1	1	1
karlsson2013	ERR260204_bin.12.p	1	1	1	1	1
karlsson2013	ERR260204_bin.13.p	1	1	1	1	1
karlsson2013	ERR260204_bin.14.p	1	1	1	1	1
karlsson2013	ERR260204_bin.15.p	1	1	1	1	1
karlsson2013	ERR260204_bin.16.p	1	1	1	1	1
karlsson2013	ERR260204_bin.17.s	1	1	1	1	1
karlsson2013	ERR260204_bin.18.s	1	1	1	1	1
karlsson2013	ERR260204_bin.19.p	1	1	1	1	1
karlsson2013	ERR260204_bin.2.p	1	1	1	1	1
karlsson2013	ERR260204_bin.20.p	1	1	1	1	1
karlsson2013	ERR260204_bin.21.o	1	1	1	1	1
karlsson2013	ERR260204_bin.23.p	1	1	1	1	1
karlsson2013	ERR260204_bin.24.p	1	1	1	1	1
karlsson2013	ERR260204_bin.25.p	1	1	1	1	1
karlsson2013	ERR260204_bin.26.p	1	1	1	1	1
karlsson2013	ERR260204_bin.27.p	1	1	1	1	1
karlsson2013	ERR260204_bin.28.p	1	1	1	1	1
karlsson2013	ERR260204_bin.29.o	1	1	1	1	1
karlsson2013	ERR260204_bin.3.p	1	1	1	1	1
karlsson2013	ERR260204_bin.4.s	1	1	1	1	1
karlsson2013	ERR260204_bin.5.p	1	1	1	1	1
karlsson2013	ERR260204_bin.6.o	1	1	1	1	1
karlsson2013	ERR260204_bin.7.p	1	1	1	1	1
karlsson2013	ERR260204_bin.8.p	1	1	1	1	1
karlsson2013	ERR260204_bin.9.p	1	1	1	1	1
karlsson2013	ERR260205_bin.1.p	1	1	1	1	1
karlsson2013	ERR260205_bin.10.p	1	1	1	1	1
karlsson2013	ERR260205_bin.11.p	1	1	1	1	1
karlsson2013	ERR260205_bin.12.p	1	1	1	1	1
karlsson2013	ERR260205_bin.13.p	1	1	1	1	1
karlsson2013	ERR260205_bin.14.p	1	1	1	1	1
karlsson2013	ERR260205_bin.15.o	1	1	1	1	1
karlsson2013	ERR260205_bin.16.p	1	1	1	1	1
karlsson2013	ERR260205_bin.17.p	1	1	1	1	1
karlsson2013	ERR260205_bin.18.s	1	1	1	1	1
karlsson2013	ERR260205_bin.19.p	1	1	1	1	1
karlsson2013	ERR260205_bin.2.s	1	1	1	1	1
karlsson2013	ERR260205_bin.20.p	1	1	1	1	1
karlsson2013	ERR260205_bin.21.p	1	1	1	1	1
karlsson2013	ERR260205_bin.22.p	1	1	1	1	1
karlsson2013	ERR260205_bin.23.o	1	1	1	1	1
karlsson2013	ERR260205_bin.24.p	1	1	1	1	1
karlsson2013	ERR260205_bin.25.p	1	1	1	1	1
karlsson2013	ERR260205_bin.26.p	1	1	1	1	1
karlsson2013	ERR260205_bin.27.p	1	1	1	1	1
karlsson2013	ERR260205_bin.28.o	1	1	1	1	1
karlsson2013	ERR260205_bin.29.p	1	1	1	1	1
karlsson2013	ERR260205_bin.3.o	1	1	1	1	1
karlsson2013	ERR260205_bin.30.p	1	1	1	1	1
karlsson2013	ERR260205_bin.31.o	1	1	1	1	1
karlsson2013	ERR260205_bin.32.p	1	1	1	1	1
karlsson2013	ERR260205_bin.33.o	1	1	1	1	1
karlsson2013	ERR260205_bin.34.p	1	1	1	1	1
karlsson2013	ERR260205_bin.35.p	1	1	1	1	1
karlsson2013	ERR260205_bin.36.s	1	1	1	1	1
karlsson2013	ERR260205_bin.37.s	1	1	1	1	1
karlsson2013	ERR260205_bin.38.o	1	1	1	1	1
karlsson2013	ERR260205_bin.39.s	1	1	1	1	1
karlsson2013	ERR260205_bin.4.s	1	1	1	1	1
karlsson2013	ERR260205_bin.40.s	1	1	1	1	1
karlsson2013	ERR260205_bin.41.p	1	1	1	1	1
karlsson2013	ERR260205_bin.42.s	1	1	1	1	1
karlsson2013	ERR260205_bin.43.p	1	1	1	1	1
karlsson2013	ERR260205_bin.44.s	1	1	1	1	1
karlsson2013	ERR260205_bin.5.s	1	1	1	1	1
karlsson2013	ERR260205_bin.6.p	1	1	1	1	1
karlsson2013	ERR260205_bin.7.p	1	1	1	1	1
karlsson2013	ERR260205_bin.8.p	1	1	1	1	1
karlsson2013	ERR260205_bin.9.p	1	1	1	1	1
karlsson2013	ERR260206_bin.1.o	1	1	1	1	1
karlsson2013	ERR260206_bin.10.p	1	1	1	1	1
karlsson2013	ERR260206_bin.11.p	1	1	1	1	1
karlsson2013	ERR260206_bin.12.s	1	1	1	1	1
karlsson2013	ERR260206_bin.13.s	1	1	1	1	1
karlsson2013	ERR260206_bin.14.s	1	1	1	1	1
karlsson2013	ERR260206_bin.15.p	1	1	1	1	1
karlsson2013	ERR260206_bin.16.p	1	1	1	1	1
karlsson2013	ERR260206_bin.17.p	1	1	1	1	1
karlsson2013	ERR260206_bin.18.s	1	1	1	1	1
karlsson2013	ERR260206_bin.19.s	1	1	1	1	1
karlsson2013	ERR260206_bin.2.p	1	1	1	1	1
karlsson2013	ERR260206_bin.20.s	1	1	1	1	1
karlsson2013	ERR260206_bin.21.s	1	1	1	1	1
karlsson2013	ERR260206_bin.22.s	1	1	1	1	1
karlsson2013	ERR260206_bin.23.p	1	1	1	1	1
karlsson2013	ERR260206_bin.24.p	1	1	1	1	1
karlsson2013	ERR260206_bin.25.s	1	1	1	1	1
karlsson2013	ERR260206_bin.26.o	1	1	1	1	1
karlsson2013	ERR260206_bin.3.s	1	1	1	1	1
karlsson2013	ERR260206_bin.4.p	1	1	1	1	1
karlsson2013	ERR260206_bin.5.s	1	1	1	1	1
karlsson2013	ERR260206_bin.6.p	1	1	1	1	1
karlsson2013	ERR260206_bin.7.p	1	1	1	1	1
karlsson2013	ERR260206_bin.8.p	1	1	1	1	1
karlsson2013	ERR260206_bin.9.p	1	1	1	1	1
karlsson2013	ERR260207_bin.1.s	1	1	1	1	1
karlsson2013	ERR260207_bin.10.s	1	1	1	1	1
karlsson2013	ERR260207_bin.11.p	1	1	1	1	1
karlsson2013	ERR260207_bin.12.p	1	1	1	1	1
karlsson2013	ERR260207_bin.13.p	1	1	1	1	1
karlsson2013	ERR260207_bin.14.p	1	1	1	1	1
karlsson2013	ERR260207_bin.15.s	1	1	1	1	1
karlsson2013	ERR260207_bin.17.p	1	1	1	1	1
karlsson2013	ERR260207_bin.18.o	1	1	1	1	1
karlsson2013	ERR260207_bin.19.s	1	1	1	1	1
karlsson2013	ERR260207_bin.2.s	1	1	1	1	1
karlsson2013	ERR260207_bin.21.p	1	1	1	1	1
karlsson2013	ERR260207_bin.22.p	1	1	1	1	1
karlsson2013	ERR260207_bin.23.s	1	1	1	1	1
karlsson2013	ERR260207_bin.24.o	1	1	1	1	1
karlsson2013	ERR260207_bin.25.s	1	1	1	1	1
karlsson2013	ERR260207_bin.26.p	1	1	1	1	1
karlsson2013	ERR260207_bin.27.s	1	1	1	1	1
karlsson2013	ERR260207_bin.28.p	1	1	1	1	1
karlsson2013	ERR260207_bin.29.s	1	1	1	1	1
karlsson2013	ERR260207_bin.3.p	1	1	1	1	1
karlsson2013	ERR260207_bin.30.p	1	1	1	1	1
karlsson2013	ERR260207_bin.31.s	1	1	1	1	1
karlsson2013	ERR260207_bin.4.s	1	1	1	1	1
karlsson2013	ERR260207_bin.5.s	1	1	1	1	1
karlsson2013	ERR260207_bin.6.s	1	1	1	1	1
karlsson2013	ERR260207_bin.7.s	1	1	1	1	1
karlsson2013	ERR260207_bin.8.p	1	1	1	1	1
karlsson2013	ERR260207_bin.9.s	1	1	1	1	1
karlsson2013	ERR260208_bin.1.s	1	1	1	1	1
karlsson2013	ERR260208_bin.10.s	1	1	1	1	1
karlsson2013	ERR260208_bin.11.p	1	1	1	1	1
karlsson2013	ERR260208_bin.12.p	1	1	1	1	1
karlsson2013	ERR260208_bin.13.p	1	1	1	1	1
karlsson2013	ERR260208_bin.14.p	1	1	1	1	1
karlsson2013	ERR260208_bin.15.s	1	1	1	1	1
karlsson2013	ERR260208_bin.16.p	1	1	1	1	1
karlsson2013	ERR260208_bin.17.p	1	1	1	1	1
karlsson2013	ERR260208_bin.18.s	1	1	1	1	1
karlsson2013	ERR260208_bin.19.o	1	1	1	1	1
karlsson2013	ERR260208_bin.2.s	1	1	1	1	1
karlsson2013	ERR260208_bin.20.p	1	1	1	1	1
karlsson2013	ERR260208_bin.21.p	1	1	1	1	1
karlsson2013	ERR260208_bin.22.p	1	1	1	1	1
karlsson2013	ERR260208_bin.23.p	1	1	1	1	1
karlsson2013	ERR260208_bin.24.p	1	1	1	1	1
karlsson2013	ERR260208_bin.25.s	1	1	1	1	1
karlsson2013	ERR260208_bin.26.s	1	1	1	1	1
karlsson2013	ERR260208_bin.27.p	1	1	1	1	1
karlsson2013	ERR260208_bin.28.s	1	1	1	1	1
karlsson2013	ERR260208_bin.29.p	1	1	1	1	1
karlsson2013	ERR260208_bin.3.p	1	1	1	1	1
karlsson2013	ERR260208_bin.30.p	1	1	1	1	1
karlsson2013	ERR260208_bin.31.p	1	1	1	1	1
karlsson2013	ERR260208_bin.32.p	1	1	1	1	1
karlsson2013	ERR260208_bin.33.p	1	1	1	1	1
karlsson2013	ERR260208_bin.34.s	1	1	1	1	1
karlsson2013	ERR260208_bin.35.p	1	1	1	1	1
karlsson2013	ERR260208_bin.36.s	1	1	1	1	1
karlsson2013	ERR260208_bin.37.p	1	1	1	1	1
karlsson2013	ERR260208_bin.39.o	1	1	1	1	1
karlsson2013	ERR260208_bin.4.s	1	1	1	1	1
karlsson2013	ERR260208_bin.41.p	1	1	1	1	1
karlsson2013	ERR260208_bin.42.o	1	1	1	1	1
karlsson2013	ERR260208_bin.43.s	1	1	1	1	1
karlsson2013	ERR260208_bin.44.p	1	1	1	1	1
karlsson2013	ERR260208_bin.6.s	1	1	1	1	1
karlsson2013	ERR260208_bin.7.p	1	1	1	1	1
karlsson2013	ERR260208_bin.8.p	1	1	1	1	1
karlsson2013	ERR260208_bin.9.s	1	1	1	1	1
karlsson2013	ERR260209_bin.1.p	1	1	1	1	1
karlsson2013	ERR260209_bin.10.s	1	1	1	1	1
karlsson2013	ERR260209_bin.11.p	1	1	1	1	1
karlsson2013	ERR260209_bin.12.p	1	1	1	1	1
karlsson2013	ERR260209_bin.13.s	1	1	1	1	1
karlsson2013	ERR260209_bin.14.o	1	1	1	1	1
karlsson2013	ERR260209_bin.15.p	1	1	1	1	1
karlsson2013	ERR260209_bin.16.p	1	1	1	1	1
karlsson2013	ERR260209_bin.17.o	1	1	1	1	1
karlsson2013	ERR260209_bin.18.s	1	1	1	1	1
karlsson2013	ERR260209_bin.19.p	1	1	1	1	1
karlsson2013	ERR260209_bin.2.p	1	1	1	1	1
karlsson2013	ERR260209_bin.20.p	1	1	1	1	1
karlsson2013	ERR260209_bin.21.p	1	1	1	1	1
karlsson2013	ERR260209_bin.22.p	1	1	1	1	1
karlsson2013	ERR260209_bin.23.s	1	1	1	1	1
karlsson2013	ERR260209_bin.24.o	1	1	1	1	1
karlsson2013	ERR260209_bin.25.s	1	1	1	1	1
karlsson2013	ERR260209_bin.26.p	1	1	1	1	1
karlsson2013	ERR260209_bin.27.s	1	1	1	1	1
karlsson2013	ERR260209_bin.28.s	1	1	1	1	1
karlsson2013	ERR260209_bin.29.p	1	1	1	1	1
karlsson2013	ERR260209_bin.3.p	1	1	1	1	1
karlsson2013	ERR260209_bin.30.s	1	1	1	1	1
karlsson2013	ERR260209_bin.31.p	1	1	1	1	1
karlsson2013	ERR260209_bin.33.p	1	1	1	1	1
karlsson2013	ERR260209_bin.34.p	1	1	1	1	1
karlsson2013	ERR260209_bin.35.p	1	1	1	1	1
karlsson2013	ERR260209_bin.4.s	1	1	1	1	1
karlsson2013	ERR260209_bin.5.s	1	1	1	1	1
karlsson2013	ERR260209_bin.6.s	1	1	1	1	1
karlsson2013	ERR260209_bin.7.p	1	1	1	1	1
karlsson2013	ERR260209_bin.8.p	1	1	1	1	1
karlsson2013	ERR260209_bin.9.p	1	1	1	1	1
karlsson2013	ERR260210_bin.1.p	1	1	1	1	1
karlsson2013	ERR260210_bin.10.p	1	1	1	1	1
karlsson2013	ERR260210_bin.13.p	1	1	1	1	1
karlsson2013	ERR260210_bin.14.o	1	1	1	1	1
karlsson2013	ERR260210_bin.15.p	1	1	1	1	1
karlsson2013	ERR260210_bin.16.p	1	1	1	1	1
karlsson2013	ERR260210_bin.17.s	1	1	1	1	1
karlsson2013	ERR260210_bin.19.s	1	1	1	1	1
karlsson2013	ERR260210_bin.2.p	1	1	1	1	1
karlsson2013	ERR260210_bin.20.s	1	1	1	1	1
karlsson2013	ERR260210_bin.21.p	1	1	1	1	1
karlsson2013	ERR260210_bin.22.p	1	1	1	1	1
karlsson2013	ERR260210_bin.23.p	1	1	1	1	1
karlsson2013	ERR260210_bin.24.p	1	1	1	1	1
karlsson2013	ERR260210_bin.25.s	1	1	1	1	1
karlsson2013	ERR260210_bin.26.p	1	1	1	1	1
karlsson2013	ERR260210_bin.27.s	1	1	1	1	1
karlsson2013	ERR260210_bin.28.o	1	1	1	1	1
karlsson2013	ERR260210_bin.29.p	1	1	1	1	1
karlsson2013	ERR260210_bin.3.p	1	1	1	1	1
karlsson2013	ERR260210_bin.30.p	1	1	1	1	1
karlsson2013	ERR260210_bin.31.p	1	1	1	1	1
karlsson2013	ERR260210_bin.32.p	1	1	1	1	1
karlsson2013	ERR260210_bin.33.p	1	1	1	1	1
karlsson2013	ERR260210_bin.4.o	1	1	1	1	1
karlsson2013	ERR260210_bin.5.p	1	1	1	1	1
karlsson2013	ERR260210_bin.6.s	1	1	1	1	1
karlsson2013	ERR260210_bin.7.p	1	1	1	1	1
karlsson2013	ERR260210_bin.8.p	1	1	1	1	1
karlsson2013	ERR260210_bin.9.p	1	1	1	1	1
karlsson2013	ERR260211_bin.1.s	1	1	1	1	1
karlsson2013	ERR260211_bin.10.p	1	1	1	1	1
karlsson2013	ERR260211_bin.11.p	1	1	1	1	1
karlsson2013	ERR260211_bin.12.s	1	1	1	1	1
karlsson2013	ERR260211_bin.13.p	1	1	1	1	1
karlsson2013	ERR260211_bin.14.p	1	1	1	1	1
karlsson2013	ERR260211_bin.15.p	1	1	1	1	1
karlsson2013	ERR260211_bin.16.p	1	1	1	1	1
karlsson2013	ERR260211_bin.17.s	1	1	1	1	1
karlsson2013	ERR260211_bin.18.s	1	1	1	1	1
karlsson2013	ERR260211_bin.19.p	1	1	1	1	1
karlsson2013	ERR260211_bin.2.p	1	1	1	1	1
karlsson2013	ERR260211_bin.20.o	1	1	1	1	1
karlsson2013	ERR260211_bin.21.s	1	1	1	1	1
karlsson2013	ERR260211_bin.22.p	1	1	1	1	1
karlsson2013	ERR260211_bin.23.s	1	1	1	1	1
karlsson2013	ERR260211_bin.24.s	1	1	1	1	1
karlsson2013	ERR260211_bin.25.o	1	1	1	1	1
karlsson2013	ERR260211_bin.26.p	1	1	1	1	1
karlsson2013	ERR260211_bin.27.s	1	1	1	1	1
karlsson2013	ERR260211_bin.28.o	1	1	1	1	1
karlsson2013	ERR260211_bin.29.s	1	1	1	1	1
karlsson2013	ERR260211_bin.3.p	1	1	1	1	1
karlsson2013	ERR260211_bin.4.s	1	1	1	1	1
karlsson2013	ERR260211_bin.6.p	1	1	1	1	1
karlsson2013	ERR260211_bin.7.s	1	1	1	1	1
karlsson2013	ERR260211_bin.8.p	1	1	1	1	1
karlsson2013	ERR260211_bin.9.o	1	1	1	1	1
karlsson2013	ERR260214_bin.10.p	1	1	1	1	1
karlsson2013	ERR260214_bin.11.p	1	1	1	1	1
karlsson2013	ERR260214_bin.12.s	1	1	1	1	1
karlsson2013	ERR260214_bin.13.o	1	1	1	1	1
karlsson2013	ERR260214_bin.14.p	1	1	1	1	1
karlsson2013	ERR260214_bin.15.s	1	1	1	1	1
karlsson2013	ERR260214_bin.16.p	1	1	1	1	1
karlsson2013	ERR260214_bin.17.p	1	1	1	1	1
karlsson2013	ERR260214_bin.18.p	1	1	1	1	1
karlsson2013	ERR260214_bin.19.s	1	1	1	1	1
karlsson2013	ERR260214_bin.2.p	1	1	1	1	1
karlsson2013	ERR260214_bin.3.p	1	1	1	1	1
karlsson2013	ERR260214_bin.4.p	1	1	1	1	1
karlsson2013	ERR260214_bin.5.p	1	1	1	1	1
karlsson2013	ERR260214_bin.6.s	1	1	1	1	1
karlsson2013	ERR260214_bin.7.s	1	1	1	1	1
karlsson2013	ERR260214_bin.8.s	1	1	1	1	1
karlsson2013	ERR260214_bin.9.s	1	1	1	1	1
karlsson2013	ERR260215_bin.1.o	1	1	1	1	1
karlsson2013	ERR260215_bin.10.s	1	1	1	1	1
karlsson2013	ERR260215_bin.11.p	1	1	1	1	1
karlsson2013	ERR260215_bin.12.o	1	1	1	1	1
karlsson2013	ERR260215_bin.13.o	1	1	1	1	1
karlsson2013	ERR260215_bin.14.p	1	1	1	1	1
karlsson2013	ERR260215_bin.15.o	1	1	1	1	1
karlsson2013	ERR260215_bin.16.s	1	1	1	1	1
karlsson2013	ERR260215_bin.2.s	1	1	1	1	1
karlsson2013	ERR260215_bin.3.s	1	1	1	1	1
karlsson2013	ERR260215_bin.4.s	1	1	1	1	1
karlsson2013	ERR260215_bin.5.p	1	1	1	1	1
karlsson2013	ERR260215_bin.6.p	1	1	1	1	1
karlsson2013	ERR260215_bin.7.s	1	1	1	1	1
karlsson2013	ERR260215_bin.8.o	1	1	1	1	1
karlsson2013	ERR260215_bin.9.p	1	1	1	1	1
karlsson2013	ERR260216_bin.1.p	1	1	1	1	1
karlsson2013	ERR260216_bin.2.p	1	1	1	1	1
karlsson2013	ERR260216_bin.3.s	1	1	1	1	1
karlsson2013	ERR260216_bin.4.p	1	1	1	1	1
karlsson2013	ERR260216_bin.5.p	1	1	1	1	1
karlsson2013	ERR260216_bin.6.s	1	1	1	1	1
karlsson2013	ERR260216_bin.7.p	1	1	1	1	1
karlsson2013	ERR260216_bin.8.p	1	1	1	1	1
karlsson2013	ERR260217_bin.1.p	1	1	1	1	1
karlsson2013	ERR260217_bin.10.o	1	1	1	1	1
karlsson2013	ERR260217_bin.11.o	1	1	1	1	1
karlsson2013	ERR260217_bin.12.s	1	1	1	1	1
karlsson2013	ERR260217_bin.13.s	1	1	1	1	1
karlsson2013	ERR260217_bin.14.p	1	1	1	1	1
karlsson2013	ERR260217_bin.15.o	1	1	1	1	1
karlsson2013	ERR260217_bin.16.s	1	1	1	1	1
karlsson2013	ERR260217_bin.17.o	1	1	1	1	1
karlsson2013	ERR260217_bin.18.s	1	1	1	1	1
karlsson2013	ERR260217_bin.19.p	1	1	1	1	1
karlsson2013	ERR260217_bin.2.s	1	1	1	1	1
karlsson2013	ERR260217_bin.20.o	1	1	1	1	1
karlsson2013	ERR260217_bin.21.o	1	1	1	1	1
karlsson2013	ERR260217_bin.22.s	1	1	1	1	1
karlsson2013	ERR260217_bin.23.s	1	1	1	1	1
karlsson2013	ERR260217_bin.3.o	1	1	1	1	1
karlsson2013	ERR260217_bin.4.p	1	1	1	1	1
karlsson2013	ERR260217_bin.5.p	1	1	1	1	1
karlsson2013	ERR260217_bin.6.s	1	1	1	1	1
karlsson2013	ERR260217_bin.7.s	1	1	1	1	1
karlsson2013	ERR260217_bin.8.p	1	1	1	1	1
karlsson2013	ERR260217_bin.9.p	1	1	1	1	1
karlsson2013	ERR260218_bin.1.s	1	1	1	1	1
karlsson2013	ERR260218_bin.10.o	1	1	1	1	1
karlsson2013	ERR260218_bin.11.o	1	1	1	1	1
karlsson2013	ERR260218_bin.12.s	1	1	1	1	1
karlsson2013	ERR260218_bin.13.p	1	1	1	1	1
karlsson2013	ERR260218_bin.14.s	1	1	1	1	1
karlsson2013	ERR260218_bin.15.p	1	1	1	1	1
karlsson2013	ERR260218_bin.16.p	1	1	1	1	1
karlsson2013	ERR260218_bin.17.p	1	1	1	1	1
karlsson2013	ERR260218_bin.2.p	1	1	1	1	1
karlsson2013	ERR260218_bin.3.p	1	1	1	1	1
karlsson2013	ERR260218_bin.4.p	1	1	1	1	1
karlsson2013	ERR260218_bin.5.s	1	1	1	1	1
karlsson2013	ERR260218_bin.6.o	1	1	1	1	1
karlsson2013	ERR260218_bin.7.p	1	1	1	1	1
karlsson2013	ERR260218_bin.8.s	1	1	1	1	1
karlsson2013	ERR260218_bin.9.p	1	1	1	1	1
karlsson2013	ERR260219_bin.1.p	1	1	1	1	1
karlsson2013	ERR260219_bin.10.p	1	1	1	1	1
karlsson2013	ERR260219_bin.2.o	1	1	1	1	1
karlsson2013	ERR260219_bin.3.p	1	1	1	1	1
karlsson2013	ERR260219_bin.4.s	1	1	1	1	1
karlsson2013	ERR260219_bin.5.p	1	1	1	1	1
karlsson2013	ERR260219_bin.6.s	1	1	1	1	1
karlsson2013	ERR260219_bin.7.p	1	1	1	1	1
karlsson2013	ERR260219_bin.8.o	1	1	1	1	1
karlsson2013	ERR260219_bin.9.p	1	1	1	1	1
karlsson2013	ERR260220_bin.1.p	1	1	1	1	1
karlsson2013	ERR260220_bin.10.p	1	1	1	1	1
karlsson2013	ERR260220_bin.11.o	1	1	1	1	1
karlsson2013	ERR260220_bin.12.s	1	1	1	1	1
karlsson2013	ERR260220_bin.13.o	1	1	1	1	1
karlsson2013	ERR260220_bin.14.p	1	1	1	1	1
karlsson2013	ERR260220_bin.15.s	1	1	1	1	1
karlsson2013	ERR260220_bin.16.s	1	1	1	1	1
karlsson2013	ERR260220_bin.17.s	1	1	1	1	1
karlsson2013	ERR260220_bin.18.s	1	1	1	1	1
karlsson2013	ERR260220_bin.19.o	1	1	1	1	1
karlsson2013	ERR260220_bin.2.s	1	1	1	1	1
karlsson2013	ERR260220_bin.20.p	1	1	1	1	1
karlsson2013	ERR260220_bin.21.p	1	1	1	1	1
karlsson2013	ERR260220_bin.3.p	1	1	1	1	1
karlsson2013	ERR260220_bin.4.p	1	1	1	1	1
karlsson2013	ERR260220_bin.5.s	1	1	1	1	1
karlsson2013	ERR260220_bin.6.s	1	1	1	1	1
karlsson2013	ERR260220_bin.7.o	1	1	1	1	1
karlsson2013	ERR260220_bin.8.p	1	1	1	1	1
karlsson2013	ERR260221_bin.10.s	1	1	1	1	1
karlsson2013	ERR260221_bin.11.p	1	1	1	1	1
karlsson2013	ERR260221_bin.12.p	1	1	1	1	1
karlsson2013	ERR260221_bin.13.s	1	1	1	1	1
karlsson2013	ERR260221_bin.14.p	1	1	1	1	1
karlsson2013	ERR260221_bin.15.s	1	1	1	1	1
karlsson2013	ERR260221_bin.16.s	1	1	1	1	1
karlsson2013	ERR260221_bin.17.s	1	1	1	1	1
karlsson2013	ERR260221_bin.18.p	1	1	1	1	1
karlsson2013	ERR260221_bin.2.s	1	1	1	1	1
karlsson2013	ERR260221_bin.3.s	1	1	1	1	1
karlsson2013	ERR260221_bin.4.s	1	1	1	1	1
karlsson2013	ERR260221_bin.5.p	1	1	1	1	1
karlsson2013	ERR260221_bin.6.o	1	1	1	1	1
karlsson2013	ERR260221_bin.7.p	1	1	1	1	1
karlsson2013	ERR260221_bin.8.p	1	1	1	1	1
karlsson2013	ERR260222_bin.1.p	1	1	1	1	1
karlsson2013	ERR260222_bin.10.o	1	1	1	1	1
karlsson2013	ERR260222_bin.11.s	1	1	1	1	1
karlsson2013	ERR260222_bin.12.p	1	1	1	1	1
karlsson2013	ERR260222_bin.14.p	1	1	1	1	1
karlsson2013	ERR260222_bin.15.p	1	1	1	1	1
karlsson2013	ERR260222_bin.16.o	1	1	1	1	1
karlsson2013	ERR260222_bin.17.s	1	1	1	1	1
karlsson2013	ERR260222_bin.2.p	1	1	1	1	1
karlsson2013	ERR260222_bin.3.p	1	1	1	1	1
karlsson2013	ERR260222_bin.4.o	1	1	1	1	1
karlsson2013	ERR260222_bin.5.s	1	1	1	1	1
karlsson2013	ERR260222_bin.6.s	1	1	1	1	1
karlsson2013	ERR260222_bin.7.p	1	1	1	1	1
karlsson2013	ERR260222_bin.8.s	1	1	1	1	1
karlsson2013	ERR260222_bin.9.p	1	1	1	1	1
karlsson2013	ERR260223_bin.1.o	1	1	1	1	1
karlsson2013	ERR260223_bin.10.p	1	1	1	1	1
karlsson2013	ERR260223_bin.11.p	1	1	1	1	1
karlsson2013	ERR260223_bin.2.p	1	1	1	1	1
karlsson2013	ERR260223_bin.3.s	1	1	1	1	1
karlsson2013	ERR260223_bin.4.o	1	1	1	1	1
karlsson2013	ERR260223_bin.5.s	1	1	1	1	1
karlsson2013	ERR260223_bin.6.s	1	1	1	1	1
karlsson2013	ERR260223_bin.7.o	1	1	1	1	1
karlsson2013	ERR260223_bin.8.s	1	1	1	1	1
karlsson2013	ERR260223_bin.9.p	1	1	1	1	1
karlsson2013	ERR260224_bin.1.p	1	1	1	1	1
karlsson2013	ERR260224_bin.10.p	1	1	1	1	1
karlsson2013	ERR260224_bin.11.s	1	1	1	1	1
karlsson2013	ERR260224_bin.12.p	1	1	1	1	1
karlsson2013	ERR260224_bin.13.p	1	1	1	1	1
karlsson2013	ERR260224_bin.14.p	1	1	1	1	1
karlsson2013	ERR260224_bin.15.p	1	1	1	1	1
karlsson2013	ERR260224_bin.16.o	1	1	1	1	1
karlsson2013	ERR260224_bin.17.s	1	1	1	1	1
karlsson2013	ERR260224_bin.19.s	1	1	1	1	1
karlsson2013	ERR260224_bin.2.p	1	1	1	1	1
karlsson2013	ERR260224_bin.20.p	1	1	1	1	1
karlsson2013	ERR260224_bin.21.s	1	1	1	1	1
karlsson2013	ERR260224_bin.22.p	1	1	1	1	1
karlsson2013	ERR260224_bin.23.p	1	1	1	1	1
karlsson2013	ERR260224_bin.26.s	1	1	1	1	1
karlsson2013	ERR260224_bin.27.p	1	1	1	1	1
karlsson2013	ERR260224_bin.28.s	1	1	1	1	1
karlsson2013	ERR260224_bin.29.o	1	1	1	1	1
karlsson2013	ERR260224_bin.3.p	1	1	1	1	1
karlsson2013	ERR260224_bin.30.s	1	1	1	1	1
karlsson2013	ERR260224_bin.31.s	1	1	1	1	1
karlsson2013	ERR260224_bin.32.s	1	1	1	1	1
karlsson2013	ERR260224_bin.33.p	1	1	1	1	1
karlsson2013	ERR260224_bin.34.p	1	1	1	1	1
karlsson2013	ERR260224_bin.35.s	1	1	1	1	1
karlsson2013	ERR260224_bin.36.p	1	1	1	1	1
karlsson2013	ERR260224_bin.37.s	1	1	1	1	1
karlsson2013	ERR260224_bin.38.o	1	1	1	1	1
karlsson2013	ERR260224_bin.39.p	1	1	1	1	1
karlsson2013	ERR260224_bin.4.s	1	1	1	1	1
karlsson2013	ERR260224_bin.40.s	1	1	1	1	1
karlsson2013	ERR260224_bin.42.s	1	1	1	1	1
karlsson2013	ERR260224_bin.43.p	1	1	1	1	1
karlsson2013	ERR260224_bin.44.p	1	1	1	1	1
karlsson2013	ERR260224_bin.45.p	1	1	1	1	1
karlsson2013	ERR260224_bin.5.p	1	1	1	1	1
karlsson2013	ERR260224_bin.6.p	1	1	1	1	1
karlsson2013	ERR260224_bin.7.s	1	1	1	1	1
karlsson2013	ERR260224_bin.8.o	1	1	1	1	1
karlsson2013	ERR260224_bin.9.s	1	1	1	1	1
karlsson2013	ERR260225_bin.1.s	1	1	1	1	1
karlsson2013	ERR260225_bin.10.s	1	1	1	1	1
karlsson2013	ERR260225_bin.11.s	1	1	1	1	1
karlsson2013	ERR260225_bin.12.s	1	1	1	1	1
karlsson2013	ERR260225_bin.13.s	1	1	1	1	1
karlsson2013	ERR260225_bin.14.p	1	1	1	1	1
karlsson2013	ERR260225_bin.15.s	1	1	1	1	1
karlsson2013	ERR260225_bin.16.p	1	1	1	1	1
karlsson2013	ERR260225_bin.17.p	1	1	1	1	1
karlsson2013	ERR260225_bin.18.s	1	1	1	1	1
karlsson2013	ERR260225_bin.19.s	1	1	1	1	1
karlsson2013	ERR260225_bin.2.p	1	1	1	1	1
karlsson2013	ERR260225_bin.20.p	1	1	1	1	1
karlsson2013	ERR260225_bin.21.o	1	1	1	1	1
karlsson2013	ERR260225_bin.22.o	1	1	1	1	1
karlsson2013	ERR260225_bin.3.p	1	1	1	1	1
karlsson2013	ERR260225_bin.4.s	1	1	1	1	1
karlsson2013	ERR260225_bin.5.p	1	1	1	1	1
karlsson2013	ERR260225_bin.6.o	1	1	1	1	1
karlsson2013	ERR260225_bin.7.p	1	1	1	1	1
karlsson2013	ERR260225_bin.8.o	1	1	1	1	1
karlsson2013	ERR260225_bin.9.s	1	1	1	1	1
karlsson2013	ERR260226_bin.1.p	1	1	1	1	1
karlsson2013	ERR260226_bin.10.p	1	1	1	1	1
karlsson2013	ERR260226_bin.11.p	1	1	1	1	1
karlsson2013	ERR260226_bin.12.p	1	1	1	1	1
karlsson2013	ERR260226_bin.13.p	1	1	1	1	1
karlsson2013	ERR260226_bin.14.p	1	1	1	1	1
karlsson2013	ERR260226_bin.15.s	1	1	1	1	1
karlsson2013	ERR260226_bin.16.p	1	1	1	1	1
karlsson2013	ERR260226_bin.17.p	1	1	1	1	1
karlsson2013	ERR260226_bin.18.s	1	1	1	1	1
karlsson2013	ERR260226_bin.19.p	1	1	1	1	1
karlsson2013	ERR260226_bin.2.p	1	1	1	1	1
karlsson2013	ERR260226_bin.20.p	1	1	1	1	1
karlsson2013	ERR260226_bin.21.p	1	1	1	1	1
karlsson2013	ERR260226_bin.22.o	1	1	1	1	1
karlsson2013	ERR260226_bin.23.o	1	1	1	1	1
karlsson2013	ERR260226_bin.24.s	1	1	1	1	1
karlsson2013	ERR260226_bin.25.p	1	1	1	1	1
karlsson2013	ERR260226_bin.26.s	1	1	1	1	1
karlsson2013	ERR260226_bin.27.p	1	1	1	1	1
karlsson2013	ERR260226_bin.28.s	1	1	1	1	1
karlsson2013	ERR260226_bin.29.o	1	1	1	1	1
karlsson2013	ERR260226_bin.3.p	1	1	1	1	1
karlsson2013	ERR260226_bin.30.p	1	1	1	1	1
karlsson2013	ERR260226_bin.31.s	1	1	1	1	1
karlsson2013	ERR260226_bin.4.s	1	1	1	1	1
karlsson2013	ERR260226_bin.5.s	1	1	1	1	1
karlsson2013	ERR260226_bin.6.s	1	1	1	1	1
karlsson2013	ERR260226_bin.7.p	1	1	1	1	1
karlsson2013	ERR260226_bin.8.s	1	1	1	1	1
karlsson2013	ERR260226_bin.9.p	1	1	1	1	1
karlsson2013	ERR260227_bin.1.p	1	1	1	1	1
karlsson2013	ERR260227_bin.10.p	1	1	1	1	1
karlsson2013	ERR260227_bin.11.o	1	1	1	1	1
karlsson2013	ERR260227_bin.12.p	1	1	1	1	1
karlsson2013	ERR260227_bin.13.s	0	1	1	1	1
karlsson2013	ERR260227_bin.14.p	1	1	1	1	1
karlsson2013	ERR260227_bin.15.p	1	1	1	1	1
karlsson2013	ERR260227_bin.16.p	1	1	1	1	1
karlsson2013	ERR260227_bin.17.s	1	1	1	1	1
karlsson2013	ERR260227_bin.18.s	1	1	1	1	1
karlsson2013	ERR260227_bin.19.o	1	1	1	1	1
karlsson2013	ERR260227_bin.2.o	1	1	1	1	1
karlsson2013	ERR260227_bin.20.s	1	1	1	1	1
karlsson2013	ERR260227_bin.21.p	1	1	1	1	1
karlsson2013	ERR260227_bin.22.p	1	1	1	1	1
karlsson2013	ERR260227_bin.23.s	1	1	1	1	1
karlsson2013	ERR260227_bin.24.p	1	1	1	1	1
karlsson2013	ERR260227_bin.25.o	1	1	1	1	1
karlsson2013	ERR260227_bin.26.p	1	1	1	1	1
karlsson2013	ERR260227_bin.27.p	1	1	1	1	1
karlsson2013	ERR260227_bin.28.s	1	1	1	1	1
karlsson2013	ERR260227_bin.3.s	1	1	1	1	1
karlsson2013	ERR260227_bin.4.s	1	1	1	1	1
karlsson2013	ERR260227_bin.5.p	1	1	1	1	1
karlsson2013	ERR260227_bin.6.s	1	1	1	1	1
karlsson2013	ERR260227_bin.7.s	1	1	1	1	1
karlsson2013	ERR260227_bin.8.s	1	1	1	1	1
karlsson2013	ERR260227_bin.9.s	1	1	1	1	1
karlsson2013	ERR260228_bin.1.p	1	1	1	1	1
karlsson2013	ERR260228_bin.10.s	1	1	1	1	1
karlsson2013	ERR260228_bin.11.p	1	1	1	1	1
karlsson2013	ERR260228_bin.12.p	1	1	1	1	1
karlsson2013	ERR260228_bin.13.o	1	1	1	1	1
karlsson2013	ERR260228_bin.14.p	1	1	1	1	1
karlsson2013	ERR260228_bin.15.p	1	1	1	1	1
karlsson2013	ERR260228_bin.16.s	1	1	1	1	1
karlsson2013	ERR260228_bin.17.s	1	1	1	1	1
karlsson2013	ERR260228_bin.18.p	1	1	1	1	1
karlsson2013	ERR260228_bin.19.p	1	1	1	1	1
karlsson2013	ERR260228_bin.2.s	1	1	1	1	1
karlsson2013	ERR260228_bin.20.s	1	1	1	1	1
karlsson2013	ERR260228_bin.21.o	1	1	1	1	1
karlsson2013	ERR260228_bin.22.o	1	1	1	1	1
karlsson2013	ERR260228_bin.23.p	1	1	1	1	1
karlsson2013	ERR260228_bin.24.p	1	1	1	1	1
karlsson2013	ERR260228_bin.25.p	1	1	1	1	1
karlsson2013	ERR260228_bin.26.s	1	1	1	1	1
karlsson2013	ERR260228_bin.27.s	1	1	1	1	1
karlsson2013	ERR260228_bin.28.p	1	1	1	1	1
karlsson2013	ERR260228_bin.29.p	1	1	1	1	1
karlsson2013	ERR260228_bin.3.o	1	1	1	1	1
karlsson2013	ERR260228_bin.30.s	1	1	1	1	1
karlsson2013	ERR260228_bin.31.s	1	1	1	1	1
karlsson2013	ERR260228_bin.32.o	1	1	1	1	1
karlsson2013	ERR260228_bin.33.s	1	1	1	1	1
karlsson2013	ERR260228_bin.34.o	1	1	1	1	1
karlsson2013	ERR260228_bin.35.p	1	1	1	1	1
karlsson2013	ERR260228_bin.36.p	1	1	1	1	1
karlsson2013	ERR260228_bin.37.s	1	1	1	1	1
karlsson2013	ERR260228_bin.38.s	1	1	1	1	1
karlsson2013	ERR260228_bin.39.s	1	1	1	1	1
karlsson2013	ERR260228_bin.4.p	1	1	1	1	1
karlsson2013	ERR260228_bin.40.p	1	1	1	1	1
karlsson2013	ERR260228_bin.41.p	1	1	1	1	1
karlsson2013	ERR260228_bin.42.p	1	1	1	1	1
karlsson2013	ERR260228_bin.43.p	1	1	1	1	1
karlsson2013	ERR260228_bin.44.p	1	1	1	1	1
karlsson2013	ERR260228_bin.46.o	1	1	1	1	1
karlsson2013	ERR260228_bin.47.p	1	1	1	1	1
karlsson2013	ERR260228_bin.5.s	1	1	1	1	1
karlsson2013	ERR260228_bin.6.s	1	1	1	1	1
karlsson2013	ERR260228_bin.7.p	1	1	1	1	1
karlsson2013	ERR260228_bin.8.p	1	1	1	1	1
karlsson2013	ERR260228_bin.9.p	1	1	1	1	1
karlsson2013	ERR260229_bin.1.s	1	1	1	1	1
karlsson2013	ERR260229_bin.10.p	1	1	1	1	1
karlsson2013	ERR260229_bin.11.p	1	1	1	1	1
karlsson2013	ERR260229_bin.12.p	1	1	1	1	1
karlsson2013	ERR260229_bin.13.p	1	1	1	1	1
karlsson2013	ERR260229_bin.14.o	1	1	1	1	1
karlsson2013	ERR260229_bin.15.s	1	1	1	1	1
karlsson2013	ERR260229_bin.16.s	1	1	1	1	1
karlsson2013	ERR260229_bin.17.p	1	1	1	1	1
karlsson2013	ERR260229_bin.18.s	1	1	1	1	1
karlsson2013	ERR260229_bin.19.s	1	1	1	1	1
karlsson2013	ERR260229_bin.2.p	1	1	1	1	1
karlsson2013	ERR260229_bin.20.p	1	1	1	1	1
karlsson2013	ERR260229_bin.21.p	1	1	1	1	1
karlsson2013	ERR260229_bin.3.p	1	1	1	1	1
karlsson2013	ERR260229_bin.4.p	1	1	1	1	1
karlsson2013	ERR260229_bin.5.p	1	1	1	1	1
karlsson2013	ERR260229_bin.6.p	1	1	1	1	1
karlsson2013	ERR260229_bin.7.p	1	1	1	1	1
karlsson2013	ERR260229_bin.8.s	1	1	1	1	1
karlsson2013	ERR260229_bin.9.p	1	1	1	1	1
karlsson2013	ERR260230_bin.1.o	1	1	1	1	1
karlsson2013	ERR260230_bin.10.p	1	1	1	1	1
karlsson2013	ERR260230_bin.11.s	1	1	1	1	1
karlsson2013	ERR260230_bin.12.p	1	1	1	1	1
karlsson2013	ERR260230_bin.13.p	1	1	1	1	1
karlsson2013	ERR260230_bin.14.p	1	1	1	1	1
karlsson2013	ERR260230_bin.15.p	1	1	1	1	1
karlsson2013	ERR260230_bin.16.s	1	1	1	1	1
karlsson2013	ERR260230_bin.17.s	1	1	1	1	1
karlsson2013	ERR260230_bin.18.s	1	1	1	1	1
karlsson2013	ERR260230_bin.19.p	1	1	1	1	1
karlsson2013	ERR260230_bin.2.p	1	1	1	1	1
karlsson2013	ERR260230_bin.20.p	1	1	1	1	1
karlsson2013	ERR260230_bin.21.p	1	1	1	1	1
karlsson2013	ERR260230_bin.3.p	1	1	1	1	1
karlsson2013	ERR260230_bin.4.p	1	1	1	1	1
karlsson2013	ERR260230_bin.6.p	1	1	1	1	1
karlsson2013	ERR260230_bin.7.o	1	1	1	1	1
karlsson2013	ERR260230_bin.9.p	1	1	1	1	1
karlsson2013	ERR260231_bin.1.p	1	1	1	1	1
karlsson2013	ERR260231_bin.10.p	1	1	1	1	1
karlsson2013	ERR260231_bin.11.p	1	1	1	1	1
karlsson2013	ERR260231_bin.12.p	1	1	1	1	1
karlsson2013	ERR260231_bin.13.p	1	1	1	1	1
karlsson2013	ERR260231_bin.14.p	1	1	1	1	1
karlsson2013	ERR260231_bin.15.s	1	1	1	1	1
karlsson2013	ERR260231_bin.16.p	1	1	1	1	1
karlsson2013	ERR260231_bin.17.s	1	1	1	1	1
karlsson2013	ERR260231_bin.18.p	1	1	1	1	1
karlsson2013	ERR260231_bin.19.p	1	1	1	1	1
karlsson2013	ERR260231_bin.2.p	1	1	1	1	1
karlsson2013	ERR260231_bin.20.o	1	1	1	1	1
karlsson2013	ERR260231_bin.21.p	1	1	1	1	1
karlsson2013	ERR260231_bin.23.p	1	1	1	1	1
karlsson2013	ERR260231_bin.25.o	1	1	1	1	1
karlsson2013	ERR260231_bin.3.p	1	1	1	1	1
karlsson2013	ERR260231_bin.4.p	1	1	1	1	1
karlsson2013	ERR260231_bin.5.p	1	1	1	1	1
karlsson2013	ERR260231_bin.6.p	1	1	1	1	1
karlsson2013	ERR260231_bin.7.p	1	1	1	1	1
karlsson2013	ERR260231_bin.8.p	1	1	1	1	1
karlsson2013	ERR260231_bin.9.p	1	1	1	1	1
karlsson2013	ERR260232_bin.1.p	1	1	1	1	1
karlsson2013	ERR260232_bin.10.s	1	1	1	1	1
karlsson2013	ERR260232_bin.11.p	1	1	0	1	1
karlsson2013	ERR260232_bin.12.p	1	1	1	1	1
karlsson2013	ERR260232_bin.13.p	1	1	1	1	1
karlsson2013	ERR260232_bin.14.p	1	1	1	1	1
karlsson2013	ERR260232_bin.15.p	1	1	1	1	1
karlsson2013	ERR260232_bin.16.p	1	1	1	1	1
karlsson2013	ERR260232_bin.17.s	1	1	1	1	1
karlsson2013	ERR260232_bin.18.o	1	1	1	1	1
karlsson2013	ERR260232_bin.19.p	1	1	1	1	1
karlsson2013	ERR260232_bin.2.p	1	1	1	1	1
karlsson2013	ERR260232_bin.20.p	1	1	1	1	1
karlsson2013	ERR260232_bin.21.p	1	1	1	1	1
karlsson2013	ERR260232_bin.23.s	1	1	1	1	1
karlsson2013	ERR260232_bin.24.p	1	1	1	1	1
karlsson2013	ERR260232_bin.26.p	1	1	1	1	1
karlsson2013	ERR260232_bin.3.s	1	1	1	1	1
karlsson2013	ERR260232_bin.4.s	1	1	1	1	1
karlsson2013	ERR260232_bin.5.p	1	1	1	1	1
karlsson2013	ERR260232_bin.6.s	1	1	1	1	1
karlsson2013	ERR260232_bin.7.s	1	1	1	1	1
karlsson2013	ERR260232_bin.8.p	1	1	1	1	1
karlsson2013	ERR260232_bin.9.p	1	1	1	1	1
karlsson2013	ERR260233_bin.1.p	1	1	1	1	1
karlsson2013	ERR260233_bin.10.p	1	1	1	1	1
karlsson2013	ERR260233_bin.11.p	1	1	1	1	1
karlsson2013	ERR260233_bin.12.p	1	1	1	1	1
karlsson2013	ERR260233_bin.13.p	1	1	1	1	1
karlsson2013	ERR260233_bin.14.o	1	1	1	1	1
karlsson2013	ERR260233_bin.15.p	1	1	1	1	1
karlsson2013	ERR260233_bin.16.p	1	1	1	1	1
karlsson2013	ERR260233_bin.17.s	1	1	0	1	1
karlsson2013	ERR260233_bin.18.s	1	1	1	1	1
karlsson2013	ERR260233_bin.19.p	1	1	1	1	1
karlsson2013	ERR260233_bin.2.p	1	1	1	1	1
karlsson2013	ERR260233_bin.3.o	1	1	1	1	1
karlsson2013	ERR260233_bin.4.o	1	1	1	1	1
karlsson2013	ERR260233_bin.5.p	1	1	1	1	1
karlsson2013	ERR260233_bin.6.p	1	1	1	1	1
karlsson2013	ERR260233_bin.7.p	1	1	1	1	1
karlsson2013	ERR260233_bin.8.s	1	1	1	1	1
karlsson2013	ERR260233_bin.9.s	1	1	1	1	1
karlsson2013	ERR260234_bin.1.p	1	1	1	1	1
karlsson2013	ERR260234_bin.10.s	1	1	1	1	1
karlsson2013	ERR260234_bin.11.s	1	1	1	1	1
karlsson2013	ERR260234_bin.12.p	1	1	1	1	1
karlsson2013	ERR260234_bin.13.o	1	1	1	1	1
karlsson2013	ERR260234_bin.14.p	1	1	1	1	1
karlsson2013	ERR260234_bin.15.p	1	1	1	1	1
karlsson2013	ERR260234_bin.16.p	1	1	1	1	1
karlsson2013	ERR260234_bin.17.p	1	1	1	1	1
karlsson2013	ERR260234_bin.18.p	1	1	1	1	1
karlsson2013	ERR260234_bin.19.s	1	1	1	1	1
karlsson2013	ERR260234_bin.2.p	1	1	1	1	1
karlsson2013	ERR260234_bin.3.p	1	1	1	1	1
karlsson2013	ERR260234_bin.4.s	1	1	1	1	1
karlsson2013	ERR260234_bin.5.p	1	1	1	1	1
karlsson2013	ERR260234_bin.6.s	1	1	1	1	1
karlsson2013	ERR260234_bin.7.p	1	1	1	1	1
karlsson2013	ERR260234_bin.8.s	1	1	1	1	1
karlsson2013	ERR260234_bin.9.p	1	1	1	1	1
karlsson2013	ERR260235_bin.10.o	1	1	1	1	1
karlsson2013	ERR260235_bin.11.p	1	1	1	1	1
karlsson2013	ERR260235_bin.12.p	1	1	1	1	1
karlsson2013	ERR260235_bin.13.p	1	1	1	1	1
karlsson2013	ERR260235_bin.14.p	1	1	1	1	1
karlsson2013	ERR260235_bin.15.p	1	1	1	1	1
karlsson2013	ERR260235_bin.16.s	1	1	1	1	1
karlsson2013	ERR260235_bin.17.s	1	1	1	1	1
karlsson2013	ERR260235_bin.18.o	1	1	1	1	1
karlsson2013	ERR260235_bin.19.p	1	1	1	1	1
karlsson2013	ERR260235_bin.2.p	1	1	1	1	1
karlsson2013	ERR260235_bin.20.p	1	1	1	1	1
karlsson2013	ERR260235_bin.21.o	1	1	1	1	1
karlsson2013	ERR260235_bin.22.s	1	1	1	1	1
karlsson2013	ERR260235_bin.3.s	1	1	1	1	1
karlsson2013	ERR260235_bin.5.p	1	1	1	1	1
karlsson2013	ERR260235_bin.6.s	1	1	1	1	1
karlsson2013	ERR260235_bin.7.s	1	1	1	1	1
karlsson2013	ERR260235_bin.8.p	1	1	1	1	1
karlsson2013	ERR260235_bin.9.p	1	1	1	1	1
karlsson2013	ERR260236_bin.1.p	1	1	1	1	1
karlsson2013	ERR260236_bin.10.s	1	1	1	1	1
karlsson2013	ERR260236_bin.11.s	1	1	1	1	1
karlsson2013	ERR260236_bin.12.s	1	1	1	1	1
karlsson2013	ERR260236_bin.13.s	1	1	1	1	1
karlsson2013	ERR260236_bin.2.p	1	1	1	1	1
karlsson2013	ERR260236_bin.3.o	1	1	1	1	1
karlsson2013	ERR260236_bin.4.p	1	1	1	1	1
karlsson2013	ERR260236_bin.5.p	1	1	1	1	1
karlsson2013	ERR260236_bin.6.s	1	1	1	1	1
karlsson2013	ERR260236_bin.7.p	1	1	1	1	1
karlsson2013	ERR260236_bin.8.p	1	1	1	1	1
karlsson2013	ERR260236_bin.9.p	1	1	1	1	1
karlsson2013	ERR260237_bin.1.p	1	1	1	1	1
karlsson2013	ERR260237_bin.10.p	1	1	1	1	1
karlsson2013	ERR260237_bin.11.p	1	1	1	1	1
karlsson2013	ERR260237_bin.12.o	1	1	1	1	1
karlsson2013	ERR260237_bin.13.s	1	1	1	1	1
karlsson2013	ERR260237_bin.14.p	1	1	1	1	1
karlsson2013	ERR260237_bin.15.p	1	1	1	1	1
karlsson2013	ERR260237_bin.16.p	1	1	1	1	1
karlsson2013	ERR260237_bin.17.s	1	1	1	1	1
karlsson2013	ERR260237_bin.18.s	1	1	1	1	1
karlsson2013	ERR260237_bin.19.s	1	1	1	1	1
karlsson2013	ERR260237_bin.2.o	1	1	1	1	1
karlsson2013	ERR260237_bin.20.p	1	1	1	1	1
karlsson2013	ERR260237_bin.21.s	1	1	1	1	1
karlsson2013	ERR260237_bin.22.s	1	1	1	1	1
karlsson2013	ERR260237_bin.3.p	1	1	1	1	1
karlsson2013	ERR260237_bin.4.p	1	1	1	1	1
karlsson2013	ERR260237_bin.5.p	1	1	1	1	1
karlsson2013	ERR260237_bin.6.p	1	1	1	1	1
karlsson2013	ERR260237_bin.7.p	1	1	1	1	1
karlsson2013	ERR260237_bin.8.o	1	1	1	1	1
karlsson2013	ERR260237_bin.9.o	1	1	1	1	1
karlsson2013	ERR260238_bin.1.p	1	1	1	1	1
karlsson2013	ERR260238_bin.10.p	1	1	1	1	1
karlsson2013	ERR260238_bin.11.p	1	1	1	1	1
karlsson2013	ERR260238_bin.12.s	1	1	1	1	1
karlsson2013	ERR260238_bin.13.o	1	1	1	1	1
karlsson2013	ERR260238_bin.14.p	1	1	1	1	1
karlsson2013	ERR260238_bin.15.s	1	1	1	1	1
karlsson2013	ERR260238_bin.16.p	1	1	1	1	1
karlsson2013	ERR260238_bin.17.p	1	1	1	1	1
karlsson2013	ERR260238_bin.18.o	1	1	1	1	1
karlsson2013	ERR260238_bin.19.p	1	1	1	1	1
karlsson2013	ERR260238_bin.2.s	1	1	1	1	1
karlsson2013	ERR260238_bin.20.p	1	1	1	1	1
karlsson2013	ERR260238_bin.21.p	1	1	1	1	1
karlsson2013	ERR260238_bin.22.p	1	1	1	1	1
karlsson2013	ERR260238_bin.3.p	1	1	1	1	1
karlsson2013	ERR260238_bin.4.p	1	1	1	1	1
karlsson2013	ERR260238_bin.5.s	1	1	1	1	1
karlsson2013	ERR260238_bin.6.p	1	1	1	1	1
karlsson2013	ERR260238_bin.7.s	1	1	1	1	1
karlsson2013	ERR260238_bin.8.p	1	1	1	1	1
karlsson2013	ERR260238_bin.9.p	1	1	1	1	1
karlsson2013	ERR260239_bin.1.s	1	1	1	1	1
karlsson2013	ERR260239_bin.10.p	1	1	1	1	1
karlsson2013	ERR260239_bin.11.s	1	1	1	1	1
karlsson2013	ERR260239_bin.12.p	1	1	1	1	1
karlsson2013	ERR260239_bin.13.p	1	1	1	1	1
karlsson2013	ERR260239_bin.14.p	1	1	1	1	1
karlsson2013	ERR260239_bin.15.s	1	1	1	1	1
karlsson2013	ERR260239_bin.17.p	1	1	1	1	1
karlsson2013	ERR260239_bin.18.s	1	1	1	1	1
karlsson2013	ERR260239_bin.19.s	1	1	1	1	1
karlsson2013	ERR260239_bin.2.p	1	1	1	1	1
karlsson2013	ERR260239_bin.20.p	1	1	1	1	1
karlsson2013	ERR260239_bin.21.p	1	1	1	1	1
karlsson2013	ERR260239_bin.22.p	1	1	1	1	1
karlsson2013	ERR260239_bin.23.p	1	1	1	1	1
karlsson2013	ERR260239_bin.24.s	1	1	1	1	1
karlsson2013	ERR260239_bin.25.p	1	1	1	1	1
karlsson2013	ERR260239_bin.26.s	1	1	1	1	1
karlsson2013	ERR260239_bin.27.s	1	1	1	1	1
karlsson2013	ERR260239_bin.28.s	1	1	1	1	1
karlsson2013	ERR260239_bin.29.p	1	1	1	1	1
karlsson2013	ERR260239_bin.3.s	1	1	1	1	1
karlsson2013	ERR260239_bin.30.o	1	1	1	1	1
karlsson2013	ERR260239_bin.31.s	1	1	1	1	1
karlsson2013	ERR260239_bin.34.p	1	1	1	1	1
karlsson2013	ERR260239_bin.4.s	1	1	1	1	1
karlsson2013	ERR260239_bin.5.p	1	1	1	1	1
karlsson2013	ERR260239_bin.6.p	1	1	1	1	1
karlsson2013	ERR260239_bin.7.p	1	1	1	1	1
karlsson2013	ERR260239_bin.8.p	1	1	1	1	1
karlsson2013	ERR260239_bin.9.p	1	1	1	1	1
karlsson2013	ERR260240_bin.1.p	1	1	1	1	1
karlsson2013	ERR260240_bin.10.p	1	1	1	1	1
karlsson2013	ERR260240_bin.11.s	1	1	1	1	1
karlsson2013	ERR260240_bin.12.p	1	1	1	1	1
karlsson2013	ERR260240_bin.13.p	1	1	1	1	1
karlsson2013	ERR260240_bin.14.p	1	1	1	1	1
karlsson2013	ERR260240_bin.15.p	1	1	1	1	1
karlsson2013	ERR260240_bin.16.p	1	1	1	1	1
karlsson2013	ERR260240_bin.17.p	1	1	1	1	1
karlsson2013	ERR260240_bin.18.p	1	1	1	1	1
karlsson2013	ERR260240_bin.19.p	1	1	1	1	1
karlsson2013	ERR260240_bin.2.o	1	1	1	1	1
karlsson2013	ERR260240_bin.20.p	1	1	1	1	1
karlsson2013	ERR260240_bin.21.p	1	1	1	1	1
karlsson2013	ERR260240_bin.22.s	1	1	1	1	1
karlsson2013	ERR260240_bin.23.o	1	1	1	1	1
karlsson2013	ERR260240_bin.25.p	1	1	1	1	1
karlsson2013	ERR260240_bin.26.s	1	1	1	1	1
karlsson2013	ERR260240_bin.27.p	1	1	1	1	1
karlsson2013	ERR260240_bin.3.p	1	1	1	1	1
karlsson2013	ERR260240_bin.4.s	1	1	1	1	1
karlsson2013	ERR260240_bin.5.p	1	1	1	1	1
karlsson2013	ERR260240_bin.6.o	1	1	1	1	1
karlsson2013	ERR260240_bin.8.o	1	1	1	1	1
karlsson2013	ERR260240_bin.9.p	1	1	1	1	1
karlsson2013	ERR260241_bin.1.p	1	1	1	1	1
karlsson2013	ERR260241_bin.10.o	1	1	1	1	1
karlsson2013	ERR260241_bin.11.p	1	1	1	1	1
karlsson2013	ERR260241_bin.12.p	1	1	1	1	1
karlsson2013	ERR260241_bin.13.p	1	1	1	1	1
karlsson2013	ERR260241_bin.14.s	1	1	1	1	1
karlsson2013	ERR260241_bin.15.s	1	1	1	1	1
karlsson2013	ERR260241_bin.16.p	1	1	1	1	1
karlsson2013	ERR260241_bin.17.p	1	1	1	1	1
karlsson2013	ERR260241_bin.18.p	1	1	1	1	1
karlsson2013	ERR260241_bin.19.s	1	1	1	1	1
karlsson2013	ERR260241_bin.2.s	1	1	1	1	1
karlsson2013	ERR260241_bin.20.p	1	1	1	1	1
karlsson2013	ERR260241_bin.21.o	1	1	1	1	1
karlsson2013	ERR260241_bin.3.p	1	1	1	1	1
karlsson2013	ERR260241_bin.4.p	1	1	1	1	1
karlsson2013	ERR260241_bin.5.s	1	1	1	1	1
karlsson2013	ERR260241_bin.6.p	1	1	1	1	1
karlsson2013	ERR260241_bin.8.p	1	1	1	1	1
karlsson2013	ERR260241_bin.9.s	1	1	1	1	1
karlsson2013	ERR260242_bin.1.s	1	1	1	1	1
karlsson2013	ERR260242_bin.10.p	1	1	1	1	1
karlsson2013	ERR260242_bin.11.p	1	1	1	1	1
karlsson2013	ERR260242_bin.12.p	1	1	1	1	1
karlsson2013	ERR260242_bin.13.p	1	1	1	1	1
karlsson2013	ERR260242_bin.14.s	1	1	1	1	1
karlsson2013	ERR260242_bin.15.s	1	1	1	1	1
karlsson2013	ERR260242_bin.16.o	1	1	1	1	1
karlsson2013	ERR260242_bin.17.p	1	1	1	1	1
karlsson2013	ERR260242_bin.18.p	1	1	1	1	1
karlsson2013	ERR260242_bin.19.s	1	1	1	1	1
karlsson2013	ERR260242_bin.2.o	1	1	1	1	1
karlsson2013	ERR260242_bin.20.s	1	1	1	1	1
karlsson2013	ERR260242_bin.3.s	1	1	1	1	1
karlsson2013	ERR260242_bin.4.s	1	1	1	1	1
karlsson2013	ERR260242_bin.5.p	1	1	1	1	1
karlsson2013	ERR260242_bin.6.p	1	1	1	1	1
karlsson2013	ERR260242_bin.7.s	1	1	1	1	1
karlsson2013	ERR260242_bin.8.p	1	1	1	1	1
karlsson2013	ERR260242_bin.9.s	1	1	1	1	1
karlsson2013	ERR260243_bin.1.p	1	1	1	1	1
karlsson2013	ERR260243_bin.10.s	1	1	1	1	1
karlsson2013	ERR260243_bin.11.p	1	1	1	1	1
karlsson2013	ERR260243_bin.12.p	1	1	1	1	1
karlsson2013	ERR260243_bin.13.p	1	1	1	1	1
karlsson2013	ERR260243_bin.14.s	1	1	1	1	1
karlsson2013	ERR260243_bin.15.p	1	1	1	1	1
karlsson2013	ERR260243_bin.16.p	1	1	1	1	1
karlsson2013	ERR260243_bin.17.p	1	1	1	1	1
karlsson2013	ERR260243_bin.18.s	1	1	1	1	1
karlsson2013	ERR260243_bin.19.p	1	1	1	1	1
karlsson2013	ERR260243_bin.2.o	1	1	1	1	1
karlsson2013	ERR260243_bin.20.o	1	1	1	1	1
karlsson2013	ERR260243_bin.21.p	1	1	1	1	1
karlsson2013	ERR260243_bin.22.p	1	1	1	1	1
karlsson2013	ERR260243_bin.23.p	1	1	1	1	1
karlsson2013	ERR260243_bin.24.s	1	1	1	1	1
karlsson2013	ERR260243_bin.25.p	1	1	1	1	1
karlsson2013	ERR260243_bin.26.p	1	1	1	1	1
karlsson2013	ERR260243_bin.27.s	1	1	1	1	1
karlsson2013	ERR260243_bin.3.p	1	1	1	1	1
karlsson2013	ERR260243_bin.4.p	1	1	1	1	1
karlsson2013	ERR260243_bin.5.o	1	1	1	1	1
karlsson2013	ERR260243_bin.6.p	1	1	1	1	1
karlsson2013	ERR260243_bin.7.p	1	1	1	1	1
karlsson2013	ERR260243_bin.8.p	1	1	1	1	1
karlsson2013	ERR260243_bin.9.p	1	1	1	1	1
karlsson2013	ERR260244_bin.1.p	1	1	1	1	1
karlsson2013	ERR260244_bin.10.p	1	1	1	1	1
karlsson2013	ERR260244_bin.11.p	1	1	1	1	1
karlsson2013	ERR260244_bin.12.p	1	1	1	1	1
karlsson2013	ERR260244_bin.13.p	1	1	1	1	1
karlsson2013	ERR260244_bin.14.p	1	1	1	1	1
karlsson2013	ERR260244_bin.15.s	1	1	1	1	1
karlsson2013	ERR260244_bin.16.p	1	1	1	1	1
karlsson2013	ERR260244_bin.17.p	1	1	1	1	1
karlsson2013	ERR260244_bin.18.s	1	1	1	1	1
karlsson2013	ERR260244_bin.19.p	1	1	1	1	1
karlsson2013	ERR260244_bin.2.o	1	1	1	1	1
karlsson2013	ERR260244_bin.20.p	1	1	1	1	1
karlsson2013	ERR260244_bin.21.s	1	1	1	1	1
karlsson2013	ERR260244_bin.22.p	1	1	1	1	1
karlsson2013	ERR260244_bin.23.s	1	1	1	1	1
karlsson2013	ERR260244_bin.24.s	1	1	1	1	1
karlsson2013	ERR260244_bin.25.s	1	1	1	1	1
karlsson2013	ERR260244_bin.26.s	1	1	1	1	1
karlsson2013	ERR260244_bin.27.s	1	1	1	1	1
karlsson2013	ERR260244_bin.28.p	1	1	1	1	1
karlsson2013	ERR260244_bin.29.p	1	1	1	1	1
karlsson2013	ERR260244_bin.3.s	1	1	1	1	1
karlsson2013	ERR260244_bin.4.p	1	1	1	1	1
karlsson2013	ERR260244_bin.5.p	1	1	1	1	1
karlsson2013	ERR260244_bin.6.s	1	1	1	1	1
karlsson2013	ERR260244_bin.7.p	1	1	1	1	1
karlsson2013	ERR260244_bin.8.p	1	1	1	1	1
karlsson2013	ERR260244_bin.9.s	1	1	1	1	1
karlsson2013	ERR260245_bin.1.p	1	1	1	1	1
karlsson2013	ERR260245_bin.10.p	1	1	1	1	1
karlsson2013	ERR260245_bin.12.s	1	1	1	1	1
karlsson2013	ERR260245_bin.13.p	1	1	1	1	1
karlsson2013	ERR260245_bin.14.o	1	1	1	1	1
karlsson2013	ERR260245_bin.15.o	1	1	1	1	1
karlsson2013	ERR260245_bin.16.s	1	1	1	1	1
karlsson2013	ERR260245_bin.17.s	1	1	1	1	1
karlsson2013	ERR260245_bin.18.o	1	1	1	1	1
karlsson2013	ERR260245_bin.19.o	1	1	1	1	1
karlsson2013	ERR260245_bin.2.p	1	1	1	1	1
karlsson2013	ERR260245_bin.21.p	1	1	1	1	1
karlsson2013	ERR260245_bin.22.p	1	1	1	1	1
karlsson2013	ERR260245_bin.24.o	1	1	1	1	1
karlsson2013	ERR260245_bin.26.p	1	1	1	1	1
karlsson2013	ERR260245_bin.27.s	1	1	1	1	1
karlsson2013	ERR260245_bin.28.p	1	1	1	1	1
karlsson2013	ERR260245_bin.29.p	1	1	1	1	1
karlsson2013	ERR260245_bin.30.p	1	1	1	1	1
karlsson2013	ERR260245_bin.31.p	1	1	1	1	1
karlsson2013	ERR260245_bin.32.p	1	1	1	1	1
karlsson2013	ERR260245_bin.33.p	1	1	1	1	1
karlsson2013	ERR260245_bin.34.s	1	1	1	1	1
karlsson2013	ERR260245_bin.35.p	1	1	1	1	1
karlsson2013	ERR260245_bin.36.s	1	1	1	1	1
karlsson2013	ERR260245_bin.37.s	1	1	1	1	1
karlsson2013	ERR260245_bin.4.s	1	1	1	1	1
karlsson2013	ERR260245_bin.40.p	1	1	1	1	1
karlsson2013	ERR260245_bin.5.p	1	1	1	1	1
karlsson2013	ERR260245_bin.6.s	1	1	1	1	1
karlsson2013	ERR260245_bin.7.p	1	1	1	1	1
karlsson2013	ERR260245_bin.8.s	1	1	1	1	1
karlsson2013	ERR260245_bin.9.s	1	1	1	1	1
karlsson2013	ERR260246_bin.1.p	1	1	1	1	1
karlsson2013	ERR260246_bin.10.o	1	1	1	1	1
karlsson2013	ERR260246_bin.11.p	1	1	1	1	1
karlsson2013	ERR260246_bin.12.p	1	1	1	1	1
karlsson2013	ERR260246_bin.13.p	1	1	1	1	1
karlsson2013	ERR260246_bin.14.p	1	1	1	1	1
karlsson2013	ERR260246_bin.15.o	1	1	1	1	1
karlsson2013	ERR260246_bin.16.p	1	1	1	1	1
karlsson2013	ERR260246_bin.17.p	1	1	1	1	1
karlsson2013	ERR260246_bin.18.s	1	1	1	1	1
karlsson2013	ERR260246_bin.19.p	1	1	1	1	1
karlsson2013	ERR260246_bin.2.p	1	1	1	1	1
karlsson2013	ERR260246_bin.20.p	1	1	1	1	1
karlsson2013	ERR260246_bin.21.p	1	1	1	1	1
karlsson2013	ERR260246_bin.22.s	1	1	1	1	1
karlsson2013	ERR260246_bin.23.s	1	1	1	1	1
karlsson2013	ERR260246_bin.24.p	1	1	1	1	1
karlsson2013	ERR260246_bin.25.p	1	1	1	1	1
karlsson2013	ERR260246_bin.26.p	1	1	1	1	1
karlsson2013	ERR260246_bin.27.p	1	1	1	1	1
karlsson2013	ERR260246_bin.3.p	1	1	1	1	1
karlsson2013	ERR260246_bin.4.s	1	1	1	1	1
karlsson2013	ERR260246_bin.5.p	1	1	1	1	1
karlsson2013	ERR260246_bin.6.s	1	1	1	1	1
karlsson2013	ERR260246_bin.7.p	1	1	1	1	1
karlsson2013	ERR260246_bin.8.s	1	1	1	1	1
karlsson2013	ERR260246_bin.9.s	1	1	1	1	1
karlsson2013	ERR260247_bin.1.p	1	1	1	1	1
karlsson2013	ERR260247_bin.10.s	1	1	1	1	1
karlsson2013	ERR260247_bin.11.o	1	1	1	1	1
karlsson2013	ERR260247_bin.12.s	1	1	1	1	1
karlsson2013	ERR260247_bin.13.p	1	1	1	1	1
karlsson2013	ERR260247_bin.14.p	1	1	1	1	1
karlsson2013	ERR260247_bin.15.p	1	1	1	1	1
karlsson2013	ERR260247_bin.16.p	1	1	1	1	1
karlsson2013	ERR260247_bin.17.s	1	1	1	1	1
karlsson2013	ERR260247_bin.18.p	1	1	1	1	1
karlsson2013	ERR260247_bin.19.s	1	1	1	1	1
karlsson2013	ERR260247_bin.2.o	1	1	1	1	1
karlsson2013	ERR260247_bin.20.s	1	1	1	1	1
karlsson2013	ERR260247_bin.22.p	1	1	1	1	1
karlsson2013	ERR260247_bin.23.s	1	1	1	1	1
karlsson2013	ERR260247_bin.24.p	1	1	1	1	1
karlsson2013	ERR260247_bin.25.o	1	1	1	1	1
karlsson2013	ERR260247_bin.26.p	1	1	1	1	1
karlsson2013	ERR260247_bin.4.p	1	1	1	1	1
karlsson2013	ERR260247_bin.5.s	1	1	1	1	1
karlsson2013	ERR260247_bin.6.s	1	1	1	1	1
karlsson2013	ERR260247_bin.7.p	1	1	1	1	1
karlsson2013	ERR260247_bin.8.p	1	1	1	1	1
karlsson2013	ERR260247_bin.9.s	1	1	1	1	1
karlsson2013	ERR260248_bin.1.p	1	1	1	1	1
karlsson2013	ERR260248_bin.10.s	1	1	1	1	1
karlsson2013	ERR260248_bin.11.s	1	1	1	1	1
karlsson2013	ERR260248_bin.12.s	1	1	1	1	1
karlsson2013	ERR260248_bin.13.p	1	1	1	1	1
karlsson2013	ERR260248_bin.14.s	1	1	1	1	1
karlsson2013	ERR260248_bin.15.p	1	1	1	1	1
karlsson2013	ERR260248_bin.16.p	1	1	1	1	1
karlsson2013	ERR260248_bin.17.p	1	1	1	1	1
karlsson2013	ERR260248_bin.18.p	1	1	1	1	1
karlsson2013	ERR260248_bin.19.p	1	1	1	1	1
karlsson2013	ERR260248_bin.2.s	1	1	1	1	1
karlsson2013	ERR260248_bin.20.o	1	1	1	1	1
karlsson2013	ERR260248_bin.21.p	1	1	1	1	1
karlsson2013	ERR260248_bin.22.s	1	1	1	1	1
karlsson2013	ERR260248_bin.23.p	1	1	1	1	1
karlsson2013	ERR260248_bin.24.p	1	1	1	1	1
karlsson2013	ERR260248_bin.25.s	1	1	1	1	1
karlsson2013	ERR260248_bin.3.p	1	1	1	1	1
karlsson2013	ERR260248_bin.4.s	1	1	1	1	1
karlsson2013	ERR260248_bin.5.s	1	1	1	1	1
karlsson2013	ERR260248_bin.6.p	1	1	1	1	1
karlsson2013	ERR260248_bin.7.p	1	1	1	1	1
karlsson2013	ERR260248_bin.9.s	1	1	1	1	1
karlsson2013	ERR260249_bin.1.s	1	1	1	1	1
karlsson2013	ERR260249_bin.10.p	1	1	1	1	1
karlsson2013	ERR260249_bin.11.p	1	1	1	1	1
karlsson2013	ERR260249_bin.12.p	1	1	1	1	1
karlsson2013	ERR260249_bin.13.s	1	1	1	1	1
karlsson2013	ERR260249_bin.14.s	1	1	1	1	1
karlsson2013	ERR260249_bin.15.s	1	1	1	1	1
karlsson2013	ERR260249_bin.16.p	1	1	1	1	1
karlsson2013	ERR260249_bin.17.p	1	1	1	1	1
karlsson2013	ERR260249_bin.18.p	1	1	1	1	1
karlsson2013	ERR260249_bin.19.p	1	1	1	1	1
karlsson2013	ERR260249_bin.2.p	1	1	1	1	1
karlsson2013	ERR260249_bin.20.s	1	1	1	1	1
karlsson2013	ERR260249_bin.21.p	1	1	1	1	1
karlsson2013	ERR260249_bin.22.s	1	1	1	1	1
karlsson2013	ERR260249_bin.23.p	1	1	1	1	1
karlsson2013	ERR260249_bin.24.o	1	1	1	1	1
karlsson2013	ERR260249_bin.25.o	1	1	1	1	1
karlsson2013	ERR260249_bin.3.p	1	1	1	1	1
karlsson2013	ERR260249_bin.4.p	1	1	1	1	1
karlsson2013	ERR260249_bin.5.p	1	1	1	1	1
karlsson2013	ERR260249_bin.6.o	1	1	1	1	1
karlsson2013	ERR260249_bin.7.p	1	1	1	1	1
karlsson2013	ERR260249_bin.8.p	1	1	1	1	1
karlsson2013	ERR260249_bin.9.o	1	1	1	1	1
karlsson2013	ERR260250_bin.1.s	1	1	1	1	1
karlsson2013	ERR260250_bin.10.s	1	1	1	1	1
karlsson2013	ERR260250_bin.12.p	1	1	1	1	1
karlsson2013	ERR260250_bin.13.s	1	1	1	1	1
karlsson2013	ERR260250_bin.14.s	1	1	1	1	1
karlsson2013	ERR260250_bin.15.p	1	1	1	1	1
karlsson2013	ERR260250_bin.16.s	1	1	1	1	1
karlsson2013	ERR260250_bin.17.s	1	1	1	1	1
karlsson2013	ERR260250_bin.18.p	1	1	1	1	1
karlsson2013	ERR260250_bin.19.o	1	1	1	1	1
karlsson2013	ERR260250_bin.2.s	1	1	1	1	1
karlsson2013	ERR260250_bin.20.p	1	1	1	1	1
karlsson2013	ERR260250_bin.21.p	1	1	1	1	1
karlsson2013	ERR260250_bin.22.s	1	1	1	1	1
karlsson2013	ERR260250_bin.23.p	1	1	1	1	1
karlsson2013	ERR260250_bin.24.s	1	1	1	1	1
karlsson2013	ERR260250_bin.25.s	1	1	1	1	1
karlsson2013	ERR260250_bin.26.s	1	1	1	1	1
karlsson2013	ERR260250_bin.27.p	1	1	1	1	1
karlsson2013	ERR260250_bin.28.p	1	1	1	1	1
karlsson2013	ERR260250_bin.29.p	1	1	1	1	1
karlsson2013	ERR260250_bin.3.p	1	1	1	1	1
karlsson2013	ERR260250_bin.30.p	1	1	1	1	1
karlsson2013	ERR260250_bin.31.p	1	1	1	1	1
karlsson2013	ERR260250_bin.32.p	1	1	1	1	1
karlsson2013	ERR260250_bin.33.p	1	1	1	1	1
karlsson2013	ERR260250_bin.4.p	1	1	1	1	1
karlsson2013	ERR260250_bin.5.o	1	1	1	1	1
karlsson2013	ERR260250_bin.6.p	1	1	1	1	1
karlsson2013	ERR260250_bin.7.p	1	1	1	1	1
karlsson2013	ERR260250_bin.8.p	1	1	1	1	1
karlsson2013	ERR260250_bin.9.s	1	1	1	1	1
karlsson2013	ERR260251_bin.1.p	1	1	1	1	1
karlsson2013	ERR260251_bin.10.o	1	1	1	1	1
karlsson2013	ERR260251_bin.12.s	1	1	1	1	1
karlsson2013	ERR260251_bin.13.p	1	1	1	1	1
karlsson2013	ERR260251_bin.14.p	1	1	1	1	1
karlsson2013	ERR260251_bin.15.p	1	1	1	1	1
karlsson2013	ERR260251_bin.16.p	1	1	1	1	1
karlsson2013	ERR260251_bin.17.p	1	1	1	1	1
karlsson2013	ERR260251_bin.18.s	1	1	1	1	1
karlsson2013	ERR260251_bin.19.s	1	1	1	1	1
karlsson2013	ERR260251_bin.2.p	1	1	1	1	1
karlsson2013	ERR260251_bin.20.s	1	1	1	1	1
karlsson2013	ERR260251_bin.21.p	1	1	1	1	1
karlsson2013	ERR260251_bin.22.s	1	1	1	1	1
karlsson2013	ERR260251_bin.23.p	1	1	1	1	1
karlsson2013	ERR260251_bin.24.s	1	1	1	1	1
karlsson2013	ERR260251_bin.25.p	1	1	1	1	1
karlsson2013	ERR260251_bin.26.p	1	1	1	1	1
karlsson2013	ERR260251_bin.27.p	1	1	1	1	1
karlsson2013	ERR260251_bin.28.s	1	1	1	1	1
karlsson2013	ERR260251_bin.29.p	1	1	1	1	1
karlsson2013	ERR260251_bin.3.s	1	1	1	1	1
karlsson2013	ERR260251_bin.30.s	1	1	1	1	1
karlsson2013	ERR260251_bin.31.p	1	1	1	1	1
karlsson2013	ERR260251_bin.4.p	1	1	1	1	1
karlsson2013	ERR260251_bin.5.p	1	1	1	1	1
karlsson2013	ERR260251_bin.6.p	1	1	1	1	1
karlsson2013	ERR260251_bin.7.s	1	1	1	1	1
karlsson2013	ERR260251_bin.8.p	1	1	1	1	1
karlsson2013	ERR260251_bin.9.p	1	1	1	1	1
karlsson2013	ERR260253_bin.1.p	1	1	1	1	1
karlsson2013	ERR260253_bin.10.p	1	1	1	1	1
karlsson2013	ERR260253_bin.11.p	1	1	1	1	1
karlsson2013	ERR260253_bin.12.p	1	1	1	1	1
karlsson2013	ERR260253_bin.13.p	1	1	1	1	1
karlsson2013	ERR260253_bin.14.s	1	1	1	1	1
karlsson2013	ERR260253_bin.15.p	1	1	1	1	1
karlsson2013	ERR260253_bin.16.p	1	1	1	1	1
karlsson2013	ERR260253_bin.18.p	1	1	1	1	1
karlsson2013	ERR260253_bin.19.p	1	1	1	1	1
karlsson2013	ERR260253_bin.2.s	1	1	1	1	1
karlsson2013	ERR260253_bin.20.s	1	1	1	1	1
karlsson2013	ERR260253_bin.21.p	1	1	1	1	1
karlsson2013	ERR260253_bin.22.o	1	1	1	1	1
karlsson2013	ERR260253_bin.23.s	1	1	1	1	1
karlsson2013	ERR260253_bin.24.p	1	1	1	1	1
karlsson2013	ERR260253_bin.25.p	1	1	1	1	1
karlsson2013	ERR260253_bin.26.s	1	1	1	1	1
karlsson2013	ERR260253_bin.27.p	1	1	1	1	1
karlsson2013	ERR260253_bin.28.s	1	1	1	1	1
karlsson2013	ERR260253_bin.29.p	1	1	1	1	1
karlsson2013	ERR260253_bin.3.p	1	1	1	1	1
karlsson2013	ERR260253_bin.4.o	1	1	1	1	1
karlsson2013	ERR260253_bin.5.o	1	1	1	1	1
karlsson2013	ERR260253_bin.6.p	1	1	1	1	1
karlsson2013	ERR260253_bin.7.p	1	1	1	1	1
karlsson2013	ERR260253_bin.8.p	1	1	1	1	1
karlsson2013	ERR260253_bin.9.s	1	1	1	1	1
karlsson2013	ERR260254_bin.1.p	1	1	1	1	1
karlsson2013	ERR260254_bin.10.s	1	1	1	1	1
karlsson2013	ERR260254_bin.11.p	1	1	1	1	1
karlsson2013	ERR260254_bin.12.p	1	1	1	1	1
karlsson2013	ERR260254_bin.13.o	1	1	1	1	1
karlsson2013	ERR260254_bin.14.s	1	1	1	1	1
karlsson2013	ERR260254_bin.15.o	1	1	1	1	1
karlsson2013	ERR260254_bin.16.p	1	1	1	1	1
karlsson2013	ERR260254_bin.17.p	1	1	1	1	1
karlsson2013	ERR260254_bin.18.p	1	1	1	1	1
karlsson2013	ERR260254_bin.19.p	1	1	1	1	1
karlsson2013	ERR260254_bin.2.s	1	1	1	1	1
karlsson2013	ERR260254_bin.20.p	1	1	1	1	1
karlsson2013	ERR260254_bin.22.p	1	1	1	1	1
karlsson2013	ERR260254_bin.23.s	1	1	1	1	1
karlsson2013	ERR260254_bin.24.p	1	1	1	1	1
karlsson2013	ERR260254_bin.25.p	1	1	1	1	1
karlsson2013	ERR260254_bin.26.o	1	1	1	1	1
karlsson2013	ERR260254_bin.27.s	1	1	1	1	1
karlsson2013	ERR260254_bin.28.p	1	1	1	1	1
karlsson2013	ERR260254_bin.29.o	1	1	1	1	1
karlsson2013	ERR260254_bin.3.s	1	1	1	1	1
karlsson2013	ERR260254_bin.30.s	1	1	1	1	1
karlsson2013	ERR260254_bin.31.s	1	1	1	1	1
karlsson2013	ERR260254_bin.32.p	1	1	1	1	1
karlsson2013	ERR260254_bin.4.p	1	1	1	1	1
karlsson2013	ERR260254_bin.5.p	1	1	1	1	1
karlsson2013	ERR260254_bin.6.s	1	1	1	1	1
karlsson2013	ERR260254_bin.7.s	1	1	1	1	1
karlsson2013	ERR260254_bin.8.p	1	1	1	1	1
karlsson2013	ERR260254_bin.9.p	1	1	1	1	1
karlsson2013	ERR260255_bin.1.p	1	1	1	1	1
karlsson2013	ERR260255_bin.10.p	1	1	1	1	1
karlsson2013	ERR260255_bin.11.p	1	1	1	1	1
karlsson2013	ERR260255_bin.12.s	1	1	1	1	1
karlsson2013	ERR260255_bin.13.p	1	1	1	1	1
karlsson2013	ERR260255_bin.14.p	1	1	1	1	1
karlsson2013	ERR260255_bin.15.s	1	1	1	1	1
karlsson2013	ERR260255_bin.17.p	1	1	1	1	1
karlsson2013	ERR260255_bin.18.s	1	1	1	1	1
karlsson2013	ERR260255_bin.19.p	1	1	1	1	1
karlsson2013	ERR260255_bin.2.s	1	1	1	1	1
karlsson2013	ERR260255_bin.20.s	1	1	1	1	1
karlsson2013	ERR260255_bin.22.p	1	1	1	1	1
karlsson2013	ERR260255_bin.23.p	1	1	1	1	1
karlsson2013	ERR260255_bin.24.s	1	1	1	1	1
karlsson2013	ERR260255_bin.25.p	1	1	1	1	1
karlsson2013	ERR260255_bin.26.p	1	1	1	1	1
karlsson2013	ERR260255_bin.27.p	1	1	1	1	1
karlsson2013	ERR260255_bin.28.s	1	1	1	1	1
karlsson2013	ERR260255_bin.29.s	1	1	1	1	1
karlsson2013	ERR260255_bin.3.s	1	1	1	1	1
karlsson2013	ERR260255_bin.30.o	1	1	1	1	1
karlsson2013	ERR260255_bin.31.p	1	1	1	1	1
karlsson2013	ERR260255_bin.32.s	1	1	1	1	1
karlsson2013	ERR260255_bin.4.p	1	1	1	1	1
karlsson2013	ERR260255_bin.5.p	1	1	1	1	1
karlsson2013	ERR260255_bin.6.s	1	1	1	1	1
karlsson2013	ERR260255_bin.7.p	1	1	1	1	1
karlsson2013	ERR260255_bin.8.p	1	1	1	1	1
karlsson2013	ERR260255_bin.9.s	1	1	1	1	1
karlsson2013	ERR260256_bin.1.p	1	1	1	1	1
karlsson2013	ERR260256_bin.10.s	1	1	1	1	1
karlsson2013	ERR260256_bin.12.p	1	1	1	1	1
karlsson2013	ERR260256_bin.13.s	1	1	1	1	1
karlsson2013	ERR260256_bin.14.p	1	1	1	1	1
karlsson2013	ERR260256_bin.15.p	1	1	1	1	1
karlsson2013	ERR260256_bin.16.p	1	1	1	1	1
karlsson2013	ERR260256_bin.17.s	1	1	1	1	1
karlsson2013	ERR260256_bin.18.o	1	1	1	1	1
karlsson2013	ERR260256_bin.19.p	1	1	1	1	1
karlsson2013	ERR260256_bin.2.s	1	1	1	1	1
karlsson2013	ERR260256_bin.20.p	1	1	1	1	1
karlsson2013	ERR260256_bin.21.s	1	1	1	1	1
karlsson2013	ERR260256_bin.22.p	1	1	1	1	1
karlsson2013	ERR260256_bin.23.p	1	1	1	1	1
karlsson2013	ERR260256_bin.25.s	1	1	1	1	1
karlsson2013	ERR260256_bin.26.p	1	1	1	1	1
karlsson2013	ERR260256_bin.27.o	1	1	1	1	1
karlsson2013	ERR260256_bin.28.p	1	1	1	1	1
karlsson2013	ERR260256_bin.29.p	1	1	1	1	1
karlsson2013	ERR260256_bin.3.s	1	1	1	1	1
karlsson2013	ERR260256_bin.30.p	1	1	1	1	1
karlsson2013	ERR260256_bin.31.s	0	1	1	1	1
karlsson2013	ERR260256_bin.32.p	1	1	1	1	1
karlsson2013	ERR260256_bin.33.p	1	1	1	1	1
karlsson2013	ERR260256_bin.34.p	1	1	1	1	1
karlsson2013	ERR260256_bin.35.s	1	1	1	1	1
karlsson2013	ERR260256_bin.36.s	1	1	1	1	1
karlsson2013	ERR260256_bin.37.s	1	1	1	1	1
karlsson2013	ERR260256_bin.38.p	1	1	1	1	1
karlsson2013	ERR260256_bin.39.s	1	1	1	1	1
karlsson2013	ERR260256_bin.4.p	1	1	1	1	1
karlsson2013	ERR260256_bin.40.s	1	1	1	1	1
karlsson2013	ERR260256_bin.41.p	1	1	1	1	1
karlsson2013	ERR260256_bin.42.o	1	1	1	1	1
karlsson2013	ERR260256_bin.43.s	1	1	1	1	1
karlsson2013	ERR260256_bin.44.p	1	1	1	1	1
karlsson2013	ERR260256_bin.6.p	1	1	1	1	1
karlsson2013	ERR260256_bin.7.s	1	1	1	1	1
karlsson2013	ERR260256_bin.8.p	1	1	1	1	1
karlsson2013	ERR260256_bin.9.s	1	1	1	1	1
karlsson2013	ERR260257_bin.1.p	1	1	1	1	1
karlsson2013	ERR260257_bin.10.s	1	1	1	1	1
karlsson2013	ERR260257_bin.11.p	1	1	1	1	1
karlsson2013	ERR260257_bin.12.s	1	1	1	1	1
karlsson2013	ERR260257_bin.13.s	1	1	1	1	1
karlsson2013	ERR260257_bin.14.o	1	1	1	1	1
karlsson2013	ERR260257_bin.15.s	1	1	1	1	1
karlsson2013	ERR260257_bin.16.p	1	1	1	1	1
karlsson2013	ERR260257_bin.17.p	1	1	1	1	1
karlsson2013	ERR260257_bin.18.o	1	1	1	1	1
karlsson2013	ERR260257_bin.19.p	1	1	1	1	1
karlsson2013	ERR260257_bin.2.s	1	1	1	1	1
karlsson2013	ERR260257_bin.20.p	1	1	1	1	1
karlsson2013	ERR260257_bin.21.o	1	1	1	1	1
karlsson2013	ERR260257_bin.22.p	1	1	1	1	1
karlsson2013	ERR260257_bin.24.s	1	1	1	1	1
karlsson2013	ERR260257_bin.25.p	1	1	1	1	1
karlsson2013	ERR260257_bin.26.s	1	1	1	1	1
karlsson2013	ERR260257_bin.27.s	1	1	1	1	1
karlsson2013	ERR260257_bin.28.p	1	1	1	1	1
karlsson2013	ERR260257_bin.29.o	1	1	1	1	1
karlsson2013	ERR260257_bin.3.p	1	1	1	1	1
karlsson2013	ERR260257_bin.30.o	1	1	1	1	1
karlsson2013	ERR260257_bin.31.p	1	1	1	1	1
karlsson2013	ERR260257_bin.32.p	1	1	1	1	1
karlsson2013	ERR260257_bin.33.p	1	1	1	1	1
karlsson2013	ERR260257_bin.34.o	1	1	1	1	1
karlsson2013	ERR260257_bin.35.p	1	1	1	1	1
karlsson2013	ERR260257_bin.36.p	1	1	1	1	1
karlsson2013	ERR260257_bin.37.p	1	1	1	1	1
karlsson2013	ERR260257_bin.38.o	1	1	1	1	1
karlsson2013	ERR260257_bin.39.p	1	1	1	1	1
karlsson2013	ERR260257_bin.4.s	1	1	1	1	1
karlsson2013	ERR260257_bin.40.o	1	1	1	1	1
karlsson2013	ERR260257_bin.41.o	1	1	1	1	1
karlsson2013	ERR260257_bin.42.p	1	1	1	1	1
karlsson2013	ERR260257_bin.43.p	1	1	1	1	1
karlsson2013	ERR260257_bin.44.p	1	1	1	1	1
karlsson2013	ERR260257_bin.45.o	1	1	1	1	1
karlsson2013	ERR260257_bin.46.p	1	1	1	1	1
karlsson2013	ERR260257_bin.48.s	1	1	1	1	1
karlsson2013	ERR260257_bin.5.p	1	1	1	1	1
karlsson2013	ERR260257_bin.6.p	1	1	1	1	1
karlsson2013	ERR260257_bin.7.o	1	1	1	1	1
karlsson2013	ERR260257_bin.8.p	1	1	1	1	1
karlsson2013	ERR260257_bin.9.p	1	1	1	1	1
karlsson2013	ERR260258_bin.1.p	1	1	1	1	1
karlsson2013	ERR260258_bin.10.s	1	1	1	1	1
karlsson2013	ERR260258_bin.11.o	1	1	1	1	1
karlsson2013	ERR260258_bin.12.p	1	1	1	1	1
karlsson2013	ERR260258_bin.13.s	1	1	1	1	1
karlsson2013	ERR260258_bin.14.p	1	1	1	1	1
karlsson2013	ERR260258_bin.15.p	1	1	1	1	1
karlsson2013	ERR260258_bin.16.s	1	1	1	1	1
karlsson2013	ERR260258_bin.17.s	1	1	1	1	1
karlsson2013	ERR260258_bin.18.p	1	1	1	1	1
karlsson2013	ERR260258_bin.19.s	1	1	1	1	1
karlsson2013	ERR260258_bin.2.s	1	1	1	1	1
karlsson2013	ERR260258_bin.20.p	1	1	1	1	1
karlsson2013	ERR260258_bin.21.p	1	1	1	1	1
karlsson2013	ERR260258_bin.22.p	1	1	1	1	1
karlsson2013	ERR260258_bin.23.o	1	1	1	1	1
karlsson2013	ERR260258_bin.24.p	1	1	1	1	1
karlsson2013	ERR260258_bin.25.p	1	1	1	1	1
karlsson2013	ERR260258_bin.26.p	1	1	1	1	1
karlsson2013	ERR260258_bin.27.s	1	1	1	1	1
karlsson2013	ERR260258_bin.3.p	1	1	1	1	1
karlsson2013	ERR260258_bin.4.p	1	1	1	1	1
karlsson2013	ERR260258_bin.5.p	1	1	1	1	1
karlsson2013	ERR260258_bin.6.p	1	1	1	1	1
karlsson2013	ERR260258_bin.7.p	1	1	1	1	1
karlsson2013	ERR260258_bin.8.p	1	1	1	1	1
karlsson2013	ERR260258_bin.9.p	1	1	1	1	1
karlsson2013	ERR260259_bin.1.s	1	1	1	1	1
karlsson2013	ERR260259_bin.10.p	1	1	1	1	1
karlsson2013	ERR260259_bin.11.s	1	1	1	1	1
karlsson2013	ERR260259_bin.12.s	1	1	1	1	1
karlsson2013	ERR260259_bin.13.s	1	1	1	1	1
karlsson2013	ERR260259_bin.14.s	1	1	1	1	1
karlsson2013	ERR260259_bin.15.s	1	1	1	1	1
karlsson2013	ERR260259_bin.16.s	1	1	1	1	1
karlsson2013	ERR260259_bin.17.p	1	1	1	1	1
karlsson2013	ERR260259_bin.18.s	1	1	1	1	1
karlsson2013	ERR260259_bin.19.s	1	1	1	1	1
karlsson2013	ERR260259_bin.2.p	1	1	1	1	1
karlsson2013	ERR260259_bin.20.p	1	1	1	1	1
karlsson2013	ERR260259_bin.21.s	1	1	1	1	1
karlsson2013	ERR260259_bin.22.o	1	1	1	1	1
karlsson2013	ERR260259_bin.23.s	1	1	1	1	1
karlsson2013	ERR260259_bin.24.s	1	1	1	1	1
karlsson2013	ERR260259_bin.25.o	1	1	1	1	1
karlsson2013	ERR260259_bin.26.p	1	1	1	1	1
karlsson2013	ERR260259_bin.27.p	1	1	1	1	1
karlsson2013	ERR260259_bin.28.s	1	1	1	1	1
karlsson2013	ERR260259_bin.29.o	1	1	1	1	1
karlsson2013	ERR260259_bin.3.s	1	1	1	1	1
karlsson2013	ERR260259_bin.30.o	1	1	1	1	1
karlsson2013	ERR260259_bin.31.p	1	1	1	1	1
karlsson2013	ERR260259_bin.32.s	1	1	1	1	1
karlsson2013	ERR260259_bin.33.s	1	1	1	1	1
karlsson2013	ERR260259_bin.34.s	1	1	1	1	1
karlsson2013	ERR260259_bin.35.s	1	1	1	1	1
karlsson2013	ERR260259_bin.36.p	1	1	1	1	1
karlsson2013	ERR260259_bin.37.s	1	1	1	1	1
karlsson2013	ERR260259_bin.4.p	1	1	1	1	1
karlsson2013	ERR260259_bin.5.p	1	1	1	1	1
karlsson2013	ERR260259_bin.6.s	1	1	1	1	1
karlsson2013	ERR260259_bin.7.s	1	1	1	1	1
karlsson2013	ERR260259_bin.8.p	1	1	1	1	1
karlsson2013	ERR260259_bin.9.s	1	1	1	1	1
karlsson2013	ERR260260_bin.1.p	1	1	1	1	1
karlsson2013	ERR260260_bin.10.p	1	1	1	1	1
karlsson2013	ERR260260_bin.11.p	1	1	1	1	1
karlsson2013	ERR260260_bin.12.s	1	1	1	1	1
karlsson2013	ERR260260_bin.13.p	1	1	1	1	1
karlsson2013	ERR260260_bin.14.s	1	1	1	1	1
karlsson2013	ERR260260_bin.15.p	1	1	1	1	1
karlsson2013	ERR260260_bin.16.s	1	1	1	1	1
karlsson2013	ERR260260_bin.17.s	1	1	1	1	1
karlsson2013	ERR260260_bin.18.p	1	1	1	1	1
karlsson2013	ERR260260_bin.19.p	1	1	1	1	1
karlsson2013	ERR260260_bin.2.p	1	1	1	1	1
karlsson2013	ERR260260_bin.20.p	1	1	1	1	1
karlsson2013	ERR260260_bin.21.s	1	1	1	1	1
karlsson2013	ERR260260_bin.22.p	1	1	1	1	1
karlsson2013	ERR260260_bin.23.p	1	1	1	1	1
karlsson2013	ERR260260_bin.24.p	1	1	1	1	1
karlsson2013	ERR260260_bin.25.s	1	1	1	1	1
karlsson2013	ERR260260_bin.26.p	1	1	1	1	1
karlsson2013	ERR260260_bin.27.s	1	1	1	1	1
karlsson2013	ERR260260_bin.28.o	1	1	1	1	1
karlsson2013	ERR260260_bin.29.s	1	1	1	1	1
karlsson2013	ERR260260_bin.3.s	1	1	1	1	1
karlsson2013	ERR260260_bin.30.s	1	1	1	1	1
karlsson2013	ERR260260_bin.31.p	1	1	1	1	1
karlsson2013	ERR260260_bin.32.s	1	1	1	1	1
karlsson2013	ERR260260_bin.33.p	1	1	1	1	1
karlsson2013	ERR260260_bin.34.p	1	1	1	1	1
karlsson2013	ERR260260_bin.35.s	1	1	1	1	1
karlsson2013	ERR260260_bin.36.s	1	1	1	1	1
karlsson2013	ERR260260_bin.4.s	1	1	1	1	1
karlsson2013	ERR260260_bin.5.p	1	1	1	1	1
karlsson2013	ERR260260_bin.6.s	1	1	1	1	1
karlsson2013	ERR260260_bin.7.p	1	1	1	1	1
karlsson2013	ERR260260_bin.8.p	1	1	1	1	1
karlsson2013	ERR260260_bin.9.p	1	1	1	1	1
karlsson2013	ERR260261_bin.1.s	1	1	1	1	1
karlsson2013	ERR260261_bin.10.p	1	1	1	1	1
karlsson2013	ERR260261_bin.11.s	1	1	1	1	1
karlsson2013	ERR260261_bin.12.s	1	1	1	1	1
karlsson2013	ERR260261_bin.13.s	1	1	1	1	1
karlsson2013	ERR260261_bin.14.s	1	1	1	1	1
karlsson2013	ERR260261_bin.15.p	1	1	1	1	1
karlsson2013	ERR260261_bin.16.p	1	1	1	1	1
karlsson2013	ERR260261_bin.17.p	1	1	1	1	1
karlsson2013	ERR260261_bin.18.p	1	1	1	1	1
karlsson2013	ERR260261_bin.19.p	1	1	1	1	1
karlsson2013	ERR260261_bin.2.p	1	1	1	1	1
karlsson2013	ERR260261_bin.20.s	1	1	1	1	1
karlsson2013	ERR260261_bin.21.p	1	1	1	1	1
karlsson2013	ERR260261_bin.22.p	1	1	1	1	1
karlsson2013	ERR260261_bin.23.s	1	1	1	1	1
karlsson2013	ERR260261_bin.24.s	1	1	1	1	1
karlsson2013	ERR260261_bin.25.s	1	1	1	1	1
karlsson2013	ERR260261_bin.26.s	1	1	1	1	1
karlsson2013	ERR260261_bin.27.p	1	1	1	1	1
karlsson2013	ERR260261_bin.28.o	1	1	1	1	1
karlsson2013	ERR260261_bin.29.s	1	1	1	1	1
karlsson2013	ERR260261_bin.3.p	1	1	1	1	1
karlsson2013	ERR260261_bin.30.p	1	1	1	1	1
karlsson2013	ERR260261_bin.31.p	1	1	1	1	1
karlsson2013	ERR260261_bin.32.s	1	1	1	1	1
karlsson2013	ERR260261_bin.33.s	1	1	1	1	1
karlsson2013	ERR260261_bin.35.p	1	1	1	1	1
karlsson2013	ERR260261_bin.36.p	1	1	1	1	1
karlsson2013	ERR260261_bin.37.p	1	1	1	1	1
karlsson2013	ERR260261_bin.38.s	1	1	1	1	1
karlsson2013	ERR260261_bin.39.s	1	1	1	1	1
karlsson2013	ERR260261_bin.4.o	1	1	1	1	1
karlsson2013	ERR260261_bin.40.o	1	1	1	1	1
karlsson2013	ERR260261_bin.5.s	1	1	1	1	1
karlsson2013	ERR260261_bin.6.p	1	1	1	1	1
karlsson2013	ERR260261_bin.7.s	1	1	1	1	1
karlsson2013	ERR260261_bin.8.s	1	1	1	1	1
karlsson2013	ERR260261_bin.9.s	1	1	1	1	1
karlsson2013	ERR260262_bin.1.s	1	1	1	1	1
karlsson2013	ERR260262_bin.10.s	1	1	1	1	1
karlsson2013	ERR260262_bin.11.o	1	1	1	1	1
karlsson2013	ERR260262_bin.12.s	1	1	1	1	1
karlsson2013	ERR260262_bin.13.s	1	1	1	1	1
karlsson2013	ERR260262_bin.14.s	1	1	1	1	1
karlsson2013	ERR260262_bin.15.p	1	1	1	1	1
karlsson2013	ERR260262_bin.16.s	1	1	1	1	1
karlsson2013	ERR260262_bin.17.p	1	1	1	1	1
karlsson2013	ERR260262_bin.18.s	1	1	1	1	1
karlsson2013	ERR260262_bin.19.s	1	1	1	1	1
karlsson2013	ERR260262_bin.2.p	1	1	1	1	1
karlsson2013	ERR260262_bin.20.p	1	1	1	1	1
karlsson2013	ERR260262_bin.21.p	1	1	1	1	1
karlsson2013	ERR260262_bin.22.o	1	1	1	1	1
karlsson2013	ERR260262_bin.23.p	1	1	1	1	1
karlsson2013	ERR260262_bin.24.p	1	1	1	1	1
karlsson2013	ERR260262_bin.25.p	1	1	1	1	1
karlsson2013	ERR260262_bin.26.p	1	1	1	1	1
karlsson2013	ERR260262_bin.27.s	1	1	1	1	1
karlsson2013	ERR260262_bin.28.s	1	1	1	1	1
karlsson2013	ERR260262_bin.29.p	1	1	1	1	1
karlsson2013	ERR260262_bin.3.s	1	1	1	1	1
karlsson2013	ERR260262_bin.30.s	1	1	1	1	1
karlsson2013	ERR260262_bin.31.p	1	1	1	1	1
karlsson2013	ERR260262_bin.32.o	1	1	1	1	1
karlsson2013	ERR260262_bin.33.p	1	1	1	1	1
karlsson2013	ERR260262_bin.34.s	1	1	1	1	1
karlsson2013	ERR260262_bin.35.p	1	1	1	1	1
karlsson2013	ERR260262_bin.36.p	1	1	1	1	1
karlsson2013	ERR260262_bin.37.p	1	1	1	1	1
karlsson2013	ERR260262_bin.4.s	1	1	1	1	1
karlsson2013	ERR260262_bin.5.o	1	1	1	1	1
karlsson2013	ERR260262_bin.6.p	1	1	1	1	1
karlsson2013	ERR260262_bin.7.p	1	1	1	1	1
karlsson2013	ERR260262_bin.8.p	1	1	1	1	1
karlsson2013	ERR260262_bin.9.s	1	1	1	1	1
karlsson2013	ERR260263_bin.1.p	1	1	1	1	1
karlsson2013	ERR260263_bin.10.p	1	1	1	1	1
karlsson2013	ERR260263_bin.11.p	1	1	1	1	1
karlsson2013	ERR260263_bin.12.s	1	1	1	1	1
karlsson2013	ERR260263_bin.13.p	1	1	1	1	1
karlsson2013	ERR260263_bin.14.s	1	1	1	1	1
karlsson2013	ERR260263_bin.15.s	1	1	1	1	1
karlsson2013	ERR260263_bin.16.o	1	1	1	1	1
karlsson2013	ERR260263_bin.17.p	1	1	1	1	1
karlsson2013	ERR260263_bin.18.p	1	1	1	1	1
karlsson2013	ERR260263_bin.19.p	1	1	1	1	1
karlsson2013	ERR260263_bin.2.p	1	1	1	1	1
karlsson2013	ERR260263_bin.20.s	1	1	1	1	1
karlsson2013	ERR260263_bin.21.s	1	1	1	1	1
karlsson2013	ERR260263_bin.22.p	1	1	1	1	1
karlsson2013	ERR260263_bin.23.o	1	1	0	1	1
karlsson2013	ERR260263_bin.24.p	1	1	1	1	1
karlsson2013	ERR260263_bin.25.o	1	1	1	1	1
karlsson2013	ERR260263_bin.26.s	1	1	1	1	1
karlsson2013	ERR260263_bin.27.p	1	1	1	1	1
karlsson2013	ERR260263_bin.28.s	1	1	1	1	1
karlsson2013	ERR260263_bin.29.p	1	1	1	1	1
karlsson2013	ERR260263_bin.3.s	1	1	1	1	1
karlsson2013	ERR260263_bin.30.p	1	1	1	1	1
karlsson2013	ERR260263_bin.31.p	1	1	1	1	1
karlsson2013	ERR260263_bin.32.s	1	1	1	1	1
karlsson2013	ERR260263_bin.33.p	1	1	1	1	1
karlsson2013	ERR260263_bin.34.s	1	1	1	1	1
karlsson2013	ERR260263_bin.35.p	1	1	1	1	1
karlsson2013	ERR260263_bin.36.p	1	1	1	1	1
karlsson2013	ERR260263_bin.37.s	1	1	1	1	1
karlsson2013	ERR260263_bin.38.p	1	1	1	1	1
karlsson2013	ERR260263_bin.39.p	1	1	1	1	1
karlsson2013	ERR260263_bin.4.p	1	1	1	1	1
karlsson2013	ERR260263_bin.40.s	1	1	1	1	1
karlsson2013	ERR260263_bin.41.s	1	1	1	1	1
karlsson2013	ERR260263_bin.42.p	1	1	1	1	1
karlsson2013	ERR260263_bin.43.s	1	1	1	1	1
karlsson2013	ERR260263_bin.44.s	1	1	1	1	1
karlsson2013	ERR260263_bin.45.s	1	1	1	1	1
karlsson2013	ERR260263_bin.46.p	1	1	1	1	1
karlsson2013	ERR260263_bin.47.p	1	1	1	1	1
karlsson2013	ERR260263_bin.48.s	1	1	1	1	1
karlsson2013	ERR260263_bin.49.p	1	1	1	1	1
karlsson2013	ERR260263_bin.5.p	1	1	1	1	1
karlsson2013	ERR260263_bin.50.p	1	1	1	1	1
karlsson2013	ERR260263_bin.51.s	1	1	1	1	1
karlsson2013	ERR260263_bin.52.p	1	1	1	1	1
karlsson2013	ERR260263_bin.53.s	1	1	1	1	1
karlsson2013	ERR260263_bin.54.p	1	1	1	1	1
karlsson2013	ERR260263_bin.6.p	1	1	1	1	1
karlsson2013	ERR260263_bin.7.p	1	1	1	1	1
karlsson2013	ERR260263_bin.8.s	1	1	1	1	1
karlsson2013	ERR260263_bin.9.p	1	1	1	1	1
karlsson2013	ERR260264_bin.1.s	1	1	1	1	1
karlsson2013	ERR260264_bin.10.p	1	1	1	1	1
karlsson2013	ERR260264_bin.11.p	1	1	1	1	1
karlsson2013	ERR260264_bin.12.p	1	1	1	1	1
karlsson2013	ERR260264_bin.13.p	1	1	1	1	1
karlsson2013	ERR260264_bin.14.p	1	1	1	1	1
karlsson2013	ERR260264_bin.15.p	1	1	1	1	1
karlsson2013	ERR260264_bin.16.s	1	1	1	1	1
karlsson2013	ERR260264_bin.17.p	1	1	1	1	1
karlsson2013	ERR260264_bin.18.p	1	1	1	1	1
karlsson2013	ERR260264_bin.19.s	1	1	1	1	1
karlsson2013	ERR260264_bin.2.s	1	1	1	1	1
karlsson2013	ERR260264_bin.20.p	1	1	1	1	1
karlsson2013	ERR260264_bin.21.p	1	1	1	1	1
karlsson2013	ERR260264_bin.22.p	1	1	1	1	1
karlsson2013	ERR260264_bin.23.s	1	1	1	1	1
karlsson2013	ERR260264_bin.25.p	1	1	1	1	1
karlsson2013	ERR260264_bin.26.p	1	1	1	1	1
karlsson2013	ERR260264_bin.27.o	1	1	1	1	1
karlsson2013	ERR260264_bin.28.o	1	1	1	1	1
karlsson2013	ERR260264_bin.29.o	1	1	1	1	1
karlsson2013	ERR260264_bin.3.p	1	1	1	1	1
karlsson2013	ERR260264_bin.30.s	1	1	1	1	1
karlsson2013	ERR260264_bin.31.s	1	1	1	1	1
karlsson2013	ERR260264_bin.32.s	1	1	1	1	1
karlsson2013	ERR260264_bin.33.p	1	1	1	1	1
karlsson2013	ERR260264_bin.34.o	1	1	1	1	1
karlsson2013	ERR260264_bin.36.p	1	1	1	1	1
karlsson2013	ERR260264_bin.37.s	1	1	1	1	1
karlsson2013	ERR260264_bin.38.p	1	1	1	1	1
karlsson2013	ERR260264_bin.39.o	1	1	1	1	1
karlsson2013	ERR260264_bin.4.s	1	1	1	1	1
karlsson2013	ERR260264_bin.40.p	1	1	1	1	1
karlsson2013	ERR260264_bin.41.p	1	1	1	1	1
karlsson2013	ERR260264_bin.42.p	1	1	1	1	1
karlsson2013	ERR260264_bin.43.o	1	1	1	1	1
karlsson2013	ERR260264_bin.5.p	1	1	1	1	1
karlsson2013	ERR260264_bin.6.s	1	1	1	1	1
karlsson2013	ERR260264_bin.7.s	1	1	1	1	1
karlsson2013	ERR260264_bin.8.p	1	1	1	1	1
karlsson2013	ERR260264_bin.9.o	1	1	1	1	1
karlsson2013	ERR260265_bin.1.s	1	1	1	1	1
karlsson2013	ERR260265_bin.10.p	1	1	1	1	1
karlsson2013	ERR260265_bin.11.p	1	1	1	1	1
karlsson2013	ERR260265_bin.12.s	1	1	1	1	1
karlsson2013	ERR260265_bin.13.o	1	1	1	1	1
karlsson2013	ERR260265_bin.14.p	1	1	1	1	1
karlsson2013	ERR260265_bin.15.p	1	1	1	1	1
karlsson2013	ERR260265_bin.16.p	1	1	1	1	1
karlsson2013	ERR260265_bin.17.s	1	1	1	1	1
karlsson2013	ERR260265_bin.18.s	1	1	1	1	1
karlsson2013	ERR260265_bin.19.s	1	1	1	1	1
karlsson2013	ERR260265_bin.20.p	1	1	1	1	1
karlsson2013	ERR260265_bin.21.p	1	1	1	1	1
karlsson2013	ERR260265_bin.22.s	1	1	1	1	1
karlsson2013	ERR260265_bin.23.s	1	1	1	1	1
karlsson2013	ERR260265_bin.24.p	1	1	1	1	1
karlsson2013	ERR260265_bin.25.p	1	1	1	1	1
karlsson2013	ERR260265_bin.26.p	1	1	1	1	1
karlsson2013	ERR260265_bin.27.s	1	1	1	1	1
karlsson2013	ERR260265_bin.28.s	1	1	1	1	1
karlsson2013	ERR260265_bin.29.p	1	1	1	1	1
karlsson2013	ERR260265_bin.3.o	1	1	1	1	1
karlsson2013	ERR260265_bin.30.o	1	1	1	1	1
karlsson2013	ERR260265_bin.31.s	1	1	1	1	1
karlsson2013	ERR260265_bin.32.p	1	1	1	1	1
karlsson2013	ERR260265_bin.33.p	1	1	1	1	1
karlsson2013	ERR260265_bin.34.s	1	1	1	1	1
karlsson2013	ERR260265_bin.35.p	1	1	1	1	1
karlsson2013	ERR260265_bin.4.s	1	1	1	1	1
karlsson2013	ERR260265_bin.5.p	1	1	1	1	1
karlsson2013	ERR260265_bin.6.s	1	1	1	1	1
karlsson2013	ERR260265_bin.7.p	1	1	1	1	1
karlsson2013	ERR260265_bin.8.p	1	1	1	1	1
karlsson2013	ERR260265_bin.9.p	1	1	1	1	1
karlsson2013	ERR260266_bin.1.s	1	1	1	1	1
karlsson2013	ERR260266_bin.10.s	1	1	1	1	1
karlsson2013	ERR260266_bin.11.s	1	1	1	1	1
karlsson2013	ERR260266_bin.12.s	1	1	1	1	1
karlsson2013	ERR260266_bin.13.p	1	1	1	1	1
karlsson2013	ERR260266_bin.14.p	1	1	1	1	1
karlsson2013	ERR260266_bin.15.s	1	1	1	1	1
karlsson2013	ERR260266_bin.16.s	1	1	1	1	1
karlsson2013	ERR260266_bin.17.s	1	1	1	1	1
karlsson2013	ERR260266_bin.18.p	1	1	1	1	1
karlsson2013	ERR260266_bin.19.o	1	1	1	1	1
karlsson2013	ERR260266_bin.2.p	1	1	1	1	1
karlsson2013	ERR260266_bin.20.s	1	1	1	1	1
karlsson2013	ERR260266_bin.21.s	1	1	1	1	1
karlsson2013	ERR260266_bin.22.o	1	1	1	1	1
karlsson2013	ERR260266_bin.23.p	1	1	1	1	1
karlsson2013	ERR260266_bin.25.s	1	1	1	1	1
karlsson2013	ERR260266_bin.26.p	1	1	1	1	1
karlsson2013	ERR260266_bin.27.s	1	1	1	1	1
karlsson2013	ERR260266_bin.28.p	1	1	1	1	1
karlsson2013	ERR260266_bin.29.p	1	1	1	1	1
karlsson2013	ERR260266_bin.3.s	1	1	1	1	1
karlsson2013	ERR260266_bin.30.p	1	1	1	1	1
karlsson2013	ERR260266_bin.31.s	1	1	1	1	1
karlsson2013	ERR260266_bin.32.p	1	1	1	1	1
karlsson2013	ERR260266_bin.33.p	1	1	1	1	1
karlsson2013	ERR260266_bin.34.p	1	1	1	1	1
karlsson2013	ERR260266_bin.35.p	1	1	1	1	1
karlsson2013	ERR260266_bin.36.s	1	1	1	1	1
karlsson2013	ERR260266_bin.4.p	1	1	1	1	1
karlsson2013	ERR260266_bin.5.s	1	1	1	1	1
karlsson2013	ERR260266_bin.6.s	1	1	1	1	1
karlsson2013	ERR260266_bin.7.p	1	1	1	1	1
karlsson2013	ERR260266_bin.8.s	1	1	1	1	1
karlsson2013	ERR260266_bin.9.s	1	1	1	1	1
karlsson2013	ERR260267_bin.1.p	1	1	1	1	1
karlsson2013	ERR260267_bin.10.s	1	1	1	1	1
karlsson2013	ERR260267_bin.11.p	1	1	1	1	1
karlsson2013	ERR260267_bin.12.p	1	1	1	1	1
karlsson2013	ERR260267_bin.13.s	1	1	1	1	1
karlsson2013	ERR260267_bin.14.s	1	1	1	1	1
karlsson2013	ERR260267_bin.15.o	1	1	1	1	1
karlsson2013	ERR260267_bin.16.p	1	1	1	1	1
karlsson2013	ERR260267_bin.17.s	1	1	1	1	1
karlsson2013	ERR260267_bin.18.s	1	1	1	1	1
karlsson2013	ERR260267_bin.19.s	1	1	1	1	1
karlsson2013	ERR260267_bin.2.p	1	1	1	1	1
karlsson2013	ERR260267_bin.20.o	1	1	1	1	1
karlsson2013	ERR260267_bin.21.p	1	1	1	1	1
karlsson2013	ERR260267_bin.22.s	1	1	1	1	1
karlsson2013	ERR260267_bin.23.p	1	1	1	1	1
karlsson2013	ERR260267_bin.24.p	1	1	1	1	1
karlsson2013	ERR260267_bin.25.s	1	1	1	1	1
karlsson2013	ERR260267_bin.26.p	1	1	1	1	1
karlsson2013	ERR260267_bin.27.o	1	1	1	1	1
karlsson2013	ERR260267_bin.28.p	1	1	1	1	1
karlsson2013	ERR260267_bin.29.s	1	1	1	1	1
karlsson2013	ERR260267_bin.3.p	1	1	1	1	1
karlsson2013	ERR260267_bin.30.o	1	1	1	1	1
karlsson2013	ERR260267_bin.31.p	1	1	1	1	1
karlsson2013	ERR260267_bin.32.s	1	1	1	1	1
karlsson2013	ERR260267_bin.33.p	1	1	1	1	1
karlsson2013	ERR260267_bin.34.s	1	1	1	1	1
karlsson2013	ERR260267_bin.35.p	1	1	1	1	1
karlsson2013	ERR260267_bin.36.p	1	1	1	1	1
karlsson2013	ERR260267_bin.37.s	1	1	1	1	1
karlsson2013	ERR260267_bin.38.p	1	1	1	1	1
karlsson2013	ERR260267_bin.39.s	1	1	1	1	1
karlsson2013	ERR260267_bin.4.p	1	1	1	1	1
karlsson2013	ERR260267_bin.5.s	1	1	1	1	1
karlsson2013	ERR260267_bin.6.p	1	1	1	1	1
karlsson2013	ERR260267_bin.7.s	1	1	1	1	1
karlsson2013	ERR260267_bin.8.p	1	1	1	1	1
karlsson2013	ERR260267_bin.9.s	1	1	1	1	1
karlsson2013	ERR260268_bin.1.p	1	1	1	1	1
karlsson2013	ERR260268_bin.2.p	1	1	1	1	1
karlsson2013	ERR260268_bin.3.p	1	1	1	1	1
karlsson2013	ERR260269_bin.1.p	1	1	1	1	1
karlsson2013	ERR260269_bin.3.s	1	1	1	1	1
karlsson2013	ERR260269_bin.4.p	1	1	1	1	1
karlsson2013	ERR260269_bin.5.p	1	1	1	1	1
karlsson2013	ERR260269_bin.6.p	0	1	1	1	1
karlsson2013	ERR260270_bin.1.p	1	1	1	1	1
karlsson2013	ERR260270_bin.2.s	1	1	1	1	1
karlsson2013	ERR260270_bin.3.o	1	1	1	1	1
karlsson2013	ERR260270_bin.4.p	1	1	1	1	1
karlsson2013	ERR260270_bin.5.p	1	1	1	1	1
karlsson2013	ERR260270_bin.6.s	1	1	1	1	1
karlsson2013	ERR260271_bin.1.p	1	1	1	1	1
karlsson2013	ERR260271_bin.2.s	1	1	1	1	1
karlsson2013	ERR260271_bin.3.s	1	1	1	1	1
karlsson2013	ERR260272_bin.1.p	1	1	1	1	1
karlsson2013	ERR260272_bin.2.o	1	1	1	1	1
karlsson2013	ERR260273_bin.1.p	1	1	1	1	1
karlsson2013	ERR260273_bin.2.p	1	1	1	1	1
karlsson2013	ERR260273_bin.4.s	1	1	1	1	1
karlsson2013	ERR260273_bin.7.p	1	1	1	1	1
karlsson2013	ERR260274_bin.1.p	1	1	1	1	1
karlsson2013	ERR260274_bin.2.o	1	1	1	1	1
karlsson2013	ERR260274_bin.3.o	1	1	1	1	1
karlsson2013	ERR260274_bin.4.p	1	1	1	1	1
karlsson2013	ERR260274_bin.5.p	1	1	1	1	1
karlsson2013	ERR260274_bin.6.s	1	1	1	1	1
karlsson2013	ERR260274_bin.7.p	1	1	1	1	1
karlsson2013	ERR260274_bin.8.p	1	1	1	1	1
karlsson2013	ERR260275_bin.1.s	1	1	1	1	1
karlsson2013	ERR260275_bin.2.s	1	1	1	1	1
karlsson2013	ERR260275_bin.3.p	1	1	1	1	1
karlsson2013	ERR260275_bin.4.p	1	1	1	1	1
karlsson2013	ERR260275_bin.5.p	1	1	1	1	1
karlsson2013	ERR260275_bin.6.o	1	1	1	1	1
karlsson2013	ERR260275_bin.7.p	1	1	1	1	1
karlsson2013	ERR260276_bin.1.o	1	1	1	1	1
karlsson2013	ERR260276_bin.2.p	1	1	1	1	1
karlsson2013	ERR260276_bin.3.s	1	1	1	1	1
karlsson2013	ERR260276_bin.4.p	1	1	1	1	1
karlsson2013	ERR260276_bin.5.p	1	1	1	1	1
karlsson2013	ERR260276_bin.6.p	1	1	1	1	1
karlsson2013	ERR260276_bin.7.p	1	1	1	1	1
karlsson2013	ERR260276_bin.8.p	1	1	1	1	1
karlsson2013	ERR260276_bin.9.s	1	1	1	1	1
karlsson2013	ERR275251_bin.1.p	1	1	1	1	1
karlsson2013	ERR275251_bin.10.s	1	1	1	1	1
karlsson2013	ERR275251_bin.11.s	1	1	1	1	1
karlsson2013	ERR275251_bin.13.p	1	1	1	1	1
karlsson2013	ERR275251_bin.14.p	1	1	1	1	1
karlsson2013	ERR275251_bin.15.p	1	1	1	1	1
karlsson2013	ERR275251_bin.16.p	1	1	1	1	1
karlsson2013	ERR275251_bin.17.s	1	1	1	1	1
karlsson2013	ERR275251_bin.18.o	1	1	1	1	1
karlsson2013	ERR275251_bin.19.p	1	1	1	1	1
karlsson2013	ERR275251_bin.2.p	1	1	1	1	1
karlsson2013	ERR275251_bin.20.s	1	1	1	1	1
karlsson2013	ERR275251_bin.21.o	1	1	1	1	1
karlsson2013	ERR275251_bin.22.s	1	1	1	1	1
karlsson2013	ERR275251_bin.23.p	1	1	1	1	1
karlsson2013	ERR275251_bin.24.p	1	1	1	1	1
karlsson2013	ERR275251_bin.25.p	1	1	1	1	1
karlsson2013	ERR275251_bin.26.s	1	1	1	1	1
karlsson2013	ERR275251_bin.27.s	1	1	1	1	1
karlsson2013	ERR275251_bin.28.p	1	1	1	1	1
karlsson2013	ERR275251_bin.29.s	1	1	1	1	1
karlsson2013	ERR275251_bin.3.p	1	1	1	1	1
karlsson2013	ERR275251_bin.30.p	1	1	1	1	1
karlsson2013	ERR275251_bin.31.p	1	1	1	1	1
karlsson2013	ERR275251_bin.32.s	1	1	1	1	1
karlsson2013	ERR275251_bin.33.p	1	1	1	1	1
karlsson2013	ERR275251_bin.34.p	1	1	1	1	1
karlsson2013	ERR275251_bin.35.o	1	1	1	1	1
karlsson2013	ERR275251_bin.36.p	1	1	1	1	1
karlsson2013	ERR275251_bin.37.p	1	1	1	1	1
karlsson2013	ERR275251_bin.38.o	1	1	1	1	1
karlsson2013	ERR275251_bin.39.p	1	1	1	1	1
karlsson2013	ERR275251_bin.4.s	1	1	1	1	1
karlsson2013	ERR275251_bin.5.p	1	1	1	1	1
karlsson2013	ERR275251_bin.6.p	1	1	1	1	1
karlsson2013	ERR275251_bin.7.p	1	1	1	1	1
karlsson2013	ERR275251_bin.8.o	1	1	1	1	1
karlsson2013	ERR275251_bin.9.p	1	1	1	1	1
karlsson2013	ERR275252_bin.1.s	1	1	1	1	1
karlsson2013	ERR275252_bin.10.p	1	1	1	1	1
karlsson2013	ERR275252_bin.11.p	1	1	1	1	1
karlsson2013	ERR275252_bin.12.s	1	1	1	1	1
karlsson2013	ERR275252_bin.13.s	1	1	1	1	1
karlsson2013	ERR275252_bin.14.p	1	1	1	1	1
karlsson2013	ERR275252_bin.15.p	1	1	1	1	1
karlsson2013	ERR275252_bin.16.p	1	1	1	1	1
karlsson2013	ERR275252_bin.17.s	1	1	1	1	1
karlsson2013	ERR275252_bin.18.p	1	1	1	1	1
karlsson2013	ERR275252_bin.19.p	1	1	1	1	1
karlsson2013	ERR275252_bin.2.p	1	1	1	1	1
karlsson2013	ERR275252_bin.20.s	1	1	1	1	1
karlsson2013	ERR275252_bin.21.s	1	1	1	1	1
karlsson2013	ERR275252_bin.22.s	1	1	1	1	1
karlsson2013	ERR275252_bin.23.p	1	1	1	1	1
karlsson2013	ERR275252_bin.24.p	1	1	1	1	1
karlsson2013	ERR275252_bin.25.s	1	1	1	1	1
karlsson2013	ERR275252_bin.26.p	1	1	1	1	1
karlsson2013	ERR275252_bin.27.p	1	1	1	1	1
karlsson2013	ERR275252_bin.28.p	1	1	1	1	1
karlsson2013	ERR275252_bin.29.p	1	1	1	1	1
karlsson2013	ERR275252_bin.3.s	1	1	1	1	1
karlsson2013	ERR275252_bin.30.p	1	1	1	1	1
karlsson2013	ERR275252_bin.31.p	1	1	1	1	1
karlsson2013	ERR275252_bin.32.p	1	1	1	1	1
karlsson2013	ERR275252_bin.33.s	1	1	1	1	1
karlsson2013	ERR275252_bin.34.p	1	1	1	1	1
karlsson2013	ERR275252_bin.35.s	1	1	1	1	1
karlsson2013	ERR275252_bin.36.p	1	1	1	1	1
karlsson2013	ERR275252_bin.37.p	1	1	1	1	1
karlsson2013	ERR275252_bin.4.s	1	1	1	1	1
karlsson2013	ERR275252_bin.5.o	1	1	1	1	1
karlsson2013	ERR275252_bin.6.s	1	1	1	1	1
karlsson2013	ERR275252_bin.7.o	1	1	1	1	1
karlsson2013	ERR275252_bin.8.o	1	1	1	1	1
karlsson2013	ERR275252_bin.9.p	1	1	1	1	1
sunagawa2015	ERR315858_bin.1.p	1	1	1	1	1
sunagawa2015	ERR315858_bin.10.o	1	1	1	1	1
sunagawa2015	ERR315858_bin.11.p	1	1	1	1	1
sunagawa2015	ERR315858_bin.12.p	1	1	1	1	1
sunagawa2015	ERR315858_bin.13.p	1	1	1	1	1
sunagawa2015	ERR315858_bin.14.p	1	1	1	1	1
sunagawa2015	ERR315858_bin.15.s	1	1	1	1	1
sunagawa2015	ERR315858_bin.16.s	1	1	1	1	1
sunagawa2015	ERR315858_bin.17.p	1	1	1	1	1
sunagawa2015	ERR315858_bin.18.s	1	1	1	1	1
sunagawa2015	ERR315858_bin.19.p	1	1	1	1	1
sunagawa2015	ERR315858_bin.2.s	1	1	1	1	1
sunagawa2015	ERR315858_bin.21.s	1	1	1	1	1
sunagawa2015	ERR315858_bin.22.s	1	1	1	1	1
sunagawa2015	ERR315858_bin.23.p	1	1	1	1	1
sunagawa2015	ERR315858_bin.24.s	1	1	1	1	1
sunagawa2015	ERR315858_bin.25.s	1	1	1	1	1
sunagawa2015	ERR315858_bin.26.p	1	1	1	1	1
sunagawa2015	ERR315858_bin.27.p	1	1	1	1	1
sunagawa2015	ERR315858_bin.28.o	1	1	1	1	1
sunagawa2015	ERR315858_bin.29.s	1	1	1	1	1
sunagawa2015	ERR315858_bin.3.s	1	1	1	1	1
sunagawa2015	ERR315858_bin.30.p	1	1	1	1	1
sunagawa2015	ERR315858_bin.31.p	1	1	1	1	1
sunagawa2015	ERR315858_bin.32.o	1	1	1	1	1
sunagawa2015	ERR315858_bin.33.s	1	1	1	1	1
sunagawa2015	ERR315858_bin.34.s	1	1	1	1	1
sunagawa2015	ERR315858_bin.35.p	1	1	1	1	1
sunagawa2015	ERR315858_bin.38.o	1	1	1	1	1
sunagawa2015	ERR315858_bin.39.o	1	1	1	1	1
sunagawa2015	ERR315858_bin.4.s	1	1	1	1	1
sunagawa2015	ERR315858_bin.40.s	1	1	1	1	1
sunagawa2015	ERR315858_bin.5.o	1	1	1	1	1
sunagawa2015	ERR315858_bin.6.s	1	1	1	1	1
sunagawa2015	ERR315858_bin.7.s	1	1	1	1	1
sunagawa2015	ERR315858_bin.8.p	1	1	1	1	1
sunagawa2015	ERR315858_bin.9.p	1	1	1	1	1
sunagawa2015	ERR315859_bin.1.p	1	1	1	1	1
sunagawa2015	ERR315859_bin.10.s	1	1	1	1	1
sunagawa2015	ERR315859_bin.11.p	1	1	1	1	1
sunagawa2015	ERR315859_bin.12.s	1	1	1	1	1
sunagawa2015	ERR315859_bin.13.p	1	1	1	1	1
sunagawa2015	ERR315859_bin.14.p	1	1	1	1	1
sunagawa2015	ERR315859_bin.15.o	1	1	1	1	1
sunagawa2015	ERR315859_bin.16.p	1	1	1	1	1
sunagawa2015	ERR315859_bin.17.o	1	1	1	1	1
sunagawa2015	ERR315859_bin.19.o	1	1	1	1	1
sunagawa2015	ERR315859_bin.2.s	1	1	1	1	1
sunagawa2015	ERR315859_bin.20.o	1	1	1	1	1
sunagawa2015	ERR315859_bin.21.s	1	1	1	1	1
sunagawa2015	ERR315859_bin.22.p	1	1	1	1	1
sunagawa2015	ERR315859_bin.23.s	1	1	1	1	1
sunagawa2015	ERR315859_bin.24.p	1	1	1	1	1
sunagawa2015	ERR315859_bin.25.p	1	1	1	1	1
sunagawa2015	ERR315859_bin.26.p	1	1	1	1	1
sunagawa2015	ERR315859_bin.27.s	1	1	1	1	1
sunagawa2015	ERR315859_bin.28.s	1	1	1	1	1
sunagawa2015	ERR315859_bin.29.s	1	1	1	1	1
sunagawa2015	ERR315859_bin.3.s	1	1	1	1	1
sunagawa2015	ERR315859_bin.30.p	1	1	1	1	1
sunagawa2015	ERR315859_bin.31.p	1	1	1	1	1
sunagawa2015	ERR315859_bin.32.p	1	1	1	1	1
sunagawa2015	ERR315859_bin.33.p	1	1	1	1	1
sunagawa2015	ERR315859_bin.34.s	1	1	1	1	1
sunagawa2015	ERR315859_bin.35.p	1	1	1	1	1
sunagawa2015	ERR315859_bin.36.p	1	1	1	1	1
sunagawa2015	ERR315859_bin.37.p	1	1	1	1	1
sunagawa2015	ERR315859_bin.38.o	1	1	1	1	1
sunagawa2015	ERR315859_bin.39.p	1	1	1	1	1
sunagawa2015	ERR315859_bin.4.o	1	1	1	1	1
sunagawa2015	ERR315859_bin.40.p	1	1	1	1	1
sunagawa2015	ERR315859_bin.41.s	1	1	1	1	1
sunagawa2015	ERR315859_bin.5.s	1	1	1	1	1
sunagawa2015	ERR315859_bin.6.p	1	1	1	1	1
sunagawa2015	ERR315859_bin.7.s	1	1	1	1	1
sunagawa2015	ERR315859_bin.8.s	1	1	1	1	1
sunagawa2015	ERR315859_bin.9.s	1	1	1	1	1
sunagawa2015	ERR315860_bin.1.s	1	1	1	1	1
sunagawa2015	ERR315860_bin.10.s	1	1	1	1	1
sunagawa2015	ERR315860_bin.11.o	1	1	1	1	1
sunagawa2015	ERR315860_bin.12.s	1	1	1	1	1
sunagawa2015	ERR315860_bin.13.o	1	1	1	1	1
sunagawa2015	ERR315860_bin.14.p	1	1	1	1	1
sunagawa2015	ERR315860_bin.15.s	1	1	1	1	1
sunagawa2015	ERR315860_bin.16.s	1	1	1	1	1
sunagawa2015	ERR315860_bin.17.p	1	1	1	1	1
sunagawa2015	ERR315860_bin.18.p	1	1	1	1	1
sunagawa2015	ERR315860_bin.19.p	1	1	1	1	1
sunagawa2015	ERR315860_bin.2.s	1	1	1	1	1
sunagawa2015	ERR315860_bin.20.s	1	1	1	1	1
sunagawa2015	ERR315860_bin.21.s	1	1	1	1	1
sunagawa2015	ERR315860_bin.22.p	1	1	1	1	1
sunagawa2015	ERR315860_bin.23.s	1	1	1	1	1
sunagawa2015	ERR315860_bin.24.p	1	1	1	1	1
sunagawa2015	ERR315860_bin.25.p	1	1	1	1	1
sunagawa2015	ERR315860_bin.26.s	1	1	1	1	1
sunagawa2015	ERR315860_bin.27.s	1	1	1	1	1
sunagawa2015	ERR315860_bin.28.p	1	1	1	1	1
sunagawa2015	ERR315860_bin.29.s	1	1	1	1	1
sunagawa2015	ERR315860_bin.3.p	1	1	1	1	1
sunagawa2015	ERR315860_bin.30.s	1	1	1	1	1
sunagawa2015	ERR315860_bin.31.s	1	1	1	1	1
sunagawa2015	ERR315860_bin.32.p	1	1	1	1	1
sunagawa2015	ERR315860_bin.33.p	1	1	1	1	1
sunagawa2015	ERR315860_bin.35.o	1	1	1	1	1
sunagawa2015	ERR315860_bin.37.s	1	1	1	1	1
sunagawa2015	ERR315860_bin.4.s	1	1	1	1	1
sunagawa2015	ERR315860_bin.5.o	1	1	1	1	1
sunagawa2015	ERR315860_bin.6.p	1	1	1	1	1
sunagawa2015	ERR315860_bin.7.s	1	1	1	1	1
sunagawa2015	ERR315860_bin.8.s	1	1	1	1	1
sunagawa2015	ERR315860_bin.9.p	1	1	1	1	1
sunagawa2015	ERR315861_bin.1.p	1	1	1	1	1
sunagawa2015	ERR315861_bin.10.p	1	1	1	1	1
sunagawa2015	ERR315861_bin.11.p	1	1	1	1	1
sunagawa2015	ERR315861_bin.12.s	1	1	1	1	1
sunagawa2015	ERR315861_bin.13.s	1	1	1	1	1
sunagawa2015	ERR315861_bin.14.p	1	1	1	1	1
sunagawa2015	ERR315861_bin.15.p	1	1	1	1	1
sunagawa2015	ERR315861_bin.16.s	1	1	1	1	1
sunagawa2015	ERR315861_bin.17.s	1	1	1	1	1
sunagawa2015	ERR315861_bin.18.p	1	1	1	1	1
sunagawa2015	ERR315861_bin.19.p	1	1	1	1	1
sunagawa2015	ERR315861_bin.2.s	1	1	1	1	1
sunagawa2015	ERR315861_bin.20.o	1	1	1	1	1
sunagawa2015	ERR315861_bin.21.s	1	1	1	1	1
sunagawa2015	ERR315861_bin.22.p	1	1	1	1	1
sunagawa2015	ERR315861_bin.23.p	1	1	1	1	1
sunagawa2015	ERR315861_bin.24.s	1	1	1	1	1
sunagawa2015	ERR315861_bin.25.p	1	1	1	1	1
sunagawa2015	ERR315861_bin.26.p	1	1	1	1	1
sunagawa2015	ERR315861_bin.27.p	1	1	1	1	1
sunagawa2015	ERR315861_bin.28.s	1	1	1	1	1
sunagawa2015	ERR315861_bin.29.o	1	1	1	1	1
sunagawa2015	ERR315861_bin.3.p	1	1	1	1	1
sunagawa2015	ERR315861_bin.30.p	1	1	1	1	1
sunagawa2015	ERR315861_bin.31.s	1	1	1	1	1
sunagawa2015	ERR315861_bin.32.p	1	1	1	1	1
sunagawa2015	ERR315861_bin.33.s	1	1	1	1	1
sunagawa2015	ERR315861_bin.34.p	1	1	1	1	1
sunagawa2015	ERR315861_bin.35.p	1	1	1	1	1
sunagawa2015	ERR315861_bin.36.p	1	1	1	1	1
sunagawa2015	ERR315861_bin.4.o	1	1	1	1	1
sunagawa2015	ERR315861_bin.5.s	1	1	1	1	1
sunagawa2015	ERR315861_bin.6.p	1	1	1	1	1
sunagawa2015	ERR315861_bin.7.s	1	1	1	1	1
sunagawa2015	ERR315861_bin.8.p	1	1	1	1	1
sunagawa2015	ERR315861_bin.9.s	1	1	1	1	1
sunagawa2015	ERR315862_bin.1.s	1	1	1	1	1
sunagawa2015	ERR315862_bin.10.o	1	1	1	1	1
sunagawa2015	ERR315862_bin.11.o	1	1	1	1	1
sunagawa2015	ERR315862_bin.12.p	1	1	1	1	1
sunagawa2015	ERR315862_bin.13.p	1	1	1	1	1
sunagawa2015	ERR315862_bin.14.s	1	1	1	1	1
sunagawa2015	ERR315862_bin.15.p	1	1	1	1	1
sunagawa2015	ERR315862_bin.16.s	1	1	1	1	1
sunagawa2015	ERR315862_bin.17.s	1	1	1	1	1
sunagawa2015	ERR315862_bin.18.s	1	1	1	1	1
sunagawa2015	ERR315862_bin.19.s	1	1	1	1	1
sunagawa2015	ERR315862_bin.2.o	1	1	1	1	1
sunagawa2015	ERR315862_bin.20.o	1	1	1	1	1
sunagawa2015	ERR315862_bin.21.o	1	1	1	1	1
sunagawa2015	ERR315862_bin.3.s	1	1	1	1	1
sunagawa2015	ERR315862_bin.5.p	1	1	1	1	1
sunagawa2015	ERR315862_bin.6.p	1	1	1	1	1
sunagawa2015	ERR315862_bin.7.s	1	1	1	1	1
sunagawa2015	ERR315862_bin.8.s	1	1	1	1	1
sunagawa2015	ERR315862_bin.9.s	1	1	1	1	1
sunagawa2015	ERR315863_bin.1.p	1	1	1	1	1
sunagawa2015	ERR315863_bin.10.s	1	1	1	1	1
sunagawa2015	ERR315863_bin.11.s	1	1	1	1	1
sunagawa2015	ERR315863_bin.12.p	1	1	1	1	1
sunagawa2015	ERR315863_bin.13.p	1	1	1	1	1
sunagawa2015	ERR315863_bin.14.s	1	1	1	1	1
sunagawa2015	ERR315863_bin.16.s	1	1	1	1	1
sunagawa2015	ERR315863_bin.17.p	1	1	1	1	1
sunagawa2015	ERR315863_bin.18.s	1	1	1	1	1
sunagawa2015	ERR315863_bin.19.p	1	1	1	1	1
sunagawa2015	ERR315863_bin.2.o	1	1	1	1	1
sunagawa2015	ERR315863_bin.20.s	1	1	1	1	1
sunagawa2015	ERR315863_bin.21.p	1	1	1	1	1
sunagawa2015	ERR315863_bin.22.o	1	1	1	1	1
sunagawa2015	ERR315863_bin.23.s	1	1	1	1	1
sunagawa2015	ERR315863_bin.24.s	1	1	1	1	1
sunagawa2015	ERR315863_bin.25.s	1	1	1	1	1
sunagawa2015	ERR315863_bin.26.p	1	1	1	1	1
sunagawa2015	ERR315863_bin.27.o	1	1	1	1	1
sunagawa2015	ERR315863_bin.28.p	1	1	1	1	1
sunagawa2015	ERR315863_bin.29.s	1	1	1	1	1
sunagawa2015	ERR315863_bin.3.p	1	1	1	1	1
sunagawa2015	ERR315863_bin.30.s	1	1	1	1	1
sunagawa2015	ERR315863_bin.31.s	1	1	1	1	1
sunagawa2015	ERR315863_bin.32.s	1	1	1	1	1
sunagawa2015	ERR315863_bin.33.p	1	1	1	1	1
sunagawa2015	ERR315863_bin.34.p	1	1	1	1	1
sunagawa2015	ERR315863_bin.35.p	1	1	1	1	1
sunagawa2015	ERR315863_bin.36.p	1	1	1	1	1
sunagawa2015	ERR315863_bin.37.p	1	1	1	1	1
sunagawa2015	ERR315863_bin.38.p	1	1	1	1	1
sunagawa2015	ERR315863_bin.39.p	1	1	1	1	1
sunagawa2015	ERR315863_bin.4.s	1	1	1	1	1
sunagawa2015	ERR315863_bin.40.p	1	1	1	1	1
sunagawa2015	ERR315863_bin.41.s	1	1	1	1	1
sunagawa2015	ERR315863_bin.42.s	1	1	1	1	1
sunagawa2015	ERR315863_bin.43.p	1	1	1	1	1
sunagawa2015	ERR315863_bin.44.p	1	1	1	1	1
sunagawa2015	ERR315863_bin.45.s	1	1	1	1	1
sunagawa2015	ERR315863_bin.46.s	1	1	1	1	1
sunagawa2015	ERR315863_bin.48.s	1	1	1	1	1
sunagawa2015	ERR315863_bin.49.s	1	1	1	1	1
sunagawa2015	ERR315863_bin.5.p	1	1	1	1	1
sunagawa2015	ERR315863_bin.50.s	1	1	1	1	1
sunagawa2015	ERR315863_bin.51.p	1	1	1	1	1
sunagawa2015	ERR315863_bin.52.o	1	1	1	1	1
sunagawa2015	ERR315863_bin.54.o	1	1	1	1	1
sunagawa2015	ERR315863_bin.55.o	1	1	1	1	1
sunagawa2015	ERR315863_bin.6.s	1	1	1	1	1
sunagawa2015	ERR315863_bin.7.s	1	1	1	1	1
sunagawa2015	ERR315863_bin.8.p	1	1	1	1	1
sunagawa2015	ERR315863_bin.9.o	1	1	1	1	1
sunagawa2015	ERR318618_bin.1.s	1	1	1	1	1
sunagawa2015	ERR318618_bin.10.s	1	1	1	1	1
sunagawa2015	ERR318618_bin.11.s	1	1	1	1	1
sunagawa2015	ERR318618_bin.12.o	1	1	1	1	1
sunagawa2015	ERR318618_bin.13.s	1	1	1	1	1
sunagawa2015	ERR318618_bin.14.s	1	1	1	1	1
sunagawa2015	ERR318618_bin.15.p	1	1	1	1	1
sunagawa2015	ERR318618_bin.16.p	1	1	1	1	1
sunagawa2015	ERR318618_bin.17.p	1	1	1	1	1
sunagawa2015	ERR318618_bin.18.s	1	1	1	1	1
sunagawa2015	ERR318618_bin.19.s	1	1	1	1	1
sunagawa2015	ERR318618_bin.2.s	1	1	1	1	1
sunagawa2015	ERR318618_bin.20.s	1	1	1	1	1
sunagawa2015	ERR318618_bin.21.s	1	1	1	1	1
sunagawa2015	ERR318618_bin.22.p	1	1	1	1	1
sunagawa2015	ERR318618_bin.23.p	1	1	1	1	1
sunagawa2015	ERR318618_bin.24.p	1	1	1	1	1
sunagawa2015	ERR318618_bin.26.s	1	1	1	1	1
sunagawa2015	ERR318618_bin.27.p	1	1	1	1	1
sunagawa2015	ERR318618_bin.28.s	1	1	1	1	1
sunagawa2015	ERR318618_bin.29.s	1	1	1	1	1
sunagawa2015	ERR318618_bin.3.s	1	1	1	1	1
sunagawa2015	ERR318618_bin.30.p	1	1	1	1	1
sunagawa2015	ERR318618_bin.31.s	1	1	1	1	1
sunagawa2015	ERR318618_bin.32.o	1	1	1	1	1
sunagawa2015	ERR318618_bin.33.s	1	1	1	1	1
sunagawa2015	ERR318618_bin.34.p	1	1	1	1	1
sunagawa2015	ERR318618_bin.35.s	1	1	1	1	1
sunagawa2015	ERR318618_bin.36.p	1	1	1	1	1
sunagawa2015	ERR318618_bin.37.s	1	1	1	1	1
sunagawa2015	ERR318618_bin.38.s	1	1	1	1	1
sunagawa2015	ERR318618_bin.39.s	1	1	1	1	1
sunagawa2015	ERR318618_bin.4.s	1	1	1	1	1
sunagawa2015	ERR318618_bin.40.p	1	1	1	1	1
sunagawa2015	ERR318618_bin.41.p	1	1	1	1	1
sunagawa2015	ERR318618_bin.42.s	1	1	1	1	1
sunagawa2015	ERR318618_bin.43.s	1	1	1	1	1
sunagawa2015	ERR318618_bin.44.s	1	1	1	1	1
sunagawa2015	ERR318618_bin.45.p	1	1	1	1	1
sunagawa2015	ERR318618_bin.5.p	1	1	1	1	1
sunagawa2015	ERR318618_bin.6.o	1	1	1	1	1
sunagawa2015	ERR318618_bin.7.s	1	1	1	1	1
sunagawa2015	ERR318618_bin.8.s	1	1	1	1	1
sunagawa2015	ERR318618_bin.9.o	1	1	1	1	1
sunagawa2015	ERR318619_bin.1.s	1	1	1	1	1
sunagawa2015	ERR318619_bin.2.p	1	1	1	1	1
sunagawa2015	ERR318619_bin.3.o	1	1	1	1	1
sunagawa2015	ERR318620_bin.1.p	1	1	1	1	1
sunagawa2015	ERR318620_bin.10.s	1	1	1	1	1
sunagawa2015	ERR318620_bin.11.s	1	1	1	1	1
sunagawa2015	ERR318620_bin.12.s	1	1	1	1	1
sunagawa2015	ERR318620_bin.13.p	1	1	1	1	1
sunagawa2015	ERR318620_bin.14.s	1	1	1	1	1
sunagawa2015	ERR318620_bin.15.s	1	1	1	1	1
sunagawa2015	ERR318620_bin.16.p	1	1	1	1	1
sunagawa2015	ERR318620_bin.17.s	1	1	1	1	1
sunagawa2015	ERR318620_bin.18.p	1	1	1	1	1
sunagawa2015	ERR318620_bin.19.s	1	1	1	1	1
sunagawa2015	ERR318620_bin.2.o	1	1	1	1	1
sunagawa2015	ERR318620_bin.20.s	1	1	1	1	1
sunagawa2015	ERR318620_bin.21.s	1	1	1	1	1
sunagawa2015	ERR318620_bin.22.p	1	1	1	1	1
sunagawa2015	ERR318620_bin.23.s	1	1	1	1	1
sunagawa2015	ERR318620_bin.24.o	1	1	1	1	1
sunagawa2015	ERR318620_bin.26.s	1	1	1	1	1
sunagawa2015	ERR318620_bin.27.s	1	1	1	1	1
sunagawa2015	ERR318620_bin.28.s	1	1	1	1	1
sunagawa2015	ERR318620_bin.29.p	1	1	1	1	1
sunagawa2015	ERR318620_bin.3.o	1	1	1	1	1
sunagawa2015	ERR318620_bin.30.p	1	1	1	1	1
sunagawa2015	ERR318620_bin.31.s	1	1	1	1	1
sunagawa2015	ERR318620_bin.32.p	1	1	1	1	1
sunagawa2015	ERR318620_bin.33.p	1	1	1	1	1
sunagawa2015	ERR318620_bin.34.s	1	1	1	1	1
sunagawa2015	ERR318620_bin.35.s	1	1	1	1	1
sunagawa2015	ERR318620_bin.36.p	1	1	1	1	1
sunagawa2015	ERR318620_bin.37.s	1	1	1	1	1
sunagawa2015	ERR318620_bin.38.o	1	1	1	1	1
sunagawa2015	ERR318620_bin.4.p	1	1	1	1	1
sunagawa2015	ERR318620_bin.40.p	1	1	1	1	1
sunagawa2015	ERR318620_bin.41.p	1	1	1	1	1
sunagawa2015	ERR318620_bin.42.s	1	1	1	1	1
sunagawa2015	ERR318620_bin.43.s	1	1	1	1	1
sunagawa2015	ERR318620_bin.44.p	1	1	1	1	1
sunagawa2015	ERR318620_bin.45.s	1	1	1	1	1
sunagawa2015	ERR318620_bin.5.s	1	1	1	1	1
sunagawa2015	ERR318620_bin.6.s	1	1	1	1	1
sunagawa2015	ERR318620_bin.7.o	1	1	1	1	1
sunagawa2015	ERR318620_bin.8.p	1	1	1	1	1
sunagawa2015	ERR318620_bin.9.s	1	1	1	1	1
sunagawa2015	ERR318621_bin.1.p	1	1	1	1	1
sunagawa2015	ERR318621_bin.2.p	1	1	1	1	1
sunagawa2015	ERR318621_bin.3.p	1	1	1	1	1
sunagawa2015	ERR598942_bin.1.o	1	1	1	1	1
sunagawa2015	ERR598942_bin.10.s	1	1	1	1	1
sunagawa2015	ERR598942_bin.11.p	1	1	1	1	1
sunagawa2015	ERR598942_bin.12.o	1	1	1	1	1
sunagawa2015	ERR598942_bin.13.s	1	1	1	1	1
sunagawa2015	ERR598942_bin.14.s	1	1	1	1	1
sunagawa2015	ERR598942_bin.15.s	1	1	1	1	1
sunagawa2015	ERR598942_bin.16.p	1	1	1	1	1
sunagawa2015	ERR598942_bin.17.s	1	1	1	1	1
sunagawa2015	ERR598942_bin.18.o	1	1	1	1	1
sunagawa2015	ERR598942_bin.19.s	1	1	1	1	1
sunagawa2015	ERR598942_bin.2.s	1	1	1	1	1
sunagawa2015	ERR598942_bin.20.s	1	1	1	1	1
sunagawa2015	ERR598942_bin.21.s	1	1	1	1	1
sunagawa2015	ERR598942_bin.22.o	1	1	1	1	1
sunagawa2015	ERR598942_bin.23.p	1	1	1	1	1
sunagawa2015	ERR598942_bin.24.s	1	1	1	1	1
sunagawa2015	ERR598942_bin.25.s	1	1	1	1	1
sunagawa2015	ERR598942_bin.26.o	1	1	1	1	1
sunagawa2015	ERR598942_bin.27.s	1	1	1	1	1
sunagawa2015	ERR598942_bin.28.p	1	1	1	1	1
sunagawa2015	ERR598942_bin.30.p	1	1	1	1	1
sunagawa2015	ERR598942_bin.31.s	1	1	1	1	1
sunagawa2015	ERR598942_bin.32.p	1	1	1	1	1
sunagawa2015	ERR598942_bin.33.s	1	1	1	1	1
sunagawa2015	ERR598942_bin.34.p	1	1	1	1	1
sunagawa2015	ERR598942_bin.35.p	1	1	1	1	1
sunagawa2015	ERR598942_bin.36.p	1	1	1	1	1
sunagawa2015	ERR598942_bin.37.s	1	1	1	1	1
sunagawa2015	ERR598942_bin.38.s	1	1	1	1	1
sunagawa2015	ERR598942_bin.39.s	1	1	1	1	1
sunagawa2015	ERR598942_bin.40.p	1	1	1	1	1
sunagawa2015	ERR598942_bin.41.s	1	1	1	1	1
sunagawa2015	ERR598942_bin.42.s	1	1	1	1	1
sunagawa2015	ERR598942_bin.43.s	1	1	1	1	1
sunagawa2015	ERR598942_bin.44.s	1	1	1	1	1
sunagawa2015	ERR598942_bin.45.p	1	1	1	1	1
sunagawa2015	ERR598942_bin.46.s	1	1	1	1	1
sunagawa2015	ERR598942_bin.47.s	1	1	1	1	1
sunagawa2015	ERR598942_bin.48.s	1	1	1	1	1
sunagawa2015	ERR598942_bin.49.o	1	1	1	1	1
sunagawa2015	ERR598942_bin.5.p	1	1	1	1	1
sunagawa2015	ERR598942_bin.50.p	1	1	1	1	1
sunagawa2015	ERR598942_bin.51.s	1	1	1	1	1
sunagawa2015	ERR598942_bin.52.o	1	1	1	1	1
sunagawa2015	ERR598942_bin.53.p	1	1	1	1	1
sunagawa2015	ERR598942_bin.54.s	1	1	1	1	1
sunagawa2015	ERR598942_bin.55.s	1	1	1	1	1
sunagawa2015	ERR598942_bin.56.s	1	1	1	1	1
sunagawa2015	ERR598942_bin.57.s	1	1	1	1	1
sunagawa2015	ERR598942_bin.58.s	1	1	1	1	1
sunagawa2015	ERR598942_bin.59.o	1	1	1	1	1
sunagawa2015	ERR598942_bin.6.p	1	1	1	1	1
sunagawa2015	ERR598942_bin.7.s	1	1	1	1	1
sunagawa2015	ERR598942_bin.8.s	1	1	1	1	1
sunagawa2015	ERR598942_bin.9.p	1	1	1	1	1
sunagawa2015	ERR598943_bin.1.s	1	1	1	1	1
sunagawa2015	ERR598943_bin.10.p	1	1	1	1	1
sunagawa2015	ERR598943_bin.11.s	1	1	1	1	1
sunagawa2015	ERR598943_bin.12.s	1	1	1	1	1
sunagawa2015	ERR598943_bin.13.p	1	1	1	1	1
sunagawa2015	ERR598943_bin.14.p	1	1	1	1	1
sunagawa2015	ERR598943_bin.15.p	1	1	1	1	1
sunagawa2015	ERR598943_bin.16.p	1	1	1	1	1
sunagawa2015	ERR598943_bin.17.p	1	1	1	1	1
sunagawa2015	ERR598943_bin.18.p	1	1	1	1	1
sunagawa2015	ERR598943_bin.19.p	1	1	1	1	1
sunagawa2015	ERR598943_bin.2.p	1	1	1	1	1
sunagawa2015	ERR598943_bin.20.p	1	1	1	1	1
sunagawa2015	ERR598943_bin.21.p	1	1	1	1	1
sunagawa2015	ERR598943_bin.22.p	1	1	1	1	1
sunagawa2015	ERR598943_bin.24.s	1	1	1	1	1
sunagawa2015	ERR598943_bin.25.s	1	1	1	1	1
sunagawa2015	ERR598943_bin.26.s	1	1	1	1	1
sunagawa2015	ERR598943_bin.3.s	1	1	1	1	1
sunagawa2015	ERR598943_bin.4.p	1	1	1	1	1
sunagawa2015	ERR598943_bin.5.s	1	1	1	1	1
sunagawa2015	ERR598943_bin.6.p	1	1	1	1	1
sunagawa2015	ERR598943_bin.7.s	1	1	1	1	1
sunagawa2015	ERR598943_bin.8.p	1	1	1	1	1
sunagawa2015	ERR598943_bin.9.p	1	1	1	1	1
sunagawa2015	ERR598944_bin.1.s	1	1	1	1	1
sunagawa2015	ERR598944_bin.10.p	1	1	1	1	1
sunagawa2015	ERR598944_bin.11.o	1	1	1	1	1
sunagawa2015	ERR598944_bin.12.s	1	1	1	1	1
sunagawa2015	ERR598944_bin.13.s	1	1	1	1	1
sunagawa2015	ERR598944_bin.14.s	1	1	1	1	1
sunagawa2015	ERR598944_bin.15.s	1	1	1	1	1
sunagawa2015	ERR598944_bin.16.p	1	1	1	1	1
sunagawa2015	ERR598944_bin.17.o	1	1	1	1	1
sunagawa2015	ERR598944_bin.18.s	1	1	1	1	1
sunagawa2015	ERR598944_bin.2.o	1	1	1	1	1
sunagawa2015	ERR598944_bin.20.s	1	1	1	1	1
sunagawa2015	ERR598944_bin.21.p	1	1	1	1	1
sunagawa2015	ERR598944_bin.22.p	1	1	1	1	1
sunagawa2015	ERR598944_bin.23.s	1	1	1	1	1
sunagawa2015	ERR598944_bin.24.p	1	1	1	1	1
sunagawa2015	ERR598944_bin.25.p	1	1	1	1	1
sunagawa2015	ERR598944_bin.27.p	1	1	1	1	1
sunagawa2015	ERR598944_bin.28.p	1	1	1	1	1
sunagawa2015	ERR598944_bin.29.s	1	1	1	1	1
sunagawa2015	ERR598944_bin.3.s	1	1	1	1	1
sunagawa2015	ERR598944_bin.30.s	1	1	1	1	1
sunagawa2015	ERR598944_bin.31.p	1	1	1	1	1
sunagawa2015	ERR598944_bin.33.s	1	1	1	1	1
sunagawa2015	ERR598944_bin.34.p	1	1	1	1	1
sunagawa2015	ERR598944_bin.35.p	1	1	1	1	1
sunagawa2015	ERR598944_bin.36.p	1	1	1	1	1
sunagawa2015	ERR598944_bin.37.p	1	1	1	1	1
sunagawa2015	ERR598944_bin.38.p	1	1	1	1	1
sunagawa2015	ERR598944_bin.39.s	1	1	1	1	1
sunagawa2015	ERR598944_bin.4.s	1	1	1	1	1
sunagawa2015	ERR598944_bin.40.p	1	1	1	1	1
sunagawa2015	ERR598944_bin.41.p	1	1	1	1	1
sunagawa2015	ERR598944_bin.42.s	1	1	1	1	1
sunagawa2015	ERR598944_bin.43.s	1	1	1	1	1
sunagawa2015	ERR598944_bin.44.s	1	1	1	1	1
sunagawa2015	ERR598944_bin.46.s	1	1	1	1	1
sunagawa2015	ERR598944_bin.47.p	1	1	1	1	1
sunagawa2015	ERR598944_bin.48.s	1	1	1	1	1
sunagawa2015	ERR598944_bin.49.p	1	1	1	1	1
sunagawa2015	ERR598944_bin.50.p	1	1	1	1	1
sunagawa2015	ERR598944_bin.51.s	1	1	1	1	1
sunagawa2015	ERR598944_bin.52.p	1	1	1	1	1
sunagawa2015	ERR598944_bin.54.o	1	1	1	1	1
sunagawa2015	ERR598944_bin.55.p	1	1	1	1	1
sunagawa2015	ERR598944_bin.56.o	1	1	1	1	1
sunagawa2015	ERR598944_bin.6.p	1	1	1	1	1
sunagawa2015	ERR598944_bin.7.s	1	1	1	1	1
sunagawa2015	ERR598944_bin.9.p	1	1	1	1	1
sunagawa2015	ERR598945_bin.1.o	1	1	1	1	1
sunagawa2015	ERR598945_bin.2.p	1	1	1	1	1
sunagawa2015	ERR598945_bin.3.o	1	1	1	1	1
sunagawa2015	ERR598945_bin.4.o	1	1	1	1	1
sunagawa2015	ERR598945_bin.5.s	1	1	1	1	1
sunagawa2015	ERR598945_bin.6.s	1	1	1	1	1
sunagawa2015	ERR598945_bin.7.s	1	1	1	1	1
sunagawa2015	ERR598945_bin.8.s	1	1	1	1	1
sunagawa2015	ERR598945_bin.9.s	1	1	1	1	1
sunagawa2015	ERR598946_bin.1.s	1	1	1	1	1
sunagawa2015	ERR598946_bin.10.s	1	1	1	1	1
sunagawa2015	ERR598946_bin.11.s	1	1	1	1	1
sunagawa2015	ERR598946_bin.12.p	1	1	1	1	1
sunagawa2015	ERR598946_bin.13.s	1	1	1	1	1
sunagawa2015	ERR598946_bin.14.p	1	1	1	1	1
sunagawa2015	ERR598946_bin.15.s	1	1	1	1	1
sunagawa2015	ERR598946_bin.16.s	1	1	1	1	1
sunagawa2015	ERR598946_bin.17.s	1	1	1	1	1
sunagawa2015	ERR598946_bin.18.s	1	1	1	1	1
sunagawa2015	ERR598946_bin.19.o	1	1	1	1	1
sunagawa2015	ERR598946_bin.2.p	1	1	1	1	1
sunagawa2015	ERR598946_bin.21.s	1	1	1	1	1
sunagawa2015	ERR598946_bin.23.o	1	1	1	1	1
sunagawa2015	ERR598946_bin.24.o	1	1	1	1	1
sunagawa2015	ERR598946_bin.25.o	1	1	1	1	1
sunagawa2015	ERR598946_bin.26.p	1	1	1	1	1
sunagawa2015	ERR598946_bin.27.s	1	1	1	1	1
sunagawa2015	ERR598946_bin.28.o	1	1	1	1	1
sunagawa2015	ERR598946_bin.29.s	1	1	1	1	1
sunagawa2015	ERR598946_bin.3.s	1	1	1	1	1
sunagawa2015	ERR598946_bin.30.s	1	1	1	1	1
sunagawa2015	ERR598946_bin.31.s	1	1	1	1	1
sunagawa2015	ERR598946_bin.32.s	1	1	1	1	1
sunagawa2015	ERR598946_bin.33.s	1	1	1	1	1
sunagawa2015	ERR598946_bin.34.s	1	1	1	1	1
sunagawa2015	ERR598946_bin.35.s	1	1	1	1	1
sunagawa2015	ERR598946_bin.36.p	1	1	1	1	1
sunagawa2015	ERR598946_bin.37.p	1	1	1	1	1
sunagawa2015	ERR598946_bin.38.p	1	1	1	1	1
sunagawa2015	ERR598946_bin.39.p	1	1	1	1	1
sunagawa2015	ERR598946_bin.4.o	1	1	1	1	1
sunagawa2015	ERR598946_bin.40.p	1	1	1	1	1
sunagawa2015	ERR598946_bin.41.o	1	1	1	1	1
sunagawa2015	ERR598946_bin.42.s	1	1	1	1	1
sunagawa2015	ERR598946_bin.43.p	1	1	1	1	1
sunagawa2015	ERR598946_bin.44.s	1	1	1	1	1
sunagawa2015	ERR598946_bin.45.s	1	1	1	1	1
sunagawa2015	ERR598946_bin.46.p	1	1	1	1	1
sunagawa2015	ERR598946_bin.47.s	1	1	1	1	1
sunagawa2015	ERR598946_bin.48.p	1	1	1	1	1
sunagawa2015	ERR598946_bin.49.p	1	1	1	1	1
sunagawa2015	ERR598946_bin.5.s	1	1	1	1	1
sunagawa2015	ERR598946_bin.51.s	1	1	1	1	1
sunagawa2015	ERR598946_bin.52.s	1	1	1	1	1
sunagawa2015	ERR598946_bin.53.s	1	1	1	1	1
sunagawa2015	ERR598946_bin.54.s	1	1	1	1	1
sunagawa2015	ERR598946_bin.55.s	1	1	1	1	1
sunagawa2015	ERR598946_bin.56.o	1	1	1	1	1
sunagawa2015	ERR598946_bin.57.p	1	1	1	1	1
sunagawa2015	ERR598946_bin.58.s	1	1	1	1	1
sunagawa2015	ERR598946_bin.59.o	1	1	1	1	1
sunagawa2015	ERR598946_bin.6.s	1	1	1	1	1
sunagawa2015	ERR598946_bin.60.p	1	1	1	1	1
sunagawa2015	ERR598946_bin.62.p	1	1	1	1	1
sunagawa2015	ERR598946_bin.63.s	1	1	1	1	1
sunagawa2015	ERR598946_bin.64.s	1	1	1	1	1
sunagawa2015	ERR598946_bin.65.p	1	1	1	1	1
sunagawa2015	ERR598946_bin.66.o	1	1	1	1	1
sunagawa2015	ERR598946_bin.67.p	1	1	1	1	1
sunagawa2015	ERR598946_bin.68.s	1	1	1	1	1
sunagawa2015	ERR598946_bin.69.s	1	1	1	1	1
sunagawa2015	ERR598946_bin.7.o	1	1	1	1	1
sunagawa2015	ERR598946_bin.70.s	1	1	1	1	1
sunagawa2015	ERR598946_bin.71.p	1	1	1	1	1
sunagawa2015	ERR598946_bin.72.s	1	1	1	1	1
sunagawa2015	ERR598946_bin.73.o	1	1	1	1	1
sunagawa2015	ERR598946_bin.74.s	1	1	1	1	1
sunagawa2015	ERR598946_bin.8.p	1	1	1	1	1
sunagawa2015	ERR598946_bin.9.s	1	1	1	1	1
sunagawa2015	ERR598947_bin.1.s	1	1	1	1	1
sunagawa2015	ERR598947_bin.10.p	1	1	1	1	1
sunagawa2015	ERR598947_bin.11.p	1	1	1	1	1
sunagawa2015	ERR598947_bin.12.p	1	1	1	1	1
sunagawa2015	ERR598947_bin.13.s	1	1	1	1	1
sunagawa2015	ERR598947_bin.14.s	1	1	1	1	1
sunagawa2015	ERR598947_bin.15.p	1	1	1	1	1
sunagawa2015	ERR598947_bin.16.s	1	1	1	1	1
sunagawa2015	ERR598947_bin.17.o	1	1	1	1	1
sunagawa2015	ERR598947_bin.18.p	1	1	1	1	1
sunagawa2015	ERR598947_bin.19.s	1	1	1	1	1
sunagawa2015	ERR598947_bin.2.s	1	1	1	1	1
sunagawa2015	ERR598947_bin.20.p	1	1	1	1	1
sunagawa2015	ERR598947_bin.21.p	1	1	1	1	1
sunagawa2015	ERR598947_bin.22.p	1	1	1	1	1
sunagawa2015	ERR598947_bin.23.s	1	1	1	1	1
sunagawa2015	ERR598947_bin.24.s	1	1	1	1	1
sunagawa2015	ERR598947_bin.25.s	1	1	1	1	1
sunagawa2015	ERR598947_bin.26.s	1	1	1	1	1
sunagawa2015	ERR598947_bin.27.s	1	1	1	1	1
sunagawa2015	ERR598947_bin.28.s	1	1	1	1	1
sunagawa2015	ERR598947_bin.29.p	1	1	1	1	1
sunagawa2015	ERR598947_bin.3.p	1	1	1	1	1
sunagawa2015	ERR598947_bin.30.s	1	1	1	1	1
sunagawa2015	ERR598947_bin.31.p	1	1	1	1	1
sunagawa2015	ERR598947_bin.32.p	1	1	1	1	1
sunagawa2015	ERR598947_bin.33.s	1	1	1	1	1
sunagawa2015	ERR598947_bin.34.p	1	1	1	1	1
sunagawa2015	ERR598947_bin.4.s	1	1	1	1	1
sunagawa2015	ERR598947_bin.5.s	1	1	1	1	1
sunagawa2015	ERR598947_bin.6.s	1	1	1	1	1
sunagawa2015	ERR598947_bin.7.p	1	1	1	1	1
sunagawa2015	ERR598947_bin.8.p	1	1	1	1	1
sunagawa2015	ERR598947_bin.9.p	1	1	1	1	1
sunagawa2015	ERR598948_bin.1.s	1	1	1	1	1
sunagawa2015	ERR598948_bin.10.s	1	1	1	1	1
sunagawa2015	ERR598948_bin.12.s	1	1	1	1	1
sunagawa2015	ERR598948_bin.13.o	1	1	1	1	1
sunagawa2015	ERR598948_bin.14.s	1	1	1	1	1
sunagawa2015	ERR598948_bin.15.p	1	1	1	1	1
sunagawa2015	ERR598948_bin.16.s	1	1	1	1	1
sunagawa2015	ERR598948_bin.17.s	1	1	1	1	1
sunagawa2015	ERR598948_bin.18.s	1	1	1	1	1
sunagawa2015	ERR598948_bin.19.o	1	1	1	1	1
sunagawa2015	ERR598948_bin.2.p	1	1	1	1	1
sunagawa2015	ERR598948_bin.20.s	1	1	1	1	1
sunagawa2015	ERR598948_bin.21.p	1	1	1	1	1
sunagawa2015	ERR598948_bin.22.p	1	1	1	1	1
sunagawa2015	ERR598948_bin.23.s	1	1	1	1	1
sunagawa2015	ERR598948_bin.24.s	1	1	1	1	1
sunagawa2015	ERR598948_bin.25.s	1	1	1	1	1
sunagawa2015	ERR598948_bin.26.s	1	1	1	1	1
sunagawa2015	ERR598948_bin.27.s	1	1	1	1	1
sunagawa2015	ERR598948_bin.28.p	1	1	1	1	1
sunagawa2015	ERR598948_bin.29.s	1	1	1	1	1
sunagawa2015	ERR598948_bin.3.s	1	1	1	1	1
sunagawa2015	ERR598948_bin.31.p	1	1	1	1	1
sunagawa2015	ERR598948_bin.32.s	1	1	1	1	1
sunagawa2015	ERR598948_bin.33.s	1	1	1	1	1
sunagawa2015	ERR598948_bin.34.p	1	1	1	1	1
sunagawa2015	ERR598948_bin.36.p	1	1	1	1	1
sunagawa2015	ERR598948_bin.37.s	1	1	1	1	1
sunagawa2015	ERR598948_bin.38.o	1	1	1	1	1
sunagawa2015	ERR598948_bin.39.s	1	1	1	1	1
sunagawa2015	ERR598948_bin.4.p	1	1	1	1	1
sunagawa2015	ERR598948_bin.40.p	1	1	1	1	1
sunagawa2015	ERR598948_bin.41.s	1	1	1	1	1
sunagawa2015	ERR598948_bin.42.s	1	1	1	1	1
sunagawa2015	ERR598948_bin.43.p	1	1	1	1	1
sunagawa2015	ERR598948_bin.44.s	1	1	1	1	1
sunagawa2015	ERR598948_bin.45.s	1	1	1	1	1
sunagawa2015	ERR598948_bin.46.s	1	1	1	1	1
sunagawa2015	ERR598948_bin.47.o	1	1	1	1	1
sunagawa2015	ERR598948_bin.48.p	1	1	1	1	1
sunagawa2015	ERR598948_bin.49.s	1	1	1	1	1
sunagawa2015	ERR598948_bin.5.p	1	1	1	1	1
sunagawa2015	ERR598948_bin.50.s	1	1	1	1	1
sunagawa2015	ERR598948_bin.51.s	1	1	1	1	1
sunagawa2015	ERR598948_bin.52.p	1	1	1	1	1
sunagawa2015	ERR598948_bin.53.s	1	1	1	1	1
sunagawa2015	ERR598948_bin.54.s	1	1	1	1	1
sunagawa2015	ERR598948_bin.55.p	1	1	1	1	1
sunagawa2015	ERR598948_bin.56.p	1	1	1	1	1
sunagawa2015	ERR598948_bin.57.s	1	1	1	1	1
sunagawa2015	ERR598948_bin.58.p	1	1	1	1	1
sunagawa2015	ERR598948_bin.59.p	1	1	1	1	1
sunagawa2015	ERR598948_bin.6.s	1	1	1	1	1
sunagawa2015	ERR598948_bin.60.p	1	1	1	1	1
sunagawa2015	ERR598948_bin.61.s	1	1	1	1	1
sunagawa2015	ERR598948_bin.62.s	1	1	1	1	1
sunagawa2015	ERR598948_bin.63.o	1	1	1	1	1
sunagawa2015	ERR598948_bin.64.s	1	1	1	1	1
sunagawa2015	ERR598948_bin.65.s	1	1	1	1	1
sunagawa2015	ERR598948_bin.66.s	1	1	1	1	1
sunagawa2015	ERR598948_bin.67.p	1	1	1	1	1
sunagawa2015	ERR598948_bin.68.o	1	1	1	1	1
sunagawa2015	ERR598948_bin.69.p	1	1	1	1	1
sunagawa2015	ERR598948_bin.7.s	1	1	1	1	1
sunagawa2015	ERR598948_bin.70.s	1	1	1	1	1
sunagawa2015	ERR598948_bin.71.p	1	1	1	1	1
sunagawa2015	ERR598948_bin.72.o	1	1	1	1	1
sunagawa2015	ERR598948_bin.74.s	1	1	1	1	1
sunagawa2015	ERR598948_bin.75.p	1	1	1	1	1
sunagawa2015	ERR598948_bin.76.s	1	1	1	1	1
sunagawa2015	ERR598948_bin.78.o	1	1	1	1	1
sunagawa2015	ERR598948_bin.79.s	1	1	1	1	1
sunagawa2015	ERR598948_bin.8.s	1	1	1	1	1
sunagawa2015	ERR598948_bin.80.p	1	1	1	1	1
sunagawa2015	ERR598948_bin.81.p	1	1	1	1	1
sunagawa2015	ERR598948_bin.82.s	1	1	1	1	1
sunagawa2015	ERR598948_bin.9.s	1	1	1	1	1
sunagawa2015	ERR598949_bin.1.s	1	1	1	1	1
sunagawa2015	ERR598949_bin.10.s	1	1	1	1	1
sunagawa2015	ERR598949_bin.11.p	1	1	1	1	1
sunagawa2015	ERR598949_bin.12.s	1	1	1	1	1
sunagawa2015	ERR598949_bin.13.p	1	1	1	1	1
sunagawa2015	ERR598949_bin.14.s	1	1	1	1	1
sunagawa2015	ERR598949_bin.15.p	1	1	1	1	1
sunagawa2015	ERR598949_bin.16.p	1	1	1	1	1
sunagawa2015	ERR598949_bin.17.o	1	1	1	1	1
sunagawa2015	ERR598949_bin.18.s	1	1	1	1	1
sunagawa2015	ERR598949_bin.19.s	1	1	1	1	1
sunagawa2015	ERR598949_bin.2.p	1	1	1	1	1
sunagawa2015	ERR598949_bin.20.p	1	1	1	1	1
sunagawa2015	ERR598949_bin.21.p	1	1	1	1	1
sunagawa2015	ERR598949_bin.22.p	1	1	1	1	1
sunagawa2015	ERR598949_bin.23.s	1	1	1	1	1
sunagawa2015	ERR598949_bin.24.s	1	1	1	1	1
sunagawa2015	ERR598949_bin.25.p	1	1	1	1	1
sunagawa2015	ERR598949_bin.26.p	1	1	1	1	1
sunagawa2015	ERR598949_bin.27.p	1	1	1	1	1
sunagawa2015	ERR598949_bin.28.p	1	1	1	1	1
sunagawa2015	ERR598949_bin.29.p	1	1	1	1	1
sunagawa2015	ERR598949_bin.3.s	1	1	1	1	1
sunagawa2015	ERR598949_bin.4.s	1	1	1	1	1
sunagawa2015	ERR598949_bin.6.p	1	1	1	1	1
sunagawa2015	ERR598949_bin.7.p	1	1	1	1	1
sunagawa2015	ERR598949_bin.8.p	1	1	1	1	1
sunagawa2015	ERR598949_bin.9.s	1	1	1	1	1
sunagawa2015	ERR598950_bin.1.o	1	1	1	1	1
sunagawa2015	ERR598950_bin.10.s	1	1	1	1	1
sunagawa2015	ERR598950_bin.11.p	1	1	1	1	1
sunagawa2015	ERR598950_bin.12.s	1	1	1	1	1
sunagawa2015	ERR598950_bin.13.s	1	1	1	1	1
sunagawa2015	ERR598950_bin.14.p	1	1	1	1	1
sunagawa2015	ERR598950_bin.15.p	1	1	1	1	1
sunagawa2015	ERR598950_bin.16.s	1	1	1	1	1
sunagawa2015	ERR598950_bin.17.s	1	1	1	1	1
sunagawa2015	ERR598950_bin.18.s	1	1	1	1	1
sunagawa2015	ERR598950_bin.19.s	1	1	1	1	1
sunagawa2015	ERR598950_bin.2.s	1	1	1	1	1
sunagawa2015	ERR598950_bin.20.p	1	1	1	1	1
sunagawa2015	ERR598950_bin.21.s	1	1	1	1	1
sunagawa2015	ERR598950_bin.22.p	1	1	1	1	1
sunagawa2015	ERR598950_bin.3.o	1	1	1	1	1
sunagawa2015	ERR598950_bin.4.s	1	1	1	1	1
sunagawa2015	ERR598950_bin.5.s	1	1	1	1	1
sunagawa2015	ERR598950_bin.6.p	1	1	1	1	1
sunagawa2015	ERR598950_bin.7.p	1	1	1	1	1
sunagawa2015	ERR598950_bin.8.p	1	1	1	1	1
sunagawa2015	ERR598950_bin.9.s	1	1	1	1	1
sunagawa2015	ERR598951_bin.1.p	1	1	1	1	1
sunagawa2015	ERR598951_bin.10.s	1	1	1	1	1
sunagawa2015	ERR598951_bin.11.s	1	1	1	1	1
sunagawa2015	ERR598951_bin.12.s	1	1	1	1	1
sunagawa2015	ERR598951_bin.13.p	1	1	1	1	1
sunagawa2015	ERR598951_bin.14.p	1	1	1	1	1
sunagawa2015	ERR598951_bin.15.p	1	1	1	1	1
sunagawa2015	ERR598951_bin.16.p	1	1	1	1	1
sunagawa2015	ERR598951_bin.17.s	1	1	1	1	1
sunagawa2015	ERR598951_bin.18.p	1	1	1	1	1
sunagawa2015	ERR598951_bin.19.s	1	1	1	1	1
sunagawa2015	ERR598951_bin.2.s	1	1	1	1	1
sunagawa2015	ERR598951_bin.20.o	1	1	1	1	1
sunagawa2015	ERR598951_bin.21.s	1	1	1	1	1
sunagawa2015	ERR598951_bin.22.s	1	1	1	1	1
sunagawa2015	ERR598951_bin.23.s	1	1	1	1	1
sunagawa2015	ERR598951_bin.24.p	1	1	1	1	1
sunagawa2015	ERR598951_bin.25.s	1	1	1	1	1
sunagawa2015	ERR598951_bin.4.s	1	1	1	1	1
sunagawa2015	ERR598951_bin.5.p	1	1	1	1	1
sunagawa2015	ERR598951_bin.6.s	1	1	1	1	1
sunagawa2015	ERR598951_bin.7.p	1	1	1	1	1
sunagawa2015	ERR598951_bin.8.p	1	1	1	1	1
sunagawa2015	ERR598951_bin.9.s	1	1	1	1	1
sunagawa2015	ERR598952_bin.1.s	1	1	1	1	1
sunagawa2015	ERR598952_bin.10.p	1	1	1	1	1
sunagawa2015	ERR598952_bin.11.p	1	1	1	1	1
sunagawa2015	ERR598952_bin.12.p	1	1	1	1	1
sunagawa2015	ERR598952_bin.13.p	1	1	1	1	1
sunagawa2015	ERR598952_bin.2.p	1	1	1	1	1
sunagawa2015	ERR598952_bin.3.p	1	1	1	1	1
sunagawa2015	ERR598952_bin.4.s	1	1	1	1	1
sunagawa2015	ERR598952_bin.5.s	1	1	1	1	1
sunagawa2015	ERR598952_bin.6.p	1	1	1	1	1
sunagawa2015	ERR598952_bin.7.s	1	1	1	1	1
sunagawa2015	ERR598952_bin.8.s	1	1	1	1	1
sunagawa2015	ERR598952_bin.9.s	1	1	1	1	1
sunagawa2015	ERR598953_bin.1.p	1	1	1	1	1
sunagawa2015	ERR598953_bin.10.s	1	1	1	1	1
sunagawa2015	ERR598953_bin.12.s	1	1	1	1	1
sunagawa2015	ERR598953_bin.13.s	1	1	1	1	1
sunagawa2015	ERR598953_bin.14.s	1	1	1	1	1
sunagawa2015	ERR598953_bin.15.p	1	1	1	1	1
sunagawa2015	ERR598953_bin.16.p	1	1	1	1	1
sunagawa2015	ERR598953_bin.18.p	1	1	1	1	1
sunagawa2015	ERR598953_bin.19.p	1	1	1	1	1
sunagawa2015	ERR598953_bin.2.p	1	1	1	1	1
sunagawa2015	ERR598953_bin.20.s	1	1	1	1	1
sunagawa2015	ERR598953_bin.22.s	1	1	1	1	1
sunagawa2015	ERR598953_bin.23.p	1	1	1	1	1
sunagawa2015	ERR598953_bin.24.s	1	1	1	1	1
sunagawa2015	ERR598953_bin.25.s	1	1	1	1	1
sunagawa2015	ERR598953_bin.26.o	1	1	1	1	1
sunagawa2015	ERR598953_bin.27.o	1	1	1	1	1
sunagawa2015	ERR598953_bin.28.s	1	1	1	1	1
sunagawa2015	ERR598953_bin.29.s	1	1	1	1	1
sunagawa2015	ERR598953_bin.30.s	1	1	1	1	1
sunagawa2015	ERR598953_bin.31.p	1	1	1	1	1
sunagawa2015	ERR598953_bin.32.s	1	1	1	1	1
sunagawa2015	ERR598953_bin.34.p	1	1	1	1	1
sunagawa2015	ERR598953_bin.35.p	1	1	1	1	1
sunagawa2015	ERR598953_bin.36.s	1	1	1	1	1
sunagawa2015	ERR598953_bin.37.p	1	1	1	1	1
sunagawa2015	ERR598953_bin.39.p	1	1	1	1	1
sunagawa2015	ERR598953_bin.4.o	1	1	1	1	1
sunagawa2015	ERR598953_bin.40.s	1	1	1	1	1
sunagawa2015	ERR598953_bin.41.p	1	1	1	1	1
sunagawa2015	ERR598953_bin.42.s	1	1	1	1	1
sunagawa2015	ERR598953_bin.43.s	1	1	1	1	1
sunagawa2015	ERR598953_bin.44.s	1	1	1	1	1
sunagawa2015	ERR598953_bin.45.p	1	1	1	1	1
sunagawa2015	ERR598953_bin.46.s	1	1	1	1	1
sunagawa2015	ERR598953_bin.47.s	1	1	1	1	1
sunagawa2015	ERR598953_bin.48.p	1	1	1	1	1
sunagawa2015	ERR598953_bin.49.s	1	1	1	1	1
sunagawa2015	ERR598953_bin.50.s	1	1	1	1	1
sunagawa2015	ERR598953_bin.51.s	1	1	1	1	1
sunagawa2015	ERR598953_bin.6.p	1	1	1	1	1
sunagawa2015	ERR598953_bin.7.s	1	1	1	1	1
sunagawa2015	ERR598953_bin.8.s	1	1	1	1	1
sunagawa2015	ERR598953_bin.9.s	1	1	1	1	1
sunagawa2015	ERR598954_bin.1.p	1	1	1	1	1
sunagawa2015	ERR598954_bin.10.p	1	1	1	1	1
sunagawa2015	ERR598954_bin.11.p	1	1	1	1	1
sunagawa2015	ERR598954_bin.12.p	1	1	1	1	1
sunagawa2015	ERR598954_bin.13.s	1	1	1	1	1
sunagawa2015	ERR598954_bin.14.s	1	1	1	1	1
sunagawa2015	ERR598954_bin.15.p	1	1	1	1	1
sunagawa2015	ERR598954_bin.17.o	1	1	1	1	1
sunagawa2015	ERR598954_bin.18.p	1	1	1	1	1
sunagawa2015	ERR598954_bin.2.p	1	1	1	1	1
sunagawa2015	ERR598954_bin.20.s	1	1	1	1	1
sunagawa2015	ERR598954_bin.21.s	1	1	1	1	1
sunagawa2015	ERR598954_bin.22.s	1	1	1	1	1
sunagawa2015	ERR598954_bin.23.s	1	1	1	1	1
sunagawa2015	ERR598954_bin.24.s	1	1	1	1	1
sunagawa2015	ERR598954_bin.25.s	1	1	1	1	1
sunagawa2015	ERR598954_bin.26.p	1	1	1	1	1
sunagawa2015	ERR598954_bin.27.p	1	1	1	1	1
sunagawa2015	ERR598954_bin.28.s	1	1	1	1	1
sunagawa2015	ERR598954_bin.29.s	1	1	1	1	1
sunagawa2015	ERR598954_bin.3.p	1	1	1	1	1
sunagawa2015	ERR598954_bin.30.p	1	1	1	1	1
sunagawa2015	ERR598954_bin.31.s	1	1	1	1	1
sunagawa2015	ERR598954_bin.32.p	1	1	1	1	1
sunagawa2015	ERR598954_bin.33.s	1	1	1	1	1
sunagawa2015	ERR598954_bin.34.s	1	1	1	1	1
sunagawa2015	ERR598954_bin.35.s	1	1	1	1	1
sunagawa2015	ERR598954_bin.36.s	1	1	1	1	1
sunagawa2015	ERR598954_bin.37.s	1	1	1	1	1
sunagawa2015	ERR598954_bin.38.s	1	1	1	1	1
sunagawa2015	ERR598954_bin.4.p	1	1	1	1	1
sunagawa2015	ERR598954_bin.40.s	1	1	1	1	1
sunagawa2015	ERR598954_bin.41.s	1	1	1	1	1
sunagawa2015	ERR598954_bin.42.s	1	1	1	1	1
sunagawa2015	ERR598954_bin.43.p	1	1	1	1	1
sunagawa2015	ERR598954_bin.44.p	1	1	1	1	1
sunagawa2015	ERR598954_bin.45.p	1	1	1	1	1
sunagawa2015	ERR598954_bin.47.p	1	1	1	1	1
sunagawa2015	ERR598954_bin.48.s	1	1	1	1	1
sunagawa2015	ERR598954_bin.49.s	1	1	1	1	1
sunagawa2015	ERR598954_bin.5.s	1	1	1	1	1
sunagawa2015	ERR598954_bin.50.p	1	1	1	1	1
sunagawa2015	ERR598954_bin.51.s	1	1	1	1	1
sunagawa2015	ERR598954_bin.52.o	1	1	1	1	1
sunagawa2015	ERR598954_bin.53.p	1	1	1	1	1
sunagawa2015	ERR598954_bin.54.s	1	1	1	1	1
sunagawa2015	ERR598954_bin.55.s	1	1	1	1	1
sunagawa2015	ERR598954_bin.56.s	1	1	1	1	1
sunagawa2015	ERR598954_bin.57.o	1	1	1	1	1
sunagawa2015	ERR598954_bin.6.o	1	1	1	1	1
sunagawa2015	ERR598954_bin.7.s	1	1	1	1	1
sunagawa2015	ERR598954_bin.8.s	1	1	1	1	1
sunagawa2015	ERR598954_bin.9.p	1	1	1	1	1
sunagawa2015	ERR598955_bin.1.s	1	1	1	1	1
sunagawa2015	ERR598955_bin.10.p	1	1	1	1	1
sunagawa2015	ERR598955_bin.11.p	1	1	1	1	1
sunagawa2015	ERR598955_bin.12.s	1	1	1	1	1
sunagawa2015	ERR598955_bin.13.s	1	1	1	1	1
sunagawa2015	ERR598955_bin.14.p	1	1	1	1	1
sunagawa2015	ERR598955_bin.15.o	1	1	1	1	1
sunagawa2015	ERR598955_bin.16.p	1	1	1	1	1
sunagawa2015	ERR598955_bin.17.s	1	1	1	1	1
sunagawa2015	ERR598955_bin.18.s	1	1	1	1	1
sunagawa2015	ERR598955_bin.19.o	1	1	1	1	1
sunagawa2015	ERR598955_bin.2.s	1	1	1	1	1
sunagawa2015	ERR598955_bin.20.p	1	1	1	1	1
sunagawa2015	ERR598955_bin.21.s	1	1	1	1	1
sunagawa2015	ERR598955_bin.22.s	1	1	1	1	1
sunagawa2015	ERR598955_bin.23.p	1	1	1	1	1
sunagawa2015	ERR598955_bin.24.o	1	1	1	1	1
sunagawa2015	ERR598955_bin.25.p	1	1	1	1	1
sunagawa2015	ERR598955_bin.26.p	1	1	1	1	1
sunagawa2015	ERR598955_bin.28.s	1	1	1	1	1
sunagawa2015	ERR598955_bin.29.s	1	1	1	1	1
sunagawa2015	ERR598955_bin.3.s	1	1	1	1	1
sunagawa2015	ERR598955_bin.30.p	1	1	1	1	1
sunagawa2015	ERR598955_bin.31.s	1	1	1	1	1
sunagawa2015	ERR598955_bin.32.p	1	1	1	1	1
sunagawa2015	ERR598955_bin.33.s	1	1	1	1	1
sunagawa2015	ERR598955_bin.34.p	1	1	1	1	1
sunagawa2015	ERR598955_bin.35.s	1	1	1	1	1
sunagawa2015	ERR598955_bin.36.p	1	1	1	1	1
sunagawa2015	ERR598955_bin.37.p	1	1	1	1	1
sunagawa2015	ERR598955_bin.39.p	1	1	1	1	1
sunagawa2015	ERR598955_bin.4.p	1	1	1	1	1
sunagawa2015	ERR598955_bin.40.s	1	1	1	1	1
sunagawa2015	ERR598955_bin.41.s	1	1	1	1	1
sunagawa2015	ERR598955_bin.42.p	1	1	1	1	1
sunagawa2015	ERR598955_bin.43.s	1	1	1	1	1
sunagawa2015	ERR598955_bin.44.p	1	1	1	1	1
sunagawa2015	ERR598955_bin.45.s	1	1	1	1	1
sunagawa2015	ERR598955_bin.46.p	1	1	1	1	1
sunagawa2015	ERR598955_bin.47.s	1	1	1	1	1
sunagawa2015	ERR598955_bin.48.s	1	1	1	1	1
sunagawa2015	ERR598955_bin.49.p	1	1	1	1	1
sunagawa2015	ERR598955_bin.5.p	1	1	1	1	1
sunagawa2015	ERR598955_bin.50.s	1	1	1	1	1
sunagawa2015	ERR598955_bin.51.o	1	1	1	1	1
sunagawa2015	ERR598955_bin.52.s	1	1	1	1	1
sunagawa2015	ERR598955_bin.53.p	1	1	1	1	1
sunagawa2015	ERR598955_bin.54.s	1	1	1	1	1
sunagawa2015	ERR598955_bin.55.s	1	1	1	1	1
sunagawa2015	ERR598955_bin.56.s	1	1	1	1	1
sunagawa2015	ERR598955_bin.57.s	1	1	1	1	1
sunagawa2015	ERR598955_bin.58.p	1	1	1	1	1
sunagawa2015	ERR598955_bin.6.s	1	1	1	1	1
sunagawa2015	ERR598955_bin.7.p	1	1	1	1	1
sunagawa2015	ERR598955_bin.8.o	1	1	1	1	1
sunagawa2015	ERR598955_bin.9.s	1	1	1	1	1
sunagawa2015	ERR598956_bin.1.p	1	1	1	1	1
sunagawa2015	ERR598956_bin.10.o	1	1	1	1	1
sunagawa2015	ERR598956_bin.11.s	1	1	1	1	1
sunagawa2015	ERR598956_bin.12.o	1	1	1	1	1
sunagawa2015	ERR598956_bin.13.p	1	1	1	1	1
sunagawa2015	ERR598956_bin.14.o	1	1	1	1	1
sunagawa2015	ERR598956_bin.15.s	1	1	1	1	1
sunagawa2015	ERR598956_bin.16.s	1	1	1	1	1
sunagawa2015	ERR598956_bin.17.p	1	1	1	1	1
sunagawa2015	ERR598956_bin.18.o	1	1	1	1	1
sunagawa2015	ERR598956_bin.19.s	1	1	1	1	1
sunagawa2015	ERR598956_bin.2.s	1	1	1	1	1
sunagawa2015	ERR598956_bin.20.p	1	1	1	1	1
sunagawa2015	ERR598956_bin.21.p	1	1	1	1	1
sunagawa2015	ERR598956_bin.22.p	1	1	1	1	1
sunagawa2015	ERR598956_bin.23.p	1	1	1	1	1
sunagawa2015	ERR598956_bin.24.s	1	1	1	1	1
sunagawa2015	ERR598956_bin.25.p	1	1	1	1	1
sunagawa2015	ERR598956_bin.26.p	1	1	1	1	1
sunagawa2015	ERR598956_bin.3.p	1	1	1	1	1
sunagawa2015	ERR598956_bin.4.s	1	1	1	1	1
sunagawa2015	ERR598956_bin.5.p	1	1	1	1	1
sunagawa2015	ERR598956_bin.6.p	1	1	1	1	1
sunagawa2015	ERR598956_bin.7.s	1	1	1	1	1
sunagawa2015	ERR598956_bin.8.p	1	1	1	1	1
sunagawa2015	ERR598956_bin.9.s	1	1	1	1	1
sunagawa2015	ERR598957_bin.1.p	1	1	1	1	1
sunagawa2015	ERR598957_bin.10.p	1	1	1	1	1
sunagawa2015	ERR598957_bin.11.o	1	1	1	1	1
sunagawa2015	ERR598957_bin.12.s	1	1	1	1	1
sunagawa2015	ERR598957_bin.13.s	1	1	1	1	1
sunagawa2015	ERR598957_bin.14.o	1	1	1	1	1
sunagawa2015	ERR598957_bin.15.p	1	1	1	1	1
sunagawa2015	ERR598957_bin.16.p	1	1	1	1	1
sunagawa2015	ERR598957_bin.17.s	1	1	1	1	1
sunagawa2015	ERR598957_bin.18.p	1	1	1	1	1
sunagawa2015	ERR598957_bin.19.p	1	1	1	1	1
sunagawa2015	ERR598957_bin.2.p	1	1	1	1	1
sunagawa2015	ERR598957_bin.20.p	1	1	1	1	1
sunagawa2015	ERR598957_bin.21.s	1	1	1	1	1
sunagawa2015	ERR598957_bin.22.s	1	1	1	1	1
sunagawa2015	ERR598957_bin.23.p	1	1	1	1	1
sunagawa2015	ERR598957_bin.24.s	1	1	1	1	1
sunagawa2015	ERR598957_bin.25.s	1	1	1	1	1
sunagawa2015	ERR598957_bin.26.s	1	1	1	1	1
sunagawa2015	ERR598957_bin.27.p	1	1	1	1	1
sunagawa2015	ERR598957_bin.28.p	1	1	1	1	1
sunagawa2015	ERR598957_bin.29.o	1	1	1	1	1
sunagawa2015	ERR598957_bin.3.p	1	1	1	1	1
sunagawa2015	ERR598957_bin.30.s	1	1	1	1	1
sunagawa2015	ERR598957_bin.31.p	1	1	1	1	1
sunagawa2015	ERR598957_bin.32.p	1	1	1	1	1
sunagawa2015	ERR598957_bin.33.s	1	1	1	1	1
sunagawa2015	ERR598957_bin.34.s	1	1	1	1	1
sunagawa2015	ERR598957_bin.35.p	1	1	1	1	1
sunagawa2015	ERR598957_bin.36.s	1	1	1	1	1
sunagawa2015	ERR598957_bin.37.s	1	1	1	1	1
sunagawa2015	ERR598957_bin.38.p	1	1	1	1	1
sunagawa2015	ERR598957_bin.39.p	1	1	1	1	1
sunagawa2015	ERR598957_bin.4.p	1	1	1	1	1
sunagawa2015	ERR598957_bin.40.s	1	1	1	1	1
sunagawa2015	ERR598957_bin.41.s	1	1	1	1	1
sunagawa2015	ERR598957_bin.42.s	1	1	1	1	1
sunagawa2015	ERR598957_bin.43.p	1	1	1	1	1
sunagawa2015	ERR598957_bin.44.s	1	1	1	1	1
sunagawa2015	ERR598957_bin.45.s	1	1	1	1	1
sunagawa2015	ERR598957_bin.46.p	1	1	1	1	1
sunagawa2015	ERR598957_bin.47.p	1	1	1	1	1
sunagawa2015	ERR598957_bin.48.s	1	1	1	1	1
sunagawa2015	ERR598957_bin.49.p	1	1	1	1	1
sunagawa2015	ERR598957_bin.5.p	1	1	1	1	1
sunagawa2015	ERR598957_bin.50.s	1	1	1	1	1
sunagawa2015	ERR598957_bin.52.p	1	1	1	1	1
sunagawa2015	ERR598957_bin.53.s	1	1	1	1	1
sunagawa2015	ERR598957_bin.54.o	1	1	1	1	1
sunagawa2015	ERR598957_bin.55.s	1	1	1	1	1
sunagawa2015	ERR598957_bin.56.p	1	1	1	1	1
sunagawa2015	ERR598957_bin.57.o	1	1	1	1	1
sunagawa2015	ERR598957_bin.58.s	1	1	1	1	1
sunagawa2015	ERR598957_bin.59.s	1	1	1	1	1
sunagawa2015	ERR598957_bin.6.s	1	1	1	1	1
sunagawa2015	ERR598957_bin.60.p	1	1	1	1	1
sunagawa2015	ERR598957_bin.61.p	1	1	1	1	1
sunagawa2015	ERR598957_bin.62.p	1	1	1	1	1
sunagawa2015	ERR598957_bin.63.s	1	1	1	1	1
sunagawa2015	ERR598957_bin.64.s	1	1	1	1	1
sunagawa2015	ERR598957_bin.65.p	1	1	1	1	1
sunagawa2015	ERR598957_bin.67.p	1	1	1	1	1
sunagawa2015	ERR598957_bin.68.s	1	1	1	1	1
sunagawa2015	ERR598957_bin.69.s	1	1	1	1	1
sunagawa2015	ERR598957_bin.7.p	1	1	1	1	1
sunagawa2015	ERR598957_bin.70.s	1	1	1	1	1
sunagawa2015	ERR598957_bin.71.s	1	1	1	1	1
sunagawa2015	ERR598957_bin.8.p	1	1	1	1	1
sunagawa2015	ERR598957_bin.9.s	1	1	1	1	1
sunagawa2015	ERR598958_bin.1.o	1	1	1	1	1
sunagawa2015	ERR598958_bin.10.o	1	1	1	1	1
sunagawa2015	ERR598958_bin.11.p	1	1	1	1	1
sunagawa2015	ERR598958_bin.12.s	1	1	1	1	1
sunagawa2015	ERR598958_bin.13.s	1	1	1	1	1
sunagawa2015	ERR598958_bin.14.p	1	1	1	1	1
sunagawa2015	ERR598958_bin.15.p	1	1	1	1	1
sunagawa2015	ERR598958_bin.16.p	1	1	1	1	1
sunagawa2015	ERR598958_bin.17.p	1	1	1	1	1
sunagawa2015	ERR598958_bin.18.s	1	1	1	1	1
sunagawa2015	ERR598958_bin.2.s	1	1	1	1	1
sunagawa2015	ERR598958_bin.20.p	1	1	1	1	1
sunagawa2015	ERR598958_bin.21.p	1	1	1	1	1
sunagawa2015	ERR598958_bin.22.p	1	1	1	1	1
sunagawa2015	ERR598958_bin.23.s	1	1	1	1	1
sunagawa2015	ERR598958_bin.24.s	1	1	1	1	1
sunagawa2015	ERR598958_bin.25.s	1	1	1	1	1
sunagawa2015	ERR598958_bin.26.o	1	1	1	1	1
sunagawa2015	ERR598958_bin.27.s	1	1	1	1	1
sunagawa2015	ERR598958_bin.29.s	1	1	1	1	1
sunagawa2015	ERR598958_bin.3.s	1	1	1	1	1
sunagawa2015	ERR598958_bin.30.o	1	1	1	1	1
sunagawa2015	ERR598958_bin.31.o	1	1	1	1	1
sunagawa2015	ERR598958_bin.32.p	1	1	1	1	1
sunagawa2015	ERR598958_bin.33.p	1	1	1	1	1
sunagawa2015	ERR598958_bin.34.s	1	1	1	1	1
sunagawa2015	ERR598958_bin.35.o	1	1	1	1	1
sunagawa2015	ERR598958_bin.36.p	1	1	1	1	1
sunagawa2015	ERR598958_bin.37.p	1	1	1	1	1
sunagawa2015	ERR598958_bin.38.s	1	1	1	1	1
sunagawa2015	ERR598958_bin.39.p	1	1	1	1	1
sunagawa2015	ERR598958_bin.4.p	1	1	1	1	1
sunagawa2015	ERR598958_bin.40.p	1	1	1	1	1
sunagawa2015	ERR598958_bin.41.s	1	1	1	1	1
sunagawa2015	ERR598958_bin.42.s	1	1	1	1	1
sunagawa2015	ERR598958_bin.43.p	1	1	1	1	1
sunagawa2015	ERR598958_bin.44.s	1	1	1	1	1
sunagawa2015	ERR598958_bin.45.s	1	1	1	1	1
sunagawa2015	ERR598958_bin.46.o	1	1	1	1	1
sunagawa2015	ERR598958_bin.47.s	1	1	1	1	1
sunagawa2015	ERR598958_bin.48.s	1	1	1	1	1
sunagawa2015	ERR598958_bin.49.p	1	1	1	1	1
sunagawa2015	ERR598958_bin.5.s	1	1	1	1	1
sunagawa2015	ERR598958_bin.50.p	1	1	1	1	1
sunagawa2015	ERR598958_bin.52.s	1	1	1	1	1
sunagawa2015	ERR598958_bin.53.s	1	1	1	1	1
sunagawa2015	ERR598958_bin.54.s	1	1	1	1	1
sunagawa2015	ERR598958_bin.55.p	1	1	1	1	1
sunagawa2015	ERR598958_bin.56.s	1	1	1	1	1
sunagawa2015	ERR598958_bin.57.o	1	1	1	1	1
sunagawa2015	ERR598958_bin.6.s	1	1	1	1	1
sunagawa2015	ERR598958_bin.60.s	1	1	1	1	1
sunagawa2015	ERR598958_bin.61.s	1	1	1	1	1
sunagawa2015	ERR598958_bin.62.o	1	1	1	1	1
sunagawa2015	ERR598958_bin.63.s	1	1	1	1	1
sunagawa2015	ERR598958_bin.64.s	1	1	1	1	1
sunagawa2015	ERR598958_bin.7.o	1	1	1	1	1
sunagawa2015	ERR598958_bin.8.p	1	1	1	1	1
sunagawa2015	ERR598958_bin.9.s	1	1	1	1	1
sunagawa2015	ERR598959_bin.1.s	1	1	1	1	1
sunagawa2015	ERR598959_bin.10.p	1	1	1	1	1
sunagawa2015	ERR598959_bin.11.p	1	1	1	1	1
sunagawa2015	ERR598959_bin.12.p	1	1	1	1	1
sunagawa2015	ERR598959_bin.13.p	1	1	1	1	1
sunagawa2015	ERR598959_bin.14.s	1	1	1	1	1
sunagawa2015	ERR598959_bin.15.p	1	1	1	1	1
sunagawa2015	ERR598959_bin.16.p	1	1	1	1	1
sunagawa2015	ERR598959_bin.17.p	1	1	1	1	1
sunagawa2015	ERR598959_bin.18.p	1	1	1	1	1
sunagawa2015	ERR598959_bin.19.s	1	1	1	1	1
sunagawa2015	ERR598959_bin.2.p	1	1	1	1	1
sunagawa2015	ERR598959_bin.20.s	1	1	1	1	1
sunagawa2015	ERR598959_bin.21.p	1	1	1	1	1
sunagawa2015	ERR598959_bin.22.s	1	1	1	1	1
sunagawa2015	ERR598959_bin.23.p	1	1	1	1	1
sunagawa2015	ERR598959_bin.24.p	1	1	1	1	1
sunagawa2015	ERR598959_bin.25.p	1	1	1	1	1
sunagawa2015	ERR598959_bin.26.p	1	1	1	1	1
sunagawa2015	ERR598959_bin.27.s	1	1	1	1	1
sunagawa2015	ERR598959_bin.28.s	1	1	1	1	1
sunagawa2015	ERR598959_bin.29.p	1	1	1	1	1
sunagawa2015	ERR598959_bin.3.p	1	1	1	1	1
sunagawa2015	ERR598959_bin.30.p	1	1	1	1	1
sunagawa2015	ERR598959_bin.31.s	1	1	1	1	1
sunagawa2015	ERR598959_bin.32.s	1	1	1	1	1
sunagawa2015	ERR598959_bin.33.p	1	1	1	1	1
sunagawa2015	ERR598959_bin.35.p	1	1	1	1	1
sunagawa2015	ERR598959_bin.36.s	1	1	1	1	1
sunagawa2015	ERR598959_bin.37.p	1	1	1	1	1
sunagawa2015	ERR598959_bin.38.s	1	1	1	1	1
sunagawa2015	ERR598959_bin.39.s	1	1	1	1	1
sunagawa2015	ERR598959_bin.4.s	1	1	1	1	1
sunagawa2015	ERR598959_bin.40.p	1	1	1	1	1
sunagawa2015	ERR598959_bin.5.p	1	1	1	1	1
sunagawa2015	ERR598959_bin.6.p	1	1	1	1	1
sunagawa2015	ERR598959_bin.7.s	1	1	1	1	1
sunagawa2015	ERR598959_bin.8.p	1	1	1	1	1
sunagawa2015	ERR598959_bin.9.p	1	1	1	1	1
sunagawa2015	ERR598960_bin.1.s	1	1	1	1	1
sunagawa2015	ERR598960_bin.10.p	1	1	1	1	1
sunagawa2015	ERR598960_bin.11.p	1	1	1	1	1
sunagawa2015	ERR598960_bin.12.s	1	1	1	1	1
sunagawa2015	ERR598960_bin.13.p	1	1	1	1	1
sunagawa2015	ERR598960_bin.14.s	1	1	1	1	1
sunagawa2015	ERR598960_bin.15.s	1	1	1	1	1
sunagawa2015	ERR598960_bin.16.p	1	1	1	1	1
sunagawa2015	ERR598960_bin.17.s	1	1	1	1	1
sunagawa2015	ERR598960_bin.18.s	1	1	1	1	1
sunagawa2015	ERR598960_bin.19.s	1	1	1	1	1
sunagawa2015	ERR598960_bin.2.s	1	1	1	1	1
sunagawa2015	ERR598960_bin.20.p	1	1	1	1	1
sunagawa2015	ERR598960_bin.21.s	1	1	1	1	1
sunagawa2015	ERR598960_bin.22.s	1	1	1	1	1
sunagawa2015	ERR598960_bin.23.p	1	1	1	1	1
sunagawa2015	ERR598960_bin.24.o	1	1	1	1	1
sunagawa2015	ERR598960_bin.25.p	1	1	1	1	1
sunagawa2015	ERR598960_bin.27.o	1	1	1	1	1
sunagawa2015	ERR598960_bin.28.p	1	1	1	1	1
sunagawa2015	ERR598960_bin.29.s	1	1	1	1	1
sunagawa2015	ERR598960_bin.30.s	1	1	1	1	1
sunagawa2015	ERR598960_bin.31.s	1	1	1	1	1
sunagawa2015	ERR598960_bin.4.s	1	1	1	1	1
sunagawa2015	ERR598960_bin.5.s	1	1	1	1	1
sunagawa2015	ERR598960_bin.6.s	1	1	1	1	1
sunagawa2015	ERR598960_bin.7.p	1	1	1	1	1
sunagawa2015	ERR598960_bin.8.s	1	1	1	1	1
sunagawa2015	ERR598960_bin.9.p	1	1	1	1	1
sunagawa2015	ERR598961_bin.1.p	1	1	1	1	1
sunagawa2015	ERR598961_bin.10.p	1	1	1	1	1
sunagawa2015	ERR598961_bin.11.p	1	1	1	1	1
sunagawa2015	ERR598961_bin.12.p	1	1	1	1	1
sunagawa2015	ERR598961_bin.13.s	1	1	1	1	1
sunagawa2015	ERR598961_bin.14.p	1	1	1	1	1
sunagawa2015	ERR598961_bin.15.p	1	1	1	1	1
sunagawa2015	ERR598961_bin.16.p	1	1	1	1	1
sunagawa2015	ERR598961_bin.17.o	1	1	1	1	1
sunagawa2015	ERR598961_bin.18.s	1	1	1	1	1
sunagawa2015	ERR598961_bin.19.p	1	1	1	1	1
sunagawa2015	ERR598961_bin.2.p	1	1	1	1	1
sunagawa2015	ERR598961_bin.20.p	1	1	1	1	1
sunagawa2015	ERR598961_bin.21.p	1	1	1	1	1
sunagawa2015	ERR598961_bin.22.s	1	1	1	1	1
sunagawa2015	ERR598961_bin.23.p	1	1	1	1	1
sunagawa2015	ERR598961_bin.24.s	1	1	1	1	1
sunagawa2015	ERR598961_bin.25.s	1	1	1	1	1
sunagawa2015	ERR598961_bin.26.s	1	1	1	1	1
sunagawa2015	ERR598961_bin.27.s	1	1	1	1	1
sunagawa2015	ERR598961_bin.28.s	1	1	1	1	1
sunagawa2015	ERR598961_bin.29.s	1	1	1	1	1
sunagawa2015	ERR598961_bin.3.s	1	1	1	1	1
sunagawa2015	ERR598961_bin.30.p	1	1	1	1	1
sunagawa2015	ERR598961_bin.31.s	1	1	1	1	1
sunagawa2015	ERR598961_bin.32.s	1	1	1	1	1
sunagawa2015	ERR598961_bin.33.p	1	1	1	1	1
sunagawa2015	ERR598961_bin.34.s	1	1	1	1	1
sunagawa2015	ERR598961_bin.35.s	1	1	1	1	1
sunagawa2015	ERR598961_bin.36.p	1	1	1	1	1
sunagawa2015	ERR598961_bin.37.p	1	1	1	1	1
sunagawa2015	ERR598961_bin.38.p	1	1	1	1	1
sunagawa2015	ERR598961_bin.39.o	1	1	1	1	1
sunagawa2015	ERR598961_bin.4.s	1	1	1	1	1
sunagawa2015	ERR598961_bin.40.p	1	1	1	1	1
sunagawa2015	ERR598961_bin.41.s	1	1	1	1	1
sunagawa2015	ERR598961_bin.42.s	1	1	1	1	1
sunagawa2015	ERR598961_bin.43.p	1	1	1	1	1
sunagawa2015	ERR598961_bin.44.p	1	1	1	1	1
sunagawa2015	ERR598961_bin.45.s	1	1	1	1	1
sunagawa2015	ERR598961_bin.46.s	1	1	1	1	1
sunagawa2015	ERR598961_bin.47.o	1	1	1	1	1
sunagawa2015	ERR598961_bin.48.s	1	1	1	1	1
sunagawa2015	ERR598961_bin.49.s	1	1	1	1	1
sunagawa2015	ERR598961_bin.5.s	1	1	1	1	1
sunagawa2015	ERR598961_bin.50.s	1	1	1	1	1
sunagawa2015	ERR598961_bin.51.s	1	1	1	1	1
sunagawa2015	ERR598961_bin.52.s	1	1	1	1	1
sunagawa2015	ERR598961_bin.53.p	1	1	1	1	1
sunagawa2015	ERR598961_bin.54.s	1	1	1	1	1
sunagawa2015	ERR598961_bin.55.s	1	1	1	1	1
sunagawa2015	ERR598961_bin.56.p	1	1	1	1	1
sunagawa2015	ERR598961_bin.57.p	1	1	1	1	1
sunagawa2015	ERR598961_bin.58.p	1	1	1	1	1
sunagawa2015	ERR598961_bin.59.p	1	1	1	1	1
sunagawa2015	ERR598961_bin.6.p	1	1	1	1	1
sunagawa2015	ERR598961_bin.60.p	1	1	1	1	1
sunagawa2015	ERR598961_bin.61.s	1	1	1	1	1
sunagawa2015	ERR598961_bin.7.s	1	1	1	1	1
sunagawa2015	ERR598961_bin.8.s	1	1	1	1	1
sunagawa2015	ERR598961_bin.9.s	1	1	1	1	1
sunagawa2015	ERR598962_bin.1.s	1	1	1	1	1
sunagawa2015	ERR598962_bin.10.p	1	1	1	1	1
sunagawa2015	ERR598962_bin.12.s	1	1	1	1	1
sunagawa2015	ERR598962_bin.13.p	1	1	1	1	1
sunagawa2015	ERR598962_bin.2.p	1	1	1	1	1
sunagawa2015	ERR598962_bin.3.p	1	1	1	1	1
sunagawa2015	ERR598962_bin.4.p	1	1	1	1	1
sunagawa2015	ERR598962_bin.5.p	1	1	1	1	1
sunagawa2015	ERR598962_bin.6.p	1	1	1	1	1
sunagawa2015	ERR598962_bin.7.p	1	1	1	1	1
sunagawa2015	ERR598962_bin.8.s	1	1	1	1	1
sunagawa2015	ERR598962_bin.9.p	1	1	1	1	1
sunagawa2015	ERR598963_bin.1.p	1	1	1	1	1
sunagawa2015	ERR598963_bin.10.s	1	1	1	1	1
sunagawa2015	ERR598963_bin.11.p	1	1	1	1	1
sunagawa2015	ERR598963_bin.12.p	1	1	1	1	1
sunagawa2015	ERR598963_bin.13.p	1	1	1	1	1
sunagawa2015	ERR598963_bin.14.p	1	1	1	1	1
sunagawa2015	ERR598963_bin.15.s	1	1	1	1	1
sunagawa2015	ERR598963_bin.16.s	1	1	1	1	1
sunagawa2015	ERR598963_bin.17.p	1	1	1	1	1
sunagawa2015	ERR598963_bin.18.p	1	1	1	1	1
sunagawa2015	ERR598963_bin.19.s	1	1	1	1	1
sunagawa2015	ERR598963_bin.2.p	1	1	1	1	1
sunagawa2015	ERR598963_bin.20.o	1	1	1	1	1
sunagawa2015	ERR598963_bin.21.o	1	1	1	1	1
sunagawa2015	ERR598963_bin.22.s	1	1	1	1	1
sunagawa2015	ERR598963_bin.23.s	1	1	1	1	1
sunagawa2015	ERR598963_bin.24.p	1	1	1	1	1
sunagawa2015	ERR598963_bin.25.s	1	1	1	1	1
sunagawa2015	ERR598963_bin.26.o	1	1	1	1	1
sunagawa2015	ERR598963_bin.27.s	1	1	1	1	1
sunagawa2015	ERR598963_bin.28.s	1	1	1	1	1
sunagawa2015	ERR598963_bin.29.p	1	1	1	1	1
sunagawa2015	ERR598963_bin.3.s	1	1	1	1	1
sunagawa2015	ERR598963_bin.30.p	1	1	1	1	1
sunagawa2015	ERR598963_bin.31.s	1	1	1	1	1
sunagawa2015	ERR598963_bin.32.s	1	1	1	1	1
sunagawa2015	ERR598963_bin.33.s	1	1	1	1	1
sunagawa2015	ERR598963_bin.34.p	1	1	1	1	1
sunagawa2015	ERR598963_bin.35.p	1	1	1	1	1
sunagawa2015	ERR598963_bin.37.p	1	1	1	1	1
sunagawa2015	ERR598963_bin.38.s	1	1	1	1	1
sunagawa2015	ERR598963_bin.39.s	1	1	1	1	1
sunagawa2015	ERR598963_bin.4.o	1	1	1	1	1
sunagawa2015	ERR598963_bin.40.s	1	1	1	1	1
sunagawa2015	ERR598963_bin.41.s	1	1	1	1	1
sunagawa2015	ERR598963_bin.42.p	1	1	1	1	1
sunagawa2015	ERR598963_bin.43.s	1	1	1	1	1
sunagawa2015	ERR598963_bin.44.p	1	1	1	1	1
sunagawa2015	ERR598963_bin.45.s	1	1	1	1	1
sunagawa2015	ERR598963_bin.46.p	1	1	1	1	1
sunagawa2015	ERR598963_bin.47.p	1	1	1	1	1
sunagawa2015	ERR598963_bin.48.s	1	1	1	1	1
sunagawa2015	ERR598963_bin.49.p	1	1	1	1	1
sunagawa2015	ERR598963_bin.5.p	1	1	1	1	1
sunagawa2015	ERR598963_bin.50.s	1	1	1	1	1
sunagawa2015	ERR598963_bin.51.s	1	1	1	1	1
sunagawa2015	ERR598963_bin.53.p	1	1	1	1	1
sunagawa2015	ERR598963_bin.54.p	1	1	1	1	1
sunagawa2015	ERR598963_bin.55.p	1	1	1	1	1
sunagawa2015	ERR598963_bin.56.s	1	1	1	1	1
sunagawa2015	ERR598963_bin.57.p	1	1	1	1	1
sunagawa2015	ERR598963_bin.58.p	1	1	1	1	1
sunagawa2015	ERR598963_bin.59.p	1	1	1	1	1
sunagawa2015	ERR598963_bin.6.s	1	1	1	1	1
sunagawa2015	ERR598963_bin.60.s	1	1	1	1	1
sunagawa2015	ERR598963_bin.61.p	1	1	1	1	1
sunagawa2015	ERR598963_bin.63.s	1	1	1	1	1
sunagawa2015	ERR598963_bin.64.s	1	1	1	1	1
sunagawa2015	ERR598963_bin.65.p	1	1	1	1	1
sunagawa2015	ERR598963_bin.66.s	1	1	1	1	1
sunagawa2015	ERR598963_bin.67.p	1	1	1	1	1
sunagawa2015	ERR598963_bin.68.s	1	1	1	1	1
sunagawa2015	ERR598963_bin.69.s	1	1	1	1	1
sunagawa2015	ERR598963_bin.70.p	1	1	1	1	1
sunagawa2015	ERR598963_bin.71.p	1	1	1	1	1
sunagawa2015	ERR598963_bin.72.s	1	1	1	1	1
sunagawa2015	ERR598963_bin.73.s	1	1	1	1	1
sunagawa2015	ERR598963_bin.74.s	1	1	1	1	1
sunagawa2015	ERR598963_bin.75.p	1	1	1	1	1
sunagawa2015	ERR598963_bin.76.s	1	1	1	1	1
sunagawa2015	ERR598963_bin.77.s	1	1	1	1	1
sunagawa2015	ERR598963_bin.8.s	1	1	1	1	1
sunagawa2015	ERR598963_bin.9.s	1	1	1	1	1
sunagawa2015	ERR598964_bin.1.s	1	1	1	1	1
sunagawa2015	ERR598964_bin.10.s	1	1	1	1	1
sunagawa2015	ERR598964_bin.11.p	1	1	1	1	1
sunagawa2015	ERR598964_bin.12.o	1	1	1	1	1
sunagawa2015	ERR598964_bin.13.p	1	1	1	1	1
sunagawa2015	ERR598964_bin.16.s	1	1	1	1	1
sunagawa2015	ERR598964_bin.17.s	1	1	1	1	1
sunagawa2015	ERR598964_bin.18.s	1	1	1	1	1
sunagawa2015	ERR598964_bin.19.o	1	1	1	1	1
sunagawa2015	ERR598964_bin.2.s	1	1	1	1	1
sunagawa2015	ERR598964_bin.20.s	1	1	1	1	1
sunagawa2015	ERR598964_bin.21.p	1	1	1	1	1
sunagawa2015	ERR598964_bin.22.s	1	1	1	1	1
sunagawa2015	ERR598964_bin.23.s	1	1	1	1	1
sunagawa2015	ERR598964_bin.24.p	1	1	1	1	1
sunagawa2015	ERR598964_bin.25.p	1	1	1	1	1
sunagawa2015	ERR598964_bin.26.s	1	1	1	1	1
sunagawa2015	ERR598964_bin.27.p	1	1	1	1	1
sunagawa2015	ERR598964_bin.28.s	1	1	1	1	1
sunagawa2015	ERR598964_bin.29.s	1	1	1	1	1
sunagawa2015	ERR598964_bin.3.s	1	1	1	1	1
sunagawa2015	ERR598964_bin.30.s	1	1	1	1	1
sunagawa2015	ERR598964_bin.31.s	1	1	1	1	1
sunagawa2015	ERR598964_bin.32.p	1	1	1	1	1
sunagawa2015	ERR598964_bin.33.p	1	1	1	1	1
sunagawa2015	ERR598964_bin.34.s	1	1	1	1	1
sunagawa2015	ERR598964_bin.35.s	1	1	1	1	1
sunagawa2015	ERR598964_bin.37.p	1	1	1	1	1
sunagawa2015	ERR598964_bin.38.p	1	1	1	1	1
sunagawa2015	ERR598964_bin.39.p	1	1	1	1	1
sunagawa2015	ERR598964_bin.4.s	1	1	1	1	1
sunagawa2015	ERR598964_bin.5.s	1	1	1	1	1
sunagawa2015	ERR598964_bin.6.s	1	1	1	1	1
sunagawa2015	ERR598964_bin.7.s	1	1	1	1	1
sunagawa2015	ERR598964_bin.8.p	1	1	1	1	1
sunagawa2015	ERR598964_bin.9.p	1	1	1	1	1
sunagawa2015	ERR598965_bin.1.p	1	1	1	1	1
sunagawa2015	ERR598965_bin.10.s	1	1	1	1	1
sunagawa2015	ERR598965_bin.11.s	1	1	1	1	1
sunagawa2015	ERR598965_bin.12.s	1	1	1	1	1
sunagawa2015	ERR598965_bin.13.s	1	1	1	1	1
sunagawa2015	ERR598965_bin.14.o	1	1	1	1	1
sunagawa2015	ERR598965_bin.15.p	1	1	1	1	1
sunagawa2015	ERR598965_bin.16.s	1	1	1	1	1
sunagawa2015	ERR598965_bin.17.o	1	1	1	1	1
sunagawa2015	ERR598965_bin.18.s	1	1	1	1	1
sunagawa2015	ERR598965_bin.19.p	1	1	1	1	1
sunagawa2015	ERR598965_bin.2.p	1	1	1	1	1
sunagawa2015	ERR598965_bin.20.s	1	1	1	1	1
sunagawa2015	ERR598965_bin.21.o	1	1	1	0	0
sunagawa2015	ERR598965_bin.22.p	1	1	1	1	1
sunagawa2015	ERR598965_bin.23.s	1	1	1	1	1
sunagawa2015	ERR598965_bin.24.p	1	1	1	1	1
sunagawa2015	ERR598965_bin.25.o	1	1	1	1	1
sunagawa2015	ERR598965_bin.26.s	1	1	1	1	1
sunagawa2015	ERR598965_bin.27.s	1	1	1	1	1
sunagawa2015	ERR598965_bin.28.s	1	1	1	1	1
sunagawa2015	ERR598965_bin.29.o	1	1	1	1	1
sunagawa2015	ERR598965_bin.3.p	1	1	1	1	1
sunagawa2015	ERR598965_bin.30.s	1	1	1	1	1
sunagawa2015	ERR598965_bin.31.s	1	1	1	1	1
sunagawa2015	ERR598965_bin.32.s	1	1	1	1	1
sunagawa2015	ERR598965_bin.33.o	1	1	1	1	1
sunagawa2015	ERR598965_bin.34.p	1	1	1	1	1
sunagawa2015	ERR598965_bin.35.p	1	1	1	1	1
sunagawa2015	ERR598965_bin.36.s	1	1	1	1	1
sunagawa2015	ERR598965_bin.37.p	1	1	1	1	1
sunagawa2015	ERR598965_bin.38.p	1	1	1	1	1
sunagawa2015	ERR598965_bin.4.p	1	1	1	1	1
sunagawa2015	ERR598965_bin.40.s	1	1	1	1	1
sunagawa2015	ERR598965_bin.5.s	1	1	1	1	1
sunagawa2015	ERR598965_bin.6.s	1	1	1	1	1
sunagawa2015	ERR598965_bin.9.s	1	1	1	1	1
sunagawa2015	ERR598966_bin.1.p	1	1	1	1	1
sunagawa2015	ERR598966_bin.10.s	1	1	1	1	1
sunagawa2015	ERR598966_bin.11.p	1	1	1	1	1
sunagawa2015	ERR598966_bin.12.s	1	1	1	1	1
sunagawa2015	ERR598966_bin.13.p	1	1	1	1	1
sunagawa2015	ERR598966_bin.14.p	1	1	1	1	1
sunagawa2015	ERR598966_bin.15.p	1	1	1	1	1
sunagawa2015	ERR598966_bin.16.p	1	1	1	1	1
sunagawa2015	ERR598966_bin.17.p	1	1	1	1	1
sunagawa2015	ERR598966_bin.19.s	1	1	1	1	1
sunagawa2015	ERR598966_bin.2.o	1	1	1	1	1
sunagawa2015	ERR598966_bin.20.p	1	1	1	1	1
sunagawa2015	ERR598966_bin.21.p	1	1	1	1	1
sunagawa2015	ERR598966_bin.22.p	1	1	1	1	1
sunagawa2015	ERR598966_bin.23.o	1	1	1	1	1
sunagawa2015	ERR598966_bin.24.p	1	1	1	1	1
sunagawa2015	ERR598966_bin.25.s	1	1	1	1	1
sunagawa2015	ERR598966_bin.26.p	1	1	1	1	1
sunagawa2015	ERR598966_bin.27.p	1	1	1	1	1
sunagawa2015	ERR598966_bin.28.p	1	1	1	1	1
sunagawa2015	ERR598966_bin.3.s	1	1	1	1	1
sunagawa2015	ERR598966_bin.4.p	1	1	1	1	1
sunagawa2015	ERR598966_bin.5.p	1	1	1	1	1
sunagawa2015	ERR598966_bin.6.s	1	1	1	1	1
sunagawa2015	ERR598966_bin.7.p	1	1	1	1	1
sunagawa2015	ERR598966_bin.8.p	1	1	1	1	1
sunagawa2015	ERR598966_bin.9.p	1	1	1	1	1
sunagawa2015	ERR598967_bin.1.p	1	1	1	1	1
sunagawa2015	ERR598967_bin.10.s	1	1	1	1	1
sunagawa2015	ERR598967_bin.11.p	1	1	1	1	1
sunagawa2015	ERR598967_bin.12.s	1	1	1	1	1
sunagawa2015	ERR598967_bin.13.s	1	1	1	1	1
sunagawa2015	ERR598967_bin.14.p	1	1	1	1	1
sunagawa2015	ERR598967_bin.15.s	1	1	1	1	1
sunagawa2015	ERR598967_bin.16.p	1	1	1	1	1
sunagawa2015	ERR598967_bin.17.s	1	1	1	1	1
sunagawa2015	ERR598967_bin.18.p	1	1	1	1	1
sunagawa2015	ERR598967_bin.19.p	1	1	1	1	1
sunagawa2015	ERR598967_bin.2.p	1	1	1	1	1
sunagawa2015	ERR598967_bin.20.s	1	1	1	1	1
sunagawa2015	ERR598967_bin.21.p	1	1	1	1	1
sunagawa2015	ERR598967_bin.23.p	1	1	1	1	1
sunagawa2015	ERR598967_bin.24.p	1	1	1	1	1
sunagawa2015	ERR598967_bin.25.p	1	1	1	1	1
sunagawa2015	ERR598967_bin.26.o	1	1	1	1	1
sunagawa2015	ERR598967_bin.27.s	1	1	1	1	1
sunagawa2015	ERR598967_bin.28.p	1	1	1	1	1
sunagawa2015	ERR598967_bin.29.s	1	1	1	1	1
sunagawa2015	ERR598967_bin.3.p	1	1	1	1	1
sunagawa2015	ERR598967_bin.30.p	1	1	1	1	1
sunagawa2015	ERR598967_bin.31.s	1	1	1	1	1
sunagawa2015	ERR598967_bin.32.s	1	1	1	1	1
sunagawa2015	ERR598967_bin.33.s	1	1	1	1	1
sunagawa2015	ERR598967_bin.34.o	1	1	1	1	1
sunagawa2015	ERR598967_bin.35.s	1	1	1	1	1
sunagawa2015	ERR598967_bin.36.s	1	1	1	1	1
sunagawa2015	ERR598967_bin.37.s	1	1	1	1	1
sunagawa2015	ERR598967_bin.39.p	1	1	1	1	1
sunagawa2015	ERR598967_bin.4.s	1	1	1	1	1
sunagawa2015	ERR598967_bin.40.p	1	1	1	1	1
sunagawa2015	ERR598967_bin.41.p	1	1	1	1	1
sunagawa2015	ERR598967_bin.42.s	1	1	1	1	1
sunagawa2015	ERR598967_bin.43.p	1	1	1	1	1
sunagawa2015	ERR598967_bin.44.s	1	1	1	1	1
sunagawa2015	ERR598967_bin.45.p	1	1	1	1	1
sunagawa2015	ERR598967_bin.46.p	1	1	1	1	1
sunagawa2015	ERR598967_bin.5.s	1	1	1	1	1
sunagawa2015	ERR598967_bin.6.o	1	1	1	1	1
sunagawa2015	ERR598967_bin.7.s	1	1	1	1	1
sunagawa2015	ERR598967_bin.8.p	1	1	1	1	1
sunagawa2015	ERR598967_bin.9.p	1	1	1	1	1
sunagawa2015	ERR598968_bin.1.p	1	1	1	1	1
sunagawa2015	ERR598968_bin.10.p	1	1	1	1	1
sunagawa2015	ERR598968_bin.11.s	1	1	1	1	1
sunagawa2015	ERR598968_bin.12.s	1	1	1	1	1
sunagawa2015	ERR598968_bin.13.p	1	1	1	1	1
sunagawa2015	ERR598968_bin.14.o	1	1	1	1	1
sunagawa2015	ERR598968_bin.15.s	1	1	1	1	1
sunagawa2015	ERR598968_bin.16.s	1	1	1	1	1
sunagawa2015	ERR598968_bin.17.s	1	1	1	1	1
sunagawa2015	ERR598968_bin.18.s	1	1	1	1	1
sunagawa2015	ERR598968_bin.19.p	1	1	1	1	1
sunagawa2015	ERR598968_bin.2.s	1	1	1	1	1
sunagawa2015	ERR598968_bin.20.s	1	1	1	1	1
sunagawa2015	ERR598968_bin.21.s	1	1	1	1	1
sunagawa2015	ERR598968_bin.22.p	1	1	1	1	1
sunagawa2015	ERR598968_bin.23.s	1	1	1	1	1
sunagawa2015	ERR598968_bin.24.p	1	1	1	1	1
sunagawa2015	ERR598968_bin.25.p	1	1	1	1	1
sunagawa2015	ERR598968_bin.26.s	1	1	1	1	1
sunagawa2015	ERR598968_bin.27.s	1	1	1	1	1
sunagawa2015	ERR598968_bin.28.s	1	1	1	1	1
sunagawa2015	ERR598968_bin.29.s	1	1	1	1	1
sunagawa2015	ERR598968_bin.3.p	1	1	1	1	1
sunagawa2015	ERR598968_bin.30.s	1	1	1	1	1
sunagawa2015	ERR598968_bin.31.s	1	1	1	1	1
sunagawa2015	ERR598968_bin.32.s	1	1	1	1	1
sunagawa2015	ERR598968_bin.33.p	1	1	1	1	1
sunagawa2015	ERR598968_bin.34.s	1	1	1	1	1
sunagawa2015	ERR598968_bin.35.p	1	1	1	1	1
sunagawa2015	ERR598968_bin.36.s	1	1	1	1	1
sunagawa2015	ERR598968_bin.37.s	1	1	1	1	1
sunagawa2015	ERR598968_bin.38.s	1	1	1	1	1
sunagawa2015	ERR598968_bin.39.p	1	1	1	1	1
sunagawa2015	ERR598968_bin.4.o	1	1	1	1	1
sunagawa2015	ERR598968_bin.40.s	1	1	1	1	1
sunagawa2015	ERR598968_bin.41.s	1	1	1	1	1
sunagawa2015	ERR598968_bin.42.s	1	1	1	1	1
sunagawa2015	ERR598968_bin.43.o	1	1	1	1	1
sunagawa2015	ERR598968_bin.44.s	1	1	1	1	1
sunagawa2015	ERR598968_bin.45.p	1	1	1	1	1
sunagawa2015	ERR598968_bin.46.p	1	1	1	1	1
sunagawa2015	ERR598968_bin.47.s	1	1	1	1	1
sunagawa2015	ERR598968_bin.48.s	1	1	1	1	1
sunagawa2015	ERR598968_bin.49.s	1	1	1	1	1
sunagawa2015	ERR598968_bin.5.s	1	1	1	1	1
sunagawa2015	ERR598968_bin.50.p	1	1	1	1	1
sunagawa2015	ERR598968_bin.51.o	1	1	1	1	1
sunagawa2015	ERR598968_bin.53.p	1	1	1	1	1
sunagawa2015	ERR598968_bin.54.o	1	1	1	1	1
sunagawa2015	ERR598968_bin.55.s	1	1	1	1	1
sunagawa2015	ERR598968_bin.56.p	1	1	1	1	1
sunagawa2015	ERR598968_bin.57.p	1	1	1	1	1
sunagawa2015	ERR598968_bin.58.s	1	1	1	1	1
sunagawa2015	ERR598968_bin.59.p	1	1	1	1	1
sunagawa2015	ERR598968_bin.6.o	1	1	1	1	1
sunagawa2015	ERR598968_bin.60.s	1	1	1	1	1
sunagawa2015	ERR598968_bin.61.s	1	1	1	1	1
sunagawa2015	ERR598968_bin.62.o	1	1	1	1	1
sunagawa2015	ERR598968_bin.63.s	0	1	1	1	1
sunagawa2015	ERR598968_bin.64.p	1	1	1	1	1
sunagawa2015	ERR598968_bin.65.s	1	1	1	1	1
sunagawa2015	ERR598968_bin.66.p	1	1	1	1	1
sunagawa2015	ERR598968_bin.67.p	1	1	1	1	1
sunagawa2015	ERR598968_bin.68.s	1	1	1	1	1
sunagawa2015	ERR598968_bin.69.p	1	1	1	1	1
sunagawa2015	ERR598968_bin.7.s	1	1	1	1	1
sunagawa2015	ERR598968_bin.70.o	1	1	1	1	1
sunagawa2015	ERR598968_bin.71.s	1	1	1	1	1
sunagawa2015	ERR598968_bin.72.s	1	1	1	1	1
sunagawa2015	ERR598968_bin.73.p	1	1	1	1	1
sunagawa2015	ERR598968_bin.74.s	1	1	1	1	1
sunagawa2015	ERR598968_bin.75.p	1	1	1	1	1
sunagawa2015	ERR598968_bin.76.s	1	1	1	1	1
sunagawa2015	ERR598968_bin.8.p	1	1	1	1	1
sunagawa2015	ERR598968_bin.9.s	1	1	1	1	1
sunagawa2015	ERR598969_bin.1.p	1	1	1	1	1
sunagawa2015	ERR598969_bin.10.p	1	1	1	1	1
sunagawa2015	ERR598969_bin.11.p	1	1	1	1	1
sunagawa2015	ERR598969_bin.12.p	1	1	1	1	1
sunagawa2015	ERR598969_bin.2.p	1	1	1	1	1
sunagawa2015	ERR598969_bin.3.s	1	1	1	1	1
sunagawa2015	ERR598969_bin.4.p	1	1	1	1	1
sunagawa2015	ERR598969_bin.5.s	1	1	1	1	1
sunagawa2015	ERR598969_bin.6.p	1	1	1	1	1
sunagawa2015	ERR598969_bin.7.s	1	1	1	1	1
sunagawa2015	ERR598969_bin.8.p	1	1	1	1	1
sunagawa2015	ERR598969_bin.9.p	1	1	1	1	1
sunagawa2015	ERR598970_bin.1.s	1	1	1	1	1
sunagawa2015	ERR598970_bin.10.p	1	1	1	1	1
sunagawa2015	ERR598970_bin.11.p	1	1	1	1	1
sunagawa2015	ERR598970_bin.12.p	1	1	1	1	1
sunagawa2015	ERR598970_bin.14.p	1	1	1	1	1
sunagawa2015	ERR598970_bin.15.p	1	1	1	1	1
sunagawa2015	ERR598970_bin.16.s	1	1	1	1	1
sunagawa2015	ERR598970_bin.17.p	1	1	1	1	1
sunagawa2015	ERR598970_bin.18.p	1	1	1	1	1
sunagawa2015	ERR598970_bin.19.p	1	1	1	1	1
sunagawa2015	ERR598970_bin.2.p	1	1	1	1	1
sunagawa2015	ERR598970_bin.20.p	1	1	1	1	1
sunagawa2015	ERR598970_bin.21.s	1	1	1	1	1
sunagawa2015	ERR598970_bin.22.p	1	1	1	1	1
sunagawa2015	ERR598970_bin.23.p	1	1	1	1	1
sunagawa2015	ERR598970_bin.24.p	1	1	1	1	1
sunagawa2015	ERR598970_bin.25.s	1	1	1	1	1
sunagawa2015	ERR598970_bin.26.s	1	1	1	1	1
sunagawa2015	ERR598970_bin.3.p	1	1	1	1	1
sunagawa2015	ERR598970_bin.4.p	1	1	1	1	1
sunagawa2015	ERR598970_bin.5.p	1	1	1	1	1
sunagawa2015	ERR598970_bin.6.p	1	1	1	1	1
sunagawa2015	ERR598970_bin.7.p	1	1	1	1	1
sunagawa2015	ERR598970_bin.8.s	1	1	1	1	1
sunagawa2015	ERR598970_bin.9.p	1	1	1	1	1
sunagawa2015	ERR598971_bin.1.s	1	1	1	1	1
sunagawa2015	ERR598971_bin.10.p	1	1	1	1	1
sunagawa2015	ERR598971_bin.11.p	1	1	1	1	1
sunagawa2015	ERR598971_bin.12.s	1	1	1	1	1
sunagawa2015	ERR598971_bin.13.s	1	1	1	1	1
sunagawa2015	ERR598971_bin.14.o	1	1	1	1	1
sunagawa2015	ERR598971_bin.15.p	1	1	1	1	1
sunagawa2015	ERR598971_bin.16.o	1	1	1	1	1
sunagawa2015	ERR598971_bin.17.p	1	1	1	1	1
sunagawa2015	ERR598971_bin.18.s	1	1	1	1	1
sunagawa2015	ERR598971_bin.19.s	1	1	1	1	1
sunagawa2015	ERR598971_bin.2.p	1	1	1	1	1
sunagawa2015	ERR598971_bin.20.s	1	1	1	1	1
sunagawa2015	ERR598971_bin.21.s	1	1	1	1	1
sunagawa2015	ERR598971_bin.22.s	1	1	1	1	1
sunagawa2015	ERR598971_bin.23.s	1	1	1	1	1
sunagawa2015	ERR598971_bin.24.s	1	1	1	1	1
sunagawa2015	ERR598971_bin.25.p	1	1	1	1	1
sunagawa2015	ERR598971_bin.26.s	1	1	1	1	1
sunagawa2015	ERR598971_bin.27.p	1	1	1	1	1
sunagawa2015	ERR598971_bin.28.s	1	1	1	1	1
sunagawa2015	ERR598971_bin.29.s	1	1	1	1	1
sunagawa2015	ERR598971_bin.3.o	1	1	1	1	1
sunagawa2015	ERR598971_bin.30.s	1	1	1	1	1
sunagawa2015	ERR598971_bin.31.p	1	1	1	1	1
sunagawa2015	ERR598971_bin.32.p	1	1	1	1	1
sunagawa2015	ERR598971_bin.34.p	1	1	1	1	1
sunagawa2015	ERR598971_bin.35.s	1	1	1	1	1
sunagawa2015	ERR598971_bin.36.o	1	1	1	1	1
sunagawa2015	ERR598971_bin.37.s	1	1	1	1	1
sunagawa2015	ERR598971_bin.38.p	1	1	1	1	1
sunagawa2015	ERR598971_bin.39.s	1	1	1	1	1
sunagawa2015	ERR598971_bin.4.s	1	1	1	1	1
sunagawa2015	ERR598971_bin.40.s	1	1	1	1	1
sunagawa2015	ERR598971_bin.6.s	1	1	1	1	1
sunagawa2015	ERR598971_bin.7.s	1	1	1	1	1
sunagawa2015	ERR598971_bin.8.s	1	1	1	1	1
sunagawa2015	ERR598971_bin.9.s	1	1	1	1	1
sunagawa2015	ERR598972_bin.1.p	1	1	1	1	1
sunagawa2015	ERR598972_bin.10.p	1	1	1	1	1
sunagawa2015	ERR598972_bin.11.s	1	1	1	1	1
sunagawa2015	ERR598972_bin.12.o	1	1	1	1	1
sunagawa2015	ERR598972_bin.13.p	1	1	1	1	1
sunagawa2015	ERR598972_bin.14.p	1	1	1	1	1
sunagawa2015	ERR598972_bin.15.p	1	1	1	1	1
sunagawa2015	ERR598972_bin.16.s	1	1	1	1	1
sunagawa2015	ERR598972_bin.17.s	1	1	1	1	1
sunagawa2015	ERR598972_bin.18.s	1	1	1	1	1
sunagawa2015	ERR598972_bin.19.p	1	1	1	1	1
sunagawa2015	ERR598972_bin.2.p	1	1	1	1	1
sunagawa2015	ERR598972_bin.20.s	1	1	1	1	1
sunagawa2015	ERR598972_bin.22.s	1	1	1	1	1
sunagawa2015	ERR598972_bin.4.s	1	1	1	1	1
sunagawa2015	ERR598972_bin.5.s	1	1	1	1	1
sunagawa2015	ERR598972_bin.6.p	1	1	1	1	1
sunagawa2015	ERR598972_bin.7.p	1	1	1	1	1
sunagawa2015	ERR598972_bin.8.p	1	1	1	1	1
sunagawa2015	ERR598972_bin.9.s	1	1	1	1	1
sunagawa2015	ERR598973_bin.1.p	1	1	1	1	1
sunagawa2015	ERR598973_bin.10.p	1	1	1	1	1
sunagawa2015	ERR598973_bin.11.p	1	1	1	1	1
sunagawa2015	ERR598973_bin.12.p	1	1	1	1	1
sunagawa2015	ERR598973_bin.13.p	1	1	1	1	1
sunagawa2015	ERR598973_bin.14.p	1	1	1	1	1
sunagawa2015	ERR598973_bin.15.p	1	1	1	1	1
sunagawa2015	ERR598973_bin.16.s	1	1	1	1	1
sunagawa2015	ERR598973_bin.17.s	1	1	1	1	1
sunagawa2015	ERR598973_bin.18.p	1	1	1	1	1
sunagawa2015	ERR598973_bin.19.s	1	1	1	1	1
sunagawa2015	ERR598973_bin.2.p	1	1	1	1	1
sunagawa2015	ERR598973_bin.20.p	1	1	1	1	1
sunagawa2015	ERR598973_bin.21.p	1	1	1	1	1
sunagawa2015	ERR598973_bin.22.p	1	1	1	1	1
sunagawa2015	ERR598973_bin.23.p	1	1	1	1	1
sunagawa2015	ERR598973_bin.24.p	1	1	1	1	1
sunagawa2015	ERR598973_bin.3.p	1	1	1	1	1
sunagawa2015	ERR598973_bin.4.p	1	1	1	1	1
sunagawa2015	ERR598973_bin.5.p	1	1	1	1	1
sunagawa2015	ERR598973_bin.6.p	1	1	1	1	1
sunagawa2015	ERR598973_bin.7.s	1	1	1	1	1
sunagawa2015	ERR598973_bin.8.p	1	1	1	1	1
sunagawa2015	ERR598973_bin.9.s	1	1	1	1	1
sunagawa2015	ERR598974_bin.1.p	1	1	1	1	1
sunagawa2015	ERR598974_bin.10.s	1	1	1	1	1
sunagawa2015	ERR598974_bin.11.p	1	1	1	1	1
sunagawa2015	ERR598974_bin.13.s	1	1	1	1	1
sunagawa2015	ERR598974_bin.14.o	1	1	1	1	1
sunagawa2015	ERR598974_bin.15.p	1	1	1	1	1
sunagawa2015	ERR598974_bin.16.s	1	1	1	1	1
sunagawa2015	ERR598974_bin.17.s	1	1	1	1	1
sunagawa2015	ERR598974_bin.18.s	1	1	1	1	1
sunagawa2015	ERR598974_bin.19.p	1	1	1	1	1
sunagawa2015	ERR598974_bin.2.s	1	1	1	1	1
sunagawa2015	ERR598974_bin.20.s	1	1	1	1	1
sunagawa2015	ERR598974_bin.21.p	1	1	1	1	1
sunagawa2015	ERR598974_bin.22.o	1	1	1	1	1
sunagawa2015	ERR598974_bin.23.s	1	1	1	1	1
sunagawa2015	ERR598974_bin.24.s	1	1	1	1	1
sunagawa2015	ERR598974_bin.3.p	1	1	1	1	1
sunagawa2015	ERR598974_bin.4.p	1	1	1	1	1
sunagawa2015	ERR598974_bin.5.s	1	1	1	1	1
sunagawa2015	ERR598974_bin.6.s	1	1	1	1	1
sunagawa2015	ERR598974_bin.7.p	1	1	1	1	1
sunagawa2015	ERR598974_bin.8.o	1	1	1	1	1
sunagawa2015	ERR598974_bin.9.s	1	1	1	1	1
sunagawa2015	ERR598975_bin.1.p	1	1	1	1	1
sunagawa2015	ERR598975_bin.10.s	1	1	1	1	1
sunagawa2015	ERR598975_bin.11.p	1	1	1	1	1
sunagawa2015	ERR598975_bin.12.p	1	1	1	1	1
sunagawa2015	ERR598975_bin.13.s	1	1	1	1	1
sunagawa2015	ERR598975_bin.15.p	1	1	1	1	1
sunagawa2015	ERR598975_bin.16.p	1	1	1	1	1
sunagawa2015	ERR598975_bin.17.s	1	1	1	1	1
sunagawa2015	ERR598975_bin.18.p	1	1	1	1	1
sunagawa2015	ERR598975_bin.19.p	1	1	1	1	1
sunagawa2015	ERR598975_bin.2.p	1	1	1	1	1
sunagawa2015	ERR598975_bin.20.p	1	1	1	1	1
sunagawa2015	ERR598975_bin.21.o	1	1	1	1	1
sunagawa2015	ERR598975_bin.22.p	1	1	1	1	1
sunagawa2015	ERR598975_bin.23.s	1	1	1	1	1
sunagawa2015	ERR598975_bin.24.p	1	1	1	1	1
sunagawa2015	ERR598975_bin.25.s	1	1	1	1	1
sunagawa2015	ERR598975_bin.26.p	1	1	1	1	1
sunagawa2015	ERR598975_bin.27.s	1	1	1	1	1
sunagawa2015	ERR598975_bin.28.p	1	1	1	1	1
sunagawa2015	ERR598975_bin.29.p	1	1	1	1	1
sunagawa2015	ERR598975_bin.3.s	1	1	1	1	1
sunagawa2015	ERR598975_bin.30.s	1	1	1	1	1
sunagawa2015	ERR598975_bin.4.o	1	1	1	1	1
sunagawa2015	ERR598975_bin.5.p	1	1	1	1	1
sunagawa2015	ERR598975_bin.6.s	1	1	1	1	1
sunagawa2015	ERR598975_bin.8.s	1	1	1	1	1
sunagawa2015	ERR598975_bin.9.p	1	1	1	1	1
sunagawa2015	ERR598976_bin.1.s	1	1	1	1	1
sunagawa2015	ERR598976_bin.10.p	1	1	1	1	1
sunagawa2015	ERR598976_bin.11.s	1	1	1	1	1
sunagawa2015	ERR598976_bin.12.s	1	1	1	1	1
sunagawa2015	ERR598976_bin.13.s	1	1	1	1	1
sunagawa2015	ERR598976_bin.14.s	1	1	1	1	1
sunagawa2015	ERR598976_bin.15.p	1	1	1	1	1
sunagawa2015	ERR598976_bin.16.o	1	1	1	1	1
sunagawa2015	ERR598976_bin.17.p	1	1	1	1	1
sunagawa2015	ERR598976_bin.18.s	1	1	1	1	1
sunagawa2015	ERR598976_bin.19.p	1	1	1	1	1
sunagawa2015	ERR598976_bin.2.s	1	1	1	1	1
sunagawa2015	ERR598976_bin.20.p	1	1	1	1	1
sunagawa2015	ERR598976_bin.21.s	1	1	1	1	1
sunagawa2015	ERR598976_bin.22.s	1	1	1	1	1
sunagawa2015	ERR598976_bin.23.o	1	1	1	1	1
sunagawa2015	ERR598976_bin.24.p	1	1	1	1	1
sunagawa2015	ERR598976_bin.25.s	1	1	1	1	1
sunagawa2015	ERR598976_bin.26.p	1	1	1	1	1
sunagawa2015	ERR598976_bin.27.s	1	1	1	1	1
sunagawa2015	ERR598976_bin.28.s	1	1	1	1	1
sunagawa2015	ERR598976_bin.29.p	1	1	1	1	1
sunagawa2015	ERR598976_bin.3.p	1	1	1	1	1
sunagawa2015	ERR598976_bin.30.s	1	1	1	1	1
sunagawa2015	ERR598976_bin.31.s	1	1	1	1	1
sunagawa2015	ERR598976_bin.32.p	1	1	1	1	1
sunagawa2015	ERR598976_bin.33.p	1	1	1	1	1
sunagawa2015	ERR598976_bin.34.s	1	1	1	1	1
sunagawa2015	ERR598976_bin.35.s	1	1	1	1	1
sunagawa2015	ERR598976_bin.36.p	1	1	1	1	1
sunagawa2015	ERR598976_bin.37.s	1	1	1	1	1
sunagawa2015	ERR598976_bin.38.p	1	1	1	1	1
sunagawa2015	ERR598976_bin.39.s	1	1	1	1	1
sunagawa2015	ERR598976_bin.4.s	1	1	1	1	1
sunagawa2015	ERR598976_bin.40.p	1	1	1	1	1
sunagawa2015	ERR598976_bin.41.s	1	1	1	1	1
sunagawa2015	ERR598976_bin.42.s	1	1	1	1	1
sunagawa2015	ERR598976_bin.43.s	1	1	1	1	1
sunagawa2015	ERR598976_bin.44.s	1	1	1	1	1
sunagawa2015	ERR598976_bin.45.s	1	1	1	1	1
sunagawa2015	ERR598976_bin.46.p	1	1	1	1	1
sunagawa2015	ERR598976_bin.47.s	1	1	1	1	1
sunagawa2015	ERR598976_bin.48.p	1	1	1	1	1
sunagawa2015	ERR598976_bin.49.p	1	1	1	1	1
sunagawa2015	ERR598976_bin.5.s	1	1	1	1	1
sunagawa2015	ERR598976_bin.50.s	1	1	1	1	1
sunagawa2015	ERR598976_bin.51.o	1	1	1	1	1
sunagawa2015	ERR598976_bin.52.p	1	1	1	1	1
sunagawa2015	ERR598976_bin.53.s	1	1	1	1	1
sunagawa2015	ERR598976_bin.55.s	1	1	1	1	1
sunagawa2015	ERR598976_bin.56.o	1	1	1	1	1
sunagawa2015	ERR598976_bin.57.s	1	1	1	1	1
sunagawa2015	ERR598976_bin.58.s	1	1	1	1	1
sunagawa2015	ERR598976_bin.6.s	1	1	1	1	1
sunagawa2015	ERR598976_bin.60.o	1	1	1	1	1
sunagawa2015	ERR598976_bin.61.s	1	1	1	1	1
sunagawa2015	ERR598976_bin.62.p	1	1	1	1	1
sunagawa2015	ERR598976_bin.63.s	1	1	1	1	1
sunagawa2015	ERR598976_bin.64.s	1	1	1	1	1
sunagawa2015	ERR598976_bin.65.s	1	1	1	1	1
sunagawa2015	ERR598976_bin.7.s	1	1	1	1	1
sunagawa2015	ERR598976_bin.8.s	1	1	1	1	1
sunagawa2015	ERR598976_bin.9.s	1	1	1	1	1
sunagawa2015	ERR598977_bin.1.p	1	1	1	1	1
sunagawa2015	ERR598977_bin.10.p	1	1	1	1	1
sunagawa2015	ERR598977_bin.11.p	1	1	1	1	1
sunagawa2015	ERR598977_bin.12.o	1	1	1	1	1
sunagawa2015	ERR598977_bin.13.p	1	1	1	1	1
sunagawa2015	ERR598977_bin.14.s	1	1	1	1	1
sunagawa2015	ERR598977_bin.15.p	1	1	1	1	1
sunagawa2015	ERR598977_bin.16.p	1	1	1	1	1
sunagawa2015	ERR598977_bin.17.p	1	1	1	1	1
sunagawa2015	ERR598977_bin.18.s	1	1	1	1	1
sunagawa2015	ERR598977_bin.19.s	1	1	1	1	1
sunagawa2015	ERR598977_bin.2.s	1	1	1	1	1
sunagawa2015	ERR598977_bin.20.p	1	1	1	1	1
sunagawa2015	ERR598977_bin.21.s	1	1	1	1	1
sunagawa2015	ERR598977_bin.22.p	1	1	1	1	1
sunagawa2015	ERR598977_bin.23.p	1	1	1	1	1
sunagawa2015	ERR598977_bin.24.o	1	1	1	1	1
sunagawa2015	ERR598977_bin.3.s	1	1	1	1	1
sunagawa2015	ERR598977_bin.4.p	1	1	1	1	1
sunagawa2015	ERR598977_bin.5.s	1	1	1	1	1
sunagawa2015	ERR598977_bin.6.p	1	1	1	1	1
sunagawa2015	ERR598977_bin.7.s	1	1	1	1	1
sunagawa2015	ERR598977_bin.8.p	1	1	1	1	1
sunagawa2015	ERR598977_bin.9.p	1	1	1	1	1
sunagawa2015	ERR598978_bin.1.s	1	1	1	1	1
sunagawa2015	ERR598978_bin.10.p	1	1	1	1	1
sunagawa2015	ERR598978_bin.11.s	1	1	1	1	1
sunagawa2015	ERR598978_bin.12.s	1	1	1	1	1
sunagawa2015	ERR598978_bin.13.s	1	1	1	1	1
sunagawa2015	ERR598978_bin.14.s	1	1	1	1	1
sunagawa2015	ERR598978_bin.15.s	1	1	1	1	1
sunagawa2015	ERR598978_bin.16.p	1	1	1	1	1
sunagawa2015	ERR598978_bin.17.s	1	1	1	1	1
sunagawa2015	ERR598978_bin.18.o	1	1	1	1	1
sunagawa2015	ERR598978_bin.19.p	1	1	1	1	1
sunagawa2015	ERR598978_bin.2.s	1	1	1	1	1
sunagawa2015	ERR598978_bin.20.s	1	1	1	1	1
sunagawa2015	ERR598978_bin.21.s	1	1	1	1	1
sunagawa2015	ERR598978_bin.22.s	1	1	1	1	1
sunagawa2015	ERR598978_bin.23.o	1	1	1	1	1
sunagawa2015	ERR598978_bin.24.o	1	1	1	1	1
sunagawa2015	ERR598978_bin.25.o	1	1	1	1	1
sunagawa2015	ERR598978_bin.26.s	1	1	1	1	1
sunagawa2015	ERR598978_bin.27.p	1	1	1	1	1
sunagawa2015	ERR598978_bin.28.s	1	1	1	1	1
sunagawa2015	ERR598978_bin.29.s	1	1	1	1	1
sunagawa2015	ERR598978_bin.3.s	1	1	1	1	1
sunagawa2015	ERR598978_bin.30.s	1	1	1	1	1
sunagawa2015	ERR598978_bin.31.s	1	1	1	1	1
sunagawa2015	ERR598978_bin.32.s	1	1	1	1	1
sunagawa2015	ERR598978_bin.33.s	1	1	1	1	1
sunagawa2015	ERR598978_bin.34.p	1	1	1	1	1
sunagawa2015	ERR598978_bin.35.p	1	1	1	1	1
sunagawa2015	ERR598978_bin.36.p	1	1	1	1	1
sunagawa2015	ERR598978_bin.37.p	1	1	1	1	1
sunagawa2015	ERR598978_bin.38.s	1	1	1	1	1
sunagawa2015	ERR598978_bin.39.p	1	1	1	1	1
sunagawa2015	ERR598978_bin.4.p	1	1	1	1	1
sunagawa2015	ERR598978_bin.40.p	1	1	1	1	1
sunagawa2015	ERR598978_bin.41.s	1	1	1	1	1
sunagawa2015	ERR598978_bin.42.p	1	1	1	1	1
sunagawa2015	ERR598978_bin.43.s	1	1	1	1	1
sunagawa2015	ERR598978_bin.44.p	1	1	1	1	1
sunagawa2015	ERR598978_bin.45.o	1	1	1	1	1
sunagawa2015	ERR598978_bin.46.p	1	1	1	1	1
sunagawa2015	ERR598978_bin.47.p	1	1	1	1	1
sunagawa2015	ERR598978_bin.48.p	1	1	1	1	1
sunagawa2015	ERR598978_bin.49.s	1	1	1	1	1
sunagawa2015	ERR598978_bin.5.o	1	1	1	1	1
sunagawa2015	ERR598978_bin.50.s	1	1	1	1	1
sunagawa2015	ERR598978_bin.51.p	1	1	1	1	1
sunagawa2015	ERR598978_bin.52.p	1	1	1	1	1
sunagawa2015	ERR598978_bin.53.o	1	1	1	1	1
sunagawa2015	ERR598978_bin.54.s	1	1	1	1	1
sunagawa2015	ERR598978_bin.55.o	1	1	1	1	1
sunagawa2015	ERR598978_bin.57.o	1	1	1	1	1
sunagawa2015	ERR598978_bin.7.o	1	1	1	0	0
sunagawa2015	ERR598978_bin.8.s	1	1	1	1	1
sunagawa2015	ERR598978_bin.9.s	1	1	1	1	1
sunagawa2015	ERR598979_bin.1.p	1	1	1	1	1
sunagawa2015	ERR598979_bin.10.s	1	1	1	1	1
sunagawa2015	ERR598979_bin.11.s	1	1	1	1	1
sunagawa2015	ERR598979_bin.12.p	1	1	1	1	1
sunagawa2015	ERR598979_bin.13.s	1	1	1	1	1
sunagawa2015	ERR598979_bin.14.s	1	1	1	1	1
sunagawa2015	ERR598979_bin.15.p	1	1	1	1	1
sunagawa2015	ERR598979_bin.16.p	1	1	1	1	1
sunagawa2015	ERR598979_bin.17.s	1	1	1	1	1
sunagawa2015	ERR598979_bin.18.s	1	1	1	1	1
sunagawa2015	ERR598979_bin.19.p	1	1	1	1	1
sunagawa2015	ERR598979_bin.2.s	1	1	1	1	1
sunagawa2015	ERR598979_bin.20.s	1	1	1	1	1
sunagawa2015	ERR598979_bin.21.p	1	1	1	1	1
sunagawa2015	ERR598979_bin.22.s	1	1	1	1	1
sunagawa2015	ERR598979_bin.23.p	1	1	1	1	1
sunagawa2015	ERR598979_bin.24.s	1	1	1	1	1
sunagawa2015	ERR598979_bin.25.p	1	1	1	1	1
sunagawa2015	ERR598979_bin.26.o	1	1	1	1	1
sunagawa2015	ERR598979_bin.3.p	1	1	1	1	1
sunagawa2015	ERR598979_bin.4.p	1	1	1	1	1
sunagawa2015	ERR598979_bin.5.s	1	1	1	1	1
sunagawa2015	ERR598979_bin.6.p	1	1	1	1	1
sunagawa2015	ERR598979_bin.7.s	1	1	1	1	1
sunagawa2015	ERR598979_bin.8.p	1	1	1	1	1
sunagawa2015	ERR598979_bin.9.p	1	1	1	1	1
sunagawa2015	ERR598980_bin.1.s	1	1	1	1	1
sunagawa2015	ERR598980_bin.10.o	1	1	1	1	1
sunagawa2015	ERR598980_bin.11.o	1	1	1	1	1
sunagawa2015	ERR598980_bin.12.s	1	1	1	1	1
sunagawa2015	ERR598980_bin.13.p	1	1	1	1	1
sunagawa2015	ERR598980_bin.14.s	1	1	1	1	1
sunagawa2015	ERR598980_bin.15.s	1	1	1	1	1
sunagawa2015	ERR598980_bin.16.p	1	1	1	1	1
sunagawa2015	ERR598980_bin.17.s	1	1	1	1	1
sunagawa2015	ERR598980_bin.19.o	1	1	1	1	1
sunagawa2015	ERR598980_bin.2.p	1	1	1	1	1
sunagawa2015	ERR598980_bin.20.p	1	1	1	1	1
sunagawa2015	ERR598980_bin.21.s	1	1	0	1	1
sunagawa2015	ERR598980_bin.22.p	1	1	1	1	1
sunagawa2015	ERR598980_bin.23.s	1	1	1	1	1
sunagawa2015	ERR598980_bin.24.s	1	1	1	1	1
sunagawa2015	ERR598980_bin.25.s	1	1	1	1	1
sunagawa2015	ERR598980_bin.26.s	1	1	1	1	1
sunagawa2015	ERR598980_bin.27.s	1	1	1	1	1
sunagawa2015	ERR598980_bin.28.o	1	1	1	1	1
sunagawa2015	ERR598980_bin.29.s	1	1	1	1	1
sunagawa2015	ERR598980_bin.3.s	1	1	1	1	1
sunagawa2015	ERR598980_bin.30.p	1	1	1	1	1
sunagawa2015	ERR598980_bin.31.o	1	1	1	1	1
sunagawa2015	ERR598980_bin.32.s	1	1	1	1	1
sunagawa2015	ERR598980_bin.33.s	1	1	1	1	1
sunagawa2015	ERR598980_bin.34.s	1	1	1	1	1
sunagawa2015	ERR598980_bin.35.s	1	1	1	1	1
sunagawa2015	ERR598980_bin.36.p	1	1	1	1	1
sunagawa2015	ERR598980_bin.37.o	1	1	1	1	1
sunagawa2015	ERR598980_bin.38.o	1	1	1	1	1
sunagawa2015	ERR598980_bin.39.o	1	1	1	1	1
sunagawa2015	ERR598980_bin.4.s	1	1	1	1	1
sunagawa2015	ERR598980_bin.5.p	1	1	1	1	1
sunagawa2015	ERR598980_bin.6.s	1	1	1	1	1
sunagawa2015	ERR598980_bin.7.s	1	1	1	1	1
sunagawa2015	ERR598980_bin.8.p	1	1	1	1	1
sunagawa2015	ERR598980_bin.9.p	1	1	1	1	1
sunagawa2015	ERR598981_bin.1.p	1	1	1	1	1
sunagawa2015	ERR598981_bin.10.s	1	1	1	1	1
sunagawa2015	ERR598981_bin.11.s	1	1	1	1	1
sunagawa2015	ERR598981_bin.12.s	1	1	1	1	1
sunagawa2015	ERR598981_bin.13.p	1	1	1	1	1
sunagawa2015	ERR598981_bin.14.p	1	1	1	1	1
sunagawa2015	ERR598981_bin.15.s	1	1	1	1	1
sunagawa2015	ERR598981_bin.16.p	1	1	1	1	1
sunagawa2015	ERR598981_bin.17.o	1	1	1	1	1
sunagawa2015	ERR598981_bin.18.s	1	1	1	1	1
sunagawa2015	ERR598981_bin.19.p	1	1	1	1	1
sunagawa2015	ERR598981_bin.2.o	1	1	1	1	1
sunagawa2015	ERR598981_bin.20.s	1	1	1	1	1
sunagawa2015	ERR598981_bin.21.s	1	1	1	1	1
sunagawa2015	ERR598981_bin.22.o	1	1	1	1	1
sunagawa2015	ERR598981_bin.23.p	1	1	1	1	1
sunagawa2015	ERR598981_bin.24.p	1	1	1	1	1
sunagawa2015	ERR598981_bin.3.s	1	1	1	1	1
sunagawa2015	ERR598981_bin.4.o	1	1	1	1	1
sunagawa2015	ERR598981_bin.5.s	1	1	1	1	1
sunagawa2015	ERR598981_bin.6.s	1	1	1	1	1
sunagawa2015	ERR598981_bin.7.p	1	1	1	1	1
sunagawa2015	ERR598981_bin.8.o	1	1	1	1	1
sunagawa2015	ERR598981_bin.9.s	1	1	1	1	1
sunagawa2015	ERR598982_bin.1.p	1	1	1	1	1
sunagawa2015	ERR598982_bin.10.p	1	1	1	1	1
sunagawa2015	ERR598982_bin.11.s	1	1	1	1	1
sunagawa2015	ERR598982_bin.12.p	1	1	1	1	1
sunagawa2015	ERR598982_bin.13.p	1	1	1	1	1
sunagawa2015	ERR598982_bin.14.p	1	1	1	1	1
sunagawa2015	ERR598982_bin.15.p	1	1	1	1	1
sunagawa2015	ERR598982_bin.16.p	1	1	1	1	1
sunagawa2015	ERR598982_bin.17.p	1	1	1	1	1
sunagawa2015	ERR598982_bin.18.p	1	1	1	1	1
sunagawa2015	ERR598982_bin.19.p	1	1	1	1	1
sunagawa2015	ERR598982_bin.2.p	1	1	1	1	1
sunagawa2015	ERR598982_bin.20.p	1	1	1	1	1
sunagawa2015	ERR598982_bin.21.s	1	1	1	1	1
sunagawa2015	ERR598982_bin.22.p	1	1	1	1	1
sunagawa2015	ERR598982_bin.23.s	1	1	1	1	1
sunagawa2015	ERR598982_bin.24.p	1	1	1	1	1
sunagawa2015	ERR598982_bin.25.s	1	1	1	1	1
sunagawa2015	ERR598982_bin.26.s	1	1	1	1	1
sunagawa2015	ERR598982_bin.27.p	1	1	1	1	1
sunagawa2015	ERR598982_bin.28.s	1	1	1	1	1
sunagawa2015	ERR598982_bin.29.p	1	1	1	1	1
sunagawa2015	ERR598982_bin.3.o	1	1	1	1	1
sunagawa2015	ERR598982_bin.30.p	1	1	1	1	1
sunagawa2015	ERR598982_bin.31.s	1	1	1	1	1
sunagawa2015	ERR598982_bin.4.p	1	1	1	1	1
sunagawa2015	ERR598982_bin.5.s	1	1	1	1	1
sunagawa2015	ERR598982_bin.6.s	1	1	1	1	1
sunagawa2015	ERR598982_bin.7.p	1	1	1	1	1
sunagawa2015	ERR598982_bin.8.p	1	1	1	1	1
sunagawa2015	ERR598982_bin.9.p	1	1	1	1	1
sunagawa2015	ERR598983_bin.10.s	1	1	1	1	1
sunagawa2015	ERR598983_bin.11.s	1	1	1	1	1
sunagawa2015	ERR598983_bin.12.o	1	1	1	1	1
sunagawa2015	ERR598983_bin.13.s	1	1	1	1	1
sunagawa2015	ERR598983_bin.14.s	1	1	1	1	1
sunagawa2015	ERR598983_bin.15.p	1	1	1	1	1
sunagawa2015	ERR598983_bin.16.o	1	1	1	1	1
sunagawa2015	ERR598983_bin.17.p	1	1	1	1	1
sunagawa2015	ERR598983_bin.18.s	1	1	1	1	1
sunagawa2015	ERR598983_bin.19.p	1	1	1	1	1
sunagawa2015	ERR598983_bin.2.s	1	1	1	1	1
sunagawa2015	ERR598983_bin.20.p	1	1	1	1	1
sunagawa2015	ERR598983_bin.21.s	1	1	1	1	1
sunagawa2015	ERR598983_bin.22.s	1	1	1	1	1
sunagawa2015	ERR598983_bin.23.o	1	1	1	1	1
sunagawa2015	ERR598983_bin.24.o	1	1	1	1	1
sunagawa2015	ERR598983_bin.25.p	1	1	1	1	1
sunagawa2015	ERR598983_bin.26.p	1	1	1	1	1
sunagawa2015	ERR598983_bin.27.s	1	1	1	1	1
sunagawa2015	ERR598983_bin.28.p	1	1	1	1	1
sunagawa2015	ERR598983_bin.29.p	1	1	1	1	1
sunagawa2015	ERR598983_bin.3.s	1	1	1	1	1
sunagawa2015	ERR598983_bin.30.s	1	1	1	1	1
sunagawa2015	ERR598983_bin.31.s	1	1	1	1	1
sunagawa2015	ERR598983_bin.32.s	1	1	1	1	1
sunagawa2015	ERR598983_bin.33.p	1	1	1	1	1
sunagawa2015	ERR598983_bin.34.p	1	1	1	1	1
sunagawa2015	ERR598983_bin.35.p	1	1	1	1	1
sunagawa2015	ERR598983_bin.36.s	1	1	1	1	1
sunagawa2015	ERR598983_bin.37.p	1	1	1	1	1
sunagawa2015	ERR598983_bin.38.s	1	1	1	1	1
sunagawa2015	ERR598983_bin.39.o	1	1	1	1	1
sunagawa2015	ERR598983_bin.4.p	1	1	1	1	1
sunagawa2015	ERR598983_bin.40.p	1	1	1	1	1
sunagawa2015	ERR598983_bin.41.s	1	1	1	1	1
sunagawa2015	ERR598983_bin.42.s	1	1	1	1	1
sunagawa2015	ERR598983_bin.43.s	1	1	1	1	1
sunagawa2015	ERR598983_bin.44.s	1	1	1	1	1
sunagawa2015	ERR598983_bin.45.p	1	1	1	1	1
sunagawa2015	ERR598983_bin.46.s	1	1	1	1	1
sunagawa2015	ERR598983_bin.47.s	1	1	1	1	1
sunagawa2015	ERR598983_bin.48.p	1	1	1	1	1
sunagawa2015	ERR598983_bin.49.p	1	1	1	1	1
sunagawa2015	ERR598983_bin.5.s	1	1	1	1	1
sunagawa2015	ERR598983_bin.50.p	1	1	1	1	1
sunagawa2015	ERR598983_bin.51.p	1	1	1	1	1
sunagawa2015	ERR598983_bin.52.s	1	1	1	1	1
sunagawa2015	ERR598983_bin.53.s	1	1	1	1	1
sunagawa2015	ERR598983_bin.54.p	1	1	1	1	1
sunagawa2015	ERR598983_bin.55.s	1	1	1	1	1
sunagawa2015	ERR598983_bin.56.p	1	1	1	1	1
sunagawa2015	ERR598983_bin.59.p	1	1	1	1	1
sunagawa2015	ERR598983_bin.6.p	1	1	1	1	1
sunagawa2015	ERR598983_bin.60.p	1	1	1	1	1
sunagawa2015	ERR598983_bin.61.s	1	1	1	1	1
sunagawa2015	ERR598983_bin.7.o	1	1	1	1	1
sunagawa2015	ERR598983_bin.8.p	1	1	1	1	1
sunagawa2015	ERR598983_bin.9.p	1	1	1	1	1
sunagawa2015	ERR598984_bin.1.p	1	1	1	1	1
sunagawa2015	ERR598984_bin.10.s	1	1	1	1	1
sunagawa2015	ERR598984_bin.11.p	1	1	1	1	1
sunagawa2015	ERR598984_bin.12.p	1	1	1	1	1
sunagawa2015	ERR598984_bin.13.p	1	1	1	1	1
sunagawa2015	ERR598984_bin.14.o	1	1	1	1	1
sunagawa2015	ERR598984_bin.15.s	1	1	1	1	1
sunagawa2015	ERR598984_bin.16.p	1	1	1	1	1
sunagawa2015	ERR598984_bin.17.o	1	1	1	1	1
sunagawa2015	ERR598984_bin.18.p	1	1	1	1	1
sunagawa2015	ERR598984_bin.19.p	1	1	1	1	1
sunagawa2015	ERR598984_bin.2.s	1	1	1	1	1
sunagawa2015	ERR598984_bin.20.s	1	1	1	1	1
sunagawa2015	ERR598984_bin.21.p	1	1	1	1	1
sunagawa2015	ERR598984_bin.22.p	1	1	1	0	0
sunagawa2015	ERR598984_bin.23.s	1	1	1	1	1
sunagawa2015	ERR598984_bin.24.p	1	1	1	1	1
sunagawa2015	ERR598984_bin.25.p	1	1	1	1	1
sunagawa2015	ERR598984_bin.26.p	1	1	1	1	1
sunagawa2015	ERR598984_bin.27.p	1	1	1	1	1
sunagawa2015	ERR598984_bin.28.p	1	1	1	1	1
sunagawa2015	ERR598984_bin.29.p	1	1	1	1	1
sunagawa2015	ERR598984_bin.3.p	1	1	1	1	1
sunagawa2015	ERR598984_bin.30.p	1	1	1	1	1
sunagawa2015	ERR598984_bin.31.s	1	1	1	1	1
sunagawa2015	ERR598984_bin.32.s	1	1	1	1	1
sunagawa2015	ERR598984_bin.33.s	1	1	1	1	1
sunagawa2015	ERR598984_bin.34.o	1	1	1	1	1
sunagawa2015	ERR598984_bin.35.p	1	1	1	1	1
sunagawa2015	ERR598984_bin.36.p	1	1	1	1	1
sunagawa2015	ERR598984_bin.37.p	1	1	1	1	1
sunagawa2015	ERR598984_bin.38.s	1	1	1	1	1
sunagawa2015	ERR598984_bin.39.p	1	1	1	1	1
sunagawa2015	ERR598984_bin.4.s	1	1	1	1	1
sunagawa2015	ERR598984_bin.40.s	1	1	1	1	1
sunagawa2015	ERR598984_bin.41.s	1	1	1	1	1
sunagawa2015	ERR598984_bin.42.s	1	1	1	1	1
sunagawa2015	ERR598984_bin.43.s	1	1	1	1	1
sunagawa2015	ERR598984_bin.44.p	1	1	1	1	1
sunagawa2015	ERR598984_bin.46.s	1	1	1	1	1
sunagawa2015	ERR598984_bin.47.s	1	1	1	1	1
sunagawa2015	ERR598984_bin.5.p	1	1	1	1	1
sunagawa2015	ERR598984_bin.6.o	1	1	1	1	1
sunagawa2015	ERR598984_bin.7.s	1	1	1	1	1
sunagawa2015	ERR598984_bin.8.s	1	1	1	1	1
sunagawa2015	ERR598984_bin.9.s	1	1	1	1	1
sunagawa2015	ERR598985_bin.1.s	1	1	1	1	1
sunagawa2015	ERR598985_bin.10.p	1	1	1	1	1
sunagawa2015	ERR598985_bin.11.o	1	1	1	1	1
sunagawa2015	ERR598985_bin.12.p	1	1	1	1	1
sunagawa2015	ERR598985_bin.13.o	1	1	1	1	1
sunagawa2015	ERR598985_bin.14.p	1	1	1	1	1
sunagawa2015	ERR598985_bin.15.p	1	1	1	1	1
sunagawa2015	ERR598985_bin.16.o	1	1	1	1	1
sunagawa2015	ERR598985_bin.17.s	1	1	1	1	1
sunagawa2015	ERR598985_bin.18.p	1	1	1	1	1
sunagawa2015	ERR598985_bin.2.p	1	1	1	1	1
sunagawa2015	ERR598985_bin.20.s	1	1	1	1	1
sunagawa2015	ERR598985_bin.21.p	1	1	1	1	1
sunagawa2015	ERR598985_bin.22.s	1	1	1	1	1
sunagawa2015	ERR598985_bin.23.s	1	1	1	1	1
sunagawa2015	ERR598985_bin.25.s	1	1	1	1	1
sunagawa2015	ERR598985_bin.26.p	1	1	1	1	1
sunagawa2015	ERR598985_bin.27.s	1	1	1	1	1
sunagawa2015	ERR598985_bin.28.s	1	1	1	1	1
sunagawa2015	ERR598985_bin.29.p	1	1	1	1	1
sunagawa2015	ERR598985_bin.3.p	1	1	1	1	1
sunagawa2015	ERR598985_bin.30.s	1	1	1	1	1
sunagawa2015	ERR598985_bin.31.p	1	1	1	1	1
sunagawa2015	ERR598985_bin.32.s	1	1	1	1	1
sunagawa2015	ERR598985_bin.33.p	1	1	1	1	1
sunagawa2015	ERR598985_bin.34.s	1	1	1	1	1
sunagawa2015	ERR598985_bin.35.s	1	1	1	1	1
sunagawa2015	ERR598985_bin.36.s	1	1	1	1	1
sunagawa2015	ERR598985_bin.37.o	1	1	1	1	1
sunagawa2015	ERR598985_bin.38.s	1	1	1	1	1
sunagawa2015	ERR598985_bin.39.s	1	1	1	1	1
sunagawa2015	ERR598985_bin.4.s	1	1	1	1	1
sunagawa2015	ERR598985_bin.40.p	1	1	1	1	1
sunagawa2015	ERR598985_bin.41.s	1	1	1	1	1
sunagawa2015	ERR598985_bin.42.s	1	1	1	1	1
sunagawa2015	ERR598985_bin.43.s	1	1	1	1	1
sunagawa2015	ERR598985_bin.44.p	1	1	1	1	1
sunagawa2015	ERR598985_bin.45.s	1	1	1	1	1
sunagawa2015	ERR598985_bin.46.s	1	1	1	1	1
sunagawa2015	ERR598985_bin.47.p	1	1	1	1	1
sunagawa2015	ERR598985_bin.48.p	1	1	1	1	1
sunagawa2015	ERR598985_bin.49.p	1	1	1	1	1
sunagawa2015	ERR598985_bin.5.p	1	1	1	1	1
sunagawa2015	ERR598985_bin.50.s	1	1	1	1	1
sunagawa2015	ERR598985_bin.51.s	1	1	1	1	1
sunagawa2015	ERR598985_bin.6.s	1	1	1	1	1
sunagawa2015	ERR598985_bin.7.s	1	1	1	1	1
sunagawa2015	ERR598985_bin.8.s	1	1	1	1	1
sunagawa2015	ERR598985_bin.9.s	1	1	1	1	1
sunagawa2015	ERR598986_bin.1.s	1	1	1	1	1
sunagawa2015	ERR598986_bin.10.p	1	1	1	1	1
sunagawa2015	ERR598986_bin.11.s	1	1	1	1	1
sunagawa2015	ERR598986_bin.12.s	1	1	1	1	1
sunagawa2015	ERR598986_bin.13.p	1	1	1	1	1
sunagawa2015	ERR598986_bin.14.s	1	1	1	1	1
sunagawa2015	ERR598986_bin.15.s	1	1	1	1	1
sunagawa2015	ERR598986_bin.16.s	1	1	1	1	1
sunagawa2015	ERR598986_bin.17.p	1	1	1	1	1
sunagawa2015	ERR598986_bin.18.p	1	1	1	1	1
sunagawa2015	ERR598986_bin.19.s	1	1	1	1	1
sunagawa2015	ERR598986_bin.2.p	1	1	1	1	1
sunagawa2015	ERR598986_bin.20.p	1	1	1	1	1
sunagawa2015	ERR598986_bin.21.s	1	1	1	1	1
sunagawa2015	ERR598986_bin.22.s	1	1	1	1	1
sunagawa2015	ERR598986_bin.23.s	1	1	1	1	1
sunagawa2015	ERR598986_bin.24.s	1	1	1	1	1
sunagawa2015	ERR598986_bin.25.p	1	1	1	1	1
sunagawa2015	ERR598986_bin.26.p	1	1	1	1	1
sunagawa2015	ERR598986_bin.27.s	1	1	1	1	1
sunagawa2015	ERR598986_bin.28.p	1	1	1	1	1
sunagawa2015	ERR598986_bin.29.p	1	1	1	1	1
sunagawa2015	ERR598986_bin.3.p	1	1	1	1	1
sunagawa2015	ERR598986_bin.30.p	1	1	1	1	1
sunagawa2015	ERR598986_bin.31.p	1	1	1	1	1
sunagawa2015	ERR598986_bin.32.s	1	1	1	1	1
sunagawa2015	ERR598986_bin.33.s	1	1	1	1	1
sunagawa2015	ERR598986_bin.34.o	1	1	1	1	1
sunagawa2015	ERR598986_bin.35.p	1	1	1	1	1
sunagawa2015	ERR598986_bin.36.p	1	1	1	1	1
sunagawa2015	ERR598986_bin.37.p	1	1	1	1	1
sunagawa2015	ERR598986_bin.38.o	1	1	1	1	1
sunagawa2015	ERR598986_bin.39.s	1	1	1	1	1
sunagawa2015	ERR598986_bin.4.p	1	1	1	1	1
sunagawa2015	ERR598986_bin.40.o	1	1	1	1	1
sunagawa2015	ERR598986_bin.41.o	1	1	1	1	1
sunagawa2015	ERR598986_bin.42.p	1	1	1	1	1
sunagawa2015	ERR598986_bin.43.s	1	1	1	1	1
sunagawa2015	ERR598986_bin.44.s	1	1	1	1	1
sunagawa2015	ERR598986_bin.45.s	1	1	1	1	1
sunagawa2015	ERR598986_bin.46.o	1	1	1	1	1
sunagawa2015	ERR598986_bin.47.s	1	1	1	1	1
sunagawa2015	ERR598986_bin.48.s	1	1	1	1	1
sunagawa2015	ERR598986_bin.49.p	1	1	1	1	1
sunagawa2015	ERR598986_bin.5.s	1	1	1	1	1
sunagawa2015	ERR598986_bin.50.s	1	1	1	1	1
sunagawa2015	ERR598986_bin.51.o	1	1	1	1	1
sunagawa2015	ERR598986_bin.52.s	1	1	1	1	1
sunagawa2015	ERR598986_bin.53.s	1	1	1	1	1
sunagawa2015	ERR598986_bin.54.s	1	1	1	1	1
sunagawa2015	ERR598986_bin.55.s	1	1	1	1	1
sunagawa2015	ERR598986_bin.56.p	1	1	1	1	1
sunagawa2015	ERR598986_bin.57.p	1	1	1	1	1
sunagawa2015	ERR598986_bin.58.p	1	1	1	1	1
sunagawa2015	ERR598986_bin.59.p	1	1	1	1	1
sunagawa2015	ERR598986_bin.6.o	1	1	1	1	1
sunagawa2015	ERR598986_bin.60.p	1	1	1	1	1
sunagawa2015	ERR598986_bin.61.s	1	1	1	1	1
sunagawa2015	ERR598986_bin.62.s	1	1	1	1	1
sunagawa2015	ERR598986_bin.63.s	1	1	1	1	1
sunagawa2015	ERR598986_bin.64.o	1	1	1	1	1
sunagawa2015	ERR598986_bin.65.p	1	1	1	1	1
sunagawa2015	ERR598986_bin.66.p	1	1	1	1	1
sunagawa2015	ERR598986_bin.67.p	1	1	1	1	1
sunagawa2015	ERR598986_bin.68.s	1	1	1	1	1
sunagawa2015	ERR598986_bin.69.p	1	1	1	1	1
sunagawa2015	ERR598986_bin.7.p	1	1	1	1	1
sunagawa2015	ERR598986_bin.70.s	1	1	1	1	1
sunagawa2015	ERR598986_bin.71.p	1	1	1	1	1
sunagawa2015	ERR598986_bin.72.s	1	1	1	1	1
sunagawa2015	ERR598986_bin.73.p	1	1	1	1	1
sunagawa2015	ERR598986_bin.74.s	1	1	1	1	1
sunagawa2015	ERR598986_bin.75.s	1	1	1	1	1
sunagawa2015	ERR598986_bin.76.s	1	1	1	1	1
sunagawa2015	ERR598986_bin.77.s	1	1	1	1	1
sunagawa2015	ERR598986_bin.78.p	1	1	1	1	1
sunagawa2015	ERR598986_bin.79.s	1	1	1	1	1
sunagawa2015	ERR598986_bin.8.o	1	1	1	1	1
sunagawa2015	ERR598986_bin.80.p	1	1	1	1	1
sunagawa2015	ERR598986_bin.81.s	1	1	1	1	1
sunagawa2015	ERR598986_bin.82.s	1	1	1	1	1
sunagawa2015	ERR598986_bin.83.s	1	1	1	1	1
sunagawa2015	ERR598986_bin.9.s	1	1	1	1	1
sunagawa2015	ERR598987_bin.1.s	1	1	1	1	1
sunagawa2015	ERR598987_bin.10.s	1	1	1	1	1
sunagawa2015	ERR598987_bin.11.s	1	1	1	1	1
sunagawa2015	ERR598987_bin.13.p	1	1	1	1	1
sunagawa2015	ERR598987_bin.14.o	1	1	1	1	1
sunagawa2015	ERR598987_bin.16.p	1	1	1	1	1
sunagawa2015	ERR598987_bin.17.p	1	1	1	1	1
sunagawa2015	ERR598987_bin.18.o	1	1	1	1	1
sunagawa2015	ERR598987_bin.19.p	1	1	1	1	1
sunagawa2015	ERR598987_bin.2.s	1	1	1	1	1
sunagawa2015	ERR598987_bin.20.o	1	1	1	1	1
sunagawa2015	ERR598987_bin.21.s	1	1	1	1	1
sunagawa2015	ERR598987_bin.22.p	1	1	1	1	1
sunagawa2015	ERR598987_bin.23.p	1	1	1	1	1
sunagawa2015	ERR598987_bin.24.o	1	1	1	1	1
sunagawa2015	ERR598987_bin.25.s	1	1	1	1	1
sunagawa2015	ERR598987_bin.26.s	1	1	1	1	1
sunagawa2015	ERR598987_bin.27.o	1	1	1	1	1
sunagawa2015	ERR598987_bin.28.p	1	1	1	1	1
sunagawa2015	ERR598987_bin.29.s	1	1	1	1	1
sunagawa2015	ERR598987_bin.3.s	1	1	1	1	1
sunagawa2015	ERR598987_bin.30.p	1	1	1	1	1
sunagawa2015	ERR598987_bin.31.s	1	1	1	1	1
sunagawa2015	ERR598987_bin.32.p	1	1	1	1	1
sunagawa2015	ERR598987_bin.33.s	1	1	1	1	1
sunagawa2015	ERR598987_bin.34.s	1	1	1	1	1
sunagawa2015	ERR598987_bin.35.s	1	1	1	1	1
sunagawa2015	ERR598987_bin.36.p	1	1	1	1	1
sunagawa2015	ERR598987_bin.37.o	1	1	1	1	1
sunagawa2015	ERR598987_bin.38.s	1	1	1	1	1
sunagawa2015	ERR598987_bin.39.p	1	1	1	1	1
sunagawa2015	ERR598987_bin.4.s	1	1	1	1	1
sunagawa2015	ERR598987_bin.40.o	1	1	1	1	1
sunagawa2015	ERR598987_bin.41.p	1	1	1	1	1
sunagawa2015	ERR598987_bin.42.s	1	1	1	1	1
sunagawa2015	ERR598987_bin.43.s	1	1	1	1	1
sunagawa2015	ERR598987_bin.44.s	1	1	1	1	1
sunagawa2015	ERR598987_bin.45.s	1	1	1	1	1
sunagawa2015	ERR598987_bin.46.o	1	1	1	1	1
sunagawa2015	ERR598987_bin.47.p	1	1	1	1	1
sunagawa2015	ERR598987_bin.5.s	1	1	1	1	1
sunagawa2015	ERR598987_bin.6.p	1	1	1	1	1
sunagawa2015	ERR598987_bin.7.p	1	1	1	1	1
sunagawa2015	ERR598987_bin.8.s	1	1	1	1	1
sunagawa2015	ERR598987_bin.9.s	1	1	1	1	1
sunagawa2015	ERR598988_bin.1.s	1	1	1	1	1
sunagawa2015	ERR598988_bin.10.p	1	1	1	1	1
sunagawa2015	ERR598988_bin.11.p	1	1	1	1	1
sunagawa2015	ERR598988_bin.12.p	1	1	1	1	1
sunagawa2015	ERR598988_bin.13.s	1	1	1	1	1
sunagawa2015	ERR598988_bin.14.p	1	1	1	1	1
sunagawa2015	ERR598988_bin.15.o	1	1	1	1	1
sunagawa2015	ERR598988_bin.16.p	1	1	1	1	1
sunagawa2015	ERR598988_bin.17.s	1	1	1	1	1
sunagawa2015	ERR598988_bin.18.p	1	1	1	1	1
sunagawa2015	ERR598988_bin.19.s	1	1	1	1	1
sunagawa2015	ERR598988_bin.2.p	1	1	1	1	1
sunagawa2015	ERR598988_bin.20.s	1	1	1	1	1
sunagawa2015	ERR598988_bin.21.o	1	1	1	1	1
sunagawa2015	ERR598988_bin.22.s	1	1	1	1	1
sunagawa2015	ERR598988_bin.23.s	1	1	1	1	1
sunagawa2015	ERR598988_bin.24.p	1	1	1	1	1
sunagawa2015	ERR598988_bin.25.s	1	1	1	1	1
sunagawa2015	ERR598988_bin.26.s	1	1	1	1	1
sunagawa2015	ERR598988_bin.27.s	1	1	1	1	1
sunagawa2015	ERR598988_bin.28.s	1	1	1	1	1
sunagawa2015	ERR598988_bin.29.p	1	1	1	1	1
sunagawa2015	ERR598988_bin.3.o	1	1	1	1	1
sunagawa2015	ERR598988_bin.30.p	1	1	1	1	1
sunagawa2015	ERR598988_bin.31.s	1	1	1	1	1
sunagawa2015	ERR598988_bin.32.p	1	1	1	1	1
sunagawa2015	ERR598988_bin.33.p	1	1	1	1	1
sunagawa2015	ERR598988_bin.34.p	1	1	1	1	1
sunagawa2015	ERR598988_bin.35.p	1	1	0	1	1
sunagawa2015	ERR598988_bin.36.s	1	1	1	1	1
sunagawa2015	ERR598988_bin.37.p	1	1	1	1	1
sunagawa2015	ERR598988_bin.38.s	1	1	1	1	1
sunagawa2015	ERR598988_bin.39.p	1	1	1	1	1
sunagawa2015	ERR598988_bin.4.p	1	1	1	1	1
sunagawa2015	ERR598988_bin.40.p	1	1	1	1	1
sunagawa2015	ERR598988_bin.41.p	1	1	1	1	1
sunagawa2015	ERR598988_bin.43.s	1	1	1	1	1
sunagawa2015	ERR598988_bin.6.p	1	1	1	1	1
sunagawa2015	ERR598988_bin.7.s	1	1	1	1	1
sunagawa2015	ERR598988_bin.8.p	1	1	1	1	1
sunagawa2015	ERR598988_bin.9.o	1	1	1	1	1
sunagawa2015	ERR598989_bin.1.s	1	1	1	1	1
sunagawa2015	ERR598989_bin.10.s	1	1	1	1	1
sunagawa2015	ERR598989_bin.11.s	1	1	1	1	1
sunagawa2015	ERR598989_bin.12.s	1	1	1	1	1
sunagawa2015	ERR598989_bin.13.p	1	1	1	1	1
sunagawa2015	ERR598989_bin.14.s	1	1	1	1	1
sunagawa2015	ERR598989_bin.15.p	1	1	1	1	1
sunagawa2015	ERR598989_bin.16.s	1	1	1	1	1
sunagawa2015	ERR598989_bin.17.p	1	1	1	1	1
sunagawa2015	ERR598989_bin.18.s	1	1	1	1	1
sunagawa2015	ERR598989_bin.19.p	1	1	1	1	1
sunagawa2015	ERR598989_bin.2.p	1	1	1	1	1
sunagawa2015	ERR598989_bin.20.o	1	1	1	1	1
sunagawa2015	ERR598989_bin.21.s	1	1	1	1	1
sunagawa2015	ERR598989_bin.22.s	1	1	1	1	1
sunagawa2015	ERR598989_bin.23.p	1	1	1	1	1
sunagawa2015	ERR598989_bin.24.s	1	1	1	1	1
sunagawa2015	ERR598989_bin.25.p	1	1	1	1	1
sunagawa2015	ERR598989_bin.26.o	1	1	1	1	1
sunagawa2015	ERR598989_bin.27.p	1	1	1	1	1
sunagawa2015	ERR598989_bin.28.s	1	1	1	1	1
sunagawa2015	ERR598989_bin.29.o	1	1	1	1	1
sunagawa2015	ERR598989_bin.3.p	1	1	1	1	1
sunagawa2015	ERR598989_bin.30.p	1	1	1	1	1
sunagawa2015	ERR598989_bin.31.p	1	1	1	1	1
sunagawa2015	ERR598989_bin.32.s	1	1	1	1	1
sunagawa2015	ERR598989_bin.34.p	1	1	1	1	1
sunagawa2015	ERR598989_bin.35.p	1	1	1	1	1
sunagawa2015	ERR598989_bin.36.p	1	1	1	1	1
sunagawa2015	ERR598989_bin.37.p	1	1	1	1	1
sunagawa2015	ERR598989_bin.38.p	1	1	1	1	1
sunagawa2015	ERR598989_bin.39.p	1	1	1	1	1
sunagawa2015	ERR598989_bin.4.o	1	1	1	1	1
sunagawa2015	ERR598989_bin.40.p	1	1	1	1	1
sunagawa2015	ERR598989_bin.41.s	1	1	1	1	1
sunagawa2015	ERR598989_bin.42.p	1	1	1	1	1
sunagawa2015	ERR598989_bin.43.p	1	1	1	1	1
sunagawa2015	ERR598989_bin.44.s	1	1	1	1	1
sunagawa2015	ERR598989_bin.45.s	1	1	1	1	1
sunagawa2015	ERR598989_bin.46.s	1	1	1	1	1
sunagawa2015	ERR598989_bin.47.s	1	1	1	1	1
sunagawa2015	ERR598989_bin.48.p	1	1	1	1	1
sunagawa2015	ERR598989_bin.5.p	1	1	1	1	1
sunagawa2015	ERR598989_bin.50.s	1	1	1	1	1
sunagawa2015	ERR598989_bin.51.s	1	1	1	1	1
sunagawa2015	ERR598989_bin.52.o	1	1	1	1	1
sunagawa2015	ERR598989_bin.53.s	1	1	1	1	1
sunagawa2015	ERR598989_bin.54.p	1	1	1	1	1
sunagawa2015	ERR598989_bin.55.s	1	1	1	1	1
sunagawa2015	ERR598989_bin.56.p	1	1	1	1	1
sunagawa2015	ERR598989_bin.57.p	1	1	1	1	1
sunagawa2015	ERR598989_bin.58.s	1	1	1	1	1
sunagawa2015	ERR598989_bin.59.o	1	1	1	1	1
sunagawa2015	ERR598989_bin.6.s	1	1	1	1	1
sunagawa2015	ERR598989_bin.60.s	1	1	1	1	1
sunagawa2015	ERR598989_bin.61.s	1	1	1	1	1
sunagawa2015	ERR598989_bin.62.p	1	1	1	1	1
sunagawa2015	ERR598989_bin.63.p	1	1	1	1	1
sunagawa2015	ERR598989_bin.64.p	1	1	1	1	1
sunagawa2015	ERR598989_bin.65.p	1	1	1	1	1
sunagawa2015	ERR598989_bin.66.p	1	1	1	1	1
sunagawa2015	ERR598989_bin.67.s	1	1	1	1	1
sunagawa2015	ERR598989_bin.68.s	1	1	1	1	1
sunagawa2015	ERR598989_bin.69.p	1	1	1	1	1
sunagawa2015	ERR598989_bin.7.p	1	1	1	1	1
sunagawa2015	ERR598989_bin.70.p	1	1	1	1	1
sunagawa2015	ERR598989_bin.71.p	1	1	1	1	1
sunagawa2015	ERR598989_bin.72.s	1	1	1	1	1
sunagawa2015	ERR598989_bin.73.p	1	1	1	1	1
sunagawa2015	ERR598989_bin.74.p	1	1	1	1	1
sunagawa2015	ERR598989_bin.75.s	1	1	1	1	1
sunagawa2015	ERR598989_bin.76.s	1	1	1	1	1
sunagawa2015	ERR598989_bin.77.o	1	1	1	1	1
sunagawa2015	ERR598989_bin.8.s	1	1	1	1	1
sunagawa2015	ERR598989_bin.9.s	1	1	1	1	1
sunagawa2015	ERR598990_bin.1.s	1	1	1	1	1
sunagawa2015	ERR598990_bin.10.p	1	1	1	1	1
sunagawa2015	ERR598990_bin.11.p	1	1	1	1	1
sunagawa2015	ERR598990_bin.12.s	1	1	1	1	1
sunagawa2015	ERR598990_bin.13.p	1	1	1	1	1
sunagawa2015	ERR598990_bin.14.p	1	1	1	1	1
sunagawa2015	ERR598990_bin.15.p	1	1	1	1	1
sunagawa2015	ERR598990_bin.16.s	1	1	1	1	1
sunagawa2015	ERR598990_bin.17.p	1	1	1	1	1
sunagawa2015	ERR598990_bin.18.s	1	1	1	1	1
sunagawa2015	ERR598990_bin.19.p	1	1	1	1	1
sunagawa2015	ERR598990_bin.2.s	1	1	1	1	1
sunagawa2015	ERR598990_bin.20.s	1	1	1	1	1
sunagawa2015	ERR598990_bin.3.p	1	1	1	1	1
sunagawa2015	ERR598990_bin.4.p	1	1	1	1	1
sunagawa2015	ERR598990_bin.5.p	1	1	1	1	1
sunagawa2015	ERR598990_bin.6.p	1	1	1	1	1
sunagawa2015	ERR598990_bin.7.s	1	1	1	1	1
sunagawa2015	ERR598990_bin.8.s	1	1	1	1	1
sunagawa2015	ERR598990_bin.9.s	1	1	1	1	1
sunagawa2015	ERR598991_bin.1.s	1	1	1	1	1
sunagawa2015	ERR598991_bin.10.s	1	1	1	1	1
sunagawa2015	ERR598991_bin.11.p	1	1	1	1	1
sunagawa2015	ERR598991_bin.12.s	1	1	1	1	1
sunagawa2015	ERR598991_bin.13.p	1	1	1	1	1
sunagawa2015	ERR598991_bin.14.s	1	1	1	1	1
sunagawa2015	ERR598991_bin.15.p	1	1	1	1	1
sunagawa2015	ERR598991_bin.16.s	1	1	1	1	1
sunagawa2015	ERR598991_bin.17.p	1	1	1	1	1
sunagawa2015	ERR598991_bin.18.s	1	1	1	1	1
sunagawa2015	ERR598991_bin.19.p	1	1	1	1	1
sunagawa2015	ERR598991_bin.2.o	1	1	1	1	1
sunagawa2015	ERR598991_bin.20.s	1	1	1	1	1
sunagawa2015	ERR598991_bin.21.s	1	1	1	1	1
sunagawa2015	ERR598991_bin.22.p	1	1	1	1	1
sunagawa2015	ERR598991_bin.23.s	1	1	1	1	1
sunagawa2015	ERR598991_bin.24.s	1	1	1	1	1
sunagawa2015	ERR598991_bin.25.p	1	1	1	1	1
sunagawa2015	ERR598991_bin.26.s	1	1	1	1	1
sunagawa2015	ERR598991_bin.27.p	1	1	1	1	1
sunagawa2015	ERR598991_bin.28.p	1	1	1	1	1
sunagawa2015	ERR598991_bin.29.s	1	1	1	1	1
sunagawa2015	ERR598991_bin.3.s	1	1	1	1	1
sunagawa2015	ERR598991_bin.30.s	1	1	1	1	1
sunagawa2015	ERR598991_bin.31.s	1	1	1	1	1
sunagawa2015	ERR598991_bin.32.p	1	1	1	1	1
sunagawa2015	ERR598991_bin.33.p	1	1	1	1	1
sunagawa2015	ERR598991_bin.34.s	1	1	1	1	1
sunagawa2015	ERR598991_bin.35.p	1	1	1	1	1
sunagawa2015	ERR598991_bin.36.p	1	1	1	1	1
sunagawa2015	ERR598991_bin.37.p	1	1	1	1	1
sunagawa2015	ERR598991_bin.38.s	1	1	1	1	1
sunagawa2015	ERR598991_bin.39.s	1	1	1	1	1
sunagawa2015	ERR598991_bin.4.s	1	1	1	1	1
sunagawa2015	ERR598991_bin.40.p	1	1	1	1	1
sunagawa2015	ERR598991_bin.41.s	1	1	1	1	1
sunagawa2015	ERR598991_bin.42.p	1	1	1	1	1
sunagawa2015	ERR598991_bin.43.p	1	1	1	1	1
sunagawa2015	ERR598991_bin.44.p	1	1	1	1	1
sunagawa2015	ERR598991_bin.45.p	1	1	1	1	1
sunagawa2015	ERR598991_bin.46.o	1	1	1	1	1
sunagawa2015	ERR598991_bin.47.p	1	1	1	1	1
sunagawa2015	ERR598991_bin.48.p	1	1	1	1	1
sunagawa2015	ERR598991_bin.49.s	1	1	1	1	1
sunagawa2015	ERR598991_bin.5.s	1	1	1	1	1
sunagawa2015	ERR598991_bin.50.s	1	1	1	1	1
sunagawa2015	ERR598991_bin.51.s	1	1	1	1	1
sunagawa2015	ERR598991_bin.52.s	1	1	1	1	1
sunagawa2015	ERR598991_bin.6.s	1	1	1	1	1
sunagawa2015	ERR598991_bin.7.s	1	1	1	1	1
sunagawa2015	ERR598991_bin.8.s	1	1	1	1	1
sunagawa2015	ERR598991_bin.9.o	1	1	1	1	1
sunagawa2015	ERR598992_bin.1.s	1	1	1	1	1
sunagawa2015	ERR598992_bin.10.s	1	1	1	1	1
sunagawa2015	ERR598992_bin.11.p	1	1	1	1	1
sunagawa2015	ERR598992_bin.12.p	1	1	1	1	1
sunagawa2015	ERR598992_bin.13.p	1	1	1	1	1
sunagawa2015	ERR598992_bin.14.s	1	1	1	1	1
sunagawa2015	ERR598992_bin.15.s	1	1	1	1	1
sunagawa2015	ERR598992_bin.16.s	1	1	1	1	1
sunagawa2015	ERR598992_bin.17.s	1	1	1	1	1
sunagawa2015	ERR598992_bin.18.s	1	1	1	1	1
sunagawa2015	ERR598992_bin.19.s	1	1	1	1	1
sunagawa2015	ERR598992_bin.2.o	1	1	1	1	1
sunagawa2015	ERR598992_bin.20.s	1	1	1	1	1
sunagawa2015	ERR598992_bin.21.p	1	1	1	1	1
sunagawa2015	ERR598992_bin.23.s	1	1	1	1	1
sunagawa2015	ERR598992_bin.24.p	1	1	1	1	1
sunagawa2015	ERR598992_bin.25.s	1	1	1	1	1
sunagawa2015	ERR598992_bin.26.p	1	1	1	1	1
sunagawa2015	ERR598992_bin.27.s	1	1	1	1	1
sunagawa2015	ERR598992_bin.28.p	1	1	1	1	1
sunagawa2015	ERR598992_bin.29.s	1	1	1	1	1
sunagawa2015	ERR598992_bin.3.p	1	1	1	1	1
sunagawa2015	ERR598992_bin.30.p	1	1	1	1	1
sunagawa2015	ERR598992_bin.31.s	1	1	1	1	1
sunagawa2015	ERR598992_bin.32.s	1	1	1	1	1
sunagawa2015	ERR598992_bin.33.s	1	1	1	1	1
sunagawa2015	ERR598992_bin.34.s	1	1	1	1	1
sunagawa2015	ERR598992_bin.35.s	1	1	1	1	1
sunagawa2015	ERR598992_bin.36.p	1	1	1	1	1
sunagawa2015	ERR598992_bin.37.s	1	1	1	1	1
sunagawa2015	ERR598992_bin.38.s	1	1	1	1	1
sunagawa2015	ERR598992_bin.39.s	1	1	1	1	1
sunagawa2015	ERR598992_bin.4.s	1	1	1	1	1
sunagawa2015	ERR598992_bin.40.s	1	1	1	1	1
sunagawa2015	ERR598992_bin.41.s	1	1	1	1	1
sunagawa2015	ERR598992_bin.42.p	1	1	1	1	1
sunagawa2015	ERR598992_bin.43.s	1	1	1	1	1
sunagawa2015	ERR598992_bin.44.p	1	1	1	1	1
sunagawa2015	ERR598992_bin.45.p	1	1	1	1	1
sunagawa2015	ERR598992_bin.46.p	1	1	1	1	1
sunagawa2015	ERR598992_bin.47.s	1	1	1	1	1
sunagawa2015	ERR598992_bin.48.s	1	1	1	1	1
sunagawa2015	ERR598992_bin.49.s	1	1	1	1	1
sunagawa2015	ERR598992_bin.5.s	1	1	1	1	1
sunagawa2015	ERR598992_bin.50.p	1	1	1	1	1
sunagawa2015	ERR598992_bin.51.s	1	1	1	1	1
sunagawa2015	ERR598992_bin.52.s	1	1	1	1	1
sunagawa2015	ERR598992_bin.53.p	1	1	1	1	1
sunagawa2015	ERR598992_bin.54.s	1	1	1	1	1
sunagawa2015	ERR598992_bin.55.p	1	1	1	1	1
sunagawa2015	ERR598992_bin.56.p	1	1	1	1	1
sunagawa2015	ERR598992_bin.57.s	1	1	1	1	1
sunagawa2015	ERR598992_bin.58.p	1	1	1	1	1
sunagawa2015	ERR598992_bin.59.s	1	1	1	1	1
sunagawa2015	ERR598992_bin.6.o	1	1	1	1	1
sunagawa2015	ERR598992_bin.60.s	1	1	1	1	1
sunagawa2015	ERR598992_bin.61.p	1	1	1	1	1
sunagawa2015	ERR598992_bin.62.s	1	1	1	1	1
sunagawa2015	ERR598992_bin.63.s	1	1	1	1	1
sunagawa2015	ERR598992_bin.64.s	1	1	1	1	1
sunagawa2015	ERR598992_bin.7.p	1	1	1	1	1
sunagawa2015	ERR598992_bin.8.p	1	1	1	1	1
sunagawa2015	ERR598992_bin.9.s	1	1	1	1	1
sunagawa2015	ERR598993_bin.1.s	1	1	1	1	1
sunagawa2015	ERR598993_bin.10.p	1	1	1	1	1
sunagawa2015	ERR598993_bin.11.s	1	1	1	1	1
sunagawa2015	ERR598993_bin.12.o	1	1	1	1	1
sunagawa2015	ERR598993_bin.13.s	1	1	1	1	1
sunagawa2015	ERR598993_bin.14.p	1	1	1	1	1
sunagawa2015	ERR598993_bin.15.s	1	1	1	1	1
sunagawa2015	ERR598993_bin.16.s	1	1	1	1	1
sunagawa2015	ERR598993_bin.17.s	1	1	1	1	1
sunagawa2015	ERR598993_bin.18.s	1	1	1	1	1
sunagawa2015	ERR598993_bin.19.p	1	1	1	1	1
sunagawa2015	ERR598993_bin.2.s	1	1	1	1	1
sunagawa2015	ERR598993_bin.20.s	1	1	1	1	1
sunagawa2015	ERR598993_bin.21.o	1	1	1	1	1
sunagawa2015	ERR598993_bin.22.s	1	1	1	1	1
sunagawa2015	ERR598993_bin.23.s	1	1	1	1	1
sunagawa2015	ERR598993_bin.24.p	1	1	1	1	1
sunagawa2015	ERR598993_bin.25.p	1	1	1	1	1
sunagawa2015	ERR598993_bin.26.p	1	1	1	1	1
sunagawa2015	ERR598993_bin.27.p	1	1	1	1	1
sunagawa2015	ERR598993_bin.28.p	1	1	1	1	1
sunagawa2015	ERR598993_bin.29.o	1	1	1	1	1
sunagawa2015	ERR598993_bin.3.s	1	1	1	1	1
sunagawa2015	ERR598993_bin.30.s	1	1	1	1	1
sunagawa2015	ERR598993_bin.31.p	1	1	1	1	1
sunagawa2015	ERR598993_bin.32.s	1	1	1	1	1
sunagawa2015	ERR598993_bin.33.p	1	1	1	1	1
sunagawa2015	ERR598993_bin.34.s	1	1	1	1	1
sunagawa2015	ERR598993_bin.35.p	1	1	1	1	1
sunagawa2015	ERR598993_bin.36.p	1	1	1	1	1
sunagawa2015	ERR598993_bin.37.p	1	1	1	1	1
sunagawa2015	ERR598993_bin.38.p	1	1	1	1	1
sunagawa2015	ERR598993_bin.39.p	1	1	1	1	1
sunagawa2015	ERR598993_bin.4.p	1	1	1	1	1
sunagawa2015	ERR598993_bin.40.p	1	1	1	1	1
sunagawa2015	ERR598993_bin.41.p	1	1	1	1	1
sunagawa2015	ERR598993_bin.42.p	1	1	1	1	1
sunagawa2015	ERR598993_bin.43.p	1	1	1	1	1
sunagawa2015	ERR598993_bin.44.p	1	1	1	1	1
sunagawa2015	ERR598993_bin.45.s	1	1	1	1	1
sunagawa2015	ERR598993_bin.46.s	1	1	1	1	1
sunagawa2015	ERR598993_bin.47.s	1	1	1	1	1
sunagawa2015	ERR598993_bin.48.s	1	1	0	1	1
sunagawa2015	ERR598993_bin.49.s	1	1	1	1	1
sunagawa2015	ERR598993_bin.5.s	1	1	1	1	1
sunagawa2015	ERR598993_bin.50.s	1	1	1	1	1
sunagawa2015	ERR598993_bin.51.p	1	1	1	1	1
sunagawa2015	ERR598993_bin.52.p	1	1	1	1	1
sunagawa2015	ERR598993_bin.53.s	1	1	1	1	1
sunagawa2015	ERR598993_bin.54.p	1	1	1	1	1
sunagawa2015	ERR598993_bin.55.p	1	1	1	1	1
sunagawa2015	ERR598993_bin.56.s	1	1	1	1	1
sunagawa2015	ERR598993_bin.57.s	1	1	1	1	1
sunagawa2015	ERR598993_bin.58.s	1	1	1	1	1
sunagawa2015	ERR598993_bin.59.s	1	1	1	0	0
sunagawa2015	ERR598993_bin.6.p	1	1	1	1	1
sunagawa2015	ERR598993_bin.60.s	1	1	1	1	1
sunagawa2015	ERR598993_bin.61.s	1	1	1	1	1
sunagawa2015	ERR598993_bin.62.s	1	1	1	1	1
sunagawa2015	ERR598993_bin.63.s	1	1	1	1	1
sunagawa2015	ERR598993_bin.64.o	1	1	1	1	1
sunagawa2015	ERR598993_bin.65.s	1	1	1	1	1
sunagawa2015	ERR598993_bin.66.p	1	1	1	1	1
sunagawa2015	ERR598993_bin.67.s	1	1	1	1	1
sunagawa2015	ERR598993_bin.68.s	1	1	1	1	1
sunagawa2015	ERR598993_bin.69.s	1	1	1	1	1
sunagawa2015	ERR598993_bin.7.s	1	1	1	1	1
sunagawa2015	ERR598993_bin.70.s	1	1	1	1	1
sunagawa2015	ERR598993_bin.71.s	1	1	1	1	1
sunagawa2015	ERR598993_bin.8.s	1	1	1	1	1
sunagawa2015	ERR598993_bin.9.s	1	1	1	1	1
sunagawa2015	ERR598994_bin.1.p	1	1	1	1	1
sunagawa2015	ERR598994_bin.10.s	1	1	1	1	1
sunagawa2015	ERR598994_bin.11.o	1	1	1	1	1
sunagawa2015	ERR598994_bin.12.o	1	1	1	1	1
sunagawa2015	ERR598994_bin.13.s	1	1	1	1	1
sunagawa2015	ERR598994_bin.3.s	1	1	1	1	1
sunagawa2015	ERR598994_bin.4.p	1	1	1	1	1
sunagawa2015	ERR598994_bin.5.s	1	1	1	1	1
sunagawa2015	ERR598994_bin.6.p	1	1	1	1	1
sunagawa2015	ERR598994_bin.7.p	1	1	1	1	1
sunagawa2015	ERR598994_bin.8.p	1	1	1	1	1
sunagawa2015	ERR598994_bin.9.p	1	1	1	1	1
sunagawa2015	ERR598995_bin.1.p	1	1	1	1	1
sunagawa2015	ERR598995_bin.10.o	1	1	1	1	1
sunagawa2015	ERR598995_bin.11.o	1	1	1	1	1
sunagawa2015	ERR598995_bin.12.s	1	1	1	1	1
sunagawa2015	ERR598995_bin.13.o	1	1	1	1	1
sunagawa2015	ERR598995_bin.14.s	1	1	1	1	1
sunagawa2015	ERR598995_bin.15.p	1	1	1	1	1
sunagawa2015	ERR598995_bin.16.s	1	1	1	1	1
sunagawa2015	ERR598995_bin.17.s	1	1	1	1	1
sunagawa2015	ERR598995_bin.18.s	1	1	1	1	1
sunagawa2015	ERR598995_bin.2.s	1	1	1	1	1
sunagawa2015	ERR598995_bin.20.s	1	1	1	1	1
sunagawa2015	ERR598995_bin.21.p	1	1	1	1	1
sunagawa2015	ERR598995_bin.22.s	1	1	1	1	1
sunagawa2015	ERR598995_bin.23.s	1	1	1	1	1
sunagawa2015	ERR598995_bin.24.p	1	1	1	1	1
sunagawa2015	ERR598995_bin.25.p	1	1	1	1	1
sunagawa2015	ERR598995_bin.26.s	1	1	1	1	1
sunagawa2015	ERR598995_bin.27.s	1	1	1	1	1
sunagawa2015	ERR598995_bin.28.p	1	1	1	1	1
sunagawa2015	ERR598995_bin.3.s	1	1	1	1	1
sunagawa2015	ERR598995_bin.30.o	1	1	1	1	1
sunagawa2015	ERR598995_bin.31.s	1	1	1	1	1
sunagawa2015	ERR598995_bin.32.o	1	1	1	1	1
sunagawa2015	ERR598995_bin.33.s	1	1	1	1	1
sunagawa2015	ERR598995_bin.34.s	1	1	1	1	1
sunagawa2015	ERR598995_bin.35.p	1	1	1	1	1
sunagawa2015	ERR598995_bin.36.s	1	1	1	1	1
sunagawa2015	ERR598995_bin.37.s	1	1	1	1	1
sunagawa2015	ERR598995_bin.38.s	1	1	1	1	1
sunagawa2015	ERR598995_bin.39.p	1	1	1	1	1
sunagawa2015	ERR598995_bin.4.s	1	1	1	1	1
sunagawa2015	ERR598995_bin.40.s	1	1	1	1	1
sunagawa2015	ERR598995_bin.41.p	1	1	1	1	1
sunagawa2015	ERR598995_bin.42.p	1	1	1	1	1
sunagawa2015	ERR598995_bin.43.s	1	1	1	1	1
sunagawa2015	ERR598995_bin.44.s	1	1	1	1	1
sunagawa2015	ERR598995_bin.45.p	1	1	1	1	1
sunagawa2015	ERR598995_bin.46.p	1	1	1	1	1
sunagawa2015	ERR598995_bin.47.s	1	1	1	1	1
sunagawa2015	ERR598995_bin.48.s	1	1	1	1	1
sunagawa2015	ERR598995_bin.49.s	1	1	1	1	1
sunagawa2015	ERR598995_bin.5.s	1	1	1	1	1
sunagawa2015	ERR598995_bin.50.p	1	1	1	1	1
sunagawa2015	ERR598995_bin.51.p	1	1	1	1	1
sunagawa2015	ERR598995_bin.52.p	1	1	1	1	1
sunagawa2015	ERR598995_bin.53.s	1	1	1	1	1
sunagawa2015	ERR598995_bin.54.s	1	1	1	1	1
sunagawa2015	ERR598995_bin.55.s	1	1	1	1	1
sunagawa2015	ERR598995_bin.56.p	1	1	1	1	1
sunagawa2015	ERR598995_bin.57.s	1	1	1	1	1
sunagawa2015	ERR598995_bin.58.s	1	1	1	1	1
sunagawa2015	ERR598995_bin.59.o	1	1	1	1	1
sunagawa2015	ERR598995_bin.6.s	1	1	1	1	1
sunagawa2015	ERR598995_bin.60.p	1	1	1	1	1
sunagawa2015	ERR598995_bin.61.p	1	1	1	1	1
sunagawa2015	ERR598995_bin.7.s	1	1	1	1	1
sunagawa2015	ERR598995_bin.8.p	1	1	1	1	1
sunagawa2015	ERR598995_bin.9.p	1	1	1	1	1
sunagawa2015	ERR598996_bin.1.s	1	1	1	1	1
sunagawa2015	ERR598996_bin.10.s	1	1	1	1	1
sunagawa2015	ERR598996_bin.11.s	1	1	1	1	1
sunagawa2015	ERR598996_bin.12.p	1	1	1	1	1
sunagawa2015	ERR598996_bin.13.o	1	1	1	1	1
sunagawa2015	ERR598996_bin.14.p	1	1	1	1	1
sunagawa2015	ERR598996_bin.15.p	1	1	1	1	1
sunagawa2015	ERR598996_bin.16.s	1	1	1	1	1
sunagawa2015	ERR598996_bin.17.p	1	1	1	1	1
sunagawa2015	ERR598996_bin.18.p	1	1	1	1	1
sunagawa2015	ERR598996_bin.19.s	1	1	1	1	1
sunagawa2015	ERR598996_bin.2.p	1	1	1	1	1
sunagawa2015	ERR598996_bin.20.p	1	1	1	1	1
sunagawa2015	ERR598996_bin.21.p	1	1	1	1	1
sunagawa2015	ERR598996_bin.22.p	1	1	1	1	1
sunagawa2015	ERR598996_bin.23.p	1	1	1	1	1
sunagawa2015	ERR598996_bin.24.s	1	1	1	1	1
sunagawa2015	ERR598996_bin.25.p	1	1	1	1	1
sunagawa2015	ERR598996_bin.26.s	1	1	1	1	1
sunagawa2015	ERR598996_bin.27.p	1	1	1	1	1
sunagawa2015	ERR598996_bin.28.s	1	1	1	1	1
sunagawa2015	ERR598996_bin.29.s	1	1	1	1	1
sunagawa2015	ERR598996_bin.3.p	1	1	1	1	1
sunagawa2015	ERR598996_bin.30.s	1	1	1	1	1
sunagawa2015	ERR598996_bin.31.s	1	1	1	1	1
sunagawa2015	ERR598996_bin.32.p	1	1	1	1	1
sunagawa2015	ERR598996_bin.33.p	1	1	1	1	1
sunagawa2015	ERR598996_bin.34.s	1	1	1	1	1
sunagawa2015	ERR598996_bin.35.p	1	1	1	1	1
sunagawa2015	ERR598996_bin.36.s	1	1	1	1	1
sunagawa2015	ERR598996_bin.37.s	1	1	1	1	1
sunagawa2015	ERR598996_bin.38.s	1	1	1	1	1
sunagawa2015	ERR598996_bin.39.s	1	1	1	1	1
sunagawa2015	ERR598996_bin.4.s	1	1	1	1	1
sunagawa2015	ERR598996_bin.40.s	1	1	1	1	1
sunagawa2015	ERR598996_bin.41.p	1	1	1	1	1
sunagawa2015	ERR598996_bin.42.p	1	1	1	1	1
sunagawa2015	ERR598996_bin.43.s	1	1	1	1	1
sunagawa2015	ERR598996_bin.44.s	1	1	1	1	1
sunagawa2015	ERR598996_bin.45.s	1	1	1	1	1
sunagawa2015	ERR598996_bin.46.p	1	1	1	1	1
sunagawa2015	ERR598996_bin.47.p	1	1	1	1	1
sunagawa2015	ERR598996_bin.48.s	1	1	1	1	1
sunagawa2015	ERR598996_bin.49.o	1	1	1	1	1
sunagawa2015	ERR598996_bin.5.p	1	1	1	1	1
sunagawa2015	ERR598996_bin.50.s	1	1	1	1	1
sunagawa2015	ERR598996_bin.51.s	1	1	1	1	1
sunagawa2015	ERR598996_bin.52.s	1	1	1	1	1
sunagawa2015	ERR598996_bin.53.o	1	1	1	1	1
sunagawa2015	ERR598996_bin.54.p	1	1	1	1	1
sunagawa2015	ERR598996_bin.56.s	1	1	1	1	1
sunagawa2015	ERR598996_bin.57.p	1	1	1	1	1
sunagawa2015	ERR598996_bin.58.p	1	1	1	1	1
sunagawa2015	ERR598996_bin.59.p	1	1	1	1	1
sunagawa2015	ERR598996_bin.6.p	1	1	1	1	1
sunagawa2015	ERR598996_bin.60.s	1	1	1	1	1
sunagawa2015	ERR598996_bin.61.s	1	1	1	1	1
sunagawa2015	ERR598996_bin.62.s	1	1	1	1	1
sunagawa2015	ERR598996_bin.63.s	1	1	1	1	1
sunagawa2015	ERR598996_bin.64.s	1	1	1	1	1
sunagawa2015	ERR598996_bin.65.p	1	1	1	1	1
sunagawa2015	ERR598996_bin.67.s	1	1	1	1	1
sunagawa2015	ERR598996_bin.68.p	1	1	1	1	1
sunagawa2015	ERR598996_bin.69.s	1	1	1	1	1
sunagawa2015	ERR598996_bin.7.o	1	1	1	1	1
sunagawa2015	ERR598996_bin.70.s	1	1	1	1	1
sunagawa2015	ERR598996_bin.71.p	1	1	1	1	1
sunagawa2015	ERR598996_bin.72.s	1	1	1	1	1
sunagawa2015	ERR598996_bin.73.o	1	1	1	1	1
sunagawa2015	ERR598996_bin.74.p	1	1	1	1	1
sunagawa2015	ERR598996_bin.75.s	1	1	1	1	1
sunagawa2015	ERR598996_bin.76.s	1	1	1	1	1
sunagawa2015	ERR598996_bin.77.p	1	1	1	1	1
sunagawa2015	ERR598996_bin.78.s	1	1	1	1	1
sunagawa2015	ERR598996_bin.79.o	1	1	1	1	1
sunagawa2015	ERR598996_bin.8.p	1	1	1	1	1
sunagawa2015	ERR598996_bin.9.s	1	1	1	1	1
sunagawa2015	ERR598997_bin.1.p	1	1	1	1	1
sunagawa2015	ERR598997_bin.10.s	1	1	1	1	1
sunagawa2015	ERR598997_bin.11.s	1	1	1	1	1
sunagawa2015	ERR598997_bin.13.p	1	1	1	1	1
sunagawa2015	ERR598997_bin.14.p	1	1	1	1	1
sunagawa2015	ERR598997_bin.15.p	1	1	1	1	1
sunagawa2015	ERR598997_bin.16.s	1	1	1	1	1
sunagawa2015	ERR598997_bin.17.s	1	1	1	1	1
sunagawa2015	ERR598997_bin.18.p	1	1	1	1	1
sunagawa2015	ERR598997_bin.2.s	1	1	1	1	1
sunagawa2015	ERR598997_bin.3.p	1	1	1	1	1
sunagawa2015	ERR598997_bin.4.p	1	1	1	1	1
sunagawa2015	ERR598997_bin.5.s	1	1	1	1	1
sunagawa2015	ERR598997_bin.6.p	1	1	1	1	1
sunagawa2015	ERR598997_bin.7.p	1	1	1	1	1
sunagawa2015	ERR598997_bin.8.s	1	1	1	1	1
sunagawa2015	ERR598997_bin.9.p	1	1	1	1	1
sunagawa2015	ERR598998_bin.1.s	1	1	1	1	1
sunagawa2015	ERR598998_bin.10.p	1	1	1	1	1
sunagawa2015	ERR598998_bin.11.s	1	1	1	1	1
sunagawa2015	ERR598998_bin.12.p	1	1	1	1	1
sunagawa2015	ERR598998_bin.13.s	1	1	1	1	1
sunagawa2015	ERR598998_bin.14.s	1	1	1	1	1
sunagawa2015	ERR598998_bin.15.s	1	1	1	1	1
sunagawa2015	ERR598998_bin.17.p	1	1	1	1	1
sunagawa2015	ERR598998_bin.18.p	1	1	1	1	1
sunagawa2015	ERR598998_bin.19.s	1	1	1	1	1
sunagawa2015	ERR598998_bin.2.o	1	1	1	1	1
sunagawa2015	ERR598998_bin.21.p	1	1	1	1	1
sunagawa2015	ERR598998_bin.22.s	1	1	1	1	1
sunagawa2015	ERR598998_bin.23.p	1	1	1	1	1
sunagawa2015	ERR598998_bin.24.s	1	1	1	1	1
sunagawa2015	ERR598998_bin.25.p	1	1	1	1	1
sunagawa2015	ERR598998_bin.26.s	1	1	1	1	1
sunagawa2015	ERR598998_bin.27.s	1	1	1	1	1
sunagawa2015	ERR598998_bin.28.s	1	1	1	1	1
sunagawa2015	ERR598998_bin.29.s	1	1	1	1	1
sunagawa2015	ERR598998_bin.3.o	1	1	1	1	1
sunagawa2015	ERR598998_bin.30.s	1	1	1	1	1
sunagawa2015	ERR598998_bin.31.s	1	1	1	1	1
sunagawa2015	ERR598998_bin.4.s	1	1	1	1	1
sunagawa2015	ERR598998_bin.5.s	1	1	1	1	1
sunagawa2015	ERR598998_bin.6.p	1	1	1	1	1
sunagawa2015	ERR598998_bin.7.p	1	1	1	1	1
sunagawa2015	ERR598998_bin.8.s	1	1	1	1	1
sunagawa2015	ERR598998_bin.9.p	1	1	1	1	1
sunagawa2015	ERR598999_bin.1.s	1	1	1	1	1
sunagawa2015	ERR598999_bin.10.p	1	1	1	1	1
sunagawa2015	ERR598999_bin.11.s	1	1	1	1	1
sunagawa2015	ERR598999_bin.12.p	1	1	1	1	1
sunagawa2015	ERR598999_bin.13.p	1	1	1	1	1
sunagawa2015	ERR598999_bin.14.s	1	1	1	1	1
sunagawa2015	ERR598999_bin.15.p	1	1	1	1	1
sunagawa2015	ERR598999_bin.16.s	1	1	1	1	1
sunagawa2015	ERR598999_bin.17.s	1	1	1	1	1
sunagawa2015	ERR598999_bin.18.p	1	1	1	1	1
sunagawa2015	ERR598999_bin.19.s	1	1	1	1	1
sunagawa2015	ERR598999_bin.2.s	1	1	1	1	1
sunagawa2015	ERR598999_bin.20.p	1	1	1	1	1
sunagawa2015	ERR598999_bin.21.p	1	1	1	1	1
sunagawa2015	ERR598999_bin.22.p	1	1	1	1	1
sunagawa2015	ERR598999_bin.23.p	1	1	1	1	1
sunagawa2015	ERR598999_bin.24.s	1	1	1	1	1
sunagawa2015	ERR598999_bin.4.s	1	1	1	1	1
sunagawa2015	ERR598999_bin.5.s	1	1	1	1	1
sunagawa2015	ERR598999_bin.6.o	1	1	1	1	1
sunagawa2015	ERR598999_bin.7.s	1	1	1	1	1
sunagawa2015	ERR598999_bin.8.s	1	1	1	1	1
sunagawa2015	ERR598999_bin.9.p	1	1	1	1	1
sunagawa2015	ERR599000_bin.1.p	1	1	1	1	1
sunagawa2015	ERR599000_bin.10.o	1	1	1	1	1
sunagawa2015	ERR599000_bin.11.s	1	1	1	1	1
sunagawa2015	ERR599000_bin.12.s	1	1	1	1	1
sunagawa2015	ERR599000_bin.13.s	1	1	1	1	1
sunagawa2015	ERR599000_bin.14.p	1	1	1	1	1
sunagawa2015	ERR599000_bin.15.o	1	1	1	1	1
sunagawa2015	ERR599000_bin.16.s	1	1	1	1	1
sunagawa2015	ERR599000_bin.17.p	1	1	1	1	1
sunagawa2015	ERR599000_bin.18.s	1	1	1	1	1
sunagawa2015	ERR599000_bin.2.s	1	1	1	1	1
sunagawa2015	ERR599000_bin.20.p	1	1	1	1	1
sunagawa2015	ERR599000_bin.21.s	1	1	1	1	1
sunagawa2015	ERR599000_bin.24.s	1	1	1	1	1
sunagawa2015	ERR599000_bin.25.s	1	1	1	1	1
sunagawa2015	ERR599000_bin.26.s	1	1	1	1	1
sunagawa2015	ERR599000_bin.27.p	1	1	1	1	1
sunagawa2015	ERR599000_bin.28.p	1	1	1	1	1
sunagawa2015	ERR599000_bin.29.p	1	1	1	1	1
sunagawa2015	ERR599000_bin.3.o	1	1	1	1	1
sunagawa2015	ERR599000_bin.30.p	1	1	1	1	1
sunagawa2015	ERR599000_bin.31.p	1	1	1	1	1
sunagawa2015	ERR599000_bin.32.o	1	1	1	1	1
sunagawa2015	ERR599000_bin.33.p	1	1	1	1	1
sunagawa2015	ERR599000_bin.34.s	1	1	1	1	1
sunagawa2015	ERR599000_bin.35.o	1	1	1	1	1
sunagawa2015	ERR599000_bin.36.s	1	1	1	1	1
sunagawa2015	ERR599000_bin.37.s	1	1	1	1	1
sunagawa2015	ERR599000_bin.38.s	1	1	1	1	1
sunagawa2015	ERR599000_bin.39.s	1	1	1	1	1
sunagawa2015	ERR599000_bin.4.s	1	1	1	1	1
sunagawa2015	ERR599000_bin.41.o	1	1	1	1	1
sunagawa2015	ERR599000_bin.42.p	1	1	1	1	1
sunagawa2015	ERR599000_bin.43.s	1	1	1	1	1
sunagawa2015	ERR599000_bin.45.p	1	1	1	1	1
sunagawa2015	ERR599000_bin.5.p	1	1	1	1	1
sunagawa2015	ERR599000_bin.6.s	1	1	1	1	1
sunagawa2015	ERR599000_bin.7.s	1	1	1	1	1
sunagawa2015	ERR599000_bin.8.o	1	1	1	1	1
sunagawa2015	ERR599000_bin.9.s	1	1	1	1	1
sunagawa2015	ERR599001_bin.1.s	1	1	1	1	1
sunagawa2015	ERR599001_bin.10.s	1	1	1	1	1
sunagawa2015	ERR599001_bin.11.s	1	1	1	1	1
sunagawa2015	ERR599001_bin.12.s	1	1	1	1	1
sunagawa2015	ERR599001_bin.13.s	1	1	1	1	1
sunagawa2015	ERR599001_bin.14.s	1	1	1	1	1
sunagawa2015	ERR599001_bin.15.p	1	1	1	1	1
sunagawa2015	ERR599001_bin.16.s	1	1	1	1	1
sunagawa2015	ERR599001_bin.17.s	1	1	1	1	1
sunagawa2015	ERR599001_bin.18.s	1	1	1	1	1
sunagawa2015	ERR599001_bin.19.s	1	1	1	1	1
sunagawa2015	ERR599001_bin.2.s	1	1	1	1	1
sunagawa2015	ERR599001_bin.20.s	1	1	1	1	1
sunagawa2015	ERR599001_bin.21.p	1	1	1	1	1
sunagawa2015	ERR599001_bin.22.s	1	1	1	1	1
sunagawa2015	ERR599001_bin.23.s	1	1	1	1	1
sunagawa2015	ERR599001_bin.24.p	1	1	1	1	1
sunagawa2015	ERR599001_bin.25.s	1	1	1	1	1
sunagawa2015	ERR599001_bin.26.s	1	1	1	1	1
sunagawa2015	ERR599001_bin.27.p	1	1	1	1	1
sunagawa2015	ERR599001_bin.28.s	1	1	1	1	1
sunagawa2015	ERR599001_bin.29.s	1	1	1	1	1
sunagawa2015	ERR599001_bin.3.p	1	1	1	1	1
sunagawa2015	ERR599001_bin.30.p	1	1	1	1	1
sunagawa2015	ERR599001_bin.31.o	1	1	1	1	1
sunagawa2015	ERR599001_bin.32.p	1	1	1	1	1
sunagawa2015	ERR599001_bin.33.s	1	1	1	1	1
sunagawa2015	ERR599001_bin.34.o	1	1	1	1	1
sunagawa2015	ERR599001_bin.36.p	1	1	1	1	1
sunagawa2015	ERR599001_bin.37.s	1	1	1	1	1
sunagawa2015	ERR599001_bin.38.s	1	1	1	1	1
sunagawa2015	ERR599001_bin.39.s	1	1	1	1	1
sunagawa2015	ERR599001_bin.4.o	1	1	1	1	1
sunagawa2015	ERR599001_bin.40.p	1	1	1	1	1
sunagawa2015	ERR599001_bin.41.s	1	1	1	1	1
sunagawa2015	ERR599001_bin.42.o	1	1	1	1	1
sunagawa2015	ERR599001_bin.43.p	1	1	1	1	1
sunagawa2015	ERR599001_bin.44.s	1	1	1	1	1
sunagawa2015	ERR599001_bin.45.p	1	1	1	1	1
sunagawa2015	ERR599001_bin.46.s	1	1	1	1	1
sunagawa2015	ERR599001_bin.47.s	1	1	1	1	1
sunagawa2015	ERR599001_bin.49.o	1	1	1	1	1
sunagawa2015	ERR599001_bin.5.s	1	1	1	1	1
sunagawa2015	ERR599001_bin.50.p	1	1	1	1	1
sunagawa2015	ERR599001_bin.51.p	1	1	1	1	1
sunagawa2015	ERR599001_bin.52.s	1	1	1	1	1
sunagawa2015	ERR599001_bin.6.s	1	1	1	1	1
sunagawa2015	ERR599001_bin.7.s	1	1	1	1	1
sunagawa2015	ERR599001_bin.8.p	1	1	1	1	1
sunagawa2015	ERR599001_bin.9.s	1	1	1	1	1
sunagawa2015	ERR599002_bin.1.p	1	1	1	1	1
sunagawa2015	ERR599002_bin.10.s	1	1	1	1	1
sunagawa2015	ERR599002_bin.11.s	1	1	1	1	1
sunagawa2015	ERR599002_bin.12.s	1	1	1	1	1
sunagawa2015	ERR599002_bin.13.p	1	1	1	1	1
sunagawa2015	ERR599002_bin.14.s	1	1	1	1	1
sunagawa2015	ERR599002_bin.15.s	1	1	1	1	1
sunagawa2015	ERR599002_bin.16.s	1	1	1	1	1
sunagawa2015	ERR599002_bin.17.o	1	1	1	1	1
sunagawa2015	ERR599002_bin.18.p	1	1	1	1	1
sunagawa2015	ERR599002_bin.2.p	1	1	1	1	1
sunagawa2015	ERR599002_bin.20.s	1	1	1	1	1
sunagawa2015	ERR599002_bin.21.s	1	1	1	1	1
sunagawa2015	ERR599002_bin.22.s	1	1	1	1	1
sunagawa2015	ERR599002_bin.23.s	1	1	1	1	1
sunagawa2015	ERR599002_bin.24.p	1	1	1	1	1
sunagawa2015	ERR599002_bin.25.p	1	1	1	1	1
sunagawa2015	ERR599002_bin.26.s	1	1	1	1	1
sunagawa2015	ERR599002_bin.27.s	1	1	1	1	1
sunagawa2015	ERR599002_bin.28.s	1	1	1	1	1
sunagawa2015	ERR599002_bin.29.p	1	1	1	1	1
sunagawa2015	ERR599002_bin.3.s	1	1	1	1	1
sunagawa2015	ERR599002_bin.30.s	1	1	1	1	1
sunagawa2015	ERR599002_bin.31.p	1	1	1	1	1
sunagawa2015	ERR599002_bin.32.s	1	1	1	1	1
sunagawa2015	ERR599002_bin.33.s	1	1	1	1	1
sunagawa2015	ERR599002_bin.34.p	1	1	1	1	1
sunagawa2015	ERR599002_bin.35.p	1	1	1	1	1
sunagawa2015	ERR599002_bin.36.s	1	1	1	1	1
sunagawa2015	ERR599002_bin.37.p	1	1	1	1	1
sunagawa2015	ERR599002_bin.38.p	1	1	1	1	1
sunagawa2015	ERR599002_bin.39.p	1	1	1	1	1
sunagawa2015	ERR599002_bin.4.s	1	1	1	1	1
sunagawa2015	ERR599002_bin.40.s	1	1	1	1	1
sunagawa2015	ERR599002_bin.41.o	1	1	1	1	1
sunagawa2015	ERR599002_bin.42.s	1	1	1	1	1
sunagawa2015	ERR599002_bin.44.s	1	1	1	1	1
sunagawa2015	ERR599002_bin.45.p	1	1	1	1	1
sunagawa2015	ERR599002_bin.46.s	1	1	1	1	1
sunagawa2015	ERR599002_bin.47.p	1	1	1	1	1
sunagawa2015	ERR599002_bin.48.p	1	1	1	1	1
sunagawa2015	ERR599002_bin.49.s	1	1	1	1	1
sunagawa2015	ERR599002_bin.5.s	1	1	1	1	1
sunagawa2015	ERR599002_bin.50.o	1	1	1	1	1
sunagawa2015	ERR599002_bin.51.p	1	1	1	1	1
sunagawa2015	ERR599002_bin.52.p	1	1	1	1	1
sunagawa2015	ERR599002_bin.6.s	1	1	1	1	1
sunagawa2015	ERR599002_bin.7.s	1	1	1	1	1
sunagawa2015	ERR599002_bin.8.o	1	1	1	1	1
sunagawa2015	ERR599002_bin.9.p	1	1	1	1	1
sunagawa2015	ERR599003_bin.1.s	1	1	1	1	1
sunagawa2015	ERR599003_bin.10.s	1	1	1	1	1
sunagawa2015	ERR599003_bin.11.s	1	1	1	1	1
sunagawa2015	ERR599003_bin.12.s	1	1	1	1	1
sunagawa2015	ERR599003_bin.14.p	1	1	1	1	1
sunagawa2015	ERR599003_bin.15.p	1	1	1	1	1
sunagawa2015	ERR599003_bin.16.s	1	1	1	1	1
sunagawa2015	ERR599003_bin.17.s	1	1	1	1	1
sunagawa2015	ERR599003_bin.18.s	1	1	1	1	1
sunagawa2015	ERR599003_bin.19.p	1	1	1	1	1
sunagawa2015	ERR599003_bin.2.p	1	1	1	1	1
sunagawa2015	ERR599003_bin.20.s	1	1	1	1	1
sunagawa2015	ERR599003_bin.21.s	1	1	1	1	1
sunagawa2015	ERR599003_bin.22.p	1	1	1	1	1
sunagawa2015	ERR599003_bin.23.p	1	1	1	1	1
sunagawa2015	ERR599003_bin.24.p	1	1	1	1	1
sunagawa2015	ERR599003_bin.3.p	1	1	1	1	1
sunagawa2015	ERR599003_bin.4.p	1	1	1	1	1
sunagawa2015	ERR599003_bin.5.p	1	1	1	1	1
sunagawa2015	ERR599003_bin.6.p	1	1	1	1	1
sunagawa2015	ERR599003_bin.7.p	1	1	1	1	1
sunagawa2015	ERR599003_bin.8.o	1	1	1	1	1
sunagawa2015	ERR599003_bin.9.s	1	1	1	1	1
sunagawa2015	ERR599004_bin.1.o	1	1	1	1	1
sunagawa2015	ERR599004_bin.10.s	1	1	1	1	1
sunagawa2015	ERR599004_bin.11.s	1	1	1	1	1
sunagawa2015	ERR599004_bin.13.s	1	1	1	1	1
sunagawa2015	ERR599004_bin.14.s	1	1	1	1	1
sunagawa2015	ERR599004_bin.16.p	1	1	1	1	1
sunagawa2015	ERR599004_bin.17.p	1	1	1	1	1
sunagawa2015	ERR599004_bin.18.p	1	1	1	1	1
sunagawa2015	ERR599004_bin.19.s	1	1	1	1	1
sunagawa2015	ERR599004_bin.2.s	1	1	1	1	1
sunagawa2015	ERR599004_bin.20.s	1	1	1	1	1
sunagawa2015	ERR599004_bin.21.o	1	1	1	1	1
sunagawa2015	ERR599004_bin.22.p	1	1	1	1	1
sunagawa2015	ERR599004_bin.23.s	1	1	1	1	1
sunagawa2015	ERR599004_bin.24.p	1	1	1	1	1
sunagawa2015	ERR599004_bin.25.p	1	1	1	1	1
sunagawa2015	ERR599004_bin.26.s	1	1	1	1	1
sunagawa2015	ERR599004_bin.27.s	1	1	1	1	1
sunagawa2015	ERR599004_bin.28.s	1	1	1	1	1
sunagawa2015	ERR599004_bin.3.p	1	1	1	1	1
sunagawa2015	ERR599004_bin.4.s	1	1	1	1	1
sunagawa2015	ERR599004_bin.5.s	1	1	1	1	1
sunagawa2015	ERR599004_bin.6.s	1	1	1	1	1
sunagawa2015	ERR599004_bin.7.s	1	1	1	1	1
sunagawa2015	ERR599004_bin.8.p	1	1	1	1	1
sunagawa2015	ERR599004_bin.9.p	1	1	1	1	1
sunagawa2015	ERR599005_bin.1.s	1	1	1	1	1
sunagawa2015	ERR599005_bin.10.s	1	1	1	1	1
sunagawa2015	ERR599005_bin.11.s	1	1	1	1	1
sunagawa2015	ERR599005_bin.12.p	1	1	1	1	1
sunagawa2015	ERR599005_bin.13.s	1	1	1	1	1
sunagawa2015	ERR599005_bin.14.s	1	1	1	1	1
sunagawa2015	ERR599005_bin.15.s	1	1	1	1	1
sunagawa2015	ERR599005_bin.16.p	1	1	1	1	1
sunagawa2015	ERR599005_bin.17.s	1	1	1	1	1
sunagawa2015	ERR599005_bin.18.p	1	1	1	1	1
sunagawa2015	ERR599005_bin.19.p	1	1	1	1	1
sunagawa2015	ERR599005_bin.2.s	1	1	1	1	1
sunagawa2015	ERR599005_bin.20.p	1	1	1	1	1
sunagawa2015	ERR599005_bin.22.p	1	1	1	1	1
sunagawa2015	ERR599005_bin.23.o	1	1	1	1	1
sunagawa2015	ERR599005_bin.24.p	1	1	1	1	1
sunagawa2015	ERR599005_bin.25.s	1	1	1	1	1
sunagawa2015	ERR599005_bin.26.p	1	1	1	1	1
sunagawa2015	ERR599005_bin.27.s	1	1	1	1	1
sunagawa2015	ERR599005_bin.28.p	1	1	1	1	1
sunagawa2015	ERR599005_bin.29.p	1	1	1	1	1
sunagawa2015	ERR599005_bin.3.o	1	1	1	1	1
sunagawa2015	ERR599005_bin.30.p	1	1	1	1	1
sunagawa2015	ERR599005_bin.31.p	1	1	1	1	1
sunagawa2015	ERR599005_bin.32.p	1	1	1	1	1
sunagawa2015	ERR599005_bin.33.s	1	1	1	1	1
sunagawa2015	ERR599005_bin.34.p	1	1	1	1	1
sunagawa2015	ERR599005_bin.35.p	1	1	1	1	1
sunagawa2015	ERR599005_bin.36.p	1	1	1	1	1
sunagawa2015	ERR599005_bin.37.p	1	1	1	1	1
sunagawa2015	ERR599005_bin.38.s	1	1	1	1	1
sunagawa2015	ERR599005_bin.39.s	1	1	1	1	1
sunagawa2015	ERR599005_bin.4.p	1	1	1	1	1
sunagawa2015	ERR599005_bin.5.p	1	1	1	1	1
sunagawa2015	ERR599005_bin.6.s	1	1	1	1	1
sunagawa2015	ERR599005_bin.7.p	1	1	1	1	1
sunagawa2015	ERR599005_bin.8.p	1	1	1	1	1
sunagawa2015	ERR599006_bin.1.s	1	1	1	1	1
sunagawa2015	ERR599006_bin.10.p	1	1	1	1	1
sunagawa2015	ERR599006_bin.11.s	1	1	1	1	1
sunagawa2015	ERR599006_bin.12.s	1	1	1	1	1
sunagawa2015	ERR599006_bin.13.s	1	1	1	1	1
sunagawa2015	ERR599006_bin.14.p	1	1	1	1	1
sunagawa2015	ERR599006_bin.15.s	1	1	1	1	1
sunagawa2015	ERR599006_bin.16.s	1	1	1	1	1
sunagawa2015	ERR599006_bin.17.p	1	1	1	1	1
sunagawa2015	ERR599006_bin.18.s	1	1	1	1	1
sunagawa2015	ERR599006_bin.19.p	1	1	1	1	1
sunagawa2015	ERR599006_bin.2.s	1	1	1	1	1
sunagawa2015	ERR599006_bin.20.o	1	1	1	1	1
sunagawa2015	ERR599006_bin.21.o	1	1	1	1	1
sunagawa2015	ERR599006_bin.22.s	1	1	1	1	1
sunagawa2015	ERR599006_bin.23.p	1	1	1	1	1
sunagawa2015	ERR599006_bin.24.p	1	1	1	1	1
sunagawa2015	ERR599006_bin.25.o	1	1	1	1	1
sunagawa2015	ERR599006_bin.26.p	1	1	1	1	1
sunagawa2015	ERR599006_bin.27.s	1	1	1	1	1
sunagawa2015	ERR599006_bin.28.p	1	1	1	1	1
sunagawa2015	ERR599006_bin.29.s	1	1	1	1	1
sunagawa2015	ERR599006_bin.3.s	1	1	1	1	1
sunagawa2015	ERR599006_bin.30.o	1	1	1	1	1
sunagawa2015	ERR599006_bin.31.p	1	1	1	1	1
sunagawa2015	ERR599006_bin.32.s	1	1	1	1	1
sunagawa2015	ERR599006_bin.4.s	1	1	1	1	1
sunagawa2015	ERR599006_bin.5.o	1	1	1	1	1
sunagawa2015	ERR599006_bin.6.p	1	1	1	1	1
sunagawa2015	ERR599006_bin.7.s	1	1	1	1	1
sunagawa2015	ERR599006_bin.8.p	1	1	1	1	1
sunagawa2015	ERR599006_bin.9.s	1	1	1	1	1
sunagawa2015	ERR599007_bin.1.s	1	1	1	1	1
sunagawa2015	ERR599007_bin.10.p	1	1	1	1	1
sunagawa2015	ERR599007_bin.11.p	1	1	1	1	1
sunagawa2015	ERR599007_bin.12.s	1	1	1	1	1
sunagawa2015	ERR599007_bin.13.s	1	1	1	1	1
sunagawa2015	ERR599007_bin.14.s	1	1	1	1	1
sunagawa2015	ERR599007_bin.15.s	1	1	1	1	1
sunagawa2015	ERR599007_bin.16.p	1	1	1	1	1
sunagawa2015	ERR599007_bin.17.s	1	1	1	1	1
sunagawa2015	ERR599007_bin.18.s	1	1	1	1	1
sunagawa2015	ERR599007_bin.19.s	1	1	1	1	1
sunagawa2015	ERR599007_bin.2.s	1	1	1	1	1
sunagawa2015	ERR599007_bin.20.s	1	1	1	1	1
sunagawa2015	ERR599007_bin.21.s	1	1	1	1	1
sunagawa2015	ERR599007_bin.22.s	1	1	1	1	1
sunagawa2015	ERR599007_bin.23.s	1	1	1	1	1
sunagawa2015	ERR599007_bin.24.s	1	1	1	1	1
sunagawa2015	ERR599007_bin.25.s	1	1	1	1	1
sunagawa2015	ERR599007_bin.26.s	1	1	1	1	1
sunagawa2015	ERR599007_bin.27.p	1	1	1	1	1
sunagawa2015	ERR599007_bin.28.s	1	1	1	1	1
sunagawa2015	ERR599007_bin.29.s	1	1	1	1	1
sunagawa2015	ERR599007_bin.3.s	1	1	1	1	1
sunagawa2015	ERR599007_bin.30.p	1	1	1	1	1
sunagawa2015	ERR599007_bin.31.o	1	1	1	1	1
sunagawa2015	ERR599007_bin.32.s	1	1	1	1	1
sunagawa2015	ERR599007_bin.33.s	1	1	1	1	1
sunagawa2015	ERR599007_bin.34.p	1	1	1	1	1
sunagawa2015	ERR599007_bin.35.s	1	1	1	1	1
sunagawa2015	ERR599007_bin.36.p	1	1	1	1	1
sunagawa2015	ERR599007_bin.37.s	1	1	1	1	1
sunagawa2015	ERR599007_bin.38.s	1	1	1	1	1
sunagawa2015	ERR599007_bin.39.p	1	1	1	1	1
sunagawa2015	ERR599007_bin.4.s	1	1	1	1	1
sunagawa2015	ERR599007_bin.40.p	1	1	1	1	1
sunagawa2015	ERR599007_bin.41.s	1	1	1	1	1
sunagawa2015	ERR599007_bin.42.s	1	1	1	1	1
sunagawa2015	ERR599007_bin.43.s	1	1	1	1	1
sunagawa2015	ERR599007_bin.44.p	1	1	1	1	1
sunagawa2015	ERR599007_bin.45.p	1	1	1	1	1
sunagawa2015	ERR599007_bin.46.p	1	1	1	1	1
sunagawa2015	ERR599007_bin.47.s	1	1	1	1	1
sunagawa2015	ERR599007_bin.48.s	1	1	1	1	1
sunagawa2015	ERR599007_bin.49.s	1	1	1	1	1
sunagawa2015	ERR599007_bin.5.s	1	1	1	1	1
sunagawa2015	ERR599007_bin.50.p	1	1	1	1	1
sunagawa2015	ERR599007_bin.51.s	1	1	1	1	1
sunagawa2015	ERR599007_bin.52.s	1	1	1	1	1
sunagawa2015	ERR599007_bin.53.p	1	1	1	1	1
sunagawa2015	ERR599007_bin.54.s	1	1	1	1	1
sunagawa2015	ERR599007_bin.56.s	1	1	1	1	1
sunagawa2015	ERR599007_bin.6.p	1	1	1	1	1
sunagawa2015	ERR599007_bin.7.p	1	1	1	1	1
sunagawa2015	ERR599007_bin.8.p	1	1	1	1	1
sunagawa2015	ERR599007_bin.9.p	1	1	1	1	1
sunagawa2015	ERR599008_bin.1.s	1	1	1	1	1
sunagawa2015	ERR599008_bin.10.p	1	1	1	1	1
sunagawa2015	ERR599008_bin.11.o	1	1	1	1	1
sunagawa2015	ERR599008_bin.12.p	1	1	1	1	1
sunagawa2015	ERR599008_bin.13.s	1	1	1	1	1
sunagawa2015	ERR599008_bin.14.s	1	1	1	1	1
sunagawa2015	ERR599008_bin.15.s	1	1	1	1	1
sunagawa2015	ERR599008_bin.16.p	1	1	1	1	1
sunagawa2015	ERR599008_bin.17.s	1	1	1	1	1
sunagawa2015	ERR599008_bin.18.p	1	1	1	1	1
sunagawa2015	ERR599008_bin.19.p	1	1	1	1	1
sunagawa2015	ERR599008_bin.2.s	1	1	1	1	1
sunagawa2015	ERR599008_bin.20.o	1	1	1	1	1
sunagawa2015	ERR599008_bin.21.s	1	1	1	1	1
sunagawa2015	ERR599008_bin.23.p	1	1	1	1	1
sunagawa2015	ERR599008_bin.24.p	1	1	1	1	1
sunagawa2015	ERR599008_bin.25.s	1	1	1	1	1
sunagawa2015	ERR599008_bin.26.s	1	1	1	1	1
sunagawa2015	ERR599008_bin.27.s	1	1	1	1	1
sunagawa2015	ERR599008_bin.28.s	1	1	1	1	1
sunagawa2015	ERR599008_bin.29.s	1	1	1	1	1
sunagawa2015	ERR599008_bin.3.p	1	1	1	1	1
sunagawa2015	ERR599008_bin.30.s	1	1	1	1	1
sunagawa2015	ERR599008_bin.31.s	1	1	1	1	1
sunagawa2015	ERR599008_bin.32.o	1	1	1	1	1
sunagawa2015	ERR599008_bin.33.p	1	1	1	1	1
sunagawa2015	ERR599008_bin.34.s	1	1	1	1	1
sunagawa2015	ERR599008_bin.35.s	1	1	1	1	1
sunagawa2015	ERR599008_bin.36.s	1	1	1	1	1
sunagawa2015	ERR599008_bin.37.p	1	1	1	1	1
sunagawa2015	ERR599008_bin.38.s	1	1	1	1	1
sunagawa2015	ERR599008_bin.39.s	1	1	1	1	1
sunagawa2015	ERR599008_bin.4.o	1	1	1	1	1
sunagawa2015	ERR599008_bin.40.o	1	1	1	1	1
sunagawa2015	ERR599008_bin.41.s	1	1	1	1	1
sunagawa2015	ERR599008_bin.42.s	1	1	1	1	1
sunagawa2015	ERR599008_bin.43.s	1	1	1	1	1
sunagawa2015	ERR599008_bin.44.s	1	1	1	1	1
sunagawa2015	ERR599008_bin.45.s	1	1	1	1	1
sunagawa2015	ERR599008_bin.46.s	1	1	1	1	1
sunagawa2015	ERR599008_bin.47.s	1	1	1	1	1
sunagawa2015	ERR599008_bin.48.p	1	1	1	1	1
sunagawa2015	ERR599008_bin.49.s	1	1	1	1	1
sunagawa2015	ERR599008_bin.5.p	1	1	1	1	1
sunagawa2015	ERR599008_bin.50.p	1	1	1	1	1
sunagawa2015	ERR599008_bin.51.p	1	1	1	1	1
sunagawa2015	ERR599008_bin.52.s	1	1	1	1	1
sunagawa2015	ERR599008_bin.53.o	1	1	1	1	1
sunagawa2015	ERR599008_bin.55.s	1	1	1	1	1
sunagawa2015	ERR599008_bin.56.s	1	1	1	1	1
sunagawa2015	ERR599008_bin.57.o	1	1	1	1	1
sunagawa2015	ERR599008_bin.58.s	1	1	1	1	1
sunagawa2015	ERR599008_bin.59.s	1	1	1	1	1
sunagawa2015	ERR599008_bin.6.p	1	1	1	1	1
sunagawa2015	ERR599008_bin.60.s	1	1	1	1	1
sunagawa2015	ERR599008_bin.61.s	1	1	1	1	1
sunagawa2015	ERR599008_bin.62.s	1	1	1	1	1
sunagawa2015	ERR599008_bin.7.s	1	1	1	1	1
sunagawa2015	ERR599008_bin.8.s	1	1	1	1	1
sunagawa2015	ERR599008_bin.9.p	1	1	1	1	1
sunagawa2015	ERR599009_bin.1.o	1	1	1	1	1
sunagawa2015	ERR599009_bin.10.s	1	1	1	1	1
sunagawa2015	ERR599009_bin.11.p	1	1	1	1	1
sunagawa2015	ERR599009_bin.12.p	1	1	1	1	1
sunagawa2015	ERR599009_bin.13.p	1	1	1	1	1
sunagawa2015	ERR599009_bin.14.s	1	1	1	1	1
sunagawa2015	ERR599009_bin.15.s	1	1	1	1	1
sunagawa2015	ERR599009_bin.16.s	1	1	1	1	1
sunagawa2015	ERR599009_bin.17.p	1	1	1	1	1
sunagawa2015	ERR599009_bin.2.p	1	1	1	1	1
sunagawa2015	ERR599009_bin.3.p	1	1	1	1	1
sunagawa2015	ERR599009_bin.4.p	1	1	1	1	1
sunagawa2015	ERR599009_bin.5.s	1	1	1	1	1
sunagawa2015	ERR599009_bin.6.s	1	1	1	1	1
sunagawa2015	ERR599009_bin.7.p	1	1	1	1	1
sunagawa2015	ERR599009_bin.8.p	1	1	1	1	1
sunagawa2015	ERR599009_bin.9.s	1	1	1	1	1
sunagawa2015	ERR599010_bin.1.p	1	1	1	1	1
sunagawa2015	ERR599010_bin.2.p	1	1	1	1	1
sunagawa2015	ERR599010_bin.3.p	1	1	1	1	1
sunagawa2015	ERR599010_bin.4.p	0	1	1	1	1
sunagawa2015	ERR599011_bin.1.p	1	1	1	1	1
sunagawa2015	ERR599011_bin.10.p	1	1	1	1	1
sunagawa2015	ERR599011_bin.11.o	1	1	1	1	1
sunagawa2015	ERR599011_bin.2.s	1	1	1	1	1
sunagawa2015	ERR599011_bin.3.p	1	1	1	1	1
sunagawa2015	ERR599011_bin.4.p	1	1	1	1	1
sunagawa2015	ERR599011_bin.6.p	1	1	1	1	1
sunagawa2015	ERR599011_bin.7.o	1	1	1	1	1
sunagawa2015	ERR599011_bin.8.s	1	1	1	1	1
sunagawa2015	ERR599011_bin.9.p	1	1	1	1	1
sunagawa2015	ERR599012_bin.1.p	1	1	1	1	1
sunagawa2015	ERR599012_bin.10.s	1	1	1	1	1
sunagawa2015	ERR599012_bin.11.p	1	1	1	1	1
sunagawa2015	ERR599012_bin.12.s	1	1	1	1	1
sunagawa2015	ERR599012_bin.13.o	1	1	1	1	1
sunagawa2015	ERR599012_bin.14.s	1	1	1	1	1
sunagawa2015	ERR599012_bin.15.s	1	1	1	1	1
sunagawa2015	ERR599012_bin.16.p	1	1	1	1	1
sunagawa2015	ERR599012_bin.17.o	1	1	1	1	1
sunagawa2015	ERR599012_bin.18.o	1	1	1	1	1
sunagawa2015	ERR599012_bin.19.s	1	1	1	1	1
sunagawa2015	ERR599012_bin.2.p	1	1	1	1	1
sunagawa2015	ERR599012_bin.20.p	1	1	1	1	1
sunagawa2015	ERR599012_bin.22.p	1	1	1	1	1
sunagawa2015	ERR599012_bin.23.o	1	1	1	1	1
sunagawa2015	ERR599012_bin.24.s	1	1	1	1	1
sunagawa2015	ERR599012_bin.25.o	1	1	1	1	1
sunagawa2015	ERR599012_bin.26.s	1	1	1	1	1
sunagawa2015	ERR599012_bin.27.p	1	1	1	1	1
sunagawa2015	ERR599012_bin.28.s	1	1	1	1	1
sunagawa2015	ERR599012_bin.29.p	1	1	1	1	1
sunagawa2015	ERR599012_bin.3.s	1	1	1	1	1
sunagawa2015	ERR599012_bin.30.s	1	1	1	1	1
sunagawa2015	ERR599012_bin.31.p	1	1	1	1	1
sunagawa2015	ERR599012_bin.32.p	1	1	1	1	1
sunagawa2015	ERR599012_bin.33.s	1	1	1	1	1
sunagawa2015	ERR599012_bin.34.p	1	1	1	1	1
sunagawa2015	ERR599012_bin.35.s	1	1	1	1	1
sunagawa2015	ERR599012_bin.36.p	1	1	1	1	1
sunagawa2015	ERR599012_bin.38.p	1	1	1	1	1
sunagawa2015	ERR599012_bin.39.s	1	1	1	1	1
sunagawa2015	ERR599012_bin.4.o	1	1	1	1	1
sunagawa2015	ERR599012_bin.40.p	1	1	1	1	1
sunagawa2015	ERR599012_bin.41.p	1	1	1	1	1
sunagawa2015	ERR599012_bin.42.s	1	1	1	1	1
sunagawa2015	ERR599012_bin.43.s	1	1	1	1	1
sunagawa2015	ERR599012_bin.44.p	1	1	1	1	1
sunagawa2015	ERR599012_bin.45.p	1	1	1	1	1
sunagawa2015	ERR599012_bin.47.p	1	1	1	1	1
sunagawa2015	ERR599012_bin.48.p	1	1	1	1	1
sunagawa2015	ERR599012_bin.49.p	1	1	1	1	1
sunagawa2015	ERR599012_bin.5.p	1	1	1	1	1
sunagawa2015	ERR599012_bin.50.p	1	1	1	1	1
sunagawa2015	ERR599012_bin.51.s	1	1	1	1	1
sunagawa2015	ERR599012_bin.52.s	1	1	1	1	1
sunagawa2015	ERR599012_bin.53.p	1	1	1	1	1
sunagawa2015	ERR599012_bin.54.s	1	1	1	1	1
sunagawa2015	ERR599012_bin.55.s	1	1	1	1	1
sunagawa2015	ERR599012_bin.56.s	1	1	1	1	1
sunagawa2015	ERR599012_bin.57.p	1	1	1	1	1
sunagawa2015	ERR599012_bin.58.s	1	1	1	1	1
sunagawa2015	ERR599012_bin.59.s	1	1	1	1	1
sunagawa2015	ERR599012_bin.6.p	1	1	1	1	1
sunagawa2015	ERR599012_bin.7.s	1	1	1	1	1
sunagawa2015	ERR599012_bin.8.s	1	1	1	1	1
sunagawa2015	ERR599012_bin.9.s	1	1	1	1	1
sunagawa2015	ERR599013_bin.1.p	1	1	1	1	1
sunagawa2015	ERR599013_bin.10.s	1	1	1	1	1
sunagawa2015	ERR599013_bin.11.s	1	1	1	1	1
sunagawa2015	ERR599013_bin.12.p	1	1	1	1	1
sunagawa2015	ERR599013_bin.13.p	1	1	1	1	1
sunagawa2015	ERR599013_bin.14.p	1	1	1	1	1
sunagawa2015	ERR599013_bin.15.p	1	1	1	1	1
sunagawa2015	ERR599013_bin.16.p	1	1	1	1	1
sunagawa2015	ERR599013_bin.17.p	1	1	1	1	1
sunagawa2015	ERR599013_bin.18.s	1	1	1	1	1
sunagawa2015	ERR599013_bin.19.p	1	1	1	1	1
sunagawa2015	ERR599013_bin.2.o	1	1	1	1	1
sunagawa2015	ERR599013_bin.20.s	1	1	1	1	1
sunagawa2015	ERR599013_bin.3.o	1	1	1	1	1
sunagawa2015	ERR599013_bin.4.p	1	1	1	1	1
sunagawa2015	ERR599013_bin.5.s	1	1	1	1	1
sunagawa2015	ERR599013_bin.6.s	1	1	1	1	1
sunagawa2015	ERR599013_bin.7.s	1	1	1	1	1
sunagawa2015	ERR599013_bin.8.p	1	1	1	1	1
sunagawa2015	ERR599013_bin.9.p	1	1	1	1	1
sunagawa2015	ERR599014_bin.1.p	1	1	1	1	1
sunagawa2015	ERR599014_bin.10.p	1	1	1	1	1
sunagawa2015	ERR599014_bin.11.p	1	1	1	1	1
sunagawa2015	ERR599014_bin.12.s	1	1	1	1	1
sunagawa2015	ERR599014_bin.13.s	1	1	1	1	1
sunagawa2015	ERR599014_bin.14.s	1	1	1	1	1
sunagawa2015	ERR599014_bin.15.s	1	1	1	1	1
sunagawa2015	ERR599014_bin.16.o	1	1	1	1	1
sunagawa2015	ERR599014_bin.17.o	1	1	1	1	1
sunagawa2015	ERR599014_bin.18.p	1	1	1	1	1
sunagawa2015	ERR599014_bin.19.s	1	1	1	1	1
sunagawa2015	ERR599014_bin.2.s	1	1	1	1	1
sunagawa2015	ERR599014_bin.20.p	1	1	1	1	1
sunagawa2015	ERR599014_bin.21.p	1	1	1	1	1
sunagawa2015	ERR599014_bin.22.s	1	1	1	1	1
sunagawa2015	ERR599014_bin.23.p	1	1	1	1	1
sunagawa2015	ERR599014_bin.24.s	1	1	1	1	1
sunagawa2015	ERR599014_bin.25.s	1	1	1	1	1
sunagawa2015	ERR599014_bin.26.s	1	1	1	1	1
sunagawa2015	ERR599014_bin.27.p	1	1	1	1	1
sunagawa2015	ERR599014_bin.28.p	1	1	1	1	1
sunagawa2015	ERR599014_bin.29.s	1	1	1	1	1
sunagawa2015	ERR599014_bin.3.p	1	1	1	1	1
sunagawa2015	ERR599014_bin.30.p	1	1	1	1	1
sunagawa2015	ERR599014_bin.31.p	1	1	1	1	1
sunagawa2015	ERR599014_bin.32.p	1	1	1	1	1
sunagawa2015	ERR599014_bin.33.p	1	1	1	1	1
sunagawa2015	ERR599014_bin.34.s	1	1	1	1	1
sunagawa2015	ERR599014_bin.35.p	1	1	1	1	1
sunagawa2015	ERR599014_bin.36.s	1	1	1	1	1
sunagawa2015	ERR599014_bin.37.s	1	1	1	1	1
sunagawa2015	ERR599014_bin.38.p	1	1	1	1	1
sunagawa2015	ERR599014_bin.39.o	1	1	1	1	1
sunagawa2015	ERR599014_bin.4.p	1	1	1	1	1
sunagawa2015	ERR599014_bin.40.p	1	1	1	1	1
sunagawa2015	ERR599014_bin.41.p	1	1	1	1	1
sunagawa2015	ERR599014_bin.42.p	1	1	1	1	1
sunagawa2015	ERR599014_bin.43.s	1	1	1	1	1
sunagawa2015	ERR599014_bin.44.p	1	1	1	1	1
sunagawa2015	ERR599014_bin.46.p	1	1	1	1	1
sunagawa2015	ERR599014_bin.47.s	1	1	1	1	1
sunagawa2015	ERR599014_bin.48.o	1	1	1	1	1
sunagawa2015	ERR599014_bin.49.p	1	1	1	1	1
sunagawa2015	ERR599014_bin.5.p	1	1	1	1	1
sunagawa2015	ERR599014_bin.50.s	1	1	1	1	1
sunagawa2015	ERR599014_bin.51.p	1	1	1	1	1
sunagawa2015	ERR599014_bin.52.p	1	1	1	1	1
sunagawa2015	ERR599014_bin.53.p	1	1	1	1	1
sunagawa2015	ERR599014_bin.54.s	1	1	1	1	1
sunagawa2015	ERR599014_bin.55.p	1	1	1	1	1
sunagawa2015	ERR599014_bin.56.p	1	1	1	1	1
sunagawa2015	ERR599014_bin.57.p	1	1	1	1	1
sunagawa2015	ERR599014_bin.58.p	1	1	1	1	1
sunagawa2015	ERR599014_bin.59.o	1	1	1	1	1
sunagawa2015	ERR599014_bin.6.p	1	1	1	1	1
sunagawa2015	ERR599014_bin.60.p	1	1	1	1	1
sunagawa2015	ERR599014_bin.61.p	1	1	1	1	1
sunagawa2015	ERR599014_bin.62.s	1	1	1	1	1
sunagawa2015	ERR599014_bin.63.p	1	1	1	1	1
sunagawa2015	ERR599014_bin.64.p	1	1	1	1	1
sunagawa2015	ERR599014_bin.65.p	1	1	1	1	1
sunagawa2015	ERR599014_bin.66.p	1	1	1	1	1
sunagawa2015	ERR599014_bin.7.s	1	1	1	1	1
sunagawa2015	ERR599014_bin.8.p	1	1	1	1	1
sunagawa2015	ERR599014_bin.9.s	1	1	1	1	1
sunagawa2015	ERR599015_bin.10.o	1	1	1	1	1
sunagawa2015	ERR599015_bin.11.p	1	1	1	1	1
sunagawa2015	ERR599015_bin.12.s	1	1	1	1	1
sunagawa2015	ERR599015_bin.13.s	1	1	1	1	1
sunagawa2015	ERR599015_bin.14.o	1	1	1	1	1
sunagawa2015	ERR599015_bin.15.p	1	1	1	1	1
sunagawa2015	ERR599015_bin.16.p	1	1	1	1	1
sunagawa2015	ERR599015_bin.17.p	1	1	1	1	1
sunagawa2015	ERR599015_bin.18.p	1	1	1	1	1
sunagawa2015	ERR599015_bin.19.p	1	1	1	1	1
sunagawa2015	ERR599015_bin.2.s	1	1	1	1	1
sunagawa2015	ERR599015_bin.20.s	1	1	1	1	1
sunagawa2015	ERR599015_bin.21.p	1	1	1	1	1
sunagawa2015	ERR599015_bin.22.s	1	1	1	1	1
sunagawa2015	ERR599015_bin.23.p	1	1	1	1	1
sunagawa2015	ERR599015_bin.24.s	1	1	1	1	1
sunagawa2015	ERR599015_bin.25.p	1	1	1	1	1
sunagawa2015	ERR599015_bin.26.s	1	1	1	1	1
sunagawa2015	ERR599015_bin.27.o	1	1	1	1	1
sunagawa2015	ERR599015_bin.28.p	1	1	1	1	1
sunagawa2015	ERR599015_bin.29.s	1	1	1	1	1
sunagawa2015	ERR599015_bin.3.s	1	1	1	1	1
sunagawa2015	ERR599015_bin.30.s	1	1	1	1	1
sunagawa2015	ERR599015_bin.31.s	1	1	1	1	1
sunagawa2015	ERR599015_bin.32.p	1	1	1	1	1
sunagawa2015	ERR599015_bin.4.s	1	1	1	1	1
sunagawa2015	ERR599015_bin.5.s	1	1	1	1	1
sunagawa2015	ERR599015_bin.6.s	1	1	1	1	1
sunagawa2015	ERR599015_bin.7.s	1	1	1	1	1
sunagawa2015	ERR599015_bin.9.s	1	1	1	1	1
sunagawa2015	ERR599016_bin.1.p	1	1	1	1	1
sunagawa2015	ERR599016_bin.10.p	1	1	1	1	1
sunagawa2015	ERR599016_bin.11.s	1	1	1	1	1
sunagawa2015	ERR599016_bin.2.p	1	1	1	1	1
sunagawa2015	ERR599016_bin.3.s	1	1	1	1	1
sunagawa2015	ERR599016_bin.4.s	1	1	1	1	1
sunagawa2015	ERR599016_bin.5.o	1	1	1	1	1
sunagawa2015	ERR599016_bin.6.s	1	1	1	1	1
sunagawa2015	ERR599016_bin.7.p	1	1	1	1	1
sunagawa2015	ERR599016_bin.8.s	1	1	1	1	1
sunagawa2015	ERR599016_bin.9.p	1	1	1	1	1
sunagawa2015	ERR599017_bin.1.s	1	1	1	1	1
sunagawa2015	ERR599017_bin.10.s	1	1	1	1	1
sunagawa2015	ERR599017_bin.11.s	1	1	1	1	1
sunagawa2015	ERR599017_bin.12.s	1	1	1	1	1
sunagawa2015	ERR599017_bin.13.p	1	1	1	1	1
sunagawa2015	ERR599017_bin.14.s	1	1	1	1	1
sunagawa2015	ERR599017_bin.15.p	1	1	1	1	1
sunagawa2015	ERR599017_bin.16.s	1	1	1	1	1
sunagawa2015	ERR599017_bin.17.p	1	1	1	1	1
sunagawa2015	ERR599017_bin.18.s	1	1	1	1	1
sunagawa2015	ERR599017_bin.19.s	1	1	1	1	1
sunagawa2015	ERR599017_bin.2.p	1	1	1	1	1
sunagawa2015	ERR599017_bin.20.s	1	1	1	1	1
sunagawa2015	ERR599017_bin.21.p	1	1	1	1	1
sunagawa2015	ERR599017_bin.23.s	1	1	1	1	1
sunagawa2015	ERR599017_bin.24.p	1	1	1	1	1
sunagawa2015	ERR599017_bin.25.p	1	1	1	1	1
sunagawa2015	ERR599017_bin.26.s	1	1	1	1	1
sunagawa2015	ERR599017_bin.3.p	1	1	1	1	1
sunagawa2015	ERR599017_bin.4.p	1	1	1	1	1
sunagawa2015	ERR599017_bin.5.p	1	1	1	1	1
sunagawa2015	ERR599017_bin.6.s	1	1	1	1	1
sunagawa2015	ERR599017_bin.7.p	1	1	1	1	1
sunagawa2015	ERR599017_bin.8.p	1	1	1	1	1
sunagawa2015	ERR599017_bin.9.p	1	1	1	1	1
sunagawa2015	ERR599018_bin.1.p	1	1	1	1	1
sunagawa2015	ERR599018_bin.2.p	1	1	1	1	1
sunagawa2015	ERR599018_bin.3.s	1	1	1	1	1
sunagawa2015	ERR599018_bin.4.p	1	1	1	1	1
sunagawa2015	ERR599018_bin.5.p	1	1	1	1	1
sunagawa2015	ERR599018_bin.6.p	1	1	1	1	1
sunagawa2015	ERR599018_bin.7.p	1	1	1	1	1
sunagawa2015	ERR599018_bin.8.s	1	1	1	1	1
sunagawa2015	ERR599019_bin.1.p	1	1	1	1	1
sunagawa2015	ERR599019_bin.10.p	1	1	1	1	1
sunagawa2015	ERR599019_bin.11.o	1	1	1	1	1
sunagawa2015	ERR599019_bin.12.o	1	1	1	1	1
sunagawa2015	ERR599019_bin.13.s	1	1	1	1	1
sunagawa2015	ERR599019_bin.15.s	1	1	1	1	1
sunagawa2015	ERR599019_bin.2.p	1	1	1	1	1
sunagawa2015	ERR599019_bin.3.p	1	1	1	1	1
sunagawa2015	ERR599019_bin.4.s	1	1	1	1	1
sunagawa2015	ERR599019_bin.5.p	1	1	1	1	1
sunagawa2015	ERR599019_bin.6.p	1	1	1	1	1
sunagawa2015	ERR599019_bin.7.p	1	1	1	1	1
sunagawa2015	ERR599019_bin.8.p	1	1	1	1	1
sunagawa2015	ERR599019_bin.9.o	1	1	1	1	1
sunagawa2015	ERR599020_bin.1.s	1	1	1	1	1
sunagawa2015	ERR599020_bin.10.s	1	1	1	1	1
sunagawa2015	ERR599020_bin.11.o	1	1	1	1	1
sunagawa2015	ERR599020_bin.12.s	1	1	1	1	1
sunagawa2015	ERR599020_bin.13.s	1	1	1	1	1
sunagawa2015	ERR599020_bin.14.s	1	1	1	1	1
sunagawa2015	ERR599020_bin.15.s	1	1	1	1	1
sunagawa2015	ERR599020_bin.16.s	1	1	1	1	1
sunagawa2015	ERR599020_bin.17.s	1	1	1	1	1
sunagawa2015	ERR599020_bin.18.s	1	1	1	1	1
sunagawa2015	ERR599020_bin.19.p	1	1	1	1	1
sunagawa2015	ERR599020_bin.2.s	1	1	1	1	1
sunagawa2015	ERR599020_bin.20.s	1	1	1	1	1
sunagawa2015	ERR599020_bin.21.s	1	1	1	1	1
sunagawa2015	ERR599020_bin.22.p	1	1	1	1	1
sunagawa2015	ERR599020_bin.23.s	1	1	1	1	1
sunagawa2015	ERR599020_bin.24.s	1	1	1	1	1
sunagawa2015	ERR599020_bin.25.s	1	1	1	1	1
sunagawa2015	ERR599020_bin.26.p	1	1	1	1	1
sunagawa2015	ERR599020_bin.27.p	1	1	1	1	1
sunagawa2015	ERR599020_bin.28.s	1	1	1	1	1
sunagawa2015	ERR599020_bin.29.s	1	1	1	1	1
sunagawa2015	ERR599020_bin.3.p	1	1	1	1	1
sunagawa2015	ERR599020_bin.30.s	1	1	1	1	1
sunagawa2015	ERR599020_bin.31.s	1	1	1	1	1
sunagawa2015	ERR599020_bin.32.p	1	1	1	1	1
sunagawa2015	ERR599020_bin.33.s	1	1	1	1	1
sunagawa2015	ERR599020_bin.34.s	1	1	1	1	1
sunagawa2015	ERR599020_bin.35.p	1	1	1	1	1
sunagawa2015	ERR599020_bin.36.p	1	1	1	1	1
sunagawa2015	ERR599020_bin.37.o	1	1	1	1	1
sunagawa2015	ERR599020_bin.38.s	1	1	1	1	1
sunagawa2015	ERR599020_bin.39.s	1	1	1	1	1
sunagawa2015	ERR599020_bin.4.s	1	1	1	1	1
sunagawa2015	ERR599020_bin.40.s	1	1	1	1	1
sunagawa2015	ERR599020_bin.41.p	1	1	1	1	1
sunagawa2015	ERR599020_bin.42.s	1	1	1	1	1
sunagawa2015	ERR599020_bin.43.s	1	1	1	1	1
sunagawa2015	ERR599020_bin.44.s	1	1	1	1	1
sunagawa2015	ERR599020_bin.45.p	1	1	1	1	1
sunagawa2015	ERR599020_bin.46.s	1	1	1	1	1
sunagawa2015	ERR599020_bin.47.s	1	1	1	1	1
sunagawa2015	ERR599020_bin.48.s	1	1	1	1	1
sunagawa2015	ERR599020_bin.49.s	1	1	1	1	1
sunagawa2015	ERR599020_bin.5.p	1	1	1	1	1
sunagawa2015	ERR599020_bin.50.p	1	1	1	1	1
sunagawa2015	ERR599020_bin.51.s	1	1	1	1	1
sunagawa2015	ERR599020_bin.52.s	1	1	1	1	1
sunagawa2015	ERR599020_bin.53.p	1	1	1	1	1
sunagawa2015	ERR599020_bin.55.p	1	1	1	1	1
sunagawa2015	ERR599020_bin.56.s	1	1	1	1	1
sunagawa2015	ERR599020_bin.57.s	1	1	1	1	1
sunagawa2015	ERR599020_bin.59.p	1	1	1	1	1
sunagawa2015	ERR599020_bin.6.p	1	1	1	1	1
sunagawa2015	ERR599020_bin.60.s	1	1	1	1	1
sunagawa2015	ERR599020_bin.61.s	1	1	1	1	1
sunagawa2015	ERR599020_bin.62.p	1	1	1	1	1
sunagawa2015	ERR599020_bin.63.s	1	1	1	1	1
sunagawa2015	ERR599020_bin.64.s	1	1	1	1	1
sunagawa2015	ERR599020_bin.65.s	1	1	1	1	1
sunagawa2015	ERR599020_bin.67.p	1	1	1	1	1
sunagawa2015	ERR599020_bin.68.o	1	1	1	1	1
sunagawa2015	ERR599020_bin.69.s	1	1	1	1	1
sunagawa2015	ERR599020_bin.7.s	1	1	1	1	1
sunagawa2015	ERR599020_bin.70.o	1	1	1	1	1
sunagawa2015	ERR599020_bin.8.p	1	1	1	1	1
sunagawa2015	ERR599020_bin.9.s	1	1	1	1	1
sunagawa2015	ERR599021_bin.1.p	1	1	1	1	1
sunagawa2015	ERR599021_bin.10.s	1	1	1	1	1
sunagawa2015	ERR599021_bin.11.p	1	1	1	1	1
sunagawa2015	ERR599021_bin.12.p	1	1	1	1	1
sunagawa2015	ERR599021_bin.13.o	1	1	1	1	1
sunagawa2015	ERR599021_bin.14.s	1	1	1	1	1
sunagawa2015	ERR599021_bin.2.s	1	1	1	1	1
sunagawa2015	ERR599021_bin.3.p	1	1	1	1	1
sunagawa2015	ERR599021_bin.4.o	1	1	1	1	1
sunagawa2015	ERR599021_bin.5.o	1	1	1	1	1
sunagawa2015	ERR599021_bin.7.p	1	1	1	1	1
sunagawa2015	ERR599021_bin.8.p	1	1	1	1	1
sunagawa2015	ERR599021_bin.9.p	1	1	1	1	1
sunagawa2015	ERR599022_bin.1.p	1	1	1	1	1
sunagawa2015	ERR599022_bin.2.p	1	1	1	1	1
sunagawa2015	ERR599022_bin.3.o	1	1	1	1	1
sunagawa2015	ERR599022_bin.4.s	1	1	1	1	1
sunagawa2015	ERR599022_bin.5.s	1	1	1	1	1
sunagawa2015	ERR599022_bin.6.p	1	1	1	1	1
sunagawa2015	ERR599023_bin.1.p	1	1	1	1	1
sunagawa2015	ERR599023_bin.10.p	1	1	1	1	1
sunagawa2015	ERR599023_bin.11.p	1	1	1	1	1
sunagawa2015	ERR599023_bin.12.p	1	1	1	1	1
sunagawa2015	ERR599023_bin.13.p	1	1	1	1	1
sunagawa2015	ERR599023_bin.14.s	1	1	1	1	1
sunagawa2015	ERR599023_bin.15.s	1	1	1	1	1
sunagawa2015	ERR599023_bin.16.s	1	1	1	1	1
sunagawa2015	ERR599023_bin.17.s	1	1	1	1	1
sunagawa2015	ERR599023_bin.18.s	1	1	1	1	1
sunagawa2015	ERR599023_bin.19.p	1	1	1	1	1
sunagawa2015	ERR599023_bin.2.p	1	1	1	1	1
sunagawa2015	ERR599023_bin.20.s	1	1	1	1	1
sunagawa2015	ERR599023_bin.21.p	1	1	1	1	1
sunagawa2015	ERR599023_bin.22.p	1	1	1	1	1
sunagawa2015	ERR599023_bin.23.p	1	1	1	1	1
sunagawa2015	ERR599023_bin.24.p	1	1	1	1	1
sunagawa2015	ERR599023_bin.25.o	1	1	1	1	1
sunagawa2015	ERR599023_bin.26.p	1	1	1	1	1
sunagawa2015	ERR599023_bin.27.s	1	1	1	1	1
sunagawa2015	ERR599023_bin.28.p	1	1	1	1	1
sunagawa2015	ERR599023_bin.29.p	1	1	1	1	1
sunagawa2015	ERR599023_bin.3.s	1	1	1	1	1
sunagawa2015	ERR599023_bin.30.p	1	1	1	1	1
sunagawa2015	ERR599023_bin.31.s	1	1	1	1	1
sunagawa2015	ERR599023_bin.32.s	1	1	1	1	1
sunagawa2015	ERR599023_bin.33.s	1	1	1	1	1
sunagawa2015	ERR599023_bin.34.p	1	1	1	1	1
sunagawa2015	ERR599023_bin.35.p	1	1	1	1	1
sunagawa2015	ERR599023_bin.36.p	1	1	1	1	1
sunagawa2015	ERR599023_bin.38.p	1	1	1	1	1
sunagawa2015	ERR599023_bin.39.p	1	1	1	1	1
sunagawa2015	ERR599023_bin.4.p	1	1	1	1	1
sunagawa2015	ERR599023_bin.41.s	1	1	1	1	1
sunagawa2015	ERR599023_bin.42.p	1	1	1	1	1
sunagawa2015	ERR599023_bin.43.p	1	1	1	1	1
sunagawa2015	ERR599023_bin.44.p	1	1	1	1	1
sunagawa2015	ERR599023_bin.45.s	1	1	1	1	1
sunagawa2015	ERR599023_bin.5.s	1	1	1	1	1
sunagawa2015	ERR599023_bin.6.p	1	1	1	1	1
sunagawa2015	ERR599023_bin.7.s	1	1	1	1	1
sunagawa2015	ERR599023_bin.8.p	1	1	1	1	1
sunagawa2015	ERR599023_bin.9.p	1	1	1	1	1
sunagawa2015	ERR599024_bin.1.s	1	1	1	1	1
sunagawa2015	ERR599024_bin.10.s	1	1	1	1	1
sunagawa2015	ERR599024_bin.11.s	1	1	1	1	1
sunagawa2015	ERR599024_bin.12.s	1	1	1	1	1
sunagawa2015	ERR599024_bin.13.s	1	1	1	1	1
sunagawa2015	ERR599024_bin.14.p	1	1	1	1	1
sunagawa2015	ERR599024_bin.15.s	1	1	1	1	1
sunagawa2015	ERR599024_bin.16.s	1	1	1	1	1
sunagawa2015	ERR599024_bin.17.s	1	1	1	1	1
sunagawa2015	ERR599024_bin.18.p	1	1	1	1	1
sunagawa2015	ERR599024_bin.19.p	1	1	1	1	1
sunagawa2015	ERR599024_bin.2.p	1	1	1	1	1
sunagawa2015	ERR599024_bin.20.p	1	1	1	1	1
sunagawa2015	ERR599024_bin.21.s	1	1	1	1	1
sunagawa2015	ERR599024_bin.22.s	1	1	1	1	1
sunagawa2015	ERR599024_bin.23.s	1	1	1	1	1
sunagawa2015	ERR599024_bin.24.p	1	1	1	1	1
sunagawa2015	ERR599024_bin.25.p	1	1	1	1	1
sunagawa2015	ERR599024_bin.26.s	1	1	1	1	1
sunagawa2015	ERR599024_bin.27.s	1	1	1	1	1
sunagawa2015	ERR599024_bin.28.s	1	1	1	1	1
sunagawa2015	ERR599024_bin.29.p	1	1	1	1	1
sunagawa2015	ERR599024_bin.3.o	1	1	1	1	1
sunagawa2015	ERR599024_bin.30.p	1	1	1	1	1
sunagawa2015	ERR599024_bin.31.s	1	1	1	1	1
sunagawa2015	ERR599024_bin.32.p	1	1	1	1	1
sunagawa2015	ERR599024_bin.33.s	1	1	1	1	1
sunagawa2015	ERR599024_bin.34.s	1	1	1	1	1
sunagawa2015	ERR599024_bin.35.p	1	1	1	1	1
sunagawa2015	ERR599024_bin.4.p	1	1	1	1	1
sunagawa2015	ERR599024_bin.5.o	1	1	1	1	1
sunagawa2015	ERR599024_bin.6.s	1	1	1	1	1
sunagawa2015	ERR599024_bin.7.p	1	1	1	1	1
sunagawa2015	ERR599024_bin.8.s	1	1	1	1	1
sunagawa2015	ERR599024_bin.9.p	1	1	1	1	1
sunagawa2015	ERR599025_bin.1.p	1	1	1	1	1
sunagawa2015	ERR599025_bin.10.p	1	1	1	1	1
sunagawa2015	ERR599025_bin.11.p	1	1	1	1	1
sunagawa2015	ERR599025_bin.12.s	1	1	1	1	1
sunagawa2015	ERR599025_bin.13.p	1	1	1	1	1
sunagawa2015	ERR599025_bin.14.p	1	1	1	1	1
sunagawa2015	ERR599025_bin.15.p	1	1	1	1	1
sunagawa2015	ERR599025_bin.17.p	1	1	1	1	1
sunagawa2015	ERR599025_bin.18.o	1	1	1	1	1
sunagawa2015	ERR599025_bin.19.p	1	1	1	1	1
sunagawa2015	ERR599025_bin.2.p	1	1	1	1	1
sunagawa2015	ERR599025_bin.20.s	1	1	1	1	1
sunagawa2015	ERR599025_bin.21.p	1	1	1	1	1
sunagawa2015	ERR599025_bin.22.s	1	1	1	1	1
sunagawa2015	ERR599025_bin.23.s	1	1	1	1	1
sunagawa2015	ERR599025_bin.24.p	1	1	1	1	1
sunagawa2015	ERR599025_bin.3.p	1	1	1	1	1
sunagawa2015	ERR599025_bin.4.s	1	1	1	1	1
sunagawa2015	ERR599025_bin.5.s	1	1	1	1	1
sunagawa2015	ERR599025_bin.6.p	1	1	1	1	1
sunagawa2015	ERR599025_bin.7.p	1	1	1	1	1
sunagawa2015	ERR599025_bin.8.o	1	1	1	1	1
sunagawa2015	ERR599025_bin.9.p	1	1	1	1	1
sunagawa2015	ERR599026_bin.1.p	1	1	1	1	1
sunagawa2015	ERR599026_bin.10.p	1	1	1	1	1
sunagawa2015	ERR599026_bin.11.p	1	1	1	1	1
sunagawa2015	ERR599026_bin.12.s	1	1	1	1	1
sunagawa2015	ERR599026_bin.13.p	1	1	1	1	1
sunagawa2015	ERR599026_bin.14.s	1	1	1	1	1
sunagawa2015	ERR599026_bin.15.p	1	1	1	1	1
sunagawa2015	ERR599026_bin.16.p	1	1	1	1	1
sunagawa2015	ERR599026_bin.17.s	1	1	1	1	1
sunagawa2015	ERR599026_bin.18.p	1	1	1	1	1
sunagawa2015	ERR599026_bin.19.p	1	1	1	1	1
sunagawa2015	ERR599026_bin.2.p	1	1	1	1	1
sunagawa2015	ERR599026_bin.20.p	1	1	1	1	1
sunagawa2015	ERR599026_bin.21.p	1	1	1	1	1
sunagawa2015	ERR599026_bin.22.s	1	1	1	1	1
sunagawa2015	ERR599026_bin.23.s	1	1	1	1	1
sunagawa2015	ERR599026_bin.24.s	1	1	1	1	1
sunagawa2015	ERR599026_bin.25.p	1	1	1	1	1
sunagawa2015	ERR599026_bin.26.p	1	1	1	1	1
sunagawa2015	ERR599026_bin.27.s	1	1	1	1	1
sunagawa2015	ERR599026_bin.28.s	1	1	1	1	1
sunagawa2015	ERR599026_bin.29.s	1	1	1	1	1
sunagawa2015	ERR599026_bin.3.s	1	1	1	1	1
sunagawa2015	ERR599026_bin.30.s	1	1	1	1	1
sunagawa2015	ERR599026_bin.31.p	1	1	1	1	1
sunagawa2015	ERR599026_bin.32.s	1	1	1	1	1
sunagawa2015	ERR599026_bin.33.p	1	1	1	1	1
sunagawa2015	ERR599026_bin.34.s	1	1	1	1	1
sunagawa2015	ERR599026_bin.36.p	1	1	1	1	1
sunagawa2015	ERR599026_bin.37.s	1	1	1	1	1
sunagawa2015	ERR599026_bin.38.p	1	1	1	1	1
sunagawa2015	ERR599026_bin.39.s	1	1	1	1	1
sunagawa2015	ERR599026_bin.4.p	1	1	1	1	1
sunagawa2015	ERR599026_bin.40.p	1	1	1	1	1
sunagawa2015	ERR599026_bin.41.s	1	1	1	1	1
sunagawa2015	ERR599026_bin.42.o	1	1	1	1	1
sunagawa2015	ERR599026_bin.43.p	1	1	1	1	1
sunagawa2015	ERR599026_bin.44.s	1	1	1	1	1
sunagawa2015	ERR599026_bin.45.s	1	1	1	1	1
sunagawa2015	ERR599026_bin.46.p	1	1	1	1	1
sunagawa2015	ERR599026_bin.47.p	1	1	1	1	1
sunagawa2015	ERR599026_bin.48.p	1	1	1	1	1
sunagawa2015	ERR599026_bin.49.s	1	1	1	1	1
sunagawa2015	ERR599026_bin.5.s	1	1	1	1	1
sunagawa2015	ERR599026_bin.50.s	1	1	1	1	1
sunagawa2015	ERR599026_bin.51.s	1	1	1	1	1
sunagawa2015	ERR599026_bin.52.s	1	1	1	1	1
sunagawa2015	ERR599026_bin.53.p	1	1	1	1	1
sunagawa2015	ERR599026_bin.54.o	1	1	1	1	1
sunagawa2015	ERR599026_bin.55.p	1	1	1	1	1
sunagawa2015	ERR599026_bin.56.p	1	1	1	1	1
sunagawa2015	ERR599026_bin.57.p	1	1	1	1	1
sunagawa2015	ERR599026_bin.58.p	1	1	1	1	1
sunagawa2015	ERR599026_bin.59.p	1	1	1	1	1
sunagawa2015	ERR599026_bin.6.s	1	1	1	1	1
sunagawa2015	ERR599026_bin.60.s	1	1	1	1	1
sunagawa2015	ERR599026_bin.61.p	1	1	1	1	1
sunagawa2015	ERR599026_bin.62.s	1	1	1	1	1
sunagawa2015	ERR599026_bin.63.p	1	1	1	1	1
sunagawa2015	ERR599026_bin.64.p	1	1	1	1	1
sunagawa2015	ERR599026_bin.65.p	1	1	1	1	1
sunagawa2015	ERR599026_bin.66.p	1	1	1	1	1
sunagawa2015	ERR599026_bin.67.p	1	1	1	1	1
sunagawa2015	ERR599026_bin.68.p	1	1	1	1	1
sunagawa2015	ERR599026_bin.69.p	1	1	1	1	1
sunagawa2015	ERR599026_bin.7.p	1	1	1	1	1
sunagawa2015	ERR599026_bin.70.p	1	1	1	1	1
sunagawa2015	ERR599026_bin.71.p	1	1	1	1	1
sunagawa2015	ERR599026_bin.72.s	1	1	1	1	1
sunagawa2015	ERR599026_bin.73.p	1	1	1	1	1
sunagawa2015	ERR599026_bin.74.p	1	1	1	1	1
sunagawa2015	ERR599026_bin.75.s	1	1	1	1	1
sunagawa2015	ERR599026_bin.76.s	1	1	1	1	1
sunagawa2015	ERR599026_bin.77.p	1	1	1	1	1
sunagawa2015	ERR599026_bin.8.s	1	1	1	1	1
sunagawa2015	ERR599026_bin.9.s	1	1	1	1	1
sunagawa2015	ERR599027_bin.1.p	1	1	1	1	1
sunagawa2015	ERR599027_bin.10.p	1	1	1	1	1
sunagawa2015	ERR599027_bin.11.s	1	1	1	1	1
sunagawa2015	ERR599027_bin.12.o	1	1	1	1	1
sunagawa2015	ERR599027_bin.14.p	1	1	1	1	1
sunagawa2015	ERR599027_bin.15.p	1	1	1	1	1
sunagawa2015	ERR599027_bin.16.s	1	1	1	1	1
sunagawa2015	ERR599027_bin.17.s	1	1	1	1	1
sunagawa2015	ERR599027_bin.18.s	1	1	1	1	1
sunagawa2015	ERR599027_bin.2.s	1	1	1	1	1
sunagawa2015	ERR599027_bin.3.p	1	1	1	1	1
sunagawa2015	ERR599027_bin.4.s	1	1	1	1	1
sunagawa2015	ERR599027_bin.5.s	1	1	1	1	1
sunagawa2015	ERR599027_bin.6.s	1	1	1	1	1
sunagawa2015	ERR599027_bin.7.s	1	1	1	1	1
sunagawa2015	ERR599027_bin.8.o	1	1	1	1	1
sunagawa2015	ERR599028_bin.1.s	1	1	1	1	1
sunagawa2015	ERR599028_bin.10.p	1	1	1	1	1
sunagawa2015	ERR599028_bin.11.p	1	1	1	1	1
sunagawa2015	ERR599028_bin.13.p	1	1	1	1	1
sunagawa2015	ERR599028_bin.14.p	1	1	1	1	1
sunagawa2015	ERR599028_bin.16.p	1	1	1	1	1
sunagawa2015	ERR599028_bin.17.s	1	1	1	1	1
sunagawa2015	ERR599028_bin.18.o	1	1	1	1	1
sunagawa2015	ERR599028_bin.19.s	1	1	1	1	1
sunagawa2015	ERR599028_bin.2.s	1	1	1	1	1
sunagawa2015	ERR599028_bin.20.p	1	1	1	1	1
sunagawa2015	ERR599028_bin.21.s	1	1	1	1	1
sunagawa2015	ERR599028_bin.22.p	1	1	1	1	1
sunagawa2015	ERR599028_bin.23.p	1	1	1	1	1
sunagawa2015	ERR599028_bin.24.s	1	1	1	1	1
sunagawa2015	ERR599028_bin.25.s	1	1	1	1	1
sunagawa2015	ERR599028_bin.26.p	1	1	1	1	1
sunagawa2015	ERR599028_bin.27.p	1	1	1	1	1
sunagawa2015	ERR599028_bin.28.p	1	1	1	1	1
sunagawa2015	ERR599028_bin.29.p	1	1	1	1	1
sunagawa2015	ERR599028_bin.3.s	1	1	1	1	1
sunagawa2015	ERR599028_bin.30.s	1	1	1	1	1
sunagawa2015	ERR599028_bin.31.p	1	1	1	1	1
sunagawa2015	ERR599028_bin.33.s	1	1	1	1	1
sunagawa2015	ERR599028_bin.34.p	1	1	1	1	1
sunagawa2015	ERR599028_bin.35.s	1	1	1	1	1
sunagawa2015	ERR599028_bin.36.s	1	1	1	1	1
sunagawa2015	ERR599028_bin.37.s	1	1	1	1	1
sunagawa2015	ERR599028_bin.38.p	1	1	1	1	1
sunagawa2015	ERR599028_bin.39.s	1	1	1	1	1
sunagawa2015	ERR599028_bin.4.p	1	1	1	1	1
sunagawa2015	ERR599028_bin.40.p	1	1	1	1	1
sunagawa2015	ERR599028_bin.41.p	1	1	1	1	1
sunagawa2015	ERR599028_bin.42.s	1	1	1	1	1
sunagawa2015	ERR599028_bin.43.s	1	1	1	1	1
sunagawa2015	ERR599028_bin.44.p	1	1	1	1	1
sunagawa2015	ERR599028_bin.45.o	1	1	1	1	1
sunagawa2015	ERR599028_bin.46.p	1	1	1	1	1
sunagawa2015	ERR599028_bin.47.p	1	1	1	1	1
sunagawa2015	ERR599028_bin.48.s	1	1	1	1	1
sunagawa2015	ERR599028_bin.49.s	1	1	1	1	1
sunagawa2015	ERR599028_bin.5.s	1	1	1	1	1
sunagawa2015	ERR599028_bin.50.s	1	1	1	1	1
sunagawa2015	ERR599028_bin.51.s	1	1	1	1	1
sunagawa2015	ERR599028_bin.52.s	1	1	1	1	1
sunagawa2015	ERR599028_bin.53.p	1	1	1	1	1
sunagawa2015	ERR599028_bin.6.s	1	1	1	1	1
sunagawa2015	ERR599028_bin.7.p	1	1	1	1	1
sunagawa2015	ERR599028_bin.8.s	1	1	1	1	1
sunagawa2015	ERR599028_bin.9.p	1	1	1	1	1
sunagawa2015	ERR599029_bin.10.s	1	1	1	1	1
sunagawa2015	ERR599029_bin.11.s	1	1	1	1	1
sunagawa2015	ERR599029_bin.12.o	1	1	1	1	1
sunagawa2015	ERR599029_bin.13.p	1	1	1	1	1
sunagawa2015	ERR599029_bin.14.s	1	1	1	1	1
sunagawa2015	ERR599029_bin.15.s	1	1	1	1	1
sunagawa2015	ERR599029_bin.16.p	1	1	1	1	1
sunagawa2015	ERR599029_bin.17.p	1	1	1	1	1
sunagawa2015	ERR599029_bin.18.s	1	1	1	1	1
sunagawa2015	ERR599029_bin.19.p	1	1	1	1	1
sunagawa2015	ERR599029_bin.2.p	1	1	1	1	1
sunagawa2015	ERR599029_bin.20.p	1	1	1	1	1
sunagawa2015	ERR599029_bin.21.p	1	1	1	1	1
sunagawa2015	ERR599029_bin.22.p	1	1	1	1	1
sunagawa2015	ERR599029_bin.23.p	1	1	1	1	1
sunagawa2015	ERR599029_bin.24.p	1	1	1	1	1
sunagawa2015	ERR599029_bin.25.p	1	1	1	1	1
sunagawa2015	ERR599029_bin.26.p	1	1	1	1	1
sunagawa2015	ERR599029_bin.27.s	1	1	1	1	1
sunagawa2015	ERR599029_bin.28.p	1	1	1	1	1
sunagawa2015	ERR599029_bin.29.o	1	1	1	1	1
sunagawa2015	ERR599029_bin.3.s	1	1	1	1	1
sunagawa2015	ERR599029_bin.30.p	1	1	1	1	1
sunagawa2015	ERR599029_bin.31.p	1	1	1	1	1
sunagawa2015	ERR599029_bin.32.s	1	1	1	1	1
sunagawa2015	ERR599029_bin.33.s	1	1	1	1	1
sunagawa2015	ERR599029_bin.34.s	1	1	1	1	1
sunagawa2015	ERR599029_bin.35.s	1	1	1	1	1
sunagawa2015	ERR599029_bin.36.p	1	1	1	1	1
sunagawa2015	ERR599029_bin.38.s	1	1	1	1	1
sunagawa2015	ERR599029_bin.39.s	1	1	1	1	1
sunagawa2015	ERR599029_bin.4.p	1	1	1	1	1
sunagawa2015	ERR599029_bin.40.p	1	1	1	1	1
sunagawa2015	ERR599029_bin.41.s	1	1	1	1	1
sunagawa2015	ERR599029_bin.42.s	1	1	1	1	1
sunagawa2015	ERR599029_bin.43.s	1	1	1	1	1
sunagawa2015	ERR599029_bin.44.o	1	1	1	1	1
sunagawa2015	ERR599029_bin.45.o	1	1	1	1	1
sunagawa2015	ERR599029_bin.46.p	1	1	1	1	1
sunagawa2015	ERR599029_bin.48.p	1	1	1	1	1
sunagawa2015	ERR599029_bin.49.p	1	1	1	1	1
sunagawa2015	ERR599029_bin.5.s	1	1	1	1	1
sunagawa2015	ERR599029_bin.50.s	1	1	1	1	1
sunagawa2015	ERR599029_bin.51.p	1	1	1	1	1
sunagawa2015	ERR599029_bin.52.s	1	1	1	1	1
sunagawa2015	ERR599029_bin.53.s	1	1	1	1	1
sunagawa2015	ERR599029_bin.54.s	1	1	1	1	1
sunagawa2015	ERR599029_bin.55.p	1	1	1	1	1
sunagawa2015	ERR599029_bin.56.s	1	1	1	1	1
sunagawa2015	ERR599029_bin.57.p	1	1	1	1	1
sunagawa2015	ERR599029_bin.58.p	1	1	1	1	1
sunagawa2015	ERR599029_bin.59.s	1	1	1	1	1
sunagawa2015	ERR599029_bin.6.p	1	1	1	1	1
sunagawa2015	ERR599029_bin.60.s	1	1	1	1	1
sunagawa2015	ERR599029_bin.61.p	1	1	1	1	1
sunagawa2015	ERR599029_bin.62.s	1	1	1	1	1
sunagawa2015	ERR599029_bin.63.p	1	1	1	1	1
sunagawa2015	ERR599029_bin.64.s	1	1	1	1	1
sunagawa2015	ERR599029_bin.65.s	1	1	1	1	1
sunagawa2015	ERR599029_bin.66.p	1	1	1	1	1
sunagawa2015	ERR599029_bin.67.p	1	1	1	1	1
sunagawa2015	ERR599029_bin.68.s	1	1	1	1	1
sunagawa2015	ERR599029_bin.69.p	1	1	1	1	1
sunagawa2015	ERR599029_bin.7.s	1	1	1	1	1
sunagawa2015	ERR599029_bin.70.p	1	1	1	1	1
sunagawa2015	ERR599029_bin.71.p	1	1	1	1	1
sunagawa2015	ERR599029_bin.72.p	1	1	1	1	1
sunagawa2015	ERR599029_bin.73.p	1	1	1	1	1
sunagawa2015	ERR599029_bin.75.s	1	1	1	1	1
sunagawa2015	ERR599029_bin.76.s	1	1	1	1	1
sunagawa2015	ERR599029_bin.77.o	1	1	1	1	1
sunagawa2015	ERR599029_bin.8.s	1	1	1	1	1
sunagawa2015	ERR599029_bin.9.p	1	1	1	1	1
sunagawa2015	ERR599030_bin.1.o	1	1	1	1	1
sunagawa2015	ERR599030_bin.10.p	1	1	1	1	1
sunagawa2015	ERR599030_bin.11.s	1	1	1	1	1
sunagawa2015	ERR599030_bin.12.p	1	1	1	1	1
sunagawa2015	ERR599030_bin.13.s	1	1	1	1	1
sunagawa2015	ERR599030_bin.14.p	1	1	1	1	1
sunagawa2015	ERR599030_bin.15.s	1	1	1	1	1
sunagawa2015	ERR599030_bin.16.s	1	1	1	1	1
sunagawa2015	ERR599030_bin.17.p	1	1	1	1	1
sunagawa2015	ERR599030_bin.18.s	1	1	1	1	1
sunagawa2015	ERR599030_bin.19.p	1	1	1	1	1
sunagawa2015	ERR599030_bin.2.p	1	1	1	1	1
sunagawa2015	ERR599030_bin.20.o	1	1	1	1	1
sunagawa2015	ERR599030_bin.21.o	1	1	1	1	1
sunagawa2015	ERR599030_bin.22.p	1	1	1	1	1
sunagawa2015	ERR599030_bin.23.s	1	1	1	1	1
sunagawa2015	ERR599030_bin.24.s	1	1	1	1	1
sunagawa2015	ERR599030_bin.25.o	1	1	1	1	1
sunagawa2015	ERR599030_bin.26.p	1	1	1	1	1
sunagawa2015	ERR599030_bin.27.p	1	1	1	1	1
sunagawa2015	ERR599030_bin.28.p	1	1	1	1	1
sunagawa2015	ERR599030_bin.29.p	1	1	1	1	1
sunagawa2015	ERR599030_bin.3.s	1	1	1	1	1
sunagawa2015	ERR599030_bin.30.s	1	1	1	1	1
sunagawa2015	ERR599030_bin.31.s	1	1	1	1	1
sunagawa2015	ERR599030_bin.32.p	1	1	1	1	1
sunagawa2015	ERR599030_bin.33.p	1	1	1	1	1
sunagawa2015	ERR599030_bin.34.p	1	1	1	1	1
sunagawa2015	ERR599030_bin.35.p	1	1	1	1	1
sunagawa2015	ERR599030_bin.36.p	1	1	1	1	1
sunagawa2015	ERR599030_bin.37.s	1	1	1	1	1
sunagawa2015	ERR599030_bin.38.s	1	1	1	1	1
sunagawa2015	ERR599030_bin.39.p	1	1	1	1	1
sunagawa2015	ERR599030_bin.4.s	1	1	1	1	1
sunagawa2015	ERR599030_bin.40.p	1	1	1	1	1
sunagawa2015	ERR599030_bin.41.p	1	1	1	1	1
sunagawa2015	ERR599030_bin.42.o	1	1	1	1	1
sunagawa2015	ERR599030_bin.43.s	1	1	1	1	1
sunagawa2015	ERR599030_bin.44.o	1	1	1	1	1
sunagawa2015	ERR599030_bin.45.s	1	1	1	1	1
sunagawa2015	ERR599030_bin.46.p	1	1	1	1	1
sunagawa2015	ERR599030_bin.47.s	1	1	1	1	1
sunagawa2015	ERR599030_bin.48.s	1	1	1	1	1
sunagawa2015	ERR599030_bin.49.p	1	1	1	1	1
sunagawa2015	ERR599030_bin.5.s	1	1	1	1	1
sunagawa2015	ERR599030_bin.50.s	1	1	1	1	1
sunagawa2015	ERR599030_bin.51.p	1	1	1	1	1
sunagawa2015	ERR599030_bin.52.s	1	1	1	1	1
sunagawa2015	ERR599030_bin.53.p	1	1	1	1	1
sunagawa2015	ERR599030_bin.54.s	1	1	1	1	1
sunagawa2015	ERR599030_bin.55.p	1	1	1	1	1
sunagawa2015	ERR599030_bin.56.s	1	1	1	1	1
sunagawa2015	ERR599030_bin.57.s	1	1	1	1	1
sunagawa2015	ERR599030_bin.58.p	1	1	1	1	1
sunagawa2015	ERR599030_bin.59.p	1	1	1	1	1
sunagawa2015	ERR599030_bin.6.o	1	1	1	1	1
sunagawa2015	ERR599030_bin.60.s	1	1	1	1	1
sunagawa2015	ERR599030_bin.61.p	1	1	1	1	1
sunagawa2015	ERR599030_bin.62.p	1	1	1	1	1
sunagawa2015	ERR599030_bin.63.s	1	1	1	1	1
sunagawa2015	ERR599030_bin.7.o	1	1	1	1	1
sunagawa2015	ERR599030_bin.8.s	1	1	1	1	1
sunagawa2015	ERR599030_bin.9.p	1	1	1	1	1
sunagawa2015	ERR599031_bin.1.s	1	1	1	1	1
sunagawa2015	ERR599031_bin.10.p	1	1	1	1	1
sunagawa2015	ERR599031_bin.11.p	1	1	1	1	1
sunagawa2015	ERR599031_bin.12.s	1	1	1	1	1
sunagawa2015	ERR599031_bin.13.o	1	1	1	1	1
sunagawa2015	ERR599031_bin.14.p	1	1	1	1	1
sunagawa2015	ERR599031_bin.15.s	1	1	1	1	1
sunagawa2015	ERR599031_bin.16.o	1	1	1	1	1
sunagawa2015	ERR599031_bin.18.s	1	1	1	1	1
sunagawa2015	ERR599031_bin.19.s	1	1	1	1	1
sunagawa2015	ERR599031_bin.2.s	1	1	1	1	1
sunagawa2015	ERR599031_bin.20.s	1	1	1	1	1
sunagawa2015	ERR599031_bin.21.s	1	1	1	1	1
sunagawa2015	ERR599031_bin.22.s	1	1	1	1	1
sunagawa2015	ERR599031_bin.23.p	1	1	1	1	1
sunagawa2015	ERR599031_bin.24.s	1	1	1	1	1
sunagawa2015	ERR599031_bin.3.p	1	1	1	1	1
sunagawa2015	ERR599031_bin.4.s	1	1	1	1	1
sunagawa2015	ERR599031_bin.6.p	1	1	1	1	1
sunagawa2015	ERR599031_bin.7.s	1	1	1	1	1
sunagawa2015	ERR599031_bin.8.s	1	1	1	1	1
sunagawa2015	ERR599031_bin.9.p	1	1	1	1	1
sunagawa2015	ERR599032_bin.1.s	1	1	1	1	1
sunagawa2015	ERR599032_bin.10.s	1	1	1	1	1
sunagawa2015	ERR599032_bin.11.p	1	1	1	1	1
sunagawa2015	ERR599032_bin.12.s	1	1	1	1	1
sunagawa2015	ERR599032_bin.13.p	1	1	1	1	1
sunagawa2015	ERR599032_bin.14.p	1	1	1	1	1
sunagawa2015	ERR599032_bin.15.p	1	1	1	1	1
sunagawa2015	ERR599032_bin.16.o	1	1	1	1	1
sunagawa2015	ERR599032_bin.17.s	1	1	1	1	1
sunagawa2015	ERR599032_bin.18.p	1	1	1	1	1
sunagawa2015	ERR599032_bin.19.s	1	1	1	1	1
sunagawa2015	ERR599032_bin.2.s	1	1	1	1	1
sunagawa2015	ERR599032_bin.20.s	1	1	1	1	1
sunagawa2015	ERR599032_bin.21.s	1	1	1	1	1
sunagawa2015	ERR599032_bin.22.s	1	1	1	1	1
sunagawa2015	ERR599032_bin.23.s	1	1	1	1	1
sunagawa2015	ERR599032_bin.24.p	1	1	1	1	1
sunagawa2015	ERR599032_bin.25.s	1	1	1	1	1
sunagawa2015	ERR599032_bin.26.s	1	1	1	1	1
sunagawa2015	ERR599032_bin.27.s	1	1	1	1	1
sunagawa2015	ERR599032_bin.28.s	1	1	1	1	1
sunagawa2015	ERR599032_bin.29.p	1	1	1	1	1
sunagawa2015	ERR599032_bin.3.o	1	1	1	1	1
sunagawa2015	ERR599032_bin.30.p	1	1	1	1	1
sunagawa2015	ERR599032_bin.31.s	1	1	1	1	1
sunagawa2015	ERR599032_bin.32.p	1	1	1	1	1
sunagawa2015	ERR599032_bin.33.p	1	1	1	1	1
sunagawa2015	ERR599032_bin.34.p	1	1	1	1	1
sunagawa2015	ERR599032_bin.35.s	1	1	1	1	1
sunagawa2015	ERR599032_bin.36.s	1	1	1	1	1
sunagawa2015	ERR599032_bin.37.p	0	1	1	1	1
sunagawa2015	ERR599032_bin.38.p	1	1	1	1	1
sunagawa2015	ERR599032_bin.39.p	1	1	1	1	1
sunagawa2015	ERR599032_bin.4.s	1	1	1	1	1
sunagawa2015	ERR599032_bin.40.s	1	1	1	1	1
sunagawa2015	ERR599032_bin.41.s	1	1	1	1	1
sunagawa2015	ERR599032_bin.42.s	1	1	1	1	1
sunagawa2015	ERR599032_bin.43.s	1	1	1	1	1
sunagawa2015	ERR599032_bin.44.p	1	1	1	1	1
sunagawa2015	ERR599032_bin.45.p	1	1	1	1	1
sunagawa2015	ERR599032_bin.46.s	1	1	1	1	1
sunagawa2015	ERR599032_bin.47.s	1	1	1	1	1
sunagawa2015	ERR599032_bin.48.p	1	1	1	1	1
sunagawa2015	ERR599032_bin.49.s	1	1	1	1	1
sunagawa2015	ERR599032_bin.5.s	1	1	1	1	1
sunagawa2015	ERR599032_bin.50.s	1	1	1	1	1
sunagawa2015	ERR599032_bin.51.s	1	1	1	1	1
sunagawa2015	ERR599032_bin.52.s	1	1	1	1	1
sunagawa2015	ERR599032_bin.53.p	1	1	1	1	1
sunagawa2015	ERR599032_bin.54.p	1	1	1	1	1
sunagawa2015	ERR599032_bin.55.s	1	1	1	1	1
sunagawa2015	ERR599032_bin.56.s	1	1	1	1	1
sunagawa2015	ERR599032_bin.57.s	1	1	1	1	1
sunagawa2015	ERR599032_bin.58.p	1	1	1	1	1
sunagawa2015	ERR599032_bin.59.s	1	1	1	1	1
sunagawa2015	ERR599032_bin.6.o	1	1	1	1	1
sunagawa2015	ERR599032_bin.61.p	1	1	1	1	1
sunagawa2015	ERR599032_bin.62.p	1	1	1	1	1
sunagawa2015	ERR599032_bin.63.p	1	1	1	1	1
sunagawa2015	ERR599032_bin.64.s	1	1	1	1	1
sunagawa2015	ERR599032_bin.65.s	1	1	1	1	1
sunagawa2015	ERR599032_bin.66.p	1	1	1	1	1
sunagawa2015	ERR599032_bin.67.s	1	1	1	1	1
sunagawa2015	ERR599032_bin.68.p	1	1	1	1	1
sunagawa2015	ERR599032_bin.69.p	1	1	1	1	1
sunagawa2015	ERR599032_bin.7.p	1	1	1	1	1
sunagawa2015	ERR599032_bin.70.p	1	1	1	1	1
sunagawa2015	ERR599032_bin.71.o	1	1	1	1	1
sunagawa2015	ERR599032_bin.72.s	1	1	1	1	1
sunagawa2015	ERR599032_bin.73.p	1	1	1	1	1
sunagawa2015	ERR599032_bin.74.s	1	1	1	1	1
sunagawa2015	ERR599032_bin.75.p	1	1	1	1	1
sunagawa2015	ERR599032_bin.76.p	1	1	1	1	1
sunagawa2015	ERR599032_bin.77.s	1	1	1	1	1
sunagawa2015	ERR599032_bin.78.s	1	1	1	1	1
sunagawa2015	ERR599032_bin.79.p	1	1	1	1	1
sunagawa2015	ERR599032_bin.8.s	1	1	1	1	1
sunagawa2015	ERR599032_bin.9.s	1	1	1	1	1
sunagawa2015	ERR599033_bin.1.o	1	1	1	1	1
sunagawa2015	ERR599033_bin.10.p	1	1	1	1	1
sunagawa2015	ERR599033_bin.11.p	1	1	1	1	1
sunagawa2015	ERR599033_bin.12.s	1	1	1	1	1
sunagawa2015	ERR599033_bin.13.p	1	1	1	1	1
sunagawa2015	ERR599033_bin.14.o	1	1	1	1	1
sunagawa2015	ERR599033_bin.15.s	1	1	1	1	1
sunagawa2015	ERR599033_bin.16.p	1	1	1	1	1
sunagawa2015	ERR599033_bin.17.p	1	1	1	1	1
sunagawa2015	ERR599033_bin.18.s	1	1	1	1	1
sunagawa2015	ERR599033_bin.19.p	1	1	1	1	1
sunagawa2015	ERR599033_bin.2.s	1	1	1	1	1
sunagawa2015	ERR599033_bin.20.p	1	1	1	1	1
sunagawa2015	ERR599033_bin.21.s	1	1	1	1	1
sunagawa2015	ERR599033_bin.22.p	1	1	1	1	1
sunagawa2015	ERR599033_bin.23.p	1	1	1	1	1
sunagawa2015	ERR599033_bin.24.p	1	1	1	1	1
sunagawa2015	ERR599033_bin.26.s	1	1	1	1	1
sunagawa2015	ERR599033_bin.27.o	1	1	1	1	1
sunagawa2015	ERR599033_bin.28.s	1	1	1	1	1
sunagawa2015	ERR599033_bin.3.o	1	1	1	1	1
sunagawa2015	ERR599033_bin.4.p	1	1	1	1	1
sunagawa2015	ERR599033_bin.5.s	1	1	1	1	1
sunagawa2015	ERR599033_bin.6.s	1	1	1	1	1
sunagawa2015	ERR599033_bin.7.s	1	1	1	1	1
sunagawa2015	ERR599033_bin.8.s	1	1	1	1	1
sunagawa2015	ERR599033_bin.9.p	1	1	1	1	1
sunagawa2015	ERR599034_bin.1.s	1	1	1	1	1
sunagawa2015	ERR599034_bin.11.p	1	1	1	1	1
sunagawa2015	ERR599034_bin.12.p	1	1	1	1	1
sunagawa2015	ERR599034_bin.13.p	1	1	1	1	1
sunagawa2015	ERR599034_bin.14.s	1	1	1	1	1
sunagawa2015	ERR599034_bin.2.p	1	1	1	1	1
sunagawa2015	ERR599034_bin.3.p	1	1	1	1	1
sunagawa2015	ERR599034_bin.4.s	1	1	1	1	1
sunagawa2015	ERR599034_bin.5.s	1	1	1	1	1
sunagawa2015	ERR599034_bin.6.o	1	1	1	1	1
sunagawa2015	ERR599034_bin.7.s	1	1	1	1	1
sunagawa2015	ERR599034_bin.8.p	1	1	1	1	1
sunagawa2015	ERR599034_bin.9.s	1	1	1	1	1
sunagawa2015	ERR599035_bin.1.p	1	1	1	1	1
sunagawa2015	ERR599035_bin.10.s	1	1	1	1	1
sunagawa2015	ERR599035_bin.11.s	1	1	1	1	1
sunagawa2015	ERR599035_bin.12.s	1	1	1	1	1
sunagawa2015	ERR599035_bin.2.s	1	1	1	1	1
sunagawa2015	ERR599035_bin.3.s	1	1	1	1	1
sunagawa2015	ERR599035_bin.4.s	1	1	1	1	1
sunagawa2015	ERR599035_bin.6.o	1	1	1	1	1
sunagawa2015	ERR599035_bin.7.p	1	1	1	1	1
sunagawa2015	ERR599035_bin.8.s	1	1	1	1	1
sunagawa2015	ERR599035_bin.9.s	1	1	1	1	1
sunagawa2015	ERR599036_bin.1.s	1	1	1	1	1
sunagawa2015	ERR599036_bin.10.s	1	1	1	1	1
sunagawa2015	ERR599036_bin.11.s	1	1	1	1	1
sunagawa2015	ERR599036_bin.12.s	1	1	1	1	1
sunagawa2015	ERR599036_bin.13.s	1	1	1	1	1
sunagawa2015	ERR599036_bin.14.p	1	1	1	1	1
sunagawa2015	ERR599036_bin.15.p	1	1	1	1	1
sunagawa2015	ERR599036_bin.16.s	1	1	1	1	1
sunagawa2015	ERR599036_bin.17.p	1	1	1	1	1
sunagawa2015	ERR599036_bin.18.s	1	1	1	1	1
sunagawa2015	ERR599036_bin.19.p	1	1	1	1	1
sunagawa2015	ERR599036_bin.2.s	1	1	1	1	1
sunagawa2015	ERR599036_bin.20.s	1	1	1	1	1
sunagawa2015	ERR599036_bin.21.o	1	1	1	1	1
sunagawa2015	ERR599036_bin.22.s	1	1	1	1	1
sunagawa2015	ERR599036_bin.23.p	1	1	1	1	1
sunagawa2015	ERR599036_bin.24.s	1	1	1	1	1
sunagawa2015	ERR599036_bin.25.p	1	1	1	1	1
sunagawa2015	ERR599036_bin.26.s	1	1	1	1	1
sunagawa2015	ERR599036_bin.27.p	1	1	1	1	1
sunagawa2015	ERR599036_bin.28.s	1	1	1	1	1
sunagawa2015	ERR599036_bin.29.p	1	1	1	1	1
sunagawa2015	ERR599036_bin.3.s	1	1	1	1	1
sunagawa2015	ERR599036_bin.30.s	1	1	1	1	1
sunagawa2015	ERR599036_bin.31.p	1	1	1	1	1
sunagawa2015	ERR599036_bin.32.s	1	1	1	1	1
sunagawa2015	ERR599036_bin.33.p	1	1	1	1	1
sunagawa2015	ERR599036_bin.4.p	1	1	1	1	1
sunagawa2015	ERR599036_bin.5.p	1	1	1	1	1
sunagawa2015	ERR599036_bin.6.s	1	1	1	1	1
sunagawa2015	ERR599036_bin.7.p	1	1	1	1	1
sunagawa2015	ERR599036_bin.8.s	1	1	1	1	1
sunagawa2015	ERR599036_bin.9.p	1	1	1	1	1
sunagawa2015	ERR599037_bin.1.p	1	1	1	1	1
sunagawa2015	ERR599037_bin.10.p	1	1	1	1	1
sunagawa2015	ERR599037_bin.12.o	1	1	1	1	1
sunagawa2015	ERR599037_bin.13.p	1	1	1	1	1
sunagawa2015	ERR599037_bin.14.s	1	1	1	1	1
sunagawa2015	ERR599037_bin.15.p	1	1	1	1	1
sunagawa2015	ERR599037_bin.16.s	1	1	1	1	1
sunagawa2015	ERR599037_bin.17.p	1	1	1	1	1
sunagawa2015	ERR599037_bin.18.p	1	1	1	1	1
sunagawa2015	ERR599037_bin.19.p	1	1	1	1	1
sunagawa2015	ERR599037_bin.2.s	1	1	1	1	1
sunagawa2015	ERR599037_bin.20.s	1	1	1	1	1
sunagawa2015	ERR599037_bin.21.s	1	1	1	1	1
sunagawa2015	ERR599037_bin.22.p	1	1	1	1	1
sunagawa2015	ERR599037_bin.23.o	1	1	1	1	1
sunagawa2015	ERR599037_bin.24.p	1	1	1	1	1
sunagawa2015	ERR599037_bin.25.s	1	1	1	1	1
sunagawa2015	ERR599037_bin.27.s	1	1	1	1	1
sunagawa2015	ERR599037_bin.28.o	1	1	1	1	1
sunagawa2015	ERR599037_bin.29.o	1	1	1	1	1
sunagawa2015	ERR599037_bin.3.p	1	1	1	1	1
sunagawa2015	ERR599037_bin.30.p	1	1	1	1	1
sunagawa2015	ERR599037_bin.31.s	1	1	1	1	1
sunagawa2015	ERR599037_bin.32.p	1	1	1	1	1
sunagawa2015	ERR599037_bin.33.s	1	1	1	1	1
sunagawa2015	ERR599037_bin.34.p	1	1	1	1	1
sunagawa2015	ERR599037_bin.35.o	1	1	1	1	1
sunagawa2015	ERR599037_bin.36.s	1	1	1	1	1
sunagawa2015	ERR599037_bin.37.p	1	1	1	1	1
sunagawa2015	ERR599037_bin.38.p	1	1	1	1	1
sunagawa2015	ERR599037_bin.39.p	1	1	1	1	1
sunagawa2015	ERR599037_bin.4.p	1	1	1	1	1
sunagawa2015	ERR599037_bin.40.s	1	1	1	1	1
sunagawa2015	ERR599037_bin.41.p	1	1	1	1	1
sunagawa2015	ERR599037_bin.42.p	1	1	1	1	1
sunagawa2015	ERR599037_bin.43.p	1	1	1	1	1
sunagawa2015	ERR599037_bin.44.s	1	1	1	1	1
sunagawa2015	ERR599037_bin.45.p	1	1	1	1	1
sunagawa2015	ERR599037_bin.46.p	1	1	1	1	1
sunagawa2015	ERR599037_bin.47.s	1	1	1	1	1
sunagawa2015	ERR599037_bin.49.s	1	1	1	1	1
sunagawa2015	ERR599037_bin.5.p	1	1	1	1	1
sunagawa2015	ERR599037_bin.6.p	1	1	1	1	1
sunagawa2015	ERR599037_bin.7.p	1	1	1	1	1
sunagawa2015	ERR599037_bin.8.p	1	1	1	1	1
sunagawa2015	ERR599037_bin.9.p	1	1	1	1	1
sunagawa2015	ERR599038_bin.1.p	1	1	1	1	1
sunagawa2015	ERR599038_bin.10.s	1	1	1	1	1
sunagawa2015	ERR599038_bin.11.s	1	1	1	1	1
sunagawa2015	ERR599038_bin.12.p	1	1	1	1	1
sunagawa2015	ERR599038_bin.13.p	1	1	1	1	1
sunagawa2015	ERR599038_bin.14.s	1	1	1	1	1
sunagawa2015	ERR599038_bin.15.s	1	1	1	1	1
sunagawa2015	ERR599038_bin.16.p	1	1	1	1	1
sunagawa2015	ERR599038_bin.17.p	1	1	1	1	1
sunagawa2015	ERR599038_bin.18.s	1	1	1	1	1
sunagawa2015	ERR599038_bin.19.p	1	1	1	1	1
sunagawa2015	ERR599038_bin.2.s	1	1	1	1	1
sunagawa2015	ERR599038_bin.20.p	1	1	1	1	1
sunagawa2015	ERR599038_bin.21.s	1	1	1	1	1
sunagawa2015	ERR599038_bin.22.p	1	1	1	1	1
sunagawa2015	ERR599038_bin.23.s	1	1	1	1	1
sunagawa2015	ERR599038_bin.24.p	1	1	1	1	1
sunagawa2015	ERR599038_bin.25.p	1	1	1	1	1
sunagawa2015	ERR599038_bin.26.p	1	1	1	1	1
sunagawa2015	ERR599038_bin.27.p	1	1	1	1	1
sunagawa2015	ERR599038_bin.28.o	1	1	1	1	1
sunagawa2015	ERR599038_bin.29.s	1	1	1	1	1
sunagawa2015	ERR599038_bin.3.p	1	1	1	1	1
sunagawa2015	ERR599038_bin.30.s	1	1	1	1	1
sunagawa2015	ERR599038_bin.31.p	1	1	1	1	1
sunagawa2015	ERR599038_bin.32.s	1	1	1	1	1
sunagawa2015	ERR599038_bin.33.s	1	1	1	1	1
sunagawa2015	ERR599038_bin.34.o	1	1	1	1	1
sunagawa2015	ERR599038_bin.35.p	1	1	1	1	1
sunagawa2015	ERR599038_bin.36.p	1	1	1	1	1
sunagawa2015	ERR599038_bin.37.p	1	1	1	1	1
sunagawa2015	ERR599038_bin.38.s	1	1	1	1	1
sunagawa2015	ERR599038_bin.39.p	1	1	1	1	1
sunagawa2015	ERR599038_bin.4.p	1	1	1	1	1
sunagawa2015	ERR599038_bin.40.p	1	1	1	1	1
sunagawa2015	ERR599038_bin.41.s	1	1	1	1	1
sunagawa2015	ERR599038_bin.42.p	1	1	1	1	1
sunagawa2015	ERR599038_bin.43.p	1	1	1	1	1
sunagawa2015	ERR599038_bin.44.s	1	1	1	1	1
sunagawa2015	ERR599038_bin.45.s	1	1	1	1	1
sunagawa2015	ERR599038_bin.46.s	1	1	1	1	1
sunagawa2015	ERR599038_bin.49.o	1	1	1	1	1
sunagawa2015	ERR599038_bin.5.p	1	1	1	1	1
sunagawa2015	ERR599038_bin.50.p	1	1	1	1	1
sunagawa2015	ERR599038_bin.51.s	1	1	1	1	1
sunagawa2015	ERR599038_bin.52.s	1	1	1	1	1
sunagawa2015	ERR599038_bin.53.p	1	1	1	1	1
sunagawa2015	ERR599038_bin.54.p	1	1	0	1	1
sunagawa2015	ERR599038_bin.55.p	1	1	1	1	1
sunagawa2015	ERR599038_bin.56.s	1	1	1	1	1
sunagawa2015	ERR599038_bin.57.s	1	1	1	1	1
sunagawa2015	ERR599038_bin.58.s	1	1	1	1	1
sunagawa2015	ERR599038_bin.59.p	1	1	1	1	1
sunagawa2015	ERR599038_bin.6.p	1	1	1	1	1
sunagawa2015	ERR599038_bin.60.s	1	1	1	1	1
sunagawa2015	ERR599038_bin.61.p	1	1	1	1	1
sunagawa2015	ERR599038_bin.62.p	1	1	1	1	1
sunagawa2015	ERR599038_bin.63.s	1	1	1	1	1
sunagawa2015	ERR599038_bin.64.s	1	1	1	1	1
sunagawa2015	ERR599038_bin.65.s	1	1	1	1	1
sunagawa2015	ERR599038_bin.66.p	1	1	1	1	1
sunagawa2015	ERR599038_bin.67.s	1	1	1	1	1
sunagawa2015	ERR599038_bin.68.s	1	1	1	1	1
sunagawa2015	ERR599038_bin.69.p	1	1	1	1	1
sunagawa2015	ERR599038_bin.7.s	1	1	1	1	1
sunagawa2015	ERR599038_bin.70.s	1	1	1	1	1
sunagawa2015	ERR599038_bin.71.o	1	1	1	1	1
sunagawa2015	ERR599038_bin.8.p	1	1	1	1	1
sunagawa2015	ERR599038_bin.9.p	1	1	1	1	1
sunagawa2015	ERR599039_bin.10.o	1	1	1	1	1
sunagawa2015	ERR599039_bin.11.s	1	1	1	1	1
sunagawa2015	ERR599039_bin.12.p	1	1	1	1	1
sunagawa2015	ERR599039_bin.13.s	1	1	1	1	1
sunagawa2015	ERR599039_bin.14.p	1	1	1	1	1
sunagawa2015	ERR599039_bin.15.s	1	1	1	1	1
sunagawa2015	ERR599039_bin.16.s	1	1	1	1	1
sunagawa2015	ERR599039_bin.17.s	1	1	1	1	1
sunagawa2015	ERR599039_bin.18.p	1	1	1	1	1
sunagawa2015	ERR599039_bin.19.p	1	1	1	1	1
sunagawa2015	ERR599039_bin.2.s	1	1	1	1	1
sunagawa2015	ERR599039_bin.20.p	1	1	1	1	1
sunagawa2015	ERR599039_bin.21.s	1	1	1	1	1
sunagawa2015	ERR599039_bin.22.o	1	1	1	1	1
sunagawa2015	ERR599039_bin.23.s	1	1	1	1	1
sunagawa2015	ERR599039_bin.24.s	1	1	1	1	1
sunagawa2015	ERR599039_bin.25.o	1	1	1	1	1
sunagawa2015	ERR599039_bin.26.p	1	1	1	1	1
sunagawa2015	ERR599039_bin.27.p	1	1	1	1	1
sunagawa2015	ERR599039_bin.28.p	1	1	1	1	1
sunagawa2015	ERR599039_bin.29.p	1	1	1	1	1
sunagawa2015	ERR599039_bin.3.p	1	1	1	1	1
sunagawa2015	ERR599039_bin.30.p	1	1	1	1	1
sunagawa2015	ERR599039_bin.31.p	1	1	1	1	1
sunagawa2015	ERR599039_bin.33.p	1	1	1	1	1
sunagawa2015	ERR599039_bin.34.p	1	1	1	1	1
sunagawa2015	ERR599039_bin.35.p	1	1	1	1	1
sunagawa2015	ERR599039_bin.36.s	1	1	1	1	1
sunagawa2015	ERR599039_bin.37.s	1	1	1	1	1
sunagawa2015	ERR599039_bin.39.s	1	1	1	1	1
sunagawa2015	ERR599039_bin.4.s	1	1	1	1	1
sunagawa2015	ERR599039_bin.40.p	1	1	1	1	1
sunagawa2015	ERR599039_bin.41.s	1	1	1	1	1
sunagawa2015	ERR599039_bin.42.s	1	1	1	1	1
sunagawa2015	ERR599039_bin.43.o	1	1	1	1	1
sunagawa2015	ERR599039_bin.44.s	1	1	1	1	1
sunagawa2015	ERR599039_bin.45.p	1	1	1	1	1
sunagawa2015	ERR599039_bin.46.s	1	1	1	1	1
sunagawa2015	ERR599039_bin.47.p	1	1	1	1	1
sunagawa2015	ERR599039_bin.48.s	1	1	1	1	1
sunagawa2015	ERR599039_bin.49.p	1	1	1	1	1
sunagawa2015	ERR599039_bin.5.s	1	1	1	1	1
sunagawa2015	ERR599039_bin.50.s	1	1	1	1	1
sunagawa2015	ERR599039_bin.51.s	1	1	1	1	1
sunagawa2015	ERR599039_bin.52.s	1	1	1	1	1
sunagawa2015	ERR599039_bin.6.p	1	1	1	1	1
sunagawa2015	ERR599039_bin.7.s	1	1	1	1	1
sunagawa2015	ERR599039_bin.8.s	1	1	1	1	1
sunagawa2015	ERR599039_bin.9.p	1	1	1	1	1
sunagawa2015	ERR599040_bin.1.p	1	1	1	1	1
sunagawa2015	ERR599040_bin.10.s	1	1	1	1	1
sunagawa2015	ERR599040_bin.11.p	1	1	1	1	1
sunagawa2015	ERR599040_bin.12.s	1	1	1	1	1
sunagawa2015	ERR599040_bin.14.s	1	1	1	1	1
sunagawa2015	ERR599040_bin.15.s	1	1	1	1	1
sunagawa2015	ERR599040_bin.16.o	1	1	1	1	1
sunagawa2015	ERR599040_bin.2.s	1	1	1	1	1
sunagawa2015	ERR599040_bin.3.s	1	1	1	1	1
sunagawa2015	ERR599040_bin.4.p	1	1	1	1	1
sunagawa2015	ERR599040_bin.5.p	1	1	1	1	1
sunagawa2015	ERR599040_bin.6.p	1	1	1	1	1
sunagawa2015	ERR599040_bin.7.p	1	1	1	1	1
sunagawa2015	ERR599040_bin.8.p	1	1	1	1	1
sunagawa2015	ERR599040_bin.9.p	1	1	1	1	1
sunagawa2015	ERR599041_bin.1.p	1	1	1	1	1
sunagawa2015	ERR599041_bin.10.s	1	1	1	1	1
sunagawa2015	ERR599041_bin.11.p	1	1	1	1	1
sunagawa2015	ERR599041_bin.12.s	1	1	1	1	1
sunagawa2015	ERR599041_bin.13.p	1	1	1	1	1
sunagawa2015	ERR599041_bin.14.p	1	1	1	1	1
sunagawa2015	ERR599041_bin.2.p	1	1	1	1	1
sunagawa2015	ERR599041_bin.3.p	1	1	1	1	1
sunagawa2015	ERR599041_bin.4.p	1	1	1	1	1
sunagawa2015	ERR599041_bin.5.p	1	1	1	1	1
sunagawa2015	ERR599041_bin.6.p	1	1	1	1	1
sunagawa2015	ERR599041_bin.7.s	1	1	1	1	1
sunagawa2015	ERR599041_bin.8.p	1	1	1	1	1
sunagawa2015	ERR599041_bin.9.p	1	1	1	1	1
sunagawa2015	ERR599042_bin.1.p	1	1	1	1	1
sunagawa2015	ERR599042_bin.10.o	1	1	1	1	1
sunagawa2015	ERR599042_bin.11.s	1	1	1	1	1
sunagawa2015	ERR599042_bin.12.s	1	1	1	1	1
sunagawa2015	ERR599042_bin.13.p	1	1	1	1	1
sunagawa2015	ERR599042_bin.14.p	1	1	1	1	1
sunagawa2015	ERR599042_bin.15.s	1	1	1	1	1
sunagawa2015	ERR599042_bin.16.s	1	1	1	1	1
sunagawa2015	ERR599042_bin.17.p	1	1	1	1	1
sunagawa2015	ERR599042_bin.18.s	1	1	1	1	1
sunagawa2015	ERR599042_bin.19.s	1	1	1	1	1
sunagawa2015	ERR599042_bin.2.p	1	1	1	1	1
sunagawa2015	ERR599042_bin.20.p	1	1	1	1	1
sunagawa2015	ERR599042_bin.21.p	1	1	1	1	1
sunagawa2015	ERR599042_bin.22.p	1	1	1	1	1
sunagawa2015	ERR599042_bin.23.p	1	1	1	1	1
sunagawa2015	ERR599042_bin.24.p	1	1	1	1	1
sunagawa2015	ERR599042_bin.25.p	1	1	1	1	1
sunagawa2015	ERR599042_bin.27.s	1	1	1	1	1
sunagawa2015	ERR599042_bin.4.s	1	1	1	1	1
sunagawa2015	ERR599042_bin.5.s	1	1	1	1	1
sunagawa2015	ERR599042_bin.6.p	1	1	1	1	1
sunagawa2015	ERR599042_bin.7.p	1	1	1	1	1
sunagawa2015	ERR599042_bin.8.p	1	1	1	1	1
sunagawa2015	ERR599042_bin.9.s	1	1	1	1	1
sunagawa2015	ERR599043_bin.1.s	1	1	1	1	1
sunagawa2015	ERR599043_bin.10.o	1	1	1	1	1
sunagawa2015	ERR599043_bin.11.s	1	1	1	1	1
sunagawa2015	ERR599043_bin.12.s	1	1	1	1	1
sunagawa2015	ERR599043_bin.13.s	1	1	1	1	1
sunagawa2015	ERR599043_bin.14.o	1	1	1	1	1
sunagawa2015	ERR599043_bin.15.s	1	1	1	1	1
sunagawa2015	ERR599043_bin.16.s	1	1	1	1	1
sunagawa2015	ERR599043_bin.17.s	1	1	1	1	1
sunagawa2015	ERR599043_bin.18.s	1	1	1	1	1
sunagawa2015	ERR599043_bin.19.o	1	1	1	1	1
sunagawa2015	ERR599043_bin.2.p	1	1	1	1	1
sunagawa2015	ERR599043_bin.20.o	1	1	1	1	1
sunagawa2015	ERR599043_bin.21.p	1	1	1	1	1
sunagawa2015	ERR599043_bin.22.p	1	1	1	1	1
sunagawa2015	ERR599043_bin.23.s	1	1	1	1	1
sunagawa2015	ERR599043_bin.24.s	1	1	1	1	1
sunagawa2015	ERR599043_bin.25.s	1	1	1	1	1
sunagawa2015	ERR599043_bin.26.p	1	1	1	1	1
sunagawa2015	ERR599043_bin.27.s	1	1	1	1	1
sunagawa2015	ERR599043_bin.28.o	1	1	1	1	1
sunagawa2015	ERR599043_bin.29.s	1	1	1	1	1
sunagawa2015	ERR599043_bin.3.s	1	1	1	1	1
sunagawa2015	ERR599043_bin.30.s	1	1	1	1	1
sunagawa2015	ERR599043_bin.31.s	1	1	1	1	1
sunagawa2015	ERR599043_bin.32.s	1	1	1	1	1
sunagawa2015	ERR599043_bin.33.o	1	1	1	1	1
sunagawa2015	ERR599043_bin.34.s	1	1	1	1	1
sunagawa2015	ERR599043_bin.35.s	1	1	1	1	1
sunagawa2015	ERR599043_bin.36.s	1	1	1	1	1
sunagawa2015	ERR599043_bin.37.s	1	1	1	1	1
sunagawa2015	ERR599043_bin.38.o	1	1	1	1	1
sunagawa2015	ERR599043_bin.39.o	1	1	1	1	1
sunagawa2015	ERR599043_bin.4.s	1	1	1	1	1
sunagawa2015	ERR599043_bin.40.s	1	1	1	1	1
sunagawa2015	ERR599043_bin.41.p	1	1	1	1	1
sunagawa2015	ERR599043_bin.42.p	1	1	1	1	1
sunagawa2015	ERR599043_bin.43.p	1	1	1	1	1
sunagawa2015	ERR599043_bin.44.p	1	1	1	1	1
sunagawa2015	ERR599043_bin.45.p	1	1	1	1	1
sunagawa2015	ERR599043_bin.46.s	1	1	1	1	1
sunagawa2015	ERR599043_bin.47.s	1	1	1	1	1
sunagawa2015	ERR599043_bin.48.s	1	1	1	1	1
sunagawa2015	ERR599043_bin.49.p	1	1	1	1	1
sunagawa2015	ERR599043_bin.5.s	1	1	1	1	1
sunagawa2015	ERR599043_bin.50.o	1	1	1	1	1
sunagawa2015	ERR599043_bin.51.p	1	1	1	1	1
sunagawa2015	ERR599043_bin.52.p	1	1	1	1	1
sunagawa2015	ERR599043_bin.53.s	1	1	1	1	1
sunagawa2015	ERR599043_bin.54.p	1	1	1	1	1
sunagawa2015	ERR599043_bin.56.s	1	1	1	1	1
sunagawa2015	ERR599043_bin.57.s	1	1	1	1	1
sunagawa2015	ERR599043_bin.58.p	1	1	1	1	1
sunagawa2015	ERR599043_bin.59.s	1	1	1	1	1
sunagawa2015	ERR599043_bin.6.s	1	1	1	1	1
sunagawa2015	ERR599043_bin.60.s	1	1	1	1	1
sunagawa2015	ERR599043_bin.61.s	1	1	1	1	1
sunagawa2015	ERR599043_bin.7.s	1	1	1	1	1
sunagawa2015	ERR599043_bin.8.s	1	1	1	1	1
sunagawa2015	ERR599043_bin.9.s	1	1	1	1	1
sunagawa2015	ERR599044_bin.1.s	1	1	1	1	1
sunagawa2015	ERR599044_bin.10.o	1	1	1	1	1
sunagawa2015	ERR599044_bin.11.p	1	1	1	1	1
sunagawa2015	ERR599044_bin.12.s	1	1	1	1	1
sunagawa2015	ERR599044_bin.13.s	1	1	1	1	1
sunagawa2015	ERR599044_bin.14.s	1	1	1	1	1
sunagawa2015	ERR599044_bin.15.p	1	1	1	1	1
sunagawa2015	ERR599044_bin.16.s	1	1	1	1	1
sunagawa2015	ERR599044_bin.17.s	1	1	1	1	1
sunagawa2015	ERR599044_bin.18.s	1	1	1	1	1
sunagawa2015	ERR599044_bin.19.s	1	1	1	1	1
sunagawa2015	ERR599044_bin.2.s	1	1	1	1	1
sunagawa2015	ERR599044_bin.20.s	1	1	1	1	1
sunagawa2015	ERR599044_bin.21.s	1	1	1	1	1
sunagawa2015	ERR599044_bin.22.s	1	1	1	1	1
sunagawa2015	ERR599044_bin.23.p	1	1	1	1	1
sunagawa2015	ERR599044_bin.24.s	1	1	1	1	1
sunagawa2015	ERR599044_bin.25.o	1	1	1	1	1
sunagawa2015	ERR599044_bin.26.s	1	1	1	1	1
sunagawa2015	ERR599044_bin.27.s	1	1	1	1	1
sunagawa2015	ERR599044_bin.28.p	1	1	1	1	1
sunagawa2015	ERR599044_bin.29.p	1	1	1	1	1
sunagawa2015	ERR599044_bin.3.o	1	1	1	1	1
sunagawa2015	ERR599044_bin.30.s	1	1	1	1	1
sunagawa2015	ERR599044_bin.31.p	1	1	1	1	1
sunagawa2015	ERR599044_bin.32.p	1	1	1	1	1
sunagawa2015	ERR599044_bin.33.p	1	1	1	1	1
sunagawa2015	ERR599044_bin.34.s	1	1	1	1	1
sunagawa2015	ERR599044_bin.35.o	1	1	1	1	1
sunagawa2015	ERR599044_bin.36.s	1	1	1	1	1
sunagawa2015	ERR599044_bin.37.p	1	1	1	1	1
sunagawa2015	ERR599044_bin.38.p	1	1	1	1	1
sunagawa2015	ERR599044_bin.39.p	1	1	1	1	1
sunagawa2015	ERR599044_bin.4.s	1	1	1	1	1
sunagawa2015	ERR599044_bin.41.s	1	1	1	1	1
sunagawa2015	ERR599044_bin.42.o	1	1	1	1	1
sunagawa2015	ERR599044_bin.43.o	1	1	1	1	1
sunagawa2015	ERR599044_bin.44.p	1	1	1	1	1
sunagawa2015	ERR599044_bin.46.p	1	1	1	1	1
sunagawa2015	ERR599044_bin.48.p	1	1	1	1	1
sunagawa2015	ERR599044_bin.49.p	1	1	1	1	1
sunagawa2015	ERR599044_bin.5.s	1	1	1	1	1
sunagawa2015	ERR599044_bin.50.s	1	1	1	1	1
sunagawa2015	ERR599044_bin.51.s	1	1	1	1	1
sunagawa2015	ERR599044_bin.52.p	1	1	1	1	1
sunagawa2015	ERR599044_bin.6.s	1	1	1	1	1
sunagawa2015	ERR599044_bin.7.p	1	1	1	1	1
sunagawa2015	ERR599044_bin.8.p	1	1	1	1	1
sunagawa2015	ERR599044_bin.9.p	1	1	1	1	1
sunagawa2015	ERR599045_bin.1.p	1	1	1	1	1
sunagawa2015	ERR599045_bin.10.p	1	1	1	1	1
sunagawa2015	ERR599045_bin.11.s	1	1	1	1	1
sunagawa2015	ERR599045_bin.12.p	1	1	1	1	1
sunagawa2015	ERR599045_bin.13.p	1	1	1	1	1
sunagawa2015	ERR599045_bin.14.o	1	1	1	1	1
sunagawa2015	ERR599045_bin.15.p	1	1	1	1	1
sunagawa2015	ERR599045_bin.16.p	1	1	1	1	1
sunagawa2015	ERR599045_bin.17.p	1	1	1	1	1
sunagawa2015	ERR599045_bin.18.p	1	1	1	1	1
sunagawa2015	ERR599045_bin.19.o	1	1	1	1	1
sunagawa2015	ERR599045_bin.2.p	1	1	1	1	1
sunagawa2015	ERR599045_bin.3.p	1	1	1	1	1
sunagawa2015	ERR599045_bin.4.p	1	1	1	1	1
sunagawa2015	ERR599045_bin.5.p	1	1	1	1	1
sunagawa2015	ERR599045_bin.6.p	1	1	1	1	1
sunagawa2015	ERR599045_bin.7.s	1	1	1	1	1
sunagawa2015	ERR599045_bin.8.p	1	1	1	1	1
sunagawa2015	ERR599045_bin.9.p	1	1	1	1	1
sunagawa2015	ERR599046_bin.1.p	1	1	1	1	1
sunagawa2015	ERR599046_bin.10.o	1	1	1	1	1
sunagawa2015	ERR599046_bin.11.p	1	1	1	1	1
sunagawa2015	ERR599046_bin.12.s	1	1	1	1	1
sunagawa2015	ERR599046_bin.13.p	1	1	1	1	1
sunagawa2015	ERR599046_bin.14.s	1	1	1	1	1
sunagawa2015	ERR599046_bin.15.p	1	1	1	1	1
sunagawa2015	ERR599046_bin.2.p	1	1	1	1	1
sunagawa2015	ERR599046_bin.3.p	1	1	1	1	1
sunagawa2015	ERR599046_bin.4.s	1	1	1	1	1
sunagawa2015	ERR599046_bin.5.s	1	1	1	1	1
sunagawa2015	ERR599046_bin.6.p	1	1	1	1	1
sunagawa2015	ERR599046_bin.7.p	1	1	1	1	1
sunagawa2015	ERR599046_bin.8.p	1	1	1	1	1
sunagawa2015	ERR599046_bin.9.p	1	1	1	1	1
sunagawa2015	ERR599047_bin.1.p	1	1	1	1	1
sunagawa2015	ERR599047_bin.10.s	1	1	1	1	1
sunagawa2015	ERR599047_bin.11.s	1	1	1	1	1
sunagawa2015	ERR599047_bin.12.p	1	1	1	1	1
sunagawa2015	ERR599047_bin.13.p	1	1	1	1	1
sunagawa2015	ERR599047_bin.14.s	1	1	1	1	1
sunagawa2015	ERR599047_bin.15.s	1	1	1	1	1
sunagawa2015	ERR599047_bin.16.s	1	1	1	1	1
sunagawa2015	ERR599047_bin.17.p	1	1	1	1	1
sunagawa2015	ERR599047_bin.18.p	1	1	1	1	1
sunagawa2015	ERR599047_bin.19.s	1	1	1	1	1
sunagawa2015	ERR599047_bin.2.s	1	1	1	1	1
sunagawa2015	ERR599047_bin.20.s	1	1	1	1	1
sunagawa2015	ERR599047_bin.21.o	1	1	1	1	1
sunagawa2015	ERR599047_bin.22.s	1	1	1	1	1
sunagawa2015	ERR599047_bin.23.p	1	1	1	1	1
sunagawa2015	ERR599047_bin.25.p	1	1	1	1	1
sunagawa2015	ERR599047_bin.26.p	1	1	1	1	1
sunagawa2015	ERR599047_bin.27.o	1	1	1	1	1
sunagawa2015	ERR599047_bin.28.o	1	1	1	1	1
sunagawa2015	ERR599047_bin.29.o	1	1	1	1	1
sunagawa2015	ERR599047_bin.3.s	1	1	1	1	1
sunagawa2015	ERR599047_bin.30.p	1	1	1	1	1
sunagawa2015	ERR599047_bin.31.o	1	1	1	1	1
sunagawa2015	ERR599047_bin.4.p	1	1	1	1	1
sunagawa2015	ERR599047_bin.5.p	1	1	1	1	1
sunagawa2015	ERR599047_bin.6.s	1	1	1	1	1
sunagawa2015	ERR599047_bin.7.o	1	1	1	1	1
sunagawa2015	ERR599047_bin.8.o	1	1	1	1	1
sunagawa2015	ERR599048_bin.1.p	1	1	1	1	1
sunagawa2015	ERR599048_bin.10.p	1	1	1	1	1
sunagawa2015	ERR599048_bin.11.p	1	1	1	1	1
sunagawa2015	ERR599048_bin.12.p	1	1	1	1	1
sunagawa2015	ERR599048_bin.13.s	1	1	1	1	1
sunagawa2015	ERR599048_bin.14.o	1	1	1	1	1
sunagawa2015	ERR599048_bin.15.s	1	1	1	1	1
sunagawa2015	ERR599048_bin.2.s	1	1	1	1	1
sunagawa2015	ERR599048_bin.3.p	1	1	1	1	1
sunagawa2015	ERR599048_bin.4.s	1	1	1	1	1
sunagawa2015	ERR599048_bin.5.s	1	1	1	1	1
sunagawa2015	ERR599048_bin.7.s	1	1	1	1	1
sunagawa2015	ERR599048_bin.8.s	1	1	1	1	1
sunagawa2015	ERR599048_bin.9.p	1	1	1	1	1
sunagawa2015	ERR599049_bin.1.o	1	1	1	1	1
sunagawa2015	ERR599049_bin.10.p	1	1	1	1	1
sunagawa2015	ERR599049_bin.11.s	1	1	1	1	1
sunagawa2015	ERR599049_bin.12.s	1	1	1	1	1
sunagawa2015	ERR599049_bin.13.o	1	1	1	1	1
sunagawa2015	ERR599049_bin.14.p	1	1	1	1	1
sunagawa2015	ERR599049_bin.16.p	1	1	1	1	1
sunagawa2015	ERR599049_bin.17.s	1	1	1	1	1
sunagawa2015	ERR599049_bin.18.s	1	1	1	1	1
sunagawa2015	ERR599049_bin.19.p	1	1	1	1	1
sunagawa2015	ERR599049_bin.2.s	1	1	1	1	1
sunagawa2015	ERR599049_bin.20.p	1	1	1	1	1
sunagawa2015	ERR599049_bin.21.s	1	1	1	1	1
sunagawa2015	ERR599049_bin.22.s	1	1	1	1	1
sunagawa2015	ERR599049_bin.23.p	1	1	1	1	1
sunagawa2015	ERR599049_bin.24.p	1	1	1	1	1
sunagawa2015	ERR599049_bin.25.s	1	1	1	1	1
sunagawa2015	ERR599049_bin.26.p	1	1	1	1	1
sunagawa2015	ERR599049_bin.27.s	1	1	1	1	1
sunagawa2015	ERR599049_bin.28.s	1	1	1	1	1
sunagawa2015	ERR599049_bin.29.p	1	1	1	1	1
sunagawa2015	ERR599049_bin.3.p	1	1	1	1	1
sunagawa2015	ERR599049_bin.30.p	1	1	1	1	1
sunagawa2015	ERR599049_bin.31.p	1	1	1	1	1
sunagawa2015	ERR599049_bin.32.s	1	1	1	1	1
sunagawa2015	ERR599049_bin.33.s	1	1	1	1	1
sunagawa2015	ERR599049_bin.34.s	1	1	1	1	1
sunagawa2015	ERR599049_bin.35.p	1	1	1	1	1
sunagawa2015	ERR599049_bin.36.p	1	1	1	1	1
sunagawa2015	ERR599049_bin.37.p	1	1	1	1	1
sunagawa2015	ERR599049_bin.38.s	1	1	1	1	1
sunagawa2015	ERR599049_bin.39.s	1	1	1	1	1
sunagawa2015	ERR599049_bin.4.p	1	1	1	1	1
sunagawa2015	ERR599049_bin.40.p	1	1	1	1	1
sunagawa2015	ERR599049_bin.41.p	1	1	1	1	1
sunagawa2015	ERR599049_bin.42.s	1	1	1	1	1
sunagawa2015	ERR599049_bin.43.s	1	1	1	1	1
sunagawa2015	ERR599049_bin.44.p	1	1	1	1	1
sunagawa2015	ERR599049_bin.45.p	1	1	1	1	1
sunagawa2015	ERR599049_bin.46.s	1	1	1	1	1
sunagawa2015	ERR599049_bin.47.s	1	1	1	1	1
sunagawa2015	ERR599049_bin.49.s	1	1	1	1	1
sunagawa2015	ERR599049_bin.5.s	1	1	1	1	1
sunagawa2015	ERR599049_bin.50.s	1	1	1	1	1
sunagawa2015	ERR599049_bin.51.p	1	1	1	1	1
sunagawa2015	ERR599049_bin.6.p	1	1	1	1	1
sunagawa2015	ERR599049_bin.7.s	1	1	1	1	1
sunagawa2015	ERR599049_bin.8.s	1	1	1	1	1
sunagawa2015	ERR599049_bin.9.s	1	1	1	1	1
sunagawa2015	ERR599050_bin.1.s	1	1	1	1	1
sunagawa2015	ERR599050_bin.10.s	1	1	1	1	1
sunagawa2015	ERR599050_bin.11.p	1	1	1	1	1
sunagawa2015	ERR599050_bin.12.s	1	1	1	1	1
sunagawa2015	ERR599050_bin.13.s	1	1	1	1	1
sunagawa2015	ERR599050_bin.14.p	1	1	1	1	1
sunagawa2015	ERR599050_bin.15.s	1	1	1	1	1
sunagawa2015	ERR599050_bin.16.s	1	1	1	1	1
sunagawa2015	ERR599050_bin.17.s	1	1	1	1	1
sunagawa2015	ERR599050_bin.18.p	1	1	1	1	1
sunagawa2015	ERR599050_bin.19.p	1	1	1	1	1
sunagawa2015	ERR599050_bin.2.s	1	1	1	1	1
sunagawa2015	ERR599050_bin.20.s	1	1	1	1	1
sunagawa2015	ERR599050_bin.21.p	1	1	1	1	1
sunagawa2015	ERR599050_bin.22.s	1	1	1	1	1
sunagawa2015	ERR599050_bin.23.p	1	1	1	1	1
sunagawa2015	ERR599050_bin.24.s	1	1	1	1	1
sunagawa2015	ERR599050_bin.25.s	1	1	1	1	1
sunagawa2015	ERR599050_bin.26.s	1	1	1	1	1
sunagawa2015	ERR599050_bin.27.s	1	1	1	1	1
sunagawa2015	ERR599050_bin.28.s	1	1	1	1	1
sunagawa2015	ERR599050_bin.29.p	1	1	1	1	1
sunagawa2015	ERR599050_bin.3.s	1	1	1	1	1
sunagawa2015	ERR599050_bin.30.p	1	1	1	1	1
sunagawa2015	ERR599050_bin.31.p	1	1	1	1	1
sunagawa2015	ERR599050_bin.32.p	1	1	1	1	1
sunagawa2015	ERR599050_bin.33.s	1	1	1	1	1
sunagawa2015	ERR599050_bin.34.p	1	1	1	1	1
sunagawa2015	ERR599050_bin.35.s	1	1	1	1	1
sunagawa2015	ERR599050_bin.36.p	1	1	1	1	1
sunagawa2015	ERR599050_bin.37.s	1	1	1	1	1
sunagawa2015	ERR599050_bin.38.s	1	1	1	1	1
sunagawa2015	ERR599050_bin.39.s	1	1	1	1	1
sunagawa2015	ERR599050_bin.4.s	1	1	1	1	1
sunagawa2015	ERR599050_bin.40.o	1	1	1	1	1
sunagawa2015	ERR599050_bin.41.p	1	1	1	1	1
sunagawa2015	ERR599050_bin.42.o	1	1	1	1	1
sunagawa2015	ERR599050_bin.43.o	1	1	1	1	1
sunagawa2015	ERR599050_bin.44.s	1	1	1	1	1
sunagawa2015	ERR599050_bin.45.s	1	1	1	1	1
sunagawa2015	ERR599050_bin.46.s	1	1	1	1	1
sunagawa2015	ERR599050_bin.47.s	1	1	1	1	1
sunagawa2015	ERR599050_bin.48.p	1	1	1	1	1
sunagawa2015	ERR599050_bin.49.p	1	1	1	1	1
sunagawa2015	ERR599050_bin.5.o	1	1	1	1	1
sunagawa2015	ERR599050_bin.50.p	1	1	1	1	1
sunagawa2015	ERR599050_bin.51.s	1	1	1	1	1
sunagawa2015	ERR599050_bin.52.s	1	1	1	1	1
sunagawa2015	ERR599050_bin.53.s	1	1	1	1	1
sunagawa2015	ERR599050_bin.54.p	1	1	1	1	1
sunagawa2015	ERR599050_bin.55.s	1	1	1	1	1
sunagawa2015	ERR599050_bin.56.s	1	1	1	1	1
sunagawa2015	ERR599050_bin.57.o	1	1	1	1	1
sunagawa2015	ERR599050_bin.58.p	1	1	1	1	1
sunagawa2015	ERR599050_bin.59.p	1	1	1	1	1
sunagawa2015	ERR599050_bin.6.o	1	1	1	1	1
sunagawa2015	ERR599050_bin.60.s	1	1	1	1	1
sunagawa2015	ERR599050_bin.61.s	1	1	1	1	1
sunagawa2015	ERR599050_bin.62.s	1	1	1	1	1
sunagawa2015	ERR599050_bin.63.s	1	1	1	1	1
sunagawa2015	ERR599050_bin.64.s	1	1	1	1	1
sunagawa2015	ERR599050_bin.65.p	1	1	1	1	1
sunagawa2015	ERR599050_bin.66.p	1	1	1	1	1
sunagawa2015	ERR599050_bin.67.o	1	1	1	1	1
sunagawa2015	ERR599050_bin.68.s	1	1	1	1	1
sunagawa2015	ERR599050_bin.69.s	1	1	1	1	1
sunagawa2015	ERR599050_bin.7.p	1	1	1	1	1
sunagawa2015	ERR599050_bin.70.s	1	1	1	1	1
sunagawa2015	ERR599050_bin.71.s	1	1	1	1	1
sunagawa2015	ERR599050_bin.8.s	1	1	1	1	1
sunagawa2015	ERR599050_bin.9.s	1	1	1	1	1
sunagawa2015	ERR599051_bin.1.s	1	1	1	1	1
sunagawa2015	ERR599051_bin.10.o	1	1	1	1	1
sunagawa2015	ERR599051_bin.11.p	1	1	1	1	1
sunagawa2015	ERR599051_bin.12.s	1	1	1	1	1
sunagawa2015	ERR599051_bin.13.s	1	1	1	1	1
sunagawa2015	ERR599051_bin.14.p	1	1	1	1	1
sunagawa2015	ERR599051_bin.15.s	1	1	1	1	1
sunagawa2015	ERR599051_bin.18.s	1	1	1	1	1
sunagawa2015	ERR599051_bin.2.o	1	1	1	1	1
sunagawa2015	ERR599051_bin.20.s	1	1	1	1	1
sunagawa2015	ERR599051_bin.21.s	1	1	1	1	1
sunagawa2015	ERR599051_bin.22.p	1	1	1	1	1
sunagawa2015	ERR599051_bin.23.s	1	1	1	1	1
sunagawa2015	ERR599051_bin.25.p	1	1	1	1	1
sunagawa2015	ERR599051_bin.27.s	1	1	1	1	1
sunagawa2015	ERR599051_bin.28.p	1	1	1	1	1
sunagawa2015	ERR599051_bin.29.p	1	1	1	1	1
sunagawa2015	ERR599051_bin.3.s	1	1	1	1	1
sunagawa2015	ERR599051_bin.30.s	1	1	1	1	1
sunagawa2015	ERR599051_bin.31.o	1	1	1	1	1
sunagawa2015	ERR599051_bin.32.s	1	1	1	1	1
sunagawa2015	ERR599051_bin.4.p	1	1	1	1	1
sunagawa2015	ERR599051_bin.5.o	1	1	1	1	1
sunagawa2015	ERR599051_bin.6.p	1	1	1	1	1
sunagawa2015	ERR599051_bin.7.p	1	1	1	1	1
sunagawa2015	ERR599051_bin.8.s	1	1	1	1	1
sunagawa2015	ERR599051_bin.9.p	1	1	1	1	1
sunagawa2015	ERR599052_bin.1.o	1	1	1	1	1
sunagawa2015	ERR599052_bin.10.s	1	1	1	1	1
sunagawa2015	ERR599052_bin.11.s	1	1	1	1	1
sunagawa2015	ERR599052_bin.12.s	1	1	1	1	1
sunagawa2015	ERR599052_bin.13.s	1	1	1	1	1
sunagawa2015	ERR599052_bin.14.s	1	1	1	1	1
sunagawa2015	ERR599052_bin.15.p	1	1	1	1	1
sunagawa2015	ERR599052_bin.16.p	1	1	1	1	1
sunagawa2015	ERR599052_bin.17.s	1	1	1	1	1
sunagawa2015	ERR599052_bin.18.p	1	1	1	1	1
sunagawa2015	ERR599052_bin.19.p	1	1	1	1	1
sunagawa2015	ERR599052_bin.2.s	1	1	1	1	1
sunagawa2015	ERR599052_bin.20.s	1	1	1	1	1
sunagawa2015	ERR599052_bin.21.s	1	1	1	1	1
sunagawa2015	ERR599052_bin.22.s	1	1	1	1	1
sunagawa2015	ERR599052_bin.23.o	1	1	1	1	1
sunagawa2015	ERR599052_bin.24.s	1	1	1	1	1
sunagawa2015	ERR599052_bin.25.s	1	1	1	1	1
sunagawa2015	ERR599052_bin.26.s	1	1	1	1	1
sunagawa2015	ERR599052_bin.27.p	1	1	1	1	1
sunagawa2015	ERR599052_bin.28.s	1	1	1	1	1
sunagawa2015	ERR599052_bin.29.o	1	1	1	1	1
sunagawa2015	ERR599052_bin.3.s	1	1	1	1	1
sunagawa2015	ERR599052_bin.30.o	1	1	1	1	1
sunagawa2015	ERR599052_bin.32.p	1	1	1	1	1
sunagawa2015	ERR599052_bin.33.s	1	1	1	1	1
sunagawa2015	ERR599052_bin.34.p	1	1	1	1	1
sunagawa2015	ERR599052_bin.35.s	1	1	1	1	1
sunagawa2015	ERR599052_bin.36.p	1	1	1	1	1
sunagawa2015	ERR599052_bin.37.s	1	1	1	1	1
sunagawa2015	ERR599052_bin.38.o	1	1	1	1	1
sunagawa2015	ERR599052_bin.39.s	1	1	1	1	1
sunagawa2015	ERR599052_bin.4.s	1	1	1	1	1
sunagawa2015	ERR599052_bin.40.p	1	1	1	1	1
sunagawa2015	ERR599052_bin.41.s	1	1	1	1	1
sunagawa2015	ERR599052_bin.42.s	1	1	1	1	1
sunagawa2015	ERR599052_bin.43.s	1	1	1	1	1
sunagawa2015	ERR599052_bin.44.p	1	1	1	1	1
sunagawa2015	ERR599052_bin.45.p	1	1	1	1	1
sunagawa2015	ERR599052_bin.46.p	1	1	1	1	1
sunagawa2015	ERR599052_bin.47.s	1	1	1	1	1
sunagawa2015	ERR599052_bin.48.s	1	1	1	1	1
sunagawa2015	ERR599052_bin.49.o	1	1	1	1	1
sunagawa2015	ERR599052_bin.5.p	1	1	1	1	1
sunagawa2015	ERR599052_bin.50.s	1	1	1	1	1
sunagawa2015	ERR599052_bin.51.s	1	1	1	1	1
sunagawa2015	ERR599052_bin.52.s	1	1	1	1	1
sunagawa2015	ERR599052_bin.53.s	1	1	1	1	1
sunagawa2015	ERR599052_bin.54.s	1	1	1	1	1
sunagawa2015	ERR599052_bin.56.s	1	1	1	1	1
sunagawa2015	ERR599052_bin.57.o	1	1	1	1	1
sunagawa2015	ERR599052_bin.58.s	1	1	1	1	1
sunagawa2015	ERR599052_bin.59.p	1	1	1	1	1
sunagawa2015	ERR599052_bin.6.p	1	1	1	1	1
sunagawa2015	ERR599052_bin.60.p	1	1	1	1	1
sunagawa2015	ERR599052_bin.61.p	1	1	1	1	1
sunagawa2015	ERR599052_bin.62.s	1	1	1	1	1
sunagawa2015	ERR599052_bin.63.s	1	1	1	1	1
sunagawa2015	ERR599052_bin.66.s	1	1	1	1	1
sunagawa2015	ERR599052_bin.67.o	1	1	1	1	1
sunagawa2015	ERR599052_bin.7.s	1	1	1	1	1
sunagawa2015	ERR599052_bin.8.s	1	1	1	1	1
sunagawa2015	ERR599052_bin.9.s	1	1	1	1	1
sunagawa2015	ERR599053_bin.1.s	1	1	1	1	1
sunagawa2015	ERR599053_bin.10.p	1	1	1	1	1
sunagawa2015	ERR599053_bin.12.p	1	1	1	1	1
sunagawa2015	ERR599053_bin.13.s	1	1	1	1	1
sunagawa2015	ERR599053_bin.14.s	1	1	1	1	1
sunagawa2015	ERR599053_bin.15.s	1	1	1	1	1
sunagawa2015	ERR599053_bin.16.p	1	1	1	1	1
sunagawa2015	ERR599053_bin.17.p	1	1	1	1	1
sunagawa2015	ERR599053_bin.18.p	1	1	1	1	1
sunagawa2015	ERR599053_bin.19.s	1	1	1	1	1
sunagawa2015	ERR599053_bin.2.p	1	1	1	1	1
sunagawa2015	ERR599053_bin.20.s	1	1	1	1	1
sunagawa2015	ERR599053_bin.21.p	1	1	1	1	1
sunagawa2015	ERR599053_bin.22.s	1	1	1	1	1
sunagawa2015	ERR599053_bin.23.s	1	1	1	1	1
sunagawa2015	ERR599053_bin.24.p	1	1	1	1	1
sunagawa2015	ERR599053_bin.25.p	1	1	1	1	1
sunagawa2015	ERR599053_bin.26.p	1	1	1	1	1
sunagawa2015	ERR599053_bin.27.o	1	1	1	1	1
sunagawa2015	ERR599053_bin.28.s	1	1	1	1	1
sunagawa2015	ERR599053_bin.29.s	1	1	1	1	1
sunagawa2015	ERR599053_bin.3.s	1	1	1	1	1
sunagawa2015	ERR599053_bin.30.o	1	1	1	1	1
sunagawa2015	ERR599053_bin.31.s	1	1	1	1	1
sunagawa2015	ERR599053_bin.32.s	1	1	1	1	1
sunagawa2015	ERR599053_bin.33.s	1	1	1	1	1
sunagawa2015	ERR599053_bin.34.s	1	1	1	1	1
sunagawa2015	ERR599053_bin.35.s	1	1	1	1	1
sunagawa2015	ERR599053_bin.37.p	1	1	1	1	1
sunagawa2015	ERR599053_bin.38.s	1	1	1	1	1
sunagawa2015	ERR599053_bin.39.p	1	1	1	1	1
sunagawa2015	ERR599053_bin.40.s	1	1	1	1	1
sunagawa2015	ERR599053_bin.41.p	1	1	1	1	1
sunagawa2015	ERR599053_bin.42.s	1	1	1	1	1
sunagawa2015	ERR599053_bin.43.p	1	1	1	1	1
sunagawa2015	ERR599053_bin.44.s	1	1	1	1	1
sunagawa2015	ERR599053_bin.45.s	1	1	1	1	1
sunagawa2015	ERR599053_bin.46.p	1	1	1	1	1
sunagawa2015	ERR599053_bin.47.p	1	1	1	1	1
sunagawa2015	ERR599053_bin.48.s	1	1	1	1	1
sunagawa2015	ERR599053_bin.49.s	1	1	1	1	1
sunagawa2015	ERR599053_bin.5.p	1	1	1	1	1
sunagawa2015	ERR599053_bin.50.s	1	1	1	1	1
sunagawa2015	ERR599053_bin.51.p	1	1	1	1	1
sunagawa2015	ERR599053_bin.52.s	1	1	1	1	1
sunagawa2015	ERR599053_bin.53.p	1	1	1	1	1
sunagawa2015	ERR599053_bin.54.s	1	1	1	1	1
sunagawa2015	ERR599053_bin.55.s	1	1	1	1	1
sunagawa2015	ERR599053_bin.56.s	1	1	1	1	1
sunagawa2015	ERR599053_bin.57.p	1	1	1	1	1
sunagawa2015	ERR599053_bin.58.s	1	1	1	1	1
sunagawa2015	ERR599053_bin.59.p	1	1	1	1	1
sunagawa2015	ERR599053_bin.6.s	1	1	1	1	1
sunagawa2015	ERR599053_bin.60.s	1	1	1	1	1
sunagawa2015	ERR599053_bin.61.s	1	1	1	1	1
sunagawa2015	ERR599053_bin.62.p	1	1	1	1	1
sunagawa2015	ERR599053_bin.63.o	1	1	1	1	1
sunagawa2015	ERR599053_bin.64.s	1	1	1	1	1
sunagawa2015	ERR599053_bin.65.s	1	1	1	1	1
sunagawa2015	ERR599053_bin.66.p	1	1	1	1	1
sunagawa2015	ERR599053_bin.67.s	1	1	1	1	1
sunagawa2015	ERR599053_bin.68.p	1	1	1	1	1
sunagawa2015	ERR599053_bin.69.s	1	1	1	1	1
sunagawa2015	ERR599053_bin.7.s	1	1	1	1	1
sunagawa2015	ERR599053_bin.71.p	1	1	1	1	1
sunagawa2015	ERR599053_bin.73.s	1	1	1	1	1
sunagawa2015	ERR599053_bin.74.o	1	1	1	1	1
sunagawa2015	ERR599053_bin.8.p	1	1	1	1	1
sunagawa2015	ERR599053_bin.9.s	1	1	1	1	1
sunagawa2015	ERR599054_bin.1.s	1	1	1	1	1
sunagawa2015	ERR599054_bin.10.s	1	1	1	1	1
sunagawa2015	ERR599054_bin.11.s	1	1	1	1	1
sunagawa2015	ERR599054_bin.12.s	1	1	1	1	1
sunagawa2015	ERR599054_bin.13.o	1	1	1	1	1
sunagawa2015	ERR599054_bin.14.p	1	1	1	1	1
sunagawa2015	ERR599054_bin.15.s	1	1	1	1	1
sunagawa2015	ERR599054_bin.16.p	1	1	1	1	1
sunagawa2015	ERR599054_bin.17.s	1	1	1	1	1
sunagawa2015	ERR599054_bin.18.p	1	1	1	1	1
sunagawa2015	ERR599054_bin.19.o	1	1	1	1	1
sunagawa2015	ERR599054_bin.2.s	1	1	1	1	1
sunagawa2015	ERR599054_bin.20.p	1	1	1	1	1
sunagawa2015	ERR599054_bin.21.s	1	1	1	1	1
sunagawa2015	ERR599054_bin.22.s	1	1	1	1	1
sunagawa2015	ERR599054_bin.23.s	1	1	1	1	1
sunagawa2015	ERR599054_bin.24.p	1	1	1	1	1
sunagawa2015	ERR599054_bin.25.p	1	1	1	1	1
sunagawa2015	ERR599054_bin.27.s	1	1	1	1	1
sunagawa2015	ERR599054_bin.29.p	1	1	1	1	1
sunagawa2015	ERR599054_bin.3.s	1	1	1	1	1
sunagawa2015	ERR599054_bin.30.s	1	1	1	1	1
sunagawa2015	ERR599054_bin.31.p	1	1	1	1	1
sunagawa2015	ERR599054_bin.32.p	1	1	1	1	1
sunagawa2015	ERR599054_bin.33.s	1	1	1	1	1
sunagawa2015	ERR599054_bin.34.p	1	1	1	1	1
sunagawa2015	ERR599054_bin.35.p	1	1	1	1	1
sunagawa2015	ERR599054_bin.36.s	1	1	1	1	1
sunagawa2015	ERR599054_bin.37.s	1	1	1	1	1
sunagawa2015	ERR599054_bin.38.p	1	1	1	1	1
sunagawa2015	ERR599054_bin.39.p	1	1	1	1	1
sunagawa2015	ERR599054_bin.4.p	1	1	1	1	1
sunagawa2015	ERR599054_bin.40.p	1	1	1	1	1
sunagawa2015	ERR599054_bin.41.s	1	1	1	1	1
sunagawa2015	ERR599054_bin.42.p	1	1	1	1	1
sunagawa2015	ERR599054_bin.43.p	1	1	1	1	1
sunagawa2015	ERR599054_bin.44.p	1	1	1	1	1
sunagawa2015	ERR599054_bin.45.s	1	1	1	1	1
sunagawa2015	ERR599054_bin.47.s	1	1	1	1	1
sunagawa2015	ERR599054_bin.48.p	1	1	1	1	1
sunagawa2015	ERR599054_bin.5.p	1	1	1	1	1
sunagawa2015	ERR599054_bin.6.p	1	1	1	1	1
sunagawa2015	ERR599054_bin.7.s	1	1	1	1	1
sunagawa2015	ERR599054_bin.8.p	1	1	1	1	1
sunagawa2015	ERR599054_bin.9.s	1	1	1	1	1
sunagawa2015	ERR599055_bin.1.p	1	1	1	1	1
sunagawa2015	ERR599055_bin.11.p	1	1	1	1	1
sunagawa2015	ERR599055_bin.12.s	1	1	1	1	1
sunagawa2015	ERR599055_bin.13.s	1	1	1	1	1
sunagawa2015	ERR599055_bin.14.s	1	1	1	1	1
sunagawa2015	ERR599055_bin.2.p	1	1	1	1	1
sunagawa2015	ERR599055_bin.3.s	1	1	1	1	1
sunagawa2015	ERR599055_bin.5.s	1	1	1	1	1
sunagawa2015	ERR599055_bin.6.s	1	1	1	1	1
sunagawa2015	ERR599055_bin.7.p	1	1	1	1	1
sunagawa2015	ERR599055_bin.8.s	1	1	1	1	1
sunagawa2015	ERR599056_bin.1.s	1	1	1	1	1
sunagawa2015	ERR599056_bin.10.p	1	1	1	1	1
sunagawa2015	ERR599056_bin.11.s	1	1	1	1	1
sunagawa2015	ERR599056_bin.12.p	1	1	1	1	1
sunagawa2015	ERR599056_bin.13.p	1	1	1	1	1
sunagawa2015	ERR599056_bin.14.p	1	1	1	1	1
sunagawa2015	ERR599056_bin.15.s	1	1	1	1	1
sunagawa2015	ERR599056_bin.2.p	1	1	1	1	1
sunagawa2015	ERR599056_bin.3.s	1	1	1	1	1
sunagawa2015	ERR599056_bin.4.s	1	1	1	1	1
sunagawa2015	ERR599056_bin.5.s	1	1	1	1	1
sunagawa2015	ERR599056_bin.6.s	1	1	1	1	1
sunagawa2015	ERR599056_bin.7.p	1	1	1	1	1
sunagawa2015	ERR599056_bin.8.p	1	1	1	1	1
sunagawa2015	ERR599056_bin.9.s	1	1	1	1	1
sunagawa2015	ERR599057_bin.1.p	1	1	1	1	1
sunagawa2015	ERR599057_bin.10.s	1	1	1	1	1
sunagawa2015	ERR599057_bin.11.p	1	1	1	1	1
sunagawa2015	ERR599057_bin.12.s	1	1	1	1	1
sunagawa2015	ERR599057_bin.13.s	1	1	1	1	1
sunagawa2015	ERR599057_bin.14.p	1	1	1	1	1
sunagawa2015	ERR599057_bin.15.s	1	1	1	0	0
sunagawa2015	ERR599057_bin.16.s	1	1	1	1	1
sunagawa2015	ERR599057_bin.17.p	1	1	1	1	1
sunagawa2015	ERR599057_bin.18.s	1	1	1	1	1
sunagawa2015	ERR599057_bin.19.s	1	1	1	1	1
sunagawa2015	ERR599057_bin.2.s	1	1	1	1	1
sunagawa2015	ERR599057_bin.20.p	1	1	1	1	1
sunagawa2015	ERR599057_bin.21.p	1	1	1	1	1
sunagawa2015	ERR599057_bin.22.s	1	1	1	1	1
sunagawa2015	ERR599057_bin.23.p	1	1	1	1	1
sunagawa2015	ERR599057_bin.24.p	1	1	1	1	1
sunagawa2015	ERR599057_bin.25.p	1	1	1	1	1
sunagawa2015	ERR599057_bin.26.p	1	1	1	1	1
sunagawa2015	ERR599057_bin.27.p	1	1	1	1	1
sunagawa2015	ERR599057_bin.28.s	1	1	1	1	1
sunagawa2015	ERR599057_bin.29.p	1	1	1	1	1
sunagawa2015	ERR599057_bin.3.p	1	1	1	1	1
sunagawa2015	ERR599057_bin.30.p	1	1	1	1	1
sunagawa2015	ERR599057_bin.31.s	1	1	1	1	1
sunagawa2015	ERR599057_bin.32.p	1	1	1	1	1
sunagawa2015	ERR599057_bin.33.p	1	1	1	1	1
sunagawa2015	ERR599057_bin.34.s	1	1	1	1	1
sunagawa2015	ERR599057_bin.35.p	1	1	1	1	1
sunagawa2015	ERR599057_bin.36.p	1	1	1	1	1
sunagawa2015	ERR599057_bin.37.s	1	1	1	1	1
sunagawa2015	ERR599057_bin.38.s	1	1	1	1	1
sunagawa2015	ERR599057_bin.39.s	1	1	1	1	1
sunagawa2015	ERR599057_bin.4.p	1	1	1	1	1
sunagawa2015	ERR599057_bin.40.p	1	1	1	1	1
sunagawa2015	ERR599057_bin.41.p	1	1	1	1	1
sunagawa2015	ERR599057_bin.42.s	1	1	1	0	0
sunagawa2015	ERR599057_bin.43.s	1	1	1	1	1
sunagawa2015	ERR599057_bin.44.p	1	1	1	1	1
sunagawa2015	ERR599057_bin.45.p	1	1	1	1	1
sunagawa2015	ERR599057_bin.46.p	1	1	1	1	1
sunagawa2015	ERR599057_bin.47.p	1	1	1	1	1
sunagawa2015	ERR599057_bin.5.p	1	1	1	1	1
sunagawa2015	ERR599057_bin.6.s	1	1	1	1	1
sunagawa2015	ERR599057_bin.7.s	1	1	1	1	1
sunagawa2015	ERR599057_bin.8.p	1	1	1	1	1
sunagawa2015	ERR599057_bin.9.p	1	1	1	1	1
sunagawa2015	ERR599058_bin.1.s	1	1	1	1	1
sunagawa2015	ERR599058_bin.10.p	1	1	1	1	1
sunagawa2015	ERR599058_bin.11.s	1	1	1	1	1
sunagawa2015	ERR599058_bin.12.s	1	1	1	1	1
sunagawa2015	ERR599058_bin.13.s	1	1	1	1	1
sunagawa2015	ERR599058_bin.14.p	1	1	1	1	1
sunagawa2015	ERR599058_bin.15.p	1	1	1	1	1
sunagawa2015	ERR599058_bin.16.p	1	1	1	1	1
sunagawa2015	ERR599058_bin.17.s	1	1	1	1	1
sunagawa2015	ERR599058_bin.18.p	1	1	1	1	1
sunagawa2015	ERR599058_bin.19.p	1	1	1	1	1
sunagawa2015	ERR599058_bin.2.o	1	1	1	1	1
sunagawa2015	ERR599058_bin.20.s	1	1	1	1	1
sunagawa2015	ERR599058_bin.21.s	1	1	1	1	1
sunagawa2015	ERR599058_bin.22.p	1	1	1	1	1
sunagawa2015	ERR599058_bin.23.p	1	1	1	1	1
sunagawa2015	ERR599058_bin.24.s	1	1	1	1	1
sunagawa2015	ERR599058_bin.25.s	1	1	1	1	1
sunagawa2015	ERR599058_bin.26.s	1	1	1	1	1
sunagawa2015	ERR599058_bin.27.p	1	1	1	1	1
sunagawa2015	ERR599058_bin.29.p	1	1	1	1	1
sunagawa2015	ERR599058_bin.3.p	1	1	1	1	1
sunagawa2015	ERR599058_bin.30.p	1	1	1	1	1
sunagawa2015	ERR599058_bin.31.s	1	1	1	1	1
sunagawa2015	ERR599058_bin.32.s	1	1	1	1	1
sunagawa2015	ERR599058_bin.33.s	1	1	1	1	1
sunagawa2015	ERR599058_bin.34.s	1	1	1	1	1
sunagawa2015	ERR599058_bin.35.s	1	1	1	1	1
sunagawa2015	ERR599058_bin.36.s	1	1	1	1	1
sunagawa2015	ERR599058_bin.37.s	1	1	1	1	1
sunagawa2015	ERR599058_bin.38.s	1	1	1	1	1
sunagawa2015	ERR599058_bin.39.s	1	1	1	1	1
sunagawa2015	ERR599058_bin.4.p	1	1	1	1	1
sunagawa2015	ERR599058_bin.40.s	1	1	1	1	1
sunagawa2015	ERR599058_bin.41.p	1	1	1	1	1
sunagawa2015	ERR599058_bin.42.p	1	1	1	1	1
sunagawa2015	ERR599058_bin.43.p	1	1	1	1	1
sunagawa2015	ERR599058_bin.44.s	1	1	1	1	1
sunagawa2015	ERR599058_bin.45.p	1	1	1	1	1
sunagawa2015	ERR599058_bin.46.p	1	1	1	1	1
sunagawa2015	ERR599058_bin.47.p	1	1	1	1	1
sunagawa2015	ERR599058_bin.48.p	1	1	1	1	1
sunagawa2015	ERR599058_bin.49.p	1	1	1	1	1
sunagawa2015	ERR599058_bin.5.p	1	1	1	1	1
sunagawa2015	ERR599058_bin.50.s	1	1	1	1	1
sunagawa2015	ERR599058_bin.51.p	1	1	1	1	1
sunagawa2015	ERR599058_bin.52.s	1	1	1	1	1
sunagawa2015	ERR599058_bin.53.o	1	1	1	1	1
sunagawa2015	ERR599058_bin.54.o	1	1	1	1	1
sunagawa2015	ERR599058_bin.6.s	1	1	1	1	1
sunagawa2015	ERR599058_bin.7.p	1	1	1	1	1
sunagawa2015	ERR599058_bin.8.p	1	1	1	1	1
sunagawa2015	ERR599058_bin.9.p	1	1	1	1	1
sunagawa2015	ERR599059_bin.1.p	1	1	1	1	1
sunagawa2015	ERR599059_bin.10.s	1	1	1	1	1
sunagawa2015	ERR599059_bin.11.o	1	1	1	1	1
sunagawa2015	ERR599059_bin.12.s	1	1	1	1	1
sunagawa2015	ERR599059_bin.13.s	1	1	1	1	1
sunagawa2015	ERR599059_bin.2.s	1	1	1	1	1
sunagawa2015	ERR599059_bin.3.s	1	1	1	1	1
sunagawa2015	ERR599059_bin.4.p	1	1	1	1	1
sunagawa2015	ERR599059_bin.5.p	1	1	1	1	1
sunagawa2015	ERR599059_bin.6.s	1	1	1	1	1
sunagawa2015	ERR599059_bin.7.s	1	1	1	1	1
sunagawa2015	ERR599059_bin.8.p	1	1	1	1	1
sunagawa2015	ERR599059_bin.9.o	1	1	1	1	1
sunagawa2015	ERR599060_bin.1.p	1	1	1	1	1
sunagawa2015	ERR599060_bin.10.p	1	1	1	1	1
sunagawa2015	ERR599060_bin.11.s	1	1	1	1	1
sunagawa2015	ERR599060_bin.12.s	1	1	1	1	1
sunagawa2015	ERR599060_bin.13.s	1	1	1	1	1
sunagawa2015	ERR599060_bin.14.s	1	1	1	1	1
sunagawa2015	ERR599060_bin.15.s	1	1	1	1	1
sunagawa2015	ERR599060_bin.16.s	1	1	1	1	1
sunagawa2015	ERR599060_bin.17.s	1	1	1	1	1
sunagawa2015	ERR599060_bin.18.p	1	1	1	1	1
sunagawa2015	ERR599060_bin.2.p	1	1	1	1	1
sunagawa2015	ERR599060_bin.20.o	1	1	1	1	1
sunagawa2015	ERR599060_bin.21.s	1	1	1	1	1
sunagawa2015	ERR599060_bin.22.p	1	1	1	1	1
sunagawa2015	ERR599060_bin.23.s	1	1	1	1	1
sunagawa2015	ERR599060_bin.24.p	1	1	1	1	1
sunagawa2015	ERR599060_bin.25.p	1	1	1	1	1
sunagawa2015	ERR599060_bin.26.p	1	1	1	1	1
sunagawa2015	ERR599060_bin.27.p	1	1	1	1	1
sunagawa2015	ERR599060_bin.28.s	1	1	1	1	1
sunagawa2015	ERR599060_bin.29.p	1	1	1	1	1
sunagawa2015	ERR599060_bin.3.p	1	1	1	1	1
sunagawa2015	ERR599060_bin.30.p	1	1	1	1	1
sunagawa2015	ERR599060_bin.31.s	1	1	1	1	1
sunagawa2015	ERR599060_bin.32.s	1	1	1	1	1
sunagawa2015	ERR599060_bin.33.s	1	1	1	1	1
sunagawa2015	ERR599060_bin.4.p	1	1	1	1	1
sunagawa2015	ERR599060_bin.5.s	1	1	1	1	1
sunagawa2015	ERR599060_bin.6.p	1	1	1	1	1
sunagawa2015	ERR599060_bin.8.p	1	1	1	1	1
sunagawa2015	ERR599060_bin.9.s	1	1	1	1	1
sunagawa2015	ERR599061_bin.1.p	1	1	1	1	1
sunagawa2015	ERR599061_bin.10.s	1	1	1	1	1
sunagawa2015	ERR599061_bin.11.p	1	1	1	1	1
sunagawa2015	ERR599061_bin.12.p	1	1	1	1	1
sunagawa2015	ERR599061_bin.13.s	1	1	1	1	1
sunagawa2015	ERR599061_bin.14.p	1	1	1	1	1
sunagawa2015	ERR599061_bin.15.p	1	1	1	1	1
sunagawa2015	ERR599061_bin.16.p	1	1	1	1	1
sunagawa2015	ERR599061_bin.17.s	1	1	1	1	1
sunagawa2015	ERR599061_bin.18.p	1	1	1	1	1
sunagawa2015	ERR599061_bin.19.s	1	1	1	1	1
sunagawa2015	ERR599061_bin.2.p	1	1	1	1	1
sunagawa2015	ERR599061_bin.20.s	1	1	1	1	1
sunagawa2015	ERR599061_bin.22.s	1	1	1	1	1
sunagawa2015	ERR599061_bin.23.p	1	1	1	1	1
sunagawa2015	ERR599061_bin.24.s	1	1	1	1	1
sunagawa2015	ERR599061_bin.25.p	1	1	1	1	1
sunagawa2015	ERR599061_bin.26.s	1	1	1	1	1
sunagawa2015	ERR599061_bin.27.s	1	1	1	1	1
sunagawa2015	ERR599061_bin.28.p	1	1	1	1	1
sunagawa2015	ERR599061_bin.29.p	1	1	1	1	1
sunagawa2015	ERR599061_bin.3.p	1	1	1	1	1
sunagawa2015	ERR599061_bin.30.p	1	1	1	1	1
sunagawa2015	ERR599061_bin.31.p	1	1	1	1	1
sunagawa2015	ERR599061_bin.33.p	1	1	1	1	1
sunagawa2015	ERR599061_bin.34.p	1	1	1	1	1
sunagawa2015	ERR599061_bin.4.o	1	1	1	1	1
sunagawa2015	ERR599061_bin.5.p	1	1	1	1	1
sunagawa2015	ERR599061_bin.6.p	1	1	1	1	1
sunagawa2015	ERR599061_bin.7.p	1	1	1	1	1
sunagawa2015	ERR599061_bin.8.s	1	1	1	1	1
sunagawa2015	ERR599061_bin.9.o	1	1	1	1	1
sunagawa2015	ERR599062_bin.1.o	1	1	1	1	1
sunagawa2015	ERR599062_bin.11.s	1	1	1	1	1
sunagawa2015	ERR599062_bin.12.s	1	1	1	1	1
sunagawa2015	ERR599062_bin.13.s	1	1	1	1	1
sunagawa2015	ERR599062_bin.14.p	1	1	1	1	1
sunagawa2015	ERR599062_bin.15.s	1	1	1	1	1
sunagawa2015	ERR599062_bin.16.o	1	1	1	1	1
sunagawa2015	ERR599062_bin.17.s	1	1	1	1	1
sunagawa2015	ERR599062_bin.18.p	1	1	1	1	1
sunagawa2015	ERR599062_bin.19.p	1	1	1	1	1
sunagawa2015	ERR599062_bin.2.s	1	1	1	1	1
sunagawa2015	ERR599062_bin.20.p	1	1	1	1	1
sunagawa2015	ERR599062_bin.21.s	1	1	1	1	1
sunagawa2015	ERR599062_bin.22.o	1	1	1	1	1
sunagawa2015	ERR599062_bin.23.s	1	1	1	1	1
sunagawa2015	ERR599062_bin.24.s	1	1	1	1	1
sunagawa2015	ERR599062_bin.25.s	1	1	1	1	1
sunagawa2015	ERR599062_bin.26.s	1	1	1	1	1
sunagawa2015	ERR599062_bin.28.s	1	1	1	1	1
sunagawa2015	ERR599062_bin.29.s	1	1	1	1	1
sunagawa2015	ERR599062_bin.3.p	1	1	1	1	1
sunagawa2015	ERR599062_bin.30.p	1	1	1	1	1
sunagawa2015	ERR599062_bin.31.s	1	1	1	1	1
sunagawa2015	ERR599062_bin.32.p	1	1	1	1	1
sunagawa2015	ERR599062_bin.33.s	1	1	1	1	1
sunagawa2015	ERR599062_bin.34.p	1	1	1	1	1
sunagawa2015	ERR599062_bin.35.s	1	1	1	1	1
sunagawa2015	ERR599062_bin.36.s	1	1	1	1	1
sunagawa2015	ERR599062_bin.37.s	1	1	1	1	1
sunagawa2015	ERR599062_bin.38.p	1	1	1	1	1
sunagawa2015	ERR599062_bin.39.o	1	1	1	1	1
sunagawa2015	ERR599062_bin.4.s	1	1	1	1	1
sunagawa2015	ERR599062_bin.40.p	1	1	1	1	1
sunagawa2015	ERR599062_bin.41.s	1	1	1	1	1
sunagawa2015	ERR599062_bin.42.s	1	1	1	1	1
sunagawa2015	ERR599062_bin.43.p	1	1	1	1	1
sunagawa2015	ERR599062_bin.44.s	1	1	1	1	1
sunagawa2015	ERR599062_bin.45.s	1	1	1	1	1
sunagawa2015	ERR599062_bin.46.s	1	1	1	1	1
sunagawa2015	ERR599062_bin.47.s	1	1	1	1	1
sunagawa2015	ERR599062_bin.48.s	1	1	1	1	1
sunagawa2015	ERR599062_bin.49.s	1	1	1	1	1
sunagawa2015	ERR599062_bin.5.o	1	1	1	1	1
sunagawa2015	ERR599062_bin.51.p	1	1	1	1	1
sunagawa2015	ERR599062_bin.52.s	1	1	1	1	1
sunagawa2015	ERR599062_bin.53.p	1	1	1	1	1
sunagawa2015	ERR599062_bin.54.s	1	1	1	1	1
sunagawa2015	ERR599062_bin.55.p	1	1	1	1	1
sunagawa2015	ERR599062_bin.57.s	1	1	1	1	1
sunagawa2015	ERR599062_bin.58.o	1	1	1	1	1
sunagawa2015	ERR599062_bin.59.s	1	1	1	1	1
sunagawa2015	ERR599062_bin.6.p	1	1	1	1	1
sunagawa2015	ERR599062_bin.60.s	1	1	1	1	1
sunagawa2015	ERR599062_bin.61.s	1	1	1	1	1
sunagawa2015	ERR599062_bin.62.s	1	1	1	1	1
sunagawa2015	ERR599062_bin.63.p	1	1	1	1	1
sunagawa2015	ERR599062_bin.64.p	1	1	1	1	1
sunagawa2015	ERR599062_bin.65.s	1	1	1	1	1
sunagawa2015	ERR599062_bin.66.o	1	1	1	1	1
sunagawa2015	ERR599062_bin.67.p	1	1	1	1	1
sunagawa2015	ERR599062_bin.69.s	1	1	1	1	1
sunagawa2015	ERR599062_bin.7.o	1	1	1	1	1
sunagawa2015	ERR599062_bin.70.s	1	1	1	1	1
sunagawa2015	ERR599062_bin.8.p	1	1	1	1	1
sunagawa2015	ERR599062_bin.9.p	1	1	1	1	1
sunagawa2015	ERR599063_bin.1.s	1	1	1	1	1
sunagawa2015	ERR599063_bin.10.p	1	1	1	1	1
sunagawa2015	ERR599063_bin.11.p	1	1	1	1	1
sunagawa2015	ERR599063_bin.12.p	1	1	1	1	1
sunagawa2015	ERR599063_bin.13.s	1	1	1	1	1
sunagawa2015	ERR599063_bin.14.p	1	1	1	1	1
sunagawa2015	ERR599063_bin.15.o	1	1	1	1	1
sunagawa2015	ERR599063_bin.16.s	1	1	1	1	1
sunagawa2015	ERR599063_bin.17.p	1	1	1	1	1
sunagawa2015	ERR599063_bin.18.s	1	1	1	1	1
sunagawa2015	ERR599063_bin.19.s	1	1	1	1	1
sunagawa2015	ERR599063_bin.2.s	1	1	1	1	1
sunagawa2015	ERR599063_bin.20.s	1	1	1	1	1
sunagawa2015	ERR599063_bin.21.p	1	1	1	1	1
sunagawa2015	ERR599063_bin.22.o	1	1	1	1	1
sunagawa2015	ERR599063_bin.23.p	1	1	1	1	1
sunagawa2015	ERR599063_bin.24.s	1	1	1	1	1
sunagawa2015	ERR599063_bin.3.p	1	1	1	1	1
sunagawa2015	ERR599063_bin.4.s	1	1	1	1	1
sunagawa2015	ERR599063_bin.5.s	1	1	1	1	1
sunagawa2015	ERR599063_bin.6.s	1	1	1	1	1
sunagawa2015	ERR599063_bin.7.p	1	1	1	1	1
sunagawa2015	ERR599063_bin.8.p	1	1	1	1	1
sunagawa2015	ERR599063_bin.9.p	1	1	0	1	1
sunagawa2015	ERR599064_bin.1.s	1	1	1	1	1
sunagawa2015	ERR599064_bin.10.s	1	1	1	1	1
sunagawa2015	ERR599064_bin.11.s	1	1	1	1	1
sunagawa2015	ERR599064_bin.13.o	1	1	1	1	1
sunagawa2015	ERR599064_bin.14.p	1	1	1	1	1
sunagawa2015	ERR599064_bin.15.p	1	1	1	1	1
sunagawa2015	ERR599064_bin.16.s	1	1	1	1	1
sunagawa2015	ERR599064_bin.17.p	1	1	1	1	1
sunagawa2015	ERR599064_bin.18.s	1	1	1	1	1
sunagawa2015	ERR599064_bin.19.s	1	1	1	1	1
sunagawa2015	ERR599064_bin.2.s	1	1	1	1	1
sunagawa2015	ERR599064_bin.20.s	1	1	1	1	1
sunagawa2015	ERR599064_bin.21.s	1	1	1	1	1
sunagawa2015	ERR599064_bin.22.s	1	1	1	1	1
sunagawa2015	ERR599064_bin.23.s	1	1	1	1	1
sunagawa2015	ERR599064_bin.24.o	1	1	1	1	1
sunagawa2015	ERR599064_bin.25.s	1	1	1	1	1
sunagawa2015	ERR599064_bin.26.s	1	1	1	1	1
sunagawa2015	ERR599064_bin.27.s	1	1	0	1	1
sunagawa2015	ERR599064_bin.28.s	1	1	1	1	1
sunagawa2015	ERR599064_bin.29.s	1	1	1	1	1
sunagawa2015	ERR599064_bin.3.o	1	1	1	1	1
sunagawa2015	ERR599064_bin.30.s	1	1	1	1	1
sunagawa2015	ERR599064_bin.31.s	1	1	1	1	1
sunagawa2015	ERR599064_bin.32.s	1	1	1	1	1
sunagawa2015	ERR599064_bin.33.s	1	1	1	1	1
sunagawa2015	ERR599064_bin.35.s	1	1	1	1	1
sunagawa2015	ERR599064_bin.36.p	1	1	1	1	1
sunagawa2015	ERR599064_bin.37.p	1	1	1	1	1
sunagawa2015	ERR599064_bin.38.p	1	1	1	1	1
sunagawa2015	ERR599064_bin.39.p	1	1	1	1	1
sunagawa2015	ERR599064_bin.4.s	1	1	1	1	1
sunagawa2015	ERR599064_bin.41.p	1	1	1	1	1
sunagawa2015	ERR599064_bin.5.s	1	1	1	1	1
sunagawa2015	ERR599064_bin.6.p	1	1	1	1	1
sunagawa2015	ERR599064_bin.7.s	1	1	1	1	1
sunagawa2015	ERR599064_bin.8.s	1	1	1	1	1
sunagawa2015	ERR599064_bin.9.p	1	1	1	1	1
sunagawa2015	ERR599065_bin.1.p	1	1	1	1	1
sunagawa2015	ERR599065_bin.10.p	1	1	1	1	1
sunagawa2015	ERR599065_bin.12.p	1	1	1	1	1
sunagawa2015	ERR599065_bin.13.s	1	1	1	1	1
sunagawa2015	ERR599065_bin.14.s	1	1	1	1	1
sunagawa2015	ERR599065_bin.15.p	1	1	1	1	1
sunagawa2015	ERR599065_bin.16.s	1	1	1	1	1
sunagawa2015	ERR599065_bin.17.s	1	1	1	1	1
sunagawa2015	ERR599065_bin.18.s	1	1	1	1	1
sunagawa2015	ERR599065_bin.19.p	1	1	1	1	1
sunagawa2015	ERR599065_bin.2.p	1	1	1	1	1
sunagawa2015	ERR599065_bin.20.p	1	1	1	1	1
sunagawa2015	ERR599065_bin.21.p	1	1	1	1	1
sunagawa2015	ERR599065_bin.22.p	1	1	1	1	1
sunagawa2015	ERR599065_bin.23.p	1	1	1	1	1
sunagawa2015	ERR599065_bin.24.p	1	1	1	1	1
sunagawa2015	ERR599065_bin.25.p	1	1	1	1	1
sunagawa2015	ERR599065_bin.26.s	1	1	1	1	1
sunagawa2015	ERR599065_bin.27.s	1	1	1	1	1
sunagawa2015	ERR599065_bin.28.p	1	1	1	1	1
sunagawa2015	ERR599065_bin.29.s	1	1	1	1	1
sunagawa2015	ERR599065_bin.3.p	1	1	1	1	1
sunagawa2015	ERR599065_bin.30.s	1	1	1	1	1
sunagawa2015	ERR599065_bin.31.p	1	1	1	1	1
sunagawa2015	ERR599065_bin.32.p	1	1	1	1	1
sunagawa2015	ERR599065_bin.33.p	1	1	1	1	1
sunagawa2015	ERR599065_bin.34.s	1	1	1	1	1
sunagawa2015	ERR599065_bin.35.s	1	1	1	1	1
sunagawa2015	ERR599065_bin.37.s	1	1	1	1	1
sunagawa2015	ERR599065_bin.38.p	1	1	1	1	1
sunagawa2015	ERR599065_bin.39.s	1	1	1	1	1
sunagawa2015	ERR599065_bin.4.s	1	1	1	1	1
sunagawa2015	ERR599065_bin.40.s	1	1	1	1	1
sunagawa2015	ERR599065_bin.41.s	1	1	1	1	1
sunagawa2015	ERR599065_bin.42.p	1	1	1	1	1
sunagawa2015	ERR599065_bin.43.s	1	1	1	1	1
sunagawa2015	ERR599065_bin.44.s	1	1	1	1	1
sunagawa2015	ERR599065_bin.45.s	1	1	1	1	1
sunagawa2015	ERR599065_bin.46.p	1	1	1	1	1
sunagawa2015	ERR599065_bin.47.p	1	1	1	1	1
sunagawa2015	ERR599065_bin.48.s	1	1	1	1	1
sunagawa2015	ERR599065_bin.49.p	1	1	1	1	1
sunagawa2015	ERR599065_bin.5.p	1	1	1	1	1
sunagawa2015	ERR599065_bin.51.p	1	1	1	1	1
sunagawa2015	ERR599065_bin.6.s	1	1	1	1	1
sunagawa2015	ERR599065_bin.7.s	1	1	1	1	1
sunagawa2015	ERR599065_bin.8.p	1	1	1	1	1
sunagawa2015	ERR599065_bin.9.s	1	1	1	1	1
sunagawa2015	ERR599066_bin.1.s	1	1	1	1	1
sunagawa2015	ERR599066_bin.10.s	1	1	1	1	1
sunagawa2015	ERR599066_bin.11.p	1	1	1	1	1
sunagawa2015	ERR599066_bin.12.p	1	1	1	1	1
sunagawa2015	ERR599066_bin.13.s	1	1	1	1	1
sunagawa2015	ERR599066_bin.14.s	1	1	1	1	1
sunagawa2015	ERR599066_bin.15.o	1	1	1	1	1
sunagawa2015	ERR599066_bin.16.s	1	1	1	1	1
sunagawa2015	ERR599066_bin.17.s	1	1	1	1	1
sunagawa2015	ERR599066_bin.18.s	1	1	1	1	1
sunagawa2015	ERR599066_bin.19.s	1	1	1	1	1
sunagawa2015	ERR599066_bin.2.p	1	1	1	1	1
sunagawa2015	ERR599066_bin.20.s	1	1	1	1	1
sunagawa2015	ERR599066_bin.21.s	1	1	1	1	1
sunagawa2015	ERR599066_bin.22.s	1	1	1	1	1
sunagawa2015	ERR599066_bin.23.s	1	1	1	1	1
sunagawa2015	ERR599066_bin.24.s	1	1	1	1	1
sunagawa2015	ERR599066_bin.25.s	1	1	1	1	1
sunagawa2015	ERR599066_bin.26.s	1	1	1	1	1
sunagawa2015	ERR599066_bin.27.p	1	1	1	1	1
sunagawa2015	ERR599066_bin.28.s	1	1	1	1	1
sunagawa2015	ERR599066_bin.29.p	1	1	1	1	1
sunagawa2015	ERR599066_bin.3.s	1	1	1	1	1
sunagawa2015	ERR599066_bin.30.s	1	1	1	1	1
sunagawa2015	ERR599066_bin.31.p	1	1	1	1	1
sunagawa2015	ERR599066_bin.32.p	1	1	1	1	1
sunagawa2015	ERR599066_bin.33.p	1	1	1	1	1
sunagawa2015	ERR599066_bin.34.s	1	1	1	1	1
sunagawa2015	ERR599066_bin.35.p	1	1	1	1	1
sunagawa2015	ERR599066_bin.36.s	1	1	1	1	1
sunagawa2015	ERR599066_bin.37.s	1	1	1	1	1
sunagawa2015	ERR599066_bin.38.s	1	1	1	1	1
sunagawa2015	ERR599066_bin.39.s	1	1	1	1	1
sunagawa2015	ERR599066_bin.4.s	1	1	1	1	1
sunagawa2015	ERR599066_bin.40.s	1	1	1	1	1
sunagawa2015	ERR599066_bin.5.p	1	1	1	1	1
sunagawa2015	ERR599066_bin.6.s	1	1	1	1	1
sunagawa2015	ERR599066_bin.7.s	1	1	1	1	1
sunagawa2015	ERR599066_bin.8.p	1	1	1	1	1
sunagawa2015	ERR599066_bin.9.s	1	1	1	1	1
sunagawa2015	ERR599067_bin.1.s	1	1	1	1	1
sunagawa2015	ERR599067_bin.10.p	1	1	1	1	1
sunagawa2015	ERR599067_bin.11.p	1	1	1	1	1
sunagawa2015	ERR599067_bin.12.s	1	1	1	1	1
sunagawa2015	ERR599067_bin.13.s	1	1	1	1	1
sunagawa2015	ERR599067_bin.14.p	1	1	1	1	1
sunagawa2015	ERR599067_bin.15.p	1	1	1	1	1
sunagawa2015	ERR599067_bin.16.s	1	1	1	1	1
sunagawa2015	ERR599067_bin.17.s	1	1	1	1	1
sunagawa2015	ERR599067_bin.19.s	1	1	1	1	1
sunagawa2015	ERR599067_bin.2.p	1	1	1	1	1
sunagawa2015	ERR599067_bin.3.p	1	1	1	1	1
sunagawa2015	ERR599067_bin.4.p	1	1	1	1	1
sunagawa2015	ERR599067_bin.6.o	1	1	1	1	1
sunagawa2015	ERR599067_bin.7.s	1	1	1	1	1
sunagawa2015	ERR599067_bin.8.s	1	1	1	1	1
sunagawa2015	ERR599067_bin.9.s	1	1	1	1	1
sunagawa2015	ERR599068_bin.1.p	1	1	1	1	1
sunagawa2015	ERR599068_bin.10.p	1	1	1	1	1
sunagawa2015	ERR599068_bin.11.o	1	1	1	1	1
sunagawa2015	ERR599068_bin.12.p	1	1	1	1	1
sunagawa2015	ERR599068_bin.13.p	1	1	1	1	1
sunagawa2015	ERR599068_bin.14.p	1	1	1	1	1
sunagawa2015	ERR599068_bin.15.p	1	1	1	1	1
sunagawa2015	ERR599068_bin.16.p	1	1	1	1	1
sunagawa2015	ERR599068_bin.17.p	1	1	1	1	1
sunagawa2015	ERR599068_bin.18.s	1	1	1	1	1
sunagawa2015	ERR599068_bin.19.p	1	1	1	1	1
sunagawa2015	ERR599068_bin.2.s	1	1	1	1	1
sunagawa2015	ERR599068_bin.20.p	1	1	1	1	1
sunagawa2015	ERR599068_bin.21.s	1	1	1	1	1
sunagawa2015	ERR599068_bin.22.p	1	1	1	1	1
sunagawa2015	ERR599068_bin.23.p	1	1	1	1	1
sunagawa2015	ERR599068_bin.24.p	1	1	1	1	1
sunagawa2015	ERR599068_bin.3.p	1	1	1	1	1
sunagawa2015	ERR599068_bin.4.p	1	1	1	1	1
sunagawa2015	ERR599068_bin.5.p	1	1	1	1	1
sunagawa2015	ERR599068_bin.6.p	1	1	1	1	1
sunagawa2015	ERR599068_bin.7.p	1	1	1	1	1
sunagawa2015	ERR599068_bin.8.p	1	1	1	1	1
sunagawa2015	ERR599068_bin.9.p	1	1	1	1	1
sunagawa2015	ERR599069_bin.1.p	1	1	1	1	1
sunagawa2015	ERR599069_bin.10.p	1	1	1	1	1
sunagawa2015	ERR599069_bin.11.p	1	1	1	1	1
sunagawa2015	ERR599069_bin.12.s	1	1	1	1	1
sunagawa2015	ERR599069_bin.13.s	1	1	1	1	1
sunagawa2015	ERR599069_bin.15.p	1	1	1	1	1
sunagawa2015	ERR599069_bin.16.s	1	1	1	1	1
sunagawa2015	ERR599069_bin.17.p	1	1	1	1	1
sunagawa2015	ERR599069_bin.18.p	1	1	1	1	1
sunagawa2015	ERR599069_bin.19.p	1	1	1	1	1
sunagawa2015	ERR599069_bin.2.p	1	1	1	1	1
sunagawa2015	ERR599069_bin.20.p	1	1	1	1	1
sunagawa2015	ERR599069_bin.21.p	1	1	1	1	1
sunagawa2015	ERR599069_bin.23.p	1	1	1	1	1
sunagawa2015	ERR599069_bin.24.s	1	1	1	1	1
sunagawa2015	ERR599069_bin.25.s	1	1	1	1	1
sunagawa2015	ERR599069_bin.26.p	1	1	1	1	1
sunagawa2015	ERR599069_bin.27.s	1	1	1	1	1
sunagawa2015	ERR599069_bin.28.p	1	1	1	1	1
sunagawa2015	ERR599069_bin.29.o	1	1	1	1	1
sunagawa2015	ERR599069_bin.3.p	1	1	1	1	1
sunagawa2015	ERR599069_bin.30.p	1	1	1	1	1
sunagawa2015	ERR599069_bin.31.p	1	1	1	1	1
sunagawa2015	ERR599069_bin.32.p	1	1	1	1	1
sunagawa2015	ERR599069_bin.33.s	1	1	1	1	1
sunagawa2015	ERR599069_bin.4.p	1	1	1	1	1
sunagawa2015	ERR599069_bin.5.p	1	1	1	1	1
sunagawa2015	ERR599069_bin.6.p	1	1	1	1	1
sunagawa2015	ERR599069_bin.7.p	1	1	1	1	1
sunagawa2015	ERR599069_bin.8.s	1	1	1	1	1
sunagawa2015	ERR599069_bin.9.s	1	1	1	1	1
sunagawa2015	ERR599070_bin.1.p	1	1	1	1	1
sunagawa2015	ERR599070_bin.10.p	1	1	1	1	1
sunagawa2015	ERR599070_bin.11.s	1	1	1	1	1
sunagawa2015	ERR599070_bin.12.s	1	1	1	1	1
sunagawa2015	ERR599070_bin.13.s	1	1	1	1	1
sunagawa2015	ERR599070_bin.14.p	1	1	1	1	1
sunagawa2015	ERR599070_bin.15.s	1	1	1	1	1
sunagawa2015	ERR599070_bin.16.s	1	1	1	1	1
sunagawa2015	ERR599070_bin.18.o	1	1	1	1	1
sunagawa2015	ERR599070_bin.19.o	1	1	1	1	1
sunagawa2015	ERR599070_bin.2.s	1	1	1	1	1
sunagawa2015	ERR599070_bin.20.s	1	1	1	1	1
sunagawa2015	ERR599070_bin.21.o	1	1	1	1	1
sunagawa2015	ERR599070_bin.22.p	1	1	1	1	1
sunagawa2015	ERR599070_bin.24.s	1	1	1	1	1
sunagawa2015	ERR599070_bin.25.s	1	1	1	1	1
sunagawa2015	ERR599070_bin.26.o	1	1	1	1	1
sunagawa2015	ERR599070_bin.27.s	1	1	1	1	1
sunagawa2015	ERR599070_bin.28.p	1	1	1	1	1
sunagawa2015	ERR599070_bin.29.p	1	1	1	1	1
sunagawa2015	ERR599070_bin.3.s	1	1	1	1	1
sunagawa2015	ERR599070_bin.30.o	1	1	1	1	1
sunagawa2015	ERR599070_bin.31.o	1	1	1	1	1
sunagawa2015	ERR599070_bin.32.p	1	1	1	1	1
sunagawa2015	ERR599070_bin.33.o	1	1	1	1	1
sunagawa2015	ERR599070_bin.34.s	1	1	1	1	1
sunagawa2015	ERR599070_bin.35.s	1	1	1	1	1
sunagawa2015	ERR599070_bin.36.p	1	1	1	1	1
sunagawa2015	ERR599070_bin.37.p	1	1	1	1	1
sunagawa2015	ERR599070_bin.39.p	1	1	1	1	1
sunagawa2015	ERR599070_bin.4.o	1	1	1	1	1
sunagawa2015	ERR599070_bin.40.s	1	1	1	1	1
sunagawa2015	ERR599070_bin.41.p	1	1	1	1	1
sunagawa2015	ERR599070_bin.42.s	1	1	1	1	1
sunagawa2015	ERR599070_bin.43.p	1	1	1	1	1
sunagawa2015	ERR599070_bin.44.s	1	1	1	1	1
sunagawa2015	ERR599070_bin.45.s	1	1	1	1	1
sunagawa2015	ERR599070_bin.46.o	1	1	1	1	1
sunagawa2015	ERR599070_bin.48.p	1	1	1	1	1
sunagawa2015	ERR599070_bin.49.s	1	1	1	1	1
sunagawa2015	ERR599070_bin.5.s	1	1	1	1	1
sunagawa2015	ERR599070_bin.50.s	1	1	1	1	1
sunagawa2015	ERR599070_bin.51.s	1	1	1	1	1
sunagawa2015	ERR599070_bin.6.s	1	1	1	1	1
sunagawa2015	ERR599070_bin.7.p	1	1	1	1	1
sunagawa2015	ERR599070_bin.8.s	1	1	1	1	1
sunagawa2015	ERR599071_bin.1.s	1	1	1	1	1
sunagawa2015	ERR599071_bin.10.p	1	1	1	1	1
sunagawa2015	ERR599071_bin.11.p	1	1	1	1	1
sunagawa2015	ERR599071_bin.12.s	1	1	1	1	1
sunagawa2015	ERR599071_bin.13.p	1	1	1	1	1
sunagawa2015	ERR599071_bin.14.s	1	1	1	1	1
sunagawa2015	ERR599071_bin.15.p	1	1	1	1	1
sunagawa2015	ERR599071_bin.16.p	1	1	1	1	1
sunagawa2015	ERR599071_bin.17.s	1	1	1	1	1
sunagawa2015	ERR599071_bin.18.p	1	1	1	1	1
sunagawa2015	ERR599071_bin.19.s	1	1	1	1	1
sunagawa2015	ERR599071_bin.2.s	1	1	1	1	1
sunagawa2015	ERR599071_bin.20.s	1	1	1	1	1
sunagawa2015	ERR599071_bin.21.s	1	1	1	1	1
sunagawa2015	ERR599071_bin.22.s	1	1	1	1	1
sunagawa2015	ERR599071_bin.23.s	1	1	1	1	1
sunagawa2015	ERR599071_bin.24.p	1	1	1	1	1
sunagawa2015	ERR599071_bin.25.s	1	1	1	1	1
sunagawa2015	ERR599071_bin.26.p	1	1	1	1	1
sunagawa2015	ERR599071_bin.27.p	1	1	1	1	1
sunagawa2015	ERR599071_bin.28.s	1	1	1	1	1
sunagawa2015	ERR599071_bin.29.s	1	1	1	1	1
sunagawa2015	ERR599071_bin.3.o	1	1	1	1	1
sunagawa2015	ERR599071_bin.30.o	1	1	1	1	1
sunagawa2015	ERR599071_bin.31.s	1	1	1	1	1
sunagawa2015	ERR599071_bin.32.s	1	1	1	1	1
sunagawa2015	ERR599071_bin.33.s	1	1	1	1	1
sunagawa2015	ERR599071_bin.34.p	1	1	1	1	1
sunagawa2015	ERR599071_bin.35.s	1	1	1	1	1
sunagawa2015	ERR599071_bin.4.s	1	1	1	1	1
sunagawa2015	ERR599071_bin.5.p	1	1	1	1	1
sunagawa2015	ERR599071_bin.6.s	1	1	1	1	1
sunagawa2015	ERR599071_bin.7.o	1	1	1	1	1
sunagawa2015	ERR599071_bin.8.s	1	1	1	1	1
sunagawa2015	ERR599071_bin.9.s	1	1	1	1	1
sunagawa2015	ERR599072_bin.1.p	1	1	1	1	1
sunagawa2015	ERR599072_bin.10.s	1	1	1	1	1
sunagawa2015	ERR599072_bin.11.p	1	1	1	1	1
sunagawa2015	ERR599072_bin.12.s	1	1	1	1	1
sunagawa2015	ERR599072_bin.13.s	1	1	1	1	1
sunagawa2015	ERR599072_bin.14.s	1	1	1	1	1
sunagawa2015	ERR599072_bin.15.s	1	1	1	1	1
sunagawa2015	ERR599072_bin.16.p	1	1	1	1	1
sunagawa2015	ERR599072_bin.17.s	1	1	1	1	1
sunagawa2015	ERR599072_bin.18.p	1	1	1	1	1
sunagawa2015	ERR599072_bin.19.s	1	1	1	1	1
sunagawa2015	ERR599072_bin.2.s	1	1	1	1	1
sunagawa2015	ERR599072_bin.20.o	1	1	1	1	1
sunagawa2015	ERR599072_bin.21.s	1	1	1	1	1
sunagawa2015	ERR599072_bin.22.s	1	1	1	1	1
sunagawa2015	ERR599072_bin.23.p	1	1	1	1	1
sunagawa2015	ERR599072_bin.24.p	1	1	1	1	1
sunagawa2015	ERR599072_bin.25.o	1	1	1	1	1
sunagawa2015	ERR599072_bin.26.s	1	1	1	1	1
sunagawa2015	ERR599072_bin.27.s	1	1	1	1	1
sunagawa2015	ERR599072_bin.28.p	1	1	1	1	1
sunagawa2015	ERR599072_bin.29.p	1	1	1	1	1
sunagawa2015	ERR599072_bin.3.s	1	1	1	1	1
sunagawa2015	ERR599072_bin.30.s	1	1	1	1	1
sunagawa2015	ERR599072_bin.31.p	1	1	1	1	1
sunagawa2015	ERR599072_bin.32.s	1	1	1	1	1
sunagawa2015	ERR599072_bin.33.s	1	1	1	1	1
sunagawa2015	ERR599072_bin.34.s	1	1	1	1	1
sunagawa2015	ERR599072_bin.35.s	1	1	1	1	1
sunagawa2015	ERR599072_bin.36.s	1	1	1	1	1
sunagawa2015	ERR599072_bin.37.o	1	1	1	1	1
sunagawa2015	ERR599072_bin.38.o	1	1	1	1	1
sunagawa2015	ERR599072_bin.39.s	1	1	1	1	1
sunagawa2015	ERR599072_bin.4.s	1	1	1	1	1
sunagawa2015	ERR599072_bin.40.s	1	1	1	1	1
sunagawa2015	ERR599072_bin.41.p	1	1	1	1	1
sunagawa2015	ERR599072_bin.42.p	1	1	1	1	1
sunagawa2015	ERR599072_bin.43.s	1	1	1	1	1
sunagawa2015	ERR599072_bin.44.p	1	1	1	1	1
sunagawa2015	ERR599072_bin.45.p	1	1	1	1	1
sunagawa2015	ERR599072_bin.46.p	1	1	1	1	1
sunagawa2015	ERR599072_bin.47.s	1	1	1	1	1
sunagawa2015	ERR599072_bin.48.p	1	1	1	1	1
sunagawa2015	ERR599072_bin.49.s	1	1	1	1	1
sunagawa2015	ERR599072_bin.5.p	1	1	1	1	1
sunagawa2015	ERR599072_bin.50.o	1	1	1	1	1
sunagawa2015	ERR599072_bin.51.p	1	1	1	1	1
sunagawa2015	ERR599072_bin.52.s	1	1	1	1	1
sunagawa2015	ERR599072_bin.53.s	1	1	1	1	1
sunagawa2015	ERR599072_bin.54.s	1	1	1	1	1
sunagawa2015	ERR599072_bin.55.s	1	1	1	1	1
sunagawa2015	ERR599072_bin.56.s	1	1	1	1	1
sunagawa2015	ERR599072_bin.57.s	1	1	1	1	1
sunagawa2015	ERR599072_bin.59.s	1	1	1	1	1
sunagawa2015	ERR599072_bin.6.p	1	1	1	1	1
sunagawa2015	ERR599072_bin.7.s	1	1	1	1	1
sunagawa2015	ERR599072_bin.8.s	1	1	1	1	1
sunagawa2015	ERR599072_bin.9.o	1	1	1	1	1
sunagawa2015	ERR599073_bin.1.p	1	1	1	1	1
sunagawa2015	ERR599073_bin.10.p	1	1	1	1	1
sunagawa2015	ERR599073_bin.11.s	1	1	1	1	1
sunagawa2015	ERR599073_bin.12.s	1	1	1	1	1
sunagawa2015	ERR599073_bin.13.s	1	1	1	1	1
sunagawa2015	ERR599073_bin.14.p	1	1	1	1	1
sunagawa2015	ERR599073_bin.15.o	1	1	1	1	1
sunagawa2015	ERR599073_bin.16.p	1	1	1	1	1
sunagawa2015	ERR599073_bin.17.p	1	1	1	1	1
sunagawa2015	ERR599073_bin.18.o	1	1	1	1	1
sunagawa2015	ERR599073_bin.19.s	1	1	1	1	1
sunagawa2015	ERR599073_bin.2.s	1	1	1	1	1
sunagawa2015	ERR599073_bin.3.s	1	1	1	1	1
sunagawa2015	ERR599073_bin.4.o	1	1	1	1	1
sunagawa2015	ERR599073_bin.5.p	1	1	1	1	1
sunagawa2015	ERR599073_bin.6.o	1	1	1	1	1
sunagawa2015	ERR599073_bin.7.s	1	1	1	1	1
sunagawa2015	ERR599073_bin.8.p	1	1	1	1	1
sunagawa2015	ERR599073_bin.9.s	1	1	1	1	1
sunagawa2015	ERR599074_bin.1.s	1	1	1	1	1
sunagawa2015	ERR599074_bin.10.p	1	1	1	1	1
sunagawa2015	ERR599074_bin.11.p	1	1	1	1	1
sunagawa2015	ERR599074_bin.12.p	1	1	1	1	1
sunagawa2015	ERR599074_bin.13.p	1	1	1	1	1
sunagawa2015	ERR599074_bin.14.s	1	1	1	1	1
sunagawa2015	ERR599074_bin.15.s	1	1	1	1	1
sunagawa2015	ERR599074_bin.16.p	1	1	1	1	1
sunagawa2015	ERR599074_bin.17.o	1	1	1	1	1
sunagawa2015	ERR599074_bin.18.s	1	1	1	1	1
sunagawa2015	ERR599074_bin.19.s	1	1	1	1	1
sunagawa2015	ERR599074_bin.2.s	1	1	1	1	1
sunagawa2015	ERR599074_bin.20.p	1	1	1	1	1
sunagawa2015	ERR599074_bin.21.p	1	1	1	1	1
sunagawa2015	ERR599074_bin.22.p	1	1	1	1	1
sunagawa2015	ERR599074_bin.23.s	1	1	1	1	1
sunagawa2015	ERR599074_bin.24.s	1	1	1	1	1
sunagawa2015	ERR599074_bin.25.s	1	1	1	1	1
sunagawa2015	ERR599074_bin.26.s	1	1	1	1	1
sunagawa2015	ERR599074_bin.27.s	1	1	1	1	1
sunagawa2015	ERR599074_bin.28.s	1	1	1	1	1
sunagawa2015	ERR599074_bin.29.s	1	1	1	1	1
sunagawa2015	ERR599074_bin.3.p	1	1	1	1	1
sunagawa2015	ERR599074_bin.30.s	1	1	1	1	1
sunagawa2015	ERR599074_bin.31.p	1	1	1	1	1
sunagawa2015	ERR599074_bin.32.p	1	1	1	1	1
sunagawa2015	ERR599074_bin.33.p	1	1	1	1	1
sunagawa2015	ERR599074_bin.34.p	1	1	1	1	1
sunagawa2015	ERR599074_bin.35.s	1	1	1	1	1
sunagawa2015	ERR599074_bin.36.p	1	1	1	1	1
sunagawa2015	ERR599074_bin.37.p	1	1	1	1	1
sunagawa2015	ERR599074_bin.38.p	1	1	1	1	1
sunagawa2015	ERR599074_bin.39.s	1	1	1	1	1
sunagawa2015	ERR599074_bin.4.s	1	1	1	1	1
sunagawa2015	ERR599074_bin.40.p	1	1	1	1	1
sunagawa2015	ERR599074_bin.41.p	1	1	1	1	1
sunagawa2015	ERR599074_bin.42.s	1	1	1	1	1
sunagawa2015	ERR599074_bin.43.p	1	1	1	1	1
sunagawa2015	ERR599074_bin.44.s	1	1	1	1	1
sunagawa2015	ERR599074_bin.45.s	1	1	1	1	1
sunagawa2015	ERR599074_bin.46.s	1	1	1	1	1
sunagawa2015	ERR599074_bin.47.s	1	1	1	1	1
sunagawa2015	ERR599074_bin.48.s	1	1	1	1	1
sunagawa2015	ERR599074_bin.49.p	1	1	1	1	1
sunagawa2015	ERR599074_bin.5.p	1	1	1	1	1
sunagawa2015	ERR599074_bin.50.p	1	1	1	1	1
sunagawa2015	ERR599074_bin.51.p	1	1	1	1	1
sunagawa2015	ERR599074_bin.52.s	1	1	1	1	1
sunagawa2015	ERR599074_bin.53.p	1	1	1	1	1
sunagawa2015	ERR599074_bin.55.p	1	1	1	1	1
sunagawa2015	ERR599074_bin.56.p	1	1	1	1	1
sunagawa2015	ERR599074_bin.6.s	1	1	1	1	1
sunagawa2015	ERR599074_bin.7.p	1	1	1	1	1
sunagawa2015	ERR599074_bin.8.s	1	1	1	1	1
sunagawa2015	ERR599074_bin.9.p	1	1	1	1	1
sunagawa2015	ERR599075_bin.1.p	1	1	1	1	1
sunagawa2015	ERR599075_bin.10.o	1	1	1	1	1
sunagawa2015	ERR599075_bin.12.p	1	1	1	1	1
sunagawa2015	ERR599075_bin.13.s	1	1	1	1	1
sunagawa2015	ERR599075_bin.14.s	1	1	1	1	1
sunagawa2015	ERR599075_bin.15.p	1	1	1	1	1
sunagawa2015	ERR599075_bin.16.s	1	1	1	1	1
sunagawa2015	ERR599075_bin.17.p	1	1	1	1	1
sunagawa2015	ERR599075_bin.18.p	1	1	1	1	1
sunagawa2015	ERR599075_bin.19.p	1	1	1	1	1
sunagawa2015	ERR599075_bin.2.s	1	1	1	1	1
sunagawa2015	ERR599075_bin.20.s	1	1	1	1	1
sunagawa2015	ERR599075_bin.21.p	1	1	1	1	1
sunagawa2015	ERR599075_bin.22.p	1	1	1	1	1
sunagawa2015	ERR599075_bin.23.p	1	1	1	1	1
sunagawa2015	ERR599075_bin.24.p	1	1	1	1	1
sunagawa2015	ERR599075_bin.25.p	1	1	1	1	1
sunagawa2015	ERR599075_bin.26.s	1	1	1	1	1
sunagawa2015	ERR599075_bin.27.s	1	1	1	1	1
sunagawa2015	ERR599075_bin.28.s	1	1	1	1	1
sunagawa2015	ERR599075_bin.29.s	1	1	1	1	1
sunagawa2015	ERR599075_bin.3.s	1	1	1	1	1
sunagawa2015	ERR599075_bin.30.o	1	1	1	1	1
sunagawa2015	ERR599075_bin.31.p	1	1	1	1	1
sunagawa2015	ERR599075_bin.32.p	1	1	1	1	1
sunagawa2015	ERR599075_bin.33.p	1	1	1	1	1
sunagawa2015	ERR599075_bin.34.p	1	1	1	1	1
sunagawa2015	ERR599075_bin.35.s	1	1	1	1	1
sunagawa2015	ERR599075_bin.36.s	1	1	1	1	1
sunagawa2015	ERR599075_bin.37.p	1	1	1	1	1
sunagawa2015	ERR599075_bin.38.s	1	1	1	1	1
sunagawa2015	ERR599075_bin.39.p	1	1	1	1	1
sunagawa2015	ERR599075_bin.4.s	1	1	1	1	1
sunagawa2015	ERR599075_bin.40.s	1	1	1	1	1
sunagawa2015	ERR599075_bin.41.s	1	1	1	1	1
sunagawa2015	ERR599075_bin.42.p	1	1	1	1	1
sunagawa2015	ERR599075_bin.43.o	1	1	1	1	1
sunagawa2015	ERR599075_bin.5.s	1	1	1	1	1
sunagawa2015	ERR599075_bin.6.p	1	1	1	1	1
sunagawa2015	ERR599075_bin.7.o	1	1	1	1	1
sunagawa2015	ERR599075_bin.8.s	1	1	1	1	1
sunagawa2015	ERR599075_bin.9.s	1	1	1	1	1
sunagawa2015	ERR599076_bin.1.p	1	1	1	1	1
sunagawa2015	ERR599076_bin.10.p	1	1	1	1	1
sunagawa2015	ERR599076_bin.11.p	1	1	1	1	1
sunagawa2015	ERR599076_bin.12.s	1	1	1	1	1
sunagawa2015	ERR599076_bin.13.p	1	1	1	1	1
sunagawa2015	ERR599076_bin.14.s	1	1	1	1	1
sunagawa2015	ERR599076_bin.15.p	1	1	1	1	1
sunagawa2015	ERR599076_bin.16.s	1	1	1	1	1
sunagawa2015	ERR599076_bin.17.p	1	1	1	1	1
sunagawa2015	ERR599076_bin.2.s	1	1	1	1	1
sunagawa2015	ERR599076_bin.20.s	1	1	1	1	1
sunagawa2015	ERR599076_bin.21.s	1	1	1	1	1
sunagawa2015	ERR599076_bin.22.s	1	1	1	1	1
sunagawa2015	ERR599076_bin.23.s	1	1	1	1	1
sunagawa2015	ERR599076_bin.24.o	1	1	1	1	1
sunagawa2015	ERR599076_bin.25.o	1	1	1	1	1
sunagawa2015	ERR599076_bin.26.s	1	1	1	1	1
sunagawa2015	ERR599076_bin.27.s	1	1	1	1	1
sunagawa2015	ERR599076_bin.28.s	1	1	1	1	1
sunagawa2015	ERR599076_bin.29.p	1	1	1	1	1
sunagawa2015	ERR599076_bin.3.o	1	1	1	1	1
sunagawa2015	ERR599076_bin.30.s	1	1	1	1	1
sunagawa2015	ERR599076_bin.31.p	1	1	1	1	1
sunagawa2015	ERR599076_bin.32.p	1	1	1	1	1
sunagawa2015	ERR599076_bin.34.s	1	1	1	1	1
sunagawa2015	ERR599076_bin.35.o	1	1	1	1	1
sunagawa2015	ERR599076_bin.5.p	1	1	1	1	1
sunagawa2015	ERR599076_bin.6.o	1	1	1	1	1
sunagawa2015	ERR599076_bin.7.s	1	1	1	1	1
sunagawa2015	ERR599076_bin.8.s	1	1	1	1	1
sunagawa2015	ERR599076_bin.9.s	1	1	1	1	1
sunagawa2015	ERR599077_bin.1.p	1	1	1	1	1
sunagawa2015	ERR599077_bin.10.p	1	1	1	1	1
sunagawa2015	ERR599077_bin.11.o	1	1	1	1	1
sunagawa2015	ERR599077_bin.12.s	1	1	1	1	1
sunagawa2015	ERR599077_bin.13.s	1	1	1	1	1
sunagawa2015	ERR599077_bin.14.s	1	1	1	1	1
sunagawa2015	ERR599077_bin.15.s	1	1	1	1	1
sunagawa2015	ERR599077_bin.16.p	1	1	1	1	1
sunagawa2015	ERR599077_bin.17.p	1	1	1	1	1
sunagawa2015	ERR599077_bin.18.s	1	1	1	1	1
sunagawa2015	ERR599077_bin.19.p	1	1	1	1	1
sunagawa2015	ERR599077_bin.2.p	1	1	1	1	1
sunagawa2015	ERR599077_bin.20.p	1	1	1	1	1
sunagawa2015	ERR599077_bin.21.p	1	1	1	1	1
sunagawa2015	ERR599077_bin.22.p	1	1	1	1	1
sunagawa2015	ERR599077_bin.23.p	1	1	1	1	1
sunagawa2015	ERR599077_bin.24.p	1	1	1	1	1
sunagawa2015	ERR599077_bin.25.p	1	1	1	1	1
sunagawa2015	ERR599077_bin.26.s	1	1	1	1	1
sunagawa2015	ERR599077_bin.27.p	1	1	1	1	1
sunagawa2015	ERR599077_bin.28.s	1	1	1	1	1
sunagawa2015	ERR599077_bin.29.s	1	1	1	1	1
sunagawa2015	ERR599077_bin.3.s	1	1	1	1	1
sunagawa2015	ERR599077_bin.30.s	1	1	1	1	1
sunagawa2015	ERR599077_bin.31.s	1	1	1	1	1
sunagawa2015	ERR599077_bin.32.p	1	1	1	1	1
sunagawa2015	ERR599077_bin.33.s	1	1	1	1	1
sunagawa2015	ERR599077_bin.34.s	1	1	1	1	1
sunagawa2015	ERR599077_bin.35.s	1	1	1	1	1
sunagawa2015	ERR599077_bin.36.o	1	1	1	1	1
sunagawa2015	ERR599077_bin.37.p	1	1	1	1	1
sunagawa2015	ERR599077_bin.38.s	1	1	1	1	1
sunagawa2015	ERR599077_bin.39.s	1	1	1	1	1
sunagawa2015	ERR599077_bin.4.s	1	1	1	1	1
sunagawa2015	ERR599077_bin.40.p	1	1	1	1	1
sunagawa2015	ERR599077_bin.41.p	1	1	1	1	1
sunagawa2015	ERR599077_bin.42.p	1	1	1	1	1
sunagawa2015	ERR599077_bin.43.s	1	1	1	1	1
sunagawa2015	ERR599077_bin.44.s	1	1	1	1	1
sunagawa2015	ERR599077_bin.45.s	1	1	1	1	1
sunagawa2015	ERR599077_bin.46.o	1	1	1	1	1
sunagawa2015	ERR599077_bin.47.s	1	1	1	1	1
sunagawa2015	ERR599077_bin.48.p	1	1	1	1	1
sunagawa2015	ERR599077_bin.49.s	1	1	1	1	1
sunagawa2015	ERR599077_bin.5.s	1	1	1	1	1
sunagawa2015	ERR599077_bin.50.p	1	1	1	1	1
sunagawa2015	ERR599077_bin.51.p	1	1	1	1	1
sunagawa2015	ERR599077_bin.52.p	1	1	1	1	1
sunagawa2015	ERR599077_bin.53.p	1	1	1	1	1
sunagawa2015	ERR599077_bin.54.p	1	1	1	1	1
sunagawa2015	ERR599077_bin.55.s	1	1	1	1	1
sunagawa2015	ERR599077_bin.56.s	1	1	1	1	1
sunagawa2015	ERR599077_bin.57.p	1	1	1	1	1
sunagawa2015	ERR599077_bin.58.s	1	1	1	1	1
sunagawa2015	ERR599077_bin.59.p	1	1	1	1	1
sunagawa2015	ERR599077_bin.6.s	1	1	1	1	1
sunagawa2015	ERR599077_bin.60.p	1	1	1	1	1
sunagawa2015	ERR599077_bin.61.s	1	1	1	1	1
sunagawa2015	ERR599077_bin.65.o	1	1	1	1	1
sunagawa2015	ERR599077_bin.7.s	1	1	1	1	1
sunagawa2015	ERR599077_bin.8.o	1	1	1	1	1
sunagawa2015	ERR599077_bin.9.p	1	1	1	1	1
sunagawa2015	ERR599078_bin.1.s	1	1	1	1	1
sunagawa2015	ERR599078_bin.10.s	1	1	1	1	1
sunagawa2015	ERR599078_bin.11.s	1	1	1	1	1
sunagawa2015	ERR599078_bin.12.o	1	1	1	1	1
sunagawa2015	ERR599078_bin.13.p	1	1	1	1	1
sunagawa2015	ERR599078_bin.14.s	1	1	1	1	1
sunagawa2015	ERR599078_bin.15.s	1	1	1	1	1
sunagawa2015	ERR599078_bin.16.s	1	1	1	1	1
sunagawa2015	ERR599078_bin.17.s	1	1	1	1	1
sunagawa2015	ERR599078_bin.18.o	1	1	1	1	1
sunagawa2015	ERR599078_bin.19.s	1	1	1	1	1
sunagawa2015	ERR599078_bin.2.p	1	1	1	1	1
sunagawa2015	ERR599078_bin.20.p	1	1	1	1	1
sunagawa2015	ERR599078_bin.21.s	1	1	1	1	1
sunagawa2015	ERR599078_bin.22.p	1	1	1	1	1
sunagawa2015	ERR599078_bin.23.p	1	1	1	1	1
sunagawa2015	ERR599078_bin.24.p	1	1	1	1	1
sunagawa2015	ERR599078_bin.25.s	1	1	1	1	1
sunagawa2015	ERR599078_bin.26.p	1	1	1	1	1
sunagawa2015	ERR599078_bin.27.s	1	1	1	1	1
sunagawa2015	ERR599078_bin.28.p	1	1	1	1	1
sunagawa2015	ERR599078_bin.29.p	1	1	1	1	1
sunagawa2015	ERR599078_bin.3.s	1	1	1	1	1
sunagawa2015	ERR599078_bin.30.p	1	1	1	1	1
sunagawa2015	ERR599078_bin.31.o	1	1	1	1	1
sunagawa2015	ERR599078_bin.32.s	1	1	1	1	1
sunagawa2015	ERR599078_bin.33.s	1	1	1	1	1
sunagawa2015	ERR599078_bin.34.p	1	1	1	1	1
sunagawa2015	ERR599078_bin.35.o	1	1	1	1	1
sunagawa2015	ERR599078_bin.36.s	1	1	1	1	1
sunagawa2015	ERR599078_bin.37.s	1	1	1	1	1
sunagawa2015	ERR599078_bin.38.s	1	1	1	1	1
sunagawa2015	ERR599078_bin.39.p	1	1	1	1	1
sunagawa2015	ERR599078_bin.4.p	1	1	1	1	1
sunagawa2015	ERR599078_bin.40.s	1	1	1	1	1
sunagawa2015	ERR599078_bin.41.p	1	1	1	1	1
sunagawa2015	ERR599078_bin.42.s	1	1	1	1	1
sunagawa2015	ERR599078_bin.43.s	1	1	1	1	1
sunagawa2015	ERR599078_bin.44.s	1	1	1	1	1
sunagawa2015	ERR599078_bin.45.s	1	1	1	1	1
sunagawa2015	ERR599078_bin.46.s	1	1	1	1	1
sunagawa2015	ERR599078_bin.47.s	1	1	1	1	1
sunagawa2015	ERR599078_bin.48.s	1	1	1	1	1
sunagawa2015	ERR599078_bin.49.p	1	1	1	1	1
sunagawa2015	ERR599078_bin.5.s	1	1	1	1	1
sunagawa2015	ERR599078_bin.50.s	1	1	1	1	1
sunagawa2015	ERR599078_bin.51.s	1	1	1	1	1
sunagawa2015	ERR599078_bin.52.s	1	1	1	1	1
sunagawa2015	ERR599078_bin.6.o	1	1	1	1	1
sunagawa2015	ERR599078_bin.7.p	1	1	1	1	1
sunagawa2015	ERR599078_bin.8.o	1	1	1	1	1
sunagawa2015	ERR599078_bin.9.s	1	1	1	1	1
sunagawa2015	ERR599079_bin.1.s	1	1	1	1	1
sunagawa2015	ERR599079_bin.10.p	1	1	1	1	1
sunagawa2015	ERR599079_bin.11.p	1	1	1	1	1
sunagawa2015	ERR599079_bin.12.p	1	1	1	1	1
sunagawa2015	ERR599079_bin.13.s	1	1	1	1	1
sunagawa2015	ERR599079_bin.14.o	1	1	1	1	1
sunagawa2015	ERR599079_bin.15.p	1	1	1	1	1
sunagawa2015	ERR599079_bin.16.s	1	1	1	1	1
sunagawa2015	ERR599079_bin.17.o	1	1	1	1	1
sunagawa2015	ERR599079_bin.18.p	1	1	1	1	1
sunagawa2015	ERR599079_bin.19.p	1	1	1	1	1
sunagawa2015	ERR599079_bin.2.s	1	1	1	1	1
sunagawa2015	ERR599079_bin.20.s	1	1	1	1	1
sunagawa2015	ERR599079_bin.21.p	1	1	1	1	1
sunagawa2015	ERR599079_bin.22.p	1	1	1	1	1
sunagawa2015	ERR599079_bin.23.s	1	1	1	1	1
sunagawa2015	ERR599079_bin.24.p	1	1	1	1	1
sunagawa2015	ERR599079_bin.25.p	1	1	1	1	1
sunagawa2015	ERR599079_bin.26.s	1	1	1	1	1
sunagawa2015	ERR599079_bin.27.p	1	1	1	1	1
sunagawa2015	ERR599079_bin.28.s	1	1	1	1	1
sunagawa2015	ERR599079_bin.29.s	1	1	1	1	1
sunagawa2015	ERR599079_bin.3.s	1	1	1	1	1
sunagawa2015	ERR599079_bin.30.o	1	1	1	1	1
sunagawa2015	ERR599079_bin.31.s	1	1	1	1	1
sunagawa2015	ERR599079_bin.32.p	1	1	1	1	1
sunagawa2015	ERR599079_bin.33.p	1	1	1	1	1
sunagawa2015	ERR599079_bin.4.p	1	1	1	1	1
sunagawa2015	ERR599079_bin.5.s	1	1	1	1	1
sunagawa2015	ERR599079_bin.6.s	1	1	1	1	1
sunagawa2015	ERR599079_bin.7.p	1	1	1	1	1
sunagawa2015	ERR599079_bin.8.s	1	1	1	1	1
sunagawa2015	ERR599079_bin.9.p	1	1	1	1	1
sunagawa2015	ERR599080_bin.1.p	1	1	1	1	1
sunagawa2015	ERR599080_bin.10.s	1	1	1	1	1
sunagawa2015	ERR599080_bin.11.s	1	1	1	1	1
sunagawa2015	ERR599080_bin.12.p	1	1	1	1	1
sunagawa2015	ERR599080_bin.13.s	1	1	1	1	1
sunagawa2015	ERR599080_bin.14.p	1	1	1	1	1
sunagawa2015	ERR599080_bin.15.p	1	1	1	1	1
sunagawa2015	ERR599080_bin.16.p	1	1	1	1	1
sunagawa2015	ERR599080_bin.17.p	1	1	1	1	1
sunagawa2015	ERR599080_bin.18.p	1	1	1	1	1
sunagawa2015	ERR599080_bin.20.p	1	1	1	1	1
sunagawa2015	ERR599080_bin.21.p	1	1	1	1	1
sunagawa2015	ERR599080_bin.22.p	1	1	1	1	1
sunagawa2015	ERR599080_bin.23.p	1	1	1	1	1
sunagawa2015	ERR599080_bin.24.s	1	1	1	1	1
sunagawa2015	ERR599080_bin.25.s	1	1	1	1	1
sunagawa2015	ERR599080_bin.26.p	1	1	1	1	1
sunagawa2015	ERR599080_bin.27.p	1	1	1	1	1
sunagawa2015	ERR599080_bin.28.s	1	1	1	1	1
sunagawa2015	ERR599080_bin.29.p	1	1	1	1	1
sunagawa2015	ERR599080_bin.3.p	1	1	1	1	1
sunagawa2015	ERR599080_bin.30.s	1	1	1	1	1
sunagawa2015	ERR599080_bin.31.s	1	1	1	1	1
sunagawa2015	ERR599080_bin.32.p	1	1	1	1	1
sunagawa2015	ERR599080_bin.33.s	1	1	1	1	1
sunagawa2015	ERR599080_bin.34.o	1	1	1	1	1
sunagawa2015	ERR599080_bin.36.o	1	1	1	1	1
sunagawa2015	ERR599080_bin.4.s	1	1	1	1	1
sunagawa2015	ERR599080_bin.5.s	1	1	1	1	1
sunagawa2015	ERR599080_bin.6.p	1	1	1	1	1
sunagawa2015	ERR599080_bin.7.s	1	1	1	1	1
sunagawa2015	ERR599080_bin.8.p	1	1	1	1	1
sunagawa2015	ERR599080_bin.9.p	1	1	1	1	1
sunagawa2015	ERR599081_bin.1.s	1	1	1	1	1
sunagawa2015	ERR599081_bin.10.p	1	1	1	1	1
sunagawa2015	ERR599081_bin.11.s	1	1	1	1	1
sunagawa2015	ERR599081_bin.12.p	1	1	1	1	1
sunagawa2015	ERR599081_bin.13.s	1	1	1	1	1
sunagawa2015	ERR599081_bin.14.p	1	1	1	1	1
sunagawa2015	ERR599081_bin.15.p	1	1	1	1	1
sunagawa2015	ERR599081_bin.16.p	1	1	1	1	1
sunagawa2015	ERR599081_bin.17.s	1	1	1	1	1
sunagawa2015	ERR599081_bin.18.p	1	1	1	1	1
sunagawa2015	ERR599081_bin.19.p	1	1	1	1	1
sunagawa2015	ERR599081_bin.20.p	1	1	1	1	1
sunagawa2015	ERR599081_bin.21.p	1	1	1	1	1
sunagawa2015	ERR599081_bin.22.p	1	1	1	1	1
sunagawa2015	ERR599081_bin.23.p	1	1	1	1	1
sunagawa2015	ERR599081_bin.24.p	1	1	1	1	1
sunagawa2015	ERR599081_bin.25.p	1	1	1	1	1
sunagawa2015	ERR599081_bin.26.p	1	1	1	1	1
sunagawa2015	ERR599081_bin.27.p	1	1	1	1	1
sunagawa2015	ERR599081_bin.28.s	1	1	1	1	1
sunagawa2015	ERR599081_bin.29.p	1	1	1	1	1
sunagawa2015	ERR599081_bin.3.p	1	1	1	1	1
sunagawa2015	ERR599081_bin.30.s	1	1	1	1	1
sunagawa2015	ERR599081_bin.31.s	1	1	1	1	1
sunagawa2015	ERR599081_bin.32.s	1	1	1	1	1
sunagawa2015	ERR599081_bin.33.s	1	1	1	1	1
sunagawa2015	ERR599081_bin.34.p	1	1	1	1	1
sunagawa2015	ERR599081_bin.35.s	1	1	1	1	1
sunagawa2015	ERR599081_bin.36.s	1	1	1	1	1
sunagawa2015	ERR599081_bin.37.p	1	1	1	1	1
sunagawa2015	ERR599081_bin.38.s	1	1	1	1	1
sunagawa2015	ERR599081_bin.39.s	1	1	1	1	1
sunagawa2015	ERR599081_bin.4.p	1	1	1	1	1
sunagawa2015	ERR599081_bin.40.p	1	1	1	1	1
sunagawa2015	ERR599081_bin.41.s	1	1	1	1	1
sunagawa2015	ERR599081_bin.42.s	1	1	1	1	1
sunagawa2015	ERR599081_bin.43.s	1	1	1	1	1
sunagawa2015	ERR599081_bin.45.s	1	1	1	1	1
sunagawa2015	ERR599081_bin.46.p	1	1	1	1	1
sunagawa2015	ERR599081_bin.47.p	1	1	1	1	1
sunagawa2015	ERR599081_bin.48.s	1	1	1	1	1
sunagawa2015	ERR599081_bin.49.p	1	1	1	1	1
sunagawa2015	ERR599081_bin.5.s	1	1	1	1	1
sunagawa2015	ERR599081_bin.50.s	1	1	1	1	1
sunagawa2015	ERR599081_bin.51.s	1	1	1	1	1
sunagawa2015	ERR599081_bin.52.s	1	1	1	1	1
sunagawa2015	ERR599081_bin.53.s	1	1	1	1	1
sunagawa2015	ERR599081_bin.55.s	1	1	1	1	1
sunagawa2015	ERR599081_bin.56.s	1	1	1	1	1
sunagawa2015	ERR599081_bin.57.p	1	1	1	1	1
sunagawa2015	ERR599081_bin.58.s	1	1	1	1	1
sunagawa2015	ERR599081_bin.59.s	1	1	1	1	1
sunagawa2015	ERR599081_bin.6.s	1	1	1	1	1
sunagawa2015	ERR599081_bin.60.p	1	1	1	1	1
sunagawa2015	ERR599081_bin.61.s	1	1	1	1	1
sunagawa2015	ERR599081_bin.62.s	1	1	1	1	1
sunagawa2015	ERR599081_bin.63.o	1	1	1	1	1
sunagawa2015	ERR599081_bin.64.s	1	1	1	1	1
sunagawa2015	ERR599081_bin.66.s	1	1	1	1	1
sunagawa2015	ERR599081_bin.67.p	1	1	1	1	1
sunagawa2015	ERR599081_bin.68.s	1	1	1	1	1
sunagawa2015	ERR599081_bin.69.s	1	1	1	1	1
sunagawa2015	ERR599081_bin.7.p	1	1	1	1	1
sunagawa2015	ERR599081_bin.70.s	1	1	1	1	1
sunagawa2015	ERR599081_bin.71.p	1	1	1	1	1
sunagawa2015	ERR599081_bin.72.p	1	1	1	1	1
sunagawa2015	ERR599081_bin.73.p	1	1	1	1	1
sunagawa2015	ERR599081_bin.8.s	1	1	1	1	1
sunagawa2015	ERR599081_bin.9.s	1	1	1	1	1
sunagawa2015	ERR599082_bin.1.o	1	1	1	1	1
sunagawa2015	ERR599082_bin.10.s	1	1	1	1	1
sunagawa2015	ERR599082_bin.11.p	1	1	1	1	1
sunagawa2015	ERR599082_bin.12.p	1	1	1	1	1
sunagawa2015	ERR599082_bin.13.s	1	1	1	1	1
sunagawa2015	ERR599082_bin.14.p	1	1	1	1	1
sunagawa2015	ERR599082_bin.15.o	1	1	1	1	1
sunagawa2015	ERR599082_bin.16.p	1	1	1	1	1
sunagawa2015	ERR599082_bin.17.p	1	1	1	1	1
sunagawa2015	ERR599082_bin.18.o	1	1	1	1	1
sunagawa2015	ERR599082_bin.19.p	1	1	1	1	1
sunagawa2015	ERR599082_bin.2.s	1	1	1	1	1
sunagawa2015	ERR599082_bin.20.p	1	1	1	1	1
sunagawa2015	ERR599082_bin.21.s	1	1	1	1	1
sunagawa2015	ERR599082_bin.22.p	1	1	1	1	1
sunagawa2015	ERR599082_bin.23.s	1	1	1	1	1
sunagawa2015	ERR599082_bin.24.p	1	1	1	1	1
sunagawa2015	ERR599082_bin.25.s	1	1	1	1	1
sunagawa2015	ERR599082_bin.26.o	1	1	1	1	1
sunagawa2015	ERR599082_bin.27.s	1	1	1	1	1
sunagawa2015	ERR599082_bin.28.s	1	1	1	1	1
sunagawa2015	ERR599082_bin.29.s	1	1	1	1	1
sunagawa2015	ERR599082_bin.3.p	1	1	1	1	1
sunagawa2015	ERR599082_bin.30.o	1	1	1	1	1
sunagawa2015	ERR599082_bin.31.p	1	1	1	1	1
sunagawa2015	ERR599082_bin.32.s	1	1	1	1	1
sunagawa2015	ERR599082_bin.33.s	1	1	1	1	1
sunagawa2015	ERR599082_bin.34.s	1	1	1	1	1
sunagawa2015	ERR599082_bin.35.s	1	1	1	1	1
sunagawa2015	ERR599082_bin.36.s	1	1	1	1	1
sunagawa2015	ERR599082_bin.37.p	1	1	1	1	1
sunagawa2015	ERR599082_bin.38.p	1	1	1	1	1
sunagawa2015	ERR599082_bin.39.p	1	1	1	1	1
sunagawa2015	ERR599082_bin.4.s	1	1	1	1	1
sunagawa2015	ERR599082_bin.40.o	1	1	1	1	1
sunagawa2015	ERR599082_bin.41.p	1	1	1	1	1
sunagawa2015	ERR599082_bin.42.o	1	1	1	1	1
sunagawa2015	ERR599082_bin.43.p	1	1	1	1	1
sunagawa2015	ERR599082_bin.44.o	1	1	1	1	1
sunagawa2015	ERR599082_bin.45.s	1	1	1	1	1
sunagawa2015	ERR599082_bin.46.s	1	1	1	1	1
sunagawa2015	ERR599082_bin.47.p	1	1	1	1	1
sunagawa2015	ERR599082_bin.48.s	1	1	1	1	1
sunagawa2015	ERR599082_bin.49.s	1	1	1	1	1
sunagawa2015	ERR599082_bin.5.o	1	1	1	1	1
sunagawa2015	ERR599082_bin.50.s	1	1	1	1	1
sunagawa2015	ERR599082_bin.51.s	1	1	1	1	1
sunagawa2015	ERR599082_bin.52.p	1	1	1	1	1
sunagawa2015	ERR599082_bin.53.s	1	1	1	1	1
sunagawa2015	ERR599082_bin.54.s	1	1	1	1	1
sunagawa2015	ERR599082_bin.6.s	1	1	1	1	1
sunagawa2015	ERR599082_bin.7.p	1	1	1	1	1
sunagawa2015	ERR599082_bin.8.s	1	1	1	1	1
sunagawa2015	ERR599082_bin.9.s	1	1	1	1	1
sunagawa2015	ERR599083_bin.1.o	1	1	1	1	1
sunagawa2015	ERR599083_bin.10.s	1	1	1	1	1
sunagawa2015	ERR599083_bin.11.s	1	1	1	1	1
sunagawa2015	ERR599083_bin.12.s	1	1	1	1	1
sunagawa2015	ERR599083_bin.13.s	1	1	1	1	1
sunagawa2015	ERR599083_bin.14.p	1	1	1	1	1
sunagawa2015	ERR599083_bin.15.s	1	1	1	1	1
sunagawa2015	ERR599083_bin.16.s	1	1	1	1	1
sunagawa2015	ERR599083_bin.17.s	1	1	1	1	1
sunagawa2015	ERR599083_bin.18.s	1	1	1	1	1
sunagawa2015	ERR599083_bin.19.p	1	1	1	1	1
sunagawa2015	ERR599083_bin.2.p	1	1	1	1	1
sunagawa2015	ERR599083_bin.20.p	1	1	1	1	1
sunagawa2015	ERR599083_bin.21.s	1	1	1	1	1
sunagawa2015	ERR599083_bin.22.o	1	1	1	1	1
sunagawa2015	ERR599083_bin.23.p	1	1	1	1	1
sunagawa2015	ERR599083_bin.24.s	1	1	1	1	1
sunagawa2015	ERR599083_bin.25.s	1	1	1	1	1
sunagawa2015	ERR599083_bin.26.o	1	1	1	1	1
sunagawa2015	ERR599083_bin.27.p	1	1	1	1	1
sunagawa2015	ERR599083_bin.28.p	1	1	1	1	1
sunagawa2015	ERR599083_bin.5.s	1	1	1	1	1
sunagawa2015	ERR599083_bin.6.o	1	1	1	1	1
sunagawa2015	ERR599083_bin.7.s	1	1	1	1	1
sunagawa2015	ERR599083_bin.8.p	1	1	1	1	1
sunagawa2015	ERR599083_bin.9.p	1	1	1	1	1
sunagawa2015	ERR599084_bin.1.p	1	1	1	1	1
sunagawa2015	ERR599084_bin.10.s	1	1	1	1	1
sunagawa2015	ERR599084_bin.11.p	1	1	1	1	1
sunagawa2015	ERR599084_bin.12.s	1	1	1	1	1
sunagawa2015	ERR599084_bin.13.s	1	1	1	1	1
sunagawa2015	ERR599084_bin.14.s	1	1	1	1	1
sunagawa2015	ERR599084_bin.15.p	1	1	1	1	1
sunagawa2015	ERR599084_bin.16.p	1	1	1	1	1
sunagawa2015	ERR599084_bin.17.p	1	1	1	1	1
sunagawa2015	ERR599084_bin.18.p	1	1	1	1	1
sunagawa2015	ERR599084_bin.19.s	1	1	1	1	1
sunagawa2015	ERR599084_bin.2.p	1	1	1	1	1
sunagawa2015	ERR599084_bin.20.s	1	1	1	1	1
sunagawa2015	ERR599084_bin.21.p	1	1	1	1	1
sunagawa2015	ERR599084_bin.22.s	1	1	1	1	1
sunagawa2015	ERR599084_bin.23.s	1	1	1	1	1
sunagawa2015	ERR599084_bin.24.s	1	1	1	1	1
sunagawa2015	ERR599084_bin.25.p	1	1	1	1	1
sunagawa2015	ERR599084_bin.26.o	1	1	1	1	1
sunagawa2015	ERR599084_bin.27.p	1	1	1	1	1
sunagawa2015	ERR599084_bin.28.p	1	1	1	1	1
sunagawa2015	ERR599084_bin.29.o	1	1	1	1	1
sunagawa2015	ERR599084_bin.3.p	1	1	1	1	1
sunagawa2015	ERR599084_bin.30.p	1	1	1	1	1
sunagawa2015	ERR599084_bin.31.p	1	1	1	1	1
sunagawa2015	ERR599084_bin.32.o	1	1	1	1	1
sunagawa2015	ERR599084_bin.34.s	1	1	1	1	1
sunagawa2015	ERR599084_bin.35.p	1	1	1	1	1
sunagawa2015	ERR599084_bin.36.s	1	1	1	1	1
sunagawa2015	ERR599084_bin.37.s	1	1	1	1	1
sunagawa2015	ERR599084_bin.38.p	1	1	1	1	1
sunagawa2015	ERR599084_bin.39.p	1	1	1	1	1
sunagawa2015	ERR599084_bin.4.s	1	1	1	1	1
sunagawa2015	ERR599084_bin.40.p	1	1	1	1	1
sunagawa2015	ERR599084_bin.41.p	1	1	1	1	1
sunagawa2015	ERR599084_bin.42.s	1	1	1	1	1
sunagawa2015	ERR599084_bin.43.s	1	1	1	1	1
sunagawa2015	ERR599084_bin.44.p	1	1	1	1	1
sunagawa2015	ERR599084_bin.45.p	1	1	1	1	1
sunagawa2015	ERR599084_bin.46.p	1	1	1	1	1
sunagawa2015	ERR599084_bin.47.p	1	1	1	1	1
sunagawa2015	ERR599084_bin.48.p	1	1	1	1	1
sunagawa2015	ERR599084_bin.49.s	1	1	1	1	1
sunagawa2015	ERR599084_bin.5.p	1	1	1	1	1
sunagawa2015	ERR599084_bin.6.s	1	1	1	1	1
sunagawa2015	ERR599084_bin.7.s	1	1	1	1	1
sunagawa2015	ERR599084_bin.8.o	1	1	1	1	1
sunagawa2015	ERR599084_bin.9.s	1	1	1	1	1
sunagawa2015	ERR599085_bin.1.p	1	1	1	1	1
sunagawa2015	ERR599085_bin.2.p	1	1	1	1	1
sunagawa2015	ERR599085_bin.3.s	1	1	1	1	1
sunagawa2015	ERR599085_bin.4.o	1	1	1	1	1
sunagawa2015	ERR599085_bin.5.s	1	1	1	1	1
sunagawa2015	ERR599085_bin.6.s	1	1	1	1	1
sunagawa2015	ERR599085_bin.7.p	1	1	1	1	1
sunagawa2015	ERR599085_bin.8.s	1	1	1	1	1
sunagawa2015	ERR599086_bin.1.s	1	1	1	1	1
sunagawa2015	ERR599086_bin.10.o	1	1	1	1	1
sunagawa2015	ERR599086_bin.11.s	1	1	1	1	1
sunagawa2015	ERR599086_bin.12.s	1	1	1	1	1
sunagawa2015	ERR599086_bin.13.s	1	1	1	1	1
sunagawa2015	ERR599086_bin.14.s	1	1	1	1	1
sunagawa2015	ERR599086_bin.15.s	1	1	1	1	1
sunagawa2015	ERR599086_bin.16.p	1	1	1	1	1
sunagawa2015	ERR599086_bin.17.o	1	1	1	1	1
sunagawa2015	ERR599086_bin.18.s	1	1	1	1	1
sunagawa2015	ERR599086_bin.19.s	1	1	1	1	1
sunagawa2015	ERR599086_bin.2.p	1	1	1	1	1
sunagawa2015	ERR599086_bin.20.s	1	1	1	1	1
sunagawa2015	ERR599086_bin.21.o	1	1	1	1	1
sunagawa2015	ERR599086_bin.22.s	1	1	1	1	1
sunagawa2015	ERR599086_bin.23.p	1	1	1	1	1
sunagawa2015	ERR599086_bin.24.o	1	1	1	1	1
sunagawa2015	ERR599086_bin.25.s	1	1	1	1	1
sunagawa2015	ERR599086_bin.26.o	1	1	1	1	1
sunagawa2015	ERR599086_bin.27.s	1	1	1	1	1
sunagawa2015	ERR599086_bin.28.s	1	1	1	1	1
sunagawa2015	ERR599086_bin.29.p	1	1	1	1	1
sunagawa2015	ERR599086_bin.3.p	1	1	1	1	1
sunagawa2015	ERR599086_bin.30.s	1	1	1	1	1
sunagawa2015	ERR599086_bin.31.s	1	1	1	1	1
sunagawa2015	ERR599086_bin.32.s	1	1	1	1	1
sunagawa2015	ERR599086_bin.33.s	1	1	1	1	1
sunagawa2015	ERR599086_bin.34.s	1	1	1	1	1
sunagawa2015	ERR599086_bin.35.p	1	1	1	1	1
sunagawa2015	ERR599086_bin.36.s	1	1	1	1	1
sunagawa2015	ERR599086_bin.37.s	1	1	1	1	1
sunagawa2015	ERR599086_bin.38.p	1	1	1	1	1
sunagawa2015	ERR599086_bin.4.s	1	1	1	1	1
sunagawa2015	ERR599086_bin.40.s	1	1	1	1	1
sunagawa2015	ERR599086_bin.41.s	1	1	1	1	1
sunagawa2015	ERR599086_bin.42.s	1	1	1	1	1
sunagawa2015	ERR599086_bin.43.o	1	1	1	1	1
sunagawa2015	ERR599086_bin.44.s	1	1	1	1	1
sunagawa2015	ERR599086_bin.5.s	1	1	1	1	1
sunagawa2015	ERR599086_bin.6.p	1	1	1	1	1
sunagawa2015	ERR599086_bin.7.p	1	1	1	1	1
sunagawa2015	ERR599086_bin.9.p	1	1	1	1	1
sunagawa2015	ERR599087_bin.1.p	1	1	1	1	1
sunagawa2015	ERR599087_bin.10.s	1	1	1	1	1
sunagawa2015	ERR599087_bin.11.p	1	1	1	1	1
sunagawa2015	ERR599087_bin.12.p	1	1	1	1	1
sunagawa2015	ERR599087_bin.13.s	1	1	1	1	1
sunagawa2015	ERR599087_bin.14.p	1	1	1	1	1
sunagawa2015	ERR599087_bin.15.p	1	1	1	1	1
sunagawa2015	ERR599087_bin.16.s	1	1	1	1	1
sunagawa2015	ERR599087_bin.17.s	1	1	1	1	1
sunagawa2015	ERR599087_bin.18.s	1	1	1	1	1
sunagawa2015	ERR599087_bin.19.p	1	1	1	1	1
sunagawa2015	ERR599087_bin.2.p	1	1	1	1	1
sunagawa2015	ERR599087_bin.20.s	1	1	1	1	1
sunagawa2015	ERR599087_bin.21.p	1	1	1	1	1
sunagawa2015	ERR599087_bin.23.p	1	1	1	1	1
sunagawa2015	ERR599087_bin.24.p	1	1	1	1	1
sunagawa2015	ERR599087_bin.25.p	1	1	1	1	1
sunagawa2015	ERR599087_bin.26.s	1	1	1	1	1
sunagawa2015	ERR599087_bin.27.p	1	1	1	1	1
sunagawa2015	ERR599087_bin.28.s	1	1	1	1	1
sunagawa2015	ERR599087_bin.29.s	1	1	1	1	1
sunagawa2015	ERR599087_bin.3.o	1	1	1	1	1
sunagawa2015	ERR599087_bin.30.s	1	1	1	1	1
sunagawa2015	ERR599087_bin.31.s	1	1	1	1	1
sunagawa2015	ERR599087_bin.32.p	1	1	1	1	1
sunagawa2015	ERR599087_bin.33.s	1	1	1	1	1
sunagawa2015	ERR599087_bin.34.s	1	1	1	1	1
sunagawa2015	ERR599087_bin.35.s	1	1	1	1	1
sunagawa2015	ERR599087_bin.36.s	1	1	1	1	1
sunagawa2015	ERR599087_bin.37.p	1	1	1	1	1
sunagawa2015	ERR599087_bin.38.o	1	1	1	1	1
sunagawa2015	ERR599087_bin.39.p	1	1	1	1	1
sunagawa2015	ERR599087_bin.4.p	1	1	1	1	1
sunagawa2015	ERR599087_bin.40.p	1	1	1	1	1
sunagawa2015	ERR599087_bin.41.p	1	1	1	1	1
sunagawa2015	ERR599087_bin.42.s	1	1	1	1	1
sunagawa2015	ERR599087_bin.43.s	1	1	1	1	1
sunagawa2015	ERR599087_bin.44.s	1	1	1	1	1
sunagawa2015	ERR599087_bin.5.p	1	1	1	1	1
sunagawa2015	ERR599087_bin.6.s	1	1	1	1	1
sunagawa2015	ERR599087_bin.7.o	1	1	1	1	1
sunagawa2015	ERR599087_bin.8.s	1	1	1	1	1
sunagawa2015	ERR599087_bin.9.p	1	1	1	1	1
sunagawa2015	ERR599088_bin.1.o	1	1	1	1	1
sunagawa2015	ERR599088_bin.10.p	1	1	1	1	1
sunagawa2015	ERR599088_bin.11.s	1	1	1	1	1
sunagawa2015	ERR599088_bin.12.p	1	1	1	1	1
sunagawa2015	ERR599088_bin.13.p	1	1	1	1	1
sunagawa2015	ERR599088_bin.14.p	1	1	1	1	1
sunagawa2015	ERR599088_bin.15.p	1	1	1	1	1
sunagawa2015	ERR599088_bin.16.p	1	1	1	1	1
sunagawa2015	ERR599088_bin.17.s	1	1	1	1	1
sunagawa2015	ERR599088_bin.18.p	1	1	1	1	1
sunagawa2015	ERR599088_bin.19.p	1	1	1	1	1
sunagawa2015	ERR599088_bin.2.p	1	1	1	1	1
sunagawa2015	ERR599088_bin.20.p	1	1	1	1	1
sunagawa2015	ERR599088_bin.21.s	1	1	1	1	1
sunagawa2015	ERR599088_bin.22.p	1	1	1	1	1
sunagawa2015	ERR599088_bin.3.p	1	1	1	1	1
sunagawa2015	ERR599088_bin.4.p	1	1	1	1	1
sunagawa2015	ERR599088_bin.5.p	1	1	1	1	1
sunagawa2015	ERR599088_bin.6.p	1	1	1	1	1
sunagawa2015	ERR599088_bin.7.p	1	1	1	1	1
sunagawa2015	ERR599088_bin.8.p	1	1	1	1	1
sunagawa2015	ERR599088_bin.9.s	1	1	1	1	1
sunagawa2015	ERR599089_bin.1.p	1	1	1	1	1
sunagawa2015	ERR599089_bin.10.p	1	1	1	1	1
sunagawa2015	ERR599089_bin.12.s	1	1	1	1	1
sunagawa2015	ERR599089_bin.13.s	1	1	1	1	1
sunagawa2015	ERR599089_bin.14.s	1	1	1	1	1
sunagawa2015	ERR599089_bin.15.s	1	1	1	1	1
sunagawa2015	ERR599089_bin.16.o	1	1	1	1	1
sunagawa2015	ERR599089_bin.17.o	1	1	1	1	1
sunagawa2015	ERR599089_bin.18.p	1	1	1	1	1
sunagawa2015	ERR599089_bin.19.p	1	1	1	1	1
sunagawa2015	ERR599089_bin.2.s	1	1	1	1	1
sunagawa2015	ERR599089_bin.20.p	1	1	1	1	1
sunagawa2015	ERR599089_bin.21.p	1	1	1	1	1
sunagawa2015	ERR599089_bin.22.s	1	1	1	1	1
sunagawa2015	ERR599089_bin.23.p	1	1	1	1	1
sunagawa2015	ERR599089_bin.24.p	1	1	1	1	1
sunagawa2015	ERR599089_bin.25.s	1	1	1	1	1
sunagawa2015	ERR599089_bin.26.p	1	1	1	1	1
sunagawa2015	ERR599089_bin.27.s	1	1	1	1	1
sunagawa2015	ERR599089_bin.28.p	1	1	1	1	1
sunagawa2015	ERR599089_bin.29.o	1	1	1	1	1
sunagawa2015	ERR599089_bin.3.p	1	1	1	1	1
sunagawa2015	ERR599089_bin.30.s	1	1	1	1	1
sunagawa2015	ERR599089_bin.31.o	1	1	1	1	1
sunagawa2015	ERR599089_bin.32.o	1	1	1	1	1
sunagawa2015	ERR599089_bin.34.p	1	1	1	1	1
sunagawa2015	ERR599089_bin.35.o	1	1	1	1	1
sunagawa2015	ERR599089_bin.36.p	1	1	1	1	1
sunagawa2015	ERR599089_bin.38.p	1	1	1	1	1
sunagawa2015	ERR599089_bin.39.o	1	1	1	1	1
sunagawa2015	ERR599089_bin.4.o	1	1	1	1	1
sunagawa2015	ERR599089_bin.40.s	1	1	1	1	1
sunagawa2015	ERR599089_bin.41.s	1	1	1	1	1
sunagawa2015	ERR599089_bin.42.p	1	1	1	1	1
sunagawa2015	ERR599089_bin.43.s	1	1	1	1	1
sunagawa2015	ERR599089_bin.44.s	1	1	1	1	1
sunagawa2015	ERR599089_bin.45.p	1	1	1	1	1
sunagawa2015	ERR599089_bin.46.p	1	1	1	1	1
sunagawa2015	ERR599089_bin.47.p	1	1	1	1	1
sunagawa2015	ERR599089_bin.48.s	1	1	1	1	1
sunagawa2015	ERR599089_bin.49.s	1	1	1	1	1
sunagawa2015	ERR599089_bin.5.p	1	1	1	1	1
sunagawa2015	ERR599089_bin.50.s	1	1	1	1	1
sunagawa2015	ERR599089_bin.51.s	1	1	1	1	1
sunagawa2015	ERR599089_bin.6.p	1	1	1	1	1
sunagawa2015	ERR599089_bin.7.p	1	1	1	1	1
sunagawa2015	ERR599089_bin.8.p	1	1	1	1	1
sunagawa2015	ERR599089_bin.9.p	1	1	1	1	1
sunagawa2015	ERR599090_bin.1.s	1	1	1	1	1
sunagawa2015	ERR599090_bin.2.s	1	1	1	1	1
sunagawa2015	ERR599090_bin.3.s	1	1	1	1	1
sunagawa2015	ERR599090_bin.4.s	1	1	1	1	1
sunagawa2015	ERR599090_bin.5.s	1	1	1	1	1
sunagawa2015	ERR599090_bin.6.s	1	1	1	1	1
sunagawa2015	ERR599090_bin.7.o	1	1	1	1	1
sunagawa2015	ERR599090_bin.8.o	1	1	1	1	1
sunagawa2015	ERR599091_bin.1.s	1	1	1	1	1
sunagawa2015	ERR599091_bin.10.o	1	1	1	1	1
sunagawa2015	ERR599091_bin.11.p	1	1	1	1	1
sunagawa2015	ERR599091_bin.12.s	1	1	1	1	1
sunagawa2015	ERR599091_bin.13.s	1	1	1	1	1
sunagawa2015	ERR599091_bin.14.s	1	1	1	1	1
sunagawa2015	ERR599091_bin.15.p	1	1	1	1	1
sunagawa2015	ERR599091_bin.16.p	1	1	1	1	1
sunagawa2015	ERR599091_bin.17.s	1	1	1	1	1
sunagawa2015	ERR599091_bin.18.s	1	1	1	1	1
sunagawa2015	ERR599091_bin.19.p	1	1	1	1	1
sunagawa2015	ERR599091_bin.2.s	1	1	1	1	1
sunagawa2015	ERR599091_bin.20.s	1	1	1	1	1
sunagawa2015	ERR599091_bin.21.s	1	1	1	1	1
sunagawa2015	ERR599091_bin.22.p	1	1	1	1	1
sunagawa2015	ERR599091_bin.23.s	1	1	1	1	1
sunagawa2015	ERR599091_bin.24.s	1	1	1	1	1
sunagawa2015	ERR599091_bin.25.s	1	1	1	1	1
sunagawa2015	ERR599091_bin.26.p	1	1	1	1	1
sunagawa2015	ERR599091_bin.27.s	1	1	1	1	1
sunagawa2015	ERR599091_bin.28.o	1	1	1	1	1
sunagawa2015	ERR599091_bin.29.s	1	1	1	1	1
sunagawa2015	ERR599091_bin.3.p	1	1	1	1	1
sunagawa2015	ERR599091_bin.30.p	1	1	1	1	1
sunagawa2015	ERR599091_bin.31.s	1	1	1	1	1
sunagawa2015	ERR599091_bin.32.p	1	1	1	1	1
sunagawa2015	ERR599091_bin.33.p	1	1	1	1	1
sunagawa2015	ERR599091_bin.34.s	1	1	1	1	1
sunagawa2015	ERR599091_bin.35.s	1	1	1	1	1
sunagawa2015	ERR599091_bin.4.s	1	1	1	1	1
sunagawa2015	ERR599091_bin.5.s	1	1	1	1	1
sunagawa2015	ERR599091_bin.6.p	1	1	1	1	1
sunagawa2015	ERR599091_bin.7.o	1	1	1	1	1
sunagawa2015	ERR599091_bin.8.p	1	1	1	1	1
sunagawa2015	ERR599091_bin.9.p	1	1	1	1	1
sunagawa2015	ERR599092_bin.1.p	1	1	1	1	1
sunagawa2015	ERR599092_bin.10.s	1	1	1	1	1
sunagawa2015	ERR599092_bin.11.p	1	1	1	1	1
sunagawa2015	ERR599092_bin.12.p	1	1	1	1	1
sunagawa2015	ERR599092_bin.13.p	1	1	1	1	1
sunagawa2015	ERR599092_bin.14.s	1	1	1	1	1
sunagawa2015	ERR599092_bin.15.p	1	1	1	1	1
sunagawa2015	ERR599092_bin.16.p	1	1	1	1	1
sunagawa2015	ERR599092_bin.17.s	1	1	1	1	1
sunagawa2015	ERR599092_bin.18.s	1	1	1	1	1
sunagawa2015	ERR599092_bin.19.o	1	1	1	1	1
sunagawa2015	ERR599092_bin.2.s	1	1	1	1	1
sunagawa2015	ERR599092_bin.20.p	1	1	1	1	1
sunagawa2015	ERR599092_bin.21.s	1	1	1	1	1
sunagawa2015	ERR599092_bin.22.s	1	1	1	1	1
sunagawa2015	ERR599092_bin.23.s	1	1	1	1	1
sunagawa2015	ERR599092_bin.24.p	1	1	1	1	1
sunagawa2015	ERR599092_bin.25.o	1	1	1	1	1
sunagawa2015	ERR599092_bin.26.o	1	1	1	1	1
sunagawa2015	ERR599092_bin.27.s	1	1	1	1	1
sunagawa2015	ERR599092_bin.28.p	1	1	1	1	1
sunagawa2015	ERR599092_bin.29.s	1	1	1	1	1
sunagawa2015	ERR599092_bin.3.o	1	1	1	1	1
sunagawa2015	ERR599092_bin.30.s	1	1	1	1	1
sunagawa2015	ERR599092_bin.31.p	1	1	1	1	1
sunagawa2015	ERR599092_bin.32.p	1	1	1	1	1
sunagawa2015	ERR599092_bin.33.s	1	1	1	1	1
sunagawa2015	ERR599092_bin.34.s	1	1	1	1	1
sunagawa2015	ERR599092_bin.35.s	1	1	1	1	1
sunagawa2015	ERR599092_bin.36.p	1	1	1	1	1
sunagawa2015	ERR599092_bin.37.p	1	1	1	1	1
sunagawa2015	ERR599092_bin.38.s	1	1	1	1	1
sunagawa2015	ERR599092_bin.39.s	1	1	1	1	1
sunagawa2015	ERR599092_bin.4.s	1	1	1	1	1
sunagawa2015	ERR599092_bin.40.s	1	1	1	1	1
sunagawa2015	ERR599092_bin.41.p	1	1	1	1	1
sunagawa2015	ERR599092_bin.42.p	1	1	1	1	1
sunagawa2015	ERR599092_bin.43.s	1	1	1	1	1
sunagawa2015	ERR599092_bin.44.p	1	1	1	1	1
sunagawa2015	ERR599092_bin.45.p	1	1	1	1	1
sunagawa2015	ERR599092_bin.46.s	1	1	1	1	1
sunagawa2015	ERR599092_bin.47.s	1	1	1	1	1
sunagawa2015	ERR599092_bin.48.s	1	1	1	1	1
sunagawa2015	ERR599092_bin.49.s	1	1	1	1	1
sunagawa2015	ERR599092_bin.5.p	1	1	1	1	1
sunagawa2015	ERR599092_bin.50.o	1	1	1	1	1
sunagawa2015	ERR599092_bin.51.s	1	1	1	1	1
sunagawa2015	ERR599092_bin.52.p	1	1	1	1	1
sunagawa2015	ERR599092_bin.53.p	1	1	1	1	1
sunagawa2015	ERR599092_bin.54.p	1	1	1	1	1
sunagawa2015	ERR599092_bin.55.p	1	1	1	1	1
sunagawa2015	ERR599092_bin.56.s	1	1	1	1	1
sunagawa2015	ERR599092_bin.57.p	1	1	1	1	1
sunagawa2015	ERR599092_bin.58.s	1	1	1	1	1
sunagawa2015	ERR599092_bin.59.p	1	1	1	1	1
sunagawa2015	ERR599092_bin.6.p	1	1	1	1	1
sunagawa2015	ERR599092_bin.60.p	1	1	1	1	1
sunagawa2015	ERR599092_bin.61.o	1	1	1	1	1
sunagawa2015	ERR599092_bin.62.s	1	1	1	1	1
sunagawa2015	ERR599092_bin.63.s	1	1	1	1	1
sunagawa2015	ERR599092_bin.64.s	1	1	1	1	1
sunagawa2015	ERR599092_bin.65.s	1	1	1	1	1
sunagawa2015	ERR599092_bin.66.p	1	1	1	1	1
sunagawa2015	ERR599092_bin.67.s	1	1	1	1	1
sunagawa2015	ERR599092_bin.68.p	1	1	1	1	1
sunagawa2015	ERR599092_bin.69.p	1	1	1	1	1
sunagawa2015	ERR599092_bin.7.s	1	1	1	1	1
sunagawa2015	ERR599092_bin.70.p	1	1	1	1	1
sunagawa2015	ERR599092_bin.72.p	1	1	1	1	1
sunagawa2015	ERR599092_bin.73.s	1	1	1	1	1
sunagawa2015	ERR599092_bin.8.s	1	1	1	1	1
sunagawa2015	ERR599092_bin.9.s	1	1	1	1	1
sunagawa2015	ERR599093_bin.1.s	1	1	1	1	1
sunagawa2015	ERR599093_bin.10.p	1	1	1	1	1
sunagawa2015	ERR599093_bin.11.s	1	1	1	1	1
sunagawa2015	ERR599093_bin.12.s	1	1	1	1	1
sunagawa2015	ERR599093_bin.13.p	1	1	1	1	1
sunagawa2015	ERR599093_bin.14.s	1	1	1	1	1
sunagawa2015	ERR599093_bin.15.s	1	1	1	1	1
sunagawa2015	ERR599093_bin.16.s	1	1	1	1	1
sunagawa2015	ERR599093_bin.17.s	1	1	1	1	1
sunagawa2015	ERR599093_bin.18.p	1	1	1	1	1
sunagawa2015	ERR599093_bin.19.p	1	1	1	1	1
sunagawa2015	ERR599093_bin.2.p	1	1	1	1	1
sunagawa2015	ERR599093_bin.20.s	1	1	1	1	1
sunagawa2015	ERR599093_bin.21.o	1	1	1	1	1
sunagawa2015	ERR599093_bin.22.s	1	1	1	1	1
sunagawa2015	ERR599093_bin.23.s	1	1	1	1	1
sunagawa2015	ERR599093_bin.24.s	1	1	1	1	1
sunagawa2015	ERR599093_bin.25.s	1	1	1	1	1
sunagawa2015	ERR599093_bin.26.s	1	1	1	1	1
sunagawa2015	ERR599093_bin.3.p	1	1	1	1	1
sunagawa2015	ERR599093_bin.4.p	1	1	1	1	1
sunagawa2015	ERR599093_bin.5.p	1	1	1	1	1
sunagawa2015	ERR599093_bin.6.s	1	1	1	1	1
sunagawa2015	ERR599093_bin.7.s	1	1	1	1	1
sunagawa2015	ERR599093_bin.9.s	1	1	1	1	1
sunagawa2015	ERR599094_bin.1.s	1	1	1	1	1
sunagawa2015	ERR599094_bin.10.s	1	1	1	1	1
sunagawa2015	ERR599094_bin.11.p	1	1	1	1	1
sunagawa2015	ERR599094_bin.12.s	1	1	1	1	1
sunagawa2015	ERR599094_bin.13.o	1	1	1	1	1
sunagawa2015	ERR599094_bin.14.s	1	1	1	1	1
sunagawa2015	ERR599094_bin.15.p	1	1	1	1	1
sunagawa2015	ERR599094_bin.16.o	1	1	1	1	1
sunagawa2015	ERR599094_bin.17.s	1	1	1	1	1
sunagawa2015	ERR599094_bin.18.s	1	1	1	1	1
sunagawa2015	ERR599094_bin.19.p	1	1	1	1	1
sunagawa2015	ERR599094_bin.2.p	1	1	1	1	1
sunagawa2015	ERR599094_bin.20.p	1	1	1	1	1
sunagawa2015	ERR599094_bin.21.p	1	1	1	1	1
sunagawa2015	ERR599094_bin.22.s	1	1	1	1	1
sunagawa2015	ERR599094_bin.23.o	1	1	1	1	1
sunagawa2015	ERR599094_bin.24.s	1	1	1	1	1
sunagawa2015	ERR599094_bin.25.s	1	1	1	1	1
sunagawa2015	ERR599094_bin.26.s	1	1	1	1	1
sunagawa2015	ERR599094_bin.27.p	1	1	1	1	1
sunagawa2015	ERR599094_bin.28.s	1	1	1	1	1
sunagawa2015	ERR599094_bin.29.p	1	1	1	1	1
sunagawa2015	ERR599094_bin.3.o	1	1	1	1	1
sunagawa2015	ERR599094_bin.30.p	1	1	1	1	1
sunagawa2015	ERR599094_bin.31.s	1	1	1	1	1
sunagawa2015	ERR599094_bin.32.p	1	1	1	1	1
sunagawa2015	ERR599094_bin.33.p	1	1	1	1	1
sunagawa2015	ERR599094_bin.34.s	1	1	1	1	1
sunagawa2015	ERR599094_bin.35.o	1	1	1	1	1
sunagawa2015	ERR599094_bin.36.p	1	1	1	1	1
sunagawa2015	ERR599094_bin.37.s	1	1	1	1	1
sunagawa2015	ERR599094_bin.38.s	1	1	1	1	1
sunagawa2015	ERR599094_bin.39.o	1	1	1	1	1
sunagawa2015	ERR599094_bin.4.p	1	1	1	1	1
sunagawa2015	ERR599094_bin.40.p	1	1	1	1	1
sunagawa2015	ERR599094_bin.41.p	1	1	1	1	1
sunagawa2015	ERR599094_bin.42.p	1	1	1	1	1
sunagawa2015	ERR599094_bin.43.p	1	1	1	1	1
sunagawa2015	ERR599094_bin.45.p	1	1	1	1	1
sunagawa2015	ERR599094_bin.46.s	1	1	1	1	1
sunagawa2015	ERR599094_bin.47.s	1	1	1	1	1
sunagawa2015	ERR599094_bin.48.p	1	1	1	1	1
sunagawa2015	ERR599094_bin.49.s	1	1	1	1	1
sunagawa2015	ERR599094_bin.5.s	1	1	1	1	1
sunagawa2015	ERR599094_bin.50.p	1	1	1	1	1
sunagawa2015	ERR599094_bin.51.s	1	1	1	1	1
sunagawa2015	ERR599094_bin.52.o	1	1	1	1	1
sunagawa2015	ERR599094_bin.53.s	1	1	1	1	1
sunagawa2015	ERR599094_bin.56.s	1	1	1	1	1
sunagawa2015	ERR599094_bin.57.s	1	1	1	1	1
sunagawa2015	ERR599094_bin.58.p	1	1	1	1	1
sunagawa2015	ERR599094_bin.59.s	1	1	1	1	1
sunagawa2015	ERR599094_bin.6.s	1	1	1	1	1
sunagawa2015	ERR599094_bin.60.o	1	1	1	1	1
sunagawa2015	ERR599094_bin.61.s	1	1	1	1	1
sunagawa2015	ERR599094_bin.62.p	1	1	1	1	1
sunagawa2015	ERR599094_bin.63.s	1	1	1	1	1
sunagawa2015	ERR599094_bin.64.s	1	1	1	1	1
sunagawa2015	ERR599094_bin.65.o	1	1	1	1	1
sunagawa2015	ERR599094_bin.7.o	1	1	1	1	1
sunagawa2015	ERR599094_bin.8.s	1	1	1	1	1
sunagawa2015	ERR599094_bin.9.p	1	1	1	1	1
sunagawa2015	ERR599095_bin.1.p	1	1	1	1	1
sunagawa2015	ERR599095_bin.10.s	1	1	1	1	1
sunagawa2015	ERR599095_bin.11.s	1	1	1	1	1
sunagawa2015	ERR599095_bin.12.s	1	1	1	1	1
sunagawa2015	ERR599095_bin.13.s	1	1	1	1	1
sunagawa2015	ERR599095_bin.14.s	1	1	1	1	1
sunagawa2015	ERR599095_bin.15.s	1	1	1	1	1
sunagawa2015	ERR599095_bin.16.p	1	1	1	1	1
sunagawa2015	ERR599095_bin.17.s	1	1	1	1	1
sunagawa2015	ERR599095_bin.18.p	1	1	1	1	1
sunagawa2015	ERR599095_bin.19.p	1	1	1	1	1
sunagawa2015	ERR599095_bin.2.s	1	1	1	1	1
sunagawa2015	ERR599095_bin.20.p	1	1	1	1	1
sunagawa2015	ERR599095_bin.21.p	1	1	1	1	1
sunagawa2015	ERR599095_bin.22.s	1	1	1	1	1
sunagawa2015	ERR599095_bin.23.o	1	1	1	1	1
sunagawa2015	ERR599095_bin.24.s	1	1	1	1	1
sunagawa2015	ERR599095_bin.26.s	1	1	1	1	1
sunagawa2015	ERR599095_bin.27.s	1	1	1	1	1
sunagawa2015	ERR599095_bin.28.s	1	1	1	1	1
sunagawa2015	ERR599095_bin.29.p	1	1	1	1	1
sunagawa2015	ERR599095_bin.3.s	1	1	1	1	1
sunagawa2015	ERR599095_bin.30.s	1	1	1	1	1
sunagawa2015	ERR599095_bin.31.o	1	1	1	1	1
sunagawa2015	ERR599095_bin.32.s	1	1	1	1	1
sunagawa2015	ERR599095_bin.33.p	1	1	1	1	1
sunagawa2015	ERR599095_bin.34.p	1	1	1	1	1
sunagawa2015	ERR599095_bin.35.s	1	1	1	1	1
sunagawa2015	ERR599095_bin.36.s	1	1	1	1	1
sunagawa2015	ERR599095_bin.37.s	1	1	1	1	1
sunagawa2015	ERR599095_bin.38.s	1	1	1	1	1
sunagawa2015	ERR599095_bin.39.o	1	1	1	1	1
sunagawa2015	ERR599095_bin.4.s	1	1	1	1	1
sunagawa2015	ERR599095_bin.40.p	1	1	1	1	1
sunagawa2015	ERR599095_bin.42.s	1	1	1	1	1
sunagawa2015	ERR599095_bin.43.s	1	1	1	1	1
sunagawa2015	ERR599095_bin.44.p	1	1	1	1	1
sunagawa2015	ERR599095_bin.45.s	1	1	1	1	1
sunagawa2015	ERR599095_bin.47.p	1	1	1	1	1
sunagawa2015	ERR599095_bin.48.o	1	1	1	1	1
sunagawa2015	ERR599095_bin.49.s	1	1	1	1	1
sunagawa2015	ERR599095_bin.5.p	1	1	1	1	1
sunagawa2015	ERR599095_bin.50.p	1	1	1	1	1
sunagawa2015	ERR599095_bin.51.p	1	1	1	1	1
sunagawa2015	ERR599095_bin.52.p	1	1	1	1	1
sunagawa2015	ERR599095_bin.54.s	1	1	1	1	1
sunagawa2015	ERR599095_bin.55.p	1	1	1	1	1
sunagawa2015	ERR599095_bin.56.s	1	1	1	1	1
sunagawa2015	ERR599095_bin.57.s	1	1	1	1	1
sunagawa2015	ERR599095_bin.58.p	1	1	1	1	1
sunagawa2015	ERR599095_bin.59.p	1	1	1	1	1
sunagawa2015	ERR599095_bin.6.p	1	1	1	1	1
sunagawa2015	ERR599095_bin.61.s	1	1	1	1	1
sunagawa2015	ERR599095_bin.62.s	1	1	1	1	1
sunagawa2015	ERR599095_bin.7.s	1	1	1	1	1
sunagawa2015	ERR599095_bin.8.p	1	1	1	1	1
sunagawa2015	ERR599095_bin.9.s	1	1	1	1	1
sunagawa2015	ERR599096_bin.1.s	1	1	1	1	1
sunagawa2015	ERR599096_bin.10.s	1	1	1	1	1
sunagawa2015	ERR599096_bin.11.s	1	1	1	1	1
sunagawa2015	ERR599096_bin.12.s	1	1	1	1	1
sunagawa2015	ERR599096_bin.13.p	1	1	1	1	1
sunagawa2015	ERR599096_bin.15.s	1	1	1	1	1
sunagawa2015	ERR599096_bin.16.p	1	1	1	1	1
sunagawa2015	ERR599096_bin.17.s	1	1	1	1	1
sunagawa2015	ERR599096_bin.19.s	1	1	1	1	1
sunagawa2015	ERR599096_bin.2.p	1	1	1	1	1
sunagawa2015	ERR599096_bin.20.p	1	1	1	1	1
sunagawa2015	ERR599096_bin.21.s	1	1	1	1	1
sunagawa2015	ERR599096_bin.22.o	1	1	1	1	1
sunagawa2015	ERR599096_bin.24.s	1	1	1	1	1
sunagawa2015	ERR599096_bin.25.p	1	1	1	1	1
sunagawa2015	ERR599096_bin.27.s	1	1	1	1	1
sunagawa2015	ERR599096_bin.28.s	1	1	1	1	1
sunagawa2015	ERR599096_bin.3.s	1	1	1	1	1
sunagawa2015	ERR599096_bin.4.s	1	1	1	1	1
sunagawa2015	ERR599096_bin.5.p	1	1	1	1	1
sunagawa2015	ERR599096_bin.6.p	1	1	1	1	1
sunagawa2015	ERR599096_bin.7.s	1	1	1	1	1
sunagawa2015	ERR599096_bin.8.p	1	1	1	1	1
sunagawa2015	ERR599096_bin.9.p	1	1	1	1	1
sunagawa2015	ERR599097_bin.1.s	1	1	1	1	1
sunagawa2015	ERR599097_bin.10.s	1	1	1	1	1
sunagawa2015	ERR599097_bin.100.p	1	1	1	1	1
sunagawa2015	ERR599097_bin.101.s	1	1	1	1	1
sunagawa2015	ERR599097_bin.102.p	1	1	1	1	1
sunagawa2015	ERR599097_bin.103.s	1	1	1	1	1
sunagawa2015	ERR599097_bin.104.s	1	1	1	1	1
sunagawa2015	ERR599097_bin.106.s	1	1	1	1	1
sunagawa2015	ERR599097_bin.108.s	1	1	1	1	1
sunagawa2015	ERR599097_bin.11.s	1	1	1	1	1
sunagawa2015	ERR599097_bin.12.p	1	1	1	1	1
sunagawa2015	ERR599097_bin.13.s	1	1	1	1	1
sunagawa2015	ERR599097_bin.14.p	1	1	1	1	1
sunagawa2015	ERR599097_bin.15.s	1	1	1	1	1
sunagawa2015	ERR599097_bin.16.p	1	1	1	1	1
sunagawa2015	ERR599097_bin.17.p	1	1	1	1	1
sunagawa2015	ERR599097_bin.18.s	1	1	1	1	1
sunagawa2015	ERR599097_bin.19.p	1	1	1	1	1
sunagawa2015	ERR599097_bin.2.s	1	1	1	1	1
sunagawa2015	ERR599097_bin.20.o	1	1	1	1	1
sunagawa2015	ERR599097_bin.21.s	1	1	1	1	1
sunagawa2015	ERR599097_bin.22.o	1	1	1	1	1
sunagawa2015	ERR599097_bin.23.p	1	1	1	1	1
sunagawa2015	ERR599097_bin.24.s	1	1	1	1	1
sunagawa2015	ERR599097_bin.25.p	1	1	1	1	1
sunagawa2015	ERR599097_bin.26.p	1	1	1	1	1
sunagawa2015	ERR599097_bin.27.o	1	1	1	1	1
sunagawa2015	ERR599097_bin.29.p	1	1	1	1	1
sunagawa2015	ERR599097_bin.3.s	1	1	1	1	1
sunagawa2015	ERR599097_bin.30.s	1	1	1	1	1
sunagawa2015	ERR599097_bin.31.o	1	1	1	1	1
sunagawa2015	ERR599097_bin.32.p	1	1	1	1	1
sunagawa2015	ERR599097_bin.33.p	1	1	1	1	1
sunagawa2015	ERR599097_bin.34.s	1	1	1	1	1
sunagawa2015	ERR599097_bin.35.s	1	1	1	1	1
sunagawa2015	ERR599097_bin.36.s	1	1	1	1	1
sunagawa2015	ERR599097_bin.37.s	1	1	1	1	1
sunagawa2015	ERR599097_bin.38.p	1	1	1	1	1
sunagawa2015	ERR599097_bin.39.p	1	1	1	1	1
sunagawa2015	ERR599097_bin.4.s	1	1	1	1	1
sunagawa2015	ERR599097_bin.40.s	1	1	1	1	1
sunagawa2015	ERR599097_bin.41.s	1	1	1	1	1
sunagawa2015	ERR599097_bin.42.p	1	1	1	1	1
sunagawa2015	ERR599097_bin.43.s	1	1	1	1	1
sunagawa2015	ERR599097_bin.44.p	1	1	1	1	1
sunagawa2015	ERR599097_bin.45.s	1	1	1	1	1
sunagawa2015	ERR599097_bin.46.s	1	1	1	1	1
sunagawa2015	ERR599097_bin.47.s	1	1	1	1	1
sunagawa2015	ERR599097_bin.48.s	1	1	1	1	1
sunagawa2015	ERR599097_bin.49.s	1	1	1	1	1
sunagawa2015	ERR599097_bin.5.p	1	1	1	1	1
sunagawa2015	ERR599097_bin.50.p	1	1	1	1	1
sunagawa2015	ERR599097_bin.51.p	1	1	1	1	1
sunagawa2015	ERR599097_bin.52.s	1	1	1	1	1
sunagawa2015	ERR599097_bin.53.s	1	1	1	1	1
sunagawa2015	ERR599097_bin.54.p	1	1	1	1	1
sunagawa2015	ERR599097_bin.55.p	1	1	1	1	1
sunagawa2015	ERR599097_bin.56.s	1	1	1	1	1
sunagawa2015	ERR599097_bin.57.s	1	1	1	1	1
sunagawa2015	ERR599097_bin.58.p	1	1	1	1	1
sunagawa2015	ERR599097_bin.59.s	1	1	1	1	1
sunagawa2015	ERR599097_bin.6.p	1	1	1	1	1
sunagawa2015	ERR599097_bin.60.s	1	1	1	1	1
sunagawa2015	ERR599097_bin.61.s	1	1	1	1	1
sunagawa2015	ERR599097_bin.62.s	1	1	1	1	1
sunagawa2015	ERR599097_bin.63.p	1	1	1	1	1
sunagawa2015	ERR599097_bin.64.s	1	1	1	1	1
sunagawa2015	ERR599097_bin.65.s	1	1	1	1	1
sunagawa2015	ERR599097_bin.66.p	1	1	1	1	1
sunagawa2015	ERR599097_bin.67.o	1	1	1	1	1
sunagawa2015	ERR599097_bin.68.p	1	1	1	1	1
sunagawa2015	ERR599097_bin.69.s	1	1	1	1	1
sunagawa2015	ERR599097_bin.7.p	1	1	1	1	1
sunagawa2015	ERR599097_bin.70.o	1	1	1	1	1
sunagawa2015	ERR599097_bin.71.o	1	1	1	1	1
sunagawa2015	ERR599097_bin.72.o	1	1	1	1	1
sunagawa2015	ERR599097_bin.73.s	1	1	1	1	1
sunagawa2015	ERR599097_bin.74.s	1	1	1	1	1
sunagawa2015	ERR599097_bin.75.p	1	1	1	1	1
sunagawa2015	ERR599097_bin.76.s	1	1	1	1	1
sunagawa2015	ERR599097_bin.77.s	1	1	1	1	1
sunagawa2015	ERR599097_bin.78.s	1	1	1	1	1
sunagawa2015	ERR599097_bin.8.o	1	1	1	1	1
sunagawa2015	ERR599097_bin.80.o	1	1	1	1	1
sunagawa2015	ERR599097_bin.81.s	1	1	1	1	1
sunagawa2015	ERR599097_bin.82.s	1	1	1	1	1
sunagawa2015	ERR599097_bin.83.s	1	1	1	1	1
sunagawa2015	ERR599097_bin.84.p	1	1	1	1	1
sunagawa2015	ERR599097_bin.85.s	1	1	1	1	1
sunagawa2015	ERR599097_bin.86.o	1	1	1	1	1
sunagawa2015	ERR599097_bin.87.s	1	1	1	1	1
sunagawa2015	ERR599097_bin.88.s	1	1	1	1	1
sunagawa2015	ERR599097_bin.89.p	1	1	1	1	1
sunagawa2015	ERR599097_bin.9.s	1	1	1	1	1
sunagawa2015	ERR599097_bin.90.s	1	1	1	1	1
sunagawa2015	ERR599097_bin.91.p	1	1	1	1	1
sunagawa2015	ERR599097_bin.92.p	1	1	1	1	1
sunagawa2015	ERR599097_bin.93.s	1	1	1	1	1
sunagawa2015	ERR599097_bin.94.s	1	1	1	1	1
sunagawa2015	ERR599097_bin.95.p	1	1	1	1	1
sunagawa2015	ERR599097_bin.96.p	1	1	1	1	1
sunagawa2015	ERR599097_bin.97.o	1	1	1	1	1
sunagawa2015	ERR599097_bin.98.s	1	1	1	1	1
sunagawa2015	ERR599097_bin.99.p	1	1	1	1	1
sunagawa2015	ERR599098_bin.1.o	1	1	1	1	1
sunagawa2015	ERR599098_bin.10.s	1	1	1	1	1
sunagawa2015	ERR599098_bin.2.s	1	1	1	1	1
sunagawa2015	ERR599098_bin.3.p	1	1	1	1	1
sunagawa2015	ERR599098_bin.4.p	1	1	1	1	1
sunagawa2015	ERR599098_bin.5.p	1	1	1	1	1
sunagawa2015	ERR599098_bin.6.s	1	1	1	1	1
sunagawa2015	ERR599098_bin.7.o	1	1	1	1	1
sunagawa2015	ERR599098_bin.8.p	1	1	1	1	1
sunagawa2015	ERR599098_bin.9.p	1	1	1	1	1
sunagawa2015	ERR599099_bin.1.p	1	1	1	1	1
sunagawa2015	ERR599099_bin.10.s	1	1	1	1	1
sunagawa2015	ERR599099_bin.12.s	1	1	1	1	1
sunagawa2015	ERR599099_bin.13.p	1	1	1	1	1
sunagawa2015	ERR599099_bin.14.p	1	1	1	1	1
sunagawa2015	ERR599099_bin.15.p	1	1	1	1	1
sunagawa2015	ERR599099_bin.16.p	1	1	1	1	1
sunagawa2015	ERR599099_bin.17.s	1	1	1	1	1
sunagawa2015	ERR599099_bin.18.s	1	1	1	1	1
sunagawa2015	ERR599099_bin.19.s	1	1	1	1	1
sunagawa2015	ERR599099_bin.2.s	1	1	1	1	1
sunagawa2015	ERR599099_bin.20.o	1	1	1	1	1
sunagawa2015	ERR599099_bin.21.s	1	1	1	1	1
sunagawa2015	ERR599099_bin.22.s	1	1	1	1	1
sunagawa2015	ERR599099_bin.23.p	1	1	1	1	1
sunagawa2015	ERR599099_bin.24.s	1	1	1	1	1
sunagawa2015	ERR599099_bin.25.s	1	1	1	1	1
sunagawa2015	ERR599099_bin.26.o	1	1	1	1	1
sunagawa2015	ERR599099_bin.27.s	1	1	1	1	1
sunagawa2015	ERR599099_bin.28.s	1	1	1	1	1
sunagawa2015	ERR599099_bin.29.s	1	1	1	1	1
sunagawa2015	ERR599099_bin.3.o	1	1	1	1	1
sunagawa2015	ERR599099_bin.30.p	1	1	1	1	1
sunagawa2015	ERR599099_bin.31.s	1	1	1	1	1
sunagawa2015	ERR599099_bin.32.s	1	1	1	1	1
sunagawa2015	ERR599099_bin.33.o	1	1	1	1	1
sunagawa2015	ERR599099_bin.34.s	1	1	1	1	1
sunagawa2015	ERR599099_bin.35.p	1	1	1	1	1
sunagawa2015	ERR599099_bin.36.s	1	1	1	1	1
sunagawa2015	ERR599099_bin.37.o	1	1	1	1	1
sunagawa2015	ERR599099_bin.38.s	1	1	1	1	1
sunagawa2015	ERR599099_bin.39.p	1	1	1	1	1
sunagawa2015	ERR599099_bin.4.s	1	1	1	1	1
sunagawa2015	ERR599099_bin.40.s	1	1	1	1	1
sunagawa2015	ERR599099_bin.41.o	1	1	1	1	1
sunagawa2015	ERR599099_bin.42.s	1	1	1	1	1
sunagawa2015	ERR599099_bin.5.s	1	1	1	1	1
sunagawa2015	ERR599099_bin.6.s	1	1	1	1	1
sunagawa2015	ERR599099_bin.7.s	1	1	1	1	1
sunagawa2015	ERR599099_bin.8.s	1	1	1	1	1
sunagawa2015	ERR599099_bin.9.o	1	1	1	1	1
sunagawa2015	ERR599100_bin.1.s	1	1	1	1	1
sunagawa2015	ERR599100_bin.10.s	1	1	1	1	1
sunagawa2015	ERR599100_bin.11.p	1	1	1	1	1
sunagawa2015	ERR599100_bin.12.s	1	1	1	1	1
sunagawa2015	ERR599100_bin.13.p	1	1	1	1	1
sunagawa2015	ERR599100_bin.14.s	1	1	1	1	1
sunagawa2015	ERR599100_bin.15.p	1	1	1	1	1
sunagawa2015	ERR599100_bin.16.o	1	1	1	1	1
sunagawa2015	ERR599100_bin.17.p	1	1	1	1	1
sunagawa2015	ERR599100_bin.18.p	1	1	1	1	1
sunagawa2015	ERR599100_bin.19.s	1	1	1	1	1
sunagawa2015	ERR599100_bin.2.s	1	1	1	1	1
sunagawa2015	ERR599100_bin.20.s	1	1	1	1	1
sunagawa2015	ERR599100_bin.21.p	1	1	1	1	1
sunagawa2015	ERR599100_bin.22.s	1	1	1	1	1
sunagawa2015	ERR599100_bin.23.p	1	1	1	1	1
sunagawa2015	ERR599100_bin.24.s	1	1	1	1	1
sunagawa2015	ERR599100_bin.25.s	1	1	1	1	1
sunagawa2015	ERR599100_bin.26.p	1	1	1	1	1
sunagawa2015	ERR599100_bin.27.o	1	1	1	1	1
sunagawa2015	ERR599100_bin.28.s	1	1	1	1	1
sunagawa2015	ERR599100_bin.29.s	1	1	1	1	1
sunagawa2015	ERR599100_bin.3.s	1	1	1	1	1
sunagawa2015	ERR599100_bin.30.p	1	1	1	1	1
sunagawa2015	ERR599100_bin.31.o	1	1	1	1	1
sunagawa2015	ERR599100_bin.32.s	1	1	1	1	1
sunagawa2015	ERR599100_bin.33.s	1	1	1	1	1
sunagawa2015	ERR599100_bin.34.p	1	1	1	1	1
sunagawa2015	ERR599100_bin.35.o	1	1	1	1	1
sunagawa2015	ERR599100_bin.36.s	1	1	1	1	1
sunagawa2015	ERR599100_bin.37.p	1	1	1	1	1
sunagawa2015	ERR599100_bin.38.p	1	1	1	1	1
sunagawa2015	ERR599100_bin.39.p	1	1	1	1	1
sunagawa2015	ERR599100_bin.4.s	1	1	1	1	1
sunagawa2015	ERR599100_bin.40.p	1	1	1	1	1
sunagawa2015	ERR599100_bin.41.p	1	1	1	1	1
sunagawa2015	ERR599100_bin.42.s	1	1	1	1	1
sunagawa2015	ERR599100_bin.43.s	1	1	1	1	1
sunagawa2015	ERR599100_bin.44.s	1	1	1	1	1
sunagawa2015	ERR599100_bin.45.p	1	1	1	1	1
sunagawa2015	ERR599100_bin.46.p	1	1	1	1	1
sunagawa2015	ERR599100_bin.47.s	1	1	1	1	1
sunagawa2015	ERR599100_bin.48.s	1	1	1	1	1
sunagawa2015	ERR599100_bin.49.s	1	1	1	1	1
sunagawa2015	ERR599100_bin.5.s	1	1	1	1	1
sunagawa2015	ERR599100_bin.50.s	1	1	1	1	1
sunagawa2015	ERR599100_bin.51.p	1	1	1	1	1
sunagawa2015	ERR599100_bin.52.s	1	1	1	1	1
sunagawa2015	ERR599100_bin.53.p	1	1	1	1	1
sunagawa2015	ERR599100_bin.54.s	1	1	1	1	1
sunagawa2015	ERR599100_bin.55.p	1	1	1	1	1
sunagawa2015	ERR599100_bin.56.p	1	1	1	1	1
sunagawa2015	ERR599100_bin.57.s	1	1	1	1	1
sunagawa2015	ERR599100_bin.58.p	1	1	1	1	1
sunagawa2015	ERR599100_bin.59.p	1	1	1	1	1
sunagawa2015	ERR599100_bin.6.s	1	1	1	1	1
sunagawa2015	ERR599100_bin.60.p	1	1	1	1	1
sunagawa2015	ERR599100_bin.61.s	1	1	1	1	1
sunagawa2015	ERR599100_bin.62.s	1	1	1	1	1
sunagawa2015	ERR599100_bin.63.s	1	1	1	1	1
sunagawa2015	ERR599100_bin.64.s	1	1	1	1	1
sunagawa2015	ERR599100_bin.65.p	1	1	1	1	1
sunagawa2015	ERR599100_bin.66.o	1	1	1	1	1
sunagawa2015	ERR599100_bin.67.s	1	1	1	1	1
sunagawa2015	ERR599100_bin.68.s	1	1	1	1	1
sunagawa2015	ERR599100_bin.69.s	1	1	1	1	1
sunagawa2015	ERR599100_bin.7.s	1	1	1	1	1
sunagawa2015	ERR599100_bin.70.p	1	1	1	1	1
sunagawa2015	ERR599100_bin.71.s	1	1	1	1	1
sunagawa2015	ERR599100_bin.72.s	1	1	1	1	1
sunagawa2015	ERR599100_bin.73.p	1	1	1	1	1
sunagawa2015	ERR599100_bin.74.p	1	1	1	1	1
sunagawa2015	ERR599100_bin.75.p	1	1	1	1	1
sunagawa2015	ERR599100_bin.76.s	1	1	1	1	1
sunagawa2015	ERR599100_bin.77.s	1	1	1	1	1
sunagawa2015	ERR599100_bin.78.s	1	1	1	1	1
sunagawa2015	ERR599100_bin.79.s	1	1	1	1	1
sunagawa2015	ERR599100_bin.8.o	1	1	1	1	1
sunagawa2015	ERR599100_bin.80.s	1	1	1	1	1
sunagawa2015	ERR599100_bin.81.s	1	1	1	1	1
sunagawa2015	ERR599100_bin.83.s	1	1	1	1	1
sunagawa2015	ERR599100_bin.9.p	1	1	1	1	1
sunagawa2015	ERR599101_bin.1.s	1	1	1	1	1
sunagawa2015	ERR599101_bin.10.p	1	1	1	1	1
sunagawa2015	ERR599101_bin.11.p	1	1	1	1	1
sunagawa2015	ERR599101_bin.12.s	1	1	1	1	1
sunagawa2015	ERR599101_bin.13.s	1	1	1	1	1
sunagawa2015	ERR599101_bin.15.p	1	1	1	1	1
sunagawa2015	ERR599101_bin.16.o	1	1	1	1	1
sunagawa2015	ERR599101_bin.17.s	1	1	1	1	1
sunagawa2015	ERR599101_bin.18.s	1	1	1	1	1
sunagawa2015	ERR599101_bin.19.s	1	1	1	1	1
sunagawa2015	ERR599101_bin.2.s	1	1	1	1	1
sunagawa2015	ERR599101_bin.20.p	1	1	1	1	1
sunagawa2015	ERR599101_bin.21.p	1	1	1	1	1
sunagawa2015	ERR599101_bin.22.p	1	1	1	1	1
sunagawa2015	ERR599101_bin.23.p	1	1	1	1	1
sunagawa2015	ERR599101_bin.24.p	1	1	1	1	1
sunagawa2015	ERR599101_bin.25.p	1	1	1	1	1
sunagawa2015	ERR599101_bin.26.p	1	1	1	1	1
sunagawa2015	ERR599101_bin.28.s	1	1	1	1	1
sunagawa2015	ERR599101_bin.29.s	1	1	1	1	1
sunagawa2015	ERR599101_bin.3.p	1	1	1	1	1
sunagawa2015	ERR599101_bin.30.p	1	1	1	1	1
sunagawa2015	ERR599101_bin.31.o	1	1	1	1	1
sunagawa2015	ERR599101_bin.32.s	1	1	1	1	1
sunagawa2015	ERR599101_bin.33.p	1	1	1	1	1
sunagawa2015	ERR599101_bin.34.o	1	1	1	1	1
sunagawa2015	ERR599101_bin.35.s	1	1	1	1	1
sunagawa2015	ERR599101_bin.36.p	1	1	1	1	1
sunagawa2015	ERR599101_bin.37.s	1	1	1	1	1
sunagawa2015	ERR599101_bin.38.s	1	1	1	1	1
sunagawa2015	ERR599101_bin.39.p	1	1	1	1	1
sunagawa2015	ERR599101_bin.4.s	1	1	1	1	1
sunagawa2015	ERR599101_bin.40.o	1	1	1	1	1
sunagawa2015	ERR599101_bin.41.s	1	1	1	1	1
sunagawa2015	ERR599101_bin.42.s	1	1	1	1	1
sunagawa2015	ERR599101_bin.43.p	1	1	1	1	1
sunagawa2015	ERR599101_bin.44.p	1	1	1	1	1
sunagawa2015	ERR599101_bin.45.s	1	1	1	1	1
sunagawa2015	ERR599101_bin.46.s	1	1	1	1	1
sunagawa2015	ERR599101_bin.47.p	1	1	1	1	1
sunagawa2015	ERR599101_bin.48.p	1	1	1	1	1
sunagawa2015	ERR599101_bin.49.s	1	1	1	1	1
sunagawa2015	ERR599101_bin.5.s	1	1	1	1	1
sunagawa2015	ERR599101_bin.50.s	1	1	1	1	1
sunagawa2015	ERR599101_bin.52.p	1	1	1	1	1
sunagawa2015	ERR599101_bin.53.p	1	1	1	1	1
sunagawa2015	ERR599101_bin.54.s	1	1	1	1	1
sunagawa2015	ERR599101_bin.55.s	1	1	1	1	1
sunagawa2015	ERR599101_bin.56.p	1	1	1	1	1
sunagawa2015	ERR599101_bin.57.p	1	1	1	1	1
sunagawa2015	ERR599101_bin.58.s	1	1	1	1	1
sunagawa2015	ERR599101_bin.59.p	1	1	1	1	1
sunagawa2015	ERR599101_bin.6.p	1	1	1	1	1
sunagawa2015	ERR599101_bin.60.p	1	1	1	1	1
sunagawa2015	ERR599101_bin.61.p	1	1	1	1	1
sunagawa2015	ERR599101_bin.62.s	1	1	1	1	1
sunagawa2015	ERR599101_bin.63.p	1	1	1	1	1
sunagawa2015	ERR599101_bin.64.s	1	1	1	1	1
sunagawa2015	ERR599101_bin.65.p	1	1	1	1	1
sunagawa2015	ERR599101_bin.66.s	1	1	1	1	1
sunagawa2015	ERR599101_bin.67.o	1	1	1	1	1
sunagawa2015	ERR599101_bin.68.p	1	1	1	1	1
sunagawa2015	ERR599101_bin.69.s	1	1	1	1	1
sunagawa2015	ERR599101_bin.7.p	1	1	1	1	1
sunagawa2015	ERR599101_bin.70.p	1	1	1	1	1
sunagawa2015	ERR599101_bin.71.p	1	1	1	1	1
sunagawa2015	ERR599101_bin.72.s	1	1	1	1	1
sunagawa2015	ERR599101_bin.73.p	1	1	1	1	1
sunagawa2015	ERR599101_bin.74.s	1	1	1	1	1
sunagawa2015	ERR599101_bin.75.s	1	1	1	1	1
sunagawa2015	ERR599101_bin.76.s	1	1	1	1	1
sunagawa2015	ERR599101_bin.77.s	1	1	1	1	1
sunagawa2015	ERR599101_bin.78.p	1	1	1	1	1
sunagawa2015	ERR599101_bin.79.s	1	1	1	1	1
sunagawa2015	ERR599101_bin.8.p	1	1	1	1	1
sunagawa2015	ERR599101_bin.80.p	1	1	1	1	1
sunagawa2015	ERR599101_bin.81.p	1	1	1	1	1
sunagawa2015	ERR599101_bin.82.p	1	1	1	1	1
sunagawa2015	ERR599101_bin.83.s	1	1	1	1	1
sunagawa2015	ERR599101_bin.9.s	1	1	1	1	1
sunagawa2015	ERR599102_bin.1.p	1	1	1	1	1
sunagawa2015	ERR599102_bin.10.s	1	1	1	1	1
sunagawa2015	ERR599102_bin.11.s	1	1	1	1	1
sunagawa2015	ERR599102_bin.12.p	1	1	1	1	1
sunagawa2015	ERR599102_bin.13.s	1	1	1	1	1
sunagawa2015	ERR599102_bin.14.p	1	1	1	1	1
sunagawa2015	ERR599102_bin.15.s	1	1	1	1	1
sunagawa2015	ERR599102_bin.16.s	1	1	1	1	1
sunagawa2015	ERR599102_bin.17.s	1	1	1	1	1
sunagawa2015	ERR599102_bin.18.p	1	1	1	1	1
sunagawa2015	ERR599102_bin.19.p	1	1	1	1	1
sunagawa2015	ERR599102_bin.2.s	1	1	1	1	1
sunagawa2015	ERR599102_bin.20.p	1	1	1	1	1
sunagawa2015	ERR599102_bin.21.s	1	1	1	1	1
sunagawa2015	ERR599102_bin.22.s	1	1	1	1	1
sunagawa2015	ERR599102_bin.23.s	0	1	1	1	1
sunagawa2015	ERR599102_bin.25.s	1	1	1	1	1
sunagawa2015	ERR599102_bin.26.p	1	1	1	1	1
sunagawa2015	ERR599102_bin.27.p	1	1	1	1	1
sunagawa2015	ERR599102_bin.28.s	1	1	1	1	1
sunagawa2015	ERR599102_bin.29.p	1	1	1	1	1
sunagawa2015	ERR599102_bin.3.p	1	1	1	1	1
sunagawa2015	ERR599102_bin.30.s	1	1	1	1	1
sunagawa2015	ERR599102_bin.31.p	1	1	1	1	1
sunagawa2015	ERR599102_bin.32.p	1	1	1	1	1
sunagawa2015	ERR599102_bin.33.p	1	1	1	1	1
sunagawa2015	ERR599102_bin.34.p	1	1	1	1	1
sunagawa2015	ERR599102_bin.35.p	1	1	1	1	1
sunagawa2015	ERR599102_bin.36.p	1	1	1	1	1
sunagawa2015	ERR599102_bin.37.s	1	1	1	1	1
sunagawa2015	ERR599102_bin.39.p	1	1	1	1	1
sunagawa2015	ERR599102_bin.4.p	1	1	1	1	1
sunagawa2015	ERR599102_bin.40.p	1	1	1	1	1
sunagawa2015	ERR599102_bin.41.p	1	1	1	1	1
sunagawa2015	ERR599102_bin.42.p	1	1	1	1	1
sunagawa2015	ERR599102_bin.43.p	1	1	1	1	1
sunagawa2015	ERR599102_bin.44.p	1	1	1	1	1
sunagawa2015	ERR599102_bin.45.p	1	1	1	1	1
sunagawa2015	ERR599102_bin.46.p	1	1	1	1	1
sunagawa2015	ERR599102_bin.48.p	1	1	1	1	1
sunagawa2015	ERR599102_bin.49.s	1	1	1	1	1
sunagawa2015	ERR599102_bin.5.p	1	1	1	1	1
sunagawa2015	ERR599102_bin.50.p	1	1	1	1	1
sunagawa2015	ERR599102_bin.6.p	1	1	1	1	1
sunagawa2015	ERR599102_bin.7.o	1	1	1	1	1
sunagawa2015	ERR599102_bin.8.p	1	1	1	1	1
sunagawa2015	ERR599102_bin.9.p	1	1	1	1	1
sunagawa2015	ERR599103_bin.1.s	1	1	1	1	1
sunagawa2015	ERR599103_bin.10.s	1	1	1	1	1
sunagawa2015	ERR599103_bin.11.s	1	1	1	1	1
sunagawa2015	ERR599103_bin.12.p	1	1	1	1	1
sunagawa2015	ERR599103_bin.13.o	1	1	1	1	1
sunagawa2015	ERR599103_bin.14.s	1	1	1	1	1
sunagawa2015	ERR599103_bin.15.s	1	1	1	1	1
sunagawa2015	ERR599103_bin.2.p	1	1	1	1	1
sunagawa2015	ERR599103_bin.3.s	1	1	1	1	1
sunagawa2015	ERR599103_bin.4.s	1	1	1	1	1
sunagawa2015	ERR599103_bin.5.s	1	1	1	1	1
sunagawa2015	ERR599103_bin.6.p	1	1	1	1	1
sunagawa2015	ERR599103_bin.7.p	1	1	1	1	1
sunagawa2015	ERR599103_bin.8.s	1	1	1	1	1
sunagawa2015	ERR599103_bin.9.o	1	1	1	1	1
sunagawa2015	ERR599104_bin.1.s	1	1	1	1	1
sunagawa2015	ERR599104_bin.2.s	1	1	1	1	1
sunagawa2015	ERR599104_bin.3.s	1	1	1	1	1
sunagawa2015	ERR599104_bin.4.p	1	1	1	1	1
sunagawa2015	ERR599104_bin.5.o	1	1	1	1	1
sunagawa2015	ERR599104_bin.6.o	1	1	1	1	1
sunagawa2015	ERR599105_bin.1.p	1	1	1	1	1
sunagawa2015	ERR599105_bin.2.p	1	1	1	1	1
sunagawa2015	ERR599105_bin.3.p	1	1	1	1	1
sunagawa2015	ERR599105_bin.4.s	1	1	1	1	1
sunagawa2015	ERR599105_bin.5.s	1	1	1	1	1
sunagawa2015	ERR599106_bin.1.p	1	1	1	1	1
sunagawa2015	ERR599106_bin.10.p	1	1	1	1	1
sunagawa2015	ERR599106_bin.11.p	1	1	1	1	1
sunagawa2015	ERR599106_bin.12.p	1	1	1	1	1
sunagawa2015	ERR599106_bin.13.s	1	1	1	1	1
sunagawa2015	ERR599106_bin.14.p	1	1	1	1	1
sunagawa2015	ERR599106_bin.15.s	1	1	1	1	1
sunagawa2015	ERR599106_bin.16.p	1	1	1	1	1
sunagawa2015	ERR599106_bin.17.s	1	1	1	1	1
sunagawa2015	ERR599106_bin.18.s	1	1	1	1	1
sunagawa2015	ERR599106_bin.19.p	1	1	1	1	1
sunagawa2015	ERR599106_bin.2.s	1	1	1	1	1
sunagawa2015	ERR599106_bin.20.p	1	1	1	1	1
sunagawa2015	ERR599106_bin.21.s	1	1	1	1	1
sunagawa2015	ERR599106_bin.22.s	1	1	1	1	1
sunagawa2015	ERR599106_bin.23.s	1	1	1	1	1
sunagawa2015	ERR599106_bin.24.p	1	1	1	1	1
sunagawa2015	ERR599106_bin.25.p	1	1	1	1	1
sunagawa2015	ERR599106_bin.26.p	1	1	1	1	1
sunagawa2015	ERR599106_bin.27.s	1	1	1	1	1
sunagawa2015	ERR599106_bin.28.s	1	1	1	1	1
sunagawa2015	ERR599106_bin.29.s	1	1	1	1	1
sunagawa2015	ERR599106_bin.3.p	1	1	1	1	1
sunagawa2015	ERR599106_bin.30.s	1	1	1	1	1
sunagawa2015	ERR599106_bin.31.p	1	1	1	1	1
sunagawa2015	ERR599106_bin.32.p	1	1	1	1	1
sunagawa2015	ERR599106_bin.33.s	1	1	1	1	1
sunagawa2015	ERR599106_bin.34.s	1	1	1	1	1
sunagawa2015	ERR599106_bin.35.p	1	1	1	1	1
sunagawa2015	ERR599106_bin.36.p	1	1	1	1	1
sunagawa2015	ERR599106_bin.37.s	1	1	1	1	1
sunagawa2015	ERR599106_bin.38.p	1	1	1	1	1
sunagawa2015	ERR599106_bin.39.o	1	1	1	1	1
sunagawa2015	ERR599106_bin.4.p	1	1	1	1	1
sunagawa2015	ERR599106_bin.40.s	1	1	1	1	1
sunagawa2015	ERR599106_bin.41.s	1	1	1	1	1
sunagawa2015	ERR599106_bin.42.p	1	1	1	1	1
sunagawa2015	ERR599106_bin.43.p	1	1	1	1	1
sunagawa2015	ERR599106_bin.44.s	1	1	1	1	1
sunagawa2015	ERR599106_bin.45.p	1	1	1	1	1
sunagawa2015	ERR599106_bin.46.s	1	1	1	1	1
sunagawa2015	ERR599106_bin.47.p	1	1	1	1	1
sunagawa2015	ERR599106_bin.48.s	1	1	1	1	1
sunagawa2015	ERR599106_bin.49.p	1	1	1	1	1
sunagawa2015	ERR599106_bin.5.p	1	1	1	1	1
sunagawa2015	ERR599106_bin.50.s	1	1	1	1	1
sunagawa2015	ERR599106_bin.51.p	1	1	1	1	1
sunagawa2015	ERR599106_bin.52.s	1	1	1	1	1
sunagawa2015	ERR599106_bin.53.s	1	1	1	1	1
sunagawa2015	ERR599106_bin.54.s	1	1	1	1	1
sunagawa2015	ERR599106_bin.55.p	1	1	1	1	1
sunagawa2015	ERR599106_bin.56.s	1	1	1	1	1
sunagawa2015	ERR599106_bin.57.s	1	1	1	1	1
sunagawa2015	ERR599106_bin.58.s	1	1	1	1	1
sunagawa2015	ERR599106_bin.59.s	1	1	1	1	1
sunagawa2015	ERR599106_bin.6.s	1	1	1	1	1
sunagawa2015	ERR599106_bin.7.s	1	1	1	1	1
sunagawa2015	ERR599106_bin.8.p	1	1	1	1	1
sunagawa2015	ERR599106_bin.9.p	1	1	1	1	1
sunagawa2015	ERR599107_bin.1.s	1	1	1	1	1
sunagawa2015	ERR599107_bin.10.s	1	1	1	1	1
sunagawa2015	ERR599107_bin.11.p	1	1	1	1	1
sunagawa2015	ERR599107_bin.12.p	1	1	1	1	1
sunagawa2015	ERR599107_bin.13.s	1	1	1	1	1
sunagawa2015	ERR599107_bin.14.p	1	1	1	1	1
sunagawa2015	ERR599107_bin.15.p	1	1	1	1	1
sunagawa2015	ERR599107_bin.16.s	1	1	1	1	1
sunagawa2015	ERR599107_bin.17.p	1	1	1	1	1
sunagawa2015	ERR599107_bin.18.p	1	1	1	1	1
sunagawa2015	ERR599107_bin.19.p	1	1	1	1	1
sunagawa2015	ERR599107_bin.2.p	1	1	1	1	1
sunagawa2015	ERR599107_bin.20.p	1	1	1	1	1
sunagawa2015	ERR599107_bin.21.p	1	1	1	1	1
sunagawa2015	ERR599107_bin.22.o	1	1	1	1	1
sunagawa2015	ERR599107_bin.23.s	1	1	1	1	1
sunagawa2015	ERR599107_bin.3.s	1	1	1	1	1
sunagawa2015	ERR599107_bin.4.p	1	1	1	1	1
sunagawa2015	ERR599107_bin.5.p	1	1	1	1	1
sunagawa2015	ERR599107_bin.6.p	1	1	1	1	1
sunagawa2015	ERR599107_bin.7.p	1	1	1	1	1
sunagawa2015	ERR599107_bin.8.p	1	1	1	1	1
sunagawa2015	ERR599107_bin.9.p	1	1	1	1	1
sunagawa2015	ERR599108_bin.1.s	1	1	1	1	1
sunagawa2015	ERR599108_bin.10.p	1	1	1	1	1
sunagawa2015	ERR599108_bin.11.p	1	1	1	1	1
sunagawa2015	ERR599108_bin.12.p	1	1	1	1	1
sunagawa2015	ERR599108_bin.13.p	1	1	1	1	1
sunagawa2015	ERR599108_bin.14.s	1	1	1	1	1
sunagawa2015	ERR599108_bin.15.s	1	1	1	1	1
sunagawa2015	ERR599108_bin.16.p	1	1	1	1	1
sunagawa2015	ERR599108_bin.17.s	1	1	1	1	1
sunagawa2015	ERR599108_bin.18.s	1	1	1	1	1
sunagawa2015	ERR599108_bin.19.p	1	1	1	1	1
sunagawa2015	ERR599108_bin.2.o	1	1	1	1	1
sunagawa2015	ERR599108_bin.20.s	1	1	1	1	1
sunagawa2015	ERR599108_bin.21.p	1	1	1	1	1
sunagawa2015	ERR599108_bin.22.p	1	1	1	1	1
sunagawa2015	ERR599108_bin.23.s	1	1	1	1	1
sunagawa2015	ERR599108_bin.5.p	1	1	1	1	1
sunagawa2015	ERR599108_bin.6.p	1	1	1	1	1
sunagawa2015	ERR599108_bin.7.s	1	1	1	1	1
sunagawa2015	ERR599108_bin.8.s	1	1	1	1	1
sunagawa2015	ERR599108_bin.9.p	1	1	1	1	1
sunagawa2015	ERR599109_bin.1.p	1	1	1	1	1
sunagawa2015	ERR599109_bin.10.s	1	1	1	1	1
sunagawa2015	ERR599109_bin.11.p	1	1	1	1	1
sunagawa2015	ERR599109_bin.12.p	1	1	1	1	1
sunagawa2015	ERR599109_bin.13.s	1	1	1	1	1
sunagawa2015	ERR599109_bin.14.p	1	1	1	1	1
sunagawa2015	ERR599109_bin.15.p	1	1	1	1	1
sunagawa2015	ERR599109_bin.16.s	1	1	1	1	1
sunagawa2015	ERR599109_bin.17.s	1	1	1	1	1
sunagawa2015	ERR599109_bin.18.s	1	1	1	1	1
sunagawa2015	ERR599109_bin.19.p	1	1	1	1	1
sunagawa2015	ERR599109_bin.2.s	1	1	1	1	1
sunagawa2015	ERR599109_bin.20.o	1	1	1	1	1
sunagawa2015	ERR599109_bin.21.s	1	1	1	1	1
sunagawa2015	ERR599109_bin.22.s	0	1	1	1	1
sunagawa2015	ERR599109_bin.23.s	1	1	1	1	1
sunagawa2015	ERR599109_bin.24.p	1	1	1	1	1
sunagawa2015	ERR599109_bin.25.p	1	1	1	1	1
sunagawa2015	ERR599109_bin.27.s	1	1	1	1	1
sunagawa2015	ERR599109_bin.3.p	1	1	1	1	1
sunagawa2015	ERR599109_bin.4.s	1	1	1	1	1
sunagawa2015	ERR599109_bin.5.p	1	1	1	1	1
sunagawa2015	ERR599109_bin.6.s	1	1	1	1	1
sunagawa2015	ERR599109_bin.7.p	1	1	1	1	1
sunagawa2015	ERR599109_bin.8.s	1	1	1	1	1
sunagawa2015	ERR599109_bin.9.o	1	1	1	1	1
sunagawa2015	ERR599110_bin.1.p	1	1	1	1	1
sunagawa2015	ERR599110_bin.10.p	1	1	1	1	1
sunagawa2015	ERR599110_bin.11.s	1	1	1	1	1
sunagawa2015	ERR599110_bin.12.p	1	1	1	1	1
sunagawa2015	ERR599110_bin.13.p	1	1	1	1	1
sunagawa2015	ERR599110_bin.14.p	1	1	1	1	1
sunagawa2015	ERR599110_bin.15.s	1	1	1	1	1
sunagawa2015	ERR599110_bin.16.s	1	1	1	1	1
sunagawa2015	ERR599110_bin.17.s	1	1	1	1	1
sunagawa2015	ERR599110_bin.18.p	1	1	1	1	1
sunagawa2015	ERR599110_bin.19.p	1	1	1	1	1
sunagawa2015	ERR599110_bin.2.p	1	1	1	1	1
sunagawa2015	ERR599110_bin.20.s	1	1	1	1	1
sunagawa2015	ERR599110_bin.21.p	1	1	1	1	1
sunagawa2015	ERR599110_bin.22.s	1	1	1	1	1
sunagawa2015	ERR599110_bin.23.p	1	1	1	1	1
sunagawa2015	ERR599110_bin.24.s	1	1	1	1	1
sunagawa2015	ERR599110_bin.25.o	1	1	1	1	1
sunagawa2015	ERR599110_bin.26.s	1	1	1	1	1
sunagawa2015	ERR599110_bin.27.s	1	1	1	1	1
sunagawa2015	ERR599110_bin.28.s	1	1	1	1	1
sunagawa2015	ERR599110_bin.29.p	1	1	1	1	1
sunagawa2015	ERR599110_bin.3.s	1	1	1	1	1
sunagawa2015	ERR599110_bin.30.p	1	1	1	1	1
sunagawa2015	ERR599110_bin.31.s	1	1	1	1	1
sunagawa2015	ERR599110_bin.32.p	1	1	1	1	1
sunagawa2015	ERR599110_bin.33.p	1	1	1	1	1
sunagawa2015	ERR599110_bin.34.p	1	1	1	1	1
sunagawa2015	ERR599110_bin.35.s	1	1	1	1	1
sunagawa2015	ERR599110_bin.36.s	1	1	1	1	1
sunagawa2015	ERR599110_bin.37.p	1	1	1	1	1
sunagawa2015	ERR599110_bin.38.p	1	1	1	1	1
sunagawa2015	ERR599110_bin.39.s	1	1	1	1	1
sunagawa2015	ERR599110_bin.4.p	1	1	1	1	1
sunagawa2015	ERR599110_bin.40.p	1	1	1	1	1
sunagawa2015	ERR599110_bin.41.p	1	1	1	1	1
sunagawa2015	ERR599110_bin.42.p	1	1	1	1	1
sunagawa2015	ERR599110_bin.43.p	1	1	1	1	1
sunagawa2015	ERR599110_bin.44.s	1	1	1	1	1
sunagawa2015	ERR599110_bin.45.p	1	1	1	1	1
sunagawa2015	ERR599110_bin.46.o	1	1	1	1	1
sunagawa2015	ERR599110_bin.5.s	1	1	1	1	1
sunagawa2015	ERR599110_bin.6.p	1	1	1	1	1
sunagawa2015	ERR599110_bin.7.s	1	1	1	1	1
sunagawa2015	ERR599110_bin.8.s	1	1	1	1	1
sunagawa2015	ERR599110_bin.9.p	1	1	1	1	1
sunagawa2015	ERR599111_bin.1.s	1	1	1	1	1
sunagawa2015	ERR599111_bin.10.p	1	1	1	1	1
sunagawa2015	ERR599111_bin.11.p	1	1	1	1	1
sunagawa2015	ERR599111_bin.12.o	1	1	1	1	1
sunagawa2015	ERR599111_bin.13.s	1	1	1	1	1
sunagawa2015	ERR599111_bin.14.s	1	1	1	1	1
sunagawa2015	ERR599111_bin.15.s	1	1	1	1	1
sunagawa2015	ERR599111_bin.16.p	1	1	1	1	1
sunagawa2015	ERR599111_bin.18.s	1	1	1	1	1
sunagawa2015	ERR599111_bin.19.s	1	1	1	1	1
sunagawa2015	ERR599111_bin.2.s	1	1	1	1	1
sunagawa2015	ERR599111_bin.20.s	1	1	1	1	1
sunagawa2015	ERR599111_bin.21.s	1	1	1	1	1
sunagawa2015	ERR599111_bin.22.s	1	1	1	1	1
sunagawa2015	ERR599111_bin.23.s	1	1	1	1	1
sunagawa2015	ERR599111_bin.24.s	1	1	1	1	1
sunagawa2015	ERR599111_bin.25.s	1	1	1	1	1
sunagawa2015	ERR599111_bin.26.p	1	1	1	1	1
sunagawa2015	ERR599111_bin.27.o	1	1	1	1	1
sunagawa2015	ERR599111_bin.28.p	1	1	1	1	1
sunagawa2015	ERR599111_bin.29.s	1	1	1	1	1
sunagawa2015	ERR599111_bin.3.s	1	1	1	1	1
sunagawa2015	ERR599111_bin.30.s	1	1	1	1	1
sunagawa2015	ERR599111_bin.31.p	1	1	1	1	1
sunagawa2015	ERR599111_bin.32.p	1	1	1	1	1
sunagawa2015	ERR599111_bin.33.o	1	1	1	1	1
sunagawa2015	ERR599111_bin.34.s	1	1	1	1	1
sunagawa2015	ERR599111_bin.35.s	1	1	1	1	1
sunagawa2015	ERR599111_bin.36.s	1	1	1	1	1
sunagawa2015	ERR599111_bin.37.o	1	1	1	1	1
sunagawa2015	ERR599111_bin.38.p	1	1	1	1	1
sunagawa2015	ERR599111_bin.39.p	1	1	1	1	1
sunagawa2015	ERR599111_bin.4.p	1	1	1	1	1
sunagawa2015	ERR599111_bin.40.s	1	1	1	1	1
sunagawa2015	ERR599111_bin.41.p	1	1	1	1	1
sunagawa2015	ERR599111_bin.42.s	1	1	1	1	1
sunagawa2015	ERR599111_bin.43.o	1	1	1	1	1
sunagawa2015	ERR599111_bin.44.p	1	1	1	1	1
sunagawa2015	ERR599111_bin.45.s	1	1	1	1	1
sunagawa2015	ERR599111_bin.46.s	1	1	1	1	1
sunagawa2015	ERR599111_bin.47.o	1	1	1	1	1
sunagawa2015	ERR599111_bin.49.s	1	1	1	1	1
sunagawa2015	ERR599111_bin.5.s	1	1	1	1	1
sunagawa2015	ERR599111_bin.50.p	1	1	1	1	1
sunagawa2015	ERR599111_bin.51.p	1	1	1	1	1
sunagawa2015	ERR599111_bin.52.s	1	1	1	1	1
sunagawa2015	ERR599111_bin.53.s	1	1	1	1	1
sunagawa2015	ERR599111_bin.54.p	1	1	1	1	1
sunagawa2015	ERR599111_bin.55.s	1	1	1	1	1
sunagawa2015	ERR599111_bin.56.s	1	1	1	1	1
sunagawa2015	ERR599111_bin.57.p	1	1	1	1	1
sunagawa2015	ERR599111_bin.58.s	1	1	1	1	1
sunagawa2015	ERR599111_bin.59.p	1	1	1	1	1
sunagawa2015	ERR599111_bin.60.o	1	1	1	1	1
sunagawa2015	ERR599111_bin.61.s	1	1	1	1	1
sunagawa2015	ERR599111_bin.62.s	1	1	1	1	1
sunagawa2015	ERR599111_bin.63.o	1	1	1	1	1
sunagawa2015	ERR599111_bin.64.p	1	1	1	1	1
sunagawa2015	ERR599111_bin.65.p	1	1	1	1	1
sunagawa2015	ERR599111_bin.66.s	1	1	1	1	1
sunagawa2015	ERR599111_bin.67.s	1	1	1	1	1
sunagawa2015	ERR599111_bin.68.s	1	1	1	1	1
sunagawa2015	ERR599111_bin.69.p	1	1	1	1	1
sunagawa2015	ERR599111_bin.7.p	1	1	1	1	1
sunagawa2015	ERR599111_bin.70.s	1	1	1	1	1
sunagawa2015	ERR599111_bin.71.p	1	1	1	1	1
sunagawa2015	ERR599111_bin.72.s	1	1	1	1	1
sunagawa2015	ERR599111_bin.73.p	1	1	1	1	1
sunagawa2015	ERR599111_bin.74.s	1	1	1	1	1
sunagawa2015	ERR599111_bin.75.p	1	1	1	1	1
sunagawa2015	ERR599111_bin.76.p	1	1	1	1	1
sunagawa2015	ERR599111_bin.77.p	1	1	1	1	1
sunagawa2015	ERR599111_bin.78.p	1	1	1	1	1
sunagawa2015	ERR599111_bin.79.o	1	1	1	1	1
sunagawa2015	ERR599111_bin.8.p	1	1	1	1	1
sunagawa2015	ERR599111_bin.80.s	1	1	1	1	1
sunagawa2015	ERR599111_bin.81.o	1	1	1	1	1
sunagawa2015	ERR599111_bin.82.p	1	1	1	1	1
sunagawa2015	ERR599111_bin.84.p	1	1	1	1	1
sunagawa2015	ERR599111_bin.85.s	1	1	1	1	1
sunagawa2015	ERR599111_bin.87.p	1	1	1	1	1
sunagawa2015	ERR599111_bin.88.s	1	1	1	1	1
sunagawa2015	ERR599111_bin.89.s	1	1	1	1	1
sunagawa2015	ERR599111_bin.9.s	1	1	1	1	1
sunagawa2015	ERR599111_bin.90.s	1	1	1	1	1
sunagawa2015	ERR599111_bin.91.o	1	1	1	1	1
sunagawa2015	ERR599111_bin.92.s	1	1	1	1	1
sunagawa2015	ERR599111_bin.95.s	1	1	1	1	1
sunagawa2015	ERR599111_bin.97.s	1	1	1	1	1
sunagawa2015	ERR599111_bin.98.o	1	1	1	1	1
sunagawa2015	ERR599112_bin.1.s	1	1	1	1	1
sunagawa2015	ERR599112_bin.10.p	1	1	1	1	1
sunagawa2015	ERR599112_bin.11.s	1	1	1	1	1
sunagawa2015	ERR599112_bin.12.s	1	1	1	1	1
sunagawa2015	ERR599112_bin.13.p	1	1	1	1	1
sunagawa2015	ERR599112_bin.14.p	1	1	1	1	1
sunagawa2015	ERR599112_bin.15.p	1	1	1	1	1
sunagawa2015	ERR599112_bin.16.p	1	1	1	1	1
sunagawa2015	ERR599112_bin.17.p	1	1	1	1	1
sunagawa2015	ERR599112_bin.18.p	1	1	1	1	1
sunagawa2015	ERR599112_bin.19.p	1	1	1	1	1
sunagawa2015	ERR599112_bin.2.p	1	1	1	1	1
sunagawa2015	ERR599112_bin.20.s	1	1	1	1	1
sunagawa2015	ERR599112_bin.21.p	1	1	1	1	1
sunagawa2015	ERR599112_bin.22.p	1	1	1	1	1
sunagawa2015	ERR599112_bin.23.p	1	1	1	1	1
sunagawa2015	ERR599112_bin.24.p	1	1	1	1	1
sunagawa2015	ERR599112_bin.25.p	1	1	1	1	1
sunagawa2015	ERR599112_bin.26.o	1	1	1	1	1
sunagawa2015	ERR599112_bin.27.p	1	1	1	1	1
sunagawa2015	ERR599112_bin.28.p	1	1	1	1	1
sunagawa2015	ERR599112_bin.29.p	1	1	1	1	1
sunagawa2015	ERR599112_bin.3.s	1	1	1	1	1
sunagawa2015	ERR599112_bin.30.o	1	1	1	1	1
sunagawa2015	ERR599112_bin.32.s	1	1	1	1	1
sunagawa2015	ERR599112_bin.33.p	1	1	1	1	1
sunagawa2015	ERR599112_bin.34.s	1	1	1	1	1
sunagawa2015	ERR599112_bin.35.p	1	1	1	1	1
sunagawa2015	ERR599112_bin.36.s	1	1	1	1	1
sunagawa2015	ERR599112_bin.37.p	1	1	1	1	1
sunagawa2015	ERR599112_bin.38.p	1	1	1	1	1
sunagawa2015	ERR599112_bin.39.s	1	1	1	1	1
sunagawa2015	ERR599112_bin.4.s	1	1	1	1	1
sunagawa2015	ERR599112_bin.40.o	1	1	1	1	1
sunagawa2015	ERR599112_bin.41.s	1	1	1	1	1
sunagawa2015	ERR599112_bin.42.p	1	1	1	1	1
sunagawa2015	ERR599112_bin.43.s	1	1	1	1	1
sunagawa2015	ERR599112_bin.44.o	1	1	1	1	1
sunagawa2015	ERR599112_bin.46.s	1	1	1	1	1
sunagawa2015	ERR599112_bin.47.p	1	1	1	1	1
sunagawa2015	ERR599112_bin.48.p	1	1	1	1	1
sunagawa2015	ERR599112_bin.49.p	1	1	1	1	1
sunagawa2015	ERR599112_bin.5.s	1	1	1	1	1
sunagawa2015	ERR599112_bin.50.o	1	1	1	1	1
sunagawa2015	ERR599112_bin.51.s	1	1	1	1	1
sunagawa2015	ERR599112_bin.52.s	1	1	1	1	1
sunagawa2015	ERR599112_bin.53.s	1	1	1	1	1
sunagawa2015	ERR599112_bin.54.s	1	1	1	1	1
sunagawa2015	ERR599112_bin.55.s	1	1	1	1	1
sunagawa2015	ERR599112_bin.56.s	1	1	1	1	1
sunagawa2015	ERR599112_bin.57.s	1	1	1	1	1
sunagawa2015	ERR599112_bin.59.s	1	1	1	1	1
sunagawa2015	ERR599112_bin.6.s	1	1	1	1	1
sunagawa2015	ERR599112_bin.60.p	1	1	1	1	1
sunagawa2015	ERR599112_bin.61.s	1	1	1	1	1
sunagawa2015	ERR599112_bin.62.s	1	1	1	1	1
sunagawa2015	ERR599112_bin.63.s	1	1	1	1	1
sunagawa2015	ERR599112_bin.64.s	1	1	1	1	1
sunagawa2015	ERR599112_bin.65.p	1	1	1	1	1
sunagawa2015	ERR599112_bin.66.s	1	1	1	1	1
sunagawa2015	ERR599112_bin.67.s	1	1	1	1	1
sunagawa2015	ERR599112_bin.69.o	1	1	1	1	1
sunagawa2015	ERR599112_bin.7.p	1	1	1	1	1
sunagawa2015	ERR599112_bin.8.s	1	1	1	1	1
sunagawa2015	ERR599112_bin.9.o	1	1	1	1	1
sunagawa2015	ERR599113_bin.1.p	1	1	1	1	1
sunagawa2015	ERR599113_bin.10.p	1	1	1	1	1
sunagawa2015	ERR599113_bin.11.s	1	1	1	1	1
sunagawa2015	ERR599113_bin.12.s	1	1	1	1	1
sunagawa2015	ERR599113_bin.13.s	1	1	1	1	1
sunagawa2015	ERR599113_bin.14.p	1	1	1	1	1
sunagawa2015	ERR599113_bin.15.p	1	1	1	1	1
sunagawa2015	ERR599113_bin.16.s	1	1	1	1	1
sunagawa2015	ERR599113_bin.17.p	1	1	1	1	1
sunagawa2015	ERR599113_bin.18.p	1	1	1	1	1
sunagawa2015	ERR599113_bin.19.s	1	1	1	1	1
sunagawa2015	ERR599113_bin.2.p	1	1	1	1	1
sunagawa2015	ERR599113_bin.20.s	1	1	1	1	1
sunagawa2015	ERR599113_bin.3.s	1	1	1	1	1
sunagawa2015	ERR599113_bin.4.p	1	1	1	1	1
sunagawa2015	ERR599113_bin.5.p	1	1	1	1	1
sunagawa2015	ERR599113_bin.6.p	1	1	1	1	1
sunagawa2015	ERR599113_bin.7.p	1	1	1	1	1
sunagawa2015	ERR599113_bin.8.p	1	1	1	1	1
sunagawa2015	ERR599113_bin.9.p	1	1	1	1	1
sunagawa2015	ERR599114_bin.1.p	1	1	1	1	1
sunagawa2015	ERR599114_bin.10.s	1	1	1	1	1
sunagawa2015	ERR599114_bin.11.p	1	1	1	1	1
sunagawa2015	ERR599114_bin.12.p	1	1	1	1	1
sunagawa2015	ERR599114_bin.13.p	1	1	1	1	1
sunagawa2015	ERR599114_bin.14.s	1	1	1	1	1
sunagawa2015	ERR599114_bin.15.p	1	1	1	1	1
sunagawa2015	ERR599114_bin.16.p	1	1	1	1	1
sunagawa2015	ERR599114_bin.17.p	1	1	1	1	1
sunagawa2015	ERR599114_bin.18.s	1	1	1	1	1
sunagawa2015	ERR599114_bin.19.o	1	1	1	1	1
sunagawa2015	ERR599114_bin.2.s	1	1	1	1	1
sunagawa2015	ERR599114_bin.20.s	1	1	1	1	1
sunagawa2015	ERR599114_bin.21.s	1	1	1	1	1
sunagawa2015	ERR599114_bin.22.s	1	1	1	1	1
sunagawa2015	ERR599114_bin.23.s	1	1	1	1	1
sunagawa2015	ERR599114_bin.24.s	1	1	1	1	1
sunagawa2015	ERR599114_bin.25.p	1	1	1	1	1
sunagawa2015	ERR599114_bin.26.s	1	1	1	1	1
sunagawa2015	ERR599114_bin.27.p	1	1	1	1	1
sunagawa2015	ERR599114_bin.28.s	1	1	1	1	1
sunagawa2015	ERR599114_bin.29.s	1	1	1	1	1
sunagawa2015	ERR599114_bin.3.p	1	1	1	1	1
sunagawa2015	ERR599114_bin.30.p	1	1	1	1	1
sunagawa2015	ERR599114_bin.31.s	1	1	1	1	1
sunagawa2015	ERR599114_bin.32.s	1	1	1	1	1
sunagawa2015	ERR599114_bin.33.p	1	1	1	1	1
sunagawa2015	ERR599114_bin.34.s	1	1	1	1	1
sunagawa2015	ERR599114_bin.35.s	1	1	1	1	1
sunagawa2015	ERR599114_bin.36.p	1	1	1	1	1
sunagawa2015	ERR599114_bin.37.s	1	1	1	1	1
sunagawa2015	ERR599114_bin.4.s	1	1	1	1	1
sunagawa2015	ERR599114_bin.5.p	1	1	1	1	1
sunagawa2015	ERR599114_bin.6.s	1	1	1	1	1
sunagawa2015	ERR599114_bin.7.s	1	1	1	1	1
sunagawa2015	ERR599114_bin.8.s	1	1	1	1	1
sunagawa2015	ERR599114_bin.9.o	1	1	1	1	1
sunagawa2015	ERR599115_bin.1.o	1	1	1	1	1
sunagawa2015	ERR599115_bin.10.s	1	1	1	1	1
sunagawa2015	ERR599115_bin.11.p	1	1	1	1	1
sunagawa2015	ERR599115_bin.12.o	1	1	1	1	1
sunagawa2015	ERR599115_bin.13.p	1	1	1	1	1
sunagawa2015	ERR599115_bin.14.o	1	1	1	1	1
sunagawa2015	ERR599115_bin.15.s	1	1	1	1	1
sunagawa2015	ERR599115_bin.16.s	1	1	1	1	1
sunagawa2015	ERR599115_bin.17.p	1	1	1	1	1
sunagawa2015	ERR599115_bin.18.o	1	1	1	1	1
sunagawa2015	ERR599115_bin.19.p	1	1	1	1	1
sunagawa2015	ERR599115_bin.2.s	1	1	1	1	1
sunagawa2015	ERR599115_bin.21.p	1	1	1	1	1
sunagawa2015	ERR599115_bin.22.p	1	1	1	1	1
sunagawa2015	ERR599115_bin.23.s	1	1	1	1	1
sunagawa2015	ERR599115_bin.24.p	1	1	1	1	1
sunagawa2015	ERR599115_bin.25.s	1	1	1	1	1
sunagawa2015	ERR599115_bin.26.p	1	1	1	1	1
sunagawa2015	ERR599115_bin.27.s	1	1	1	1	1
sunagawa2015	ERR599115_bin.28.s	1	1	1	1	1
sunagawa2015	ERR599115_bin.29.p	1	1	1	1	1
sunagawa2015	ERR599115_bin.3.o	1	1	1	1	1
sunagawa2015	ERR599115_bin.30.p	1	1	1	1	1
sunagawa2015	ERR599115_bin.31.p	1	1	1	1	1
sunagawa2015	ERR599115_bin.32.s	1	1	1	1	1
sunagawa2015	ERR599115_bin.33.p	1	1	1	1	1
sunagawa2015	ERR599115_bin.34.p	1	1	1	1	1
sunagawa2015	ERR599115_bin.35.p	1	1	1	1	1
sunagawa2015	ERR599115_bin.36.s	1	1	1	1	1
sunagawa2015	ERR599115_bin.37.s	1	1	1	1	1
sunagawa2015	ERR599115_bin.38.s	1	1	1	1	1
sunagawa2015	ERR599115_bin.39.s	1	1	1	1	1
sunagawa2015	ERR599115_bin.4.s	1	1	1	1	1
sunagawa2015	ERR599115_bin.40.p	1	1	1	1	1
sunagawa2015	ERR599115_bin.41.p	1	1	1	1	1
sunagawa2015	ERR599115_bin.42.p	1	1	1	1	1
sunagawa2015	ERR599115_bin.43.o	1	1	1	1	1
sunagawa2015	ERR599115_bin.44.s	1	1	1	1	1
sunagawa2015	ERR599115_bin.45.p	1	1	1	1	1
sunagawa2015	ERR599115_bin.46.s	1	0	0	1	1
sunagawa2015	ERR599115_bin.47.p	1	1	1	1	1
sunagawa2015	ERR599115_bin.48.s	1	1	1	1	1
sunagawa2015	ERR599115_bin.49.p	1	1	1	1	1
sunagawa2015	ERR599115_bin.5.p	1	1	1	1	1
sunagawa2015	ERR599115_bin.50.s	1	1	1	1	1
sunagawa2015	ERR599115_bin.51.p	1	1	1	1	1
sunagawa2015	ERR599115_bin.52.o	1	1	1	1	1
sunagawa2015	ERR599115_bin.53.p	1	1	1	1	1
sunagawa2015	ERR599115_bin.6.s	1	1	1	1	1
sunagawa2015	ERR599115_bin.7.s	1	1	1	1	1
sunagawa2015	ERR599115_bin.8.s	1	1	1	1	1
sunagawa2015	ERR599115_bin.9.s	1	1	1	1	1
sunagawa2015	ERR599116_bin.1.o	1	1	1	1	1
sunagawa2015	ERR599116_bin.10.p	1	1	1	1	1
sunagawa2015	ERR599116_bin.11.p	1	1	1	1	1
sunagawa2015	ERR599116_bin.12.s	1	1	1	1	1
sunagawa2015	ERR599116_bin.13.s	1	1	1	1	1
sunagawa2015	ERR599116_bin.14.s	1	1	1	1	1
sunagawa2015	ERR599116_bin.15.p	1	1	1	1	1
sunagawa2015	ERR599116_bin.16.s	1	1	1	1	1
sunagawa2015	ERR599116_bin.17.p	1	1	1	1	1
sunagawa2015	ERR599116_bin.18.p	1	1	1	1	1
sunagawa2015	ERR599116_bin.19.p	1	1	1	1	1
sunagawa2015	ERR599116_bin.2.p	1	1	1	1	1
sunagawa2015	ERR599116_bin.20.p	1	1	1	1	1
sunagawa2015	ERR599116_bin.21.s	1	1	1	1	1
sunagawa2015	ERR599116_bin.22.p	1	1	1	1	1
sunagawa2015	ERR599116_bin.23.p	1	1	1	1	1
sunagawa2015	ERR599116_bin.24.p	1	1	1	1	1
sunagawa2015	ERR599116_bin.25.p	1	1	1	1	1
sunagawa2015	ERR599116_bin.26.p	1	1	1	1	1
sunagawa2015	ERR599116_bin.27.s	1	1	1	1	1
sunagawa2015	ERR599116_bin.28.s	1	1	1	1	1
sunagawa2015	ERR599116_bin.29.s	1	1	1	1	1
sunagawa2015	ERR599116_bin.3.s	1	1	1	1	1
sunagawa2015	ERR599116_bin.30.p	1	1	1	1	1
sunagawa2015	ERR599116_bin.31.s	1	1	1	1	1
sunagawa2015	ERR599116_bin.32.s	1	1	1	1	1
sunagawa2015	ERR599116_bin.33.s	1	1	1	1	1
sunagawa2015	ERR599116_bin.34.s	1	1	1	1	1
sunagawa2015	ERR599116_bin.35.o	1	1	1	1	1
sunagawa2015	ERR599116_bin.36.p	1	1	1	1	1
sunagawa2015	ERR599116_bin.37.p	1	1	1	1	1
sunagawa2015	ERR599116_bin.38.s	1	1	1	1	1
sunagawa2015	ERR599116_bin.39.o	1	1	1	1	1
sunagawa2015	ERR599116_bin.4.p	1	1	1	1	1
sunagawa2015	ERR599116_bin.40.s	1	1	1	1	1
sunagawa2015	ERR599116_bin.5.s	1	1	1	1	1
sunagawa2015	ERR599116_bin.6.p	1	1	1	1	1
sunagawa2015	ERR599116_bin.7.s	1	1	1	1	1
sunagawa2015	ERR599116_bin.8.s	1	1	1	1	1
sunagawa2015	ERR599116_bin.9.s	1	1	1	1	1
sunagawa2015	ERR599117_bin.1.p	1	1	1	1	1
sunagawa2015	ERR599117_bin.10.p	1	1	1	1	1
sunagawa2015	ERR599117_bin.11.s	1	1	1	1	1
sunagawa2015	ERR599117_bin.12.p	1	1	1	1	1
sunagawa2015	ERR599117_bin.13.p	1	1	1	1	1
sunagawa2015	ERR599117_bin.15.s	1	1	1	1	1
sunagawa2015	ERR599117_bin.16.s	1	1	1	1	1
sunagawa2015	ERR599117_bin.17.s	1	1	1	1	1
sunagawa2015	ERR599117_bin.18.s	1	1	1	1	1
sunagawa2015	ERR599117_bin.19.s	1	1	1	1	1
sunagawa2015	ERR599117_bin.2.s	1	1	1	1	1
sunagawa2015	ERR599117_bin.20.s	1	1	1	1	1
sunagawa2015	ERR599117_bin.21.p	1	1	1	1	1
sunagawa2015	ERR599117_bin.22.s	1	1	1	1	1
sunagawa2015	ERR599117_bin.23.o	1	1	1	1	1
sunagawa2015	ERR599117_bin.24.p	1	1	1	1	1
sunagawa2015	ERR599117_bin.25.p	1	1	1	1	1
sunagawa2015	ERR599117_bin.26.p	1	1	1	1	1
sunagawa2015	ERR599117_bin.27.o	1	1	1	1	1
sunagawa2015	ERR599117_bin.28.s	1	1	1	1	1
sunagawa2015	ERR599117_bin.29.p	1	1	1	1	1
sunagawa2015	ERR599117_bin.3.p	1	1	1	1	1
sunagawa2015	ERR599117_bin.4.s	1	1	1	1	1
sunagawa2015	ERR599117_bin.5.p	1	1	1	1	1
sunagawa2015	ERR599117_bin.6.s	1	1	1	1	1
sunagawa2015	ERR599117_bin.7.p	1	1	1	1	1
sunagawa2015	ERR599117_bin.8.s	1	1	1	1	1
sunagawa2015	ERR599117_bin.9.p	1	1	1	1	1
sunagawa2015	ERR599118_bin.1.s	1	1	1	1	1
sunagawa2015	ERR599118_bin.10.s	1	1	1	1	1
sunagawa2015	ERR599118_bin.11.o	1	1	1	1	1
sunagawa2015	ERR599118_bin.12.p	1	1	1	1	1
sunagawa2015	ERR599118_bin.13.p	1	1	1	1	1
sunagawa2015	ERR599118_bin.14.s	1	1	1	1	1
sunagawa2015	ERR599118_bin.15.s	1	1	1	1	1
sunagawa2015	ERR599118_bin.16.p	1	1	1	1	1
sunagawa2015	ERR599118_bin.17.s	1	1	1	1	1
sunagawa2015	ERR599118_bin.18.s	1	1	1	1	1
sunagawa2015	ERR599118_bin.19.s	1	1	1	1	1
sunagawa2015	ERR599118_bin.2.s	1	1	1	1	1
sunagawa2015	ERR599118_bin.20.s	1	1	1	1	1
sunagawa2015	ERR599118_bin.21.s	1	1	1	1	1
sunagawa2015	ERR599118_bin.22.s	1	1	1	1	1
sunagawa2015	ERR599118_bin.23.s	1	1	1	1	1
sunagawa2015	ERR599118_bin.24.p	1	1	1	1	1
sunagawa2015	ERR599118_bin.26.s	1	1	1	1	1
sunagawa2015	ERR599118_bin.27.p	1	1	1	1	1
sunagawa2015	ERR599118_bin.28.s	1	1	1	1	1
sunagawa2015	ERR599118_bin.29.p	1	1	1	1	1
sunagawa2015	ERR599118_bin.3.p	1	1	1	1	1
sunagawa2015	ERR599118_bin.30.p	1	1	1	1	1
sunagawa2015	ERR599118_bin.31.s	1	1	1	1	1
sunagawa2015	ERR599118_bin.32.s	1	1	1	1	1
sunagawa2015	ERR599118_bin.33.s	1	1	1	1	1
sunagawa2015	ERR599118_bin.34.p	1	1	1	1	1
sunagawa2015	ERR599118_bin.35.s	1	1	1	1	1
sunagawa2015	ERR599118_bin.36.p	1	1	1	1	1
sunagawa2015	ERR599118_bin.37.p	1	1	1	1	1
sunagawa2015	ERR599118_bin.38.s	1	1	1	1	1
sunagawa2015	ERR599118_bin.39.p	1	1	1	1	1
sunagawa2015	ERR599118_bin.4.p	1	1	1	1	1
sunagawa2015	ERR599118_bin.40.s	1	1	1	1	1
sunagawa2015	ERR599118_bin.41.s	1	1	1	1	1
sunagawa2015	ERR599118_bin.42.p	1	1	1	1	1
sunagawa2015	ERR599118_bin.43.s	1	1	1	1	1
sunagawa2015	ERR599118_bin.44.s	1	1	1	1	1
sunagawa2015	ERR599118_bin.45.p	1	1	1	1	1
sunagawa2015	ERR599118_bin.46.s	1	1	1	1	1
sunagawa2015	ERR599118_bin.47.s	1	1	1	1	1
sunagawa2015	ERR599118_bin.48.s	1	1	1	1	1
sunagawa2015	ERR599118_bin.49.s	1	1	1	1	1
sunagawa2015	ERR599118_bin.5.p	1	1	1	1	1
sunagawa2015	ERR599118_bin.50.p	1	1	1	1	1
sunagawa2015	ERR599118_bin.51.s	1	1	1	1	1
sunagawa2015	ERR599118_bin.52.s	1	1	1	1	1
sunagawa2015	ERR599118_bin.53.s	1	1	1	1	1
sunagawa2015	ERR599118_bin.54.o	1	1	1	1	1
sunagawa2015	ERR599118_bin.55.p	1	1	1	1	1
sunagawa2015	ERR599118_bin.56.s	1	1	1	1	1
sunagawa2015	ERR599118_bin.57.p	1	1	1	1	1
sunagawa2015	ERR599118_bin.58.s	1	1	1	1	1
sunagawa2015	ERR599118_bin.59.p	1	1	1	1	1
sunagawa2015	ERR599118_bin.6.o	1	1	1	1	1
sunagawa2015	ERR599118_bin.60.s	1	1	1	1	1
sunagawa2015	ERR599118_bin.61.s	1	1	1	1	1
sunagawa2015	ERR599118_bin.62.o	1	1	1	1	1
sunagawa2015	ERR599118_bin.63.p	1	1	1	1	1
sunagawa2015	ERR599118_bin.64.p	1	1	1	1	1
sunagawa2015	ERR599118_bin.65.p	1	1	1	1	1
sunagawa2015	ERR599118_bin.66.s	1	1	1	1	1
sunagawa2015	ERR599118_bin.7.s	1	1	1	1	1
sunagawa2015	ERR599118_bin.8.s	1	1	1	1	1
sunagawa2015	ERR599118_bin.9.s	1	1	1	1	1
sunagawa2015	ERR599119_bin.1.p	1	1	1	1	1
sunagawa2015	ERR599119_bin.10.s	1	1	1	1	1
sunagawa2015	ERR599119_bin.11.p	1	1	1	1	1
sunagawa2015	ERR599119_bin.12.p	1	1	1	1	1
sunagawa2015	ERR599119_bin.13.s	1	1	1	1	1
sunagawa2015	ERR599119_bin.14.s	1	1	1	1	1
sunagawa2015	ERR599119_bin.15.s	1	1	1	1	1
sunagawa2015	ERR599119_bin.16.s	1	1	1	1	1
sunagawa2015	ERR599119_bin.17.s	1	1	1	1	1
sunagawa2015	ERR599119_bin.18.p	1	1	1	1	1
sunagawa2015	ERR599119_bin.19.s	1	1	1	1	1
sunagawa2015	ERR599119_bin.2.p	1	1	1	1	1
sunagawa2015	ERR599119_bin.20.p	1	1	1	1	1
sunagawa2015	ERR599119_bin.22.p	1	1	1	1	1
sunagawa2015	ERR599119_bin.23.p	1	1	1	1	1
sunagawa2015	ERR599119_bin.24.s	1	1	1	1	1
sunagawa2015	ERR599119_bin.25.s	1	1	1	1	1
sunagawa2015	ERR599119_bin.26.s	1	1	1	1	1
sunagawa2015	ERR599119_bin.27.s	1	1	1	1	1
sunagawa2015	ERR599119_bin.28.s	1	1	1	1	1
sunagawa2015	ERR599119_bin.29.s	1	1	1	1	1
sunagawa2015	ERR599119_bin.3.p	1	1	1	1	1
sunagawa2015	ERR599119_bin.30.s	1	1	1	1	1
sunagawa2015	ERR599119_bin.31.s	1	1	1	1	1
sunagawa2015	ERR599119_bin.32.p	1	1	1	1	1
sunagawa2015	ERR599119_bin.4.p	1	1	1	1	1
sunagawa2015	ERR599119_bin.5.s	1	1	1	1	1
sunagawa2015	ERR599119_bin.6.p	1	1	1	1	1
sunagawa2015	ERR599119_bin.7.p	1	1	1	1	1
sunagawa2015	ERR599119_bin.8.p	1	1	1	1	1
sunagawa2015	ERR599119_bin.9.s	1	1	1	1	1
sunagawa2015	ERR599120_bin.1.s	1	1	1	1	1
sunagawa2015	ERR599120_bin.10.p	1	1	1	1	1
sunagawa2015	ERR599120_bin.11.p	1	1	1	1	1
sunagawa2015	ERR599120_bin.12.p	1	1	1	1	1
sunagawa2015	ERR599120_bin.13.s	1	1	1	1	1
sunagawa2015	ERR599120_bin.14.s	1	1	1	1	1
sunagawa2015	ERR599120_bin.15.p	1	1	1	1	1
sunagawa2015	ERR599120_bin.16.s	1	1	1	1	1
sunagawa2015	ERR599120_bin.17.s	1	1	1	1	1
sunagawa2015	ERR599120_bin.18.p	1	1	1	1	1
sunagawa2015	ERR599120_bin.2.s	1	1	1	1	1
sunagawa2015	ERR599120_bin.3.p	1	1	1	1	1
sunagawa2015	ERR599120_bin.4.s	1	1	1	1	1
sunagawa2015	ERR599120_bin.5.p	1	1	1	1	1
sunagawa2015	ERR599120_bin.6.p	1	1	1	1	1
sunagawa2015	ERR599120_bin.8.p	1	1	1	1	1
sunagawa2015	ERR599120_bin.9.p	1	1	1	1	1
sunagawa2015	ERR599121_bin.2.p	1	1	1	1	1
sunagawa2015	ERR599121_bin.3.s	1	1	1	1	1
sunagawa2015	ERR599121_bin.4.s	1	1	1	1	1
sunagawa2015	ERR599121_bin.5.o	1	1	1	1	1
sunagawa2015	ERR599121_bin.6.s	1	1	1	1	1
sunagawa2015	ERR599121_bin.7.s	1	1	1	1	1
sunagawa2015	ERR599122_bin.1.s	1	1	1	1	1
sunagawa2015	ERR599122_bin.10.s	1	1	1	1	1
sunagawa2015	ERR599122_bin.11.s	1	1	1	1	1
sunagawa2015	ERR599122_bin.12.s	1	1	1	1	1
sunagawa2015	ERR599122_bin.13.s	1	1	1	1	1
sunagawa2015	ERR599122_bin.14.p	1	1	1	1	1
sunagawa2015	ERR599122_bin.15.s	1	1	1	1	1
sunagawa2015	ERR599122_bin.16.p	1	1	1	1	1
sunagawa2015	ERR599122_bin.17.s	1	1	1	1	1
sunagawa2015	ERR599122_bin.18.s	1	1	1	1	1
sunagawa2015	ERR599122_bin.19.s	1	1	1	1	1
sunagawa2015	ERR599122_bin.2.o	1	1	1	1	1
sunagawa2015	ERR599122_bin.20.s	1	1	1	1	1
sunagawa2015	ERR599122_bin.21.o	1	1	1	1	1
sunagawa2015	ERR599122_bin.22.o	1	1	1	1	1
sunagawa2015	ERR599122_bin.23.o	1	1	1	1	1
sunagawa2015	ERR599122_bin.3.o	1	1	1	1	1
sunagawa2015	ERR599122_bin.4.s	1	1	1	1	1
sunagawa2015	ERR599122_bin.5.o	1	1	1	1	1
sunagawa2015	ERR599122_bin.6.p	1	1	1	1	1
sunagawa2015	ERR599122_bin.7.p	1	1	1	1	1
sunagawa2015	ERR599122_bin.8.p	1	1	1	1	1
sunagawa2015	ERR599122_bin.9.o	1	1	1	1	1
sunagawa2015	ERR599123_bin.1.p	1	1	1	1	1
sunagawa2015	ERR599123_bin.10.s	1	1	1	1	1
sunagawa2015	ERR599123_bin.11.s	1	1	1	1	1
sunagawa2015	ERR599123_bin.12.s	1	1	1	1	1
sunagawa2015	ERR599123_bin.14.p	1	1	1	1	1
sunagawa2015	ERR599123_bin.15.p	1	1	1	1	1
sunagawa2015	ERR599123_bin.16.p	1	1	1	1	1
sunagawa2015	ERR599123_bin.17.p	1	1	1	1	1
sunagawa2015	ERR599123_bin.18.p	1	1	1	1	1
sunagawa2015	ERR599123_bin.19.p	1	1	1	1	1
sunagawa2015	ERR599123_bin.2.p	1	1	1	1	1
sunagawa2015	ERR599123_bin.20.s	1	1	1	1	1
sunagawa2015	ERR599123_bin.21.s	1	1	1	1	1
sunagawa2015	ERR599123_bin.22.s	1	1	1	1	1
sunagawa2015	ERR599123_bin.23.s	1	1	1	1	1
sunagawa2015	ERR599123_bin.24.s	1	1	1	1	1
sunagawa2015	ERR599123_bin.25.o	1	1	1	1	1
sunagawa2015	ERR599123_bin.26.p	1	1	1	1	1
sunagawa2015	ERR599123_bin.27.p	1	1	1	1	1
sunagawa2015	ERR599123_bin.28.s	1	1	1	1	1
sunagawa2015	ERR599123_bin.29.p	1	1	1	1	1
sunagawa2015	ERR599123_bin.3.s	1	1	1	1	1
sunagawa2015	ERR599123_bin.30.o	1	1	1	1	1
sunagawa2015	ERR599123_bin.31.s	1	1	1	1	1
sunagawa2015	ERR599123_bin.32.p	1	1	1	1	1
sunagawa2015	ERR599123_bin.33.p	1	1	1	1	1
sunagawa2015	ERR599123_bin.34.s	1	1	1	1	1
sunagawa2015	ERR599123_bin.35.s	1	1	1	1	1
sunagawa2015	ERR599123_bin.37.s	1	1	1	1	1
sunagawa2015	ERR599123_bin.38.s	1	1	1	1	1
sunagawa2015	ERR599123_bin.39.s	1	1	1	1	1
sunagawa2015	ERR599123_bin.4.s	1	1	1	1	1
sunagawa2015	ERR599123_bin.40.o	1	1	1	1	1
sunagawa2015	ERR599123_bin.41.s	1	1	1	1	1
sunagawa2015	ERR599123_bin.42.s	1	1	1	1	1
sunagawa2015	ERR599123_bin.43.p	1	1	1	1	1
sunagawa2015	ERR599123_bin.44.o	1	1	1	1	1
sunagawa2015	ERR599123_bin.45.o	1	1	1	1	1
sunagawa2015	ERR599123_bin.46.p	1	1	1	1	1
sunagawa2015	ERR599123_bin.47.o	1	1	1	1	1
sunagawa2015	ERR599123_bin.48.s	1	1	1	1	1
sunagawa2015	ERR599123_bin.49.s	1	1	1	1	1
sunagawa2015	ERR599123_bin.5.s	1	1	1	1	1
sunagawa2015	ERR599123_bin.50.s	1	1	1	1	1
sunagawa2015	ERR599123_bin.51.s	1	1	1	1	1
sunagawa2015	ERR599123_bin.52.o	1	1	1	1	1
sunagawa2015	ERR599123_bin.53.s	1	1	1	1	1
sunagawa2015	ERR599123_bin.54.s	1	1	1	1	1
sunagawa2015	ERR599123_bin.55.s	1	1	1	1	1
sunagawa2015	ERR599123_bin.56.s	1	1	1	1	1
sunagawa2015	ERR599123_bin.57.p	1	1	1	1	1
sunagawa2015	ERR599123_bin.58.p	1	1	1	1	1
sunagawa2015	ERR599123_bin.59.p	1	1	1	1	1
sunagawa2015	ERR599123_bin.6.p	1	1	1	1	1
sunagawa2015	ERR599123_bin.60.s	1	1	1	1	1
sunagawa2015	ERR599123_bin.61.s	1	1	1	1	1
sunagawa2015	ERR599123_bin.62.p	1	1	1	1	1
sunagawa2015	ERR599123_bin.63.p	1	1	1	1	1
sunagawa2015	ERR599123_bin.64.s	1	1	1	1	1
sunagawa2015	ERR599123_bin.65.o	1	1	1	1	1
sunagawa2015	ERR599123_bin.66.s	1	1	1	1	1
sunagawa2015	ERR599123_bin.67.o	1	1	1	1	1
sunagawa2015	ERR599123_bin.68.p	1	1	1	1	1
sunagawa2015	ERR599123_bin.69.s	1	1	1	1	1
sunagawa2015	ERR599123_bin.7.p	1	1	1	1	1
sunagawa2015	ERR599123_bin.70.p	1	1	1	1	1
sunagawa2015	ERR599123_bin.71.s	1	1	1	1	1
sunagawa2015	ERR599123_bin.72.p	1	1	1	1	1
sunagawa2015	ERR599123_bin.74.o	1	1	1	1	1
sunagawa2015	ERR599123_bin.75.p	1	1	1	1	1
sunagawa2015	ERR599123_bin.76.s	1	1	1	1	1
sunagawa2015	ERR599123_bin.77.s	1	1	1	1	1
sunagawa2015	ERR599123_bin.8.s	1	1	1	1	1
sunagawa2015	ERR599123_bin.9.p	1	1	1	1	1
sunagawa2015	ERR599124_bin.1.p	1	1	1	1	1
sunagawa2015	ERR599124_bin.11.p	1	1	1	1	1
sunagawa2015	ERR599124_bin.12.s	1	1	1	1	1
sunagawa2015	ERR599124_bin.13.s	1	1	1	1	1
sunagawa2015	ERR599124_bin.14.s	1	1	1	1	1
sunagawa2015	ERR599124_bin.15.s	1	1	1	1	1
sunagawa2015	ERR599124_bin.16.s	1	1	1	1	1
sunagawa2015	ERR599124_bin.2.p	1	1	1	1	1
sunagawa2015	ERR599124_bin.3.p	1	1	1	1	1
sunagawa2015	ERR599124_bin.4.p	1	1	1	1	1
sunagawa2015	ERR599124_bin.5.s	1	1	1	1	1
sunagawa2015	ERR599124_bin.6.p	1	1	1	1	1
sunagawa2015	ERR599124_bin.8.p	1	1	1	1	1
sunagawa2015	ERR599125_bin.1.s	1	1	1	1	1
sunagawa2015	ERR599125_bin.10.s	1	1	1	1	1
sunagawa2015	ERR599125_bin.11.p	1	1	1	1	1
sunagawa2015	ERR599125_bin.12.p	1	1	1	1	1
sunagawa2015	ERR599125_bin.13.s	1	1	1	1	1
sunagawa2015	ERR599125_bin.14.p	1	1	1	1	1
sunagawa2015	ERR599125_bin.15.s	1	1	1	1	1
sunagawa2015	ERR599125_bin.16.s	1	1	1	1	1
sunagawa2015	ERR599125_bin.17.s	1	1	1	1	1
sunagawa2015	ERR599125_bin.18.s	1	1	1	1	1
sunagawa2015	ERR599125_bin.19.p	1	1	1	1	1
sunagawa2015	ERR599125_bin.2.p	1	1	1	1	1
sunagawa2015	ERR599125_bin.20.s	1	1	1	1	1
sunagawa2015	ERR599125_bin.21.s	1	1	1	1	1
sunagawa2015	ERR599125_bin.22.p	1	1	1	1	1
sunagawa2015	ERR599125_bin.23.s	1	1	1	1	1
sunagawa2015	ERR599125_bin.24.p	1	1	1	1	1
sunagawa2015	ERR599125_bin.25.s	1	1	1	1	1
sunagawa2015	ERR599125_bin.3.p	1	1	1	1	1
sunagawa2015	ERR599125_bin.4.o	1	1	1	1	1
sunagawa2015	ERR599125_bin.6.o	1	1	1	1	1
sunagawa2015	ERR599125_bin.7.p	1	1	1	1	1
sunagawa2015	ERR599125_bin.8.p	1	1	1	1	1
sunagawa2015	ERR599125_bin.9.p	1	1	1	1	1
sunagawa2015	ERR599126_bin.1.s	1	1	1	1	1
sunagawa2015	ERR599126_bin.10.s	1	1	1	1	1
sunagawa2015	ERR599126_bin.11.s	1	1	1	1	1
sunagawa2015	ERR599126_bin.12.o	1	1	1	1	1
sunagawa2015	ERR599126_bin.13.p	1	1	1	1	1
sunagawa2015	ERR599126_bin.14.s	1	1	1	1	1
sunagawa2015	ERR599126_bin.15.p	1	1	1	1	1
sunagawa2015	ERR599126_bin.16.s	1	1	1	1	1
sunagawa2015	ERR599126_bin.17.p	1	1	1	1	1
sunagawa2015	ERR599126_bin.18.p	1	1	1	1	1
sunagawa2015	ERR599126_bin.2.p	1	1	1	1	1
sunagawa2015	ERR599126_bin.20.s	1	1	1	1	1
sunagawa2015	ERR599126_bin.3.s	1	1	1	1	1
sunagawa2015	ERR599126_bin.4.s	1	1	1	1	1
sunagawa2015	ERR599126_bin.5.s	1	1	1	1	1
sunagawa2015	ERR599126_bin.6.s	1	1	1	1	1
sunagawa2015	ERR599126_bin.7.p	1	1	1	1	1
sunagawa2015	ERR599126_bin.8.o	1	1	1	1	1
sunagawa2015	ERR599126_bin.9.p	1	1	1	1	1
sunagawa2015	ERR599127_bin.1.p	1	1	1	1	1
sunagawa2015	ERR599127_bin.10.p	1	1	1	1	1
sunagawa2015	ERR599127_bin.11.p	1	1	1	1	1
sunagawa2015	ERR599127_bin.12.p	1	1	1	1	1
sunagawa2015	ERR599127_bin.13.s	1	1	1	1	1
sunagawa2015	ERR599127_bin.14.s	1	1	1	1	1
sunagawa2015	ERR599127_bin.15.p	1	1	1	1	1
sunagawa2015	ERR599127_bin.16.s	1	1	1	1	1
sunagawa2015	ERR599127_bin.17.s	1	1	1	1	1
sunagawa2015	ERR599127_bin.18.p	1	1	1	1	1
sunagawa2015	ERR599127_bin.19.s	1	1	1	1	1
sunagawa2015	ERR599127_bin.2.s	1	1	1	1	1
sunagawa2015	ERR599127_bin.20.s	1	1	1	1	1
sunagawa2015	ERR599127_bin.21.s	1	1	1	1	1
sunagawa2015	ERR599127_bin.22.s	1	1	1	1	1
sunagawa2015	ERR599127_bin.23.s	1	1	1	1	1
sunagawa2015	ERR599127_bin.24.p	1	1	1	1	1
sunagawa2015	ERR599127_bin.25.p	1	1	1	1	1
sunagawa2015	ERR599127_bin.3.p	1	1	1	1	1
sunagawa2015	ERR599127_bin.5.s	1	1	1	1	1
sunagawa2015	ERR599127_bin.6.s	1	1	1	1	1
sunagawa2015	ERR599127_bin.7.s	1	1	1	1	1
sunagawa2015	ERR599127_bin.8.s	1	1	1	1	1
sunagawa2015	ERR599127_bin.9.o	1	1	1	1	1
sunagawa2015	ERR599128_bin.1.p	1	1	1	1	1
sunagawa2015	ERR599128_bin.11.s	1	1	1	1	1
sunagawa2015	ERR599128_bin.12.s	1	1	1	1	1
sunagawa2015	ERR599128_bin.13.p	1	1	1	1	1
sunagawa2015	ERR599128_bin.14.s	1	1	1	1	1
sunagawa2015	ERR599128_bin.15.p	1	1	1	1	1
sunagawa2015	ERR599128_bin.16.s	1	1	1	1	1
sunagawa2015	ERR599128_bin.17.p	1	1	1	1	1
sunagawa2015	ERR599128_bin.18.o	1	1	1	1	1
sunagawa2015	ERR599128_bin.19.s	1	1	1	1	1
sunagawa2015	ERR599128_bin.2.s	1	1	1	1	1
sunagawa2015	ERR599128_bin.20.o	1	1	1	1	1
sunagawa2015	ERR599128_bin.3.s	1	1	1	1	1
sunagawa2015	ERR599128_bin.4.o	1	1	1	1	1
sunagawa2015	ERR599128_bin.5.s	1	1	1	1	1
sunagawa2015	ERR599128_bin.6.p	1	1	1	1	1
sunagawa2015	ERR599128_bin.7.s	1	1	1	1	1
sunagawa2015	ERR599128_bin.8.p	1	1	1	1	1
sunagawa2015	ERR599128_bin.9.s	1	1	1	1	1
sunagawa2015	ERR599129_bin.1.s	1	1	1	1	1
sunagawa2015	ERR599129_bin.10.s	1	1	1	1	1
sunagawa2015	ERR599129_bin.11.s	1	1	1	1	1
sunagawa2015	ERR599129_bin.12.s	1	1	1	1	1
sunagawa2015	ERR599129_bin.2.o	1	1	1	1	1
sunagawa2015	ERR599129_bin.3.p	1	1	1	1	1
sunagawa2015	ERR599129_bin.4.p	1	1	1	1	1
sunagawa2015	ERR599129_bin.5.p	1	1	1	1	1
sunagawa2015	ERR599129_bin.6.s	1	1	1	1	1
sunagawa2015	ERR599129_bin.7.s	1	1	1	1	1
sunagawa2015	ERR599129_bin.8.s	1	1	1	1	1
sunagawa2015	ERR599129_bin.9.p	1	1	1	1	1
sunagawa2015	ERR599130_bin.1.s	1	1	1	1	1
sunagawa2015	ERR599130_bin.10.p	1	1	1	1	1
sunagawa2015	ERR599130_bin.11.s	1	1	1	1	1
sunagawa2015	ERR599130_bin.12.s	1	1	1	1	1
sunagawa2015	ERR599130_bin.13.s	1	1	1	1	1
sunagawa2015	ERR599130_bin.14.p	1	1	1	1	1
sunagawa2015	ERR599130_bin.15.p	1	1	1	1	1
sunagawa2015	ERR599130_bin.16.s	1	1	1	1	1
sunagawa2015	ERR599130_bin.17.p	1	1	1	1	1
sunagawa2015	ERR599130_bin.18.s	1	1	1	1	1
sunagawa2015	ERR599130_bin.19.p	1	1	1	1	1
sunagawa2015	ERR599130_bin.2.s	1	1	1	1	1
sunagawa2015	ERR599130_bin.20.s	1	1	1	1	1
sunagawa2015	ERR599130_bin.21.o	1	1	1	1	1
sunagawa2015	ERR599130_bin.22.s	1	1	1	1	1
sunagawa2015	ERR599130_bin.23.s	1	1	1	1	1
sunagawa2015	ERR599130_bin.24.s	1	1	1	1	1
sunagawa2015	ERR599130_bin.25.p	1	1	1	1	1
sunagawa2015	ERR599130_bin.27.p	1	1	1	1	1
sunagawa2015	ERR599130_bin.28.p	1	1	1	1	1
sunagawa2015	ERR599130_bin.29.s	1	1	1	1	1
sunagawa2015	ERR599130_bin.3.s	1	1	1	1	1
sunagawa2015	ERR599130_bin.30.s	1	1	1	1	1
sunagawa2015	ERR599130_bin.31.s	1	1	1	1	1
sunagawa2015	ERR599130_bin.32.s	1	1	1	1	1
sunagawa2015	ERR599130_bin.33.p	1	1	1	1	1
sunagawa2015	ERR599130_bin.34.p	1	1	1	1	1
sunagawa2015	ERR599130_bin.35.s	1	1	1	1	1
sunagawa2015	ERR599130_bin.36.s	1	1	1	1	1
sunagawa2015	ERR599130_bin.37.s	1	1	1	1	1
sunagawa2015	ERR599130_bin.38.p	1	1	1	1	1
sunagawa2015	ERR599130_bin.39.s	1	1	1	1	1
sunagawa2015	ERR599130_bin.4.s	1	1	1	1	1
sunagawa2015	ERR599130_bin.40.p	1	1	1	1	1
sunagawa2015	ERR599130_bin.41.s	1	1	1	1	1
sunagawa2015	ERR599130_bin.42.s	1	1	1	1	1
sunagawa2015	ERR599130_bin.43.p	1	1	1	1	1
sunagawa2015	ERR599130_bin.44.p	1	1	1	1	1
sunagawa2015	ERR599130_bin.45.s	1	1	1	1	1
sunagawa2015	ERR599130_bin.46.p	1	1	1	1	1
sunagawa2015	ERR599130_bin.47.p	1	1	1	1	1
sunagawa2015	ERR599130_bin.48.p	1	1	1	1	1
sunagawa2015	ERR599130_bin.49.s	1	1	1	1	1
sunagawa2015	ERR599130_bin.5.o	1	1	1	1	1
sunagawa2015	ERR599130_bin.50.s	1	1	1	1	1
sunagawa2015	ERR599130_bin.51.p	1	1	1	1	1
sunagawa2015	ERR599130_bin.52.p	1	1	1	1	1
sunagawa2015	ERR599130_bin.53.s	1	1	1	1	1
sunagawa2015	ERR599130_bin.54.p	1	1	1	1	1
sunagawa2015	ERR599130_bin.55.s	1	1	1	1	1
sunagawa2015	ERR599130_bin.56.p	1	1	1	1	1
sunagawa2015	ERR599130_bin.57.p	1	1	1	1	1
sunagawa2015	ERR599130_bin.58.s	1	1	1	1	1
sunagawa2015	ERR599130_bin.59.s	1	1	1	1	1
sunagawa2015	ERR599130_bin.6.p	1	1	1	1	1
sunagawa2015	ERR599130_bin.60.o	1	1	1	1	1
sunagawa2015	ERR599130_bin.61.p	1	1	1	1	1
sunagawa2015	ERR599130_bin.7.s	1	1	1	1	1
sunagawa2015	ERR599130_bin.8.o	1	0	0	1	1
sunagawa2015	ERR599130_bin.9.o	1	1	1	1	1
sunagawa2015	ERR599131_bin.1.o	1	1	1	1	1
sunagawa2015	ERR599131_bin.10.p	1	1	1	1	1
sunagawa2015	ERR599131_bin.11.s	1	1	1	1	1
sunagawa2015	ERR599131_bin.12.s	1	1	1	1	1
sunagawa2015	ERR599131_bin.13.s	1	1	1	1	1
sunagawa2015	ERR599131_bin.3.p	1	1	1	1	1
sunagawa2015	ERR599131_bin.4.p	1	1	1	1	1
sunagawa2015	ERR599131_bin.5.p	1	1	1	1	1
sunagawa2015	ERR599131_bin.6.p	1	1	1	1	1
sunagawa2015	ERR599131_bin.7.p	1	1	1	1	1
sunagawa2015	ERR599131_bin.8.o	1	1	1	1	1
sunagawa2015	ERR599131_bin.9.s	1	1	1	1	1
sunagawa2015	ERR599132_bin.1.o	1	1	1	1	1
sunagawa2015	ERR599132_bin.10.s	1	1	1	1	1
sunagawa2015	ERR599132_bin.13.p	1	1	1	1	1
sunagawa2015	ERR599132_bin.14.s	1	1	1	1	1
sunagawa2015	ERR599132_bin.15.s	1	1	1	1	1
sunagawa2015	ERR599132_bin.16.p	1	1	1	1	1
sunagawa2015	ERR599132_bin.17.s	1	1	1	1	1
sunagawa2015	ERR599132_bin.18.s	1	1	1	1	1
sunagawa2015	ERR599132_bin.19.s	1	1	1	1	1
sunagawa2015	ERR599132_bin.2.s	1	1	1	1	1
sunagawa2015	ERR599132_bin.20.o	1	1	1	1	1
sunagawa2015	ERR599132_bin.21.s	1	1	1	1	1
sunagawa2015	ERR599132_bin.22.s	1	1	1	1	1
sunagawa2015	ERR599132_bin.23.p	1	1	1	1	1
sunagawa2015	ERR599132_bin.24.p	1	1	1	1	1
sunagawa2015	ERR599132_bin.25.p	1	1	1	1	1
sunagawa2015	ERR599132_bin.26.s	1	1	1	1	1
sunagawa2015	ERR599132_bin.27.s	1	1	1	1	1
sunagawa2015	ERR599132_bin.28.p	1	1	1	1	1
sunagawa2015	ERR599132_bin.29.s	1	1	1	1	1
sunagawa2015	ERR599132_bin.3.s	1	1	1	1	1
sunagawa2015	ERR599132_bin.31.s	1	1	1	1	1
sunagawa2015	ERR599132_bin.32.s	1	1	1	1	1
sunagawa2015	ERR599132_bin.33.p	1	1	1	1	1
sunagawa2015	ERR599132_bin.34.s	1	1	1	1	1
sunagawa2015	ERR599132_bin.35.s	1	1	1	1	1
sunagawa2015	ERR599132_bin.36.s	1	1	1	1	1
sunagawa2015	ERR599132_bin.37.s	1	1	1	1	1
sunagawa2015	ERR599132_bin.38.p	1	1	1	1	1
sunagawa2015	ERR599132_bin.39.s	1	1	1	1	1
sunagawa2015	ERR599132_bin.4.s	1	1	1	1	1
sunagawa2015	ERR599132_bin.41.s	1	1	1	1	1
sunagawa2015	ERR599132_bin.43.s	1	1	1	1	1
sunagawa2015	ERR599132_bin.44.s	1	1	1	1	1
sunagawa2015	ERR599132_bin.45.p	1	1	1	1	1
sunagawa2015	ERR599132_bin.5.s	1	1	1	1	1
sunagawa2015	ERR599132_bin.6.s	1	1	1	1	1
sunagawa2015	ERR599132_bin.7.p	1	1	1	1	1
sunagawa2015	ERR599132_bin.8.s	1	1	1	1	1
sunagawa2015	ERR599132_bin.9.s	1	1	1	1	1
sunagawa2015	ERR599133_bin.1.s	1	1	1	1	1
sunagawa2015	ERR599133_bin.10.s	1	1	1	1	1
sunagawa2015	ERR599133_bin.11.s	1	1	1	1	1
sunagawa2015	ERR599133_bin.12.p	1	1	1	1	1
sunagawa2015	ERR599133_bin.13.s	1	1	1	1	1
sunagawa2015	ERR599133_bin.14.s	1	1	1	1	1
sunagawa2015	ERR599133_bin.15.p	1	1	1	1	1
sunagawa2015	ERR599133_bin.16.s	1	1	1	1	1
sunagawa2015	ERR599133_bin.17.p	1	1	1	1	1
sunagawa2015	ERR599133_bin.18.s	1	1	1	1	1
sunagawa2015	ERR599133_bin.19.s	1	1	1	1	1
sunagawa2015	ERR599133_bin.2.s	1	1	1	1	1
sunagawa2015	ERR599133_bin.20.s	1	1	1	1	1
sunagawa2015	ERR599133_bin.21.s	1	1	1	1	1
sunagawa2015	ERR599133_bin.22.p	1	1	1	1	1
sunagawa2015	ERR599133_bin.23.p	1	1	1	1	1
sunagawa2015	ERR599133_bin.24.p	1	1	1	1	1
sunagawa2015	ERR599133_bin.25.p	1	1	1	1	1
sunagawa2015	ERR599133_bin.26.p	1	1	1	1	1
sunagawa2015	ERR599133_bin.27.p	1	1	1	1	1
sunagawa2015	ERR599133_bin.28.p	1	1	1	1	1
sunagawa2015	ERR599133_bin.29.o	1	1	1	1	1
sunagawa2015	ERR599133_bin.3.s	1	1	1	1	1
sunagawa2015	ERR599133_bin.30.p	1	1	1	1	1
sunagawa2015	ERR599133_bin.31.s	1	1	1	1	1
sunagawa2015	ERR599133_bin.32.p	1	1	1	1	1
sunagawa2015	ERR599133_bin.33.s	1	1	1	1	1
sunagawa2015	ERR599133_bin.34.p	1	1	1	1	1
sunagawa2015	ERR599133_bin.35.p	1	1	1	1	1
sunagawa2015	ERR599133_bin.36.p	1	1	1	1	1
sunagawa2015	ERR599133_bin.37.s	1	1	1	1	1
sunagawa2015	ERR599133_bin.38.s	1	1	1	1	1
sunagawa2015	ERR599133_bin.39.p	1	1	1	1	1
sunagawa2015	ERR599133_bin.4.p	1	1	1	1	1
sunagawa2015	ERR599133_bin.40.p	1	1	1	1	1
sunagawa2015	ERR599133_bin.41.p	1	1	1	1	1
sunagawa2015	ERR599133_bin.42.s	1	1	1	1	1
sunagawa2015	ERR599133_bin.43.p	1	1	1	1	1
sunagawa2015	ERR599133_bin.44.s	1	1	1	1	1
sunagawa2015	ERR599133_bin.45.p	1	1	1	1	1
sunagawa2015	ERR599133_bin.46.s	1	1	1	1	1
sunagawa2015	ERR599133_bin.47.p	1	1	1	1	1
sunagawa2015	ERR599133_bin.49.p	1	1	1	1	1
sunagawa2015	ERR599133_bin.5.s	1	1	1	1	1
sunagawa2015	ERR599133_bin.6.p	1	1	1	1	1
sunagawa2015	ERR599133_bin.7.p	1	1	1	1	1
sunagawa2015	ERR599133_bin.8.p	1	1	1	1	1
sunagawa2015	ERR599133_bin.9.s	1	1	1	1	1
sunagawa2015	ERR599134_bin.1.p	1	1	1	1	1
sunagawa2015	ERR599134_bin.10.p	1	1	1	1	1
sunagawa2015	ERR599134_bin.11.p	1	1	1	1	1
sunagawa2015	ERR599134_bin.12.s	1	1	1	1	1
sunagawa2015	ERR599134_bin.13.o	1	1	1	1	1
sunagawa2015	ERR599134_bin.15.p	1	1	1	1	1
sunagawa2015	ERR599134_bin.16.p	1	1	1	1	1
sunagawa2015	ERR599134_bin.17.p	1	1	1	1	1
sunagawa2015	ERR599134_bin.18.p	1	1	1	1	1
sunagawa2015	ERR599134_bin.19.p	1	1	1	1	1
sunagawa2015	ERR599134_bin.2.p	1	1	1	1	1
sunagawa2015	ERR599134_bin.20.s	1	1	1	1	1
sunagawa2015	ERR599134_bin.21.s	1	1	1	1	1
sunagawa2015	ERR599134_bin.22.p	1	1	1	1	1
sunagawa2015	ERR599134_bin.23.p	1	1	1	1	1
sunagawa2015	ERR599134_bin.24.s	1	1	1	1	1
sunagawa2015	ERR599134_bin.25.s	1	1	1	1	1
sunagawa2015	ERR599134_bin.26.o	1	1	1	1	1
sunagawa2015	ERR599134_bin.27.p	1	1	1	1	1
sunagawa2015	ERR599134_bin.28.p	1	1	1	1	1
sunagawa2015	ERR599134_bin.29.s	1	1	1	1	1
sunagawa2015	ERR599134_bin.3.p	1	1	1	1	1
sunagawa2015	ERR599134_bin.30.s	1	1	1	1	1
sunagawa2015	ERR599134_bin.31.p	1	1	1	1	1
sunagawa2015	ERR599134_bin.32.p	1	1	1	1	1
sunagawa2015	ERR599134_bin.4.p	1	1	1	1	1
sunagawa2015	ERR599134_bin.5.s	1	1	1	1	1
sunagawa2015	ERR599134_bin.6.p	1	1	1	1	1
sunagawa2015	ERR599134_bin.7.p	1	1	1	1	1
sunagawa2015	ERR599134_bin.8.p	1	1	1	1	1
sunagawa2015	ERR599134_bin.9.s	1	1	1	1	1
sunagawa2015	ERR599135_bin.1.s	1	1	1	1	1
sunagawa2015	ERR599135_bin.10.p	1	1	1	1	1
sunagawa2015	ERR599135_bin.11.s	1	1	1	1	1
sunagawa2015	ERR599135_bin.12.s	1	1	1	1	1
sunagawa2015	ERR599135_bin.13.p	1	1	1	1	1
sunagawa2015	ERR599135_bin.14.p	1	1	1	1	1
sunagawa2015	ERR599135_bin.15.p	1	1	1	1	1
sunagawa2015	ERR599135_bin.16.s	1	1	1	1	1
sunagawa2015	ERR599135_bin.2.p	1	1	1	1	1
sunagawa2015	ERR599135_bin.3.s	1	1	1	1	1
sunagawa2015	ERR599135_bin.4.o	1	1	1	1	1
sunagawa2015	ERR599135_bin.5.p	1	1	1	1	1
sunagawa2015	ERR599135_bin.6.s	1	1	1	1	1
sunagawa2015	ERR599135_bin.7.p	1	1	1	1	1
sunagawa2015	ERR599135_bin.8.p	1	1	1	1	1
sunagawa2015	ERR599135_bin.9.p	1	1	1	1	1
sunagawa2015	ERR599136_bin.1.s	1	1	1	1	1
sunagawa2015	ERR599136_bin.10.p	1	1	1	1	1
sunagawa2015	ERR599136_bin.11.p	1	1	1	1	1
sunagawa2015	ERR599136_bin.12.s	1	1	1	1	1
sunagawa2015	ERR599136_bin.13.p	1	1	1	1	1
sunagawa2015	ERR599136_bin.14.o	1	1	1	1	1
sunagawa2015	ERR599136_bin.15.s	1	1	1	1	1
sunagawa2015	ERR599136_bin.16.s	1	1	1	1	1
sunagawa2015	ERR599136_bin.17.s	1	1	1	1	1
sunagawa2015	ERR599136_bin.18.s	1	1	1	1	1
sunagawa2015	ERR599136_bin.19.s	1	1	1	1	1
sunagawa2015	ERR599136_bin.2.s	1	1	1	1	1
sunagawa2015	ERR599136_bin.20.p	1	1	1	1	1
sunagawa2015	ERR599136_bin.21.s	1	1	1	1	1
sunagawa2015	ERR599136_bin.22.s	1	1	1	1	1
sunagawa2015	ERR599136_bin.23.s	1	1	1	1	1
sunagawa2015	ERR599136_bin.24.s	1	1	1	1	1
sunagawa2015	ERR599136_bin.25.o	1	1	1	1	1
sunagawa2015	ERR599136_bin.26.p	1	1	1	1	1
sunagawa2015	ERR599136_bin.27.p	1	1	1	1	1
sunagawa2015	ERR599136_bin.28.s	1	1	1	1	1
sunagawa2015	ERR599136_bin.29.s	1	1	1	1	1
sunagawa2015	ERR599136_bin.3.s	1	1	1	1	1
sunagawa2015	ERR599136_bin.30.s	1	1	1	1	1
sunagawa2015	ERR599136_bin.31.p	1	1	1	1	1
sunagawa2015	ERR599136_bin.32.p	1	1	1	1	1
sunagawa2015	ERR599136_bin.33.o	1	1	1	1	1
sunagawa2015	ERR599136_bin.34.s	1	1	1	1	1
sunagawa2015	ERR599136_bin.35.s	1	1	1	1	1
sunagawa2015	ERR599136_bin.36.p	1	1	1	1	1
sunagawa2015	ERR599136_bin.37.s	1	1	1	1	1
sunagawa2015	ERR599136_bin.38.p	1	1	1	1	1
sunagawa2015	ERR599136_bin.39.s	1	1	1	1	1
sunagawa2015	ERR599136_bin.4.s	1	1	1	1	1
sunagawa2015	ERR599136_bin.40.s	1	1	1	1	1
sunagawa2015	ERR599136_bin.41.s	1	1	1	1	1
sunagawa2015	ERR599136_bin.42.p	1	1	1	1	1
sunagawa2015	ERR599136_bin.43.p	1	1	1	1	1
sunagawa2015	ERR599136_bin.44.s	1	1	1	1	1
sunagawa2015	ERR599136_bin.45.o	1	1	1	1	1
sunagawa2015	ERR599136_bin.46.s	1	1	1	1	1
sunagawa2015	ERR599136_bin.47.p	1	1	1	1	1
sunagawa2015	ERR599136_bin.48.s	1	1	1	1	1
sunagawa2015	ERR599136_bin.49.s	1	1	1	1	1
sunagawa2015	ERR599136_bin.5.s	1	1	1	1	1
sunagawa2015	ERR599136_bin.50.s	1	1	1	1	1
sunagawa2015	ERR599136_bin.51.p	1	1	1	1	1
sunagawa2015	ERR599136_bin.52.p	1	1	1	1	1
sunagawa2015	ERR599136_bin.53.p	1	1	1	1	1
sunagawa2015	ERR599136_bin.54.p	1	1	1	1	1
sunagawa2015	ERR599136_bin.55.p	1	1	1	1	1
sunagawa2015	ERR599136_bin.56.p	1	1	1	1	1
sunagawa2015	ERR599136_bin.57.o	1	1	1	1	1
sunagawa2015	ERR599136_bin.58.o	1	1	1	1	1
sunagawa2015	ERR599136_bin.59.p	1	1	1	1	1
sunagawa2015	ERR599136_bin.6.o	1	1	1	1	1
sunagawa2015	ERR599136_bin.60.s	1	1	1	1	1
sunagawa2015	ERR599136_bin.61.o	1	1	1	1	1
sunagawa2015	ERR599136_bin.62.s	1	1	1	1	1
sunagawa2015	ERR599136_bin.63.s	1	1	1	1	1
sunagawa2015	ERR599136_bin.64.p	1	1	1	1	1
sunagawa2015	ERR599136_bin.65.s	1	1	1	1	1
sunagawa2015	ERR599136_bin.66.s	1	1	1	1	1
sunagawa2015	ERR599136_bin.67.p	1	1	1	1	1
sunagawa2015	ERR599136_bin.68.p	1	1	1	1	1
sunagawa2015	ERR599136_bin.69.p	1	1	1	1	1
sunagawa2015	ERR599136_bin.7.s	1	1	1	1	1
sunagawa2015	ERR599136_bin.70.s	1	1	1	1	1
sunagawa2015	ERR599136_bin.71.p	1	1	1	1	1
sunagawa2015	ERR599136_bin.72.p	1	1	1	1	1
sunagawa2015	ERR599136_bin.73.p	1	1	1	1	1
sunagawa2015	ERR599136_bin.74.p	1	1	1	1	1
sunagawa2015	ERR599136_bin.75.p	1	1	1	1	1
sunagawa2015	ERR599136_bin.76.s	1	1	1	1	1
sunagawa2015	ERR599136_bin.77.s	1	1	1	1	1
sunagawa2015	ERR599136_bin.78.s	1	1	1	1	1
sunagawa2015	ERR599136_bin.79.s	1	1	1	1	1
sunagawa2015	ERR599136_bin.8.s	1	1	1	1	1
sunagawa2015	ERR599136_bin.80.s	1	1	1	1	1
sunagawa2015	ERR599136_bin.81.p	1	1	1	1	1
sunagawa2015	ERR599136_bin.82.s	1	1	1	1	1
sunagawa2015	ERR599136_bin.83.s	1	1	1	1	1
sunagawa2015	ERR599136_bin.84.p	1	1	1	1	1
sunagawa2015	ERR599136_bin.9.p	1	1	1	1	1
sunagawa2015	ERR599137_bin.1.p	1	1	1	1	1
sunagawa2015	ERR599137_bin.10.p	1	1	1	1	1
sunagawa2015	ERR599137_bin.11.p	1	1	1	1	1
sunagawa2015	ERR599137_bin.12.p	1	1	1	1	1
sunagawa2015	ERR599137_bin.13.p	1	1	1	1	1
sunagawa2015	ERR599137_bin.14.p	1	1	1	1	1
sunagawa2015	ERR599137_bin.15.s	1	1	1	1	1
sunagawa2015	ERR599137_bin.16.p	1	1	1	1	1
sunagawa2015	ERR599137_bin.17.s	1	1	1	1	1
sunagawa2015	ERR599137_bin.18.p	1	1	1	1	1
sunagawa2015	ERR599137_bin.19.p	1	1	1	1	1
sunagawa2015	ERR599137_bin.2.p	1	1	1	1	1
sunagawa2015	ERR599137_bin.20.s	1	1	1	1	1
sunagawa2015	ERR599137_bin.21.s	1	1	1	1	1
sunagawa2015	ERR599137_bin.22.p	1	1	1	1	1
sunagawa2015	ERR599137_bin.23.p	1	1	1	1	1
sunagawa2015	ERR599137_bin.24.s	1	1	1	1	1
sunagawa2015	ERR599137_bin.3.s	1	1	1	1	1
sunagawa2015	ERR599137_bin.4.p	1	1	1	1	1
sunagawa2015	ERR599137_bin.5.p	1	1	1	1	1
sunagawa2015	ERR599137_bin.6.s	1	1	1	1	1
sunagawa2015	ERR599137_bin.7.p	1	1	1	1	1
sunagawa2015	ERR599137_bin.8.s	1	1	1	1	1
sunagawa2015	ERR599137_bin.9.s	1	1	1	1	1
sunagawa2015	ERR599138_bin.1.s	1	1	1	1	1
sunagawa2015	ERR599138_bin.10.s	1	1	1	1	1
sunagawa2015	ERR599138_bin.11.p	1	1	1	1	1
sunagawa2015	ERR599138_bin.12.p	1	1	1	1	1
sunagawa2015	ERR599138_bin.13.s	1	1	1	1	1
sunagawa2015	ERR599138_bin.14.o	1	1	1	1	1
sunagawa2015	ERR599138_bin.15.p	1	1	1	1	1
sunagawa2015	ERR599138_bin.16.s	1	1	1	1	1
sunagawa2015	ERR599138_bin.17.s	1	1	1	1	1
sunagawa2015	ERR599138_bin.18.p	1	1	1	1	1
sunagawa2015	ERR599138_bin.19.o	1	1	1	1	1
sunagawa2015	ERR599138_bin.2.p	1	1	1	1	1
sunagawa2015	ERR599138_bin.20.p	1	1	1	1	1
sunagawa2015	ERR599138_bin.21.s	1	1	1	1	1
sunagawa2015	ERR599138_bin.22.p	1	1	1	1	1
sunagawa2015	ERR599138_bin.23.s	1	1	1	1	1
sunagawa2015	ERR599138_bin.24.s	1	1	1	1	1
sunagawa2015	ERR599138_bin.25.s	1	1	1	1	1
sunagawa2015	ERR599138_bin.26.p	1	1	1	1	1
sunagawa2015	ERR599138_bin.27.s	1	1	1	1	1
sunagawa2015	ERR599138_bin.29.s	1	1	1	1	1
sunagawa2015	ERR599138_bin.3.o	1	1	1	1	1
sunagawa2015	ERR599138_bin.30.s	1	1	1	1	1
sunagawa2015	ERR599138_bin.31.s	1	1	1	1	1
sunagawa2015	ERR599138_bin.32.p	1	1	1	1	1
sunagawa2015	ERR599138_bin.33.o	1	1	1	1	1
sunagawa2015	ERR599138_bin.34.p	1	1	1	1	1
sunagawa2015	ERR599138_bin.35.p	1	1	1	1	1
sunagawa2015	ERR599138_bin.37.s	1	1	1	1	1
sunagawa2015	ERR599138_bin.38.s	1	1	1	1	1
sunagawa2015	ERR599138_bin.39.p	1	1	1	1	1
sunagawa2015	ERR599138_bin.4.p	1	1	1	1	1
sunagawa2015	ERR599138_bin.40.s	1	1	1	1	1
sunagawa2015	ERR599138_bin.41.s	1	1	1	1	1
sunagawa2015	ERR599138_bin.42.p	1	1	1	1	1
sunagawa2015	ERR599138_bin.43.s	1	1	1	1	1
sunagawa2015	ERR599138_bin.44.p	1	1	1	1	1
sunagawa2015	ERR599138_bin.45.p	1	1	1	1	1
sunagawa2015	ERR599138_bin.46.s	1	1	1	1	1
sunagawa2015	ERR599138_bin.47.s	1	1	1	1	1
sunagawa2015	ERR599138_bin.48.p	1	1	1	1	1
sunagawa2015	ERR599138_bin.49.s	1	1	1	1	1
sunagawa2015	ERR599138_bin.5.s	1	1	1	1	1
sunagawa2015	ERR599138_bin.50.p	1	1	1	1	1
sunagawa2015	ERR599138_bin.51.p	1	1	1	1	1
sunagawa2015	ERR599138_bin.52.p	1	1	1	1	1
sunagawa2015	ERR599138_bin.6.p	1	1	1	1	1
sunagawa2015	ERR599138_bin.7.s	1	1	1	1	1
sunagawa2015	ERR599138_bin.8.s	1	1	1	1	1
sunagawa2015	ERR599138_bin.9.s	1	1	1	1	1
sunagawa2015	ERR599139_bin.1.s	1	1	1	1	1
sunagawa2015	ERR599139_bin.10.s	1	1	1	1	1
sunagawa2015	ERR599139_bin.11.o	1	1	1	1	1
sunagawa2015	ERR599139_bin.12.p	1	1	1	1	1
sunagawa2015	ERR599139_bin.13.s	1	1	1	1	1
sunagawa2015	ERR599139_bin.14.p	1	1	1	1	1
sunagawa2015	ERR599139_bin.15.p	1	1	1	1	1
sunagawa2015	ERR599139_bin.16.s	1	1	1	1	1
sunagawa2015	ERR599139_bin.17.s	1	1	1	1	1
sunagawa2015	ERR599139_bin.18.p	1	1	1	1	1
sunagawa2015	ERR599139_bin.19.s	1	1	1	1	1
sunagawa2015	ERR599139_bin.2.s	1	1	1	1	1
sunagawa2015	ERR599139_bin.20.s	1	1	1	1	1
sunagawa2015	ERR599139_bin.21.p	1	1	1	1	1
sunagawa2015	ERR599139_bin.22.p	1	1	1	1	1
sunagawa2015	ERR599139_bin.23.s	1	1	1	1	1
sunagawa2015	ERR599139_bin.24.s	1	1	1	1	1
sunagawa2015	ERR599139_bin.25.p	1	1	1	1	1
sunagawa2015	ERR599139_bin.26.p	1	1	1	1	1
sunagawa2015	ERR599139_bin.27.s	1	1	1	1	1
sunagawa2015	ERR599139_bin.28.s	1	1	1	1	1
sunagawa2015	ERR599139_bin.29.p	1	1	1	1	1
sunagawa2015	ERR599139_bin.3.s	1	1	1	1	1
sunagawa2015	ERR599139_bin.30.s	1	1	1	1	1
sunagawa2015	ERR599139_bin.31.p	1	1	1	1	1
sunagawa2015	ERR599139_bin.32.o	1	1	1	1	1
sunagawa2015	ERR599139_bin.33.p	1	1	1	1	1
sunagawa2015	ERR599139_bin.34.p	1	1	1	1	1
sunagawa2015	ERR599139_bin.35.o	1	1	1	1	1
sunagawa2015	ERR599139_bin.36.p	1	1	1	1	1
sunagawa2015	ERR599139_bin.37.s	1	1	1	1	1
sunagawa2015	ERR599139_bin.38.p	1	1	1	1	1
sunagawa2015	ERR599139_bin.39.p	1	1	1	1	1
sunagawa2015	ERR599139_bin.4.s	1	1	1	1	1
sunagawa2015	ERR599139_bin.40.s	1	1	1	1	1
sunagawa2015	ERR599139_bin.41.p	1	1	1	1	1
sunagawa2015	ERR599139_bin.42.s	1	1	1	1	1
sunagawa2015	ERR599139_bin.43.s	1	1	1	1	1
sunagawa2015	ERR599139_bin.44.p	1	1	1	1	1
sunagawa2015	ERR599139_bin.45.p	1	1	1	1	1
sunagawa2015	ERR599139_bin.46.s	1	1	0	1	1
sunagawa2015	ERR599139_bin.47.s	1	1	1	1	1
sunagawa2015	ERR599139_bin.48.s	1	1	1	1	1
sunagawa2015	ERR599139_bin.49.p	1	1	1	1	1
sunagawa2015	ERR599139_bin.5.s	1	1	1	1	1
sunagawa2015	ERR599139_bin.6.s	1	1	1	1	1
sunagawa2015	ERR599139_bin.7.s	1	1	1	1	1
sunagawa2015	ERR599139_bin.8.s	1	1	1	1	1
sunagawa2015	ERR599139_bin.9.s	1	1	1	1	1
sunagawa2015	ERR599140_bin.1.p	1	1	1	1	1
sunagawa2015	ERR599140_bin.10.s	1	1	1	1	1
sunagawa2015	ERR599140_bin.11.s	1	1	1	1	1
sunagawa2015	ERR599140_bin.2.p	1	1	1	1	1
sunagawa2015	ERR599140_bin.3.p	1	1	1	1	1
sunagawa2015	ERR599140_bin.4.s	1	1	1	1	1
sunagawa2015	ERR599140_bin.5.p	1	1	1	1	1
sunagawa2015	ERR599140_bin.6.p	1	1	1	1	1
sunagawa2015	ERR599140_bin.7.p	1	1	1	1	1
sunagawa2015	ERR599140_bin.8.s	1	1	1	1	1
sunagawa2015	ERR599140_bin.9.s	1	1	1	1	1
sunagawa2015	ERR599141_bin.1.p	1	1	1	1	1
sunagawa2015	ERR599141_bin.10.p	1	1	1	1	1
sunagawa2015	ERR599141_bin.11.p	1	1	1	1	1
sunagawa2015	ERR599141_bin.12.p	1	1	1	1	1
sunagawa2015	ERR599141_bin.13.p	1	1	1	1	1
sunagawa2015	ERR599141_bin.14.p	1	1	1	1	1
sunagawa2015	ERR599141_bin.15.s	1	1	1	1	1
sunagawa2015	ERR599141_bin.2.p	1	1	1	1	1
sunagawa2015	ERR599141_bin.3.s	1	1	1	1	1
sunagawa2015	ERR599141_bin.4.s	1	1	1	1	1
sunagawa2015	ERR599141_bin.5.p	1	1	1	1	1
sunagawa2015	ERR599141_bin.6.p	1	1	1	1	1
sunagawa2015	ERR599141_bin.7.s	1	1	1	1	1
sunagawa2015	ERR599141_bin.8.p	1	1	1	1	1
sunagawa2015	ERR599141_bin.9.p	1	1	1	1	1
sunagawa2015	ERR599142_bin.1.p	1	1	1	1	1
sunagawa2015	ERR599142_bin.10.o	1	1	1	1	1
sunagawa2015	ERR599142_bin.11.p	1	1	1	1	1
sunagawa2015	ERR599142_bin.12.s	1	1	1	1	1
sunagawa2015	ERR599142_bin.13.o	1	1	1	1	1
sunagawa2015	ERR599142_bin.14.s	1	1	1	1	1
sunagawa2015	ERR599142_bin.15.o	1	1	1	1	1
sunagawa2015	ERR599142_bin.16.s	1	1	1	1	1
sunagawa2015	ERR599142_bin.17.p	1	1	1	1	1
sunagawa2015	ERR599142_bin.18.s	1	1	1	1	1
sunagawa2015	ERR599142_bin.19.p	1	1	1	1	1
sunagawa2015	ERR599142_bin.2.p	1	1	1	1	1
sunagawa2015	ERR599142_bin.20.s	1	1	1	1	1
sunagawa2015	ERR599142_bin.21.p	1	1	1	1	1
sunagawa2015	ERR599142_bin.22.s	1	1	1	1	1
sunagawa2015	ERR599142_bin.23.s	1	1	1	1	1
sunagawa2015	ERR599142_bin.24.s	1	1	1	1	1
sunagawa2015	ERR599142_bin.25.p	1	1	1	1	1
sunagawa2015	ERR599142_bin.27.p	1	1	1	1	1
sunagawa2015	ERR599142_bin.28.s	1	1	1	1	1
sunagawa2015	ERR599142_bin.29.s	1	1	1	1	1
sunagawa2015	ERR599142_bin.3.s	1	1	1	1	1
sunagawa2015	ERR599142_bin.30.p	1	1	1	1	1
sunagawa2015	ERR599142_bin.31.p	1	1	1	1	1
sunagawa2015	ERR599142_bin.32.s	1	1	1	1	1
sunagawa2015	ERR599142_bin.33.p	1	1	1	1	1
sunagawa2015	ERR599142_bin.34.s	1	1	1	1	1
sunagawa2015	ERR599142_bin.35.s	1	1	1	1	1
sunagawa2015	ERR599142_bin.36.s	1	1	1	1	1
sunagawa2015	ERR599142_bin.37.o	1	1	1	1	1
sunagawa2015	ERR599142_bin.38.s	1	1	1	1	1
sunagawa2015	ERR599142_bin.39.p	1	1	1	1	1
sunagawa2015	ERR599142_bin.4.s	1	1	1	1	1
sunagawa2015	ERR599142_bin.40.s	1	1	1	1	1
sunagawa2015	ERR599142_bin.41.s	1	1	1	1	1
sunagawa2015	ERR599142_bin.42.p	1	1	1	1	1
sunagawa2015	ERR599142_bin.43.p	1	1	1	1	1
sunagawa2015	ERR599142_bin.44.p	1	1	1	1	1
sunagawa2015	ERR599142_bin.45.p	1	1	1	1	1
sunagawa2015	ERR599142_bin.46.s	1	1	1	1	1
sunagawa2015	ERR599142_bin.47.s	1	1	1	1	1
sunagawa2015	ERR599142_bin.48.s	1	1	1	1	1
sunagawa2015	ERR599142_bin.49.s	1	1	1	1	1
sunagawa2015	ERR599142_bin.5.s	1	1	1	1	1
sunagawa2015	ERR599142_bin.50.s	1	1	1	1	1
sunagawa2015	ERR599142_bin.52.s	1	1	1	1	1
sunagawa2015	ERR599142_bin.53.s	1	1	1	1	1
sunagawa2015	ERR599142_bin.54.p	1	1	1	1	1
sunagawa2015	ERR599142_bin.55.s	1	1	1	1	1
sunagawa2015	ERR599142_bin.56.p	1	1	1	1	1
sunagawa2015	ERR599142_bin.57.p	1	1	1	1	1
sunagawa2015	ERR599142_bin.58.o	1	1	1	1	1
sunagawa2015	ERR599142_bin.59.s	1	1	1	1	1
sunagawa2015	ERR599142_bin.6.o	1	1	1	1	1
sunagawa2015	ERR599142_bin.60.p	1	1	1	1	1
sunagawa2015	ERR599142_bin.61.o	1	1	1	1	1
sunagawa2015	ERR599142_bin.7.s	1	1	1	1	1
sunagawa2015	ERR599142_bin.8.p	1	1	1	1	1
sunagawa2015	ERR599142_bin.9.s	1	1	1	1	1
sunagawa2015	ERR599143_bin.1.p	1	1	1	1	1
sunagawa2015	ERR599143_bin.10.p	1	1	1	1	1
sunagawa2015	ERR599143_bin.11.s	1	1	1	1	1
sunagawa2015	ERR599143_bin.12.p	1	1	1	1	1
sunagawa2015	ERR599143_bin.13.p	1	1	1	1	1
sunagawa2015	ERR599143_bin.14.s	1	1	1	1	1
sunagawa2015	ERR599143_bin.15.p	1	1	1	1	1
sunagawa2015	ERR599143_bin.16.s	1	1	1	1	1
sunagawa2015	ERR599143_bin.17.p	1	1	1	1	1
sunagawa2015	ERR599143_bin.18.s	1	1	1	1	1
sunagawa2015	ERR599143_bin.19.p	1	1	1	1	1
sunagawa2015	ERR599143_bin.2.s	1	1	1	1	1
sunagawa2015	ERR599143_bin.20.s	1	1	1	1	1
sunagawa2015	ERR599143_bin.21.p	1	1	1	1	1
sunagawa2015	ERR599143_bin.22.p	1	1	1	1	1
sunagawa2015	ERR599143_bin.23.s	1	1	1	1	1
sunagawa2015	ERR599143_bin.24.p	1	1	1	1	1
sunagawa2015	ERR599143_bin.25.p	1	1	1	1	1
sunagawa2015	ERR599143_bin.26.p	1	1	1	1	1
sunagawa2015	ERR599143_bin.27.s	1	1	1	1	1
sunagawa2015	ERR599143_bin.28.p	1	1	1	1	1
sunagawa2015	ERR599143_bin.29.s	1	1	1	1	1
sunagawa2015	ERR599143_bin.3.p	1	1	1	1	1
sunagawa2015	ERR599143_bin.30.p	1	1	1	1	1
sunagawa2015	ERR599143_bin.31.s	1	1	1	1	1
sunagawa2015	ERR599143_bin.32.s	1	1	1	1	1
sunagawa2015	ERR599143_bin.33.p	1	1	1	1	1
sunagawa2015	ERR599143_bin.34.p	1	1	1	1	1
sunagawa2015	ERR599143_bin.35.p	1	1	1	1	1
sunagawa2015	ERR599143_bin.36.s	1	1	1	1	1
sunagawa2015	ERR599143_bin.37.p	1	1	1	1	1
sunagawa2015	ERR599143_bin.4.s	1	1	1	1	1
sunagawa2015	ERR599143_bin.5.p	1	1	1	1	1
sunagawa2015	ERR599143_bin.6.s	1	1	1	1	1
sunagawa2015	ERR599143_bin.7.p	1	1	1	1	1
sunagawa2015	ERR599143_bin.8.s	1	1	1	1	1
sunagawa2015	ERR599143_bin.9.p	1	1	1	1	1
sunagawa2015	ERR599144_bin.1.s	1	1	1	1	1
sunagawa2015	ERR599144_bin.10.s	1	1	1	1	1
sunagawa2015	ERR599144_bin.11.p	1	1	1	1	1
sunagawa2015	ERR599144_bin.12.s	1	1	1	1	1
sunagawa2015	ERR599144_bin.13.p	1	1	1	1	1
sunagawa2015	ERR599144_bin.14.s	1	1	1	1	1
sunagawa2015	ERR599144_bin.15.p	1	1	1	1	1
sunagawa2015	ERR599144_bin.2.s	1	1	1	1	1
sunagawa2015	ERR599144_bin.3.s	1	1	1	1	1
sunagawa2015	ERR599144_bin.4.p	1	1	1	1	1
sunagawa2015	ERR599144_bin.5.s	1	1	1	1	1
sunagawa2015	ERR599144_bin.6.s	1	1	1	1	1
sunagawa2015	ERR599144_bin.7.o	1	1	1	1	1
sunagawa2015	ERR599144_bin.8.p	1	1	1	1	1
sunagawa2015	ERR599144_bin.9.p	1	1	1	1	1
sunagawa2015	ERR599145_bin.1.s	1	1	1	1	1
sunagawa2015	ERR599145_bin.10.s	1	1	1	1	1
sunagawa2015	ERR599145_bin.11.p	1	1	1	1	1
sunagawa2015	ERR599145_bin.12.p	1	1	1	1	1
sunagawa2015	ERR599145_bin.13.s	1	1	1	1	1
sunagawa2015	ERR599145_bin.14.p	1	1	1	1	1
sunagawa2015	ERR599145_bin.15.p	1	1	1	1	1
sunagawa2015	ERR599145_bin.16.p	1	1	1	1	1
sunagawa2015	ERR599145_bin.17.p	1	1	1	1	1
sunagawa2015	ERR599145_bin.18.p	1	1	1	1	1
sunagawa2015	ERR599145_bin.19.p	1	1	1	1	1
sunagawa2015	ERR599145_bin.2.s	1	1	1	1	1
sunagawa2015	ERR599145_bin.20.s	1	1	1	1	1
sunagawa2015	ERR599145_bin.21.s	1	1	1	1	1
sunagawa2015	ERR599145_bin.22.p	1	1	1	1	1
sunagawa2015	ERR599145_bin.23.s	1	1	1	1	1
sunagawa2015	ERR599145_bin.24.s	1	1	1	1	1
sunagawa2015	ERR599145_bin.25.p	1	1	1	1	1
sunagawa2015	ERR599145_bin.26.s	1	1	1	1	1
sunagawa2015	ERR599145_bin.27.s	1	1	1	1	1
sunagawa2015	ERR599145_bin.28.s	1	1	1	1	1
sunagawa2015	ERR599145_bin.29.p	1	1	1	1	1
sunagawa2015	ERR599145_bin.3.p	1	1	1	1	1
sunagawa2015	ERR599145_bin.30.p	1	1	1	1	1
sunagawa2015	ERR599145_bin.31.p	1	1	1	1	1
sunagawa2015	ERR599145_bin.32.p	1	1	1	1	1
sunagawa2015	ERR599145_bin.33.p	1	1	1	1	1
sunagawa2015	ERR599145_bin.34.p	1	1	1	1	1
sunagawa2015	ERR599145_bin.35.p	1	1	1	1	1
sunagawa2015	ERR599145_bin.36.s	1	1	1	1	1
sunagawa2015	ERR599145_bin.37.s	1	1	1	1	1
sunagawa2015	ERR599145_bin.38.s	1	1	1	1	1
sunagawa2015	ERR599145_bin.39.p	1	1	1	1	1
sunagawa2015	ERR599145_bin.4.p	1	1	1	1	1
sunagawa2015	ERR599145_bin.40.p	1	1	1	1	1
sunagawa2015	ERR599145_bin.41.o	1	1	1	1	1
sunagawa2015	ERR599145_bin.42.s	1	1	1	1	1
sunagawa2015	ERR599145_bin.43.p	1	1	1	1	1
sunagawa2015	ERR599145_bin.44.s	1	1	1	1	1
sunagawa2015	ERR599145_bin.45.s	1	1	1	1	1
sunagawa2015	ERR599145_bin.46.s	1	1	1	1	1
sunagawa2015	ERR599145_bin.47.p	1	1	1	1	1
sunagawa2015	ERR599145_bin.48.o	1	1	1	1	1
sunagawa2015	ERR599145_bin.49.s	1	1	1	1	1
sunagawa2015	ERR599145_bin.5.s	1	1	1	1	1
sunagawa2015	ERR599145_bin.50.s	1	1	1	1	1
sunagawa2015	ERR599145_bin.51.p	1	1	1	1	1
sunagawa2015	ERR599145_bin.52.s	1	1	1	1	1
sunagawa2015	ERR599145_bin.53.p	1	1	1	1	1
sunagawa2015	ERR599145_bin.54.s	1	1	1	1	1
sunagawa2015	ERR599145_bin.55.p	1	1	1	1	1
sunagawa2015	ERR599145_bin.56.o	1	1	1	1	1
sunagawa2015	ERR599145_bin.57.p	1	1	1	1	1
sunagawa2015	ERR599145_bin.58.s	1	1	1	1	1
sunagawa2015	ERR599145_bin.59.s	1	1	1	1	1
sunagawa2015	ERR599145_bin.6.o	1	1	1	1	1
sunagawa2015	ERR599145_bin.7.p	1	1	1	1	1
sunagawa2015	ERR599145_bin.8.s	1	1	1	1	1
sunagawa2015	ERR599145_bin.9.s	1	1	1	1	1
sunagawa2015	ERR599146_bin.1.p	1	1	1	1	1
sunagawa2015	ERR599146_bin.10.p	1	1	1	1	1
sunagawa2015	ERR599146_bin.11.s	1	1	1	1	1
sunagawa2015	ERR599146_bin.12.p	1	1	1	1	1
sunagawa2015	ERR599146_bin.13.s	1	1	1	1	1
sunagawa2015	ERR599146_bin.14.s	1	1	1	1	1
sunagawa2015	ERR599146_bin.15.p	1	1	1	1	1
sunagawa2015	ERR599146_bin.16.p	1	1	1	1	1
sunagawa2015	ERR599146_bin.17.p	1	1	1	1	1
sunagawa2015	ERR599146_bin.18.s	1	1	1	1	1
sunagawa2015	ERR599146_bin.19.p	1	1	1	1	1
sunagawa2015	ERR599146_bin.2.o	1	1	1	1	1
sunagawa2015	ERR599146_bin.20.s	1	1	1	1	1
sunagawa2015	ERR599146_bin.21.p	1	1	1	1	1
sunagawa2015	ERR599146_bin.22.p	1	1	1	1	1
sunagawa2015	ERR599146_bin.23.p	1	1	1	1	1
sunagawa2015	ERR599146_bin.24.p	1	1	1	1	1
sunagawa2015	ERR599146_bin.25.s	1	1	1	1	1
sunagawa2015	ERR599146_bin.26.s	1	1	1	1	1
sunagawa2015	ERR599146_bin.27.s	1	1	1	1	1
sunagawa2015	ERR599146_bin.28.s	1	1	1	1	1
sunagawa2015	ERR599146_bin.29.p	1	1	1	1	1
sunagawa2015	ERR599146_bin.3.p	1	1	1	1	1
sunagawa2015	ERR599146_bin.30.s	1	1	1	1	1
sunagawa2015	ERR599146_bin.31.o	1	1	1	1	1
sunagawa2015	ERR599146_bin.32.p	1	1	1	1	1
sunagawa2015	ERR599146_bin.33.p	1	1	1	1	1
sunagawa2015	ERR599146_bin.34.p	1	1	1	1	1
sunagawa2015	ERR599146_bin.35.s	1	1	1	1	1
sunagawa2015	ERR599146_bin.36.s	1	1	1	1	1
sunagawa2015	ERR599146_bin.37.p	1	1	1	1	1
sunagawa2015	ERR599146_bin.38.p	1	1	1	1	1
sunagawa2015	ERR599146_bin.4.s	1	1	0	1	1
sunagawa2015	ERR599146_bin.40.p	1	1	1	1	1
sunagawa2015	ERR599146_bin.5.s	1	1	1	1	1
sunagawa2015	ERR599146_bin.6.s	1	1	1	1	1
sunagawa2015	ERR599146_bin.7.s	1	1	1	1	1
sunagawa2015	ERR599146_bin.8.s	1	1	1	1	1
sunagawa2015	ERR599146_bin.9.p	1	1	1	1	1
sunagawa2015	ERR599147_bin.1.s	1	1	1	1	1
sunagawa2015	ERR599147_bin.10.p	1	1	1	1	1
sunagawa2015	ERR599147_bin.12.o	1	1	1	1	1
sunagawa2015	ERR599147_bin.13.s	1	1	1	1	1
sunagawa2015	ERR599147_bin.14.s	1	1	1	1	1
sunagawa2015	ERR599147_bin.15.s	1	1	1	1	1
sunagawa2015	ERR599147_bin.16.s	1	1	1	1	1
sunagawa2015	ERR599147_bin.17.s	1	1	1	1	1
sunagawa2015	ERR599147_bin.18.s	1	1	1	1	1
sunagawa2015	ERR599147_bin.19.s	1	1	1	1	1
sunagawa2015	ERR599147_bin.2.s	1	1	1	1	1
sunagawa2015	ERR599147_bin.20.s	1	1	1	1	1
sunagawa2015	ERR599147_bin.21.p	1	1	1	1	1
sunagawa2015	ERR599147_bin.22.s	1	1	1	1	1
sunagawa2015	ERR599147_bin.23.o	1	1	1	1	1
sunagawa2015	ERR599147_bin.24.o	1	1	1	1	1
sunagawa2015	ERR599147_bin.25.s	1	1	1	1	1
sunagawa2015	ERR599147_bin.26.s	1	1	1	1	1
sunagawa2015	ERR599147_bin.27.p	1	1	1	1	1
sunagawa2015	ERR599147_bin.28.o	1	1	1	1	1
sunagawa2015	ERR599147_bin.29.s	1	1	1	1	1
sunagawa2015	ERR599147_bin.3.s	1	1	1	1	1
sunagawa2015	ERR599147_bin.30.p	1	1	1	1	1
sunagawa2015	ERR599147_bin.31.p	1	1	1	1	1
sunagawa2015	ERR599147_bin.32.s	1	1	1	1	1
sunagawa2015	ERR599147_bin.33.p	1	1	1	1	1
sunagawa2015	ERR599147_bin.34.s	1	1	1	1	1
sunagawa2015	ERR599147_bin.35.o	1	1	1	1	1
sunagawa2015	ERR599147_bin.36.o	1	1	1	1	1
sunagawa2015	ERR599147_bin.37.s	1	1	1	1	1
sunagawa2015	ERR599147_bin.38.p	1	1	1	1	1
sunagawa2015	ERR599147_bin.39.s	1	1	1	1	1
sunagawa2015	ERR599147_bin.40.p	1	1	1	1	1
sunagawa2015	ERR599147_bin.41.p	1	1	1	1	1
sunagawa2015	ERR599147_bin.43.o	1	1	1	1	1
sunagawa2015	ERR599147_bin.44.s	1	1	1	1	1
sunagawa2015	ERR599147_bin.45.p	1	1	1	1	1
sunagawa2015	ERR599147_bin.46.s	1	1	1	1	1
sunagawa2015	ERR599147_bin.5.p	1	1	1	1	1
sunagawa2015	ERR599147_bin.6.p	1	1	1	1	1
sunagawa2015	ERR599147_bin.7.o	1	1	1	1	1
sunagawa2015	ERR599147_bin.8.p	1	1	1	1	1
sunagawa2015	ERR599147_bin.9.s	1	1	1	1	1
sunagawa2015	ERR599148_bin.1.p	1	1	1	1	1
sunagawa2015	ERR599148_bin.11.s	1	1	1	1	1
sunagawa2015	ERR599148_bin.12.p	1	1	1	1	1
sunagawa2015	ERR599148_bin.13.p	1	1	1	1	1
sunagawa2015	ERR599148_bin.14.p	1	1	1	1	1
sunagawa2015	ERR599148_bin.15.p	1	1	1	1	1
sunagawa2015	ERR599148_bin.16.p	1	1	1	1	1
sunagawa2015	ERR599148_bin.17.p	1	1	1	1	1
sunagawa2015	ERR599148_bin.18.s	1	1	1	1	1
sunagawa2015	ERR599148_bin.19.o	1	1	1	1	1
sunagawa2015	ERR599148_bin.2.s	1	1	1	1	1
sunagawa2015	ERR599148_bin.20.s	1	1	1	1	1
sunagawa2015	ERR599148_bin.21.s	1	1	1	1	1
sunagawa2015	ERR599148_bin.22.s	1	1	1	1	1
sunagawa2015	ERR599148_bin.24.p	1	1	1	1	1
sunagawa2015	ERR599148_bin.25.p	1	1	1	1	1
sunagawa2015	ERR599148_bin.26.o	1	1	1	1	1
sunagawa2015	ERR599148_bin.27.s	1	1	1	1	1
sunagawa2015	ERR599148_bin.28.p	1	1	1	1	1
sunagawa2015	ERR599148_bin.29.s	1	1	1	1	1
sunagawa2015	ERR599148_bin.3.s	1	1	1	1	1
sunagawa2015	ERR599148_bin.30.p	1	1	1	1	1
sunagawa2015	ERR599148_bin.31.s	1	1	1	1	1
sunagawa2015	ERR599148_bin.32.s	1	1	1	1	1
sunagawa2015	ERR599148_bin.33.p	1	1	1	1	1
sunagawa2015	ERR599148_bin.34.p	1	1	1	1	1
sunagawa2015	ERR599148_bin.35.p	1	1	1	1	1
sunagawa2015	ERR599148_bin.36.p	1	1	1	1	1
sunagawa2015	ERR599148_bin.37.o	1	1	1	1	1
sunagawa2015	ERR599148_bin.38.p	1	1	1	1	1
sunagawa2015	ERR599148_bin.39.p	1	1	1	1	1
sunagawa2015	ERR599148_bin.4.p	1	1	1	1	1
sunagawa2015	ERR599148_bin.40.p	1	1	1	1	1
sunagawa2015	ERR599148_bin.41.s	1	1	1	1	1
sunagawa2015	ERR599148_bin.42.s	1	1	1	1	1
sunagawa2015	ERR599148_bin.43.p	1	1	1	1	1
sunagawa2015	ERR599148_bin.44.p	1	1	1	1	1
sunagawa2015	ERR599148_bin.46.o	1	1	1	1	1
sunagawa2015	ERR599148_bin.47.o	1	1	1	1	1
sunagawa2015	ERR599148_bin.48.p	1	1	1	1	1
sunagawa2015	ERR599148_bin.49.p	1	1	1	1	1
sunagawa2015	ERR599148_bin.5.p	1	1	1	1	1
sunagawa2015	ERR599148_bin.50.s	1	1	1	1	1
sunagawa2015	ERR599148_bin.51.s	1	1	1	1	1
sunagawa2015	ERR599148_bin.52.s	1	1	1	1	1
sunagawa2015	ERR599148_bin.53.s	1	1	1	1	1
sunagawa2015	ERR599148_bin.54.s	1	1	1	1	1
sunagawa2015	ERR599148_bin.55.s	1	1	1	1	1
sunagawa2015	ERR599148_bin.56.p	1	1	1	1	1
sunagawa2015	ERR599148_bin.57.s	1	1	1	1	1
sunagawa2015	ERR599148_bin.58.s	1	1	1	1	1
sunagawa2015	ERR599148_bin.59.p	1	1	1	1	1
sunagawa2015	ERR599148_bin.6.p	1	1	1	1	1
sunagawa2015	ERR599148_bin.60.p	1	1	1	1	1
sunagawa2015	ERR599148_bin.61.s	1	1	1	1	1
sunagawa2015	ERR599148_bin.62.s	1	1	1	1	1
sunagawa2015	ERR599148_bin.63.s	1	1	1	1	1
sunagawa2015	ERR599148_bin.64.s	1	1	1	1	1
sunagawa2015	ERR599148_bin.65.s	1	1	1	1	1
sunagawa2015	ERR599148_bin.66.p	1	1	1	1	1
sunagawa2015	ERR599148_bin.68.s	1	1	1	1	1
sunagawa2015	ERR599148_bin.7.s	1	1	1	1	1
sunagawa2015	ERR599148_bin.8.o	1	1	1	1	1
sunagawa2015	ERR599148_bin.9.p	1	1	1	1	1
sunagawa2015	ERR599149_bin.1.p	1	1	1	1	1
sunagawa2015	ERR599149_bin.10.p	1	1	1	1	1
sunagawa2015	ERR599149_bin.11.s	1	1	1	1	1
sunagawa2015	ERR599149_bin.12.s	1	1	1	1	1
sunagawa2015	ERR599149_bin.13.p	1	1	1	1	1
sunagawa2015	ERR599149_bin.14.p	1	1	1	1	1
sunagawa2015	ERR599149_bin.15.p	1	1	1	1	1
sunagawa2015	ERR599149_bin.2.s	1	1	1	1	1
sunagawa2015	ERR599149_bin.3.s	1	1	1	1	1
sunagawa2015	ERR599149_bin.4.p	1	1	1	1	1
sunagawa2015	ERR599149_bin.5.s	1	1	1	1	1
sunagawa2015	ERR599149_bin.6.s	1	1	1	1	1
sunagawa2015	ERR599149_bin.7.s	1	1	1	1	1
sunagawa2015	ERR599149_bin.8.s	1	1	1	1	1
sunagawa2015	ERR599149_bin.9.s	1	1	1	1	1
sunagawa2015	ERR599150_bin.1.s	1	1	1	1	1
sunagawa2015	ERR599150_bin.10.p	1	1	1	1	1
sunagawa2015	ERR599150_bin.11.s	1	1	1	1	1
sunagawa2015	ERR599150_bin.12.s	1	1	1	1	1
sunagawa2015	ERR599150_bin.13.p	1	1	1	1	1
sunagawa2015	ERR599150_bin.14.s	1	1	1	1	1
sunagawa2015	ERR599150_bin.16.p	1	1	1	1	1
sunagawa2015	ERR599150_bin.17.s	1	1	1	1	1
sunagawa2015	ERR599150_bin.18.p	1	1	1	1	1
sunagawa2015	ERR599150_bin.19.p	1	1	1	1	1
sunagawa2015	ERR599150_bin.2.s	1	1	1	1	1
sunagawa2015	ERR599150_bin.20.s	1	1	1	1	1
sunagawa2015	ERR599150_bin.21.p	1	1	1	1	1
sunagawa2015	ERR599150_bin.22.s	1	1	1	1	1
sunagawa2015	ERR599150_bin.24.p	1	1	1	1	1
sunagawa2015	ERR599150_bin.25.p	1	1	1	1	1
sunagawa2015	ERR599150_bin.26.p	1	1	1	1	1
sunagawa2015	ERR599150_bin.27.p	1	1	1	1	1
sunagawa2015	ERR599150_bin.28.p	1	1	1	1	1
sunagawa2015	ERR599150_bin.29.p	1	1	1	1	1
sunagawa2015	ERR599150_bin.3.p	1	1	1	1	1
sunagawa2015	ERR599150_bin.30.p	1	1	1	1	1
sunagawa2015	ERR599150_bin.31.s	1	1	1	1	1
sunagawa2015	ERR599150_bin.32.s	1	1	1	1	1
sunagawa2015	ERR599150_bin.33.p	1	1	1	1	1
sunagawa2015	ERR599150_bin.34.s	1	1	1	1	1
sunagawa2015	ERR599150_bin.35.p	1	1	1	1	1
sunagawa2015	ERR599150_bin.36.s	1	1	1	1	1
sunagawa2015	ERR599150_bin.37.s	1	1	1	1	1
sunagawa2015	ERR599150_bin.38.s	1	1	1	1	1
sunagawa2015	ERR599150_bin.39.s	1	1	1	1	1
sunagawa2015	ERR599150_bin.4.s	1	1	1	1	1
sunagawa2015	ERR599150_bin.40.s	1	1	1	1	1
sunagawa2015	ERR599150_bin.41.s	1	1	1	1	1
sunagawa2015	ERR599150_bin.42.s	1	1	1	1	1
sunagawa2015	ERR599150_bin.43.p	1	1	1	1	1
sunagawa2015	ERR599150_bin.44.p	1	1	1	1	1
sunagawa2015	ERR599150_bin.45.p	1	1	1	1	1
sunagawa2015	ERR599150_bin.46.o	1	1	1	1	1
sunagawa2015	ERR599150_bin.47.p	1	1	1	1	1
sunagawa2015	ERR599150_bin.48.p	1	1	1	1	1
sunagawa2015	ERR599150_bin.49.p	1	1	1	1	1
sunagawa2015	ERR599150_bin.5.s	1	1	1	1	1
sunagawa2015	ERR599150_bin.50.o	1	1	1	1	1
sunagawa2015	ERR599150_bin.51.s	1	1	1	1	1
sunagawa2015	ERR599150_bin.52.p	1	1	1	1	1
sunagawa2015	ERR599150_bin.53.s	1	1	1	1	1
sunagawa2015	ERR599150_bin.54.p	1	1	1	1	1
sunagawa2015	ERR599150_bin.55.p	1	1	1	1	1
sunagawa2015	ERR599150_bin.56.s	1	1	1	1	1
sunagawa2015	ERR599150_bin.57.p	1	1	1	1	1
sunagawa2015	ERR599150_bin.58.s	1	1	1	1	1
sunagawa2015	ERR599150_bin.59.p	1	1	1	1	1
sunagawa2015	ERR599150_bin.6.p	1	1	1	1	1
sunagawa2015	ERR599150_bin.60.s	1	1	1	1	1
sunagawa2015	ERR599150_bin.61.s	1	1	1	1	1
sunagawa2015	ERR599150_bin.62.o	1	1	1	1	1
sunagawa2015	ERR599150_bin.63.p	1	1	1	1	1
sunagawa2015	ERR599150_bin.7.s	1	1	1	1	1
sunagawa2015	ERR599150_bin.8.s	1	1	1	1	1
sunagawa2015	ERR599150_bin.9.s	1	1	1	1	1
sunagawa2015	ERR599151_bin.1.o	1	1	1	1	1
sunagawa2015	ERR599151_bin.10.p	1	1	1	1	1
sunagawa2015	ERR599151_bin.11.p	1	1	1	1	1
sunagawa2015	ERR599151_bin.12.o	1	1	1	1	1
sunagawa2015	ERR599151_bin.14.p	1	1	1	1	1
sunagawa2015	ERR599151_bin.15.o	1	1	1	1	1
sunagawa2015	ERR599151_bin.16.s	1	1	1	1	1
sunagawa2015	ERR599151_bin.17.s	1	1	1	1	1
sunagawa2015	ERR599151_bin.18.p	1	1	1	1	1
sunagawa2015	ERR599151_bin.19.p	1	1	1	1	1
sunagawa2015	ERR599151_bin.2.p	1	1	1	1	1
sunagawa2015	ERR599151_bin.20.s	1	1	1	1	1
sunagawa2015	ERR599151_bin.21.s	1	1	1	1	1
sunagawa2015	ERR599151_bin.22.s	1	1	1	1	1
sunagawa2015	ERR599151_bin.23.p	1	1	1	1	1
sunagawa2015	ERR599151_bin.24.s	1	1	1	1	1
sunagawa2015	ERR599151_bin.25.p	1	1	1	1	1
sunagawa2015	ERR599151_bin.26.s	1	1	1	1	1
sunagawa2015	ERR599151_bin.27.s	1	1	1	1	1
sunagawa2015	ERR599151_bin.28.s	1	1	1	1	1
sunagawa2015	ERR599151_bin.29.p	1	1	1	1	1
sunagawa2015	ERR599151_bin.3.s	1	1	1	1	1
sunagawa2015	ERR599151_bin.30.s	1	1	1	1	1
sunagawa2015	ERR599151_bin.31.o	1	1	1	1	1
sunagawa2015	ERR599151_bin.32.p	1	1	1	1	1
sunagawa2015	ERR599151_bin.33.p	1	1	1	1	1
sunagawa2015	ERR599151_bin.35.p	1	1	1	1	1
sunagawa2015	ERR599151_bin.4.s	1	1	1	1	1
sunagawa2015	ERR599151_bin.5.s	1	1	1	1	1
sunagawa2015	ERR599151_bin.6.p	1	1	1	1	1
sunagawa2015	ERR599151_bin.7.p	1	1	1	1	1
sunagawa2015	ERR599151_bin.9.s	1	1	1	1	1
sunagawa2015	ERR599152_bin.1.s	1	1	1	1	1
sunagawa2015	ERR599152_bin.11.s	1	1	1	1	1
sunagawa2015	ERR599152_bin.12.s	1	1	1	1	1
sunagawa2015	ERR599152_bin.13.s	1	1	1	1	1
sunagawa2015	ERR599152_bin.14.s	1	1	1	1	1
sunagawa2015	ERR599152_bin.15.s	1	1	1	1	1
sunagawa2015	ERR599152_bin.16.s	1	1	1	1	1
sunagawa2015	ERR599152_bin.17.s	1	1	1	1	1
sunagawa2015	ERR599152_bin.18.s	1	1	1	1	1
sunagawa2015	ERR599152_bin.19.s	1	1	1	1	1
sunagawa2015	ERR599152_bin.2.o	1	1	1	1	1
sunagawa2015	ERR599152_bin.20.s	1	1	1	1	1
sunagawa2015	ERR599152_bin.21.s	1	1	1	1	1
sunagawa2015	ERR599152_bin.22.s	1	1	1	1	1
sunagawa2015	ERR599152_bin.23.s	1	1	1	1	1
sunagawa2015	ERR599152_bin.24.p	1	1	1	1	1
sunagawa2015	ERR599152_bin.25.s	1	1	1	1	1
sunagawa2015	ERR599152_bin.26.p	1	1	1	1	1
sunagawa2015	ERR599152_bin.27.s	1	1	1	1	1
sunagawa2015	ERR599152_bin.28.p	1	1	1	1	1
sunagawa2015	ERR599152_bin.3.p	1	1	1	1	1
sunagawa2015	ERR599152_bin.30.o	1	1	1	1	1
sunagawa2015	ERR599152_bin.4.p	1	1	1	1	1
sunagawa2015	ERR599152_bin.5.p	1	1	1	1	1
sunagawa2015	ERR599152_bin.6.o	1	1	1	1	1
sunagawa2015	ERR599152_bin.7.p	1	1	1	1	1
sunagawa2015	ERR599152_bin.8.p	1	1	1	1	1
sunagawa2015	ERR599152_bin.9.p	1	1	1	1	1
sunagawa2015	ERR599153_bin.1.p	1	1	1	1	1
sunagawa2015	ERR599153_bin.10.o	1	1	1	1	1
sunagawa2015	ERR599153_bin.11.p	1	1	1	1	1
sunagawa2015	ERR599153_bin.12.p	1	1	1	1	1
sunagawa2015	ERR599153_bin.13.p	1	1	1	1	1
sunagawa2015	ERR599153_bin.14.s	1	1	1	1	1
sunagawa2015	ERR599153_bin.15.s	1	1	1	1	1
sunagawa2015	ERR599153_bin.16.s	1	1	1	1	1
sunagawa2015	ERR599153_bin.17.o	1	1	1	1	1
sunagawa2015	ERR599153_bin.18.s	1	1	1	1	1
sunagawa2015	ERR599153_bin.2.p	1	1	1	1	1
sunagawa2015	ERR599153_bin.20.s	1	1	1	1	1
sunagawa2015	ERR599153_bin.21.s	1	1	1	1	1
sunagawa2015	ERR599153_bin.3.p	1	1	1	1	1
sunagawa2015	ERR599153_bin.4.s	1	1	1	1	1
sunagawa2015	ERR599153_bin.5.s	1	1	1	1	1
sunagawa2015	ERR599153_bin.6.p	1	1	1	1	1
sunagawa2015	ERR599153_bin.7.o	1	1	1	1	1
sunagawa2015	ERR599153_bin.8.p	1	1	1	1	1
sunagawa2015	ERR599153_bin.9.s	1	1	1	1	1
sunagawa2015	ERR599154_bin.10.p	1	1	1	1	1
sunagawa2015	ERR599154_bin.11.p	1	1	1	1	1
sunagawa2015	ERR599154_bin.12.s	1	1	1	1	1
sunagawa2015	ERR599154_bin.13.p	1	1	1	1	1
sunagawa2015	ERR599154_bin.14.o	1	1	1	1	1
sunagawa2015	ERR599154_bin.16.p	1	1	1	1	1
sunagawa2015	ERR599154_bin.17.s	1	1	1	1	1
sunagawa2015	ERR599154_bin.18.p	1	1	1	1	1
sunagawa2015	ERR599154_bin.19.s	1	1	1	1	1
sunagawa2015	ERR599154_bin.2.s	1	1	1	1	1
sunagawa2015	ERR599154_bin.20.p	1	1	1	1	1
sunagawa2015	ERR599154_bin.3.p	1	1	1	1	1
sunagawa2015	ERR599154_bin.4.p	1	1	1	1	1
sunagawa2015	ERR599154_bin.5.s	1	1	1	1	1
sunagawa2015	ERR599154_bin.6.p	1	1	1	1	1
sunagawa2015	ERR599154_bin.7.p	1	1	1	1	1
sunagawa2015	ERR599154_bin.8.p	1	1	1	1	1
sunagawa2015	ERR599155_bin.1.p	1	1	1	1	1
sunagawa2015	ERR599155_bin.2.p	1	1	1	1	1
sunagawa2015	ERR599155_bin.3.s	1	1	1	1	1
sunagawa2015	ERR599155_bin.4.s	1	1	1	1	1
sunagawa2015	ERR599155_bin.5.p	1	1	1	1	1
sunagawa2015	ERR599155_bin.6.p	1	1	1	1	1
sunagawa2015	ERR599155_bin.7.p	1	1	1	1	1
sunagawa2015	ERR599155_bin.8.p	1	1	1	1	1
sunagawa2015	ERR599156_bin.1.o	1	1	1	1	1
sunagawa2015	ERR599156_bin.10.p	1	1	1	1	1
sunagawa2015	ERR599156_bin.11.p	1	1	1	1	1
sunagawa2015	ERR599156_bin.12.p	1	1	1	1	1
sunagawa2015	ERR599156_bin.13.s	1	1	1	1	1
sunagawa2015	ERR599156_bin.14.s	1	1	1	1	1
sunagawa2015	ERR599156_bin.15.p	1	1	1	1	1
sunagawa2015	ERR599156_bin.16.p	1	1	1	1	1
sunagawa2015	ERR599156_bin.17.p	1	1	1	1	1
sunagawa2015	ERR599156_bin.18.p	1	1	1	1	1
sunagawa2015	ERR599156_bin.19.p	1	1	1	1	1
sunagawa2015	ERR599156_bin.2.s	1	1	1	1	1
sunagawa2015	ERR599156_bin.20.s	1	1	1	1	1
sunagawa2015	ERR599156_bin.21.p	1	1	1	1	1
sunagawa2015	ERR599156_bin.22.o	1	1	1	1	1
sunagawa2015	ERR599156_bin.23.p	1	1	1	1	1
sunagawa2015	ERR599156_bin.25.p	1	1	1	1	1
sunagawa2015	ERR599156_bin.26.s	1	1	1	1	1
sunagawa2015	ERR599156_bin.27.p	1	1	1	1	1
sunagawa2015	ERR599156_bin.28.s	1	1	1	1	1
sunagawa2015	ERR599156_bin.29.p	1	1	1	1	1
sunagawa2015	ERR599156_bin.3.s	1	1	1	1	1
sunagawa2015	ERR599156_bin.31.s	1	1	1	1	1
sunagawa2015	ERR599156_bin.32.o	1	1	1	1	1
sunagawa2015	ERR599156_bin.34.s	1	1	1	1	1
sunagawa2015	ERR599156_bin.35.s	1	1	1	1	1
sunagawa2015	ERR599156_bin.36.o	0	1	1	1	1
sunagawa2015	ERR599156_bin.37.p	1	1	1	1	1
sunagawa2015	ERR599156_bin.38.s	1	1	1	1	1
sunagawa2015	ERR599156_bin.39.s	1	1	1	1	1
sunagawa2015	ERR599156_bin.4.s	1	1	1	1	1
sunagawa2015	ERR599156_bin.40.s	1	1	1	1	1
sunagawa2015	ERR599156_bin.41.s	1	1	1	1	1
sunagawa2015	ERR599156_bin.42.o	1	1	1	1	1
sunagawa2015	ERR599156_bin.43.s	1	1	1	1	1
sunagawa2015	ERR599156_bin.44.s	1	1	1	1	1
sunagawa2015	ERR599156_bin.45.s	1	1	1	1	1
sunagawa2015	ERR599156_bin.46.o	1	1	1	1	1
sunagawa2015	ERR599156_bin.47.s	1	1	1	1	1
sunagawa2015	ERR599156_bin.48.s	1	1	1	1	1
sunagawa2015	ERR599156_bin.49.o	1	1	1	1	1
sunagawa2015	ERR599156_bin.5.o	1	1	1	1	1
sunagawa2015	ERR599156_bin.50.p	1	1	1	1	1
sunagawa2015	ERR599156_bin.51.s	1	1	1	1	1
sunagawa2015	ERR599156_bin.52.p	1	1	1	1	1
sunagawa2015	ERR599156_bin.53.s	1	1	1	1	1
sunagawa2015	ERR599156_bin.54.s	1	1	1	1	1
sunagawa2015	ERR599156_bin.55.p	1	1	1	1	1
sunagawa2015	ERR599156_bin.56.p	1	1	1	1	1
sunagawa2015	ERR599156_bin.59.s	1	1	1	1	1
sunagawa2015	ERR599156_bin.6.p	1	1	1	1	1
sunagawa2015	ERR599156_bin.60.p	1	1	1	1	1
sunagawa2015	ERR599156_bin.61.p	1	1	1	1	1
sunagawa2015	ERR599156_bin.62.s	1	1	1	1	1
sunagawa2015	ERR599156_bin.63.s	1	1	1	1	1
sunagawa2015	ERR599156_bin.64.s	1	1	1	1	1
sunagawa2015	ERR599156_bin.65.s	1	1	1	1	1
sunagawa2015	ERR599156_bin.66.p	1	1	1	1	1
sunagawa2015	ERR599156_bin.67.o	1	1	1	1	1
sunagawa2015	ERR599156_bin.68.o	1	1	1	1	1
sunagawa2015	ERR599156_bin.69.p	1	1	1	1	1
sunagawa2015	ERR599156_bin.7.p	1	1	1	1	1
sunagawa2015	ERR599156_bin.70.s	1	1	1	1	1
sunagawa2015	ERR599156_bin.71.p	1	1	1	1	1
sunagawa2015	ERR599156_bin.72.p	1	1	1	1	1
sunagawa2015	ERR599156_bin.73.s	1	1	1	1	1
sunagawa2015	ERR599156_bin.75.s	1	1	1	1	1
sunagawa2015	ERR599156_bin.76.s	1	1	1	1	1
sunagawa2015	ERR599156_bin.77.p	1	1	1	1	1
sunagawa2015	ERR599156_bin.79.s	1	1	1	1	1
sunagawa2015	ERR599156_bin.8.p	1	1	1	1	1
sunagawa2015	ERR599156_bin.80.s	1	1	1	1	1
sunagawa2015	ERR599156_bin.81.o	1	1	1	1	1
sunagawa2015	ERR599156_bin.82.p	1	1	1	1	1
sunagawa2015	ERR599156_bin.83.s	1	1	1	1	1
sunagawa2015	ERR599156_bin.85.p	1	1	1	1	1
sunagawa2015	ERR599156_bin.87.s	1	1	1	1	1
sunagawa2015	ERR599156_bin.88.s	1	1	1	1	1
sunagawa2015	ERR599156_bin.89.o	1	1	1	1	1
sunagawa2015	ERR599156_bin.9.p	1	1	1	1	1
sunagawa2015	ERR599156_bin.90.s	1	1	1	1	1
sunagawa2015	ERR599156_bin.91.o	1	1	1	1	1
sunagawa2015	ERR599156_bin.92.s	1	1	1	1	1
sunagawa2015	ERR599156_bin.95.s	1	1	1	1	1
sunagawa2015	ERR599156_bin.96.o	1	1	1	1	1
sunagawa2015	ERR599156_bin.97.o	1	1	1	1	1
sunagawa2015	ERR599157_bin.1.s	1	1	1	1	1
sunagawa2015	ERR599157_bin.10.s	1	1	1	1	1
sunagawa2015	ERR599157_bin.11.s	1	1	1	1	1
sunagawa2015	ERR599157_bin.12.p	1	1	1	1	1
sunagawa2015	ERR599157_bin.13.s	1	1	1	1	1
sunagawa2015	ERR599157_bin.15.p	1	1	1	1	1
sunagawa2015	ERR599157_bin.16.s	1	1	1	1	1
sunagawa2015	ERR599157_bin.17.p	1	1	1	1	1
sunagawa2015	ERR599157_bin.18.p	1	1	1	1	1
sunagawa2015	ERR599157_bin.19.p	1	1	1	1	1
sunagawa2015	ERR599157_bin.2.p	1	1	1	1	1
sunagawa2015	ERR599157_bin.20.p	1	1	1	1	1
sunagawa2015	ERR599157_bin.21.p	1	1	1	1	1
sunagawa2015	ERR599157_bin.22.p	1	1	1	1	1
sunagawa2015	ERR599157_bin.23.s	1	1	1	1	1
sunagawa2015	ERR599157_bin.24.o	1	1	1	1	1
sunagawa2015	ERR599157_bin.25.s	1	1	1	1	1
sunagawa2015	ERR599157_bin.26.p	1	1	1	1	1
sunagawa2015	ERR599157_bin.27.p	1	1	1	1	1
sunagawa2015	ERR599157_bin.3.p	1	1	1	1	1
sunagawa2015	ERR599157_bin.4.s	1	1	1	1	1
sunagawa2015	ERR599157_bin.5.s	1	1	1	1	1
sunagawa2015	ERR599157_bin.6.p	1	1	1	1	1
sunagawa2015	ERR599157_bin.7.o	1	1	1	1	1
sunagawa2015	ERR599157_bin.8.s	1	1	1	1	1
sunagawa2015	ERR599157_bin.9.s	1	1	1	1	1
sunagawa2015	ERR599158_bin.1.p	1	1	1	1	1
sunagawa2015	ERR599158_bin.10.p	1	1	1	1	1
sunagawa2015	ERR599158_bin.11.p	1	1	1	1	1
sunagawa2015	ERR599158_bin.12.p	1	1	1	1	1
sunagawa2015	ERR599158_bin.13.p	1	1	1	1	1
sunagawa2015	ERR599158_bin.14.p	1	1	1	1	1
sunagawa2015	ERR599158_bin.15.p	1	1	1	1	1
sunagawa2015	ERR599158_bin.16.p	1	1	1	1	1
sunagawa2015	ERR599158_bin.17.s	1	1	1	1	1
sunagawa2015	ERR599158_bin.18.p	1	1	1	1	1
sunagawa2015	ERR599158_bin.19.s	1	1	1	1	1
sunagawa2015	ERR599158_bin.2.p	1	1	1	1	1
sunagawa2015	ERR599158_bin.20.o	1	1	1	1	1
sunagawa2015	ERR599158_bin.21.p	1	1	1	1	1
sunagawa2015	ERR599158_bin.22.p	1	1	1	1	1
sunagawa2015	ERR599158_bin.23.p	1	1	1	1	1
sunagawa2015	ERR599158_bin.24.p	1	1	1	1	1
sunagawa2015	ERR599158_bin.25.p	1	1	1	1	1
sunagawa2015	ERR599158_bin.3.p	1	1	1	1	1
sunagawa2015	ERR599158_bin.4.p	1	1	1	1	1
sunagawa2015	ERR599158_bin.5.s	1	1	1	1	1
sunagawa2015	ERR599158_bin.6.p	1	1	1	1	1
sunagawa2015	ERR599158_bin.7.p	1	1	1	1	1
sunagawa2015	ERR599158_bin.8.p	1	1	1	1	1
sunagawa2015	ERR599158_bin.9.p	1	1	1	1	1
sunagawa2015	ERR599159_bin.1.s	1	1	1	1	1
sunagawa2015	ERR599159_bin.10.s	1	1	1	1	1
sunagawa2015	ERR599159_bin.11.p	1	1	1	1	1
sunagawa2015	ERR599159_bin.12.s	1	1	1	1	1
sunagawa2015	ERR599159_bin.13.p	1	1	1	1	1
sunagawa2015	ERR599159_bin.15.p	1	1	1	1	1
sunagawa2015	ERR599159_bin.16.s	1	1	1	1	1
sunagawa2015	ERR599159_bin.17.p	1	1	1	1	1
sunagawa2015	ERR599159_bin.18.s	1	1	1	1	1
sunagawa2015	ERR599159_bin.19.p	1	1	1	1	1
sunagawa2015	ERR599159_bin.2.s	1	1	1	1	1
sunagawa2015	ERR599159_bin.20.s	1	1	1	1	1
sunagawa2015	ERR599159_bin.21.p	1	1	1	1	1
sunagawa2015	ERR599159_bin.22.p	1	1	1	1	1
sunagawa2015	ERR599159_bin.23.s	1	1	1	1	1
sunagawa2015	ERR599159_bin.24.p	1	1	1	1	1
sunagawa2015	ERR599159_bin.25.p	1	1	1	1	1
sunagawa2015	ERR599159_bin.26.o	1	1	1	1	1
sunagawa2015	ERR599159_bin.27.p	1	1	1	1	1
sunagawa2015	ERR599159_bin.28.s	1	1	1	1	1
sunagawa2015	ERR599159_bin.29.p	1	1	1	1	1
sunagawa2015	ERR599159_bin.3.o	1	1	1	1	1
sunagawa2015	ERR599159_bin.30.p	1	1	1	1	1
sunagawa2015	ERR599159_bin.31.s	1	1	1	1	1
sunagawa2015	ERR599159_bin.32.p	1	1	1	1	1
sunagawa2015	ERR599159_bin.33.s	1	1	1	1	1
sunagawa2015	ERR599159_bin.34.p	1	1	1	1	1
sunagawa2015	ERR599159_bin.35.s	1	1	1	1	1
sunagawa2015	ERR599159_bin.36.o	1	1	1	1	1
sunagawa2015	ERR599159_bin.38.s	1	1	1	1	1
sunagawa2015	ERR599159_bin.39.s	1	1	1	1	1
sunagawa2015	ERR599159_bin.4.s	1	1	1	1	1
sunagawa2015	ERR599159_bin.40.s	1	1	1	1	1
sunagawa2015	ERR599159_bin.41.s	1	1	1	1	1
sunagawa2015	ERR599159_bin.42.s	1	1	1	1	1
sunagawa2015	ERR599159_bin.43.s	1	1	1	1	1
sunagawa2015	ERR599159_bin.44.s	1	1	1	1	1
sunagawa2015	ERR599159_bin.45.p	1	1	1	1	1
sunagawa2015	ERR599159_bin.46.s	1	1	1	1	1
sunagawa2015	ERR599159_bin.47.s	1	1	1	1	1
sunagawa2015	ERR599159_bin.48.s	1	1	1	1	1
sunagawa2015	ERR599159_bin.49.s	1	1	1	1	1
sunagawa2015	ERR599159_bin.5.s	1	1	1	1	1
sunagawa2015	ERR599159_bin.50.p	1	1	1	1	1
sunagawa2015	ERR599159_bin.51.o	1	1	1	1	1
sunagawa2015	ERR599159_bin.53.o	1	1	1	1	1
sunagawa2015	ERR599159_bin.55.p	1	1	1	1	1
sunagawa2015	ERR599159_bin.6.s	1	1	1	1	1
sunagawa2015	ERR599159_bin.7.p	1	1	1	1	1
sunagawa2015	ERR599159_bin.8.p	1	1	1	1	1
sunagawa2015	ERR599159_bin.9.p	1	1	1	1	1
sunagawa2015	ERR599160_bin.1.s	1	1	1	1	1
sunagawa2015	ERR599160_bin.10.s	1	1	1	1	1
sunagawa2015	ERR599160_bin.11.p	1	1	1	1	1
sunagawa2015	ERR599160_bin.12.s	1	1	1	1	1
sunagawa2015	ERR599160_bin.13.s	1	1	1	1	1
sunagawa2015	ERR599160_bin.14.p	1	1	1	1	1
sunagawa2015	ERR599160_bin.15.p	1	1	1	1	1
sunagawa2015	ERR599160_bin.16.p	1	1	1	1	1
sunagawa2015	ERR599160_bin.17.p	1	1	1	1	1
sunagawa2015	ERR599160_bin.18.s	1	1	1	1	1
sunagawa2015	ERR599160_bin.19.s	1	1	1	1	1
sunagawa2015	ERR599160_bin.2.s	1	1	1	1	1
sunagawa2015	ERR599160_bin.20.p	1	1	1	1	1
sunagawa2015	ERR599160_bin.21.p	1	1	1	1	1
sunagawa2015	ERR599160_bin.22.s	1	1	1	1	1
sunagawa2015	ERR599160_bin.23.o	1	1	1	1	1
sunagawa2015	ERR599160_bin.24.p	1	1	1	1	1
sunagawa2015	ERR599160_bin.25.o	1	1	1	1	1
sunagawa2015	ERR599160_bin.26.p	1	1	1	1	1
sunagawa2015	ERR599160_bin.27.s	1	1	1	1	1
sunagawa2015	ERR599160_bin.28.s	1	1	1	1	1
sunagawa2015	ERR599160_bin.29.s	1	1	1	1	1
sunagawa2015	ERR599160_bin.3.p	1	1	1	1	1
sunagawa2015	ERR599160_bin.30.s	1	1	1	1	1
sunagawa2015	ERR599160_bin.31.p	1	1	1	1	1
sunagawa2015	ERR599160_bin.32.o	1	1	1	1	1
sunagawa2015	ERR599160_bin.33.s	1	1	1	1	1
sunagawa2015	ERR599160_bin.34.p	1	1	1	1	1
sunagawa2015	ERR599160_bin.35.p	1	1	1	1	1
sunagawa2015	ERR599160_bin.36.s	1	1	1	1	1
sunagawa2015	ERR599160_bin.37.s	1	1	1	1	1
sunagawa2015	ERR599160_bin.38.s	1	1	1	1	1
sunagawa2015	ERR599160_bin.39.s	1	1	1	1	1
sunagawa2015	ERR599160_bin.4.p	1	1	1	1	1
sunagawa2015	ERR599160_bin.40.s	1	1	1	1	1
sunagawa2015	ERR599160_bin.41.s	1	1	1	1	1
sunagawa2015	ERR599160_bin.42.s	1	1	1	1	1
sunagawa2015	ERR599160_bin.43.s	1	1	1	1	1
sunagawa2015	ERR599160_bin.44.o	1	1	1	1	1
sunagawa2015	ERR599160_bin.45.o	1	1	1	1	1
sunagawa2015	ERR599160_bin.46.s	1	1	1	1	1
sunagawa2015	ERR599160_bin.47.p	1	1	1	1	1
sunagawa2015	ERR599160_bin.48.s	1	1	1	1	1
sunagawa2015	ERR599160_bin.49.p	1	1	1	1	1
sunagawa2015	ERR599160_bin.5.s	1	1	1	1	1
sunagawa2015	ERR599160_bin.50.s	1	1	1	1	1
sunagawa2015	ERR599160_bin.51.o	1	1	1	1	1
sunagawa2015	ERR599160_bin.52.p	1	1	1	1	1
sunagawa2015	ERR599160_bin.53.s	1	1	1	1	1
sunagawa2015	ERR599160_bin.54.s	1	1	1	1	1
sunagawa2015	ERR599160_bin.56.s	1	1	1	1	1
sunagawa2015	ERR599160_bin.57.p	1	1	1	1	1
sunagawa2015	ERR599160_bin.58.p	1	1	1	1	1
sunagawa2015	ERR599160_bin.59.p	1	1	1	1	1
sunagawa2015	ERR599160_bin.6.o	1	1	1	1	1
sunagawa2015	ERR599160_bin.60.p	1	1	1	1	1
sunagawa2015	ERR599160_bin.61.p	1	1	1	1	1
sunagawa2015	ERR599160_bin.62.o	1	1	1	1	1
sunagawa2015	ERR599160_bin.63.s	1	1	1	1	1
sunagawa2015	ERR599160_bin.65.s	1	1	1	1	1
sunagawa2015	ERR599160_bin.66.s	1	1	1	1	1
sunagawa2015	ERR599160_bin.67.p	1	1	1	1	1
sunagawa2015	ERR599160_bin.68.p	1	1	1	1	1
sunagawa2015	ERR599160_bin.69.p	1	1	1	1	1
sunagawa2015	ERR599160_bin.7.s	1	1	1	1	1
sunagawa2015	ERR599160_bin.70.s	1	1	1	1	1
sunagawa2015	ERR599160_bin.72.p	1	1	1	1	1
sunagawa2015	ERR599160_bin.73.s	1	1	1	1	1
sunagawa2015	ERR599160_bin.74.p	1	1	1	1	1
sunagawa2015	ERR599160_bin.75.s	1	1	1	1	1
sunagawa2015	ERR599160_bin.76.s	1	1	1	1	1
sunagawa2015	ERR599160_bin.77.s	1	1	1	1	1
sunagawa2015	ERR599160_bin.78.p	1	1	1	1	1
sunagawa2015	ERR599160_bin.79.s	1	1	1	1	1
sunagawa2015	ERR599160_bin.8.p	1	1	1	1	1
sunagawa2015	ERR599160_bin.80.s	1	1	1	1	1
sunagawa2015	ERR599160_bin.81.s	1	1	1	1	1
sunagawa2015	ERR599160_bin.82.s	1	1	1	1	1
sunagawa2015	ERR599160_bin.83.s	1	1	1	1	1
sunagawa2015	ERR599160_bin.84.s	1	1	1	1	1
sunagawa2015	ERR599160_bin.85.s	1	1	1	1	1
sunagawa2015	ERR599160_bin.86.s	1	1	1	1	1
sunagawa2015	ERR599160_bin.87.s	1	1	1	1	1
sunagawa2015	ERR599160_bin.88.o	1	1	1	1	1
sunagawa2015	ERR599160_bin.89.o	1	1	1	1	1
sunagawa2015	ERR599160_bin.9.s	1	1	1	1	1
sunagawa2015	ERR599161_bin.1.o	1	1	1	1	1
sunagawa2015	ERR599161_bin.10.s	1	1	1	1	1
sunagawa2015	ERR599161_bin.12.s	1	1	1	1	1
sunagawa2015	ERR599161_bin.13.s	1	1	1	1	1
sunagawa2015	ERR599161_bin.14.s	1	1	1	1	1
sunagawa2015	ERR599161_bin.15.p	1	1	1	1	1
sunagawa2015	ERR599161_bin.16.s	1	1	1	1	1
sunagawa2015	ERR599161_bin.17.o	1	1	1	1	1
sunagawa2015	ERR599161_bin.18.o	1	1	1	1	1
sunagawa2015	ERR599161_bin.19.p	1	1	1	1	1
sunagawa2015	ERR599161_bin.2.s	1	1	1	1	1
sunagawa2015	ERR599161_bin.20.s	1	1	1	1	1
sunagawa2015	ERR599161_bin.21.p	1	1	1	1	1
sunagawa2015	ERR599161_bin.22.p	1	1	1	1	1
sunagawa2015	ERR599161_bin.23.p	1	1	1	1	1
sunagawa2015	ERR599161_bin.24.p	1	1	1	1	1
sunagawa2015	ERR599161_bin.25.p	1	1	1	1	1
sunagawa2015	ERR599161_bin.26.s	1	1	1	1	1
sunagawa2015	ERR599161_bin.27.s	1	1	1	1	1
sunagawa2015	ERR599161_bin.28.p	1	1	1	1	1
sunagawa2015	ERR599161_bin.29.s	1	1	1	1	1
sunagawa2015	ERR599161_bin.3.s	1	1	1	1	1
sunagawa2015	ERR599161_bin.30.p	1	1	1	1	1
sunagawa2015	ERR599161_bin.31.p	1	1	1	1	1
sunagawa2015	ERR599161_bin.32.s	1	1	1	1	1
sunagawa2015	ERR599161_bin.33.s	1	1	1	1	1
sunagawa2015	ERR599161_bin.34.p	1	1	1	1	1
sunagawa2015	ERR599161_bin.35.s	1	1	1	1	1
sunagawa2015	ERR599161_bin.36.p	1	1	1	1	1
sunagawa2015	ERR599161_bin.37.o	1	1	1	1	1
sunagawa2015	ERR599161_bin.38.p	1	1	1	1	1
sunagawa2015	ERR599161_bin.39.s	1	1	1	1	1
sunagawa2015	ERR599161_bin.4.p	1	1	1	1	1
sunagawa2015	ERR599161_bin.40.s	1	1	1	1	1
sunagawa2015	ERR599161_bin.41.s	1	1	1	1	1
sunagawa2015	ERR599161_bin.42.p	1	1	1	1	1
sunagawa2015	ERR599161_bin.43.o	1	1	1	1	1
sunagawa2015	ERR599161_bin.44.s	1	1	1	1	1
sunagawa2015	ERR599161_bin.47.s	1	1	1	1	1
sunagawa2015	ERR599161_bin.48.s	1	1	1	1	1
sunagawa2015	ERR599161_bin.5.p	1	1	1	1	1
sunagawa2015	ERR599161_bin.6.s	1	1	1	1	1
sunagawa2015	ERR599161_bin.7.s	1	1	1	1	1
sunagawa2015	ERR599161_bin.8.s	1	1	1	1	1
sunagawa2015	ERR599161_bin.9.p	1	1	1	1	1
sunagawa2015	ERR599162_bin.1.o	1	1	1	1	1
sunagawa2015	ERR599162_bin.10.s	1	1	1	1	1
sunagawa2015	ERR599162_bin.11.p	1	1	1	1	1
sunagawa2015	ERR599162_bin.12.s	1	1	1	1	1
sunagawa2015	ERR599162_bin.13.p	1	1	1	1	1
sunagawa2015	ERR599162_bin.14.p	1	1	1	1	1
sunagawa2015	ERR599162_bin.15.s	1	1	1	1	1
sunagawa2015	ERR599162_bin.16.o	1	1	1	1	1
sunagawa2015	ERR599162_bin.17.s	1	1	1	1	1
sunagawa2015	ERR599162_bin.18.p	1	1	1	1	1
sunagawa2015	ERR599162_bin.19.p	1	1	1	1	1
sunagawa2015	ERR599162_bin.2.o	1	1	1	1	1
sunagawa2015	ERR599162_bin.20.s	1	1	1	1	1
sunagawa2015	ERR599162_bin.21.p	1	1	1	1	1
sunagawa2015	ERR599162_bin.22.s	1	1	1	1	1
sunagawa2015	ERR599162_bin.23.s	1	1	1	1	1
sunagawa2015	ERR599162_bin.24.s	1	1	1	1	1
sunagawa2015	ERR599162_bin.25.s	1	1	1	1	1
sunagawa2015	ERR599162_bin.26.p	1	1	1	1	1
sunagawa2015	ERR599162_bin.27.p	1	1	1	1	1
sunagawa2015	ERR599162_bin.28.p	1	1	1	1	1
sunagawa2015	ERR599162_bin.29.s	1	1	1	1	1
sunagawa2015	ERR599162_bin.3.o	1	1	1	1	1
sunagawa2015	ERR599162_bin.30.s	1	1	1	1	1
sunagawa2015	ERR599162_bin.31.s	1	1	1	1	1
sunagawa2015	ERR599162_bin.32.s	1	1	1	1	1
sunagawa2015	ERR599162_bin.33.s	1	0	0	1	1
sunagawa2015	ERR599162_bin.34.p	1	1	1	1	1
sunagawa2015	ERR599162_bin.35.s	1	1	1	1	1
sunagawa2015	ERR599162_bin.37.p	1	1	1	1	1
sunagawa2015	ERR599162_bin.38.p	1	1	1	1	1
sunagawa2015	ERR599162_bin.39.p	1	1	1	1	1
sunagawa2015	ERR599162_bin.4.s	1	1	1	1	1
sunagawa2015	ERR599162_bin.40.p	1	1	1	1	1
sunagawa2015	ERR599162_bin.41.p	1	1	1	1	1
sunagawa2015	ERR599162_bin.42.s	1	1	1	1	1
sunagawa2015	ERR599162_bin.43.s	1	1	1	1	1
sunagawa2015	ERR599162_bin.44.p	1	1	1	1	1
sunagawa2015	ERR599162_bin.45.s	1	1	1	1	1
sunagawa2015	ERR599162_bin.46.s	1	1	1	1	1
sunagawa2015	ERR599162_bin.47.s	1	1	1	1	1
sunagawa2015	ERR599162_bin.48.o	1	1	1	1	1
sunagawa2015	ERR599162_bin.49.s	1	1	1	1	1
sunagawa2015	ERR599162_bin.5.p	1	1	1	1	1
sunagawa2015	ERR599162_bin.50.s	1	1	1	1	1
sunagawa2015	ERR599162_bin.51.s	1	1	1	1	1
sunagawa2015	ERR599162_bin.52.p	1	1	1	1	1
sunagawa2015	ERR599162_bin.53.p	1	1	1	1	1
sunagawa2015	ERR599162_bin.54.p	1	1	1	1	1
sunagawa2015	ERR599162_bin.55.p	1	1	1	1	1
sunagawa2015	ERR599162_bin.56.s	1	1	1	1	1
sunagawa2015	ERR599162_bin.57.s	1	1	1	1	1
sunagawa2015	ERR599162_bin.58.p	1	1	1	1	1
sunagawa2015	ERR599162_bin.59.s	1	1	1	1	1
sunagawa2015	ERR599162_bin.6.p	1	1	1	1	1
sunagawa2015	ERR599162_bin.60.s	1	1	1	1	1
sunagawa2015	ERR599162_bin.61.s	1	1	1	1	1
sunagawa2015	ERR599162_bin.62.o	1	1	1	1	1
sunagawa2015	ERR599162_bin.63.s	1	1	1	1	1
sunagawa2015	ERR599162_bin.64.s	1	1	1	1	1
sunagawa2015	ERR599162_bin.65.s	1	1	1	1	1
sunagawa2015	ERR599162_bin.66.o	1	1	1	1	1
sunagawa2015	ERR599162_bin.67.p	1	1	1	1	1
sunagawa2015	ERR599162_bin.68.p	1	1	1	1	1
sunagawa2015	ERR599162_bin.69.p	1	1	1	1	1
sunagawa2015	ERR599162_bin.7.s	1	1	1	1	1
sunagawa2015	ERR599162_bin.70.p	1	1	1	1	1
sunagawa2015	ERR599162_bin.71.s	1	1	1	1	1
sunagawa2015	ERR599162_bin.72.s	1	1	1	1	1
sunagawa2015	ERR599162_bin.73.s	1	1	1	1	1
sunagawa2015	ERR599162_bin.74.p	1	1	1	1	1
sunagawa2015	ERR599162_bin.75.p	1	1	1	1	1
sunagawa2015	ERR599162_bin.76.o	1	1	1	1	1
sunagawa2015	ERR599162_bin.8.s	1	1	1	1	1
sunagawa2015	ERR599162_bin.9.p	1	1	1	1	1
sunagawa2015	ERR599163_bin.1.p	1	1	1	1	1
sunagawa2015	ERR599163_bin.10.s	1	1	1	1	1
sunagawa2015	ERR599163_bin.11.p	1	1	1	1	1
sunagawa2015	ERR599163_bin.12.p	1	1	1	1	1
sunagawa2015	ERR599163_bin.13.p	1	1	1	1	1
sunagawa2015	ERR599163_bin.14.p	1	1	1	1	1
sunagawa2015	ERR599163_bin.15.p	1	1	1	1	1
sunagawa2015	ERR599163_bin.16.s	1	1	1	1	1
sunagawa2015	ERR599163_bin.17.o	1	1	1	1	1
sunagawa2015	ERR599163_bin.19.s	1	1	1	1	1
sunagawa2015	ERR599163_bin.2.p	1	1	1	1	1
sunagawa2015	ERR599163_bin.20.p	1	1	1	1	1
sunagawa2015	ERR599163_bin.21.s	1	1	1	1	1
sunagawa2015	ERR599163_bin.22.s	1	1	1	1	1
sunagawa2015	ERR599163_bin.24.s	1	1	1	1	1
sunagawa2015	ERR599163_bin.25.s	1	1	1	1	1
sunagawa2015	ERR599163_bin.26.s	1	1	1	1	1
sunagawa2015	ERR599163_bin.27.s	1	1	1	1	1
sunagawa2015	ERR599163_bin.28.s	1	1	1	1	1
sunagawa2015	ERR599163_bin.29.s	1	1	1	1	1
sunagawa2015	ERR599163_bin.3.s	1	1	1	1	1
sunagawa2015	ERR599163_bin.30.o	1	1	1	1	1
sunagawa2015	ERR599163_bin.31.s	1	1	1	1	1
sunagawa2015	ERR599163_bin.32.p	1	1	1	1	1
sunagawa2015	ERR599163_bin.33.s	1	1	1	1	1
sunagawa2015	ERR599163_bin.34.p	1	1	1	1	1
sunagawa2015	ERR599163_bin.35.p	1	1	1	1	1
sunagawa2015	ERR599163_bin.36.o	1	1	1	1	1
sunagawa2015	ERR599163_bin.37.s	1	1	1	1	1
sunagawa2015	ERR599163_bin.38.s	1	1	1	1	1
sunagawa2015	ERR599163_bin.39.p	1	1	1	1	1
sunagawa2015	ERR599163_bin.4.p	1	1	1	1	1
sunagawa2015	ERR599163_bin.40.s	1	1	1	1	1
sunagawa2015	ERR599163_bin.41.s	1	1	1	1	1
sunagawa2015	ERR599163_bin.42.s	1	1	1	1	1
sunagawa2015	ERR599163_bin.43.s	1	1	1	1	1
sunagawa2015	ERR599163_bin.44.p	1	1	1	1	1
sunagawa2015	ERR599163_bin.45.s	1	1	1	1	1
sunagawa2015	ERR599163_bin.46.s	1	1	1	1	1
sunagawa2015	ERR599163_bin.47.s	1	1	1	1	1
sunagawa2015	ERR599163_bin.48.p	1	1	1	1	1
sunagawa2015	ERR599163_bin.5.p	1	1	1	1	1
sunagawa2015	ERR599163_bin.6.s	1	1	1	1	1
sunagawa2015	ERR599163_bin.7.p	1	1	1	1	1
sunagawa2015	ERR599163_bin.8.p	1	1	1	1	1
sunagawa2015	ERR599163_bin.9.p	1	1	1	1	1
sunagawa2015	ERR599164_bin.1.p	1	1	1	1	1
sunagawa2015	ERR599164_bin.10.s	1	1	1	1	1
sunagawa2015	ERR599164_bin.11.p	1	1	1	1	1
sunagawa2015	ERR599164_bin.12.p	1	1	1	1	1
sunagawa2015	ERR599164_bin.13.s	1	1	1	1	1
sunagawa2015	ERR599164_bin.14.s	1	1	1	1	1
sunagawa2015	ERR599164_bin.15.p	1	1	1	1	1
sunagawa2015	ERR599164_bin.16.p	1	1	1	1	1
sunagawa2015	ERR599164_bin.17.s	1	1	1	1	1
sunagawa2015	ERR599164_bin.2.p	1	1	1	1	1
sunagawa2015	ERR599164_bin.20.p	1	1	1	1	1
sunagawa2015	ERR599164_bin.21.o	1	1	1	1	1
sunagawa2015	ERR599164_bin.3.p	1	1	1	1	1
sunagawa2015	ERR599164_bin.4.s	1	1	1	1	1
sunagawa2015	ERR599164_bin.5.s	1	1	1	1	1
sunagawa2015	ERR599164_bin.6.s	1	1	1	1	1
sunagawa2015	ERR599164_bin.7.s	1	1	1	1	1
sunagawa2015	ERR599164_bin.8.o	1	1	1	1	1
sunagawa2015	ERR599164_bin.9.s	1	1	1	1	1
sunagawa2015	ERR599165_bin.1.p	1	1	1	1	1
sunagawa2015	ERR599165_bin.10.s	1	1	1	1	1
sunagawa2015	ERR599165_bin.12.p	1	1	1	1	1
sunagawa2015	ERR599165_bin.13.p	1	1	1	1	1
sunagawa2015	ERR599165_bin.14.o	1	1	1	1	1
sunagawa2015	ERR599165_bin.15.p	1	1	1	1	1
sunagawa2015	ERR599165_bin.16.p	1	1	1	1	1
sunagawa2015	ERR599165_bin.17.s	1	1	1	1	1
sunagawa2015	ERR599165_bin.18.p	1	1	1	1	1
sunagawa2015	ERR599165_bin.19.s	1	1	1	1	1
sunagawa2015	ERR599165_bin.2.s	1	1	1	1	1
sunagawa2015	ERR599165_bin.20.p	1	1	1	1	1
sunagawa2015	ERR599165_bin.21.s	1	1	1	1	1
sunagawa2015	ERR599165_bin.22.p	1	1	1	1	1
sunagawa2015	ERR599165_bin.23.s	1	1	1	1	1
sunagawa2015	ERR599165_bin.24.p	1	1	1	1	1
sunagawa2015	ERR599165_bin.25.s	1	1	1	1	1
sunagawa2015	ERR599165_bin.26.s	1	1	1	1	1
sunagawa2015	ERR599165_bin.27.p	1	1	1	1	1
sunagawa2015	ERR599165_bin.28.s	1	1	1	1	1
sunagawa2015	ERR599165_bin.29.p	1	1	1	1	1
sunagawa2015	ERR599165_bin.3.p	1	1	1	1	1
sunagawa2015	ERR599165_bin.30.s	1	1	1	1	1
sunagawa2015	ERR599165_bin.31.s	1	1	1	1	1
sunagawa2015	ERR599165_bin.32.s	1	1	1	1	1
sunagawa2015	ERR599165_bin.33.s	1	1	1	1	1
sunagawa2015	ERR599165_bin.34.p	1	1	1	1	1
sunagawa2015	ERR599165_bin.35.o	1	1	1	1	1
sunagawa2015	ERR599165_bin.36.s	1	1	1	1	1
sunagawa2015	ERR599165_bin.4.p	1	1	1	1	1
sunagawa2015	ERR599165_bin.5.o	1	1	1	1	1
sunagawa2015	ERR599165_bin.6.p	1	1	1	1	1
sunagawa2015	ERR599165_bin.7.p	1	1	1	1	1
sunagawa2015	ERR599165_bin.8.s	1	1	1	1	1
sunagawa2015	ERR599165_bin.9.p	1	1	1	1	1
sunagawa2015	ERR599166_bin.1.p	1	1	1	1	1
sunagawa2015	ERR599166_bin.10.o	1	1	1	1	1
sunagawa2015	ERR599166_bin.11.p	1	1	1	1	1
sunagawa2015	ERR599166_bin.12.s	1	1	1	1	1
sunagawa2015	ERR599166_bin.13.p	1	1	1	1	1
sunagawa2015	ERR599166_bin.14.s	1	1	1	1	1
sunagawa2015	ERR599166_bin.15.p	1	1	1	1	1
sunagawa2015	ERR599166_bin.16.s	1	1	1	1	1
sunagawa2015	ERR599166_bin.17.s	1	1	1	1	1
sunagawa2015	ERR599166_bin.18.s	1	1	1	1	1
sunagawa2015	ERR599166_bin.19.s	1	1	1	1	1
sunagawa2015	ERR599166_bin.2.s	1	1	1	1	1
sunagawa2015	ERR599166_bin.20.s	1	1	1	1	1
sunagawa2015	ERR599166_bin.21.s	1	1	1	1	1
sunagawa2015	ERR599166_bin.22.p	1	1	1	1	1
sunagawa2015	ERR599166_bin.23.s	1	1	1	1	1
sunagawa2015	ERR599166_bin.24.o	1	1	1	1	1
sunagawa2015	ERR599166_bin.25.p	1	1	1	1	1
sunagawa2015	ERR599166_bin.26.s	1	1	1	1	1
sunagawa2015	ERR599166_bin.28.o	1	1	1	1	1
sunagawa2015	ERR599166_bin.29.s	1	1	1	1	1
sunagawa2015	ERR599166_bin.3.s	1	1	1	1	1
sunagawa2015	ERR599166_bin.30.s	1	1	1	1	1
sunagawa2015	ERR599166_bin.31.s	1	1	1	1	1
sunagawa2015	ERR599166_bin.32.s	1	1	1	1	1
sunagawa2015	ERR599166_bin.33.s	1	1	1	1	1
sunagawa2015	ERR599166_bin.34.s	1	1	1	1	1
sunagawa2015	ERR599166_bin.35.s	1	1	1	1	1
sunagawa2015	ERR599166_bin.36.s	1	1	1	1	1
sunagawa2015	ERR599166_bin.37.s	1	1	1	1	1
sunagawa2015	ERR599166_bin.38.s	1	1	1	1	1
sunagawa2015	ERR599166_bin.39.s	1	1	1	1	1
sunagawa2015	ERR599166_bin.4.s	1	1	1	1	1
sunagawa2015	ERR599166_bin.40.p	1	1	1	1	1
sunagawa2015	ERR599166_bin.41.s	1	1	1	1	1
sunagawa2015	ERR599166_bin.42.s	1	1	1	1	1
sunagawa2015	ERR599166_bin.43.o	1	1	1	1	1
sunagawa2015	ERR599166_bin.44.p	1	1	1	1	1
sunagawa2015	ERR599166_bin.45.s	1	1	1	1	1
sunagawa2015	ERR599166_bin.46.s	1	1	1	1	1
sunagawa2015	ERR599166_bin.47.p	1	1	1	1	1
sunagawa2015	ERR599166_bin.48.s	1	1	1	1	1
sunagawa2015	ERR599166_bin.49.p	1	1	1	1	1
sunagawa2015	ERR599166_bin.5.p	1	1	1	1	1
sunagawa2015	ERR599166_bin.50.o	1	1	1	1	1
sunagawa2015	ERR599166_bin.52.o	1	1	1	1	1
sunagawa2015	ERR599166_bin.54.o	1	1	1	1	1
sunagawa2015	ERR599166_bin.55.p	1	1	1	1	1
sunagawa2015	ERR599166_bin.56.p	1	1	1	1	1
sunagawa2015	ERR599166_bin.57.s	1	1	1	1	1
sunagawa2015	ERR599166_bin.58.s	1	1	1	1	1
sunagawa2015	ERR599166_bin.59.p	1	1	1	1	1
sunagawa2015	ERR599166_bin.6.p	1	1	1	1	1
sunagawa2015	ERR599166_bin.60.o	1	1	1	1	1
sunagawa2015	ERR599166_bin.61.s	1	1	1	1	1
sunagawa2015	ERR599166_bin.62.s	1	1	1	1	1
sunagawa2015	ERR599166_bin.63.p	1	1	1	1	1
sunagawa2015	ERR599166_bin.64.o	1	1	1	1	1
sunagawa2015	ERR599166_bin.65.s	1	1	1	1	1
sunagawa2015	ERR599166_bin.66.s	1	1	1	1	1
sunagawa2015	ERR599166_bin.67.s	1	1	1	1	1
sunagawa2015	ERR599166_bin.7.p	1	1	1	1	1
sunagawa2015	ERR599166_bin.8.p	1	1	1	1	1
sunagawa2015	ERR599166_bin.9.p	1	1	1	1	1
sunagawa2015	ERR599167_bin.1.o	1	1	1	1	1
sunagawa2015	ERR599167_bin.10.p	1	1	1	1	1
sunagawa2015	ERR599167_bin.11.p	1	1	1	1	1
sunagawa2015	ERR599167_bin.12.p	1	1	1	1	1
sunagawa2015	ERR599167_bin.13.p	1	1	1	1	1
sunagawa2015	ERR599167_bin.14.o	1	1	1	1	1
sunagawa2015	ERR599167_bin.16.o	1	1	1	1	1
sunagawa2015	ERR599167_bin.17.s	1	1	1	1	1
sunagawa2015	ERR599167_bin.18.s	1	1	1	1	1
sunagawa2015	ERR599167_bin.19.p	1	1	1	1	1
sunagawa2015	ERR599167_bin.2.s	1	1	1	1	1
sunagawa2015	ERR599167_bin.20.s	1	1	1	1	1
sunagawa2015	ERR599167_bin.21.s	1	1	1	1	1
sunagawa2015	ERR599167_bin.22.s	1	1	1	1	1
sunagawa2015	ERR599167_bin.23.s	1	1	1	1	1
sunagawa2015	ERR599167_bin.24.s	1	1	1	1	1
sunagawa2015	ERR599167_bin.25.p	1	1	1	1	1
sunagawa2015	ERR599167_bin.26.s	1	1	1	1	1
sunagawa2015	ERR599167_bin.27.p	1	1	1	1	1
sunagawa2015	ERR599167_bin.28.p	1	1	1	1	1
sunagawa2015	ERR599167_bin.3.p	1	1	1	1	1
sunagawa2015	ERR599167_bin.30.s	1	1	1	1	1
sunagawa2015	ERR599167_bin.31.s	1	1	1	1	1
sunagawa2015	ERR599167_bin.32.o	1	1	1	1	1
sunagawa2015	ERR599167_bin.33.s	1	1	1	1	1
sunagawa2015	ERR599167_bin.34.s	1	1	1	1	1
sunagawa2015	ERR599167_bin.35.s	1	1	1	1	1
sunagawa2015	ERR599167_bin.36.s	1	1	1	1	1
sunagawa2015	ERR599167_bin.37.o	1	1	1	1	1
sunagawa2015	ERR599167_bin.38.s	1	1	1	1	1
sunagawa2015	ERR599167_bin.39.s	1	1	1	1	1
sunagawa2015	ERR599167_bin.4.s	1	1	1	1	1
sunagawa2015	ERR599167_bin.40.p	1	1	1	1	1
sunagawa2015	ERR599167_bin.41.s	1	1	1	1	1
sunagawa2015	ERR599167_bin.5.s	1	1	1	1	1
sunagawa2015	ERR599167_bin.6.o	1	1	1	1	1
sunagawa2015	ERR599167_bin.7.s	1	1	1	1	1
sunagawa2015	ERR599167_bin.8.p	1	1	1	1	1
sunagawa2015	ERR599167_bin.9.o	1	1	1	1	1
sunagawa2015	ERR599168_bin.1.p	1	1	1	1	1
sunagawa2015	ERR599168_bin.10.p	1	1	1	1	1
sunagawa2015	ERR599168_bin.11.p	1	1	1	1	1
sunagawa2015	ERR599168_bin.12.s	1	1	1	1	1
sunagawa2015	ERR599168_bin.13.p	1	1	1	1	1
sunagawa2015	ERR599168_bin.14.s	1	1	1	1	1
sunagawa2015	ERR599168_bin.15.p	1	1	1	1	1
sunagawa2015	ERR599168_bin.16.p	1	1	1	1	1
sunagawa2015	ERR599168_bin.17.p	1	1	1	1	1
sunagawa2015	ERR599168_bin.18.p	1	1	1	1	1
sunagawa2015	ERR599168_bin.19.p	1	1	1	1	1
sunagawa2015	ERR599168_bin.2.p	1	1	1	1	1
sunagawa2015	ERR599168_bin.20.p	1	1	1	1	1
sunagawa2015	ERR599168_bin.21.p	1	1	1	1	1
sunagawa2015	ERR599168_bin.22.p	1	1	1	1	1
sunagawa2015	ERR599168_bin.23.s	1	1	1	1	1
sunagawa2015	ERR599168_bin.24.p	1	1	1	1	1
sunagawa2015	ERR599168_bin.25.s	1	1	1	1	1
sunagawa2015	ERR599168_bin.26.s	1	1	1	1	1
sunagawa2015	ERR599168_bin.3.p	1	1	1	1	1
sunagawa2015	ERR599168_bin.5.s	1	1	1	1	1
sunagawa2015	ERR599168_bin.6.p	1	1	1	1	1
sunagawa2015	ERR599168_bin.7.p	1	1	1	1	1
sunagawa2015	ERR599168_bin.8.p	1	1	1	1	1
sunagawa2015	ERR599168_bin.9.p	1	1	1	1	1
sunagawa2015	ERR599169_bin.1.s	1	1	1	1	1
sunagawa2015	ERR599169_bin.10.s	1	1	1	1	1
sunagawa2015	ERR599169_bin.11.s	1	1	1	1	1
sunagawa2015	ERR599169_bin.12.p	1	1	1	1	1
sunagawa2015	ERR599169_bin.13.p	1	1	1	1	1
sunagawa2015	ERR599169_bin.14.p	1	1	1	1	1
sunagawa2015	ERR599169_bin.15.p	1	1	1	1	1
sunagawa2015	ERR599169_bin.16.p	1	1	1	1	1
sunagawa2015	ERR599169_bin.17.p	1	1	1	1	1
sunagawa2015	ERR599169_bin.18.p	1	1	1	1	1
sunagawa2015	ERR599169_bin.19.s	1	1	1	1	1
sunagawa2015	ERR599169_bin.20.s	1	1	1	1	1
sunagawa2015	ERR599169_bin.21.p	1	1	1	1	1
sunagawa2015	ERR599169_bin.22.s	1	1	1	1	1
sunagawa2015	ERR599169_bin.23.p	1	1	1	1	1
sunagawa2015	ERR599169_bin.24.s	1	1	1	1	1
sunagawa2015	ERR599169_bin.25.p	1	1	1	1	1
sunagawa2015	ERR599169_bin.26.p	1	1	1	1	1
sunagawa2015	ERR599169_bin.27.o	1	1	1	1	1
sunagawa2015	ERR599169_bin.28.s	1	1	1	1	1
sunagawa2015	ERR599169_bin.29.s	1	1	1	1	1
sunagawa2015	ERR599169_bin.3.p	1	1	1	1	1
sunagawa2015	ERR599169_bin.30.p	1	1	1	1	1
sunagawa2015	ERR599169_bin.32.s	1	1	1	1	1
sunagawa2015	ERR599169_bin.4.p	1	1	1	1	1
sunagawa2015	ERR599169_bin.5.o	1	1	1	1	1
sunagawa2015	ERR599169_bin.6.p	1	1	1	1	1
sunagawa2015	ERR599169_bin.8.p	1	1	1	1	1
sunagawa2015	ERR599169_bin.9.p	1	1	1	1	1
sunagawa2015	ERR599170_bin.1.p	1	1	1	1	1
sunagawa2015	ERR599170_bin.10.s	1	1	1	1	1
sunagawa2015	ERR599170_bin.11.s	1	1	1	1	1
sunagawa2015	ERR599170_bin.12.p	1	1	1	1	1
sunagawa2015	ERR599170_bin.13.p	1	1	1	1	1
sunagawa2015	ERR599170_bin.14.s	1	1	1	1	1
sunagawa2015	ERR599170_bin.15.s	1	1	1	1	1
sunagawa2015	ERR599170_bin.16.o	1	1	1	1	1
sunagawa2015	ERR599170_bin.17.s	1	1	1	1	1
sunagawa2015	ERR599170_bin.18.p	1	1	1	1	1
sunagawa2015	ERR599170_bin.19.p	1	1	1	1	1
sunagawa2015	ERR599170_bin.2.s	1	1	1	1	1
sunagawa2015	ERR599170_bin.20.s	1	1	1	1	1
sunagawa2015	ERR599170_bin.21.p	1	1	1	1	1
sunagawa2015	ERR599170_bin.22.p	1	1	1	1	1
sunagawa2015	ERR599170_bin.23.p	1	1	1	1	1
sunagawa2015	ERR599170_bin.24.s	1	1	1	1	1
sunagawa2015	ERR599170_bin.25.p	1	1	1	1	1
sunagawa2015	ERR599170_bin.26.s	1	1	1	1	1
sunagawa2015	ERR599170_bin.27.p	1	1	1	1	1
sunagawa2015	ERR599170_bin.28.p	1	1	1	1	1
sunagawa2015	ERR599170_bin.29.s	1	1	1	1	1
sunagawa2015	ERR599170_bin.3.s	1	1	1	1	1
sunagawa2015	ERR599170_bin.30.s	1	1	1	1	1
sunagawa2015	ERR599170_bin.31.s	1	1	1	1	1
sunagawa2015	ERR599170_bin.32.s	1	1	1	1	1
sunagawa2015	ERR599170_bin.33.s	1	1	1	1	1
sunagawa2015	ERR599170_bin.34.p	1	1	1	1	1
sunagawa2015	ERR599170_bin.35.s	1	1	1	1	1
sunagawa2015	ERR599170_bin.36.s	1	1	1	1	1
sunagawa2015	ERR599170_bin.37.s	1	1	1	1	1
sunagawa2015	ERR599170_bin.38.p	1	1	1	1	1
sunagawa2015	ERR599170_bin.39.p	1	1	1	1	1
sunagawa2015	ERR599170_bin.4.s	1	1	1	1	1
sunagawa2015	ERR599170_bin.40.s	1	1	1	1	1
sunagawa2015	ERR599170_bin.41.p	1	1	1	1	1
sunagawa2015	ERR599170_bin.42.p	1	1	1	1	1
sunagawa2015	ERR599170_bin.43.s	1	1	1	1	1
sunagawa2015	ERR599170_bin.44.s	1	1	1	1	1
sunagawa2015	ERR599170_bin.45.p	1	1	1	1	1
sunagawa2015	ERR599170_bin.46.p	1	1	1	1	1
sunagawa2015	ERR599170_bin.48.o	1	1	1	1	1
sunagawa2015	ERR599170_bin.49.p	1	1	1	1	1
sunagawa2015	ERR599170_bin.5.s	1	1	1	1	1
sunagawa2015	ERR599170_bin.50.p	1	1	1	1	1
sunagawa2015	ERR599170_bin.51.s	1	1	1	1	1
sunagawa2015	ERR599170_bin.52.p	1	1	1	1	1
sunagawa2015	ERR599170_bin.53.s	1	1	1	1	1
sunagawa2015	ERR599170_bin.54.s	1	1	1	1	1
sunagawa2015	ERR599170_bin.55.s	1	1	1	1	1
sunagawa2015	ERR599170_bin.56.s	1	1	1	1	1
sunagawa2015	ERR599170_bin.57.p	1	1	1	1	1
sunagawa2015	ERR599170_bin.58.s	1	1	1	1	1
sunagawa2015	ERR599170_bin.59.p	1	1	1	1	1
sunagawa2015	ERR599170_bin.6.p	1	1	1	1	1
sunagawa2015	ERR599170_bin.7.p	1	1	1	1	1
sunagawa2015	ERR599170_bin.8.p	1	1	1	1	1
sunagawa2015	ERR599170_bin.9.s	1	1	1	1	1
sunagawa2015	ERR599171_bin.1.p	1	1	1	1	1
sunagawa2015	ERR599171_bin.10.p	1	1	1	1	1
sunagawa2015	ERR599171_bin.11.p	1	1	1	1	1
sunagawa2015	ERR599171_bin.13.p	1	1	1	1	1
sunagawa2015	ERR599171_bin.14.s	1	1	1	1	1
sunagawa2015	ERR599171_bin.15.s	1	1	1	1	1
sunagawa2015	ERR599171_bin.16.p	1	1	1	1	1
sunagawa2015	ERR599171_bin.17.p	1	1	1	1	1
sunagawa2015	ERR599171_bin.18.o	1	1	1	1	1
sunagawa2015	ERR599171_bin.2.p	1	1	1	1	1
sunagawa2015	ERR599171_bin.3.p	1	1	1	1	1
sunagawa2015	ERR599171_bin.4.s	1	1	1	1	1
sunagawa2015	ERR599171_bin.5.p	1	1	1	1	1
sunagawa2015	ERR599171_bin.6.s	1	1	1	1	1
sunagawa2015	ERR599171_bin.7.s	1	1	1	1	1
sunagawa2015	ERR599171_bin.8.o	1	1	1	1	1
sunagawa2015	ERR599171_bin.9.s	1	1	1	1	1
sunagawa2015	ERR599172_bin.1.p	1	1	1	1	1
sunagawa2015	ERR599172_bin.10.o	1	1	1	1	1
sunagawa2015	ERR599172_bin.11.p	1	1	1	1	1
sunagawa2015	ERR599172_bin.12.p	1	1	1	1	1
sunagawa2015	ERR599172_bin.13.s	1	1	1	1	1
sunagawa2015	ERR599172_bin.14.o	1	1	1	1	1
sunagawa2015	ERR599172_bin.15.p	1	1	1	1	1
sunagawa2015	ERR599172_bin.16.o	1	1	1	1	1
sunagawa2015	ERR599172_bin.17.s	1	1	1	1	1
sunagawa2015	ERR599172_bin.18.p	1	1	1	1	1
sunagawa2015	ERR599172_bin.2.s	1	1	1	1	1
sunagawa2015	ERR599172_bin.20.s	1	1	1	1	1
sunagawa2015	ERR599172_bin.21.o	1	1	1	1	1
sunagawa2015	ERR599172_bin.22.p	1	1	1	1	1
sunagawa2015	ERR599172_bin.23.p	1	1	1	1	1
sunagawa2015	ERR599172_bin.24.p	1	1	1	1	1
sunagawa2015	ERR599172_bin.25.p	1	1	1	1	1
sunagawa2015	ERR599172_bin.26.s	1	1	1	1	1
sunagawa2015	ERR599172_bin.27.p	1	1	1	1	1
sunagawa2015	ERR599172_bin.28.s	1	1	1	1	1
sunagawa2015	ERR599172_bin.29.s	1	1	1	1	1
sunagawa2015	ERR599172_bin.30.s	1	1	1	1	1
sunagawa2015	ERR599172_bin.4.p	1	1	1	1	1
sunagawa2015	ERR599172_bin.5.s	1	1	1	1	1
sunagawa2015	ERR599172_bin.6.p	1	1	1	1	1
sunagawa2015	ERR599172_bin.8.o	1	1	1	1	1
sunagawa2015	ERR599172_bin.9.s	1	1	1	1	1
sunagawa2015	ERR599173_bin.1.o	1	1	1	1	1
sunagawa2015	ERR599173_bin.10.p	1	1	1	1	1
sunagawa2015	ERR599173_bin.11.p	1	1	1	1	1
sunagawa2015	ERR599173_bin.12.s	1	1	1	1	1
sunagawa2015	ERR599173_bin.13.p	1	1	1	1	1
sunagawa2015	ERR599173_bin.14.p	1	1	1	1	1
sunagawa2015	ERR599173_bin.15.s	1	1	1	1	1
sunagawa2015	ERR599173_bin.16.s	1	1	1	1	1
sunagawa2015	ERR599173_bin.17.p	1	1	1	1	1
sunagawa2015	ERR599173_bin.18.p	1	1	1	1	1
sunagawa2015	ERR599173_bin.19.s	1	1	1	1	1
sunagawa2015	ERR599173_bin.2.p	1	1	1	1	1
sunagawa2015	ERR599173_bin.20.p	1	1	1	1	1
sunagawa2015	ERR599173_bin.21.p	1	1	1	1	1
sunagawa2015	ERR599173_bin.22.s	1	1	1	1	1
sunagawa2015	ERR599173_bin.23.p	1	1	1	1	1
sunagawa2015	ERR599173_bin.24.s	1	1	1	1	1
sunagawa2015	ERR599173_bin.25.s	1	1	1	1	1
sunagawa2015	ERR599173_bin.26.s	1	1	1	1	1
sunagawa2015	ERR599173_bin.27.p	1	1	1	1	1
sunagawa2015	ERR599173_bin.28.s	1	1	1	1	1
sunagawa2015	ERR599173_bin.29.p	1	1	1	1	1
sunagawa2015	ERR599173_bin.3.s	1	1	1	1	1
sunagawa2015	ERR599173_bin.30.s	1	1	1	1	1
sunagawa2015	ERR599173_bin.31.s	1	1	1	1	1
sunagawa2015	ERR599173_bin.32.s	1	1	1	1	1
sunagawa2015	ERR599173_bin.33.s	1	1	1	1	1
sunagawa2015	ERR599173_bin.34.p	1	1	1	1	1
sunagawa2015	ERR599173_bin.35.s	1	1	1	1	1
sunagawa2015	ERR599173_bin.36.p	1	1	1	1	1
sunagawa2015	ERR599173_bin.37.s	1	1	1	1	1
sunagawa2015	ERR599173_bin.38.p	1	1	1	1	1
sunagawa2015	ERR599173_bin.4.p	1	1	1	1	1
sunagawa2015	ERR599173_bin.5.p	1	1	1	1	1
sunagawa2015	ERR599173_bin.6.s	1	1	1	1	1
sunagawa2015	ERR599173_bin.7.p	1	1	1	1	1
sunagawa2015	ERR599173_bin.8.s	1	1	1	1	1
sunagawa2015	ERR599173_bin.9.s	1	1	1	1	1
sunagawa2015	ERR599174_bin.1.s	1	1	1	1	1
sunagawa2015	ERR599174_bin.10.s	1	1	1	1	1
sunagawa2015	ERR599174_bin.11.p	1	1	1	1	1
sunagawa2015	ERR599174_bin.12.s	1	1	1	1	1
sunagawa2015	ERR599174_bin.13.p	1	1	1	1	1
sunagawa2015	ERR599174_bin.14.p	1	1	1	1	1
sunagawa2015	ERR599174_bin.15.s	1	1	1	1	1
sunagawa2015	ERR599174_bin.16.p	1	1	1	1	1
sunagawa2015	ERR599174_bin.17.p	1	1	1	1	1
sunagawa2015	ERR599174_bin.18.p	1	1	1	1	1
sunagawa2015	ERR599174_bin.19.s	1	1	1	1	1
sunagawa2015	ERR599174_bin.2.o	1	1	1	1	1
sunagawa2015	ERR599174_bin.20.p	1	1	1	1	1
sunagawa2015	ERR599174_bin.21.p	1	1	1	1	1
sunagawa2015	ERR599174_bin.22.s	1	1	1	1	1
sunagawa2015	ERR599174_bin.23.p	1	1	1	1	1
sunagawa2015	ERR599174_bin.24.p	1	1	1	1	1
sunagawa2015	ERR599174_bin.3.p	1	1	1	1	1
sunagawa2015	ERR599174_bin.5.p	1	1	1	1	1
sunagawa2015	ERR599174_bin.6.s	1	1	1	1	1
sunagawa2015	ERR599174_bin.7.p	1	1	1	1	1
sunagawa2015	ERR599174_bin.8.s	1	1	1	1	1
sunagawa2015	ERR599174_bin.9.s	1	1	1	1	1
sunagawa2015	ERR599175_bin.1.p	1	1	1	1	1
sunagawa2015	ERR599175_bin.10.p	1	1	1	1	1
sunagawa2015	ERR599175_bin.11.s	1	1	1	1	1
sunagawa2015	ERR599175_bin.12.o	1	1	1	1	1
sunagawa2015	ERR599175_bin.13.p	1	1	1	1	1
sunagawa2015	ERR599175_bin.14.s	1	1	1	1	1
sunagawa2015	ERR599175_bin.16.o	1	1	1	1	1
sunagawa2015	ERR599175_bin.17.p	1	1	1	1	1
sunagawa2015	ERR599175_bin.18.o	1	1	1	1	1
sunagawa2015	ERR599175_bin.19.p	1	1	1	1	1
sunagawa2015	ERR599175_bin.2.s	1	1	1	1	1
sunagawa2015	ERR599175_bin.20.p	1	1	1	1	1
sunagawa2015	ERR599175_bin.22.s	1	1	1	1	1
sunagawa2015	ERR599175_bin.24.s	1	1	1	1	1
sunagawa2015	ERR599175_bin.25.s	1	1	1	1	1
sunagawa2015	ERR599175_bin.26.s	1	1	1	1	1
sunagawa2015	ERR599175_bin.27.s	1	1	1	1	1
sunagawa2015	ERR599175_bin.28.o	1	1	1	1	1
sunagawa2015	ERR599175_bin.29.p	1	1	1	1	1
sunagawa2015	ERR599175_bin.3.p	1	1	1	1	1
sunagawa2015	ERR599175_bin.30.p	1	1	1	1	1
sunagawa2015	ERR599175_bin.31.p	1	1	1	1	1
sunagawa2015	ERR599175_bin.32.o	1	1	1	1	1
sunagawa2015	ERR599175_bin.33.s	1	1	1	1	1
sunagawa2015	ERR599175_bin.5.o	1	1	1	1	1
sunagawa2015	ERR599175_bin.6.p	1	1	1	1	1
sunagawa2015	ERR599175_bin.7.s	1	1	1	1	1
sunagawa2015	ERR599175_bin.8.s	1	1	1	1	1
sunagawa2015	ERR599175_bin.9.s	1	1	1	1	1
sunagawa2015	ERR599176_bin.1.p	1	1	1	1	1
sunagawa2015	ERR599176_bin.10.s	1	1	1	1	1
sunagawa2015	ERR599176_bin.11.o	1	1	1	1	1
sunagawa2015	ERR599176_bin.2.o	1	1	1	1	1
sunagawa2015	ERR599176_bin.3.s	1	1	1	1	1
sunagawa2015	ERR599176_bin.4.p	1	1	1	1	1
sunagawa2015	ERR599176_bin.5.o	1	1	1	1	1
sunagawa2015	ERR599176_bin.6.o	1	1	1	1	1
sunagawa2015	ERR599176_bin.8.s	1	1	1	0	0
sunagawa2015	ERR599176_bin.9.s	1	1	1	1	1
bissett_base	ERR671910_bin.1.o	1	1	1	1	1
bissett_base	ERR671910_bin.10.o	1	1	1	1	1
bissett_base	ERR671910_bin.11.p	1	1	1	1	1
bissett_base	ERR671910_bin.12.s	1	1	1	1	1
bissett_base	ERR671910_bin.13.s	1	1	1	1	1
bissett_base	ERR671910_bin.14.p	1	1	1	1	1
bissett_base	ERR671910_bin.15.o	0	1	1	1	1
bissett_base	ERR671910_bin.2.o	1	1	1	1	1
bissett_base	ERR671910_bin.4.o	1	1	1	1	1
bissett_base	ERR671910_bin.5.s	1	1	1	1	1
bissett_base	ERR671910_bin.6.o	1	1	1	1	1
bissett_base	ERR671910_bin.7.o	1	1	1	1	1
bissett_base	ERR671910_bin.8.p	1	1	1	1	1
bissett_base	ERR671910_bin.9.p	1	1	1	1	1
bissett_base	ERR671911_bin.1.p	1	1	1	1	1
bissett_base	ERR671911_bin.10.s	1	1	1	1	1
bissett_base	ERR671911_bin.11.o	1	1	1	1	1
bissett_base	ERR671911_bin.12.o	1	1	1	1	1
bissett_base	ERR671911_bin.2.o	1	1	1	1	1
bissett_base	ERR671911_bin.3.o	1	1	1	1	1
bissett_base	ERR671911_bin.4.s	1	1	1	1	1
bissett_base	ERR671911_bin.5.p	1	1	1	1	1
bissett_base	ERR671911_bin.6.o	1	1	1	1	1
bissett_base	ERR671911_bin.7.o	1	1	1	1	1
bissett_base	ERR671911_bin.8.o	1	1	1	1	1
bissett_base	ERR671911_bin.9.p	1	1	1	1	1
bissett_base	ERR671912_bin.10.o	1	1	1	1	1
bissett_base	ERR671912_bin.11.o	1	1	1	1	1
bissett_base	ERR671912_bin.12.s	1	1	1	1	1
bissett_base	ERR671912_bin.2.p	1	1	1	1	1
bissett_base	ERR671912_bin.3.o	1	1	1	1	1
bissett_base	ERR671912_bin.5.s	1	1	1	1	1
bissett_base	ERR671912_bin.6.o	1	1	1	1	1
bissett_base	ERR671912_bin.7.o	1	1	1	1	1
bissett_base	ERR671912_bin.8.o	1	1	1	1	1
bissett_base	ERR671912_bin.9.o	1	1	1	1	1
bissett_base	ERR671913_bin.1.s	1	1	1	1	1
bissett_base	ERR671913_bin.2.o	1	1	1	1	1
bissett_base	ERR671913_bin.3.o	0	1	1	1	1
bissett_base	ERR671913_bin.4.o	1	1	1	1	1
bissett_base	ERR671913_bin.5.o	1	1	1	1	1
bissett_base	ERR671913_bin.6.s	1	1	1	1	1
bissett_base	ERR671913_bin.7.o	1	1	1	1	1
bissett_base	ERR671914_bin.10.o	1	1	1	1	1
bissett_base	ERR671914_bin.4.p	1	1	1	1	1
bissett_base	ERR671914_bin.5.p	1	1	1	1	1
bissett_base	ERR671914_bin.6.o	1	1	1	1	1
bissett_base	ERR671914_bin.7.o	1	1	1	1	1
bissett_base	ERR671914_bin.8.s	0	1	1	1	1
bissett_base	ERR671914_bin.9.o	1	1	1	1	1
bissett_base	ERR671915_bin.1.o	1	1	1	1	1
bissett_base	ERR671915_bin.2.o	1	1	1	1	1
bissett_base	ERR671915_bin.3.s	1	1	1	1	1
bissett_base	ERR671915_bin.4.p	1	1	1	1	1
bissett_base	ERR671915_bin.5.s	1	1	1	1	1
bissett_base	ERR671915_bin.6.p	1	1	1	1	1
bissett_base	ERR671916_bin.1.p	1	1	1	1	1
bissett_base	ERR671916_bin.2.o	1	1	1	1	1
bissett_base	ERR671916_bin.3.s	1	1	1	1	1
bissett_base	ERR671916_bin.4.p	1	1	1	1	1
bissett_base	ERR671916_bin.5.o	1	1	1	1	1
bissett_base	ERR671916_bin.6.s	1	1	1	1	1
bissett_base	ERR671917_bin.1.p	1	1	1	1	1
bissett_base	ERR671917_bin.2.o	1	1	1	1	1
bissett_base	ERR671917_bin.3.p	1	1	1	1	1
bissett_base	ERR671917_bin.4.o	1	1	1	1	1
bissett_base	ERR671917_bin.5.s	1	1	1	1	1
bissett_base	ERR671918_bin.1.s	1	1	1	1	1
bissett_base	ERR671918_bin.10.s	1	1	1	1	1
bissett_base	ERR671918_bin.11.o	1	1	1	1	1
bissett_base	ERR671918_bin.12.s	1	1	1	1	1
bissett_base	ERR671918_bin.13.s	1	1	1	1	1
bissett_base	ERR671918_bin.2.o	1	1	1	1	1
bissett_base	ERR671918_bin.3.o	1	1	1	1	1
bissett_base	ERR671918_bin.4.o	1	1	1	1	1
bissett_base	ERR671918_bin.5.s	1	1	1	1	1
bissett_base	ERR671918_bin.6.p	1	1	1	1	1
bissett_base	ERR671918_bin.7.p	1	1	1	1	1
bissett_base	ERR671918_bin.8.o	1	1	1	1	1
bissett_base	ERR671918_bin.9.o	1	1	1	1	1
bissett_base	ERR671919_bin.1.o	1	1	1	1	1
bissett_base	ERR671919_bin.2.s	1	1	1	1	1
bissett_base	ERR671919_bin.3.o	1	1	1	1	1
bissett_base	ERR671919_bin.4.o	1	1	1	1	1
bissett_base	ERR671919_bin.5.s	1	1	1	1	1
bissett_base	ERR671919_bin.6.o	1	1	1	1	1
bissett_base	ERR671919_bin.7.o	1	1	1	1	1
bissett_base	ERR671919_bin.8.o	1	1	1	1	1
bissett_base	ERR671920_bin.1.s	1	1	1	1	1
bissett_base	ERR671920_bin.2.o	1	1	1	1	1
bissett_base	ERR671921_bin.1.s	1	1	1	1	1
bissett_base	ERR671921_bin.2.o	1	1	1	1	1
bissett_base	ERR671922_bin.1.s	1	1	1	1	1
bissett_base	ERR671922_bin.10.o	1	1	1	1	1
bissett_base	ERR671922_bin.12.s	1	1	1	1	1
bissett_base	ERR671922_bin.14.p	1	1	1	1	1
bissett_base	ERR671922_bin.2.o	1	1	1	1	1
bissett_base	ERR671922_bin.3.s	1	1	1	1	1
bissett_base	ERR671922_bin.4.p	1	1	1	1	1
bissett_base	ERR671922_bin.5.o	1	1	1	1	1
bissett_base	ERR671922_bin.6.s	1	1	1	1	1
bissett_base	ERR671922_bin.7.s	1	1	1	1	1
bissett_base	ERR671922_bin.8.s	1	1	1	1	1
bissett_base	ERR671922_bin.9.o	1	1	1	1	1
bissett_base	ERR671923_bin.1.s	1	1	1	1	1
bissett_base	ERR671923_bin.2.o	1	1	1	1	1
bissett_base	ERR671923_bin.4.o	1	1	1	1	1
bissett_base	ERR671923_bin.5.o	1	1	1	1	1
bissett_base	ERR671923_bin.6.s	1	1	1	1	1
bissett_base	ERR671923_bin.7.p	1	1	1	1	1
bissett_base	ERR671923_bin.8.s	1	1	1	1	1
bissett_base	ERR671923_bin.9.o	1	1	1	1	1
bissett_base	ERR671924_bin.1.s	1	1	1	1	1
bissett_base	ERR671924_bin.2.p	1	1	1	1	1
bissett_base	ERR671924_bin.3.o	1	1	1	1	1
bissett_base	ERR671924_bin.4.o	1	1	1	1	1
bissett_base	ERR671924_bin.5.o	1	1	1	1	1
bissett_base	ERR671924_bin.6.o	1	1	1	1	1
bissett_base	ERR671924_bin.7.s	1	1	1	1	1
bissett_base	ERR671924_bin.8.p	1	1	1	1	1
bissett_base	ERR671924_bin.9.p	1	1	1	1	1
bissett_base	ERR671925_bin.1.o	1	1	1	1	1
bissett_base	ERR671925_bin.2.p	1	1	1	1	1
bissett_base	ERR671925_bin.3.s	1	1	1	1	1
bissett_base	ERR671925_bin.4.o	1	1	1	1	1
bissett_base	ERR671925_bin.5.s	1	1	1	1	1
bissett_base	ERR671925_bin.6.o	0	1	1	1	1
bissett_base	ERR671925_bin.7.s	1	1	1	1	1
bissett_base	ERR671925_bin.8.o	1	1	1	1	1
bissett_base	ERR671927_bin.1.o	1	1	1	1	1
bissett_base	ERR671927_bin.2.o	1	1	1	1	1
bissett_base	ERR671927_bin.3.o	1	1	1	1	1
bissett_base	ERR671927_bin.4.o	1	1	1	1	1
bissett_base	ERR671928_bin.1.o	1	1	1	1	1
bissett_base	ERR671928_bin.2.o	1	1	1	1	1
bissett_base	ERR671928_bin.3.o	1	1	1	1	1
bissett_base	ERR671930_bin.1.o	1	1	1	1	1
bissett_base	ERR671930_bin.2.o	1	1	1	1	1
bissett_base	ERR671930_bin.3.s	1	1	1	1	1
bissett_base	ERR671931_bin.1.o	1	1	1	1	1
bissett_base	ERR671931_bin.2.o	1	1	1	1	1
bissett_base	ERR671931_bin.3.o	1	1	1	1	1
bissett_base	ERR671931_bin.4.o	1	1	1	1	1
bissett_base	ERR671931_bin.5.o	1	1	1	1	1
bissett_base	ERR671932_bin.1.o	1	1	1	1	1
bissett_base	ERR671932_bin.2.o	1	1	1	1	1
bissett_base	ERR671932_bin.3.o	1	1	1	1	1
bissett_base	ERR671932_bin.4.o	1	1	1	1	1
bissett_base	ERR671933_bin.1.o	1	1	1	1	1
bissett_base	ERR671933_bin.2.o	1	1	1	1	1
bissett_base	ERR671933_bin.3.s	1	1	1	1	1
bissett_base	ERR671933_bin.4.o	1	1	1	1	1
bissett_base	ERR671933_bin.5.s	1	1	1	1	1
bissett_base	ERR671934_bin.1.o	1	1	1	1	1
bissett_base	ERR671934_bin.2.o	1	1	1	1	1
bissett_base	ERR671934_bin.3.p	1	1	1	1	1
bissett_base	ERR671934_bin.4.o	1	1	1	1	1
bissett_base	ERR671934_bin.5.p	1	1	1	1	1
bissett_base	ERR671934_bin.6.o	1	1	1	1	1
bissett_base	ERR671934_bin.7.o	1	1	1	1	1
bissett_base	ERR671935_bin.1.o	1	1	1	1	1
bissett_base	ERR671935_bin.2.p	1	1	1	1	1
bissett_base	ERR671936_bin.2.o	1	1	1	1	1
bissett_base	ERR671936_bin.3.o	1	1	1	1	1
bissett_base	ERR671936_bin.4.o	1	1	1	1	1
bissett_base	ERR671937_bin.1.o	1	1	1	1	1
bissett_base	ERR671937_bin.2.o	1	1	1	1	1
bissett_base	ERR671937_bin.3.s	1	1	1	1	1
bissett_base	ERR671937_bin.4.p	1	1	1	1	1
bissett_base	ERR671938_bin.2.o	1	1	1	1	1
bissett_base	ERR671938_bin.3.o	1	1	1	1	1
bissett_base	ERR671939_bin.1.o	1	1	1	1	1
bissett_base	ERR671939_bin.3.o	1	1	1	1	1
bissett_base	ERR671939_bin.4.o	1	1	1	1	1
bissett_base	ERR687883_bin.1.o	1	1	1	1	1
bissett_base	ERR687883_bin.2.o	1	1	1	1	1
bissett_base	ERR687884_bin.1.o	1	1	1	1	1
bissett_base	ERR687885_bin.1.p	1	1	1	1	1
bissett_base	ERR687885_bin.2.o	1	1	1	1	1
bissett_base	ERR687885_bin.3.o	1	1	1	1	1
bissett_base	ERR687885_bin.4.o	1	1	1	1	1
bissett_base	ERR687885_bin.5.s	1	1	1	1	1
bissett_base	ERR687886_bin.1.s	1	1	1	1	1
bissett_base	ERR687886_bin.2.s	1	1	1	1	1
bissett_base	ERR687886_bin.3.o	1	1	1	1	1
bissett_base	ERR687886_bin.4.o	1	1	1	1	1
bissett_base	ERR687887_bin.1.s	1	1	1	1	1
bissett_base	ERR687887_bin.2.o	1	1	1	1	1
bissett_base	ERR687887_bin.3.s	1	1	1	1	1
bissett_base	ERR687887_bin.4.o	1	1	1	1	1
bissett_base	ERR687887_bin.5.o	1	1	1	1	1
bissett_base	ERR687887_bin.6.o	1	1	1	1	1
bissett_base	ERR687888_bin.1.o	1	1	1	1	1
bissett_base	ERR687888_bin.2.s	1	1	1	1	1
bissett_base	ERR687888_bin.3.o	1	1	1	1	1
bissett_base	ERR687888_bin.4.o	1	1	1	1	1
bissett_base	ERR687888_bin.5.o	1	1	1	1	1
bissett_base	ERR687888_bin.6.o	1	1	1	1	1
bissett_base	ERR687889_bin.1.s	1	1	1	1	1
bissett_base	ERR687889_bin.2.o	1	1	1	1	1
bissett_base	ERR687889_bin.3.o	1	1	1	1	1
bissett_base	ERR687890_bin.1.o	1	1	1	1	1
bissett_base	ERR687890_bin.2.o	1	1	1	1	1
bissett_base	ERR687890_bin.3.o	1	1	1	1	1
bissett_base	ERR687891_bin.1.o	1	1	1	1	1
bissett_base	ERR687891_bin.10.p	1	1	1	1	1
bissett_base	ERR687891_bin.11.p	1	1	1	1	1
bissett_base	ERR687891_bin.12.o	1	1	1	1	1
bissett_base	ERR687891_bin.13.o	1	1	1	1	1
bissett_base	ERR687891_bin.2.p	1	1	1	1	1
bissett_base	ERR687891_bin.3.s	1	1	1	1	1
bissett_base	ERR687891_bin.4.s	1	1	1	1	1
bissett_base	ERR687891_bin.5.s	1	1	1	1	1
bissett_base	ERR687891_bin.6.o	1	1	1	1	1
bissett_base	ERR687891_bin.7.o	1	1	1	1	1
bissett_base	ERR687891_bin.8.o	1	1	1	1	1
bissett_base	ERR687891_bin.9.o	1	1	1	1	1
bissett_base	ERR687892_bin.1.o	1	1	1	1	1
bissett_base	ERR687892_bin.10.s	1	1	1	1	1
bissett_base	ERR687892_bin.2.p	1	1	1	1	1
bissett_base	ERR687892_bin.4.o	1	1	1	1	1
bissett_base	ERR687892_bin.5.p	1	1	1	1	1
bissett_base	ERR687892_bin.6.p	1	1	1	1	1
bissett_base	ERR687892_bin.7.o	1	1	1	1	1
bissett_base	ERR687892_bin.8.o	1	1	1	1	1
bissett_base	ERR687892_bin.9.s	1	1	1	1	1
bissett_base	ERR687893_bin.1.p	1	1	1	1	1
bissett_base	ERR687893_bin.2.o	1	1	1	1	1
bissett_base	ERR687893_bin.4.p	1	1	1	1	1
bissett_base	ERR687893_bin.5.o	1	1	1	1	1
bissett_base	ERR687894_bin.1.p	1	1	1	1	1
bissett_base	ERR687894_bin.2.o	1	1	1	1	1
bissett_base	ERR687894_bin.4.o	0	1	1	1	1
bissett_base	ERR687894_bin.5.o	1	1	1	1	1
bissett_base	ERR687894_bin.6.s	1	1	1	1	1
bissett_base	ERR687895_bin.1.p	1	1	1	1	1
bissett_base	ERR687895_bin.2.o	1	1	1	1	1
bissett_base	ERR687895_bin.4.o	1	1	1	1	1
bissett_base	ERR687895_bin.5.o	1	1	1	1	1
bissett_base	ERR687895_bin.6.s	1	1	1	1	1
bissett_base	ERR687895_bin.7.p	1	1	1	1	1
bissett_base	ERR687896_bin.1.o	1	1	1	1	1
bissett_base	ERR687896_bin.10.p	1	1	1	1	1
bissett_base	ERR687896_bin.2.o	1	1	1	1	1
bissett_base	ERR687896_bin.4.o	1	1	1	1	1
bissett_base	ERR687896_bin.5.p	1	1	1	1	1
bissett_base	ERR687896_bin.6.o	1	1	1	1	1
bissett_base	ERR687896_bin.7.o	1	1	1	1	1
bissett_base	ERR687896_bin.9.o	1	1	1	1	1
bissett_base	ERR687897_bin.1.o	1	1	1	1	1
bissett_base	ERR687897_bin.10.o	1	1	1	1	1
bissett_base	ERR687897_bin.11.s	1	1	1	1	1
bissett_base	ERR687897_bin.12.o	1	1	1	1	1
bissett_base	ERR687897_bin.2.o	1	1	1	1	1
bissett_base	ERR687897_bin.3.o	1	1	1	1	1
bissett_base	ERR687897_bin.4.o	1	1	1	1	1
bissett_base	ERR687897_bin.5.o	1	1	1	1	1
bissett_base	ERR687897_bin.6.s	1	1	1	1	1
bissett_base	ERR687897_bin.7.o	1	1	1	1	1
bissett_base	ERR687897_bin.8.o	1	1	1	1	1
bissett_base	ERR687897_bin.9.o	1	1	1	1	1
bissett_base	ERR687898_bin.1.o	1	1	1	1	1
bissett_base	ERR687898_bin.11.o	1	1	1	1	1
bissett_base	ERR687898_bin.12.o	1	1	1	1	1
bissett_base	ERR687898_bin.13.o	1	1	1	1	1
bissett_base	ERR687898_bin.14.o	1	1	1	1	1
bissett_base	ERR687898_bin.15.s	1	1	1	1	1
bissett_base	ERR687898_bin.2.s	1	1	1	1	1
bissett_base	ERR687898_bin.3.s	1	1	1	1	1
bissett_base	ERR687898_bin.4.o	1	1	1	1	1
bissett_base	ERR687898_bin.5.p	1	1	1	1	1
bissett_base	ERR687898_bin.7.o	1	1	1	1	1
bissett_base	ERR687898_bin.8.o	1	1	1	1	1
bissett_base	ERR687898_bin.9.p	1	1	1	1	1
korem2015	ERR969462_bin.1.s	1	1	1	1	1
korem2015	ERR969463_bin.1.p	1	1	1	1	1
korem2015	ERR969464_bin.1.s	1	1	1	1	1
korem2015	ERR969465_bin.1.s	1	1	1	1	1
korem2015	ERR969465_bin.2.s	1	1	1	1	1
korem2015	ERR969465_bin.3.p	1	1	1	1	1
korem2015	ERR969466_bin.1.s	1	1	1	1	1
korem2015	ERR969466_bin.2.p	1	1	1	1	1
korem2015	ERR969466_bin.3.s	1	1	1	1	1
korem2015	ERR969466_bin.4.p	1	1	1	1	1
korem2015	ERR969466_bin.5.p	1	1	1	1	1
korem2015	ERR969466_bin.6.p	1	1	1	1	1
korem2015	ERR969467_bin.1.s	1	1	1	1	1
korem2015	ERR969467_bin.2.p	1	1	1	1	1
korem2015	ERR969467_bin.3.p	1	1	1	1	1
korem2015	ERR969467_bin.4.s	1	1	1	1	1
korem2015	ERR969467_bin.5.p	1	1	1	1	1
korem2015	ERR969468_bin.1.p	1	1	1	1	1
korem2015	ERR969468_bin.2.s	1	1	1	1	1
korem2015	ERR969468_bin.3.p	1	1	1	1	1
korem2015	ERR969468_bin.4.p	1	1	1	1	1
korem2015	ERR969468_bin.5.p	1	1	1	1	1
korem2015	ERR969469_bin.1.p	1	1	1	1	1
korem2015	ERR969469_bin.2.s	1	1	1	1	1
korem2015	ERR969469_bin.3.p	1	1	1	1	1
korem2015	ERR969469_bin.4.p	1	1	1	1	1
korem2015	ERR969469_bin.5.p	1	1	1	1	1
korem2015	ERR969470_bin.1.p	1	1	1	1	1
korem2015	ERR969470_bin.2.p	1	1	1	1	1
korem2015	ERR969470_bin.3.p	1	1	1	1	1
korem2015	ERR969470_bin.4.s	1	1	1	1	1
korem2015	ERR969470_bin.5.p	1	1	1	1	1
korem2015	ERR969471_bin.1.s	1	1	1	1	1
korem2015	ERR969471_bin.2.p	1	1	1	1	1
korem2015	ERR969471_bin.3.p	1	1	1	1	1
korem2015	ERR969471_bin.4.s	1	1	1	1	1
korem2015	ERR969471_bin.5.p	1	1	1	1	1
korem2015	ERR969472_bin.1.p	1	1	1	1	1
korem2015	ERR969472_bin.2.p	1	1	1	1	1
korem2015	ERR969472_bin.3.p	1	1	1	1	1
korem2015	ERR969472_bin.4.p	1	1	1	1	1
korem2015	ERR969472_bin.5.s	1	1	1	1	1
korem2015	ERR969473_bin.1.s	1	1	1	1	1
korem2015	ERR969473_bin.2.p	1	1	1	1	1
korem2015	ERR969473_bin.3.p	1	1	1	1	1
korem2015	ERR969473_bin.4.p	1	1	1	1	1
korem2015	ERR969473_bin.5.s	1	1	1	1	1
korem2015	ERR969474_bin.1.p	1	1	1	1	1
korem2015	ERR969474_bin.2.p	1	1	1	1	1
korem2015	ERR969474_bin.3.s	1	1	1	1	1
korem2015	ERR969475_bin.1.s	1	1	1	1	1
korem2015	ERR969476_bin.1.s	1	1	1	1	1
korem2015	ERR969476_bin.2.p	1	1	1	1	1
korem2015	ERR969476_bin.3.p	1	1	1	1	1
korem2015	ERR969476_bin.4.p	1	1	1	1	1
korem2015	ERR969477_bin.1.s	1	1	1	1	1
korem2015	ERR969477_bin.2.p	1	1	1	1	1
korem2015	ERR969477_bin.3.p	1	1	1	1	1
korem2015	ERR969477_bin.4.p	1	1	1	1	1
korem2015	ERR969477_bin.5.s	1	1	1	1	1
korem2015	ERR969478_bin.1.s	1	1	1	1	1
korem2015	ERR969478_bin.2.p	1	1	1	1	1
korem2015	ERR969478_bin.3.p	1	1	1	1	1
korem2015	ERR969478_bin.4.p	1	1	1	1	1
korem2015	ERR969478_bin.5.p	1	1	1	1	1
korem2015	ERR969479_bin.1.p	1	1	1	1	1
korem2015	ERR969479_bin.2.p	1	1	1	1	1
korem2015	ERR969479_bin.3.p	1	1	1	1	1
korem2015	ERR969479_bin.4.p	1	1	1	1	1
korem2015	ERR969479_bin.5.p	1	1	1	1	1
korem2015	ERR969480_bin.1.p	1	1	1	1	1
korem2015	ERR969480_bin.2.p	1	1	1	1	1
korem2015	ERR969480_bin.3.p	1	1	1	1	1
korem2015	ERR969480_bin.4.s	1	1	1	1	1
korem2015	ERR969480_bin.5.s	1	1	1	1	1
korem2015	ERR969481_bin.1.p	1	1	1	1	1
korem2015	ERR969481_bin.2.s	1	1	1	1	1
korem2015	ERR969481_bin.3.p	1	1	1	1	1
korem2015	ERR969481_bin.4.s	1	1	1	1	1
korem2015	ERR969481_bin.5.s	1	1	1	1	1
korem2015	ERR969482_bin.1.p	1	1	1	1	1
korem2015	ERR969482_bin.2.p	1	1	1	1	1
korem2015	ERR969482_bin.3.p	1	1	1	1	1
korem2015	ERR969482_bin.4.p	1	1	1	1	1
korem2015	ERR969482_bin.5.p	1	1	1	1	1
korem2015	ERR969483_bin.1.s	1	1	1	1	1
korem2015	ERR969483_bin.2.p	1	1	1	1	1
korem2015	ERR969483_bin.3.p	1	1	1	1	1
korem2015	ERR969483_bin.4.s	1	1	1	1	1
korem2015	ERR969483_bin.5.p	1	1	1	1	1
korem2015	ERR969484_bin.1.s	1	1	1	1	1
korem2015	ERR969484_bin.2.s	1	1	1	1	1
korem2015	ERR969484_bin.3.p	1	1	1	1	1
korem2015	ERR969484_bin.4.p	1	1	1	1	1
korem2015	ERR969484_bin.5.p	1	1	1	1	1
korem2015	ERR969485_bin.1.s	1	1	1	1	1
korem2015	ERR969486_bin.1.p	1	1	1	1	1
korem2015	ERR969486_bin.2.s	1	1	1	1	1
korem2015	ERR969486_bin.3.s	1	1	1	1	1
korem2015	ERR969487_bin.1.s	1	1	1	1	1
korem2015	ERR969488_bin.1.p	1	1	1	1	1
korem2015	ERR969488_bin.2.p	1	1	1	1	1
korem2015	ERR969488_bin.3.p	1	1	1	1	1
korem2015	ERR969488_bin.4.o	1	1	1	1	1
korem2015	ERR969489_bin.1.p	1	1	1	1	1
korem2015	ERR969489_bin.2.p	1	1	1	1	1
korem2015	ERR969489_bin.3.p	1	1	1	1	1
korem2015	ERR969489_bin.4.p	1	1	1	1	1
korem2015	ERR969490_bin.1.p	1	1	1	1	1
korem2015	ERR969490_bin.2.p	1	1	1	1	1
korem2015	ERR969490_bin.3.p	1	1	1	1	1
korem2015	ERR969491_bin.1.p	1	1	1	1	1
korem2015	ERR969491_bin.2.p	1	1	1	1	1
korem2015	ERR969491_bin.3.p	1	1	1	1	1
korem2015	ERR969491_bin.4.p	1	1	1	1	1
korem2015	ERR969492_bin.1.s	1	1	1	1	1
korem2015	ERR969492_bin.2.s	1	1	1	1	1
korem2015	ERR969492_bin.3.p	1	1	1	1	1
korem2015	ERR969493_bin.1.s	1	1	1	1	1
korem2015	ERR969494_bin.1.p	1	1	1	1	1
korem2015	ERR969494_bin.2.p	1	1	1	1	1
korem2015	ERR969494_bin.3.o	1	1	1	1	1
korem2015	ERR969495_bin.1.s	1	1	1	1	1
korem2015	ERR969496_bin.1.s	1	1	1	1	1
korem2015	ERR969497_bin.1.p	1	1	1	1	1
korem2015	ERR969498_bin.1.s	1	1	1	1	1
korem2015	ERR969499_bin.1.s	1	1	1	1	1
korem2015	ERR969499_bin.2.p	1	1	1	1	1
korem2015	ERR969499_bin.3.p	1	1	1	1	1
korem2015	ERR969500_bin.1.p	1	1	1	1	1
korem2015	ERR969500_bin.2.p	1	1	1	1	1
korem2015	ERR969500_bin.3.p	1	1	1	1	1
korem2015	ERR969501_bin.1.p	1	1	1	1	1
korem2015	ERR969501_bin.2.o	1	1	1	1	1
korem2015	ERR969501_bin.3.s	1	1	1	1	1
korem2015	ERR969501_bin.4.s	1	1	1	1	1
korem2015	ERR969501_bin.5.p	1	1	1	1	1
korem2015	ERR969502_bin.1.o	1	1	1	1	1
korem2015	ERR969502_bin.2.p	1	1	1	1	1
korem2015	ERR969502_bin.4.p	1	1	1	1	1
korem2015	ERR969503_bin.1.p	1	1	1	1	1
korem2015	ERR969503_bin.2.s	1	1	1	1	1
korem2015	ERR969504_bin.1.p	1	1	1	1	1
korem2015	ERR969504_bin.2.p	1	1	1	1	1
korem2015	ERR969504_bin.3.p	1	1	1	1	1
korem2015	ERR969504_bin.4.s	1	1	1	1	1
korem2015	ERR969505_bin.1.o	1	1	1	1	1
korem2015	ERR969505_bin.2.s	1	1	1	1	1
korem2015	ERR969505_bin.3.s	1	1	1	1	1
korem2015	ERR969506_bin.1.p	1	1	1	1	1
korem2015	ERR969506_bin.2.o	1	1	1	1	1
korem2015	ERR969507_bin.1.s	1	1	1	1	1
korem2015	ERR969508_bin.1.p	1	1	1	1	1
korem2015	ERR969509_bin.1.s	1	1	1	1	1
li2019	SRR7664615_bin.1.s	1	1	1	1	1
li2019	SRR7664615_bin.10.o	1	1	1	1	1
li2019	SRR7664615_bin.11.s	1	1	1	1	1
li2019	SRR7664615_bin.12.o	1	1	1	1	1
li2019	SRR7664615_bin.13.s	1	1	1	1	1
li2019	SRR7664615_bin.14.o	1	1	1	1	1
li2019	SRR7664615_bin.15.o	1	1	1	1	1
li2019	SRR7664615_bin.16.s	1	1	1	1	1
li2019	SRR7664615_bin.17.o	1	1	1	1	1
li2019	SRR7664615_bin.18.s	1	1	1	1	1
li2019	SRR7664615_bin.19.s	1	1	1	1	1
li2019	SRR7664615_bin.2.o	1	1	1	1	1
li2019	SRR7664615_bin.20.s	1	1	1	1	1
li2019	SRR7664615_bin.21.s	1	1	1	1	1
li2019	SRR7664615_bin.22.s	1	1	1	1	1
li2019	SRR7664615_bin.23.s	1	1	1	1	1
li2019	SRR7664615_bin.24.p	1	1	1	1	1
li2019	SRR7664615_bin.25.s	1	1	1	1	1
li2019	SRR7664615_bin.26.s	1	1	1	1	1
li2019	SRR7664615_bin.27.o	1	1	1	1	1
li2019	SRR7664615_bin.28.o	1	1	1	1	1
li2019	SRR7664615_bin.29.s	1	1	1	1	1
li2019	SRR7664615_bin.3.s	1	1	1	1	1
li2019	SRR7664615_bin.30.o	1	1	1	1	1
li2019	SRR7664615_bin.31.s	1	1	1	1	1
li2019	SRR7664615_bin.32.o	1	1	1	1	1
li2019	SRR7664615_bin.33.s	1	1	1	1	1
li2019	SRR7664615_bin.4.o	1	1	1	1	1
li2019	SRR7664615_bin.5.s	1	1	1	1	1
li2019	SRR7664615_bin.6.p	1	1	1	1	1
li2019	SRR7664615_bin.7.o	1	1	1	1	1
li2019	SRR7664615_bin.8.o	1	1	1	1	1
li2019	SRR7664615_bin.9.s	1	1	1	1	1
li2019	SRR7664616_bin.1.s	1	1	1	1	1
li2019	SRR7664616_bin.10.s	1	1	1	1	1
li2019	SRR7664616_bin.11.s	1	1	1	1	1
li2019	SRR7664616_bin.12.o	1	1	1	1	1
li2019	SRR7664616_bin.13.p	1	1	1	1	1
li2019	SRR7664616_bin.14.o	1	1	1	1	1
li2019	SRR7664616_bin.15.o	1	1	1	1	1
li2019	SRR7664616_bin.16.p	1	1	1	1	1
li2019	SRR7664616_bin.17.o	1	1	1	1	1
li2019	SRR7664616_bin.18.o	1	1	1	1	1
li2019	SRR7664616_bin.19.p	1	1	1	1	1
li2019	SRR7664616_bin.2.o	1	1	1	1	1
li2019	SRR7664616_bin.20.o	1	1	1	1	1
li2019	SRR7664616_bin.21.s	1	1	1	1	1
li2019	SRR7664616_bin.22.o	1	1	1	1	1
li2019	SRR7664616_bin.23.s	1	1	1	1	1
li2019	SRR7664616_bin.24.s	1	1	1	1	1
li2019	SRR7664616_bin.25.s	1	1	1	1	1
li2019	SRR7664616_bin.26.s	1	1	1	1	1
li2019	SRR7664616_bin.27.p	1	1	1	1	1
li2019	SRR7664616_bin.28.s	1	1	1	1	1
li2019	SRR7664616_bin.29.p	1	1	1	1	1
li2019	SRR7664616_bin.3.s	1	1	1	1	1
li2019	SRR7664616_bin.30.o	1	1	1	1	1
li2019	SRR7664616_bin.31.s	1	1	1	1	1
li2019	SRR7664616_bin.32.o	1	1	1	1	1
li2019	SRR7664616_bin.33.s	1	1	1	1	1
li2019	SRR7664616_bin.34.s	1	1	1	1	1
li2019	SRR7664616_bin.35.p	1	1	1	1	1
li2019	SRR7664616_bin.36.s	1	1	1	1	1
li2019	SRR7664616_bin.4.p	1	1	1	1	1
li2019	SRR7664616_bin.5.o	1	1	1	1	1
li2019	SRR7664616_bin.6.s	1	1	1	1	1
li2019	SRR7664616_bin.7.o	1	1	1	1	1
li2019	SRR7664616_bin.8.s	1	1	1	1	1
li2019	SRR7664616_bin.9.o	1	1	1	1	1
li2019	SRR7664617_bin.1.s	1	1	1	1	1
li2019	SRR7664617_bin.10.o	1	1	1	1	1
li2019	SRR7664617_bin.11.o	1	1	1	1	1
li2019	SRR7664617_bin.12.s	1	1	1	1	1
li2019	SRR7664617_bin.13.o	1	1	1	1	1
li2019	SRR7664617_bin.14.o	1	1	1	1	1
li2019	SRR7664617_bin.15.p	1	1	1	1	1
li2019	SRR7664617_bin.16.s	1	1	1	1	1
li2019	SRR7664617_bin.17.p	1	1	1	1	1
li2019	SRR7664617_bin.18.o	1	1	1	1	1
li2019	SRR7664617_bin.19.p	1	1	1	1	1
li2019	SRR7664617_bin.2.s	1	1	1	1	1
li2019	SRR7664617_bin.20.p	1	1	1	1	1
li2019	SRR7664617_bin.21.s	1	1	1	1	1
li2019	SRR7664617_bin.22.p	1	1	1	1	1
li2019	SRR7664617_bin.23.s	1	1	1	1	1
li2019	SRR7664617_bin.24.o	1	1	1	1	1
li2019	SRR7664617_bin.25.o	1	1	1	1	1
li2019	SRR7664617_bin.26.s	1	1	1	1	1
li2019	SRR7664617_bin.27.s	1	1	1	1	1
li2019	SRR7664617_bin.28.o	1	1	1	1	1
li2019	SRR7664617_bin.29.p	1	1	1	1	1
li2019	SRR7664617_bin.3.o	1	1	1	1	1
li2019	SRR7664617_bin.30.o	1	1	1	1	1
li2019	SRR7664617_bin.31.s	1	1	1	1	1
li2019	SRR7664617_bin.4.s	1	1	1	1	1
li2019	SRR7664617_bin.5.s	1	1	1	1	1
li2019	SRR7664617_bin.6.o	1	1	1	1	1
li2019	SRR7664617_bin.7.s	1	1	1	1	1
li2019	SRR7664617_bin.8.o	1	1	1	1	1
li2019	SRR7664617_bin.9.s	1	1	1	1	1
li2019	SRR7664618_bin.1.o	1	1	1	1	1
li2019	SRR7664618_bin.10.o	1	1	1	1	1
li2019	SRR7664618_bin.11.s	1	1	1	1	1
li2019	SRR7664618_bin.12.o	1	1	1	1	1
li2019	SRR7664618_bin.13.o	1	1	1	1	1
li2019	SRR7664618_bin.14.s	1	1	1	1	1
li2019	SRR7664618_bin.15.s	1	1	1	1	1
li2019	SRR7664618_bin.16.s	1	1	1	1	1
li2019	SRR7664618_bin.17.s	1	1	1	1	1
li2019	SRR7664618_bin.18.p	1	1	1	1	1
li2019	SRR7664618_bin.19.o	1	1	1	1	1
li2019	SRR7664618_bin.2.o	1	1	1	1	1
li2019	SRR7664618_bin.20.o	1	1	1	1	1
li2019	SRR7664618_bin.21.o	1	1	1	1	1
li2019	SRR7664618_bin.22.o	1	1	1	1	1
li2019	SRR7664618_bin.23.s	1	1	1	1	1
li2019	SRR7664618_bin.24.s	1	1	1	1	1
li2019	SRR7664618_bin.25.s	1	1	1	1	1
li2019	SRR7664618_bin.26.p	1	1	1	1	1
li2019	SRR7664618_bin.3.s	1	1	1	1	1
li2019	SRR7664618_bin.4.s	1	1	1	1	1
li2019	SRR7664618_bin.5.o	1	1	1	1	1
li2019	SRR7664618_bin.6.o	1	1	1	1	1
li2019	SRR7664618_bin.7.o	1	1	1	1	1
li2019	SRR7664618_bin.8.p	1	1	1	1	1
li2019	SRR7664618_bin.9.o	1	1	1	1	1
li2019	SRR7664619_bin.1.o	1	1	1	1	1
li2019	SRR7664619_bin.10.o	1	1	1	1	1
li2019	SRR7664619_bin.12.o	1	1	1	1	1
li2019	SRR7664619_bin.13.s	1	1	1	1	1
li2019	SRR7664619_bin.14.s	1	1	1	1	1
li2019	SRR7664619_bin.15.s	1	1	1	1	1
li2019	SRR7664619_bin.16.s	1	1	1	1	1
li2019	SRR7664619_bin.17.p	1	1	1	1	1
li2019	SRR7664619_bin.18.o	1	1	1	1	1
li2019	SRR7664619_bin.19.o	1	1	1	1	1
li2019	SRR7664619_bin.2.o	1	1	1	1	1
li2019	SRR7664619_bin.20.p	1	1	1	1	1
li2019	SRR7664619_bin.21.o	1	1	1	1	1
li2019	SRR7664619_bin.22.s	1	1	1	1	1
li2019	SRR7664619_bin.23.s	1	1	1	1	1
li2019	SRR7664619_bin.24.s	1	1	1	1	1
li2019	SRR7664619_bin.25.p	1	1	1	1	1
li2019	SRR7664619_bin.26.o	1	1	1	1	1
li2019	SRR7664619_bin.27.s	1	1	1	1	1
li2019	SRR7664619_bin.28.p	1	1	1	1	1
li2019	SRR7664619_bin.29.o	1	1	1	1	1
li2019	SRR7664619_bin.3.s	1	1	1	1	1
li2019	SRR7664619_bin.30.s	1	1	1	1	1
li2019	SRR7664619_bin.31.o	1	1	1	1	1
li2019	SRR7664619_bin.32.o	1	1	1	1	1
li2019	SRR7664619_bin.33.s	1	1	1	1	1
li2019	SRR7664619_bin.34.s	1	1	1	1	1
li2019	SRR7664619_bin.35.p	1	1	1	1	1
li2019	SRR7664619_bin.36.o	1	1	1	1	1
li2019	SRR7664619_bin.37.p	1	1	1	1	1
li2019	SRR7664619_bin.38.p	1	1	1	1	1
li2019	SRR7664619_bin.39.o	1	1	1	1	1
li2019	SRR7664619_bin.4.o	1	1	1	1	1
li2019	SRR7664619_bin.40.o	1	1	1	1	1
li2019	SRR7664619_bin.41.p	1	1	1	1	1
li2019	SRR7664619_bin.42.o	1	1	1	1	1
li2019	SRR7664619_bin.46.s	1	1	1	1	1
li2019	SRR7664619_bin.5.s	1	1	1	1	1
li2019	SRR7664619_bin.7.o	1	1	1	1	1
li2019	SRR7664619_bin.9.s	1	1	1	1	1
li2019	SRR7664620_bin.1.s	1	1	1	1	1
li2019	SRR7664620_bin.2.s	1	1	1	1	1
li2019	SRR7664620_bin.3.s	1	1	1	1	1
li2019	SRR7664620_bin.4.s	1	1	1	1	1
li2019	SRR7664620_bin.5.s	1	1	1	1	1
li2019	SRR7664620_bin.6.s	1	1	1	1	1
