arm	sample	pipeline	binner	assembly_contigs	assembly_bp	binned_contigs	binned_bp	pct_contigs_binned	pct_bp_binned
long	plant_associated_long_nano_sample_0	E1	COMEBin	3135	128733949	3128	128687858	99.77671451355661	99.96419670152432
long	plant_associated_long_nano_sample_0	E2	COMEBin	3102	129274748	3093	128893335	99.70986460348162	99.70495939392588
long	plant_associated_long_nano_sample_1	E1	COMEBin	2411	105542168	2383	104692263	98.83865615927002	99.194724709464
long	plant_associated_long_nano_sample_1	E2	COMEBin	2423	106072065	2416	106067338	99.71110193974413	99.995543595762
long	plant_associated_long_nano_sample_10	E1	COMEBin	2451	93231602	2360	91774542	96.28722970216238	98.4371608245024
long	plant_associated_long_nano_sample_10	E2	COMEBin	2395	92696436	2367	92136151	98.83089770354906	99.39557007348158
long	plant_associated_long_nano_sample_11	E1	COMEBin	1930	84005207	1891	83976099	97.97927461139896	99.96534976694957
long	plant_associated_long_nano_sample_11	E2	COMEBin	1933	83790074	1666	80770192	86.18727366787377	96.39589529423259
long	plant_associated_long_nano_sample_12	E1	COMEBin	1544	79954539	1515	79744380	98.12176165803109	99.73715188327206
long	plant_associated_long_nano_sample_12	E2	COMEBin	1537	80455231	1520	80334272	98.8939492517892	99.84965676128628
long	plant_associated_long_nano_sample_13	E1	COMEBin	2171	99832889	2148	99243085	98.94058037770613	99.40920872278873
long	plant_associated_long_nano_sample_13	E2	COMEBin	2208	100265785	2160	99191088	97.82608695652173	98.92815181170725
long	plant_associated_long_nano_sample_14	E1	COMEBin	1967	86078094	1868	84385995	94.96695475343162	98.03422808130486
long	plant_associated_long_nano_sample_14	E2	COMEBin	1938	85781745	1877	84349922	96.85242518059856	98.33085349336272
long	plant_associated_long_nano_sample_15	E1	COMEBin	2080	95709757	2062	95127456	99.13461538461539	99.3915970343546
long	plant_associated_long_nano_sample_15	E2	COMEBin	2090	95795089	2077	95329528	99.377990430622	99.51400327004237
long	plant_associated_long_nano_sample_16	E1	COMEBin	2683	112881153	2562	112480093	95.49012299664554	99.64470596787756
long	plant_associated_long_nano_sample_16	E2	COMEBin	2643	112087981	2526	111788020	95.57321225879681	99.73238789982308
long	plant_associated_long_nano_sample_17	E1	COMEBin	2369	114053007	2361	113778051	99.66230476994512	99.7589226209529
long	plant_associated_long_nano_sample_17	E2	COMEBin	2363	114295589	2349	114228346	99.40753279729158	99.94116745835223
long	plant_associated_long_nano_sample_18	E1	COMEBin	2279	108010474	2263	107947535	99.29793769197016	99.94172879937551
long	plant_associated_long_nano_sample_18	E2	COMEBin	2245	108155653	2231	107980326	99.37639198218262	99.83789381771844
long	plant_associated_long_nano_sample_19	E1	COMEBin	1909	95261342	1777	94045509	93.08538501833421	98.72368688654417
long	plant_associated_long_nano_sample_19	E2	COMEBin	1978	95517719	1850	94311162	93.5288169868554	98.73682389756397
long	plant_associated_long_nano_sample_2	E1	COMEBin	2730	114842269	2726	114839128	99.85347985347985	99.99726494432116
long	plant_associated_long_nano_sample_2	E2	COMEBin	2661	114758567	2640	114283830	99.2108229988726	99.58631672352618
long	plant_associated_long_nano_sample_20	E1	COMEBin	1880	93143413	1704	90569614	90.63829787234043	97.23673535561768
long	plant_associated_long_nano_sample_20	E2	COMEBin	1891	93373538	1672	90036144	88.41882601797991	96.4257603690673
long	plant_associated_long_nano_sample_3	E1	COMEBin	2870	118999438	2867	118856627	99.89547038327527	99.8799901895335
long	plant_associated_long_nano_sample_3	E2	COMEBin	2894	117862873	2886	117627954	99.72356599861783	99.80068447847864
long	plant_associated_long_nano_sample_4	E1	COMEBin	2640	115503850	2617	114483941	99.12878787878788	99.11699133838395
long	plant_associated_long_nano_sample_4	E2	COMEBin	2617	115338976	2406	111334664	91.9373328238441	96.52822303537704
long	plant_associated_long_nano_sample_5	E1	COMEBin	2498	96362394	2480	95873203	99.27942353883107	99.49234241731271
long	plant_associated_long_nano_sample_5	E2	COMEBin	2476	95808700	2458	95496387	99.2730210016155	99.67402438400688
long	plant_associated_long_nano_sample_6	E1	COMEBin	2520	103112433	2492	102756913	98.88888888888889	99.6552113167575
long	plant_associated_long_nano_sample_6	E2	COMEBin	2518	102629216	2482	102468086	98.57029388403495	99.84299792371014
long	plant_associated_long_nano_sample_7	E1	COMEBin	2478	98641991	2423	97264388	97.78046811945117	98.60343147372198
long	plant_associated_long_nano_sample_7	E2	COMEBin	2455	99613598	2428	98714940	98.90020366598777	99.09785609791949
long	plant_associated_long_nano_sample_8	E1	COMEBin	2264	85123012	2174	83778109	96.02473498233215	98.42004768346308
long	plant_associated_long_nano_sample_8	E2	COMEBin	2268	85331279	1728	77868832	76.19047619047619	91.25473438643759
long	plant_associated_long_nano_sample_9	E1	COMEBin	2255	87504447	2215	86957241	98.22616407982261	99.37465349618174
long	plant_associated_long_nano_sample_9	E2	COMEBin	2270	87802028	2223	87526088	97.9295154185022	99.68572479897617
long	toy_humangut_long_sample_0	E1	COMEBin	4961	166701747	4933	165366224	99.43559766176175	99.19885482663838
long	toy_humangut_long_sample_0	E2	COMEBin	4966	166588591	4933	165390083	99.33548127265405	99.28055817459912
long	toy_humangut_long_sample_1	E1	COMEBin	7204	203966248	7136	201249465	99.05607995558023	98.66802325059193
long	toy_humangut_long_sample_1	E2	COMEBin	7206	203819945	7133	201160844	98.98695531501527	98.69536761969002
long	toy_humangut_long_sample_10	E1	COMEBin	3423	161754243	3353	159668868	97.95501022494888	98.71077570435045
long	toy_humangut_long_sample_10	E2	COMEBin	3449	161566585	3369	159441195	97.68048709770949	98.68451140438476
long	toy_humangut_long_sample_11	E1	COMEBin	5515	176109065	5447	174209264	98.76699909338168	98.92123611013436
long	toy_humangut_long_sample_11	E2	COMEBin	5505	176026482	5448	174859128	98.96457765667574	99.33683046622497
long	toy_humangut_long_sample_12	E1	COMEBin	4997	151472428	4980	150547876	99.65979587752652	99.3896235689838
long	toy_humangut_long_sample_12	E2	COMEBin	4972	151777615	4951	151199438	99.5776347546259	99.61906306144026
long	toy_humangut_long_sample_13	E1	COMEBin	3813	161881599	3699	158576079	97.0102281667978	97.95806316442426
long	toy_humangut_long_sample_13	E2	COMEBin	3824	161855276	3779	160427744	98.82322175732217	99.11801948303496
long	toy_humangut_long_sample_14	E1	COMEBin	5175	152615789	5146	151572579	99.43961352657004	99.31644687169295
long	toy_humangut_long_sample_14	E2	COMEBin	5194	152399989	5185	152282006	99.82672314208702	99.92258332774551
long	toy_humangut_long_sample_15	E1	COMEBin	5780	164968094	5751	164531529	99.49826989619378	99.73536397892795
long	toy_humangut_long_sample_15	E2	COMEBin	5823	165265500	5747	163287100	98.69483084320797	98.80289594621988
long	toy_humangut_long_sample_16	E1	COMEBin	4402	143957290	4369	143127781	99.25034075420264	99.42378117843147
long	toy_humangut_long_sample_16	E2	COMEBin	4437	144122113	4407	143621611	99.32386747802569	99.65272365941513
long	toy_humangut_long_sample_17	E1	COMEBin	4772	179405041	4770	179347126	99.95808885163453	99.96771829839497
long	toy_humangut_long_sample_17	E2	COMEBin	4777	179340789	4714	176876127	98.6811806573163	98.62571029505173
long	toy_humangut_long_sample_18	E1	COMEBin	4395	168156085	4386	167780285	99.79522184300342	99.7765171566643
long	toy_humangut_long_sample_18	E2	COMEBin	4416	168427915	4295	165876519	97.25996376811594	98.48517034720759
long	toy_humangut_long_sample_19	E1	COMEBin	5671	177760514	5602	175156699	98.78328337153941	98.53521181875071
long	toy_humangut_long_sample_19	E2	COMEBin	5676	178135733	5637	176069663	99.31289640591966	98.84017093864037
long	toy_humangut_long_sample_2	E1	COMEBin	4156	160936308	4125	159281419	99.25409047160731	98.9717118401896
long	toy_humangut_long_sample_2	E2	COMEBin	4194	161570983	4112	158871188	98.04482594182166	98.32903473762984
long	toy_humangut_long_sample_3	E1	COMEBin	3316	154529344	3286	153304251	99.09529553679131	99.20721012055807
long	toy_humangut_long_sample_3	E2	COMEBin	3311	154430709	3275	152333134	98.91271519178495	98.64173711719474
long	toy_humangut_long_sample_4	E1	COMEBin	4985	171740864	4950	170641853	99.29789368104313	99.36007600381002
long	toy_humangut_long_sample_4	E2	COMEBin	5032	171967000	5001	170123079	99.3839427662957	98.92774718405275
long	toy_humangut_long_sample_5	E1	COMEBin	3820	186671862	3791	185916098	99.24083769633508	99.5951376967569
long	toy_humangut_long_sample_5	E2	COMEBin	3828	186497130	3810	185488859	99.52978056426332	99.45936379825255
long	toy_humangut_long_sample_6	E1	COMEBin	5512	174608974	5463	172963727	99.111030478955	99.05775346918881
long	toy_humangut_long_sample_6	E2	COMEBin	5542	175288351	5503	173025127	99.29628293035006	98.70885658568378
long	toy_humangut_long_sample_7	E1	COMEBin	2259	126139099	2242	125431368	99.24745462594068	99.43892813123709
long	toy_humangut_long_sample_7	E2	COMEBin	2245	125985849	2226	125024968	99.15367483296214	99.23731037443737
long	toy_humangut_long_sample_8	E1	COMEBin	4475	160973262	4448	159775863	99.39664804469274	99.25615037856412
long	toy_humangut_long_sample_8	E2	COMEBin	4437	160809419	4413	159812820	99.45909398242055	99.38026080425053
long	toy_humangut_long_sample_9	E1	COMEBin	3171	135372950	3164	135044637	99.77924944812362	99.75747518244967
long	toy_humangut_long_sample_9	E2	COMEBin	3165	135304730	3152	134972019	99.58925750394944	99.75410246190211
long	plant_associated_long_nano_sample_0	E1	DASTool	3135	128733949	880	66868572	28.07017543859649	51.94323060811255
long	plant_associated_long_nano_sample_0	E2	DASTool	3102	129274748	583	59881455	18.79432624113475	46.32107656477505
long	plant_associated_long_nano_sample_1	E1	DASTool	2411	105542168	287	34498129	11.903774367482372	32.68658362219734
long	plant_associated_long_nano_sample_1	E2	DASTool	2423	106072065	667	43681254	27.52785802723896	41.18073311762149
long	plant_associated_long_nano_sample_10	E1	DASTool	2451	93231602	329	40209696	13.423092615259078	43.12882663970528
long	plant_associated_long_nano_sample_10	E2	DASTool	2395	92696436	133	32150981	5.553235908141962	34.68416088834311
long	plant_associated_long_nano_sample_11	E1	DASTool	1930	84005207	268	41918423	13.8860103626943	49.89979133079215
long	plant_associated_long_nano_sample_11	E2	DASTool	1933	83790074	235	35700793	12.15726849456803	42.60742507519447
long	plant_associated_long_nano_sample_12	E1	DASTool	1544	79954539	358	39741441	23.186528497409327	49.7050467641368
long	plant_associated_long_nano_sample_12	E2	DASTool	1537	80455231	407	48129686	26.480156148340924	59.82169885262029
long	plant_associated_long_nano_sample_13	E1	DASTool	2171	99832889	213	39412616	9.81114693689544	39.47858906497237
long	plant_associated_long_nano_sample_13	E2	DASTool	2208	100265785	256	44871008	11.594202898550725	44.75206372742207
long	plant_associated_long_nano_sample_14	E1	DASTool	1967	86078094	157	25451161	7.981698017285206	29.56752388127925
long	plant_associated_long_nano_sample_14	E2	DASTool	1938	85781745	287	30493587	14.80908152734778	35.547874434123486
long	plant_associated_long_nano_sample_15	E1	DASTool	2080	95709757	175	37627903	8.413461538461538	39.31459464472363
long	plant_associated_long_nano_sample_15	E2	DASTool	2090	95795089	287	39695462	13.732057416267942	41.437888324316916
long	plant_associated_long_nano_sample_16	E1	DASTool	2683	112881153	809	46776874	30.15281401416325	41.439046959415805
long	plant_associated_long_nano_sample_16	E2	DASTool	2643	112087981	820	67884631	31.025349981082105	60.56370218676702
long	plant_associated_long_nano_sample_17	E1	DASTool	2369	114053007	934	69180713	39.425918108906714	60.65663222715382
long	plant_associated_long_nano_sample_17	E2	DASTool	2363	114295589	540	58550039	22.852306390181973	51.226857932373925
long	plant_associated_long_nano_sample_18	E1	DASTool	2279	108010474	352	47534518	15.445370776656429	44.00917451764909
long	plant_associated_long_nano_sample_18	E2	DASTool	2245	108155653	359	53724156	15.99109131403118	49.672998599527666
long	plant_associated_long_nano_sample_19	E1	DASTool	1909	95261342	509	43128800	26.663174436877945	45.27418897793819
long	plant_associated_long_nano_sample_19	E2	DASTool	1978	95517719	262	48857125	13.245702730030334	51.14980289677981
long	plant_associated_long_nano_sample_2	E1	DASTool	2730	114842269	207	38087220	7.582417582417582	33.164809726983016
long	plant_associated_long_nano_sample_2	E2	DASTool	2661	114758567	615	54600421	23.11161217587373	47.57851411651036
long	plant_associated_long_nano_sample_20	E1	DASTool	1880	93143413	288	42130067	15.319148936170214	45.231397092996794
long	plant_associated_long_nano_sample_20	E2	DASTool	1891	93373538	282	43250809	14.91274457958752	46.32019941238598
long	plant_associated_long_nano_sample_3	E1	DASTool	2870	118999438	496	48990264	17.282229965156795	41.16848350157755
long	plant_associated_long_nano_sample_3	E2	DASTool	2894	117862873	359	44423916	12.40497581202488	37.69118711368931
long	plant_associated_long_nano_sample_4	E1	DASTool	2640	115503850	261	48611781	9.886363636363637	42.086719187282505
long	plant_associated_long_nano_sample_4	E2	DASTool	2617	115338976	179	38953879	6.839893007260222	33.77338723728568
long	plant_associated_long_nano_sample_5	E1	DASTool	2498	96362394	407	49911572	16.293034427542032	51.79569532072854
long	plant_associated_long_nano_sample_5	E2	DASTool	2476	95808700	655	55717514	26.45395799676898	58.154962962653705
long	plant_associated_long_nano_sample_6	E1	DASTool	2520	103112433	225	27904653	8.928571428571429	27.06235532236932
long	plant_associated_long_nano_sample_6	E2	DASTool	2518	102629216	430	38445671	17.077045274027004	37.46074704497401
long	plant_associated_long_nano_sample_7	E1	DASTool	2478	98641991	142	33166648	5.73042776432607	33.623254826638686
long	plant_associated_long_nano_sample_7	E2	DASTool	2455	99613598	173	33517414	7.04684317718941	33.64742833603902
long	plant_associated_long_nano_sample_8	E1	DASTool	2264	85123012	147	31739842	6.492932862190813	37.28702880015571
long	plant_associated_long_nano_sample_8	E2	DASTool	2268	85331279	184	37637327	8.112874779541446	44.107304427020246
long	plant_associated_long_nano_sample_9	E1	DASTool	2255	87504447	293	41487994	12.993348115299336	47.412440650016336
long	plant_associated_long_nano_sample_9	E2	DASTool	2270	87802028	460	50915449	20.26431718061674	57.98892139484523
long	toy_humangut_long_sample_0	E1	DASTool	4961	166701747	957	68006450	19.290465631929045	40.79528332717473
long	toy_humangut_long_sample_0	E2	DASTool	4966	166588591	993	63301881	19.99597261377366	37.998929350449934
long	toy_humangut_long_sample_1	E1	DASTool	7204	203966248	1256	74812729	17.434758467518044	36.678974944913435
long	toy_humangut_long_sample_1	E2	DASTool	7206	203819945	1059	69339028	14.69608659450458	34.01974620295379
long	toy_humangut_long_sample_10	E1	DASTool	3423	161754243	688	65978883	20.099328074788197	40.78958411001312
long	toy_humangut_long_sample_10	E2	DASTool	3449	161566585	714	67151174	20.701652652942883	41.56253844196806
long	toy_humangut_long_sample_11	E1	DASTool	5515	176109065	730	61068681	13.236627379873074	34.676625533160376
long	toy_humangut_long_sample_11	E2	DASTool	5505	176026482	655	57085140	11.89827429609446	32.429859048140266
long	toy_humangut_long_sample_12	E1	DASTool	4997	151472428	832	63239032	16.6499899939964	41.74953345304533
long	toy_humangut_long_sample_12	E2	DASTool	4972	151777615	734	62716791	14.762670957361223	41.32150251537422
long	toy_humangut_long_sample_13	E1	DASTool	3813	161881599	987	72055759	25.885129819040127	44.511395640464364
long	toy_humangut_long_sample_13	E2	DASTool	3824	161855276	896	70600584	23.430962343096233	43.619575305039795
long	toy_humangut_long_sample_14	E1	DASTool	5175	152615789	772	71695401	14.917874396135266	46.9777088398108
long	toy_humangut_long_sample_14	E2	DASTool	5194	152399989	595	65505513	11.455525606469003	42.98262318116046
long	toy_humangut_long_sample_15	E1	DASTool	5780	164968094	702	63791151	12.145328719723183	38.668781006829114
long	toy_humangut_long_sample_15	E2	DASTool	5823	165265500	535	54848834	9.18770393268075	33.18831456051021
long	toy_humangut_long_sample_16	E1	DASTool	4402	143957290	975	78951418	22.14902317128578	54.84364008241611
long	toy_humangut_long_sample_16	E2	DASTool	4437	144122113	998	79047246	22.492675231011944	54.84740984889668
long	toy_humangut_long_sample_17	E1	DASTool	4772	179405041	840	65774317	17.60268231349539	36.662468698412994
long	toy_humangut_long_sample_17	E2	DASTool	4777	179340789	552	55574040	11.555369478752356	30.987953331687418
long	toy_humangut_long_sample_18	E1	DASTool	4395	168156085	753	69188872	17.133105802047783	41.145624911521935
long	toy_humangut_long_sample_18	E2	DASTool	4416	168427915	764	66005011	17.30072463768116	39.18887851814825
long	toy_humangut_long_sample_19	E1	DASTool	5671	177760514	594	57172061	10.474343149356374	32.1624075636955
long	toy_humangut_long_sample_19	E2	DASTool	5676	178135733	598	56022632	10.535588442565187	31.44940717761551
long	toy_humangut_long_sample_2	E1	DASTool	4156	160936308	508	62867629	12.223291626564004	39.06367045527104
long	toy_humangut_long_sample_2	E2	DASTool	4194	161570983	542	64670357	12.923223652837386	40.02597236163377
long	toy_humangut_long_sample_3	E1	DASTool	3316	154529344	686	76304215	20.6875753920386	49.37846303159095
long	toy_humangut_long_sample_3	E2	DASTool	3311	154430709	632	72363703	19.087888855330714	46.85836351369726
long	toy_humangut_long_sample_4	E1	DASTool	4985	171740864	951	69757536	19.077231695085256	40.617902096963945
long	toy_humangut_long_sample_4	E2	DASTool	5032	171967000	985	68381433	19.574721780604133	39.76427628556642
long	toy_humangut_long_sample_5	E1	DASTool	3820	186671862	699	68358374	18.298429319371728	36.619538299778675
long	toy_humangut_long_sample_5	E2	DASTool	3828	186497130	816	74534252	21.316614420062695	39.965361397250454
long	toy_humangut_long_sample_6	E1	DASTool	5512	174608974	1196	93541190	21.69811320754717	53.57181126326302
long	toy_humangut_long_sample_6	E2	DASTool	5542	175288351	984	71279299	17.755322988090942	40.664025072607366
long	toy_humangut_long_sample_7	E1	DASTool	2259	126139099	426	49976999	18.857901726427624	39.62054541074532
long	toy_humangut_long_sample_7	E2	DASTool	2245	125985849	482	50489010	21.469933184855233	40.07514367744587
long	toy_humangut_long_sample_8	E1	DASTool	4475	160973262	821	67928176	18.3463687150838	42.198421747830395
long	toy_humangut_long_sample_8	E2	DASTool	4437	160809419	866	64844360	19.517692134324996	40.32373252962253
long	toy_humangut_long_sample_9	E1	DASTool	3171	135372950	652	60138336	20.561337117628508	44.42418961838388
long	toy_humangut_long_sample_9	E2	DASTool	3165	135304730	673	57668596	21.263823064770932	42.621271259327
long	plant_associated_long_nano_sample_0	E1	MetaBAT2	3135	128733949	2485	124367669	79.26634768740031	96.60829172575139
long	plant_associated_long_nano_sample_0	E2	MetaBAT2	3102	129274748	2487	125195812	80.17408123791103	96.84475424388373
long	plant_associated_long_nano_sample_1	E1	MetaBAT2	2411	105542168	2097	102332360	86.976358357528	96.95874354220201
long	plant_associated_long_nano_sample_1	E2	MetaBAT2	2423	106072065	2130	102930089	87.90755262071812	97.03788551679465
long	plant_associated_long_nano_sample_10	E1	MetaBAT2	2451	93231602	1693	89105697	69.07384740922073	95.57456386944847
long	plant_associated_long_nano_sample_10	E2	MetaBAT2	2395	92696436	1658	88216632	69.22755741127348	95.16723167220798
long	plant_associated_long_nano_sample_11	E1	MetaBAT2	1930	84005207	1331	79698439	68.96373056994818	94.87321303785372
long	plant_associated_long_nano_sample_11	E2	MetaBAT2	1933	83790074	1280	79699764	66.21831350232799	95.1183835927869
long	plant_associated_long_nano_sample_12	E1	MetaBAT2	1544	79954539	1158	75560691	75.0	94.50456715159098
long	plant_associated_long_nano_sample_12	E2	MetaBAT2	1537	80455231	1159	75880159	75.40663630448927	94.31351828447302
long	plant_associated_long_nano_sample_13	E1	MetaBAT2	2171	99832889	1691	96618281	77.89037309995393	96.78001104425617
long	plant_associated_long_nano_sample_13	E2	MetaBAT2	2208	100265785	1678	96098111	75.9963768115942	95.84337368924005
long	plant_associated_long_nano_sample_14	E1	MetaBAT2	1967	86078094	1651	82246963	83.93492628368074	95.54923811393873
long	plant_associated_long_nano_sample_14	E2	MetaBAT2	1938	85781745	1619	82382361	83.53973168214654	96.03717084561524
long	plant_associated_long_nano_sample_15	E1	MetaBAT2	2080	95709757	1574	92186481	75.67307692307692	96.31879119701453
long	plant_associated_long_nano_sample_15	E2	MetaBAT2	2090	95795089	1573	92100324	75.26315789473684	96.14305384694616
long	plant_associated_long_nano_sample_16	E1	MetaBAT2	2683	112881153	1851	108517609	68.98993663809169	96.1343910085681
long	plant_associated_long_nano_sample_16	E2	MetaBAT2	2643	112087981	1788	107013724	67.65039727582293	95.47296957735371
long	plant_associated_long_nano_sample_17	E1	MetaBAT2	2369	114053007	1766	110054813	74.54622203461376	96.49444227279339
long	plant_associated_long_nano_sample_17	E2	MetaBAT2	2363	114295589	1746	110153812	73.8891239949217	96.37625822987798
long	plant_associated_long_nano_sample_18	E1	MetaBAT2	2279	108010474	1775	104142871	77.88503729706011	96.41923337916283
long	plant_associated_long_nano_sample_18	E2	MetaBAT2	2245	108155653	1747	104221816	77.8173719376392	96.3628003799302
long	plant_associated_long_nano_sample_19	E1	MetaBAT2	1909	95261342	1388	90813044	72.70822420115243	95.33042690076736
long	plant_associated_long_nano_sample_19	E2	MetaBAT2	1978	95517719	1448	91245487	73.20525783619819	95.5272885023563
long	plant_associated_long_nano_sample_2	E1	MetaBAT2	2730	114842269	2127	110276663	77.91208791208791	96.0244550723741
long	plant_associated_long_nano_sample_2	E2	MetaBAT2	2661	114758567	2074	110270620	77.94062382562946	96.08922704655244
long	plant_associated_long_nano_sample_20	E1	MetaBAT2	1880	93143413	1290	88259520	68.61702127659575	94.7565878866818
long	plant_associated_long_nano_sample_20	E2	MetaBAT2	1891	93373538	1323	89000418	69.96298254891592	95.31653175656683
long	plant_associated_long_nano_sample_3	E1	MetaBAT2	2870	118999438	2262	114568265	78.81533101045297	96.27630762424273
long	plant_associated_long_nano_sample_3	E2	MetaBAT2	2894	117862873	2224	112744707	76.84865238424327	95.65752482548088
long	plant_associated_long_nano_sample_4	E1	MetaBAT2	2640	115503850	2070	109899255	78.4090909090909	95.14769853991879
long	plant_associated_long_nano_sample_4	E2	MetaBAT2	2617	115338976	2077	110403081	79.36568589988536	95.720531626707
long	plant_associated_long_nano_sample_5	E1	MetaBAT2	2498	96362394	1905	92009257	76.26100880704564	95.48253543804651
long	plant_associated_long_nano_sample_5	E2	MetaBAT2	2476	95808700	1926	91543300	77.78675282714055	95.54800346941353
long	plant_associated_long_nano_sample_6	E1	MetaBAT2	2520	103112433	2018	99676125	80.07936507936508	96.66741643076155
long	plant_associated_long_nano_sample_6	E2	MetaBAT2	2518	102629216	1971	98915216	78.27640984908658	96.38114745025432
long	plant_associated_long_nano_sample_7	E1	MetaBAT2	2478	98641991	1882	94702214	75.94834543987086	96.00598390192671
long	plant_associated_long_nano_sample_7	E2	MetaBAT2	2455	99613598	1902	95421240	77.4745417515275	95.7913798074034
long	plant_associated_long_nano_sample_8	E1	MetaBAT2	2264	85123012	1510	80769369	66.69611307420494	94.88546880836407
long	plant_associated_long_nano_sample_8	E2	MetaBAT2	2268	85331279	1474	80380088	64.99118165784833	94.19768336063497
long	plant_associated_long_nano_sample_9	E1	MetaBAT2	2255	87504447	1425	83050294	63.19290465631929	94.90979812717404
long	plant_associated_long_nano_sample_9	E2	MetaBAT2	2270	87802028	1421	82992589	62.59911894273128	94.52240556448196
long	toy_humangut_long_sample_0	E1	MetaBAT2	4961	166701747	3838	150207500	77.36343479137271	90.10553440690697
long	toy_humangut_long_sample_0	E2	MetaBAT2	4966	166588591	3914	151344288	78.8159484494563	90.84913143901913
long	toy_humangut_long_sample_1	E1	MetaBAT2	7204	203966248	5806	183325994	80.5941143808995	89.88055415913715
long	toy_humangut_long_sample_1	E2	MetaBAT2	7206	203819945	5836	183924796	80.98806550097142	90.23886057863474
long	toy_humangut_long_sample_10	E1	MetaBAT2	3423	161754243	2388	145079071	69.76336546888695	89.69104507508962
long	toy_humangut_long_sample_10	E2	MetaBAT2	3449	161566585	2431	145184658	70.48419831835315	89.86057234545126
long	toy_humangut_long_sample_11	E1	MetaBAT2	5515	176109065	4121	154600081	74.72348141432457	87.78655488290737
long	toy_humangut_long_sample_11	E2	MetaBAT2	5505	176026482	4169	156124318	75.73115349682107	88.69365349243303
long	toy_humangut_long_sample_12	E1	MetaBAT2	4997	151472428	4068	135742160	81.40884530718431	89.61509483428891
long	toy_humangut_long_sample_12	E2	MetaBAT2	4972	151777615	4102	136740586	82.50201126307321	90.09272283004316
long	toy_humangut_long_sample_13	E1	MetaBAT2	3813	161881599	2508	141792081	65.77498033044847	87.58999285644565
long	toy_humangut_long_sample_13	E2	MetaBAT2	3824	161855276	2516	141517527	65.7949790794979	87.43460855733859
long	toy_humangut_long_sample_14	E1	MetaBAT2	5175	152615789	4375	139640657	84.54106280193237	91.49817192243458
long	toy_humangut_long_sample_14	E2	MetaBAT2	5194	152399989	4377	138698517	84.27031189834425	91.00953215948067
long	toy_humangut_long_sample_15	E1	MetaBAT2	5780	164968094	4521	145788246	78.21799307958477	88.37360150381564
long	toy_humangut_long_sample_15	E2	MetaBAT2	5823	165265500	4536	146133385	77.89799072642967	88.42340657911058
long	toy_humangut_long_sample_16	E1	MetaBAT2	4402	143957290	3608	131597229	81.96274420717856	91.41407774486447
long	toy_humangut_long_sample_16	E2	MetaBAT2	4437	144122113	3667	131670272	82.64593193599279	91.36021479229909
long	toy_humangut_long_sample_17	E1	MetaBAT2	4772	179405041	3758	164014253	78.75104777870914	91.42120649775944
long	toy_humangut_long_sample_17	E2	MetaBAT2	4777	179340789	3844	165558448	80.46891354406532	92.31499923868407
long	toy_humangut_long_sample_18	E1	MetaBAT2	4395	168156085	3621	155347469	82.38907849829351	92.38290068420658
long	toy_humangut_long_sample_18	E2	MetaBAT2	4416	168427915	3627	154989774	82.13315217391305	92.02142887062396
long	toy_humangut_long_sample_19	E1	MetaBAT2	5671	177760514	4583	159531769	80.81467113383883	89.74533511981181
long	toy_humangut_long_sample_19	E2	MetaBAT2	5676	178135733	4527	158870290	79.7568710359408	89.18496436646993
long	toy_humangut_long_sample_2	E1	MetaBAT2	4156	160936308	3214	146844655	77.3339749759384	91.24395658436504
long	toy_humangut_long_sample_2	E2	MetaBAT2	4194	161570983	3300	148194852	78.68383404864092	91.72120466705337
long	toy_humangut_long_sample_3	E1	MetaBAT2	3316	154529344	2599	143444835	78.37756332931242	92.8269228917454
long	toy_humangut_long_sample_3	E2	MetaBAT2	3311	154430709	2612	143094493	78.88855330715796	92.65935119160788
long	toy_humangut_long_sample_4	E1	MetaBAT2	4985	171740864	4031	156673475	80.86258776328987	91.22667217977894
long	toy_humangut_long_sample_4	E2	MetaBAT2	5032	171967000	4087	157556264	81.2201907790143	91.62005733658202
long	toy_humangut_long_sample_5	E1	MetaBAT2	3820	186671862	3033	173111940	79.3979057591623	92.73595824527641
long	toy_humangut_long_sample_5	E2	MetaBAT2	3828	186497130	3024	172688253	78.99686520376176	92.59566246408188
long	toy_humangut_long_sample_6	E1	MetaBAT2	5512	174608974	4426	158341331	80.29753265602322	90.68338663968096
long	toy_humangut_long_sample_6	E2	MetaBAT2	5542	175288351	4514	159492389	81.4507398051245	90.98858428989385
long	toy_humangut_long_sample_7	E1	MetaBAT2	2259	126139099	1424	113245298	63.036741921204076	89.77810916502582
long	toy_humangut_long_sample_7	E2	MetaBAT2	2245	125985849	1555	114737616	69.26503340757239	91.07182823366138
long	toy_humangut_long_sample_8	E1	MetaBAT2	4475	160973262	3604	146435643	80.53631284916202	90.96892314948553
long	toy_humangut_long_sample_8	E2	MetaBAT2	4437	160809419	3546	145947534	79.91886409736308	90.75807555775076
long	toy_humangut_long_sample_9	E1	MetaBAT2	3171	135372950	2530	125028357	79.78555660674866	92.35844901067755
long	toy_humangut_long_sample_9	E2	MetaBAT2	3165	135304730	2476	123885337	78.23064770932069	91.56024109430616
long	plant_associated_long_nano_sample_0	E1	SemiBin2	3135	128733949	2642	124756287	84.274322169059	96.91016858342472
long	plant_associated_long_nano_sample_0	E2	SemiBin2	3102	129274748	2680	125628247	86.39587362991618	97.17926272809288
long	plant_associated_long_nano_sample_1	E1	SemiBin2	2411	105542168	2222	102761151	92.16092907507259	97.36501812242477
long	plant_associated_long_nano_sample_1	E2	SemiBin2	2423	106072065	2234	103103104	92.19975237309121	97.20099632264159
long	plant_associated_long_nano_sample_10	E1	SemiBin2	2451	93231602	2152	89097533	87.80089759281925	95.56580718198964
long	plant_associated_long_nano_sample_10	E2	SemiBin2	2395	92696436	1452	83560079	60.626304801670145	90.14378826819188
long	plant_associated_long_nano_sample_11	E1	SemiBin2	1930	84005207	1444	80244233	74.81865284974093	95.52292752519496
long	plant_associated_long_nano_sample_11	E2	SemiBin2	1933	83790074	1429	80275174	73.92653905845836	95.80511171287425
long	plant_associated_long_nano_sample_12	E1	SemiBin2	1544	79954539	1374	77940403	88.98963730569949	97.48089848907765
long	plant_associated_long_nano_sample_12	E2	SemiBin2	1537	80455231	1370	78605199	89.13467794404684	97.7005447911771
long	plant_associated_long_nano_sample_13	E1	SemiBin2	2171	99832889	1987	97063597	91.52464302164901	97.22607246195189
long	plant_associated_long_nano_sample_13	E2	SemiBin2	2208	100265785	1793	96674426	81.20471014492753	96.41816099081058
long	plant_associated_long_nano_sample_14	E1	SemiBin2	1967	86078094	1795	83497805	91.25571936959837	97.00238599613974
long	plant_associated_long_nano_sample_14	E2	SemiBin2	1938	85781745	1781	83550767	91.89886480908153	97.39923919710424
long	plant_associated_long_nano_sample_15	E1	SemiBin2	2080	95709757	1883	93082000	90.52884615384616	97.25445233342302
long	plant_associated_long_nano_sample_15	E2	SemiBin2	2090	95795089	1914	93226954	91.57894736842105	97.31913710106788
long	plant_associated_long_nano_sample_16	E1	SemiBin2	2683	112881153	2105	108932671	78.45695117405889	96.50208923716433
long	plant_associated_long_nano_sample_16	E2	SemiBin2	2643	112087981	2147	108594290	81.23344684071131	96.88308151433293
long	plant_associated_long_nano_sample_17	E1	SemiBin2	2369	114053007	2086	108736768	88.05403123680878	95.3387997915741
long	plant_associated_long_nano_sample_17	E2	SemiBin2	2363	114295589	2076	109071387	87.85442234447736	95.42921818268945
long	plant_associated_long_nano_sample_18	E1	SemiBin2	2279	108010474	1814	104287175	79.59631417288284	96.55283523707155
long	plant_associated_long_nano_sample_18	E2	SemiBin2	2245	108155653	2029	105593902	90.37861915367483	97.63142200250967
long	plant_associated_long_nano_sample_19	E1	SemiBin2	1909	95261342	1450	91395287	75.95599790466213	95.94163286089335
long	plant_associated_long_nano_sample_19	E2	SemiBin2	1978	95517719	1616	92476286	81.69868554095045	96.81584418907659
long	plant_associated_long_nano_sample_2	E1	SemiBin2	2730	114842269	2605	112735907	95.42124542124542	98.16586521814541
long	plant_associated_long_nano_sample_2	E2	SemiBin2	2661	114758567	2542	112941410	95.52799699361142	98.4165391329782
long	plant_associated_long_nano_sample_20	E1	SemiBin2	1880	93143413	1701	90130480	90.47872340425532	96.76527528575745
long	plant_associated_long_nano_sample_20	E2	SemiBin2	1891	93373538	1706	90383525	90.21681649920677	96.79779403882073
long	plant_associated_long_nano_sample_3	E1	SemiBin2	2870	118999438	2697	116877289	93.97212543554006	98.21667309050653
long	plant_associated_long_nano_sample_3	E2	SemiBin2	2894	117862873	2727	116087465	94.2294402211472	98.49366644914552
long	plant_associated_long_nano_sample_4	E1	SemiBin2	2640	115503850	2480	112830892	93.93939393939394	97.68582778842436
long	plant_associated_long_nano_sample_4	E2	SemiBin2	2617	115338976	2461	112605686	94.03897592663355	97.63021131729138
long	plant_associated_long_nano_sample_5	E1	SemiBin2	2498	96362394	2277	92468227	91.1529223378703	95.95883120130868
long	plant_associated_long_nano_sample_5	E2	SemiBin2	2476	95808700	2264	92088206	91.437802907916	96.11674722650449
long	plant_associated_long_nano_sample_6	E1	SemiBin2	2520	103112433	2164	100189822	85.87301587301587	97.16560756548145
long	plant_associated_long_nano_sample_6	E2	SemiBin2	2518	102629216	2087	99287127	82.88324066719619	96.74353061412843
long	plant_associated_long_nano_sample_7	E1	SemiBin2	2478	98641991	2243	96002574	90.51654560129137	97.32424602013559
long	plant_associated_long_nano_sample_7	E2	SemiBin2	2455	99613598	2172	95409655	88.4725050916497	95.77974986908916
long	plant_associated_long_nano_sample_8	E1	SemiBin2	2264	85123012	1402	79112307	61.92579505300353	92.93880131967134
long	plant_associated_long_nano_sample_8	E2	SemiBin2	2268	85331279	1590	80897169	70.1058201058201	94.80365224573747
long	plant_associated_long_nano_sample_9	E1	SemiBin2	2255	87504447	1991	84451861	88.29268292682927	96.51150758086615
long	plant_associated_long_nano_sample_9	E2	SemiBin2	2270	87802028	1980	84785709	87.22466960352423	96.56463629746685
long	toy_humangut_long_sample_0	E1	SemiBin2	4961	166701747	4458	158653053	89.860915138077	95.17179984922413
long	toy_humangut_long_sample_0	E2	SemiBin2	4966	166588591	4487	158761934	90.35440998791785	95.30180491171811
long	toy_humangut_long_sample_1	E1	SemiBin2	7204	203966248	6785	197161277	94.18378678511938	96.66367790419913
long	toy_humangut_long_sample_1	E2	SemiBin2	7206	203819945	6749	196186834	93.65806272550653	96.2549734767125
long	toy_humangut_long_sample_10	E1	SemiBin2	3423	161754243	3014	155462237	88.05141688577271	96.11014469648255
long	toy_humangut_long_sample_10	E2	SemiBin2	3449	161566585	2818	151119489	81.70484198318353	93.5338758320602
long	toy_humangut_long_sample_11	E1	SemiBin2	5515	176109065	5077	169550838	92.05802357207615	96.27604234909771
long	toy_humangut_long_sample_11	E2	SemiBin2	5505	176026482	5039	169088479	91.53496821071752	96.05854589538409
long	toy_humangut_long_sample_12	E1	SemiBin2	4997	151472428	4437	141585618	88.79327596557935	93.47286490977751
long	toy_humangut_long_sample_12	E2	SemiBin2	4972	151777615	4464	142830649	89.78278358809332	94.10521373655793
long	toy_humangut_long_sample_13	E1	SemiBin2	3813	161881599	3362	154350717	88.17204301075269	95.34790733071522
long	toy_humangut_long_sample_13	E2	SemiBin2	3824	161855276	3428	155254173	89.64435146443515	95.92160159178252
long	toy_humangut_long_sample_14	E1	SemiBin2	5175	152615789	4770	144609681	92.17391304347827	94.75407619849871
long	toy_humangut_long_sample_14	E2	SemiBin2	5194	152399989	4774	143548766	91.91374663072776	94.19211047318383
long	toy_humangut_long_sample_15	E1	SemiBin2	5780	164968094	5222	156237011	90.34602076124567	94.70741111914647
long	toy_humangut_long_sample_15	E2	SemiBin2	5823	165265500	5283	157377000	90.72642967542504	95.2267714677292
long	toy_humangut_long_sample_16	E1	SemiBin2	4402	143957290	4064	137222826	92.3216719672876	95.32190137783228
long	toy_humangut_long_sample_16	E2	SemiBin2	4437	144122113	4093	137252912	92.24701374802795	95.23376332957316
long	toy_humangut_long_sample_17	E1	SemiBin2	4772	179405041	4325	171339948	90.63285834031852	95.50453378843463
long	toy_humangut_long_sample_17	E2	SemiBin2	4777	179340789	4285	170854090	89.70064894285116	95.26783669943596
long	toy_humangut_long_sample_18	E1	SemiBin2	4395	168156085	3974	160885731	90.42093287827076	95.67642526882094
long	toy_humangut_long_sample_18	E2	SemiBin2	4416	168427915	3968	160366812	89.85507246376811	95.21391510427473
long	toy_humangut_long_sample_19	E1	SemiBin2	5671	177760514	5179	168631588	91.32428143184623	94.8644804211131
long	toy_humangut_long_sample_19	E2	SemiBin2	5676	178135733	5216	170179659	91.89570119802679	95.53370125914041
long	toy_humangut_long_sample_2	E1	SemiBin2	4156	160936308	3208	148034495	77.18960538979788	91.98328011849259
long	toy_humangut_long_sample_2	E2	SemiBin2	4194	161570983	3799	155388849	90.58178350023843	96.17373498309409
long	toy_humangut_long_sample_3	E1	SemiBin2	3316	154529344	2907	147128600	87.66586248492159	95.21078404370887
long	toy_humangut_long_sample_3	E2	SemiBin2	3311	154430709	2936	147969723	88.67411658109333	95.81625569044043
long	toy_humangut_long_sample_4	E1	SemiBin2	4985	171740864	4587	164390618	92.0160481444333	95.72015312558344
long	toy_humangut_long_sample_4	E2	SemiBin2	5032	171967000	4549	163724161	90.40143084260731	95.2067321055784
long	toy_humangut_long_sample_5	E1	SemiBin2	3820	186671862	3142	175700099	82.25130890052355	94.12243340670165
long	toy_humangut_long_sample_5	E2	SemiBin2	3828	186497130	3394	179356189	88.662486938349	96.17101828859244
long	toy_humangut_long_sample_6	E1	SemiBin2	5512	174608974	4986	165920477	90.45718432510886	95.02402608470742
long	toy_humangut_long_sample_6	E2	SemiBin2	5542	175288351	4986	166787991	89.96752075063154	95.15064181304324
long	toy_humangut_long_sample_7	E1	SemiBin2	2259	126139099	1433	114818194	63.435148295706064	91.02506273649537
long	toy_humangut_long_sample_7	E2	SemiBin2	2245	125985849	1815	119034482	80.84632516703786	94.48242238697776
long	toy_humangut_long_sample_8	E1	SemiBin2	4475	160973262	4069	153487334	90.92737430167598	95.34958296366014
long	toy_humangut_long_sample_8	E2	SemiBin2	4437	160809419	4025	153407224	90.71444669821952	95.39691453023657
long	toy_humangut_long_sample_9	E1	SemiBin2	3171	135372950	2722	127338212	85.8404288867865	94.06473893048796
long	toy_humangut_long_sample_9	E2	SemiBin2	3165	135304730	2674	126627086	84.4865718799368	93.58659227951603
short	marine_sample_0	E1	COMEBin	400745	377598989	65674	200522165	16.3879773921072	53.10452910137426
short	marine_sample_0	E2	COMEBin	400739	377604743	66439	201770150	16.579120075660217	53.43422023700587
short	marine_sample_1	E1	COMEBin	507940	454826949	64662	208821536	12.73024372957436	45.91230498965003
short	marine_sample_1	E2	COMEBin	507941	454824936	77248	229833760	15.208065503670701	50.53235691545285
short	marine_sample_2	E1	COMEBin	523223	441134781	81325	206664307	15.543085835293939	46.848336585820014
short	marine_sample_2	E2	COMEBin	523221	441132869	81518	206812572	15.580032147027739	46.8821496953563
short	marine_sample_3	E1	COMEBin	523073	444867952	73189	204248681	13.992119646779704	45.91220385324587
short	marine_sample_3	E2	COMEBin	523072	444867801	64824	189475800	12.392940168848648	42.59148438571754
short	marine_sample_4	E1	COMEBin	359349	351494838	56480	194217894	15.717311026328165	55.254835349815295
short	marine_sample_4	E2	COMEBin	359348	351494667	57104	195205731	15.891002593586162	55.53590120330332
short	marine_sample_5	E1	COMEBin	400401	372134962	51146	192184813	12.77369437139268	51.643847696309706
short	marine_sample_5	E2	COMEBin	400432	372148234	48107	187889850	12.013775122867303	50.487905848829044
short	marine_sample_6	E1	COMEBin	456678	418993902	69817	214790559	15.288014749998904	51.26340931806688
short	marine_sample_6	E2	COMEBin	456675	418991317	68986	213350932	15.106147698034707	50.92013207519525
short	marine_sample_7	E1	COMEBin	428138	401963165	64050	205159027	14.960129677814162	51.039260525277236
short	marine_sample_7	E2	COMEBin	428154	401954728	71273	216605587	16.64658043601134	53.88805552251148
short	marine_sample_8	E1	COMEBin	539580	430454141	69937	184871228	12.961377367582193	42.947949709699735
short	marine_sample_8	E2	COMEBin	539580	430454141	63539	175456169	11.77564031283591	40.76071113926164
short	marine_sample_9	E1	COMEBin	416919	398366177	19837	134544247	4.757998556074441	33.77401365076232
short	marine_sample_9	E2	COMEBin	416918	398366036	59306	205087788	14.224859564710567	51.48224734701028
short	strain_sample_0	E1	COMEBin	54646	56630633	9944	33878498	18.197123302712	59.8236258457503
short	strain_sample_0	E2	COMEBin	54669	56635272	9968	33777080	18.233368087947465	59.63965353605082
short	strain_sample_1	E1	COMEBin	53281	57813200	10610	36321154	19.91328991572981	62.825019199767524
short	strain_sample_1	E2	COMEBin	53296	57817030	10614	36246538	19.91519063344341	62.69180205209434
short	strain_sample_10	E1	COMEBin	40876	54229081	7653	36966820	18.722477737547706	68.16788947612814
short	strain_sample_10	E2	COMEBin	40884	54231920	7653	36783403	18.718814206046375	67.82611237072189
short	strain_sample_11	E1	COMEBin	50823	50121144	7085	27901242	13.940538732463649	55.667608065769606
short	strain_sample_11	E2	COMEBin	50871	50133116	3932	21189640	7.729354642134025	42.2667523798042
short	strain_sample_12	E1	COMEBin	52517	56785706	7103	33874329	13.525144239008322	59.65291511916749
short	strain_sample_12	E2	COMEBin	52511	56784938	7163	34300661	13.640951419702539	60.4045055046111
short	strain_sample_13	E1	COMEBin	53556	49842351	6774	26935829	12.648442751512436	54.04205150756231
short	strain_sample_13	E2	COMEBin	53586	49844101	6789	26983606	12.669353935729482	54.13600698706553
short	strain_sample_14	E1	COMEBin	50131	56473542	8630	35041641	17.21489696993876	62.04966035245319
short	strain_sample_14	E2	COMEBin	50129	56472715	8657	35044733	17.26944483233258	62.05604423304245
short	strain_sample_15	E1	COMEBin	47163	54465190	7549	34691487	16.006191294022855	63.69478744129966
short	strain_sample_15	E2	COMEBin	47137	54454922	5841	30498160	12.391539554914399	56.00625045427482
short	strain_sample_16	E1	COMEBin	47494	51556369	8075	29858000	17.002147639701857	57.91331038072134
short	strain_sample_16	E2	COMEBin	47509	51559361	8543	31451187	17.981856069376327	60.999954983926195
short	strain_sample_17	E1	COMEBin	50651	49083121	7303	27014304	14.418274071587925	55.03786933190332
short	strain_sample_17	E2	COMEBin	50644	49080887	7378	26872033	14.568359529263091	54.75050399965266
short	strain_sample_18	E1	COMEBin	37166	45945885	5812	30323211	15.637948662756283	65.99766442631369
short	strain_sample_18	E2	COMEBin	37176	45949800	5817	30339612	15.647191736604261	66.02773461473173
short	strain_sample_19	E1	COMEBin	32577	41843113	7189	29165576	22.06771648709212	69.70221359964303
short	strain_sample_19	E2	COMEBin	32578	41843307	7096	28957374	21.78157038492234	69.20431504135178
short	strain_sample_2	E1	COMEBin	40784	44175961	8575	27661229	21.025402118477835	62.6160209621699
short	strain_sample_2	E2	COMEBin	40795	44182240	8563	27722298	20.99031744086285	62.745342925121044
short	strain_sample_20	E1	COMEBin	60166	55535152	8587	29109911	14.272180301166772	52.41709071040267
short	strain_sample_20	E2	COMEBin	60166	55534409	8603	29386116	14.29877339361101	52.915150316986356
short	strain_sample_21	E1	COMEBin	31732	35876584	5230	22818063	16.481784948947436	63.6015485755277
short	strain_sample_21	E2	COMEBin	31736	35877154	5260	22794036	16.574237459037057	63.53356790786694
short	strain_sample_22	E1	COMEBin	63735	59678302	11217	32417588	17.599435161214405	54.3205602599082
short	strain_sample_22	E2	COMEBin	63734	59678725	11281	32525081	17.700128659742052	54.50029470301183
short	strain_sample_23	E1	COMEBin	35025	41116853	5389	25822771	15.386152748037116	62.803374081182724
short	strain_sample_23	E2	COMEBin	35025	41116450	5434	25938252	15.514632405424697	63.08485289950859
short	strain_sample_24	E1	COMEBin	37143	40329519	5092	24491178	13.709178041622916	60.72767195661322
short	strain_sample_24	E2	COMEBin	37142	40329993	5099	24543267	13.72839373216305	60.856115199424906
short	strain_sample_25	E1	COMEBin	38819	49708559	6097	33450654	15.706226332466061	67.29354999005302
short	strain_sample_25	E2	COMEBin	38806	49705631	6108	33593768	15.739834046281503	67.5854371509739
short	strain_sample_26	E1	COMEBin	51316	54261158	8250	32201647	16.076857120586173	59.345668590412316
short	strain_sample_26	E2	COMEBin	51306	54257299	8174	32056962	15.931859821463377	59.083224913204766
short	strain_sample_27	E1	COMEBin	53817	57335701	11373	35594170	21.132727576788003	62.08029095170564
short	strain_sample_27	E2	COMEBin	53815	57334825	11523	35797554	21.412245656415497	62.435969761833235
short	strain_sample_28	E1	COMEBin	35772	41712264	7584	27011345	21.200939282120093	64.75636278097971
short	strain_sample_28	E2	COMEBin	35774	41712083	7586	26970179	21.205344663722258	64.6579529485497
short	strain_sample_29	E1	COMEBin	47354	46134690	5855	25714573	12.364319804029227	55.73804224109883
short	strain_sample_29	E2	COMEBin	47347	46130781	5785	25477697	12.218303165987285	55.22927738856188
short	strain_sample_3	E1	COMEBin	46514	52694305	8315	33294898	17.876338306746355	63.18500262979083
short	strain_sample_3	E2	COMEBin	46538	52707590	8230	33009668	17.684472903863508	62.62792132973638
short	strain_sample_30	E1	COMEBin	58703	53396235	8034	27453586	13.68584229085396	51.41483477252657
short	strain_sample_30	E2	COMEBin	58685	53389448	8157	27807683	13.899633637215643	52.08460480805121
short	strain_sample_31	E1	COMEBin	44819	49413774	7347	30860797	16.392601352105135	62.45383524035221
short	strain_sample_31	E2	COMEBin	44871	49435341	7343	30623639	16.364689888792316	61.94685498376556
short	strain_sample_32	E1	COMEBin	48953	47385881	7924	26767036	16.18695483422875	56.48736593079276
short	strain_sample_32	E2	COMEBin	48982	47393871	7925	26726951	16.179412845535094	56.39326443708301
short	strain_sample_33	E1	COMEBin	45696	53160094	10069	34727991	22.034751400560225	65.32718132514965
short	strain_sample_33	E2	COMEBin	45717	53163537	10203	35139600	22.317737384342806	66.09718236015786
short	strain_sample_34	E1	COMEBin	43024	46812418	7393	28587950	17.18343250278914	61.06915904237205
short	strain_sample_34	E2	COMEBin	43030	46812931	7337	28573040	17.050894724610735	61.03663964129911
short	strain_sample_35	E1	COMEBin	65832	56555153	8088	27466386	12.285818446955888	48.56566474146043
short	strain_sample_35	E2	COMEBin	65759	56540848	8144	27766921	12.384616554387993	49.10948806427523
short	strain_sample_36	E1	COMEBin	58448	54274897	7870	29083496	13.464960306597318	53.585538817328384
short	strain_sample_36	E2	COMEBin	58490	54286468	7864	28861971	13.445033339032314	53.166050515572316
short	strain_sample_37	E1	COMEBin	53281	49383838	7595	25738856	14.254612338357013	52.11999925967682
short	strain_sample_37	E2	COMEBin	53313	49389812	7676	25825859	14.397989233395231	52.289850789470506
short	strain_sample_38	E1	COMEBin	46104	52095538	8211	32861425	17.809734513274336	63.079154686913874
short	strain_sample_38	E2	COMEBin	46074	52088688	8249	32914039	17.90380691930373	63.18845849985701
short	strain_sample_39	E1	COMEBin	58952	52277598	8227	26787513	13.955421359750305	51.24090246074427
short	strain_sample_39	E2	COMEBin	58942	52271433	8136	26796882	13.803399952495674	51.264869665999015
short	strain_sample_4	E1	COMEBin	50573	59331967	9899	38432280	19.573685563442943	64.77499726243695
short	strain_sample_4	E2	COMEBin	50558	59326137	7658	32977196	15.146959927212311	55.586285687200565
short	strain_sample_40	E1	COMEBin	57911	60222112	10474	35932827	18.08637391859923	59.66716511038337
short	strain_sample_40	E2	COMEBin	57951	60238364	8246	30022015	14.229262652930924	49.83869581849866
short	strain_sample_41	E1	COMEBin	55468	51680867	5055	22455122	9.113362659551454	43.449584543541036
short	strain_sample_41	E2	COMEBin	55474	51680170	7319	27836875	13.193568158056026	53.86374503025048
short	strain_sample_42	E1	COMEBin	38226	41110781	5535	24202702	14.479673520640402	58.87191002282346
short	strain_sample_42	E2	COMEBin	38231	41113120	5641	24403666	14.7550417200701	59.357368158874834
short	strain_sample_43	E1	COMEBin	32623	39528394	4600	25303549	14.100481255555897	64.01360247522325
short	strain_sample_43	E2	COMEBin	32628	39531563	4675	25791954	14.328184381512811	65.24395202891421
short	strain_sample_44	E1	COMEBin	45618	59957479	8367	40994796	18.341444166776274	68.37311488696848
short	strain_sample_44	E2	COMEBin	45610	59957292	8387	41062080	18.38851129138347	68.48554801307571
short	strain_sample_45	E1	COMEBin	44453	48227348	7321	29599924	16.469079702157334	61.375806938420084
short	strain_sample_45	E2	COMEBin	44470	48228989	7400	29892520	16.64043175174275	61.980399381790896
short	strain_sample_46	E1	COMEBin	30806	35980326	5232	22762077	16.98370447315458	63.2625646582524
short	strain_sample_46	E2	COMEBin	30795	35975845	5446	23191527	17.684689072901445	64.46416199536105
short	strain_sample_47	E1	COMEBin	41518	46952835	6890	29414404	16.59521171540055	62.64670493272664
short	strain_sample_47	E2	COMEBin	41533	46947291	6841	29359926	16.47123973707654	62.53806210032438
short	strain_sample_48	E1	COMEBin	53071	55110544	8817	31895022	16.6135931111153	57.87462740342392
short	strain_sample_48	E2	COMEBin	53082	55116662	8771	31754875	16.523491955841905	57.61392988566688
short	strain_sample_49	E1	COMEBin	47069	45990802	7119	26182322	15.124604304319192	56.92947472409809
short	strain_sample_49	E2	COMEBin	47082	45995258	7098	26113041	15.075825156110616	56.77333302489574
short	strain_sample_5	E1	COMEBin	55853	55831617	9325	32656155	16.69561169498505	58.49043383429142
short	strain_sample_5	E2	COMEBin	55838	55823189	9335	32794416	16.71800565922848	58.7469411681228
short	strain_sample_50	E1	COMEBin	47024	46516936	6826	26378956	14.515991833957129	56.70828362383971
short	strain_sample_50	E2	COMEBin	47040	46522533	6879	26621914	14.623724489795919	57.22369846027085
short	strain_sample_51	E1	COMEBin	46593	46312630	5467	25707979	11.733522202906016	55.509650391264756
short	strain_sample_51	E2	COMEBin	46599	46315857	5473	25810737	11.744887229339685	55.72764636526104
short	strain_sample_52	E1	COMEBin	61210	57969712	9358	31835395	15.288351576539782	54.91729025667749
short	strain_sample_52	E2	COMEBin	61225	57968900	9278	31530651	15.153940383830134	54.39235693621925
short	strain_sample_53	E1	COMEBin	37620	39673930	6364	24043904	16.916533758639023	60.603786920025314
short	strain_sample_53	E2	COMEBin	37599	39668558	6311	23910985	16.785020878214848	60.27692007357565
short	strain_sample_54	E1	COMEBin	48625	58632823	9820	39064669	20.195372750642672	66.62593919450202
short	strain_sample_54	E2	COMEBin	48621	58631454	9828	39147347	20.213487999012774	66.7685079070357
short	strain_sample_55	E1	COMEBin	44375	46395510	6838	27387625	15.409577464788732	59.030766123704645
short	strain_sample_55	E2	COMEBin	44368	46394996	6874	27429796	15.493148214929679	59.12231569111462
short	strain_sample_56	E1	COMEBin	54867	58240053	5771	27332689	10.518162101080796	46.93108538208233
short	strain_sample_56	E2	COMEBin	54868	58240848	9624	34995594	17.540278486549536	60.08771369537751
short	strain_sample_57	E1	COMEBin	41645	42290756	6500	24727514	15.608116220434626	58.4702576610359
short	strain_sample_57	E2	COMEBin	41645	42288542	6530	24816778	15.680153679913555	58.684402030223694
short	strain_sample_58	E1	COMEBin	55201	60173123	10033	34210893	18.175395373272224	56.85410910116798
short	strain_sample_58	E2	COMEBin	55190	60171197	11042	37095929	20.007247689798877	61.65064158520895
short	strain_sample_59	E1	COMEBin	60758	57855609	10337	32052861	17.013397412686395	55.40147542133728
short	strain_sample_59	E2	COMEBin	60752	57854621	7173	25867981	11.807018698972874	44.71203951020611
short	strain_sample_6	E1	COMEBin	60909	60893830	10618	34621962	17.432563332184078	56.85627263057686
short	strain_sample_6	E2	COMEBin	60898	60891601	10745	34763903	17.644257611087394	57.091458311303064
short	strain_sample_60	E1	COMEBin	50924	52351093	8838	31222939	17.35527452674574	59.64142716179775
short	strain_sample_60	E2	COMEBin	50926	52351882	8809	30902853	17.297647567058085	59.029115705907195
short	strain_sample_61	E1	COMEBin	38663	43381138	5281	26756491	13.659053875798566	61.67770656454425
short	strain_sample_61	E2	COMEBin	38657	43380918	5258	26604427	13.60167628113925	61.327487352849474
short	strain_sample_62	E1	COMEBin	48284	50802018	7606	30047988	15.75263027089719	59.14723308826039
short	strain_sample_62	E2	COMEBin	48247	50785834	7707	30261288	15.974050200012435	59.586080638155906
short	strain_sample_63	E1	COMEBin	29740	43101287	5548	30842282	18.655010087424344	71.55768225668064
short	strain_sample_63	E2	COMEBin	29734	43097811	5521	30749146	18.567969328041972	71.34734986888313
short	strain_sample_64	E1	COMEBin	47023	50576635	8392	30671486	17.846585713374306	60.643587696176304
short	strain_sample_64	E2	COMEBin	47022	50576111	8362	30542117	17.783165326868275	60.3884252784877
short	strain_sample_65	E1	COMEBin	49932	53779189	9721	33925085	19.468477128895298	63.08218035790759
short	strain_sample_65	E2	COMEBin	49886	53766089	9786	34238828	19.616726135589143	63.68108344276259
short	strain_sample_66	E1	COMEBin	54070	52257230	7462	29021393	13.800628814499722	55.535651239072564
short	strain_sample_66	E2	COMEBin	54122	52285821	7454	28821093	13.772587857063671	55.122196512894
short	strain_sample_67	E1	COMEBin	37175	42964589	5016	23477958	13.492938802958978	54.64490303863956
short	strain_sample_67	E2	COMEBin	37194	42972273	5755	26627108	15.472925740710867	61.96346188157187
short	strain_sample_68	E1	COMEBin	36062	47550341	6065	32222101	16.81825744551051	67.76418490878962
short	strain_sample_68	E2	COMEBin	36075	47555958	6066	32303194	16.814968814968815	67.92670226515045
short	strain_sample_69	E1	COMEBin	47505	64456912	10815	46243399	22.766024628986422	71.74311887606406
short	strain_sample_69	E2	COMEBin	47499	64455591	10764	46077718	22.66152971641508	71.48754248487148
short	strain_sample_7	E1	COMEBin	65263	60607482	10019	32704312	15.351730689671024	53.960849256202394
short	strain_sample_7	E2	COMEBin	65284	60613974	10012	32652076	15.336070093744256	53.868891684943804
short	strain_sample_70	E1	COMEBin	45298	44478038	6597	25316164	14.563556889928915	56.918346982841285
short	strain_sample_70	E2	COMEBin	45307	44482523	6565	25255163	14.490034652481956	56.775473369619796
short	strain_sample_71	E1	COMEBin	50563	50856464	8311	29485322	16.436920277673398	57.97753064389219
short	strain_sample_71	E2	COMEBin	50586	50864079	8251	29257599	16.31083699047167	57.52114178652483
short	strain_sample_72	E1	COMEBin	48238	49074843	7300	28968950	15.133297400389734	59.03014300015183
short	strain_sample_72	E2	COMEBin	48254	49082880	7145	28633774	14.807062626932483	58.33759958665832
short	strain_sample_73	E1	COMEBin	43132	46949420	5982	27916219	13.869053139200593	59.460199934312286
short	strain_sample_73	E2	COMEBin	43129	46950532	6023	28329474	13.965081499686985	60.338984018328055
short	strain_sample_74	E1	COMEBin	58041	52892206	7390	25701903	12.73237883565066	48.59298740536555
short	strain_sample_74	E2	COMEBin	58053	52893483	8423	25937727	14.509155426937454	49.03766121811264
short	strain_sample_75	E1	COMEBin	66246	61457339	10789	33106459	16.286266340609245	53.86900822373712
short	strain_sample_75	E2	COMEBin	66251	61460053	10932	33360109	16.50088300553954	54.279336530998435
short	strain_sample_76	E1	COMEBin	36475	47664125	6091	32264241	16.69910897875257	67.6908282696892
short	strain_sample_76	E2	COMEBin	36500	47674258	6086	32137398	16.673972602739727	67.41037899320845
short	strain_sample_77	E1	COMEBin	49284	45039496	7585	23902393	15.39039039039039	53.06985007114645
short	strain_sample_77	E2	COMEBin	49276	45037512	7620	23942766	15.463917525773196	53.161830964374765
short	strain_sample_78	E1	COMEBin	34731	40843005	5432	25819389	15.640206155883792	63.21618353008061
short	strain_sample_78	E2	COMEBin	34711	40836060	5405	25725733	15.571432687044453	62.997588405933385
short	strain_sample_79	E1	COMEBin	49215	54741770	8782	32313314	17.84415320532358	59.028624759484394
short	strain_sample_79	E2	COMEBin	49217	54741984	8988	34145343	18.26198264827194	62.37505567938495
short	strain_sample_8	E1	COMEBin	39481	48301663	7535	31591703	19.085129555988956	65.40500065184091
short	strain_sample_8	E2	COMEBin	39483	48301294	7583	31846996	19.2057341134159	65.93404309209605
short	strain_sample_80	E1	COMEBin	38951	41910658	4934	25007088	12.66719724782419	59.667610086198124
short	strain_sample_80	E2	COMEBin	38964	41913361	4871	24604816	12.501283235807412	58.70399178915764
short	strain_sample_81	E1	COMEBin	48286	55914002	9696	33853359	20.080354554115065	60.54540506687395
short	strain_sample_81	E2	COMEBin	48287	55919791	8215	30928490	17.012860604303437	55.30866522730745
short	strain_sample_82	E1	COMEBin	53331	52025023	7386	25915273	13.849355909321034	49.81309282650389
short	strain_sample_82	E2	COMEBin	53366	52032408	9045	27922114	16.94899374133343	53.662928688597304
short	strain_sample_83	E1	COMEBin	58617	53856277	7456	28125320	12.719859426446252	52.222919159450996
short	strain_sample_83	E2	COMEBin	58605	53853267	7470	27960622	12.746352700281546	51.92001072098374
short	strain_sample_84	E1	COMEBin	58713	59637848	10023	35094647	17.07117674109652	58.84626655207277
short	strain_sample_84	E2	COMEBin	58691	59626448	10096	35337351	17.20195600688351	59.26455823764649
short	strain_sample_85	E1	COMEBin	50105	50745416	6518	28943465	13.008681768286598	57.03660996689829
short	strain_sample_85	E2	COMEBin	50132	50771495	6563	29193509	13.09143860209048	57.499801808081486
short	strain_sample_86	E1	COMEBin	46754	55228068	8523	35490286	18.229456303204003	64.26132089212318
short	strain_sample_86	E2	COMEBin	46743	55224940	8443	35379732	18.06259760819802	64.06477218445144
short	strain_sample_87	E1	COMEBin	53457	50664440	6885	26941463	12.879510634715754	53.176277089019436
short	strain_sample_87	E2	COMEBin	53462	50666503	6893	27002668	12.893269986158392	53.29491163027375
short	strain_sample_88	E1	COMEBin	60843	55826462	8381	29152663	13.774797429449567	52.22015144001065
short	strain_sample_88	E2	COMEBin	60835	55825374	8480	29529956	13.939344127558149	52.897014178534654
short	strain_sample_89	E1	COMEBin	44691	47903641	8476	29372591	18.96578729498109	61.315988486136156
short	strain_sample_89	E2	COMEBin	44709	47909202	8398	29125316	18.783690084770406	60.79273873106882
short	strain_sample_9	E1	COMEBin	52988	53420320	6925	29993717	13.068996753982034	56.14664419831255
short	strain_sample_9	E2	COMEBin	53010	53419901	7075	30344946	13.34653838898321	56.804571764369236
short	strain_sample_90	E1	COMEBin	41777	52968082	8463	35869490	20.257557986451875	67.71906522875418
short	strain_sample_90	E2	COMEBin	41785	52975569	8603	36338781	20.58872801244466	68.59535760720192
short	strain_sample_91	E1	COMEBin	52620	55880739	6970	32576939	13.245914101102242	58.29725873882949
short	strain_sample_91	E2	COMEBin	52620	55881179	6918	32503612	13.14709236031927	58.165580221562614
short	strain_sample_92	E1	COMEBin	56810	58057905	10461	34748579	18.414011617672944	59.85158954667758
short	strain_sample_92	E2	COMEBin	56819	58057212	6034	25793004	10.619687076506098	44.42687327114502
short	strain_sample_93	E1	COMEBin	50654	59311183	8407	37300460	16.596912385991235	62.88942171327117
short	strain_sample_93	E2	COMEBin	50637	59308403	8491	37428887	16.768370954045462	63.10891055353488
short	strain_sample_94	E1	COMEBin	48157	55494403	8827	35429575	18.329630167992192	63.843510488796504
short	strain_sample_94	E2	COMEBin	48158	55495083	8715	35222735	18.096681755886873	63.47001048723542
short	strain_sample_95	E1	COMEBin	56042	57532792	10354	33646074	18.475429142428894	58.481559525218245
short	strain_sample_95	E2	COMEBin	56043	57533313	10535	33996887	18.798065770925895	59.09078623718401
short	strain_sample_96	E1	COMEBin	47866	51348018	8350	31292063	17.44453265365813	60.94113116498479
short	strain_sample_96	E2	COMEBin	47866	51348018	8445	31495517	17.643003384448253	61.33735677976899
short	strain_sample_97	E1	COMEBin	43701	48213742	7478	29420568	17.111736573533786	61.02112547082531
short	strain_sample_97	E2	COMEBin	43710	48216221	7344	29049574	16.80164722031572	60.24854996412929
short	strain_sample_98	E1	COMEBin	73317	69554892	12698	36948103	17.319312028588186	53.120782647466406
short	strain_sample_98	E2	COMEBin	73332	69558863	13113	38186153	17.881688757977418	54.897609525331085
short	strain_sample_99	E1	COMEBin	28168	37704629	5716	26150494	20.29253053109912	69.35618966042604
short	strain_sample_99	E2	COMEBin	28190	37713600	5753	26273728	20.407946080170273	69.66645454159773
short	toy_hmp_airskinurogenital_sample_0	E1	COMEBin	62570	98290975	13761	73638697	21.992967875978902	74.91908285577593
short	toy_hmp_airskinurogenital_sample_0	E2	COMEBin	62564	98288140	13733	73276396	21.950322869381754	74.5526326981058
short	toy_hmp_airskinurogenital_sample_1	E1	COMEBin	135075	129467590	29300	70569111	21.69165278548954	54.5071635302704
short	toy_hmp_airskinurogenital_sample_1	E2	COMEBin	135080	129466838	29748	71186011	22.0225051821143	54.98397280699788
short	toy_hmp_airskinurogenital_sample_10	E1	COMEBin	96350	106284313	13972	60978216	14.501297353399066	57.37273382949749
short	toy_hmp_airskinurogenital_sample_10	E2	COMEBin	96315	106272932	15707	63506380	16.307947879354202	59.757813024298606
short	toy_hmp_airskinurogenital_sample_11	E1	COMEBin	93010	128453338	33011	94802458	35.491882593269544	73.80303188384252
short	toy_hmp_airskinurogenital_sample_11	E2	COMEBin	93004	128453896	33047	94627478	35.53288030622339	73.6664912055295
short	toy_hmp_airskinurogenital_sample_12	E1	COMEBin	85659	69987748	9782	32753602	11.419699039213626	46.79905117107069
short	toy_hmp_airskinurogenital_sample_12	E2	COMEBin	85640	69981044	9867	32800693	11.521485287248948	46.870825476681944
short	toy_hmp_airskinurogenital_sample_13	E1	COMEBin	58171	53586426	6657	29394881	11.44384659022537	54.85508774180984
short	toy_hmp_airskinurogenital_sample_13	E2	COMEBin	58173	53580800	6611	29037464	11.364378663641208	54.19378583373149
short	toy_hmp_airskinurogenital_sample_14	E1	COMEBin	37222	94111202	9683	79544051	26.014185159314383	84.52134210335556
short	toy_hmp_airskinurogenital_sample_14	E2	COMEBin	37221	94114590	9681	78998221	26.00951076005481	83.93833623458382
short	toy_hmp_airskinurogenital_sample_15	E1	COMEBin	63376	64546522	12748	38249928	20.114869982327694	59.25947179617207
short	toy_hmp_airskinurogenital_sample_15	E2	COMEBin	63314	64525569	12715	38157484	20.082446220425183	59.135447530885
short	toy_hmp_airskinurogenital_sample_16	E1	COMEBin	23517	36721906	2720	26362648	11.566101118339924	71.7899773503042
short	toy_hmp_airskinurogenital_sample_16	E2	COMEBin	23554	36733569	2710	26305939	11.505476776768278	71.61280462565453
short	toy_hmp_airskinurogenital_sample_17	E1	COMEBin	119671	150287048	36907	101741801	30.840387395442505	67.69831622482863
short	toy_hmp_airskinurogenital_sample_17	E2	COMEBin	119671	150287109	35010	98936146	29.255208028678627	65.83142536862559
short	toy_hmp_airskinurogenital_sample_18	E1	COMEBin	36622	79974829	16728	69179775	45.677461635082736	86.50193550273174
short	toy_hmp_airskinurogenital_sample_18	E2	COMEBin	36637	79973408	16718	68989085	45.63146545841636	86.26503074622005
short	toy_hmp_airskinurogenital_sample_19	E1	COMEBin	284055	276910938	17014	76424930	5.989685096196159	27.599101195489794
short	toy_hmp_airskinurogenital_sample_19	E2	COMEBin	284054	276912313	58694	146803065	20.66297253339154	53.01427856694838
short	toy_hmp_airskinurogenital_sample_2	E1	COMEBin	36976	76782281	12526	63941227	33.87602769363912	83.27601911175314
short	toy_hmp_airskinurogenital_sample_2	E2	COMEBin	36967	76783520	12526	64108713	33.88427516433576	83.49280288270191
short	toy_hmp_airskinurogenital_sample_20	E1	COMEBin	179411	184647635	32151	107899115	17.920305889828384	58.43514594703582
short	toy_hmp_airskinurogenital_sample_20	E2	COMEBin	179411	184647635	31760	106711255	17.702370534694083	57.791834160237144
short	toy_hmp_airskinurogenital_sample_21	E1	COMEBin	86637	110671656	17024	74988655	19.649803201865254	67.75777801680314
short	toy_hmp_airskinurogenital_sample_21	E2	COMEBin	86633	110669744	16845	73824626	19.444091743331064	66.70714445675414
short	toy_hmp_airskinurogenital_sample_22	E1	COMEBin	14308	58810523	4089	53448062	28.578417668437236	90.88180018395687
short	toy_hmp_airskinurogenital_sample_22	E2	COMEBin	14312	58814551	4183	54016944	29.227221911682506	91.84282304560992
short	toy_hmp_airskinurogenital_sample_23	E1	COMEBin	57747	68478287	10367	44634514	17.952447746203266	65.18053525491956
short	toy_hmp_airskinurogenital_sample_23	E2	COMEBin	57724	68478043	10349	44640667	17.928417989051347	65.18975286720737
short	toy_hmp_airskinurogenital_sample_24	E1	COMEBin	39675	70329125	12169	55954448	30.671707624448644	79.5608476573539
short	toy_hmp_airskinurogenital_sample_24	E2	COMEBin	39655	70319599	12109	55974667	30.535871895095195	79.60037855164674
short	toy_hmp_airskinurogenital_sample_25	E1	COMEBin	93150	141750025	22690	103095062	24.358561460010737	72.73018964194186
short	toy_hmp_airskinurogenital_sample_25	E2	COMEBin	93142	141749654	21403	99792152	22.978892443795495	70.40027907228612
short	toy_hmp_airskinurogenital_sample_26	E1	COMEBin	81574	97564653	13727	63902793	16.827665677789494	65.49789399650712
short	toy_hmp_airskinurogenital_sample_26	E2	COMEBin	81564	97579738	13481	61722863	16.528125153253885	63.253769957857436
short	toy_hmp_airskinurogenital_sample_27	E1	COMEBin	223175	230034985	43790	128297054	19.62137336171166	55.772844291488965
short	toy_hmp_airskinurogenital_sample_27	E2	COMEBin	223175	230034985	44546	129313858	19.960120981292707	56.21486575183336
short	toy_hmp_airskinurogenital_sample_28	E1	COMEBin	22873	46053739	2219	36487988	9.70139465745639	79.22915444498437
short	toy_hmp_airskinurogenital_sample_28	E2	COMEBin	22849	46039789	2221	36645822	9.720337870366318	79.59598164101057
short	toy_hmp_airskinurogenital_sample_3	E1	COMEBin	84233	102815196	16004	61718983	18.999679460543966	60.02904765167204
short	toy_hmp_airskinurogenital_sample_3	E2	COMEBin	84234	102820599	18509	66201474	21.973312439157585	64.38541950139776
short	toy_hmp_airskinurogenital_sample_4	E1	COMEBin	205461	176724659	30072	82545700	14.636354344620147	46.70864862158257
short	toy_hmp_airskinurogenital_sample_4	E2	COMEBin	205386	176706123	28762	80965087	14.003875629302874	45.819061402869444
short	toy_hmp_airskinurogenital_sample_5	E1	COMEBin	26474	84770606	10254	76526932	38.73234116491652	90.27531547904707
short	toy_hmp_airskinurogenital_sample_5	E2	COMEBin	26454	84764954	10083	75337374	38.11521887049218	88.87797426280677
short	toy_hmp_airskinurogenital_sample_6	E1	COMEBin	11190	37129267	2103	32814112	18.79356568364611	88.37802265258831
short	toy_hmp_airskinurogenital_sample_6	E2	COMEBin	11180	37127155	2096	32763039	18.747763864042934	88.24548770300336
short	toy_hmp_airskinurogenital_sample_7	E1	COMEBin	133620	112207781	13707	48493595	10.258194881005837	43.21767578667294
short	toy_hmp_airskinurogenital_sample_7	E2	COMEBin	133644	112211519	16306	53471108	12.201071503397085	47.652066807864884
short	toy_hmp_airskinurogenital_sample_8	E1	COMEBin	81750	83672291	11343	47518201	13.875229357798165	56.790844892725595
short	toy_hmp_airskinurogenital_sample_8	E2	COMEBin	81745	83672211	11447	47756632	14.003302954309133	57.07585759864766
short	toy_hmp_airskinurogenital_sample_9	E1	COMEBin	125348	103346436	13885	49793900	11.077161183265789	48.18153574255817
short	toy_hmp_airskinurogenital_sample_9	E2	COMEBin	125354	103344067	13777	49658926	10.990474974871164	48.052033795031505
short	toy_hmp_gastrooral_sample_0	E1	COMEBin	83492	113983726	18861	79299910	22.590188281512003	69.57125616335792
short	toy_hmp_gastrooral_sample_0	E2	COMEBin	83514	113984380	19066	79591504	22.82970519912829	69.8266762516057
short	toy_hmp_gastrooral_sample_1	E1	COMEBin	102823	156615795	28953	114697111	28.158096923839995	73.23470215759528
short	toy_hmp_gastrooral_sample_1	E2	COMEBin	102826	156624905	29883	116301698	29.06171590842783	74.25492005885016
short	toy_hmp_gastrooral_sample_10	E1	COMEBin	59040	161452467	23691	136032188	40.1270325203252	84.25525513958235
short	toy_hmp_gastrooral_sample_10	E2	COMEBin	59024	161431774	22108	132281049	37.45595012198428	81.94238700492754
short	toy_hmp_gastrooral_sample_11	E1	COMEBin	132157	160998082	25482	97890433	19.281612022064664	60.802235519799545
short	toy_hmp_gastrooral_sample_11	E2	COMEBin	132141	160994545	30948	108214994	23.420437260199332	67.21655941820886
short	toy_hmp_gastrooral_sample_12	E1	COMEBin	36043	119011778	13691	106702533	37.985184363121824	89.65712032299862
short	toy_hmp_gastrooral_sample_12	E2	COMEBin	36052	119017415	13727	107058907	38.07555752801509	89.95230403886691
short	toy_hmp_gastrooral_sample_13	E1	COMEBin	137866	141505284	20372	79742267	14.776667198584132	56.35285463968964
short	toy_hmp_gastrooral_sample_13	E2	COMEBin	137954	141540040	19863	78441736	14.398277686765153	55.42017368371522
short	toy_hmp_gastrooral_sample_14	E1	COMEBin	115905	123880435	20388	73290816	17.590267891807947	59.16254330233826
short	toy_hmp_gastrooral_sample_14	E2	COMEBin	116023	123907233	20448	73456561	17.6240917749067	59.28351333614237
short	toy_hmp_gastrooral_sample_15	E1	COMEBin	153418	152285593	25814	84942911	16.825926553598666	55.7786914222411
short	toy_hmp_gastrooral_sample_15	E2	COMEBin	153321	152233673	26162	85706441	17.06354641568996	56.29926632591989
short	toy_hmp_gastrooral_sample_16	E1	COMEBin	151294	172225938	24341	105634747	16.08854283712507	61.334981377775975
short	toy_hmp_gastrooral_sample_16	E2	COMEBin	151281	172221935	24412	105554366	16.13685790019897	61.289734086427494
short	toy_hmp_gastrooral_sample_17	E1	COMEBin	104721	134948308	26240	88154596	25.057056368827645	65.32471381560411
short	toy_hmp_gastrooral_sample_17	E2	COMEBin	104722	134948866	27377	89578184	26.142548843604974	66.37935290245417
short	toy_hmp_gastrooral_sample_18	E1	COMEBin	135951	194688763	36511	135054907	26.855999588086885	69.36964667036278
short	toy_hmp_gastrooral_sample_18	E2	COMEBin	135922	194678715	40506	141930074	29.800915230794132	72.90477235788207
short	toy_hmp_gastrooral_sample_19	E1	COMEBin	159420	152190784	24234	79308023	15.201354911554384	52.11092348403961
short	toy_hmp_gastrooral_sample_19	E2	COMEBin	159430	152193999	26821	84248839	16.823057141065043	55.35621611467086
short	toy_hmp_gastrooral_sample_2	E1	COMEBin	58071	100358506	13456	76867349	23.171634723011486	76.59275936212123
short	toy_hmp_gastrooral_sample_2	E2	COMEBin	58110	100373336	13406	76614139	23.070039580106695	76.32917471229611
short	toy_hmp_gastrooral_sample_3	E1	COMEBin	57913	140491755	22008	118960979	38.001830331704454	84.6747049319727
short	toy_hmp_gastrooral_sample_3	E2	COMEBin	57861	140480308	20758	116501219	35.875632982492526	82.93064035708122
short	toy_hmp_gastrooral_sample_4	E1	COMEBin	54768	139354868	21755	118317276	39.72210049664037	84.90358298785802
short	toy_hmp_gastrooral_sample_4	E2	COMEBin	54770	139355755	22359	119436395	40.823443490962205	85.70610880045822
short	toy_hmp_gastrooral_sample_5	E1	COMEBin	35192	82150352	8991	68684801	25.548420095476246	83.60865087954826
short	toy_hmp_gastrooral_sample_5	E2	COMEBin	35160	82139782	9006	69107196	25.61433447098976	84.13364914944624
short	toy_hmp_gastrooral_sample_6	E1	COMEBin	67967	119167009	26399	94005303	38.84090808774847	78.88534233497461
short	toy_hmp_gastrooral_sample_6	E2	COMEBin	68015	119178845	26460	94545011	38.90318312137028	79.33036353893176
short	toy_hmp_gastrooral_sample_7	E1	COMEBin	96545	97116941	15673	50897610	16.233880573825676	52.4085802908475
short	toy_hmp_gastrooral_sample_7	E2	COMEBin	96539	97111017	14789	52853502	15.319197422803219	54.42585571933615
short	toy_hmp_gastrooral_sample_8	E1	COMEBin	117658	109241738	14761	50915649	12.545683251457614	46.608237778128355
short	toy_hmp_gastrooral_sample_8	E2	COMEBin	117658	109241738	12908	48013386	10.970779717486273	43.95150322489377
short	toy_hmp_gastrooral_sample_9	E1	COMEBin	61345	143409748	23017	121728622	37.520580324394814	84.88169297947584
short	toy_hmp_gastrooral_sample_9	E2	COMEBin	61345	143409748	23046	121569157	37.567853940826474	84.77049760940938
short	toy_mousegut_sample_0	E1	COMEBin	62773	66278945	9621	40200347	15.326653178914501	60.653269299926244
short	toy_mousegut_sample_0	E2	COMEBin	62787	66281389	9580	40212829	15.257935559908898	60.6698646583885
short	toy_mousegut_sample_1	E1	COMEBin	80859	107896536	15793	74350701	19.531530194536167	68.90925673461844
short	toy_mousegut_sample_1	E2	COMEBin	80856	107894857	15708	74165774	19.427129712080735	68.73893349708041
short	toy_mousegut_sample_10	E1	COMEBin	122502	136057561	19600	79365996	15.999738779775024	58.332661130093314
short	toy_mousegut_sample_10	E2	COMEBin	122498	136055475	22691	85045648	18.523567731718067	62.508067389423324
short	toy_mousegut_sample_11	E1	COMEBin	186853	223804516	28390	135764732	15.193761941205118	60.66219503810191
short	toy_mousegut_sample_11	E2	COMEBin	186853	223804387	32753	143298098	17.52875254879504	64.02827930267516
short	toy_mousegut_sample_12	E1	COMEBin	163858	214954758	33571	139891609	20.487861441003798	65.0795592065936
short	toy_mousegut_sample_12	E2	COMEBin	163858	214954755	34624	141242275	21.130491034920478	65.70790908998501
short	toy_mousegut_sample_13	E1	COMEBin	82869	102318876	16052	67644321	19.37033148704582	66.1112823405136
short	toy_mousegut_sample_13	E2	COMEBin	82869	102318876	15061	65933690	18.174468136456333	64.43941976063147
short	toy_mousegut_sample_14	E1	COMEBin	213957	237255019	26829	135887557	12.53943549404787	57.27489246497247
short	toy_mousegut_sample_14	E2	COMEBin	213956	237256128	25004	132773093	11.686514984389314	55.96192356304491
short	toy_mousegut_sample_15	E1	COMEBin	220557	250425483	39646	152253813	17.975398649782143	60.798051051378025
short	toy_mousegut_sample_15	E2	COMEBin	220557	250425483	42088	156359877	19.08259542884606	62.43768610401362
short	toy_mousegut_sample_16	E1	COMEBin	51029	48599460	5188	26825967	10.166767916282899	55.198076274921576
short	toy_mousegut_sample_16	E2	COMEBin	51020	48597745	5193	26828960	10.178361426891415	55.206182920627285
short	toy_mousegut_sample_17	E1	COMEBin	175087	203445112	30604	124057707	17.479310285743658	60.97846528748255
short	toy_mousegut_sample_17	E2	COMEBin	175083	203442138	32606	126608279	18.623167297795902	62.23306550189715
short	toy_mousegut_sample_18	E1	COMEBin	75775	74800151	8122	41866873	10.718574727812603	55.971642356711286
short	toy_mousegut_sample_18	E2	COMEBin	75802	74805782	8145	41916939	10.745099073903063	56.034357076836656
short	toy_mousegut_sample_19	E1	COMEBin	179938	208365229	30086	131379837	16.720203625693294	63.05266844690291
short	toy_mousegut_sample_19	E2	COMEBin	179943	208361636	30287	131760856	16.831441067449138	63.23662000810936
short	toy_mousegut_sample_2	E1	COMEBin	73839	95129393	13540	64392881	18.33719308224651	67.68978437610761
short	toy_mousegut_sample_2	E2	COMEBin	73848	95133728	13759	65071212	18.631513378832196	68.39972885326222
short	toy_mousegut_sample_20	E1	COMEBin	157323	165482786	20975	97255873	13.332443444378763	58.770990838890036
short	toy_mousegut_sample_20	E2	COMEBin	157323	165482786	20921	97168189	13.298119156131017	58.7180040587424
short	toy_mousegut_sample_21	E1	COMEBin	92313	103663742	11111	64740006	12.036224583753102	62.451928466946526
short	toy_mousegut_sample_21	E2	COMEBin	92310	103661482	11081	62287476	12.004116563752573	60.08738713575405
short	toy_mousegut_sample_22	E1	COMEBin	200200	235886785	40393	152371224	20.176323676323676	64.59506580667501
short	toy_mousegut_sample_22	E2	COMEBin	200181	235881994	37396	146229526	18.681093610282694	61.992661466139715
short	toy_mousegut_sample_23	E1	COMEBin	101274	104695460	16209	61573363	16.005095088571597	58.81187493707941
short	toy_mousegut_sample_23	E2	COMEBin	101278	104696923	16746	62461943	16.534686703923853	59.65976956170908
short	toy_mousegut_sample_24	E1	COMEBin	216998	248848171	37884	157713893	17.458225421432456	63.3775576353342
short	toy_mousegut_sample_24	E2	COMEBin	216996	248848842	36781	156029375	16.950082029161827	62.700462556301545
short	toy_mousegut_sample_25	E1	COMEBin	200226	233595982	36360	146414192	18.15947978783974	62.678386308887795
short	toy_mousegut_sample_25	E2	COMEBin	200224	233595751	36739	147203162	18.34894917692185	63.01619844104099
short	toy_mousegut_sample_26	E1	COMEBin	124700	135414900	19041	81920465	15.269446672012831	60.49590185422727
short	toy_mousegut_sample_26	E2	COMEBin	124694	135410085	18825	81480802	15.096957351596709	60.173363010591125
short	toy_mousegut_sample_27	E1	COMEBin	166245	202815108	27753	133033044	16.694035910854463	65.59326142508081
short	toy_mousegut_sample_27	E2	COMEBin	166263	202821452	28170	133744531	16.943036033272588	65.94200449763075
short	toy_mousegut_sample_28	E1	COMEBin	149352	182243317	26590	121917586	17.80357812416305	66.89824790667083
short	toy_mousegut_sample_28	E2	COMEBin	149350	182242138	26530	121760851	17.76364245061935	66.81267698911654
short	toy_mousegut_sample_29	E1	COMEBin	104974	120813564	15832	75810011	15.081829786423304	62.74958579981963
short	toy_mousegut_sample_29	E2	COMEBin	104974	120813534	16022	76195014	15.2628269857298	63.068276771044545
short	toy_mousegut_sample_30	E1	COMEBin	173543	192943607	26643	119364313	15.352391050056758	61.86487070286812
short	toy_mousegut_sample_30	E2	COMEBin	173543	192943607	26441	119100031	15.235993384924774	61.727897001531645
short	toy_mousegut_sample_31	E1	COMEBin	157913	173238021	25985	107434990	16.455263341206866	62.015826190949156
short	toy_mousegut_sample_31	E2	COMEBin	157907	173237091	26116	107575224	16.538848816075284	62.09710829189576
short	toy_mousegut_sample_32	E1	COMEBin	95520	109162549	14802	67854591	15.496231155778894	62.159221840816485
short	toy_mousegut_sample_32	E2	COMEBin	95560	109170409	14654	67503410	15.334868145667643	61.833065038713926
short	toy_mousegut_sample_33	E1	COMEBin	240940	294723898	50651	196870529	21.022246202374035	66.79829166754574
short	toy_mousegut_sample_33	E2	COMEBin	240938	294723731	43503	184823944	18.055682374718806	62.71091349613785
short	toy_mousegut_sample_34	E1	COMEBin	283767	289171251	41755	163842739	14.71453692642203	56.659414943015896
short	toy_mousegut_sample_34	E2	COMEBin	283765	289174941	35909	154516102	12.654485225450637	53.433434261511614
short	toy_mousegut_sample_35	E1	COMEBin	139429	153237745	29629	94238200	21.250242058682197	61.49803366004897
short	toy_mousegut_sample_35	E2	COMEBin	139414	153234517	28505	92649180	20.446296641657224	60.462343481005654
short	toy_mousegut_sample_36	E1	COMEBin	255904	293076288	49496	181109280	19.341628110541453	61.79595123028172
short	toy_mousegut_sample_36	E2	COMEBin	255903	293075970	49949	182069862	19.518723891474504	62.123776985196024
short	toy_mousegut_sample_37	E1	COMEBin	249158	290707809	45036	180097178	18.075277534736994	61.951269427372004
short	toy_mousegut_sample_37	E2	COMEBin	249150	290706703	46349	181765725	18.602849688942403	62.52546746402335
short	toy_mousegut_sample_38	E1	COMEBin	132067	140284670	20861	84748996	15.795770328696797	60.41215765058292
short	toy_mousegut_sample_38	E2	COMEBin	132067	140284670	20767	84579370	15.724594334693753	60.29124208653732
short	toy_mousegut_sample_5	E1	COMEBin	164098	169157617	31628	102289781	19.273848553912906	60.47010049804615
short	toy_mousegut_sample_5	E2	COMEBin	164099	169157650	31583	102106747	19.246308630765576	60.361885495571734
short	toy_mousegut_sample_52	E1	COMEBin	70168	101874258	16334	74162400	23.2784175122563	72.79797807214459
short	toy_mousegut_sample_52	E2	COMEBin	70168	101874258	16408	74614212	23.383878691141263	73.24147774406367
short	toy_mousegut_sample_53	E1	COMEBin	147386	135032634	23502	72099439	15.94588359817079	53.394084721771776
short	toy_mousegut_sample_53	E2	COMEBin	147387	135032766	23069	70879889	15.651991016846805	52.49088136134307
short	toy_mousegut_sample_54	E1	COMEBin	138794	132496583	21194	73459543	15.270112540887935	55.44259431958332
short	toy_mousegut_sample_54	E2	COMEBin	138792	132496544	21057	73082537	15.171623724710358	55.158070387103834
short	toy_mousegut_sample_55	E1	COMEBin	78636	75637640	10674	43123962	13.573935602014345	57.01389149635023
short	toy_mousegut_sample_55	E2	COMEBin	78635	75637150	10728	43055492	13.642779932599987	56.92373655009476
short	toy_mousegut_sample_56	E1	COMEBin	73668	77908440	12535	47425764	17.015529130694468	60.873717918110025
short	toy_mousegut_sample_56	E2	COMEBin	73668	77908440	12597	47841858	17.099690503339307	61.40779869292724
short	toy_mousegut_sample_57	E1	COMEBin	188832	197337962	33246	118718430	17.606126080325367	60.15995543726148
short	toy_mousegut_sample_57	E2	COMEBin	188841	197327773	33251	118707991	17.60793471756663	60.15777160775032
short	toy_mousegut_sample_58	E1	COMEBin	197221	209741887	33172	126009935	16.81970986862454	60.07857409998414
short	toy_mousegut_sample_58	E2	COMEBin	197217	209741549	32922	125641782	16.693287089855335	59.90314394025954
short	toy_mousegut_sample_59	E1	COMEBin	216386	218883223	33257	120737294	15.369293762073331	55.16059766718622
short	toy_mousegut_sample_59	E2	COMEBin	216377	218879977	37029	126270961	17.113186706535352	57.68958985225039
short	toy_mousegut_sample_6	E1	COMEBin	172186	180294989	29599	99203485	17.190131601872395	55.022874207557706
short	toy_mousegut_sample_6	E2	COMEBin	172186	180295262	30377	100700964	17.641968568873196	55.85336124917137
short	toy_mousegut_sample_60	E1	COMEBin	215573	224147268	36831	129074216	17.085163726440694	57.584559094425366
short	toy_mousegut_sample_60	E2	COMEBin	215568	224138426	38829	131479947	18.012413716321532	58.660154506483416
short	toy_mousegut_sample_61	E1	COMEBin	281842	292589447	39381	157509744	13.972722305405156	53.83302289778072
short	toy_mousegut_sample_61	E2	COMEBin	281826	292584172	38073	155977575	13.509399416661344	53.3103256863806
short	toy_mousegut_sample_62	E1	COMEBin	133842	169788856	27042	114011222	20.204420137176673	67.14882512666202
short	toy_mousegut_sample_62	E2	COMEBin	133824	169783936	27194	114508302	20.32071975131516	67.44354306876241
short	toy_mousegut_sample_63	E1	COMEBin	117882	151163376	26250	102050341	22.268030742607014	67.50996418603405
short	toy_mousegut_sample_63	E2	COMEBin	117879	151164056	26572	102445798	22.541758922284714	67.77126832320509
short	toy_mousegut_sample_7	E1	COMEBin	102138	113749420	15704	71047956	15.375276586578941	62.46006001613019
short	toy_mousegut_sample_7	E2	COMEBin	102138	113749745	15699	70975182	15.37038124889855	62.39590427213705
short	toy_mousegut_sample_8	E1	COMEBin	61576	74832854	10462	49116322	16.99038586462258	65.63470370914892
short	toy_mousegut_sample_8	E2	COMEBin	61569	74830406	10393	48920782	16.88024817684224	65.37553999105657
short	toy_mousegut_sample_9	E1	COMEBin	104170	117166734	19881	69967858	19.08514927522319	59.71648744600152
short	toy_mousegut_sample_9	E2	COMEBin	104144	117156919	21369	72506577	20.51870487017975	61.88842931248474
short	marine_sample_0	E1	DASTool	400745	377598989	16072	86501154	4.010530387153926	22.908205932722982
short	marine_sample_0	E2	DASTool	400739	377604743	17423	91800279	4.347717591749244	24.311209194742556
short	marine_sample_1	E1	DASTool	507940	454826949	15773	97919743	3.1052880261448204	21.529010806261613
short	marine_sample_1	E2	DASTool	507941	454824936	23432	116637873	4.613134202594396	25.644564263732452
short	marine_sample_2	E1	DASTool	523223	441134781	15569	76813554	2.975595491788396	17.412717679134893
short	marine_sample_2	E2	DASTool	523221	441132869	15450	80186982	2.9528631304936157	18.17751240839866
short	marine_sample_3	E1	DASTool	523073	444867952	25505	107155230	4.875992452296334	24.086974464728357
short	marine_sample_3	E2	DASTool	523072	444867801	18764	88812072	3.5872690566499448	19.9636997329011
short	marine_sample_4	E1	DASTool	359349	351494838	21179	112995180	5.893713353870472	32.14703824469821
short	marine_sample_4	E2	DASTool	359348	351494667	15699	93968443	4.368745617062013	26.733959807134145
short	marine_sample_5	E1	DASTool	400401	372134962	14163	109060390	3.5372039530370802	29.306676645985227
short	marine_sample_5	E2	DASTool	400432	372148234	15315	110935029	3.824619411036081	29.809365963563863
short	marine_sample_6	E1	DASTool	456678	418993902	22939	117707302	5.0230140273891015	28.092843699667974
short	marine_sample_6	E2	DASTool	456675	418991317	22818	122862956	4.9965511578255875	29.323508868800733
short	marine_sample_7	E1	DASTool	428138	401963165	21640	105598940	5.054445062106144	26.270800211258162
short	marine_sample_7	E2	DASTool	428154	401954728	21134	105833207	4.93607440313532	26.329633570077075
short	marine_sample_8	E1	DASTool	539580	430454141	10596	80554004	1.963749583009007	18.713724954036394
short	marine_sample_8	E2	DASTool	539580	430454141	10076	77018825	1.8673783312947108	17.892457677622854
short	marine_sample_9	E1	DASTool	416919	398366177	8293	89886616	1.9891153917187752	22.56381720880887
short	marine_sample_9	E2	DASTool	416918	398366036	13281	102709782	3.185518495243669	25.7827657777532
short	strain_sample_0	E1	DASTool	54646	56630633	1440	10321390	2.635142553892325	18.225807223450953
short	strain_sample_0	E2	DASTool	54669	56635272	2292	12757897	4.192503978488723	22.52641604687623
short	strain_sample_1	E1	DASTool	53281	57813200	3082	16011992	5.784425967981082	27.696083247424465
short	strain_sample_1	E2	DASTool	53296	57817030	3636	15786163	6.822275592915041	27.30365603352507
short	strain_sample_10	E1	DASTool	40876	54229081	1276	14768438	3.1216361679224973	27.233428499369186
short	strain_sample_10	E2	DASTool	40884	54231920	1204	14828598	2.9449173270717153	27.342933829375763
short	strain_sample_11	E1	DASTool	50823	50121144	1019	9009876	2.004997737244948	17.97619782980213
short	strain_sample_11	E2	DASTool	50871	50133116	1318	10130117	2.590867095201588	20.206437995994502
short	strain_sample_12	E1	DASTool	52517	56785706	2036	17590018	3.8768398804196735	30.976136846832546
short	strain_sample_12	E2	DASTool	52511	56784938	2392	18223509	4.555236045780884	32.09215267611985
short	strain_sample_13	E1	DASTool	53556	49842351	1718	10441199	3.2078571962058406	20.94844803769389
short	strain_sample_13	E2	DASTool	53586	49844101	1362	9795370	2.541708655245773	19.652014588446484
short	strain_sample_14	E1	DASTool	50131	56473542	2191	13064602	4.370549161197662	23.13402265436087
short	strain_sample_14	E2	DASTool	50129	56472715	3327	15616824	6.636876857707116	27.653751019408222
short	strain_sample_15	E1	DASTool	47163	54465190	1951	16175587	4.136717341984182	29.6989453263635
short	strain_sample_15	E2	DASTool	47137	54454922	1831	15801368	3.8844220039459447	29.017336577949738
short	strain_sample_16	E1	DASTool	47494	51556369	1024	6535040	2.1560618183349476	12.675524143292558
short	strain_sample_16	E2	DASTool	47509	51559361	1228	7095071	2.5847734113536385	13.760975431794044
short	strain_sample_17	E1	DASTool	50651	49083121	1311	8148769	2.588300329707212	16.60197810159627
short	strain_sample_17	E2	DASTool	50644	49080887	1567	9103068	3.0941473817234026	18.547073120337046
short	strain_sample_18	E1	DASTool	37166	45945885	1704	16321536	4.584835602432331	35.5233901795558
short	strain_sample_18	E2	DASTool	37176	45949800	1675	16416281	4.505595007531741	35.726555937131394
short	strain_sample_19	E1	DASTool	32577	41843113	4766	22462618	14.62995364827946	53.682951361673304
short	strain_sample_19	E2	DASTool	32578	41843307	3342	18188791	10.25845662717171	43.46881808361849
short	strain_sample_2	E1	DASTool	40784	44175961	2029	9960035	4.974990192232248	22.546278053803967
short	strain_sample_2	E2	DASTool	40795	44182240	2208	11414029	5.41242799362667	25.83397537109934
short	strain_sample_20	E1	DASTool	60166	55535152	1016	8924291	1.6886613702090882	16.069625594974514
short	strain_sample_20	E2	DASTool	60166	55534409	850	8238656	1.412758036100123	14.835227651382768
short	strain_sample_21	E1	DASTool	31732	35876584	1689	9329178	5.322702634564478	26.003529210027352
short	strain_sample_21	E2	DASTool	31736	35877154	2139	11144018	6.739979833627427	31.061599813630703
short	strain_sample_22	E1	DASTool	63735	59678302	4157	14053375	6.5223189770142	23.54855035922436
short	strain_sample_22	E2	DASTool	63734	59678725	3745	12624929	5.875984560830954	21.1548235991972
short	strain_sample_23	E1	DASTool	35025	41116853	1131	9434355	3.229122055674518	22.9452263771257
short	strain_sample_23	E2	DASTool	35025	41116450	1118	9449456	3.192005710206995	22.98217866571652
short	strain_sample_24	E1	DASTool	37143	40329519	1169	8668116	3.147295587324664	21.493229314240022
short	strain_sample_24	E2	DASTool	37142	40329993	1016	8040769	2.7354477411017175	19.937442091795056
short	strain_sample_25	E1	DASTool	38819	49708559	2360	18170141	6.079497153455782	36.553344867631345
short	strain_sample_25	E2	DASTool	38806	49705631	2557	18732635	6.589187239086739	37.68714856471694
short	strain_sample_26	E1	DASTool	51316	54261158	1204	11667645	2.3462467846285757	21.502757091914624
short	strain_sample_26	E2	DASTool	51306	54257299	1247	11249236	2.430514949518575	20.733129380435987
short	strain_sample_27	E1	DASTool	53817	57335701	2085	10215214	3.874240481632198	17.816497961714987
short	strain_sample_27	E2	DASTool	53815	57334825	5836	17486144	10.844560066895847	30.498294884479023
short	strain_sample_28	E1	DASTool	35772	41712264	3831	18685061	10.709493458570948	44.79512548156101
short	strain_sample_28	E2	DASTool	35774	41712083	4001	19129571	11.18410018449153	45.860982296185014
short	strain_sample_29	E1	DASTool	47354	46134690	1328	10144299	2.804409342399797	21.98844080235502
short	strain_sample_29	E2	DASTool	47347	46130781	1167	10044950	2.464781295541428	21.774940250848992
short	strain_sample_3	E1	DASTool	46514	52694305	2676	14458086	5.753106591563831	27.437663330031587
short	strain_sample_3	E2	DASTool	46538	52707590	2426	14062647	5.212944260604237	26.680497059341928
short	strain_sample_30	E1	DASTool	58703	53396235	2271	10301245	3.8686268163466946	19.292081173888008
short	strain_sample_30	E2	DASTool	58685	53389448	1876	8711468	3.196728295135043	16.316834742325863
short	strain_sample_31	E1	DASTool	44819	49413774	1682	10776868	3.752872665610567	21.809441229888655
short	strain_sample_31	E2	DASTool	44871	49435341	1701	10903606	3.790867152503844	22.056297740517255
short	strain_sample_32	E1	DASTool	48953	47385881	2284	9883686	4.665699752824137	20.857871145204623
short	strain_sample_32	E2	DASTool	48982	47393871	2199	9668599	4.489404270956678	20.400526051142773
short	strain_sample_33	E1	DASTool	45696	53160094	1643	11021611	3.595500700280112	20.7328658974907
short	strain_sample_33	E2	DASTool	45717	53163537	1452	10449597	3.1760614213531073	19.655571449281112
short	strain_sample_34	E1	DASTool	43024	46812418	2552	8827320	5.931573075492748	18.85679137531413
short	strain_sample_34	E2	DASTool	43030	46812931	1516	6860136	3.5231234022774807	14.654361206308574
short	strain_sample_35	E1	DASTool	65832	56555153	1825	10444491	2.772208044719893	18.467797266855595
short	strain_sample_35	E2	DASTool	65759	56540848	1735	10280435	2.638422117124652	18.182314846073762
short	strain_sample_36	E1	DASTool	58448	54274897	2363	12348072	4.042909937038051	22.750981913424912
short	strain_sample_36	E2	DASTool	58490	54286468	2313	12238467	3.954522140536844	22.5442314648284
short	strain_sample_37	E1	DASTool	53281	49383838	1234	6292004	2.3160225971734767	12.741018630427225
short	strain_sample_37	E2	DASTool	53313	49389812	1337	6655658	2.5078311106109203	13.475771076026772
short	strain_sample_38	E1	DASTool	46104	52095538	3408	16976584	7.39198334200937	32.58740508640106
short	strain_sample_38	E2	DASTool	46074	52088688	2905	17676976	6.305074445457308	33.93630494206343
short	strain_sample_39	E1	DASTool	58952	52277598	3745	11927631	6.352625865110598	22.815950725203557
short	strain_sample_39	E2	DASTool	58942	52271433	2064	8639400	3.5017474805741235	16.52795705830372
short	strain_sample_4	E1	DASTool	50573	59331967	2978	15785246	5.8885175884365175	26.604959852418176
short	strain_sample_4	E2	DASTool	50558	59326137	2223	12751554	4.39693025831718	21.49399007725718
short	strain_sample_40	E1	DASTool	57911	60222112	3280	15866205	5.663863514703597	26.346145083719414
short	strain_sample_40	E2	DASTool	57951	60238364	2879	15292372	4.967990198616072	25.386433137526776
short	strain_sample_41	E1	DASTool	55468	51680867	1764	10274086	3.1802120141342756	19.879863857547125
short	strain_sample_41	E2	DASTool	55474	51680170	1734	9767539	3.1257886577495766	18.899974593736825
short	strain_sample_42	E1	DASTool	38226	41110781	1013	8361134	2.6500287762256054	20.338056822613026
short	strain_sample_42	E2	DASTool	38231	41113120	1137	8670320	2.9740263137244645	21.088937059508012
short	strain_sample_43	E1	DASTool	32623	39528394	1115	13322495	3.417834043466266	33.70360809498104
short	strain_sample_43	E2	DASTool	32628	39531563	1361	15061579	4.171263945077847	38.10013532730795
short	strain_sample_44	E1	DASTool	45618	59957479	2128	21582342	4.664825288263405	35.99607982183507
short	strain_sample_44	E2	DASTool	45610	59957292	3087	23824710	6.7682525761894325	39.73613418030954
short	strain_sample_45	E1	DASTool	44453	48227348	2001	14926137	4.501383483679391	30.949528885560948
short	strain_sample_45	E2	DASTool	44470	48228989	2195	15489643	4.935911850685856	32.1168726966265
short	strain_sample_46	E1	DASTool	30806	35980326	1408	13530103	4.570538206842823	37.60417012341689
short	strain_sample_46	E2	DASTool	30795	35975845	1033	11993710	3.3544406559506412	33.338230137471406
short	strain_sample_47	E1	DASTool	41518	46952835	3076	15919765	7.408834722289128	33.90586532208332
short	strain_sample_47	E2	DASTool	41533	46947291	1630	11658511	3.9245900849926563	24.833192185679042
short	strain_sample_48	E1	DASTool	53071	55110544	1279	12063222	2.4099790846224867	21.8891361333686
short	strain_sample_48	E2	DASTool	53082	55116662	1430	12219650	2.6939452168343316	22.170518962124376
short	strain_sample_49	E1	DASTool	47069	45990802	3059	13542305	6.498969597824471	29.44568133428071
short	strain_sample_49	E2	DASTool	47082	45995258	2958	12947948	6.282655792022429	28.15061500470331
short	strain_sample_5	E1	DASTool	55853	55831617	4249	16280848	7.607469607720265	29.1606241674856
short	strain_sample_5	E2	DASTool	55838	55823189	4373	16536117	7.831584225796053	29.622308034032237
short	strain_sample_50	E1	DASTool	47024	46516936	1274	7619131	2.709254848587955	16.379262383059796
short	strain_sample_50	E2	DASTool	47040	46522533	1480	8545713	3.1462585034013606	18.368976169031896
short	strain_sample_51	E1	DASTool	46593	46312630	1262	11715356	2.708561371879896	25.296244242661235
short	strain_sample_51	E2	DASTool	46599	46315857	1305	11568488	2.800489280885856	24.977380856841318
short	strain_sample_52	E1	DASTool	61210	57969712	2008	10977419	3.280509720633883	18.936473239680748
short	strain_sample_52	E2	DASTool	61225	57968900	1688	10275647	2.7570436913025724	17.72613763587027
short	strain_sample_53	E1	DASTool	37620	39673930	2542	10660100	6.757044125465178	26.86928166682756
short	strain_sample_53	E2	DASTool	37599	39668558	1713	7960029	4.555972233304077	20.066343223265136
short	strain_sample_54	E1	DASTool	48625	58632823	3441	18583450	7.076606683804627	31.694619240830345
short	strain_sample_54	E2	DASTool	48621	58631454	3420	17992147	7.033997655334115	30.68685112260733
short	strain_sample_55	E1	DASTool	44375	46395510	846	8610899	1.9064788732394367	18.55976796030478
short	strain_sample_55	E2	DASTool	44368	46394996	593	7553005	1.3365488640461594	16.27978370770848
short	strain_sample_56	E1	DASTool	54867	58240053	2148	13889591	3.914921537536224	23.84886394248302
short	strain_sample_56	E2	DASTool	54868	58240848	3147	15723982	5.73558358241598	26.998202361339246
short	strain_sample_57	E1	DASTool	41645	42290756	2401	12354145	5.765398006963621	29.21240045933442
short	strain_sample_57	E2	DASTool	41645	42288542	2516	12284376	6.041541601632849	29.04894663902104
short	strain_sample_58	E1	DASTool	55201	60173123	1622	9427351	2.9383525660767016	15.667046232584605
short	strain_sample_58	E2	DASTool	55190	60171197	3062	13010342	5.548106541040044	21.622209044636424
short	strain_sample_59	E1	DASTool	60758	57855609	1451	9366375	2.3881628756706936	16.18922549065208
short	strain_sample_59	E2	DASTool	60752	57854621	1508	9907848	2.482222807479589	17.12542201253034
short	strain_sample_6	E1	DASTool	60909	60893830	1825	11307448	2.9962731287658637	18.569119400109994
short	strain_sample_6	E2	DASTool	60898	60891601	1796	11211775	2.9491937337843606	18.41267895058302
short	strain_sample_60	E1	DASTool	50924	52351093	1468	9850600	2.8827272013196135	18.816417070795445
short	strain_sample_60	E2	DASTool	50926	52351882	1424	9816120	2.7962141145976513	18.75027148021154
short	strain_sample_61	E1	DASTool	38663	43381138	1288	11645795	3.3313503866745986	26.845296220675447
short	strain_sample_61	E2	DASTool	38657	43380918	1314	11748025	3.3991256434798354	27.08108897096184
short	strain_sample_62	E1	DASTool	48284	50802018	1665	5815887	3.448347278601607	11.44814168602515
short	strain_sample_62	E2	DASTool	48247	50785834	2695	10412635	5.585839534064294	20.5030304316751
short	strain_sample_63	E1	DASTool	29740	43101287	1551	14658490	5.215198386012105	34.009402085835625
short	strain_sample_63	E2	DASTool	29734	43097811	1290	13588780	4.338467747359925	31.53009325694059
short	strain_sample_64	E1	DASTool	47023	50576635	2826	17943986	6.009824979265466	35.478805578900214
short	strain_sample_64	E2	DASTool	47022	50576111	2023	12247183	4.302241503976862	24.21535139386261
short	strain_sample_65	E1	DASTool	49932	53779189	3640	15415847	7.289914283425459	28.665078976925443
short	strain_sample_65	E2	DASTool	49886	53766089	4837	18015478	9.696107124243275	33.50713867248183
short	strain_sample_66	E1	DASTool	54070	52257230	2603	13493523	4.814129831699649	25.821351418741482
short	strain_sample_66	E2	DASTool	54122	52285821	2157	12813042	3.985440301540963	24.505768016916097
short	strain_sample_67	E1	DASTool	37175	42964589	867	10576278	2.332212508406187	24.6162671310553
short	strain_sample_67	E2	DASTool	37194	42972273	1057	11635871	2.8418562133677474	27.077625146801054
short	strain_sample_68	E1	DASTool	36062	47550341	2102	18489423	5.828850313349232	38.88389149512093
short	strain_sample_68	E2	DASTool	36075	47555958	1945	18192367	5.3915453915453915	38.25465360197349
short	strain_sample_69	E1	DASTool	47505	64456912	4357	24190429	9.171666140406273	37.529612029816136
short	strain_sample_69	E2	DASTool	47499	64455591	4147	24727114	8.730710120213057	38.36302424098477
short	strain_sample_7	E1	DASTool	65263	60607482	2412	11869440	3.6958153931017574	19.58411669371118
short	strain_sample_7	E2	DASTool	65284	60613974	2390	11667925	3.6609276392377916	19.24956281533364
short	strain_sample_70	E1	DASTool	45298	44478038	1800	9757859	3.9736853724226235	21.93860034923303
short	strain_sample_70	E2	DASTool	45307	44482523	1483	8423773	3.273224887986404	18.937264417308345
short	strain_sample_71	E1	DASTool	50563	50856464	1641	10029501	3.2454561635978876	19.721192177261873
short	strain_sample_71	E2	DASTool	50586	50864079	1601	9960613	3.1649072866010357	19.58280420254931
short	strain_sample_72	E1	DASTool	48238	49074843	3204	14810181	6.642066420664206	30.17876389334552
short	strain_sample_72	E2	DASTool	48254	49082880	1491	11493308	3.089899282960998	23.416123911229334
short	strain_sample_73	E1	DASTool	43132	46949420	1127	13870214	2.6129092089399983	29.542886791785712
short	strain_sample_73	E2	DASTool	43129	46950532	1641	17727663	3.8048644763384267	37.7581727934414
short	strain_sample_74	E1	DASTool	58041	52892206	2008	9856737	3.4596233696869456	18.635518813490215
short	strain_sample_74	E2	DASTool	58053	52893483	2165	10371823	3.7293507656796376	19.60888641044871
short	strain_sample_75	E1	DASTool	66246	61457339	1776	10069472	2.680916583642786	16.38449071151616
short	strain_sample_75	E2	DASTool	66251	61460053	3390	12851519	5.116903895790252	20.910361076323834
short	strain_sample_76	E1	DASTool	36475	47664125	2234	18700894	6.1247429746401645	39.23473681726036
short	strain_sample_76	E2	DASTool	36500	47674258	2230	18659046	6.109589041095891	39.13861858112191
short	strain_sample_77	E1	DASTool	49284	45039496	2354	12381197	4.776398019641263	27.48964375622676
short	strain_sample_77	E2	DASTool	49276	45037512	3300	15032734	6.6969721568309115	33.37825144515088
short	strain_sample_78	E1	DASTool	34731	40843005	735	7757108	2.1162650082059256	18.992500674228058
short	strain_sample_78	E2	DASTool	34711	40836060	839	8218600	2.417101207110138	20.12583976025111
short	strain_sample_79	E1	DASTool	49215	54741770	1219	10097250	2.476887127908158	18.44523843492821
short	strain_sample_79	E2	DASTool	49217	54741984	3142	14661590	6.383973017453319	26.783081153945755
short	strain_sample_8	E1	DASTool	39481	48301663	930	6882091	2.3555634355766064	14.248145037987616
short	strain_sample_8	E2	DASTool	39483	48301294	939	6963650	2.3782387356583845	14.417108576842683
short	strain_sample_80	E1	DASTool	38951	41910658	1416	11782061	3.635336705091012	28.112326463593103
short	strain_sample_80	E2	DASTool	38964	41913361	745	9165703	1.9120213530438352	21.86821285937914
short	strain_sample_81	E1	DASTool	48286	55914002	1559	10692279	3.228679120241892	19.12272171110199
short	strain_sample_81	E2	DASTool	48287	55919791	1419	10211254	2.9386791475966616	18.26053677489603
short	strain_sample_82	E1	DASTool	53331	52025023	1672	8622264	3.1351371622508486	16.573301659088166
short	strain_sample_82	E2	DASTool	53366	52032408	1217	6252694	2.2804782070981524	12.016922222780849
short	strain_sample_83	E1	DASTool	58617	53856277	1364	8934047	2.32696999164065	16.58868287534989
short	strain_sample_83	E2	DASTool	58605	53853267	1600	10142376	2.730142479310639	18.83335322999067
short	strain_sample_84	E1	DASTool	58713	59637848	1030	9757428	1.7542963227905235	16.36113362105219
short	strain_sample_84	E2	DASTool	58691	59626448	1739	11381424	2.962975583990731	19.087878587032385
short	strain_sample_85	E1	DASTool	50105	50745416	1412	12063723	2.818082027741742	23.773030060488615
short	strain_sample_85	E2	DASTool	50132	50771495	1372	12065036	2.736774914226442	23.763405036625375
short	strain_sample_86	E1	DASTool	46754	55228068	2739	17435018	5.858322282585447	31.569125322290834
short	strain_sample_86	E2	DASTool	46743	55224940	2433	16809471	5.205057441755985	30.438187891195536
short	strain_sample_87	E1	DASTool	53457	50664440	1150	9184769	2.1512617617898497	18.128630258224508
short	strain_sample_87	E2	DASTool	53462	50666503	1185	9454726	2.216527627099622	18.660703700036294
short	strain_sample_88	E1	DASTool	60843	55826462	1672	9924198	2.748056473217954	17.776870760679763
short	strain_sample_88	E2	DASTool	60835	55825374	1674	10027604	2.7517054327278703	17.96244840204743
short	strain_sample_89	E1	DASTool	44691	47903641	3227	9225543	7.220693204448323	19.258542372593347
short	strain_sample_89	E2	DASTool	44709	47909202	1572	6668059	3.5160705898141313	13.91811744224001
short	strain_sample_9	E1	DASTool	52988	53420320	1764	12481697	3.3290556352381673	23.365073440219003
short	strain_sample_9	E2	DASTool	53010	53419901	1855	12989089	3.499339747217506	24.31507501296193
short	strain_sample_90	E1	DASTool	41777	52968082	2738	14224304	6.553845417334897	26.854481912333544
short	strain_sample_90	E2	DASTool	41785	52975569	4393	17357676	10.51334210841211	32.76543570490012
short	strain_sample_91	E1	DASTool	52620	55880739	1386	13500619	2.6339794754846064	24.159700178625055
short	strain_sample_91	E2	DASTool	52620	55881179	1155	13379832	2.194982896237172	23.943360250147908
short	strain_sample_92	E1	DASTool	56810	58057905	1568	11062136	2.760077451152966	19.053625858528655
short	strain_sample_92	E2	DASTool	56819	58057212	1394	10731776	2.453404670972738	18.484828379289038
short	strain_sample_93	E1	DASTool	50654	59311183	2461	17558964	4.858451454969005	29.604811625490594
short	strain_sample_93	E2	DASTool	50637	59308403	2507	17238248	4.950925212789067	29.065439512846098
short	strain_sample_94	E1	DASTool	48157	55494403	2075	15033026	4.308823224038043	27.089265200312184
short	strain_sample_94	E2	DASTool	48158	55495083	2164	15041023	4.493542090618381	27.103343552076495
short	strain_sample_95	E1	DASTool	56042	57532792	1131	9102407	2.0181292601977088	15.821250253246879
short	strain_sample_95	E2	DASTool	56043	57533313	1359	10299355	2.424923719286976	17.901550359180604
short	strain_sample_96	E1	DASTool	47866	51348018	2282	12180001	4.767475870137467	23.720489075157683
short	strain_sample_96	E2	DASTool	47866	51348018	2446	12682682	5.110099026448836	24.69945772785232
short	strain_sample_97	E1	DASTool	43701	48213742	1742	11209797	3.98617880597698	23.25021152682984
short	strain_sample_97	E2	DASTool	43710	48216221	1133	8696484	2.592084191260581	18.036428031139145
short	strain_sample_98	E1	DASTool	73317	69554892	2694	10632569	3.6744547649249153	15.286586887375226
short	strain_sample_98	E2	DASTool	73332	69558863	3486	13236077	4.753722794959908	19.028598842968435
short	strain_sample_99	E1	DASTool	28168	37704629	1185	12527230	4.206901448452144	33.224647297285436
short	strain_sample_99	E2	DASTool	28190	37713600	1232	12518493	4.370344093650231	33.19357738322515
short	toy_hmp_airskinurogenital_sample_0	E1	DASTool	62570	98290975	5549	40683905	8.868467316605402	41.39129253728534
short	toy_hmp_airskinurogenital_sample_0	E2	DASTool	62564	98288140	3830	30351651	6.121731347100569	30.88027812918222
short	toy_hmp_airskinurogenital_sample_1	E1	DASTool	135075	129467590	9192	37568402	6.805108273181566	29.01761128016672
short	toy_hmp_airskinurogenital_sample_1	E2	DASTool	135080	129466838	9412	38357533	6.967722830915013	29.6273034798301
short	toy_hmp_airskinurogenital_sample_10	E1	DASTool	96350	106284313	2211	21463232	2.2947586922677736	20.19416731799358
short	toy_hmp_airskinurogenital_sample_10	E2	DASTool	96315	106272932	1945	24309583	2.01941545968956	22.87467047582728
short	toy_hmp_airskinurogenital_sample_11	E1	DASTool	93010	128453338	14402	55274369	15.484356520804214	43.03069882076556
short	toy_hmp_airskinurogenital_sample_11	E2	DASTool	93004	128453896	12028	50245897	12.932777084856566	39.11589960650162
short	toy_hmp_airskinurogenital_sample_12	E1	DASTool	85659	69987748	2138	18263098	2.49594321670811	26.09470731934395
short	toy_hmp_airskinurogenital_sample_12	E2	DASTool	85640	69981044	2461	19299933	2.8736571695469406	27.57880119650687
short	toy_hmp_airskinurogenital_sample_13	E1	DASTool	58171	53586426	3119	20124206	5.36177820563511	37.554671028069684
short	toy_hmp_airskinurogenital_sample_13	E2	DASTool	58173	53580800	911	15889766	1.5660185996940161	29.65570876134735
short	toy_hmp_airskinurogenital_sample_14	E1	DASTool	37222	94111202	3600	47289789	9.671699532534523	50.248841790374755
short	toy_hmp_airskinurogenital_sample_14	E2	DASTool	37221	94114590	3809	45538644	10.233470352757852	48.38638090013461
short	toy_hmp_airskinurogenital_sample_15	E1	DASTool	63376	64546522	729	15360210	1.1502777076495834	23.79711489334778
short	toy_hmp_airskinurogenital_sample_15	E2	DASTool	63314	64525569	818	15691880	1.2919733392298702	24.31885567719674
short	toy_hmp_airskinurogenital_sample_16	E1	DASTool	23517	36721906	599	17302369	2.5470935918697113	47.117295600070435
short	toy_hmp_airskinurogenital_sample_16	E2	DASTool	23554	36733569	564	15457956	2.3944977498514053	42.08127993226032
short	toy_hmp_airskinurogenital_sample_17	E1	DASTool	119671	150287048	5876	34590633	4.910128602585422	23.016376634132836
short	toy_hmp_airskinurogenital_sample_17	E2	DASTool	119671	150287109	5418	32963406	4.527412656366204	21.93362173198767
short	toy_hmp_airskinurogenital_sample_18	E1	DASTool	36622	79974829	12838	57644824	35.05543116159686	72.07870866469749
short	toy_hmp_airskinurogenital_sample_18	E2	DASTool	36637	79973408	12507	57280332	34.137620438354666	71.6242228916892
short	toy_hmp_airskinurogenital_sample_19	E1	DASTool	284055	276910938	3942	31316016	1.3877594127897765	11.309057065849816
short	toy_hmp_airskinurogenital_sample_19	E2	DASTool	284054	276912313	7653	38858878	2.6942060312475795	14.032918066738333
short	toy_hmp_airskinurogenital_sample_2	E1	DASTool	36976	76782281	10980	57294261	29.694937256598873	74.61911817910176
short	toy_hmp_airskinurogenital_sample_2	E2	DASTool	36967	76783520	8988	53759174	24.313576974057945	70.0139483055739
short	toy_hmp_airskinurogenital_sample_20	E1	DASTool	179411	184647635	9312	67040659	5.190317204630708	36.3073477762117
short	toy_hmp_airskinurogenital_sample_20	E2	DASTool	179411	184647635	8509	63382762	4.742741526439293	34.32633296386385
short	toy_hmp_airskinurogenital_sample_21	E1	DASTool	86637	110671656	6858	56740805	7.915786557706292	51.269500295540894
short	toy_hmp_airskinurogenital_sample_21	E2	DASTool	86633	110669744	4811	38567841	5.553311093924948	34.84948966720299
short	toy_hmp_airskinurogenital_sample_22	E1	DASTool	14308	58810523	2664	43841903	18.618954431087502	74.54771827143928
short	toy_hmp_airskinurogenital_sample_22	E2	DASTool	14312	58814551	3008	42345798	21.01732811626607	71.9988459998615
short	toy_hmp_airskinurogenital_sample_23	E1	DASTool	57747	68478287	1932	12953514	3.3456283443295756	18.916235448471426
short	toy_hmp_airskinurogenital_sample_23	E2	DASTool	57724	68478043	1942	12928141	3.3642852193195205	18.879250097728406
short	toy_hmp_airskinurogenital_sample_24	E1	DASTool	39675	70329125	1939	23528148	4.887208569628229	33.45434483935354
short	toy_hmp_airskinurogenital_sample_24	E2	DASTool	39655	70319599	3677	29140746	9.272475097717816	41.44043255991832
short	toy_hmp_airskinurogenital_sample_25	E1	DASTool	93150	141750025	4241	44396397	4.552871712292002	31.320203999964022
short	toy_hmp_airskinurogenital_sample_25	E2	DASTool	93142	141749654	3132	41243440	3.362607631358571	29.095972255424343
short	toy_hmp_airskinurogenital_sample_26	E1	DASTool	81574	97564653	3147	30262770	3.8578468629710447	31.018170074360846
short	toy_hmp_airskinurogenital_sample_26	E2	DASTool	81564	97579738	2599	22481064	3.1864548084939432	23.038659931634577
short	toy_hmp_airskinurogenital_sample_27	E1	DASTool	223175	230034985	5635	51609058	2.524924386692058	22.43530826408861
short	toy_hmp_airskinurogenital_sample_27	E2	DASTool	223175	230034985	5458	48908458	2.4456144281393524	21.261312925944722
short	toy_hmp_airskinurogenital_sample_28	E1	DASTool	22873	46053739	1095	33318490	4.7873038079832115	72.34698142533009
short	toy_hmp_airskinurogenital_sample_28	E2	DASTool	22849	46039789	1032	32793538	4.516609041971202	71.22868873269597
short	toy_hmp_airskinurogenital_sample_3	E1	DASTool	84233	102815196	3536	33796194	4.197879690857502	32.870816099985845
short	toy_hmp_airskinurogenital_sample_3	E2	DASTool	84234	102820599	5432	40062942	6.448702424199254	38.96392589582171
short	toy_hmp_airskinurogenital_sample_4	E1	DASTool	205461	176724659	5916	35637508	2.879378568195424	20.16555482503435
short	toy_hmp_airskinurogenital_sample_4	E2	DASTool	205386	176706123	6671	37615280	3.248030537621844	21.2869137534074
short	toy_hmp_airskinurogenital_sample_5	E1	DASTool	26474	84770606	3932	55670568	14.852307924756365	65.6720184352581
short	toy_hmp_airskinurogenital_sample_5	E2	DASTool	26454	84764954	3550	44729836	13.419520677402284	52.76925650192649
short	toy_hmp_airskinurogenital_sample_6	E1	DASTool	11190	37129267	1522	30802491	13.601429848078642	82.96013761866077
short	toy_hmp_airskinurogenital_sample_6	E2	DASTool	11180	37127155	1446	30354913	12.933810375670841	81.75932952578779
short	toy_hmp_airskinurogenital_sample_7	E1	DASTool	133620	112207781	829	21105111	0.620416105373447	18.80895496899631
short	toy_hmp_airskinurogenital_sample_7	E2	DASTool	133644	112211519	3529	30210471	2.6405974080392687	26.92278945087625
short	toy_hmp_airskinurogenital_sample_8	E1	DASTool	81750	83672291	970	26571394	1.1865443425076452	31.756503476162735
short	toy_hmp_airskinurogenital_sample_8	E2	DASTool	81745	83672211	1764	29782873	2.157930148632944	35.59470061093521
short	toy_hmp_airskinurogenital_sample_9	E1	DASTool	125348	103346436	2928	29431616	2.3358968631330375	28.47859794603851
short	toy_hmp_airskinurogenital_sample_9	E2	DASTool	125354	103344067	3082	30086171	2.4586371396205946	29.112625304363142
short	toy_hmp_gastrooral_sample_0	E1	DASTool	83492	113983726	7792	58447336	9.33263067120203	51.27691298668373
short	toy_hmp_gastrooral_sample_0	E2	DASTool	83514	113984380	7813	58958175	9.355317671288645	51.72478457135969
short	toy_hmp_gastrooral_sample_1	E1	DASTool	102823	156615795	7225	60926554	7.026638009005767	38.9019217378426
short	toy_hmp_gastrooral_sample_1	E2	DASTool	102826	156624905	9954	73906679	9.680431019391982	47.18705431936256
short	toy_hmp_gastrooral_sample_10	E1	DASTool	59040	161452467	8475	80093488	14.354674796747968	49.60809177353728
short	toy_hmp_gastrooral_sample_10	E2	DASTool	59024	161431774	8033	80128082	13.609718080780699	49.635880232599064
short	toy_hmp_gastrooral_sample_11	E1	DASTool	132157	160998082	7435	54615131	5.625884364808523	33.92284573924303
short	toy_hmp_gastrooral_sample_11	E2	DASTool	132141	160994545	8506	56933164	6.4370634398105055	35.363411847277185
short	toy_hmp_gastrooral_sample_12	E1	DASTool	36043	119011778	3363	69778518	9.330521876647339	58.631607033045086
short	toy_hmp_gastrooral_sample_12	E2	DASTool	36052	119017415	3126	63577934	8.670808831687562	53.41901771265995
short	toy_hmp_gastrooral_sample_13	E1	DASTool	137866	141505284	7591	48793923	5.506071112529558	34.48205015439565
short	toy_hmp_gastrooral_sample_13	E2	DASTool	137954	141540040	7187	48586507	5.209707583687316	34.32704060278632
short	toy_hmp_gastrooral_sample_14	E1	DASTool	115905	123880435	6075	47878649	5.241361459816229	38.64908046214077
short	toy_hmp_gastrooral_sample_14	E2	DASTool	116023	123907233	6397	47890279	5.513561966161881	38.650107697909775
short	toy_hmp_gastrooral_sample_15	E1	DASTool	153418	152285593	5956	41655677	3.8822041742168456	27.353655837949162
short	toy_hmp_gastrooral_sample_15	E2	DASTool	153321	152233673	7179	45160262	4.682333144187685	29.665093871840035
short	toy_hmp_gastrooral_sample_16	E1	DASTool	151294	172225938	5137	44248202	3.395375890649993	25.691950070842406
short	toy_hmp_gastrooral_sample_16	E2	DASTool	151281	172221935	6374	47274292	4.213351313119294	27.44963468213268
short	toy_hmp_gastrooral_sample_17	E1	DASTool	104721	134948308	5381	27582687	5.138415408561798	20.439446339705125
short	toy_hmp_gastrooral_sample_17	E2	DASTool	104722	134948866	6137	32065273	5.86027768759191	23.761054057319754
short	toy_hmp_gastrooral_sample_18	E1	DASTool	135951	194688763	10520	85319387	7.7380821031106795	43.823477886086316
short	toy_hmp_gastrooral_sample_18	E2	DASTool	135922	194678715	13092	91716824	9.63199482055885	47.11189099434933
short	toy_hmp_gastrooral_sample_19	E1	DASTool	159420	152190784	3736	24289239	2.3434951699912183	15.959730518242155
short	toy_hmp_gastrooral_sample_19	E2	DASTool	159430	152193999	4030	28303595	2.527755127642225	18.59705059724464
short	toy_hmp_gastrooral_sample_2	E1	DASTool	58071	100358506	8027	62314606	13.822734239121075	62.09200244571198
short	toy_hmp_gastrooral_sample_2	E2	DASTool	58110	100373336	7824	58923512	13.464119772844604	58.704347537078974
short	toy_hmp_gastrooral_sample_3	E1	DASTool	57913	140491755	8331	78505992	14.385371160188559	55.879430077587116
short	toy_hmp_gastrooral_sample_3	E2	DASTool	57861	140480308	6926	77828929	11.97006619311799	55.40202047393005
short	toy_hmp_gastrooral_sample_4	E1	DASTool	54768	139354868	9421	81553529	17.201650598889863	58.52219600968658
short	toy_hmp_gastrooral_sample_4	E2	DASTool	54770	139355755	12222	87094987	22.315136023370457	62.498306582315166
short	toy_hmp_gastrooral_sample_5	E1	DASTool	35192	82150352	2476	40335000	7.035689929529439	49.09899838286755
short	toy_hmp_gastrooral_sample_5	E2	DASTool	35160	82139782	3044	46374240	8.657565415244596	56.45771010203071
short	toy_hmp_gastrooral_sample_6	E1	DASTool	67967	119167009	8614	43351518	12.673797578236497	36.37879171742911
short	toy_hmp_gastrooral_sample_6	E2	DASTool	68015	119178845	11692	50509284	17.19032566345659	42.381081978097704
short	toy_hmp_gastrooral_sample_7	E1	DASTool	96545	97116941	3003	17648457	3.1104666217825883	18.172377361020875
short	toy_hmp_gastrooral_sample_7	E2	DASTool	96539	97111017	3136	20079836	3.2484280964169923	20.677196697466364
short	toy_hmp_gastrooral_sample_8	E1	DASTool	117658	109241738	1743	16827523	1.4814122286627345	15.40393196600369
short	toy_hmp_gastrooral_sample_8	E2	DASTool	117658	109241738	1794	19833346	1.5247581974876336	18.15546545039406
short	toy_hmp_gastrooral_sample_9	E1	DASTool	61345	143409748	9186	82760547	14.974325535903496	57.709150287329145
short	toy_hmp_gastrooral_sample_9	E2	DASTool	61345	143409748	6386	68025984	10.409976363191785	47.43470018509481
short	toy_mousegut_sample_0	E1	DASTool	62773	66278945	6820	35895234	10.864543673235309	54.157823423411465
short	toy_mousegut_sample_0	E2	DASTool	62787	66281389	5325	33188617	8.481054995460843	50.072301592834755
short	toy_mousegut_sample_1	E1	DASTool	80859	107896536	5693	57877587	7.040651009782461	53.641747127081075
short	toy_mousegut_sample_1	E2	DASTool	80856	107894857	5201	55916935	6.432423073117641	51.82539423542681
short	toy_mousegut_sample_10	E1	DASTool	122502	136057561	2777	38162916	2.266901764869145	28.049096073389116
short	toy_mousegut_sample_10	E2	DASTool	122498	136055475	6219	52875920	5.076817580695195	38.86350034792793
short	toy_mousegut_sample_11	E1	DASTool	186853	223804516	5535	67157433	2.9622216394706	30.007184037340874
short	toy_mousegut_sample_11	E2	DASTool	186853	223804387	5813	66754451	3.1110016965207943	29.827141413452274
short	toy_mousegut_sample_12	E1	DASTool	163858	214954758	8069	76471020	4.9243857486360145	35.5754023365233
short	toy_mousegut_sample_12	E2	DASTool	163858	214954755	8644	78210717	5.275299344554432	36.38473454564892
short	toy_mousegut_sample_13	E1	DASTool	82869	102318876	6438	47485623	7.768888245302827	46.40944550641858
short	toy_mousegut_sample_13	E2	DASTool	82869	102318876	5120	43557270	6.178426190734774	42.57012166552729
short	toy_mousegut_sample_14	E1	DASTool	213957	237255019	7566	76358776	3.536224568488061	32.18426161092086
short	toy_mousegut_sample_14	E2	DASTool	213956	237256128	6268	75237528	2.9295743049972893	31.711521482808656
short	toy_mousegut_sample_15	E1	DASTool	220557	250425483	8789	74747830	3.984910930054362	29.84833216833608
short	toy_mousegut_sample_15	E2	DASTool	220557	250425483	9592	79472004	4.348989150197001	31.734791143439665
short	toy_mousegut_sample_16	E1	DASTool	51029	48599460	1626	19557524	3.1864234062983794	40.24226606633078
short	toy_mousegut_sample_16	E2	DASTool	51020	48597745	1707	20694150	3.345746765974128	42.58253134996284
short	toy_mousegut_sample_17	E1	DASTool	175087	203445112	7764	70124905	4.434366914733818	34.468709673398294
short	toy_mousegut_sample_17	E2	DASTool	175083	203442138	7047	68595668	4.024948167440585	33.71753200902755
short	toy_mousegut_sample_18	E1	DASTool	75775	74800151	2163	31825463	2.8545034642032334	42.54732453681812
short	toy_mousegut_sample_18	E2	DASTool	75802	74805782	2217	32033323	2.924724941294425	42.82198801156841
short	toy_mousegut_sample_19	E1	DASTool	179938	208365229	9115	94679007	5.065633718280741	45.43896669055085
short	toy_mousegut_sample_19	E2	DASTool	179943	208361636	8993	93803022	4.997693714120583	45.01933455734625
short	toy_mousegut_sample_2	E1	DASTool	73839	95129393	7313	53642646	9.903980281423097	56.389139369363996
short	toy_mousegut_sample_2	E2	DASTool	73848	95133728	7666	54721141	10.380782147112988	57.520231941294256
short	toy_mousegut_sample_20	E1	DASTool	157323	165482786	4868	67517970	3.0942710220374643	40.80060025095299
short	toy_mousegut_sample_20	E2	DASTool	157323	165482786	4247	66449282	2.699541707188396	40.1548001494246
short	toy_mousegut_sample_21	E1	DASTool	92313	103663742	4493	47047275	4.867136806300304	45.3845038702153
short	toy_mousegut_sample_21	E2	DASTool	92310	103661482	3827	45812368	4.145813021341133	44.19420513397638
short	toy_mousegut_sample_22	E1	DASTool	200200	235886785	11220	88700314	5.604395604395604	37.60291785739502
short	toy_mousegut_sample_22	E2	DASTool	200181	235881994	7969	71507616	3.9808972879544013	30.314995556634138
short	toy_mousegut_sample_23	E1	DASTool	101274	104695460	5012	40361032	4.94895037225744	38.55089036334527
short	toy_mousegut_sample_23	E2	DASTool	101278	104696923	5648	41862215	5.576729398289856	39.98418845604469
short	toy_mousegut_sample_24	E1	DASTool	216998	248848171	9412	91076957	4.337367164674329	36.599407837319404
short	toy_mousegut_sample_24	E2	DASTool	216996	248848842	6551	81482492	3.018949658058213	32.743769810269
short	toy_mousegut_sample_25	E1	DASTool	200226	233595982	12799	103502628	6.392276727298153	44.30839396886544
short	toy_mousegut_sample_25	E2	DASTool	200224	233595751	14403	106599294	7.19344334345533	45.63408946595094
short	toy_mousegut_sample_26	E1	DASTool	124700	135414900	4798	53013543	3.847634322373697	39.148973266605076
short	toy_mousegut_sample_26	E2	DASTool	124694	135410085	4850	53191870	3.8895215487513433	39.282059382800036
short	toy_mousegut_sample_27	E1	DASTool	166245	202815108	7542	94203893	4.536677794820897	46.448163516497004
short	toy_mousegut_sample_27	E2	DASTool	166263	202821452	7786	94818260	4.682942085731642	46.749620942463224
short	toy_mousegut_sample_28	E1	DASTool	149352	182243317	11637	81586897	7.7916599710750445	44.768114597036224
short	toy_mousegut_sample_28	E2	DASTool	149350	182242138	11754	79809982	7.8701037830599265	43.79337450485793
short	toy_mousegut_sample_29	E1	DASTool	104974	120813564	6074	55291821	5.786194676777106	45.7662361487821
short	toy_mousegut_sample_29	E2	DASTool	104974	120813534	6004	55263901	5.71951149808524	45.74313751967557
short	toy_mousegut_sample_30	E1	DASTool	173543	192943607	7585	84562196	4.37067470309952	43.82741533384934
short	toy_mousegut_sample_30	E2	DASTool	173543	192943607	4832	73594622	2.7843243461274727	38.143073587299526
short	toy_mousegut_sample_31	E1	DASTool	157913	173238021	6425	67444868	4.068696054156403	38.93190860221152
short	toy_mousegut_sample_31	E2	DASTool	157907	173237091	7334	70280978	4.6445059433717315	40.569243915553855
short	toy_mousegut_sample_32	E1	DASTool	95520	109162549	5715	54087395	5.983040201005025	49.54757423262441
short	toy_mousegut_sample_32	E2	DASTool	95560	109170409	5559	53772413	5.817287568020092	49.25548369064001
short	toy_mousegut_sample_33	E1	DASTool	240940	294723898	16996	124291385	7.05403834979663	42.172143434395
short	toy_mousegut_sample_33	E2	DASTool	240938	294723731	16188	126017210	6.718740920900813	42.757741147081234
short	toy_mousegut_sample_34	E1	DASTool	283767	289171251	9920	97118609	3.4958258007449774	33.58515366384053
short	toy_mousegut_sample_34	E2	DASTool	283765	289174941	8743	90620848	3.081070604197135	31.3377250762541
short	toy_mousegut_sample_35	E1	DASTool	139429	153237745	12887	59540757	9.242696999906762	38.85515086377707
short	toy_mousegut_sample_35	E2	DASTool	139414	153234517	11298	58067937	8.10392069663018	37.89481517405116
short	toy_mousegut_sample_36	E1	DASTool	255904	293076288	6689	86280325	2.61387082655996	29.439544764535846
short	toy_mousegut_sample_36	E2	DASTool	255903	293075970	5805	79029361	2.2684376502033974	26.965486457316853
short	toy_mousegut_sample_37	E1	DASTool	249158	290707809	8232	87464958	3.3039276282519525	30.086896633726134
short	toy_mousegut_sample_37	E2	DASTool	249150	290706703	10168	94546648	4.081075657234598	32.52303680111566
short	toy_mousegut_sample_38	E1	DASTool	132067	140284670	5576	58037922	4.2220993889465195	41.37153546428131
short	toy_mousegut_sample_38	E2	DASTool	132067	140284670	5567	58039142	4.215284666116441	41.37240512452287
short	toy_mousegut_sample_5	E1	DASTool	164098	169157617	10649	57998071	6.489414861850845	34.28640816097569
short	toy_mousegut_sample_5	E2	DASTool	164099	169157650	12362	63636810	7.533257362933351	37.61982387435626
short	toy_mousegut_sample_52	E1	DASTool	70168	101874258	4540	46291906	6.470185839699008	45.440238691112725
short	toy_mousegut_sample_52	E2	DASTool	70168	101874258	4611	46395457	6.571371565385931	45.54188458481828
short	toy_mousegut_sample_53	E1	DASTool	147386	135032634	7389	42820642	5.013366262738659	31.711328388958183
short	toy_mousegut_sample_53	E2	DASTool	147387	135032766	5969	39586895	4.049882282697931	29.316510483092674
short	toy_mousegut_sample_54	E1	DASTool	138794	132496583	5712	40237358	4.115451676585443	30.368600524588622
short	toy_mousegut_sample_54	E2	DASTool	138792	132496544	6107	38514741	4.40010951639864	29.06848725050519
short	toy_mousegut_sample_55	E1	DASTool	78636	75637640	3968	27215096	5.046034894959051	35.98088993786691
short	toy_mousegut_sample_55	E2	DASTool	78635	75637150	4689	29965394	5.962993577923316	39.6172965269051
short	toy_mousegut_sample_56	E1	DASTool	73668	77908440	5482	26752964	7.441494271596894	34.33898047502941
short	toy_mousegut_sample_56	E2	DASTool	73668	77908440	5941	31690445	8.064559917467557	40.67652362183096
short	toy_mousegut_sample_57	E1	DASTool	188832	197337962	8856	70996543	4.689883070665989	35.97713398904971
short	toy_mousegut_sample_57	E2	DASTool	188841	197327773	8457	70116251	4.478370692805059	35.532885175773
short	toy_mousegut_sample_58	E1	DASTool	197221	209741887	12388	76218389	6.281278362851826	36.33913573019394
short	toy_mousegut_sample_58	E2	DASTool	197217	209741549	9207	68387372	4.668461643773103	32.60554350154055
short	toy_mousegut_sample_59	E1	DASTool	216386	218883223	5492	55663613	2.5380569907480153	25.430735273849656
short	toy_mousegut_sample_59	E2	DASTool	216377	218879977	7654	59868758	3.5373445421648326	27.35232286688334
short	toy_mousegut_sample_6	E1	DASTool	172186	180294989	8702	56441370	5.053837129615649	31.305013141546603
short	toy_mousegut_sample_6	E2	DASTool	172186	180295262	8734	52309322	5.072421683528278	29.013142896678005
short	toy_mousegut_sample_60	E1	DASTool	215573	224147268	7714	64381155	3.578370204060805	28.722703414792456
short	toy_mousegut_sample_60	E2	DASTool	215568	224138426	6600	60699859	3.06167891338232	27.081415749747435
short	toy_mousegut_sample_61	E1	DASTool	281842	292589447	11400	89397914	4.04481943784106	30.554045922237243
short	toy_mousegut_sample_61	E2	DASTool	281826	292584172	10146	86235522	3.600093674820634	29.473748156137443
short	toy_mousegut_sample_62	E1	DASTool	133842	169788856	12830	84901396	9.585929678277372	50.00410392069548
short	toy_mousegut_sample_62	E2	DASTool	133824	169783936	10672	80760190	7.974653275944524	47.56644939601353
short	toy_mousegut_sample_63	E1	DASTool	117882	151163376	7304	65478858	6.196026535009586	43.31661526268109
short	toy_mousegut_sample_63	E2	DASTool	117879	151164056	8551	71199169	7.254048643100128	47.10059446936248
short	toy_mousegut_sample_7	E1	DASTool	102138	113749420	5515	50398503	5.399557461473693	44.306602178718805
short	toy_mousegut_sample_7	E2	DASTool	102138	113749745	4799	46024653	4.698545105641387	40.461324111100204
short	toy_mousegut_sample_8	E1	DASTool	61576	74832854	4251	39088863	6.903663765103287	52.23489538431876
short	toy_mousegut_sample_8	E2	DASTool	61569	74830406	4065	38616538	6.602348584514934	51.60541023925488
short	toy_mousegut_sample_9	E1	DASTool	104170	117166734	7744	43546353	7.434002111932418	37.16614051903162
short	toy_mousegut_sample_9	E2	DASTool	104144	117156919	8760	44342522	8.411430327239207	37.84882905635305
short	marine_sample_0	E1	MetaBAT2	400745	377598989	34664	161912062	8.649889580656028	42.879368514410935
short	marine_sample_0	E2	MetaBAT2	400739	377604743	34620	161747691	8.63903937475514	42.83518520316891
short	marine_sample_1	E1	MetaBAT2	507940	454826949	38057	178617133	7.492420364609993	39.27144893078884
short	marine_sample_1	E2	MetaBAT2	507941	454824936	38405	179395020	7.560917508135788	39.442652722101414
short	marine_sample_2	E1	MetaBAT2	523223	441134781	38194	151953663	7.299755553559381	34.44608531105599
short	marine_sample_2	E2	MetaBAT2	523221	441132869	37881	151492138	7.2399616987850255	34.341611937332196
short	marine_sample_3	E1	MetaBAT2	523073	444867952	40630	164870817	7.767558256686925	37.06061905758498
short	marine_sample_3	E2	MetaBAT2	523072	444867801	40757	165161638	7.791852746849382	37.12600409126935
short	marine_sample_4	E1	MetaBAT2	359349	351494838	28611	157655792	7.9618977651252685	44.85294660287443
short	marine_sample_4	E2	MetaBAT2	359348	351494667	28609	157622905	7.96136335808186	44.84361209383584
short	marine_sample_5	E1	MetaBAT2	400401	372134962	25397	158554171	6.342891251520351	42.60663124686468
short	marine_sample_5	E2	MetaBAT2	400432	372148234	25563	159036833	6.3838554361289805	42.7348079260266
short	marine_sample_6	E1	MetaBAT2	456678	418993902	35526	171396348	7.7792229973854665	40.9066449850146
short	marine_sample_6	E2	MetaBAT2	456675	418991317	35560	171282723	7.786719220452182	40.87977866137975
short	marine_sample_7	E1	MetaBAT2	428138	401963165	36589	171798687	8.546076265129468	42.73990802117403
short	marine_sample_7	E2	MetaBAT2	428154	401954728	36614	172026014	8.551595921093812	42.79736050274796
short	marine_sample_8	E1	MetaBAT2	539580	430454141	31310	136543534	5.802661329181956	31.7208085587914
short	marine_sample_8	E2	MetaBAT2	539580	430454141	31329	136553582	5.806182586456132	31.72314283764783
short	marine_sample_9	E1	MetaBAT2	416919	398366177	30940	168659028	7.421105778340637	42.33768771990901
short	marine_sample_9	E2	MetaBAT2	416918	398366036	31063	168867081	7.450625782527979	42.38992929608085
short	strain_sample_0	E1	MetaBAT2	54646	56630633	3735	22716174	6.834900999158219	40.11287318649608
short	strain_sample_0	E2	MetaBAT2	54669	56635272	3701	22705238	6.769832994933143	40.090278016145135
short	strain_sample_1	E1	MetaBAT2	53281	57813200	4966	25989234	9.320395638220003	44.95380639715498
short	strain_sample_1	E2	MetaBAT2	53296	57817030	4959	25967861	9.304638246772742	44.913861884638486
short	strain_sample_10	E1	MetaBAT2	40876	54229081	3030	27665450	7.412662687151385	51.015893114618706
short	strain_sample_10	E2	MetaBAT2	40884	54231920	3040	27676201	7.4356716563936995	51.0330465895362
short	strain_sample_11	E1	MetaBAT2	50823	50121144	2110	18071227	4.151663616866379	36.0550968269998
short	strain_sample_11	E2	MetaBAT2	50871	50133116	2104	18179584	4.135951721019834	36.26262528744473
short	strain_sample_12	E1	MetaBAT2	52517	56785706	2945	25729577	5.607707980273054	45.30995352950265
short	strain_sample_12	E2	MetaBAT2	52511	56784938	2909	25525220	5.539791662699244	44.95068745166192
short	strain_sample_13	E1	MetaBAT2	53556	49842351	2462	18261361	4.597057285831653	36.63824164313598
short	strain_sample_13	E2	MetaBAT2	53586	49844101	2456	18205177	4.583286679356548	36.524235836854594
short	strain_sample_14	E1	MetaBAT2	50131	56473542	2899	24518121	5.782848935788235	43.4152350493617
short	strain_sample_14	E2	MetaBAT2	50129	56472715	2867	24357231	5.719244349578089	43.1309721871881
short	strain_sample_15	E1	MetaBAT2	47163	54465190	3231	25908210	6.850709242414605	47.5683826679022
short	strain_sample_15	E2	MetaBAT2	47137	54454922	3251	25967266	6.896917495810086	47.685801478147376
short	strain_sample_16	E1	MetaBAT2	47494	51556369	4090	23961163	8.611614098622985	46.47566045622802
short	strain_sample_16	E2	MetaBAT2	47509	51559361	4091	23838681	8.611000021048643	46.235408154108036
short	strain_sample_17	E1	MetaBAT2	50651	49083121	2454	17679157	4.8449191526327215	36.01881184368859
short	strain_sample_17	E2	MetaBAT2	50644	49080887	2457	17679872	4.851512518758392	36.02190808002309
short	strain_sample_18	E1	MetaBAT2	37166	45945885	2436	23388325	6.554377656998332	50.904068993338576
short	strain_sample_18	E2	MetaBAT2	37176	45949800	2417	23276693	6.501506348181622	50.65678849527092
short	strain_sample_19	E1	MetaBAT2	32577	41843113	3756	22216010	11.52960677778801	53.09358794600201
short	strain_sample_19	E2	MetaBAT2	32578	41843307	3720	21954805	11.418748848916447	52.46909619261212
short	strain_sample_2	E1	MetaBAT2	40784	44175961	3722	18964522	9.126127893291487	42.92950638923282
short	strain_sample_2	E2	MetaBAT2	40795	44182240	3729	19021453	9.140826081627651	43.05226036525083
short	strain_sample_20	E1	MetaBAT2	60166	55535152	2254	17948979	3.746301898081973	32.32003218430013
short	strain_sample_20	E2	MetaBAT2	60166	55534409	2186	17701120	3.6332812551939635	31.874148512141364
short	strain_sample_21	E1	MetaBAT2	31732	35876584	2237	16670825	7.0496659523509395	46.46714692792379
short	strain_sample_21	E2	MetaBAT2	31736	35877154	2220	16562276	6.995210486513739	46.163851235245694
short	strain_sample_22	E1	MetaBAT2	63735	59678302	3249	18652424	5.097670040009414	31.254950920017798
short	strain_sample_22	E2	MetaBAT2	63734	59678725	3244	18662329	5.08990491731258	31.27132659084121
short	strain_sample_23	E1	MetaBAT2	35025	41116853	2260	20111079	6.452533904354032	48.912009389434544
short	strain_sample_23	E2	MetaBAT2	35025	41116450	2270	20166406	6.481084939329051	49.04705051141332
short	strain_sample_24	E1	MetaBAT2	37143	40329519	2155	18341639	5.801900761920146	45.479439018352785
short	strain_sample_24	E2	MetaBAT2	37142	40329993	2160	18360851	5.815518819665069	45.526541499771646
short	strain_sample_25	E1	MetaBAT2	38819	49708559	2762	26290487	7.115072516035962	52.88925595288328
short	strain_sample_25	E2	MetaBAT2	38806	49705631	2778	26422904	7.158686801010153	53.15877390229691
short	strain_sample_26	E1	MetaBAT2	51316	54261158	2987	22898476	5.820796632629199	42.20049266180423
short	strain_sample_26	E2	MetaBAT2	51306	54257299	3006	23009135	5.85896386387557	42.407446415642625
short	strain_sample_27	E1	MetaBAT2	53817	57335701	5456	25280893	10.138060464165598	44.092759936780055
short	strain_sample_27	E2	MetaBAT2	53815	57334825	5583	25591967	10.374430920747004	44.635990429900154
short	strain_sample_28	E1	MetaBAT2	35772	41712264	3016	19623102	8.431175220843118	47.043962897818254
short	strain_sample_28	E2	MetaBAT2	35774	41712083	3025	19617403	8.455861799071952	47.03050432652812
short	strain_sample_29	E1	MetaBAT2	47354	46134690	2209	18459519	4.664864636567133	40.01223157671592
short	strain_sample_29	E2	MetaBAT2	47347	46130781	2209	18453912	4.665554311783217	40.00346753288222
short	strain_sample_3	E1	MetaBAT2	46514	52694305	3423	24039402	7.359074687190954	45.62049352392066
short	strain_sample_3	E2	MetaBAT2	46538	52707590	3382	23923835	7.267179509218273	45.3897341919826
short	strain_sample_30	E1	MetaBAT2	58703	53396235	2701	17572440	4.601127710679181	32.90951131666868
short	strain_sample_30	E2	MetaBAT2	58685	53389448	2601	17114377	4.4321376842464	32.05572943927047
short	strain_sample_31	E1	MetaBAT2	44819	49413774	1431	11504269	3.192842321336933	23.28150244099955
short	strain_sample_31	E2	MetaBAT2	44871	49435341	3051	21970752	6.799491876713245	44.44341144526544
short	strain_sample_32	E1	MetaBAT2	48953	47385881	3177	17958193	6.489898474046535	37.89777170123734
short	strain_sample_32	E2	MetaBAT2	48982	47393871	3174	17912009	6.479931403372667	37.793935422578166
short	strain_sample_33	E1	MetaBAT2	45696	53160094	4510	24430149	9.869572829131652	45.9558047433099
short	strain_sample_33	E2	MetaBAT2	45717	53163537	4597	24763443	10.05534046415994	46.57975070394583
short	strain_sample_34	E1	MetaBAT2	43024	46812418	3418	21619097	7.944403123837858	46.18239758518776
short	strain_sample_34	E2	MetaBAT2	43030	46812931	3397	21557033	7.894492214733907	46.049312742242094
short	strain_sample_35	E1	MetaBAT2	65832	56555153	2663	17294648	4.045145218131	30.58014536712508
short	strain_sample_35	E2	MetaBAT2	65759	56540848	2629	17046168	3.997931842029228	30.14841234783037
short	strain_sample_36	E1	MetaBAT2	58448	54274897	3145	19733803	5.380851355050643	36.35898747076388
short	strain_sample_36	E2	MetaBAT2	58490	54286468	3117	19861386	5.329116088220209	36.58625571293384
short	strain_sample_37	E1	MetaBAT2	53281	49383838	2430	16607179	4.560725211613896	33.628773446081695
short	strain_sample_37	E2	MetaBAT2	53313	49389812	2380	16373872	4.464201977003733	33.15232704267026
short	strain_sample_38	E1	MetaBAT2	46104	52095538	3995	24605398	8.665191740412979	47.231296469190895
short	strain_sample_38	E2	MetaBAT2	46074	52088688	4012	24761848	8.707731041368234	47.53786081154511
short	strain_sample_39	E1	MetaBAT2	58952	52277598	2891	17135398	4.90398968652463	32.77770719305045
short	strain_sample_39	E2	MetaBAT2	58942	52271433	2923	17118485	4.9591123477316685	32.74921695756839
short	strain_sample_4	E1	MetaBAT2	50573	59331967	4671	29897293	9.236153678840488	50.389856449559474
short	strain_sample_4	E2	MetaBAT2	50558	59326137	4518	29169176	8.936271213260019	49.167495938594485
short	strain_sample_40	E1	MetaBAT2	57911	60222112	4020	23948405	6.94168638082575	39.76679695325199
short	strain_sample_40	E2	MetaBAT2	57951	60238364	4041	24027392	6.973132473986644	39.88719215548417
short	strain_sample_41	E1	MetaBAT2	55468	51680867	2581	18454630	4.65313333814091	35.70882431209987
short	strain_sample_41	E2	MetaBAT2	55474	51680170	2532	18430250	4.56430039297689	35.66213114237047
short	strain_sample_42	E1	MetaBAT2	38226	41110781	2298	18238632	6.011615131062627	44.36459623571734
short	strain_sample_42	E2	MetaBAT2	38231	41113120	2278	18196013	5.958515340953676	44.25840948096374
short	strain_sample_43	E1	MetaBAT2	32623	39528394	1510	18565367	4.628636238236827	46.967167449302394
short	strain_sample_43	E2	MetaBAT2	32628	39531563	1525	18653412	4.67389971803359	47.18612314924153
short	strain_sample_44	E1	MetaBAT2	45618	59957479	3811	32436289	8.354158446227366	54.098820599178296
short	strain_sample_44	E2	MetaBAT2	45610	59957292	3797	32442596	8.324928743696558	54.10950848147044
short	strain_sample_45	E1	MetaBAT2	44453	48227348	3285	21838880	7.3898274582142935	45.28318662680768
short	strain_sample_45	E2	MetaBAT2	44470	48228989	3344	21985800	7.519676186192939	45.58627592214301
short	strain_sample_46	E1	MetaBAT2	30806	35980326	2528	18169658	8.206193598649614	50.49886985459776
short	strain_sample_46	E2	MetaBAT2	30795	35975845	2472	17977230	8.027277155382368	49.97027866892355
short	strain_sample_47	E1	MetaBAT2	41518	46952835	2872	21318515	6.917481574256949	45.40410605664174
short	strain_sample_47	E2	MetaBAT2	41533	46947291	2996	21948161	7.2135410396552135	46.75064424910055
short	strain_sample_48	E1	MetaBAT2	53071	55110544	2910	22164129	5.483220591283375	40.2175834083583
short	strain_sample_48	E2	MetaBAT2	53082	55116662	2987	22187971	5.627142910967937	40.25637655633064
short	strain_sample_49	E1	MetaBAT2	47069	45990802	2802	17865850	5.952962671822219	38.84657197323934
short	strain_sample_49	E2	MetaBAT2	47082	45995258	2786	17788151	5.91733571216176	38.67388025087282
short	strain_sample_5	E1	MetaBAT2	55853	55831617	3935	23012932	7.045279573165273	41.218458709515794
short	strain_sample_5	E2	MetaBAT2	55838	55823189	3858	22762822	6.909273254772735	40.77664212268489
short	strain_sample_50	E1	MetaBAT2	47024	46516936	2382	17113847	5.065498468866962	36.79057236271968
short	strain_sample_50	E2	MetaBAT2	47040	46522533	2465	17596317	5.240221088435374	37.82321353826543
short	strain_sample_51	E1	MetaBAT2	46593	46312630	1631	18637370	3.5005258300603095	40.24252131653935
short	strain_sample_51	E2	MetaBAT2	46599	46315857	1683	18736816	3.611665486383828	40.45443011018883
short	strain_sample_52	E1	MetaBAT2	61210	57969712	2957	19622033	4.83090998202908	33.84876743910682
short	strain_sample_52	E2	MetaBAT2	61225	57968900	2972	19670184	4.854226214781543	33.932305080827824
short	strain_sample_53	E1	MetaBAT2	37620	39673930	2663	17115978	7.0786815523657625	43.141624739469975
short	strain_sample_53	E2	MetaBAT2	37599	39668558	2662	17085303	7.07997553126413	43.07013882380095
short	strain_sample_54	E1	MetaBAT2	48625	58632823	4746	29247239	9.760411311053984	49.88202427162683
short	strain_sample_54	E2	MetaBAT2	48621	58631454	4782	29329262	9.835256370704016	50.02308487863869
short	strain_sample_55	E1	MetaBAT2	44375	46395510	2195	18725210	4.946478873239436	40.35996155662477
short	strain_sample_55	E2	MetaBAT2	44368	46394996	2185	18670853	4.924720519293184	40.243247353658575
short	strain_sample_56	E1	MetaBAT2	54867	58240053	3861	24410553	7.037016786046257	41.913686101899664
short	strain_sample_56	E2	MetaBAT2	54868	58240848	3888	24512534	7.086097543194576	42.08821616058887
short	strain_sample_57	E1	MetaBAT2	41645	42290756	2930	18890155	7.03565854244207	44.667338176692795
short	strain_sample_57	E2	MetaBAT2	41645	42288542	2910	18820920	6.987633569456118	44.50595624696638
short	strain_sample_58	E1	MetaBAT2	55201	60173123	5076	26819393	9.195485589029184	44.57038568531668
short	strain_sample_58	E2	MetaBAT2	55190	60171197	5077	26817678	9.199130277224135	44.56896212318994
short	strain_sample_59	E1	MetaBAT2	60758	57855609	2982	18913060	4.907995654893183	32.69010615720941
short	strain_sample_59	E2	MetaBAT2	60752	57854621	3003	18822099	4.943047142480906	32.53344101934399
short	strain_sample_6	E1	MetaBAT2	60909	60893830	3967	23712707	6.51299479551462	38.94106677146108
short	strain_sample_6	E2	MetaBAT2	60898	60891601	3946	23708219	6.479687346054058	38.93512177484051
short	strain_sample_60	E1	MetaBAT2	50924	52351093	3228	20213032	6.338857905898987	38.61052528549882
short	strain_sample_60	E2	MetaBAT2	50926	52351882	3327	20468494	6.533008679260103	39.09791437870371
short	strain_sample_61	E1	MetaBAT2	38663	43381138	2015	19542948	5.211701109587978	45.0494129499323
short	strain_sample_61	E2	MetaBAT2	38657	43380918	2006	19475701	5.189228341568151	44.894626250186775
short	strain_sample_62	E1	MetaBAT2	48284	50802018	2999	22075871	6.211167260376108	43.45471276357565
short	strain_sample_62	E2	MetaBAT2	48247	50785834	2997	22024469	6.211785188716397	43.36734728034593
short	strain_sample_63	E1	MetaBAT2	29740	43101287	2413	24229426	8.113651647612643	56.21508703440804
short	strain_sample_63	E2	MetaBAT2	29734	43097811	2412	24220071	8.111925741575302	56.19791455301523
short	strain_sample_64	E1	MetaBAT2	47023	50576635	2634	20137413	5.601514152648704	39.815644121045224
short	strain_sample_64	E2	MetaBAT2	47022	50576111	2666	20249727	5.669686529709498	40.03812590493563
short	strain_sample_65	E1	MetaBAT2	49932	53779189	4539	24620289	9.090362893535207	45.780327776977074
short	strain_sample_65	E2	MetaBAT2	49886	53766089	4671	24945466	9.3633484344305	46.39628149259657
short	strain_sample_66	E1	MetaBAT2	54070	52257230	2754	19845301	5.0933974477529125	37.976182434468875
short	strain_sample_66	E2	MetaBAT2	54122	52285821	2769	19900074	5.116218912826577	38.06017313948269
short	strain_sample_67	E1	MetaBAT2	37175	42964589	782	10021478	2.1035642232683256	23.324971175681444
short	strain_sample_67	E2	MetaBAT2	37194	42972273	1823	18655368	4.901328171210411	43.41256977493371
short	strain_sample_68	E1	MetaBAT2	36062	47550341	2298	24706394	6.37235871554545	51.958394998681506
short	strain_sample_68	E2	MetaBAT2	36075	47555958	2276	24554776	6.309078309078309	51.63343781235571
short	strain_sample_69	E1	MetaBAT2	47505	64456912	5608	35564829	11.805073150194715	55.176129132590155
short	strain_sample_69	E2	MetaBAT2	47499	64455591	5552	35373398	11.688667129834313	54.880263218748546
short	strain_sample_7	E1	MetaBAT2	65263	60607482	4033	22165657	6.179611724867076	36.57247631571297
short	strain_sample_7	E2	MetaBAT2	65284	60613974	3947	21858756	6.045891795845843	36.06223871742843
short	strain_sample_70	E1	MetaBAT2	45298	44478038	2649	17184004	5.847940306415294	38.6348066881907
short	strain_sample_70	E2	MetaBAT2	45307	44482523	2663	17258619	5.877678945858256	38.79865132649962
short	strain_sample_71	E1	MetaBAT2	50563	50856464	3130	19878972	6.190297252931986	39.08838805623608
short	strain_sample_71	E2	MetaBAT2	50586	50864079	3114	19821257	6.155853398173408	38.96906695194461
short	strain_sample_72	E1	MetaBAT2	48238	49074843	3035	21003269	6.2917202205729925	42.79844359359438
short	strain_sample_72	E2	MetaBAT2	48254	49082880	3101	21272972	6.4264102457827335	43.34092050018255
short	strain_sample_73	E1	MetaBAT2	43132	46949420	2313	20971932	5.362607808587591	44.6692035812157
short	strain_sample_73	E2	MetaBAT2	43129	46950532	2291	20891516	5.311971063553526	44.49686746893518
short	strain_sample_74	E1	MetaBAT2	58041	52892206	2993	17757646	5.1566995744387585	33.573275427385276
short	strain_sample_74	E2	MetaBAT2	58053	52893483	2989	17703874	5.148743389661171	33.47080395518669
short	strain_sample_75	E1	MetaBAT2	66246	61457339	3449	20060312	5.206352081635117	32.64103575978127
short	strain_sample_75	E2	MetaBAT2	66251	61460053	3363	19750327	5.076149793965374	32.13522611182909
short	strain_sample_76	E1	MetaBAT2	36475	47664125	2631	24940366	7.213159698423578	52.325236223260156
short	strain_sample_76	E2	MetaBAT2	36500	47674258	2644	24936311	7.243835616438356	52.30560903538341
short	strain_sample_77	E1	MetaBAT2	49284	45039496	3004	16121582	6.095284473662852	35.79432149951234
short	strain_sample_77	E2	MetaBAT2	49276	45037512	3049	16360212	6.187596395811348	36.325745525196865
short	strain_sample_78	E1	MetaBAT2	34731	40843005	1856	18036917	5.343929054734963	44.1615816466002
short	strain_sample_78	E2	MetaBAT2	34711	40836060	1857	18065083	5.3498890841519975	44.23806557243769
short	strain_sample_79	E1	MetaBAT2	49215	54741770	3975	25264682	8.076805851874429	46.152475522804615
short	strain_sample_79	E2	MetaBAT2	49217	54741984	3988	25284004	8.102891277404149	46.18759159331894
short	strain_sample_8	E1	MetaBAT2	39481	48301663	3193	24177429	8.08743446214635	50.0550653918479
short	strain_sample_8	E2	MetaBAT2	39483	48301294	3221	24277885	8.157941392498037	50.263425654807506
short	strain_sample_80	E1	MetaBAT2	38951	41910658	1585	17562189	4.069215167774897	41.903873234345305
short	strain_sample_80	E2	MetaBAT2	38964	41913361	1577	17497733	4.047325736577354	41.747386948997004
short	strain_sample_81	E1	MetaBAT2	48286	55914002	4158	25824693	8.611191649753552	46.186450757003584
short	strain_sample_81	E2	MetaBAT2	48287	55919791	4160	25788753	8.615155217760474	46.11739875780294
short	strain_sample_82	E1	MetaBAT2	53331	52025023	3626	19968928	6.799047458326302	38.38331412174484
short	strain_sample_82	E2	MetaBAT2	53366	52032408	3686	20192160	6.907019450586516	38.80689127437654
short	strain_sample_83	E1	MetaBAT2	58617	53856277	2415	18750690	4.119965197809509	34.81616451133449
short	strain_sample_83	E2	MetaBAT2	58605	53853267	2342	18383354	3.996246054090948	34.13600515638169
short	strain_sample_84	E1	MetaBAT2	58713	59637848	4054	24264344	6.904774070478429	40.68614950693727
short	strain_sample_84	E2	MetaBAT2	58691	59626448	4045	24223273	6.8920277384948285	40.62504779758137
short	strain_sample_85	E1	MetaBAT2	50105	50745416	2604	21388118	5.197086119149786	42.14788188946958
short	strain_sample_85	E2	MetaBAT2	50132	50771495	2608	21329803	5.202266017713237	42.01137468967577
short	strain_sample_86	E1	MetaBAT2	46754	55228068	3555	26282120	7.603627497112546	47.58833859623697
short	strain_sample_86	E2	MetaBAT2	46743	55224940	3439	25865886	7.357251353143786	46.83732748283656
short	strain_sample_87	E1	MetaBAT2	53457	50664440	2498	19283400	4.672914679087865	38.061014786702465
short	strain_sample_87	E2	MetaBAT2	53462	50666503	2473	19176210	4.6257154614492535	37.84790515343046
short	strain_sample_88	E1	MetaBAT2	60843	55826462	2635	18452734	4.330818664431406	33.05374071529018
short	strain_sample_88	E2	MetaBAT2	60835	55825374	2603	18421005	4.278786882551163	32.99754874906884
short	strain_sample_89	E1	MetaBAT2	44691	47903641	3328	19587443	7.4466894900539256	40.889257248733976
short	strain_sample_89	E2	MetaBAT2	44709	47909202	3304	19471493	7.390010959762017	40.642490768266185
short	strain_sample_9	E1	MetaBAT2	52988	53420320	2438	20947521	4.601041745300823	39.2126460492936
short	strain_sample_9	E2	MetaBAT2	53010	53419901	2455	21172901	4.631201660064139	39.63485630570525
short	strain_sample_90	E1	MetaBAT2	41777	52968082	4083	27750991	9.77332024798334	52.39191217080505
short	strain_sample_90	E2	MetaBAT2	41785	52975569	4063	27684061	9.723585018547325	52.25816640119524
short	strain_sample_91	E1	MetaBAT2	52620	55880739	2251	22492493	4.277841125047511	40.250886803769724
short	strain_sample_91	E2	MetaBAT2	52620	55881179	2252	22536644	4.27974154313949	40.32957858673669
short	strain_sample_92	E1	MetaBAT2	56810	58057905	4408	23973527	7.759197324414716	41.29244243311914
short	strain_sample_92	E2	MetaBAT2	56819	58057212	4375	23888769	7.699889121596649	41.146944844681826
short	strain_sample_93	E1	MetaBAT2	50654	59311183	3786	28915318	7.4742369802977064	48.75188208604775
short	strain_sample_93	E2	MetaBAT2	50637	59308403	3616	28249797	7.141023362363489	47.632031164285436
short	strain_sample_94	E1	MetaBAT2	48157	55494403	3786	25661372	7.861785410220737	46.24136960262461
short	strain_sample_94	E2	MetaBAT2	48158	55495083	3821	25794590	7.934299597159351	46.480856691393726
short	strain_sample_95	E1	MetaBAT2	56042	57532792	3980	22660014	7.101816494771779	39.38625818819987
short	strain_sample_95	E2	MetaBAT2	56043	57533313	4039	22886549	7.206966079617437	39.77964731493908
short	strain_sample_96	E1	MetaBAT2	47866	51348018	3723	22408844	7.777963481385535	43.64110801706114
short	strain_sample_96	E2	MetaBAT2	47866	51348018	3712	22345087	7.754982659925625	43.51694158867047
short	strain_sample_97	E1	MetaBAT2	43701	48213742	2991	21163533	6.844236973982289	43.89523011924692
short	strain_sample_97	E2	MetaBAT2	43710	48216221	3006	21266358	6.877144818119423	44.10623138632121
short	strain_sample_98	E1	MetaBAT2	73317	69554892	5481	25567625	7.475755963828307	36.75891697164881
short	strain_sample_98	E2	MetaBAT2	73332	69558863	5569	25784587	7.594228985981563	37.06872983245859
short	strain_sample_99	E1	MetaBAT2	28168	37704629	2744	19898075	9.74155069582505	52.773559978537385
short	strain_sample_99	E2	MetaBAT2	28190	37713600	2735	19862220	9.702021993614757	52.665934835178824
short	toy_hmp_airskinurogenital_sample_0	E1	MetaBAT2	62570	98290975	7021	62275293	11.221032443663097	63.35809874711285
short	toy_hmp_airskinurogenital_sample_0	E2	MetaBAT2	62564	98288140	7034	62294186	11.242887283421776	63.379148287880916
short	toy_hmp_airskinurogenital_sample_1	E1	MetaBAT2	135075	129467590	10466	44631201	7.748287988154729	34.47287541229431
short	toy_hmp_airskinurogenital_sample_1	E2	MetaBAT2	135080	129466838	10449	44765931	7.735416049748297	34.57714090460755
short	toy_hmp_airskinurogenital_sample_10	E1	MetaBAT2	96350	106284313	6004	49238019	6.231447846393357	46.32670392290159
short	toy_hmp_airskinurogenital_sample_10	E2	MetaBAT2	96315	106272932	5980	49203447	6.208794061153506	46.29913381894836
short	toy_hmp_airskinurogenital_sample_11	E1	MetaBAT2	93010	128453338	17230	71368352	18.524889796796042	55.55974886382478
short	toy_hmp_airskinurogenital_sample_11	E2	MetaBAT2	93004	128453896	17311	71620575	18.61317792783106	55.75586045284294
short	toy_hmp_airskinurogenital_sample_12	E1	MetaBAT2	85659	69987748	3031	22330463	3.5384489662498977	31.90624593321677
short	toy_hmp_airskinurogenital_sample_12	E2	MetaBAT2	85640	69981044	3028	22366137	3.535730966837926	31.9602791293025
short	toy_hmp_airskinurogenital_sample_13	E1	MetaBAT2	58171	53586426	2348	21606903	4.036375513572055	40.32159748814
short	toy_hmp_airskinurogenital_sample_13	E2	MetaBAT2	58173	53580800	2344	21601828	4.0293606999810905	40.31635959149546
short	toy_hmp_airskinurogenital_sample_14	E1	MetaBAT2	37222	94111202	6299	73102880	16.922787598731933	77.67712923271344
short	toy_hmp_airskinurogenital_sample_14	E2	MetaBAT2	37221	94114590	6301	73087816	16.928615566481287	77.6583269395319
short	toy_hmp_airskinurogenital_sample_15	E1	MetaBAT2	63376	64546522	4067	25357542	6.417255743499116	39.28568296832477
short	toy_hmp_airskinurogenital_sample_15	E2	MetaBAT2	63314	64525569	4305	25846577	6.799444040812459	40.05633332733571
short	toy_hmp_airskinurogenital_sample_16	E1	MetaBAT2	23517	36721906	998	22429260	4.243738572096781	61.07869237506354
short	toy_hmp_airskinurogenital_sample_16	E2	MetaBAT2	23554	36733569	1000	22331971	4.245563386261357	60.79444934958539
short	toy_hmp_airskinurogenital_sample_17	E1	MetaBAT2	119671	150287048	17031	74626972	14.231518078732526	49.656289742280386
short	toy_hmp_airskinurogenital_sample_17	E2	MetaBAT2	119671	150287109	17118	75005939	14.304217396027441	49.90843160074361
short	toy_hmp_airskinurogenital_sample_18	E1	MetaBAT2	36622	79974829	10951	59355395	29.902790672273497	74.2175953886691
short	toy_hmp_airskinurogenital_sample_18	E2	MetaBAT2	36637	79973408	10931	59191188	29.835958184349156	74.01358711635747
short	toy_hmp_airskinurogenital_sample_19	E1	MetaBAT2	284055	276910938	23147	99021590	8.148774005034236	35.75936390060547
short	toy_hmp_airskinurogenital_sample_19	E2	MetaBAT2	284054	276912313	23290	99389970	8.199145232948664	35.89221762052885
short	toy_hmp_airskinurogenital_sample_2	E1	MetaBAT2	36976	76782281	7247	53657557	19.599199480744268	69.88273375207491
short	toy_hmp_airskinurogenital_sample_2	E2	MetaBAT2	36967	76783520	7248	53658609	19.606676224740987	69.88297619072426
short	toy_hmp_airskinurogenital_sample_20	E1	MetaBAT2	179411	184647635	15209	83874774	8.477183673241885	45.424234109470184
short	toy_hmp_airskinurogenital_sample_20	E2	MetaBAT2	179411	184647635	15153	83673592	8.445970425447715	45.315279559361805
short	toy_hmp_airskinurogenital_sample_21	E1	MetaBAT2	86637	110671656	8397	62417457	9.6921638560892	56.39877386491804
short	toy_hmp_airskinurogenital_sample_21	E2	MetaBAT2	86633	110669744	8391	62274109	9.685685593249685	56.27022052206066
short	toy_hmp_airskinurogenital_sample_22	E1	MetaBAT2	14308	58810523	3141	50647638	21.952753704221415	86.12002651294225
short	toy_hmp_airskinurogenital_sample_22	E2	MetaBAT2	14312	58814551	3131	50544494	21.87674678591392	85.93875689028043
short	toy_hmp_airskinurogenital_sample_23	E1	MetaBAT2	57747	68478287	4279	33735626	7.409908739847958	49.26470488375388
short	toy_hmp_airskinurogenital_sample_23	E2	MetaBAT2	57724	68478043	4286	33689435	7.424987873328251	49.19742668463817
short	toy_hmp_airskinurogenital_sample_24	E1	MetaBAT2	39675	70329125	6226	44667018	15.692501575299307	63.51140868025871
short	toy_hmp_airskinurogenital_sample_24	E2	MetaBAT2	39655	70319599	6178	44476792	15.579372084226453	63.24949606154608
short	toy_hmp_airskinurogenital_sample_25	E1	MetaBAT2	93150	141750025	12269	87166011	13.171229200214707	61.492765874291734
short	toy_hmp_airskinurogenital_sample_25	E2	MetaBAT2	93142	141749654	12258	86967306	13.160550557213716	61.352746582365555
short	toy_hmp_airskinurogenital_sample_26	E1	MetaBAT2	81574	97564653	5732	50671600	7.026748718954569	51.93643234707143
short	toy_hmp_airskinurogenital_sample_26	E2	MetaBAT2	81564	97579738	5706	50718822	6.995733411799323	51.97679665833905
short	toy_hmp_airskinurogenital_sample_27	E1	MetaBAT2	223175	230034985	17064	91472564	7.646017699115045	39.764631453776474
short	toy_hmp_airskinurogenital_sample_27	E2	MetaBAT2	223175	230034985	16995	91351735	7.615100257645346	39.71210509566621
short	toy_hmp_airskinurogenital_sample_28	E1	MetaBAT2	22873	46053739	1112	33601857	4.86162724609802	72.96227782938536
short	toy_hmp_airskinurogenital_sample_28	E2	MetaBAT2	22849	46039789	1111	33605998	4.862357214757758	72.9933797046724
short	toy_hmp_airskinurogenital_sample_3	E1	MetaBAT2	84233	102815196	7992	50976461	9.48796789856707	49.58066801720633
short	toy_hmp_airskinurogenital_sample_3	E2	MetaBAT2	84234	102820599	7915	50797227	9.396443241446446	49.40374544987819
short	toy_hmp_airskinurogenital_sample_4	E1	MetaBAT2	205461	176724659	13423	60807071	6.53311334024462	34.407802139258905
short	toy_hmp_airskinurogenital_sample_4	E2	MetaBAT2	205386	176706123	13330	60562273	6.490218418003175	34.272877459939515
short	toy_hmp_airskinurogenital_sample_5	E1	MetaBAT2	26474	84770606	6502	67802652	24.55994560701065	79.98368207961141
short	toy_hmp_airskinurogenital_sample_5	E2	MetaBAT2	26454	84764954	6513	68026363	24.620095259696075	80.2529344851647
short	toy_hmp_airskinurogenital_sample_6	E1	MetaBAT2	11190	37129267	1365	30027631	12.198391420911529	80.87321249837763
short	toy_hmp_airskinurogenital_sample_6	E2	MetaBAT2	11180	37127155	1381	30099426	12.352415026833631	81.07118899899548
short	toy_hmp_airskinurogenital_sample_7	E1	MetaBAT2	133620	112207781	6591	40082801	4.932644813650651	35.72194427407846
short	toy_hmp_airskinurogenital_sample_7	E2	MetaBAT2	133644	112211519	6627	40153865	4.958696237766005	35.784084698113745
short	toy_hmp_airskinurogenital_sample_8	E1	MetaBAT2	81750	83672291	4566	38061905	5.585321100917431	45.489258803729896
short	toy_hmp_airskinurogenital_sample_8	E2	MetaBAT2	81745	83672211	4536	37975879	5.548963239341856	45.38648918934388
short	toy_hmp_airskinurogenital_sample_9	E1	MetaBAT2	125348	103346436	5938	37989930	4.737211602897533	36.75978724607397
short	toy_hmp_airskinurogenital_sample_9	E2	MetaBAT2	125354	103344067	5929	37969853	4.729805191697114	36.74120256947116
short	toy_hmp_gastrooral_sample_0	E1	MetaBAT2	83492	113983726	6694	59364298	8.017534614094764	52.08138045952279
short	toy_hmp_gastrooral_sample_0	E2	MetaBAT2	83514	113984380	6564	58940966	7.859760040232775	51.709686888677204
short	toy_hmp_gastrooral_sample_1	E1	MetaBAT2	102823	156615795	13757	91499623	13.37930229617887	58.422985370026055
short	toy_hmp_gastrooral_sample_1	E2	MetaBAT2	102826	156624905	13734	91388118	13.356544064730711	58.34839484818841
short	toy_hmp_gastrooral_sample_10	E1	MetaBAT2	59040	161452467	16048	121490291	27.181571815718158	75.24833361635781
short	toy_hmp_gastrooral_sample_10	E2	MetaBAT2	59024	161431774	15958	121100754	27.0364597451884	75.01667794346359
short	toy_hmp_gastrooral_sample_11	E1	MetaBAT2	132157	160998082	12441	77795983	9.413803279432797	48.32106198631609
short	toy_hmp_gastrooral_sample_11	E2	MetaBAT2	132141	160994545	12482	77979993	9.445970592019131	48.43641938302941
short	toy_hmp_gastrooral_sample_12	E1	MetaBAT2	36043	119011778	8024	93083195	22.262297810948034	78.21343111099475
short	toy_hmp_gastrooral_sample_12	E2	MetaBAT2	36052	119017415	7989	92701212	22.159658271385776	77.88877955381572
short	toy_hmp_gastrooral_sample_13	E1	MetaBAT2	137866	141505284	9583	63926683	6.950952374044362	45.176180841416496
short	toy_hmp_gastrooral_sample_13	E2	MetaBAT2	137954	141540040	9637	63973068	6.985661887295765	45.197859206483194
short	toy_hmp_gastrooral_sample_14	E1	MetaBAT2	115905	123880435	8724	56683680	7.526853888960787	45.75676538429979
short	toy_hmp_gastrooral_sample_14	E2	MetaBAT2	116023	123907233	8685	56503783	7.485584754746903	45.601682510334165
short	toy_hmp_gastrooral_sample_15	E1	MetaBAT2	153418	152285593	12245	65975136	7.981462409886714	43.32329454172333
short	toy_hmp_gastrooral_sample_15	E2	MetaBAT2	153321	152233673	12240	66104150	7.9832508266969295	43.42281749977878
short	toy_hmp_gastrooral_sample_16	E1	MetaBAT2	151294	172225938	13083	89469499	8.647401747590784	51.9489108545311
short	toy_hmp_gastrooral_sample_16	E2	MetaBAT2	151281	172221935	13074	89417083	8.642195649156205	51.91968316927806
short	toy_hmp_gastrooral_sample_17	E1	MetaBAT2	104721	134948308	13000	69212281	12.413937987605161	51.28799465940692
short	toy_hmp_gastrooral_sample_17	E2	MetaBAT2	104722	134948866	12981	69397617	12.395676171196119	51.42512053417329
short	toy_hmp_gastrooral_sample_18	E1	MetaBAT2	135951	194688763	17160	106028969	12.622194761347838	54.46075436824261
short	toy_hmp_gastrooral_sample_18	E2	MetaBAT2	135922	194678715	16945	105343864	12.466708847721486	54.111649545252035
short	toy_hmp_gastrooral_sample_19	E1	MetaBAT2	159420	152190784	11833	62840113	7.422531677330323	41.290353691850356
short	toy_hmp_gastrooral_sample_19	E2	MetaBAT2	159430	152193999	11802	62629980	7.40262184030609	41.15141228400208
short	toy_hmp_gastrooral_sample_2	E1	MetaBAT2	58071	100358506	4957	62864472	8.536102357458972	62.63990418510216
short	toy_hmp_gastrooral_sample_2	E2	MetaBAT2	58110	100373336	4997	62972753	8.599208397866116	62.738527491006174
short	toy_hmp_gastrooral_sample_3	E1	MetaBAT2	57913	140491755	12672	105834018	21.88109750833146	75.33112387983195
short	toy_hmp_gastrooral_sample_3	E2	MetaBAT2	57861	140480308	12549	105471477	21.688183750712916	75.07918974665118
short	toy_hmp_gastrooral_sample_4	E1	MetaBAT2	54768	139354868	10153	99349564	18.53819748758399	71.29249621907718
short	toy_hmp_gastrooral_sample_4	E2	MetaBAT2	54770	139355755	10239	99658173	18.694540807011137	71.51349651831745
short	toy_hmp_gastrooral_sample_5	E1	MetaBAT2	35192	82150352	5034	60664608	14.30438736076381	73.84582843905525
short	toy_hmp_gastrooral_sample_5	E2	MetaBAT2	35160	82139782	5035	60699698	14.320250284414106	73.89805100773216
short	toy_hmp_gastrooral_sample_6	E1	MetaBAT2	67967	119167009	17178	80345702	25.27403004399194	67.42277302604784
short	toy_hmp_gastrooral_sample_6	E2	MetaBAT2	68015	119178845	17006	79795227	25.003308093802836	66.9541872133431
short	toy_hmp_gastrooral_sample_7	E1	MetaBAT2	96545	97116941	7201	41454168	7.458698016469004	42.68479584833711
short	toy_hmp_gastrooral_sample_7	E2	MetaBAT2	96539	97111017	7217	41622937	7.475735195102497	42.86118947760582
short	toy_hmp_gastrooral_sample_8	E1	MetaBAT2	117658	109241738	7139	41021981	6.067585714528549	37.5515638537351
short	toy_hmp_gastrooral_sample_8	E2	MetaBAT2	117658	109241738	7175	41177149	6.098182868993184	37.6936048014908
short	toy_hmp_gastrooral_sample_9	E1	MetaBAT2	61345	143409748	12762	100702153	20.803651479338168	70.21988003214398
short	toy_hmp_gastrooral_sample_9	E2	MetaBAT2	61345	143409748	12775	100718710	20.824843100497187	70.23142527242987
short	toy_mousegut_sample_0	E1	MetaBAT2	62773	66278945	4012	31946181	6.391282876395903	48.199591891512455
short	toy_mousegut_sample_0	E2	MetaBAT2	62787	66281389	4010	31930795	6.386672400337649	48.17460147070847
short	toy_mousegut_sample_1	E1	MetaBAT2	80859	107896536	7051	62189039	8.720117735811721	57.63766039717902
short	toy_mousegut_sample_1	E2	MetaBAT2	80856	107894857	7063	62219578	8.735282477490848	57.66686173002667
short	toy_mousegut_sample_10	E1	MetaBAT2	122502	136057561	9394	65666827	7.668446229449315	48.26400423273794
short	toy_mousegut_sample_10	E2	MetaBAT2	122498	136055475	9367	65587022	7.646655455599275	48.20608799462131
short	toy_mousegut_sample_11	E1	MetaBAT2	186853	223804516	14869	117980593	7.957592331940082	52.71591257792135
short	toy_mousegut_sample_11	E2	MetaBAT2	186853	223804387	14755	117667270	7.8965818049482746	52.57594436698866
short	toy_mousegut_sample_12	E1	MetaBAT2	163858	214954758	18620	120215058	11.363497662610309	55.92574880338308
short	toy_mousegut_sample_12	E2	MetaBAT2	163858	214954755	18516	119895691	11.300028073087674	55.777175527008
short	toy_mousegut_sample_13	E1	MetaBAT2	82869	102318876	8095	56373711	9.768429690233983	55.09610074293623
short	toy_mousegut_sample_13	E2	MetaBAT2	82869	102318876	8030	56189713	9.689992638984421	54.916272731533915
short	toy_mousegut_sample_14	E1	MetaBAT2	213957	237255019	13778	117876207	6.439611697677571	49.683335466129805
short	toy_mousegut_sample_14	E2	MetaBAT2	213956	237256128	13733	117598498	6.418609433715344	49.56605293668115
short	toy_mousegut_sample_15	E1	MetaBAT2	220557	250425483	21405	126910716	9.704974224350169	50.678035829125264
short	toy_mousegut_sample_15	E2	MetaBAT2	220557	250425483	21439	126956641	9.720389740520591	50.69637461775406
short	toy_mousegut_sample_16	E1	MetaBAT2	51029	48599460	2118	22386664	4.150581042152502	46.063606468055404
short	toy_mousegut_sample_16	E2	MetaBAT2	51020	48597745	2128	22420815	4.170913367306938	46.135504846984155
short	toy_mousegut_sample_17	E1	MetaBAT2	175087	203445112	15885	103201808	9.072632462718534	50.72710127338916
short	toy_mousegut_sample_17	E2	MetaBAT2	175083	203442138	15987	103360991	9.131097822175768	50.80608767491423
short	toy_mousegut_sample_18	E1	MetaBAT2	75775	74800151	2922	34112513	3.856153084790498	45.604871840432516
short	toy_mousegut_sample_18	E2	MetaBAT2	75802	74805782	2957	34282893	3.900952481464869	45.82920207959326
short	toy_mousegut_sample_19	E1	MetaBAT2	179938	208365229	12065	104684229	6.705087307850482	50.240738103188995
short	toy_mousegut_sample_19	E2	MetaBAT2	179943	208361636	12026	104666291	6.683227466475495	50.2329953869243
short	toy_mousegut_sample_2	E1	MetaBAT2	73839	95129393	7153	55303314	9.687292623139534	58.134833258107726
short	toy_mousegut_sample_2	E2	MetaBAT2	73848	95133728	7147	55171710	9.677987216986242	57.993848406739616
short	toy_mousegut_sample_20	E1	MetaBAT2	157323	165482786	7168	77122112	4.556231447404385	46.60431085563184
short	toy_mousegut_sample_20	E2	MetaBAT2	157323	165482786	7127	77167868	4.5301704137348	46.631960861475946
short	toy_mousegut_sample_21	E1	MetaBAT2	92313	103663742	5551	55257307	6.013237572172933	53.30437232335294
short	toy_mousegut_sample_21	E2	MetaBAT2	92310	103661482	5556	55351387	6.018849528761781	53.39629140166065
short	toy_mousegut_sample_22	E1	MetaBAT2	200200	235886785	21203	123846027	10.590909090909092	52.502316736395386
short	toy_mousegut_sample_22	E2	MetaBAT2	200181	235881994	21125	123657169	10.55294958062953	52.42331850052107
short	toy_mousegut_sample_23	E1	MetaBAT2	101274	104695460	7884	50112698	7.784821375673914	47.865206380486796
short	toy_mousegut_sample_23	E2	MetaBAT2	101278	104696923	7850	49606258	7.750942949110369	47.38081748591599
short	toy_mousegut_sample_24	E1	MetaBAT2	216998	248848171	17906	129452220	8.251688955658578	52.02056317303614
short	toy_mousegut_sample_24	E2	MetaBAT2	216996	248848842	17875	129387726	8.237479031871555	51.99450596599521
short	toy_mousegut_sample_25	E1	MetaBAT2	200226	233595982	18996	121526666	9.487279374307032	52.02429637681011
short	toy_mousegut_sample_25	E2	MetaBAT2	200224	233595751	19166	121976011	9.572279047466838	52.21670791434901
short	toy_mousegut_sample_26	E1	MetaBAT2	124700	135414900	9515	68108435	7.630312750601443	50.29611586317311
short	toy_mousegut_sample_26	E2	MetaBAT2	124694	135410085	9533	68225155	7.645115242112692	50.384101745449755
short	toy_mousegut_sample_27	E1	MetaBAT2	166245	202815108	11863	109058639	7.135853709886011	53.772443323107865
short	toy_mousegut_sample_27	E2	MetaBAT2	166263	202821452	11879	108662247	7.144704474236601	53.575322495965565
short	toy_mousegut_sample_28	E1	MetaBAT2	149352	182243317	15870	105288543	10.625903904869034	57.77360988222136
short	toy_mousegut_sample_28	E2	MetaBAT2	149350	182242138	15771	104980219	10.55975895547372	57.60479993929834
short	toy_mousegut_sample_29	E1	MetaBAT2	104974	120813564	7586	63638870	7.226551336521425	52.67526914444805
short	toy_mousegut_sample_29	E2	MetaBAT2	104974	120813534	7585	63643481	7.225598719682969	52.67909884996825
short	toy_mousegut_sample_30	E1	MetaBAT2	173543	192943607	11132	96609180	6.414548555689368	50.07120033782721
short	toy_mousegut_sample_30	E2	MetaBAT2	173543	192943607	11205	96702474	6.456613058435085	50.119553326273206
short	toy_mousegut_sample_31	E1	MetaBAT2	157913	173238021	10989	84178193	6.958895087801511	48.59106131211231
short	toy_mousegut_sample_31	E2	MetaBAT2	157907	173237091	11062	84311763	7.00538924810173	48.66842459274498
short	toy_mousegut_sample_32	E1	MetaBAT2	95520	109162549	5228	53900082	5.47319932998325	49.37598333289194
short	toy_mousegut_sample_32	E2	MetaBAT2	95560	109170409	5214	53841713	5.456257848472164	49.3189624305612
short	toy_mousegut_sample_33	E1	MetaBAT2	240940	294723898	26165	161491879	10.85955009545945	54.794293946261526
short	toy_mousegut_sample_33	E2	MetaBAT2	240938	294723731	26166	161631996	10.860055283931965	54.84186680576462
short	toy_mousegut_sample_34	E1	MetaBAT2	283767	289171251	20069	133122733	7.07235161241441	46.03595016435434
short	toy_mousegut_sample_34	E2	MetaBAT2	283765	289174941	20115	133408451	7.088612055750357	46.134167275580076
short	toy_mousegut_sample_35	E1	MetaBAT2	139429	153237745	13879	73182553	9.95417022283743	47.757524100866924
short	toy_mousegut_sample_35	E2	MetaBAT2	139414	153234517	13923	73322781	9.986801899378829	47.85004216771865
short	toy_mousegut_sample_36	E1	MetaBAT2	255904	293076288	25643	149342698	10.020554582968613	50.95693650930914
short	toy_mousegut_sample_36	E2	MetaBAT2	255903	293075970	25473	148853850	9.954162319316303	50.79019272716218
short	toy_mousegut_sample_37	E1	MetaBAT2	249158	290707809	24762	153577773	9.938272100434263	52.82891213974923
short	toy_mousegut_sample_37	E2	MetaBAT2	249150	290706703	24693	153520444	9.910897049969897	52.80939256498671
short	toy_mousegut_sample_38	E1	MetaBAT2	132067	140284670	8590	66398635	6.50427434559731	47.331354880044984
short	toy_mousegut_sample_38	E2	MetaBAT2	132067	140284670	8647	66565484	6.547434256854475	47.45029089778662
short	toy_mousegut_sample_5	E1	MetaBAT2	164098	169157617	16537	81231005	10.077514655876367	48.02089698390584
short	toy_mousegut_sample_5	E2	MetaBAT2	164099	169157650	16537	81244434	10.077453244687659	48.028826364045614
short	toy_mousegut_sample_52	E1	MetaBAT2	70168	101874258	8299	61787380	11.827328696841866	60.65063070201699
short	toy_mousegut_sample_52	E2	MetaBAT2	70168	101874258	8302	61808850	11.831604150039905	60.67170570214116
short	toy_mousegut_sample_53	E1	MetaBAT2	147386	135032634	10120	53920861	6.866323802803523	39.931725689361876
short	toy_mousegut_sample_53	E2	MetaBAT2	147387	135032766	10274	54266460	6.970764042961727	40.18762379495359
short	toy_mousegut_sample_54	E1	MetaBAT2	138794	132496583	9369	56140299	6.750291799357321	42.37112967660457
short	toy_mousegut_sample_54	E2	MetaBAT2	138792	132496544	9376	56237494	6.755432589774626	42.444498778775696
short	toy_mousegut_sample_55	E1	MetaBAT2	78636	75637640	5347	35381895	6.799684622819065	46.77815833492425
short	toy_mousegut_sample_55	E2	MetaBAT2	78635	75637150	5341	35290557	6.792140904177529	46.657703258253385
short	toy_mousegut_sample_56	E1	MetaBAT2	73668	77908440	5373	36865001	7.29353314872129	47.31836627713249
short	toy_mousegut_sample_56	E2	MetaBAT2	73668	77908440	5370	36869964	7.289460824238476	47.32473657539543
short	toy_mousegut_sample_57	E1	MetaBAT2	188832	197337962	14804	92669952	7.839772919844094	46.96002282622134
short	toy_mousegut_sample_57	E2	MetaBAT2	188841	197327773	14762	92492945	7.8171583501464195	46.87274558153555
short	toy_mousegut_sample_58	E1	MetaBAT2	197221	209741887	15406	100247757	7.811541367298614	47.79577338312018
short	toy_mousegut_sample_58	E2	MetaBAT2	197217	209741549	15408	100493996	7.812713914114909	47.91325156085311
short	toy_mousegut_sample_59	E1	MetaBAT2	216386	218883223	16842	98680182	7.7833131533463344	45.08348362542158
short	toy_mousegut_sample_59	E2	MetaBAT2	216377	218879977	17075	99239784	7.891319317672396	45.3398183608179
short	toy_mousegut_sample_6	E1	MetaBAT2	172186	180294989	17707	85126993	10.283646754091505	47.215395986407586
short	toy_mousegut_sample_6	E2	MetaBAT2	172186	180295262	17859	85399729	10.371923385176496	47.366596355704566
short	toy_mousegut_sample_60	E1	MetaBAT2	215573	224147268	16759	101075782	7.774164668117065	45.09347042320409
short	toy_mousegut_sample_60	E2	MetaBAT2	215568	224138426	16700	100931479	7.746975432346174	45.03086811183371
short	toy_mousegut_sample_61	E1	MetaBAT2	281842	292589447	22628	136286524	8.028611775391886	46.57943934662825
short	toy_mousegut_sample_61	E2	MetaBAT2	281826	292584172	22677	136484982	8.046454195141683	46.648108497133606
short	toy_mousegut_sample_62	E1	MetaBAT2	133842	169788856	16160	98849811	12.073937926809222	58.21925733453319
short	toy_mousegut_sample_62	E2	MetaBAT2	133824	169783936	16191	98915779	12.09872668579627	58.25979850060727
short	toy_mousegut_sample_63	E1	MetaBAT2	117882	151163376	12888	82678190	10.932966865170256	54.69459083792889
short	toy_mousegut_sample_63	E2	MetaBAT2	117879	151164056	13034	82910611	11.057100925525328	54.84809894225119
short	toy_mousegut_sample_7	E1	MetaBAT2	102138	113749420	7552	58558227	7.393918032465879	51.48002249154325
short	toy_mousegut_sample_7	E2	MetaBAT2	102138	113749745	7556	58617363	7.397834302610194	51.531863214286766
short	toy_mousegut_sample_8	E1	MetaBAT2	61576	74832854	4659	40584773	7.56625958165519	54.233897052757065
short	toy_mousegut_sample_8	E2	MetaBAT2	61569	74830406	4675	40816551	7.593106920690607	54.5454089878919
short	toy_mousegut_sample_9	E1	MetaBAT2	104170	117166734	10480	58195088	10.060478064701929	49.66860986327399
short	toy_mousegut_sample_9	E2	MetaBAT2	104144	117156919	10512	58280725	10.093716392687048	49.745866908637296
short	marine_sample_0	E1	SemiBin2	400745	377598989	30845	151949427	7.6969144967498035	40.24095175742115
short	marine_sample_0	E2	SemiBin2	400739	377604743	31142	152732428	7.771142813651778	40.44769850785481
short	marine_sample_1	E1	SemiBin2	507940	454826949	35717	172557028	7.0317360318147815	37.93905096859157
short	marine_sample_1	E2	SemiBin2	507941	454824936	35846	172820414	7.0571188386052714	37.99712819615502
short	marine_sample_2	E1	SemiBin2	523223	441134781	34487	142758426	6.591262234267225	32.361634617969514
short	marine_sample_2	E2	SemiBin2	523221	441132869	34560	142874725	6.6052394685993105	32.38813859504085
short	marine_sample_3	E1	SemiBin2	523073	444867952	37188	156155043	7.109523909664617	35.10143679668793
short	marine_sample_3	E2	SemiBin2	523072	444867801	37057	155890860	7.084493148170806	35.04206410299405
short	marine_sample_4	E1	SemiBin2	359349	351494838	26469	151802597	7.365819857575783	43.187717311512834
short	marine_sample_4	E2	SemiBin2	359348	351494667	26580	151902470	7.396729632556742	43.21615212443607
short	marine_sample_5	E1	SemiBin2	400401	372134962	24345	155726643	6.080154644968419	41.84681873561775
short	marine_sample_5	E2	SemiBin2	400432	372148234	24330	155685576	6.075937986974068	41.834291224931626
short	marine_sample_6	E1	SemiBin2	456678	418993902	32036	162708709	7.015008386653178	38.83319261290824
short	marine_sample_6	E2	SemiBin2	456675	418991317	31766	162030764	6.955931461104725	38.671628128274556
short	marine_sample_7	E1	SemiBin2	428138	401963165	33246	163241402	7.76525325946307	40.611035093228004
short	marine_sample_7	E2	SemiBin2	428154	401954728	33270	163346406	7.770568533751875	40.63801085578971
short	marine_sample_8	E1	SemiBin2	539580	430454141	27730	128042914	5.13918232699507	29.746005858496318
short	marine_sample_8	E2	SemiBin2	539580	430454141	27775	128557385	5.1475221468549615	29.865524048936958
short	marine_sample_9	E1	SemiBin2	416919	398366177	29002	163505471	6.956267284532487	41.044014386793684
short	marine_sample_9	E2	SemiBin2	416918	398366036	28986	163618430	6.952446284401249	41.072384494143975
short	strain_sample_0	E1	SemiBin2	54646	56630633	3932	23444897	7.1954031402115435	41.39967321219948
short	strain_sample_0	E2	SemiBin2	54669	56635272	4067	23845651	7.439316614534746	42.10388713238633
short	strain_sample_1	E1	SemiBin2	53281	57813200	5388	27733198	10.112422814887108	47.97035625082161
short	strain_sample_1	E2	SemiBin2	53296	57817030	5529	28099334	10.374136895827078	48.60044523214008
short	strain_sample_10	E1	SemiBin2	40876	54229081	3622	29949022	8.86094529797436	55.2268661901167
short	strain_sample_10	E2	SemiBin2	40884	54231920	3580	30036979	8.756481753253107	55.38616187662174
short	strain_sample_11	E1	SemiBin2	50823	50121144	2644	20192200	5.202369006158629	40.286789942384395
short	strain_sample_11	E2	SemiBin2	50871	50133116	2286	19104551	4.493719407914136	38.107647248577166
short	strain_sample_12	E1	SemiBin2	52517	56785706	3213	26644453	6.118018927204524	46.92105615451889
short	strain_sample_12	E2	SemiBin2	52511	56784938	3368	27121583	6.41389423168479	47.76193116562001
short	strain_sample_13	E1	SemiBin2	53556	49842351	2602	19175286	4.858465904847263	38.47187304627745
short	strain_sample_13	E2	SemiBin2	53586	49844101	2786	19739607	5.1991191729183	39.60269440911373
short	strain_sample_14	E1	SemiBin2	50131	56473542	3410	26400083	6.802178292872673	46.74770178219032
short	strain_sample_14	E2	SemiBin2	50129	56472715	3311	25733982	6.604959205250454	45.56887693464003
short	strain_sample_15	E1	SemiBin2	47163	54465190	3560	27257833	7.548289973072111	50.04633785359052
short	strain_sample_15	E2	SemiBin2	47137	54454922	3611	27490906	7.6606487472686	50.483785469383285
short	strain_sample_16	E1	SemiBin2	47494	51556369	4171	24543985	8.78216195729987	47.60611632677235
short	strain_sample_16	E2	SemiBin2	47509	51559361	4226	24437444	8.895156707150225	47.396716185059006
short	strain_sample_17	E1	SemiBin2	50651	49083121	3150	20007027	6.219028252156917	40.761521664443464
short	strain_sample_17	E2	SemiBin2	50644	49080887	3122	19803897	6.164599952610378	40.34950916840602
short	strain_sample_18	E1	SemiBin2	37166	45945885	2764	24626522	7.436904697842114	53.59897192098922
short	strain_sample_18	E2	SemiBin2	37176	45949800	2673	24368023	7.190122659780504	53.031836917679726
short	strain_sample_19	E1	SemiBin2	32577	41843113	4010	23827110	12.309297970961108	56.94392288642578
short	strain_sample_19	E2	SemiBin2	32578	41843307	4067	23779140	12.483884830253546	56.82901688434903
short	strain_sample_2	E1	SemiBin2	40784	44175961	4278	20438867	10.489407610827776	46.266943689125405
short	strain_sample_2	E2	SemiBin2	40795	44182240	4240	20227849	10.393430567471503	45.78276022220693
short	strain_sample_20	E1	SemiBin2	60166	55535152	3152	20185289	5.238839211514809	36.34686909653187
short	strain_sample_20	E2	SemiBin2	60166	55534409	3429	20964912	5.699232124455673	37.751211145508
short	strain_sample_21	E1	SemiBin2	31732	35876584	2525	17851069	7.957267112063532	49.756880420945315
short	strain_sample_21	E2	SemiBin2	31736	35877154	2527	17904139	7.962566170910008	49.90401133824606
short	strain_sample_22	E1	SemiBin2	63735	59678302	4270	21368124	6.699615595826469	35.8055160483621
short	strain_sample_22	E2	SemiBin2	63734	59678725	4163	20850512	6.5318354410518715	34.937931398500886
short	strain_sample_23	E1	SemiBin2	35025	41116853	2348	20662446	6.70378301213419	50.25298507159582
short	strain_sample_23	E2	SemiBin2	35025	41116450	2529	21127600	7.220556745182013	51.384786381119966
short	strain_sample_24	E1	SemiBin2	37143	40329519	2489	19765080	6.7011280725843365	49.00896536851828
short	strain_sample_24	E2	SemiBin2	37142	40329993	2371	19443366	6.383608852511981	48.21068528328284
short	strain_sample_25	E1	SemiBin2	38819	49708559	3144	27860276	8.09912671629872	56.04724128092307
short	strain_sample_25	E2	SemiBin2	38806	49705631	3155	27921081	8.130186053703035	56.172873049333184
short	strain_sample_26	E1	SemiBin2	51316	54261158	3480	23978754	6.781510639956349	44.191379033967536
short	strain_sample_26	E2	SemiBin2	51306	54257299	3629	24652542	7.07324679374732	45.43636055307508
short	strain_sample_27	E1	SemiBin2	53817	57335701	6002	26985858	11.152609770146979	47.06641329806014
short	strain_sample_27	E2	SemiBin2	53815	57334825	6072	27197120	11.283099507572238	47.43560305625769
short	strain_sample_28	E1	SemiBin2	35772	41712264	3280	20090417	9.169182600916919	48.16429288038645
short	strain_sample_28	E2	SemiBin2	35774	41712083	3135	19855077	8.763347682674569	47.60030085287278
short	strain_sample_29	E1	SemiBin2	47354	46134690	2595	19841449	5.480001689403219	43.007656494494704
short	strain_sample_29	E2	SemiBin2	47347	46130781	2492	19430842	5.2632690561176	42.12120752952351
short	strain_sample_3	E1	SemiBin2	46514	52694305	3731	25339490	8.021240916713248	48.087720295390554
short	strain_sample_3	E2	SemiBin2	46538	52707590	3895	25716482	8.369504490953629	48.790851564262375
short	strain_sample_30	E1	SemiBin2	58703	53396235	3501	20042066	5.963920072227995	37.53460520203344
short	strain_sample_30	E2	SemiBin2	58685	53389448	3509	19994623	5.979381443298969	37.45051456609928
short	strain_sample_31	E1	SemiBin2	44819	49413774	3310	23052475	7.385260715321627	46.65192138532062
short	strain_sample_31	E2	SemiBin2	44871	49435341	3297	22809814	7.347730159791402	46.14070326732448
short	strain_sample_32	E1	SemiBin2	48953	47385881	3120	17982658	6.373460257798296	37.94940100406701
short	strain_sample_32	E2	SemiBin2	48982	47393871	3123	17733766	6.375811522600139	37.41784670849106
short	strain_sample_33	E1	SemiBin2	45696	53160094	5196	26344071	11.370798319327731	49.55610311750013
short	strain_sample_33	E2	SemiBin2	45717	53163537	5150	26194099	11.264956143228996	49.27079814121472
short	strain_sample_34	E1	SemiBin2	43024	46812418	3699	22875802	8.597526961695797	48.86695235439451
short	strain_sample_34	E2	SemiBin2	43030	46812931	3580	22487934	8.319776899837322	48.03786799848102
short	strain_sample_35	E1	SemiBin2	65832	56555153	3083	19096317	4.683132822943249	33.765830321420935
short	strain_sample_35	E2	SemiBin2	65759	56540848	2921	18620620	4.441977523989112	32.93303984404337
short	strain_sample_36	E1	SemiBin2	58448	54274897	3239	20750810	5.541678072816863	38.23279480382985
short	strain_sample_36	E2	SemiBin2	58490	54286468	3372	21205950	5.7650880492391865	39.06304974565669
short	strain_sample_37	E1	SemiBin2	53281	49383838	2782	17748553	5.221373472720106	35.94000328609534
short	strain_sample_37	E2	SemiBin2	53313	49389812	2835	17829698	5.3176523549603285	36.09995113972088
short	strain_sample_38	E1	SemiBin2	46104	52095538	4406	26190096	9.556654520215165	50.27320382025808
short	strain_sample_38	E2	SemiBin2	46074	52088688	4320	26036738	9.376220862091419	49.985397981227706
short	strain_sample_39	E1	SemiBin2	58952	52277598	3217	18129849	5.456981951418103	34.679957942979705
short	strain_sample_39	E2	SemiBin2	58942	52271433	3250	18200933	5.513895015438906	34.8200383180618
short	strain_sample_4	E1	SemiBin2	50573	59331967	5024	30297775	9.934154588416744	51.06484165610083
short	strain_sample_4	E2	SemiBin2	50558	59326137	5114	30692589	10.11511531310574	51.73535738556515
short	strain_sample_40	E1	SemiBin2	57911	60222112	4627	26069954	7.9898464885772995	43.289670744194424
short	strain_sample_40	E2	SemiBin2	57951	60238364	4797	26958443	8.27768287001087	44.752946809777235
short	strain_sample_41	E1	SemiBin2	55468	51680867	3045	20477740	5.489651691065118	39.62344517169188
short	strain_sample_41	E2	SemiBin2	55474	51680170	3058	20448151	5.51249233875329	39.566725496452506
short	strain_sample_42	E1	SemiBin2	38226	41110781	2417	18914012	6.322921571705122	46.0074256434097
short	strain_sample_42	E2	SemiBin2	38231	41113120	2417	18918557	6.3220946352436505	46.01586306269142
short	strain_sample_43	E1	SemiBin2	32623	39528394	1983	20324757	6.078533549949422	51.41811984569877
short	strain_sample_43	E2	SemiBin2	32628	39531563	2021	20013129	6.1940664459973025	50.625696231641534
short	strain_sample_44	E1	SemiBin2	45618	59957479	854	7917151	1.8720680433162349	13.20460955338032
short	strain_sample_44	E2	SemiBin2	45610	59957292	4296	34260843	9.418987064240298	57.142078731641185
short	strain_sample_45	E1	SemiBin2	44453	48227348	3381	22208925	7.605785886216903	46.0504794914288
short	strain_sample_45	E2	SemiBin2	44470	48228989	3589	22945147	8.070609399595233	47.575426057552235
short	strain_sample_46	E1	SemiBin2	30806	35980326	2657	18560043	8.624943192884503	51.58386558254086
short	strain_sample_46	E2	SemiBin2	30795	35975845	2588	18313362	8.403961682091248	50.90460557632489
short	strain_sample_47	E1	SemiBin2	41518	46952835	3430	23488201	8.261476949756732	50.0250964611615
short	strain_sample_47	E2	SemiBin2	41533	46947291	3371	23373158	8.116437531601377	49.78595676585471
short	strain_sample_48	E1	SemiBin2	53071	55110544	3873	24585486	7.297770910666842	44.611219950940786
short	strain_sample_48	E2	SemiBin2	53082	55116662	3709	24208636	6.987302663803172	43.92253652806478
short	strain_sample_49	E1	SemiBin2	47069	45990802	2992	18692384	6.356625379761627	40.64374437305964
short	strain_sample_49	E2	SemiBin2	47082	45995258	2922	18525520	6.20619344972601	40.277021600791976
short	strain_sample_5	E1	SemiBin2	55853	55831617	4311	23986828	7.718475283333035	42.9628036744843
short	strain_sample_5	E2	SemiBin2	55838	55823189	4169	23628921	7.4662416275654575	42.32814610430085
short	strain_sample_50	E1	SemiBin2	47024	46516936	2841	19509669	6.0415957808778495	41.941001875102
short	strain_sample_50	E2	SemiBin2	47040	46522533	2760	18917659	5.86734693877551	40.66343292184886
short	strain_sample_51	E1	SemiBin2	46593	46312630	2090	19865949	4.485652351211556	42.89531602934232
short	strain_sample_51	E2	SemiBin2	46599	46315857	2073	19731316	4.448593317453164	42.601642888741104
short	strain_sample_52	E1	SemiBin2	61210	57969712	3361	21371703	5.490932854108806	36.86701600311556
short	strain_sample_52	E2	SemiBin2	61225	57968900	3341	21242234	5.456921192323398	36.64419024683925
short	strain_sample_53	E1	SemiBin2	37620	39673930	2927	18064704	7.780435938330675	45.53293308729435
short	strain_sample_53	E2	SemiBin2	37599	39668558	2802	17605880	7.452325859730312	44.38245524326849
short	strain_sample_54	E1	SemiBin2	48625	58632823	5123	30836628	10.53573264781491	52.59277384614416
short	strain_sample_54	E2	SemiBin2	48621	58631454	5309	31150733	10.91915016145287	53.129729649890656
short	strain_sample_55	E1	SemiBin2	44375	46395510	2743	20245095	6.181408450704225	43.63589278359048
short	strain_sample_55	E2	SemiBin2	44368	46394996	2643	19999191	5.956996033177065	43.106353538644555
short	strain_sample_56	E1	SemiBin2	54867	58240053	4204	25531269	7.662164871416334	43.837990669410964
short	strain_sample_56	E2	SemiBin2	54868	58240848	4286	25646672	7.811474812276737	44.03554014186057
short	strain_sample_57	E1	SemiBin2	41645	42290756	3043	18973044	7.306999639812703	44.863336091698145
short	strain_sample_57	E2	SemiBin2	41645	42288542	3138	19145398	7.5351182614959775	45.273251558306264
short	strain_sample_58	E1	SemiBin2	55201	60173123	5203	27350571	9.42555388489339	45.45313528101242
short	strain_sample_58	E2	SemiBin2	55190	60171197	5203	27170434	9.427432505888747	45.155216041322895
short	strain_sample_59	E1	SemiBin2	60758	57855609	4275	21998201	7.03611047104908	38.02258999641677
short	strain_sample_59	E2	SemiBin2	60752	57854621	4065	21631252	6.691137740321306	37.38897883368729
short	strain_sample_6	E1	SemiBin2	60909	60893830	4229	23922195	6.943144691260733	39.28508848926074
short	strain_sample_6	E2	SemiBin2	60898	60891601	4431	24443671	7.276101021380012	40.14292710089853
short	strain_sample_60	E1	SemiBin2	50924	52351093	3926	22659665	7.709527923965124	43.284034203450155
short	strain_sample_60	E2	SemiBin2	50926	52351882	3944	22460701	7.744570553351922	42.90333058131511
short	strain_sample_61	E1	SemiBin2	38663	43381138	2332	21292779	6.031606445438792	49.08303465898013
short	strain_sample_61	E2	SemiBin2	38657	43380918	2353	21579878	6.0868665442222625	49.745092992269086
short	strain_sample_62	E1	SemiBin2	48284	50802018	3536	23673674	7.323336923204374	46.59986932015181
short	strain_sample_62	E2	SemiBin2	48247	50785834	3452	23490177	7.154849006155823	46.253404049641084
short	strain_sample_63	E1	SemiBin2	29740	43101287	2935	26402924	9.868863483523874	61.25785524687465
short	strain_sample_63	E2	SemiBin2	29734	43097811	2815	26172835	9.467276518463711	60.728919619606664
short	strain_sample_64	E1	SemiBin2	47023	50576635	3636	22922500	7.73238627905493	45.32231137955303
short	strain_sample_64	E2	SemiBin2	47022	50576111	3770	23321119	8.017523712304879	46.110937632195565
short	strain_sample_65	E1	SemiBin2	49932	53779189	5096	25872409	10.205879996795643	48.10858899341156
short	strain_sample_65	E2	SemiBin2	49886	53766089	5287	26518807	10.598163813494768	49.32255161799104
short	strain_sample_66	E1	SemiBin2	54070	52257230	3180	21407270	5.881265026817089	40.96518319091923
short	strain_sample_66	E2	SemiBin2	54122	52285821	3289	21729291	6.077011196925465	41.55866845812749
short	strain_sample_67	E1	SemiBin2	37175	42964589	2581	21181609	6.942837928715535	49.30015506490706
short	strain_sample_67	E2	SemiBin2	37194	42972273	2483	21100976	6.675807926009571	49.10369996020457
short	strain_sample_68	E1	SemiBin2	36062	47550341	2850	26968539	7.903055848261328	56.715763615659455
short	strain_sample_68	E2	SemiBin2	36075	47555958	2860	26794724	7.927927927927928	56.34356898035784
short	strain_sample_69	E1	SemiBin2	47505	64456912	6023	37201980	12.678665403641721	57.71604447945008
short	strain_sample_69	E2	SemiBin2	47499	64455591	5909	36839818	12.440261900250531	57.15534902162327
short	strain_sample_7	E1	SemiBin2	65263	60607482	4371	23313893	6.6975162036682345	38.46702128294985
short	strain_sample_7	E2	SemiBin2	65284	60613974	4334	23045579	6.638686355002757	38.0202410091112
short	strain_sample_70	E1	SemiBin2	45298	44478038	3129	18925792	6.9075897390613274	42.550869712373554
short	strain_sample_70	E2	SemiBin2	45307	44482523	2820	17751204	6.224203765422562	39.90601882002062
short	strain_sample_71	E1	SemiBin2	50563	50856464	3613	21372804	7.145541206020212	42.02573737725847
short	strain_sample_71	E2	SemiBin2	50586	50864079	3694	21564368	7.302415688135057	42.396065010830135
short	strain_sample_72	E1	SemiBin2	48238	49074843	3370	22164916	6.9861934574401925	45.165536240228015
short	strain_sample_72	E2	SemiBin2	48254	49082880	3544	22774060	7.344468852323123	46.39919254941845
short	strain_sample_73	E1	SemiBin2	43132	46949420	2811	22501165	6.517203004729667	47.92639610883372
short	strain_sample_73	E2	SemiBin2	43129	46950532	2824	22730623	6.547798465069906	48.41398389266388
short	strain_sample_74	E1	SemiBin2	58041	52892206	3720	19486529	6.409262417945935	36.841966848575005
short	strain_sample_74	E2	SemiBin2	58053	52893483	3586	19232964	6.177114016502162	36.361689397538825
short	strain_sample_75	E1	SemiBin2	66246	61457339	4453	23188258	6.721915285451197	37.73065735892015
short	strain_sample_75	E2	SemiBin2	66251	61460053	4227	22305179	6.3802810523614735	36.29215711870603
short	strain_sample_76	E1	SemiBin2	36475	47664125	2891	26343497	7.925976696367375	55.269024659531674
short	strain_sample_76	E2	SemiBin2	36500	47674258	2929	26626702	8.024657534246575	55.851319175224496
short	strain_sample_77	E1	SemiBin2	49284	45039496	3304	17299125	6.704001298595893	38.40878903263038
short	strain_sample_77	E2	SemiBin2	49276	45037512	3326	17155280	6.749736179884731	38.09109171039466
short	strain_sample_78	E1	SemiBin2	34731	40843005	2411	20655613	6.941925081339438	50.57319607115098
short	strain_sample_78	E2	SemiBin2	34711	40836060	2448	20574496	7.052519374261761	50.383156455348534
short	strain_sample_79	E1	SemiBin2	49215	54741770	4390	26450131	8.92004470181855	48.318004697327105
short	strain_sample_79	E2	SemiBin2	49217	54741984	4264	25870789	8.663673121076052	47.25950195740074
short	strain_sample_8	E1	SemiBin2	39481	48301663	3504	25032406	8.87515513791444	51.82514316329026
short	strain_sample_8	E2	SemiBin2	39483	48301294	3654	25348464	9.254615910645088	52.47988594260021
short	strain_sample_80	E1	SemiBin2	38951	41910658	2076	19300649	5.329773304921568	46.05188732660795
short	strain_sample_80	E2	SemiBin2	38964	41913361	2222	19749929	5.702699928138795	47.12084292166405
short	strain_sample_81	E1	SemiBin2	48286	55914002	4964	27933370	10.280412541937622	49.95773688315138
short	strain_sample_81	E2	SemiBin2	48287	55919791	4862	27628378	10.068962660757554	49.407155330748644
short	strain_sample_82	E1	SemiBin2	53331	52025023	3979	21146778	7.460951416624478	40.64732080944972
short	strain_sample_82	E2	SemiBin2	53366	52032408	3994	20940891	7.484165948356631	40.2458617713791
short	strain_sample_83	E1	SemiBin2	58617	53856277	2874	20254621	4.903014483852807	37.60865423356316
short	strain_sample_83	E2	SemiBin2	58605	53853267	2713	19952762	4.629297841481102	37.050235039593794
short	strain_sample_84	E1	SemiBin2	58713	59637848	4340	25249183	7.391889360107642	42.33751526379691
short	strain_sample_84	E2	SemiBin2	58691	59626448	4237	24949927	7.2191647782453865	41.84372512010107
short	strain_sample_85	E1	SemiBin2	50105	50745416	2978	22980679	5.943518610917074	45.28621659146513
short	strain_sample_85	E2	SemiBin2	50132	50771495	2860	22638250	5.704938961142584	44.5885038445293
short	strain_sample_86	E1	SemiBin2	46754	55228068	4088	27607405	8.743636908072036	49.98799704527053
short	strain_sample_86	E2	SemiBin2	46743	55224940	4117	27721525	8.807735917677514	50.19747418467091
short	strain_sample_87	E1	SemiBin2	53457	50664440	2618	19820100	4.897394167274632	39.1203376569444
short	strain_sample_87	E2	SemiBin2	53462	50666503	2715	20006425	5.078373424114324	39.486492683341496
short	strain_sample_88	E1	SemiBin2	60843	55826462	3006	19832502	4.940584783787782	35.52527115187776
short	strain_sample_88	E2	SemiBin2	60835	55825374	3232	20513678	5.312731158050465	36.746154177131
short	strain_sample_89	E1	SemiBin2	44691	47903641	3670	20543471	8.211944239332304	42.88498863792003
short	strain_sample_89	E2	SemiBin2	44709	47909202	3792	21172903	8.481513789169966	44.19381270429009
short	strain_sample_9	E1	SemiBin2	52988	53420320	2868	22967077	5.412546236883823	42.99314755134376
short	strain_sample_9	E2	SemiBin2	53010	53419901	2847	22689403	5.3706847764572725	42.47368972098994
short	strain_sample_90	E1	SemiBin2	41777	52968082	4316	28628089	10.331043397084521	54.04781128378407
short	strain_sample_90	E2	SemiBin2	41785	52975569	4517	29213846	10.810099317937059	55.14588432263937
short	strain_sample_91	E1	SemiBin2	52620	55880739	2981	25862961	5.665146332193083	46.28242479040944
short	strain_sample_91	E2	SemiBin2	52620	55881179	2707	25067512	5.1444317749904975	44.85859541367228
short	strain_sample_92	E1	SemiBin2	56810	58057905	4601	24401726	8.098926245379335	42.02998024127808
short	strain_sample_92	E2	SemiBin2	56819	58057212	4716	24612639	8.300040479417097	42.39376668655739
short	strain_sample_93	E1	SemiBin2	50654	59311183	4106	29969324	8.105973861886524	50.5289601119573
short	strain_sample_93	E2	SemiBin2	50637	59308403	4126	30131318	8.148192033493295	50.804466948806564
short	strain_sample_94	E1	SemiBin2	48157	55494403	3868	26268892	8.032061797869469	47.336110634436416
short	strain_sample_94	E2	SemiBin2	48158	55495083	3955	26393135	8.212550355081191	47.55941170499736
short	strain_sample_95	E1	SemiBin2	56042	57532792	4641	24140340	8.28128903322508	41.9592708102885
short	strain_sample_95	E2	SemiBin2	56043	57533313	4706	24789710	8.397123637207144	43.0875760622372
short	strain_sample_96	E1	SemiBin2	47866	51348018	3985	23428459	8.32532486524882	45.6268029663774
short	strain_sample_96	E2	SemiBin2	47866	51348018	4177	23985401	8.726444658003594	46.711444636480415
short	strain_sample_97	E1	SemiBin2	43701	48213742	3276	22357160	7.496395963479096	46.37092885260804
short	strain_sample_97	E2	SemiBin2	43710	48216221	3408	22687358	7.7968428277282085	47.053372349525276
short	strain_sample_98	E1	SemiBin2	73317	69554892	5816	26786655	7.932675914180885	38.51153273302473
short	strain_sample_98	E2	SemiBin2	73332	69558863	6039	27320270	8.23514972999509	39.27647581013508
short	strain_sample_99	E1	SemiBin2	28168	37704629	2896	21207792	10.281170122124397	56.247183866999464
short	strain_sample_99	E2	SemiBin2	28190	37713600	2886	21023539	10.23767293366442	55.745245746892365
short	toy_hmp_airskinurogenital_sample_0	E1	SemiBin2	62570	98290975	7741	64479644	12.371743647115231	65.60077769093246
short	toy_hmp_airskinurogenital_sample_0	E2	SemiBin2	62564	98288140	7657	64339864	12.238667604373122	65.46045535097113
short	toy_hmp_airskinurogenital_sample_1	E1	SemiBin2	135075	129467590	12635	48790310	9.354062557838239	37.68534657978881
short	toy_hmp_airskinurogenital_sample_1	E2	SemiBin2	135080	129466838	12520	48569401	9.268581581285165	37.51493567796875
short	toy_hmp_airskinurogenital_sample_10	E1	SemiBin2	96350	106284313	7372	52498236	7.651271406331085	49.394152832318724
short	toy_hmp_airskinurogenital_sample_10	E2	SemiBin2	96315	106272932	7434	52750983	7.718423921507553	49.63727075865376
short	toy_hmp_airskinurogenital_sample_11	E1	SemiBin2	93010	128453338	18039	73477742	19.3946887431459	57.201893811432136
short	toy_hmp_airskinurogenital_sample_11	E2	SemiBin2	93004	128453896	18000	73521753	19.354006279299814	57.23590742627223
short	toy_hmp_airskinurogenital_sample_12	E1	SemiBin2	85659	69987748	4166	24999924	4.863470271658553	35.720429238557585
short	toy_hmp_airskinurogenital_sample_12	E2	SemiBin2	85640	69981044	4154	24818728	4.850537132181223	35.46492961722606
short	toy_hmp_airskinurogenital_sample_13	E1	SemiBin2	58171	53586426	2665	22534238	4.581320589297072	42.05213835309711
short	toy_hmp_airskinurogenital_sample_13	E2	SemiBin2	58173	53580800	2619	22395444	4.502088597803104	41.79751702102246
short	toy_hmp_airskinurogenital_sample_14	E1	SemiBin2	37222	94111202	6815	74798316	18.30906453172855	79.478653348833
short	toy_hmp_airskinurogenital_sample_14	E2	SemiBin2	37221	94114590	6743	74656894	18.1161172456409	79.32552646725657
short	toy_hmp_airskinurogenital_sample_15	E1	SemiBin2	63376	64546522	5067	26689271	7.99514011613229	41.348890959608944
short	toy_hmp_airskinurogenital_sample_15	E2	SemiBin2	63314	64525569	5108	27047282	8.067725937391414	41.917153803014116
short	toy_hmp_airskinurogenital_sample_16	E1	SemiBin2	23517	36721906	1212	23211866	5.153718586554407	63.20986171033715
short	toy_hmp_airskinurogenital_sample_16	E2	SemiBin2	23554	36733569	1212	23662708	5.145622824148765	64.41712211519659
short	toy_hmp_airskinurogenital_sample_17	E1	SemiBin2	119671	150287048	17742	76074998	14.825646982142707	50.61979659085459
short	toy_hmp_airskinurogenital_sample_17	E2	SemiBin2	119671	150287109	17714	76084890	14.802249500714458	50.62635811299025
short	toy_hmp_airskinurogenital_sample_18	E1	SemiBin2	36622	79974829	11540	60723635	31.511113538310305	75.9284336825528
short	toy_hmp_airskinurogenital_sample_18	E2	SemiBin2	36637	79973408	11631	60787542	31.746594972295767	76.00969312199375
short	toy_hmp_airskinurogenital_sample_19	E1	SemiBin2	284055	276910938	25718	104650743	9.053880410483885	37.79220270453889
short	toy_hmp_airskinurogenital_sample_19	E2	SemiBin2	284054	276912313	25758	104458164	9.067994113795264	37.72246992859433
short	toy_hmp_airskinurogenital_sample_2	E1	SemiBin2	36976	76782281	7468	54944233	20.196884465599307	71.55847974873265
short	toy_hmp_airskinurogenital_sample_2	E2	SemiBin2	36967	76783520	7526	55399121	20.35869829848243	72.14975427018715
short	toy_hmp_airskinurogenital_sample_20	E1	SemiBin2	179411	184647635	15295	83520117	8.525118303782934	45.232161787504076
short	toy_hmp_airskinurogenital_sample_20	E2	SemiBin2	179411	184647635	15355	83765767	8.558561069276688	45.36519896396182
short	toy_hmp_airskinurogenital_sample_21	E1	SemiBin2	86637	110671656	9323	64484001	10.760991262393665	58.2660487162133
short	toy_hmp_airskinurogenital_sample_21	E2	SemiBin2	86633	110669744	9339	64564969	10.779956829383723	58.340217178057266
short	toy_hmp_airskinurogenital_sample_22	E1	SemiBin2	14308	58810523	3378	51809407	23.60916969527537	88.0954706014092
short	toy_hmp_airskinurogenital_sample_22	E2	SemiBin2	14312	58814551	3279	51399249	22.910844046953606	87.3920622126317
short	toy_hmp_airskinurogenital_sample_23	E1	SemiBin2	57747	68478287	5106	36224598	8.842017767156735	52.89939276664441
short	toy_hmp_airskinurogenital_sample_23	E2	SemiBin2	57724	68478043	4842	35279661	8.388192086480494	51.5196688667052
short	toy_hmp_airskinurogenital_sample_24	E1	SemiBin2	39675	70329125	6259	45319761	15.775677378701953	64.43953482998687
short	toy_hmp_airskinurogenital_sample_24	E2	SemiBin2	39655	70319599	6151	44806533	15.511284831673182	63.71841369573225
short	toy_hmp_airskinurogenital_sample_25	E1	SemiBin2	93150	141750025	12344	87939815	13.25174449812131	62.03865925244105
short	toy_hmp_airskinurogenital_sample_25	E2	SemiBin2	93142	141749654	12353	87846914	13.262545360846879	61.9732828413112
short	toy_hmp_airskinurogenital_sample_26	E1	SemiBin2	81574	97564653	6810	53546605	8.348248216343443	54.883201398768875
short	toy_hmp_airskinurogenital_sample_26	E2	SemiBin2	81564	97579738	6817	53517227	8.357853955176303	54.844610261199925
short	toy_hmp_airskinurogenital_sample_27	E1	SemiBin2	223175	230034985	18027	93494215	8.077517643105187	40.643476469459635
short	toy_hmp_airskinurogenital_sample_27	E2	SemiBin2	223175	230034985	17874	93193813	8.008961577237594	40.51288676807139
short	toy_hmp_airskinurogenital_sample_28	E1	SemiBin2	22873	46053739	1322	34945391	5.779740305163293	75.87959579134281
short	toy_hmp_airskinurogenital_sample_28	E2	SemiBin2	22849	46039789	1304	34507015	5.70703313055276	74.9504195164752
short	toy_hmp_airskinurogenital_sample_3	E1	SemiBin2	84233	102815196	8429	51656224	10.006766944071801	50.241818339771484
short	toy_hmp_airskinurogenital_sample_3	E2	SemiBin2	84234	102820599	8430	52128010	10.007835315905691	50.69802209574757
short	toy_hmp_airskinurogenital_sample_4	E1	SemiBin2	205461	176724659	13924	61867773	6.7769552372469715	35.0080024768926
short	toy_hmp_airskinurogenital_sample_4	E2	SemiBin2	205386	176706123	13951	61953885	6.792575930199721	35.060406480651494
short	toy_hmp_airskinurogenital_sample_5	E1	SemiBin2	26474	84770606	6803	69912911	25.696910176021756	82.47305793708729
short	toy_hmp_airskinurogenital_sample_5	E2	SemiBin2	26454	84764954	6957	70230028	26.298480381038786	82.85267045623596
short	toy_hmp_airskinurogenital_sample_6	E1	SemiBin2	11190	37129267	1631	31774845	14.575513851653263	85.57897197378014
short	toy_hmp_airskinurogenital_sample_6	E2	SemiBin2	11180	37127155	1649	31697523	14.749552772808586	85.37557752539887
short	toy_hmp_airskinurogenital_sample_7	E1	SemiBin2	133620	112207781	6970	40654868	5.216284987277354	36.23177255416895
short	toy_hmp_airskinurogenital_sample_7	E2	SemiBin2	133644	112211519	6933	40455303	5.187662745802281	36.052718437935056
short	toy_hmp_airskinurogenital_sample_8	E1	SemiBin2	81750	83672291	5300	39564270	6.483180428134556	47.284793480795216
short	toy_hmp_airskinurogenital_sample_8	E2	SemiBin2	81745	83672211	5178	39096597	6.334332375068811	46.72590401608964
short	toy_hmp_airskinurogenital_sample_9	E1	SemiBin2	125348	103346436	6391	38932849	5.098605482337173	37.67217381352174
short	toy_hmp_airskinurogenital_sample_9	E2	SemiBin2	125354	103344067	6384	39034248	5.092777254814366	37.77115526138525
short	toy_hmp_gastrooral_sample_0	E1	SemiBin2	83492	113983726	8387	64273528	10.0452737986873	56.388337401779616
short	toy_hmp_gastrooral_sample_0	E2	SemiBin2	83514	113984380	8523	64573000	10.205474531216323	56.65074460202354
short	toy_hmp_gastrooral_sample_1	E1	SemiBin2	102823	156615795	14255	92694043	13.863629732647365	59.1856287547498
short	toy_hmp_gastrooral_sample_1	E2	SemiBin2	102826	156624905	14003	92041910	13.61815105129053	58.7658201612317
short	toy_hmp_gastrooral_sample_10	E1	SemiBin2	59040	161452467	17555	127623726	29.73407859078591	79.04724428893365
short	toy_hmp_gastrooral_sample_10	E2	SemiBin2	59024	161431774	17650	128035923	29.90309026836541	79.31271510402902
short	toy_hmp_gastrooral_sample_11	E1	SemiBin2	132157	160998082	13718	81706521	10.380078240274825	50.74999651238081
short	toy_hmp_gastrooral_sample_11	E2	SemiBin2	132141	160994545	13758	82314859	10.411605784729948	51.128973966167614
short	toy_hmp_gastrooral_sample_12	E1	SemiBin2	36043	119011778	7741	96071166	21.477124545681548	80.72408261978912
short	toy_hmp_gastrooral_sample_12	E2	SemiBin2	36052	119017415	7739	96065466	21.46621546654832	80.7154700847771
short	toy_hmp_gastrooral_sample_13	E1	SemiBin2	137866	141505284	10106	65754413	7.330306239391874	46.46781458705104
short	toy_hmp_gastrooral_sample_13	E2	SemiBin2	137954	141540040	10017	65399950	7.261116024181974	46.20597111601777
short	toy_hmp_gastrooral_sample_14	E1	SemiBin2	115905	123880435	8502	56318139	7.335317717095897	45.46168973333037
short	toy_hmp_gastrooral_sample_14	E2	SemiBin2	116023	123907233	8592	56376404	7.40542823405704	45.49888060207107
short	toy_hmp_gastrooral_sample_15	E1	SemiBin2	153418	152285593	13027	67055156	8.491180956602223	44.03250148554762
short	toy_hmp_gastrooral_sample_15	E2	SemiBin2	153321	152233673	13062	67325867	8.519380906725106	44.22534494060325
short	toy_hmp_gastrooral_sample_16	E1	SemiBin2	151294	172225938	14768	93432514	9.761127341467606	54.24996669200896
short	toy_hmp_gastrooral_sample_16	E2	SemiBin2	151281	172221935	15028	94230695	9.933831743576523	54.714688346754436
short	toy_hmp_gastrooral_sample_17	E1	SemiBin2	104721	134948308	13835	69879501	13.211294773732106	51.782421014126385
short	toy_hmp_gastrooral_sample_17	E2	SemiBin2	104722	134948866	14015	69954438	13.383052271728959	51.83773682099707
short	toy_hmp_gastrooral_sample_18	E1	SemiBin2	135951	194688763	19759	112356898	14.533912953931932	57.71103389259297
short	toy_hmp_gastrooral_sample_18	E2	SemiBin2	135922	194678715	19776	112440204	14.549521048836834	57.75680407588472
short	toy_hmp_gastrooral_sample_19	E1	SemiBin2	159420	152190784	12693	65155508	7.961987203613098	42.811730308190015
short	toy_hmp_gastrooral_sample_19	E2	SemiBin2	159430	152193999	12748	65092852	7.995985699052876	42.76965742913425
short	toy_hmp_gastrooral_sample_2	E1	SemiBin2	58071	100358506	6038	65595187	10.39761671057843	65.36086437954746
short	toy_hmp_gastrooral_sample_2	E2	SemiBin2	58110	100373336	6086	65715001	10.473240406126312	65.47057577123869
short	toy_hmp_gastrooral_sample_3	E1	SemiBin2	57913	140491755	13349	107103796	23.050092379949234	76.23493350196956
short	toy_hmp_gastrooral_sample_3	E2	SemiBin2	57861	140480308	13291	106732941	22.970567394272482	75.9771547482655
short	toy_hmp_gastrooral_sample_4	E1	SemiBin2	54768	139354868	12452	105572361	22.73590417762197	75.75792831291692
short	toy_hmp_gastrooral_sample_4	E2	SemiBin2	54770	139355755	12393	105655114	22.627350739455906	75.81682866272727
short	toy_hmp_gastrooral_sample_5	E1	SemiBin2	35192	82150352	5578	62879326	15.850193225733122	76.54176089227225
short	toy_hmp_gastrooral_sample_5	E2	SemiBin2	35160	82139782	5688	63928487	16.177474402730375	77.82889781713811
short	toy_hmp_gastrooral_sample_6	E1	SemiBin2	67967	119167009	16700	78233050	24.57074756867303	65.64992329378678
short	toy_hmp_gastrooral_sample_6	E2	SemiBin2	68015	119178845	16756	78524667	24.63574211570977	65.88809196799986
short	toy_hmp_gastrooral_sample_7	E1	SemiBin2	96545	97116941	7612	42291313	7.884406235434254	43.546792726924956
short	toy_hmp_gastrooral_sample_7	E2	SemiBin2	96539	97111017	7732	42510087	8.009198355068936	43.774731552857695
short	toy_hmp_gastrooral_sample_8	E1	SemiBin2	117658	109241738	6966	40046160	5.9205493889068315	36.6582963006319
short	toy_hmp_gastrooral_sample_8	E2	SemiBin2	117658	109241738	6869	39611511	5.838107056043788	36.260418156291145
short	toy_hmp_gastrooral_sample_9	E1	SemiBin2	61345	143409748	12804	103055954	20.872116716928844	71.86119175106562
short	toy_hmp_gastrooral_sample_9	E2	SemiBin2	61345	143409748	13109	103825550	21.369304751813512	72.39783309569724
short	toy_mousegut_sample_0	E1	SemiBin2	62773	66278945	4738	33465739	7.547831073869339	50.49226266350498
short	toy_mousegut_sample_0	E2	SemiBin2	62787	66281389	4703	33388691	7.490404064535652	50.37415706541696
short	toy_mousegut_sample_1	E1	SemiBin2	80859	107896536	7425	62789383	9.182651281861018	58.19406750926647
short	toy_mousegut_sample_1	E2	SemiBin2	80856	107894857	7381	62691028	9.128574255466509	58.10381490194662
short	toy_mousegut_sample_10	E1	SemiBin2	122502	136057561	10930	68489715	8.922303309333724	50.33877904073262
short	toy_mousegut_sample_10	E2	SemiBin2	122498	136055475	11031	68913084	9.00504498032621	50.65072464007788
short	toy_mousegut_sample_11	E1	SemiBin2	186853	223804516	16056	120294257	8.592851064740731	53.74970047521293
short	toy_mousegut_sample_11	E2	SemiBin2	186853	223804387	16266	120754273	8.705238877620376	53.9552752377459
short	toy_mousegut_sample_12	E1	SemiBin2	163858	214954758	18824	120886916	11.487995703597017	56.238306667303455
short	toy_mousegut_sample_12	E2	SemiBin2	163858	214954755	18383	119567411	11.218860232640457	55.62445501612653
short	toy_mousegut_sample_13	E1	SemiBin2	82869	102318876	8255	56914866	9.961505508694446	55.62499142386982
short	toy_mousegut_sample_13	E2	SemiBin2	82869	102318876	8128	56466220	9.808251577791454	55.18651319039118
short	toy_mousegut_sample_14	E1	SemiBin2	213957	237255019	14027	118209109	6.555990222334394	49.8236494630278
short	toy_mousegut_sample_14	E2	SemiBin2	213956	237256128	13931	118050477	6.511151825609003	49.75655549769404
short	toy_mousegut_sample_15	E1	SemiBin2	220557	250425483	20617	125645314	9.347696967223893	50.172735016747474
short	toy_mousegut_sample_15	E2	SemiBin2	220557	250425483	20303	124642134	9.205330141414692	49.77214479406634
short	toy_mousegut_sample_16	E1	SemiBin2	51029	48599460	2522	23360797	4.942287718748163	48.068017628179405
short	toy_mousegut_sample_16	E2	SemiBin2	51020	48597745	2505	23240994	4.909839278714229	47.82319426549524
short	toy_mousegut_sample_17	E1	SemiBin2	175087	203445112	17149	106556435	9.794559276245524	52.37601137352467
short	toy_mousegut_sample_17	E2	SemiBin2	175083	203442138	17188	106304817	9.817058195255964	52.25309665198269
short	toy_mousegut_sample_18	E1	SemiBin2	75775	74800151	3400	35284180	4.486967997360607	47.17126841094211
short	toy_mousegut_sample_18	E2	SemiBin2	75802	74805782	3398	35392444	4.482731326350228	47.31244437762846
short	toy_mousegut_sample_19	E1	SemiBin2	179938	208365229	13889	108649267	7.718769798486146	52.14366500660242
short	toy_mousegut_sample_19	E2	SemiBin2	179943	208361636	13791	108930676	7.664093629649389	52.2796221469484
short	toy_mousegut_sample_2	E1	SemiBin2	73839	95129393	7609	56131403	10.304852449247688	59.00532025890252
short	toy_mousegut_sample_2	E2	SemiBin2	73848	95133728	7669	56491691	10.384844545553028	59.38134895754322
short	toy_mousegut_sample_20	E1	SemiBin2	157323	165482786	8846	81061354	5.622826922954686	48.98476509816556
short	toy_mousegut_sample_20	E2	SemiBin2	157323	165482786	8892	81145172	5.652066131462024	49.03541568365908
short	toy_mousegut_sample_21	E1	SemiBin2	92313	103663742	5586	55785801	6.051152058756622	53.814187992557706
short	toy_mousegut_sample_21	E2	SemiBin2	92310	103661482	5512	55422795	5.9711840537319905	53.465177161947196
short	toy_mousegut_sample_22	E1	SemiBin2	200200	235886785	20400	122485918	10.18981018981019	51.92572275721169
short	toy_mousegut_sample_22	E2	SemiBin2	200181	235881994	20455	123068629	10.218252481504239	52.17381238518782
short	toy_mousegut_sample_23	E1	SemiBin2	101274	104695460	8334	51093417	8.229160495290005	48.801941364028586
short	toy_mousegut_sample_23	E2	SemiBin2	101278	104696923	8295	50998814	8.190327613104524	48.71090051041901
short	toy_mousegut_sample_24	E1	SemiBin2	216998	248848171	17953	129742637	8.273348141457525	52.13726766752085
short	toy_mousegut_sample_24	E2	SemiBin2	216996	248848842	18173	130277808	8.374808752235063	52.35218574977335
short	toy_mousegut_sample_25	E1	SemiBin2	200226	233595982	19170	122791174	9.574181175271942	52.565619043909756
short	toy_mousegut_sample_25	E2	SemiBin2	200224	233595751	19198	122382101	9.588261147514784	52.3905509736776
short	toy_mousegut_sample_26	E1	SemiBin2	124700	135414900	9854	69236404	7.902165196471532	51.12908845333859
short	toy_mousegut_sample_26	E2	SemiBin2	124694	135410085	9940	69515748	7.971514266925434	51.337201361331395
short	toy_mousegut_sample_27	E1	SemiBin2	166245	202815108	12714	111066571	7.647748804475323	54.76247410523283
short	toy_mousegut_sample_27	E2	SemiBin2	166263	202821452	12956	111646403	7.792473370503359	55.04664417844716
short	toy_mousegut_sample_28	E1	SemiBin2	149352	182243317	15738	105506494	10.537522095452355	57.89320329370432
short	toy_mousegut_sample_28	E2	SemiBin2	149350	182242138	15635	105319804	10.468697689989957	57.791137195723636
short	toy_mousegut_sample_29	E1	SemiBin2	104974	120813564	7892	64233429	7.518052089088727	53.16739848846773
short	toy_mousegut_sample_29	E2	SemiBin2	104974	120813534	8081	64693629	7.698096671556766	53.548329279069016
short	toy_mousegut_sample_30	E1	SemiBin2	173543	192943607	12688	100075587	7.3111563128446555	51.86779108985974
short	toy_mousegut_sample_30	E2	SemiBin2	173543	192943607	12488	99588650	7.19591109984269	51.615418384917
short	toy_mousegut_sample_31	E1	SemiBin2	157913	173238021	12993	89175768	8.227948300646558	51.47586395021218
short	toy_mousegut_sample_31	E2	SemiBin2	157907	173237091	13116	89446809	8.306154888636982	51.63259697081845
short	toy_mousegut_sample_32	E1	SemiBin2	95520	109162549	6547	56540257	6.8540619765494135	51.7945554752482
short	toy_mousegut_sample_32	E2	SemiBin2	95560	109170409	6672	56809423	6.982000837170364	52.037382217739975
short	toy_mousegut_sample_33	E1	SemiBin2	240940	294723898	26471	162295707	10.986552668714202	55.067033281434135
short	toy_mousegut_sample_33	E2	SemiBin2	240938	294723731	26266	161833887	10.901559737359818	54.910368585147964
short	toy_mousegut_sample_34	E1	SemiBin2	283767	289171251	19659	133155777	6.927866876698136	46.04737730307775
short	toy_mousegut_sample_34	E2	SemiBin2	283765	289174941	19898	133670124	7.012140327383574	46.22465679002248
short	toy_mousegut_sample_35	E1	SemiBin2	139429	153237745	14457	74311793	10.368718128940177	48.494444368128754
short	toy_mousegut_sample_35	E2	SemiBin2	139414	153234517	14438	74280618	10.356205259156182	48.47512130703554
short	toy_mousegut_sample_36	E1	SemiBin2	255904	293076288	25283	149020457	9.879876828810804	50.84698527367728
short	toy_mousegut_sample_36	E2	SemiBin2	255903	293075970	25301	148934137	9.886949351902869	50.81758733068426
short	toy_mousegut_sample_37	E1	SemiBin2	249158	290707809	24306	152568327	9.755255701201648	52.481674821469966
short	toy_mousegut_sample_37	E2	SemiBin2	249150	290706703	24671	153460445	9.902067027894843	52.788753549999846
short	toy_mousegut_sample_38	E1	SemiBin2	132067	140284670	9833	69576679	7.445463287573731	49.59677989048981
short	toy_mousegut_sample_38	E2	SemiBin2	132067	140284670	9823	69493383	7.437891373318089	49.53740348107887
short	toy_mousegut_sample_5	E1	SemiBin2	164098	169157617	16796	81529100	10.235347170593181	48.19712020417029
short	toy_mousegut_sample_5	E2	SemiBin2	164099	169157650	16530	80946693	10.073187527041602	47.8528124503976
short	toy_mousegut_sample_52	E1	SemiBin2	70168	101874258	8714	63137192	12.418766389237259	61.97560918676826
short	toy_mousegut_sample_52	E2	SemiBin2	70168	101874258	8406	62399015	11.979819860905256	61.25101298897313
short	toy_mousegut_sample_53	E1	SemiBin2	147386	135032634	11160	55954347	7.571953916925624	41.43764758376853
short	toy_mousegut_sample_53	E2	SemiBin2	147387	135032766	11285	56472549	7.656713278647371	41.82136726726016
short	toy_mousegut_sample_54	E1	SemiBin2	138794	132496583	10776	59255426	7.7640243814574115	44.722229553648184
short	toy_mousegut_sample_54	E2	SemiBin2	138792	132496544	10754	59185678	7.748285203758142	44.66960134446978
short	toy_mousegut_sample_55	E1	SemiBin2	78636	75637640	5595	35952571	7.115061803754005	47.53264512219049
short	toy_mousegut_sample_55	E2	SemiBin2	78635	75637150	5500	35831696	6.9943409423284795	47.37314401719261
short	toy_mousegut_sample_56	E1	SemiBin2	73668	77908440	6380	39169228	8.660476733452787	50.27597523451888
short	toy_mousegut_sample_56	E2	SemiBin2	73668	77908440	6488	39559255	8.80708041483412	50.776597503428384
short	toy_mousegut_sample_57	E1	SemiBin2	188832	197337962	15780	94995141	8.356634468734113	48.138300424932936
short	toy_mousegut_sample_57	E2	SemiBin2	188841	197327773	15734	94738278	8.331877081777792	48.01061531262505
short	toy_mousegut_sample_58	E1	SemiBin2	197221	209741887	16600	103223457	8.416953569853108	49.21451717462617
short	toy_mousegut_sample_58	E2	SemiBin2	197217	209741549	16383	102812756	8.3070932019045	49.01878358874903
short	toy_mousegut_sample_59	E1	SemiBin2	216386	218883223	16941	98720357	7.829064726923184	45.10183816143826
short	toy_mousegut_sample_59	E2	SemiBin2	216377	218879977	16821	98544185	7.773931610106435	45.02201907669243
short	toy_mousegut_sample_6	E1	SemiBin2	172186	180294989	18079	85653902	10.499692193325822	47.507644264034425
short	toy_mousegut_sample_6	E2	SemiBin2	172186	180295262	17883	84998548	10.385861800610968	47.14408302088382
short	toy_mousegut_sample_60	E1	SemiBin2	215573	224147268	18065	104574366	8.379991928488261	46.65431211055403
short	toy_mousegut_sample_60	E2	SemiBin2	215568	224138426	17876	103975400	8.292510947821569	46.38892217437094
short	toy_mousegut_sample_61	E1	SemiBin2	281842	292589447	22051	135906521	7.82388714244151	46.44956350732636
short	toy_mousegut_sample_61	E2	SemiBin2	281826	292584172	22049	135888260	7.823621667269876	46.444159665615814
short	toy_mousegut_sample_62	E1	SemiBin2	133842	169788856	16421	99585742	12.268943978721179	58.652696264117594
short	toy_mousegut_sample_62	E2	SemiBin2	133824	169783936	16462	99712048	12.301231468197035	58.72878809924633
short	toy_mousegut_sample_63	E1	SemiBin2	117882	151163376	13772	84854852	11.682869309987954	56.13453089325023
short	toy_mousegut_sample_63	E2	SemiBin2	117879	151164056	13732	84776613	11.649233536083612	56.08252070187903
short	toy_mousegut_sample_7	E1	SemiBin2	102138	113749420	8294	60491120	8.12038614423623	53.179277749284346
short	toy_mousegut_sample_7	E2	SemiBin2	102138	113749745	8193	60223555	8.021500323092287	52.943903302816196
short	toy_mousegut_sample_8	E1	SemiBin2	61576	74832854	5035	42123307	8.17688709886969	56.289857660647286
short	toy_mousegut_sample_8	E2	SemiBin2	61569	74830406	5070	42169823	8.234663548214199	56.353861022750564
short	toy_mousegut_sample_9	E1	SemiBin2	104170	117166734	10216	57855106	9.807046174522416	49.378440470995805
short	toy_mousegut_sample_9	E2	SemiBin2	104144	117156919	10316	58152124	9.905515440159778	49.636098743771164
