sample	study	genome_id	genome_length	gsa_bases	gsa_fraction
marine_long_sample_3	marine	Otu10	5712799	5710871	99.97
marine_long_sample_3	marine	Otu1000	4884713	3989321	81.67
marine_long_sample_3	marine	Otu1004	1160782	460880	39.70
marine_long_sample_3	marine	Otu1010	5490011	2202671	40.12
marine_long_sample_3	marine	Otu1015	2786256	806314	28.94
marine_long_sample_3	marine	Otu1016.0	3884382	2703674	69.60
marine_long_sample_3	marine	Otu1027	3924810	612712	15.61
marine_long_sample_3	marine	Otu1028	7112340	2836694	39.88
marine_long_sample_3	marine	Otu1030	2244793	650586	28.98
marine_long_sample_3	marine	Otu1031	2302126	1130468	49.11
marine_long_sample_3	marine	Otu1032	5940029	924686	15.57
marine_long_sample_3	marine	Otu1038	2399849	1172978	48.88
marine_long_sample_3	marine	Otu104	5504684	4504489	81.83
marine_long_sample_3	marine	Otu1046	3489052	545937	15.65
marine_long_sample_3	marine	Otu105.0	3914632	2716981	69.41
marine_long_sample_3	marine	Otu1057	5093989	2514518	49.36
marine_long_sample_3	marine	Otu106	1877693	1848825	98.46
marine_long_sample_3	marine	Otu1062.0	2679753	1069827	39.92
marine_long_sample_3	marine	Otu1065	3481669	1988987	57.13
marine_long_sample_3	marine	Otu1068.0	3952957	1594367	40.33
marine_long_sample_3	marine	Otu1069	1645259	255412	15.52
marine_long_sample_3	marine	Otu107	4759095	4703101	98.82
marine_long_sample_3	marine	Otu1070.0	3137191	1543040	49.19
marine_long_sample_3	marine	Otu1078	2085946	833562	39.96
marine_long_sample_3	marine	Otu1079.0	4160918	2665826	64.07
marine_long_sample_3	marine	Otu108.0	4566632	1045624	22.90
marine_long_sample_3	marine	Otu108.1	5175222	4431216	85.62
marine_long_sample_3	marine	Otu1080	1859830	914414	49.17
marine_long_sample_3	marine	Otu1082	1738790	1110062	63.84
marine_long_sample_3	marine	Otu1084	1950135	964157	49.44
marine_long_sample_3	marine	Otu1089	3850272	1111573	28.87
marine_long_sample_3	marine	Otu1093	2785024	436224	15.66
marine_long_sample_3	marine	Otu11	1667163	1667152	100.00
marine_long_sample_3	marine	Otu110.0	2884293	2610826	90.52
marine_long_sample_3	marine	Otu1101.0	3509728	1402294	39.95
marine_long_sample_3	marine	Otu1108.0	1284727	7415	0.58
marine_long_sample_3	marine	Otu1108.1	1308759	194906	14.89
marine_long_sample_3	marine	Otu1111	5521305	3168300	57.38
marine_long_sample_3	marine	Otu1113	3866601	618565	16.00
marine_long_sample_3	marine	Otu1123	4916408	3146473	64.00
marine_long_sample_3	marine	Otu1126	2597759	1041956	40.11
marine_long_sample_3	marine	Otu1127	5453748	857307	15.72
marine_long_sample_3	marine	Otu1129	5057531	3231201	63.89
marine_long_sample_3	marine	Otu1132	4344386	1732473	39.88
marine_long_sample_3	marine	Otu1136.0	3809314	2635911	69.20
marine_long_sample_3	marine	Otu1139	2015987	585320	29.03
marine_long_sample_3	marine	Otu1140	4516079	707281	15.66
marine_long_sample_3	marine	Otu1142.0	2699386	784704	29.07
marine_long_sample_3	marine	Otu1146.0	3027315	1496795	49.44
marine_long_sample_3	marine	Otu1147	5127345	3267126	63.72
marine_long_sample_3	marine	Otu115	4083467	1174023	28.75
marine_long_sample_3	marine	Otu1153	1352914	672076	49.68
marine_long_sample_3	marine	Otu1156	4581842	1316773	28.74
marine_long_sample_3	marine	Otu116.0	5643878	5507878	97.59
marine_long_sample_3	marine	Otu1160	4361276	1260815	28.91
marine_long_sample_3	marine	Otu1168.0	3569807	560758	15.71
marine_long_sample_3	marine	Otu1179.0	4947126	130277	2.63
marine_long_sample_3	marine	Otu1179.1	4721861	1279974	27.11
marine_long_sample_3	marine	Otu1180.0	4674885	4490031	96.05
marine_long_sample_3	marine	Otu1182	2149844	613648	28.54
marine_long_sample_3	marine	Otu1184	3544508	2638236	74.43
marine_long_sample_3	marine	Otu1186	5174581	807144	15.60
marine_long_sample_3	marine	Otu1187	6221248	3072368	49.39
marine_long_sample_3	marine	Otu119.0	4653851	3080629	66.20
marine_long_sample_3	marine	Otu119.1	4480507	2446800	54.61
marine_long_sample_3	marine	Otu1191	3592666	1772644	49.34
marine_long_sample_3	marine	Otu12.0	3659634	3657715	99.95
marine_long_sample_3	marine	Otu1200.0	5100344	3560505	69.81
marine_long_sample_3	marine	Otu1204	1118574	833798	74.54
marine_long_sample_3	marine	Otu1209	4655067	731413	15.71
marine_long_sample_3	marine	Otu122.0	3555109	2873658	80.83
marine_long_sample_3	marine	Otu122.1	3147211	125944	4.00
marine_long_sample_3	marine	Otu1225	5009503	4249840	84.84
marine_long_sample_3	marine	Otu1227	3442724	2395227	69.57
marine_long_sample_3	marine	Otu123.0	3153637	3113326	98.72
marine_long_sample_3	marine	Otu1233.0	4064534	1621606	39.90
marine_long_sample_3	marine	Otu1237.0	3597394	2313998	64.32
marine_long_sample_3	marine	Otu1238	4219865	666109	15.79
marine_long_sample_3	marine	Otu1240.0	4683314	1872056	39.97
marine_long_sample_3	marine	Otu1242	2995049	1187491	39.65
marine_long_sample_3	marine	Otu1247	2280035	357887	15.70
marine_long_sample_3	marine	Otu1248	1859720	294567	15.84
marine_long_sample_3	marine	Otu1254	5517674	865464	15.69
marine_long_sample_3	marine	Otu1263	5368767	834441	15.54
marine_long_sample_3	marine	Otu1264	3605216	1434357	39.79
marine_long_sample_3	marine	Otu1267.0	3868304	605669	15.66
marine_long_sample_3	marine	Otu1270	4928188	2437209	49.45
marine_long_sample_3	marine	Otu1279	7949449	5075848	63.85
marine_long_sample_3	marine	Otu128	5158435	4597591	89.13
marine_long_sample_3	marine	Otu1283	4451800	694437	15.60
marine_long_sample_3	marine	Otu1287	4885680	2798737	57.28
marine_long_sample_3	marine	Otu1297	2591679	1658607	64.00
marine_long_sample_3	marine	Otu13.0	2655425	2655356	100.00
marine_long_sample_3	marine	Otu1302	1884562	295208	15.66
marine_long_sample_3	marine	Otu1316	1998342	311951	15.61
marine_long_sample_3	marine	Otu132	2495242	1432433	57.41
marine_long_sample_3	marine	Otu1322	5935403	927680	15.63
marine_long_sample_3	marine	Otu133.0	3389993	922714	27.22
marine_long_sample_3	marine	Otu133.1	3303986	74864	2.27
marine_long_sample_3	marine	Otu1330	1847607	736610	39.87
marine_long_sample_3	marine	Otu1332.0	3628091	1448300	39.92
marine_long_sample_3	marine	Otu1334	6403280	1001657	15.64
marine_long_sample_3	marine	Otu1337	3914604	3909788	99.88
marine_long_sample_3	marine	Otu1344	4643964	3455499	74.41
marine_long_sample_3	marine	Otu1358	9003593	3621974	40.23
marine_long_sample_3	marine	Otu136	4246561	4235405	99.74
marine_long_sample_3	marine	Otu1361.0	2900735	2382231	82.13
marine_long_sample_3	marine	Otu1362.0	1663904	261497	15.72
marine_long_sample_3	marine	Otu137.0	4395035	4193398	95.41
marine_long_sample_3	marine	Otu1374	1714148	234143	13.66
marine_long_sample_3	marine	Otu1377	2833547	443330	15.65
marine_long_sample_3	marine	Otu1381	2086428	325941	15.62
marine_long_sample_3	marine	Otu1382	8728773	2522874	28.90
marine_long_sample_3	marine	Otu1383	4089957	1181778	28.89
marine_long_sample_3	marine	Otu1386	5108999	797787	15.62
marine_long_sample_3	marine	Otu1389.0	6895538	1077462	15.63
marine_long_sample_3	marine	Otu139	5040536	4802045	95.27
marine_long_sample_3	marine	Otu1398	1716818	268647	15.65
marine_long_sample_3	marine	Otu1399	2201561	1255576	57.03
marine_long_sample_3	marine	Otu1405	5187005	2552880	49.22
marine_long_sample_3	marine	Otu1414.0	3476061	518632	14.92
marine_long_sample_3	marine	Otu1414.1	2698020	23591	0.87
marine_long_sample_3	marine	Otu1420.0	5324561	1541117	28.94
marine_long_sample_3	marine	Otu1427	2852073	815638	28.60
marine_long_sample_3	marine	Otu1428.0	4650996	3458558	74.36
marine_long_sample_3	marine	Otu1446.0	6158829	2468340	40.08
marine_long_sample_3	marine	Otu1448	2022959	1150499	56.87
marine_long_sample_3	marine	Otu1450	1869610	296266	15.85
marine_long_sample_3	marine	Otu1455	2839318	446842	15.74
marine_long_sample_3	marine	Otu1458.0	4944132	4715520	95.38
marine_long_sample_3	marine	Otu1460	2835858	450121	15.87
marine_long_sample_3	marine	Otu1466	4928223	1418656	28.79
marine_long_sample_3	marine	Otu1468.0	4228350	1215282	28.74
marine_long_sample_3	marine	Otu1469.0	3780829	784854	20.76
marine_long_sample_3	marine	Otu1469.1	4061725	3133784	77.15
marine_long_sample_3	marine	Otu1474.0	4480937	2837214	63.32
marine_long_sample_3	marine	Otu1483.0	5252390	713944	13.59
marine_long_sample_3	marine	Otu1483.1	5916782	1822074	30.80
marine_long_sample_3	marine	Otu149	1352885	1011307	74.75
marine_long_sample_3	marine	Otu1498	5295768	4939640	93.28
marine_long_sample_3	marine	Otu150.0	3309884	3300566	99.72
marine_long_sample_3	marine	Otu1501	5030940	791249	15.73
marine_long_sample_3	marine	Otu1505.0	6221273	972633	15.63
marine_long_sample_3	marine	Otu1507	4578199	719674	15.72
marine_long_sample_3	marine	Otu1515	6130289	4824668	78.70
marine_long_sample_3	marine	Otu1519	5526018	1596708	28.89
marine_long_sample_3	marine	Otu152	6425471	4118396	64.09
marine_long_sample_3	marine	Otu1525.0	3530383	1735750	49.17
marine_long_sample_3	marine	Otu1529	4351783	680869	15.65
marine_long_sample_3	marine	Otu1534	1869610	540901	28.93
marine_long_sample_3	marine	Otu1536	1864731	536451	28.77
marine_long_sample_3	marine	Otu1541	3830056	1107240	28.91
marine_long_sample_3	marine	Otu1544	4211468	3672508	87.20
marine_long_sample_3	marine	Otu1545	3194345	1589303	49.75
marine_long_sample_3	marine	Otu1546	3630528	563765	15.53
marine_long_sample_3	marine	Otu1548.0	3288122	680597	20.70
marine_long_sample_3	marine	Otu1548.1	4649054	1684307	36.23
marine_long_sample_3	marine	Otu1553	3516383	554025	15.76
marine_long_sample_3	marine	Otu1560	3120143	903124	28.94
marine_long_sample_3	marine	Otu1569	2673978	1067288	39.91
marine_long_sample_3	marine	Otu157.0	3543891	3495167	98.63
marine_long_sample_3	marine	Otu1573	3515614	1999938	56.89
marine_long_sample_3	marine	Otu1577	3944467	621159	15.75
marine_long_sample_3	marine	Otu1580	1936387	559796	28.91
marine_long_sample_3	marine	Otu1585	3384748	538914	15.92
marine_long_sample_3	marine	Otu159	3347688	3074646	91.84
marine_long_sample_3	marine	Otu1597	1915344	766999	40.04
marine_long_sample_3	marine	Otu160	1859370	1859343	100.00
marine_long_sample_3	marine	Otu1607	6492095	2590090	39.90
marine_long_sample_3	marine	Otu1617	4241576	1223238	28.84
marine_long_sample_3	marine	Otu1620	4373835	2168829	49.59
marine_long_sample_3	marine	Otu163	7224475	7220112	99.94
marine_long_sample_3	marine	Otu1631	5514920	864068	15.67
marine_long_sample_3	marine	Otu1632	2496140	390815	15.66
marine_long_sample_3	marine	Otu1634	1842899	286871	15.57
marine_long_sample_3	marine	Otu1653	3179361	495292	15.58
marine_long_sample_3	marine	Otu1656	1768562	277377	15.68
marine_long_sample_3	marine	Otu1664	3904707	1916411	49.08
marine_long_sample_3	marine	Otu1665	2126164	332165	15.62
marine_long_sample_3	marine	Otu1673	4833395	1388969	28.74
marine_long_sample_3	marine	Otu1676.0	2540159	1014901	39.95
marine_long_sample_3	marine	Otu168.0	3274259	3229743	98.64
marine_long_sample_3	marine	Otu1682	1669886	259234	15.52
marine_long_sample_3	marine	Otu169.0	4888353	2433553	49.78
marine_long_sample_3	marine	Otu169.1	2016454	1642625	81.46
marine_long_sample_3	marine	Otu1692	4117885	646595	15.70
marine_long_sample_3	marine	Otu1697	4222626	2424559	57.42
marine_long_sample_3	marine	Otu1704	1688963	1166445	69.06
marine_long_sample_3	marine	Otu1710	1607556	457125	28.44
marine_long_sample_3	marine	Otu1719	2427734	1190440	49.04
marine_long_sample_3	marine	Otu172.0	4540155	4189327	92.27
marine_long_sample_3	marine	Otu1723	2724951	1088295	39.94
marine_long_sample_3	marine	Otu1739	3863562	605836	15.68
marine_long_sample_3	marine	Otu174	1484494	1160178	78.15
marine_long_sample_3	marine	Otu1753	6425291	1010884	15.73
marine_long_sample_3	marine	Otu176.0	3052410	477196	15.63
marine_long_sample_3	marine	Otu1769	3863714	1911884	49.48
marine_long_sample_3	marine	Otu1773	5452646	1575244	28.89
marine_long_sample_3	marine	Otu1777	4433677	2191778	49.43
marine_long_sample_3	marine	Otu1784	1297538	202280	15.59
marine_long_sample_3	marine	Otu1786	3485580	1008370	28.93
marine_long_sample_3	marine	Otu1788.0	2915920	451031	15.47
marine_long_sample_3	marine	Otu179	5226917	5211093	99.70
marine_long_sample_3	marine	Otu1791	4926076	2430105	49.33
marine_long_sample_3	marine	Otu180	2224914	2121812	95.37
marine_long_sample_3	marine	Otu1806	4492180	1288668	28.69
marine_long_sample_3	marine	Otu183.0	5413691	2971933	54.90
marine_long_sample_3	marine	Otu183.1	4779762	2840515	59.43
marine_long_sample_3	marine	Otu1832	1770093	280733	15.86
marine_long_sample_3	marine	Otu1843.0	4686200	1351319	28.84
marine_long_sample_3	marine	Otu1847	1963964	562473	28.64
marine_long_sample_3	marine	Otu185.0	5373180	5072185	94.40
marine_long_sample_3	marine	Otu1853	2572069	1910977	74.30
marine_long_sample_3	marine	Otu186.0	4927947	4917217	99.78
marine_long_sample_3	marine	Otu1860	4676742	1872137	40.03
marine_long_sample_3	marine	Otu1862	4471090	2202198	49.25
marine_long_sample_3	marine	Otu1870	3354469	520976	15.53
marine_long_sample_3	marine	Otu1889	2215172	644527	29.10
marine_long_sample_3	marine	Otu189	5017558	4989568	99.44
marine_long_sample_3	marine	Otu1893	3429719	530959	15.48
marine_long_sample_3	marine	Otu1894	4053141	2806168	69.23
marine_long_sample_3	marine	Otu1896	3477883	548567	15.77
marine_long_sample_3	marine	Otu1900	2394636	688634	28.76
marine_long_sample_3	marine	Otu1913	1394664	406638	29.16
marine_long_sample_3	marine	Otu1918	2464392	1221321	49.56
marine_long_sample_3	marine	Otu1919	4545906	1313488	28.89
marine_long_sample_3	marine	Otu1920	1966858	971044	49.37
marine_long_sample_3	marine	Otu1923	3270394	1611308	49.27
marine_long_sample_3	marine	Otu1925	1749904	505506	28.89
marine_long_sample_3	marine	Otu1927	4402086	2160777	49.09
marine_long_sample_3	marine	Otu1930	1669696	259395	15.54
marine_long_sample_3	marine	Otu1949.0	4344439	1734042	39.91
marine_long_sample_3	marine	Otu1950	7106149	3513310	49.44
marine_long_sample_3	marine	Otu1952	3475106	998364	28.73
marine_long_sample_3	marine	Otu1957.0	3253959	2549450	78.35
marine_long_sample_3	marine	Otu196	2316287	2240329	96.72
marine_long_sample_3	marine	Otu1962	2729219	798557	29.26
marine_long_sample_3	marine	Otu1970	4590517	1329954	28.97
marine_long_sample_3	marine	Otu1975.0	2322224	669714	28.84
marine_long_sample_3	marine	Otu1977.0	4489455	700738	15.61
marine_long_sample_3	marine	Otu198.0	4582352	3866195	84.37
marine_long_sample_3	marine	Otu1984	4037671	1165529	28.87
marine_long_sample_3	marine	Otu199.0	4000057	625149	15.63
marine_long_sample_3	marine	Otu1999	6415739	1001551	15.61
marine_long_sample_3	marine	Otu2.0	4145260	4145253	100.00
marine_long_sample_3	marine	Otu20	5251146	5233779	99.67
marine_long_sample_3	marine	Otu2014	6426510	1847795	28.75
marine_long_sample_3	marine	Otu2016.0	3442381	1375105	39.95
marine_long_sample_3	marine	Otu2019	2682675	1327255	49.48
marine_long_sample_3	marine	Otu2027	3222077	922807	28.64
marine_long_sample_3	marine	Otu203	4383480	3431535	78.28
marine_long_sample_3	marine	Otu2036	4815987	748444	15.54
marine_long_sample_3	marine	Otu2044	1788069	872921	48.82
marine_long_sample_3	marine	Otu205.0	7074838	1554239	21.97
marine_long_sample_3	marine	Otu205.1	5786361	3116645	53.86
marine_long_sample_3	marine	Otu2053	1860725	291942	15.69
marine_long_sample_3	marine	Otu2059	5161447	1485808	28.79
marine_long_sample_3	marine	Otu2066	2111515	330334	15.64
marine_long_sample_3	marine	Otu2078	1746697	271953	15.57
marine_long_sample_3	marine	Otu2090	4429518	691799	15.62
marine_long_sample_3	marine	Otu2106	4273718	673876	15.77
marine_long_sample_3	marine	Otu2107	3074808	481673	15.67
marine_long_sample_3	marine	Otu211	2429688	1390871	57.24
marine_long_sample_3	marine	Otu2115	3250704	504741	15.53
marine_long_sample_3	marine	Otu2117	3990717	1156198	28.97
marine_long_sample_3	marine	Otu2119.0	3577579	2055228	57.45
marine_long_sample_3	marine	Otu212.0	4601048	3427810	74.50
marine_long_sample_3	marine	Otu2120	3890005	606546	15.59
marine_long_sample_3	marine	Otu2121	3113999	483406	15.52
marine_long_sample_3	marine	Otu2123	4512856	715365	15.85
marine_long_sample_3	marine	Otu2128	1739927	999867	57.47
marine_long_sample_3	marine	Otu214.0	5132075	1481598	28.87
marine_long_sample_3	marine	Otu215.0	3074209	1224854	39.84
marine_long_sample_3	marine	Otu2151	3511244	1013487	28.86
marine_long_sample_3	marine	Otu2153	3626013	566188	15.61
marine_long_sample_3	marine	Otu2156	1657990	476611	28.75
marine_long_sample_3	marine	Otu2165.0	4444448	702027	15.80
marine_long_sample_3	marine	Otu2169.0	1676444	836015	49.87
marine_long_sample_3	marine	Otu2170	4861258	1400031	28.80
marine_long_sample_3	marine	Otu2174	2862233	2126967	74.31
marine_long_sample_3	marine	Otu218	1878735	1817390	96.73
marine_long_sample_3	marine	Otu2189	1772694	507714	28.64
marine_long_sample_3	marine	Otu219.0	5017071	4794244	95.56
marine_long_sample_3	marine	Otu2191	1862322	296636	15.93
marine_long_sample_3	marine	Otu2196	3977228	626195	15.74
marine_long_sample_3	marine	Otu22	3600595	3593233	99.80
marine_long_sample_3	marine	Otu220.0	5313905	5109820	96.16
marine_long_sample_3	marine	Otu2202	3489744	1718040	49.23
marine_long_sample_3	marine	Otu2209	3308199	1899750	57.43
marine_long_sample_3	marine	Otu2217	6058377	948537	15.66
marine_long_sample_3	marine	Otu222.0	6732271	3773337	56.05
marine_long_sample_3	marine	Otu222.1	5183331	4541763	87.62
marine_long_sample_3	marine	Otu2225.0	4308833	677042	15.71
marine_long_sample_3	marine	Otu2227.0	2877091	452186	15.72
marine_long_sample_3	marine	Otu2233.0	3400178	1357222	39.92
marine_long_sample_3	marine	Otu2253	3987942	1605780	40.27
marine_long_sample_3	marine	Otu2259	4689120	1878237	40.06
marine_long_sample_3	marine	Otu226	4510390	3804739	84.35
marine_long_sample_3	marine	Otu2268	4306142	1243849	28.89
marine_long_sample_3	marine	Otu2276	3699725	578324	15.63
marine_long_sample_3	marine	Otu229.0	4134229	4099506	99.16
marine_long_sample_3	marine	Otu2290.0	2670264	2643292	98.99
marine_long_sample_3	marine	Otu2297	2563520	399725	15.59
marine_long_sample_3	marine	Otu23	5732794	5730973	99.97
marine_long_sample_3	marine	Otu230.0	2889421	2288887	79.22
marine_long_sample_3	marine	Otu230.1	4635105	3159051	68.15
marine_long_sample_3	marine	Otu2300	1847790	536117	29.01
marine_long_sample_3	marine	Otu2304	1661137	476466	28.68
marine_long_sample_3	marine	Otu2314	3696649	1065325	28.82
marine_long_sample_3	marine	Otu232.0	2806870	2202929	78.48
marine_long_sample_3	marine	Otu2326	3009495	467313	15.53
marine_long_sample_3	marine	Otu2333	4799109	2767903	57.68
marine_long_sample_3	marine	Otu2338	1486778	232019	15.61
marine_long_sample_3	marine	Otu234.0	5341557	3975718	74.43
marine_long_sample_3	marine	Otu2343	4642937	1338854	28.84
marine_long_sample_3	marine	Otu235.0	4616532	3905694	84.60
marine_long_sample_3	marine	Otu2362.0	3832918	1886557	49.22
marine_long_sample_3	marine	Otu238.0	4505800	3526616	78.27
marine_long_sample_3	marine	Otu2386	4611873	720126	15.61
marine_long_sample_3	marine	Otu239.0	3920328	3727589	95.08
marine_long_sample_3	marine	Otu24.0	4830181	4826155	99.92
marine_long_sample_3	marine	Otu2407.0	5478249	2684970	49.01
marine_long_sample_3	marine	Otu241.0	4875481	4430146	90.87
marine_long_sample_3	marine	Otu2411	4168427	1200116	28.79
marine_long_sample_3	marine	Otu2415.0	3158583	107582	3.41
marine_long_sample_3	marine	Otu2415.1	2952962	1112295	37.67
marine_long_sample_3	marine	Otu2416	7087725	2043500	28.83
marine_long_sample_3	marine	Otu2433.0	4378835	1260372	28.78
marine_long_sample_3	marine	Otu2438	2045086	1010191	49.40
marine_long_sample_3	marine	Otu2446	4655660	2294266	49.28
marine_long_sample_3	marine	Otu2448	1694430	264750	15.62
marine_long_sample_3	marine	Otu245.0	4305801	4282075	99.45
marine_long_sample_3	marine	Otu2453	2290181	360474	15.74
marine_long_sample_3	marine	Otu2455	5312910	831735	15.65
marine_long_sample_3	marine	Otu2468.0	4691010	734178	15.65
marine_long_sample_3	marine	Otu2469	1860815	291889	15.69
marine_long_sample_3	marine	Otu2472	1639964	470301	28.68
marine_long_sample_3	marine	Otu2479	3060347	481162	15.72
marine_long_sample_3	marine	Otu248.0	4063864	1992686	49.03
marine_long_sample_3	marine	Otu2487	4080072	639422	15.67
marine_long_sample_3	marine	Otu249.0	4516490	4438043	98.26
marine_long_sample_3	marine	Otu250	4050927	4034014	99.58
marine_long_sample_3	marine	Otu252	2234828	2019048	90.34
marine_long_sample_3	marine	Otu254	5840835	5782433	99.00
marine_long_sample_3	marine	Otu255	5358884	5211984	97.26
marine_long_sample_3	marine	Otu256	3293456	2786698	84.61
marine_long_sample_3	marine	Otu26.0	3899940	3899386	99.99
marine_long_sample_3	marine	Otu261	4342224	3930604	90.52
marine_long_sample_3	marine	Otu265.0	4417868	686779	15.55
marine_long_sample_3	marine	Otu271	4470622	4437130	99.25
marine_long_sample_3	marine	Otu274.0	2269167	1911832	84.25
marine_long_sample_3	marine	Otu279	1343202	1000144	74.46
marine_long_sample_3	marine	Otu281.0	4624578	2289139	49.50
marine_long_sample_3	marine	Otu282.0	4900559	225589	4.60
marine_long_sample_3	marine	Otu282.1	4912568	568228	11.57
marine_long_sample_3	marine	Otu283.0	4200534	3958152	94.23
marine_long_sample_3	marine	Otu289	4584079	3403773	74.25
marine_long_sample_3	marine	Otu292.0	4331234	4164981	96.16
marine_long_sample_3	marine	Otu293.0	2560222	1461868	57.10
marine_long_sample_3	marine	Otu297.0	5457578	4273502	78.30
marine_long_sample_3	marine	Otu298	8180260	7539375	92.17
marine_long_sample_3	marine	Otu3.0	3665893	3260610	88.94
marine_long_sample_3	marine	Otu3.1	3176363	3176249	100.00
marine_long_sample_3	marine	Otu30.0	2363215	2363190	100.00
marine_long_sample_3	marine	Otu301	5396476	4411413	81.75
marine_long_sample_3	marine	Otu302.0	3132314	2184078	69.73
marine_long_sample_3	marine	Otu303.0	1999646	1568104	78.42
marine_long_sample_3	marine	Otu304.0	4023512	3665799	91.11
marine_long_sample_3	marine	Otu312.0	4560540	709900	15.57
marine_long_sample_3	marine	Otu315.0	3830427	3237221	84.51
marine_long_sample_3	marine	Otu316.0	2715909	780772	28.75
marine_long_sample_3	marine	Otu318.0	5393591	4407426	81.72
marine_long_sample_3	marine	Otu323.0	3545181	2775647	78.29
marine_long_sample_3	marine	Otu327	2011320	1638249	81.45
marine_long_sample_3	marine	Otu331.0	3975896	2268700	57.06
marine_long_sample_3	marine	Otu332	1232128	1167909	94.79
marine_long_sample_3	marine	Otu336	3278034	1877681	57.28
marine_long_sample_3	marine	Otu338	5724939	890316	15.55
marine_long_sample_3	marine	Otu340	1738505	1004512	57.78
marine_long_sample_3	marine	Otu35.0	5051681	5050521	99.98
marine_long_sample_3	marine	Otu351	2606748	1279010	49.07
marine_long_sample_3	marine	Otu352.0	5191608	2865480	55.19
marine_long_sample_3	marine	Otu352.1	3909699	3868676	98.95
marine_long_sample_3	marine	Otu36.0	4137521	4135118	99.94
marine_long_sample_3	marine	Otu360	3469689	992930	28.62
marine_long_sample_3	marine	Otu364	1437090	1058833	73.68
marine_long_sample_3	marine	Otu365.0	7215267	6096534	84.49
marine_long_sample_3	marine	Otu368	5549219	4361518	78.60
marine_long_sample_3	marine	Otu37.0	7327614	7290770	99.50
marine_long_sample_3	marine	Otu370.0	2847905	253403	8.90
marine_long_sample_3	marine	Otu370.1	2638676	902607	34.21
marine_long_sample_3	marine	Otu371	5877040	4359670	74.18
marine_long_sample_3	marine	Otu376	490885	474942	96.75
marine_long_sample_3	marine	Otu382.0	4455399	4410702	99.00
marine_long_sample_3	marine	Otu383	3260476	2267686	69.55
marine_long_sample_3	marine	Otu384.0	4147426	3252591	78.42
marine_long_sample_3	marine	Otu386.0	4399611	2522360	57.33
marine_long_sample_3	marine	Otu388	1761737	1598379	90.73
marine_long_sample_3	marine	Otu39.0	3646098	3357774	92.09
marine_long_sample_3	marine	Otu391	3112009	1245353	40.02
marine_long_sample_3	marine	Otu393.0	4969784	2840758	57.16
marine_long_sample_3	marine	Otu395	4898104	4011101	81.89
marine_long_sample_3	marine	Otu398	1908256	1216787	63.76
marine_long_sample_3	marine	Otu399.0	3515768	1402337	39.89
marine_long_sample_3	marine	Otu4.0	1926631	1926622	100.00
marine_long_sample_3	marine	Otu40.0	1481191	1479518	99.89
marine_long_sample_3	marine	Otu40.1	6512983	5752090	88.32
marine_long_sample_3	marine	Otu404.0	4559598	1317166	28.89
marine_long_sample_3	marine	Otu405.0	3515553	3058467	87.00
marine_long_sample_3	marine	Otu415.0	4978541	1433057	28.78
marine_long_sample_3	marine	Otu42.0	3994770	3986652	99.80
marine_long_sample_3	marine	Otu429.0	3685209	572941	15.55
marine_long_sample_3	marine	Otu435.0	3334122	110156	3.30
marine_long_sample_3	marine	Otu435.1	3386737	2985417	88.15
marine_long_sample_3	marine	Otu438	6322155	3610730	57.11
marine_long_sample_3	marine	Otu44.0	2800535	2076104	74.13
marine_long_sample_3	marine	Otu445	2045438	315144	15.41
marine_long_sample_3	marine	Otu447.0	2735158	90940	3.32
marine_long_sample_3	marine	Otu447.1	4086550	1555897	38.07
marine_long_sample_3	marine	Otu450.0	2986943	2704911	90.56
marine_long_sample_3	marine	Otu453	3049282	2821653	92.53
marine_long_sample_3	marine	Otu454.0	4969388	2853798	57.43
marine_long_sample_3	marine	Otu457.0	3842422	3134366	81.57
marine_long_sample_3	marine	Otu46	1772718	991622	55.94
marine_long_sample_3	marine	Otu465	1443806	1309992	90.73
marine_long_sample_3	marine	Otu467	4503336	703810	15.63
marine_long_sample_3	marine	Otu47.0	1518636	1518604	100.00
marine_long_sample_3	marine	Otu470	1595994	1451393	90.94
marine_long_sample_3	marine	Otu472.0	4153699	1379170	33.20
marine_long_sample_3	marine	Otu472.1	4863608	3527068	72.52
marine_long_sample_3	marine	Otu473	4470808	2558235	57.22
marine_long_sample_3	marine	Otu48.0	1739487	1739450	100.00
marine_long_sample_3	marine	Otu483	5909413	4396513	74.40
marine_long_sample_3	marine	Otu491.0	4112636	1644951	40.00
marine_long_sample_3	marine	Otu492	1641879	1288976	78.51
marine_long_sample_3	marine	Otu496.0	3035622	1738799	57.28
marine_long_sample_3	marine	Otu497.0	2673030	121317	4.54
marine_long_sample_3	marine	Otu497.1	2684585	1482760	55.23
marine_long_sample_3	marine	Otu498	2541322	2071718	81.52
marine_long_sample_3	marine	Otu499	2222430	1657698	74.59
marine_long_sample_3	marine	Otu50.0	4397537	4392048	99.88
marine_long_sample_3	marine	Otu501	1780061	512794	28.81
marine_long_sample_3	marine	Otu503	2366980	1360508	57.48
marine_long_sample_3	marine	Otu506.0	2992353	1718159	57.42
marine_long_sample_3	marine	Otu511	1751080	274965	15.70
marine_long_sample_3	marine	Otu520.0	3969941	1588409	40.01
marine_long_sample_3	marine	Otu522	5103524	798999	15.66
marine_long_sample_3	marine	Otu523	3052398	2492182	81.65
marine_long_sample_3	marine	Otu525.0	4337945	3673734	84.69
marine_long_sample_3	marine	Otu526	1352831	1328953	98.23
marine_long_sample_3	marine	Otu53.0	3424964	3419466	99.84
marine_long_sample_3	marine	Otu532	4868993	3378035	69.38
marine_long_sample_3	marine	Otu536	5340866	4188207	78.42
marine_long_sample_3	marine	Otu54	3468533	2706672	78.04
marine_long_sample_3	marine	Otu549	3514998	2613609	74.36
marine_long_sample_3	marine	Otu554	2178400	342343	15.72
marine_long_sample_3	marine	Otu555.0	4457472	2198043	49.31
marine_long_sample_3	marine	Otu564	5199401	2078498	39.98
marine_long_sample_3	marine	Otu570.0	4416600	3600094	81.51
marine_long_sample_3	marine	Otu571.0	4745450	1369376	28.86
marine_long_sample_3	marine	Otu576	3399268	2662958	78.34
marine_long_sample_3	marine	Otu581	4070544	3314133	81.42
marine_long_sample_3	marine	Otu583	1704176	1480128	86.85
marine_long_sample_3	marine	Otu589	3914091	615494	15.73
marine_long_sample_3	marine	Otu590	3926767	2919221	74.34
marine_long_sample_3	marine	Otu592.0	3962284	622699	15.72
marine_long_sample_3	marine	Otu594	2592245	745269	28.75
marine_long_sample_3	marine	Otu595.0	5528722	5355339	96.86
marine_long_sample_3	marine	Otu595.1	4061296	357476	8.80
marine_long_sample_3	marine	Otu596	4221368	662796	15.70
marine_long_sample_3	marine	Otu597.0	3782798	1084417	28.67
marine_long_sample_3	marine	Otu598	1843731	290925	15.78
marine_long_sample_3	marine	Otu6	2466627	2465950	99.97
marine_long_sample_3	marine	Otu60.0	5197905	5195333	99.95
marine_long_sample_3	marine	Otu605	2844696	1132864	39.82
marine_long_sample_3	marine	Otu61.0	4052370	4047722	99.89
marine_long_sample_3	marine	Otu61.1	5816658	1759236	30.24
marine_long_sample_3	marine	Otu612.0	3765936	2408719	63.96
marine_long_sample_3	marine	Otu613	3146160	2338113	74.32
marine_long_sample_3	marine	Otu616	5213431	3645213	69.92
marine_long_sample_3	marine	Otu618.0	5119813	2941170	57.45
marine_long_sample_3	marine	Otu625	1983966	1384248	69.77
marine_long_sample_3	marine	Otu626.0	3824196	2206350	57.69
marine_long_sample_3	marine	Otu631.0	4300227	1239528	28.82
marine_long_sample_3	marine	Otu634.0	2902643	2283496	78.67
marine_long_sample_3	marine	Otu635	5303500	3017528	56.90
marine_long_sample_3	marine	Otu64.0	5657782	5639370	99.67
marine_long_sample_3	marine	Otu644	1851618	739802	39.95
marine_long_sample_3	marine	Otu648.0	5128187	4717815	92.00
marine_long_sample_3	marine	Otu659	5135524	3565672	69.43
marine_long_sample_3	marine	Otu660	2410873	693906	28.78
marine_long_sample_3	marine	Otu662	2237379	353794	15.81
marine_long_sample_3	marine	Otu664.0	4196595	2404862	57.31
marine_long_sample_3	marine	Otu67.0	3522111	3522059	100.00
marine_long_sample_3	marine	Otu677	4919337	3663536	74.47
marine_long_sample_3	marine	Otu68	4508217	4481390	99.40
marine_long_sample_3	marine	Otu681	1869612	747262	39.97
marine_long_sample_3	marine	Otu683.0	5522061	3843735	69.61
marine_long_sample_3	marine	Otu684	2533435	725679	28.64
marine_long_sample_3	marine	Otu687	1563423	447066	28.60
marine_long_sample_3	marine	Otu689.0	4626254	1342896	29.03
marine_long_sample_3	marine	Otu69.0	4719581	4277502	90.63
marine_long_sample_3	marine	Otu692	4052047	2599637	64.16
marine_long_sample_3	marine	Otu696	3982168	1154663	29.00
marine_long_sample_3	marine	Otu70.0	3708362	3652728	98.50
marine_long_sample_3	marine	Otu703	4664454	734766	15.75
marine_long_sample_3	marine	Otu704	1713078	975273	56.93
marine_long_sample_3	marine	Otu707	4475712	1788208	39.95
marine_long_sample_3	marine	Otu71	2791883	2714293	97.22
marine_long_sample_3	marine	Otu713	1570485	449749	28.64
marine_long_sample_3	marine	Otu716.0	3948887	2264003	57.33
marine_long_sample_3	marine	Otu719.0	4404049	1265590	28.74
marine_long_sample_3	marine	Otu72.0	3653837	3615407	98.95
marine_long_sample_3	marine	Otu722	4757181	3040819	63.92
marine_long_sample_3	marine	Otu724	1766633	1309397	74.12
marine_long_sample_3	marine	Otu726	5379796	3427717	63.71
marine_long_sample_3	marine	Otu73	5540337	5235421	94.50
marine_long_sample_3	marine	Otu747	2086959	1024525	49.09
marine_long_sample_3	marine	Otu750	1928800	301953	15.65
marine_long_sample_3	marine	Otu751.0	3817662	1520999	39.84
marine_long_sample_3	marine	Otu753	2064350	588636	28.51
marine_long_sample_3	marine	Otu754	7120854	5839000	82.00
marine_long_sample_3	marine	Otu76.0	3085408	481732	15.61
marine_long_sample_3	marine	Otu761	4441462	1284931	28.93
marine_long_sample_3	marine	Otu766	5168427	3587334	69.41
marine_long_sample_3	marine	Otu767	1714148	848121	49.48
marine_long_sample_3	marine	Otu769	4559204	1330703	29.19
marine_long_sample_3	marine	Otu770	2789000	803034	28.79
marine_long_sample_3	marine	Otu771	1569623	1275753	81.28
marine_long_sample_3	marine	Otu774	3769689	587398	15.58
marine_long_sample_3	marine	Otu778	4092501	2616357	63.93
marine_long_sample_3	marine	Otu78	4802851	4777421	99.47
marine_long_sample_3	marine	Otu783	4958722	4026974	81.21
marine_long_sample_3	marine	Otu79.0	4438767	4291614	96.68
marine_long_sample_3	marine	Otu79.1	4143824	3714327	89.64
marine_long_sample_3	marine	Otu794.0	3264628	2078474	63.67
marine_long_sample_3	marine	Otu796	6424625	3674826	57.20
marine_long_sample_3	marine	Otu797	3282856	1867485	56.89
marine_long_sample_3	marine	Otu80.0	4684316	4529426	96.69
marine_long_sample_3	marine	Otu800.0	4406383	691203	15.69
marine_long_sample_3	marine	Otu801.0	4121005	1284298	31.16
marine_long_sample_3	marine	Otu801.1	3989480	503359	12.62
marine_long_sample_3	marine	Otu805	6015785	1735655	28.85
marine_long_sample_3	marine	Otu810.0	3521150	2019826	57.36
marine_long_sample_3	marine	Otu812	4126205	2360882	57.22
marine_long_sample_3	marine	Otu82	4059891	3751126	92.39
marine_long_sample_3	marine	Otu820	1859582	738367	39.71
marine_long_sample_3	marine	Otu829.0	3437906	2200623	64.01
marine_long_sample_3	marine	Otu83	3319331	961732	28.97
marine_long_sample_3	marine	Otu833	1690905	1667641	98.62
marine_long_sample_3	marine	Otu837.0	5031573	4579063	91.01
marine_long_sample_3	marine	Otu839	4344607	3012987	69.35
marine_long_sample_3	marine	Otu842.0	2659612	1849441	69.54
marine_long_sample_3	marine	Otu843	5004674	1440308	28.78
marine_long_sample_3	marine	Otu846.0	3858580	3024850	78.39
marine_long_sample_3	marine	Otu85.0	3427057	2919217	85.18
marine_long_sample_3	marine	Otu85.1	3293944	1565977	47.54
marine_long_sample_3	marine	Otu851.0	3348716	971527	29.01
marine_long_sample_3	marine	Otu852.0	4400185	3458767	78.61
marine_long_sample_3	marine	Otu854	1584804	248521	15.68
marine_long_sample_3	marine	Otu856.0	3096705	1776106	57.35
marine_long_sample_3	marine	Otu86.0	3764053	3757490	99.83
marine_long_sample_3	marine	Otu860	4099789	1637382	39.94
marine_long_sample_3	marine	Otu862.0	2918253	457386	15.67
marine_long_sample_3	marine	Otu865	5913780	2916117	49.31
marine_long_sample_3	marine	Otu867	4708380	1355731	28.79
marine_long_sample_3	marine	Otu87.0	4971381	4774907	96.05
marine_long_sample_3	marine	Otu870	2736403	2391659	87.40
marine_long_sample_3	marine	Otu873.0	3540114	784407	22.16
marine_long_sample_3	marine	Otu873.1	3368780	779626	23.14
marine_long_sample_3	marine	Otu88.0	3393928	3390984	99.91
marine_long_sample_3	marine	Otu889.0	3227923	2402644	74.43
marine_long_sample_3	marine	Otu89	1861320	1852927	99.55
marine_long_sample_3	marine	Otu894.0	4346304	2131018	49.03
marine_long_sample_3	marine	Otu895.0	3258499	509513	15.64
marine_long_sample_3	marine	Otu9	2562277	2562254	100.00
marine_long_sample_3	marine	Otu90.0	3705021	3692416	99.66
marine_long_sample_3	marine	Otu909	2885033	2002337	69.40
marine_long_sample_3	marine	Otu920	1594790	789621	49.51
marine_long_sample_3	marine	Otu921.0	4511843	709453	15.72
marine_long_sample_3	marine	Otu924	4642546	1339283	28.85
marine_long_sample_3	marine	Otu928.0	3019213	2625481	86.96
marine_long_sample_3	marine	Otu93	3251353	3251171	99.99
marine_long_sample_3	marine	Otu930	3285457	1892050	57.59
marine_long_sample_3	marine	Otu931	2101285	843970	40.16
marine_long_sample_3	marine	Otu936	1854197	532386	28.71
marine_long_sample_3	marine	Otu937	4678652	3002498	64.17
marine_long_sample_3	marine	Otu941	5462271	2687517	49.20
marine_long_sample_3	marine	Otu945	2722542	2369312	87.03
marine_long_sample_3	marine	Otu947	5406094	2150928	39.79
marine_long_sample_3	marine	Otu953.0	3861670	1894688	49.06
marine_long_sample_3	marine	Otu954	1877931	756683	40.29
marine_long_sample_3	marine	Otu958	4328876	2133692	49.29
marine_long_sample_3	marine	Otu965	4219064	655473	15.54
marine_long_sample_3	marine	Otu966	1410127	984070	69.79
marine_long_sample_3	marine	Otu968.0	4931660	1981916	40.19
marine_long_sample_3	marine	Otu971.0	5608040	1619649	28.88
marine_long_sample_3	marine	Otu972	2852731	2116596	74.20
marine_long_sample_3	marine	Otu974	1929203	548075	28.41
marine_long_sample_3	marine	Otu980	3705251	2914822	78.67
marine_long_sample_3	marine	Otu985.0	2439291	980612	40.20
marine_long_sample_3	marine	Otu987	9384763	3709248	39.52
marine_long_sample_3	marine	Otu99.0	3296168	3296093	100.00
marine_long_sample_3	marine	Otu997	1957742	965178	49.30
marine_long_sample_3	marine	Otu999	5112127	2050494	40.11
marine_long_sample_3	marine	RNODE_100_length_1999_cov_6.33080	19770	11403	57.68
marine_long_sample_3	marine	RNODE_107_length_1496_cov_161.33989	14740	14357	97.40
marine_long_sample_3	marine	RNODE_108_length_2015_cov_7.02007	19930	19208	96.38
marine_long_sample_3	marine	RNODE_109_length_1521_cov_3.43229	14990	14798	98.72
marine_long_sample_3	marine	RNODE_10_length_6468_cov_8.06035	64460	63405	98.36
marine_long_sample_3	marine	RNODE_110_length_1672_cov_10.73939	16500	16327	98.95
marine_long_sample_3	marine	RNODE_114_length_10406_cov_5.47746	103840	103441	99.62
marine_long_sample_3	marine	RNODE_122_length_6709_cov_4.03320	66870	23113	34.56
marine_long_sample_3	marine	RNODE_125_length_3363_cov_4.82640	33410	33342	99.80
marine_long_sample_3	marine	RNODE_126_length_3157_cov_3.75885	31350	19822	63.23
marine_long_sample_3	marine	RNODE_127_length_1885_cov_8.56361	18630	16728	89.79
marine_long_sample_3	marine	RNODE_133_length_1956_cov_5.95398	19340	18796	97.19
marine_long_sample_3	marine	RNODE_134_length_2327_cov_32.11800	23050	22713	98.54
marine_long_sample_3	marine	RNODE_137_length_1431_cov_4.57559	14090	13306	94.44
marine_long_sample_3	marine	RNODE_139_length_3589_cov_11.15335	35670	30575	85.72
marine_long_sample_3	marine	RNODE_142_length_2406_cov_5.09941	23840	21559	90.43
marine_long_sample_3	marine	RNODE_146_length_5606_cov_4.42067	55840	55808	99.94
marine_long_sample_3	marine	RNODE_147_length_1816_cov_3.48216	17940	17591	98.05
marine_long_sample_3	marine	RNODE_149_length_1949_cov_4.19357	19270	18922	98.19
marine_long_sample_3	marine	RNODE_14_length_1961_cov_5.54358	19390	19211	99.08
marine_long_sample_3	marine	RNODE_150_length_1379_cov_3.97642	13570	11859	87.39
marine_long_sample_3	marine	RNODE_154_length_1869_cov_12.27991	18470	12389	67.08
marine_long_sample_3	marine	RNODE_156_length_3948_cov_63.43887	39260	38693	98.56
marine_long_sample_3	marine	RNODE_158_length_1640_cov_4.51607	16180	15421	95.31
marine_long_sample_3	marine	RNODE_159_length_3592_cov_2.43025	35700	35290	98.85
marine_long_sample_3	marine	RNODE_166_length_2298_cov_14.88049	22760	7512	33.01
marine_long_sample_3	marine	RNODE_171_length_3474_cov_9.39716	34520	31772	92.04
marine_long_sample_3	marine	RNODE_173_length_1764_cov_3.34845	17420	12263	70.40
marine_long_sample_3	marine	RNODE_17_length_1254_cov_4.43994	12320	11969	97.15
marine_long_sample_3	marine	RNODE_180_length_2647_cov_2.76800	26250	25117	95.68
marine_long_sample_3	marine	RNODE_18_length_1746_cov_2.65719	17240	11288	65.48
marine_long_sample_3	marine	RNODE_193_length_1789_cov_7.19864	17670	16947	95.91
marine_long_sample_3	marine	RNODE_200_length_4574_cov_2.94178	45520	44754	98.32
marine_long_sample_3	marine	RNODE_205_length_1591_cov_9.63735	15690	10975	69.95
marine_long_sample_3	marine	RNODE_207_length_2195_cov_3.75886	21730	19417	89.36
marine_long_sample_3	marine	RNODE_218_length_1465_cov_7.29868	14430	13869	96.11
marine_long_sample_3	marine	RNODE_220_length_2011_cov_9.40825	19890	19229	96.68
marine_long_sample_3	marine	RNODE_224_length_2083_cov_4.45463	20610	20158	97.81
marine_long_sample_3	marine	RNODE_225_length_25884_cov_6.69550	258620	257659	99.63
marine_long_sample_3	marine	RNODE_227_length_4381_cov_5.48337	43590	43288	99.31
marine_long_sample_3	marine	RNODE_228_length_3093_cov_6.42006	30710	30561	99.51
marine_long_sample_3	marine	RNODE_229_length_2135_cov_3.06673	21130	17369	82.20
marine_long_sample_3	marine	RNODE_234_length_1595_cov_9.13223	15730	15709	99.87
marine_long_sample_3	marine	RNODE_243_length_1453_cov_2.63382	14310	12485	87.25
marine_long_sample_3	marine	RNODE_248_length_5318_cov_4.74604	52960	18818	35.53
marine_long_sample_3	marine	RNODE_24_length_2639_cov_14.02331	26170	25003	95.54
marine_long_sample_3	marine	RNODE_251_length_2763_cov_28.99562	27410	9447	34.47
marine_long_sample_3	marine	RNODE_254_length_2341_cov_33.31005	23190	23129	99.74
marine_long_sample_3	marine	RNODE_258_length_1627_cov_2.34517	16050	13418	83.60
marine_long_sample_3	marine	RNODE_259_length_1574_cov_100.84149	15520	15244	98.22
marine_long_sample_3	marine	RNODE_25_length_1750_cov_3.28993	17280	16658	96.40
marine_long_sample_3	marine	RNODE_263_length_2277_cov_8.44168	22550	6980	30.95
marine_long_sample_3	marine	RNODE_265_length_1287_cov_4.20553	12650	5294	41.85
marine_long_sample_3	marine	RNODE_266_length_6653_cov_7.97753	66310	62981	94.98
marine_long_sample_3	marine	RNODE_277_length_1592_cov_15.82548	15700	15559	99.10
marine_long_sample_3	marine	RNODE_279_length_3658_cov_27.56711	36360	36078	99.22
marine_long_sample_3	marine	RNODE_290_length_1262_cov_19.53548	12400	12314	99.31
marine_long_sample_3	marine	RNODE_291_length_2033_cov_2.59025	20110	18597	92.48
marine_long_sample_3	marine	RNODE_294_length_6942_cov_7.24595	69200	59123	85.44
marine_long_sample_3	marine	RNODE_307_length_2104_cov_13.21902	20820	17237	82.79
marine_long_sample_3	marine	RNODE_308_length_1875_cov_5.96654	18530	17565	94.79
marine_long_sample_3	marine	RNODE_309_length_1659_cov_3.16188	16370	15250	93.16
marine_long_sample_3	marine	RNODE_311_length_2760_cov_6.45983	27380	25843	94.39
marine_long_sample_3	marine	RNODE_314_length_6164_cov_50.81211	61420	61307	99.82
marine_long_sample_3	marine	RNODE_315_length_1516_cov_8.44846	14940	11727	78.49
marine_long_sample_3	marine	RNODE_318_length_3470_cov_3.16589	34480	32551	94.41
marine_long_sample_3	marine	RNODE_31_length_1357_cov_12.09363	13350	12463	93.36
marine_long_sample_3	marine	RNODE_320_length_4859_cov_4.38495	48370	47898	99.02
marine_long_sample_3	marine	RNODE_322_length_4175_cov_18.22923	41530	40592	97.74
marine_long_sample_3	marine	RNODE_324_length_1537_cov_10.20528	15150	13385	88.35
marine_long_sample_3	marine	RNODE_32_length_11742_cov_6.79514	117200	116863	99.71
marine_long_sample_3	marine	RNODE_336_length_3563_cov_7.20249	35410	34441	97.26
marine_long_sample_3	marine	RNODE_337_length_8771_cov_5.18162	87490	68050	77.78
marine_long_sample_3	marine	RNODE_338_length_1509_cov_4.27236	14870	13795	92.77
marine_long_sample_3	marine	RNODE_339_length_1478_cov_5.31250	14560	14092	96.79
marine_long_sample_3	marine	RNODE_33_length_1778_cov_2.60592	17560	8511	48.47
marine_long_sample_3	marine	RNODE_341_length_3219_cov_3.63466	31970	25760	80.58
marine_long_sample_3	marine	RNODE_342_length_1543_cov_10.88823	15210	13770	90.53
marine_long_sample_3	marine	RNODE_343_length_2376_cov_8.77188	23540	23499	99.83
marine_long_sample_3	marine	RNODE_346_length_1757_cov_2.65187	17350	15816	91.16
marine_long_sample_3	marine	RNODE_355_length_1663_cov_6.12066	16410	16044	97.77
marine_long_sample_3	marine	RNODE_359_length_13543_cov_22.66711	135210	134857	99.74
marine_long_sample_3	marine	RNODE_360_length_7414_cov_9.06737	73920	73271	99.12
marine_long_sample_3	marine	RNODE_361_length_3164_cov_8.88447	31420	24626	78.38
marine_long_sample_3	marine	RNODE_362_length_3387_cov_8.21902	33650	33297	98.95
marine_long_sample_3	marine	RNODE_364_length_1571_cov_3.81278	15490	14498	93.60
marine_long_sample_3	marine	RNODE_366_length_2053_cov_8.47415	20310	15407	75.86
marine_long_sample_3	marine	RNODE_367_length_2322_cov_4.57652	23000	22396	97.37
marine_long_sample_3	marine	RNODE_368_length_1901_cov_5.06386	18790	18660	99.31
marine_long_sample_3	marine	RNODE_372_length_2448_cov_3.45466	24260	24178	99.66
marine_long_sample_3	marine	RNODE_374_length_1862_cov_9.75489	18400	16590	90.16
marine_long_sample_3	marine	RNODE_381_length_1819_cov_13.04118	17970	12749	70.95
marine_long_sample_3	marine	RNODE_383_length_2253_cov_7.64097	22310	21823	97.82
marine_long_sample_3	marine	RNODE_386_length_2437_cov_8.66377	24150	23142	95.83
marine_long_sample_3	marine	RNODE_38_length_1552_cov_8.47059	15300	14957	97.76
marine_long_sample_3	marine	RNODE_390_length_5825_cov_8.78167	58030	44818	77.23
marine_long_sample_3	marine	RNODE_392_length_2136_cov_7.00284	21140	14531	68.74
marine_long_sample_3	marine	RNODE_393_length_3465_cov_6.98635	34430	33937	98.57
marine_long_sample_3	marine	RNODE_394_length_3642_cov_5.12873	36200	35784	98.85
marine_long_sample_3	marine	RNODE_396_length_4766_cov_5.16589	47440	45945	96.85
marine_long_sample_3	marine	RNODE_400_length_5708_cov_9.81991	56860	19101	33.59
marine_long_sample_3	marine	RNODE_404_length_3462_cov_2.92616	34400	34023	98.90
marine_long_sample_3	marine	RNODE_411_length_4317_cov_4.49267	42950	42748	99.53
marine_long_sample_3	marine	RNODE_415_length_2147_cov_6.45506	21250	17375	81.76
marine_long_sample_3	marine	RNODE_417_length_2670_cov_14.84403	26480	14795	55.87
marine_long_sample_3	marine	RNODE_418_length_1505_cov_4.15172	14830	4626	31.19
marine_long_sample_3	marine	RNODE_420_length_1334_cov_5.52134	13120	4626	35.26
marine_long_sample_3	marine	RNODE_423_length_1943_cov_28.57781	18550	18039	97.25
marine_long_sample_3	marine	RNODE_428_length_4686_cov_43.92415	46420	45579	98.19
marine_long_sample_3	marine	RNODE_429_length_2129_cov_51.99106	19970	16089	80.57
marine_long_sample_3	marine	RNODE_431_length_1803_cov_5.36772	17590	17422	99.04
marine_long_sample_3	marine	RNODE_432_length_14865_cov_28.53268	147110	146755	99.76
marine_long_sample_3	marine	RNODE_434_length_14801_cov_23.79494	147570	145741	98.76
marine_long_sample_3	marine	RNODE_435_length_5602_cov_25.16136	54040	50162	92.82
marine_long_sample_3	marine	RNODE_436_length_6429_cov_48.44919	63850	61085	95.67
marine_long_sample_3	marine	RNODE_439_length_4196_cov_56.49278	41520	39185	94.38
marine_long_sample_3	marine	RNODE_440_length_3551_cov_9.74435	35070	32669	93.15
marine_long_sample_3	marine	RNODE_442_length_4465_cov_7.11694	43770	42278	96.59
marine_long_sample_3	marine	RNODE_443_length_1591_cov_6.87251	15470	14402	93.10
marine_long_sample_3	marine	RNODE_444_length_4937_cov_48.00188	48930	30361	62.05
marine_long_sample_3	marine	RNODE_451_length_4052_cov_6.62773	39200	39002	99.49
marine_long_sample_3	marine	RNODE_456_length_1695_cov_36.79753	16070	9102	56.64
marine_long_sample_3	marine	RNODE_459_length_2383_cov_4.68776	22950	19944	86.90
marine_long_sample_3	marine	RNODE_462_length_1528_cov_6.07822	14840	14525	97.88
marine_long_sample_3	marine	RNODE_464_length_2364_cov_17.83117	22980	22332	97.18
marine_long_sample_3	marine	RNODE_468_length_1541_cov_8.66960	14970	14869	99.33
marine_long_sample_3	marine	RNODE_470_length_2095_cov_7.42232	20510	19619	95.66
marine_long_sample_3	marine	RNODE_476_length_1618_cov_4.36943	15740	7096	45.08
marine_long_sample_3	marine	RNODE_479_length_5023_cov_17.63107	49790	48624	97.66
marine_long_sample_3	marine	RNODE_481_length_3960_cov_68.08874	38720	37485	96.81
marine_long_sample_3	marine	RNODE_485_length_1877_cov_10.53943	18330	16240	88.60
marine_long_sample_3	marine	RNODE_487_length_5196_cov_22.71473	51520	51240	99.46
marine_long_sample_3	marine	RNODE_48_length_3658_cov_14.59323	36360	13401	36.86
marine_long_sample_3	marine	RNODE_491_length_3124_cov_17.57383	30800	29908	97.10
marine_long_sample_3	marine	RNODE_493_length_3152_cov_5.77526	30640	29231	95.40
marine_long_sample_3	marine	RNODE_496_length_8599_cov_9.53327	85550	82644	96.60
marine_long_sample_3	marine	RNODE_497_length_1925_cov_6.51336	18810	18292	97.25
marine_long_sample_3	marine	RNODE_498_length_2044_cov_7.98216	19560	18029	92.17
marine_long_sample_3	marine	RNODE_50_length_1796_cov_6.24352	17740	17409	98.13
marine_long_sample_3	marine	RNODE_512_length_1592_cov_43.29688	15480	9053	58.48
marine_long_sample_3	marine	RNODE_513_length_2330_cov_8.01964	22860	22171	96.99
marine_long_sample_3	marine	RNODE_515_length_1754_cov_11.73892	17100	16866	98.63
marine_long_sample_3	marine	RNODE_518_length_1369_cov_4.72490	13250	11100	83.77
marine_long_sample_3	marine	RNODE_521_length_36130_cov_13.94678	360860	359316	99.57
marine_long_sample_3	marine	RNODE_522_length_1263_cov_12.38809	12190	8367	68.64
marine_long_sample_3	marine	RNODE_524_length_1679_cov_2.99128	16350	8857	54.17
marine_long_sample_3	marine	RNODE_527_length_1767_cov_4.22840	17230	6846	39.73
marine_long_sample_3	marine	RNODE_528_length_4221_cov_4.74329	41770	41386	99.08
marine_long_sample_3	marine	RNODE_530_length_2571_cov_32.65278	25050	24697	98.59
marine_long_sample_3	marine	RNODE_531_length_9868_cov_8.44904	98240	97924	99.68
marine_long_sample_3	marine	RNODE_532_length_1573_cov_5.21419	15070	14821	98.35
marine_long_sample_3	marine	RNODE_534_length_10183_cov_8.47628	101390	100188	98.81
marine_long_sample_3	marine	RNODE_537_length_3389_cov_22.49108	33010	30896	93.60
marine_long_sample_3	marine	RNODE_539_length_1827_cov_6.73752	17830	17411	97.65
marine_long_sample_3	marine	RNODE_540_length_1564_cov_3.03735	15200	10113	66.53
marine_long_sample_3	marine	RNODE_544_length_1578_cov_361.93923	15120	14576	96.40
marine_long_sample_3	marine	RNODE_54_length_5865_cov_60.48297	58430	57351	98.15
marine_long_sample_3	marine	RNODE_551_length_4193_cov_74.72016	41490	32230	77.68
marine_long_sample_3	marine	RNODE_557_length_1525_cov_6.72562	14590	13967	95.73
marine_long_sample_3	marine	RNODE_559_length_3361_cov_13.97064	33170	32901	99.19
marine_long_sample_3	marine	RNODE_55_length_2901_cov_27.42654	28790	10600	36.82
marine_long_sample_3	marine	RNODE_560_length_3911_cov_3.86563	38670	36161	93.51
marine_long_sample_3	marine	RNODE_562_length_2033_cov_5.34232	19890	19689	98.99
marine_long_sample_3	marine	RNODE_563_length_5038_cov_7.26694	49940	48158	96.43
marine_long_sample_3	marine	RNODE_564_length_8758_cov_6.46781	87140	71808	82.41
marine_long_sample_3	marine	RNODE_565_length_1563_cov_11.71995	15190	14913	98.18
marine_long_sample_3	marine	RNODE_56_length_2028_cov_4.74177	20060	19498	97.20
marine_long_sample_3	marine	RNODE_576_length_3043_cov_26.79081	29990	28512	95.07
marine_long_sample_3	marine	RNODE_583_length_3095_cov_44.70980	30510	13684	44.85
marine_long_sample_3	marine	RNODE_584_length_2761_cov_46.10439	27170	26669	98.16
marine_long_sample_3	marine	RNODE_585_length_3212_cov_16.01628	31680	27890	88.04
marine_long_sample_3	marine	RNODE_587_length_4088_cov_9.08425	40000	37038	92.59
marine_long_sample_3	marine	RNODE_5_length_4125_cov_14.53571	41030	38154	92.99
marine_long_sample_3	marine	RNODE_60_length_1811_cov_3.41811	17890	17831	99.67
marine_long_sample_3	marine	RNODE_62_length_3589_cov_56.75862	35670	31709	88.90
marine_long_sample_3	marine	RNODE_65_length_5443_cov_3.51540	54210	52949	97.67
marine_long_sample_3	marine	RNODE_67_length_1419_cov_2.86686	13970	11943	85.49
marine_long_sample_3	marine	RNODE_68_length_2493_cov_6.03116	24710	15818	64.01
marine_long_sample_3	marine	RNODE_73_length_2194_cov_7.49125	21720	19019	87.56
marine_long_sample_3	marine	RNODE_74_length_1811_cov_7.67971	17890	17839	99.71
marine_long_sample_3	marine	RNODE_78_length_5103_cov_8.24306	50810	40990	80.67
marine_long_sample_3	marine	RNODE_89_length_4251_cov_3.70418	42290	13954	33.00
marine_long_sample_3	marine	RNODE_90_length_1469_cov_9.25017	14470	14022	96.90
marine_long_sample_3	marine	RNODE_91_length_2298_cov_6.78822	22760	6915	30.38
marine_long_sample_3	marine	RNODE_93_length_1501_cov_3.34415	14790	14286	96.59
marine_long_sample_3	marine	RNODE_94_length_3002_cov_6.48725	29800	16124	54.11
marine_long_sample_3	marine	RNODE_98_length_2627_cov_21.08829	26050	24977	95.88
plant_associated_long_nano_sample_10	plant_associated	3934_E	4186652	2118833	50.61
plant_associated_long_nano_sample_10	plant_associated	3934_Q	4193056	2132325	50.85
plant_associated_long_nano_sample_10	plant_associated	Alternaria_tenuis_MPI-SDFR-AT-0071	34443718	17066665	49.55
plant_associated_long_nano_sample_10	plant_associated	Aspergillus_fumigatus_MPI-SW4-AT-0569	47521149	677821	1.43
plant_associated_long_nano_sample_10	plant_associated	Cladosporium_rectoides_MPI-GEGE-AT-0032	33942924	3055690	9.00
plant_associated_long_nano_sample_10	plant_associated	Cryptosporiopsis_ericae_MPI-SW4-AT-0549	64936402	2588736	3.99
plant_associated_long_nano_sample_10	plant_associated	Cylindrocarpon_pauciseptatum_MPI-SP2-AT-0468	60797881	1666080	2.74
plant_associated_long_nano_sample_10	plant_associated	Embellisia_chlamydospora_MPI-FR1-AT-0336	37793906	2470876	6.54
plant_associated_long_nano_sample_10	plant_associated	Embellisia_chlamydospora_MPI-SP2-AT-0402	35209770	113897	0.32
plant_associated_long_nano_sample_10	plant_associated	Fusarium_equiseti_MPI-CAGE-CH-0233	40656868	97922	0.24
plant_associated_long_nano_sample_10	plant_associated	Fusarium_falciforme_MPI-FR1-AT-0333	61555659	363731	0.59
plant_associated_long_nano_sample_10	plant_associated	Fusarium_falciforme_MPI-IT2-AT-0322	62862651	666544	1.06
plant_associated_long_nano_sample_10	plant_associated	Fusarium_oxysporum_MPI-CAGE-AT-0013	56548958	9769494	17.28
plant_associated_long_nano_sample_10	plant_associated	Fusarium_oxysporum_MPI-CAGE-CH-0226	57238069	3649586	6.38
plant_associated_long_nano_sample_10	plant_associated	Fusarium_oxysporum_MPI-FR1-AT-0335	55153359	3537133	6.41
plant_associated_long_nano_sample_10	plant_associated	Fusarium_oxysporum_MPI-IT2-AT-0302	53201618	5137304	9.66
plant_associated_long_nano_sample_10	plant_associated	Fusarium_oxysporum_MPI-PUGE-AT-0057	59071048	1442865	2.44
plant_associated_long_nano_sample_10	plant_associated	Fusarium_oxysporum_MPI-SP2-AT-0407	52105426	7517987	14.43
plant_associated_long_nano_sample_10	plant_associated	Fusarium_redolens_MPI-CAGE-CH-0216	55076993	42860	0.08
plant_associated_long_nano_sample_10	plant_associated	Fusarium_torulosum_MPI-SDFR-AT-0089	42850815	1780752	4.16
plant_associated_long_nano_sample_10	plant_associated	GCF_000001735.4_TAIR10.1_genomic	119668634	25154342	21.02
plant_associated_long_nano_sample_10	plant_associated	Gibellulopsis_nigrescens_MPI-SP2-AT-0410	35340245	22752363	64.38
plant_associated_long_nano_sample_10	plant_associated	Hypocrea_atroviridis_MPI-SP2-AT-0434	39107378	3561704	9.11
plant_associated_long_nano_sample_10	plant_associated	Ilyonectria_macrodidyma_MPI-GEGE-AT-0033	74816530	1678158	2.24
plant_associated_long_nano_sample_10	plant_associated	Leptodontidium_orchidicola_MPI-SW4-AT-0643	79839788	2959533	3.71
plant_associated_long_nano_sample_10	plant_associated	LjRoot103	6766373	2392886	35.36
plant_associated_long_nano_sample_10	plant_associated	LjRoot109	5187907	5186200	99.97
plant_associated_long_nano_sample_10	plant_associated	LjRoot120	5029324	2232349	44.39
plant_associated_long_nano_sample_10	plant_associated	LjRoot130	7515573	5920673	78.78
plant_associated_long_nano_sample_10	plant_associated	LjRoot139	6691917	5548225	82.91
plant_associated_long_nano_sample_10	plant_associated	LjRoot170	6723338	6713822	99.86
plant_associated_long_nano_sample_10	plant_associated	LjRoot176	7133150	2425458	34.00
plant_associated_long_nano_sample_10	plant_associated	LjRoot187	5283764	4715401	89.24
plant_associated_long_nano_sample_10	plant_associated	LjRoot28	5076287	2229843	43.93
plant_associated_long_nano_sample_10	plant_associated	LjRoot62	6726897	6512526	96.81
plant_associated_long_nano_sample_10	plant_associated	LjRoot84	8172318	8138550	99.59
plant_associated_long_nano_sample_10	plant_associated	Macrophomina_phaseolina_MPI-FR1-AT-0330	58552437	99322	0.17
plant_associated_long_nano_sample_10	plant_associated	Macrophomina_phaseolina_MPI-SDFR-AT-0085	50849765	22995546	45.22
plant_associated_long_nano_sample_10	plant_associated	Metacordyceps_chlamydosporia_MPI-IT2-AT-0323	43916484	3660991	8.34
plant_associated_long_nano_sample_10	plant_associated	Myrothecium_cinctum_MPI-SP2-AT-0408	44683684	720584	1.61
plant_associated_long_nano_sample_10	plant_associated	Neonectria_radicicola_MPI-CAGE-CH-0236	75485037	19667774	26.06
plant_associated_long_nano_sample_10	plant_associated	Ochroconis_tshawytschae_MPI-SP2-AT-0416	36199058	346954	0.96
plant_associated_long_nano_sample_10	plant_associated	Otu1.0	8272925	8272922	100.00
plant_associated_long_nano_sample_10	plant_associated	Otu1003.0	4266344	126870	2.97
plant_associated_long_nano_sample_10	plant_associated	Otu1010	9874926	857559	8.68
plant_associated_long_nano_sample_10	plant_associated	Otu1027	5542512	163007	2.94
plant_associated_long_nano_sample_10	plant_associated	Otu1060.0	5487842	161410	2.94
plant_associated_long_nano_sample_10	plant_associated	Otu107.0	6080660	2643694	43.48
plant_associated_long_nano_sample_10	plant_associated	Otu1074.0	4046337	119836	2.96
plant_associated_long_nano_sample_10	plant_associated	Otu1086.0	8082175	695093	8.60
plant_associated_long_nano_sample_10	plant_associated	Otu1088	4638588	398866	8.60
plant_associated_long_nano_sample_10	plant_associated	Otu1092	4858502	283069	5.83
plant_associated_long_nano_sample_10	plant_associated	Otu118.0	4847736	1465224	30.22
plant_associated_long_nano_sample_10	plant_associated	Otu12.0	5998578	5995153	99.94
plant_associated_long_nano_sample_10	plant_associated	Otu126.0	5613379	5027759	89.57
plant_associated_long_nano_sample_10	plant_associated	Otu128.0	4243840	813191	19.16
plant_associated_long_nano_sample_10	plant_associated	Otu129.0	5886478	1119633	19.02
plant_associated_long_nano_sample_10	plant_associated	Otu130.0	8053582	1719609	21.35
plant_associated_long_nano_sample_10	plant_associated	Otu14.0	6165189	6164442	99.99
plant_associated_long_nano_sample_10	plant_associated	Otu153.0	4265309	248877	5.83
plant_associated_long_nano_sample_10	plant_associated	Otu162.0	4435904	1163283	26.22
plant_associated_long_nano_sample_10	plant_associated	Otu17.0	5623870	5623703	100.00
plant_associated_long_nano_sample_10	plant_associated	Otu179.0	5923416	834108	14.08
plant_associated_long_nano_sample_10	plant_associated	Otu18.0	6642739	2982450	44.90
plant_associated_long_nano_sample_10	plant_associated	Otu18.1	5865110	5856453	99.85
plant_associated_long_nano_sample_10	plant_associated	Otu182.0	7250714	4856765	66.98
plant_associated_long_nano_sample_10	plant_associated	Otu187.0	6517831	2494775	38.28
plant_associated_long_nano_sample_10	plant_associated	Otu19.0	7156009	3362585	46.99
plant_associated_long_nano_sample_10	plant_associated	Otu2.0	6691076	6687670	99.95
plant_associated_long_nano_sample_10	plant_associated	Otu207.0	5421267	1750463	32.29
plant_associated_long_nano_sample_10	plant_associated	Otu209.0	6256692	5704923	91.18
plant_associated_long_nano_sample_10	plant_associated	Otu21.0	7486156	7483984	99.97
plant_associated_long_nano_sample_10	plant_associated	Otu211.0	4697841	893209	19.01
plant_associated_long_nano_sample_10	plant_associated	Otu212.0	6070971	136591	2.25
plant_associated_long_nano_sample_10	plant_associated	Otu212.1	6893426	826087	11.98
plant_associated_long_nano_sample_10	plant_associated	Otu213.0	2246262	84222	3.75
plant_associated_long_nano_sample_10	plant_associated	Otu213.1	3571992	649561	18.18
plant_associated_long_nano_sample_10	plant_associated	Otu22.0	3375334	3373710	99.95
plant_associated_long_nano_sample_10	plant_associated	Otu222.0	3637432	211715	5.82
plant_associated_long_nano_sample_10	plant_associated	Otu24.0	6848260	6832296	99.77
plant_associated_long_nano_sample_10	plant_associated	Otu242.0	4758798	900965	18.93
plant_associated_long_nano_sample_10	plant_associated	Otu250.0	4971336	824464	16.58
plant_associated_long_nano_sample_10	plant_associated	Otu251.0	6366386	1507153	23.67
plant_associated_long_nano_sample_10	plant_associated	Otu258.0	4805697	280254	5.83
plant_associated_long_nano_sample_10	plant_associated	Otu265.0	4168266	585168	14.04
plant_associated_long_nano_sample_10	plant_associated	Otu266.0	2925482	676947	23.14
plant_associated_long_nano_sample_10	plant_associated	Otu268.0	6460024	1499535	23.21
plant_associated_long_nano_sample_10	plant_associated	Otu28.0	9926029	7950706	80.10
plant_associated_long_nano_sample_10	plant_associated	Otu29.0	4618281	4609615	99.81
plant_associated_long_nano_sample_10	plant_associated	Otu295.0	5871558	1261443	21.48
plant_associated_long_nano_sample_10	plant_associated	Otu3.0	7808587	7807735	99.99
plant_associated_long_nano_sample_10	plant_associated	Otu31.0	5790538	4695253	81.08
plant_associated_long_nano_sample_10	plant_associated	Otu325.0	7921463	682511	8.62
plant_associated_long_nano_sample_10	plant_associated	Otu34.0	7021156	6480406	92.30
plant_associated_long_nano_sample_10	plant_associated	Otu36.0	5983874	5374443	89.82
plant_associated_long_nano_sample_10	plant_associated	Otu370.0	6827727	202319	2.96
plant_associated_long_nano_sample_10	plant_associated	Otu392.0	5910965	5836876	98.75
plant_associated_long_nano_sample_10	plant_associated	Otu4.0	7707227	7607290	98.70
plant_associated_long_nano_sample_10	plant_associated	Otu411.0	4715201	665895	14.12
plant_associated_long_nano_sample_10	plant_associated	Otu416.0	10193148	301291	2.96
plant_associated_long_nano_sample_10	plant_associated	Otu45.0	3402093	3343592	98.28
plant_associated_long_nano_sample_10	plant_associated	Otu45.1	5873253	1719042	29.27
plant_associated_long_nano_sample_10	plant_associated	Otu451.0	2927201	252674	8.63
plant_associated_long_nano_sample_10	plant_associated	Otu457.0	6652092	1420894	21.36
plant_associated_long_nano_sample_10	plant_associated	Otu480.0	9127347	270109	2.96
plant_associated_long_nano_sample_10	plant_associated	Otu486.0	4985871	131463	2.64
plant_associated_long_nano_sample_10	plant_associated	Otu486.1	7579488	24585	0.32
plant_associated_long_nano_sample_10	plant_associated	Otu50.0	7244857	4478371	61.81
plant_associated_long_nano_sample_10	plant_associated	Otu511.0	5733316	1612042	28.12
plant_associated_long_nano_sample_10	plant_associated	Otu521.0	4520579	263372	5.83
plant_associated_long_nano_sample_10	plant_associated	Otu555.0	3337035	285254	8.55
plant_associated_long_nano_sample_10	plant_associated	Otu576	11672195	679871	5.82
plant_associated_long_nano_sample_10	plant_associated	Otu577.0	4657400	137186	2.95
plant_associated_long_nano_sample_10	plant_associated	Otu58.0	5765749	5520438	95.75
plant_associated_long_nano_sample_10	plant_associated	Otu581.0	4357980	723828	16.61
plant_associated_long_nano_sample_10	plant_associated	Otu584.0	4054551	119956	2.96
plant_associated_long_nano_sample_10	plant_associated	Otu610.0	8033195	237982	2.96
plant_associated_long_nano_sample_10	plant_associated	Otu619.0	6098467	1981696	32.49
plant_associated_long_nano_sample_10	plant_associated	Otu62.0	6160831	5825593	94.56
plant_associated_long_nano_sample_10	plant_associated	Otu620	6349738	187594	2.95
plant_associated_long_nano_sample_10	plant_associated	Otu622	2378438	139534	5.87
plant_associated_long_nano_sample_10	plant_associated	Otu628	3846862	114492	2.98
plant_associated_long_nano_sample_10	plant_associated	Otu63.0	5158255	4996146	96.86
plant_associated_long_nano_sample_10	plant_associated	Otu64.0	3717215	2281412	61.37
plant_associated_long_nano_sample_10	plant_associated	Otu663	6491898	193005	2.97
plant_associated_long_nano_sample_10	plant_associated	Otu664	3535420	495085	14.00
plant_associated_long_nano_sample_10	plant_associated	Otu665.0	4236390	907541	21.42
plant_associated_long_nano_sample_10	plant_associated	Otu7.0	7063276	7057214	99.91
plant_associated_long_nano_sample_10	plant_associated	Otu712.0	2766400	82140	2.97
plant_associated_long_nano_sample_10	plant_associated	Otu72.0	11169004	4276435	38.29
plant_associated_long_nano_sample_10	plant_associated	Otu721.0	4199332	95889	2.28
plant_associated_long_nano_sample_10	plant_associated	Otu721.1	4196714	29966	0.71
plant_associated_long_nano_sample_10	plant_associated	Otu738	4653659	137863	2.96
plant_associated_long_nano_sample_10	plant_associated	Otu74.0	6856875	4800810	70.01
plant_associated_long_nano_sample_10	plant_associated	Otu75.0	6819904	1210078	17.74
plant_associated_long_nano_sample_10	plant_associated	Otu755.0	7688589	3714986	48.32
plant_associated_long_nano_sample_10	plant_associated	Otu759	2751233	160535	5.84
plant_associated_long_nano_sample_10	plant_associated	Otu761.0	4576573	267068	5.84
plant_associated_long_nano_sample_10	plant_associated	Otu780.0	6710579	935506	13.94
plant_associated_long_nano_sample_10	plant_associated	Otu794.0	6508538	3872007	59.49
plant_associated_long_nano_sample_10	plant_associated	Otu795.0	5220914	303751	5.82
plant_associated_long_nano_sample_10	plant_associated	Otu80.0	5624298	5404109	96.09
plant_associated_long_nano_sample_10	plant_associated	Otu80.1	5671355	2296833	40.50
plant_associated_long_nano_sample_10	plant_associated	Otu802	4142767	355838	8.59
plant_associated_long_nano_sample_10	plant_associated	Otu803	5899595	174714	2.96
plant_associated_long_nano_sample_10	plant_associated	Otu812	5485588	319793	5.83
plant_associated_long_nano_sample_10	plant_associated	Otu813	2542943	76112	2.99
plant_associated_long_nano_sample_10	plant_associated	Otu83.0	5660134	165495	2.92
plant_associated_long_nano_sample_10	plant_associated	Otu831	3059517	262908	8.59
plant_associated_long_nano_sample_10	plant_associated	Otu835.0	6874844	204634	2.98
plant_associated_long_nano_sample_10	plant_associated	Otu839.0	4389528	486	0.01
plant_associated_long_nano_sample_10	plant_associated	Otu839.1	6635080	193716	2.92
plant_associated_long_nano_sample_10	plant_associated	Otu843	1218480	130019	10.67
plant_associated_long_nano_sample_10	plant_associated	Otu850.0	8214425	708230	8.62
plant_associated_long_nano_sample_10	plant_associated	Otu86.0	4655221	2994432	64.32
plant_associated_long_nano_sample_10	plant_associated	Otu868.0	5336938	4651110	87.15
plant_associated_long_nano_sample_10	plant_associated	Otu883.0	8461333	7892621	93.28
plant_associated_long_nano_sample_10	plant_associated	Otu89.0	3986143	223630	5.61
plant_associated_long_nano_sample_10	plant_associated	Otu89.1	4223414	8317	0.20
plant_associated_long_nano_sample_10	plant_associated	Otu891	6331084	186204	2.94
plant_associated_long_nano_sample_10	plant_associated	Otu9.0	5995217	5992875	99.96
plant_associated_long_nano_sample_10	plant_associated	Otu911	3337859	384873	11.53
plant_associated_long_nano_sample_10	plant_associated	Otu93.0	8780833	6648976	75.72
plant_associated_long_nano_sample_10	plant_associated	Otu935	6760392	923750	13.66
plant_associated_long_nano_sample_10	plant_associated	Otu951.0	5781275	1734555	30.00
plant_associated_long_nano_sample_10	plant_associated	Otu96.0	4032270	1621669	40.22
plant_associated_long_nano_sample_10	plant_associated	Otu987.0	5810342	80547	1.39
plant_associated_long_nano_sample_10	plant_associated	Otu987.1	6570334	103824	1.58
plant_associated_long_nano_sample_10	plant_associated	Otu99.0	5696022	4229899	74.26
plant_associated_long_nano_sample_10	plant_associated	Paraphoma_chrysanthemicola_MPI-SDFR-AT-0093	42351520	222306	0.52
plant_associated_long_nano_sample_10	plant_associated	Paraphoma_chrysanthemicola_MPI-SDFR-AT-0118	43646342	3655121	8.37
plant_associated_long_nano_sample_10	plant_associated	Penicillium_canescens_MPI-SW4-AT-0573	32967678	112166	0.34
plant_associated_long_nano_sample_10	plant_associated	Penicillium_crustosum_MPI-IT2-AT-0321	39305582	1107417	2.82
plant_associated_long_nano_sample_10	plant_associated	Penicillium_restrictum_MPI-SP2-AT-0405	28557816	16167294	56.61
plant_associated_long_nano_sample_10	plant_associated	Peyronellaea_curtisii_MPI-SP2-AT-0415	36822598	5661147	15.37
plant_associated_long_nano_sample_10	plant_associated	Phaeosphaeria_eustoma_MPI-FR1-AT-0339	51461602	6613192	12.85
plant_associated_long_nano_sample_10	plant_associated	Phaeosphaeria_eustoma_MPI-SP2-AT-0401	50715933	212013	0.42
plant_associated_long_nano_sample_10	plant_associated	Phialocephala_fortinii_MPI-SW4-AT-0551	76760107	52746	0.07
plant_associated_long_nano_sample_10	plant_associated	Phialocephala_fortinii_MPI-SW4-AT-0651	79037002	7999743	10.12
plant_associated_long_nano_sample_10	plant_associated	Phoma_exigua_MPI-PUGE-AT-0052	35350367	757742	2.14
plant_associated_long_nano_sample_10	plant_associated	Phoma_radicina_MPI-SP2-AT-0466	38215437	115455	0.30
plant_associated_long_nano_sample_10	plant_associated	Phoma_selaginellicola_MPI-SW4-AT-0584	44198635	1187436	2.69
plant_associated_long_nano_sample_10	plant_associated	Phomopsis_columnaris_MPI-SP2-AT-0504	88466628	820960	0.93
plant_associated_long_nano_sample_10	plant_associated	Phomopsis_columnaris_MPI-SW4-AT-0540	73756538	6007319	8.14
plant_associated_long_nano_sample_10	plant_associated	Plectosphaerella_cucumerina_MPI-FR1-AT-0340	39476090	809692	2.05
plant_associated_long_nano_sample_10	plant_associated	Plectosphaerella_cucumerina_MPI-SP2-AT-0421	39382239	882785	2.24
plant_associated_long_nano_sample_10	plant_associated	Plectosphaerella_cucumerina_MPI-SP2-AT-0455	37412521	59248	0.16
plant_associated_long_nano_sample_10	plant_associated	Pyrenochaeta_lycopersici_MPI-FR1-AT-0381	54218686	2205626	4.07
plant_associated_long_nano_sample_10	plant_associated	RNODE_103_length_2852_cov_4.11378	28300	5068	17.91
plant_associated_long_nano_sample_10	plant_associated	RNODE_104_length_5057_cov_12.80755	50350	24663	48.98
plant_associated_long_nano_sample_10	plant_associated	RNODE_112_length_5666_cov_6.47909	56440	24072	42.65
plant_associated_long_nano_sample_10	plant_associated	RNODE_117_length_1506_cov_6.97170	14840	2818	18.99
plant_associated_long_nano_sample_10	plant_associated	RNODE_118_length_1774_cov_2.07534	17520	4748	27.10
plant_associated_long_nano_sample_10	plant_associated	RNODE_121_length_10870_cov_30.65219	108480	5270	4.86
plant_associated_long_nano_sample_10	plant_associated	RNODE_123_length_2054_cov_30.18504	20320	8572	42.19
plant_associated_long_nano_sample_10	plant_associated	RNODE_124_length_1415_cov_2.71141	13930	2663	19.12
plant_associated_long_nano_sample_10	plant_associated	RNODE_130_length_2230_cov_8.22328	22080	21609	97.87
plant_associated_long_nano_sample_10	plant_associated	RNODE_136_length_1758_cov_14.12385	17360	2531	14.58
plant_associated_long_nano_sample_10	plant_associated	RNODE_138_length_6510_cov_13.48012	64880	64803	99.88
plant_associated_long_nano_sample_10	plant_associated	RNODE_144_length_2325_cov_4.38472	23030	22680	98.48
plant_associated_long_nano_sample_10	plant_associated	RNODE_145_length_1547_cov_6.91082	15250	12590	82.56
plant_associated_long_nano_sample_10	plant_associated	RNODE_157_length_9240_cov_11.70069	92180	76841	83.36
plant_associated_long_nano_sample_10	plant_associated	RNODE_161_length_2494_cov_2.64806	24720	2721	11.01
plant_associated_long_nano_sample_10	plant_associated	RNODE_164_length_3484_cov_4.58781	34620	12885	37.22
plant_associated_long_nano_sample_10	plant_associated	RNODE_165_length_1669_cov_2.37887	16470	2835	17.21
plant_associated_long_nano_sample_10	plant_associated	RNODE_167_length_15660_cov_7.41802	156380	38939	24.90
plant_associated_long_nano_sample_10	plant_associated	RNODE_169_length_2014_cov_4.86797	19920	2697	13.54
plant_associated_long_nano_sample_10	plant_associated	RNODE_174_length_2429_cov_2.88035	24070	10344	42.97
plant_associated_long_nano_sample_10	plant_associated	RNODE_175_length_2761_cov_19.02118	27390	7512	27.43
plant_associated_long_nano_sample_10	plant_associated	RNODE_178_length_3618_cov_3.32119	35960	9408	26.16
plant_associated_long_nano_sample_10	plant_associated	RNODE_185_length_1556_cov_2.93481	15340	2757	17.97
plant_associated_long_nano_sample_10	plant_associated	RNODE_188_length_3578_cov_152.10292	35560	18531	52.11
plant_associated_long_nano_sample_10	plant_associated	RNODE_191_length_4523_cov_9.06065	45010	9622	21.38
plant_associated_long_nano_sample_10	plant_associated	RNODE_194_length_1274_cov_1.74441	12520	2701	21.57
plant_associated_long_nano_sample_10	plant_associated	RNODE_196_length_1935_cov_38.48772	19130	17659	92.31
plant_associated_long_nano_sample_10	plant_associated	RNODE_198_length_2135_cov_8.85376	21130	4905	23.21
plant_associated_long_nano_sample_10	plant_associated	RNODE_206_length_1596_cov_53.17090	15740	4734	30.08
plant_associated_long_nano_sample_10	plant_associated	RNODE_208_length_1614_cov_5.26633	15920	15190	95.41
plant_associated_long_nano_sample_10	plant_associated	RNODE_216_length_15421_cov_6.49724	153990	15418	10.01
plant_associated_long_nano_sample_10	plant_associated	RNODE_217_length_2598_cov_4.83502	25760	25459	98.83
plant_associated_long_nano_sample_10	plant_associated	RNODE_226_length_3315_cov_75.69511	32930	31320	95.11
plant_associated_long_nano_sample_10	plant_associated	RNODE_233_length_1740_cov_3.83120	17180	8633	50.25
plant_associated_long_nano_sample_10	plant_associated	RNODE_236_length_2297_cov_5.75912	22750	2567	11.28
plant_associated_long_nano_sample_10	plant_associated	RNODE_237_length_4009_cov_52.34788	39870	5323	13.35
plant_associated_long_nano_sample_10	plant_associated	RNODE_247_length_8256_cov_14.85123	82340	81106	98.50
plant_associated_long_nano_sample_10	plant_associated	RNODE_250_length_5534_cov_8.34289	55120	2668	4.84
plant_associated_long_nano_sample_10	plant_associated	RNODE_257_length_1602_cov_16.93671	15800	4987	31.56
plant_associated_long_nano_sample_10	plant_associated	RNODE_264_length_2217_cov_3.64237	21950	17935	81.71
plant_associated_long_nano_sample_10	plant_associated	RNODE_26_length_2149_cov_3.97038	21270	2693	12.66
plant_associated_long_nano_sample_10	plant_associated	RNODE_275_length_3412_cov_8.48584	33900	2707	7.99
plant_associated_long_nano_sample_10	plant_associated	RNODE_284_length_8760_cov_7.25395	87380	14819	16.96
plant_associated_long_nano_sample_10	plant_associated	RNODE_286_length_1588_cov_4.62324	15660	13821	88.26
plant_associated_long_nano_sample_10	plant_associated	RNODE_28_length_2156_cov_6.27835	21340	21105	98.90
plant_associated_long_nano_sample_10	plant_associated	RNODE_292_length_1675_cov_7.61464	16530	9831	59.47
plant_associated_long_nano_sample_10	plant_associated	RNODE_295_length_10931_cov_11.99890	109090	23656	21.68
plant_associated_long_nano_sample_10	plant_associated	RNODE_296_length_1799_cov_6.54699	17770	7101	39.96
plant_associated_long_nano_sample_10	plant_associated	RNODE_297_length_1810_cov_21.16499	17880	4828	27.00
plant_associated_long_nano_sample_10	plant_associated	RNODE_300_length_4019_cov_4.97498	39970	21329	53.36
plant_associated_long_nano_sample_10	plant_associated	RNODE_301_length_8746_cov_4.36474	87240	17249	19.77
plant_associated_long_nano_sample_10	plant_associated	RNODE_317_length_2062_cov_4.66471	20400	19804	97.08
plant_associated_long_nano_sample_10	plant_associated	RNODE_321_length_5296_cov_10.18297	52740	9721	18.43
plant_associated_long_nano_sample_10	plant_associated	RNODE_325_length_1939_cov_27.67762	19170	19093	99.60
plant_associated_long_nano_sample_10	plant_associated	RNODE_329_length_4403_cov_3.14905	43810	13499	30.81
plant_associated_long_nano_sample_10	plant_associated	RNODE_333_length_29512_cov_5.09183	294900	13292	4.51
plant_associated_long_nano_sample_10	plant_associated	RNODE_347_length_5424_cov_5.89171	54020	53602	99.23
plant_associated_long_nano_sample_10	plant_associated	RNODE_34_length_5214_cov_5.85112	51920	12699	24.46
plant_associated_long_nano_sample_10	plant_associated	RNODE_352_length_10296_cov_22.51324	102740	64787	63.06
plant_associated_long_nano_sample_10	plant_associated	RNODE_353_length_1966_cov_4.24691	19440	6771	34.83
plant_associated_long_nano_sample_10	plant_associated	RNODE_369_length_4633_cov_7.61375	46110	41074	89.08
plant_associated_long_nano_sample_10	plant_associated	RNODE_373_length_1497_cov_5.24000	14750	11039	74.84
plant_associated_long_nano_sample_10	plant_associated	RNODE_375_length_2518_cov_4.10497	24960	24863	99.61
plant_associated_long_nano_sample_10	plant_associated	RNODE_377_length_2313_cov_34.45308	22910	2747	11.99
plant_associated_long_nano_sample_10	plant_associated	RNODE_379_length_1435_cov_1.62350	14130	2724	19.28
plant_associated_long_nano_sample_10	plant_associated	RNODE_406_length_2395_cov_90.64012	23730	4928	20.77
plant_associated_long_nano_sample_10	plant_associated	RNODE_410_length_2558_cov_5.74172	25360	7390	29.14
plant_associated_long_nano_sample_10	plant_associated	RNODE_412_length_3243_cov_51.13691	32210	31118	96.61
plant_associated_long_nano_sample_10	plant_associated	RNODE_413_length_3069_cov_3.80768	30470	11661	38.27
plant_associated_long_nano_sample_10	plant_associated	RNODE_416_length_1581_cov_3.82938	15590	15562	99.82
plant_associated_long_nano_sample_10	plant_associated	RNODE_427_length_9830_cov_4.30470	97860	5185	5.30
plant_associated_long_nano_sample_10	plant_associated	RNODE_430_length_8758_cov_13.30595	86260	10290	11.93
plant_associated_long_nano_sample_10	plant_associated	RNODE_433_length_2054_cov_26.46352	20100	2693	13.40
plant_associated_long_nano_sample_10	plant_associated	RNODE_43_length_1562_cov_5.51818	15400	2640	17.14
plant_associated_long_nano_sample_10	plant_associated	RNODE_446_length_1542_cov_16.88168	14760	2519	17.07
plant_associated_long_nano_sample_10	plant_associated	RNODE_45_length_2213_cov_3.74441	21910	15557	71.00
plant_associated_long_nano_sample_10	plant_associated	RNODE_471_length_2314_cov_27.32580	22480	16834	74.88
plant_associated_long_nano_sample_10	plant_associated	RNODE_473_length_2154_cov_104.90849	20660	4724	22.87
plant_associated_long_nano_sample_10	plant_associated	RNODE_477_length_5419_cov_20.61131	53530	45757	85.48
plant_associated_long_nano_sample_10	plant_associated	RNODE_480_length_1461_cov_9.87912	14170	2637	18.61
plant_associated_long_nano_sample_10	plant_associated	RNODE_482_length_12608_cov_5.40546	125640	2727	2.17
plant_associated_long_nano_sample_10	plant_associated	RNODE_483_length_2623_cov_9.08778	25570	22646	88.56
plant_associated_long_nano_sample_10	plant_associated	RNODE_486_length_2116_cov_5.68150	20280	16185	79.81
plant_associated_long_nano_sample_10	plant_associated	RNODE_488_length_20029_cov_34.82594	199850	198729	99.44
plant_associated_long_nano_sample_10	plant_associated	RNODE_495_length_2750_cov_9.86766	27060	5035	18.61
plant_associated_long_nano_sample_10	plant_associated	RNODE_499_length_5376_cov_7.50141	53320	5016	9.41
plant_associated_long_nano_sample_10	plant_associated	RNODE_500_length_1680_cov_27.45896	16360	2594	15.86
plant_associated_long_nano_sample_10	plant_associated	RNODE_503_length_17293_cov_6.40561	172050	8014	4.66
plant_associated_long_nano_sample_10	plant_associated	RNODE_507_length_1987_cov_46.05898	19430	2759	14.20
plant_associated_long_nano_sample_10	plant_associated	RNODE_525_length_3666_cov_9.03954	35780	9475	26.48
plant_associated_long_nano_sample_10	plant_associated	RNODE_529_length_1514_cov_4.48325	14700	11034	75.06
plant_associated_long_nano_sample_10	plant_associated	RNODE_545_length_2037_cov_103.39869	19930	2742	13.76
plant_associated_long_nano_sample_10	plant_associated	RNODE_548_length_4577_cov_9.61395	44890	42986	95.76
plant_associated_long_nano_sample_10	plant_associated	RNODE_552_length_2139_cov_25.28849	20950	12213	58.30
plant_associated_long_nano_sample_10	plant_associated	RNODE_558_length_8065_cov_7.29220	79770	2657	3.33
plant_associated_long_nano_sample_10	plant_associated	RNODE_566_length_1455_cov_10.94416	14110	4546	32.22
plant_associated_long_nano_sample_10	plant_associated	RNODE_570_length_2044_cov_6.96707	19560	17059	87.21
plant_associated_long_nano_sample_10	plant_associated	RNODE_572_length_1964_cov_10.71878	18980	18473	97.33
plant_associated_long_nano_sample_10	plant_associated	RNODE_574_length_2604_cov_12.49740	25600	2592	10.12
plant_associated_long_nano_sample_10	plant_associated	RNODE_577_length_7056_cov_38.11425	70120	66891	95.40
plant_associated_long_nano_sample_10	plant_associated	RNODE_580_length_4156_cov_8.38751	41120	2744	6.67
plant_associated_long_nano_sample_10	plant_associated	RNODE_582_length_6266_cov_6.90437	61780	56679	91.74
plant_associated_long_nano_sample_10	plant_associated	RNODE_586_length_6115_cov_7.69537	60710	5224	8.60
plant_associated_long_nano_sample_10	plant_associated	RNODE_589_length_1668_cov_40.93320	16240	2706	16.66
plant_associated_long_nano_sample_10	plant_associated	RNODE_591_length_3620_cov_70.16410	35760	35339	98.82
plant_associated_long_nano_sample_10	plant_associated	RNODE_593_length_8426_cov_4.28144	83820	2719	3.24
plant_associated_long_nano_sample_10	plant_associated	RNODE_595_length_1522_cov_10.57355	14780	2648	17.92
plant_associated_long_nano_sample_10	plant_associated	RNODE_61_length_7669_cov_5.82281	76470	48369	63.25
plant_associated_long_nano_sample_10	plant_associated	RNODE_71_length_2272_cov_3.05244	22500	11995	53.31
plant_associated_long_nano_sample_10	plant_associated	RNODE_75_length_1697_cov_2.91164	16750	5118	30.56
plant_associated_long_nano_sample_10	plant_associated	RNODE_76_length_3393_cov_4.30851	33710	33683	99.92
plant_associated_long_nano_sample_10	plant_associated	RNODE_77_length_2624_cov_7.14989	26020	2706	10.40
plant_associated_long_nano_sample_10	plant_associated	RNODE_83_length_6134_cov_3.71057	61120	22160	36.26
plant_associated_long_nano_sample_10	plant_associated	RNODE_85_length_1577_cov_8.00900	15550	15484	99.58
plant_associated_long_nano_sample_10	plant_associated	RNODE_86_length_2125_cov_11.11507	21030	20799	98.90
plant_associated_long_nano_sample_10	plant_associated	RNODE_99_length_1369_cov_5.25687	13470	2645	19.64
plant_associated_long_nano_sample_10	plant_associated	Rhizopycnis_vagum_MPI-FR1-AT-0346	53344606	333798	0.63
plant_associated_long_nano_sample_10	plant_associated	Sarocladium_strictum_MPI-IT2-AT-0306	31483859	481746	1.53
plant_associated_long_nano_sample_10	plant_associated	Sarocladium_strictum_MPI-SWE4-AT-0554	34794780	164419	0.47
plant_associated_long_nano_sample_10	plant_associated	Sporobolomyces_sasicola_MPI-IT2-AT-0310	60772292	4440539	7.31
plant_associated_long_nano_sample_10	plant_associated	Talaromyces_verruculosus_MPI-SP2-AT-0411	32407473	962412	2.97
plant_associated_long_nano_sample_10	plant_associated	Truncatella_angustata_MPI-SW4-AT-0541	58029377	6430746	11.08
plant_associated_long_nano_sample_10	plant_associated	Umbelopsis_autotrophica_MPI-SW4-AT-0611	27968122	61119	0.22
plant_associated_long_nano_sample_10	plant_associated	Verticillium_dahliae_MPI-FR1-AT-0353	36758448	3516811	9.57
plant_associated_long_nano_sample_11	plant_associated	3934_E	4186652	2135701	51.01
plant_associated_long_nano_sample_11	plant_associated	3934_F	4179155	2124198	50.83
plant_associated_long_nano_sample_11	plant_associated	Alternaria_tenuis_MPI-SDFR-AT-0071	34443718	15292744	44.40
plant_associated_long_nano_sample_11	plant_associated	Aspergillus_fumigatus_MPI-SW4-AT-0569	47521149	714128	1.50
plant_associated_long_nano_sample_11	plant_associated	Cladosporium_rectoides_MPI-GEGE-AT-0032	33942924	3388594	9.98
plant_associated_long_nano_sample_11	plant_associated	Cryptosporiopsis_ericae_MPI-SW4-AT-0549	64936402	2202005	3.39
plant_associated_long_nano_sample_11	plant_associated	Cylindrocarpon_pauciseptatum_MPI-SP2-AT-0468	60797881	1616731	2.66
plant_associated_long_nano_sample_11	plant_associated	Embellisia_chlamydospora_MPI-FR1-AT-0336	37793906	2954052	7.82
plant_associated_long_nano_sample_11	plant_associated	Embellisia_chlamydospora_MPI-SP2-AT-0402	35209770	87477	0.25
plant_associated_long_nano_sample_11	plant_associated	Fusarium_equiseti_MPI-CAGE-CH-0233	40656868	68658	0.17
plant_associated_long_nano_sample_11	plant_associated	Fusarium_falciforme_MPI-FR1-AT-0333	61555659	351644	0.57
plant_associated_long_nano_sample_11	plant_associated	Fusarium_falciforme_MPI-IT2-AT-0322	62862651	621116	0.99
plant_associated_long_nano_sample_11	plant_associated	Fusarium_oxysporum_MPI-CAGE-AT-0013	56548958	10498476	18.57
plant_associated_long_nano_sample_11	plant_associated	Fusarium_oxysporum_MPI-CAGE-CH-0226	57238069	2804420	4.90
plant_associated_long_nano_sample_11	plant_associated	Fusarium_oxysporum_MPI-FR1-AT-0335	55153359	2882344	5.23
plant_associated_long_nano_sample_11	plant_associated	Fusarium_oxysporum_MPI-IT2-AT-0302	53201618	5095223	9.58
plant_associated_long_nano_sample_11	plant_associated	Fusarium_oxysporum_MPI-PUGE-AT-0057	59071048	1530960	2.59
plant_associated_long_nano_sample_11	plant_associated	Fusarium_oxysporum_MPI-SP2-AT-0407	52105426	6065526	11.64
plant_associated_long_nano_sample_11	plant_associated	Fusarium_redolens_MPI-CAGE-CH-0216	55076993	43426	0.08
plant_associated_long_nano_sample_11	plant_associated	Fusarium_torulosum_MPI-SDFR-AT-0089	42850815	1691156	3.95
plant_associated_long_nano_sample_11	plant_associated	GCF_000001735.4_TAIR10.1_genomic	119668634	24030241	20.08
plant_associated_long_nano_sample_11	plant_associated	Gibellulopsis_nigrescens_MPI-SP2-AT-0410	35340245	22710410	64.26
plant_associated_long_nano_sample_11	plant_associated	Hypocrea_atroviridis_MPI-SP2-AT-0434	39107378	2807483	7.18
plant_associated_long_nano_sample_11	plant_associated	Ilyonectria_macrodidyma_MPI-GEGE-AT-0033	74816530	1470620	1.97
plant_associated_long_nano_sample_11	plant_associated	Leptodontidium_orchidicola_MPI-SW4-AT-0643	79839788	2118729	2.65
plant_associated_long_nano_sample_11	plant_associated	LjRoot103	6766373	2403531	35.52
plant_associated_long_nano_sample_11	plant_associated	LjRoot109	5187907	5186056	99.96
plant_associated_long_nano_sample_11	plant_associated	LjRoot120	5029324	2243541	44.61
plant_associated_long_nano_sample_11	plant_associated	LjRoot139	6691917	5560845	83.10
plant_associated_long_nano_sample_11	plant_associated	LjRoot170	6723338	6714138	99.86
plant_associated_long_nano_sample_11	plant_associated	LjRoot175	8509316	6394300	75.14
plant_associated_long_nano_sample_11	plant_associated	LjRoot181	5106542	4623835	90.55
plant_associated_long_nano_sample_11	plant_associated	LjRoot28	5076287	2237725	44.08
plant_associated_long_nano_sample_11	plant_associated	LjRoot62	6726897	6720272	99.90
plant_associated_long_nano_sample_11	plant_associated	LjRoot66	7283570	2440499	33.51
plant_associated_long_nano_sample_11	plant_associated	LjRoot84	8172318	8140117	99.61
plant_associated_long_nano_sample_11	plant_associated	Macrophomina_phaseolina_MPI-FR1-AT-0330	58552437	86042	0.15
plant_associated_long_nano_sample_11	plant_associated	Macrophomina_phaseolina_MPI-SDFR-AT-0085	50849765	23101932	45.43
plant_associated_long_nano_sample_11	plant_associated	Metacordyceps_chlamydosporia_MPI-IT2-AT-0323	43916484	4167760	9.49
plant_associated_long_nano_sample_11	plant_associated	Myrothecium_cinctum_MPI-SP2-AT-0408	44683684	570284	1.28
plant_associated_long_nano_sample_11	plant_associated	Neonectria_radicicola_MPI-CAGE-CH-0236	75485037	23767488	31.49
plant_associated_long_nano_sample_11	plant_associated	Ochroconis_tshawytschae_MPI-SP2-AT-0416	36199058	317105	0.88
plant_associated_long_nano_sample_11	plant_associated	Otu1.0	8272925	8272922	100.00
plant_associated_long_nano_sample_11	plant_associated	Otu1011.0	4128024	276274	6.69
plant_associated_long_nano_sample_11	plant_associated	Otu1013	3526441	160479	4.55
plant_associated_long_nano_sample_11	plant_associated	Otu1025	3271344	74579	2.28
plant_associated_long_nano_sample_11	plant_associated	Otu1039	9381854	215545	2.30
plant_associated_long_nano_sample_11	plant_associated	Otu1047.0	11030030	235119	2.13
plant_associated_long_nano_sample_11	plant_associated	Otu1060.0	5487842	127463	2.32
plant_associated_long_nano_sample_11	plant_associated	Otu107.0	6080660	1693317	27.85
plant_associated_long_nano_sample_11	plant_associated	Otu1086.0	8082175	2530077	31.30
plant_associated_long_nano_sample_11	plant_associated	Otu1096.0	4016304	71060	1.77
plant_associated_long_nano_sample_11	plant_associated	Otu1096.1	4450484	24944	0.56
plant_associated_long_nano_sample_11	plant_associated	Otu118.0	4847736	638234	13.17
plant_associated_long_nano_sample_11	plant_associated	Otu12.0	5998578	5645926	94.12
plant_associated_long_nano_sample_11	plant_associated	Otu126.0	5613379	4446226	79.21
plant_associated_long_nano_sample_11	plant_associated	Otu128.0	4243840	804437	18.96
plant_associated_long_nano_sample_11	plant_associated	Otu130.0	8053582	545248	6.77
plant_associated_long_nano_sample_11	plant_associated	Otu14.0	6165189	6163774	99.98
plant_associated_long_nano_sample_11	plant_associated	Otu153.0	4265309	469077	11.00
plant_associated_long_nano_sample_11	plant_associated	Otu162.0	4435904	100692	2.27
plant_associated_long_nano_sample_11	plant_associated	Otu17.0	5623870	5622311	99.97
plant_associated_long_nano_sample_11	plant_associated	Otu179.0	5923416	269549	4.55
plant_associated_long_nano_sample_11	plant_associated	Otu18.0	6642739	3443353	51.84
plant_associated_long_nano_sample_11	plant_associated	Otu18.1	5865110	5860400	99.92
plant_associated_long_nano_sample_11	plant_associated	Otu182.0	7250714	3297136	45.47
plant_associated_long_nano_sample_11	plant_associated	Otu19.0	7156009	6188177	86.48
plant_associated_long_nano_sample_11	plant_associated	Otu2.0	6691076	6687788	99.95
plant_associated_long_nano_sample_11	plant_associated	Otu207.0	5421267	1123012	20.71
plant_associated_long_nano_sample_11	plant_associated	Otu209.0	6256692	5650353	90.31
plant_associated_long_nano_sample_11	plant_associated	Otu21.0	7486156	7476639	99.87
plant_associated_long_nano_sample_11	plant_associated	Otu211.0	4697841	1537492	32.73
plant_associated_long_nano_sample_11	plant_associated	Otu212.0	6070971	85417	1.41
plant_associated_long_nano_sample_11	plant_associated	Otu212.1	6893426	525882	7.63
plant_associated_long_nano_sample_11	plant_associated	Otu213.0	2246262	220697	9.83
plant_associated_long_nano_sample_11	plant_associated	Otu213.1	3571992	1506482	42.17
plant_associated_long_nano_sample_11	plant_associated	Otu22.0	3375334	3341350	98.99
plant_associated_long_nano_sample_11	plant_associated	Otu220.0	8429646	181349	2.15
plant_associated_long_nano_sample_11	plant_associated	Otu220.1	3038461	1307	0.04
plant_associated_long_nano_sample_11	plant_associated	Otu24.0	6848260	6810434	99.45
plant_associated_long_nano_sample_11	plant_associated	Otu250.0	4971336	547499	11.01
plant_associated_long_nano_sample_11	plant_associated	Otu251.0	6366386	2278941	35.80
plant_associated_long_nano_sample_11	plant_associated	Otu261.0	2815256	234038	8.31
plant_associated_long_nano_sample_11	plant_associated	Otu261.1	3449886	20552	0.60
plant_associated_long_nano_sample_11	plant_associated	Otu265.0	4168266	708490	17.00
plant_associated_long_nano_sample_11	plant_associated	Otu28.0	9926029	9647310	97.19
plant_associated_long_nano_sample_11	plant_associated	Otu29.0	4618281	4617668	99.99
plant_associated_long_nano_sample_11	plant_associated	Otu295.0	5871558	763707	13.01
plant_associated_long_nano_sample_11	plant_associated	Otu3.0	7808587	7807139	99.98
plant_associated_long_nano_sample_11	plant_associated	Otu31.0	5790538	4734367	81.76
plant_associated_long_nano_sample_11	plant_associated	Otu325.0	7921463	358084	4.52
plant_associated_long_nano_sample_11	plant_associated	Otu34.0	7021156	6692037	95.31
plant_associated_long_nano_sample_11	plant_associated	Otu347.0	7325824	490848	6.70
plant_associated_long_nano_sample_11	plant_associated	Otu36.0	5983874	5191079	86.75
plant_associated_long_nano_sample_11	plant_associated	Otu381.0	5088568	2116537	41.59
plant_associated_long_nano_sample_11	plant_associated	Otu392.0	5910965	4317281	73.04
plant_associated_long_nano_sample_11	plant_associated	Otu396.0	4305430	290035	6.74
plant_associated_long_nano_sample_11	plant_associated	Otu398.0	5695238	131225	2.30
plant_associated_long_nano_sample_11	plant_associated	Otu4.0	7707227	7698404	99.89
plant_associated_long_nano_sample_11	plant_associated	Otu411.0	4715201	319963	6.79
plant_associated_long_nano_sample_11	plant_associated	Otu416.0	10193148	464796	4.56
plant_associated_long_nano_sample_11	plant_associated	Otu45.0	3402093	2779898	81.71
plant_associated_long_nano_sample_11	plant_associated	Otu45.1	5873253	807376	13.75
plant_associated_long_nano_sample_11	plant_associated	Otu457.0	6652092	1129935	16.99
plant_associated_long_nano_sample_11	plant_associated	Otu460.0	4475387	102739	2.30
plant_associated_long_nano_sample_11	plant_associated	Otu480.0	9127347	209474	2.30
plant_associated_long_nano_sample_11	plant_associated	Otu491.0	5317277	783301	14.73
plant_associated_long_nano_sample_11	plant_associated	Otu491.1	5098671	21079	0.41
plant_associated_long_nano_sample_11	plant_associated	Otu50.0	7244857	6248313	86.24
plant_associated_long_nano_sample_11	plant_associated	Otu511.0	5733316	507606	8.85
plant_associated_long_nano_sample_11	plant_associated	Otu551.0	1848474	481290	26.04
plant_associated_long_nano_sample_11	plant_associated	Otu554.0	2945007	67543	2.29
plant_associated_long_nano_sample_11	plant_associated	Otu555.0	3337035	77455	2.32
plant_associated_long_nano_sample_11	plant_associated	Otu57.0	5315233	2134820	40.16
plant_associated_long_nano_sample_11	plant_associated	Otu58.0	5765749	1508544	26.16
plant_associated_long_nano_sample_11	plant_associated	Otu584.0	4054551	93604	2.31
plant_associated_long_nano_sample_11	plant_associated	Otu59.0	8004702	539276	6.74
plant_associated_long_nano_sample_11	plant_associated	Otu603	6098827	411528	6.75
plant_associated_long_nano_sample_11	plant_associated	Otu619.0	6098467	1262291	20.70
plant_associated_long_nano_sample_11	plant_associated	Otu62.0	6160831	6001853	97.42
plant_associated_long_nano_sample_11	plant_associated	Otu63.0	5158255	4640846	89.97
plant_associated_long_nano_sample_11	plant_associated	Otu632	6318270	287437	4.55
plant_associated_long_nano_sample_11	plant_associated	Otu632.0	4754478	218593	4.60
plant_associated_long_nano_sample_11	plant_associated	Otu64.0	3717215	1101645	29.64
plant_associated_long_nano_sample_11	plant_associated	Otu657.0	4015664	150354	3.74
plant_associated_long_nano_sample_11	plant_associated	Otu657.1	4196278	36027	0.86
plant_associated_long_nano_sample_11	plant_associated	Otu7.0	7063276	7058343	99.93
plant_associated_long_nano_sample_11	plant_associated	Otu72.0	11169004	3482237	31.18
plant_associated_long_nano_sample_11	plant_associated	Otu723	5654918	382528	6.76
plant_associated_long_nano_sample_11	plant_associated	Otu734.0	9376071	631725	6.74
plant_associated_long_nano_sample_11	plant_associated	Otu74.0	6856875	752652	10.98
plant_associated_long_nano_sample_11	plant_associated	Otu75.0	6819904	1573058	23.07
plant_associated_long_nano_sample_11	plant_associated	Otu752	2850810	130044	4.56
plant_associated_long_nano_sample_11	plant_associated	Otu755.0	7688589	3495023	45.46
plant_associated_long_nano_sample_11	plant_associated	Otu757	5799011	581972	10.04
plant_associated_long_nano_sample_11	plant_associated	Otu761.0	4576573	208855	4.56
plant_associated_long_nano_sample_11	plant_associated	Otu774	4009791	182123	4.54
plant_associated_long_nano_sample_11	plant_associated	Otu780.0	6710579	452164	6.74
plant_associated_long_nano_sample_11	plant_associated	Otu794.0	6508538	2702474	41.52
plant_associated_long_nano_sample_11	plant_associated	Otu823	3752069	84972	2.26
plant_associated_long_nano_sample_11	plant_associated	Otu828.0	5322497	122458	2.30
plant_associated_long_nano_sample_11	plant_associated	Otu83.0	5660134	1388428	24.53
plant_associated_long_nano_sample_11	plant_associated	Otu83.1	7044772	15932	0.23
plant_associated_long_nano_sample_11	plant_associated	Otu839.0	4389528	25504	0.58
plant_associated_long_nano_sample_11	plant_associated	Otu839.1	6635080	2460156	37.08
plant_associated_long_nano_sample_11	plant_associated	Otu86.0	4655221	1593573	34.23
plant_associated_long_nano_sample_11	plant_associated	Otu868.0	5336938	4966961	93.07
plant_associated_long_nano_sample_11	plant_associated	Otu883.0	8461333	7898454	93.35
plant_associated_long_nano_sample_11	plant_associated	Otu888	7016330	317201	4.52
plant_associated_long_nano_sample_11	plant_associated	Otu9.0	5995217	5994599	99.99
plant_associated_long_nano_sample_11	plant_associated	Otu91.0	6842407	1164329	17.02
plant_associated_long_nano_sample_11	plant_associated	Otu93.0	8780833	6767344	77.07
plant_associated_long_nano_sample_11	plant_associated	Otu950.0	6352129	117358	1.85
plant_associated_long_nano_sample_11	plant_associated	Otu950.1	3899625	14887	0.38
plant_associated_long_nano_sample_11	plant_associated	Otu951.0	5781275	1972208	34.11
plant_associated_long_nano_sample_11	plant_associated	Otu96.0	4032270	759213	18.83
plant_associated_long_nano_sample_11	plant_associated	Otu968	5683460	262625	4.62
plant_associated_long_nano_sample_11	plant_associated	Otu972	5443212	247152	4.54
plant_associated_long_nano_sample_11	plant_associated	Otu987.0	5810342	778510	13.40
plant_associated_long_nano_sample_11	plant_associated	Otu987.1	6570334	970073	14.76
plant_associated_long_nano_sample_11	plant_associated	Otu99.0	5696022	3400115	59.69
plant_associated_long_nano_sample_11	plant_associated	Paraphoma_chrysanthemicola_MPI-SDFR-AT-0093	42351520	211076	0.50
plant_associated_long_nano_sample_11	plant_associated	Paraphoma_chrysanthemicola_MPI-SDFR-AT-0118	43646342	2643645	6.06
plant_associated_long_nano_sample_11	plant_associated	Penicillium_canescens_MPI-SW4-AT-0573	32967678	101067	0.31
plant_associated_long_nano_sample_11	plant_associated	Penicillium_crustosum_MPI-IT2-AT-0321	39305582	1087987	2.77
plant_associated_long_nano_sample_11	plant_associated	Penicillium_restrictum_MPI-SP2-AT-0405	28557816	13350033	46.75
plant_associated_long_nano_sample_11	plant_associated	Peyronellaea_curtisii_MPI-SP2-AT-0415	36822598	4194427	11.39
plant_associated_long_nano_sample_11	plant_associated	Phaeosphaeria_eustoma_MPI-FR1-AT-0339	51461602	7243549	14.08
plant_associated_long_nano_sample_11	plant_associated	Phaeosphaeria_eustoma_MPI-SP2-AT-0401	50715933	205641	0.41
plant_associated_long_nano_sample_11	plant_associated	Phialocephala_fortinii_MPI-SW4-AT-0551	76760107	47216	0.06
plant_associated_long_nano_sample_11	plant_associated	Phialocephala_fortinii_MPI-SW4-AT-0651	79037002	7100199	8.98
plant_associated_long_nano_sample_11	plant_associated	Phoma_exigua_MPI-PUGE-AT-0052	35350367	760984	2.15
plant_associated_long_nano_sample_11	plant_associated	Phoma_radicina_MPI-SP2-AT-0466	38215437	134787	0.35
plant_associated_long_nano_sample_11	plant_associated	Phoma_selaginellicola_MPI-SW4-AT-0584	44198635	1388243	3.14
plant_associated_long_nano_sample_11	plant_associated	Phomopsis_columnaris_MPI-SP2-AT-0504	88466628	873641	0.99
plant_associated_long_nano_sample_11	plant_associated	Phomopsis_columnaris_MPI-SW4-AT-0540	73756538	3879593	5.26
plant_associated_long_nano_sample_11	plant_associated	Plectosphaerella_cucumerina_MPI-FR1-AT-0340	39476090	514625	1.30
plant_associated_long_nano_sample_11	plant_associated	Plectosphaerella_cucumerina_MPI-SP2-AT-0421	39382239	920706	2.34
plant_associated_long_nano_sample_11	plant_associated	Plectosphaerella_cucumerina_MPI-SP2-AT-0455	37412521	61424	0.16
plant_associated_long_nano_sample_11	plant_associated	Pyrenochaeta_lycopersici_MPI-FR1-AT-0381	54218686	2026337	3.74
plant_associated_long_nano_sample_11	plant_associated	RNODE_103_length_2852_cov_4.11378	28300	5014	17.72
plant_associated_long_nano_sample_11	plant_associated	RNODE_104_length_5057_cov_12.80755	50350	19455	38.64
plant_associated_long_nano_sample_11	plant_associated	RNODE_112_length_5666_cov_6.47909	56440	26514	46.98
plant_associated_long_nano_sample_11	plant_associated	RNODE_11_length_2136_cov_9.27578	21140	2568	12.15
plant_associated_long_nano_sample_11	plant_associated	RNODE_123_length_2054_cov_30.18504	20320	4935	24.29
plant_associated_long_nano_sample_11	plant_associated	RNODE_124_length_1415_cov_2.71141	13930	6465	46.41
plant_associated_long_nano_sample_11	plant_associated	RNODE_130_length_2230_cov_8.22328	22080	21675	98.17
plant_associated_long_nano_sample_11	plant_associated	RNODE_138_length_6510_cov_13.48012	64880	64508	99.43
plant_associated_long_nano_sample_11	plant_associated	RNODE_141_length_2345_cov_22.92639	23230	5005	21.55
plant_associated_long_nano_sample_11	plant_associated	RNODE_144_length_2325_cov_4.38472	23030	22728	98.69
plant_associated_long_nano_sample_11	plant_associated	RNODE_145_length_1547_cov_6.91082	15250	8433	55.30
plant_associated_long_nano_sample_11	plant_associated	RNODE_157_length_9240_cov_11.70069	92180	14840	16.10
plant_associated_long_nano_sample_11	plant_associated	RNODE_161_length_2494_cov_2.64806	24720	2681	10.85
plant_associated_long_nano_sample_11	plant_associated	RNODE_167_length_15660_cov_7.41802	156380	28084	17.96
plant_associated_long_nano_sample_11	plant_associated	RNODE_174_length_2429_cov_2.88035	24070	5156	21.42
plant_associated_long_nano_sample_11	plant_associated	RNODE_178_length_3618_cov_3.32119	35960	9729	27.06
plant_associated_long_nano_sample_11	plant_associated	RNODE_179_length_3165_cov_11.18263	31430	12510	39.80
plant_associated_long_nano_sample_11	plant_associated	RNODE_183_length_2196_cov_14.40984	21740	2671	12.29
plant_associated_long_nano_sample_11	plant_associated	RNODE_185_length_1556_cov_2.93481	15340	2629	17.14
plant_associated_long_nano_sample_11	plant_associated	RNODE_188_length_3578_cov_152.10292	35560	9777	27.49
plant_associated_long_nano_sample_11	plant_associated	RNODE_192_length_7636_cov_18.62687	76140	2747	3.61
plant_associated_long_nano_sample_11	plant_associated	RNODE_196_length_1935_cov_38.48772	19130	17447	91.20
plant_associated_long_nano_sample_11	plant_associated	RNODE_198_length_2135_cov_8.85376	21130	7286	34.48
plant_associated_long_nano_sample_11	plant_associated	RNODE_1_length_6898_cov_7.60442	68760	5239	7.62
plant_associated_long_nano_sample_11	plant_associated	RNODE_201_length_2438_cov_4.66846	24160	2529	10.47
plant_associated_long_nano_sample_11	plant_associated	RNODE_206_length_1596_cov_53.17090	15740	4336	27.55
plant_associated_long_nano_sample_11	plant_associated	RNODE_209_length_3433_cov_79.37027	34110	2559	7.50
plant_associated_long_nano_sample_11	plant_associated	RNODE_217_length_2598_cov_4.83502	25760	25336	98.35
plant_associated_long_nano_sample_11	plant_associated	RNODE_226_length_3315_cov_75.69511	32930	31788	96.53
plant_associated_long_nano_sample_11	plant_associated	RNODE_232_length_21840_cov_9.43432	218180	20183	9.25
plant_associated_long_nano_sample_11	plant_associated	RNODE_233_length_1740_cov_3.83120	17180	8744	50.90
plant_associated_long_nano_sample_11	plant_associated	RNODE_236_length_2297_cov_5.75912	22750	2532	11.13
plant_associated_long_nano_sample_11	plant_associated	RNODE_237_length_4009_cov_52.34788	39870	2719	6.82
plant_associated_long_nano_sample_11	plant_associated	RNODE_23_length_1998_cov_572.28391	19760	2672	13.52
plant_associated_long_nano_sample_11	plant_associated	RNODE_241_length_10461_cov_3.82000	104390	5135	4.92
plant_associated_long_nano_sample_11	plant_associated	RNODE_247_length_8256_cov_14.85123	82340	74931	91.00
plant_associated_long_nano_sample_11	plant_associated	RNODE_253_length_4934_cov_14.39047	49120	5017	10.21
plant_associated_long_nano_sample_11	plant_associated	RNODE_257_length_1602_cov_16.93671	15800	2734	17.30
plant_associated_long_nano_sample_11	plant_associated	RNODE_264_length_2217_cov_3.64237	21950	11887	54.15
plant_associated_long_nano_sample_11	plant_associated	RNODE_278_length_7999_cov_5.67456	79770	12618	15.82
plant_associated_long_nano_sample_11	plant_associated	RNODE_284_length_8760_cov_7.25395	87380	9907	11.34
plant_associated_long_nano_sample_11	plant_associated	RNODE_286_length_1588_cov_4.62324	15660	13947	89.06
plant_associated_long_nano_sample_11	plant_associated	RNODE_28_length_2156_cov_6.27835	21340	21233	99.50
plant_associated_long_nano_sample_11	plant_associated	RNODE_292_length_1675_cov_7.61464	16530	10333	62.51
plant_associated_long_nano_sample_11	plant_associated	RNODE_295_length_10931_cov_11.99890	109090	26983	24.73
plant_associated_long_nano_sample_11	plant_associated	RNODE_296_length_1799_cov_6.54699	17770	2688	15.13
plant_associated_long_nano_sample_11	plant_associated	RNODE_297_length_1810_cov_21.16499	17880	4722	26.41
plant_associated_long_nano_sample_11	plant_associated	RNODE_29_length_2138_cov_51.39745	21160	2723	12.87
plant_associated_long_nano_sample_11	plant_associated	RNODE_301_length_8746_cov_4.36474	87240	7638	8.76
plant_associated_long_nano_sample_11	plant_associated	RNODE_317_length_2062_cov_4.66471	20400	20076	98.41
plant_associated_long_nano_sample_11	plant_associated	RNODE_325_length_1939_cov_27.67762	19170	19128	99.78
plant_associated_long_nano_sample_11	plant_associated	RNODE_329_length_4403_cov_3.14905	43810	5230	11.94
plant_associated_long_nano_sample_11	plant_associated	RNODE_333_length_29512_cov_5.09183	294900	10567	3.58
plant_associated_long_nano_sample_11	plant_associated	RNODE_345_length_2889_cov_34.12033	28670	11800	41.16
plant_associated_long_nano_sample_11	plant_associated	RNODE_347_length_5424_cov_5.89171	54020	53325	98.71
plant_associated_long_nano_sample_11	plant_associated	RNODE_34_length_5214_cov_5.85112	51920	14599	28.12
plant_associated_long_nano_sample_11	plant_associated	RNODE_352_length_10296_cov_22.51324	102740	64749	63.02
plant_associated_long_nano_sample_11	plant_associated	RNODE_353_length_1966_cov_4.24691	19440	8778	45.15
plant_associated_long_nano_sample_11	plant_associated	RNODE_369_length_4633_cov_7.61375	46110	45335	98.32
plant_associated_long_nano_sample_11	plant_associated	RNODE_371_length_3091_cov_4.47833	30690	4869	15.87
plant_associated_long_nano_sample_11	plant_associated	RNODE_373_length_1497_cov_5.24000	14750	12846	87.09
plant_associated_long_nano_sample_11	plant_associated	RNODE_375_length_2518_cov_4.10497	24960	24850	99.56
plant_associated_long_nano_sample_11	plant_associated	RNODE_377_length_2313_cov_34.45308	22910	2759	12.04
plant_associated_long_nano_sample_11	plant_associated	RNODE_379_length_1435_cov_1.62350	14130	2743	19.41
plant_associated_long_nano_sample_11	plant_associated	RNODE_406_length_2395_cov_90.64012	23730	2710	11.42
plant_associated_long_nano_sample_11	plant_associated	RNODE_409_length_1368_cov_5.05646	13460	2540	18.87
plant_associated_long_nano_sample_11	plant_associated	RNODE_412_length_3243_cov_51.13691	32210	10348	32.13
plant_associated_long_nano_sample_11	plant_associated	RNODE_416_length_1581_cov_3.82938	15590	15559	99.80
plant_associated_long_nano_sample_11	plant_associated	RNODE_427_length_9830_cov_4.30470	97860	2690	2.75
plant_associated_long_nano_sample_11	plant_associated	RNODE_430_length_8758_cov_13.30595	86260	5418	6.28
plant_associated_long_nano_sample_11	plant_associated	RNODE_433_length_2054_cov_26.46352	20100	2583	12.85
plant_associated_long_nano_sample_11	plant_associated	RNODE_446_length_1542_cov_16.88168	14760	2726	18.47
plant_associated_long_nano_sample_11	plant_associated	RNODE_452_length_1435_cov_89.39445	13690	7751	56.62
plant_associated_long_nano_sample_11	plant_associated	RNODE_458_length_1682_cov_17.95957	16160	2698	16.70
plant_associated_long_nano_sample_11	plant_associated	RNODE_45_length_2213_cov_3.74441	21910	12038	54.94
plant_associated_long_nano_sample_11	plant_associated	RNODE_471_length_2314_cov_27.32580	22480	12107	53.86
plant_associated_long_nano_sample_11	plant_associated	RNODE_473_length_2154_cov_104.90849	20660	2804	13.57
plant_associated_long_nano_sample_11	plant_associated	RNODE_477_length_5419_cov_20.61131	53530	45629	85.24
plant_associated_long_nano_sample_11	plant_associated	RNODE_480_length_1461_cov_9.87912	14170	2788	19.68
plant_associated_long_nano_sample_11	plant_associated	RNODE_482_length_12608_cov_5.40546	125640	27750	22.09
plant_associated_long_nano_sample_11	plant_associated	RNODE_483_length_2623_cov_9.08778	25570	24606	96.23
plant_associated_long_nano_sample_11	plant_associated	RNODE_486_length_2116_cov_5.68150	20280	17540	86.49
plant_associated_long_nano_sample_11	plant_associated	RNODE_488_length_20029_cov_34.82594	199850	173426	86.78
plant_associated_long_nano_sample_11	plant_associated	RNODE_489_length_2151_cov_58.40979	21070	2668	12.66
plant_associated_long_nano_sample_11	plant_associated	RNODE_499_length_5376_cov_7.50141	53320	2791	5.23
plant_associated_long_nano_sample_11	plant_associated	RNODE_49_length_2149_cov_5.34556	21270	2598	12.21
plant_associated_long_nano_sample_11	plant_associated	RNODE_507_length_1987_cov_46.05898	19430	2681	13.80
plant_associated_long_nano_sample_11	plant_associated	RNODE_519_length_4527_cov_27.40475	44830	10080	22.48
plant_associated_long_nano_sample_11	plant_associated	RNODE_525_length_3666_cov_9.03954	35780	19020	53.16
plant_associated_long_nano_sample_11	plant_associated	RNODE_529_length_1514_cov_4.48325	14700	6334	43.09
plant_associated_long_nano_sample_11	plant_associated	RNODE_548_length_4577_cov_9.61395	44890	43684	97.31
plant_associated_long_nano_sample_11	plant_associated	RNODE_552_length_2139_cov_25.28849	20950	12046	57.50
plant_associated_long_nano_sample_11	plant_associated	RNODE_558_length_8065_cov_7.29220	79770	2692	3.37
plant_associated_long_nano_sample_11	plant_associated	RNODE_566_length_1455_cov_10.94416	14110	2749	19.48
plant_associated_long_nano_sample_11	plant_associated	RNODE_570_length_2044_cov_6.96707	19560	14040	71.78
plant_associated_long_nano_sample_11	plant_associated	RNODE_572_length_1964_cov_10.71878	18980	17630	92.89
plant_associated_long_nano_sample_11	plant_associated	RNODE_577_length_7056_cov_38.11425	70120	61905	88.28
plant_associated_long_nano_sample_11	plant_associated	RNODE_580_length_4156_cov_8.38751	41120	2690	6.54
plant_associated_long_nano_sample_11	plant_associated	RNODE_582_length_6266_cov_6.90437	61780	56743	91.85
plant_associated_long_nano_sample_11	plant_associated	RNODE_586_length_6115_cov_7.69537	60710	5312	8.75
plant_associated_long_nano_sample_11	plant_associated	RNODE_591_length_3620_cov_70.16410	35760	35623	99.62
plant_associated_long_nano_sample_11	plant_associated	RNODE_593_length_8426_cov_4.28144	83820	2696	3.22
plant_associated_long_nano_sample_11	plant_associated	RNODE_595_length_1522_cov_10.57355	14780	2746	18.58
plant_associated_long_nano_sample_11	plant_associated	RNODE_61_length_7669_cov_5.82281	76470	72190	94.40
plant_associated_long_nano_sample_11	plant_associated	RNODE_71_length_2272_cov_3.05244	22500	15594	69.31
plant_associated_long_nano_sample_11	plant_associated	RNODE_72_length_2497_cov_7.54950	24750	5164	20.86
plant_associated_long_nano_sample_11	plant_associated	RNODE_75_length_1697_cov_2.91164	16750	10068	60.11
plant_associated_long_nano_sample_11	plant_associated	RNODE_76_length_3393_cov_4.30851	33710	33691	99.94
plant_associated_long_nano_sample_11	plant_associated	RNODE_77_length_2624_cov_7.14989	26020	2659	10.22
plant_associated_long_nano_sample_11	plant_associated	RNODE_7_length_4555_cov_11.97220	45330	2686	5.93
plant_associated_long_nano_sample_11	plant_associated	RNODE_83_length_6134_cov_3.71057	61120	10526	17.22
plant_associated_long_nano_sample_11	plant_associated	RNODE_85_length_1577_cov_8.00900	15550	15394	99.00
plant_associated_long_nano_sample_11	plant_associated	RNODE_86_length_2125_cov_11.11507	21030	20260	96.34
plant_associated_long_nano_sample_11	plant_associated	RNODE_99_length_1369_cov_5.25687	13470	6576	48.82
plant_associated_long_nano_sample_11	plant_associated	Rhizopycnis_vagum_MPI-FR1-AT-0346	53344606	272522	0.51
plant_associated_long_nano_sample_11	plant_associated	Sarocladium_strictum_MPI-IT2-AT-0306	31483859	630966	2.00
plant_associated_long_nano_sample_11	plant_associated	Sarocladium_strictum_MPI-SWE4-AT-0554	34794780	160838	0.46
plant_associated_long_nano_sample_11	plant_associated	Sporobolomyces_sasicola_MPI-IT2-AT-0310	60772292	4925257	8.10
plant_associated_long_nano_sample_11	plant_associated	Talaromyces_verruculosus_MPI-SP2-AT-0411	32407473	872002	2.69
plant_associated_long_nano_sample_11	plant_associated	Truncatella_angustata_MPI-SW4-AT-0541	58029377	6515504	11.23
plant_associated_long_nano_sample_11	plant_associated	Umbelopsis_autotrophica_MPI-SW4-AT-0611	27968122	54015	0.19
plant_associated_long_nano_sample_11	plant_associated	Verticillium_dahliae_MPI-FR1-AT-0353	36758448	2943044	8.01
plant_associated_long_pacbio_sample_14	plant_associated	3823_L	5775662	3680544	63.73
plant_associated_long_pacbio_sample_14	plant_associated	3823_R	6632823	2356876	35.53
plant_associated_long_pacbio_sample_14	plant_associated	3934_E	4186652	2092015	49.97
plant_associated_long_pacbio_sample_14	plant_associated	Alternaria_tenuis_MPI-SDFR-AT-0071	34443718	17044341	49.48
plant_associated_long_pacbio_sample_14	plant_associated	Aspergillus_fumigatus_MPI-SW4-AT-0569	47521149	738178	1.55
plant_associated_long_pacbio_sample_14	plant_associated	Cladosporium_rectoides_MPI-GEGE-AT-0032	33942924	3035681	8.94
plant_associated_long_pacbio_sample_14	plant_associated	Cryptosporiopsis_ericae_MPI-SW4-AT-0549	64936402	2614649	4.03
plant_associated_long_pacbio_sample_14	plant_associated	Cylindrocarpon_pauciseptatum_MPI-SP2-AT-0468	60797881	1515168	2.49
plant_associated_long_pacbio_sample_14	plant_associated	Embellisia_chlamydospora_MPI-FR1-AT-0336	37793906	2692779	7.12
plant_associated_long_pacbio_sample_14	plant_associated	Embellisia_chlamydospora_MPI-SP2-AT-0402	35209770	113499	0.32
plant_associated_long_pacbio_sample_14	plant_associated	Fusarium_equiseti_MPI-CAGE-CH-0233	40656868	67657	0.17
plant_associated_long_pacbio_sample_14	plant_associated	Fusarium_falciforme_MPI-FR1-AT-0333	61555659	374687	0.61
plant_associated_long_pacbio_sample_14	plant_associated	Fusarium_falciforme_MPI-IT2-AT-0322	62862651	548242	0.87
plant_associated_long_pacbio_sample_14	plant_associated	Fusarium_oxysporum_MPI-CAGE-AT-0013	56548958	9277538	16.41
plant_associated_long_pacbio_sample_14	plant_associated	Fusarium_oxysporum_MPI-CAGE-CH-0226	57238069	2612124	4.56
plant_associated_long_pacbio_sample_14	plant_associated	Fusarium_oxysporum_MPI-FR1-AT-0335	55153359	2683309	4.87
plant_associated_long_pacbio_sample_14	plant_associated	Fusarium_oxysporum_MPI-IT2-AT-0302	53201618	4425108	8.32
plant_associated_long_pacbio_sample_14	plant_associated	Fusarium_oxysporum_MPI-PUGE-AT-0057	59071048	1679584	2.84
plant_associated_long_pacbio_sample_14	plant_associated	Fusarium_oxysporum_MPI-SP2-AT-0407	52105426	6243954	11.98
plant_associated_long_pacbio_sample_14	plant_associated	Fusarium_redolens_MPI-CAGE-CH-0216	55076993	46734	0.08
plant_associated_long_pacbio_sample_14	plant_associated	Fusarium_torulosum_MPI-SDFR-AT-0089	42850815	1591190	3.71
plant_associated_long_pacbio_sample_14	plant_associated	GCF_000001735.4_TAIR10.1_genomic	119668634	24320866	20.32
plant_associated_long_pacbio_sample_14	plant_associated	Gibellulopsis_nigrescens_MPI-SP2-AT-0410	35340245	22943944	64.92
plant_associated_long_pacbio_sample_14	plant_associated	Hypocrea_atroviridis_MPI-SP2-AT-0434	39107378	3224192	8.24
plant_associated_long_pacbio_sample_14	plant_associated	Ilyonectria_macrodidyma_MPI-GEGE-AT-0033	74816530	1683159	2.25
plant_associated_long_pacbio_sample_14	plant_associated	Leptodontidium_orchidicola_MPI-SW4-AT-0643	79839788	2307663	2.89
plant_associated_long_pacbio_sample_14	plant_associated	LjRoot103	6766373	2387988	35.29
plant_associated_long_pacbio_sample_14	plant_associated	LjRoot109	5187907	5185619	99.96
plant_associated_long_pacbio_sample_14	plant_associated	LjRoot120	5029324	2209268	43.93
plant_associated_long_pacbio_sample_14	plant_associated	LjRoot130	7515573	7172998	95.44
plant_associated_long_pacbio_sample_14	plant_associated	LjRoot175	8509316	4231731	49.73
plant_associated_long_pacbio_sample_14	plant_associated	LjRoot181	5106542	3485655	68.26
plant_associated_long_pacbio_sample_14	plant_associated	LjRoot187	5283764	5223597	98.86
plant_associated_long_pacbio_sample_14	plant_associated	LjRoot28	5076287	2222097	43.77
plant_associated_long_pacbio_sample_14	plant_associated	LjRoot84	8172318	8135104	99.54
plant_associated_long_pacbio_sample_14	plant_associated	Macrophomina_phaseolina_MPI-FR1-AT-0330	58552437	108067	0.18
plant_associated_long_pacbio_sample_14	plant_associated	Macrophomina_phaseolina_MPI-SDFR-AT-0085	50849765	21287934	41.86
plant_associated_long_pacbio_sample_14	plant_associated	Metacordyceps_chlamydosporia_MPI-IT2-AT-0323	43916484	3560988	8.11
plant_associated_long_pacbio_sample_14	plant_associated	Myrothecium_cinctum_MPI-SP2-AT-0408	44683684	679243	1.52
plant_associated_long_pacbio_sample_14	plant_associated	Neonectria_radicicola_MPI-CAGE-CH-0236	75485037	22420339	29.70
plant_associated_long_pacbio_sample_14	plant_associated	Ochroconis_tshawytschae_MPI-SP2-AT-0416	36199058	340651	0.94
plant_associated_long_pacbio_sample_14	plant_associated	Otu1.0	8272925	8272826	100.00
plant_associated_long_pacbio_sample_14	plant_associated	Otu1016	4223247	343406	8.13
plant_associated_long_pacbio_sample_14	plant_associated	Otu1027	5542512	187434	3.38
plant_associated_long_pacbio_sample_14	plant_associated	Otu1044.0	4615150	77731	1.68
plant_associated_long_pacbio_sample_14	plant_associated	Otu1047.0	11030030	175986	1.60
plant_associated_long_pacbio_sample_14	plant_associated	Otu1060.0	5487842	93829	1.71
plant_associated_long_pacbio_sample_14	plant_associated	Otu1063	6329093	214270	3.39
plant_associated_long_pacbio_sample_14	plant_associated	Otu1068	4982906	334448	6.71
plant_associated_long_pacbio_sample_14	plant_associated	Otu107.0	6080660	1472275	24.21
plant_associated_long_pacbio_sample_14	plant_associated	Otu1071	6010951	304163	5.06
plant_associated_long_pacbio_sample_14	plant_associated	Otu1086.0	8082175	1282586	15.87
plant_associated_long_pacbio_sample_14	plant_associated	Otu1087	5441391	93080	1.71
plant_associated_long_pacbio_sample_14	plant_associated	Otu1092	4858502	163166	3.36
plant_associated_long_pacbio_sample_14	plant_associated	Otu118.0	4847736	1699847	35.06
plant_associated_long_pacbio_sample_14	plant_associated	Otu12.0	5998578	5996185	99.96
plant_associated_long_pacbio_sample_14	plant_associated	Otu126.0	5613379	3824476	68.13
plant_associated_long_pacbio_sample_14	plant_associated	Otu128.0	4243840	2766601	65.19
plant_associated_long_pacbio_sample_14	plant_associated	Otu129.0	5886478	1935182	32.88
plant_associated_long_pacbio_sample_14	plant_associated	Otu130.0	8053582	665877	8.27
plant_associated_long_pacbio_sample_14	plant_associated	Otu14.0	6165189	6158084	99.88
plant_associated_long_pacbio_sample_14	plant_associated	Otu153.0	4265309	1026810	24.07
plant_associated_long_pacbio_sample_14	plant_associated	Otu162.0	4435904	151511	3.42
plant_associated_long_pacbio_sample_14	plant_associated	Otu17.0	5623870	5622756	99.98
plant_associated_long_pacbio_sample_14	plant_associated	Otu18.0	6642739	3944522	59.38
plant_associated_long_pacbio_sample_14	plant_associated	Otu18.1	5865110	5862444	99.95
plant_associated_long_pacbio_sample_14	plant_associated	Otu182.0	7250714	2861133	39.46
plant_associated_long_pacbio_sample_14	plant_associated	Otu187.0	6517831	540083	8.29
plant_associated_long_pacbio_sample_14	plant_associated	Otu19.0	7156009	7085806	99.02
plant_associated_long_pacbio_sample_14	plant_associated	Otu2.0	6691076	6687491	99.95
plant_associated_long_pacbio_sample_14	plant_associated	Otu207.0	5421267	862660	15.91
plant_associated_long_pacbio_sample_14	plant_associated	Otu209.0	6256692	5821760	93.05
plant_associated_long_pacbio_sample_14	plant_associated	Otu21.0	7486156	7475232	99.85
plant_associated_long_pacbio_sample_14	plant_associated	Otu211.0	4697841	1065297	22.68
plant_associated_long_pacbio_sample_14	plant_associated	Otu212.0	6070971	172709	2.84
plant_associated_long_pacbio_sample_14	plant_associated	Otu212.1	6893426	1027734	14.91
plant_associated_long_pacbio_sample_14	plant_associated	Otu213.0	2246262	159671	7.11
plant_associated_long_pacbio_sample_14	plant_associated	Otu213.1	3571992	1164973	32.61
plant_associated_long_pacbio_sample_14	plant_associated	Otu22.0	3375334	3333663	98.77
plant_associated_long_pacbio_sample_14	plant_associated	Otu220.0	8429646	1493182	17.71
plant_associated_long_pacbio_sample_14	plant_associated	Otu220.1	3038461	38495	1.27
plant_associated_long_pacbio_sample_14	plant_associated	Otu24.0	6848260	6831997	99.76
plant_associated_long_pacbio_sample_14	plant_associated	Otu247.0	5861079	580073	9.90
plant_associated_long_pacbio_sample_14	plant_associated	Otu250.0	4971336	2774139	55.80
plant_associated_long_pacbio_sample_14	plant_associated	Otu251.0	6366386	2881103	45.25
plant_associated_long_pacbio_sample_14	plant_associated	Otu252.0	5558974	190183	3.42
plant_associated_long_pacbio_sample_14	plant_associated	Otu261.0	2815256	1584161	56.27
plant_associated_long_pacbio_sample_14	plant_associated	Otu261.1	3449886	192373	5.58
plant_associated_long_pacbio_sample_14	plant_associated	Otu268.0	6460024	318832	4.94
plant_associated_long_pacbio_sample_14	plant_associated	Otu28.0	9926029	6954769	70.07
plant_associated_long_pacbio_sample_14	plant_associated	Otu29.0	4618281	4409243	95.47
plant_associated_long_pacbio_sample_14	plant_associated	Otu296.0	5469090	28750	0.53
plant_associated_long_pacbio_sample_14	plant_associated	Otu296.1	10988507	2599288	23.65
plant_associated_long_pacbio_sample_14	plant_associated	Otu3.0	7808587	7805824	99.96
plant_associated_long_pacbio_sample_14	plant_associated	Otu309.0	4370627	149676	3.42
plant_associated_long_pacbio_sample_14	plant_associated	Otu31.0	5790538	2997515	51.77
plant_associated_long_pacbio_sample_14	plant_associated	Otu34.0	7021156	7018692	99.96
plant_associated_long_pacbio_sample_14	plant_associated	Otu347.0	7325824	250419	3.42
plant_associated_long_pacbio_sample_14	plant_associated	Otu36.0	5983874	5848412	97.74
plant_associated_long_pacbio_sample_14	plant_associated	Otu389.0	5277406	90936	1.72
plant_associated_long_pacbio_sample_14	plant_associated	Otu392.0	5910965	4732727	80.07
plant_associated_long_pacbio_sample_14	plant_associated	Otu396.0	4305430	146363	3.40
plant_associated_long_pacbio_sample_14	plant_associated	Otu4.0	7707227	7707150	100.00
plant_associated_long_pacbio_sample_14	plant_associated	Otu411.0	4715201	1496192	31.73
plant_associated_long_pacbio_sample_14	plant_associated	Otu416.0	10193148	174012	1.71
plant_associated_long_pacbio_sample_14	plant_associated	Otu431.0	6450400	220929	3.43
plant_associated_long_pacbio_sample_14	plant_associated	Otu434.0	5332479	180123	3.38
plant_associated_long_pacbio_sample_14	plant_associated	Otu45.0	3402093	2509012	73.75
plant_associated_long_pacbio_sample_14	plant_associated	Otu45.1	5873253	629074	10.71
plant_associated_long_pacbio_sample_14	plant_associated	Otu457.0	6652092	1156137	17.38
plant_associated_long_pacbio_sample_14	plant_associated	Otu460.0	4475387	77015	1.72
plant_associated_long_pacbio_sample_14	plant_associated	Otu480.0	9127347	310954	3.41
plant_associated_long_pacbio_sample_14	plant_associated	Otu486.0	4985871	76376	1.53
plant_associated_long_pacbio_sample_14	plant_associated	Otu486.1	7579488	14046	0.19
plant_associated_long_pacbio_sample_14	plant_associated	Otu50.0	7244857	1152809	15.91
plant_associated_long_pacbio_sample_14	plant_associated	Otu511.0	5733316	384817	6.71
plant_associated_long_pacbio_sample_14	plant_associated	Otu518.0	5167383	261312	5.06
plant_associated_long_pacbio_sample_14	plant_associated	Otu522.0	6048791	8266	0.14
plant_associated_long_pacbio_sample_14	plant_associated	Otu522.1	7634858	622496	8.15
plant_associated_long_pacbio_sample_14	plant_associated	Otu528	6321508	422684	6.69
plant_associated_long_pacbio_sample_14	plant_associated	Otu535.0	7237391	485509	6.71
plant_associated_long_pacbio_sample_14	plant_associated	Otu554.0	2945007	100324	3.41
plant_associated_long_pacbio_sample_14	plant_associated	Otu555.0	3337035	57493	1.72
plant_associated_long_pacbio_sample_14	plant_associated	Otu564.0	10467782	179543	1.72
plant_associated_long_pacbio_sample_14	plant_associated	Otu57.0	5315233	1075011	20.23
plant_associated_long_pacbio_sample_14	plant_associated	Otu577.0	4657400	456793	9.81
plant_associated_long_pacbio_sample_14	plant_associated	Otu58.0	5765749	2664735	46.22
plant_associated_long_pacbio_sample_14	plant_associated	Otu581.0	4357980	217491	4.99
plant_associated_long_pacbio_sample_14	plant_associated	Otu584.0	4054551	69494	1.71
plant_associated_long_pacbio_sample_14	plant_associated	Otu59.0	8004702	6184582	77.26
plant_associated_long_pacbio_sample_14	plant_associated	Otu610.0	8033195	919817	11.45
plant_associated_long_pacbio_sample_14	plant_associated	Otu619.0	6098467	787776	12.92
plant_associated_long_pacbio_sample_14	plant_associated	Otu62.0	6160831	5271865	85.57
plant_associated_long_pacbio_sample_14	plant_associated	Otu620	6349738	415019	6.54
plant_associated_long_pacbio_sample_14	plant_associated	Otu622	2378438	40972	1.72
plant_associated_long_pacbio_sample_14	plant_associated	Otu63.0	5158255	345156	6.69
plant_associated_long_pacbio_sample_14	plant_associated	Otu631.0	5273517	73493	1.39
plant_associated_long_pacbio_sample_14	plant_associated	Otu631.1	5909246	18521	0.31
plant_associated_long_pacbio_sample_14	plant_associated	Otu632	6318270	107765	1.71
plant_associated_long_pacbio_sample_14	plant_associated	Otu632.0	4754478	81661	1.72
plant_associated_long_pacbio_sample_14	plant_associated	Otu64.0	3717215	424893	11.43
plant_associated_long_pacbio_sample_14	plant_associated	Otu657.0	4015664	376159	9.37
plant_associated_long_pacbio_sample_14	plant_associated	Otu657.1	4196278	93547	2.23
plant_associated_long_pacbio_sample_14	plant_associated	Otu666	3463205	58463	1.69
plant_associated_long_pacbio_sample_14	plant_associated	Otu687	4089646	137501	3.36
plant_associated_long_pacbio_sample_14	plant_associated	Otu7.0	7063276	7047552	99.78
plant_associated_long_pacbio_sample_14	plant_associated	Otu712.0	2766400	94781	3.43
plant_associated_long_pacbio_sample_14	plant_associated	Otu72.0	11169004	1106794	9.91
plant_associated_long_pacbio_sample_14	plant_associated	Otu730.0	4070193	69999	1.72
plant_associated_long_pacbio_sample_14	plant_associated	Otu74.0	6856875	566423	8.26
plant_associated_long_pacbio_sample_14	plant_associated	Otu75.0	6819904	2113155	30.99
plant_associated_long_pacbio_sample_14	plant_associated	Otu755.0	7688589	2046495	26.62
plant_associated_long_pacbio_sample_14	plant_associated	Otu779.0	5619607	191334	3.40
plant_associated_long_pacbio_sample_14	plant_associated	Otu78.0	8961318	306770	3.42
plant_associated_long_pacbio_sample_14	plant_associated	Otu780.0	6710579	340571	5.08
plant_associated_long_pacbio_sample_14	plant_associated	Otu790	4189976	143440	3.42
plant_associated_long_pacbio_sample_14	plant_associated	Otu794.0	6508538	4850551	74.53
plant_associated_long_pacbio_sample_14	plant_associated	Otu80.0	5624298	1635958	29.09
plant_associated_long_pacbio_sample_14	plant_associated	Otu80.1	5671355	306078	5.40
plant_associated_long_pacbio_sample_14	plant_associated	Otu816	6486507	111230	1.71
plant_associated_long_pacbio_sample_14	plant_associated	Otu822.0	5365780	441496	8.23
plant_associated_long_pacbio_sample_14	plant_associated	Otu823	3752069	190464	5.08
plant_associated_long_pacbio_sample_14	plant_associated	Otu83.0	5660134	190032	3.36
plant_associated_long_pacbio_sample_14	plant_associated	Otu839.0	4389528	2218	0.05
plant_associated_long_pacbio_sample_14	plant_associated	Otu839.1	6635080	330538	4.98
plant_associated_long_pacbio_sample_14	plant_associated	Otu850.0	8214425	1060623	12.91
plant_associated_long_pacbio_sample_14	plant_associated	Otu86.0	4655221	3471689	74.58
plant_associated_long_pacbio_sample_14	plant_associated	Otu868.0	5336938	3508844	65.75
plant_associated_long_pacbio_sample_14	plant_associated	Otu873	4659019	79583	1.71
plant_associated_long_pacbio_sample_14	plant_associated	Otu883.0	8461333	6459754	76.34
plant_associated_long_pacbio_sample_14	plant_associated	Otu89.0	3986143	3709504	93.06
plant_associated_long_pacbio_sample_14	plant_associated	Otu89.1	4223414	372930	8.83
plant_associated_long_pacbio_sample_14	plant_associated	Otu9.0	5995217	5959002	99.40
plant_associated_long_pacbio_sample_14	plant_associated	Otu91.0	6842407	2556689	37.37
plant_associated_long_pacbio_sample_14	plant_associated	Otu93.0	8780833	2674779	30.46
plant_associated_long_pacbio_sample_14	plant_associated	Otu931	3135752	54194	1.73
plant_associated_long_pacbio_sample_14	plant_associated	Otu951.0	5781275	1081506	18.71
plant_associated_long_pacbio_sample_14	plant_associated	Otu953	5725882	195097	3.41
plant_associated_long_pacbio_sample_14	plant_associated	Otu96.0	4032270	1138518	28.24
plant_associated_long_pacbio_sample_14	plant_associated	Otu978.0	4118656	139978	3.40
plant_associated_long_pacbio_sample_14	plant_associated	Otu987.0	5810342	93256	1.61
plant_associated_long_pacbio_sample_14	plant_associated	Otu987.1	6570334	118352	1.80
plant_associated_long_pacbio_sample_14	plant_associated	Otu99.0	5696022	2245524	39.42
plant_associated_long_pacbio_sample_14	plant_associated	Paraphoma_chrysanthemicola_MPI-SDFR-AT-0093	42351520	229085	0.54
plant_associated_long_pacbio_sample_14	plant_associated	Paraphoma_chrysanthemicola_MPI-SDFR-AT-0118	43646342	3420536	7.84
plant_associated_long_pacbio_sample_14	plant_associated	Penicillium_canescens_MPI-SW4-AT-0573	32967678	95893	0.29
plant_associated_long_pacbio_sample_14	plant_associated	Penicillium_crustosum_MPI-IT2-AT-0321	39305582	1019710	2.59
plant_associated_long_pacbio_sample_14	plant_associated	Penicillium_restrictum_MPI-SP2-AT-0405	28557816	14608378	51.15
plant_associated_long_pacbio_sample_14	plant_associated	Peyronellaea_curtisii_MPI-SP2-AT-0415	36822598	5589595	15.18
plant_associated_long_pacbio_sample_14	plant_associated	Phaeosphaeria_eustoma_MPI-FR1-AT-0339	51461602	6565246	12.76
plant_associated_long_pacbio_sample_14	plant_associated	Phaeosphaeria_eustoma_MPI-SP2-AT-0401	50715933	192486	0.38
plant_associated_long_pacbio_sample_14	plant_associated	Phialocephala_fortinii_MPI-SW4-AT-0551	76760107	52794	0.07
plant_associated_long_pacbio_sample_14	plant_associated	Phialocephala_fortinii_MPI-SW4-AT-0651	79037002	8245918	10.43
plant_associated_long_pacbio_sample_14	plant_associated	Phoma_exigua_MPI-PUGE-AT-0052	35350367	722116	2.04
plant_associated_long_pacbio_sample_14	plant_associated	Phoma_radicina_MPI-SP2-AT-0466	38215437	109666	0.29
plant_associated_long_pacbio_sample_14	plant_associated	Phoma_selaginellicola_MPI-SW4-AT-0584	44198635	1423168	3.22
plant_associated_long_pacbio_sample_14	plant_associated	Phomopsis_columnaris_MPI-SP2-AT-0504	88466628	751527	0.85
plant_associated_long_pacbio_sample_14	plant_associated	Phomopsis_columnaris_MPI-SW4-AT-0540	73756538	5940834	8.05
plant_associated_long_pacbio_sample_14	plant_associated	Plectosphaerella_cucumerina_MPI-FR1-AT-0340	39476090	652438	1.65
plant_associated_long_pacbio_sample_14	plant_associated	Plectosphaerella_cucumerina_MPI-SP2-AT-0421	39382239	917802	2.33
plant_associated_long_pacbio_sample_14	plant_associated	Plectosphaerella_cucumerina_MPI-SP2-AT-0455	37412521	59614	0.16
plant_associated_long_pacbio_sample_14	plant_associated	Pyrenochaeta_lycopersici_MPI-FR1-AT-0381	54218686	1834387	3.38
plant_associated_long_pacbio_sample_14	plant_associated	RNODE_103_length_2852_cov_4.11378	28300	5134	18.14
plant_associated_long_pacbio_sample_14	plant_associated	RNODE_104_length_5057_cov_12.80755	50350	16945	33.65
plant_associated_long_pacbio_sample_14	plant_associated	RNODE_112_length_5666_cov_6.47909	56440	15846	28.08
plant_associated_long_pacbio_sample_14	plant_associated	RNODE_118_length_1774_cov_2.07534	17520	7795	44.49
plant_associated_long_pacbio_sample_14	plant_associated	RNODE_119_length_2367_cov_7.70704	23450	2713	11.57
plant_associated_long_pacbio_sample_14	plant_associated	RNODE_121_length_10870_cov_30.65219	108480	14694	13.55
plant_associated_long_pacbio_sample_14	plant_associated	RNODE_123_length_2054_cov_30.18504	20320	5139	25.29
plant_associated_long_pacbio_sample_14	plant_associated	RNODE_124_length_1415_cov_2.71141	13930	2743	19.69
plant_associated_long_pacbio_sample_14	plant_associated	RNODE_130_length_2230_cov_8.22328	22080	20772	94.08
plant_associated_long_pacbio_sample_14	plant_associated	RNODE_135_length_2376_cov_3.88445	23540	2682	11.39
plant_associated_long_pacbio_sample_14	plant_associated	RNODE_138_length_6510_cov_13.48012	64880	64500	99.41
plant_associated_long_pacbio_sample_14	plant_associated	RNODE_141_length_2345_cov_22.92639	23230	11235	48.36
plant_associated_long_pacbio_sample_14	plant_associated	RNODE_144_length_2325_cov_4.38472	23030	22590	98.09
plant_associated_long_pacbio_sample_14	plant_associated	RNODE_145_length_1547_cov_6.91082	15250	12192	79.95
plant_associated_long_pacbio_sample_14	plant_associated	RNODE_157_length_9240_cov_11.70069	92180	10595	11.49
plant_associated_long_pacbio_sample_14	plant_associated	RNODE_161_length_2494_cov_2.64806	24720	2672	10.81
plant_associated_long_pacbio_sample_14	plant_associated	RNODE_163_length_2924_cov_26.52619	29020	2779	9.58
plant_associated_long_pacbio_sample_14	plant_associated	RNODE_164_length_3484_cov_4.58781	34620	2561	7.40
plant_associated_long_pacbio_sample_14	plant_associated	RNODE_167_length_15660_cov_7.41802	156380	110517	70.67
plant_associated_long_pacbio_sample_14	plant_associated	RNODE_174_length_2429_cov_2.88035	24070	5454	22.66
plant_associated_long_pacbio_sample_14	plant_associated	RNODE_178_length_3618_cov_3.32119	35960	7386	20.54
plant_associated_long_pacbio_sample_14	plant_associated	RNODE_179_length_3165_cov_11.18263	31430	2656	8.45
plant_associated_long_pacbio_sample_14	plant_associated	RNODE_185_length_1556_cov_2.93481	15340	2689	17.53
plant_associated_long_pacbio_sample_14	plant_associated	RNODE_188_length_3578_cov_152.10292	35560	15515	43.63
plant_associated_long_pacbio_sample_14	plant_associated	RNODE_190_length_2372_cov_3.90340	23500	2649	11.27
plant_associated_long_pacbio_sample_14	plant_associated	RNODE_196_length_1935_cov_38.48772	19130	17698	92.51
plant_associated_long_pacbio_sample_14	plant_associated	RNODE_198_length_2135_cov_8.85376	21130	8042	38.06
plant_associated_long_pacbio_sample_14	plant_associated	RNODE_206_length_1596_cov_53.17090	15740	4526	28.75
plant_associated_long_pacbio_sample_14	plant_associated	RNODE_208_length_1614_cov_5.26633	15920	6599	41.45
plant_associated_long_pacbio_sample_14	plant_associated	RNODE_217_length_2598_cov_4.83502	25760	25482	98.92
plant_associated_long_pacbio_sample_14	plant_associated	RNODE_226_length_3315_cov_75.69511	32930	29708	90.22
plant_associated_long_pacbio_sample_14	plant_associated	RNODE_233_length_1740_cov_3.83120	17180	2716	15.81
plant_associated_long_pacbio_sample_14	plant_associated	RNODE_236_length_2297_cov_5.75912	22750	2728	11.99
plant_associated_long_pacbio_sample_14	plant_associated	RNODE_237_length_4009_cov_52.34788	39870	2642	6.63
plant_associated_long_pacbio_sample_14	plant_associated	RNODE_241_length_10461_cov_3.82000	104390	5200	4.98
plant_associated_long_pacbio_sample_14	plant_associated	RNODE_244_length_5333_cov_28.75937	53110	2723	5.13
plant_associated_long_pacbio_sample_14	plant_associated	RNODE_247_length_8256_cov_14.85123	82340	66392	80.63
plant_associated_long_pacbio_sample_14	plant_associated	RNODE_256_length_3265_cov_29.43355	32430	2680	8.26
plant_associated_long_pacbio_sample_14	plant_associated	RNODE_257_length_1602_cov_16.93671	15800	4611	29.18
plant_associated_long_pacbio_sample_14	plant_associated	RNODE_261_length_5536_cov_4.10881	55140	2612	4.74
plant_associated_long_pacbio_sample_14	plant_associated	RNODE_264_length_2217_cov_3.64237	21950	10772	49.08
plant_associated_long_pacbio_sample_14	plant_associated	RNODE_271_length_3998_cov_11.67404	39760	2630	6.61
plant_associated_long_pacbio_sample_14	plant_associated	RNODE_275_length_3412_cov_8.48584	33900	32420	95.63
plant_associated_long_pacbio_sample_14	plant_associated	RNODE_284_length_8760_cov_7.25395	87380	9979	11.42
plant_associated_long_pacbio_sample_14	plant_associated	RNODE_286_length_1588_cov_4.62324	15660	14972	95.61
plant_associated_long_pacbio_sample_14	plant_associated	RNODE_288_length_3164_cov_59.95449	31420	2695	8.58
plant_associated_long_pacbio_sample_14	plant_associated	RNODE_28_length_2156_cov_6.27835	21340	18647	87.38
plant_associated_long_pacbio_sample_14	plant_associated	RNODE_292_length_1675_cov_7.61464	16530	8007	48.44
plant_associated_long_pacbio_sample_14	plant_associated	RNODE_296_length_1799_cov_6.54699	17770	2622	14.76
plant_associated_long_pacbio_sample_14	plant_associated	RNODE_297_length_1810_cov_21.16499	17880	4905	27.43
plant_associated_long_pacbio_sample_14	plant_associated	RNODE_299_length_1525_cov_5.32402	15030	2659	17.69
plant_associated_long_pacbio_sample_14	plant_associated	RNODE_300_length_4019_cov_4.97498	39970	2742	6.86
plant_associated_long_pacbio_sample_14	plant_associated	RNODE_301_length_8746_cov_4.36474	87240	17669	20.25
plant_associated_long_pacbio_sample_14	plant_associated	RNODE_305_length_1545_cov_4.08273	15230	5075	33.32
plant_associated_long_pacbio_sample_14	plant_associated	RNODE_310_length_7241_cov_7.51586	72190	2524	3.50
plant_associated_long_pacbio_sample_14	plant_associated	RNODE_317_length_2062_cov_4.66471	20400	20394	99.97
plant_associated_long_pacbio_sample_14	plant_associated	RNODE_325_length_1939_cov_27.67762	19170	18900	98.59
plant_associated_long_pacbio_sample_14	plant_associated	RNODE_329_length_4403_cov_3.14905	43810	5138	11.73
plant_associated_long_pacbio_sample_14	plant_associated	RNODE_331_length_2739_cov_8.16194	27170	2707	9.96
plant_associated_long_pacbio_sample_14	plant_associated	RNODE_333_length_29512_cov_5.09183	294900	13381	4.54
plant_associated_long_pacbio_sample_14	plant_associated	RNODE_347_length_5424_cov_5.89171	54020	53260	98.59
plant_associated_long_pacbio_sample_14	plant_associated	RNODE_34_length_5214_cov_5.85112	51920	36559	70.41
plant_associated_long_pacbio_sample_14	plant_associated	RNODE_352_length_10296_cov_22.51324	102740	66654	64.88
plant_associated_long_pacbio_sample_14	plant_associated	RNODE_353_length_1966_cov_4.24691	19440	6924	35.62
plant_associated_long_pacbio_sample_14	plant_associated	RNODE_363_length_5653_cov_18.32623	56310	7945	14.11
plant_associated_long_pacbio_sample_14	plant_associated	RNODE_369_length_4633_cov_7.61375	46110	36057	78.20
plant_associated_long_pacbio_sample_14	plant_associated	RNODE_371_length_3091_cov_4.47833	30690	21742	70.84
plant_associated_long_pacbio_sample_14	plant_associated	RNODE_373_length_1497_cov_5.24000	14750	2727	18.49
plant_associated_long_pacbio_sample_14	plant_associated	RNODE_375_length_2518_cov_4.10497	24960	24802	99.37
plant_associated_long_pacbio_sample_14	plant_associated	RNODE_377_length_2313_cov_34.45308	22910	2841	12.40
plant_associated_long_pacbio_sample_14	plant_associated	RNODE_378_length_1492_cov_8.56599	14700	2719	18.50
plant_associated_long_pacbio_sample_14	plant_associated	RNODE_379_length_1435_cov_1.62350	14130	2758	19.52
plant_associated_long_pacbio_sample_14	plant_associated	RNODE_406_length_2395_cov_90.64012	23730	10226	43.09
plant_associated_long_pacbio_sample_14	plant_associated	RNODE_409_length_1368_cov_5.05646	13460	2800	20.80
plant_associated_long_pacbio_sample_14	plant_associated	RNODE_410_length_2558_cov_5.74172	25360	2816	11.10
plant_associated_long_pacbio_sample_14	plant_associated	RNODE_412_length_3243_cov_51.13691	32210	18589	57.71
plant_associated_long_pacbio_sample_14	plant_associated	RNODE_416_length_1581_cov_3.82938	15590	15537	99.66
plant_associated_long_pacbio_sample_14	plant_associated	RNODE_426_length_2252_cov_11.50083	22080	2569	11.63
plant_associated_long_pacbio_sample_14	plant_associated	RNODE_427_length_9830_cov_4.30470	97860	2636	2.69
plant_associated_long_pacbio_sample_14	plant_associated	RNODE_430_length_8758_cov_13.30595	86260	10356	12.01
plant_associated_long_pacbio_sample_14	plant_associated	RNODE_433_length_2054_cov_26.46352	20100	7337	36.50
plant_associated_long_pacbio_sample_14	plant_associated	RNODE_437_length_3085_cov_98.66641	30410	2544	8.37
plant_associated_long_pacbio_sample_14	plant_associated	RNODE_446_length_1542_cov_16.88168	14760	2594	17.57
plant_associated_long_pacbio_sample_14	plant_associated	RNODE_45_length_2213_cov_3.74441	21910	11835	54.02
plant_associated_long_pacbio_sample_14	plant_associated	RNODE_471_length_2314_cov_27.32580	22480	17986	80.01
plant_associated_long_pacbio_sample_14	plant_associated	RNODE_473_length_2154_cov_104.90849	20660	2714	13.14
plant_associated_long_pacbio_sample_14	plant_associated	RNODE_477_length_5419_cov_20.61131	53530	23133	43.22
plant_associated_long_pacbio_sample_14	plant_associated	RNODE_480_length_1461_cov_9.87912	14170	2658	18.76
plant_associated_long_pacbio_sample_14	plant_associated	RNODE_482_length_12608_cov_5.40546	125640	2585	2.06
plant_associated_long_pacbio_sample_14	plant_associated	RNODE_483_length_2623_cov_9.08778	25570	19689	77.00
plant_associated_long_pacbio_sample_14	plant_associated	RNODE_486_length_2116_cov_5.68150	20280	15151	74.71
plant_associated_long_pacbio_sample_14	plant_associated	RNODE_488_length_20029_cov_34.82594	199850	184248	92.19
plant_associated_long_pacbio_sample_14	plant_associated	RNODE_49_length_2149_cov_5.34556	21270	18765	88.22
plant_associated_long_pacbio_sample_14	plant_associated	RNODE_500_length_1680_cov_27.45896	16360	2749	16.80
plant_associated_long_pacbio_sample_14	plant_associated	RNODE_507_length_1987_cov_46.05898	19430	2726	14.03
plant_associated_long_pacbio_sample_14	plant_associated	RNODE_525_length_3666_cov_9.03954	35780	15678	43.82
plant_associated_long_pacbio_sample_14	plant_associated	RNODE_529_length_1514_cov_4.48325	14700	2678	18.22
plant_associated_long_pacbio_sample_14	plant_associated	RNODE_53_length_5801_cov_10.05503	57790	2648	4.58
plant_associated_long_pacbio_sample_14	plant_associated	RNODE_548_length_4577_cov_9.61395	44890	44597	99.35
plant_associated_long_pacbio_sample_14	plant_associated	RNODE_552_length_2139_cov_25.28849	20950	6889	32.88
plant_associated_long_pacbio_sample_14	plant_associated	RNODE_558_length_8065_cov_7.29220	79770	2701	3.39
plant_associated_long_pacbio_sample_14	plant_associated	RNODE_567_length_2043_cov_21.53474	19550	2661	13.61
plant_associated_long_pacbio_sample_14	plant_associated	RNODE_570_length_2044_cov_6.96707	19560	10450	53.43
plant_associated_long_pacbio_sample_14	plant_associated	RNODE_572_length_1964_cov_10.71878	18980	18745	98.76
plant_associated_long_pacbio_sample_14	plant_associated	RNODE_577_length_7056_cov_38.11425	70120	60923	86.88
plant_associated_long_pacbio_sample_14	plant_associated	RNODE_580_length_4156_cov_8.38751	41120	2692	6.55
plant_associated_long_pacbio_sample_14	plant_associated	RNODE_582_length_6266_cov_6.90437	61780	41271	66.80
plant_associated_long_pacbio_sample_14	plant_associated	RNODE_586_length_6115_cov_7.69537	60710	5360	8.83
plant_associated_long_pacbio_sample_14	plant_associated	RNODE_591_length_3620_cov_70.16410	35760	35180	98.38
plant_associated_long_pacbio_sample_14	plant_associated	RNODE_593_length_8426_cov_4.28144	83820	2736	3.26
plant_associated_long_pacbio_sample_14	plant_associated	RNODE_61_length_7669_cov_5.82281	76470	75415	98.62
plant_associated_long_pacbio_sample_14	plant_associated	RNODE_63_length_9116_cov_7.17902	90940	2628	2.89
plant_associated_long_pacbio_sample_14	plant_associated	RNODE_70_length_1980_cov_24.25332	19580	2802	14.31
plant_associated_long_pacbio_sample_14	plant_associated	RNODE_71_length_2272_cov_3.05244	22500	15528	69.01
plant_associated_long_pacbio_sample_14	plant_associated	RNODE_75_length_1697_cov_2.91164	16750	10522	62.82
plant_associated_long_pacbio_sample_14	plant_associated	RNODE_76_length_3393_cov_4.30851	33710	33501	99.38
plant_associated_long_pacbio_sample_14	plant_associated	RNODE_77_length_2624_cov_7.14989	26020	2670	10.26
plant_associated_long_pacbio_sample_14	plant_associated	RNODE_83_length_6134_cov_3.71057	61120	33348	54.56
plant_associated_long_pacbio_sample_14	plant_associated	RNODE_85_length_1577_cov_8.00900	15550	15078	96.96
plant_associated_long_pacbio_sample_14	plant_associated	RNODE_86_length_2125_cov_11.11507	21030	20434	97.17
plant_associated_long_pacbio_sample_14	plant_associated	RNODE_99_length_1369_cov_5.25687	13470	5013	37.22
plant_associated_long_pacbio_sample_14	plant_associated	Rhizopycnis_vagum_MPI-FR1-AT-0346	53344606	304922	0.57
plant_associated_long_pacbio_sample_14	plant_associated	Sarocladium_strictum_MPI-IT2-AT-0306	31483859	538527	1.71
plant_associated_long_pacbio_sample_14	plant_associated	Sarocladium_strictum_MPI-SWE4-AT-0554	34794780	131887	0.38
plant_associated_long_pacbio_sample_14	plant_associated	Sporobolomyces_sasicola_MPI-IT2-AT-0310	60772292	4537675	7.47
plant_associated_long_pacbio_sample_14	plant_associated	Talaromyces_verruculosus_MPI-SP2-AT-0411	32407473	977056	3.01
plant_associated_long_pacbio_sample_14	plant_associated	Truncatella_angustata_MPI-SW4-AT-0541	58029377	6280255	10.82
plant_associated_long_pacbio_sample_14	plant_associated	Umbelopsis_autotrophica_MPI-SW4-AT-0611	27968122	56400	0.20
plant_associated_long_pacbio_sample_14	plant_associated	Verticillium_dahliae_MPI-FR1-AT-0353	36758448	2946195	8.02
plant_associated_long_pacbio_sample_18	plant_associated	3823_L	5775662	3687159	63.84
plant_associated_long_pacbio_sample_18	plant_associated	3823_R	6632823	2383215	35.93
plant_associated_long_pacbio_sample_18	plant_associated	3934_E	4186652	2112539	50.46
plant_associated_long_pacbio_sample_18	plant_associated	3934_F	4179155	2099232	50.23
plant_associated_long_pacbio_sample_18	plant_associated	Alternaria_tenuis_MPI-SDFR-AT-0071	34443718	14615772	42.43
plant_associated_long_pacbio_sample_18	plant_associated	Aspergillus_fumigatus_MPI-SW4-AT-0569	47521149	648603	1.36
plant_associated_long_pacbio_sample_18	plant_associated	Cladosporium_rectoides_MPI-GEGE-AT-0032	33942924	3514521	10.35
plant_associated_long_pacbio_sample_18	plant_associated	Cryptosporiopsis_ericae_MPI-SW4-AT-0549	64936402	2573845	3.96
plant_associated_long_pacbio_sample_18	plant_associated	Cylindrocarpon_pauciseptatum_MPI-SP2-AT-0468	60797881	1793619	2.95
plant_associated_long_pacbio_sample_18	plant_associated	Embellisia_chlamydospora_MPI-FR1-AT-0336	37793906	3197313	8.46
plant_associated_long_pacbio_sample_18	plant_associated	Embellisia_chlamydospora_MPI-SP2-AT-0402	35209770	94930	0.27
plant_associated_long_pacbio_sample_18	plant_associated	Fusarium_equiseti_MPI-CAGE-CH-0233	40656868	88368	0.22
plant_associated_long_pacbio_sample_18	plant_associated	Fusarium_falciforme_MPI-FR1-AT-0333	61555659	283787	0.46
plant_associated_long_pacbio_sample_18	plant_associated	Fusarium_falciforme_MPI-IT2-AT-0322	62862651	734325	1.17
plant_associated_long_pacbio_sample_18	plant_associated	Fusarium_oxysporum_MPI-CAGE-AT-0013	56548958	11054750	19.55
plant_associated_long_pacbio_sample_18	plant_associated	Fusarium_oxysporum_MPI-CAGE-CH-0226	57238069	2757891	4.82
plant_associated_long_pacbio_sample_18	plant_associated	Fusarium_oxysporum_MPI-FR1-AT-0335	55153359	3278041	5.94
plant_associated_long_pacbio_sample_18	plant_associated	Fusarium_oxysporum_MPI-IT2-AT-0302	53201618	6037178	11.35
plant_associated_long_pacbio_sample_18	plant_associated	Fusarium_oxysporum_MPI-PUGE-AT-0057	59071048	1497178	2.53
plant_associated_long_pacbio_sample_18	plant_associated	Fusarium_oxysporum_MPI-SP2-AT-0407	52105426	6851777	13.15
plant_associated_long_pacbio_sample_18	plant_associated	Fusarium_redolens_MPI-CAGE-CH-0216	55076993	47075	0.09
plant_associated_long_pacbio_sample_18	plant_associated	Fusarium_torulosum_MPI-SDFR-AT-0089	42850815	1834070	4.28
plant_associated_long_pacbio_sample_18	plant_associated	GCF_000001735.4_TAIR10.1_genomic	119668634	25069233	20.95
plant_associated_long_pacbio_sample_18	plant_associated	Gibellulopsis_nigrescens_MPI-SP2-AT-0410	35340245	21152317	59.85
plant_associated_long_pacbio_sample_18	plant_associated	Hypocrea_atroviridis_MPI-SP2-AT-0434	39107378	2818802	7.21
plant_associated_long_pacbio_sample_18	plant_associated	Ilyonectria_macrodidyma_MPI-GEGE-AT-0033	74816530	1978311	2.64
plant_associated_long_pacbio_sample_18	plant_associated	Leptodontidium_orchidicola_MPI-SW4-AT-0643	79839788	2391274	3.00
plant_associated_long_pacbio_sample_18	plant_associated	LjRoot103	6766373	2371816	35.05
plant_associated_long_pacbio_sample_18	plant_associated	LjRoot109	5187907	5186047	99.96
plant_associated_long_pacbio_sample_18	plant_associated	LjRoot120	5029324	2211355	43.97
plant_associated_long_pacbio_sample_18	plant_associated	LjRoot130	7515573	7496908	99.75
plant_associated_long_pacbio_sample_18	plant_associated	LjRoot150	6759260	2376055	35.15
plant_associated_long_pacbio_sample_18	plant_associated	LjRoot175	8509316	7959385	93.54
plant_associated_long_pacbio_sample_18	plant_associated	LjRoot181	5106542	5052103	98.93
plant_associated_long_pacbio_sample_18	plant_associated	LjRoot187	5283764	5282116	99.97
plant_associated_long_pacbio_sample_18	plant_associated	LjRoot66	7283570	2419958	33.22
plant_associated_long_pacbio_sample_18	plant_associated	LjRoot84	8172318	8136421	99.56
plant_associated_long_pacbio_sample_18	plant_associated	Macrophomina_phaseolina_MPI-FR1-AT-0330	58552437	96957	0.17
plant_associated_long_pacbio_sample_18	plant_associated	Macrophomina_phaseolina_MPI-SDFR-AT-0085	50849765	23165803	45.56
plant_associated_long_pacbio_sample_18	plant_associated	Metacordyceps_chlamydosporia_MPI-IT2-AT-0323	43916484	4632363	10.55
plant_associated_long_pacbio_sample_18	plant_associated	Myrothecium_cinctum_MPI-SP2-AT-0408	44683684	715472	1.60
plant_associated_long_pacbio_sample_18	plant_associated	Neonectria_radicicola_MPI-CAGE-CH-0236	75485037	24744355	32.78
plant_associated_long_pacbio_sample_18	plant_associated	Ochroconis_tshawytschae_MPI-SP2-AT-0416	36199058	340243	0.94
plant_associated_long_pacbio_sample_18	plant_associated	Otu1.0	8272925	8272915	100.00
plant_associated_long_pacbio_sample_18	plant_associated	Otu1011.0	4128024	678253	16.43
plant_associated_long_pacbio_sample_18	plant_associated	Otu1011.1	4326177	1342	0.03
plant_associated_long_pacbio_sample_18	plant_associated	Otu1015	7184930	252912	3.52
plant_associated_long_pacbio_sample_18	plant_associated	Otu1026	3437861	119412	3.47
plant_associated_long_pacbio_sample_18	plant_associated	Otu1027	5542512	194780	3.51
plant_associated_long_pacbio_sample_18	plant_associated	Otu1060.0	5487842	193823	3.53
plant_associated_long_pacbio_sample_18	plant_associated	Otu107.0	6080660	3930138	64.63
plant_associated_long_pacbio_sample_18	plant_associated	Otu1074.0	4046337	143344	3.54
plant_associated_long_pacbio_sample_18	plant_associated	Otu1086.0	8082175	1571374	19.44
plant_associated_long_pacbio_sample_18	plant_associated	Otu1096.0	4016304	107969	2.69
plant_associated_long_pacbio_sample_18	plant_associated	Otu1096.1	4450484	38789	0.87
plant_associated_long_pacbio_sample_18	plant_associated	Otu118.0	4847736	2565264	52.92
plant_associated_long_pacbio_sample_18	plant_associated	Otu12.0	5998578	5997794	99.99
plant_associated_long_pacbio_sample_18	plant_associated	Otu126.0	5613379	5569417	99.22
plant_associated_long_pacbio_sample_18	plant_associated	Otu128.0	4243840	3159237	74.44
plant_associated_long_pacbio_sample_18	plant_associated	Otu130.0	8053582	819565	10.18
plant_associated_long_pacbio_sample_18	plant_associated	Otu14.0	6165189	6163309	99.97
plant_associated_long_pacbio_sample_18	plant_associated	Otu153.0	4265309	4247266	99.58
plant_associated_long_pacbio_sample_18	plant_associated	Otu162.0	4435904	1116883	25.18
plant_associated_long_pacbio_sample_18	plant_associated	Otu166.0	7397446	261119	3.53
plant_associated_long_pacbio_sample_18	plant_associated	Otu17.0	5623870	5623612	100.00
plant_associated_long_pacbio_sample_18	plant_associated	Otu179.0	5923416	605802	10.23
plant_associated_long_pacbio_sample_18	plant_associated	Otu18.0	6642739	3820252	57.51
plant_associated_long_pacbio_sample_18	plant_associated	Otu18.1	5865110	5861936	99.95
plant_associated_long_pacbio_sample_18	plant_associated	Otu182.0	7250714	4178480	57.63
plant_associated_long_pacbio_sample_18	plant_associated	Otu187.0	6517831	449604	6.90
plant_associated_long_pacbio_sample_18	plant_associated	Otu19.0	7156009	6848974	95.71
plant_associated_long_pacbio_sample_18	plant_associated	Otu2.0	6691076	6687585	99.95
plant_associated_long_pacbio_sample_18	plant_associated	Otu207.0	5421267	1898625	35.02
plant_associated_long_pacbio_sample_18	plant_associated	Otu209.0	6256692	6107234	97.61
plant_associated_long_pacbio_sample_18	plant_associated	Otu21.0	7486156	7485590	99.99
plant_associated_long_pacbio_sample_18	plant_associated	Otu211.0	4697841	1742402	37.09
plant_associated_long_pacbio_sample_18	plant_associated	Otu212.0	6070971	259686	4.28
plant_associated_long_pacbio_sample_18	plant_associated	Otu212.1	6893426	1500989	21.77
plant_associated_long_pacbio_sample_18	plant_associated	Otu213.0	2246262	317224	14.12
plant_associated_long_pacbio_sample_18	plant_associated	Otu213.1	3571992	1996532	55.89
plant_associated_long_pacbio_sample_18	plant_associated	Otu22.0	3375334	3341950	99.01
plant_associated_long_pacbio_sample_18	plant_associated	Otu220.0	8429646	812664	9.64
plant_associated_long_pacbio_sample_18	plant_associated	Otu220.1	3038461	18978	0.62
plant_associated_long_pacbio_sample_18	plant_associated	Otu222.0	3637432	484884	13.33
plant_associated_long_pacbio_sample_18	plant_associated	Otu24.0	6848260	6842735	99.92
plant_associated_long_pacbio_sample_18	plant_associated	Otu247.0	5861079	3917726	66.84
plant_associated_long_pacbio_sample_18	plant_associated	Otu250.0	4971336	3498817	70.38
plant_associated_long_pacbio_sample_18	plant_associated	Otu251.0	6366386	3573068	56.12
plant_associated_long_pacbio_sample_18	plant_associated	Otu261.0	2815256	1324087	47.03
plant_associated_long_pacbio_sample_18	plant_associated	Otu261.1	3449886	147977	4.29
plant_associated_long_pacbio_sample_18	plant_associated	Otu265.0	4168266	146667	3.52
plant_associated_long_pacbio_sample_18	plant_associated	Otu28.0	9926029	9046773	91.14
plant_associated_long_pacbio_sample_18	plant_associated	Otu29.0	4618281	4617973	99.99
plant_associated_long_pacbio_sample_18	plant_associated	Otu295.0	5871558	2898548	49.37
plant_associated_long_pacbio_sample_18	plant_associated	Otu296.0	5469090	17911	0.33
plant_associated_long_pacbio_sample_18	plant_associated	Otu296.1	10988507	1777807	16.18
plant_associated_long_pacbio_sample_18	plant_associated	Otu3.0	7808587	7807501	99.99
plant_associated_long_pacbio_sample_18	plant_associated	Otu300.0	9139763	1502822	16.44
plant_associated_long_pacbio_sample_18	plant_associated	Otu309.0	4370627	848498	19.41
plant_associated_long_pacbio_sample_18	plant_associated	Otu31.0	5790538	1606385	27.74
plant_associated_long_pacbio_sample_18	plant_associated	Otu34.0	7021156	6996329	99.65
plant_associated_long_pacbio_sample_18	plant_associated	Otu347.0	7325824	510127	6.96
plant_associated_long_pacbio_sample_18	plant_associated	Otu36.0	5983874	5815617	97.19
plant_associated_long_pacbio_sample_18	plant_associated	Otu392.0	5910965	5838458	98.77
plant_associated_long_pacbio_sample_18	plant_associated	Otu4.0	7707227	7705630	99.98
plant_associated_long_pacbio_sample_18	plant_associated	Otu411.0	4715201	478949	10.16
plant_associated_long_pacbio_sample_18	plant_associated	Otu416.0	10193148	352790	3.46
plant_associated_long_pacbio_sample_18	plant_associated	Otu431.0	6450400	448558	6.95
plant_associated_long_pacbio_sample_18	plant_associated	Otu45.0	3402093	2674855	78.62
plant_associated_long_pacbio_sample_18	plant_associated	Otu45.1	5873253	733142	12.48
plant_associated_long_pacbio_sample_18	plant_associated	Otu457.0	6652092	2002515	30.10
plant_associated_long_pacbio_sample_18	plant_associated	Otu480.0	9127347	320989	3.52
plant_associated_long_pacbio_sample_18	plant_associated	Otu486.0	4985871	460356	9.23
plant_associated_long_pacbio_sample_18	plant_associated	Otu486.1	7579488	87212	1.15
plant_associated_long_pacbio_sample_18	plant_associated	Otu50.0	7244857	4863119	67.13
plant_associated_long_pacbio_sample_18	plant_associated	Otu511.0	5733316	768224	13.40
plant_associated_long_pacbio_sample_18	plant_associated	Otu522.0	6048791	25331	0.42
plant_associated_long_pacbio_sample_18	plant_associated	Otu522.1	7634858	1667786	21.84
plant_associated_long_pacbio_sample_18	plant_associated	Otu526.0	3076621	207531	6.75
plant_associated_long_pacbio_sample_18	plant_associated	Otu535.0	7237391	1408669	19.46
plant_associated_long_pacbio_sample_18	plant_associated	Otu554.0	2945007	105018	3.57
plant_associated_long_pacbio_sample_18	plant_associated	Otu555.0	3337035	118127	3.54
plant_associated_long_pacbio_sample_18	plant_associated	Otu560.0	4772825	489647	10.26
plant_associated_long_pacbio_sample_18	plant_associated	Otu577.0	4657400	163827	3.52
plant_associated_long_pacbio_sample_18	plant_associated	Otu58.0	5765749	5511387	95.59
plant_associated_long_pacbio_sample_18	plant_associated	Otu581.0	4357980	151893	3.49
plant_associated_long_pacbio_sample_18	plant_associated	Otu59.0	8004702	4971115	62.10
plant_associated_long_pacbio_sample_18	plant_associated	Otu610.0	8033195	281452	3.50
plant_associated_long_pacbio_sample_18	plant_associated	Otu619.0	6098467	2125681	34.86
plant_associated_long_pacbio_sample_18	plant_associated	Otu62.0	6160831	6039147	98.02
plant_associated_long_pacbio_sample_18	plant_associated	Otu628	3846862	134580	3.50
plant_associated_long_pacbio_sample_18	plant_associated	Otu63.0	5158255	1800640	34.91
plant_associated_long_pacbio_sample_18	plant_associated	Otu64.0	3717215	2407537	64.77
plant_associated_long_pacbio_sample_18	plant_associated	Otu657.0	4015664	541771	13.49
plant_associated_long_pacbio_sample_18	plant_associated	Otu657.1	4196278	136609	3.26
plant_associated_long_pacbio_sample_18	plant_associated	Otu659.0	5630525	391262	6.95
plant_associated_long_pacbio_sample_18	plant_associated	Otu7.0	7063276	7058465	99.93
plant_associated_long_pacbio_sample_18	plant_associated	Otu712.0	2766400	97128	3.51
plant_associated_long_pacbio_sample_18	plant_associated	Otu72.0	11169004	9689790	86.76
plant_associated_long_pacbio_sample_18	plant_associated	Otu734.0	9376071	3270970	34.89
plant_associated_long_pacbio_sample_18	plant_associated	Otu74.0	6856875	240078	3.50
plant_associated_long_pacbio_sample_18	plant_associated	Otu75.0	6819904	5338005	78.27
plant_associated_long_pacbio_sample_18	plant_associated	Otu755.0	7688589	2120786	27.58
plant_associated_long_pacbio_sample_18	plant_associated	Otu779.0	5619607	1247503	22.20
plant_associated_long_pacbio_sample_18	plant_associated	Otu78.0	8961318	2238419	24.98
plant_associated_long_pacbio_sample_18	plant_associated	Otu780.0	6710579	463493	6.91
plant_associated_long_pacbio_sample_18	plant_associated	Otu784	4669183	769932	16.49
plant_associated_long_pacbio_sample_18	plant_associated	Otu786.0	3614992	484086	13.39
plant_associated_long_pacbio_sample_18	plant_associated	Otu787	7414222	755039	10.18
plant_associated_long_pacbio_sample_18	plant_associated	Otu794.0	6508538	3462734	53.20
plant_associated_long_pacbio_sample_18	plant_associated	Otu795.0	5220914	185702	3.56
plant_associated_long_pacbio_sample_18	plant_associated	Otu798.0	6477549	448225	6.92
plant_associated_long_pacbio_sample_18	plant_associated	Otu80.0	5624298	3088191	54.91
plant_associated_long_pacbio_sample_18	plant_associated	Otu80.1	5671355	688175	12.13
plant_associated_long_pacbio_sample_18	plant_associated	Otu809	4302840	299388	6.96
plant_associated_long_pacbio_sample_18	plant_associated	Otu83.0	5660134	1092593	19.30
plant_associated_long_pacbio_sample_18	plant_associated	Otu83.1	7044772	12115	0.17
plant_associated_long_pacbio_sample_18	plant_associated	Otu830.0	6335786	441683	6.97
plant_associated_long_pacbio_sample_18	plant_associated	Otu835.0	6874844	243257	3.54
plant_associated_long_pacbio_sample_18	plant_associated	Otu839.0	4389528	33462	0.76
plant_associated_long_pacbio_sample_18	plant_associated	Otu839.1	6635080	3003895	45.27
plant_associated_long_pacbio_sample_18	plant_associated	Otu86.0	4655221	4410252	94.74
plant_associated_long_pacbio_sample_18	plant_associated	Otu867.0	3574776	247355	6.92
plant_associated_long_pacbio_sample_18	plant_associated	Otu868.0	5336938	3792644	71.06
plant_associated_long_pacbio_sample_18	plant_associated	Otu883.0	8461333	7871406	93.03
plant_associated_long_pacbio_sample_18	plant_associated	Otu9.0	5995217	5994792	99.99
plant_associated_long_pacbio_sample_18	plant_associated	Otu91.0	6842407	1129853	16.51
plant_associated_long_pacbio_sample_18	plant_associated	Otu93.0	8780833	3468015	39.50
plant_associated_long_pacbio_sample_18	plant_associated	Otu934.0	3113488	108941	3.50
plant_associated_long_pacbio_sample_18	plant_associated	Otu950.0	6352129	180837	2.85
plant_associated_long_pacbio_sample_18	plant_associated	Otu950.1	3899625	24029	0.62
plant_associated_long_pacbio_sample_18	plant_associated	Otu951.0	5781275	1445254	25.00
plant_associated_long_pacbio_sample_18	plant_associated	Otu96.0	4032270	3849042	95.46
plant_associated_long_pacbio_sample_18	plant_associated	Otu978.0	4118656	284361	6.90
plant_associated_long_pacbio_sample_18	plant_associated	Otu987.0	5810342	1734514	29.85
plant_associated_long_pacbio_sample_18	plant_associated	Otu987.1	6570334	2159614	32.87
plant_associated_long_pacbio_sample_18	plant_associated	Otu99.0	5696022	2712795	47.63
plant_associated_long_pacbio_sample_18	plant_associated	Paraphoma_chrysanthemicola_MPI-SDFR-AT-0093	42351520	196891	0.46
plant_associated_long_pacbio_sample_18	plant_associated	Paraphoma_chrysanthemicola_MPI-SDFR-AT-0118	43646342	3973744	9.10
plant_associated_long_pacbio_sample_18	plant_associated	Penicillium_canescens_MPI-SW4-AT-0573	32967678	106800	0.32
plant_associated_long_pacbio_sample_18	plant_associated	Penicillium_crustosum_MPI-IT2-AT-0321	39305582	1193581	3.04
plant_associated_long_pacbio_sample_18	plant_associated	Penicillium_restrictum_MPI-SP2-AT-0405	28557816	14265003	49.95
plant_associated_long_pacbio_sample_18	plant_associated	Peyronellaea_curtisii_MPI-SP2-AT-0415	36822598	4461657	12.12
plant_associated_long_pacbio_sample_18	plant_associated	Phaeosphaeria_eustoma_MPI-FR1-AT-0339	51461602	7375855	14.33
plant_associated_long_pacbio_sample_18	plant_associated	Phaeosphaeria_eustoma_MPI-SP2-AT-0401	50715933	265469	0.52
plant_associated_long_pacbio_sample_18	plant_associated	Phialocephala_fortinii_MPI-SW4-AT-0551	76760107	51518	0.07
plant_associated_long_pacbio_sample_18	plant_associated	Phialocephala_fortinii_MPI-SW4-AT-0651	79037002	10289686	13.02
plant_associated_long_pacbio_sample_18	plant_associated	Phoma_exigua_MPI-PUGE-AT-0052	35350367	761116	2.15
plant_associated_long_pacbio_sample_18	plant_associated	Phoma_radicina_MPI-SP2-AT-0466	38215437	102244	0.27
plant_associated_long_pacbio_sample_18	plant_associated	Phoma_selaginellicola_MPI-SW4-AT-0584	44198635	1143408	2.59
plant_associated_long_pacbio_sample_18	plant_associated	Phomopsis_columnaris_MPI-SP2-AT-0504	88466628	820259	0.93
plant_associated_long_pacbio_sample_18	plant_associated	Phomopsis_columnaris_MPI-SW4-AT-0540	73756538	4608702	6.25
plant_associated_long_pacbio_sample_18	plant_associated	Plectosphaerella_cucumerina_MPI-FR1-AT-0340	39476090	768825	1.95
plant_associated_long_pacbio_sample_18	plant_associated	Plectosphaerella_cucumerina_MPI-SP2-AT-0421	39382239	720227	1.83
plant_associated_long_pacbio_sample_18	plant_associated	Plectosphaerella_cucumerina_MPI-SP2-AT-0455	37412521	65369	0.17
plant_associated_long_pacbio_sample_18	plant_associated	Pyrenochaeta_lycopersici_MPI-FR1-AT-0381	54218686	1934282	3.57
plant_associated_long_pacbio_sample_18	plant_associated	RNODE_103_length_2852_cov_4.11378	28300	4981	17.60
plant_associated_long_pacbio_sample_18	plant_associated	RNODE_104_length_5057_cov_12.80755	50350	38890	77.24
plant_associated_long_pacbio_sample_18	plant_associated	RNODE_112_length_5666_cov_6.47909	56440	20565	36.44
plant_associated_long_pacbio_sample_18	plant_associated	RNODE_121_length_10870_cov_30.65219	108480	5394	4.97
plant_associated_long_pacbio_sample_18	plant_associated	RNODE_123_length_2054_cov_30.18504	20320	9845	48.45
plant_associated_long_pacbio_sample_18	plant_associated	RNODE_124_length_1415_cov_2.71141	13930	5148	36.96
plant_associated_long_pacbio_sample_18	plant_associated	RNODE_130_length_2230_cov_8.22328	22080	21744	98.48
plant_associated_long_pacbio_sample_18	plant_associated	RNODE_138_length_6510_cov_13.48012	64880	64676	99.69
plant_associated_long_pacbio_sample_18	plant_associated	RNODE_141_length_2345_cov_22.92639	23230	5205	22.41
plant_associated_long_pacbio_sample_18	plant_associated	RNODE_144_length_2325_cov_4.38472	23030	22873	99.32
plant_associated_long_pacbio_sample_18	plant_associated	RNODE_145_length_1547_cov_6.91082	15250	14739	96.65
plant_associated_long_pacbio_sample_18	plant_associated	RNODE_151_length_1644_cov_3.51048	16220	2644	16.30
plant_associated_long_pacbio_sample_18	plant_associated	RNODE_157_length_9240_cov_11.70069	92180	5039	5.47
plant_associated_long_pacbio_sample_18	plant_associated	RNODE_161_length_2494_cov_2.64806	24720	2844	11.50
plant_associated_long_pacbio_sample_18	plant_associated	RNODE_164_length_3484_cov_4.58781	34620	11063	31.96
plant_associated_long_pacbio_sample_18	plant_associated	RNODE_167_length_15660_cov_7.41802	156380	124925	79.89
plant_associated_long_pacbio_sample_18	plant_associated	RNODE_174_length_2429_cov_2.88035	24070	4829	20.06
plant_associated_long_pacbio_sample_18	plant_associated	RNODE_178_length_3618_cov_3.32119	35960	9554	26.57
plant_associated_long_pacbio_sample_18	plant_associated	RNODE_179_length_3165_cov_11.18263	31430	7181	22.85
plant_associated_long_pacbio_sample_18	plant_associated	RNODE_182_length_2608_cov_41.99343	25860	2735	10.58
plant_associated_long_pacbio_sample_18	plant_associated	RNODE_183_length_2196_cov_14.40984	21740	4792	22.04
plant_associated_long_pacbio_sample_18	plant_associated	RNODE_185_length_1556_cov_2.93481	15340	2723	17.75
plant_associated_long_pacbio_sample_18	plant_associated	RNODE_188_length_3578_cov_152.10292	35560	34147	96.03
plant_associated_long_pacbio_sample_18	plant_associated	RNODE_196_length_1935_cov_38.48772	19130	18545	96.94
plant_associated_long_pacbio_sample_18	plant_associated	RNODE_198_length_2135_cov_8.85376	21130	18599	88.02
plant_associated_long_pacbio_sample_18	plant_associated	RNODE_202_length_2300_cov_3.80773	22780	4803	21.08
plant_associated_long_pacbio_sample_18	plant_associated	RNODE_206_length_1596_cov_53.17090	15740	4946	31.42
plant_associated_long_pacbio_sample_18	plant_associated	RNODE_208_length_1614_cov_5.26633	15920	9783	61.45
plant_associated_long_pacbio_sample_18	plant_associated	RNODE_217_length_2598_cov_4.83502	25760	25496	98.98
plant_associated_long_pacbio_sample_18	plant_associated	RNODE_226_length_3315_cov_75.69511	32930	31667	96.16
plant_associated_long_pacbio_sample_18	plant_associated	RNODE_233_length_1740_cov_3.83120	17180	15732	91.57
plant_associated_long_pacbio_sample_18	plant_associated	RNODE_236_length_2297_cov_5.75912	22750	2736	12.03
plant_associated_long_pacbio_sample_18	plant_associated	RNODE_237_length_4009_cov_52.34788	39870	2749	6.89
plant_associated_long_pacbio_sample_18	plant_associated	RNODE_241_length_10461_cov_3.82000	104390	5026	4.81
plant_associated_long_pacbio_sample_18	plant_associated	RNODE_244_length_5333_cov_28.75937	53110	5282	9.95
plant_associated_long_pacbio_sample_18	plant_associated	RNODE_247_length_8256_cov_14.85123	82340	74180	90.09
plant_associated_long_pacbio_sample_18	plant_associated	RNODE_253_length_4934_cov_14.39047	49120	25322	51.55
plant_associated_long_pacbio_sample_18	plant_associated	RNODE_257_length_1602_cov_16.93671	15800	2606	16.49
plant_associated_long_pacbio_sample_18	plant_associated	RNODE_264_length_2217_cov_3.64237	21950	15393	70.13
plant_associated_long_pacbio_sample_18	plant_associated	RNODE_267_length_1450_cov_3.70798	14280	2676	18.74
plant_associated_long_pacbio_sample_18	plant_associated	RNODE_284_length_8760_cov_7.25395	87380	10278	11.76
plant_associated_long_pacbio_sample_18	plant_associated	RNODE_286_length_1588_cov_4.62324	15660	14849	94.82
plant_associated_long_pacbio_sample_18	plant_associated	RNODE_288_length_3164_cov_59.95449	31420	2669	8.49
plant_associated_long_pacbio_sample_18	plant_associated	RNODE_28_length_2156_cov_6.27835	21340	20895	97.91
plant_associated_long_pacbio_sample_18	plant_associated	RNODE_292_length_1675_cov_7.61464	16530	9290	56.20
plant_associated_long_pacbio_sample_18	plant_associated	RNODE_293_length_11038_cov_5.01480	110160	12732	11.56
plant_associated_long_pacbio_sample_18	plant_associated	RNODE_295_length_10931_cov_11.99890	109090	5430	4.98
plant_associated_long_pacbio_sample_18	plant_associated	RNODE_296_length_1799_cov_6.54699	17770	2626	14.78
plant_associated_long_pacbio_sample_18	plant_associated	RNODE_297_length_1810_cov_21.16499	17880	5219	29.19
plant_associated_long_pacbio_sample_18	plant_associated	RNODE_299_length_1525_cov_5.32402	15030	2524	16.79
plant_associated_long_pacbio_sample_18	plant_associated	RNODE_300_length_4019_cov_4.97498	39970	7463	18.67
plant_associated_long_pacbio_sample_18	plant_associated	RNODE_301_length_8746_cov_4.36474	87240	26314	30.16
plant_associated_long_pacbio_sample_18	plant_associated	RNODE_305_length_1545_cov_4.08273	15230	2585	16.97
plant_associated_long_pacbio_sample_18	plant_associated	RNODE_306_length_4235_cov_12.16734	42130	2668	6.33
plant_associated_long_pacbio_sample_18	plant_associated	RNODE_317_length_2062_cov_4.66471	20400	20180	98.92
plant_associated_long_pacbio_sample_18	plant_associated	RNODE_325_length_1939_cov_27.67762	19170	19115	99.71
plant_associated_long_pacbio_sample_18	plant_associated	RNODE_329_length_4403_cov_3.14905	43810	7514	17.15
plant_associated_long_pacbio_sample_18	plant_associated	RNODE_333_length_29512_cov_5.09183	294900	10965	3.72
plant_associated_long_pacbio_sample_18	plant_associated	RNODE_347_length_5424_cov_5.89171	54020	53488	99.02
plant_associated_long_pacbio_sample_18	plant_associated	RNODE_34_length_5214_cov_5.85112	51920	45581	87.79
plant_associated_long_pacbio_sample_18	plant_associated	RNODE_352_length_10296_cov_22.51324	102740	61437	59.80
plant_associated_long_pacbio_sample_18	plant_associated	RNODE_353_length_1966_cov_4.24691	19440	8491	43.68
plant_associated_long_pacbio_sample_18	plant_associated	RNODE_356_length_2244_cov_4.44644	22220	5162	23.23
plant_associated_long_pacbio_sample_18	plant_associated	RNODE_358_length_1590_cov_1.68367	15680	4634	29.55
plant_associated_long_pacbio_sample_18	plant_associated	RNODE_369_length_4633_cov_7.61375	46110	42891	93.02
plant_associated_long_pacbio_sample_18	plant_associated	RNODE_371_length_3091_cov_4.47833	30690	18616	60.66
plant_associated_long_pacbio_sample_18	plant_associated	RNODE_373_length_1497_cov_5.24000	14750	11668	79.11
plant_associated_long_pacbio_sample_18	plant_associated	RNODE_375_length_2518_cov_4.10497	24960	24893	99.73
plant_associated_long_pacbio_sample_18	plant_associated	RNODE_376_length_2653_cov_7.05093	26310	2556	9.71
plant_associated_long_pacbio_sample_18	plant_associated	RNODE_377_length_2313_cov_34.45308	22910	5113	22.32
plant_associated_long_pacbio_sample_18	plant_associated	RNODE_378_length_1492_cov_8.56599	14700	9102	61.92
plant_associated_long_pacbio_sample_18	plant_associated	RNODE_379_length_1435_cov_1.62350	14130	2530	17.91
plant_associated_long_pacbio_sample_18	plant_associated	RNODE_405_length_1632_cov_8.96149	16100	4601	28.58
plant_associated_long_pacbio_sample_18	plant_associated	RNODE_406_length_2395_cov_90.64012	23730	2636	11.11
plant_associated_long_pacbio_sample_18	plant_associated	RNODE_409_length_1368_cov_5.05646	13460	2695	20.02
plant_associated_long_pacbio_sample_18	plant_associated	RNODE_412_length_3243_cov_51.13691	32210	30576	94.93
plant_associated_long_pacbio_sample_18	plant_associated	RNODE_416_length_1581_cov_3.82938	15590	15558	99.79
plant_associated_long_pacbio_sample_18	plant_associated	RNODE_419_length_1879_cov_8.64082	18570	7166	38.59
plant_associated_long_pacbio_sample_18	plant_associated	RNODE_427_length_9830_cov_4.30470	97860	5255	5.37
plant_associated_long_pacbio_sample_18	plant_associated	RNODE_430_length_8758_cov_13.30595	86260	8017	9.29
plant_associated_long_pacbio_sample_18	plant_associated	RNODE_433_length_2054_cov_26.46352	20100	19743	98.22
plant_associated_long_pacbio_sample_18	plant_associated	RNODE_437_length_3085_cov_98.66641	30410	8042	26.45
plant_associated_long_pacbio_sample_18	plant_associated	RNODE_441_length_2686_cov_18.21714	25980	2582	9.94
plant_associated_long_pacbio_sample_18	plant_associated	RNODE_446_length_1542_cov_16.88168	14760	2754	18.66
plant_associated_long_pacbio_sample_18	plant_associated	RNODE_452_length_1435_cov_89.39445	13690	8696	63.52
plant_associated_long_pacbio_sample_18	plant_associated	RNODE_45_length_2213_cov_3.74441	21910	12939	59.06
plant_associated_long_pacbio_sample_18	plant_associated	RNODE_471_length_2314_cov_27.32580	22480	14524	64.61
plant_associated_long_pacbio_sample_18	plant_associated	RNODE_473_length_2154_cov_104.90849	20660	2651	12.83
plant_associated_long_pacbio_sample_18	plant_associated	RNODE_475_length_9205_cov_9.11194	91170	9410	10.32
plant_associated_long_pacbio_sample_18	plant_associated	RNODE_477_length_5419_cov_20.61131	53530	27697	51.74
plant_associated_long_pacbio_sample_18	plant_associated	RNODE_478_length_1307_cov_169.80266	12630	4525	35.83
plant_associated_long_pacbio_sample_18	plant_associated	RNODE_480_length_1461_cov_9.87912	14170	2774	19.58
plant_associated_long_pacbio_sample_18	plant_associated	RNODE_482_length_12608_cov_5.40546	125640	48741	38.79
plant_associated_long_pacbio_sample_18	plant_associated	RNODE_483_length_2623_cov_9.08778	25570	20686	80.90
plant_associated_long_pacbio_sample_18	plant_associated	RNODE_486_length_2116_cov_5.68150	20280	13598	67.05
plant_associated_long_pacbio_sample_18	plant_associated	RNODE_488_length_20029_cov_34.82594	199850	199143	99.65
plant_associated_long_pacbio_sample_18	plant_associated	RNODE_49_length_2149_cov_5.34556	21270	14323	67.34
plant_associated_long_pacbio_sample_18	plant_associated	RNODE_505_length_8295_cov_9.15006	82070	12330	15.02
plant_associated_long_pacbio_sample_18	plant_associated	RNODE_507_length_1987_cov_46.05898	19430	2601	13.39
plant_associated_long_pacbio_sample_18	plant_associated	RNODE_519_length_4527_cov_27.40475	44830	17608	39.28
plant_associated_long_pacbio_sample_18	plant_associated	RNODE_525_length_3666_cov_9.03954	35780	24150	67.50
plant_associated_long_pacbio_sample_18	plant_associated	RNODE_529_length_1514_cov_4.48325	14700	11011	74.90
plant_associated_long_pacbio_sample_18	plant_associated	RNODE_548_length_4577_cov_9.61395	44890	44316	98.72
plant_associated_long_pacbio_sample_18	plant_associated	RNODE_552_length_2139_cov_25.28849	20950	6798	32.45
plant_associated_long_pacbio_sample_18	plant_associated	RNODE_556_length_34387_cov_8.27811	343430	60910	17.74
plant_associated_long_pacbio_sample_18	plant_associated	RNODE_558_length_8065_cov_7.29220	79770	2688	3.37
plant_associated_long_pacbio_sample_18	plant_associated	RNODE_561_length_1583_cov_3.83769	15390	2699	17.54
plant_associated_long_pacbio_sample_18	plant_associated	RNODE_566_length_1455_cov_10.94416	14110	8115	57.51
plant_associated_long_pacbio_sample_18	plant_associated	RNODE_570_length_2044_cov_6.96707	19560	12023	61.47
plant_associated_long_pacbio_sample_18	plant_associated	RNODE_572_length_1964_cov_10.71878	18980	18746	98.77
plant_associated_long_pacbio_sample_18	plant_associated	RNODE_577_length_7056_cov_38.11425	70120	69181	98.66
plant_associated_long_pacbio_sample_18	plant_associated	RNODE_578_length_7436_cov_10.94682	73700	5338	7.24
plant_associated_long_pacbio_sample_18	plant_associated	RNODE_580_length_4156_cov_8.38751	41120	2459	5.98
plant_associated_long_pacbio_sample_18	plant_associated	RNODE_582_length_6266_cov_6.90437	61780	23122	37.43
plant_associated_long_pacbio_sample_18	plant_associated	RNODE_586_length_6115_cov_7.69537	60710	5055	8.33
plant_associated_long_pacbio_sample_18	plant_associated	RNODE_591_length_3620_cov_70.16410	35760	35645	99.68
plant_associated_long_pacbio_sample_18	plant_associated	RNODE_593_length_8426_cov_4.28144	83820	5499	6.56
plant_associated_long_pacbio_sample_18	plant_associated	RNODE_595_length_1522_cov_10.57355	14780	2567	17.37
plant_associated_long_pacbio_sample_18	plant_associated	RNODE_61_length_7669_cov_5.82281	76470	75031	98.12
plant_associated_long_pacbio_sample_18	plant_associated	RNODE_71_length_2272_cov_3.05244	22500	15918	70.75
plant_associated_long_pacbio_sample_18	plant_associated	RNODE_75_length_1697_cov_2.91164	16750	12302	73.44
plant_associated_long_pacbio_sample_18	plant_associated	RNODE_76_length_3393_cov_4.30851	33710	33663	99.86
plant_associated_long_pacbio_sample_18	plant_associated	RNODE_77_length_2624_cov_7.14989	26020	5059	19.44
plant_associated_long_pacbio_sample_18	plant_associated	RNODE_83_length_6134_cov_3.71057	61120	41912	68.57
plant_associated_long_pacbio_sample_18	plant_associated	RNODE_85_length_1577_cov_8.00900	15550	15370	98.84
plant_associated_long_pacbio_sample_18	plant_associated	RNODE_86_length_2125_cov_11.11507	21030	20177	95.94
plant_associated_long_pacbio_sample_18	plant_associated	RNODE_99_length_1369_cov_5.25687	13470	6227	46.23
plant_associated_long_pacbio_sample_18	plant_associated	Rhizopycnis_vagum_MPI-FR1-AT-0346	53344606	342895	0.64
plant_associated_long_pacbio_sample_18	plant_associated	Sarocladium_strictum_MPI-IT2-AT-0306	31483859	596122	1.89
plant_associated_long_pacbio_sample_18	plant_associated	Sarocladium_strictum_MPI-SWE4-AT-0554	34794780	167155	0.48
plant_associated_long_pacbio_sample_18	plant_associated	Sporobolomyces_sasicola_MPI-IT2-AT-0310	60772292	5338383	8.78
plant_associated_long_pacbio_sample_18	plant_associated	Talaromyces_verruculosus_MPI-SP2-AT-0411	32407473	933890	2.88
plant_associated_long_pacbio_sample_18	plant_associated	Truncatella_angustata_MPI-SW4-AT-0541	58029377	7276493	12.54
plant_associated_long_pacbio_sample_18	plant_associated	Umbelopsis_autotrophica_MPI-SW4-AT-0611	27968122	57943	0.21
plant_associated_long_pacbio_sample_18	plant_associated	Verticillium_dahliae_MPI-FR1-AT-0353	36758448	3018104	8.21
strain_long_sample_15	strain	MIKI-NS02	2999969	2133133	71.11
strain_long_sample_15	strain	MIKI-NS03	4488719	73729	1.64
strain_long_sample_15	strain	MIKI-NS06	1964761	978952	49.83
strain_long_sample_15	strain	MIKI-NS08	2548584	276558	10.85
strain_long_sample_15	strain	MIKI-NS09	2039692	1390406	68.17
strain_long_sample_15	strain	MIKI-NS10	2092650	338196	16.16
strain_long_sample_15	strain	MIKI-NS11	2039212	2412	0.12
strain_long_sample_15	strain	MIKI-NS12	2252307	1923832	85.42
strain_long_sample_15	strain	MIKI-NS13	7206778	7205586	99.98
strain_long_sample_15	strain	MIKI-NS14	5248953	1368969	26.08
strain_long_sample_15	strain	MIKI-NS15	6804612	454005	6.67
strain_long_sample_15	strain	MIKI-NS20	5363855	3180006	59.29
strain_long_sample_15	strain	MIKI-NS23	5370360	520259	9.69
strain_long_sample_15	strain	MIKI-NS24	5364208	2516704	46.92
strain_long_sample_15	strain	MIKI-NS25	5371711	675356	12.57
strain_long_sample_15	strain	SP100_S81	2092705	264908	12.66
strain_long_sample_15	strain	SP101_S82	2132333	1015171	47.61
strain_long_sample_15	strain	SP102_S82	2014786	361616	17.95
strain_long_sample_15	strain	SP103_S83	2047626	110195	5.38
strain_long_sample_15	strain	SP105_S84	2024006	2022058	99.90
strain_long_sample_15	strain	SP106_S85	2015226	52410	2.60
strain_long_sample_15	strain	SP107_S86	2073529	121790	5.87
strain_long_sample_15	strain	SP108_S87	1937122	1874833	96.78
strain_long_sample_15	strain	SP109_S83	2012505	49858	2.48
strain_long_sample_15	strain	SP10_S7	2082760	34376	1.65
strain_long_sample_15	strain	SP111_S89	2099202	81091	3.86
strain_long_sample_15	strain	SP112_S90	2079727	319958	15.38
strain_long_sample_15	strain	SP113_S91	2058653	1905039	92.54
strain_long_sample_15	strain	SP114_S92	1987692	23438	1.18
strain_long_sample_15	strain	SP115_S93	2041665	4910	0.24
strain_long_sample_15	strain	SP116_S94	2013236	1128987	56.08
strain_long_sample_15	strain	SP117_S95	2236418	122948	5.50
strain_long_sample_15	strain	SP118_S96	1983599	35419	1.79
strain_long_sample_15	strain	SP119_S1	2137079	2115190	98.98
strain_long_sample_15	strain	SP11_S8	2065838	290176	14.05
strain_long_sample_15	strain	SP120_S2	2076062	338496	16.30
strain_long_sample_15	strain	SP121_S3	2078750	62794	3.02
strain_long_sample_15	strain	SP122_S4	2049787	224028	10.93
strain_long_sample_15	strain	SP124_S6	2070014	452702	21.87
strain_long_sample_15	strain	SP125_S84	2015328	410810	20.38
strain_long_sample_15	strain	SP126_S7	2003842	9986	0.50
strain_long_sample_15	strain	SP127_S8	2054557	174977	8.52
strain_long_sample_15	strain	SP128_S9	2012996	1906023	94.69
strain_long_sample_15	strain	SP129_S10	2028767	378667	18.66
strain_long_sample_15	strain	SP12_S9	1985084	331962	16.72
strain_long_sample_15	strain	SP130_S11	2077144	1217033	58.59
strain_long_sample_15	strain	SP131_S12	2155215	1050969	48.76
strain_long_sample_15	strain	SP132_S13	2000885	1112820	55.62
strain_long_sample_15	strain	SP133_S14	1991005	384639	19.32
strain_long_sample_15	strain	SP134_S15	2061331	136254	6.61
strain_long_sample_15	strain	SP135_S16	2058733	446275	21.68
strain_long_sample_15	strain	SP136_S17	2038096	886300	43.49
strain_long_sample_15	strain	SP137_S18	2035362	262682	12.91
strain_long_sample_15	strain	SP138_S19	2139728	611172	28.56
strain_long_sample_15	strain	SP139_S20	2017343	1101864	54.62
strain_long_sample_15	strain	SP13_S10	2040289	676705	33.17
strain_long_sample_15	strain	SP140_S21	2128346	26969	1.27
strain_long_sample_15	strain	SP141_S22	1979460	1978792	99.97
strain_long_sample_15	strain	SP142_S23	2060851	119662	5.81
strain_long_sample_15	strain	SP143_S24	2012493	53677	2.67
strain_long_sample_15	strain	SP144_S25	2073909	356111	17.17
strain_long_sample_15	strain	SP145_S26	2040147	143846	7.05
strain_long_sample_15	strain	SP146_S27	1976220	8833	0.45
strain_long_sample_15	strain	SP147_S28	2131103	240119	11.27
strain_long_sample_15	strain	SP148_S29	2086142	853943	40.93
strain_long_sample_15	strain	SP149_S30	2113372	336416	15.92
strain_long_sample_15	strain	SP14_S11	2059376	18538	0.90
strain_long_sample_15	strain	SP150_S31	1987853	1986311	99.92
strain_long_sample_15	strain	SP151_S32	1974069	163958	8.31
strain_long_sample_15	strain	SP152_S33	2010753	468219	23.29
strain_long_sample_15	strain	SP153_S34	2042628	293598	14.37
strain_long_sample_15	strain	SP154_S35	2162035	2012257	93.07
strain_long_sample_15	strain	SP155_S36	2075312	18434	0.89
strain_long_sample_15	strain	SP156_S37	2079530	1391276	66.90
strain_long_sample_15	strain	SP157_S38	2048216	1238390	60.46
strain_long_sample_15	strain	SP158_S39	1975569	1971622	99.80
strain_long_sample_15	strain	SP159_S40	2086141	323044	15.49
strain_long_sample_15	strain	SP15_S89	2011560	147754	7.35
strain_long_sample_15	strain	SP160_S41	2045367	157162	7.68
strain_long_sample_15	strain	SP161_S42	2050632	213312	10.40
strain_long_sample_15	strain	SP162_S43	1982417	1224965	61.79
strain_long_sample_15	strain	SP163_S44	1948475	65885	3.38
strain_long_sample_15	strain	SP164_S45	1984518	9208	0.46
strain_long_sample_15	strain	SP165_S46	1973565	1972239	99.93
strain_long_sample_15	strain	SP166_S47	2090273	101351	4.85
strain_long_sample_15	strain	SP167_S48	2065677	43838	2.12
strain_long_sample_15	strain	SP168_S49	1749640	132763	7.59
strain_long_sample_15	strain	SP169_S50	1902740	325587	17.11
strain_long_sample_15	strain	SP16_S12	2043829	1162138	56.86
strain_long_sample_15	strain	SP170_S51	2021551	593595	29.36
strain_long_sample_15	strain	SP171_S52	1993908	239740	12.02
strain_long_sample_15	strain	SP172_S53	1957437	1921589	98.17
strain_long_sample_15	strain	SP173_S54	1973592	753008	38.15
strain_long_sample_15	strain	SP174_S55	2117559	117775	5.56
strain_long_sample_15	strain	SP176_S56	2044611	49691	2.43
strain_long_sample_15	strain	SP177_S57	1977200	66310	3.35
strain_long_sample_15	strain	SP178_S58	1925491	1318135	68.46
strain_long_sample_15	strain	SP179_S59	2098228	314512	14.99
strain_long_sample_15	strain	SP17_S90	2082160	48875	2.35
strain_long_sample_15	strain	SP180_S96	2031083	95050	4.68
strain_long_sample_15	strain	SP181_S61	2135333	1113267	52.14
strain_long_sample_15	strain	SP182_S62	2047295	207763	10.15
strain_long_sample_15	strain	SP184_S64	1635099	167687	10.26
strain_long_sample_15	strain	SP185_S65	1845437	5363	0.29
strain_long_sample_15	strain	SP187_S66	1958898	689709	35.21
strain_long_sample_15	strain	SP188_S67	2040293	1678407	82.26
strain_long_sample_15	strain	SP189_S68	2062647	563572	27.32
strain_long_sample_15	strain	SP18_S91	2072566	344684	16.63
strain_long_sample_15	strain	SP190_S69	1976008	1972605	99.83
strain_long_sample_15	strain	SP191_S70	2000529	403874	20.19
strain_long_sample_15	strain	SP192_S71	1924197	547657	28.46
strain_long_sample_15	strain	SP194_S73	2053846	776220	37.79
strain_long_sample_15	strain	SP195_S74	1985003	179677	9.05
strain_long_sample_15	strain	SP196_S75	1970420	111373	5.65
strain_long_sample_15	strain	SP198_S01	2057645	1258994	61.19
strain_long_sample_15	strain	SP1_S85	2164447	1306007	60.34
strain_long_sample_15	strain	SP20_S77	2202269	388321	17.63
strain_long_sample_15	strain	SP21_S92	1689727	28071	1.66
strain_long_sample_15	strain	SP22_S78	2120430	430600	20.31
strain_long_sample_15	strain	SP23_S93	2030322	2010512	99.02
strain_long_sample_15	strain	SP24_S13	2093455	301471	14.40
strain_long_sample_15	strain	SP25_S14	2028415	288	0.01
strain_long_sample_15	strain	SP27_S15	1980747	142640	7.20
strain_long_sample_15	strain	SP2_S86	2105629	1449076	68.82
strain_long_sample_15	strain	SP30_S17	2078679	249303	11.99
strain_long_sample_15	strain	SP31_S18	2096146	584416	27.88
strain_long_sample_15	strain	SP32_S19	2103320	564475	26.84
strain_long_sample_15	strain	SP33_S20	2079363	123280	5.93
strain_long_sample_15	strain	SP34_S21	2072742	2071830	99.96
strain_long_sample_15	strain	SP35_S22	1990563	1258002	63.20
strain_long_sample_15	strain	SP36_S23	2086015	1690229	81.03
strain_long_sample_15	strain	SP38_S25	2056653	299338	14.55
strain_long_sample_15	strain	SP39_S26	2010726	1281732	63.74
strain_long_sample_15	strain	SP3_S87	2041279	1458280	71.44
strain_long_sample_15	strain	SP40_S27	2129381	1854213	87.08
strain_long_sample_15	strain	SP41_S28	2044969	421366	20.61
strain_long_sample_15	strain	SP42_S29	2065552	1929867	93.43
strain_long_sample_15	strain	SP43_S30	1998079	790682	39.57
strain_long_sample_15	strain	SP44_S31	2047099	34768	1.70
strain_long_sample_15	strain	SP45_S32	2070043	1326008	64.06
strain_long_sample_15	strain	SP46_S33	2068370	95111	4.60
strain_long_sample_15	strain	SP47_S34	2027743	413364	20.39
strain_long_sample_15	strain	SP48_S35	2032240	27617	1.36
strain_long_sample_15	strain	SP49_S36	2058421	354878	17.24
strain_long_sample_15	strain	SP4_S3	2195551	33979	1.55
strain_long_sample_15	strain	SP50_S37	1958348	254669	13.00
strain_long_sample_15	strain	SP52_S38	2038081	1897098	93.08
strain_long_sample_15	strain	SP53_S39	2156089	1264520	58.65
strain_long_sample_15	strain	SP54_S40	2028957	670220	33.03
strain_long_sample_15	strain	SP55_S41	1980370	1435939	72.51
strain_long_sample_15	strain	SP56_S42	2048034	505541	24.68
strain_long_sample_15	strain	SP57_S43	1969838	287805	14.61
strain_long_sample_15	strain	SP58_S44	1973824	67792	3.43
strain_long_sample_15	strain	SP59_S47	2090807	2068130	98.92
strain_long_sample_15	strain	SP60_S48	1971764	1969329	99.88
strain_long_sample_15	strain	SP61_S45	1995963	827807	41.47
strain_long_sample_15	strain	SP62_S46	2086023	188860	9.05
strain_long_sample_15	strain	SP63_S49	2084429	522185	25.05
strain_long_sample_15	strain	SP64_S79	2013820	384563	19.10
strain_long_sample_15	strain	SP65_S80	1985668	122009	6.14
strain_long_sample_15	strain	SP67_S50	2070264	45906	2.22
strain_long_sample_15	strain	SP68_S51	2287165	1588	0.07
strain_long_sample_15	strain	SP69_S52	2218514	356426	16.07
strain_long_sample_15	strain	SP6_S88	2087122	1218459	58.38
strain_long_sample_15	strain	SP70_S53	2055688	1785656	86.86
strain_long_sample_15	strain	SP71_S54	2049554	383274	18.70
strain_long_sample_15	strain	SP72_S55	2008808	451384	22.47
strain_long_sample_15	strain	SP73_S56	2050203	1217029	59.36
strain_long_sample_15	strain	SP74_S57	1980502	424491	21.43
strain_long_sample_15	strain	SP75_S58	2079412	2076863	99.88
strain_long_sample_15	strain	SP76_S59	2094080	2069881	98.84
strain_long_sample_15	strain	SP77_S60	2013262	38478	1.91
strain_long_sample_15	strain	SP78_S61	2014664	25393	1.26
strain_long_sample_15	strain	SP79_S62	2013315	205632	10.21
strain_long_sample_15	strain	SP7_S4	2105126	1781572	84.63
strain_long_sample_15	strain	SP80_S63	2050940	1102094	53.74
strain_long_sample_15	strain	SP81_S64	1964360	1961004	99.83
strain_long_sample_15	strain	SP82_S65	2093277	2084795	99.59
strain_long_sample_15	strain	SP83_S66	1980931	1054886	53.25
strain_long_sample_15	strain	SP84_S67	2069912	1981472	95.73
strain_long_sample_15	strain	SP85_S68	2065876	963526	46.64
strain_long_sample_15	strain	SP86_S69	2049356	276352	13.48
strain_long_sample_15	strain	SP87_S70	2006213	232719	11.60
strain_long_sample_15	strain	SP88_S94	2082503	1878323	90.20
strain_long_sample_15	strain	SP8_S5	2092144	129328	6.18
strain_long_sample_15	strain	SP91_S72	2026991	11730	0.58
strain_long_sample_15	strain	SP92_S73	2071399	466101	22.50
strain_long_sample_15	strain	SP93_S74	2078442	318764	15.34
strain_long_sample_15	strain	SP94_S75	2078602	331152	15.93
strain_long_sample_15	strain	SP95_S76	2053291	721786	35.15
strain_long_sample_15	strain	SP96_S77	2166888	343766	15.86
strain_long_sample_15	strain	SP97_S78	2008538	499327	24.86
strain_long_sample_15	strain	SP99_S80	1980535	592048	29.89
strain_long_sample_15	strain	SP9_S6	1996138	159224	7.98
strain_long_sample_15	strain	spades_AND4471_S1_L001	5368063	149438	2.78
strain_long_sample_15	strain	spades_AND8064_S11_L001	5497841	5494902	99.95
strain_long_sample_15	strain	spades_AND8281_S12_L001	5497673	198547	3.61
strain_long_sample_15	strain	spades_AND8302_S10_L001	5495418	5468647	99.51
strain_long_sample_15	strain	spades_AND9183_S11_L001	5148435	4424170	85.93
strain_long_sample_15	strain	spades_And10026_S11_L001	5077379	40380	0.80
strain_long_sample_15	strain	spades_And10054_S9_L001	5248044	392998	7.49
strain_long_sample_15	strain	spades_And10062_S12_L001	5068183	2106552	41.56
strain_long_sample_15	strain	spades_And10073_S10_L001	5246988	9709	0.19
strain_long_sample_15	strain	spades_And10925_S5_L001	5618570	383497	6.83
strain_long_sample_15	strain	spades_And11624_S6_L001	4961806	62812	1.27
strain_long_sample_15	strain	spades_And12875_S7_L001	5202195	148131	2.85
strain_long_sample_15	strain	spades_And4180_S6_L001	5338226	491262	9.20
strain_long_sample_15	strain	spades_And4191_S5_L001	5373351	3089508	57.50
strain_long_sample_15	strain	spades_And4246_S5_L001	5640614	5638030	99.95
strain_long_sample_15	strain	spades_And4355_S8_L001	5363521	1115902	20.81
strain_long_sample_15	strain	spades_And4366_S2_L001	5364391	4652722	86.73
strain_long_sample_15	strain	spades_And4500_S1_L001	5585829	589222	10.55
strain_long_sample_15	strain	spades_And4543_S2_L001	5582611	703276	12.60
strain_long_sample_15	strain	spades_And4613_S9_L001	5211989	1724121	33.08
strain_long_sample_15	strain	spades_And4621_S3_L001	5216022	479209	9.19
strain_long_sample_15	strain	spades_And4858_S9_L001	5288817	2245618	42.46
strain_long_sample_15	strain	spades_And4892_S4_L001	5077878	3635829	71.60
strain_long_sample_15	strain	spades_And4902_S2_L001	5066396	1259350	24.86
strain_long_sample_15	strain	spades_And4955_S10_L001	5044213	2416694	47.91
strain_long_sample_15	strain	spades_And5042_S4_L001	5284713	349054	6.60
strain_long_sample_15	strain	spades_And5141_S4_L001	5286562	1552248	29.36
strain_long_sample_15	strain	spades_And5192_S3_L001	5106414	4795072	93.90
strain_long_sample_15	strain	spades_And5213_S1_L001	4911642	37807	0.77
strain_long_sample_15	strain	spades_And5232_S2_L001	4894280	2089413	42.69
strain_long_sample_15	strain	spades_And5237_S4_L001	5948456	5276142	88.70
strain_long_sample_15	strain	spades_And5284_S5_L001	5633195	106235	1.89
strain_long_sample_15	strain	spades_And5315_S3_L001	5485511	5028347	91.67
strain_long_sample_15	strain	spades_And5331_S1_L001	5061628	3766049	74.40
strain_long_sample_15	strain	spades_And5388_S8_L001	5248482	1082214	20.62
strain_long_sample_15	strain	spades_And5444_S7_L001	5248207	1510708	28.79
strain_long_sample_15	strain	spades_And5527_S8_L001	5489379	1724016	31.41
strain_long_sample_15	strain	spades_And5533_S9_L001	5486696	104244	1.90
strain_long_sample_15	strain	spades_And6098_S1_L001	5486974	251	0.00
strain_long_sample_15	strain	spades_And6100_S3_L001	5483251	592379	10.80
strain_long_sample_15	strain	spades_And6166_S1_L001	5491273	2698687	49.15
strain_long_sample_15	strain	spades_And6241_S2_L001	5482102	3299882	60.19
strain_long_sample_15	strain	spades_And6342_S10_L001	4808690	323508	6.73
strain_long_sample_15	strain	spades_And6399_S9_L001	4808515	3750147	77.99
strain_long_sample_15	strain	spades_And6400_S11_L001	4808757	60812	1.26
strain_long_sample_15	strain	spades_And6442_S8_L001	5472709	111838	2.04
strain_long_sample_15	strain	spades_And6884_S7_L001	5616342	263953	4.70
strain_long_sample_15	strain	spades_And7051_S7_L001	5163258	257486	4.99
strain_long_sample_15	strain	spades_And7187_S3_L001	4886278	4881656	99.91
strain_long_sample_15	strain	spades_And7225_S6_L001	4907918	358519	7.30
strain_long_sample_15	strain	spades_And7556_S8_L001	5192378	353960	6.82
strain_long_sample_15	strain	spades_And8344_S10_L001	4970303	158915	3.20
strain_long_sample_15	strain	spades_And8381_S10_L001	5498306	384691	7.00
strain_long_sample_15	strain	spades_And8382_S4_L001	4966755	2163456	43.56
strain_long_sample_15	strain	spades_And8388_S5_L001	5330669	1562467	29.31
strain_long_sample_15	strain	spades_And8423_S6_L001	5530859	537510	9.72
strain_long_sample_15	strain	spades_And8454_S5_L001	5530317	2307630	41.73
strain_long_sample_15	strain	spades_And8457_S3_L001	4927737	231142	4.69
strain_long_sample_15	strain	spades_And8655_S10_L001	5601592	270836	4.83
strain_long_sample_15	strain	spades_And8688_S9_L001	5605589	368627	6.58
strain_long_sample_15	strain	spades_And8861_S3_L001	5452253	1277859	23.44
strain_long_sample_15	strain	spades_And8909_S4_L001	5467567	995976	18.22
strain_long_sample_15	strain	spades_And8926_S4_L001	4595731	1010965	22.00
strain_long_sample_15	strain	spades_And9053_S12_L001	5579929	4144145	74.27
strain_long_sample_15	strain	spades_And9076_S11_L001	5583272	3165597	56.70
strain_long_sample_15	strain	spades_And9183_S10_L001	5150416	391001	7.59
strain_long_sample_15	strain	spades_And9205_S9_L001	5065495	4818943	95.13
strain_long_sample_15	strain	spades_And9353_S7_L001	5391022	2822927	52.36
strain_long_sample_15	strain	spades_And9387_S6_L001	5536369	1375507	24.84
strain_long_sample_15	strain	spades_And9426_S4_L001	5311551	372503	7.01
strain_long_sample_15	strain	spades_And9454_S3_L001	5576404	2372096	42.54
strain_long_sample_15	strain	spades_And9653_S7_L001	4729396	280583	5.93
strain_long_sample_15	strain	spades_And9693_S1_L001	5234639	73054	1.40
strain_long_sample_15	strain	spades_And9722_S8_L001	5087231	312764	6.15
strain_long_sample_15	strain	spades_And9746_S7_L001	5208326	647491	12.43
strain_long_sample_15	strain	spades_And9855_S12_L001	5376042	2631703	48.95
strain_long_sample_15	strain	spades_ESBL10011_S11_L001	4909842	162019	3.30
strain_long_sample_15	strain	spades_ESBL10030_S2_L001	4855730	2742172	56.47
strain_long_sample_15	strain	spades_ESBL10055_S8_L001	5090447	1161820	22.82
strain_long_sample_15	strain	spades_ESBL10056_S9_L001	5057878	288226	5.70
strain_long_sample_15	strain	spades_ESBL1009_S1_L001	4889917	3357877	68.67
strain_long_sample_15	strain	spades_ESBL5402_S6_L001	4938055	4890084	99.03
strain_long_sample_15	strain	spades_ESBL5481_S10_L001	4901360	4621062	94.28
strain_long_sample_15	strain	spades_ESBL5497_S3_L001	5188881	1034478	19.94
strain_long_sample_15	strain	spades_ESBL5533_S4_L001	5179780	5032699	97.16
strain_long_sample_15	strain	spades_ESBL5609_S2_L001	5088202	160681	3.16
strain_long_sample_15	strain	spades_ESBL5613_S5_L001	5273131	5260720	99.76
strain_long_sample_15	strain	spades_ESBL5621_S1_L001	5257092	768655	14.62
strain_long_sample_15	strain	spades_ESBL5660_S7_L001	5257730	5222690	99.33
strain_long_sample_15	strain	spades_ESBL5717_S8_L001	5220419	1456718	27.90
strain_long_sample_15	strain	spades_ESBL5734_S3_L001	5598134	155385	2.78
strain_long_sample_15	strain	spades_ESBL5772_S6_L001	5325463	3492588	65.58
strain_long_sample_15	strain	spades_ESBL5780_S5_L001	5349338	518414	9.69
strain_long_sample_15	strain	spades_ESBL5784_S3_L001	5468994	1144170	20.92
strain_long_sample_15	strain	spades_ESBL5786_S5_L001	5289185	2625500	49.64
strain_long_sample_15	strain	spades_ESBL5791_S4_L001	5419083	160849	2.97
strain_long_sample_15	strain	spades_ESBL5792_S6_L001	5286705	1201553	22.73
strain_long_sample_15	strain	spades_ESBL5808_S8_L001	5142239	4931900	95.91
strain_long_sample_15	strain	spades_ESBL5817_S7_L001	4850179	4828503	99.55
strain_long_sample_15	strain	spades_ESBL5827_S10_L001	5627681	170981	3.04
strain_long_sample_15	strain	spades_ESBL5852_S11_L001	5631598	5503750	97.73
strain_long_sample_15	strain	spades_ESBL5872_S5_L001	5649121	1361138	24.09
strain_long_sample_15	strain	spades_ESBL5909_S5_L001	4903928	1972626	40.23
strain_long_sample_15	strain	spades_ESBL5911_S4_L001	4902006	4770268	97.31
strain_long_sample_15	strain	spades_ESBL6101_S9_L001	4951660	2534848	51.19
strain_long_sample_15	strain	spades_ESBL6164_S11_L001	5296034	360791	6.81
strain_long_sample_15	strain	spades_ESBL6200_S12_L001	4853372	40225	0.83
strain_long_sample_15	strain	spades_ESBL6210_S10_L001	4795054	499056	10.41
strain_long_sample_15	strain	spades_ESBL6270_S10_L001	5129972	5127529	99.95
strain_long_sample_15	strain	spades_ESBL6351_S5_L001	5140727	912323	17.75
strain_long_sample_15	strain	spades_ESBL6364_S9_L001	5323526	53506	1.01
strain_long_sample_15	strain	spades_ESBL6409_S4_L001	5206730	3078376	59.12
strain_long_sample_15	strain	spades_ESBL6418_S2_L001	4803161	3202018	66.66
strain_long_sample_15	strain	spades_ESBL6455_S6_L001	4857585	1896086	39.03
strain_long_sample_15	strain	spades_ESBL6515_S2_L001	5206284	2764672	53.10
strain_long_sample_15	strain	spades_ESBL6620_S4_L001	5444869	2798758	51.40
strain_long_sample_15	strain	spades_ESBL6628_S5_L001	5443769	166011	3.05
strain_long_sample_15	strain	spades_ESBL6643_S3_L001	5120216	1503183	29.36
strain_long_sample_15	strain	spades_ESBL6661_S8_L001	5049636	458783	9.09
strain_long_sample_15	strain	spades_ESBL6724_S11_L001	5278084	1721412	32.61
strain_long_sample_15	strain	spades_ESBL6759Q_S12_L001	5518056	46920	0.85
strain_long_sample_15	strain	spades_ESBL6760_S6_L001	5267859	4205296	79.83
strain_long_sample_15	strain	spades_ESBL6769_S11_L001	5522930	2181106	39.49
strain_long_sample_15	strain	spades_ESBL6792_S10_L001	5212350	3150049	60.43
strain_long_sample_15	strain	spades_ESBL6983_S3_L001	5223413	180460	3.45
strain_long_sample_15	strain	spades_ESBL6984_S1_L001	5169466	841259	16.27
strain_long_sample_15	strain	spades_ESBL7021_S2_L001	5166821	332913	6.44
strain_long_sample_15	strain	spades_ESBL7234_S12_L001	5148279	43362	0.84
strain_long_sample_15	strain	spades_ESBL7347_S10_L001	5120214	1636637	31.96
strain_long_sample_15	strain	spades_ESBL7348_S6_L001	5205004	864972	16.62
strain_long_sample_15	strain	spades_ESBL7359_S3_L001	6243594	3821908	61.21
strain_long_sample_15	strain	spades_ESBL7382_S4_L001	4857278	1483176	30.54
strain_long_sample_15	strain	spades_ESBL7388_S7_L001	5206566	1575011	30.25
strain_long_sample_15	strain	spades_ESBL7410_S11_L001	5124963	1802038	35.16
strain_long_sample_15	strain	spades_ESBL7424_S8_L001	5210944	443483	8.51
strain_long_sample_15	strain	spades_ESBL7431_S12_L001	5304537	4331763	81.66
strain_long_sample_15	strain	spades_ESBL7525_S1_L001	5217626	771925	14.79
strain_long_sample_15	strain	spades_ESBL7531_S9_L001	5208486	2123343	40.77
strain_long_sample_15	strain	spades_ESBL7532_S2_L001	5351688	5132018	95.90
strain_long_sample_15	strain	spades_ESBL7534_S10_L001	4881029	4702694	96.35
strain_long_sample_15	strain	spades_ESBL7553_S11_L001	5395788	488629	9.06
strain_long_sample_15	strain	spades_ESBL7586_S7_L001	4948638	415674	8.40
strain_long_sample_15	strain	spades_ESBL7634_S2_L001	5550584	1155241	20.81
strain_long_sample_15	strain	spades_ESBL7810_S9_L001	5926039	410699	6.93
strain_long_sample_15	strain	spades_ESBL7862_S8_L001	5904754	98452	1.67
strain_long_sample_15	strain	spades_ESBL8075_S12_L001	5404977	2452399	45.37
strain_long_sample_15	strain	spades_ESBL8159_S1_L001	5325786	372687	7.00
strain_long_sample_15	strain	spades_ESBL8341_S10_L001	4862937	2110970	43.41
strain_long_sample_15	strain	spades_ESBL8411_S7_L001	6071184	5991606	98.69
strain_long_sample_15	strain	spades_ESBL8514_S7_L001	4905882	176633	3.60
strain_long_sample_15	strain	spades_ESBL8604_S8_L001	5107945	272220	5.33
strain_long_sample_15	strain	spades_ESBL8855_S12_L001	5625519	5617981	99.87
strain_long_sample_15	strain	spades_ESBL8873_S6_L001	5567706	8162	0.15
strain_long_sample_15	strain	spades_ESBL8909_S7_L001	5264884	219337	4.17
strain_long_sample_15	strain	spades_ESBL8953_S1_L001	5559832	2558661	46.02
strain_long_sample_15	strain	spades_ESBL8956_S2_L001	5556246	232465	4.18
strain_long_sample_15	strain	spades_ESBL8960_S8_L001	5673185	2561429	45.15
strain_long_sample_15	strain	spades_ESBL9044_S9_L001	5039987	4705275	93.36
strain_long_sample_15	strain	spades_ESBL9046_S6_L001	5646310	5488834	97.21
strain_long_sample_15	strain	spades_ESBL9166_S11_L001	4708419	60739	1.29
strain_long_sample_15	strain	spades_ESBL9224_S2_L001	5703641	5689927	99.76
strain_long_sample_15	strain	spades_ESBL9250_S3_L001	5557990	395726	7.12
strain_long_sample_15	strain	spades_ESBL9251_S1_L001	5704673	283739	4.97
strain_long_sample_15	strain	spades_ESBL9318_S2_L001	4772473	52958	1.11
strain_long_sample_15	strain	spades_ESBL9336_S1_L001	5170229	1614110	31.22
strain_long_sample_15	strain	spades_ESBL9440_S6_L001	5102994	490586	9.61
strain_long_sample_15	strain	spades_ESBL9654_S5_L001	5153457	2891961	56.12
strain_long_sample_15	strain	spades_ESBL9656_S7_L001	5100274	3671320	71.98
strain_long_sample_15	strain	spades_ESBL9861_S4_L001	5188009	1835714	35.38
strain_long_sample_15	strain	spades_ESBL9875_S5_L001	5191975	66338	1.28
strain_long_sample_15	strain	spades_ESBL9915_S6_L001	5090453	3976850	78.12
strain_long_sample_15	strain	spades_MRSA7113_S2_L001	2825247	2245526	79.48
strain_long_sample_15	strain	spades_MRSA7119_S2_L001	2748878	89121	3.24
strain_long_sample_15	strain	spades_MRSA7124_S4_L001	2778919	177645	6.39
strain_long_sample_15	strain	spades_MRSA7129_S1_L001	2824465	1449023	51.30
strain_long_sample_15	strain	spades_MRSA7129_S8_L001	2785154	652149	23.42
strain_long_sample_15	strain	spades_MRSA7133_S3_L001	2821986	234027	8.29
strain_long_sample_15	strain	spades_MRSA7172_S1_L001	2747769	2367348	86.16
strain_long_sample_15	strain	spades_MRSA7231_S7_L001	2781316	2762119	99.31
strain_long_sample_15	strain	spades_MRSA7286_S4_L001	2817370	1035864	36.77
strain_long_sample_15	strain	spades_MRSA7295_S3_L001	2832162	104059	3.67
strain_long_sample_15	strain	spades_MRSA7796_S10_L001	2763305	154025	5.57
strain_long_sample_15	strain	spades_MRSA7830_S9_L001	2786125	328534	11.79
strain_long_sample_15	strain	spades_MRSA8007_S12_L001	2738989	21184	0.77
strain_long_sample_15	strain	spades_MRSA8013_S11_L001	2739001	285004	10.41
strain_long_sample_15	strain	spades_MRSA8186_S9_L001	2844448	187783	6.60
strain_long_sample_15	strain	spades_MRSA8187_S8_L001	2838974	2677385	94.31
strain_long_sample_15	strain	spades_MRSA8339_S5_L001	2777668	617667	22.24
strain_long_sample_15	strain	spades_MRSA8595_S7_L001	2833533	180382	6.37
strain_long_sample_15	strain	spades_MRSA8602_S6_L001	2816259	645702	22.93
strain_long_sample_15	strain	spades_MRSA8758_S5_L001	2816182	877276	31.15
strain_long_sample_15	strain	spades_MRSA9344_S6_L001	2785341	228324	8.20
strain_long_sample_15	strain	spades_VRE2224_S14_L001	3012379	943103	31.31
strain_long_sample_15	strain	spades_VRE2237_S15_L001	3010799	30418	1.01
strain_long_sample_15	strain	spades_VRE2392_S22_L001	3000431	158033	5.27
strain_long_sample_15	strain	spades_VRE2770_S9_L001	3245517	1678698	51.72
strain_long_sample_15	strain	spades_VRE2857_S10_L001	3094615	145959	4.72
strain_long_sample_15	strain	spades_VRE2906_S11_L001	3429347	424692	12.38
strain_long_sample_15	strain	spades_VRE2913_S13_L001	2985072	418956	14.04
strain_long_sample_15	strain	spades_VRE2941_S2_L001	3166882	350177	11.06
strain_long_sample_15	strain	spades_VRE2943_S1_L001	3128023	283423	9.06
strain_long_sample_15	strain	spades_VRE2961_S3_L001	2855192	70135	2.46
strain_long_sample_15	strain	spades_VRE3021_S4_L001	2952853	226315	7.66
strain_long_sample_15	strain	spades_VRE3043_S21_L001	3001125	2992553	99.71
strain_long_sample_15	strain	spades_VRE3056_S20_L001	3010057	988178	32.83
strain_long_sample_15	strain	spades_VRE3253_S17_L001	2959154	1147608	38.78
strain_long_sample_15	strain	spades_VRE3277_S16_L001	3060574	1319909	43.13
strain_long_sample_15	strain	spades_VRE3342_S6_L001	3063001	29263	0.96
strain_long_sample_15	strain	spades_VRE3387_S5_L001	3006421	3001590	99.84
strain_long_sample_15	strain	spades_VRE3766_S8_L001	3083042	525482	17.04
strain_long_sample_15	strain	spades_VRE3783_S7_L001	3086681	131760	4.27
strain_long_sample_15	strain	spades_VRE3786_S19_L001	3118152	1032126	33.10
strain_long_sample_15	strain	spades_VRE3967_S23_L001	3008458	2274289	75.60
strain_long_sample_17	strain	MIKI-NS02	2999969	2024378	67.48
strain_long_sample_17	strain	MIKI-NS03	4488719	2013590	44.86
strain_long_sample_17	strain	MIKI-NS06	1964761	1781435	90.67
strain_long_sample_17	strain	MIKI-NS08	2548584	1928309	75.66
strain_long_sample_17	strain	MIKI-NS09	2039692	504479	24.73
strain_long_sample_17	strain	MIKI-NS10	2092650	937918	44.82
strain_long_sample_17	strain	MIKI-NS11	2039212	27166	1.33
strain_long_sample_17	strain	MIKI-NS12	2252307	81573	3.62
strain_long_sample_17	strain	MIKI-NS13	7206778	70069	0.97
strain_long_sample_17	strain	MIKI-NS14	5248953	4522551	86.16
strain_long_sample_17	strain	MIKI-NS15	6804612	88846	1.31
strain_long_sample_17	strain	MIKI-NS20	5363855	20812	0.39
strain_long_sample_17	strain	MIKI-NS23	5370360	4837139	90.07
strain_long_sample_17	strain	MIKI-NS24	5364208	1643557	30.64
strain_long_sample_17	strain	MIKI-NS25	5371711	3545947	66.01
strain_long_sample_17	strain	SP100_S81	2092705	1907342	91.14
strain_long_sample_17	strain	SP101_S82	2132333	2019319	94.70
strain_long_sample_17	strain	SP102_S82	2014786	220931	10.97
strain_long_sample_17	strain	SP103_S83	2047626	2044920	99.87
strain_long_sample_17	strain	SP105_S84	2024006	1455767	71.93
strain_long_sample_17	strain	SP106_S85	2015226	869413	43.14
strain_long_sample_17	strain	SP107_S86	2073529	32188	1.55
strain_long_sample_17	strain	SP108_S87	1937122	46824	2.42
strain_long_sample_17	strain	SP109_S83	2012505	5282	0.26
strain_long_sample_17	strain	SP10_S7	2082760	1363356	65.46
strain_long_sample_17	strain	SP110_S88	2140902	651282	30.42
strain_long_sample_17	strain	SP111_S89	2099202	160010	7.62
strain_long_sample_17	strain	SP112_S90	2079727	609612	29.31
strain_long_sample_17	strain	SP113_S91	2058653	293178	14.24
strain_long_sample_17	strain	SP114_S92	1987692	252387	12.70
strain_long_sample_17	strain	SP115_S93	2041665	15189	0.74
strain_long_sample_17	strain	SP116_S94	2013236	246	0.01
strain_long_sample_17	strain	SP117_S95	2236418	3282	0.15
strain_long_sample_17	strain	SP118_S96	1983599	1582039	79.76
strain_long_sample_17	strain	SP119_S1	2137079	229939	10.76
strain_long_sample_17	strain	SP11_S8	2065838	956039	46.28
strain_long_sample_17	strain	SP120_S2	2076062	469264	22.60
strain_long_sample_17	strain	SP121_S3	2078750	221274	10.64
strain_long_sample_17	strain	SP122_S4	2049787	1214858	59.27
strain_long_sample_17	strain	SP124_S6	2070014	2063071	99.66
strain_long_sample_17	strain	SP125_S84	2015328	410491	20.37
strain_long_sample_17	strain	SP126_S7	2003842	154212	7.70
strain_long_sample_17	strain	SP127_S8	2054557	85871	4.18
strain_long_sample_17	strain	SP128_S9	2012996	1833682	91.09
strain_long_sample_17	strain	SP129_S10	2028767	77802	3.83
strain_long_sample_17	strain	SP12_S9	1985084	25925	1.31
strain_long_sample_17	strain	SP130_S11	2077144	91308	4.40
strain_long_sample_17	strain	SP131_S12	2155215	6188	0.29
strain_long_sample_17	strain	SP132_S13	2000885	135673	6.78
strain_long_sample_17	strain	SP133_S14	1991005	678654	34.09
strain_long_sample_17	strain	SP134_S15	2061331	30821	1.50
strain_long_sample_17	strain	SP135_S16	2058733	30936	1.50
strain_long_sample_17	strain	SP136_S17	2038096	452699	22.21
strain_long_sample_17	strain	SP137_S18	2035362	415749	20.43
strain_long_sample_17	strain	SP138_S19	2139728	9266	0.43
strain_long_sample_17	strain	SP139_S20	2017343	153979	7.63
strain_long_sample_17	strain	SP13_S10	2040289	25616	1.26
strain_long_sample_17	strain	SP140_S21	2128346	91455	4.30
strain_long_sample_17	strain	SP141_S22	1979460	214101	10.82
strain_long_sample_17	strain	SP142_S23	2060851	165580	8.03
strain_long_sample_17	strain	SP143_S24	2012493	666063	33.10
strain_long_sample_17	strain	SP144_S25	2073909	4123	0.20
strain_long_sample_17	strain	SP145_S26	2040147	212022	10.39
strain_long_sample_17	strain	SP146_S27	1976220	1311274	66.35
strain_long_sample_17	strain	SP147_S28	2131103	1472422	69.09
strain_long_sample_17	strain	SP148_S29	2086142	579691	27.79
strain_long_sample_17	strain	SP149_S30	2113372	3177	0.15
strain_long_sample_17	strain	SP14_S11	2059376	196820	9.56
strain_long_sample_17	strain	SP150_S31	1987853	908696	45.71
strain_long_sample_17	strain	SP151_S32	1974069	84505	4.28
strain_long_sample_17	strain	SP152_S33	2010753	526370	26.18
strain_long_sample_17	strain	SP153_S34	2042628	449956	22.03
strain_long_sample_17	strain	SP154_S35	2162035	5805	0.27
strain_long_sample_17	strain	SP155_S36	2075312	727799	35.07
strain_long_sample_17	strain	SP156_S37	2079530	383092	18.42
strain_long_sample_17	strain	SP157_S38	2048216	1037971	50.68
strain_long_sample_17	strain	SP158_S39	1975569	83270	4.21
strain_long_sample_17	strain	SP159_S40	2086141	297485	14.26
strain_long_sample_17	strain	SP15_S89	2011560	21020	1.04
strain_long_sample_17	strain	SP160_S41	2045367	428479	20.95
strain_long_sample_17	strain	SP161_S42	2050632	111579	5.44
strain_long_sample_17	strain	SP162_S43	1982417	378120	19.07
strain_long_sample_17	strain	SP163_S44	1948475	1887630	96.88
strain_long_sample_17	strain	SP164_S45	1984518	44272	2.23
strain_long_sample_17	strain	SP165_S46	1973565	55746	2.82
strain_long_sample_17	strain	SP166_S47	2090273	696636	33.33
strain_long_sample_17	strain	SP167_S48	2065677	127896	6.19
strain_long_sample_17	strain	SP168_S49	1749640	139740	7.99
strain_long_sample_17	strain	SP169_S50	1902740	32251	1.69
strain_long_sample_17	strain	SP16_S12	2043829	105119	5.14
strain_long_sample_17	strain	SP170_S51	2021551	2020577	99.95
strain_long_sample_17	strain	SP171_S52	1993908	1531634	76.82
strain_long_sample_17	strain	SP172_S53	1957437	199606	10.20
strain_long_sample_17	strain	SP173_S54	1973592	135386	6.86
strain_long_sample_17	strain	SP174_S55	2117559	160482	7.58
strain_long_sample_17	strain	SP176_S56	2044611	396023	19.37
strain_long_sample_17	strain	SP177_S57	1977200	1367935	69.19
strain_long_sample_17	strain	SP178_S58	1925491	449383	23.34
strain_long_sample_17	strain	SP179_S59	2098228	35522	1.69
strain_long_sample_17	strain	SP17_S90	2082160	2028790	97.44
strain_long_sample_17	strain	SP180_S96	2031083	230391	11.34
strain_long_sample_17	strain	SP181_S61	2135333	2128628	99.69
strain_long_sample_17	strain	SP182_S62	2047295	1356732	66.27
strain_long_sample_17	strain	SP184_S64	1635099	1364782	83.47
strain_long_sample_17	strain	SP185_S65	1845437	3264	0.18
strain_long_sample_17	strain	SP187_S66	1958898	745640	38.06
strain_long_sample_17	strain	SP188_S67	2040293	265812	13.03
strain_long_sample_17	strain	SP18_S91	2072566	1122384	54.15
strain_long_sample_17	strain	SP190_S69	1976008	158424	8.02
strain_long_sample_17	strain	SP191_S70	2000529	593763	29.68
strain_long_sample_17	strain	SP192_S71	1924197	1003074	52.13
strain_long_sample_17	strain	SP194_S73	2053846	507910	24.73
strain_long_sample_17	strain	SP195_S74	1985003	147567	7.43
strain_long_sample_17	strain	SP196_S75	1970420	57876	2.94
strain_long_sample_17	strain	SP198_S01	2057645	136043	6.61
strain_long_sample_17	strain	SP1_S85	2164447	61255	2.83
strain_long_sample_17	strain	SP20_S77	2202269	121485	5.52
strain_long_sample_17	strain	SP21_S92	1689727	362154	21.43
strain_long_sample_17	strain	SP22_S78	2120430	2083652	98.27
strain_long_sample_17	strain	SP23_S93	2030322	120489	5.93
strain_long_sample_17	strain	SP24_S13	2093455	19014	0.91
strain_long_sample_17	strain	SP25_S14	2028415	10072	0.50
strain_long_sample_17	strain	SP27_S15	1980747	1735854	87.64
strain_long_sample_17	strain	SP2_S86	2105629	1536600	72.98
strain_long_sample_17	strain	SP30_S17	2078679	235236	11.32
strain_long_sample_17	strain	SP31_S18	2096146	22717	1.08
strain_long_sample_17	strain	SP32_S19	2103320	9261	0.44
strain_long_sample_17	strain	SP33_S20	2079363	2075379	99.81
strain_long_sample_17	strain	SP34_S21	2072742	21634	1.04
strain_long_sample_17	strain	SP35_S22	1990563	21973	1.10
strain_long_sample_17	strain	SP36_S23	2086015	525712	25.20
strain_long_sample_17	strain	SP38_S25	2056653	26678	1.30
strain_long_sample_17	strain	SP39_S26	2010726	87746	4.36
strain_long_sample_17	strain	SP3_S87	2041279	1958156	95.93
strain_long_sample_17	strain	SP40_S27	2129381	1099102	51.62
strain_long_sample_17	strain	SP41_S28	2044969	36004	1.76
strain_long_sample_17	strain	SP42_S29	2065552	81062	3.92
strain_long_sample_17	strain	SP43_S30	1998079	107486	5.38
strain_long_sample_17	strain	SP44_S31	2047099	1941607	94.85
strain_long_sample_17	strain	SP45_S32	2070043	13727	0.66
strain_long_sample_17	strain	SP46_S33	2068370	214138	10.35
strain_long_sample_17	strain	SP48_S35	2032240	2031119	99.94
strain_long_sample_17	strain	SP49_S36	2058421	122292	5.94
strain_long_sample_17	strain	SP4_S3	2195551	1569919	71.50
strain_long_sample_17	strain	SP50_S37	1958348	1947929	99.47
strain_long_sample_17	strain	SP52_S38	2038081	11113	0.55
strain_long_sample_17	strain	SP53_S39	2156089	2155121	99.96
strain_long_sample_17	strain	SP54_S40	2028957	1821044	89.75
strain_long_sample_17	strain	SP55_S41	1980370	44017	2.22
strain_long_sample_17	strain	SP56_S42	2048034	104718	5.11
strain_long_sample_17	strain	SP57_S43	1969838	22768	1.16
strain_long_sample_17	strain	SP58_S44	1973824	39831	2.02
strain_long_sample_17	strain	SP59_S47	2090807	1068226	51.09
strain_long_sample_17	strain	SP60_S48	1971764	657734	33.36
strain_long_sample_17	strain	SP61_S45	1995963	12518	0.63
strain_long_sample_17	strain	SP62_S46	2086023	1384008	66.35
strain_long_sample_17	strain	SP63_S49	2084429	331748	15.92
strain_long_sample_17	strain	SP64_S79	2013820	207781	10.32
strain_long_sample_17	strain	SP65_S80	1985668	5224	0.26
strain_long_sample_17	strain	SP67_S50	2070264	452151	21.84
strain_long_sample_17	strain	SP68_S51	2287165	604826	26.44
strain_long_sample_17	strain	SP69_S52	2218514	106499	4.80
strain_long_sample_17	strain	SP6_S88	2087122	2074978	99.42
strain_long_sample_17	strain	SP70_S53	2055688	167024	8.12
strain_long_sample_17	strain	SP71_S54	2049554	101943	4.97
strain_long_sample_17	strain	SP72_S55	2008808	11396	0.57
strain_long_sample_17	strain	SP73_S56	2050203	144373	7.04
strain_long_sample_17	strain	SP74_S57	1980502	442888	22.36
strain_long_sample_17	strain	SP75_S58	2079412	23022	1.11
strain_long_sample_17	strain	SP76_S59	2094080	551042	26.31
strain_long_sample_17	strain	SP77_S60	2013262	78969	3.92
strain_long_sample_17	strain	SP78_S61	2014664	29625	1.47
strain_long_sample_17	strain	SP79_S62	2013315	253310	12.58
strain_long_sample_17	strain	SP7_S4	2105126	118265	5.62
strain_long_sample_17	strain	SP80_S63	2050940	137041	6.68
strain_long_sample_17	strain	SP81_S64	1964360	124167	6.32
strain_long_sample_17	strain	SP82_S65	2093277	806257	38.52
strain_long_sample_17	strain	SP83_S66	1980931	40529	2.05
strain_long_sample_17	strain	SP84_S67	2069912	895456	43.26
strain_long_sample_17	strain	SP85_S68	2065876	466459	22.58
strain_long_sample_17	strain	SP86_S69	2049356	127230	6.21
strain_long_sample_17	strain	SP87_S70	2006213	22503	1.12
strain_long_sample_17	strain	SP88_S94	2082503	11108	0.53
strain_long_sample_17	strain	SP8_S5	2092144	2068212	98.86
strain_long_sample_17	strain	SP91_S72	2026991	175789	8.67
strain_long_sample_17	strain	SP92_S73	2071399	1855589	89.58
strain_long_sample_17	strain	SP93_S74	2078442	61932	2.98
strain_long_sample_17	strain	SP94_S75	2078602	7194	0.35
strain_long_sample_17	strain	SP95_S76	2053291	139103	6.77
strain_long_sample_17	strain	SP96_S77	2166888	36771	1.70
strain_long_sample_17	strain	SP97_S78	2008538	205808	10.25
strain_long_sample_17	strain	SP99_S80	1980535	110056	5.56
strain_long_sample_17	strain	SP9_S6	1996138	24859	1.25
strain_long_sample_17	strain	spades_AND4471_S1_L001	5368063	4950846	92.23
strain_long_sample_17	strain	spades_AND8064_S11_L001	5497841	165577	3.01
strain_long_sample_17	strain	spades_AND8281_S12_L001	5497673	35999	0.65
strain_long_sample_17	strain	spades_AND8302_S10_L001	5495418	2257936	41.09
strain_long_sample_17	strain	spades_AND9183_S11_L001	5148435	851972	16.55
strain_long_sample_17	strain	spades_And10026_S11_L001	5077379	792038	15.60
strain_long_sample_17	strain	spades_And10054_S9_L001	5248044	493831	9.41
strain_long_sample_17	strain	spades_And10062_S12_L001	5068183	1423290	28.08
strain_long_sample_17	strain	spades_And10073_S10_L001	5246988	11237	0.21
strain_long_sample_17	strain	spades_And10925_S5_L001	5618570	913368	16.26
strain_long_sample_17	strain	spades_And11624_S6_L001	4961806	2058569	41.49
strain_long_sample_17	strain	spades_And12875_S7_L001	5202195	878227	16.88
strain_long_sample_17	strain	spades_And4180_S6_L001	5338226	905193	16.96
strain_long_sample_17	strain	spades_And4191_S5_L001	5373351	45879	0.85
strain_long_sample_17	strain	spades_And4246_S5_L001	5640614	360026	6.38
strain_long_sample_17	strain	spades_And4355_S8_L001	5363521	218099	4.07
strain_long_sample_17	strain	spades_And4366_S2_L001	5364391	3937853	73.41
strain_long_sample_17	strain	spades_And4500_S1_L001	5585829	1629087	29.16
strain_long_sample_17	strain	spades_And4543_S2_L001	5582611	42777	0.77
strain_long_sample_17	strain	spades_And4613_S9_L001	5211989	2620886	50.29
strain_long_sample_17	strain	spades_And4621_S3_L001	5216022	109457	2.10
strain_long_sample_17	strain	spades_And4858_S9_L001	5288817	1140031	21.56
strain_long_sample_17	strain	spades_And4892_S4_L001	5077878	565298	11.13
strain_long_sample_17	strain	spades_And4902_S2_L001	5066396	51297	1.01
strain_long_sample_17	strain	spades_And4955_S10_L001	5044213	3089074	61.24
strain_long_sample_17	strain	spades_And5042_S4_L001	5284713	1789541	33.86
strain_long_sample_17	strain	spades_And5141_S4_L001	5286562	390088	7.38
strain_long_sample_17	strain	spades_And5192_S3_L001	5106414	3518943	68.91
strain_long_sample_17	strain	spades_And5213_S1_L001	4911642	1399960	28.50
strain_long_sample_17	strain	spades_And5232_S2_L001	4894280	830554	16.97
strain_long_sample_17	strain	spades_And5237_S4_L001	5948456	2064	0.03
strain_long_sample_17	strain	spades_And5284_S5_L001	5633195	19218	0.34
strain_long_sample_17	strain	spades_And5315_S3_L001	5485511	206459	3.76
strain_long_sample_17	strain	spades_And5331_S1_L001	5061628	5059428	99.96
strain_long_sample_17	strain	spades_And5388_S8_L001	5248482	1265644	24.11
strain_long_sample_17	strain	spades_And5444_S7_L001	5248207	275295	5.25
strain_long_sample_17	strain	spades_And5527_S8_L001	5489379	20247	0.37
strain_long_sample_17	strain	spades_And5533_S9_L001	5486696	1498643	27.31
strain_long_sample_17	strain	spades_And6098_S1_L001	5486974	1215520	22.15
strain_long_sample_17	strain	spades_And6100_S3_L001	5483251	334320	6.10
strain_long_sample_17	strain	spades_And6166_S1_L001	5491273	1908564	34.76
strain_long_sample_17	strain	spades_And6241_S2_L001	5482102	2785293	50.81
strain_long_sample_17	strain	spades_And6342_S10_L001	4808690	4802654	99.87
strain_long_sample_17	strain	spades_And6399_S9_L001	4808515	204736	4.26
strain_long_sample_17	strain	spades_And6400_S11_L001	4808757	221733	4.61
strain_long_sample_17	strain	spades_And6442_S8_L001	5472709	5181435	94.68
strain_long_sample_17	strain	spades_And6884_S7_L001	5616342	71642	1.28
strain_long_sample_17	strain	spades_And7051_S7_L001	5163258	256122	4.96
strain_long_sample_17	strain	spades_And7187_S3_L001	4886278	337832	6.91
strain_long_sample_17	strain	spades_And7225_S6_L001	4907918	1968917	40.12
strain_long_sample_17	strain	spades_And7556_S8_L001	5192378	106754	2.06
strain_long_sample_17	strain	spades_And8344_S10_L001	4970303	21039	0.42
strain_long_sample_17	strain	spades_And8381_S10_L001	5498306	2373181	43.16
strain_long_sample_17	strain	spades_And8382_S4_L001	4966755	30244	0.61
strain_long_sample_17	strain	spades_And8388_S5_L001	5330669	117452	2.20
strain_long_sample_17	strain	spades_And8423_S6_L001	5530859	2457283	44.43
strain_long_sample_17	strain	spades_And8454_S5_L001	5530317	3603780	65.16
strain_long_sample_17	strain	spades_And8457_S3_L001	4927737	2126593	43.16
strain_long_sample_17	strain	spades_And8655_S10_L001	5601592	1840037	32.85
strain_long_sample_17	strain	spades_And8688_S9_L001	5605589	261403	4.66
strain_long_sample_17	strain	spades_And8861_S3_L001	5452253	4923830	90.31
strain_long_sample_17	strain	spades_And8909_S4_L001	5467567	247310	4.52
strain_long_sample_17	strain	spades_And8926_S4_L001	4595731	110665	2.41
strain_long_sample_17	strain	spades_And9053_S12_L001	5579929	1030060	18.46
strain_long_sample_17	strain	spades_And9076_S11_L001	5583272	34544	0.62
strain_long_sample_17	strain	spades_And9183_S10_L001	5150416	1483371	28.80
strain_long_sample_17	strain	spades_And9205_S9_L001	5065495	5020994	99.12
strain_long_sample_17	strain	spades_And9353_S7_L001	5391022	1116929	20.72
strain_long_sample_17	strain	spades_And9387_S6_L001	5536369	185481	3.35
strain_long_sample_17	strain	spades_And9426_S4_L001	5311551	400510	7.54
strain_long_sample_17	strain	spades_And9454_S3_L001	5576404	1447769	25.96
strain_long_sample_17	strain	spades_And9653_S7_L001	4729396	23029	0.49
strain_long_sample_17	strain	spades_And9693_S1_L001	5234639	367638	7.02
strain_long_sample_17	strain	spades_And9722_S8_L001	5087231	411298	8.08
strain_long_sample_17	strain	spades_And9746_S7_L001	5208326	1620973	31.12
strain_long_sample_17	strain	spades_And9855_S12_L001	5376042	3320850	61.77
strain_long_sample_17	strain	spades_ESBL10011_S11_L001	4909842	4588853	93.46
strain_long_sample_17	strain	spades_ESBL10030_S2_L001	4855730	125039	2.58
strain_long_sample_17	strain	spades_ESBL10055_S8_L001	5090447	1624042	31.90
strain_long_sample_17	strain	spades_ESBL10056_S9_L001	5057878	1220931	24.14
strain_long_sample_17	strain	spades_ESBL1009_S1_L001	4889917	877791	17.95
strain_long_sample_17	strain	spades_ESBL5402_S6_L001	4938055	85879	1.74
strain_long_sample_17	strain	spades_ESBL5481_S10_L001	4901360	29955	0.61
strain_long_sample_17	strain	spades_ESBL5497_S3_L001	5188881	4800458	92.51
strain_long_sample_17	strain	spades_ESBL5533_S4_L001	5179780	2384790	46.04
strain_long_sample_17	strain	spades_ESBL5609_S2_L001	5088202	562950	11.06
strain_long_sample_17	strain	spades_ESBL5613_S5_L001	5273131	134484	2.55
strain_long_sample_17	strain	spades_ESBL5621_S1_L001	5257092	1289870	24.54
strain_long_sample_17	strain	spades_ESBL5660_S7_L001	5257730	1061441	20.19
strain_long_sample_17	strain	spades_ESBL5717_S8_L001	5220419	2083122	39.90
strain_long_sample_17	strain	spades_ESBL5734_S3_L001	5598134	908436	16.23
strain_long_sample_17	strain	spades_ESBL5772_S6_L001	5325463	1371326	25.75
strain_long_sample_17	strain	spades_ESBL5780_S5_L001	5349338	470514	8.80
strain_long_sample_17	strain	spades_ESBL5784_S3_L001	5468994	45006	0.82
strain_long_sample_17	strain	spades_ESBL5786_S5_L001	5289185	402101	7.60
strain_long_sample_17	strain	spades_ESBL5791_S4_L001	5419083	2943765	54.32
strain_long_sample_17	strain	spades_ESBL5792_S6_L001	5286705	989546	18.72
strain_long_sample_17	strain	spades_ESBL5808_S8_L001	5142239	1918006	37.30
strain_long_sample_17	strain	spades_ESBL5817_S7_L001	4850179	799642	16.49
strain_long_sample_17	strain	spades_ESBL5827_S10_L001	5627681	699775	12.43
strain_long_sample_17	strain	spades_ESBL5852_S11_L001	5631598	900757	15.99
strain_long_sample_17	strain	spades_ESBL5872_S5_L001	5649121	485946	8.60
strain_long_sample_17	strain	spades_ESBL5909_S5_L001	4903928	8923	0.18
strain_long_sample_17	strain	spades_ESBL5911_S4_L001	4902006	895021	18.26
strain_long_sample_17	strain	spades_ESBL6101_S9_L001	4951660	4950155	99.97
strain_long_sample_17	strain	spades_ESBL6164_S11_L001	5296034	756767	14.29
strain_long_sample_17	strain	spades_ESBL6200_S12_L001	4853372	255368	5.26
strain_long_sample_17	strain	spades_ESBL6210_S10_L001	4795054	61264	1.28
strain_long_sample_17	strain	spades_ESBL6270_S10_L001	5129972	689134	13.43
strain_long_sample_17	strain	spades_ESBL6351_S5_L001	5140727	5137524	99.94
strain_long_sample_17	strain	spades_ESBL6364_S9_L001	5323526	2949336	55.40
strain_long_sample_17	strain	spades_ESBL6409_S4_L001	5206730	129601	2.49
strain_long_sample_17	strain	spades_ESBL6418_S2_L001	4803161	141339	2.94
strain_long_sample_17	strain	spades_ESBL6455_S6_L001	4857585	1077229	22.18
strain_long_sample_17	strain	spades_ESBL6515_S2_L001	5206284	4622688	88.79
strain_long_sample_17	strain	spades_ESBL6620_S4_L001	5444869	13089	0.24
strain_long_sample_17	strain	spades_ESBL6628_S5_L001	5443769	146012	2.68
strain_long_sample_17	strain	spades_ESBL6643_S3_L001	5120216	426341	8.33
strain_long_sample_17	strain	spades_ESBL6661_S8_L001	5049636	39186	0.78
strain_long_sample_17	strain	spades_ESBL6724_S11_L001	5278084	305936	5.80
strain_long_sample_17	strain	spades_ESBL6759Q_S12_L001	5518056	2447017	44.35
strain_long_sample_17	strain	spades_ESBL6760_S6_L001	5267859	3187202	60.50
strain_long_sample_17	strain	spades_ESBL6769_S11_L001	5522930	179737	3.25
strain_long_sample_17	strain	spades_ESBL6792_S10_L001	5212350	97353	1.87
strain_long_sample_17	strain	spades_ESBL6983_S3_L001	5223413	29625	0.57
strain_long_sample_17	strain	spades_ESBL6984_S1_L001	5169466	1697331	32.83
strain_long_sample_17	strain	spades_ESBL7021_S2_L001	5166821	540932	10.47
strain_long_sample_17	strain	spades_ESBL7234_S12_L001	5148279	345962	6.72
strain_long_sample_17	strain	spades_ESBL7347_S10_L001	5120214	15939	0.31
strain_long_sample_17	strain	spades_ESBL7348_S6_L001	5205004	5202145	99.95
strain_long_sample_17	strain	spades_ESBL7359_S3_L001	6243594	965792	15.47
strain_long_sample_17	strain	spades_ESBL7382_S4_L001	4857278	175414	3.61
strain_long_sample_17	strain	spades_ESBL7388_S7_L001	5206566	5033546	96.68
strain_long_sample_17	strain	spades_ESBL7410_S11_L001	5124963	3010163	58.74
strain_long_sample_17	strain	spades_ESBL7424_S8_L001	5210944	16317	0.31
strain_long_sample_17	strain	spades_ESBL7431_S12_L001	5304537	281852	5.31
strain_long_sample_17	strain	spades_ESBL7525_S1_L001	5217626	46361	0.89
strain_long_sample_17	strain	spades_ESBL7531_S9_L001	5208486	117616	2.26
strain_long_sample_17	strain	spades_ESBL7532_S2_L001	5351688	227596	4.25
strain_long_sample_17	strain	spades_ESBL7534_S10_L001	4881029	4475423	91.69
strain_long_sample_17	strain	spades_ESBL7553_S11_L001	5395788	3117221	57.77
strain_long_sample_17	strain	spades_ESBL7586_S7_L001	4948638	3957467	79.97
strain_long_sample_17	strain	spades_ESBL7634_S2_L001	5550584	368154	6.63
strain_long_sample_17	strain	spades_ESBL7810_S9_L001	5926039	366749	6.19
strain_long_sample_17	strain	spades_ESBL7862_S8_L001	5904754	716565	12.14
strain_long_sample_17	strain	spades_ESBL8075_S12_L001	5404977	167363	3.10
strain_long_sample_17	strain	spades_ESBL8159_S1_L001	5325786	16377	0.31
strain_long_sample_17	strain	spades_ESBL8341_S10_L001	4862937	273397	5.62
strain_long_sample_17	strain	spades_ESBL8411_S7_L001	6071184	1470624	24.22
strain_long_sample_17	strain	spades_ESBL8514_S7_L001	4905882	4882175	99.52
strain_long_sample_17	strain	spades_ESBL8604_S8_L001	5107945	234063	4.58
strain_long_sample_17	strain	spades_ESBL8855_S12_L001	5625519	133000	2.36
strain_long_sample_17	strain	spades_ESBL8873_S6_L001	5567706	26435	0.47
strain_long_sample_17	strain	spades_ESBL8909_S7_L001	5264884	4171996	79.24
strain_long_sample_17	strain	spades_ESBL8953_S1_L001	5559832	253489	4.56
strain_long_sample_17	strain	spades_ESBL8956_S2_L001	5556246	419824	7.56
strain_long_sample_17	strain	spades_ESBL8960_S8_L001	5673185	3175345	55.97
strain_long_sample_17	strain	spades_ESBL9044_S9_L001	5039987	1656430	32.87
strain_long_sample_17	strain	spades_ESBL9046_S6_L001	5646310	827947	14.66
strain_long_sample_17	strain	spades_ESBL9166_S11_L001	4708419	1776703	37.73
strain_long_sample_17	strain	spades_ESBL9224_S2_L001	5703641	2256404	39.56
strain_long_sample_17	strain	spades_ESBL9250_S3_L001	5557990	3568178	64.20
strain_long_sample_17	strain	spades_ESBL9251_S1_L001	5704673	5704110	99.99
strain_long_sample_17	strain	spades_ESBL9318_S2_L001	4772473	3976899	83.33
strain_long_sample_17	strain	spades_ESBL9336_S1_L001	5170229	359039	6.94
strain_long_sample_17	strain	spades_ESBL9440_S6_L001	5102994	5101272	99.97
strain_long_sample_17	strain	spades_ESBL9654_S5_L001	5153457	54824	1.06
strain_long_sample_17	strain	spades_ESBL9656_S7_L001	5100274	3115837	61.09
strain_long_sample_17	strain	spades_ESBL9861_S4_L001	5188009	3521600	67.88
strain_long_sample_17	strain	spades_ESBL9875_S5_L001	5191975	2422000	46.65
strain_long_sample_17	strain	spades_ESBL9915_S6_L001	5090453	3592544	70.57
strain_long_sample_17	strain	spades_MRSA7113_S2_L001	2825247	2661151	94.19
strain_long_sample_17	strain	spades_MRSA7119_S2_L001	2748878	28523	1.04
strain_long_sample_17	strain	spades_MRSA7124_S4_L001	2778919	1402139	50.46
strain_long_sample_17	strain	spades_MRSA7129_S1_L001	2824465	2622858	92.86
strain_long_sample_17	strain	spades_MRSA7129_S8_L001	2785154	1356781	48.71
strain_long_sample_17	strain	spades_MRSA7133_S3_L001	2821986	471616	16.71
strain_long_sample_17	strain	spades_MRSA7172_S1_L001	2747769	215041	7.83
strain_long_sample_17	strain	spades_MRSA7231_S7_L001	2781316	551527	19.83
strain_long_sample_17	strain	spades_MRSA7286_S4_L001	2817370	1248496	44.31
strain_long_sample_17	strain	spades_MRSA7295_S3_L001	2832162	1197938	42.30
strain_long_sample_17	strain	spades_MRSA7796_S10_L001	2763305	353086	12.78
strain_long_sample_17	strain	spades_MRSA7830_S9_L001	2786125	2781377	99.83
strain_long_sample_17	strain	spades_MRSA8007_S12_L001	2738989	348374	12.72
strain_long_sample_17	strain	spades_MRSA8013_S11_L001	2739001	70261	2.57
strain_long_sample_17	strain	spades_MRSA8186_S9_L001	2844448	118886	4.18
strain_long_sample_17	strain	spades_MRSA8187_S8_L001	2838974	2548777	89.78
strain_long_sample_17	strain	spades_MRSA8339_S5_L001	2777668	80747	2.91
strain_long_sample_17	strain	spades_MRSA8595_S7_L001	2833533	123977	4.38
strain_long_sample_17	strain	spades_MRSA8602_S6_L001	2816259	1335658	47.43
strain_long_sample_17	strain	spades_MRSA8758_S5_L001	2816182	41611	1.48
strain_long_sample_17	strain	spades_MRSA9344_S6_L001	2785341	863333	31.00
strain_long_sample_17	strain	spades_VRE2224_S14_L001	3012379	1310915	43.52
strain_long_sample_17	strain	spades_VRE2237_S15_L001	3010799	936526	31.11
strain_long_sample_17	strain	spades_VRE2392_S22_L001	3000431	26949	0.90
strain_long_sample_17	strain	spades_VRE2770_S9_L001	3245517	1444911	44.52
strain_long_sample_17	strain	spades_VRE2857_S10_L001	3094615	339893	10.98
strain_long_sample_17	strain	spades_VRE2906_S11_L001	3429347	306723	8.94
strain_long_sample_17	strain	spades_VRE2913_S13_L001	2985072	450786	15.10
strain_long_sample_17	strain	spades_VRE2941_S2_L001	3166882	500011	15.79
strain_long_sample_17	strain	spades_VRE2943_S1_L001	3128023	337849	10.80
strain_long_sample_17	strain	spades_VRE2961_S3_L001	2855192	102690	3.60
strain_long_sample_17	strain	spades_VRE3021_S4_L001	2952853	436906	14.80
strain_long_sample_17	strain	spades_VRE3043_S21_L001	3001125	1802841	60.07
strain_long_sample_17	strain	spades_VRE3056_S20_L001	3010057	131818	4.38
strain_long_sample_17	strain	spades_VRE3253_S17_L001	2959154	353115	11.93
strain_long_sample_17	strain	spades_VRE3277_S16_L001	3060574	156902	5.13
strain_long_sample_17	strain	spades_VRE3342_S6_L001	3063001	146947	4.80
strain_long_sample_17	strain	spades_VRE3387_S5_L001	3006421	858180	28.54
strain_long_sample_17	strain	spades_VRE3766_S8_L001	3083042	1467604	47.60
strain_long_sample_17	strain	spades_VRE3783_S7_L001	3086681	2774529	89.89
strain_long_sample_17	strain	spades_VRE3786_S19_L001	3118152	1508717	48.38
strain_long_sample_17	strain	spades_VRE3967_S23_L001	3008458	1606952	53.41
strain_long_sample_19	strain	MIKI-NS02	2999969	242856	8.10
strain_long_sample_19	strain	MIKI-NS03	4488719	680299	15.16
strain_long_sample_19	strain	MIKI-NS06	1964761	493515	25.12
strain_long_sample_19	strain	MIKI-NS08	2548584	69919	2.74
strain_long_sample_19	strain	MIKI-NS09	2039692	24495	1.20
strain_long_sample_19	strain	MIKI-NS10	2092650	2088464	99.80
strain_long_sample_19	strain	MIKI-NS11	2039212	30357	1.49
strain_long_sample_19	strain	MIKI-NS12	2252307	569606	25.29
strain_long_sample_19	strain	MIKI-NS13	7206778	2153326	29.88
strain_long_sample_19	strain	MIKI-NS14	5248953	2943549	56.08
strain_long_sample_19	strain	MIKI-NS15	6804612	454495	6.68
strain_long_sample_19	strain	MIKI-NS20	5363855	5341813	99.59
strain_long_sample_19	strain	MIKI-NS23	5370360	59708	1.11
strain_long_sample_19	strain	MIKI-NS24	5364208	215946	4.03
strain_long_sample_19	strain	MIKI-NS25	5371711	3716956	69.20
strain_long_sample_19	strain	SP100_S81	2092705	91749	4.38
strain_long_sample_19	strain	SP101_S82	2132333	10338	0.48
strain_long_sample_19	strain	SP102_S82	2014786	170914	8.48
strain_long_sample_19	strain	SP103_S83	2047626	1177196	57.49
strain_long_sample_19	strain	SP105_S84	2024006	1490778	73.65
strain_long_sample_19	strain	SP106_S85	2015226	38649	1.92
strain_long_sample_19	strain	SP107_S86	2073529	50403	2.43
strain_long_sample_19	strain	SP108_S87	1937122	16733	0.86
strain_long_sample_19	strain	SP109_S83	2012505	46838	2.33
strain_long_sample_19	strain	SP10_S7	2082760	18677	0.90
strain_long_sample_19	strain	SP110_S88	2140902	2070589	96.72
strain_long_sample_19	strain	SP111_S89	2099202	370398	17.64
strain_long_sample_19	strain	SP112_S90	2079727	1621176	77.95
strain_long_sample_19	strain	SP113_S91	2058653	2057476	99.94
strain_long_sample_19	strain	SP114_S92	1987692	127011	6.39
strain_long_sample_19	strain	SP115_S93	2041665	306438	15.01
strain_long_sample_19	strain	SP116_S94	2013236	502851	24.98
strain_long_sample_19	strain	SP117_S95	2236418	291083	13.02
strain_long_sample_19	strain	SP118_S96	1983599	92515	4.66
strain_long_sample_19	strain	SP119_S1	2137079	1115673	52.21
strain_long_sample_19	strain	SP11_S8	2065838	362601	17.55
strain_long_sample_19	strain	SP120_S2	2076062	5780	0.28
strain_long_sample_19	strain	SP121_S3	2078750	2078205	99.97
strain_long_sample_19	strain	SP122_S4	2049787	965657	47.11
strain_long_sample_19	strain	SP124_S6	2070014	1268778	61.29
strain_long_sample_19	strain	SP125_S84	2015328	88321	4.38
strain_long_sample_19	strain	SP126_S7	2003842	1114861	55.64
strain_long_sample_19	strain	SP127_S8	2054557	279033	13.58
strain_long_sample_19	strain	SP128_S9	2012996	27389	1.36
strain_long_sample_19	strain	SP129_S10	2028767	28272	1.39
strain_long_sample_19	strain	SP12_S9	1985084	506806	25.53
strain_long_sample_19	strain	SP130_S11	2077144	1362347	65.59
strain_long_sample_19	strain	SP131_S12	2155215	198160	9.19
strain_long_sample_19	strain	SP132_S13	2000885	522486	26.11
strain_long_sample_19	strain	SP133_S14	1991005	52048	2.61
strain_long_sample_19	strain	SP134_S15	2061331	92643	4.49
strain_long_sample_19	strain	SP135_S16	2058733	1736268	84.34
strain_long_sample_19	strain	SP136_S17	2038096	45325	2.22
strain_long_sample_19	strain	SP137_S18	2035362	14384	0.71
strain_long_sample_19	strain	SP138_S19	2139728	37360	1.75
strain_long_sample_19	strain	SP139_S20	2017343	133332	6.61
strain_long_sample_19	strain	SP13_S10	2040289	1010051	49.51
strain_long_sample_19	strain	SP140_S21	2128346	297315	13.97
strain_long_sample_19	strain	SP141_S22	1979460	372290	18.81
strain_long_sample_19	strain	SP142_S23	2060851	1920570	93.19
strain_long_sample_19	strain	SP143_S24	2012493	173347	8.61
strain_long_sample_19	strain	SP144_S25	2073909	2071425	99.88
strain_long_sample_19	strain	SP145_S26	2040147	1689665	82.82
strain_long_sample_19	strain	SP146_S27	1976220	79749	4.04
strain_long_sample_19	strain	SP147_S28	2131103	376579	17.67
strain_long_sample_19	strain	SP148_S29	2086142	2084677	99.93
strain_long_sample_19	strain	SP149_S30	2113372	822491	38.92
strain_long_sample_19	strain	SP14_S11	2059376	1099736	53.40
strain_long_sample_19	strain	SP150_S31	1987853	26492	1.33
strain_long_sample_19	strain	SP151_S32	1974069	1474209	74.68
strain_long_sample_19	strain	SP152_S33	2010753	2009599	99.94
strain_long_sample_19	strain	SP153_S34	2042628	2037034	99.73
strain_long_sample_19	strain	SP154_S35	2162035	8110	0.38
strain_long_sample_19	strain	SP156_S37	2079530	670524	32.24
strain_long_sample_19	strain	SP157_S38	2048216	19059	0.93
strain_long_sample_19	strain	SP158_S39	1975569	281710	14.26
strain_long_sample_19	strain	SP159_S40	2086141	68570	3.29
strain_long_sample_19	strain	SP15_S89	2011560	22157	1.10
strain_long_sample_19	strain	SP160_S41	2045367	39410	1.93
strain_long_sample_19	strain	SP161_S42	2050632	503975	24.58
strain_long_sample_19	strain	SP162_S43	1982417	14654	0.74
strain_long_sample_19	strain	SP163_S44	1948475	485667	24.93
strain_long_sample_19	strain	SP164_S45	1984518	1600644	80.66
strain_long_sample_19	strain	SP165_S46	1973565	359948	18.24
strain_long_sample_19	strain	SP166_S47	2090273	142868	6.83
strain_long_sample_19	strain	SP167_S48	2065677	782854	37.90
strain_long_sample_19	strain	SP168_S49	1749640	515566	29.47
strain_long_sample_19	strain	SP169_S50	1902740	51109	2.69
strain_long_sample_19	strain	SP16_S12	2043829	160239	7.84
strain_long_sample_19	strain	SP170_S51	2021551	303951	15.04
strain_long_sample_19	strain	SP171_S52	1993908	729121	36.57
strain_long_sample_19	strain	SP172_S53	1957437	231557	11.83
strain_long_sample_19	strain	SP173_S54	1973592	76019	3.85
strain_long_sample_19	strain	SP174_S55	2117559	82098	3.88
strain_long_sample_19	strain	SP176_S56	2044611	235867	11.54
strain_long_sample_19	strain	SP177_S57	1977200	935095	47.29
strain_long_sample_19	strain	SP178_S58	1925491	687074	35.68
strain_long_sample_19	strain	SP179_S59	2098228	27091	1.29
strain_long_sample_19	strain	SP17_S90	2082160	880246	42.28
strain_long_sample_19	strain	SP180_S96	2031083	85962	4.23
strain_long_sample_19	strain	SP181_S61	2135333	82514	3.86
strain_long_sample_19	strain	SP182_S62	2047295	16365	0.80
strain_long_sample_19	strain	SP184_S64	1635099	21287	1.30
strain_long_sample_19	strain	SP185_S65	1845437	5291	0.29
strain_long_sample_19	strain	SP187_S66	1958898	1617072	82.55
strain_long_sample_19	strain	SP188_S67	2040293	281761	13.81
strain_long_sample_19	strain	SP189_S68	2062647	130418	6.32
strain_long_sample_19	strain	SP18_S91	2072566	453953	21.90
strain_long_sample_19	strain	SP190_S69	1976008	44493	2.25
strain_long_sample_19	strain	SP191_S70	2000529	58129	2.91
strain_long_sample_19	strain	SP192_S71	1924197	436512	22.69
strain_long_sample_19	strain	SP194_S73	2053846	1234213	60.09
strain_long_sample_19	strain	SP195_S74	1985003	317561	16.00
strain_long_sample_19	strain	SP196_S75	1970420	577819	29.32
strain_long_sample_19	strain	SP198_S01	2057645	237387	11.54
strain_long_sample_19	strain	SP1_S85	2164447	872140	40.29
strain_long_sample_19	strain	SP20_S77	2202269	188438	8.56
strain_long_sample_19	strain	SP21_S92	1689727	445167	26.35
strain_long_sample_19	strain	SP22_S78	2120430	2118925	99.93
strain_long_sample_19	strain	SP23_S93	2030322	94494	4.65
strain_long_sample_19	strain	SP24_S13	2093455	19001	0.91
strain_long_sample_19	strain	SP25_S14	2028415	431080	21.25
strain_long_sample_19	strain	SP27_S15	1980747	1603564	80.96
strain_long_sample_19	strain	SP2_S86	2105629	92912	4.41
strain_long_sample_19	strain	SP30_S17	2078679	62634	3.01
strain_long_sample_19	strain	SP31_S18	2096146	344538	16.44
strain_long_sample_19	strain	SP32_S19	2103320	7473	0.36
strain_long_sample_19	strain	SP33_S20	2079363	171361	8.24
strain_long_sample_19	strain	SP34_S21	2072742	69325	3.34
strain_long_sample_19	strain	SP35_S22	1990563	130614	6.56
strain_long_sample_19	strain	SP36_S23	2086015	219116	10.50
strain_long_sample_19	strain	SP38_S25	2056653	179583	8.73
strain_long_sample_19	strain	SP39_S26	2010726	1040395	51.74
strain_long_sample_19	strain	SP3_S87	2041279	1960893	96.06
strain_long_sample_19	strain	SP40_S27	2129381	52987	2.49
strain_long_sample_19	strain	SP41_S28	2044969	782137	38.25
strain_long_sample_19	strain	SP42_S29	2065552	6254	0.30
strain_long_sample_19	strain	SP43_S30	1998079	48062	2.41
strain_long_sample_19	strain	SP44_S31	2047099	122954	6.01
strain_long_sample_19	strain	SP45_S32	2070043	184124	8.89
strain_long_sample_19	strain	SP46_S33	2068370	2129	0.10
strain_long_sample_19	strain	SP47_S34	2027743	106472	5.25
strain_long_sample_19	strain	SP48_S35	2032240	154315	7.59
strain_long_sample_19	strain	SP49_S36	2058421	545118	26.48
strain_long_sample_19	strain	SP4_S3	2195551	1467152	66.82
strain_long_sample_19	strain	SP50_S37	1958348	971190	49.59
strain_long_sample_19	strain	SP52_S38	2038081	107948	5.30
strain_long_sample_19	strain	SP53_S39	2156089	1694831	78.61
strain_long_sample_19	strain	SP54_S40	2028957	856040	42.19
strain_long_sample_19	strain	SP55_S41	1980370	32729	1.65
strain_long_sample_19	strain	SP56_S42	2048034	611867	29.88
strain_long_sample_19	strain	SP58_S44	1973824	945577	47.91
strain_long_sample_19	strain	SP59_S47	2090807	65265	3.12
strain_long_sample_19	strain	SP60_S48	1971764	729268	36.99
strain_long_sample_19	strain	SP61_S45	1995963	1045953	52.40
strain_long_sample_19	strain	SP62_S46	2086023	11806	0.57
strain_long_sample_19	strain	SP63_S49	2084429	683599	32.80
strain_long_sample_19	strain	SP64_S79	2013820	792803	39.37
strain_long_sample_19	strain	SP65_S80	1985668	1054	0.05
strain_long_sample_19	strain	SP67_S50	2070264	649062	31.35
strain_long_sample_19	strain	SP68_S51	2287165	541527	23.68
strain_long_sample_19	strain	SP69_S52	2218514	1016731	45.83
strain_long_sample_19	strain	SP6_S88	2087122	49491	2.37
strain_long_sample_19	strain	SP70_S53	2055688	278152	13.53
strain_long_sample_19	strain	SP71_S54	2049554	846714	41.31
strain_long_sample_19	strain	SP72_S55	2008808	839927	41.81
strain_long_sample_19	strain	SP74_S57	1980502	13319	0.67
strain_long_sample_19	strain	SP75_S58	2079412	679854	32.69
strain_long_sample_19	strain	SP76_S59	2094080	856603	40.91
strain_long_sample_19	strain	SP77_S60	2013262	1893626	94.06
strain_long_sample_19	strain	SP78_S61	2014664	20542	1.02
strain_long_sample_19	strain	SP79_S62	2013315	218863	10.87
strain_long_sample_19	strain	SP7_S4	2105126	146994	6.98
strain_long_sample_19	strain	SP80_S63	2050940	149485	7.29
strain_long_sample_19	strain	SP81_S64	1964360	1368473	69.67
strain_long_sample_19	strain	SP82_S65	2093277	432609	20.67
strain_long_sample_19	strain	SP83_S66	1980931	45131	2.28
strain_long_sample_19	strain	SP84_S67	2069912	417255	20.16
strain_long_sample_19	strain	SP85_S68	2065876	216121	10.46
strain_long_sample_19	strain	SP86_S69	2049356	14512	0.71
strain_long_sample_19	strain	SP87_S70	2006213	37846	1.89
strain_long_sample_19	strain	SP88_S94	2082503	305255	14.66
strain_long_sample_19	strain	SP8_S5	2092144	384493	18.38
strain_long_sample_19	strain	SP91_S72	2026991	2466	0.12
strain_long_sample_19	strain	SP92_S73	2071399	408853	19.74
strain_long_sample_19	strain	SP93_S74	2078442	923630	44.44
strain_long_sample_19	strain	SP94_S75	2078602	21902	1.05
strain_long_sample_19	strain	SP95_S76	2053291	1987748	96.81
strain_long_sample_19	strain	SP96_S77	2166888	1557100	71.86
strain_long_sample_19	strain	SP97_S78	2008538	221420	11.02
strain_long_sample_19	strain	SP99_S80	1980535	4643	0.23
strain_long_sample_19	strain	SP9_S6	1996138	728076	36.47
strain_long_sample_19	strain	spades_AND4471_S1_L001	5368063	159192	2.97
strain_long_sample_19	strain	spades_AND8064_S11_L001	5497841	812178	14.77
strain_long_sample_19	strain	spades_AND8281_S12_L001	5497673	788741	14.35
strain_long_sample_19	strain	spades_AND8302_S10_L001	5495418	82763	1.51
strain_long_sample_19	strain	spades_AND9183_S11_L001	5148435	1860822	36.14
strain_long_sample_19	strain	spades_And10026_S11_L001	5077379	4937425	97.24
strain_long_sample_19	strain	spades_And10054_S9_L001	5248044	180010	3.43
strain_long_sample_19	strain	spades_And10062_S12_L001	5068183	664261	13.11
strain_long_sample_19	strain	spades_And10073_S10_L001	5246988	22280	0.42
strain_long_sample_19	strain	spades_And10925_S5_L001	5618570	440964	7.85
strain_long_sample_19	strain	spades_And11624_S6_L001	4961806	228898	4.61
strain_long_sample_19	strain	spades_And12875_S7_L001	5202195	1438818	27.66
strain_long_sample_19	strain	spades_And4180_S6_L001	5338226	23973	0.45
strain_long_sample_19	strain	spades_And4191_S5_L001	5373351	442455	8.23
strain_long_sample_19	strain	spades_And4246_S5_L001	5640614	1573900	27.90
strain_long_sample_19	strain	spades_And4355_S8_L001	5363521	1201731	22.41
strain_long_sample_19	strain	spades_And4366_S2_L001	5364391	2793825	52.08
strain_long_sample_19	strain	spades_And4500_S1_L001	5585829	59648	1.07
strain_long_sample_19	strain	spades_And4543_S2_L001	5582611	526033	9.42
strain_long_sample_19	strain	spades_And4613_S9_L001	5211989	3534925	67.82
strain_long_sample_19	strain	spades_And4621_S3_L001	5216022	357113	6.85
strain_long_sample_19	strain	spades_And4858_S9_L001	5288817	628162	11.88
strain_long_sample_19	strain	spades_And4892_S4_L001	5077878	485837	9.57
strain_long_sample_19	strain	spades_And4902_S2_L001	5066396	710822	14.03
strain_long_sample_19	strain	spades_And4955_S10_L001	5044213	300	0.01
strain_long_sample_19	strain	spades_And5042_S4_L001	5284713	4919765	93.09
strain_long_sample_19	strain	spades_And5141_S4_L001	5286562	519693	9.83
strain_long_sample_19	strain	spades_And5192_S3_L001	5106414	2739517	53.65
strain_long_sample_19	strain	spades_And5213_S1_L001	4911642	110890	2.26
strain_long_sample_19	strain	spades_And5232_S2_L001	4894280	388223	7.93
strain_long_sample_19	strain	spades_And5237_S4_L001	5948456	213687	3.59
strain_long_sample_19	strain	spades_And5284_S5_L001	5633195	280481	4.98
strain_long_sample_19	strain	spades_And5315_S3_L001	5485511	1518996	27.69
strain_long_sample_19	strain	spades_And5331_S1_L001	5061628	4844729	95.71
strain_long_sample_19	strain	spades_And5388_S8_L001	5248482	850616	16.21
strain_long_sample_19	strain	spades_And5444_S7_L001	5248207	912110	17.38
strain_long_sample_19	strain	spades_And5527_S8_L001	5489379	125802	2.29
strain_long_sample_19	strain	spades_And5533_S9_L001	5486696	5482389	99.92
strain_long_sample_19	strain	spades_And6098_S1_L001	5486974	5481278	99.90
strain_long_sample_19	strain	spades_And6100_S3_L001	5483251	492378	8.98
strain_long_sample_19	strain	spades_And6166_S1_L001	5491273	1801015	32.80
strain_long_sample_19	strain	spades_And6241_S2_L001	5482102	614681	11.21
strain_long_sample_19	strain	spades_And6342_S10_L001	4808690	78626	1.64
strain_long_sample_19	strain	spades_And6399_S9_L001	4808515	646370	13.44
strain_long_sample_19	strain	spades_And6400_S11_L001	4808757	1129025	23.48
strain_long_sample_19	strain	spades_And6442_S8_L001	5472709	113904	2.08
strain_long_sample_19	strain	spades_And6884_S7_L001	5616342	2952330	52.57
strain_long_sample_19	strain	spades_And7051_S7_L001	5163258	19551	0.38
strain_long_sample_19	strain	spades_And7187_S3_L001	4886278	3677586	75.26
strain_long_sample_19	strain	spades_And7225_S6_L001	4907918	1906872	38.85
strain_long_sample_19	strain	spades_And7556_S8_L001	5192378	2901983	55.89
strain_long_sample_19	strain	spades_And8344_S10_L001	4970303	160615	3.23
strain_long_sample_19	strain	spades_And8381_S10_L001	5498306	173766	3.16
strain_long_sample_19	strain	spades_And8382_S4_L001	4966755	805679	16.22
strain_long_sample_19	strain	spades_And8388_S5_L001	5330669	105479	1.98
strain_long_sample_19	strain	spades_And8423_S6_L001	5530859	491623	8.89
strain_long_sample_19	strain	spades_And8454_S5_L001	5530317	617401	11.16
strain_long_sample_19	strain	spades_And8457_S3_L001	4927737	157343	3.19
strain_long_sample_19	strain	spades_And8655_S10_L001	5601592	5601359	100.00
strain_long_sample_19	strain	spades_And8688_S9_L001	5605589	1095600	19.54
strain_long_sample_19	strain	spades_And8861_S3_L001	5452253	1728648	31.71
strain_long_sample_19	strain	spades_And8909_S4_L001	5467567	1042114	19.06
strain_long_sample_19	strain	spades_And8926_S4_L001	4595731	1048637	22.82
strain_long_sample_19	strain	spades_And9053_S12_L001	5579929	391842	7.02
strain_long_sample_19	strain	spades_And9076_S11_L001	5583272	347180	6.22
strain_long_sample_19	strain	spades_And9183_S10_L001	5150416	3412438	66.26
strain_long_sample_19	strain	spades_And9205_S9_L001	5065495	202249	3.99
strain_long_sample_19	strain	spades_And9353_S7_L001	5391022	436603	8.10
strain_long_sample_19	strain	spades_And9387_S6_L001	5536369	40173	0.73
strain_long_sample_19	strain	spades_And9426_S4_L001	5311551	663332	12.49
strain_long_sample_19	strain	spades_And9454_S3_L001	5576404	857057	15.37
strain_long_sample_19	strain	spades_And9653_S7_L001	4729396	1266518	26.78
strain_long_sample_19	strain	spades_And9693_S1_L001	5234639	2525275	48.24
strain_long_sample_19	strain	spades_And9722_S8_L001	5087231	1873458	36.83
strain_long_sample_19	strain	spades_And9746_S7_L001	5208326	3511058	67.41
strain_long_sample_19	strain	spades_And9855_S12_L001	5376042	765970	14.25
strain_long_sample_19	strain	spades_ESBL10011_S11_L001	4909842	426464	8.69
strain_long_sample_19	strain	spades_ESBL10030_S2_L001	4855730	2563188	52.79
strain_long_sample_19	strain	spades_ESBL10055_S8_L001	5090447	314368	6.18
strain_long_sample_19	strain	spades_ESBL10056_S9_L001	5057878	913823	18.07
strain_long_sample_19	strain	spades_ESBL1009_S1_L001	4889917	322282	6.59
strain_long_sample_19	strain	spades_ESBL5402_S6_L001	4938055	203705	4.13
strain_long_sample_19	strain	spades_ESBL5481_S10_L001	4901360	2339996	47.74
strain_long_sample_19	strain	spades_ESBL5497_S3_L001	5188881	41354	0.80
strain_long_sample_19	strain	spades_ESBL5533_S4_L001	5179780	1254690	24.22
strain_long_sample_19	strain	spades_ESBL5609_S2_L001	5088202	99936	1.96
strain_long_sample_19	strain	spades_ESBL5613_S5_L001	5273131	9135	0.17
strain_long_sample_19	strain	spades_ESBL5621_S1_L001	5257092	107292	2.04
strain_long_sample_19	strain	spades_ESBL5660_S7_L001	5257730	1664485	31.66
strain_long_sample_19	strain	spades_ESBL5717_S8_L001	5220419	464779	8.90
strain_long_sample_19	strain	spades_ESBL5734_S3_L001	5598134	99838	1.78
strain_long_sample_19	strain	spades_ESBL5772_S6_L001	5325463	303984	5.71
strain_long_sample_19	strain	spades_ESBL5780_S5_L001	5349338	1992623	37.25
strain_long_sample_19	strain	spades_ESBL5784_S3_L001	5468994	5462042	99.87
strain_long_sample_19	strain	spades_ESBL5786_S5_L001	5289185	244933	4.63
strain_long_sample_19	strain	spades_ESBL5791_S4_L001	5419083	1027470	18.96
strain_long_sample_19	strain	spades_ESBL5792_S6_L001	5286705	1382221	26.15
strain_long_sample_19	strain	spades_ESBL5808_S8_L001	5142239	45847	0.89
strain_long_sample_19	strain	spades_ESBL5817_S7_L001	4850179	985093	20.31
strain_long_sample_19	strain	spades_ESBL5827_S10_L001	5627681	915647	16.27
strain_long_sample_19	strain	spades_ESBL5852_S11_L001	5631598	2754060	48.90
strain_long_sample_19	strain	spades_ESBL5872_S5_L001	5649121	585	0.01
strain_long_sample_19	strain	spades_ESBL5909_S5_L001	4903928	489673	9.99
strain_long_sample_19	strain	spades_ESBL5911_S4_L001	4902006	1392920	28.42
strain_long_sample_19	strain	spades_ESBL6101_S9_L001	4951660	259328	5.24
strain_long_sample_19	strain	spades_ESBL6164_S11_L001	5296034	2820681	53.26
strain_long_sample_19	strain	spades_ESBL6200_S12_L001	4853372	3700259	76.24
strain_long_sample_19	strain	spades_ESBL6210_S10_L001	4795054	119537	2.49
strain_long_sample_19	strain	spades_ESBL6270_S10_L001	5129972	436946	8.52
strain_long_sample_19	strain	spades_ESBL6351_S5_L001	5140727	78153	1.52
strain_long_sample_19	strain	spades_ESBL6364_S9_L001	5323526	5120028	96.18
strain_long_sample_19	strain	spades_ESBL6409_S4_L001	5206730	572291	10.99
strain_long_sample_19	strain	spades_ESBL6418_S2_L001	4803161	118431	2.47
strain_long_sample_19	strain	spades_ESBL6455_S6_L001	4857585	3771	0.08
strain_long_sample_19	strain	spades_ESBL6515_S2_L001	5206284	5204533	99.97
strain_long_sample_19	strain	spades_ESBL6620_S4_L001	5444869	123932	2.28
strain_long_sample_19	strain	spades_ESBL6628_S5_L001	5443769	332587	6.11
strain_long_sample_19	strain	spades_ESBL6643_S3_L001	5120216	1119609	21.87
strain_long_sample_19	strain	spades_ESBL6661_S8_L001	5049636	4829218	95.63
strain_long_sample_19	strain	spades_ESBL6724_S11_L001	5278084	1002664	19.00
strain_long_sample_19	strain	spades_ESBL6759Q_S12_L001	5518056	150880	2.73
strain_long_sample_19	strain	spades_ESBL6760_S6_L001	5267859	2196504	41.70
strain_long_sample_19	strain	spades_ESBL6769_S11_L001	5522930	3024953	54.77
strain_long_sample_19	strain	spades_ESBL6792_S10_L001	5212350	35438	0.68
strain_long_sample_19	strain	spades_ESBL6983_S3_L001	5223413	783786	15.01
strain_long_sample_19	strain	spades_ESBL6984_S1_L001	5169466	5166281	99.94
strain_long_sample_19	strain	spades_ESBL7021_S2_L001	5166821	431046	8.34
strain_long_sample_19	strain	spades_ESBL7234_S12_L001	5148279	110792	2.15
strain_long_sample_19	strain	spades_ESBL7347_S10_L001	5120214	870698	17.01
strain_long_sample_19	strain	spades_ESBL7348_S6_L001	5205004	146696	2.82
strain_long_sample_19	strain	spades_ESBL7359_S3_L001	6243594	4918285	78.77
strain_long_sample_19	strain	spades_ESBL7382_S4_L001	4857278	585500	12.05
strain_long_sample_19	strain	spades_ESBL7388_S7_L001	5206566	343804	6.60
strain_long_sample_19	strain	spades_ESBL7410_S11_L001	5124963	1116807	21.79
strain_long_sample_19	strain	spades_ESBL7424_S8_L001	5210944	1308356	25.11
strain_long_sample_19	strain	spades_ESBL7431_S12_L001	5304537	2803139	52.84
strain_long_sample_19	strain	spades_ESBL7525_S1_L001	5217626	4241035	81.28
strain_long_sample_19	strain	spades_ESBL7531_S9_L001	5208486	5156250	99.00
strain_long_sample_19	strain	spades_ESBL7532_S2_L001	5351688	242201	4.53
strain_long_sample_19	strain	spades_ESBL7534_S10_L001	4881029	1012867	20.75
strain_long_sample_19	strain	spades_ESBL7553_S11_L001	5395788	732088	13.57
strain_long_sample_19	strain	spades_ESBL7586_S7_L001	4948638	47002	0.95
strain_long_sample_19	strain	spades_ESBL7634_S2_L001	5550584	87517	1.58
strain_long_sample_19	strain	spades_ESBL7810_S9_L001	5926039	2964378	50.02
strain_long_sample_19	strain	spades_ESBL7862_S8_L001	5904754	1579090	26.74
strain_long_sample_19	strain	spades_ESBL8075_S12_L001	5404977	1018270	18.84
strain_long_sample_19	strain	spades_ESBL8159_S1_L001	5325786	2766262	51.94
strain_long_sample_19	strain	spades_ESBL8341_S10_L001	4862937	163459	3.36
strain_long_sample_19	strain	spades_ESBL8411_S7_L001	6071184	639093	10.53
strain_long_sample_19	strain	spades_ESBL8514_S7_L001	4905882	144621	2.95
strain_long_sample_19	strain	spades_ESBL8604_S8_L001	5107945	4028693	78.87
strain_long_sample_19	strain	spades_ESBL8855_S12_L001	5625519	792275	14.08
strain_long_sample_19	strain	spades_ESBL8873_S6_L001	5567706	1486690	26.70
strain_long_sample_19	strain	spades_ESBL8909_S7_L001	5264884	4315273	81.96
strain_long_sample_19	strain	spades_ESBL8953_S1_L001	5559832	110303	1.98
strain_long_sample_19	strain	spades_ESBL8956_S2_L001	5556246	8464	0.15
strain_long_sample_19	strain	spades_ESBL8960_S8_L001	5673185	2208583	38.93
strain_long_sample_19	strain	spades_ESBL9044_S9_L001	5039987	2730066	54.17
strain_long_sample_19	strain	spades_ESBL9046_S6_L001	5646310	45602	0.81
strain_long_sample_19	strain	spades_ESBL9166_S11_L001	4708419	3865459	82.10
strain_long_sample_19	strain	spades_ESBL9224_S2_L001	5703641	972826	17.06
strain_long_sample_19	strain	spades_ESBL9250_S3_L001	5557990	850237	15.30
strain_long_sample_19	strain	spades_ESBL9251_S1_L001	5704673	335208	5.88
strain_long_sample_19	strain	spades_ESBL9318_S2_L001	4772473	136396	2.86
strain_long_sample_19	strain	spades_ESBL9336_S1_L001	5170229	41772	0.81
strain_long_sample_19	strain	spades_ESBL9440_S6_L001	5102994	1230434	24.11
strain_long_sample_19	strain	spades_ESBL9654_S5_L001	5153457	67825	1.32
strain_long_sample_19	strain	spades_ESBL9656_S7_L001	5100274	4585174	89.90
strain_long_sample_19	strain	spades_ESBL9861_S4_L001	5188009	87424	1.69
strain_long_sample_19	strain	spades_ESBL9875_S5_L001	5191975	2528949	48.71
strain_long_sample_19	strain	spades_ESBL9915_S6_L001	5090453	1387558	27.26
strain_long_sample_19	strain	spades_MRSA7113_S2_L001	2825247	310747	11.00
strain_long_sample_19	strain	spades_MRSA7119_S2_L001	2748878	145455	5.29
strain_long_sample_19	strain	spades_MRSA7124_S4_L001	2778919	911845	32.81
strain_long_sample_19	strain	spades_MRSA7129_S1_L001	2824465	95661	3.39
strain_long_sample_19	strain	spades_MRSA7129_S8_L001	2785154	126018	4.52
strain_long_sample_19	strain	spades_MRSA7133_S3_L001	2821986	1443481	51.15
strain_long_sample_19	strain	spades_MRSA7172_S1_L001	2747769	202996	7.39
strain_long_sample_19	strain	spades_MRSA7231_S7_L001	2781316	1804831	64.89
strain_long_sample_19	strain	spades_MRSA7286_S4_L001	2817370	7295	0.26
strain_long_sample_19	strain	spades_MRSA7295_S3_L001	2832162	521663	18.42
strain_long_sample_19	strain	spades_MRSA7796_S10_L001	2763305	929210	33.63
strain_long_sample_19	strain	spades_MRSA7830_S9_L001	2786125	44539	1.60
strain_long_sample_19	strain	spades_MRSA8007_S12_L001	2738989	24593	0.90
strain_long_sample_19	strain	spades_MRSA8013_S11_L001	2739001	98244	3.59
strain_long_sample_19	strain	spades_MRSA8186_S9_L001	2844448	2746411	96.55
strain_long_sample_19	strain	spades_MRSA8187_S8_L001	2838974	1703396	60.00
strain_long_sample_19	strain	spades_MRSA8339_S5_L001	2777668	197581	7.11
strain_long_sample_19	strain	spades_MRSA8595_S7_L001	2833533	731971	25.83
strain_long_sample_19	strain	spades_MRSA8602_S6_L001	2816259	1200551	42.63
strain_long_sample_19	strain	spades_MRSA8758_S5_L001	2816182	2090737	74.24
strain_long_sample_19	strain	spades_MRSA9344_S6_L001	2785341	54816	1.97
strain_long_sample_19	strain	spades_VRE2224_S14_L001	3012379	1220437	40.51
strain_long_sample_19	strain	spades_VRE2237_S15_L001	3010799	7124	0.24
strain_long_sample_19	strain	spades_VRE2392_S22_L001	3000431	398762	13.29
strain_long_sample_19	strain	spades_VRE2770_S9_L001	3245517	42706	1.32
strain_long_sample_19	strain	spades_VRE2857_S10_L001	3094615	647415	20.92
strain_long_sample_19	strain	spades_VRE2913_S13_L001	2985072	291875	9.78
strain_long_sample_19	strain	spades_VRE2941_S2_L001	3166882	1079514	34.09
strain_long_sample_19	strain	spades_VRE2943_S1_L001	3128023	808217	25.84
strain_long_sample_19	strain	spades_VRE2961_S3_L001	2855192	816208	28.59
strain_long_sample_19	strain	spades_VRE3021_S4_L001	2952853	764178	25.88
strain_long_sample_19	strain	spades_VRE3043_S21_L001	3001125	5405	0.18
strain_long_sample_19	strain	spades_VRE3056_S20_L001	3010057	92829	3.08
strain_long_sample_19	strain	spades_VRE3253_S17_L001	2959154	123611	4.18
strain_long_sample_19	strain	spades_VRE3277_S16_L001	3060574	2939319	96.04
strain_long_sample_19	strain	spades_VRE3342_S6_L001	3063001	578841	18.90
strain_long_sample_19	strain	spades_VRE3387_S5_L001	3006421	743399	24.73
strain_long_sample_19	strain	spades_VRE3766_S8_L001	3083042	880595	28.56
strain_long_sample_19	strain	spades_VRE3783_S7_L001	3086681	128660	4.17
strain_long_sample_19	strain	spades_VRE3786_S19_L001	3118152	134040	4.30
strain_long_sample_19	strain	spades_VRE3967_S23_L001	3008458	221835	7.37
strain_long_sample_24	strain	MIKI-NS02	2999969	1586415	52.88
strain_long_sample_24	strain	MIKI-NS03	4488719	145331	3.24
strain_long_sample_24	strain	MIKI-NS06	1964761	130853	6.66
strain_long_sample_24	strain	MIKI-NS08	2548584	1979313	77.66
strain_long_sample_24	strain	MIKI-NS09	2039692	1158810	56.81
strain_long_sample_24	strain	MIKI-NS10	2092650	1111696	53.12
strain_long_sample_24	strain	MIKI-NS11	2039212	106196	5.21
strain_long_sample_24	strain	MIKI-NS12	2252307	695984	30.90
strain_long_sample_24	strain	MIKI-NS13	7206778	381613	5.30
strain_long_sample_24	strain	MIKI-NS14	5248953	811220	15.45
strain_long_sample_24	strain	MIKI-NS15	6804612	4697572	69.04
strain_long_sample_24	strain	MIKI-NS20	5363855	707569	13.19
strain_long_sample_24	strain	MIKI-NS23	5370360	1245134	23.19
strain_long_sample_24	strain	MIKI-NS24	5364208	495303	9.23
strain_long_sample_24	strain	MIKI-NS25	5371711	704459	13.11
strain_long_sample_24	strain	SP100_S81	2092705	1200013	57.34
strain_long_sample_24	strain	SP101_S82	2132333	2129312	99.86
strain_long_sample_24	strain	SP102_S82	2014786	5125	0.25
strain_long_sample_24	strain	SP103_S83	2047626	1736384	84.80
strain_long_sample_24	strain	SP105_S84	2024006	13911	0.69
strain_long_sample_24	strain	SP106_S85	2015226	1787715	88.71
strain_long_sample_24	strain	SP107_S86	2073529	1927642	92.96
strain_long_sample_24	strain	SP108_S87	1937122	154956	8.00
strain_long_sample_24	strain	SP109_S83	2012505	240093	11.93
strain_long_sample_24	strain	SP10_S7	2082760	6552	0.31
strain_long_sample_24	strain	SP110_S88	2140902	112052	5.23
strain_long_sample_24	strain	SP111_S89	2099202	81635	3.89
strain_long_sample_24	strain	SP112_S90	2079727	22172	1.07
strain_long_sample_24	strain	SP113_S91	2058653	1823470	88.58
strain_long_sample_24	strain	SP114_S92	1987692	6015	0.30
strain_long_sample_24	strain	SP115_S93	2041665	166316	8.15
strain_long_sample_24	strain	SP116_S94	2013236	204242	10.14
strain_long_sample_24	strain	SP117_S95	2236418	109432	4.89
strain_long_sample_24	strain	SP118_S96	1983599	283319	14.28
strain_long_sample_24	strain	SP119_S1	2137079	2049912	95.92
strain_long_sample_24	strain	SP11_S8	2065838	157320	7.62
strain_long_sample_24	strain	SP120_S2	2076062	258941	12.47
strain_long_sample_24	strain	SP121_S3	2078750	366545	17.63
strain_long_sample_24	strain	SP122_S4	2049787	251153	12.25
strain_long_sample_24	strain	SP124_S6	2070014	564460	27.27
strain_long_sample_24	strain	SP125_S84	2015328	2014137	99.94
strain_long_sample_24	strain	SP126_S7	2003842	22644	1.13
strain_long_sample_24	strain	SP127_S8	2054557	110138	5.36
strain_long_sample_24	strain	SP128_S9	2012996	124133	6.17
strain_long_sample_24	strain	SP129_S10	2028767	6810	0.34
strain_long_sample_24	strain	SP12_S9	1985084	1982879	99.89
strain_long_sample_24	strain	SP130_S11	2077144	520322	25.05
strain_long_sample_24	strain	SP131_S12	2155215	5479	0.25
strain_long_sample_24	strain	SP132_S13	2000885	1421794	71.06
strain_long_sample_24	strain	SP133_S14	1991005	1161822	58.35
strain_long_sample_24	strain	SP134_S15	2061331	188168	9.13
strain_long_sample_24	strain	SP135_S16	2058733	386653	18.78
strain_long_sample_24	strain	SP136_S17	2038096	1622201	79.59
strain_long_sample_24	strain	SP137_S18	2035362	667205	32.78
strain_long_sample_24	strain	SP138_S19	2139728	83730	3.91
strain_long_sample_24	strain	SP139_S20	2017343	1986253	98.46
strain_long_sample_24	strain	SP13_S10	2040289	76585	3.75
strain_long_sample_24	strain	SP140_S21	2128346	1666646	78.31
strain_long_sample_24	strain	SP141_S22	1979460	423582	21.40
strain_long_sample_24	strain	SP142_S23	2060851	33448	1.62
strain_long_sample_24	strain	SP143_S24	2012493	1795904	89.24
strain_long_sample_24	strain	SP144_S25	2073909	74567	3.60
strain_long_sample_24	strain	SP145_S26	2040147	445820	21.85
strain_long_sample_24	strain	SP146_S27	1976220	1401304	70.91
strain_long_sample_24	strain	SP147_S28	2131103	1187437	55.72
strain_long_sample_24	strain	SP148_S29	2086142	557	0.03
strain_long_sample_24	strain	SP149_S30	2113372	675589	31.97
strain_long_sample_24	strain	SP14_S11	2059376	438506	21.29
strain_long_sample_24	strain	SP150_S31	1987853	1401050	70.48
strain_long_sample_24	strain	SP151_S32	1974069	944600	47.85
strain_long_sample_24	strain	SP152_S33	2010753	299428	14.89
strain_long_sample_24	strain	SP153_S34	2042628	51783	2.54
strain_long_sample_24	strain	SP154_S35	2162035	1283094	59.35
strain_long_sample_24	strain	SP155_S36	2075312	16841	0.81
strain_long_sample_24	strain	SP156_S37	2079530	431647	20.76
strain_long_sample_24	strain	SP157_S38	2048216	575624	28.10
strain_long_sample_24	strain	SP158_S39	1975569	255510	12.93
strain_long_sample_24	strain	SP159_S40	2086141	13464	0.65
strain_long_sample_24	strain	SP15_S89	2011560	341558	16.98
strain_long_sample_24	strain	SP160_S41	2045367	398294	19.47
strain_long_sample_24	strain	SP161_S42	2050632	48266	2.35
strain_long_sample_24	strain	SP162_S43	1982417	989120	49.89
strain_long_sample_24	strain	SP163_S44	1948475	170782	8.76
strain_long_sample_24	strain	SP164_S45	1984518	1321208	66.58
strain_long_sample_24	strain	SP165_S46	1973565	1903867	96.47
strain_long_sample_24	strain	SP166_S47	2090273	1845627	88.30
strain_long_sample_24	strain	SP167_S48	2065677	181176	8.77
strain_long_sample_24	strain	SP168_S49	1749640	325789	18.62
strain_long_sample_24	strain	SP169_S50	1902740	154218	8.11
strain_long_sample_24	strain	SP16_S12	2043829	1783945	87.28
strain_long_sample_24	strain	SP170_S51	2021551	109937	5.44
strain_long_sample_24	strain	SP171_S52	1993908	158774	7.96
strain_long_sample_24	strain	SP172_S53	1957437	40329	2.06
strain_long_sample_24	strain	SP173_S54	1973592	1086472	55.05
strain_long_sample_24	strain	SP174_S55	2117559	16661	0.79
strain_long_sample_24	strain	SP176_S56	2044611	221836	10.85
strain_long_sample_24	strain	SP177_S57	1977200	132762	6.71
strain_long_sample_24	strain	SP178_S58	1925491	1355335	70.39
strain_long_sample_24	strain	SP179_S59	2098228	2083412	99.29
strain_long_sample_24	strain	SP17_S90	2082160	968374	46.51
strain_long_sample_24	strain	SP180_S96	2031083	583009	28.70
strain_long_sample_24	strain	SP181_S61	2135333	11089	0.52
strain_long_sample_24	strain	SP182_S62	2047295	1379090	67.36
strain_long_sample_24	strain	SP184_S64	1635099	174927	10.70
strain_long_sample_24	strain	SP185_S65	1845437	759526	41.16
strain_long_sample_24	strain	SP187_S66	1958898	393363	20.08
strain_long_sample_24	strain	SP188_S67	2040293	1980556	97.07
strain_long_sample_24	strain	SP189_S68	2062647	13041	0.63
strain_long_sample_24	strain	SP18_S91	2072566	80107	3.87
strain_long_sample_24	strain	SP190_S69	1976008	1030929	52.17
strain_long_sample_24	strain	SP191_S70	2000529	62654	3.13
strain_long_sample_24	strain	SP192_S71	1924197	29604	1.54
strain_long_sample_24	strain	SP194_S73	2053846	1908902	92.94
strain_long_sample_24	strain	SP195_S74	1985003	784721	39.53
strain_long_sample_24	strain	SP196_S75	1970420	1014793	51.50
strain_long_sample_24	strain	SP198_S01	2057645	56273	2.73
strain_long_sample_24	strain	SP1_S85	2164447	537278	24.82
strain_long_sample_24	strain	SP20_S77	2202269	1397010	63.44
strain_long_sample_24	strain	SP21_S92	1689727	113668	6.73
strain_long_sample_24	strain	SP22_S78	2120430	2020330	95.28
strain_long_sample_24	strain	SP24_S13	2093455	1973238	94.26
strain_long_sample_24	strain	SP25_S14	2028415	461607	22.76
strain_long_sample_24	strain	SP27_S15	1980747	505778	25.53
strain_long_sample_24	strain	SP2_S86	2105629	17364	0.82
strain_long_sample_24	strain	SP30_S17	2078679	193919	9.33
strain_long_sample_24	strain	SP31_S18	2096146	8091	0.39
strain_long_sample_24	strain	SP32_S19	2103320	1904944	90.57
strain_long_sample_24	strain	SP33_S20	2079363	900083	43.29
strain_long_sample_24	strain	SP34_S21	2072742	136229	6.57
strain_long_sample_24	strain	SP35_S22	1990563	1179863	59.27
strain_long_sample_24	strain	SP36_S23	2086015	296737	14.23
strain_long_sample_24	strain	SP38_S25	2056653	1967448	95.66
strain_long_sample_24	strain	SP39_S26	2010726	116711	5.80
strain_long_sample_24	strain	SP3_S87	2041279	275134	13.48
strain_long_sample_24	strain	SP40_S27	2129381	1040806	48.88
strain_long_sample_24	strain	SP41_S28	2044969	151027	7.39
strain_long_sample_24	strain	SP42_S29	2065552	653077	31.62
strain_long_sample_24	strain	SP43_S30	1998079	1996052	99.90
strain_long_sample_24	strain	SP44_S31	2047099	550852	26.91
strain_long_sample_24	strain	SP45_S32	2070043	273631	13.22
strain_long_sample_24	strain	SP46_S33	2068370	273647	13.23
strain_long_sample_24	strain	SP47_S34	2027743	1889738	93.19
strain_long_sample_24	strain	SP48_S35	2032240	1542653	75.91
strain_long_sample_24	strain	SP49_S36	2058421	162331	7.89
strain_long_sample_24	strain	SP4_S3	2195551	717336	32.67
strain_long_sample_24	strain	SP50_S37	1958348	185264	9.46
strain_long_sample_24	strain	SP52_S38	2038081	981826	48.17
strain_long_sample_24	strain	SP53_S39	2156089	2101773	97.48
strain_long_sample_24	strain	SP54_S40	2028957	89329	4.40
strain_long_sample_24	strain	SP55_S41	1980370	91961	4.64
strain_long_sample_24	strain	SP56_S42	2048034	421970	20.60
strain_long_sample_24	strain	SP57_S43	1969838	766501	38.91
strain_long_sample_24	strain	SP58_S44	1973824	210249	10.65
strain_long_sample_24	strain	SP59_S47	2090807	70446	3.37
strain_long_sample_24	strain	SP60_S48	1971764	69080	3.50
strain_long_sample_24	strain	SP61_S45	1995963	42377	2.12
strain_long_sample_24	strain	SP62_S46	2086023	660758	31.68
strain_long_sample_24	strain	SP63_S49	2084429	231668	11.11
strain_long_sample_24	strain	SP64_S79	2013820	734371	36.47
strain_long_sample_24	strain	SP65_S80	1985668	17704	0.89
strain_long_sample_24	strain	SP67_S50	2070264	1633232	78.89
strain_long_sample_24	strain	SP68_S51	2287165	64726	2.83
strain_long_sample_24	strain	SP69_S52	2218514	1344317	60.60
strain_long_sample_24	strain	SP6_S88	2087122	832524	39.89
strain_long_sample_24	strain	SP70_S53	2055688	213160	10.37
strain_long_sample_24	strain	SP71_S54	2049554	134916	6.58
strain_long_sample_24	strain	SP72_S55	2008808	1766725	87.95
strain_long_sample_24	strain	SP73_S56	2050203	168902	8.24
strain_long_sample_24	strain	SP74_S57	1980502	217230	10.97
strain_long_sample_24	strain	SP75_S58	2079412	201467	9.69
strain_long_sample_24	strain	SP76_S59	2094080	810458	38.70
strain_long_sample_24	strain	SP77_S60	2013262	80769	4.01
strain_long_sample_24	strain	SP78_S61	2014664	179493	8.91
strain_long_sample_24	strain	SP79_S62	2013315	96900	4.81
strain_long_sample_24	strain	SP7_S4	2105126	129767	6.16
strain_long_sample_24	strain	SP80_S63	2050940	59010	2.88
strain_long_sample_24	strain	SP81_S64	1964360	335133	17.06
strain_long_sample_24	strain	SP82_S65	2093277	220202	10.52
strain_long_sample_24	strain	SP83_S66	1980931	961068	48.52
strain_long_sample_24	strain	SP84_S67	2069912	389728	18.83
strain_long_sample_24	strain	SP85_S68	2065876	1742295	84.34
strain_long_sample_24	strain	SP86_S69	2049356	1387515	67.70
strain_long_sample_24	strain	SP87_S70	2006213	128291	6.39
strain_long_sample_24	strain	SP88_S94	2082503	1655402	79.49
strain_long_sample_24	strain	SP8_S5	2092144	95283	4.55
strain_long_sample_24	strain	SP91_S72	2026991	936835	46.22
strain_long_sample_24	strain	SP92_S73	2071399	1277753	61.69
strain_long_sample_24	strain	SP93_S74	2078442	433824	20.87
strain_long_sample_24	strain	SP94_S75	2078602	908835	43.72
strain_long_sample_24	strain	SP95_S76	2053291	1331549	64.85
strain_long_sample_24	strain	SP96_S77	2166888	325638	15.03
strain_long_sample_24	strain	SP97_S78	2008538	1381118	68.76
strain_long_sample_24	strain	SP99_S80	1980535	1400042	70.69
strain_long_sample_24	strain	SP9_S6	1996138	109977	5.51
strain_long_sample_24	strain	spades_AND4471_S1_L001	5368063	1419362	26.44
strain_long_sample_24	strain	spades_AND8064_S11_L001	5497841	1672419	30.42
strain_long_sample_24	strain	spades_AND8281_S12_L001	5497673	952761	17.33
strain_long_sample_24	strain	spades_AND8302_S10_L001	5495418	2203266	40.09
strain_long_sample_24	strain	spades_AND9183_S11_L001	5148435	133448	2.59
strain_long_sample_24	strain	spades_And10026_S11_L001	5077379	1181183	23.26
strain_long_sample_24	strain	spades_And10054_S9_L001	5248044	3596868	68.54
strain_long_sample_24	strain	spades_And10062_S12_L001	5068183	48125	0.95
strain_long_sample_24	strain	spades_And10073_S10_L001	5246988	1679912	32.02
strain_long_sample_24	strain	spades_And10925_S5_L001	5618570	95198	1.69
strain_long_sample_24	strain	spades_And11624_S6_L001	4961806	1125383	22.68
strain_long_sample_24	strain	spades_And12875_S7_L001	5202195	216981	4.17
strain_long_sample_24	strain	spades_And4180_S6_L001	5338226	324253	6.07
strain_long_sample_24	strain	spades_And4191_S5_L001	5373351	4680375	87.10
strain_long_sample_24	strain	spades_And4246_S5_L001	5640614	18720	0.33
strain_long_sample_24	strain	spades_And4355_S8_L001	5363521	1179206	21.99
strain_long_sample_24	strain	spades_And4366_S2_L001	5364391	286676	5.34
strain_long_sample_24	strain	spades_And4500_S1_L001	5585829	4511595	80.77
strain_long_sample_24	strain	spades_And4543_S2_L001	5582611	764587	13.70
strain_long_sample_24	strain	spades_And4613_S9_L001	5211989	2166633	41.57
strain_long_sample_24	strain	spades_And4621_S3_L001	5216022	87339	1.67
strain_long_sample_24	strain	spades_And4858_S9_L001	5288817	511463	9.67
strain_long_sample_24	strain	spades_And4892_S4_L001	5077878	614674	12.10
strain_long_sample_24	strain	spades_And4902_S2_L001	5066396	161260	3.18
strain_long_sample_24	strain	spades_And4955_S10_L001	5044213	882887	17.50
strain_long_sample_24	strain	spades_And5042_S4_L001	5284713	98013	1.85
strain_long_sample_24	strain	spades_And5141_S4_L001	5286562	136647	2.58
strain_long_sample_24	strain	spades_And5192_S3_L001	5106414	425874	8.34
strain_long_sample_24	strain	spades_And5213_S1_L001	4911642	1858516	37.84
strain_long_sample_24	strain	spades_And5232_S2_L001	4894280	4892095	99.96
strain_long_sample_24	strain	spades_And5237_S4_L001	5948456	3275724	55.07
strain_long_sample_24	strain	spades_And5284_S5_L001	5633195	2944001	52.26
strain_long_sample_24	strain	spades_And5315_S3_L001	5485511	5473938	99.79
strain_long_sample_24	strain	spades_And5331_S1_L001	5061628	155539	3.07
strain_long_sample_24	strain	spades_And5388_S8_L001	5248482	1911360	36.42
strain_long_sample_24	strain	spades_And5444_S7_L001	5248207	503425	9.59
strain_long_sample_24	strain	spades_And5527_S8_L001	5489379	4346534	79.18
strain_long_sample_24	strain	spades_And5533_S9_L001	5486696	2415036	44.02
strain_long_sample_24	strain	spades_And6098_S1_L001	5486974	491134	8.95
strain_long_sample_24	strain	spades_And6100_S3_L001	5483251	3464454	63.18
strain_long_sample_24	strain	spades_And6166_S1_L001	5491273	5490915	99.99
strain_long_sample_24	strain	spades_And6241_S2_L001	5482102	3074000	56.07
strain_long_sample_24	strain	spades_And6342_S10_L001	4808690	27195	0.57
strain_long_sample_24	strain	spades_And6399_S9_L001	4808515	471417	9.80
strain_long_sample_24	strain	spades_And6400_S11_L001	4808757	2981321	62.00
strain_long_sample_24	strain	spades_And6442_S8_L001	5472709	2218522	40.54
strain_long_sample_24	strain	spades_And6884_S7_L001	5616342	206988	3.69
strain_long_sample_24	strain	spades_And7051_S7_L001	5163258	1870474	36.23
strain_long_sample_24	strain	spades_And7187_S3_L001	4886278	179216	3.67
strain_long_sample_24	strain	spades_And7225_S6_L001	4907918	244221	4.98
strain_long_sample_24	strain	spades_And7556_S8_L001	5192378	1125251	21.67
strain_long_sample_24	strain	spades_And8344_S10_L001	4970303	238771	4.80
strain_long_sample_24	strain	spades_And8381_S10_L001	5498306	106996	1.95
strain_long_sample_24	strain	spades_And8382_S4_L001	4966755	418362	8.42
strain_long_sample_24	strain	spades_And8388_S5_L001	5330669	54163	1.02
strain_long_sample_24	strain	spades_And8423_S6_L001	5530859	701665	12.69
strain_long_sample_24	strain	spades_And8454_S5_L001	5530317	784891	14.19
strain_long_sample_24	strain	spades_And8457_S3_L001	4927737	527204	10.70
strain_long_sample_24	strain	spades_And8655_S10_L001	5601592	497036	8.87
strain_long_sample_24	strain	spades_And8688_S9_L001	5605589	1276056	22.76
strain_long_sample_24	strain	spades_And8861_S3_L001	5452253	222348	4.08
strain_long_sample_24	strain	spades_And8909_S4_L001	5467567	1583895	28.97
strain_long_sample_24	strain	spades_And8926_S4_L001	4595731	320540	6.97
strain_long_sample_24	strain	spades_And9053_S12_L001	5579929	2087	0.04
strain_long_sample_24	strain	spades_And9076_S11_L001	5583272	2030829	36.37
strain_long_sample_24	strain	spades_And9183_S10_L001	5150416	39795	0.77
strain_long_sample_24	strain	spades_And9205_S9_L001	5065495	1365797	26.96
strain_long_sample_24	strain	spades_And9353_S7_L001	5391022	396104	7.35
strain_long_sample_24	strain	spades_And9387_S6_L001	5536369	5065	0.09
strain_long_sample_24	strain	spades_And9426_S4_L001	5311551	1336752	25.17
strain_long_sample_24	strain	spades_And9454_S3_L001	5576404	5535159	99.26
strain_long_sample_24	strain	spades_And9653_S7_L001	4729396	227055	4.80
strain_long_sample_24	strain	spades_And9693_S1_L001	5234639	99536	1.90
strain_long_sample_24	strain	spades_And9722_S8_L001	5087231	2379984	46.78
strain_long_sample_24	strain	spades_And9746_S7_L001	5208326	1456455	27.96
strain_long_sample_24	strain	spades_And9855_S12_L001	5376042	5371832	99.92
strain_long_sample_24	strain	spades_ESBL10011_S11_L001	4909842	660579	13.45
strain_long_sample_24	strain	spades_ESBL10030_S2_L001	4855730	26390	0.54
strain_long_sample_24	strain	spades_ESBL10055_S8_L001	5090447	213025	4.18
strain_long_sample_24	strain	spades_ESBL10056_S9_L001	5057878	806589	15.95
strain_long_sample_24	strain	spades_ESBL1009_S1_L001	4889917	1464866	29.96
strain_long_sample_24	strain	spades_ESBL5402_S6_L001	4938055	1705293	34.53
strain_long_sample_24	strain	spades_ESBL5481_S10_L001	4901360	4802099	97.97
strain_long_sample_24	strain	spades_ESBL5497_S3_L001	5188881	327197	6.31
strain_long_sample_24	strain	spades_ESBL5533_S4_L001	5179780	107851	2.08
strain_long_sample_24	strain	spades_ESBL5609_S2_L001	5088202	82307	1.62
strain_long_sample_24	strain	spades_ESBL5613_S5_L001	5273131	1430258	27.12
strain_long_sample_24	strain	spades_ESBL5621_S1_L001	5257092	213031	4.05
strain_long_sample_24	strain	spades_ESBL5660_S7_L001	5257730	1085910	20.65
strain_long_sample_24	strain	spades_ESBL5717_S8_L001	5220419	74197	1.42
strain_long_sample_24	strain	spades_ESBL5734_S3_L001	5598134	11699	0.21
strain_long_sample_24	strain	spades_ESBL5772_S6_L001	5325463	509574	9.57
strain_long_sample_24	strain	spades_ESBL5780_S5_L001	5349338	999321	18.68
strain_long_sample_24	strain	spades_ESBL5784_S3_L001	5468994	122024	2.23
strain_long_sample_24	strain	spades_ESBL5786_S5_L001	5289185	97976	1.85
strain_long_sample_24	strain	spades_ESBL5791_S4_L001	5419083	37241	0.69
strain_long_sample_24	strain	spades_ESBL5792_S6_L001	5286705	174837	3.31
strain_long_sample_24	strain	spades_ESBL5808_S8_L001	5142239	22384	0.44
strain_long_sample_24	strain	spades_ESBL5817_S7_L001	4850179	448083	9.24
strain_long_sample_24	strain	spades_ESBL5827_S10_L001	5627681	1826898	32.46
strain_long_sample_24	strain	spades_ESBL5852_S11_L001	5631598	211138	3.75
strain_long_sample_24	strain	spades_ESBL5872_S5_L001	5649121	5648140	99.98
strain_long_sample_24	strain	spades_ESBL5909_S5_L001	4903928	4890053	99.72
strain_long_sample_24	strain	spades_ESBL5911_S4_L001	4902006	1505616	30.71
strain_long_sample_24	strain	spades_ESBL6101_S9_L001	4951660	279057	5.64
strain_long_sample_24	strain	spades_ESBL6164_S11_L001	5296034	156086	2.95
strain_long_sample_24	strain	spades_ESBL6200_S12_L001	4853372	1390503	28.65
strain_long_sample_24	strain	spades_ESBL6210_S10_L001	4795054	272522	5.68
strain_long_sample_24	strain	spades_ESBL6270_S10_L001	5129972	167960	3.27
strain_long_sample_24	strain	spades_ESBL6351_S5_L001	5140727	4235157	82.38
strain_long_sample_24	strain	spades_ESBL6364_S9_L001	5323526	232574	4.37
strain_long_sample_24	strain	spades_ESBL6409_S4_L001	5206730	1248164	23.97
strain_long_sample_24	strain	spades_ESBL6418_S2_L001	4803161	23196	0.48
strain_long_sample_24	strain	spades_ESBL6455_S6_L001	4857585	431646	8.89
strain_long_sample_24	strain	spades_ESBL6515_S2_L001	5206284	205214	3.94
strain_long_sample_24	strain	spades_ESBL6620_S4_L001	5444869	214680	3.94
strain_long_sample_24	strain	spades_ESBL6628_S5_L001	5443769	4059180	74.57
strain_long_sample_24	strain	spades_ESBL6643_S3_L001	5120216	3256589	63.60
strain_long_sample_24	strain	spades_ESBL6661_S8_L001	5049636	1523560	30.17
strain_long_sample_24	strain	spades_ESBL6724_S11_L001	5278084	439310	8.32
strain_long_sample_24	strain	spades_ESBL6759Q_S12_L001	5518056	513436	9.30
strain_long_sample_24	strain	spades_ESBL6760_S6_L001	5267859	134770	2.56
strain_long_sample_24	strain	spades_ESBL6769_S11_L001	5522930	33142	0.60
strain_long_sample_24	strain	spades_ESBL6792_S10_L001	5212350	5210214	99.96
strain_long_sample_24	strain	spades_ESBL6983_S3_L001	5223413	86849	1.66
strain_long_sample_24	strain	spades_ESBL6984_S1_L001	5169466	1678918	32.48
strain_long_sample_24	strain	spades_ESBL7021_S2_L001	5166821	1966379	38.06
strain_long_sample_24	strain	spades_ESBL7234_S12_L001	5148279	212244	4.12
strain_long_sample_24	strain	spades_ESBL7347_S10_L001	5120214	1548704	30.25
strain_long_sample_24	strain	spades_ESBL7348_S6_L001	5205004	123875	2.38
strain_long_sample_24	strain	spades_ESBL7359_S3_L001	6243594	636707	10.20
strain_long_sample_24	strain	spades_ESBL7382_S4_L001	4857278	1986351	40.89
strain_long_sample_24	strain	spades_ESBL7388_S7_L001	5206566	5043751	96.87
strain_long_sample_24	strain	spades_ESBL7410_S11_L001	5124963	884982	17.27
strain_long_sample_24	strain	spades_ESBL7424_S8_L001	5210944	219904	4.22
strain_long_sample_24	strain	spades_ESBL7431_S12_L001	5304537	737295	13.90
strain_long_sample_24	strain	spades_ESBL7525_S1_L001	5217626	185151	3.55
strain_long_sample_24	strain	spades_ESBL7531_S9_L001	5208486	153593	2.95
strain_long_sample_24	strain	spades_ESBL7532_S2_L001	5351688	75325	1.41
strain_long_sample_24	strain	spades_ESBL7534_S10_L001	4881029	1172862	24.03
strain_long_sample_24	strain	spades_ESBL7553_S11_L001	5395788	5384598	99.79
strain_long_sample_24	strain	spades_ESBL7586_S7_L001	4948638	2586051	52.26
strain_long_sample_24	strain	spades_ESBL7634_S2_L001	5550584	3363477	60.60
strain_long_sample_24	strain	spades_ESBL7810_S9_L001	5926039	1240246	20.93
strain_long_sample_24	strain	spades_ESBL7862_S8_L001	5904754	2505928	42.44
strain_long_sample_24	strain	spades_ESBL8075_S12_L001	5404977	270837	5.01
strain_long_sample_24	strain	spades_ESBL8159_S1_L001	5325786	113372	2.13
strain_long_sample_24	strain	spades_ESBL8341_S10_L001	4862937	152626	3.14
strain_long_sample_24	strain	spades_ESBL8411_S7_L001	6071184	1027030	16.92
strain_long_sample_24	strain	spades_ESBL8514_S7_L001	4905882	1465072	29.86
strain_long_sample_24	strain	spades_ESBL8604_S8_L001	5107945	46729	0.91
strain_long_sample_24	strain	spades_ESBL8855_S12_L001	5625519	462497	8.22
strain_long_sample_24	strain	spades_ESBL8873_S6_L001	5567706	41579	0.75
strain_long_sample_24	strain	spades_ESBL8909_S7_L001	5264884	340131	6.46
strain_long_sample_24	strain	spades_ESBL8953_S1_L001	5559832	722229	12.99
strain_long_sample_24	strain	spades_ESBL8956_S2_L001	5556246	614478	11.06
strain_long_sample_24	strain	spades_ESBL8960_S8_L001	5673185	1091560	19.24
strain_long_sample_24	strain	spades_ESBL9044_S9_L001	5039987	254880	5.06
strain_long_sample_24	strain	spades_ESBL9046_S6_L001	5646310	477859	8.46
strain_long_sample_24	strain	spades_ESBL9166_S11_L001	4708419	3753262	79.71
strain_long_sample_24	strain	spades_ESBL9224_S2_L001	5703641	4550696	79.79
strain_long_sample_24	strain	spades_ESBL9250_S3_L001	5557990	2716053	48.87
strain_long_sample_24	strain	spades_ESBL9251_S1_L001	5704673	10850	0.19
strain_long_sample_24	strain	spades_ESBL9318_S2_L001	4772473	503499	10.55
strain_long_sample_24	strain	spades_ESBL9336_S1_L001	5170229	707222	13.68
strain_long_sample_24	strain	spades_ESBL9440_S6_L001	5102994	1188452	23.29
strain_long_sample_24	strain	spades_ESBL9654_S5_L001	5153457	312458	6.06
strain_long_sample_24	strain	spades_ESBL9656_S7_L001	5100274	3171126	62.18
strain_long_sample_24	strain	spades_ESBL9861_S4_L001	5188009	2183280	42.08
strain_long_sample_24	strain	spades_ESBL9875_S5_L001	5191975	81864	1.58
strain_long_sample_24	strain	spades_ESBL9915_S6_L001	5090453	5062266	99.45
strain_long_sample_24	strain	spades_MRSA7113_S2_L001	2825247	2308295	81.70
strain_long_sample_24	strain	spades_MRSA7119_S2_L001	2748878	1211540	44.07
strain_long_sample_24	strain	spades_MRSA7124_S4_L001	2778919	318886	11.48
strain_long_sample_24	strain	spades_MRSA7129_S1_L001	2824465	4377	0.15
strain_long_sample_24	strain	spades_MRSA7129_S8_L001	2785154	55611	2.00
strain_long_sample_24	strain	spades_MRSA7133_S3_L001	2821986	38149	1.35
strain_long_sample_24	strain	spades_MRSA7172_S1_L001	2747769	66991	2.44
strain_long_sample_24	strain	spades_MRSA7231_S7_L001	2781316	78071	2.81
strain_long_sample_24	strain	spades_MRSA7286_S4_L001	2817370	656914	23.32
strain_long_sample_24	strain	spades_MRSA7295_S3_L001	2832162	910853	32.16
strain_long_sample_24	strain	spades_MRSA7796_S10_L001	2763305	608011	22.00
strain_long_sample_24	strain	spades_MRSA7830_S9_L001	2786125	59204	2.12
strain_long_sample_24	strain	spades_MRSA8007_S12_L001	2738989	363411	13.27
strain_long_sample_24	strain	spades_MRSA8013_S11_L001	2739001	920638	33.61
strain_long_sample_24	strain	spades_MRSA8186_S9_L001	2844448	551276	19.38
strain_long_sample_24	strain	spades_MRSA8187_S8_L001	2838974	2831707	99.74
strain_long_sample_24	strain	spades_MRSA8339_S5_L001	2777668	636853	22.93
strain_long_sample_24	strain	spades_MRSA8595_S7_L001	2833533	8732	0.31
strain_long_sample_24	strain	spades_MRSA8602_S6_L001	2816259	244122	8.67
strain_long_sample_24	strain	spades_MRSA8758_S5_L001	2816182	63837	2.27
strain_long_sample_24	strain	spades_MRSA9344_S6_L001	2785341	1281289	46.00
strain_long_sample_24	strain	spades_VRE2224_S14_L001	3012379	319518	10.61
strain_long_sample_24	strain	spades_VRE2237_S15_L001	3010799	450705	14.97
strain_long_sample_24	strain	spades_VRE2392_S22_L001	3000431	61125	2.04
strain_long_sample_24	strain	spades_VRE2770_S9_L001	3245517	136836	4.22
strain_long_sample_24	strain	spades_VRE2857_S10_L001	3094615	178718	5.78
strain_long_sample_24	strain	spades_VRE2906_S11_L001	3429347	2375113	69.26
strain_long_sample_24	strain	spades_VRE2913_S13_L001	2985072	45685	1.53
strain_long_sample_24	strain	spades_VRE2941_S2_L001	3166882	85506	2.70
strain_long_sample_24	strain	spades_VRE2943_S1_L001	3128023	3115460	99.60
strain_long_sample_24	strain	spades_VRE2961_S3_L001	2855192	708399	24.81
strain_long_sample_24	strain	spades_VRE3021_S4_L001	2952853	1669721	56.55
strain_long_sample_24	strain	spades_VRE3043_S21_L001	3001125	128820	4.29
strain_long_sample_24	strain	spades_VRE3056_S20_L001	3010057	613045	20.37
strain_long_sample_24	strain	spades_VRE3253_S17_L001	2959154	395999	13.38
strain_long_sample_24	strain	spades_VRE3277_S16_L001	3060574	1360536	44.45
strain_long_sample_24	strain	spades_VRE3342_S6_L001	3063001	770437	25.15
strain_long_sample_24	strain	spades_VRE3387_S5_L001	3006421	77097	2.56
strain_long_sample_24	strain	spades_VRE3766_S8_L001	3083042	201663	6.54
strain_long_sample_24	strain	spades_VRE3783_S7_L001	3086681	1039939	33.69
strain_long_sample_24	strain	spades_VRE3786_S19_L001	3118152	859548	27.57
strain_long_sample_24	strain	spades_VRE3967_S23_L001	3008458	416671	13.85
strain_long_sample_4	strain	MIKI-NS02	2999969	806512	26.88
strain_long_sample_4	strain	MIKI-NS03	4488719	36238	0.81
strain_long_sample_4	strain	MIKI-NS06	1964761	1159311	59.01
strain_long_sample_4	strain	MIKI-NS08	2548584	65986	2.59
strain_long_sample_4	strain	MIKI-NS09	2039692	627596	30.77
strain_long_sample_4	strain	MIKI-NS10	2092650	1865945	89.17
strain_long_sample_4	strain	MIKI-NS11	2039212	3045	0.15
strain_long_sample_4	strain	MIKI-NS12	2252307	32078	1.42
strain_long_sample_4	strain	MIKI-NS13	7206778	7196848	99.86
strain_long_sample_4	strain	MIKI-NS14	5248953	48123	0.92
strain_long_sample_4	strain	MIKI-NS15	6804612	234791	3.45
strain_long_sample_4	strain	MIKI-NS20	5363855	3487351	65.02
strain_long_sample_4	strain	MIKI-NS23	5370360	671612	12.51
strain_long_sample_4	strain	MIKI-NS24	5364208	5120060	95.45
strain_long_sample_4	strain	MIKI-NS25	5371711	2483608	46.23
strain_long_sample_4	strain	SP100_S81	2092705	365872	17.48
strain_long_sample_4	strain	SP101_S82	2132333	21501	1.01
strain_long_sample_4	strain	SP102_S82	2014786	244147	12.12
strain_long_sample_4	strain	SP103_S83	2047626	568098	27.74
strain_long_sample_4	strain	SP105_S84	2024006	1528	0.08
strain_long_sample_4	strain	SP106_S85	2015226	25917	1.29
strain_long_sample_4	strain	SP107_S86	2073529	301759	14.55
strain_long_sample_4	strain	SP108_S87	1937122	1793362	92.58
strain_long_sample_4	strain	SP109_S83	2012505	340851	16.94
strain_long_sample_4	strain	SP10_S7	2082760	189536	9.10
strain_long_sample_4	strain	SP110_S88	2140902	48471	2.26
strain_long_sample_4	strain	SP111_S89	2099202	1575958	75.07
strain_long_sample_4	strain	SP112_S90	2079727	755178	36.31
strain_long_sample_4	strain	SP113_S91	2058653	84396	4.10
strain_long_sample_4	strain	SP114_S92	1987692	1318900	66.35
strain_long_sample_4	strain	SP115_S93	2041665	1226715	60.08
strain_long_sample_4	strain	SP116_S94	2013236	131428	6.53
strain_long_sample_4	strain	SP117_S95	2236418	258734	11.57
strain_long_sample_4	strain	SP118_S96	1983599	576300	29.05
strain_long_sample_4	strain	SP119_S1	2137079	129228	6.05
strain_long_sample_4	strain	SP11_S8	2065838	26758	1.30
strain_long_sample_4	strain	SP120_S2	2076062	267719	12.90
strain_long_sample_4	strain	SP121_S3	2078750	154449	7.43
strain_long_sample_4	strain	SP122_S4	2049787	2026349	98.86
strain_long_sample_4	strain	SP124_S6	2070014	2036742	98.39
strain_long_sample_4	strain	SP125_S84	2015328	280578	13.92
strain_long_sample_4	strain	SP126_S7	2003842	611491	30.52
strain_long_sample_4	strain	SP127_S8	2054557	97248	4.73
strain_long_sample_4	strain	SP128_S9	2012996	4922	0.24
strain_long_sample_4	strain	SP129_S10	2028767	356297	17.56
strain_long_sample_4	strain	SP12_S9	1985084	9230	0.46
strain_long_sample_4	strain	SP130_S11	2077144	497845	23.97
strain_long_sample_4	strain	SP131_S12	2155215	196716	9.13
strain_long_sample_4	strain	SP132_S13	2000885	56684	2.83
strain_long_sample_4	strain	SP133_S14	1991005	1824301	91.63
strain_long_sample_4	strain	SP134_S15	2061331	203852	9.89
strain_long_sample_4	strain	SP135_S16	2058733	1015437	49.32
strain_long_sample_4	strain	SP136_S17	2038096	1113150	54.62
strain_long_sample_4	strain	SP137_S18	2035362	162575	7.99
strain_long_sample_4	strain	SP138_S19	2139728	2139029	99.97
strain_long_sample_4	strain	SP139_S20	2017343	2005696	99.42
strain_long_sample_4	strain	SP13_S10	2040289	1989172	97.49
strain_long_sample_4	strain	SP140_S21	2128346	1130444	53.11
strain_long_sample_4	strain	SP141_S22	1979460	431209	21.78
strain_long_sample_4	strain	SP142_S23	2060851	79373	3.85
strain_long_sample_4	strain	SP143_S24	2012493	268320	13.33
strain_long_sample_4	strain	SP144_S25	2073909	2069914	99.81
strain_long_sample_4	strain	SP145_S26	2040147	1677465	82.22
strain_long_sample_4	strain	SP146_S27	1976220	1021357	51.68
strain_long_sample_4	strain	SP147_S28	2131103	1839561	86.32
strain_long_sample_4	strain	SP148_S29	2086142	1169539	56.06
strain_long_sample_4	strain	SP149_S30	2113372	760968	36.01
strain_long_sample_4	strain	SP14_S11	2059376	208284	10.11
strain_long_sample_4	strain	SP150_S31	1987853	16872	0.85
strain_long_sample_4	strain	SP151_S32	1974069	187027	9.47
strain_long_sample_4	strain	SP152_S33	2010753	185262	9.21
strain_long_sample_4	strain	SP153_S34	2042628	14156	0.69
strain_long_sample_4	strain	SP154_S35	2162035	337479	15.61
strain_long_sample_4	strain	SP155_S36	2075312	2071200	99.80
strain_long_sample_4	strain	SP156_S37	2079530	425675	20.47
strain_long_sample_4	strain	SP157_S38	2048216	167440	8.17
strain_long_sample_4	strain	SP158_S39	1975569	800217	40.51
strain_long_sample_4	strain	SP159_S40	2086141	745482	35.73
strain_long_sample_4	strain	SP15_S89	2011560	434395	21.59
strain_long_sample_4	strain	SP160_S41	2045367	132925	6.50
strain_long_sample_4	strain	SP161_S42	2050632	750082	36.58
strain_long_sample_4	strain	SP162_S43	1982417	1912979	96.50
strain_long_sample_4	strain	SP163_S44	1948475	987982	50.71
strain_long_sample_4	strain	SP164_S45	1984518	1784188	89.91
strain_long_sample_4	strain	SP165_S46	1973565	153832	7.79
strain_long_sample_4	strain	SP166_S47	2090273	98479	4.71
strain_long_sample_4	strain	SP167_S48	2065677	59492	2.88
strain_long_sample_4	strain	SP168_S49	1749640	13931	0.80
strain_long_sample_4	strain	SP169_S50	1902740	1096	0.06
strain_long_sample_4	strain	SP16_S12	2043829	35999	1.76
strain_long_sample_4	strain	SP170_S51	2021551	99815	4.94
strain_long_sample_4	strain	SP171_S52	1993908	1991839	99.90
strain_long_sample_4	strain	SP172_S53	1957437	83979	4.29
strain_long_sample_4	strain	SP173_S54	1973592	133025	6.74
strain_long_sample_4	strain	SP174_S55	2117559	1380669	65.20
strain_long_sample_4	strain	SP176_S56	2044611	132938	6.50
strain_long_sample_4	strain	SP177_S57	1977200	843117	42.64
strain_long_sample_4	strain	SP178_S58	1925491	1317486	68.42
strain_long_sample_4	strain	SP179_S59	2098228	700584	33.39
strain_long_sample_4	strain	SP17_S90	2082160	1598146	76.75
strain_long_sample_4	strain	SP180_S96	2031083	11563	0.57
strain_long_sample_4	strain	SP181_S61	2135333	731402	34.25
strain_long_sample_4	strain	SP182_S62	2047295	862006	42.10
strain_long_sample_4	strain	SP184_S64	1635099	78251	4.79
strain_long_sample_4	strain	SP185_S65	1845437	6571	0.36
strain_long_sample_4	strain	SP187_S66	1958898	178640	9.12
strain_long_sample_4	strain	SP188_S67	2040293	276936	13.57
strain_long_sample_4	strain	SP189_S68	2062647	1568424	76.04
strain_long_sample_4	strain	SP18_S91	2072566	1695570	81.81
strain_long_sample_4	strain	SP190_S69	1976008	334536	16.93
strain_long_sample_4	strain	SP191_S70	2000529	430534	21.52
strain_long_sample_4	strain	SP192_S71	1924197	795129	41.32
strain_long_sample_4	strain	SP194_S73	2053846	1053083	51.27
strain_long_sample_4	strain	SP195_S74	1985003	519095	26.15
strain_long_sample_4	strain	SP196_S75	1970420	480849	24.40
strain_long_sample_4	strain	SP198_S01	2057645	23509	1.14
strain_long_sample_4	strain	SP1_S85	2164447	475151	21.95
strain_long_sample_4	strain	SP20_S77	2202269	1889567	85.80
strain_long_sample_4	strain	SP21_S92	1689727	1338641	79.22
strain_long_sample_4	strain	SP22_S78	2120430	208512	9.83
strain_long_sample_4	strain	SP23_S93	2030322	2024915	99.73
strain_long_sample_4	strain	SP24_S13	2093455	70967	3.39
strain_long_sample_4	strain	SP25_S14	2028415	1659466	81.81
strain_long_sample_4	strain	SP27_S15	1980747	1449592	73.18
strain_long_sample_4	strain	SP2_S86	2105629	1561651	74.17
strain_long_sample_4	strain	SP30_S17	2078679	35765	1.72
strain_long_sample_4	strain	SP31_S18	2096146	229985	10.97
strain_long_sample_4	strain	SP32_S19	2103320	534067	25.39
strain_long_sample_4	strain	SP33_S20	2079363	1869460	89.91
strain_long_sample_4	strain	SP34_S21	2072742	406561	19.61
strain_long_sample_4	strain	SP35_S22	1990563	1961803	98.56
strain_long_sample_4	strain	SP36_S23	2086015	339643	16.28
strain_long_sample_4	strain	SP38_S25	2056653	344194	16.74
strain_long_sample_4	strain	SP39_S26	2010726	180687	8.99
strain_long_sample_4	strain	SP3_S87	2041279	404512	19.82
strain_long_sample_4	strain	SP40_S27	2129381	64000	3.01
strain_long_sample_4	strain	SP41_S28	2044969	165610	8.10
strain_long_sample_4	strain	SP42_S29	2065552	175772	8.51
strain_long_sample_4	strain	SP43_S30	1998079	160072	8.01
strain_long_sample_4	strain	SP44_S31	2047099	67469	3.30
strain_long_sample_4	strain	SP45_S32	2070043	151437	7.32
strain_long_sample_4	strain	SP46_S33	2068370	90588	4.38
strain_long_sample_4	strain	SP47_S34	2027743	91021	4.49
strain_long_sample_4	strain	SP48_S35	2032240	1458856	71.79
strain_long_sample_4	strain	SP49_S36	2058421	2025972	98.42
strain_long_sample_4	strain	SP4_S3	2195551	1187189	54.07
strain_long_sample_4	strain	SP50_S37	1958348	1154543	58.95
strain_long_sample_4	strain	SP52_S38	2038081	243385	11.94
strain_long_sample_4	strain	SP53_S39	2156089	1804464	83.69
strain_long_sample_4	strain	SP54_S40	2028957	334670	16.49
strain_long_sample_4	strain	SP55_S41	1980370	12734	0.64
strain_long_sample_4	strain	SP56_S42	2048034	17752	0.87
strain_long_sample_4	strain	SP57_S43	1969838	553701	28.11
strain_long_sample_4	strain	SP58_S44	1973824	14148	0.72
strain_long_sample_4	strain	SP59_S47	2090807	1896206	90.69
strain_long_sample_4	strain	SP60_S48	1971764	14849	0.75
strain_long_sample_4	strain	SP61_S45	1995963	16777	0.84
strain_long_sample_4	strain	SP62_S46	2086023	1908328	91.48
strain_long_sample_4	strain	SP63_S49	2084429	2056618	98.67
strain_long_sample_4	strain	SP64_S79	2013820	604901	30.04
strain_long_sample_4	strain	SP65_S80	1985668	54175	2.73
strain_long_sample_4	strain	SP68_S51	2287165	742813	32.48
strain_long_sample_4	strain	SP69_S52	2218514	75168	3.39
strain_long_sample_4	strain	SP6_S88	2087122	71434	3.42
strain_long_sample_4	strain	SP70_S53	2055688	77620	3.78
strain_long_sample_4	strain	SP71_S54	2049554	298764	14.58
strain_long_sample_4	strain	SP72_S55	2008808	1840211	91.61
strain_long_sample_4	strain	SP73_S56	2050203	1914047	93.36
strain_long_sample_4	strain	SP74_S57	1980502	336965	17.01
strain_long_sample_4	strain	SP75_S58	2079412	66074	3.18
strain_long_sample_4	strain	SP76_S59	2094080	42593	2.03
strain_long_sample_4	strain	SP77_S60	2013262	1526788	75.84
strain_long_sample_4	strain	SP78_S61	2014664	1366662	67.84
strain_long_sample_4	strain	SP79_S62	2013315	980898	48.72
strain_long_sample_4	strain	SP7_S4	2105126	481092	22.85
strain_long_sample_4	strain	SP80_S63	2050940	26897	1.31
strain_long_sample_4	strain	SP81_S64	1964360	250215	12.74
strain_long_sample_4	strain	SP82_S65	2093277	1007605	48.14
strain_long_sample_4	strain	SP83_S66	1980931	1978099	99.86
strain_long_sample_4	strain	SP84_S67	2069912	2069061	99.96
strain_long_sample_4	strain	SP85_S68	2065876	504045	24.40
strain_long_sample_4	strain	SP86_S69	2049356	198524	9.69
strain_long_sample_4	strain	SP87_S70	2006213	52283	2.61
strain_long_sample_4	strain	SP88_S94	2082503	1882438	90.39
strain_long_sample_4	strain	SP8_S5	2092144	666732	31.87
strain_long_sample_4	strain	SP91_S72	2026991	2000471	98.69
strain_long_sample_4	strain	SP92_S73	2071399	20072	0.97
strain_long_sample_4	strain	SP93_S74	2078442	88001	4.23
strain_long_sample_4	strain	SP94_S75	2078602	1172096	56.39
strain_long_sample_4	strain	SP95_S76	2053291	2047412	99.71
strain_long_sample_4	strain	SP96_S77	2166888	877236	40.48
strain_long_sample_4	strain	SP97_S78	2008538	15910	0.79
strain_long_sample_4	strain	SP99_S80	1980535	1979587	99.95
strain_long_sample_4	strain	SP9_S6	1996138	104737	5.25
strain_long_sample_4	strain	spades_AND4471_S1_L001	5368063	31284	0.58
strain_long_sample_4	strain	spades_AND8064_S11_L001	5497841	1198640	21.80
strain_long_sample_4	strain	spades_AND8281_S12_L001	5497673	317610	5.78
strain_long_sample_4	strain	spades_AND8302_S10_L001	5495418	442991	8.06
strain_long_sample_4	strain	spades_AND9183_S11_L001	5148435	2116569	41.11
strain_long_sample_4	strain	spades_And10026_S11_L001	5077379	719569	14.17
strain_long_sample_4	strain	spades_And10054_S9_L001	5248044	273548	5.21
strain_long_sample_4	strain	spades_And10062_S12_L001	5068183	558559	11.02
strain_long_sample_4	strain	spades_And10073_S10_L001	5246988	348607	6.64
strain_long_sample_4	strain	spades_And10925_S5_L001	5618570	1224916	21.80
strain_long_sample_4	strain	spades_And11624_S6_L001	4961806	992511	20.00
strain_long_sample_4	strain	spades_And12875_S7_L001	5202195	473832	9.11
strain_long_sample_4	strain	spades_And4180_S6_L001	5338226	1724523	32.31
strain_long_sample_4	strain	spades_And4191_S5_L001	5373351	1576972	29.35
strain_long_sample_4	strain	spades_And4246_S5_L001	5640614	437699	7.76
strain_long_sample_4	strain	spades_And4355_S8_L001	5363521	464306	8.66
strain_long_sample_4	strain	spades_And4366_S2_L001	5364391	370581	6.91
strain_long_sample_4	strain	spades_And4500_S1_L001	5585829	175118	3.14
strain_long_sample_4	strain	spades_And4543_S2_L001	5582611	115618	2.07
strain_long_sample_4	strain	spades_And4613_S9_L001	5211989	3712605	71.23
strain_long_sample_4	strain	spades_And4621_S3_L001	5216022	4565363	87.53
strain_long_sample_4	strain	spades_And4858_S9_L001	5288817	4994992	94.44
strain_long_sample_4	strain	spades_And4892_S4_L001	5077878	4983595	98.14
strain_long_sample_4	strain	spades_And4902_S2_L001	5066396	1029683	20.32
strain_long_sample_4	strain	spades_And4955_S10_L001	5044213	58730	1.16
strain_long_sample_4	strain	spades_And5042_S4_L001	5284713	2011119	38.06
strain_long_sample_4	strain	spades_And5141_S4_L001	5286562	2078362	39.31
strain_long_sample_4	strain	spades_And5192_S3_L001	5106414	106539	2.09
strain_long_sample_4	strain	spades_And5213_S1_L001	4911642	36889	0.75
strain_long_sample_4	strain	spades_And5232_S2_L001	4894280	402465	8.22
strain_long_sample_4	strain	spades_And5237_S4_L001	5948456	82338	1.38
strain_long_sample_4	strain	spades_And5284_S5_L001	5633195	962079	17.08
strain_long_sample_4	strain	spades_And5315_S3_L001	5485511	1501115	27.37
strain_long_sample_4	strain	spades_And5331_S1_L001	5061628	605435	11.96
strain_long_sample_4	strain	spades_And5388_S8_L001	5248482	4190962	79.85
strain_long_sample_4	strain	spades_And5444_S7_L001	5248207	601001	11.45
strain_long_sample_4	strain	spades_And5527_S8_L001	5489379	682125	12.43
strain_long_sample_4	strain	spades_And5533_S9_L001	5486696	479575	8.74
strain_long_sample_4	strain	spades_And6098_S1_L001	5486974	72403	1.32
strain_long_sample_4	strain	spades_And6100_S3_L001	5483251	1091780	19.91
strain_long_sample_4	strain	spades_And6166_S1_L001	5491273	998988	18.19
strain_long_sample_4	strain	spades_And6241_S2_L001	5482102	2129944	38.85
strain_long_sample_4	strain	spades_And6342_S10_L001	4808690	19661	0.41
strain_long_sample_4	strain	spades_And6399_S9_L001	4808515	4804809	99.92
strain_long_sample_4	strain	spades_And6400_S11_L001	4808757	272104	5.66
strain_long_sample_4	strain	spades_And6442_S8_L001	5472709	3553027	64.92
strain_long_sample_4	strain	spades_And6884_S7_L001	5616342	1850331	32.95
strain_long_sample_4	strain	spades_And7051_S7_L001	5163258	1543126	29.89
strain_long_sample_4	strain	spades_And7187_S3_L001	4886278	408696	8.36
strain_long_sample_4	strain	spades_And7225_S6_L001	4907918	3378377	68.84
strain_long_sample_4	strain	spades_And7556_S8_L001	5192378	1564860	30.14
strain_long_sample_4	strain	spades_And8344_S10_L001	4970303	3129601	62.97
strain_long_sample_4	strain	spades_And8381_S10_L001	5498306	5495395	99.95
strain_long_sample_4	strain	spades_And8382_S4_L001	4966755	497904	10.02
strain_long_sample_4	strain	spades_And8388_S5_L001	5330669	84632	1.59
strain_long_sample_4	strain	spades_And8423_S6_L001	5530859	2171419	39.26
strain_long_sample_4	strain	spades_And8454_S5_L001	5530317	185788	3.36
strain_long_sample_4	strain	spades_And8457_S3_L001	4927737	1285977	26.10
strain_long_sample_4	strain	spades_And8655_S10_L001	5601592	1590524	28.39
strain_long_sample_4	strain	spades_And8688_S9_L001	5605589	1950507	34.80
strain_long_sample_4	strain	spades_And8861_S3_L001	5452253	36438	0.67
strain_long_sample_4	strain	spades_And8909_S4_L001	5467567	3323202	60.78
strain_long_sample_4	strain	spades_And8926_S4_L001	4595731	1425995	31.03
strain_long_sample_4	strain	spades_And9053_S12_L001	5579929	5577971	99.96
strain_long_sample_4	strain	spades_And9076_S11_L001	5583272	53361	0.96
strain_long_sample_4	strain	spades_And9183_S10_L001	5150416	161098	3.13
strain_long_sample_4	strain	spades_And9205_S9_L001	5065495	2558816	50.51
strain_long_sample_4	strain	spades_And9353_S7_L001	5391022	1497454	27.78
strain_long_sample_4	strain	spades_And9387_S6_L001	5536369	1851361	33.44
strain_long_sample_4	strain	spades_And9426_S4_L001	5311551	5305164	99.88
strain_long_sample_4	strain	spades_And9454_S3_L001	5576404	1931665	34.64
strain_long_sample_4	strain	spades_And9653_S7_L001	4729396	357311	7.56
strain_long_sample_4	strain	spades_And9693_S1_L001	5234639	5228853	99.89
strain_long_sample_4	strain	spades_And9722_S8_L001	5087231	77758	1.53
strain_long_sample_4	strain	spades_And9746_S7_L001	5208326	4444261	85.33
strain_long_sample_4	strain	spades_And9855_S12_L001	5376042	279567	5.20
strain_long_sample_4	strain	spades_ESBL10011_S11_L001	4909842	1903378	38.77
strain_long_sample_4	strain	spades_ESBL10030_S2_L001	4855730	350044	7.21
strain_long_sample_4	strain	spades_ESBL10055_S8_L001	5090447	1266156	24.87
strain_long_sample_4	strain	spades_ESBL10056_S9_L001	5057878	1682215	33.26
strain_long_sample_4	strain	spades_ESBL1009_S1_L001	4889917	138598	2.83
strain_long_sample_4	strain	spades_ESBL5402_S6_L001	4938055	164883	3.34
strain_long_sample_4	strain	spades_ESBL5481_S10_L001	4901360	1505222	30.71
strain_long_sample_4	strain	spades_ESBL5497_S3_L001	5188881	586263	11.30
strain_long_sample_4	strain	spades_ESBL5533_S4_L001	5179780	2415168	46.63
strain_long_sample_4	strain	spades_ESBL5609_S2_L001	5088202	1324747	26.04
strain_long_sample_4	strain	spades_ESBL5613_S5_L001	5273131	4750981	90.10
strain_long_sample_4	strain	spades_ESBL5621_S1_L001	5257092	4210293	80.09
strain_long_sample_4	strain	spades_ESBL5660_S7_L001	5257730	4214247	80.15
strain_long_sample_4	strain	spades_ESBL5717_S8_L001	5220419	2544344	48.74
strain_long_sample_4	strain	spades_ESBL5734_S3_L001	5598134	1034051	18.47
strain_long_sample_4	strain	spades_ESBL5772_S6_L001	5325463	306580	5.76
strain_long_sample_4	strain	spades_ESBL5780_S5_L001	5349338	4290149	80.20
strain_long_sample_4	strain	spades_ESBL5784_S3_L001	5468994	2138313	39.10
strain_long_sample_4	strain	spades_ESBL5786_S5_L001	5289185	802178	15.17
strain_long_sample_4	strain	spades_ESBL5791_S4_L001	5419083	1996240	36.84
strain_long_sample_4	strain	spades_ESBL5792_S6_L001	5286705	2854726	54.00
strain_long_sample_4	strain	spades_ESBL5808_S8_L001	5142239	4951343	96.29
strain_long_sample_4	strain	spades_ESBL5817_S7_L001	4850179	12715	0.26
strain_long_sample_4	strain	spades_ESBL5827_S10_L001	5627681	3599195	63.96
strain_long_sample_4	strain	spades_ESBL5852_S11_L001	5631598	762877	13.55
strain_long_sample_4	strain	spades_ESBL5872_S5_L001	5649121	1889637	33.45
strain_long_sample_4	strain	spades_ESBL5909_S5_L001	4903928	2354039	48.00
strain_long_sample_4	strain	spades_ESBL5911_S4_L001	4902006	146195	2.98
strain_long_sample_4	strain	spades_ESBL6101_S9_L001	4951660	792244	16.00
strain_long_sample_4	strain	spades_ESBL6164_S11_L001	5296034	582293	10.99
strain_long_sample_4	strain	spades_ESBL6200_S12_L001	4853372	37852	0.78
strain_long_sample_4	strain	spades_ESBL6210_S10_L001	4795054	1223543	25.52
strain_long_sample_4	strain	spades_ESBL6270_S10_L001	5129972	5052583	98.49
strain_long_sample_4	strain	spades_ESBL6351_S5_L001	5140727	2182196	42.45
strain_long_sample_4	strain	spades_ESBL6364_S9_L001	5323526	5301966	99.60
strain_long_sample_4	strain	spades_ESBL6409_S4_L001	5206730	532866	10.23
strain_long_sample_4	strain	spades_ESBL6418_S2_L001	4803161	135826	2.83
strain_long_sample_4	strain	spades_ESBL6455_S6_L001	4857585	969989	19.97
strain_long_sample_4	strain	spades_ESBL6515_S2_L001	5206284	5205365	99.98
strain_long_sample_4	strain	spades_ESBL6620_S4_L001	5444869	3950938	72.56
strain_long_sample_4	strain	spades_ESBL6628_S5_L001	5443769	2028324	37.26
strain_long_sample_4	strain	spades_ESBL6643_S3_L001	5120216	734802	14.35
strain_long_sample_4	strain	spades_ESBL6661_S8_L001	5049636	523934	10.38
strain_long_sample_4	strain	spades_ESBL6724_S11_L001	5278084	78106	1.48
strain_long_sample_4	strain	spades_ESBL6759Q_S12_L001	5518056	779192	14.12
strain_long_sample_4	strain	spades_ESBL6760_S6_L001	5267859	65322	1.24
strain_long_sample_4	strain	spades_ESBL6769_S11_L001	5522930	51614	0.93
strain_long_sample_4	strain	spades_ESBL6792_S10_L001	5212350	3840259	73.68
strain_long_sample_4	strain	spades_ESBL6983_S3_L001	5223413	283763	5.43
strain_long_sample_4	strain	spades_ESBL6984_S1_L001	5169466	258048	4.99
strain_long_sample_4	strain	spades_ESBL7021_S2_L001	5166821	846406	16.38
strain_long_sample_4	strain	spades_ESBL7234_S12_L001	5148279	905052	17.58
strain_long_sample_4	strain	spades_ESBL7347_S10_L001	5120214	120437	2.35
strain_long_sample_4	strain	spades_ESBL7348_S6_L001	5205004	133764	2.57
strain_long_sample_4	strain	spades_ESBL7359_S3_L001	6243594	1782084	28.54
strain_long_sample_4	strain	spades_ESBL7382_S4_L001	4857278	147964	3.05
strain_long_sample_4	strain	spades_ESBL7388_S7_L001	5206566	4931630	94.72
strain_long_sample_4	strain	spades_ESBL7410_S11_L001	5124963	3305168	64.49
strain_long_sample_4	strain	spades_ESBL7424_S8_L001	5210944	256808	4.93
strain_long_sample_4	strain	spades_ESBL7431_S12_L001	5304537	74903	1.41
strain_long_sample_4	strain	spades_ESBL7525_S1_L001	5217626	4459761	85.47
strain_long_sample_4	strain	spades_ESBL7531_S9_L001	5208486	13914	0.27
strain_long_sample_4	strain	spades_ESBL7532_S2_L001	5351688	160848	3.01
strain_long_sample_4	strain	spades_ESBL7534_S10_L001	4881029	4222588	86.51
strain_long_sample_4	strain	spades_ESBL7553_S11_L001	5395788	958092	17.76
strain_long_sample_4	strain	spades_ESBL7586_S7_L001	4948638	7055	0.14
strain_long_sample_4	strain	spades_ESBL7634_S2_L001	5550584	122555	2.21
strain_long_sample_4	strain	spades_ESBL7810_S9_L001	5926039	4370354	73.75
strain_long_sample_4	strain	spades_ESBL7862_S8_L001	5904754	1699823	28.79
strain_long_sample_4	strain	spades_ESBL8075_S12_L001	5404977	4992611	92.37
strain_long_sample_4	strain	spades_ESBL8159_S1_L001	5325786	456661	8.57
strain_long_sample_4	strain	spades_ESBL8341_S10_L001	4862937	4861256	99.97
strain_long_sample_4	strain	spades_ESBL8411_S7_L001	6071184	4753453	78.30
strain_long_sample_4	strain	spades_ESBL8514_S7_L001	4905882	1588187	32.37
strain_long_sample_4	strain	spades_ESBL8604_S8_L001	5107945	205938	4.03
strain_long_sample_4	strain	spades_ESBL8855_S12_L001	5625519	716549	12.74
strain_long_sample_4	strain	spades_ESBL8873_S6_L001	5567706	18350	0.33
strain_long_sample_4	strain	spades_ESBL8909_S7_L001	5264884	5225816	99.26
strain_long_sample_4	strain	spades_ESBL8953_S1_L001	5559832	1890653	34.01
strain_long_sample_4	strain	spades_ESBL8956_S2_L001	5556246	170481	3.07
strain_long_sample_4	strain	spades_ESBL8960_S8_L001	5673185	427282	7.53
strain_long_sample_4	strain	spades_ESBL9044_S9_L001	5039987	668587	13.27
strain_long_sample_4	strain	spades_ESBL9046_S6_L001	5646310	4017789	71.16
strain_long_sample_4	strain	spades_ESBL9166_S11_L001	4708419	1124184	23.88
strain_long_sample_4	strain	spades_ESBL9224_S2_L001	5703641	969067	16.99
strain_long_sample_4	strain	spades_ESBL9250_S3_L001	5557990	229359	4.13
strain_long_sample_4	strain	spades_ESBL9251_S1_L001	5704673	283634	4.97
strain_long_sample_4	strain	spades_ESBL9318_S2_L001	4772473	1725316	36.15
strain_long_sample_4	strain	spades_ESBL9336_S1_L001	5170229	2167318	41.92
strain_long_sample_4	strain	spades_ESBL9440_S6_L001	5102994	2702849	52.97
strain_long_sample_4	strain	spades_ESBL9654_S5_L001	5153457	74434	1.44
strain_long_sample_4	strain	spades_ESBL9656_S7_L001	5100274	837947	16.43
strain_long_sample_4	strain	spades_ESBL9861_S4_L001	5188009	5169508	99.64
strain_long_sample_4	strain	spades_ESBL9875_S5_L001	5191975	1844838	35.53
strain_long_sample_4	strain	spades_ESBL9915_S6_L001	5090453	406342	7.98
strain_long_sample_4	strain	spades_MRSA7113_S2_L001	2825247	2600816	92.06
strain_long_sample_4	strain	spades_MRSA7119_S2_L001	2748878	1264226	45.99
strain_long_sample_4	strain	spades_MRSA7124_S4_L001	2778919	211115	7.60
strain_long_sample_4	strain	spades_MRSA7129_S1_L001	2824465	2426680	85.92
strain_long_sample_4	strain	spades_MRSA7129_S8_L001	2785154	349379	12.54
strain_long_sample_4	strain	spades_MRSA7133_S3_L001	2821986	343409	12.17
strain_long_sample_4	strain	spades_MRSA7172_S1_L001	2747769	1435831	52.25
strain_long_sample_4	strain	spades_MRSA7231_S7_L001	2781316	15286	0.55
strain_long_sample_4	strain	spades_MRSA7286_S4_L001	2817370	2654039	94.20
strain_long_sample_4	strain	spades_MRSA7295_S3_L001	2832162	582483	20.57
strain_long_sample_4	strain	spades_MRSA7796_S10_L001	2763305	21829	0.79
strain_long_sample_4	strain	spades_MRSA7830_S9_L001	2786125	2710738	97.29
strain_long_sample_4	strain	spades_MRSA8007_S12_L001	2738989	718478	26.23
strain_long_sample_4	strain	spades_MRSA8013_S11_L001	2739001	598562	21.85
strain_long_sample_4	strain	spades_MRSA8186_S9_L001	2844448	2567123	90.25
strain_long_sample_4	strain	spades_MRSA8187_S8_L001	2838974	1557670	54.87
strain_long_sample_4	strain	spades_MRSA8339_S5_L001	2777668	39099	1.41
strain_long_sample_4	strain	spades_MRSA8595_S7_L001	2833533	683894	24.14
strain_long_sample_4	strain	spades_MRSA8602_S6_L001	2816259	30102	1.07
strain_long_sample_4	strain	spades_MRSA8758_S5_L001	2816182	2387160	84.77
strain_long_sample_4	strain	spades_MRSA9344_S6_L001	2785341	1581585	56.78
strain_long_sample_4	strain	spades_VRE2224_S14_L001	3012379	2631045	87.34
strain_long_sample_4	strain	spades_VRE2237_S15_L001	3010799	643817	21.38
strain_long_sample_4	strain	spades_VRE2392_S22_L001	3000431	460719	15.36
strain_long_sample_4	strain	spades_VRE2770_S9_L001	3245517	1892347	58.31
strain_long_sample_4	strain	spades_VRE2857_S10_L001	3094615	1846682	59.67
strain_long_sample_4	strain	spades_VRE2906_S11_L001	3429347	964172	28.12
strain_long_sample_4	strain	spades_VRE2913_S13_L001	2985072	27605	0.92
strain_long_sample_4	strain	spades_VRE2941_S2_L001	3166882	2251139	71.08
strain_long_sample_4	strain	spades_VRE2943_S1_L001	3128023	123104	3.94
strain_long_sample_4	strain	spades_VRE2961_S3_L001	2855192	202454	7.09
strain_long_sample_4	strain	spades_VRE3021_S4_L001	2952853	507763	17.20
strain_long_sample_4	strain	spades_VRE3043_S21_L001	3001125	409863	13.66
strain_long_sample_4	strain	spades_VRE3056_S20_L001	3010057	672157	22.33
strain_long_sample_4	strain	spades_VRE3253_S17_L001	2959154	147732	4.99
strain_long_sample_4	strain	spades_VRE3277_S16_L001	3060574	582052	19.02
strain_long_sample_4	strain	spades_VRE3342_S6_L001	3063001	554020	18.09
strain_long_sample_4	strain	spades_VRE3387_S5_L001	3006421	206075	6.85
strain_long_sample_4	strain	spades_VRE3766_S8_L001	3083042	2154457	69.88
strain_long_sample_4	strain	spades_VRE3783_S7_L001	3086681	2684661	86.98
strain_long_sample_4	strain	spades_VRE3786_S19_L001	3118152	3102880	99.51
strain_long_sample_4	strain	spades_VRE3967_S23_L001	3008458	141867	4.72
strain_long_sample_76	strain	MIKI-NS02	2999969	438602	14.62
strain_long_sample_76	strain	MIKI-NS03	4488719	782173	17.43
strain_long_sample_76	strain	MIKI-NS06	1964761	195297	9.94
strain_long_sample_76	strain	MIKI-NS08	2548584	7718	0.30
strain_long_sample_76	strain	MIKI-NS09	2039692	1038489	50.91
strain_long_sample_76	strain	MIKI-NS10	2092650	1644607	78.59
strain_long_sample_76	strain	MIKI-NS11	2039212	461461	22.63
strain_long_sample_76	strain	MIKI-NS12	2252307	2108536	93.62
strain_long_sample_76	strain	MIKI-NS13	7206778	7205140	99.98
strain_long_sample_76	strain	MIKI-NS14	5248953	3055676	58.21
strain_long_sample_76	strain	MIKI-NS15	6804612	575115	8.45
strain_long_sample_76	strain	MIKI-NS20	5363855	329048	6.13
strain_long_sample_76	strain	MIKI-NS23	5370360	390902	7.28
strain_long_sample_76	strain	MIKI-NS24	5364208	471507	8.79
strain_long_sample_76	strain	MIKI-NS25	5371711	1258213	23.42
strain_long_sample_76	strain	SP100_S81	2092705	14996	0.72
strain_long_sample_76	strain	SP101_S82	2132333	2131349	99.95
strain_long_sample_76	strain	SP102_S82	2014786	1801999	89.44
strain_long_sample_76	strain	SP103_S83	2047626	137033	6.69
strain_long_sample_76	strain	SP105_S84	2024006	99302	4.91
strain_long_sample_76	strain	SP106_S85	2015226	147242	7.31
strain_long_sample_76	strain	SP107_S86	2073529	204678	9.87
strain_long_sample_76	strain	SP108_S87	1937122	317401	16.39
strain_long_sample_76	strain	SP109_S83	2012505	20306	1.01
strain_long_sample_76	strain	SP10_S7	2082760	122457	5.88
strain_long_sample_76	strain	SP111_S89	2099202	261414	12.45
strain_long_sample_76	strain	SP112_S90	2079727	14543	0.70
strain_long_sample_76	strain	SP113_S91	2058653	71776	3.49
strain_long_sample_76	strain	SP114_S92	1987692	23010	1.16
strain_long_sample_76	strain	SP115_S93	2041665	95695	4.69
strain_long_sample_76	strain	SP116_S94	2013236	160790	7.99
strain_long_sample_76	strain	SP117_S95	2236418	119866	5.36
strain_long_sample_76	strain	SP118_S96	1983599	113714	5.73
strain_long_sample_76	strain	SP119_S1	2137079	46210	2.16
strain_long_sample_76	strain	SP11_S8	2065838	201690	9.76
strain_long_sample_76	strain	SP120_S2	2076062	129790	6.25
strain_long_sample_76	strain	SP121_S3	2078750	61920	2.98
strain_long_sample_76	strain	SP122_S4	2049787	191076	9.32
strain_long_sample_76	strain	SP124_S6	2070014	260855	12.60
strain_long_sample_76	strain	SP125_S84	2015328	346360	17.19
strain_long_sample_76	strain	SP126_S7	2003842	1436534	71.69
strain_long_sample_76	strain	SP127_S8	2054557	2052052	99.88
strain_long_sample_76	strain	SP128_S9	2012996	170555	8.47
strain_long_sample_76	strain	SP129_S10	2028767	258	0.01
strain_long_sample_76	strain	SP12_S9	1985084	1832746	92.33
strain_long_sample_76	strain	SP130_S11	2077144	348311	16.77
strain_long_sample_76	strain	SP131_S12	2155215	74195	3.44
strain_long_sample_76	strain	SP132_S13	2000885	891192	44.54
strain_long_sample_76	strain	SP133_S14	1991005	1943413	97.61
strain_long_sample_76	strain	SP134_S15	2061331	53733	2.61
strain_long_sample_76	strain	SP135_S16	2058733	72288	3.51
strain_long_sample_76	strain	SP136_S17	2038096	120347	5.90
strain_long_sample_76	strain	SP137_S18	2035362	62403	3.07
strain_long_sample_76	strain	SP138_S19	2139728	690875	32.29
strain_long_sample_76	strain	SP139_S20	2017343	1559209	77.29
strain_long_sample_76	strain	SP13_S10	2040289	141542	6.94
strain_long_sample_76	strain	SP140_S21	2128346	25383	1.19
strain_long_sample_76	strain	SP141_S22	1979460	387123	19.56
strain_long_sample_76	strain	SP142_S23	2060851	9333	0.45
strain_long_sample_76	strain	SP143_S24	2012493	808751	40.19
strain_long_sample_76	strain	SP144_S25	2073909	108245	5.22
strain_long_sample_76	strain	SP145_S26	2040147	177503	8.70
strain_long_sample_76	strain	SP146_S27	1976220	40702	2.06
strain_long_sample_76	strain	SP147_S28	2131103	2129247	99.91
strain_long_sample_76	strain	SP148_S29	2086142	24091	1.15
strain_long_sample_76	strain	SP149_S30	2113372	12824	0.61
strain_long_sample_76	strain	SP14_S11	2059376	1644307	79.84
strain_long_sample_76	strain	SP150_S31	1987853	1163080	58.51
strain_long_sample_76	strain	SP151_S32	1974069	138577	7.02
strain_long_sample_76	strain	SP152_S33	2010753	894457	44.48
strain_long_sample_76	strain	SP153_S34	2042628	777213	38.05
strain_long_sample_76	strain	SP154_S35	2162035	665862	30.80
strain_long_sample_76	strain	SP155_S36	2075312	189399	9.13
strain_long_sample_76	strain	SP156_S37	2079530	746498	35.90
strain_long_sample_76	strain	SP157_S38	2048216	7278	0.36
strain_long_sample_76	strain	SP158_S39	1975569	495190	25.07
strain_long_sample_76	strain	SP159_S40	2086141	141227	6.77
strain_long_sample_76	strain	SP15_S89	2011560	1028704	51.14
strain_long_sample_76	strain	SP160_S41	2045367	43892	2.15
strain_long_sample_76	strain	SP161_S42	2050632	1769516	86.29
strain_long_sample_76	strain	SP162_S43	1982417	41144	2.08
strain_long_sample_76	strain	SP163_S44	1948475	8471	0.43
strain_long_sample_76	strain	SP164_S45	1984518	37162	1.87
strain_long_sample_76	strain	SP165_S46	1973565	23327	1.18
strain_long_sample_76	strain	SP166_S47	2090273	2089183	99.95
strain_long_sample_76	strain	SP167_S48	2065677	315780	15.29
strain_long_sample_76	strain	SP168_S49	1749640	1042652	59.59
strain_long_sample_76	strain	SP169_S50	1902740	270396	14.21
strain_long_sample_76	strain	SP16_S12	2043829	12010	0.59
strain_long_sample_76	strain	SP170_S51	2021551	1874070	92.70
strain_long_sample_76	strain	SP171_S52	1993908	202627	10.16
strain_long_sample_76	strain	SP172_S53	1957437	302693	15.46
strain_long_sample_76	strain	SP173_S54	1973592	166504	8.44
strain_long_sample_76	strain	SP174_S55	2117559	13153	0.62
strain_long_sample_76	strain	SP176_S56	2044611	121253	5.93
strain_long_sample_76	strain	SP177_S57	1977200	551538	27.89
strain_long_sample_76	strain	SP178_S58	1925491	106769	5.55
strain_long_sample_76	strain	SP179_S59	2098228	504449	24.04
strain_long_sample_76	strain	SP17_S90	2082160	139785	6.71
strain_long_sample_76	strain	SP180_S96	2031083	363767	17.91
strain_long_sample_76	strain	SP181_S61	2135333	1881655	88.12
strain_long_sample_76	strain	SP182_S62	2047295	171463	8.38
strain_long_sample_76	strain	SP184_S64	1635099	685385	41.92
strain_long_sample_76	strain	SP185_S65	1845437	1445991	78.35
strain_long_sample_76	strain	SP187_S66	1958898	804149	41.05
strain_long_sample_76	strain	SP188_S67	2040293	744545	36.49
strain_long_sample_76	strain	SP18_S91	2072566	473714	22.86
strain_long_sample_76	strain	SP190_S69	1976008	1361025	68.88
strain_long_sample_76	strain	SP191_S70	2000529	66555	3.33
strain_long_sample_76	strain	SP192_S71	1924197	264923	13.77
strain_long_sample_76	strain	SP194_S73	2053846	15859	0.77
strain_long_sample_76	strain	SP195_S74	1985003	922849	46.49
strain_long_sample_76	strain	SP196_S75	1970420	476624	24.19
strain_long_sample_76	strain	SP198_S01	2057645	20090	0.98
strain_long_sample_76	strain	SP1_S85	2164447	127954	5.91
strain_long_sample_76	strain	SP20_S77	2202269	903040	41.00
strain_long_sample_76	strain	SP21_S92	1689727	869057	51.43
strain_long_sample_76	strain	SP22_S78	2120430	36843	1.74
strain_long_sample_76	strain	SP23_S93	2030322	124408	6.13
strain_long_sample_76	strain	SP24_S13	2093455	454457	21.71
strain_long_sample_76	strain	SP25_S14	2028415	213951	10.55
strain_long_sample_76	strain	SP27_S15	1980747	758448	38.29
strain_long_sample_76	strain	SP2_S86	2105629	69420	3.30
strain_long_sample_76	strain	SP30_S17	2078679	428847	20.63
strain_long_sample_76	strain	SP31_S18	2096146	703111	33.54
strain_long_sample_76	strain	SP32_S19	2103320	24627	1.17
strain_long_sample_76	strain	SP33_S20	2079363	816808	39.28
strain_long_sample_76	strain	SP34_S21	2072742	211687	10.21
strain_long_sample_76	strain	SP35_S22	1990563	175547	8.82
strain_long_sample_76	strain	SP36_S23	2086015	53364	2.56
strain_long_sample_76	strain	SP38_S25	2056653	467371	22.72
strain_long_sample_76	strain	SP39_S26	2010726	1031896	51.32
strain_long_sample_76	strain	SP3_S87	2041279	1312094	64.28
strain_long_sample_76	strain	SP40_S27	2129381	32479	1.53
strain_long_sample_76	strain	SP41_S28	2044969	719568	35.19
strain_long_sample_76	strain	SP42_S29	2065552	132551	6.42
strain_long_sample_76	strain	SP43_S30	1998079	75887	3.80
strain_long_sample_76	strain	SP44_S31	2047099	418461	20.44
strain_long_sample_76	strain	SP45_S32	2070043	2004227	96.82
strain_long_sample_76	strain	SP46_S33	2068370	11520	0.56
strain_long_sample_76	strain	SP47_S34	2027743	1059121	52.23
strain_long_sample_76	strain	SP48_S35	2032240	55178	2.72
strain_long_sample_76	strain	SP49_S36	2058421	64960	3.16
strain_long_sample_76	strain	SP4_S3	2195551	1376831	62.71
strain_long_sample_76	strain	SP50_S37	1958348	141417	7.22
strain_long_sample_76	strain	SP52_S38	2038081	5136	0.25
strain_long_sample_76	strain	SP53_S39	2156089	172179	7.99
strain_long_sample_76	strain	SP54_S40	2028957	82146	4.05
strain_long_sample_76	strain	SP55_S41	1980370	156377	7.90
strain_long_sample_76	strain	SP56_S42	2048034	206752	10.10
strain_long_sample_76	strain	SP57_S43	1969838	170370	8.65
strain_long_sample_76	strain	SP58_S44	1973824	957518	48.51
strain_long_sample_76	strain	SP59_S47	2090807	372510	17.82
strain_long_sample_76	strain	SP60_S48	1971764	2087	0.11
strain_long_sample_76	strain	SP61_S45	1995963	233614	11.70
strain_long_sample_76	strain	SP62_S46	2086023	54082	2.59
strain_long_sample_76	strain	SP63_S49	2084429	29963	1.44
strain_long_sample_76	strain	SP64_S79	2013820	402975	20.01
strain_long_sample_76	strain	SP65_S80	1985668	778515	39.21
strain_long_sample_76	strain	SP67_S50	2070264	71966	3.48
strain_long_sample_76	strain	SP68_S51	2287165	2165435	94.68
strain_long_sample_76	strain	SP69_S52	2218514	2092698	94.33
strain_long_sample_76	strain	SP6_S88	2087122	9759	0.47
strain_long_sample_76	strain	SP70_S53	2055688	75504	3.67
strain_long_sample_76	strain	SP71_S54	2049554	137050	6.69
strain_long_sample_76	strain	SP72_S55	2008808	1505489	74.94
strain_long_sample_76	strain	SP73_S56	2050203	61578	3.00
strain_long_sample_76	strain	SP74_S57	1980502	127291	6.43
strain_long_sample_76	strain	SP75_S58	2079412	2077334	99.90
strain_long_sample_76	strain	SP76_S59	2094080	294229	14.05
strain_long_sample_76	strain	SP77_S60	2013262	70441	3.50
strain_long_sample_76	strain	SP78_S61	2014664	1105215	54.86
strain_long_sample_76	strain	SP79_S62	2013315	1274721	63.31
strain_long_sample_76	strain	SP7_S4	2105126	766593	36.42
strain_long_sample_76	strain	SP80_S63	2050940	178715	8.71
strain_long_sample_76	strain	SP81_S64	1964360	477314	24.30
strain_long_sample_76	strain	SP82_S65	2093277	246014	11.75
strain_long_sample_76	strain	SP83_S66	1980931	27605	1.39
strain_long_sample_76	strain	SP84_S67	2069912	37808	1.83
strain_long_sample_76	strain	SP85_S68	2065876	3972	0.19
strain_long_sample_76	strain	SP86_S69	2049356	1195682	58.34
strain_long_sample_76	strain	SP87_S70	2006213	200807	10.01
strain_long_sample_76	strain	SP88_S94	2082503	289588	13.91
strain_long_sample_76	strain	SP8_S5	2092144	195850	9.36
strain_long_sample_76	strain	SP91_S72	2026991	2015866	99.45
strain_long_sample_76	strain	SP92_S73	2071399	555250	26.81
strain_long_sample_76	strain	SP93_S74	2078442	1464541	70.46
strain_long_sample_76	strain	SP94_S75	2078602	81859	3.94
strain_long_sample_76	strain	SP95_S76	2053291	45150	2.20
strain_long_sample_76	strain	SP96_S77	2166888	65217	3.01
strain_long_sample_76	strain	SP97_S78	2008538	7973	0.40
strain_long_sample_76	strain	SP99_S80	1980535	345561	17.45
strain_long_sample_76	strain	SP9_S6	1996138	5846	0.29
strain_long_sample_76	strain	spades_AND4471_S1_L001	5368063	459498	8.56
strain_long_sample_76	strain	spades_AND8064_S11_L001	5497841	3362978	61.17
strain_long_sample_76	strain	spades_AND8281_S12_L001	5497673	140047	2.55
strain_long_sample_76	strain	spades_AND8302_S10_L001	5495418	5317358	96.76
strain_long_sample_76	strain	spades_AND9183_S11_L001	5148435	160463	3.12
strain_long_sample_76	strain	spades_And10026_S11_L001	5077379	1500099	29.54
strain_long_sample_76	strain	spades_And10054_S9_L001	5248044	2766758	52.72
strain_long_sample_76	strain	spades_And10062_S12_L001	5068183	4583103	90.43
strain_long_sample_76	strain	spades_And10073_S10_L001	5246988	633858	12.08
strain_long_sample_76	strain	spades_And10925_S5_L001	5618570	186785	3.32
strain_long_sample_76	strain	spades_And11624_S6_L001	4961806	234939	4.73
strain_long_sample_76	strain	spades_And12875_S7_L001	5202195	79256	1.52
strain_long_sample_76	strain	spades_And4180_S6_L001	5338226	377549	7.07
strain_long_sample_76	strain	spades_And4191_S5_L001	5373351	1590691	29.60
strain_long_sample_76	strain	spades_And4246_S5_L001	5640614	23256	0.41
strain_long_sample_76	strain	spades_And4355_S8_L001	5363521	5351201	99.77
strain_long_sample_76	strain	spades_And4366_S2_L001	5364391	4475356	83.43
strain_long_sample_76	strain	spades_And4500_S1_L001	5585829	46651	0.84
strain_long_sample_76	strain	spades_And4543_S2_L001	5582611	2253026	40.36
strain_long_sample_76	strain	spades_And4613_S9_L001	5211989	359103	6.89
strain_long_sample_76	strain	spades_And4621_S3_L001	5216022	2715461	52.06
strain_long_sample_76	strain	spades_And4858_S9_L001	5288817	300852	5.69
strain_long_sample_76	strain	spades_And4892_S4_L001	5077878	190049	3.74
strain_long_sample_76	strain	spades_And4902_S2_L001	5066396	1268012	25.03
strain_long_sample_76	strain	spades_And4955_S10_L001	5044213	3799971	75.33
strain_long_sample_76	strain	spades_And5042_S4_L001	5284713	1663876	31.48
strain_long_sample_76	strain	spades_And5141_S4_L001	5286562	612679	11.59
strain_long_sample_76	strain	spades_And5192_S3_L001	5106414	355694	6.97
strain_long_sample_76	strain	spades_And5213_S1_L001	4911642	16566	0.34
strain_long_sample_76	strain	spades_And5232_S2_L001	4894280	843244	17.23
strain_long_sample_76	strain	spades_And5237_S4_L001	5948456	1885425	31.70
strain_long_sample_76	strain	spades_And5284_S5_L001	5633195	2782887	49.40
strain_long_sample_76	strain	spades_And5315_S3_L001	5485511	156210	2.85
strain_long_sample_76	strain	spades_And5331_S1_L001	5061628	4645070	91.77
strain_long_sample_76	strain	spades_And5388_S8_L001	5248482	903149	17.21
strain_long_sample_76	strain	spades_And5444_S7_L001	5248207	255415	4.87
strain_long_sample_76	strain	spades_And5527_S8_L001	5489379	311478	5.67
strain_long_sample_76	strain	spades_And5533_S9_L001	5486696	178091	3.25
strain_long_sample_76	strain	spades_And6098_S1_L001	5486974	5433946	99.03
strain_long_sample_76	strain	spades_And6100_S3_L001	5483251	1857779	33.88
strain_long_sample_76	strain	spades_And6166_S1_L001	5491273	5489341	99.96
strain_long_sample_76	strain	spades_And6241_S2_L001	5482102	374023	6.82
strain_long_sample_76	strain	spades_And6342_S10_L001	4808690	277054	5.76
strain_long_sample_76	strain	spades_And6399_S9_L001	4808515	4793206	99.68
strain_long_sample_76	strain	spades_And6400_S11_L001	4808757	222900	4.64
strain_long_sample_76	strain	spades_And6442_S8_L001	5472709	2946820	53.85
strain_long_sample_76	strain	spades_And6884_S7_L001	5616342	173701	3.09
strain_long_sample_76	strain	spades_And7051_S7_L001	5163258	103722	2.01
strain_long_sample_76	strain	spades_And7187_S3_L001	4886278	58771	1.20
strain_long_sample_76	strain	spades_And7225_S6_L001	4907918	1005019	20.48
strain_long_sample_76	strain	spades_And7556_S8_L001	5192378	102241	1.97
strain_long_sample_76	strain	spades_And8344_S10_L001	4970303	911146	18.33
strain_long_sample_76	strain	spades_And8381_S10_L001	5498306	1884972	34.28
strain_long_sample_76	strain	spades_And8382_S4_L001	4966755	2956816	59.53
strain_long_sample_76	strain	spades_And8388_S5_L001	5330669	4748786	89.08
strain_long_sample_76	strain	spades_And8423_S6_L001	5530859	55225	1.00
strain_long_sample_76	strain	spades_And8454_S5_L001	5530317	787322	14.24
strain_long_sample_76	strain	spades_And8457_S3_L001	4927737	2215323	44.96
strain_long_sample_76	strain	spades_And8655_S10_L001	5601592	688823	12.30
strain_long_sample_76	strain	spades_And8688_S9_L001	5605589	826854	14.75
strain_long_sample_76	strain	spades_And8861_S3_L001	5452253	502892	9.22
strain_long_sample_76	strain	spades_And8909_S4_L001	5467567	4651581	85.08
strain_long_sample_76	strain	spades_And8926_S4_L001	4595731	734869	15.99
strain_long_sample_76	strain	spades_And9053_S12_L001	5579929	1014114	18.17
strain_long_sample_76	strain	spades_And9076_S11_L001	5583272	354269	6.35
strain_long_sample_76	strain	spades_And9183_S10_L001	5150416	1440397	27.97
strain_long_sample_76	strain	spades_And9205_S9_L001	5065495	3370808	66.54
strain_long_sample_76	strain	spades_And9353_S7_L001	5391022	419482	7.78
strain_long_sample_76	strain	spades_And9387_S6_L001	5536369	996274	18.00
strain_long_sample_76	strain	spades_And9454_S3_L001	5576404	56625	1.02
strain_long_sample_76	strain	spades_And9653_S7_L001	4729396	1892807	40.02
strain_long_sample_76	strain	spades_And9693_S1_L001	5234639	305827	5.84
strain_long_sample_76	strain	spades_And9722_S8_L001	5087231	14484	0.28
strain_long_sample_76	strain	spades_And9746_S7_L001	5208326	740789	14.22
strain_long_sample_76	strain	spades_And9855_S12_L001	5376042	212171	3.95
strain_long_sample_76	strain	spades_ESBL10011_S11_L001	4909842	375911	7.66
strain_long_sample_76	strain	spades_ESBL10030_S2_L001	4855730	137922	2.84
strain_long_sample_76	strain	spades_ESBL10055_S8_L001	5090447	7723	0.15
strain_long_sample_76	strain	spades_ESBL10056_S9_L001	5057878	100843	1.99
strain_long_sample_76	strain	spades_ESBL1009_S1_L001	4889917	805628	16.48
strain_long_sample_76	strain	spades_ESBL5402_S6_L001	4938055	56605	1.15
strain_long_sample_76	strain	spades_ESBL5481_S10_L001	4901360	262114	5.35
strain_long_sample_76	strain	spades_ESBL5497_S3_L001	5188881	35575	0.69
strain_long_sample_76	strain	spades_ESBL5533_S4_L001	5179780	856264	16.53
strain_long_sample_76	strain	spades_ESBL5609_S2_L001	5088202	4632838	91.05
strain_long_sample_76	strain	spades_ESBL5613_S5_L001	5273131	538891	10.22
strain_long_sample_76	strain	spades_ESBL5621_S1_L001	5257092	612432	11.65
strain_long_sample_76	strain	spades_ESBL5660_S7_L001	5257730	564427	10.74
strain_long_sample_76	strain	spades_ESBL5717_S8_L001	5220419	801235	15.35
strain_long_sample_76	strain	spades_ESBL5734_S3_L001	5598134	4532295	80.96
strain_long_sample_76	strain	spades_ESBL5772_S6_L001	5325463	5116333	96.07
strain_long_sample_76	strain	spades_ESBL5780_S5_L001	5349338	1641249	30.68
strain_long_sample_76	strain	spades_ESBL5784_S3_L001	5468994	1881051	34.39
strain_long_sample_76	strain	spades_ESBL5786_S5_L001	5289185	3894317	73.63
strain_long_sample_76	strain	spades_ESBL5791_S4_L001	5419083	100026	1.85
strain_long_sample_76	strain	spades_ESBL5792_S6_L001	5286705	4772064	90.27
strain_long_sample_76	strain	spades_ESBL5808_S8_L001	5142239	21077	0.41
strain_long_sample_76	strain	spades_ESBL5817_S7_L001	4850179	1366026	28.16
strain_long_sample_76	strain	spades_ESBL5827_S10_L001	5627681	195342	3.47
strain_long_sample_76	strain	spades_ESBL5852_S11_L001	5631598	74578	1.32
strain_long_sample_76	strain	spades_ESBL5872_S5_L001	5649121	48878	0.87
strain_long_sample_76	strain	spades_ESBL5909_S5_L001	4903928	796221	16.24
strain_long_sample_76	strain	spades_ESBL5911_S4_L001	4902006	883730	18.03
strain_long_sample_76	strain	spades_ESBL6101_S9_L001	4951660	174928	3.53
strain_long_sample_76	strain	spades_ESBL6164_S11_L001	5296034	581759	10.98
strain_long_sample_76	strain	spades_ESBL6200_S12_L001	4853372	7714	0.16
strain_long_sample_76	strain	spades_ESBL6210_S10_L001	4795054	271683	5.67
strain_long_sample_76	strain	spades_ESBL6270_S10_L001	5129972	2861892	55.79
strain_long_sample_76	strain	spades_ESBL6351_S5_L001	5140727	231728	4.51
strain_long_sample_76	strain	spades_ESBL6364_S9_L001	5323526	2402632	45.13
strain_long_sample_76	strain	spades_ESBL6409_S4_L001	5206730	238693	4.58
strain_long_sample_76	strain	spades_ESBL6418_S2_L001	4803161	144396	3.01
strain_long_sample_76	strain	spades_ESBL6455_S6_L001	4857585	2683964	55.25
strain_long_sample_76	strain	spades_ESBL6515_S2_L001	5206284	52883	1.02
strain_long_sample_76	strain	spades_ESBL6620_S4_L001	5444869	1883947	34.60
strain_long_sample_76	strain	spades_ESBL6628_S5_L001	5443769	817591	15.02
strain_long_sample_76	strain	spades_ESBL6643_S3_L001	5120216	344334	6.72
strain_long_sample_76	strain	spades_ESBL6661_S8_L001	5049636	79227	1.57
strain_long_sample_76	strain	spades_ESBL6724_S11_L001	5278084	4314404	81.74
strain_long_sample_76	strain	spades_ESBL6759Q_S12_L001	5518056	98000	1.78
strain_long_sample_76	strain	spades_ESBL6760_S6_L001	5267859	1946313	36.95
strain_long_sample_76	strain	spades_ESBL6769_S11_L001	5522930	1117101	20.23
strain_long_sample_76	strain	spades_ESBL6792_S10_L001	5212350	181978	3.49
strain_long_sample_76	strain	spades_ESBL6983_S3_L001	5223413	113048	2.16
strain_long_sample_76	strain	spades_ESBL6984_S1_L001	5169466	3066189	59.31
strain_long_sample_76	strain	spades_ESBL7021_S2_L001	5166821	24046	0.47
strain_long_sample_76	strain	spades_ESBL7234_S12_L001	5148279	264949	5.15
strain_long_sample_76	strain	spades_ESBL7347_S10_L001	5120214	98452	1.92
strain_long_sample_76	strain	spades_ESBL7348_S6_L001	5205004	5819	0.11
strain_long_sample_76	strain	spades_ESBL7359_S3_L001	6243594	3094846	49.57
strain_long_sample_76	strain	spades_ESBL7382_S4_L001	4857278	120023	2.47
strain_long_sample_76	strain	spades_ESBL7388_S7_L001	5206566	268784	5.16
strain_long_sample_76	strain	spades_ESBL7410_S11_L001	5124963	78350	1.53
strain_long_sample_76	strain	spades_ESBL7424_S8_L001	5210944	668533	12.83
strain_long_sample_76	strain	spades_ESBL7431_S12_L001	5304537	2907084	54.80
strain_long_sample_76	strain	spades_ESBL7525_S1_L001	5217626	5087094	97.50
strain_long_sample_76	strain	spades_ESBL7531_S9_L001	5208486	1148866	22.06
strain_long_sample_76	strain	spades_ESBL7532_S2_L001	5351688	792111	14.80
strain_long_sample_76	strain	spades_ESBL7534_S10_L001	4881029	1433471	29.37
strain_long_sample_76	strain	spades_ESBL7553_S11_L001	5395788	304277	5.64
strain_long_sample_76	strain	spades_ESBL7586_S7_L001	4948638	4271356	86.31
strain_long_sample_76	strain	spades_ESBL7634_S2_L001	5550584	22738	0.41
strain_long_sample_76	strain	spades_ESBL7810_S9_L001	5926039	716910	12.10
strain_long_sample_76	strain	spades_ESBL7862_S8_L001	5904754	853742	14.46
strain_long_sample_76	strain	spades_ESBL8075_S12_L001	5404977	163748	3.03
strain_long_sample_76	strain	spades_ESBL8159_S1_L001	5325786	703420	13.21
strain_long_sample_76	strain	spades_ESBL8341_S10_L001	4862937	505684	10.40
strain_long_sample_76	strain	spades_ESBL8411_S7_L001	6071184	3841024	63.27
strain_long_sample_76	strain	spades_ESBL8514_S7_L001	4905882	63710	1.30
strain_long_sample_76	strain	spades_ESBL8604_S8_L001	5107945	5103754	99.92
strain_long_sample_76	strain	spades_ESBL8855_S12_L001	5625519	44219	0.79
strain_long_sample_76	strain	spades_ESBL8873_S6_L001	5567706	230964	4.15
strain_long_sample_76	strain	spades_ESBL8909_S7_L001	5264884	1891377	35.92
strain_long_sample_76	strain	spades_ESBL8953_S1_L001	5559832	27577	0.50
strain_long_sample_76	strain	spades_ESBL8956_S2_L001	5556246	121010	2.18
strain_long_sample_76	strain	spades_ESBL8960_S8_L001	5673185	279280	4.92
strain_long_sample_76	strain	spades_ESBL9044_S9_L001	5039987	3073439	60.98
strain_long_sample_76	strain	spades_ESBL9046_S6_L001	5646310	221606	3.92
strain_long_sample_76	strain	spades_ESBL9166_S11_L001	4708419	284196	6.04
strain_long_sample_76	strain	spades_ESBL9224_S2_L001	5703641	140144	2.46
strain_long_sample_76	strain	spades_ESBL9250_S3_L001	5557990	133074	2.39
strain_long_sample_76	strain	spades_ESBL9251_S1_L001	5704673	5703436	99.98
strain_long_sample_76	strain	spades_ESBL9318_S2_L001	4772473	3927373	82.29
strain_long_sample_76	strain	spades_ESBL9336_S1_L001	5170229	4469991	86.46
strain_long_sample_76	strain	spades_ESBL9440_S6_L001	5102994	712815	13.97
strain_long_sample_76	strain	spades_ESBL9654_S5_L001	5153457	1098762	21.32
strain_long_sample_76	strain	spades_ESBL9656_S7_L001	5100274	343916	6.74
strain_long_sample_76	strain	spades_ESBL9861_S4_L001	5188009	52086	1.00
strain_long_sample_76	strain	spades_ESBL9875_S5_L001	5191975	5000	0.10
strain_long_sample_76	strain	spades_ESBL9915_S6_L001	5090453	4995227	98.13
strain_long_sample_76	strain	spades_MRSA7113_S2_L001	2825247	1410371	49.92
strain_long_sample_76	strain	spades_MRSA7119_S2_L001	2748878	775020	28.19
strain_long_sample_76	strain	spades_MRSA7124_S4_L001	2778919	109668	3.95
strain_long_sample_76	strain	spades_MRSA7129_S1_L001	2824465	26158	0.93
strain_long_sample_76	strain	spades_MRSA7129_S8_L001	2785154	103625	3.72
strain_long_sample_76	strain	spades_MRSA7133_S3_L001	2821986	1193309	42.29
strain_long_sample_76	strain	spades_MRSA7172_S1_L001	2747769	11799	0.43
strain_long_sample_76	strain	spades_MRSA7231_S7_L001	2781316	126461	4.55
strain_long_sample_76	strain	spades_MRSA7286_S4_L001	2817370	2164479	76.83
strain_long_sample_76	strain	spades_MRSA7295_S3_L001	2832162	2832006	99.99
strain_long_sample_76	strain	spades_MRSA7796_S10_L001	2763305	2133372	77.20
strain_long_sample_76	strain	spades_MRSA7830_S9_L001	2786125	14888	0.53
strain_long_sample_76	strain	spades_MRSA8007_S12_L001	2738989	2084096	76.09
strain_long_sample_76	strain	spades_MRSA8013_S11_L001	2739001	654883	23.91
strain_long_sample_76	strain	spades_MRSA8186_S9_L001	2844448	422681	14.86
strain_long_sample_76	strain	spades_MRSA8187_S8_L001	2838974	753687	26.55
strain_long_sample_76	strain	spades_MRSA8339_S5_L001	2777668	511493	18.41
strain_long_sample_76	strain	spades_MRSA8595_S7_L001	2833533	71492	2.52
strain_long_sample_76	strain	spades_MRSA8602_S6_L001	2816259	657334	23.34
strain_long_sample_76	strain	spades_MRSA8758_S5_L001	2816182	2815911	99.99
strain_long_sample_76	strain	spades_MRSA9344_S6_L001	2785341	27332	0.98
strain_long_sample_76	strain	spades_VRE2224_S14_L001	3012379	1936	0.06
strain_long_sample_76	strain	spades_VRE2237_S15_L001	3010799	1644943	54.63
strain_long_sample_76	strain	spades_VRE2392_S22_L001	3000431	963291	32.11
strain_long_sample_76	strain	spades_VRE2770_S9_L001	3245517	215326	6.63
strain_long_sample_76	strain	spades_VRE2857_S10_L001	3094615	838769	27.10
strain_long_sample_76	strain	spades_VRE2906_S11_L001	3429347	1880388	54.83
strain_long_sample_76	strain	spades_VRE2941_S2_L001	3166882	2954533	93.29
strain_long_sample_76	strain	spades_VRE2943_S1_L001	3128023	297173	9.50
strain_long_sample_76	strain	spades_VRE2961_S3_L001	2855192	576065	20.18
strain_long_sample_76	strain	spades_VRE3021_S4_L001	2952853	325507	11.02
strain_long_sample_76	strain	spades_VRE3043_S21_L001	3001125	431014	14.36
strain_long_sample_76	strain	spades_VRE3056_S20_L001	3010057	113979	3.79
strain_long_sample_76	strain	spades_VRE3253_S17_L001	2959154	5238	0.18
strain_long_sample_76	strain	spades_VRE3277_S16_L001	3060574	18491	0.60
strain_long_sample_76	strain	spades_VRE3342_S6_L001	3063001	864708	28.23
strain_long_sample_76	strain	spades_VRE3387_S5_L001	3006421	35886	1.19
strain_long_sample_76	strain	spades_VRE3766_S8_L001	3083042	3069672	99.57
strain_long_sample_76	strain	spades_VRE3783_S7_L001	3086681	109559	3.55
strain_long_sample_76	strain	spades_VRE3786_S19_L001	3118152	2212540	70.96
strain_long_sample_76	strain	spades_VRE3967_S23_L001	3008458	156205	5.19
strain_long_sample_86	strain	MIKI-NS02	2999969	2997173	99.91
strain_long_sample_86	strain	MIKI-NS03	4488719	2147025	47.83
strain_long_sample_86	strain	MIKI-NS06	1964761	326086	16.60
strain_long_sample_86	strain	MIKI-NS08	2548584	1893396	74.29
strain_long_sample_86	strain	MIKI-NS09	2039692	120541	5.91
strain_long_sample_86	strain	MIKI-NS10	2092650	709977	33.93
strain_long_sample_86	strain	MIKI-NS11	2039212	1981606	97.18
strain_long_sample_86	strain	MIKI-NS12	2252307	301874	13.40
strain_long_sample_86	strain	MIKI-NS13	7206778	1067964	14.82
strain_long_sample_86	strain	MIKI-NS14	5248953	1072402	20.43
strain_long_sample_86	strain	MIKI-NS15	6804612	148631	2.18
strain_long_sample_86	strain	MIKI-NS20	5363855	1061733	19.79
strain_long_sample_86	strain	MIKI-NS23	5370360	313311	5.83
strain_long_sample_86	strain	MIKI-NS24	5364208	5354875	99.83
strain_long_sample_86	strain	MIKI-NS25	5371711	1738476	32.36
strain_long_sample_86	strain	SP100_S81	2092705	166498	7.96
strain_long_sample_86	strain	SP101_S82	2132333	182909	8.58
strain_long_sample_86	strain	SP102_S82	2014786	488865	24.26
strain_long_sample_86	strain	SP103_S83	2047626	1918675	93.70
strain_long_sample_86	strain	SP105_S84	2024006	908430	44.88
strain_long_sample_86	strain	SP106_S85	2015226	281454	13.97
strain_long_sample_86	strain	SP107_S86	2073529	88836	4.28
strain_long_sample_86	strain	SP108_S87	1937122	132319	6.83
strain_long_sample_86	strain	SP109_S83	2012505	1175943	58.43
strain_long_sample_86	strain	SP10_S7	2082760	25612	1.23
strain_long_sample_86	strain	SP110_S88	2140902	2103289	98.24
strain_long_sample_86	strain	SP111_S89	2099202	583099	27.78
strain_long_sample_86	strain	SP112_S90	2079727	1531804	73.65
strain_long_sample_86	strain	SP113_S91	2058653	2057695	99.95
strain_long_sample_86	strain	SP114_S92	1987692	265794	13.37
strain_long_sample_86	strain	SP115_S93	2041665	600584	29.42
strain_long_sample_86	strain	SP116_S94	2013236	2012486	99.96
strain_long_sample_86	strain	SP117_S95	2236418	2199576	98.35
strain_long_sample_86	strain	SP118_S96	1983599	61022	3.08
strain_long_sample_86	strain	SP119_S1	2137079	48832	2.28
strain_long_sample_86	strain	SP11_S8	2065838	573961	27.78
strain_long_sample_86	strain	SP120_S2	2076062	18872	0.91
strain_long_sample_86	strain	SP121_S3	2078750	187716	9.03
strain_long_sample_86	strain	SP122_S4	2049787	1990012	97.08
strain_long_sample_86	strain	SP124_S6	2070014	131300	6.34
strain_long_sample_86	strain	SP125_S84	2015328	1205337	59.81
strain_long_sample_86	strain	SP126_S7	2003842	125707	6.27
strain_long_sample_86	strain	SP127_S8	2054557	92539	4.50
strain_long_sample_86	strain	SP128_S9	2012996	67410	3.35
strain_long_sample_86	strain	SP129_S10	2028767	7179	0.35
strain_long_sample_86	strain	SP12_S9	1985084	5888	0.30
strain_long_sample_86	strain	SP130_S11	2077144	1601281	77.09
strain_long_sample_86	strain	SP131_S12	2155215	2057929	95.49
strain_long_sample_86	strain	SP132_S13	2000885	2375	0.12
strain_long_sample_86	strain	SP133_S14	1991005	66267	3.33
strain_long_sample_86	strain	SP134_S15	2061331	469740	22.79
strain_long_sample_86	strain	SP135_S16	2058733	1377765	66.92
strain_long_sample_86	strain	SP136_S17	2038096	121496	5.96
strain_long_sample_86	strain	SP137_S18	2035362	2010845	98.80
strain_long_sample_86	strain	SP138_S19	2139728	1284044	60.01
strain_long_sample_86	strain	SP139_S20	2017343	684728	33.94
strain_long_sample_86	strain	SP13_S10	2040289	1855876	90.96
strain_long_sample_86	strain	SP140_S21	2128346	2094578	98.41
strain_long_sample_86	strain	SP141_S22	1979460	1722564	87.02
strain_long_sample_86	strain	SP142_S23	2060851	1367217	66.34
strain_long_sample_86	strain	SP143_S24	2012493	28522	1.42
strain_long_sample_86	strain	SP144_S25	2073909	656184	31.64
strain_long_sample_86	strain	SP145_S26	2040147	1423975	69.80
strain_long_sample_86	strain	SP146_S27	1976220	263910	13.35
strain_long_sample_86	strain	SP147_S28	2131103	872337	40.93
strain_long_sample_86	strain	SP148_S29	2086142	414850	19.89
strain_long_sample_86	strain	SP149_S30	2113372	175397	8.30
strain_long_sample_86	strain	SP14_S11	2059376	54004	2.62
strain_long_sample_86	strain	SP150_S31	1987853	519562	26.14
strain_long_sample_86	strain	SP151_S32	1974069	1926642	97.60
strain_long_sample_86	strain	SP152_S33	2010753	421390	20.96
strain_long_sample_86	strain	SP153_S34	2042628	242725	11.88
strain_long_sample_86	strain	SP154_S35	2162035	1683109	77.85
strain_long_sample_86	strain	SP155_S36	2075312	5135	0.25
strain_long_sample_86	strain	SP156_S37	2079530	2071779	99.63
strain_long_sample_86	strain	SP157_S38	2048216	440466	21.50
strain_long_sample_86	strain	SP158_S39	1975569	1975282	99.99
strain_long_sample_86	strain	SP159_S40	2086141	54155	2.60
strain_long_sample_86	strain	SP15_S89	2011560	96290	4.79
strain_long_sample_86	strain	SP160_S41	2045367	33452	1.64
strain_long_sample_86	strain	SP161_S42	2050632	829422	40.45
strain_long_sample_86	strain	SP162_S43	1982417	1971013	99.42
strain_long_sample_86	strain	SP163_S44	1948475	1572168	80.69
strain_long_sample_86	strain	SP164_S45	1984518	92406	4.66
strain_long_sample_86	strain	SP165_S46	1973565	88538	4.49
strain_long_sample_86	strain	SP166_S47	2090273	184269	8.82
strain_long_sample_86	strain	SP167_S48	2065677	496405	24.03
strain_long_sample_86	strain	SP168_S49	1749640	237998	13.60
strain_long_sample_86	strain	SP169_S50	1902740	112684	5.92
strain_long_sample_86	strain	SP16_S12	2043829	436849	21.37
strain_long_sample_86	strain	SP170_S51	2021551	2018355	99.84
strain_long_sample_86	strain	SP171_S52	1993908	1870239	93.80
strain_long_sample_86	strain	SP172_S53	1957437	1949114	99.57
strain_long_sample_86	strain	SP173_S54	1973592	984493	49.88
strain_long_sample_86	strain	SP174_S55	2117559	84806	4.00
strain_long_sample_86	strain	SP176_S56	2044611	2039307	99.74
strain_long_sample_86	strain	SP177_S57	1977200	999402	50.55
strain_long_sample_86	strain	SP178_S58	1925491	276165	14.34
strain_long_sample_86	strain	SP179_S59	2098228	15274	0.73
strain_long_sample_86	strain	SP17_S90	2082160	1639012	78.72
strain_long_sample_86	strain	SP180_S96	2031083	430567	21.20
strain_long_sample_86	strain	SP181_S61	2135333	2046167	95.82
strain_long_sample_86	strain	SP182_S62	2047295	1836721	89.71
strain_long_sample_86	strain	SP184_S64	1635099	3743	0.23
strain_long_sample_86	strain	SP185_S65	1845437	135012	7.32
strain_long_sample_86	strain	SP187_S66	1958898	1605282	81.95
strain_long_sample_86	strain	SP188_S67	2040293	53193	2.61
strain_long_sample_86	strain	SP189_S68	2062647	2016811	97.78
strain_long_sample_86	strain	SP18_S91	2072566	2060923	99.44
strain_long_sample_86	strain	SP190_S69	1976008	1924878	97.41
strain_long_sample_86	strain	SP191_S70	2000529	796269	39.80
strain_long_sample_86	strain	SP192_S71	1924197	512119	26.61
strain_long_sample_86	strain	SP194_S73	2053846	1212867	59.05
strain_long_sample_86	strain	SP195_S74	1985003	509374	25.66
strain_long_sample_86	strain	SP196_S75	1970420	78286	3.97
strain_long_sample_86	strain	SP198_S01	2057645	2056593	99.95
strain_long_sample_86	strain	SP20_S77	2202269	545975	24.79
strain_long_sample_86	strain	SP21_S92	1689727	121631	7.20
strain_long_sample_86	strain	SP22_S78	2120430	1107	0.05
strain_long_sample_86	strain	SP23_S93	2030322	1288155	63.45
strain_long_sample_86	strain	SP24_S13	2093455	1642012	78.44
strain_long_sample_86	strain	SP25_S14	2028415	1578840	77.84
strain_long_sample_86	strain	SP27_S15	1980747	77275	3.90
strain_long_sample_86	strain	SP2_S86	2105629	57815	2.75
strain_long_sample_86	strain	SP30_S17	2078679	14459	0.70
strain_long_sample_86	strain	SP31_S18	2096146	1238359	59.08
strain_long_sample_86	strain	SP32_S19	2103320	65961	3.14
strain_long_sample_86	strain	SP33_S20	2079363	22034	1.06
strain_long_sample_86	strain	SP34_S21	2072742	1055539	50.92
strain_long_sample_86	strain	SP35_S22	1990563	357060	17.94
strain_long_sample_86	strain	SP36_S23	2086015	66405	3.18
strain_long_sample_86	strain	SP38_S25	2056653	1296860	63.06
strain_long_sample_86	strain	SP39_S26	2010726	84732	4.21
strain_long_sample_86	strain	SP3_S87	2041279	96630	4.73
strain_long_sample_86	strain	SP40_S27	2129381	2022674	94.99
strain_long_sample_86	strain	SP41_S28	2044969	2038232	99.67
strain_long_sample_86	strain	SP42_S29	2065552	2061508	99.80
strain_long_sample_86	strain	SP43_S30	1998079	377471	18.89
strain_long_sample_86	strain	SP44_S31	2047099	93236	4.55
strain_long_sample_86	strain	SP45_S32	2070043	215329	10.40
strain_long_sample_86	strain	SP46_S33	2068370	129416	6.26
strain_long_sample_86	strain	SP47_S34	2027743	130766	6.45
strain_long_sample_86	strain	SP48_S35	2032240	1959387	96.42
strain_long_sample_86	strain	SP49_S36	2058421	1314021	63.84
strain_long_sample_86	strain	SP4_S3	2195551	1964376	89.47
strain_long_sample_86	strain	SP50_S37	1958348	1164447	59.46
strain_long_sample_86	strain	SP52_S38	2038081	741380	36.38
strain_long_sample_86	strain	SP53_S39	2156089	1469933	68.18
strain_long_sample_86	strain	SP54_S40	2028957	36586	1.80
strain_long_sample_86	strain	SP55_S41	1980370	1980158	99.99
strain_long_sample_86	strain	SP56_S42	2048034	82477	4.03
strain_long_sample_86	strain	SP57_S43	1969838	37321	1.89
strain_long_sample_86	strain	SP58_S44	1973824	109064	5.53
strain_long_sample_86	strain	SP59_S47	2090807	1267756	60.63
strain_long_sample_86	strain	SP60_S48	1971764	47462	2.41
strain_long_sample_86	strain	SP61_S45	1995963	256547	12.85
strain_long_sample_86	strain	SP62_S46	2086023	895	0.04
strain_long_sample_86	strain	SP63_S49	2084429	978484	46.94
strain_long_sample_86	strain	SP64_S79	2013820	142351	7.07
strain_long_sample_86	strain	SP65_S80	1985668	26826	1.35
strain_long_sample_86	strain	SP67_S50	2070264	312703	15.10
strain_long_sample_86	strain	SP68_S51	2287165	2389	0.10
strain_long_sample_86	strain	SP69_S52	2218514	50306	2.27
strain_long_sample_86	strain	SP6_S88	2087122	1266318	60.67
strain_long_sample_86	strain	SP70_S53	2055688	310010	15.08
strain_long_sample_86	strain	SP71_S54	2049554	31924	1.56
strain_long_sample_86	strain	SP72_S55	2008808	435559	21.68
strain_long_sample_86	strain	SP73_S56	2050203	9469	0.46
strain_long_sample_86	strain	SP74_S57	1980502	1030602	52.04
strain_long_sample_86	strain	SP75_S58	2079412	232201	11.17
strain_long_sample_86	strain	SP76_S59	2094080	368984	17.62
strain_long_sample_86	strain	SP77_S60	2013262	690513	34.30
strain_long_sample_86	strain	SP78_S61	2014664	16407	0.81
strain_long_sample_86	strain	SP79_S62	2013315	43266	2.15
strain_long_sample_86	strain	SP7_S4	2105126	258518	12.28
strain_long_sample_86	strain	SP80_S63	2050940	1530959	74.65
strain_long_sample_86	strain	SP81_S64	1964360	452776	23.05
strain_long_sample_86	strain	SP82_S65	2093277	9242	0.44
strain_long_sample_86	strain	SP83_S66	1980931	343589	17.34
strain_long_sample_86	strain	SP84_S67	2069912	2067058	99.86
strain_long_sample_86	strain	SP85_S68	2065876	640502	31.00
strain_long_sample_86	strain	SP86_S69	2049356	94600	4.62
strain_long_sample_86	strain	SP87_S70	2006213	743001	37.04
strain_long_sample_86	strain	SP88_S94	2082503	2032282	97.59
strain_long_sample_86	strain	SP8_S5	2092144	983853	47.03
strain_long_sample_86	strain	SP91_S72	2026991	444289	21.92
strain_long_sample_86	strain	SP92_S73	2071399	142664	6.89
strain_long_sample_86	strain	SP93_S74	2078442	228210	10.98
strain_long_sample_86	strain	SP94_S75	2078602	673659	32.41
strain_long_sample_86	strain	SP95_S76	2053291	49363	2.40
strain_long_sample_86	strain	SP96_S77	2166888	123849	5.72
strain_long_sample_86	strain	SP97_S78	2008538	1034972	51.53
strain_long_sample_86	strain	SP99_S80	1980535	1349110	68.12
strain_long_sample_86	strain	SP9_S6	1996138	184589	9.25
strain_long_sample_86	strain	spades_AND4471_S1_L001	5368063	169835	3.16
strain_long_sample_86	strain	spades_AND8064_S11_L001	5497841	705509	12.83
strain_long_sample_86	strain	spades_AND8281_S12_L001	5497673	1851723	33.68
strain_long_sample_86	strain	spades_AND8302_S10_L001	5495418	200676	3.65
strain_long_sample_86	strain	spades_AND9183_S11_L001	5148435	73231	1.42
strain_long_sample_86	strain	spades_And10026_S11_L001	5077379	3058763	60.24
strain_long_sample_86	strain	spades_And10054_S9_L001	5248044	1020848	19.45
strain_long_sample_86	strain	spades_And10062_S12_L001	5068183	1094473	21.59
strain_long_sample_86	strain	spades_And10073_S10_L001	5246988	37566	0.72
strain_long_sample_86	strain	spades_And10925_S5_L001	5618570	2379130	42.34
strain_long_sample_86	strain	spades_And11624_S6_L001	4961806	2704347	54.50
strain_long_sample_86	strain	spades_And12875_S7_L001	5202195	584985	11.24
strain_long_sample_86	strain	spades_And4180_S6_L001	5338226	54731	1.03
strain_long_sample_86	strain	spades_And4191_S5_L001	5373351	910615	16.95
strain_long_sample_86	strain	spades_And4246_S5_L001	5640614	5070431	89.89
strain_long_sample_86	strain	spades_And4355_S8_L001	5363521	2662169	49.63
strain_long_sample_86	strain	spades_And4366_S2_L001	5364391	4271473	79.63
strain_long_sample_86	strain	spades_And4500_S1_L001	5585829	98350	1.76
strain_long_sample_86	strain	spades_And4543_S2_L001	5582611	5562070	99.63
strain_long_sample_86	strain	spades_And4613_S9_L001	5211989	44618	0.86
strain_long_sample_86	strain	spades_And4621_S3_L001	5216022	4814599	92.30
strain_long_sample_86	strain	spades_And4858_S9_L001	5288817	519948	9.83
strain_long_sample_86	strain	spades_And4892_S4_L001	5077878	3655571	71.99
strain_long_sample_86	strain	spades_And4902_S2_L001	5066396	3657062	72.18
strain_long_sample_86	strain	spades_And4955_S10_L001	5044213	103328	2.05
strain_long_sample_86	strain	spades_And5042_S4_L001	5284713	1430433	27.07
strain_long_sample_86	strain	spades_And5141_S4_L001	5286562	265970	5.03
strain_long_sample_86	strain	spades_And5192_S3_L001	5106414	592863	11.61
strain_long_sample_86	strain	spades_And5213_S1_L001	4911642	106300	2.16
strain_long_sample_86	strain	spades_And5232_S2_L001	4894280	2053007	41.95
strain_long_sample_86	strain	spades_And5237_S4_L001	5948456	4566990	76.78
strain_long_sample_86	strain	spades_And5284_S5_L001	5633195	2563427	45.51
strain_long_sample_86	strain	spades_And5315_S3_L001	5485511	730867	13.32
strain_long_sample_86	strain	spades_And5331_S1_L001	5061628	121299	2.40
strain_long_sample_86	strain	spades_And5388_S8_L001	5248482	1009559	19.24
strain_long_sample_86	strain	spades_And5444_S7_L001	5248207	2465330	46.97
strain_long_sample_86	strain	spades_And5527_S8_L001	5489379	5038143	91.78
strain_long_sample_86	strain	spades_And5533_S9_L001	5486696	4416451	80.49
strain_long_sample_86	strain	spades_And6098_S1_L001	5486974	1303743	23.76
strain_long_sample_86	strain	spades_And6100_S3_L001	5483251	369111	6.73
strain_long_sample_86	strain	spades_And6166_S1_L001	5491273	2495112	45.44
strain_long_sample_86	strain	spades_And6241_S2_L001	5482102	4153852	75.77
strain_long_sample_86	strain	spades_And6342_S10_L001	4808690	4731449	98.39
strain_long_sample_86	strain	spades_And6399_S9_L001	4808515	1446243	30.08
strain_long_sample_86	strain	spades_And6400_S11_L001	4808757	2529840	52.61
strain_long_sample_86	strain	spades_And6442_S8_L001	5472709	875354	15.99
strain_long_sample_86	strain	spades_And6884_S7_L001	5616342	54611	0.97
strain_long_sample_86	strain	spades_And7051_S7_L001	5163258	122386	2.37
strain_long_sample_86	strain	spades_And7187_S3_L001	4886278	2280784	46.68
strain_long_sample_86	strain	spades_And7225_S6_L001	4907918	4897194	99.78
strain_long_sample_86	strain	spades_And7556_S8_L001	5192378	118541	2.28
strain_long_sample_86	strain	spades_And8344_S10_L001	4970303	422131	8.49
strain_long_sample_86	strain	spades_And8381_S10_L001	5498306	26824	0.49
strain_long_sample_86	strain	spades_And8382_S4_L001	4966755	2917469	58.74
strain_long_sample_86	strain	spades_And8388_S5_L001	5330669	1216510	22.82
strain_long_sample_86	strain	spades_And8423_S6_L001	5530859	45686	0.83
strain_long_sample_86	strain	spades_And8454_S5_L001	5530317	9977	0.18
strain_long_sample_86	strain	spades_And8457_S3_L001	4927737	4815658	97.73
strain_long_sample_86	strain	spades_And8655_S10_L001	5601592	5204388	92.91
strain_long_sample_86	strain	spades_And8688_S9_L001	5605589	384283	6.86
strain_long_sample_86	strain	spades_And8861_S3_L001	5452253	218003	4.00
strain_long_sample_86	strain	spades_And8909_S4_L001	5467567	118119	2.16
strain_long_sample_86	strain	spades_And8926_S4_L001	4595731	172197	3.75
strain_long_sample_86	strain	spades_And9053_S12_L001	5579929	514902	9.23
strain_long_sample_86	strain	spades_And9076_S11_L001	5583272	279747	5.01
strain_long_sample_86	strain	spades_And9183_S10_L001	5150416	1440188	27.96
strain_long_sample_86	strain	spades_And9205_S9_L001	5065495	2545425	50.25
strain_long_sample_86	strain	spades_And9353_S7_L001	5391022	1890893	35.07
strain_long_sample_86	strain	spades_And9387_S6_L001	5536369	229044	4.14
strain_long_sample_86	strain	spades_And9426_S4_L001	5311551	866962	16.32
strain_long_sample_86	strain	spades_And9454_S3_L001	5576404	1717049	30.79
strain_long_sample_86	strain	spades_And9653_S7_L001	4729396	854338	18.06
strain_long_sample_86	strain	spades_And9693_S1_L001	5234639	2897894	55.36
strain_long_sample_86	strain	spades_And9722_S8_L001	5087231	511902	10.06
strain_long_sample_86	strain	spades_And9746_S7_L001	5208326	1598727	30.70
strain_long_sample_86	strain	spades_And9855_S12_L001	5376042	908841	16.91
strain_long_sample_86	strain	spades_ESBL10011_S11_L001	4909842	843332	17.18
strain_long_sample_86	strain	spades_ESBL10030_S2_L001	4855730	496697	10.23
strain_long_sample_86	strain	spades_ESBL10055_S8_L001	5090447	1480367	29.08
strain_long_sample_86	strain	spades_ESBL10056_S9_L001	5057878	123432	2.44
strain_long_sample_86	strain	spades_ESBL1009_S1_L001	4889917	763699	15.62
strain_long_sample_86	strain	spades_ESBL5402_S6_L001	4938055	329528	6.67
strain_long_sample_86	strain	spades_ESBL5481_S10_L001	4901360	162621	3.32
strain_long_sample_86	strain	spades_ESBL5497_S3_L001	5188881	3163528	60.97
strain_long_sample_86	strain	spades_ESBL5533_S4_L001	5179780	45612	0.88
strain_long_sample_86	strain	spades_ESBL5609_S2_L001	5088202	282257	5.55
strain_long_sample_86	strain	spades_ESBL5613_S5_L001	5273131	755848	14.33
strain_long_sample_86	strain	spades_ESBL5621_S1_L001	5257092	581951	11.07
strain_long_sample_86	strain	spades_ESBL5660_S7_L001	5257730	1489172	28.32
strain_long_sample_86	strain	spades_ESBL5717_S8_L001	5220419	3238936	62.04
strain_long_sample_86	strain	spades_ESBL5734_S3_L001	5598134	39736	0.71
strain_long_sample_86	strain	spades_ESBL5772_S6_L001	5325463	4478407	84.09
strain_long_sample_86	strain	spades_ESBL5780_S5_L001	5349338	10574	0.20
strain_long_sample_86	strain	spades_ESBL5784_S3_L001	5468994	1907362	34.88
strain_long_sample_86	strain	spades_ESBL5786_S5_L001	5289185	210276	3.98
strain_long_sample_86	strain	spades_ESBL5791_S4_L001	5419083	3136584	57.88
strain_long_sample_86	strain	spades_ESBL5792_S6_L001	5286705	1365195	25.82
strain_long_sample_86	strain	spades_ESBL5808_S8_L001	5142239	1477857	28.74
strain_long_sample_86	strain	spades_ESBL5817_S7_L001	4850179	69500	1.43
strain_long_sample_86	strain	spades_ESBL5827_S10_L001	5627681	3481258	61.86
strain_long_sample_86	strain	spades_ESBL5852_S11_L001	5631598	213691	3.79
strain_long_sample_86	strain	spades_ESBL5872_S5_L001	5649121	5123221	90.69
strain_long_sample_86	strain	spades_ESBL5909_S5_L001	4903928	2540807	51.81
strain_long_sample_86	strain	spades_ESBL5911_S4_L001	4902006	2773799	56.58
strain_long_sample_86	strain	spades_ESBL6101_S9_L001	4951660	640050	12.93
strain_long_sample_86	strain	spades_ESBL6164_S11_L001	5296034	5118676	96.65
strain_long_sample_86	strain	spades_ESBL6200_S12_L001	4853372	140988	2.90
strain_long_sample_86	strain	spades_ESBL6210_S10_L001	4795054	4793419	99.97
strain_long_sample_86	strain	spades_ESBL6270_S10_L001	5129972	3492056	68.07
strain_long_sample_86	strain	spades_ESBL6351_S5_L001	5140727	1865946	36.30
strain_long_sample_86	strain	spades_ESBL6364_S9_L001	5323526	882500	16.58
strain_long_sample_86	strain	spades_ESBL6409_S4_L001	5206730	8154	0.16
strain_long_sample_86	strain	spades_ESBL6418_S2_L001	4803161	20999	0.44
strain_long_sample_86	strain	spades_ESBL6455_S6_L001	4857585	510186	10.50
strain_long_sample_86	strain	spades_ESBL6515_S2_L001	5206284	886732	17.03
strain_long_sample_86	strain	spades_ESBL6620_S4_L001	5444869	475588	8.73
strain_long_sample_86	strain	spades_ESBL6628_S5_L001	5443769	1373421	25.23
strain_long_sample_86	strain	spades_ESBL6643_S3_L001	5120216	295110	5.76
strain_long_sample_86	strain	spades_ESBL6661_S8_L001	5049636	898161	17.79
strain_long_sample_86	strain	spades_ESBL6724_S11_L001	5278084	162342	3.08
strain_long_sample_86	strain	spades_ESBL6759Q_S12_L001	5518056	4701439	85.20
strain_long_sample_86	strain	spades_ESBL6760_S6_L001	5267859	1821362	34.57
strain_long_sample_86	strain	spades_ESBL6769_S11_L001	5522930	231942	4.20
strain_long_sample_86	strain	spades_ESBL6792_S10_L001	5212350	2683956	51.49
strain_long_sample_86	strain	spades_ESBL6983_S3_L001	5223413	2722254	52.12
strain_long_sample_86	strain	spades_ESBL6984_S1_L001	5169466	3559162	68.85
strain_long_sample_86	strain	spades_ESBL7021_S2_L001	5166821	511205	9.89
strain_long_sample_86	strain	spades_ESBL7234_S12_L001	5148279	449037	8.72
strain_long_sample_86	strain	spades_ESBL7347_S10_L001	5120214	5116613	99.93
strain_long_sample_86	strain	spades_ESBL7348_S6_L001	5205004	1446202	27.78
strain_long_sample_86	strain	spades_ESBL7359_S3_L001	6243594	97472	1.56
strain_long_sample_86	strain	spades_ESBL7382_S4_L001	4857278	1551172	31.94
strain_long_sample_86	strain	spades_ESBL7388_S7_L001	5206566	1304024	25.05
strain_long_sample_86	strain	spades_ESBL7410_S11_L001	5124963	4957684	96.74
strain_long_sample_86	strain	spades_ESBL7424_S8_L001	5210944	968465	18.59
strain_long_sample_86	strain	spades_ESBL7431_S12_L001	5304537	456309	8.60
strain_long_sample_86	strain	spades_ESBL7525_S1_L001	5217626	4140542	79.36
strain_long_sample_86	strain	spades_ESBL7531_S9_L001	5208486	1763223	33.85
strain_long_sample_86	strain	spades_ESBL7532_S2_L001	5351688	194091	3.63
strain_long_sample_86	strain	spades_ESBL7534_S10_L001	4881029	4875286	99.88
strain_long_sample_86	strain	spades_ESBL7553_S11_L001	5395788	634061	11.75
strain_long_sample_86	strain	spades_ESBL7586_S7_L001	4948638	31781	0.64
strain_long_sample_86	strain	spades_ESBL7634_S2_L001	5550584	136251	2.45
strain_long_sample_86	strain	spades_ESBL7810_S9_L001	5926039	5713449	96.41
strain_long_sample_86	strain	spades_ESBL7862_S8_L001	5904754	2238976	37.92
strain_long_sample_86	strain	spades_ESBL8075_S12_L001	5404977	5403529	99.97
strain_long_sample_86	strain	spades_ESBL8159_S1_L001	5325786	1312777	24.65
strain_long_sample_86	strain	spades_ESBL8341_S10_L001	4862937	980673	20.17
strain_long_sample_86	strain	spades_ESBL8411_S7_L001	6071184	322466	5.31
strain_long_sample_86	strain	spades_ESBL8514_S7_L001	4905882	707856	14.43
strain_long_sample_86	strain	spades_ESBL8604_S8_L001	5107945	969009	18.97
strain_long_sample_86	strain	spades_ESBL8855_S12_L001	5625519	13021	0.23
strain_long_sample_86	strain	spades_ESBL8873_S6_L001	5567706	1626839	29.22
strain_long_sample_86	strain	spades_ESBL8909_S7_L001	5264884	2525538	47.97
strain_long_sample_86	strain	spades_ESBL8953_S1_L001	5559832	34662	0.62
strain_long_sample_86	strain	spades_ESBL8956_S2_L001	5556246	586356	10.55
strain_long_sample_86	strain	spades_ESBL8960_S8_L001	5673185	56334	0.99
strain_long_sample_86	strain	spades_ESBL9044_S9_L001	5039987	77337	1.53
strain_long_sample_86	strain	spades_ESBL9046_S6_L001	5646310	3942024	69.82
strain_long_sample_86	strain	spades_ESBL9166_S11_L001	4708419	2149639	45.66
strain_long_sample_86	strain	spades_ESBL9224_S2_L001	5703641	5694577	99.84
strain_long_sample_86	strain	spades_ESBL9250_S3_L001	5557990	3359571	60.45
strain_long_sample_86	strain	spades_ESBL9251_S1_L001	5704673	737425	12.93
strain_long_sample_86	strain	spades_ESBL9318_S2_L001	4772473	2755024	57.73
strain_long_sample_86	strain	spades_ESBL9336_S1_L001	5170229	55504	1.07
strain_long_sample_86	strain	spades_ESBL9440_S6_L001	5102994	1050291	20.58
strain_long_sample_86	strain	spades_ESBL9654_S5_L001	5153457	304430	5.91
strain_long_sample_86	strain	spades_ESBL9656_S7_L001	5100274	273357	5.36
strain_long_sample_86	strain	spades_ESBL9861_S4_L001	5188009	21330	0.41
strain_long_sample_86	strain	spades_ESBL9875_S5_L001	5191975	52103	1.00
strain_long_sample_86	strain	spades_ESBL9915_S6_L001	5090453	22815	0.45
strain_long_sample_86	strain	spades_MRSA7113_S2_L001	2825247	1042345	36.89
strain_long_sample_86	strain	spades_MRSA7119_S2_L001	2748878	100477	3.66
strain_long_sample_86	strain	spades_MRSA7124_S4_L001	2778919	2105014	75.75
strain_long_sample_86	strain	spades_MRSA7129_S1_L001	2824465	2388791	84.57
strain_long_sample_86	strain	spades_MRSA7129_S8_L001	2785154	267116	9.59
strain_long_sample_86	strain	spades_MRSA7133_S3_L001	2821986	81133	2.88
strain_long_sample_86	strain	spades_MRSA7172_S1_L001	2747769	1323792	48.18
strain_long_sample_86	strain	spades_MRSA7231_S7_L001	2781316	1577588	56.72
strain_long_sample_86	strain	spades_MRSA7286_S4_L001	2817370	2336293	82.92
strain_long_sample_86	strain	spades_MRSA7295_S3_L001	2832162	1874206	66.18
strain_long_sample_86	strain	spades_MRSA7796_S10_L001	2763305	246590	8.92
strain_long_sample_86	strain	spades_MRSA7830_S9_L001	2786125	1133143	40.67
strain_long_sample_86	strain	spades_MRSA8007_S12_L001	2738989	52652	1.92
strain_long_sample_86	strain	spades_MRSA8013_S11_L001	2739001	1462493	53.40
strain_long_sample_86	strain	spades_MRSA8186_S9_L001	2844448	2785805	97.94
strain_long_sample_86	strain	spades_MRSA8187_S8_L001	2838974	295786	10.42
strain_long_sample_86	strain	spades_MRSA8339_S5_L001	2777668	146561	5.28
strain_long_sample_86	strain	spades_MRSA8595_S7_L001	2833533	165766	5.85
strain_long_sample_86	strain	spades_MRSA8602_S6_L001	2816259	8401	0.30
strain_long_sample_86	strain	spades_MRSA8758_S5_L001	2816182	29669	1.05
strain_long_sample_86	strain	spades_MRSA9344_S6_L001	2785341	237117	8.51
strain_long_sample_86	strain	spades_VRE2224_S14_L001	3012379	2216665	73.59
strain_long_sample_86	strain	spades_VRE2237_S15_L001	3010799	274399	9.11
strain_long_sample_86	strain	spades_VRE2392_S22_L001	3000431	2749186	91.63
strain_long_sample_86	strain	spades_VRE2770_S9_L001	3245517	2178086	67.11
strain_long_sample_86	strain	spades_VRE2857_S10_L001	3094615	563326	18.20
strain_long_sample_86	strain	spades_VRE2906_S11_L001	3429347	178810	5.21
strain_long_sample_86	strain	spades_VRE2913_S13_L001	2985072	2913092	97.59
strain_long_sample_86	strain	spades_VRE2941_S2_L001	3166882	306668	9.68
strain_long_sample_86	strain	spades_VRE2943_S1_L001	3128023	63882	2.04
strain_long_sample_86	strain	spades_VRE2961_S3_L001	2855192	118653	4.16
strain_long_sample_86	strain	spades_VRE3021_S4_L001	2952853	60569	2.05
strain_long_sample_86	strain	spades_VRE3043_S21_L001	3001125	1038052	34.59
strain_long_sample_86	strain	spades_VRE3056_S20_L001	3010057	733313	24.36
strain_long_sample_86	strain	spades_VRE3253_S17_L001	2959154	72438	2.45
strain_long_sample_86	strain	spades_VRE3277_S16_L001	3060574	348432	11.38
strain_long_sample_86	strain	spades_VRE3342_S6_L001	3063001	64105	2.09
strain_long_sample_86	strain	spades_VRE3387_S5_L001	3006421	1223706	40.70
strain_long_sample_86	strain	spades_VRE3766_S8_L001	3083042	1496412	48.54
strain_long_sample_86	strain	spades_VRE3783_S7_L001	3086681	1308934	42.41
strain_long_sample_86	strain	spades_VRE3786_S19_L001	3118152	1681405	53.92
strain_long_sample_86	strain	spades_VRE3967_S23_L001	3008458	1349208	44.85
strain_long_sample_9	strain	MIKI-NS02	2999969	1237727	41.26
strain_long_sample_9	strain	MIKI-NS03	4488719	144438	3.22
strain_long_sample_9	strain	MIKI-NS06	1964761	11219	0.57
strain_long_sample_9	strain	MIKI-NS08	2548584	14120	0.55
strain_long_sample_9	strain	MIKI-NS09	2039692	2039264	99.98
strain_long_sample_9	strain	MIKI-NS10	2092650	205053	9.80
strain_long_sample_9	strain	MIKI-NS11	2039212	1406901	68.99
strain_long_sample_9	strain	MIKI-NS12	2252307	400552	17.78
strain_long_sample_9	strain	MIKI-NS13	7206778	304400	4.22
strain_long_sample_9	strain	MIKI-NS14	5248953	2955146	56.30
strain_long_sample_9	strain	MIKI-NS15	6804612	847166	12.45
strain_long_sample_9	strain	MIKI-NS20	5363855	243712	4.54
strain_long_sample_9	strain	MIKI-NS23	5370360	1946804	36.25
strain_long_sample_9	strain	MIKI-NS24	5364208	2936927	54.75
strain_long_sample_9	strain	MIKI-NS25	5371711	3701912	68.91
strain_long_sample_9	strain	SP100_S81	2092705	571471	27.31
strain_long_sample_9	strain	SP101_S82	2132333	92939	4.36
strain_long_sample_9	strain	SP102_S82	2014786	684485	33.97
strain_long_sample_9	strain	SP103_S83	2047626	429629	20.98
strain_long_sample_9	strain	SP105_S84	2024006	1261563	62.33
strain_long_sample_9	strain	SP106_S85	2015226	104241	5.17
strain_long_sample_9	strain	SP108_S87	1937122	177461	9.16
strain_long_sample_9	strain	SP109_S83	2012505	947989	47.10
strain_long_sample_9	strain	SP10_S7	2082760	56021	2.69
strain_long_sample_9	strain	SP110_S88	2140902	1997542	93.30
strain_long_sample_9	strain	SP111_S89	2099202	1582823	75.40
strain_long_sample_9	strain	SP112_S90	2079727	35751	1.72
strain_long_sample_9	strain	SP113_S91	2058653	252192	12.25
strain_long_sample_9	strain	SP114_S92	1987692	9820	0.49
strain_long_sample_9	strain	SP115_S93	2041665	903667	44.26
strain_long_sample_9	strain	SP116_S94	2013236	1068830	53.09
strain_long_sample_9	strain	SP117_S95	2236418	47773	2.14
strain_long_sample_9	strain	SP118_S96	1983599	101800	5.13
strain_long_sample_9	strain	SP119_S1	2137079	2127699	99.56
strain_long_sample_9	strain	SP11_S8	2065838	519413	25.14
strain_long_sample_9	strain	SP120_S2	2076062	2018014	97.20
strain_long_sample_9	strain	SP121_S3	2078750	443266	21.32
strain_long_sample_9	strain	SP122_S4	2049787	2047791	99.90
strain_long_sample_9	strain	SP124_S6	2070014	321398	15.53
strain_long_sample_9	strain	SP125_S84	2015328	219898	10.91
strain_long_sample_9	strain	SP126_S7	2003842	1399365	69.83
strain_long_sample_9	strain	SP127_S8	2054557	38072	1.85
strain_long_sample_9	strain	SP128_S9	2012996	40948	2.03
strain_long_sample_9	strain	SP129_S10	2028767	265392	13.08
strain_long_sample_9	strain	SP12_S9	1985084	11705	0.59
strain_long_sample_9	strain	SP130_S11	2077144	2075777	99.93
strain_long_sample_9	strain	SP131_S12	2155215	13542	0.63
strain_long_sample_9	strain	SP132_S13	2000885	244567	12.22
strain_long_sample_9	strain	SP133_S14	1991005	1855361	93.19
strain_long_sample_9	strain	SP134_S15	2061331	353603	17.15
strain_long_sample_9	strain	SP135_S16	2058733	1555871	75.57
strain_long_sample_9	strain	SP136_S17	2038096	273883	13.44
strain_long_sample_9	strain	SP137_S18	2035362	49090	2.41
strain_long_sample_9	strain	SP138_S19	2139728	108909	5.09
strain_long_sample_9	strain	SP139_S20	2017343	402231	19.94
strain_long_sample_9	strain	SP13_S10	2040289	46476	2.28
strain_long_sample_9	strain	SP140_S21	2128346	88351	4.15
strain_long_sample_9	strain	SP141_S22	1979460	34982	1.77
strain_long_sample_9	strain	SP142_S23	2060851	156964	7.62
strain_long_sample_9	strain	SP143_S24	2012493	418416	20.79
strain_long_sample_9	strain	SP144_S25	2073909	687975	33.17
strain_long_sample_9	strain	SP145_S26	2040147	66748	3.27
strain_long_sample_9	strain	SP146_S27	1976220	113946	5.77
strain_long_sample_9	strain	SP147_S28	2131103	118397	5.56
strain_long_sample_9	strain	SP148_S29	2086142	394169	18.89
strain_long_sample_9	strain	SP149_S30	2113372	2112321	99.95
strain_long_sample_9	strain	SP14_S11	2059376	143083	6.95
strain_long_sample_9	strain	SP150_S31	1987853	58310	2.93
strain_long_sample_9	strain	SP151_S32	1974069	34598	1.75
strain_long_sample_9	strain	SP152_S33	2010753	304100	15.12
strain_long_sample_9	strain	SP153_S34	2042628	123236	6.03
strain_long_sample_9	strain	SP154_S35	2162035	707576	32.73
strain_long_sample_9	strain	SP155_S36	2075312	19252	0.93
strain_long_sample_9	strain	SP156_S37	2079530	2011273	96.72
strain_long_sample_9	strain	SP157_S38	2048216	987149	48.20
strain_long_sample_9	strain	SP158_S39	1975569	122040	6.18
strain_long_sample_9	strain	SP159_S40	2086141	46650	2.24
strain_long_sample_9	strain	SP15_S89	2011560	395273	19.65
strain_long_sample_9	strain	SP160_S41	2045367	1367852	66.88
strain_long_sample_9	strain	SP161_S42	2050632	496679	24.22
strain_long_sample_9	strain	SP162_S43	1982417	384798	19.41
strain_long_sample_9	strain	SP163_S44	1948475	1469436	75.41
strain_long_sample_9	strain	SP164_S45	1984518	117321	5.91
strain_long_sample_9	strain	SP165_S46	1973565	28804	1.46
strain_long_sample_9	strain	SP166_S47	2090273	1321296	63.21
strain_long_sample_9	strain	SP167_S48	2065677	267383	12.94
strain_long_sample_9	strain	SP168_S49	1749640	1316763	75.26
strain_long_sample_9	strain	SP169_S50	1902740	50915	2.68
strain_long_sample_9	strain	SP16_S12	2043829	1448054	70.85
strain_long_sample_9	strain	SP170_S51	2021551	1080274	53.44
strain_long_sample_9	strain	SP171_S52	1993908	1842566	92.41
strain_long_sample_9	strain	SP172_S53	1957437	1169419	59.74
strain_long_sample_9	strain	SP173_S54	1973592	1643792	83.29
strain_long_sample_9	strain	SP174_S55	2117559	459494	21.70
strain_long_sample_9	strain	SP176_S56	2044611	536397	26.23
strain_long_sample_9	strain	SP177_S57	1977200	27033	1.37
strain_long_sample_9	strain	SP178_S58	1925491	1368834	71.09
strain_long_sample_9	strain	SP179_S59	2098228	213749	10.19
strain_long_sample_9	strain	SP17_S90	2082160	2081020	99.95
strain_long_sample_9	strain	SP180_S96	2031083	1376461	67.77
strain_long_sample_9	strain	SP181_S61	2135333	1369593	64.14
strain_long_sample_9	strain	SP182_S62	2047295	1815014	88.65
strain_long_sample_9	strain	SP184_S64	1635099	754839	46.16
strain_long_sample_9	strain	SP185_S65	1845437	1566744	84.90
strain_long_sample_9	strain	SP187_S66	1958898	36389	1.86
strain_long_sample_9	strain	SP188_S67	2040293	699	0.03
strain_long_sample_9	strain	SP189_S68	2062647	2011806	97.54
strain_long_sample_9	strain	SP18_S91	2072566	354341	17.10
strain_long_sample_9	strain	SP190_S69	1976008	224	0.01
strain_long_sample_9	strain	SP191_S70	2000529	1794146	89.68
strain_long_sample_9	strain	SP192_S71	1924197	74716	3.88
strain_long_sample_9	strain	SP194_S73	2053846	250669	12.20
strain_long_sample_9	strain	SP195_S74	1985003	799397	40.27
strain_long_sample_9	strain	SP196_S75	1970420	401704	20.39
strain_long_sample_9	strain	SP198_S01	2057645	1135076	55.16
strain_long_sample_9	strain	SP1_S85	2164447	2072386	95.75
strain_long_sample_9	strain	SP20_S77	2202269	1061142	48.18
strain_long_sample_9	strain	SP21_S92	1689727	1689349	99.98
strain_long_sample_9	strain	SP22_S78	2120430	282216	13.31
strain_long_sample_9	strain	SP23_S93	2030322	2209	0.11
strain_long_sample_9	strain	SP24_S13	2093455	378346	18.07
strain_long_sample_9	strain	SP25_S14	2028415	285381	14.07
strain_long_sample_9	strain	SP27_S15	1980747	115915	5.85
strain_long_sample_9	strain	SP2_S86	2105629	30014	1.43
strain_long_sample_9	strain	SP30_S17	2078679	30543	1.47
strain_long_sample_9	strain	SP31_S18	2096146	327469	15.62
strain_long_sample_9	strain	SP32_S19	2103320	69468	3.30
strain_long_sample_9	strain	SP33_S20	2079363	243807	11.73
strain_long_sample_9	strain	SP34_S21	2072742	444163	21.43
strain_long_sample_9	strain	SP35_S22	1990563	1114778	56.00
strain_long_sample_9	strain	SP36_S23	2086015	14201	0.68
strain_long_sample_9	strain	SP38_S25	2056653	2026708	98.54
strain_long_sample_9	strain	SP39_S26	2010726	1834021	91.21
strain_long_sample_9	strain	SP3_S87	2041279	314548	15.41
strain_long_sample_9	strain	SP40_S27	2129381	1641845	77.10
strain_long_sample_9	strain	SP41_S28	2044969	1799920	88.02
strain_long_sample_9	strain	SP42_S29	2065552	114353	5.54
strain_long_sample_9	strain	SP43_S30	1998079	35908	1.80
strain_long_sample_9	strain	SP44_S31	2047099	20834	1.02
strain_long_sample_9	strain	SP45_S32	2070043	316865	15.31
strain_long_sample_9	strain	SP46_S33	2068370	19460	0.94
strain_long_sample_9	strain	SP47_S34	2027743	35068	1.73
strain_long_sample_9	strain	SP48_S35	2032240	38510	1.89
strain_long_sample_9	strain	SP49_S36	2058421	115718	5.62
strain_long_sample_9	strain	SP4_S3	2195551	1464626	66.71
strain_long_sample_9	strain	SP50_S37	1958348	1924426	98.27
strain_long_sample_9	strain	SP52_S38	2038081	42586	2.09
strain_long_sample_9	strain	SP53_S39	2156089	1482811	68.77
strain_long_sample_9	strain	SP54_S40	2028957	663361	32.69
strain_long_sample_9	strain	SP55_S41	1980370	70752	3.57
strain_long_sample_9	strain	SP56_S42	2048034	1300596	63.50
strain_long_sample_9	strain	SP57_S43	1969838	166387	8.45
strain_long_sample_9	strain	SP58_S44	1973824	997013	50.51
strain_long_sample_9	strain	SP59_S47	2090807	1648250	78.83
strain_long_sample_9	strain	SP60_S48	1971764	156123	7.92
strain_long_sample_9	strain	SP61_S45	1995963	687565	34.45
strain_long_sample_9	strain	SP62_S46	2086023	257964	12.37
strain_long_sample_9	strain	SP63_S49	2084429	387911	18.61
strain_long_sample_9	strain	SP64_S79	2013820	34020	1.69
strain_long_sample_9	strain	SP65_S80	1985668	80627	4.06
strain_long_sample_9	strain	SP67_S50	2070264	96767	4.67
strain_long_sample_9	strain	SP68_S51	2287165	1766115	77.22
strain_long_sample_9	strain	SP69_S52	2218514	357297	16.11
strain_long_sample_9	strain	SP6_S88	2087122	49709	2.38
strain_long_sample_9	strain	SP70_S53	2055688	845640	41.14
strain_long_sample_9	strain	SP71_S54	2049554	515848	25.17
strain_long_sample_9	strain	SP72_S55	2008808	1774730	88.35
strain_long_sample_9	strain	SP73_S56	2050203	169267	8.26
strain_long_sample_9	strain	SP74_S57	1980502	741078	37.42
strain_long_sample_9	strain	SP75_S58	2079412	255314	12.28
strain_long_sample_9	strain	SP76_S59	2094080	90728	4.33
strain_long_sample_9	strain	SP77_S60	2013262	339856	16.88
strain_long_sample_9	strain	SP78_S61	2014664	418695	20.78
strain_long_sample_9	strain	SP79_S62	2013315	1876140	93.19
strain_long_sample_9	strain	SP7_S4	2105126	259106	12.31
strain_long_sample_9	strain	SP80_S63	2050940	593626	28.94
strain_long_sample_9	strain	SP81_S64	1964360	55384	2.82
strain_long_sample_9	strain	SP82_S65	2093277	439437	20.99
strain_long_sample_9	strain	SP83_S66	1980931	678480	34.25
strain_long_sample_9	strain	SP84_S67	2069912	1070006	51.69
strain_long_sample_9	strain	SP85_S68	2065876	125650	6.08
strain_long_sample_9	strain	SP86_S69	2049356	792547	38.67
strain_long_sample_9	strain	SP87_S70	2006213	349527	17.42
strain_long_sample_9	strain	SP88_S94	2082503	502538	24.13
strain_long_sample_9	strain	SP8_S5	2092144	209833	10.03
strain_long_sample_9	strain	SP91_S72	2026991	2000671	98.70
strain_long_sample_9	strain	SP92_S73	2071399	1227200	59.24
strain_long_sample_9	strain	SP93_S74	2078442	493879	23.76
strain_long_sample_9	strain	SP94_S75	2078602	146683	7.06
strain_long_sample_9	strain	SP95_S76	2053291	831673	40.50
strain_long_sample_9	strain	SP96_S77	2166888	13720	0.63
strain_long_sample_9	strain	SP97_S78	2008538	1669450	83.12
strain_long_sample_9	strain	SP99_S80	1980535	1597318	80.65
strain_long_sample_9	strain	SP9_S6	1996138	1298875	65.07
strain_long_sample_9	strain	spades_AND4471_S1_L001	5368063	4833703	90.05
strain_long_sample_9	strain	spades_AND8064_S11_L001	5497841	3132345	56.97
strain_long_sample_9	strain	spades_AND8281_S12_L001	5497673	403386	7.34
strain_long_sample_9	strain	spades_AND8302_S10_L001	5495418	114905	2.09
strain_long_sample_9	strain	spades_AND9183_S11_L001	5148435	125424	2.44
strain_long_sample_9	strain	spades_And10026_S11_L001	5077379	4523869	89.10
strain_long_sample_9	strain	spades_And10054_S9_L001	5248044	115215	2.20
strain_long_sample_9	strain	spades_And10062_S12_L001	5068183	300798	5.94
strain_long_sample_9	strain	spades_And10073_S10_L001	5246988	613371	11.69
strain_long_sample_9	strain	spades_And10925_S5_L001	5618570	1291884	22.99
strain_long_sample_9	strain	spades_And11624_S6_L001	4961806	3395783	68.44
strain_long_sample_9	strain	spades_And12875_S7_L001	5202195	2697697	51.86
strain_long_sample_9	strain	spades_And4180_S6_L001	5338226	987118	18.49
strain_long_sample_9	strain	spades_And4191_S5_L001	5373351	75829	1.41
strain_long_sample_9	strain	spades_And4246_S5_L001	5640614	906788	16.08
strain_long_sample_9	strain	spades_And4355_S8_L001	5363521	1681485	31.35
strain_long_sample_9	strain	spades_And4366_S2_L001	5364391	540751	10.08
strain_long_sample_9	strain	spades_And4500_S1_L001	5585829	4307272	77.11
strain_long_sample_9	strain	spades_And4543_S2_L001	5582611	1286808	23.05
strain_long_sample_9	strain	spades_And4613_S9_L001	5211989	1493133	28.65
strain_long_sample_9	strain	spades_And4621_S3_L001	5216022	5088665	97.56
strain_long_sample_9	strain	spades_And4858_S9_L001	5288817	648714	12.27
strain_long_sample_9	strain	spades_And4892_S4_L001	5077878	43622	0.86
strain_long_sample_9	strain	spades_And4902_S2_L001	5066396	3041598	60.03
strain_long_sample_9	strain	spades_And4955_S10_L001	5044213	42426	0.84
strain_long_sample_9	strain	spades_And5042_S4_L001	5284713	63630	1.20
strain_long_sample_9	strain	spades_And5141_S4_L001	5286562	2667728	50.46
strain_long_sample_9	strain	spades_And5192_S3_L001	5106414	5016360	98.24
strain_long_sample_9	strain	spades_And5213_S1_L001	4911642	4176653	85.04
strain_long_sample_9	strain	spades_And5232_S2_L001	4894280	641060	13.10
strain_long_sample_9	strain	spades_And5237_S4_L001	5948456	41384	0.70
strain_long_sample_9	strain	spades_And5284_S5_L001	5633195	207629	3.69
strain_long_sample_9	strain	spades_And5315_S3_L001	5485511	4980612	90.80
strain_long_sample_9	strain	spades_And5331_S1_L001	5061628	2420132	47.81
strain_long_sample_9	strain	spades_And5388_S8_L001	5248482	1097509	20.91
strain_long_sample_9	strain	spades_And5444_S7_L001	5248207	71546	1.36
strain_long_sample_9	strain	spades_And5527_S8_L001	5489379	5354545	97.54
strain_long_sample_9	strain	spades_And5533_S9_L001	5486696	88285	1.61
strain_long_sample_9	strain	spades_And6098_S1_L001	5486974	5486173	99.99
strain_long_sample_9	strain	spades_And6100_S3_L001	5483251	699970	12.77
strain_long_sample_9	strain	spades_And6166_S1_L001	5491273	375094	6.83
strain_long_sample_9	strain	spades_And6241_S2_L001	5482102	1159628	21.15
strain_long_sample_9	strain	spades_And6342_S10_L001	4808690	402129	8.36
strain_long_sample_9	strain	spades_And6399_S9_L001	4808515	720354	14.98
strain_long_sample_9	strain	spades_And6400_S11_L001	4808757	416677	8.66
strain_long_sample_9	strain	spades_And6442_S8_L001	5472709	726192	13.27
strain_long_sample_9	strain	spades_And6884_S7_L001	5616342	276281	4.92
strain_long_sample_9	strain	spades_And7051_S7_L001	5163258	231122	4.48
strain_long_sample_9	strain	spades_And7187_S3_L001	4886278	74643	1.53
strain_long_sample_9	strain	spades_And7225_S6_L001	4907918	3407287	69.42
strain_long_sample_9	strain	spades_And7556_S8_L001	5192378	620207	11.94
strain_long_sample_9	strain	spades_And8344_S10_L001	4970303	156275	3.14
strain_long_sample_9	strain	spades_And8381_S10_L001	5498306	9056	0.16
strain_long_sample_9	strain	spades_And8382_S4_L001	4966755	4482294	90.25
strain_long_sample_9	strain	spades_And8388_S5_L001	5330669	1405680	26.37
strain_long_sample_9	strain	spades_And8423_S6_L001	5530859	146437	2.65
strain_long_sample_9	strain	spades_And8454_S5_L001	5530317	209619	3.79
strain_long_sample_9	strain	spades_And8457_S3_L001	4927737	2173131	44.10
strain_long_sample_9	strain	spades_And8655_S10_L001	5601592	545878	9.75
strain_long_sample_9	strain	spades_And8688_S9_L001	5605589	141373	2.52
strain_long_sample_9	strain	spades_And8861_S3_L001	5452253	45864	0.84
strain_long_sample_9	strain	spades_And8909_S4_L001	5467567	208169	3.81
strain_long_sample_9	strain	spades_And8926_S4_L001	4595731	390788	8.50
strain_long_sample_9	strain	spades_And9053_S12_L001	5579929	111469	2.00
strain_long_sample_9	strain	spades_And9076_S11_L001	5583272	2200132	39.41
strain_long_sample_9	strain	spades_And9183_S10_L001	5150416	4973858	96.57
strain_long_sample_9	strain	spades_And9205_S9_L001	5065495	758516	14.97
strain_long_sample_9	strain	spades_And9353_S7_L001	5391022	125174	2.32
strain_long_sample_9	strain	spades_And9387_S6_L001	5536369	3054603	55.17
strain_long_sample_9	strain	spades_And9426_S4_L001	5311551	1679727	31.62
strain_long_sample_9	strain	spades_And9454_S3_L001	5576404	894866	16.05
strain_long_sample_9	strain	spades_And9653_S7_L001	4729396	4726995	99.95
strain_long_sample_9	strain	spades_And9693_S1_L001	5234639	2189478	41.83
strain_long_sample_9	strain	spades_And9722_S8_L001	5087231	4408729	86.66
strain_long_sample_9	strain	spades_And9746_S7_L001	5208326	35532	0.68
strain_long_sample_9	strain	spades_And9855_S12_L001	5376042	4114070	76.53
strain_long_sample_9	strain	spades_ESBL10011_S11_L001	4909842	745454	15.18
strain_long_sample_9	strain	spades_ESBL10030_S2_L001	4855730	3300225	67.97
strain_long_sample_9	strain	spades_ESBL10055_S8_L001	5090447	5089227	99.98
strain_long_sample_9	strain	spades_ESBL10056_S9_L001	5057878	2395774	47.37
strain_long_sample_9	strain	spades_ESBL1009_S1_L001	4889917	3808321	77.88
strain_long_sample_9	strain	spades_ESBL5402_S6_L001	4938055	2153066	43.60
strain_long_sample_9	strain	spades_ESBL5481_S10_L001	4901360	29501	0.60
strain_long_sample_9	strain	spades_ESBL5497_S3_L001	5188881	2020068	38.93
strain_long_sample_9	strain	spades_ESBL5533_S4_L001	5179780	42153	0.81
strain_long_sample_9	strain	spades_ESBL5609_S2_L001	5088202	1344056	26.42
strain_long_sample_9	strain	spades_ESBL5613_S5_L001	5273131	42043	0.80
strain_long_sample_9	strain	spades_ESBL5621_S1_L001	5257092	1386884	26.38
strain_long_sample_9	strain	spades_ESBL5660_S7_L001	5257730	358517	6.82
strain_long_sample_9	strain	spades_ESBL5717_S8_L001	5220419	30681	0.59
strain_long_sample_9	strain	spades_ESBL5734_S3_L001	5598134	801620	14.32
strain_long_sample_9	strain	spades_ESBL5772_S6_L001	5325463	5321284	99.92
strain_long_sample_9	strain	spades_ESBL5780_S5_L001	5349338	4997804	93.43
strain_long_sample_9	strain	spades_ESBL5784_S3_L001	5468994	5466581	99.96
strain_long_sample_9	strain	spades_ESBL5786_S5_L001	5289185	95121	1.80
strain_long_sample_9	strain	spades_ESBL5791_S4_L001	5419083	270065	4.98
strain_long_sample_9	strain	spades_ESBL5792_S6_L001	5286705	4471971	84.59
strain_long_sample_9	strain	spades_ESBL5808_S8_L001	5142239	64011	1.24
strain_long_sample_9	strain	spades_ESBL5817_S7_L001	4850179	4751373	97.96
strain_long_sample_9	strain	spades_ESBL5827_S10_L001	5627681	3149630	55.97
strain_long_sample_9	strain	spades_ESBL5852_S11_L001	5631598	11826	0.21
strain_long_sample_9	strain	spades_ESBL5872_S5_L001	5649121	361765	6.40
strain_long_sample_9	strain	spades_ESBL5909_S5_L001	4903928	2558697	52.18
strain_long_sample_9	strain	spades_ESBL5911_S4_L001	4902006	642731	13.11
strain_long_sample_9	strain	spades_ESBL6101_S9_L001	4951660	44935	0.91
strain_long_sample_9	strain	spades_ESBL6164_S11_L001	5296034	5270051	99.51
strain_long_sample_9	strain	spades_ESBL6200_S12_L001	4853372	4756099	98.00
strain_long_sample_9	strain	spades_ESBL6210_S10_L001	4795054	14282	0.30
strain_long_sample_9	strain	spades_ESBL6270_S10_L001	5129972	5125123	99.91
strain_long_sample_9	strain	spades_ESBL6351_S5_L001	5140727	537627	10.46
strain_long_sample_9	strain	spades_ESBL6364_S9_L001	5323526	639898	12.02
strain_long_sample_9	strain	spades_ESBL6409_S4_L001	5206730	1161657	22.31
strain_long_sample_9	strain	spades_ESBL6418_S2_L001	4803161	36006	0.75
strain_long_sample_9	strain	spades_ESBL6455_S6_L001	4857585	46632	0.96
strain_long_sample_9	strain	spades_ESBL6515_S2_L001	5206284	5171383	99.33
strain_long_sample_9	strain	spades_ESBL6620_S4_L001	5444869	351251	6.45
strain_long_sample_9	strain	spades_ESBL6628_S5_L001	5443769	349310	6.42
strain_long_sample_9	strain	spades_ESBL6643_S3_L001	5120216	1214012	23.71
strain_long_sample_9	strain	spades_ESBL6661_S8_L001	5049636	4374776	86.64
strain_long_sample_9	strain	spades_ESBL6724_S11_L001	5278084	745138	14.12
strain_long_sample_9	strain	spades_ESBL6759Q_S12_L001	5518056	1146963	20.79
strain_long_sample_9	strain	spades_ESBL6760_S6_L001	5267859	1442143	27.38
strain_long_sample_9	strain	spades_ESBL6769_S11_L001	5522930	53628	0.97
strain_long_sample_9	strain	spades_ESBL6792_S10_L001	5212350	461153	8.85
strain_long_sample_9	strain	spades_ESBL6983_S3_L001	5223413	109902	2.10
strain_long_sample_9	strain	spades_ESBL6984_S1_L001	5169466	2847688	55.09
strain_long_sample_9	strain	spades_ESBL7021_S2_L001	5166821	3137239	60.72
strain_long_sample_9	strain	spades_ESBL7234_S12_L001	5148279	638931	12.41
strain_long_sample_9	strain	spades_ESBL7347_S10_L001	5120214	515510	10.07
strain_long_sample_9	strain	spades_ESBL7348_S6_L001	5205004	3762855	72.29
strain_long_sample_9	strain	spades_ESBL7359_S3_L001	6243594	5929064	94.96
strain_long_sample_9	strain	spades_ESBL7382_S4_L001	4857278	110402	2.27
strain_long_sample_9	strain	spades_ESBL7388_S7_L001	5206566	351861	6.76
strain_long_sample_9	strain	spades_ESBL7410_S11_L001	5124963	6468	0.13
strain_long_sample_9	strain	spades_ESBL7424_S8_L001	5210944	53275	1.02
strain_long_sample_9	strain	spades_ESBL7431_S12_L001	5304537	4847890	91.39
strain_long_sample_9	strain	spades_ESBL7525_S1_L001	5217626	360479	6.91
strain_long_sample_9	strain	spades_ESBL7531_S9_L001	5208486	4079425	78.32
strain_long_sample_9	strain	spades_ESBL7532_S2_L001	5351688	74747	1.40
strain_long_sample_9	strain	spades_ESBL7534_S10_L001	4881029	4872054	99.82
strain_long_sample_9	strain	spades_ESBL7553_S11_L001	5395788	4329615	80.24
strain_long_sample_9	strain	spades_ESBL7586_S7_L001	4948638	337228	6.81
strain_long_sample_9	strain	spades_ESBL7634_S2_L001	5550584	1988718	35.83
strain_long_sample_9	strain	spades_ESBL7810_S9_L001	5926039	606529	10.23
strain_long_sample_9	strain	spades_ESBL7862_S8_L001	5904754	5464658	92.55
strain_long_sample_9	strain	spades_ESBL8075_S12_L001	5404977	423826	7.84
strain_long_sample_9	strain	spades_ESBL8159_S1_L001	5325786	2095736	39.35
strain_long_sample_9	strain	spades_ESBL8341_S10_L001	4862937	463720	9.54
strain_long_sample_9	strain	spades_ESBL8411_S7_L001	6071184	132677	2.19
strain_long_sample_9	strain	spades_ESBL8514_S7_L001	4905882	2003636	40.84
strain_long_sample_9	strain	spades_ESBL8604_S8_L001	5107945	2054197	40.22
strain_long_sample_9	strain	spades_ESBL8855_S12_L001	5625519	912838	16.23
strain_long_sample_9	strain	spades_ESBL8873_S6_L001	5567706	219320	3.94
strain_long_sample_9	strain	spades_ESBL8909_S7_L001	5264884	1864963	35.42
strain_long_sample_9	strain	spades_ESBL8953_S1_L001	5559832	716080	12.88
strain_long_sample_9	strain	spades_ESBL8956_S2_L001	5556246	857385	15.43
strain_long_sample_9	strain	spades_ESBL8960_S8_L001	5673185	210053	3.70
strain_long_sample_9	strain	spades_ESBL9044_S9_L001	5039987	282373	5.60
strain_long_sample_9	strain	spades_ESBL9046_S6_L001	5646310	52776	0.93
strain_long_sample_9	strain	spades_ESBL9166_S11_L001	4708419	3935301	83.58
strain_long_sample_9	strain	spades_ESBL9224_S2_L001	5703641	664486	11.65
strain_long_sample_9	strain	spades_ESBL9250_S3_L001	5557990	4599254	82.75
strain_long_sample_9	strain	spades_ESBL9251_S1_L001	5704673	406021	7.12
strain_long_sample_9	strain	spades_ESBL9318_S2_L001	4772473	2217788	46.47
strain_long_sample_9	strain	spades_ESBL9336_S1_L001	5170229	54844	1.06
strain_long_sample_9	strain	spades_ESBL9440_S6_L001	5102994	4881359	95.66
strain_long_sample_9	strain	spades_ESBL9654_S5_L001	5153457	1466633	28.46
strain_long_sample_9	strain	spades_ESBL9656_S7_L001	5100274	1452833	28.49
strain_long_sample_9	strain	spades_ESBL9861_S4_L001	5188009	131142	2.53
strain_long_sample_9	strain	spades_ESBL9875_S5_L001	5191975	20873	0.40
strain_long_sample_9	strain	spades_ESBL9915_S6_L001	5090453	176539	3.47
strain_long_sample_9	strain	spades_MRSA7113_S2_L001	2825247	247235	8.75
strain_long_sample_9	strain	spades_MRSA7119_S2_L001	2748878	379472	13.80
strain_long_sample_9	strain	spades_MRSA7124_S4_L001	2778919	127222	4.58
strain_long_sample_9	strain	spades_MRSA7129_S1_L001	2824465	362842	12.85
strain_long_sample_9	strain	spades_MRSA7129_S8_L001	2785154	509416	18.29
strain_long_sample_9	strain	spades_MRSA7133_S3_L001	2821986	1695673	60.09
strain_long_sample_9	strain	spades_MRSA7172_S1_L001	2747769	158776	5.78
strain_long_sample_9	strain	spades_MRSA7231_S7_L001	2781316	2693825	96.85
strain_long_sample_9	strain	spades_MRSA7286_S4_L001	2817370	59573	2.11
strain_long_sample_9	strain	spades_MRSA7295_S3_L001	2832162	34535	1.22
strain_long_sample_9	strain	spades_MRSA7796_S10_L001	2763305	1058664	38.31
strain_long_sample_9	strain	spades_MRSA7830_S9_L001	2786125	2167495	77.80
strain_long_sample_9	strain	spades_MRSA8007_S12_L001	2738989	2671680	97.54
strain_long_sample_9	strain	spades_MRSA8013_S11_L001	2739001	2704548	98.74
strain_long_sample_9	strain	spades_MRSA8186_S9_L001	2844448	29575	1.04
strain_long_sample_9	strain	spades_MRSA8187_S8_L001	2838974	165091	5.82
strain_long_sample_9	strain	spades_MRSA8339_S5_L001	2777668	214706	7.73
strain_long_sample_9	strain	spades_MRSA8595_S7_L001	2833533	69863	2.47
strain_long_sample_9	strain	spades_MRSA8602_S6_L001	2816259	97713	3.47
strain_long_sample_9	strain	spades_MRSA8758_S5_L001	2816182	43542	1.55
strain_long_sample_9	strain	spades_MRSA9344_S6_L001	2785341	172744	6.20
strain_long_sample_9	strain	spades_VRE2224_S14_L001	3012379	382932	12.71
strain_long_sample_9	strain	spades_VRE2237_S15_L001	3010799	2977139	98.88
strain_long_sample_9	strain	spades_VRE2392_S22_L001	3000431	119434	3.98
strain_long_sample_9	strain	spades_VRE2770_S9_L001	3245517	8814	0.27
strain_long_sample_9	strain	spades_VRE2857_S10_L001	3094615	1842959	59.55
strain_long_sample_9	strain	spades_VRE2906_S11_L001	3429347	2924397	85.28
strain_long_sample_9	strain	spades_VRE2913_S13_L001	2985072	1593460	53.38
strain_long_sample_9	strain	spades_VRE2941_S2_L001	3166882	442295	13.97
strain_long_sample_9	strain	spades_VRE2943_S1_L001	3128023	1055098	33.73
strain_long_sample_9	strain	spades_VRE2961_S3_L001	2855192	58576	2.05
strain_long_sample_9	strain	spades_VRE3021_S4_L001	2952853	1182016	40.03
strain_long_sample_9	strain	spades_VRE3043_S21_L001	3001125	2994491	99.78
strain_long_sample_9	strain	spades_VRE3056_S20_L001	3010057	38356	1.27
strain_long_sample_9	strain	spades_VRE3253_S17_L001	2959154	112328	3.80
strain_long_sample_9	strain	spades_VRE3277_S16_L001	3060574	252133	8.24
strain_long_sample_9	strain	spades_VRE3342_S6_L001	3063001	2826435	92.28
strain_long_sample_9	strain	spades_VRE3387_S5_L001	3006421	24768	0.82
strain_long_sample_9	strain	spades_VRE3766_S8_L001	3083042	1745535	56.62
strain_long_sample_9	strain	spades_VRE3783_S7_L001	3086681	1008370	32.67
strain_long_sample_9	strain	spades_VRE3786_S19_L001	3118152	419094	13.44
strain_long_sample_9	strain	spades_VRE3967_S23_L001	3008458	181328	6.03
strain_long_sample_93	strain	MIKI-NS02	2999969	1254812	41.83
strain_long_sample_93	strain	MIKI-NS03	4488719	158556	3.53
strain_long_sample_93	strain	MIKI-NS06	1964761	270626	13.77
strain_long_sample_93	strain	MIKI-NS08	2548584	2534393	99.44
strain_long_sample_93	strain	MIKI-NS09	2039692	1899472	93.13
strain_long_sample_93	strain	MIKI-NS10	2092650	629484	30.08
strain_long_sample_93	strain	MIKI-NS11	2039212	43881	2.15
strain_long_sample_93	strain	MIKI-NS12	2252307	722436	32.08
strain_long_sample_93	strain	MIKI-NS13	7206778	331492	4.60
strain_long_sample_93	strain	MIKI-NS14	5248953	5246956	99.96
strain_long_sample_93	strain	MIKI-NS15	6804612	487164	7.16
strain_long_sample_93	strain	MIKI-NS20	5363855	960993	17.92
strain_long_sample_93	strain	MIKI-NS23	5370360	14079	0.26
strain_long_sample_93	strain	MIKI-NS24	5364208	126707	2.36
strain_long_sample_93	strain	MIKI-NS25	5371711	4928373	91.75
strain_long_sample_93	strain	SP100_S81	2092705	132064	6.31
strain_long_sample_93	strain	SP101_S82	2132333	326725	15.32
strain_long_sample_93	strain	SP102_S82	2014786	1303133	64.68
strain_long_sample_93	strain	SP103_S83	2047626	49158	2.40
strain_long_sample_93	strain	SP105_S84	2024006	127938	6.32
strain_long_sample_93	strain	SP106_S85	2015226	429427	21.31
strain_long_sample_93	strain	SP107_S86	2073529	2070550	99.86
strain_long_sample_93	strain	SP108_S87	1937122	1912486	98.73
strain_long_sample_93	strain	SP109_S83	2012505	198580	9.87
strain_long_sample_93	strain	SP10_S7	2082760	438398	21.05
strain_long_sample_93	strain	SP110_S88	2140902	991203	46.30
strain_long_sample_93	strain	SP111_S89	2099202	48370	2.30
strain_long_sample_93	strain	SP112_S90	2079727	272852	13.12
strain_long_sample_93	strain	SP113_S91	2058653	430862	20.93
strain_long_sample_93	strain	SP114_S92	1987692	779795	39.23
strain_long_sample_93	strain	SP115_S93	2041665	71019	3.48
strain_long_sample_93	strain	SP116_S94	2013236	177864	8.83
strain_long_sample_93	strain	SP117_S95	2236418	393997	17.62
strain_long_sample_93	strain	SP118_S96	1983599	1982621	99.95
strain_long_sample_93	strain	SP119_S1	2137079	473536	22.16
strain_long_sample_93	strain	SP11_S8	2065838	1172704	56.77
strain_long_sample_93	strain	SP120_S2	2076062	1999665	96.32
strain_long_sample_93	strain	SP121_S3	2078750	15471	0.74
strain_long_sample_93	strain	SP122_S4	2049787	386870	18.87
strain_long_sample_93	strain	SP124_S6	2070014	23797	1.15
strain_long_sample_93	strain	SP125_S84	2015328	186068	9.23
strain_long_sample_93	strain	SP126_S7	2003842	280688	14.01
strain_long_sample_93	strain	SP127_S8	2054557	275	0.01
strain_long_sample_93	strain	SP128_S9	2012996	23899	1.19
strain_long_sample_93	strain	SP129_S10	2028767	1216406	59.96
strain_long_sample_93	strain	SP12_S9	1985084	37495	1.89
strain_long_sample_93	strain	SP130_S11	2077144	173922	8.37
strain_long_sample_93	strain	SP131_S12	2155215	1051731	48.80
strain_long_sample_93	strain	SP132_S13	2000885	302387	15.11
strain_long_sample_93	strain	SP133_S14	1991005	1049068	52.69
strain_long_sample_93	strain	SP134_S15	2061331	292860	14.21
strain_long_sample_93	strain	SP135_S16	2058733	61183	2.97
strain_long_sample_93	strain	SP136_S17	2038096	66613	3.27
strain_long_sample_93	strain	SP137_S18	2035362	1184379	58.19
strain_long_sample_93	strain	SP138_S19	2139728	1419635	66.35
strain_long_sample_93	strain	SP139_S20	2017343	1845465	91.48
strain_long_sample_93	strain	SP13_S10	2040289	782723	38.36
strain_long_sample_93	strain	SP140_S21	2128346	1447906	68.03
strain_long_sample_93	strain	SP141_S22	1979460	17157	0.87
strain_long_sample_93	strain	SP142_S23	2060851	213197	10.35
strain_long_sample_93	strain	SP143_S24	2012493	888455	44.15
strain_long_sample_93	strain	SP144_S25	2073909	503429	24.27
strain_long_sample_93	strain	SP145_S26	2040147	364278	17.86
strain_long_sample_93	strain	SP146_S27	1976220	387929	19.63
strain_long_sample_93	strain	SP147_S28	2131103	292427	13.72
strain_long_sample_93	strain	SP148_S29	2086142	538853	25.83
strain_long_sample_93	strain	SP149_S30	2113372	1500176	70.98
strain_long_sample_93	strain	SP14_S11	2059376	35835	1.74
strain_long_sample_93	strain	SP150_S31	1987853	135193	6.80
strain_long_sample_93	strain	SP151_S32	1974069	497534	25.20
strain_long_sample_93	strain	SP152_S33	2010753	555637	27.63
strain_long_sample_93	strain	SP153_S34	2042628	2041065	99.92
strain_long_sample_93	strain	SP154_S35	2162035	1404951	64.98
strain_long_sample_93	strain	SP155_S36	2075312	2074471	99.96
strain_long_sample_93	strain	SP156_S37	2079530	2072758	99.67
strain_long_sample_93	strain	SP157_S38	2048216	297557	14.53
strain_long_sample_93	strain	SP158_S39	1975569	43098	2.18
strain_long_sample_93	strain	SP159_S40	2086141	401244	19.23
strain_long_sample_93	strain	SP15_S89	2011560	1312381	65.24
strain_long_sample_93	strain	SP160_S41	2045367	580285	28.37
strain_long_sample_93	strain	SP161_S42	2050632	781311	38.10
strain_long_sample_93	strain	SP162_S43	1982417	103472	5.22
strain_long_sample_93	strain	SP163_S44	1948475	51827	2.66
strain_long_sample_93	strain	SP164_S45	1984518	1057226	53.27
strain_long_sample_93	strain	SP165_S46	1973565	16949	0.86
strain_long_sample_93	strain	SP166_S47	2090273	901362	43.12
strain_long_sample_93	strain	SP167_S48	2065677	39419	1.91
strain_long_sample_93	strain	SP168_S49	1749640	509883	29.14
strain_long_sample_93	strain	SP169_S50	1902740	1872876	98.43
strain_long_sample_93	strain	SP16_S12	2043829	62032	3.04
strain_long_sample_93	strain	SP170_S51	2021551	1190133	58.87
strain_long_sample_93	strain	SP171_S52	1993908	1411854	70.81
strain_long_sample_93	strain	SP172_S53	1957437	1854575	94.75
strain_long_sample_93	strain	SP173_S54	1973592	260363	13.19
strain_long_sample_93	strain	SP174_S55	2117559	1138224	53.75
strain_long_sample_93	strain	SP176_S56	2044611	1182932	57.86
strain_long_sample_93	strain	SP177_S57	1977200	382020	19.32
strain_long_sample_93	strain	SP178_S58	1925491	821140	42.65
strain_long_sample_93	strain	SP179_S59	2098228	829436	39.53
strain_long_sample_93	strain	SP17_S90	2082160	1764784	84.76
strain_long_sample_93	strain	SP180_S96	2031083	75150	3.70
strain_long_sample_93	strain	SP181_S61	2135333	544269	25.49
strain_long_sample_93	strain	SP182_S62	2047295	211445	10.33
strain_long_sample_93	strain	SP184_S64	1635099	213016	13.03
strain_long_sample_93	strain	SP185_S65	1845437	513779	27.84
strain_long_sample_93	strain	SP187_S66	1958898	949545	48.47
strain_long_sample_93	strain	SP188_S67	2040293	102982	5.05
strain_long_sample_93	strain	SP189_S68	2062647	21686	1.05
strain_long_sample_93	strain	SP18_S91	2072566	49934	2.41
strain_long_sample_93	strain	SP190_S69	1976008	225414	11.41
strain_long_sample_93	strain	SP191_S70	2000529	1572859	78.62
strain_long_sample_93	strain	SP192_S71	1924197	44086	2.29
strain_long_sample_93	strain	SP194_S73	2053846	252342	12.29
strain_long_sample_93	strain	SP195_S74	1985003	61960	3.12
strain_long_sample_93	strain	SP196_S75	1970420	968239	49.14
strain_long_sample_93	strain	SP198_S01	2057645	1488623	72.35
strain_long_sample_93	strain	SP1_S85	2164447	206596	9.54
strain_long_sample_93	strain	SP20_S77	2202269	129500	5.88
strain_long_sample_93	strain	SP21_S92	1689727	49376	2.92
strain_long_sample_93	strain	SP22_S78	2120430	101846	4.80
strain_long_sample_93	strain	SP23_S93	2030322	189074	9.31
strain_long_sample_93	strain	SP24_S13	2093455	1038578	49.61
strain_long_sample_93	strain	SP25_S14	2028415	280253	13.82
strain_long_sample_93	strain	SP27_S15	1980747	3585	0.18
strain_long_sample_93	strain	SP2_S86	2105629	92620	4.40
strain_long_sample_93	strain	SP30_S17	2078679	347548	16.72
strain_long_sample_93	strain	SP31_S18	2096146	788909	37.64
strain_long_sample_93	strain	SP32_S19	2103320	601092	28.58
strain_long_sample_93	strain	SP33_S20	2079363	561965	27.03
strain_long_sample_93	strain	SP34_S21	2072742	136186	6.57
strain_long_sample_93	strain	SP35_S22	1990563	22792	1.15
strain_long_sample_93	strain	SP36_S23	2086015	66518	3.19
strain_long_sample_93	strain	SP38_S25	2056653	950987	46.24
strain_long_sample_93	strain	SP39_S26	2010726	192030	9.55
strain_long_sample_93	strain	SP3_S87	2041279	24201	1.19
strain_long_sample_93	strain	SP40_S27	2129381	233431	10.96
strain_long_sample_93	strain	SP41_S28	2044969	1306021	63.87
strain_long_sample_93	strain	SP42_S29	2065552	40041	1.94
strain_long_sample_93	strain	SP43_S30	1998079	51741	2.59
strain_long_sample_93	strain	SP44_S31	2047099	1490833	72.83
strain_long_sample_93	strain	SP45_S32	2070043	57617	2.78
strain_long_sample_93	strain	SP46_S33	2068370	6473	0.31
strain_long_sample_93	strain	SP47_S34	2027743	106620	5.26
strain_long_sample_93	strain	SP48_S35	2032240	13759	0.68
strain_long_sample_93	strain	SP49_S36	2058421	250888	12.19
strain_long_sample_93	strain	SP4_S3	2195551	1399203	63.73
strain_long_sample_93	strain	SP50_S37	1958348	200686	10.25
strain_long_sample_93	strain	SP52_S38	2038081	162327	7.96
strain_long_sample_93	strain	SP53_S39	2156089	90936	4.22
strain_long_sample_93	strain	SP54_S40	2028957	979549	48.28
strain_long_sample_93	strain	SP55_S41	1980370	96466	4.87
strain_long_sample_93	strain	SP56_S42	2048034	121072	5.91
strain_long_sample_93	strain	SP57_S43	1969838	15801	0.80
strain_long_sample_93	strain	SP58_S44	1973824	706888	35.81
strain_long_sample_93	strain	SP59_S47	2090807	162363	7.77
strain_long_sample_93	strain	SP60_S48	1971764	39287	1.99
strain_long_sample_93	strain	SP61_S45	1995963	102110	5.12
strain_long_sample_93	strain	SP62_S46	2086023	175549	8.42
strain_long_sample_93	strain	SP63_S49	2084429	2082939	99.93
strain_long_sample_93	strain	SP64_S79	2013820	176469	8.76
strain_long_sample_93	strain	SP65_S80	1985668	1981567	99.79
strain_long_sample_93	strain	SP67_S50	2070264	425696	20.56
strain_long_sample_93	strain	SP68_S51	2287165	892830	39.04
strain_long_sample_93	strain	SP69_S52	2218514	22162	1.00
strain_long_sample_93	strain	SP6_S88	2087122	44250	2.12
strain_long_sample_93	strain	SP70_S53	2055688	2021085	98.32
strain_long_sample_93	strain	SP71_S54	2049554	1217790	59.42
strain_long_sample_93	strain	SP72_S55	2008808	1145620	57.03
strain_long_sample_93	strain	SP73_S56	2050203	1929993	94.14
strain_long_sample_93	strain	SP74_S57	1980502	1978098	99.88
strain_long_sample_93	strain	SP75_S58	2079412	14450	0.69
strain_long_sample_93	strain	SP76_S59	2094080	281549	13.44
strain_long_sample_93	strain	SP77_S60	2013262	16236	0.81
strain_long_sample_93	strain	SP78_S61	2014664	166297	8.25
strain_long_sample_93	strain	SP79_S62	2013315	340864	16.93
strain_long_sample_93	strain	SP7_S4	2105126	1026560	48.76
strain_long_sample_93	strain	SP80_S63	2050940	1580322	77.05
strain_long_sample_93	strain	SP81_S64	1964360	352401	17.94
strain_long_sample_93	strain	SP82_S65	2093277	593098	28.33
strain_long_sample_93	strain	SP83_S66	1980931	1910566	96.45
strain_long_sample_93	strain	SP84_S67	2069912	334285	16.15
strain_long_sample_93	strain	SP85_S68	2065876	245995	11.91
strain_long_sample_93	strain	SP86_S69	2049356	1051320	51.30
strain_long_sample_93	strain	SP87_S70	2006213	119496	5.96
strain_long_sample_93	strain	SP88_S94	2082503	234815	11.28
strain_long_sample_93	strain	SP8_S5	2092144	1659598	79.33
strain_long_sample_93	strain	SP91_S72	2026991	1485066	73.26
strain_long_sample_93	strain	SP92_S73	2071399	98497	4.76
strain_long_sample_93	strain	SP93_S74	2078442	122769	5.91
strain_long_sample_93	strain	SP94_S75	2078602	1305529	62.81
strain_long_sample_93	strain	SP95_S76	2053291	216971	10.57
strain_long_sample_93	strain	SP96_S77	2166888	425676	19.64
strain_long_sample_93	strain	SP97_S78	2008538	181488	9.04
strain_long_sample_93	strain	SP99_S80	1980535	359441	18.15
strain_long_sample_93	strain	SP9_S6	1996138	192211	9.63
strain_long_sample_93	strain	spades_AND4471_S1_L001	5368063	367430	6.84
strain_long_sample_93	strain	spades_AND8064_S11_L001	5497841	1054529	19.18
strain_long_sample_93	strain	spades_AND8281_S12_L001	5497673	1612640	29.33
strain_long_sample_93	strain	spades_AND8302_S10_L001	5495418	5354960	97.44
strain_long_sample_93	strain	spades_AND9183_S11_L001	5148435	2330982	45.28
strain_long_sample_93	strain	spades_And10026_S11_L001	5077379	2537511	49.98
strain_long_sample_93	strain	spades_And10054_S9_L001	5248044	221089	4.21
strain_long_sample_93	strain	spades_And10062_S12_L001	5068183	40695	0.80
strain_long_sample_93	strain	spades_And10073_S10_L001	5246988	541683	10.32
strain_long_sample_93	strain	spades_And10925_S5_L001	5618570	654984	11.66
strain_long_sample_93	strain	spades_And11624_S6_L001	4961806	391112	7.88
strain_long_sample_93	strain	spades_And12875_S7_L001	5202195	490562	9.43
strain_long_sample_93	strain	spades_And4180_S6_L001	5338226	338914	6.35
strain_long_sample_93	strain	spades_And4191_S5_L001	5373351	84718	1.58
strain_long_sample_93	strain	spades_And4246_S5_L001	5640614	1764063	31.27
strain_long_sample_93	strain	spades_And4355_S8_L001	5363521	4627529	86.28
strain_long_sample_93	strain	spades_And4366_S2_L001	5364391	4932190	91.94
strain_long_sample_93	strain	spades_And4500_S1_L001	5585829	4237958	75.87
strain_long_sample_93	strain	spades_And4543_S2_L001	5582611	3048109	54.60
strain_long_sample_93	strain	spades_And4613_S9_L001	5211989	347342	6.66
strain_long_sample_93	strain	spades_And4621_S3_L001	5216022	1263029	24.21
strain_long_sample_93	strain	spades_And4858_S9_L001	5288817	24954	0.47
strain_long_sample_93	strain	spades_And4892_S4_L001	5077878	291663	5.74
strain_long_sample_93	strain	spades_And4902_S2_L001	5066396	108499	2.14
strain_long_sample_93	strain	spades_And4955_S10_L001	5044213	1273212	25.24
strain_long_sample_93	strain	spades_And5042_S4_L001	5284713	1414355	26.76
strain_long_sample_93	strain	spades_And5141_S4_L001	5286562	44306	0.84
strain_long_sample_93	strain	spades_And5192_S3_L001	5106414	145977	2.86
strain_long_sample_93	strain	spades_And5213_S1_L001	4911642	4649795	94.67
strain_long_sample_93	strain	spades_And5232_S2_L001	4894280	1946803	39.78
strain_long_sample_93	strain	spades_And5237_S4_L001	5948456	1876360	31.54
strain_long_sample_93	strain	spades_And5284_S5_L001	5633195	3252735	57.74
strain_long_sample_93	strain	spades_And5315_S3_L001	5485511	4881748	88.99
strain_long_sample_93	strain	spades_And5331_S1_L001	5061628	4569310	90.27
strain_long_sample_93	strain	spades_And5388_S8_L001	5248482	5246253	99.96
strain_long_sample_93	strain	spades_And5444_S7_L001	5248207	352946	6.73
strain_long_sample_93	strain	spades_And5527_S8_L001	5489379	3579027	65.20
strain_long_sample_93	strain	spades_And5533_S9_L001	5486696	580357	10.58
strain_long_sample_93	strain	spades_And6098_S1_L001	5486974	591939	10.79
strain_long_sample_93	strain	spades_And6100_S3_L001	5483251	395600	7.21
strain_long_sample_93	strain	spades_And6166_S1_L001	5491273	3900264	71.03
strain_long_sample_93	strain	spades_And6241_S2_L001	5482102	3991644	72.81
strain_long_sample_93	strain	spades_And6342_S10_L001	4808690	1544922	32.13
strain_long_sample_93	strain	spades_And6399_S9_L001	4808515	337091	7.01
strain_long_sample_93	strain	spades_And6400_S11_L001	4808757	306947	6.38
strain_long_sample_93	strain	spades_And6442_S8_L001	5472709	111624	2.04
strain_long_sample_93	strain	spades_And6884_S7_L001	5616342	2224069	39.60
strain_long_sample_93	strain	spades_And7051_S7_L001	5163258	467926	9.06
strain_long_sample_93	strain	spades_And7187_S3_L001	4886278	2959219	60.56
strain_long_sample_93	strain	spades_And7225_S6_L001	4907918	3881782	79.09
strain_long_sample_93	strain	spades_And7556_S8_L001	5192378	1271430	24.49
strain_long_sample_93	strain	spades_And8344_S10_L001	4970303	99133	1.99
strain_long_sample_93	strain	spades_And8381_S10_L001	5498306	730044	13.28
strain_long_sample_93	strain	spades_And8382_S4_L001	4966755	4537453	91.36
strain_long_sample_93	strain	spades_And8388_S5_L001	5330669	1224320	22.97
strain_long_sample_93	strain	spades_And8423_S6_L001	5530859	362221	6.55
strain_long_sample_93	strain	spades_And8454_S5_L001	5530317	98758	1.79
strain_long_sample_93	strain	spades_And8457_S3_L001	4927737	4295300	87.17
strain_long_sample_93	strain	spades_And8655_S10_L001	5601592	1152387	20.57
strain_long_sample_93	strain	spades_And8688_S9_L001	5605589	4916775	87.71
strain_long_sample_93	strain	spades_And8861_S3_L001	5452253	4264812	78.22
strain_long_sample_93	strain	spades_And8909_S4_L001	5467567	1370547	25.07
strain_long_sample_93	strain	spades_And8926_S4_L001	4595731	171568	3.73
strain_long_sample_93	strain	spades_And9053_S12_L001	5579929	5559001	99.62
strain_long_sample_93	strain	spades_And9076_S11_L001	5583272	1176321	21.07
strain_long_sample_93	strain	spades_And9183_S10_L001	5150416	98793	1.92
strain_long_sample_93	strain	spades_And9205_S9_L001	5065495	5062744	99.95
strain_long_sample_93	strain	spades_And9353_S7_L001	5391022	296392	5.50
strain_long_sample_93	strain	spades_And9387_S6_L001	5536369	2811565	50.78
strain_long_sample_93	strain	spades_And9426_S4_L001	5311551	131167	2.47
strain_long_sample_93	strain	spades_And9454_S3_L001	5576404	513734	9.21
strain_long_sample_93	strain	spades_And9653_S7_L001	4729396	1868667	39.51
strain_long_sample_93	strain	spades_And9693_S1_L001	5234639	247505	4.73
strain_long_sample_93	strain	spades_And9722_S8_L001	5087231	2071039	40.71
strain_long_sample_93	strain	spades_And9746_S7_L001	5208326	2631951	50.53
strain_long_sample_93	strain	spades_And9855_S12_L001	5376042	140506	2.61
strain_long_sample_93	strain	spades_ESBL10011_S11_L001	4909842	301828	6.15
strain_long_sample_93	strain	spades_ESBL10030_S2_L001	4855730	192150	3.96
strain_long_sample_93	strain	spades_ESBL10055_S8_L001	5090447	503971	9.90
strain_long_sample_93	strain	spades_ESBL10056_S9_L001	5057878	2477365	48.98
strain_long_sample_93	strain	spades_ESBL1009_S1_L001	4889917	245176	5.01
strain_long_sample_93	strain	spades_ESBL5402_S6_L001	4938055	444418	9.00
strain_long_sample_93	strain	spades_ESBL5481_S10_L001	4901360	36179	0.74
strain_long_sample_93	strain	spades_ESBL5497_S3_L001	5188881	287628	5.54
strain_long_sample_93	strain	spades_ESBL5533_S4_L001	5179780	3390932	65.46
strain_long_sample_93	strain	spades_ESBL5609_S2_L001	5088202	269944	5.31
strain_long_sample_93	strain	spades_ESBL5613_S5_L001	5273131	136587	2.59
strain_long_sample_93	strain	spades_ESBL5621_S1_L001	5257092	494196	9.40
strain_long_sample_93	strain	spades_ESBL5660_S7_L001	5257730	4290478	81.60
strain_long_sample_93	strain	spades_ESBL5717_S8_L001	5220419	5052183	96.78
strain_long_sample_93	strain	spades_ESBL5734_S3_L001	5598134	1098038	19.61
strain_long_sample_93	strain	spades_ESBL5772_S6_L001	5325463	5318895	99.88
strain_long_sample_93	strain	spades_ESBL5780_S5_L001	5349338	5002018	93.51
strain_long_sample_93	strain	spades_ESBL5784_S3_L001	5468994	161518	2.95
strain_long_sample_93	strain	spades_ESBL5786_S5_L001	5289185	1144618	21.64
strain_long_sample_93	strain	spades_ESBL5791_S4_L001	5419083	5410357	99.84
strain_long_sample_93	strain	spades_ESBL5792_S6_L001	5286705	314449	5.95
strain_long_sample_93	strain	spades_ESBL5808_S8_L001	5142239	73911	1.44
strain_long_sample_93	strain	spades_ESBL5817_S7_L001	4850179	718681	14.82
strain_long_sample_93	strain	spades_ESBL5827_S10_L001	5627681	215924	3.84
strain_long_sample_93	strain	spades_ESBL5852_S11_L001	5631598	26426	0.47
strain_long_sample_93	strain	spades_ESBL5872_S5_L001	5649121	2124857	37.61
strain_long_sample_93	strain	spades_ESBL5909_S5_L001	4903928	785862	16.03
strain_long_sample_93	strain	spades_ESBL5911_S4_L001	4902006	677227	13.82
strain_long_sample_93	strain	spades_ESBL6101_S9_L001	4951660	352684	7.12
strain_long_sample_93	strain	spades_ESBL6164_S11_L001	5296034	20172	0.38
strain_long_sample_93	strain	spades_ESBL6200_S12_L001	4853372	143249	2.95
strain_long_sample_93	strain	spades_ESBL6210_S10_L001	4795054	97305	2.03
strain_long_sample_93	strain	spades_ESBL6270_S10_L001	5129972	867373	16.91
strain_long_sample_93	strain	spades_ESBL6351_S5_L001	5140727	392042	7.63
strain_long_sample_93	strain	spades_ESBL6364_S9_L001	5323526	3046673	57.23
strain_long_sample_93	strain	spades_ESBL6409_S4_L001	5206730	2693	0.05
strain_long_sample_93	strain	spades_ESBL6418_S2_L001	4803161	278018	5.79
strain_long_sample_93	strain	spades_ESBL6455_S6_L001	4857585	820303	16.89
strain_long_sample_93	strain	spades_ESBL6515_S2_L001	5206284	800853	15.38
strain_long_sample_93	strain	spades_ESBL6620_S4_L001	5444869	202008	3.71
strain_long_sample_93	strain	spades_ESBL6628_S5_L001	5443769	430409	7.91
strain_long_sample_93	strain	spades_ESBL6643_S3_L001	5120216	5119097	99.98
strain_long_sample_93	strain	spades_ESBL6661_S8_L001	5049636	781686	15.48
strain_long_sample_93	strain	spades_ESBL6724_S11_L001	5278084	433263	8.21
strain_long_sample_93	strain	spades_ESBL6759Q_S12_L001	5518056	1559687	28.27
strain_long_sample_93	strain	spades_ESBL6760_S6_L001	5267859	50402	0.96
strain_long_sample_93	strain	spades_ESBL6769_S11_L001	5522930	802949	14.54
strain_long_sample_93	strain	spades_ESBL6792_S10_L001	5212350	2483950	47.66
strain_long_sample_93	strain	spades_ESBL6983_S3_L001	5223413	686341	13.14
strain_long_sample_93	strain	spades_ESBL6984_S1_L001	5169466	1539574	29.78
strain_long_sample_93	strain	spades_ESBL7021_S2_L001	5166821	1549357	29.99
strain_long_sample_93	strain	spades_ESBL7234_S12_L001	5148279	2924418	56.80
strain_long_sample_93	strain	spades_ESBL7347_S10_L001	5120214	399812	7.81
strain_long_sample_93	strain	spades_ESBL7348_S6_L001	5205004	5202263	99.95
strain_long_sample_93	strain	spades_ESBL7359_S3_L001	6243594	1653188	26.48
strain_long_sample_93	strain	spades_ESBL7382_S4_L001	4857278	102196	2.10
strain_long_sample_93	strain	spades_ESBL7388_S7_L001	5206566	5201865	99.91
strain_long_sample_93	strain	spades_ESBL7410_S11_L001	5124963	5063798	98.81
strain_long_sample_93	strain	spades_ESBL7424_S8_L001	5210944	83496	1.60
strain_long_sample_93	strain	spades_ESBL7431_S12_L001	5304537	4175689	78.72
strain_long_sample_93	strain	spades_ESBL7525_S1_L001	5217626	1131313	21.68
strain_long_sample_93	strain	spades_ESBL7531_S9_L001	5208486	2847465	54.67
strain_long_sample_93	strain	spades_ESBL7532_S2_L001	5351688	1304709	24.38
strain_long_sample_93	strain	spades_ESBL7534_S10_L001	4881029	1609248	32.97
strain_long_sample_93	strain	spades_ESBL7553_S11_L001	5395788	163644	3.03
strain_long_sample_93	strain	spades_ESBL7586_S7_L001	4948638	327304	6.61
strain_long_sample_93	strain	spades_ESBL7634_S2_L001	5550584	5166793	93.09
strain_long_sample_93	strain	spades_ESBL7810_S9_L001	5926039	833433	14.06
strain_long_sample_93	strain	spades_ESBL7862_S8_L001	5904754	5891193	99.77
strain_long_sample_93	strain	spades_ESBL8075_S12_L001	5404977	323359	5.98
strain_long_sample_93	strain	spades_ESBL8159_S1_L001	5325786	255306	4.79
strain_long_sample_93	strain	spades_ESBL8341_S10_L001	4862937	1509887	31.05
strain_long_sample_93	strain	spades_ESBL8411_S7_L001	6071184	1483591	24.44
strain_long_sample_93	strain	spades_ESBL8514_S7_L001	4905882	34297	0.70
strain_long_sample_93	strain	spades_ESBL8604_S8_L001	5107945	4157531	81.39
strain_long_sample_93	strain	spades_ESBL8855_S12_L001	5625519	2088657	37.13
strain_long_sample_93	strain	spades_ESBL8873_S6_L001	5567706	45490	0.82
strain_long_sample_93	strain	spades_ESBL8909_S7_L001	5264884	3990334	75.79
strain_long_sample_93	strain	spades_ESBL8953_S1_L001	5559832	1016787	18.29
strain_long_sample_93	strain	spades_ESBL8956_S2_L001	5556246	1708158	30.74
strain_long_sample_93	strain	spades_ESBL8960_S8_L001	5673185	3874095	68.29
strain_long_sample_93	strain	spades_ESBL9044_S9_L001	5039987	76751	1.52
strain_long_sample_93	strain	spades_ESBL9046_S6_L001	5646310	3405088	60.31
strain_long_sample_93	strain	spades_ESBL9166_S11_L001	4708419	1063600	22.59
strain_long_sample_93	strain	spades_ESBL9224_S2_L001	5703641	145798	2.56
strain_long_sample_93	strain	spades_ESBL9250_S3_L001	5557990	699162	12.58
strain_long_sample_93	strain	spades_ESBL9251_S1_L001	5704673	4658427	81.66
strain_long_sample_93	strain	spades_ESBL9318_S2_L001	4772473	2836726	59.44
strain_long_sample_93	strain	spades_ESBL9336_S1_L001	5170229	295439	5.71
strain_long_sample_93	strain	spades_ESBL9440_S6_L001	5102994	307410	6.02
strain_long_sample_93	strain	spades_ESBL9654_S5_L001	5153457	5958	0.12
strain_long_sample_93	strain	spades_ESBL9656_S7_L001	5100274	2154195	42.24
strain_long_sample_93	strain	spades_ESBL9861_S4_L001	5188009	130658	2.52
strain_long_sample_93	strain	spades_ESBL9875_S5_L001	5191975	847377	16.32
strain_long_sample_93	strain	spades_ESBL9915_S6_L001	5090453	5085479	99.90
strain_long_sample_93	strain	spades_MRSA7113_S2_L001	2825247	530403	18.77
strain_long_sample_93	strain	spades_MRSA7119_S2_L001	2748878	99234	3.61
strain_long_sample_93	strain	spades_MRSA7124_S4_L001	2778919	114827	4.13
strain_long_sample_93	strain	spades_MRSA7129_S1_L001	2824465	52918	1.87
strain_long_sample_93	strain	spades_MRSA7129_S8_L001	2785154	198746	7.14
strain_long_sample_93	strain	spades_MRSA7133_S3_L001	2821986	28338	1.00
strain_long_sample_93	strain	spades_MRSA7172_S1_L001	2747769	343598	12.50
strain_long_sample_93	strain	spades_MRSA7231_S7_L001	2781316	1896154	68.17
strain_long_sample_93	strain	spades_MRSA7286_S4_L001	2817370	74321	2.64
strain_long_sample_93	strain	spades_MRSA7295_S3_L001	2832162	1535529	54.22
strain_long_sample_93	strain	spades_MRSA7796_S10_L001	2763305	198936	7.20
strain_long_sample_93	strain	spades_MRSA7830_S9_L001	2786125	8967	0.32
strain_long_sample_93	strain	spades_MRSA8007_S12_L001	2738989	2727342	99.57
strain_long_sample_93	strain	spades_MRSA8013_S11_L001	2739001	479187	17.49
strain_long_sample_93	strain	spades_MRSA8186_S9_L001	2844448	2843771	99.98
strain_long_sample_93	strain	spades_MRSA8187_S8_L001	2838974	1243582	43.80
strain_long_sample_93	strain	spades_MRSA8339_S5_L001	2777668	1533407	55.20
strain_long_sample_93	strain	spades_MRSA8595_S7_L001	2833533	167860	5.92
strain_long_sample_93	strain	spades_MRSA8602_S6_L001	2816259	818455	29.06
strain_long_sample_93	strain	spades_MRSA8758_S5_L001	2816182	22887	0.81
strain_long_sample_93	strain	spades_MRSA9344_S6_L001	2785341	2784258	99.96
strain_long_sample_93	strain	spades_VRE2224_S14_L001	3012379	154975	5.14
strain_long_sample_93	strain	spades_VRE2237_S15_L001	3010799	440111	14.62
strain_long_sample_93	strain	spades_VRE2392_S22_L001	3000431	529010	17.63
strain_long_sample_93	strain	spades_VRE2770_S9_L001	3245517	1897314	58.46
strain_long_sample_93	strain	spades_VRE2857_S10_L001	3094615	586835	18.96
strain_long_sample_93	strain	spades_VRE2906_S11_L001	3429347	92003	2.68
strain_long_sample_93	strain	spades_VRE2913_S13_L001	2985072	2979624	99.82
strain_long_sample_93	strain	spades_VRE2941_S2_L001	3166882	301868	9.53
strain_long_sample_93	strain	spades_VRE2943_S1_L001	3128023	2030138	64.90
strain_long_sample_93	strain	spades_VRE2961_S3_L001	2855192	165619	5.80
strain_long_sample_93	strain	spades_VRE3021_S4_L001	2952853	2461824	83.37
strain_long_sample_93	strain	spades_VRE3043_S21_L001	3001125	111194	3.71
strain_long_sample_93	strain	spades_VRE3056_S20_L001	3010057	452499	15.03
strain_long_sample_93	strain	spades_VRE3253_S17_L001	2959154	37684	1.27
strain_long_sample_93	strain	spades_VRE3277_S16_L001	3060574	2120482	69.28
strain_long_sample_93	strain	spades_VRE3342_S6_L001	3063001	354871	11.59
strain_long_sample_93	strain	spades_VRE3387_S5_L001	3006421	198479	6.60
strain_long_sample_93	strain	spades_VRE3766_S8_L001	3083042	223926	7.26
strain_long_sample_93	strain	spades_VRE3783_S7_L001	3086681	622382	20.16
strain_long_sample_93	strain	spades_VRE3786_S19_L001	3118152	2657800	85.24
strain_long_sample_93	strain	spades_VRE3967_S23_L001	3008458	48728	1.62
strain_long_sample_97	strain	MIKI-NS02	2999969	83253	2.78
strain_long_sample_97	strain	MIKI-NS03	4488719	3215482	71.63
strain_long_sample_97	strain	MIKI-NS06	1964761	1918567	97.65
strain_long_sample_97	strain	MIKI-NS08	2548584	36300	1.42
strain_long_sample_97	strain	MIKI-NS09	2039692	2021643	99.12
strain_long_sample_97	strain	MIKI-NS10	2092650	164267	7.85
strain_long_sample_97	strain	MIKI-NS11	2039212	2025361	99.32
strain_long_sample_97	strain	MIKI-NS12	2252307	613827	27.25
strain_long_sample_97	strain	MIKI-NS13	7206778	64638	0.90
strain_long_sample_97	strain	MIKI-NS14	5248953	24427	0.47
strain_long_sample_97	strain	MIKI-NS15	6804612	469869	6.91
strain_long_sample_97	strain	MIKI-NS20	5363855	1358789	25.33
strain_long_sample_97	strain	MIKI-NS23	5370360	420137	7.82
strain_long_sample_97	strain	MIKI-NS24	5364208	5126356	95.57
strain_long_sample_97	strain	MIKI-NS25	5371711	407863	7.59
strain_long_sample_97	strain	SP100_S81	2092705	1022692	48.87
strain_long_sample_97	strain	SP101_S82	2132333	16803	0.79
strain_long_sample_97	strain	SP102_S82	2014786	1921248	95.36
strain_long_sample_97	strain	SP103_S83	2047626	1692816	82.67
strain_long_sample_97	strain	SP105_S84	2024006	498172	24.61
strain_long_sample_97	strain	SP106_S85	2015226	1425924	70.76
strain_long_sample_97	strain	SP107_S86	2073529	178743	8.62
strain_long_sample_97	strain	SP108_S87	1937122	5402	0.28
strain_long_sample_97	strain	SP109_S83	2012505	36065	1.79
strain_long_sample_97	strain	SP10_S7	2082760	1571068	75.43
strain_long_sample_97	strain	SP110_S88	2140902	198928	9.29
strain_long_sample_97	strain	SP111_S89	2099202	2084858	99.32
strain_long_sample_97	strain	SP112_S90	2079727	133196	6.40
strain_long_sample_97	strain	SP113_S91	2058653	122934	5.97
strain_long_sample_97	strain	SP114_S92	1987692	10326	0.52
strain_long_sample_97	strain	SP115_S93	2041665	1816562	88.97
strain_long_sample_97	strain	SP116_S94	2013236	156105	7.75
strain_long_sample_97	strain	SP117_S95	2236418	1307601	58.47
strain_long_sample_97	strain	SP118_S96	1983599	570945	28.78
strain_long_sample_97	strain	SP119_S1	2137079	212663	9.95
strain_long_sample_97	strain	SP11_S8	2065838	40084	1.94
strain_long_sample_97	strain	SP120_S2	2076062	220168	10.61
strain_long_sample_97	strain	SP121_S3	2078750	401742	19.33
strain_long_sample_97	strain	SP122_S4	2049787	190402	9.29
strain_long_sample_97	strain	SP124_S6	2070014	2068868	99.94
strain_long_sample_97	strain	SP125_S84	2015328	332609	16.50
strain_long_sample_97	strain	SP126_S7	2003842	1874500	93.55
strain_long_sample_97	strain	SP127_S8	2054557	240466	11.70
strain_long_sample_97	strain	SP128_S9	2012996	1360865	67.60
strain_long_sample_97	strain	SP129_S10	2028767	42507	2.10
strain_long_sample_97	strain	SP12_S9	1985084	791057	39.85
strain_long_sample_97	strain	SP130_S11	2077144	137014	6.60
strain_long_sample_97	strain	SP131_S12	2155215	1278126	59.30
strain_long_sample_97	strain	SP132_S13	2000885	127725	6.38
strain_long_sample_97	strain	SP133_S14	1991005	313157	15.73
strain_long_sample_97	strain	SP134_S15	2061331	265450	12.88
strain_long_sample_97	strain	SP135_S16	2058733	248968	12.09
strain_long_sample_97	strain	SP136_S17	2038096	288527	14.16
strain_long_sample_97	strain	SP137_S18	2035362	347128	17.05
strain_long_sample_97	strain	SP138_S19	2139728	240620	11.25
strain_long_sample_97	strain	SP139_S20	2017343	860774	42.67
strain_long_sample_97	strain	SP13_S10	2040289	302549	14.83
strain_long_sample_97	strain	SP140_S21	2128346	1380134	64.85
strain_long_sample_97	strain	SP141_S22	1979460	17970	0.91
strain_long_sample_97	strain	SP142_S23	2060851	717357	34.81
strain_long_sample_97	strain	SP143_S24	2012493	967689	48.08
strain_long_sample_97	strain	SP144_S25	2073909	720871	34.76
strain_long_sample_97	strain	SP145_S26	2040147	507884	24.89
strain_long_sample_97	strain	SP146_S27	1976220	147859	7.48
strain_long_sample_97	strain	SP147_S28	2131103	337663	15.84
strain_long_sample_97	strain	SP148_S29	2086142	2014966	96.59
strain_long_sample_97	strain	SP149_S30	2113372	63366	3.00
strain_long_sample_97	strain	SP14_S11	2059376	1103501	53.58
strain_long_sample_97	strain	SP150_S31	1987853	1329226	66.87
strain_long_sample_97	strain	SP151_S32	1974069	260347	13.19
strain_long_sample_97	strain	SP152_S33	2010753	684652	34.05
strain_long_sample_97	strain	SP154_S35	2162035	32888	1.52
strain_long_sample_97	strain	SP155_S36	2075312	259894	12.52
strain_long_sample_97	strain	SP156_S37	2079530	470949	22.65
strain_long_sample_97	strain	SP157_S38	2048216	860268	42.00
strain_long_sample_97	strain	SP158_S39	1975569	615670	31.16
strain_long_sample_97	strain	SP159_S40	2086141	222995	10.69
strain_long_sample_97	strain	SP15_S89	2011560	1066596	53.02
strain_long_sample_97	strain	SP160_S41	2045367	757785	37.05
strain_long_sample_97	strain	SP161_S42	2050632	2047319	99.84
strain_long_sample_97	strain	SP162_S43	1982417	129029	6.51
strain_long_sample_97	strain	SP163_S44	1948475	169830	8.72
strain_long_sample_97	strain	SP164_S45	1984518	44552	2.24
strain_long_sample_97	strain	SP165_S46	1973565	180371	9.14
strain_long_sample_97	strain	SP166_S47	2090273	21584	1.03
strain_long_sample_97	strain	SP167_S48	2065677	168053	8.14
strain_long_sample_97	strain	SP168_S49	1749640	83831	4.79
strain_long_sample_97	strain	SP169_S50	1902740	48779	2.56
strain_long_sample_97	strain	SP16_S12	2043829	9015	0.44
strain_long_sample_97	strain	SP170_S51	2021551	171270	8.47
strain_long_sample_97	strain	SP171_S52	1993908	25961	1.30
strain_long_sample_97	strain	SP172_S53	1957437	18205	0.93
strain_long_sample_97	strain	SP173_S54	1973592	34201	1.73
strain_long_sample_97	strain	SP174_S55	2117559	1876042	88.59
strain_long_sample_97	strain	SP176_S56	2044611	1203086	58.84
strain_long_sample_97	strain	SP177_S57	1977200	1002132	50.68
strain_long_sample_97	strain	SP178_S58	1925491	682409	35.44
strain_long_sample_97	strain	SP179_S59	2098228	383164	18.26
strain_long_sample_97	strain	SP17_S90	2082160	60991	2.93
strain_long_sample_97	strain	SP180_S96	2031083	890744	43.86
strain_long_sample_97	strain	SP181_S61	2135333	121064	5.67
strain_long_sample_97	strain	SP182_S62	2047295	97379	4.76
strain_long_sample_97	strain	SP184_S64	1635099	337360	20.63
strain_long_sample_97	strain	SP185_S65	1845437	290578	15.75
strain_long_sample_97	strain	SP187_S66	1958898	24816	1.27
strain_long_sample_97	strain	SP188_S67	2040293	92882	4.55
strain_long_sample_97	strain	SP189_S68	2062647	1943019	94.20
strain_long_sample_97	strain	SP18_S91	2072566	1902	0.09
strain_long_sample_97	strain	SP190_S69	1976008	34439	1.74
strain_long_sample_97	strain	SP191_S70	2000529	684631	34.22
strain_long_sample_97	strain	SP192_S71	1924197	218212	11.34
strain_long_sample_97	strain	SP194_S73	2053846	175626	8.55
strain_long_sample_97	strain	SP195_S74	1985003	116902	5.89
strain_long_sample_97	strain	SP196_S75	1970420	35132	1.78
strain_long_sample_97	strain	SP198_S01	2057645	93242	4.53
strain_long_sample_97	strain	SP1_S85	2164447	265942	12.29
strain_long_sample_97	strain	SP20_S77	2202269	1958325	88.92
strain_long_sample_97	strain	SP21_S92	1689727	1507069	89.19
strain_long_sample_97	strain	SP22_S78	2120430	631381	29.78
strain_long_sample_97	strain	SP23_S93	2030322	821499	40.46
strain_long_sample_97	strain	SP24_S13	2093455	2091703	99.92
strain_long_sample_97	strain	SP25_S14	2028415	142043	7.00
strain_long_sample_97	strain	SP27_S15	1980747	1979700	99.95
strain_long_sample_97	strain	SP2_S86	2105629	870070	41.32
strain_long_sample_97	strain	SP30_S17	2078679	2075436	99.84
strain_long_sample_97	strain	SP31_S18	2096146	755711	36.05
strain_long_sample_97	strain	SP32_S19	2103320	76291	3.63
strain_long_sample_97	strain	SP33_S20	2079363	2196	0.11
strain_long_sample_97	strain	SP34_S21	2072742	1249653	60.29
strain_long_sample_97	strain	SP35_S22	1990563	364387	18.31
strain_long_sample_97	strain	SP36_S23	2086015	1336495	64.07
strain_long_sample_97	strain	SP38_S25	2056653	1494798	72.68
strain_long_sample_97	strain	SP39_S26	2010726	16256	0.81
strain_long_sample_97	strain	SP3_S87	2041279	164902	8.08
strain_long_sample_97	strain	SP40_S27	2129381	961394	45.15
strain_long_sample_97	strain	SP41_S28	2044969	108634	5.31
strain_long_sample_97	strain	SP42_S29	2065552	8745	0.42
strain_long_sample_97	strain	SP43_S30	1998079	1053441	52.72
strain_long_sample_97	strain	SP44_S31	2047099	946465	46.23
strain_long_sample_97	strain	SP45_S32	2070043	1077419	52.05
strain_long_sample_97	strain	SP46_S33	2068370	65768	3.18
strain_long_sample_97	strain	SP47_S34	2027743	351965	17.36
strain_long_sample_97	strain	SP48_S35	2032240	25145	1.24
strain_long_sample_97	strain	SP49_S36	2058421	4391	0.21
strain_long_sample_97	strain	SP4_S3	2195551	34218	1.56
strain_long_sample_97	strain	SP50_S37	1958348	1614107	82.42
strain_long_sample_97	strain	SP52_S38	2038081	24972	1.23
strain_long_sample_97	strain	SP53_S39	2156089	2154475	99.93
strain_long_sample_97	strain	SP54_S40	2028957	22901	1.13
strain_long_sample_97	strain	SP55_S41	1980370	18093	0.91
strain_long_sample_97	strain	SP56_S42	2048034	564778	27.58
strain_long_sample_97	strain	SP57_S43	1969838	1875	0.10
strain_long_sample_97	strain	SP58_S44	1973824	54168	2.74
strain_long_sample_97	strain	SP59_S47	2090807	13458	0.64
strain_long_sample_97	strain	SP60_S48	1971764	53296	2.70
strain_long_sample_97	strain	SP61_S45	1995963	17427	0.87
strain_long_sample_97	strain	SP62_S46	2086023	226848	10.87
strain_long_sample_97	strain	SP63_S49	2084429	1611826	77.33
strain_long_sample_97	strain	SP64_S79	2013820	1802358	89.50
strain_long_sample_97	strain	SP65_S80	1985668	553902	27.89
strain_long_sample_97	strain	SP67_S50	2070264	1884088	91.01
strain_long_sample_97	strain	SP68_S51	2287165	1252116	54.75
strain_long_sample_97	strain	SP69_S52	2218514	60484	2.73
strain_long_sample_97	strain	SP6_S88	2087122	1751684	83.93
strain_long_sample_97	strain	SP70_S53	2055688	151930	7.39
strain_long_sample_97	strain	SP71_S54	2049554	6110	0.30
strain_long_sample_97	strain	SP72_S55	2008808	666080	33.16
strain_long_sample_97	strain	SP73_S56	2050203	1346168	65.66
strain_long_sample_97	strain	SP74_S57	1980502	120356	6.08
strain_long_sample_97	strain	SP75_S58	2079412	116376	5.60
strain_long_sample_97	strain	SP76_S59	2094080	157280	7.51
strain_long_sample_97	strain	SP77_S60	2013262	1189244	59.07
strain_long_sample_97	strain	SP78_S61	2014664	28458	1.41
strain_long_sample_97	strain	SP79_S62	2013315	63411	3.15
strain_long_sample_97	strain	SP7_S4	2105126	1580656	75.09
strain_long_sample_97	strain	SP80_S63	2050940	93909	4.58
strain_long_sample_97	strain	SP81_S64	1964360	41613	2.12
strain_long_sample_97	strain	SP82_S65	2093277	1621269	77.45
strain_long_sample_97	strain	SP83_S66	1980931	8809	0.44
strain_long_sample_97	strain	SP84_S67	2069912	48432	2.34
strain_long_sample_97	strain	SP85_S68	2065876	751468	36.38
strain_long_sample_97	strain	SP86_S69	2049356	136390	6.66
strain_long_sample_97	strain	SP87_S70	2006213	1912040	95.31
strain_long_sample_97	strain	SP88_S94	2082503	43018	2.07
strain_long_sample_97	strain	SP8_S5	2092144	14630	0.70
strain_long_sample_97	strain	SP91_S72	2026991	655932	32.36
strain_long_sample_97	strain	SP92_S73	2071399	267018	12.89
strain_long_sample_97	strain	SP93_S74	2078442	4664	0.22
strain_long_sample_97	strain	SP94_S75	2078602	866236	41.67
strain_long_sample_97	strain	SP95_S76	2053291	58696	2.86
strain_long_sample_97	strain	SP96_S77	2166888	971717	44.84
strain_long_sample_97	strain	SP97_S78	2008538	241513	12.02
strain_long_sample_97	strain	SP99_S80	1980535	153659	7.76
strain_long_sample_97	strain	SP9_S6	1996138	746954	37.42
strain_long_sample_97	strain	spades_AND4471_S1_L001	5368063	1055321	19.66
strain_long_sample_97	strain	spades_AND8064_S11_L001	5497841	2828156	51.44
strain_long_sample_97	strain	spades_AND8281_S12_L001	5497673	3691886	67.15
strain_long_sample_97	strain	spades_AND8302_S10_L001	5495418	373193	6.79
strain_long_sample_97	strain	spades_AND9183_S11_L001	5148435	2213844	43.00
strain_long_sample_97	strain	spades_And10026_S11_L001	5077379	465620	9.17
strain_long_sample_97	strain	spades_And10054_S9_L001	5248044	136173	2.59
strain_long_sample_97	strain	spades_And10062_S12_L001	5068183	404316	7.98
strain_long_sample_97	strain	spades_And10073_S10_L001	5246988	1717002	32.72
strain_long_sample_97	strain	spades_And10925_S5_L001	5618570	451302	8.03
strain_long_sample_97	strain	spades_And11624_S6_L001	4961806	9955	0.20
strain_long_sample_97	strain	spades_And12875_S7_L001	5202195	150712	2.90
strain_long_sample_97	strain	spades_And4180_S6_L001	5338226	156021	2.92
strain_long_sample_97	strain	spades_And4191_S5_L001	5373351	2658272	49.47
strain_long_sample_97	strain	spades_And4246_S5_L001	5640614	905608	16.06
strain_long_sample_97	strain	spades_And4355_S8_L001	5363521	4556823	84.96
strain_long_sample_97	strain	spades_And4366_S2_L001	5364391	385092	7.18
strain_long_sample_97	strain	spades_And4500_S1_L001	5585829	240403	4.30
strain_long_sample_97	strain	spades_And4543_S2_L001	5582611	992877	17.79
strain_long_sample_97	strain	spades_And4613_S9_L001	5211989	569654	10.93
strain_long_sample_97	strain	spades_And4621_S3_L001	5216022	292640	5.61
strain_long_sample_97	strain	spades_And4858_S9_L001	5288817	186597	3.53
strain_long_sample_97	strain	spades_And4892_S4_L001	5077878	1001177	19.72
strain_long_sample_97	strain	spades_And4902_S2_L001	5066396	29075	0.57
strain_long_sample_97	strain	spades_And4955_S10_L001	5044213	188308	3.73
strain_long_sample_97	strain	spades_And5042_S4_L001	5284713	3831570	72.50
strain_long_sample_97	strain	spades_And5141_S4_L001	5286562	152071	2.88
strain_long_sample_97	strain	spades_And5192_S3_L001	5106414	100124	1.96
strain_long_sample_97	strain	spades_And5213_S1_L001	4911642	100270	2.04
strain_long_sample_97	strain	spades_And5232_S2_L001	4894280	112296	2.29
strain_long_sample_97	strain	spades_And5237_S4_L001	5948456	2096284	35.24
strain_long_sample_97	strain	spades_And5284_S5_L001	5633195	5632759	99.99
strain_long_sample_97	strain	spades_And5315_S3_L001	5485511	415909	7.58
strain_long_sample_97	strain	spades_And5331_S1_L001	5061628	3369828	66.58
strain_long_sample_97	strain	spades_And5388_S8_L001	5248482	16840	0.32
strain_long_sample_97	strain	spades_And5444_S7_L001	5248207	347778	6.63
strain_long_sample_97	strain	spades_And5527_S8_L001	5489379	95594	1.74
strain_long_sample_97	strain	spades_And5533_S9_L001	5486696	4270674	77.84
strain_long_sample_97	strain	spades_And6098_S1_L001	5486974	4645953	84.67
strain_long_sample_97	strain	spades_And6100_S3_L001	5483251	5375285	98.03
strain_long_sample_97	strain	spades_And6166_S1_L001	5491273	951462	17.33
strain_long_sample_97	strain	spades_And6241_S2_L001	5482102	2631087	47.99
strain_long_sample_97	strain	spades_And6342_S10_L001	4808690	4802695	99.88
strain_long_sample_97	strain	spades_And6399_S9_L001	4808515	217327	4.52
strain_long_sample_97	strain	spades_And6400_S11_L001	4808757	1367422	28.44
strain_long_sample_97	strain	spades_And6442_S8_L001	5472709	70037	1.28
strain_long_sample_97	strain	spades_And6884_S7_L001	5616342	128914	2.30
strain_long_sample_97	strain	spades_And7051_S7_L001	5163258	717646	13.90
strain_long_sample_97	strain	spades_And7187_S3_L001	4886278	1167118	23.89
strain_long_sample_97	strain	spades_And7225_S6_L001	4907918	694360	14.15
strain_long_sample_97	strain	spades_And7556_S8_L001	5192378	2881018	55.49
strain_long_sample_97	strain	spades_And8344_S10_L001	4970303	2754114	55.41
strain_long_sample_97	strain	spades_And8381_S10_L001	5498306	210228	3.82
strain_long_sample_97	strain	spades_And8382_S4_L001	4966755	777618	15.66
strain_long_sample_97	strain	spades_And8388_S5_L001	5330669	104534	1.96
strain_long_sample_97	strain	spades_And8423_S6_L001	5530859	278115	5.03
strain_long_sample_97	strain	spades_And8454_S5_L001	5530317	149674	2.71
strain_long_sample_97	strain	spades_And8457_S3_L001	4927737	461980	9.38
strain_long_sample_97	strain	spades_And8655_S10_L001	5601592	275914	4.93
strain_long_sample_97	strain	spades_And8688_S9_L001	5605589	178390	3.18
strain_long_sample_97	strain	spades_And8861_S3_L001	5452253	1292029	23.70
strain_long_sample_97	strain	spades_And8909_S4_L001	5467567	2567788	46.96
strain_long_sample_97	strain	spades_And8926_S4_L001	4595731	188040	4.09
strain_long_sample_97	strain	spades_And9053_S12_L001	5579929	3620311	64.88
strain_long_sample_97	strain	spades_And9076_S11_L001	5583272	994529	17.81
strain_long_sample_97	strain	spades_And9183_S10_L001	5150416	1659709	32.22
strain_long_sample_97	strain	spades_And9205_S9_L001	5065495	2024255	39.96
strain_long_sample_97	strain	spades_And9353_S7_L001	5391022	1192718	22.12
strain_long_sample_97	strain	spades_And9387_S6_L001	5536369	5532726	99.93
strain_long_sample_97	strain	spades_And9426_S4_L001	5311551	5302809	99.84
strain_long_sample_97	strain	spades_And9454_S3_L001	5576404	111534	2.00
strain_long_sample_97	strain	spades_And9653_S7_L001	4729396	728644	15.41
strain_long_sample_97	strain	spades_And9693_S1_L001	5234639	139278	2.66
strain_long_sample_97	strain	spades_And9722_S8_L001	5087231	2021704	39.74
strain_long_sample_97	strain	spades_And9746_S7_L001	5208326	1061068	20.37
strain_long_sample_97	strain	spades_And9855_S12_L001	5376042	492704	9.16
strain_long_sample_97	strain	spades_ESBL10011_S11_L001	4909842	4806709	97.90
strain_long_sample_97	strain	spades_ESBL10030_S2_L001	4855730	3898768	80.29
strain_long_sample_97	strain	spades_ESBL10055_S8_L001	5090447	1824654	35.84
strain_long_sample_97	strain	spades_ESBL10056_S9_L001	5057878	664093	13.13
strain_long_sample_97	strain	spades_ESBL1009_S1_L001	4889917	1360962	27.83
strain_long_sample_97	strain	spades_ESBL5402_S6_L001	4938055	4636736	93.90
strain_long_sample_97	strain	spades_ESBL5481_S10_L001	4901360	3881912	79.20
strain_long_sample_97	strain	spades_ESBL5497_S3_L001	5188881	1987515	38.30
strain_long_sample_97	strain	spades_ESBL5533_S4_L001	5179780	146628	2.83
strain_long_sample_97	strain	spades_ESBL5609_S2_L001	5088202	88721	1.74
strain_long_sample_97	strain	spades_ESBL5613_S5_L001	5273131	36408	0.69
strain_long_sample_97	strain	spades_ESBL5621_S1_L001	5257092	536282	10.20
strain_long_sample_97	strain	spades_ESBL5660_S7_L001	5257730	5028034	95.63
strain_long_sample_97	strain	spades_ESBL5717_S8_L001	5220419	1298226	24.87
strain_long_sample_97	strain	spades_ESBL5734_S3_L001	5598134	532657	9.51
strain_long_sample_97	strain	spades_ESBL5772_S6_L001	5325463	2748657	51.61
strain_long_sample_97	strain	spades_ESBL5780_S5_L001	5349338	674212	12.60
strain_long_sample_97	strain	spades_ESBL5784_S3_L001	5468994	5466850	99.96
strain_long_sample_97	strain	spades_ESBL5786_S5_L001	5289185	852356	16.12
strain_long_sample_97	strain	spades_ESBL5791_S4_L001	5419083	338907	6.25
strain_long_sample_97	strain	spades_ESBL5792_S6_L001	5286705	467772	8.85
strain_long_sample_97	strain	spades_ESBL5808_S8_L001	5142239	1662621	32.33
strain_long_sample_97	strain	spades_ESBL5817_S7_L001	4850179	346992	7.15
strain_long_sample_97	strain	spades_ESBL5827_S10_L001	5627681	4503648	80.03
strain_long_sample_97	strain	spades_ESBL5852_S11_L001	5631598	218441	3.88
strain_long_sample_97	strain	spades_ESBL5872_S5_L001	5649121	27208	0.48
strain_long_sample_97	strain	spades_ESBL5909_S5_L001	4903928	4654688	94.92
strain_long_sample_97	strain	spades_ESBL5911_S4_L001	4902006	249319	5.09
strain_long_sample_97	strain	spades_ESBL6101_S9_L001	4951660	4950355	99.97
strain_long_sample_97	strain	spades_ESBL6164_S11_L001	5296034	1593737	30.09
strain_long_sample_97	strain	spades_ESBL6200_S12_L001	4853372	570093	11.75
strain_long_sample_97	strain	spades_ESBL6210_S10_L001	4795054	210259	4.38
strain_long_sample_97	strain	spades_ESBL6270_S10_L001	5129972	91047	1.77
strain_long_sample_97	strain	spades_ESBL6351_S5_L001	5140727	4633927	90.14
strain_long_sample_97	strain	spades_ESBL6364_S9_L001	5323526	5317255	99.88
strain_long_sample_97	strain	spades_ESBL6409_S4_L001	5206730	3008359	57.78
strain_long_sample_97	strain	spades_ESBL6418_S2_L001	4803161	570731	11.88
strain_long_sample_97	strain	spades_ESBL6455_S6_L001	4857585	66677	1.37
strain_long_sample_97	strain	spades_ESBL6515_S2_L001	5206284	3087129	59.30
strain_long_sample_97	strain	spades_ESBL6620_S4_L001	5444869	4851910	89.11
strain_long_sample_97	strain	spades_ESBL6628_S5_L001	5443769	232803	4.28
strain_long_sample_97	strain	spades_ESBL6643_S3_L001	5120216	1138481	22.24
strain_long_sample_97	strain	spades_ESBL6661_S8_L001	5049636	408804	8.10
strain_long_sample_97	strain	spades_ESBL6724_S11_L001	5278084	54143	1.03
strain_long_sample_97	strain	spades_ESBL6759Q_S12_L001	5518056	4591976	83.22
strain_long_sample_97	strain	spades_ESBL6760_S6_L001	5267859	2346797	44.55
strain_long_sample_97	strain	spades_ESBL6769_S11_L001	5522930	87625	1.59
strain_long_sample_97	strain	spades_ESBL6792_S10_L001	5212350	5175789	99.30
strain_long_sample_97	strain	spades_ESBL6983_S3_L001	5223413	178621	3.42
strain_long_sample_97	strain	spades_ESBL6984_S1_L001	5169466	2784586	53.87
strain_long_sample_97	strain	spades_ESBL7021_S2_L001	5166821	3978442	77.00
strain_long_sample_97	strain	spades_ESBL7234_S12_L001	5148279	463590	9.00
strain_long_sample_97	strain	spades_ESBL7347_S10_L001	5120214	4096227	80.00
strain_long_sample_97	strain	spades_ESBL7348_S6_L001	5205004	172177	3.31
strain_long_sample_97	strain	spades_ESBL7359_S3_L001	6243594	4086794	65.46
strain_long_sample_97	strain	spades_ESBL7382_S4_L001	4857278	1980020	40.76
strain_long_sample_97	strain	spades_ESBL7388_S7_L001	5206566	621192	11.93
strain_long_sample_97	strain	spades_ESBL7410_S11_L001	5124963	236394	4.61
strain_long_sample_97	strain	spades_ESBL7424_S8_L001	5210944	138808	2.66
strain_long_sample_97	strain	spades_ESBL7431_S12_L001	5304537	92697	1.75
strain_long_sample_97	strain	spades_ESBL7525_S1_L001	5217626	1507194	28.89
strain_long_sample_97	strain	spades_ESBL7531_S9_L001	5208486	360502	6.92
strain_long_sample_97	strain	spades_ESBL7532_S2_L001	5351688	715408	13.37
strain_long_sample_97	strain	spades_ESBL7534_S10_L001	4881029	2635433	53.99
strain_long_sample_97	strain	spades_ESBL7553_S11_L001	5395788	4873501	90.32
strain_long_sample_97	strain	spades_ESBL7586_S7_L001	4948638	4135761	83.57
strain_long_sample_97	strain	spades_ESBL7634_S2_L001	5550584	70480	1.27
strain_long_sample_97	strain	spades_ESBL7810_S9_L001	5926039	1951935	32.94
strain_long_sample_97	strain	spades_ESBL7862_S8_L001	5904754	5896658	99.86
strain_long_sample_97	strain	spades_ESBL8075_S12_L001	5404977	223231	4.13
strain_long_sample_97	strain	spades_ESBL8159_S1_L001	5325786	597458	11.22
strain_long_sample_97	strain	spades_ESBL8341_S10_L001	4862937	463032	9.52
strain_long_sample_97	strain	spades_ESBL8411_S7_L001	6071184	37335	0.61
strain_long_sample_97	strain	spades_ESBL8514_S7_L001	4905882	100439	2.05
strain_long_sample_97	strain	spades_ESBL8604_S8_L001	5107945	500648	9.80
strain_long_sample_97	strain	spades_ESBL8855_S12_L001	5625519	955081	16.98
strain_long_sample_97	strain	spades_ESBL8873_S6_L001	5567706	2459144	44.17
strain_long_sample_97	strain	spades_ESBL8909_S7_L001	5264884	449410	8.54
strain_long_sample_97	strain	spades_ESBL8953_S1_L001	5559832	1877445	33.77
strain_long_sample_97	strain	spades_ESBL8956_S2_L001	5556246	348285	6.27
strain_long_sample_97	strain	spades_ESBL8960_S8_L001	5673185	31283	0.55
strain_long_sample_97	strain	spades_ESBL9044_S9_L001	5039987	138004	2.74
strain_long_sample_97	strain	spades_ESBL9046_S6_L001	5646310	1167337	20.67
strain_long_sample_97	strain	spades_ESBL9166_S11_L001	4708419	4511546	95.82
strain_long_sample_97	strain	spades_ESBL9224_S2_L001	5703641	97946	1.72
strain_long_sample_97	strain	spades_ESBL9250_S3_L001	5557990	964622	17.36
strain_long_sample_97	strain	spades_ESBL9251_S1_L001	5704673	626531	10.98
strain_long_sample_97	strain	spades_ESBL9318_S2_L001	4772473	51499	1.08
strain_long_sample_97	strain	spades_ESBL9336_S1_L001	5170229	327717	6.34
strain_long_sample_97	strain	spades_ESBL9440_S6_L001	5102994	40410	0.79
strain_long_sample_97	strain	spades_ESBL9654_S5_L001	5153457	431518	8.37
strain_long_sample_97	strain	spades_ESBL9656_S7_L001	5100274	512542	10.05
strain_long_sample_97	strain	spades_ESBL9861_S4_L001	5188009	340832	6.57
strain_long_sample_97	strain	spades_ESBL9875_S5_L001	5191975	4169419	80.31
strain_long_sample_97	strain	spades_ESBL9915_S6_L001	5090453	453538	8.91
strain_long_sample_97	strain	spades_MRSA7113_S2_L001	2825247	136406	4.83
strain_long_sample_97	strain	spades_MRSA7119_S2_L001	2748878	327002	11.90
strain_long_sample_97	strain	spades_MRSA7124_S4_L001	2778919	98159	3.53
strain_long_sample_97	strain	spades_MRSA7129_S1_L001	2824465	352574	12.48
strain_long_sample_97	strain	spades_MRSA7129_S8_L001	2785154	2328733	83.61
strain_long_sample_97	strain	spades_MRSA7133_S3_L001	2821986	1531682	54.28
strain_long_sample_97	strain	spades_MRSA7172_S1_L001	2747769	65741	2.39
strain_long_sample_97	strain	spades_MRSA7231_S7_L001	2781316	1572965	56.55
strain_long_sample_97	strain	spades_MRSA7286_S4_L001	2817370	515476	18.30
strain_long_sample_97	strain	spades_MRSA7295_S3_L001	2832162	2811334	99.26
strain_long_sample_97	strain	spades_MRSA7796_S10_L001	2763305	608814	22.03
strain_long_sample_97	strain	spades_MRSA7830_S9_L001	2786125	24707	0.89
strain_long_sample_97	strain	spades_MRSA8007_S12_L001	2738989	720666	26.31
strain_long_sample_97	strain	spades_MRSA8013_S11_L001	2739001	100220	3.66
strain_long_sample_97	strain	spades_MRSA8186_S9_L001	2844448	601306	21.14
strain_long_sample_97	strain	spades_MRSA8187_S8_L001	2838974	276384	9.74
strain_long_sample_97	strain	spades_MRSA8339_S5_L001	2777668	2770113	99.73
strain_long_sample_97	strain	spades_MRSA8595_S7_L001	2833533	615604	21.73
strain_long_sample_97	strain	spades_MRSA8602_S6_L001	2816259	663250	23.55
strain_long_sample_97	strain	spades_MRSA8758_S5_L001	2816182	1810	0.06
strain_long_sample_97	strain	spades_MRSA9344_S6_L001	2785341	22069	0.79
strain_long_sample_97	strain	spades_VRE2224_S14_L001	3012379	38679	1.28
strain_long_sample_97	strain	spades_VRE2237_S15_L001	3010799	49976	1.66
strain_long_sample_97	strain	spades_VRE2392_S22_L001	3000431	16192	0.54
strain_long_sample_97	strain	spades_VRE2770_S9_L001	3245517	264676	8.16
strain_long_sample_97	strain	spades_VRE2857_S10_L001	3094615	128647	4.16
strain_long_sample_97	strain	spades_VRE2906_S11_L001	3429347	104864	3.06
strain_long_sample_97	strain	spades_VRE2913_S13_L001	2985072	2914657	97.64
strain_long_sample_97	strain	spades_VRE2941_S2_L001	3166882	37885	1.20
strain_long_sample_97	strain	spades_VRE2943_S1_L001	3128023	209100	6.68
strain_long_sample_97	strain	spades_VRE2961_S3_L001	2855192	69778	2.44
strain_long_sample_97	strain	spades_VRE3021_S4_L001	2952853	2940273	99.57
strain_long_sample_97	strain	spades_VRE3043_S21_L001	3001125	100669	3.35
strain_long_sample_97	strain	spades_VRE3056_S20_L001	3010057	333761	11.09
strain_long_sample_97	strain	spades_VRE3253_S17_L001	2959154	5606	0.19
strain_long_sample_97	strain	spades_VRE3277_S16_L001	3060574	1820950	59.50
strain_long_sample_97	strain	spades_VRE3342_S6_L001	3063001	632873	20.66
strain_long_sample_97	strain	spades_VRE3387_S5_L001	3006421	1634097	54.35
strain_long_sample_97	strain	spades_VRE3766_S8_L001	3083042	1522939	49.40
strain_long_sample_97	strain	spades_VRE3783_S7_L001	3086681	23761	0.77
strain_long_sample_97	strain	spades_VRE3786_S19_L001	3118152	715605	22.95
strain_long_sample_97	strain	spades_VRE3967_S23_L001	3008458	3004091	99.85
toy_humangut_long_sample_14	toy_humangut	ASV1.13	3121944	1395628	44.70
toy_humangut_long_sample_14	toy_humangut	ASV10.0	2617421	381522	14.58
toy_humangut_long_sample_14	toy_humangut	ASV101.13	7441194	882537	11.86
toy_humangut_long_sample_14	toy_humangut	ASV102.16	5010860	5010260	99.99
toy_humangut_long_sample_14	toy_humangut	ASV113.1	4018479	15229	0.38
toy_humangut_long_sample_14	toy_humangut	ASV124.7	5242252	20911	0.40
toy_humangut_long_sample_14	toy_humangut	ASV126.11	5879287	24788	0.42
toy_humangut_long_sample_14	toy_humangut	ASV127.7	3347733	3344102	99.89
toy_humangut_long_sample_14	toy_humangut	ASV128.1	4171466	1108028	26.56
toy_humangut_long_sample_14	toy_humangut	ASV134.4	5171441	2397691	46.36
toy_humangut_long_sample_14	toy_humangut	ASV136.9	4724527	57533	1.22
toy_humangut_long_sample_14	toy_humangut	ASV139.5	4239635	3373421	79.57
toy_humangut_long_sample_14	toy_humangut	ASV141.13	6805072	27273	0.40
toy_humangut_long_sample_14	toy_humangut	ASV149.1	2969575	2969061	99.98
toy_humangut_long_sample_14	toy_humangut	ASV150.10	5153319	5148783	99.91
toy_humangut_long_sample_14	toy_humangut	ASV16.10	2586960	277531	10.73
toy_humangut_long_sample_14	toy_humangut	ASV165.2	3297209	120575	3.66
toy_humangut_long_sample_14	toy_humangut	ASV166.9	3291574	3288666	99.91
toy_humangut_long_sample_14	toy_humangut	ASV173.2	4926987	59678	1.21
toy_humangut_long_sample_14	toy_humangut	ASV174.15	5249388	4121996	78.52
toy_humangut_long_sample_14	toy_humangut	ASV19.4	2472922	568559	22.99
toy_humangut_long_sample_14	toy_humangut	ASV204.2	4840937	19619	0.41
toy_humangut_long_sample_14	toy_humangut	ASV207.4	1705064	7064	0.41
toy_humangut_long_sample_14	toy_humangut	ASV213.9	6878249	3106170	45.16
toy_humangut_long_sample_14	toy_humangut	ASV220.5	1168809	9629	0.82
toy_humangut_long_sample_14	toy_humangut	ASV221.5	4009829	16097	0.40
toy_humangut_long_sample_14	toy_humangut	ASV222.7	1935214	118577	6.13
toy_humangut_long_sample_14	toy_humangut	ASV225.3	2978961	12320	0.41
toy_humangut_long_sample_14	toy_humangut	ASV226.5	2529007	9751	0.39
toy_humangut_long_sample_14	toy_humangut	ASV227.0	1755381	56939	3.24
toy_humangut_long_sample_14	toy_humangut	ASV23.1	2064836	2064351	99.98
toy_humangut_long_sample_14	toy_humangut	ASV245.9	2841783	11420	0.40
toy_humangut_long_sample_14	toy_humangut	ASV253.12	3258400	175027	5.37
toy_humangut_long_sample_14	toy_humangut	ASV258.13	3318845	25681	0.77
toy_humangut_long_sample_14	toy_humangut	ASV266.5	2035679	450088	22.11
toy_humangut_long_sample_14	toy_humangut	ASV27.5	2237123	8797	0.39
toy_humangut_long_sample_14	toy_humangut	ASV281.4	2042627	99622	4.88
toy_humangut_long_sample_14	toy_humangut	ASV286.2	1949404	7325	0.38
toy_humangut_long_sample_14	toy_humangut	ASV287.6	2448497	518461	21.17
toy_humangut_long_sample_14	toy_humangut	ASV290.3	2121745	1930198	90.97
toy_humangut_long_sample_14	toy_humangut	ASV297.7	3364919	272004	8.08
toy_humangut_long_sample_14	toy_humangut	ASV300.10	3059795	3058943	99.97
toy_humangut_long_sample_14	toy_humangut	ASV31.1	2644957	21254	0.80
toy_humangut_long_sample_14	toy_humangut	ASV324.5	3856853	284606	7.38
toy_humangut_long_sample_14	toy_humangut	ASV327.8	2396799	9881	0.41
toy_humangut_long_sample_14	toy_humangut	ASV329.2	2770539	2770480	100.00
toy_humangut_long_sample_14	toy_humangut	ASV332.13	2052112	51416	2.51
toy_humangut_long_sample_14	toy_humangut	ASV334.7	3120551	833206	26.70
toy_humangut_long_sample_14	toy_humangut	ASV337.1	3164285	2228565	70.43
toy_humangut_long_sample_14	toy_humangut	ASV341.6	3897060	158534	4.07
toy_humangut_long_sample_14	toy_humangut	ASV348.11	5516530	22578	0.41
toy_humangut_long_sample_14	toy_humangut	ASV364.1	4364341	91889	2.11
toy_humangut_long_sample_14	toy_humangut	ASV368.0	4204886	156038	3.71
toy_humangut_long_sample_14	toy_humangut	ASV371.5	3787669	125498	3.31
toy_humangut_long_sample_14	toy_humangut	ASV372.2	4171777	16564	0.40
toy_humangut_long_sample_14	toy_humangut	ASV374.4	1990771	16257	0.82
toy_humangut_long_sample_14	toy_humangut	ASV380.9	2761423	33629	1.22
toy_humangut_long_sample_14	toy_humangut	ASV385.0	2871846	518066	18.04
toy_humangut_long_sample_14	toy_humangut	ASV387.11	3331673	3331254	99.99
toy_humangut_long_sample_14	toy_humangut	ASV388.13	1680813	20907	1.24
toy_humangut_long_sample_14	toy_humangut	ASV392.3	2861301	254025	8.88
toy_humangut_long_sample_14	toy_humangut	ASV397.1	3429456	3394976	98.99
toy_humangut_long_sample_14	toy_humangut	ASV398.3	4697529	19386	0.41
toy_humangut_long_sample_14	toy_humangut	ASV399.0	2459729	2457997	99.93
toy_humangut_long_sample_14	toy_humangut	ASV406.11	4076914	4075347	99.96
toy_humangut_long_sample_14	toy_humangut	ASV410.0	3574896	217866	6.09
toy_humangut_long_sample_14	toy_humangut	ASV412.1	3394619	13056	0.38
toy_humangut_long_sample_14	toy_humangut	ASV420.12	2985955	12125	0.41
toy_humangut_long_sample_14	toy_humangut	ASV423.11	4714964	345321	7.32
toy_humangut_long_sample_14	toy_humangut	ASV426.9	3188304	3177302	99.65
toy_humangut_long_sample_14	toy_humangut	ASV428.1	3075926	12398	0.40
toy_humangut_long_sample_14	toy_humangut	ASV429.0	6850744	557124	8.13
toy_humangut_long_sample_14	toy_humangut	ASV431.3	3704208	3630396	98.01
toy_humangut_long_sample_14	toy_humangut	ASV436.0	3794810	3735150	98.43
toy_humangut_long_sample_14	toy_humangut	ASV437.1	2955730	36417	1.23
toy_humangut_long_sample_14	toy_humangut	ASV442.5	3413278	3393643	99.42
toy_humangut_long_sample_14	toy_humangut	ASV444.2	3173421	1438713	45.34
toy_humangut_long_sample_14	toy_humangut	ASV447.2	6496001	618791	9.53
toy_humangut_long_sample_14	toy_humangut	ASV451.4	6432490	3747303	58.26
toy_humangut_long_sample_14	toy_humangut	ASV456.0	3549767	3540985	99.75
toy_humangut_long_sample_14	toy_humangut	ASV463.13	2937940	224572	7.64
toy_humangut_long_sample_14	toy_humangut	ASV466.3	3017868	74620	2.47
toy_humangut_long_sample_14	toy_humangut	ASV470.1	3320462	1949724	58.72
toy_humangut_long_sample_14	toy_humangut	ASV471.11	5474589	66190	1.21
toy_humangut_long_sample_14	toy_humangut	ASV472.4	1662107	6703	0.40
toy_humangut_long_sample_14	toy_humangut	ASV473.0	2648172	722150	27.27
toy_humangut_long_sample_14	toy_humangut	ASV475.1	2911347	179563	6.17
toy_humangut_long_sample_14	toy_humangut	ASV476.5	4147245	1431443	34.52
toy_humangut_long_sample_14	toy_humangut	ASV484.7	2955564	2953785	99.94
toy_humangut_long_sample_14	toy_humangut	ASV487.0	1501009	1501005	100.00
toy_humangut_long_sample_14	toy_humangut	ASV487.11	3346315	3333100	99.61
toy_humangut_long_sample_14	toy_humangut	ASV487.12	3013746	3007314	99.79
toy_humangut_long_sample_14	toy_humangut	ASV487.13	3606305	3606297	100.00
toy_humangut_long_sample_14	toy_humangut	ASV487.3	4159492	4157939	99.96
toy_humangut_long_sample_14	toy_humangut	ASV491.12	1894301	14971	0.79
toy_humangut_long_sample_14	toy_humangut	ASV493.7	2850111	1080553	37.91
toy_humangut_long_sample_14	toy_humangut	ASV494.1	4857438	19373	0.40
toy_humangut_long_sample_14	toy_humangut	ASV495.14	5234143	20496	0.39
toy_humangut_long_sample_14	toy_humangut	ASV497.2	3034556	100377	3.31
toy_humangut_long_sample_14	toy_humangut	ASV498.1	3107887	24562	0.79
toy_humangut_long_sample_14	toy_humangut	ASV499.2	3461905	357075	10.31
toy_humangut_long_sample_14	toy_humangut	ASV50.6	2282211	9133	0.40
toy_humangut_long_sample_14	toy_humangut	ASV503.6	4273558	17689	0.41
toy_humangut_long_sample_14	toy_humangut	ASV504.1	3173694	333641	10.51
toy_humangut_long_sample_14	toy_humangut	ASV505.8	4793053	19723	0.41
toy_humangut_long_sample_14	toy_humangut	ASV507.8	3065879	3065878	100.00
toy_humangut_long_sample_14	toy_humangut	ASV509.0	4011075	101083	2.52
toy_humangut_long_sample_14	toy_humangut	ASV511.10	2120121	17219	0.81
toy_humangut_long_sample_14	toy_humangut	ASV514.5	2471202	41437	1.68
toy_humangut_long_sample_14	toy_humangut	ASV515.5	2157038	1688928	78.30
toy_humangut_long_sample_14	toy_humangut	ASV519.8	3002881	1316152	43.83
toy_humangut_long_sample_14	toy_humangut	ASV520.9	3051321	150669	4.94
toy_humangut_long_sample_14	toy_humangut	ASV522.0	4130829	102408	2.48
toy_humangut_long_sample_14	toy_humangut	ASV525.9	3040847	3038933	99.94
toy_humangut_long_sample_14	toy_humangut	ASV530.12	1696281	13809	0.81
toy_humangut_long_sample_14	toy_humangut	ASV540.7	2213402	2211443	99.91
toy_humangut_long_sample_14	toy_humangut	ASV541.3	4198599	51310	1.22
toy_humangut_long_sample_14	toy_humangut	ASV546.7	2950058	73977	2.51
toy_humangut_long_sample_14	toy_humangut	ASV547.2	3122586	3009094	96.37
toy_humangut_long_sample_14	toy_humangut	ASV551.0	2318719	26507	1.14
toy_humangut_long_sample_14	toy_humangut	ASV552.3	4935559	19632	0.40
toy_humangut_long_sample_14	toy_humangut	ASV557.4	3878176	127834	3.30
toy_humangut_long_sample_14	toy_humangut	ASV564.0	2240375	9250	0.41
toy_humangut_long_sample_14	toy_humangut	ASV565.1	4127204	219959	5.33
toy_humangut_long_sample_14	toy_humangut	ASV568.13	4935675	20081	0.41
toy_humangut_long_sample_14	toy_humangut	ASV573.5	3057384	76032	2.49
toy_humangut_long_sample_14	toy_humangut	ASV575.1	2423285	9320	0.38
toy_humangut_long_sample_14	toy_humangut	ASV576.5	2238510	126031	5.63
toy_humangut_long_sample_14	toy_humangut	ASV577.0	2305309	141602	6.14
toy_humangut_long_sample_14	toy_humangut	ASV578.6	3305295	2970660	89.88
toy_humangut_long_sample_14	toy_humangut	ASV579.0	2345971	2345855	100.00
toy_humangut_long_sample_14	toy_humangut	ASV580.1	5098251	127986	2.51
toy_humangut_long_sample_14	toy_humangut	ASV582.2	2433751	16988	0.70
toy_humangut_long_sample_14	toy_humangut	ASV583.7	2768701	11052	0.40
toy_humangut_long_sample_14	toy_humangut	ASV585.6	5078845	85642	1.69
toy_humangut_long_sample_14	toy_humangut	ASV592.0	2387327	10027	0.42
toy_humangut_long_sample_14	toy_humangut	ASV596.5	3154045	11671	0.37
toy_humangut_long_sample_14	toy_humangut	ASV602.11	2135405	8795	0.41
toy_humangut_long_sample_14	toy_humangut	ASV607.0	2132142	44699	2.10
toy_humangut_long_sample_14	toy_humangut	ASV609.1	1770670	7337	0.41
toy_humangut_long_sample_14	toy_humangut	ASV621.2	3080518	24925	0.81
toy_humangut_long_sample_14	toy_humangut	ASV632.14	4801266	274816	5.72
toy_humangut_long_sample_14	toy_humangut	ASV65.2	1747988	1527609	87.39
toy_humangut_long_sample_14	toy_humangut	ASV655.14	5078707	4556205	89.71
toy_humangut_long_sample_14	toy_humangut	ASV670.1	3698404	92587	2.50
toy_humangut_long_sample_14	toy_humangut	ASV68.8	2542526	1316392	51.77
toy_humangut_long_sample_14	toy_humangut	ASV684.7	4953189	20322	0.41
toy_humangut_long_sample_14	toy_humangut	ASV685.4	4869173	908621	18.66
toy_humangut_long_sample_14	toy_humangut	ASV687.0	5433015	44620	0.82
toy_humangut_long_sample_14	toy_humangut	ASV689.10	5128476	4457406	86.91
toy_humangut_long_sample_14	toy_humangut	ASV692.1	2725870	2455534	90.08
toy_humangut_long_sample_14	toy_humangut	ASV7.7	2201171	8618	0.39
toy_humangut_long_sample_14	toy_humangut	ASV709.4	2014159	23868	1.19
toy_humangut_long_sample_14	toy_humangut	ASV71.9	2251025	74618	3.31
toy_humangut_long_sample_14	toy_humangut	ASV710.3	4906030	19911	0.41
toy_humangut_long_sample_14	toy_humangut	ASV712.0	4391194	4195147	95.54
toy_humangut_long_sample_14	toy_humangut	ASV714.0	3847181	141692	3.68
toy_humangut_long_sample_14	toy_humangut	ASV729.19	4694531	37908	0.81
toy_humangut_long_sample_14	toy_humangut	ASV73.2	2527722	2526024	99.93
toy_humangut_long_sample_14	toy_humangut	ASV737.12	4899813	120131	2.45
toy_humangut_long_sample_14	toy_humangut	ASV74.3	3121912	190082	6.09
toy_humangut_long_sample_14	toy_humangut	ASV743.0	4652052	502950	10.81
toy_humangut_long_sample_14	toy_humangut	ASV78.12	2252925	26389	1.17
toy_humangut_long_sample_14	toy_humangut	ASV783.11	4728849	18967	0.40
toy_humangut_long_sample_14	toy_humangut	ASV790.0	6959874	28477	0.41
toy_humangut_long_sample_14	toy_humangut	ASV8.15	2373237	9540	0.40
toy_humangut_long_sample_14	toy_humangut	ASV80.1	2229277	26666	1.20
toy_humangut_long_sample_14	toy_humangut	ASV81.3	3423005	1042686	30.46
toy_humangut_long_sample_14	toy_humangut	ASV810.4	2871614	249720	8.70
toy_humangut_long_sample_14	toy_humangut	ASV811.8	4712541	19447	0.41
toy_humangut_long_sample_14	toy_humangut	ASV825.9	2756657	1532720	55.60
toy_humangut_long_sample_14	toy_humangut	ASV827.3	3309225	12788	0.39
toy_humangut_long_sample_14	toy_humangut	ASV828.7	2770146	135968	4.91
toy_humangut_long_sample_14	toy_humangut	ASV829.14	3135072	2293080	73.14
toy_humangut_long_sample_14	toy_humangut	ASV830.6	2753166	2740107	99.53
toy_humangut_long_sample_14	toy_humangut	ASV86.16	3803864	65196	1.71
toy_humangut_long_sample_14	toy_humangut	ASV87.8	2278160	1549960	68.04
toy_humangut_long_sample_14	toy_humangut	ASV88.6	2387577	59910	2.51
toy_humangut_long_sample_14	toy_humangut	ASV96.1	6615004	3652570	55.22
toy_humangut_long_sample_14	toy_humangut	ASV99.9	4667206	1356631	29.07
toy_humangut_long_sample_14	toy_humangut	fASV1.1	33824912	30990254	91.62
toy_humangut_long_sample_14	toy_humangut	fASV192.2	19983472	19544603	97.80
toy_humangut_long_sample_14	toy_humangut	fASV194.11	11859623	9745904	82.18
toy_humangut_long_sample_14	toy_humangut	fASV195.3	38006780	22752372	59.86
toy_humangut_long_sample_14	toy_humangut	fASV196.1	28822604	10900564	37.82
toy_humangut_long_sample_14	toy_humangut	fASV197.5	34997975	4449219	12.71
toy_humangut_long_sample_14	toy_humangut	fASV198.4	12911856	12251815	94.89
toy_humangut_long_sample_14	toy_humangut	fASV199.4	31115313	30439597	97.83
toy_humangut_long_sample_14	toy_humangut	fASV200.0	26627860	2581905	9.70
toy_humangut_long_sample_14	toy_humangut	fASV201.4	29979206	3043	0.01
toy_humangut_long_sample_14	toy_humangut	hASV1.0	3117292070	51501397	1.65
toy_humangut_long_sample_14	toy_humangut	hvASV10.4	44391	44341	99.89
toy_humangut_long_sample_14	toy_humangut	hvASV11.0	1699	1186	69.81
toy_humangut_long_sample_14	toy_humangut	hvASV12.6	3562	2739	76.90
toy_humangut_long_sample_14	toy_humangut	hvASV16.0	7632	7511	98.41
toy_humangut_long_sample_14	toy_humangut	hvASV19.0	1723	1379	80.03
toy_humangut_long_sample_14	toy_humangut	hvASV2.8	91159	69457	76.19
toy_humangut_long_sample_14	toy_humangut	hvASV20.3	27948	27943	99.98
toy_humangut_long_sample_14	toy_humangut	hvASV21.0	1740	1722	98.97
toy_humangut_long_sample_14	toy_humangut	hvASV23.6	169158	169123	99.98
toy_humangut_long_sample_14	toy_humangut	hvASV24.0	4927	4750	96.41
toy_humangut_long_sample_14	toy_humangut	hvASV28.5	49847	10963	21.99
toy_humangut_long_sample_14	toy_humangut	hvASV29.0	2282	2249	98.55
toy_humangut_long_sample_14	toy_humangut	hvASV3.7	87712	1557	1.78
toy_humangut_long_sample_14	toy_humangut	hvASV30.0	2020	1961	97.08
toy_humangut_long_sample_14	toy_humangut	hvASV31.0	6534	6459	98.85
toy_humangut_long_sample_14	toy_humangut	hvASV32.0	2585	562	21.74
toy_humangut_long_sample_14	toy_humangut	hvASV33.3	147659	146081	98.93
toy_humangut_long_sample_14	toy_humangut	hvASV34.2	2460	2366	96.18
toy_humangut_long_sample_14	toy_humangut	hvASV35.0	40155	40099	99.86
toy_humangut_long_sample_14	toy_humangut	hvASV36.0	3925	3889	99.08
toy_humangut_long_sample_14	toy_humangut	hvASV37.0	99704	99660	99.96
toy_humangut_long_sample_14	toy_humangut	hvASV38.1	38208	13313	34.84
toy_humangut_long_sample_14	toy_humangut	hvASV39.8	39807	39800	99.98
toy_humangut_long_sample_14	toy_humangut	hvASV4.0	6581	5373	81.64
toy_humangut_long_sample_14	toy_humangut	hvASV40.1	151671	55236	36.42
toy_humangut_long_sample_14	toy_humangut	hvASV41.0	8856	8838	99.80
toy_humangut_long_sample_14	toy_humangut	hvASV45.0	93564	81138	86.72
toy_humangut_long_sample_14	toy_humangut	hvASV47.0	2560	0	0.00
toy_humangut_long_sample_14	toy_humangut	hvASV48.0	2388	955	39.99
toy_humangut_long_sample_14	toy_humangut	hvASV49.0	4456	609	13.67
toy_humangut_long_sample_14	toy_humangut	hvASV5.0	6518	506	7.76
toy_humangut_long_sample_14	toy_humangut	hvASV6.0	8931	8909	99.75
toy_humangut_long_sample_14	toy_humangut	hvASV7.0	5196	1286	24.75
toy_humangut_long_sample_14	toy_humangut	hvASV8.1	37555	36949	98.39
toy_humangut_long_sample_14	toy_humangut	hvASV9.0	6577	5860	89.10
toy_humangut_long_sample_14	toy_humangut	pASV0	1424800	1424764	100.00
toy_humangut_long_sample_14	toy_humangut	pASV1	8609170	8609142	100.00
toy_humangut_long_sample_14	toy_humangut	pASV106	21090	2628	12.46
toy_humangut_long_sample_14	toy_humangut	pASV107	29650	2772	9.35
toy_humangut_long_sample_14	toy_humangut	pASV108	34280	2604	7.60
toy_humangut_long_sample_14	toy_humangut	pASV109	843230	92775	11.00
toy_humangut_long_sample_14	toy_humangut	pASV110	593710	209980	35.37
toy_humangut_long_sample_14	toy_humangut	pASV2	70800	70766	99.95
toy_humangut_long_sample_14	toy_humangut	pASV92	32630	2797	8.57
toy_humangut_long_sample_14	toy_humangut	pASV93	2586260	311884	12.06
toy_humangut_long_sample_14	toy_humangut	pASV95	938320	546367	58.23
toy_humangut_long_sample_14	toy_humangut	vASV1.0	92132	71294	77.38
toy_humangut_long_sample_14	toy_humangut	vASV10.0	39732	285	0.72
toy_humangut_long_sample_14	toy_humangut	vASV100.0	132949	102510	77.10
toy_humangut_long_sample_14	toy_humangut	vASV11.7	168266	168215	99.97
toy_humangut_long_sample_14	toy_humangut	vASV12.0	170341	48092	28.23
toy_humangut_long_sample_14	toy_humangut	vASV13.0	32682	31475	96.31
toy_humangut_long_sample_14	toy_humangut	vASV14.0	8454	2376	28.11
toy_humangut_long_sample_14	toy_humangut	vASV15.0	43731	43659	99.84
toy_humangut_long_sample_14	toy_humangut	vASV16.0	37664	6005	15.94
toy_humangut_long_sample_14	toy_humangut	vASV17.0	41632	41062	98.63
toy_humangut_long_sample_14	toy_humangut	vASV18.0	45011	1263	2.81
toy_humangut_long_sample_14	toy_humangut	vASV19.0	346602	343414	99.08
toy_humangut_long_sample_14	toy_humangut	vASV2.0	32846	11123	33.86
toy_humangut_long_sample_14	toy_humangut	vASV20.0	70153	62718	89.40
toy_humangut_long_sample_14	toy_humangut	vASV21.0	71778	71768	99.99
toy_humangut_long_sample_14	toy_humangut	vASV22.0	49043	33604	68.52
toy_humangut_long_sample_14	toy_humangut	vASV23.0	44234	20492	46.33
toy_humangut_long_sample_14	toy_humangut	vASV24.0	21834	21794	99.82
toy_humangut_long_sample_14	toy_humangut	vASV25.0	6071	288	4.74
toy_humangut_long_sample_14	toy_humangut	vASV26.0	28451	13226	46.49
toy_humangut_long_sample_14	toy_humangut	vASV27.0	97536	96730	99.17
toy_humangut_long_sample_14	toy_humangut	vASV28.0	31564	22364	70.85
toy_humangut_long_sample_14	toy_humangut	vASV29.0	77315	57930	74.93
toy_humangut_long_sample_14	toy_humangut	vASV3.0	28917	28898	99.93
toy_humangut_long_sample_14	toy_humangut	vASV30.0	45904	45891	99.97
toy_humangut_long_sample_14	toy_humangut	vASV31.0	30624	30618	99.98
toy_humangut_long_sample_14	toy_humangut	vASV32.0	131704	131075	99.52
toy_humangut_long_sample_14	toy_humangut	vASV33.0	49482	2462	4.98
toy_humangut_long_sample_14	toy_humangut	vASV34.0	42462	30860	72.68
toy_humangut_long_sample_14	toy_humangut	vASV35.0	39252	35843	91.32
toy_humangut_long_sample_14	toy_humangut	vASV36.0	6867	1072	15.61
toy_humangut_long_sample_14	toy_humangut	vASV37.0	30446	30022	98.61
toy_humangut_long_sample_14	toy_humangut	vASV38.0	33274	26920	80.90
toy_humangut_long_sample_14	toy_humangut	vASV39.0	26874	4701	17.49
toy_humangut_long_sample_14	toy_humangut	vASV4.0	44240	44121	99.73
toy_humangut_long_sample_14	toy_humangut	vASV40.0	151194	150868	99.78
toy_humangut_long_sample_14	toy_humangut	vASV41.0	39026	38961	99.83
toy_humangut_long_sample_14	toy_humangut	vASV42.0	129454	40156	31.02
toy_humangut_long_sample_14	toy_humangut	vASV43.0	167716	159071	94.85
toy_humangut_long_sample_14	toy_humangut	vASV44.0	32895	32795	99.70
toy_humangut_long_sample_14	toy_humangut	vASV45.0	30961	0	0.00
toy_humangut_long_sample_14	toy_humangut	vASV46.0	30510	1021	3.35
toy_humangut_long_sample_14	toy_humangut	vASV47.0	164987	1067	0.65
toy_humangut_long_sample_14	toy_humangut	vASV48.0	38297	38272	99.93
toy_humangut_long_sample_14	toy_humangut	vASV49.0	49665	49523	99.71
toy_humangut_long_sample_14	toy_humangut	vASV5.0	37235	37196	99.90
toy_humangut_long_sample_14	toy_humangut	vASV50.0	31374	5634	17.96
toy_humangut_long_sample_14	toy_humangut	vASV51.0	168470	168447	99.99
toy_humangut_long_sample_14	toy_humangut	vASV52.0	51802	47453	91.60
toy_humangut_long_sample_14	toy_humangut	vASV53.0	89596	89552	99.95
toy_humangut_long_sample_14	toy_humangut	vASV54.0	6065	3100	51.11
toy_humangut_long_sample_14	toy_humangut	vASV55.0	172733	51552	29.84
toy_humangut_long_sample_14	toy_humangut	vASV56.0	149268	43196	28.94
toy_humangut_long_sample_14	toy_humangut	vASV57.0	44887	1677	3.74
toy_humangut_long_sample_14	toy_humangut	vASV58.0	76899	4964	6.46
toy_humangut_long_sample_14	toy_humangut	vASV59.0	286783	263376	91.84
toy_humangut_long_sample_14	toy_humangut	vASV6.0	28811	24655	85.57
toy_humangut_long_sample_14	toy_humangut	vASV60.0	114649	114634	99.99
toy_humangut_long_sample_14	toy_humangut	vASV61.0	38979	33037	84.76
toy_humangut_long_sample_14	toy_humangut	vASV62.0	56776	37559	66.15
toy_humangut_long_sample_14	toy_humangut	vASV63.0	31819	3614	11.36
toy_humangut_long_sample_14	toy_humangut	vASV64.0	175206	20290	11.58
toy_humangut_long_sample_14	toy_humangut	vASV65.0	265389	249239	93.91
toy_humangut_long_sample_14	toy_humangut	vASV66.0	42887	16169	37.70
toy_humangut_long_sample_14	toy_humangut	vASV67.0	4215	4184	99.26
toy_humangut_long_sample_14	toy_humangut	vASV68.0	178171	151869	85.24
toy_humangut_long_sample_14	toy_humangut	vASV69.0	43945	43913	99.93
toy_humangut_long_sample_14	toy_humangut	vASV7.0	148612	148041	99.62
toy_humangut_long_sample_14	toy_humangut	vASV70.0	22434	7405	33.01
toy_humangut_long_sample_14	toy_humangut	vASV71.0	32848	30082	91.58
toy_humangut_long_sample_14	toy_humangut	vASV72.0	99984	21622	21.63
toy_humangut_long_sample_14	toy_humangut	vASV73.0	7648	4224	55.23
toy_humangut_long_sample_14	toy_humangut	vASV74.0	48396	44991	92.96
toy_humangut_long_sample_14	toy_humangut	vASV75.0	40940	38773	94.71
toy_humangut_long_sample_14	toy_humangut	vASV76.0	76631	9323	12.17
toy_humangut_long_sample_14	toy_humangut	vASV77.0	301543	301519	99.99
toy_humangut_long_sample_14	toy_humangut	vASV78.0	50605	50594	99.98
toy_humangut_long_sample_14	toy_humangut	vASV79.0	32118	28929	90.07
toy_humangut_long_sample_14	toy_humangut	vASV8.0	170822	170742	99.95
toy_humangut_long_sample_14	toy_humangut	vASV80.0	108418	39148	36.11
toy_humangut_long_sample_14	toy_humangut	vASV81.0	162327	162305	99.99
toy_humangut_long_sample_14	toy_humangut	vASV82.0	72472	1944	2.68
toy_humangut_long_sample_14	toy_humangut	vASV83.0	51548	51510	99.93
toy_humangut_long_sample_14	toy_humangut	vASV84.0	49526	49502	99.95
toy_humangut_long_sample_14	toy_humangut	vASV85.0	69855	58647	83.96
toy_humangut_long_sample_14	toy_humangut	vASV86.0	75747	74525	98.39
toy_humangut_long_sample_14	toy_humangut	vASV87.0	5577	2059	36.92
toy_humangut_long_sample_14	toy_humangut	vASV88.0	37595	14813	39.40
toy_humangut_long_sample_14	toy_humangut	vASV89.0	73275	73168	99.85
toy_humangut_long_sample_14	toy_humangut	vASV9.0	46288	44656	96.47
toy_humangut_long_sample_14	toy_humangut	vASV90.0	40829	27512	67.38
toy_humangut_long_sample_14	toy_humangut	vASV91.0	38810	28743	74.06
toy_humangut_long_sample_14	toy_humangut	vASV92.0	66235	66215	99.97
toy_humangut_long_sample_14	toy_humangut	vASV93.0	35814	35741	99.80
toy_humangut_long_sample_14	toy_humangut	vASV94.0	43106	25346	58.80
toy_humangut_long_sample_14	toy_humangut	vASV95.0	33596	32866	97.83
toy_humangut_long_sample_14	toy_humangut	vASV96.0	28721	28671	99.83
toy_humangut_long_sample_14	toy_humangut	vASV97.0	5755	0	0.00
toy_humangut_long_sample_14	toy_humangut	vASV98.0	44804	14703	32.82
toy_humangut_long_sample_14	toy_humangut	vASV99.0	45536	40779	89.55
toy_humangut_long_sample_5	toy_humangut	ASV1.9	5991167	578062	9.65
toy_humangut_long_sample_5	toy_humangut	ASV10.0	2617421	1050212	40.12
toy_humangut_long_sample_5	toy_humangut	ASV101.0	7125206	883952	12.41
toy_humangut_long_sample_5	toy_humangut	ASV102.2	5163208	5162544	99.99
toy_humangut_long_sample_5	toy_humangut	ASV139.5	4239635	3906456	92.14
toy_humangut_long_sample_5	toy_humangut	ASV149.7	4308217	42234	0.98
toy_humangut_long_sample_5	toy_humangut	ASV150.2	6851131	137405	2.01
toy_humangut_long_sample_5	toy_humangut	ASV165.0	3292113	255713	7.77
toy_humangut_long_sample_5	toy_humangut	ASV166.16	3378245	3376761	99.96
toy_humangut_long_sample_5	toy_humangut	ASV174.3	4946120	4892621	98.92
toy_humangut_long_sample_5	toy_humangut	ASV204.0	4641827	183874	3.96
toy_humangut_long_sample_5	toy_humangut	ASV222.14	2726776	702220	25.75
toy_humangut_long_sample_5	toy_humangut	ASV225.0	2715603	29062	1.07
toy_humangut_long_sample_5	toy_humangut	ASV226.9	5714965	113990	1.99
toy_humangut_long_sample_5	toy_humangut	ASV229.6	4232860	168987	3.99
toy_humangut_long_sample_5	toy_humangut	ASV23.2	2443319	2165025	88.61
toy_humangut_long_sample_5	toy_humangut	ASV231.5	2403984	25521	1.06
toy_humangut_long_sample_5	toy_humangut	ASV243.0	2114591	334087	15.80
toy_humangut_long_sample_5	toy_humangut	ASV245.13	1964791	1339822	68.19
toy_humangut_long_sample_5	toy_humangut	ASV250.8	2192445	293215	13.37
toy_humangut_long_sample_5	toy_humangut	ASV255.4	2883765	58095	2.01
toy_humangut_long_sample_5	toy_humangut	ASV256.1	3586108	861561	24.02
toy_humangut_long_sample_5	toy_humangut	ASV258.10	2787876	56286	2.02
toy_humangut_long_sample_5	toy_humangut	ASV265.16	3043748	1494807	49.11
toy_humangut_long_sample_5	toy_humangut	ASV266.10	2018744	2017135	99.92
toy_humangut_long_sample_5	toy_humangut	ASV266.3	2084613	2084023	99.97
toy_humangut_long_sample_5	toy_humangut	ASV266.8	2233937	2233696	99.99
toy_humangut_long_sample_5	toy_humangut	ASV269.0	3731316	148393	3.98
toy_humangut_long_sample_5	toy_humangut	ASV270.6	3306720	257832	7.80
toy_humangut_long_sample_5	toy_humangut	ASV275.10	2145299	65930	3.07
toy_humangut_long_sample_5	toy_humangut	ASV281.4	2042627	1262027	61.78
toy_humangut_long_sample_5	toy_humangut	ASV286.3	2015154	79012	3.92
toy_humangut_long_sample_5	toy_humangut	ASV287.11	2450569	1778307	72.57
toy_humangut_long_sample_5	toy_humangut	ASV290.8	2060736	2055102	99.73
toy_humangut_long_sample_5	toy_humangut	ASV300.7	3953478	3951181	99.94
toy_humangut_long_sample_5	toy_humangut	ASV31.1	2644957	28134	1.06
toy_humangut_long_sample_5	toy_humangut	ASV324.5	3856853	410926	10.65
toy_humangut_long_sample_5	toy_humangut	ASV329.2	2770539	2770507	100.00
toy_humangut_long_sample_5	toy_humangut	ASV334.4	3456909	1165015	33.70
toy_humangut_long_sample_5	toy_humangut	ASV337.1	3164285	63246	2.00
toy_humangut_long_sample_5	toy_humangut	ASV341.4	3205759	63713	1.99
toy_humangut_long_sample_5	toy_humangut	ASV364.1	4364341	88511	2.03
toy_humangut_long_sample_5	toy_humangut	ASV371.8	3000221	1806493	60.21
toy_humangut_long_sample_5	toy_humangut	ASV372.2	4171777	43915	1.05
toy_humangut_long_sample_5	toy_humangut	ASV374.8	1962896	225618	11.49
toy_humangut_long_sample_5	toy_humangut	ASV380.6	2837382	30282	1.07
toy_humangut_long_sample_5	toy_humangut	ASV385.9	2937314	31176	1.06
toy_humangut_long_sample_5	toy_humangut	ASV387.12	2804089	2804085	100.00
toy_humangut_long_sample_5	toy_humangut	ASV392.10	2756866	366012	13.28
toy_humangut_long_sample_5	toy_humangut	ASV397.2	3292516	3290110	99.93
toy_humangut_long_sample_5	toy_humangut	ASV398.11	4700260	49785	1.06
toy_humangut_long_sample_5	toy_humangut	ASV399.7	3172613	3172599	100.00
toy_humangut_long_sample_5	toy_humangut	ASV406.0	4177815	4175858	99.95
toy_humangut_long_sample_5	toy_humangut	ASV406.1	3558929	3556260	99.93
toy_humangut_long_sample_5	toy_humangut	ASV406.18	3649956	3649933	100.00
toy_humangut_long_sample_5	toy_humangut	ASV406.2	3393963	3391101	99.92
toy_humangut_long_sample_5	toy_humangut	ASV406.7	3700682	3699534	99.97
toy_humangut_long_sample_5	toy_humangut	ASV410.0	3574896	1443817	40.39
toy_humangut_long_sample_5	toy_humangut	ASV412.1	3394619	35530	1.05
toy_humangut_long_sample_5	toy_humangut	ASV418.2	4990474	1420828	28.47
toy_humangut_long_sample_5	toy_humangut	ASV423.14	5048118	394646	7.82
toy_humangut_long_sample_5	toy_humangut	ASV426.7	3119219	3116046	99.90
toy_humangut_long_sample_5	toy_humangut	ASV431.3	3704208	2306822	62.28
toy_humangut_long_sample_5	toy_humangut	ASV436.0	3794810	3788489	99.83
toy_humangut_long_sample_5	toy_humangut	ASV440.14	4042676	41347	1.02
toy_humangut_long_sample_5	toy_humangut	ASV442.9	2996905	2993195	99.88
toy_humangut_long_sample_5	toy_humangut	ASV444.0	3251345	2580940	79.38
toy_humangut_long_sample_5	toy_humangut	ASV447.2	6496001	2380750	36.65
toy_humangut_long_sample_5	toy_humangut	ASV451.3	3751304	1741639	46.43
toy_humangut_long_sample_5	toy_humangut	ASV456.0	3549767	3547446	99.93
toy_humangut_long_sample_5	toy_humangut	ASV463.4	2957432	90604	3.06
toy_humangut_long_sample_5	toy_humangut	ASV470.1	3320462	101838	3.07
toy_humangut_long_sample_5	toy_humangut	ASV476.9	3006809	3004996	99.94
toy_humangut_long_sample_5	toy_humangut	ASV481.4	2969001	118054	3.98
toy_humangut_long_sample_5	toy_humangut	ASV482.14	4208592	45033	1.07
toy_humangut_long_sample_5	toy_humangut	ASV483.9	2112345	22254	1.05
toy_humangut_long_sample_5	toy_humangut	ASV484.8	3157302	2875519	91.08
toy_humangut_long_sample_5	toy_humangut	ASV486.9	4063268	4041976	99.48
toy_humangut_long_sample_5	toy_humangut	ASV487.6	3027165	3026582	99.98
toy_humangut_long_sample_5	toy_humangut	ASV49.7	2261317	24964	1.10
toy_humangut_long_sample_5	toy_humangut	ASV491.8	1991195	99298	4.99
toy_humangut_long_sample_5	toy_humangut	ASV494.16	1799019	71755	3.99
toy_humangut_long_sample_5	toy_humangut	ASV497.8	3043566	31729	1.04
toy_humangut_long_sample_5	toy_humangut	ASV499.2	3461905	35633	1.03
toy_humangut_long_sample_5	toy_humangut	ASV504.8	3810981	152684	4.01
toy_humangut_long_sample_5	toy_humangut	ASV506.3	5176343	55655	1.08
toy_humangut_long_sample_5	toy_humangut	ASV507.7	2884781	2884779	100.00
toy_humangut_long_sample_5	toy_humangut	ASV514.4	2313761	24779	1.07
toy_humangut_long_sample_5	toy_humangut	ASV515.1	2019416	665226	32.94
toy_humangut_long_sample_5	toy_humangut	ASV520.10	1949415	276704	14.19
toy_humangut_long_sample_5	toy_humangut	ASV527.6	4881155	191550	3.92
toy_humangut_long_sample_5	toy_humangut	ASV530.4	1657176	65044	3.92
toy_humangut_long_sample_5	toy_humangut	ASV540.10	2162879	2157622	99.76
toy_humangut_long_sample_5	toy_humangut	ASV545.10	2229233	87533	3.93
toy_humangut_long_sample_5	toy_humangut	ASV546.4	2217913	129614	5.84
toy_humangut_long_sample_5	toy_humangut	ASV547.0	2478513	2457234	99.14
toy_humangut_long_sample_5	toy_humangut	ASV550.3	2937485	30980	1.05
toy_humangut_long_sample_5	toy_humangut	ASV557.8	3540076	108214	3.06
toy_humangut_long_sample_5	toy_humangut	ASV563.0	1882934	183661	9.75
toy_humangut_long_sample_5	toy_humangut	ASV565.1	4127204	204958	4.97
toy_humangut_long_sample_5	toy_humangut	ASV570.2	1912381	58253	3.05
toy_humangut_long_sample_5	toy_humangut	ASV573.4	2890669	2884407	99.78
toy_humangut_long_sample_5	toy_humangut	ASV575.3	2522577	2522166	99.98
toy_humangut_long_sample_5	toy_humangut	ASV576.14	2872082	113478	3.95
toy_humangut_long_sample_5	toy_humangut	ASV577.0	2305309	2243567	97.32
toy_humangut_long_sample_5	toy_humangut	ASV578.18	1985235	20049	1.01
toy_humangut_long_sample_5	toy_humangut	ASV579.0	2345971	431633	18.40
toy_humangut_long_sample_5	toy_humangut	ASV58.12	2235915	23784	1.06
toy_humangut_long_sample_5	toy_humangut	ASV602.9	3259896	34994	1.07
toy_humangut_long_sample_5	toy_humangut	ASV607.0	2132142	66259	3.11
toy_humangut_long_sample_5	toy_humangut	ASV609.1	1770670	19074	1.08
toy_humangut_long_sample_5	toy_humangut	ASV61.11	1929688	19690	1.02
toy_humangut_long_sample_5	toy_humangut	ASV626.0	1938920	115031	5.93
toy_humangut_long_sample_5	toy_humangut	ASV638.0	4121654	43717	1.06
toy_humangut_long_sample_5	toy_humangut	ASV64.9	2189076	109423	5.00
toy_humangut_long_sample_5	toy_humangut	ASV65.2	1747988	1743867	99.76
toy_humangut_long_sample_5	toy_humangut	ASV668.0	2058531	22194	1.08
toy_humangut_long_sample_5	toy_humangut	ASV67.4	2540121	101034	3.98
toy_humangut_long_sample_5	toy_humangut	ASV692.1	2725870	206379	7.57
toy_humangut_long_sample_5	toy_humangut	ASV71.8	2189740	67618	3.09
toy_humangut_long_sample_5	toy_humangut	ASV712.0	4391194	2308482	52.57
toy_humangut_long_sample_5	toy_humangut	ASV729.10	5483726	5317708	96.97
toy_humangut_long_sample_5	toy_humangut	ASV73.2	2527722	2522710	99.80
toy_humangut_long_sample_5	toy_humangut	ASV730.11	4732060	187847	3.97
toy_humangut_long_sample_5	toy_humangut	ASV731.5	4526256	601544	13.29
toy_humangut_long_sample_5	toy_humangut	ASV74.8	5099240	256486	5.03
toy_humangut_long_sample_5	toy_humangut	ASV741.7	5514140	689049	12.50
toy_humangut_long_sample_5	toy_humangut	ASV743.2	5124442	4958849	96.77
toy_humangut_long_sample_5	toy_humangut	ASV749.2	4703626	51282	1.09
toy_humangut_long_sample_5	toy_humangut	ASV783.7	5149573	54486	1.06
toy_humangut_long_sample_5	toy_humangut	ASV81.10	3266279	3133888	95.95
toy_humangut_long_sample_5	toy_humangut	ASV815.1	2984433	32016	1.07
toy_humangut_long_sample_5	toy_humangut	ASV827.0	3153373	34274	1.09
toy_humangut_long_sample_5	toy_humangut	ASV828.13	2752203	192581	7.00
toy_humangut_long_sample_5	toy_humangut	ASV829.7	2753750	2752764	99.96
toy_humangut_long_sample_5	toy_humangut	ASV830.8	2784615	138699	4.98
toy_humangut_long_sample_5	toy_humangut	ASV84.4	5180044	105339	2.03
toy_humangut_long_sample_5	toy_humangut	ASV86.2	3485560	1826432	52.40
toy_humangut_long_sample_5	toy_humangut	ASV87.9	2338335	48021	2.05
toy_humangut_long_sample_5	toy_humangut	ASV88.8	2070404	692027	33.42
toy_humangut_long_sample_5	toy_humangut	ASV98.7	4734822	50626	1.07
toy_humangut_long_sample_5	toy_humangut	ASV99.0	6761002	1784443	26.39
toy_humangut_long_sample_5	toy_humangut	fASV1.1	33824912	33814535	99.97
toy_humangut_long_sample_5	toy_humangut	fASV192.7	24670225	7669569	31.09
toy_humangut_long_sample_5	toy_humangut	fASV194.12	11151035	6728885	60.34
toy_humangut_long_sample_5	toy_humangut	fASV195.0	28594087	261107	0.91
toy_humangut_long_sample_5	toy_humangut	fASV196.1	28822604	9279006	32.19
toy_humangut_long_sample_5	toy_humangut	fASV197.5	34997975	34927596	99.80
toy_humangut_long_sample_5	toy_humangut	fASV198.4	12911856	12735467	98.63
toy_humangut_long_sample_5	toy_humangut	fASV199.4	31115313	183569	0.59
toy_humangut_long_sample_5	toy_humangut	fASV200.0	26627860	1156504	4.34
toy_humangut_long_sample_5	toy_humangut	fASV201.1	29986699	9048603	30.18
toy_humangut_long_sample_5	toy_humangut	hASV1.0	3117292070	75147750	2.41
toy_humangut_long_sample_5	toy_humangut	hvASV10.3	32675	32080	98.18
toy_humangut_long_sample_5	toy_humangut	hvASV11.0	1699	1176	69.22
toy_humangut_long_sample_5	toy_humangut	hvASV12.7	30162	30145	99.94
toy_humangut_long_sample_5	toy_humangut	hvASV16.0	7632	5445	71.34
toy_humangut_long_sample_5	toy_humangut	hvASV19.0	1723	1629	94.54
toy_humangut_long_sample_5	toy_humangut	hvASV2.1	45243	45156	99.81
toy_humangut_long_sample_5	toy_humangut	hvASV20.3	27948	27912	99.87
toy_humangut_long_sample_5	toy_humangut	hvASV21.0	1740	1701	97.76
toy_humangut_long_sample_5	toy_humangut	hvASV23.8	6259	6220	99.38
toy_humangut_long_sample_5	toy_humangut	hvASV24.0	4927	4237	86.00
toy_humangut_long_sample_5	toy_humangut	hvASV28.7	108640	3036	2.79
toy_humangut_long_sample_5	toy_humangut	hvASV29.0	2282	534	23.40
toy_humangut_long_sample_5	toy_humangut	hvASV3.8	31508	29907	94.92
toy_humangut_long_sample_5	toy_humangut	hvASV30.0	2020	2001	99.06
toy_humangut_long_sample_5	toy_humangut	hvASV31.0	6534	6530	99.94
toy_humangut_long_sample_5	toy_humangut	hvASV32.0	2585	2486	96.17
toy_humangut_long_sample_5	toy_humangut	hvASV33.10	30556	30528	99.91
toy_humangut_long_sample_5	toy_humangut	hvASV34.2	2460	1003	40.77
toy_humangut_long_sample_5	toy_humangut	hvASV35.7	46219	46062	99.66
toy_humangut_long_sample_5	toy_humangut	hvASV36.0	3925	0	0.00
toy_humangut_long_sample_5	toy_humangut	hvASV37.1	21704	14204	65.44
toy_humangut_long_sample_5	toy_humangut	hvASV38.16	41510	796	1.92
toy_humangut_long_sample_5	toy_humangut	hvASV39.2	149506	72990	48.82
toy_humangut_long_sample_5	toy_humangut	hvASV4.0	6581	2190	33.28
toy_humangut_long_sample_5	toy_humangut	hvASV40.7	6039	5902	97.73
toy_humangut_long_sample_5	toy_humangut	hvASV41.0	8856	0	0.00
toy_humangut_long_sample_5	toy_humangut	hvASV45.0	93564	92832	99.22
toy_humangut_long_sample_5	toy_humangut	hvASV47.0	2560	2534	98.98
toy_humangut_long_sample_5	toy_humangut	hvASV48.0	2388	2312	96.82
toy_humangut_long_sample_5	toy_humangut	hvASV49.0	4456	4434	99.51
toy_humangut_long_sample_5	toy_humangut	hvASV5.0	6518	6333	97.16
toy_humangut_long_sample_5	toy_humangut	hvASV6.0	8931	7177	80.36
toy_humangut_long_sample_5	toy_humangut	hvASV7.0	5196	1499	28.85
toy_humangut_long_sample_5	toy_humangut	hvASV8.3	74717	73641	98.56
toy_humangut_long_sample_5	toy_humangut	hvASV9.0	6577	6344	96.46
toy_humangut_long_sample_5	toy_humangut	pASV100	1451220	45080	3.11
toy_humangut_long_sample_5	toy_humangut	pASV101	1988460	64561	3.25
toy_humangut_long_sample_5	toy_humangut	pASV102	6877050	215526	3.13
toy_humangut_long_sample_5	toy_humangut	pASV146	40720	2589	6.36
toy_humangut_long_sample_5	toy_humangut	pASV147	429130	21219	4.94
toy_humangut_long_sample_5	toy_humangut	pASV148	1137370	58037	5.10
toy_humangut_long_sample_5	toy_humangut	pASV149	15520	0	0.00
toy_humangut_long_sample_5	toy_humangut	pASV150	343710	15864	4.62
toy_humangut_long_sample_5	toy_humangut	pASV33	461890	461777	99.98
toy_humangut_long_sample_5	toy_humangut	pASV71	1117550	1116342	99.89
toy_humangut_long_sample_5	toy_humangut	pASV72	1076920	1076123	99.93
toy_humangut_long_sample_5	toy_humangut	pASV96	184530	5229	2.83
toy_humangut_long_sample_5	toy_humangut	pASV98	285080	8117	2.85
toy_humangut_long_sample_5	toy_humangut	pASV99	1628630	50231	3.08
toy_humangut_long_sample_5	toy_humangut	vASV1.0	92132	56122	60.91
toy_humangut_long_sample_5	toy_humangut	vASV10.0	39732	39007	98.18
toy_humangut_long_sample_5	toy_humangut	vASV100.0	132949	105427	79.30
toy_humangut_long_sample_5	toy_humangut	vASV11.5	167396	96090	57.40
toy_humangut_long_sample_5	toy_humangut	vASV12.0	170341	0	0.00
toy_humangut_long_sample_5	toy_humangut	vASV13.0	32682	32635	99.86
toy_humangut_long_sample_5	toy_humangut	vASV14.0	8454	288	3.41
toy_humangut_long_sample_5	toy_humangut	vASV15.0	43731	15199	34.76
toy_humangut_long_sample_5	toy_humangut	vASV16.0	37664	15235	40.45
toy_humangut_long_sample_5	toy_humangut	vASV17.0	41632	34359	82.53
toy_humangut_long_sample_5	toy_humangut	vASV18.0	45011	42629	94.71
toy_humangut_long_sample_5	toy_humangut	vASV19.0	346602	211101	60.91
toy_humangut_long_sample_5	toy_humangut	vASV2.0	32846	32673	99.47
toy_humangut_long_sample_5	toy_humangut	vASV20.0	70153	69073	98.46
toy_humangut_long_sample_5	toy_humangut	vASV21.0	71778	71759	99.97
toy_humangut_long_sample_5	toy_humangut	vASV22.0	49043	33753	68.82
toy_humangut_long_sample_5	toy_humangut	vASV23.0	44234	44112	99.72
toy_humangut_long_sample_5	toy_humangut	vASV24.0	21834	21731	99.53
toy_humangut_long_sample_5	toy_humangut	vASV25.0	6071	6041	99.51
toy_humangut_long_sample_5	toy_humangut	vASV26.0	28451	28121	98.84
toy_humangut_long_sample_5	toy_humangut	vASV27.0	97536	79124	81.12
toy_humangut_long_sample_5	toy_humangut	vASV28.0	31564	30312	96.03
toy_humangut_long_sample_5	toy_humangut	vASV29.0	77315	57829	74.80
toy_humangut_long_sample_5	toy_humangut	vASV3.0	28917	28906	99.96
toy_humangut_long_sample_5	toy_humangut	vASV30.0	45904	45515	99.15
toy_humangut_long_sample_5	toy_humangut	vASV31.0	30624	30464	99.48
toy_humangut_long_sample_5	toy_humangut	vASV32.0	131704	125193	95.06
toy_humangut_long_sample_5	toy_humangut	vASV33.0	49482	43797	88.51
toy_humangut_long_sample_5	toy_humangut	vASV34.0	42462	10310	24.28
toy_humangut_long_sample_5	toy_humangut	vASV35.0	39252	39238	99.96
toy_humangut_long_sample_5	toy_humangut	vASV36.0	6867	3919	57.07
toy_humangut_long_sample_5	toy_humangut	vASV37.0	30446	25011	82.15
toy_humangut_long_sample_5	toy_humangut	vASV38.0	33274	33223	99.85
toy_humangut_long_sample_5	toy_humangut	vASV39.0	26874	1952	7.26
toy_humangut_long_sample_5	toy_humangut	vASV4.0	44240	44200	99.91
toy_humangut_long_sample_5	toy_humangut	vASV40.0	151194	151153	99.97
toy_humangut_long_sample_5	toy_humangut	vASV41.0	39026	38814	99.46
toy_humangut_long_sample_5	toy_humangut	vASV42.0	129454	129385	99.95
toy_humangut_long_sample_5	toy_humangut	vASV43.0	167716	273	0.16
toy_humangut_long_sample_5	toy_humangut	vASV44.0	32895	32865	99.91
toy_humangut_long_sample_5	toy_humangut	vASV45.0	30961	10150	32.78
toy_humangut_long_sample_5	toy_humangut	vASV46.0	30510	30482	99.91
toy_humangut_long_sample_5	toy_humangut	vASV47.0	164987	164645	99.79
toy_humangut_long_sample_5	toy_humangut	vASV48.0	38297	37810	98.73
toy_humangut_long_sample_5	toy_humangut	vASV49.0	49665	48406	97.47
toy_humangut_long_sample_5	toy_humangut	vASV5.0	37235	36671	98.49
toy_humangut_long_sample_5	toy_humangut	vASV50.0	31374	19642	62.61
toy_humangut_long_sample_5	toy_humangut	vASV51.0	168470	152436	90.48
toy_humangut_long_sample_5	toy_humangut	vASV52.0	51802	281	0.54
toy_humangut_long_sample_5	toy_humangut	vASV53.0	89596	89548	99.95
toy_humangut_long_sample_5	toy_humangut	vASV54.0	6065	6023	99.31
toy_humangut_long_sample_5	toy_humangut	vASV55.0	172733	172697	99.98
toy_humangut_long_sample_5	toy_humangut	vASV56.0	149268	145994	97.81
toy_humangut_long_sample_5	toy_humangut	vASV57.0	44887	28391	63.25
toy_humangut_long_sample_5	toy_humangut	vASV58.0	76899	76887	99.98
toy_humangut_long_sample_5	toy_humangut	vASV59.0	286783	151517	52.83
toy_humangut_long_sample_5	toy_humangut	vASV6.0	28811	28780	99.89
toy_humangut_long_sample_5	toy_humangut	vASV60.0	114649	772	0.67
toy_humangut_long_sample_5	toy_humangut	vASV61.0	38979	38931	99.88
toy_humangut_long_sample_5	toy_humangut	vASV62.0	56776	56748	99.95
toy_humangut_long_sample_5	toy_humangut	vASV63.0	31819	31802	99.95
toy_humangut_long_sample_5	toy_humangut	vASV64.0	175206	174945	99.85
toy_humangut_long_sample_5	toy_humangut	vASV65.0	265389	264966	99.84
toy_humangut_long_sample_5	toy_humangut	vASV66.0	42887	42856	99.93
toy_humangut_long_sample_5	toy_humangut	vASV67.0	4215	4202	99.69
toy_humangut_long_sample_5	toy_humangut	vASV68.0	178171	175148	98.30
toy_humangut_long_sample_5	toy_humangut	vASV69.0	43945	37343	84.98
toy_humangut_long_sample_5	toy_humangut	vASV7.0	148612	147657	99.36
toy_humangut_long_sample_5	toy_humangut	vASV70.0	22434	22428	99.97
toy_humangut_long_sample_5	toy_humangut	vASV71.0	32848	13918	42.37
toy_humangut_long_sample_5	toy_humangut	vASV72.0	99984	98233	98.25
toy_humangut_long_sample_5	toy_humangut	vASV73.0	7648	7628	99.74
toy_humangut_long_sample_5	toy_humangut	vASV74.0	48396	48387	99.98
toy_humangut_long_sample_5	toy_humangut	vASV75.0	40940	40926	99.97
toy_humangut_long_sample_5	toy_humangut	vASV76.0	76631	76592	99.95
toy_humangut_long_sample_5	toy_humangut	vASV77.0	301543	213646	70.85
toy_humangut_long_sample_5	toy_humangut	vASV78.0	50605	6990	13.81
toy_humangut_long_sample_5	toy_humangut	vASV79.0	32118	27895	86.85
toy_humangut_long_sample_5	toy_humangut	vASV8.0	170822	169904	99.46
toy_humangut_long_sample_5	toy_humangut	vASV80.0	108418	106905	98.60
toy_humangut_long_sample_5	toy_humangut	vASV81.0	162327	125124	77.08
toy_humangut_long_sample_5	toy_humangut	vASV82.0	72472	72436	99.95
toy_humangut_long_sample_5	toy_humangut	vASV83.0	51548	51539	99.98
toy_humangut_long_sample_5	toy_humangut	vASV84.0	49526	49525	100.00
toy_humangut_long_sample_5	toy_humangut	vASV85.0	69855	15150	21.69
toy_humangut_long_sample_5	toy_humangut	vASV86.0	75747	26633	35.16
toy_humangut_long_sample_5	toy_humangut	vASV87.0	5577	252	4.52
toy_humangut_long_sample_5	toy_humangut	vASV88.0	37595	11459	30.48
toy_humangut_long_sample_5	toy_humangut	vASV89.0	73275	70213	95.82
toy_humangut_long_sample_5	toy_humangut	vASV9.0	46288	46268	99.96
toy_humangut_long_sample_5	toy_humangut	vASV90.0	40829	32497	79.59
toy_humangut_long_sample_5	toy_humangut	vASV91.0	38810	38699	99.71
toy_humangut_long_sample_5	toy_humangut	vASV92.0	66235	66205	99.95
toy_humangut_long_sample_5	toy_humangut	vASV93.0	35814	0	0.00
toy_humangut_long_sample_5	toy_humangut	vASV94.0	43106	43089	99.96
toy_humangut_long_sample_5	toy_humangut	vASV95.0	33596	33374	99.34
toy_humangut_long_sample_5	toy_humangut	vASV96.0	28721	268	0.93
toy_humangut_long_sample_5	toy_humangut	vASV97.0	5755	5011	87.07
toy_humangut_long_sample_5	toy_humangut	vASV98.0	44804	7721	17.23
toy_humangut_long_sample_5	toy_humangut	vASV99.0	45536	45370	99.64
