task_id,hash,native_id,name,status,exit,submit,duration,realtime,%cpu,peak_rss,peak_vmem,rchar,wchar
3,3e/404ffa,1211964,p01__seqkit_reads_cached (1),COMPLETED,0,2026-10-05 12:53:33.112,396ms,15ms,40.2%,0,0,107.8 KB,1.3 KB
6,95/300005,1212117,p01__seqkit_reads_cached (3),COMPLETED,0,2026-10-05 12:53:33.177,347ms,23ms,21.7%,0,0,107.8 KB,1.3 KB
4,38/5b01f8,1212077,p03__fastp_report_pratama_cached (2),COMPLETED,0,2026-10-05 12:53:33.164,378ms,47ms,13.9%,0,0,112.8 KB,1.5 KB
1,37/48df42,1211987,p02__bbduk_pratama_cached (1),COMPLETED,0,2026-10-05 12:53:33.125,425ms,37ms,16.8%,0,0,108.1 KB,1.5 KB
5,4b/6aeac5,1212008,p01__seqkit_reads_cached (2),COMPLETED,0,2026-10-05 12:53:33.139,428ms,49ms,8.9%,0,0,107.8 KB,1.3 KB
7,79/ee4095,1212172,p02__bbduk_pratama_cached (2),COMPLETED,0,2026-10-05 12:53:33.194,382ms,18ms,19.1%,0,0,108.1 KB,1.5 KB
2,13/d1b176,1212030,p03__fastp_report_pratama_cached (1),COMPLETED,0,2026-10-05 12:53:33.151,443ms,20ms,36.9%,0,0,112.8 KB,1.5 KB
8,21/aa13f7,1212213,p03__fastp_report_pratama_cached (3),COMPLETED,0,2026-10-05 12:53:33.214,393ms,20ms,28.2%,0,0,112.8 KB,1.5 KB
14,d9/f349cd,1212929,p01__seqkit_reads_cached (6),COMPLETED,0,2026-10-05 12:53:33.588,297ms,21ms,16.1%,0,0,107.8 KB,1.3 KB
11,91/4b137f,1212836,p02__bbduk_pratama_cached (3),COMPLETED,0,2026-10-05 12:53:33.548,390ms,11ms,56.5%,0,0,108.1 KB,1.5 KB
15,9b/3904ea,1212960,p01__seqkit_reads_cached (7),COMPLETED,0,2026-10-05 12:53:33.603,354ms,12ms,19.5%,0,0,107.8 KB,1.3 KB
12,14/45efcf,1212848,p01__seqkit_reads_cached (5),COMPLETED,0,2026-10-05 12:53:33.557,410ms,24ms,46.2%,0,0,107.8 KB,1.3 KB
16,30/4b38e8,1213056,p03__fastp_report_pratama_cached (6),COMPLETED,0,2026-10-05 12:53:33.619,360ms,33ms,47.2%,0,0,112.8 KB,1.5 KB
10,04/227b06,1212834,p03__fastp_report_pratama_cached (4),COMPLETED,0,2026-10-05 12:53:33.531,450ms,16ms,34.0%,0,0,112.8 KB,1.5 KB
13,1b/cd9c14,1212928,p03__fastp_report_pratama_cached (5),COMPLETED,0,2026-10-05 12:53:33.580,423ms,15ms,25.1%,0,0,112.8 KB,1.5 KB
9,7e/9dd3e7,1212824,p01__seqkit_reads_cached (4),COMPLETED,0,2026-10-05 12:53:33.522,498ms,9ms,28.0%,0,0,107.8 KB,1.3 KB
17,d1/a29733,1213623,p02__bbduk_pratama_cached (4),COMPLETED,0,2026-10-05 12:53:33.893,291ms,10ms,59.3%,0,0,108.1 KB,1.5 KB
20,07/258e09,1213794,p03__fastp_report_pratama_cached (8),COMPLETED,0,2026-10-05 12:53:33.973,296ms,25ms,18.0%,0,0,112.8 KB,1.5 KB
23,df/1b4160,1213922,p03__fastp_report_pratama_cached (9),COMPLETED,0,2026-10-05 12:53:34.012,310ms,10ms,49.7%,0,0,112.8 KB,1.5 KB
19,03/e6a772,1213786,p01__seqkit_reads_cached (8),COMPLETED,0,2026-10-05 12:53:33.966,376ms,22ms,18.8%,0,0,107.8 KB,1.3 KB
24,4f/8bd304,1214039,p01__seqkit_reads_cached (10),COMPLETED,0,2026-10-05 12:53:34.029,357ms,10ms,24.6%,0,0,107.8 KB,1.3 KB
21,f3/6c4126,1213869,p01__seqkit_reads_cached (9),COMPLETED,0,2026-10-05 12:53:33.987,412ms,15ms,36.7%,0,0,107.8 KB,1.3 KB
25,7e/df2b3d,1214425,p03__fastp_report_pratama_cached (10),COMPLETED,0,2026-10-05 12:53:34.192,232ms,11ms,48.9%,0,0,112.8 KB,1.5 KB
22,4e/32c328,1213870,p02__bbduk_pratama_cached (5),COMPLETED,0,2026-10-05 12:53:33.999,472ms,13ms,19.2%,0,0,108.1 KB,1.5 KB
18,53/14b74f,1213740,p03__fastp_report_pratama_cached (7),COMPLETED,0,2026-10-05 12:53:33.948,612ms,30ms,36.1%,0,0,112.8 KB,1.5 KB
26,b2/f21fa9,1214608,p01__seqkit_reads_cached (11),COMPLETED,0,2026-10-05 12:53:34.276,324ms,6ms,83.5%,0,0,107.8 KB,1.3 KB
27,b8/b7ed6f,1214766,p02__bbduk_pratama_cached (6),COMPLETED,0,2026-10-05 12:53:34.332,351ms,21ms,30.8%,0,0,108.1 KB,1.5 KB
28,03/c56bad,1214767,p03__fastp_report_pratama_cached (11),COMPLETED,0,2026-10-05 12:53:34.350,349ms,18ms,21.9%,0,0,112.8 KB,1.5 KB
30,7f/7dbabe,1214908,p03__fastp_report_pratama_cached (12),COMPLETED,0,2026-10-05 12:53:34.404,324ms,28ms,20.7%,0,0,112.8 KB,1.5 KB
32,87/d78dd6,1215061,p03__fastp_report_pratama_cached (13),COMPLETED,0,2026-10-05 12:53:34.479,262ms,13ms,25.1%,0,0,112.8 KB,1.5 KB
29,d4/0923a6,1214896,p01__seqkit_reads_cached (12),COMPLETED,0,2026-10-05 12:53:34.395,431ms,14ms,36.9%,0,0,107.8 KB,1.3 KB
31,26/5fc5fd,1214943,p02__bbduk_pratama_cached (7),COMPLETED,0,2026-10-05 12:53:34.430,487ms,7ms,56.3%,0,0,108.1 KB,1.5 KB
33,17/2b377a,1215483,p01__seqkit_reads_cached (13),COMPLETED,0,2026-10-05 12:53:34.567,363ms,9ms,43.9%,0,0,107.8 KB,1.3 KB
34,17/d15777,1215953,p01__seqkit_reads_cached (14),COMPLETED,0,2026-10-05 12:53:34.608,329ms,10ms,52.9%,0,0,107.8 KB,1.3 KB
36,90/95eb27,1216192,p03__fastp_report_pratama_cached (14),COMPLETED,0,2026-10-05 12:53:34.709,314ms,30ms,23.6%,0,0,112.8 KB,1.5 KB
37,7b/2e827f,1216297,p01__seqkit_reads_cached (15),COMPLETED,0,2026-10-05 12:53:34.737,339ms,13ms,40.5%,0,0,107.8 KB,1.3 KB
38,9a/948da9,1216372,p03__fastp_report_pratama_cached (15),COMPLETED,0,2026-10-05 12:53:34.746,379ms,13ms,35.2%,0,0,112.8 KB,1.5 KB
35,15/b4e54d,1216155,p02__bbduk_pratama_cached (8),COMPLETED,0,2026-10-05 12:53:34.690,474ms,8ms,70.3%,0,0,108.1 KB,1.5 KB
39,be/895065,1216565,p01__seqkit_reads_cached (16),COMPLETED,0,2026-10-05 12:53:34.833,344ms,9ms,59.3%,0,0,107.8 KB,1.3 KB
40,96/5693ea,1216799,p02__bbduk_pratama_cached (9),COMPLETED,0,2026-10-05 12:53:34.935,314ms,8ms,53.0%,0,0,108.1 KB,1.5 KB
42,69/b210d7,1216818,p01__seqkit_reads_cached (17),COMPLETED,0,2026-10-05 12:53:34.945,333ms,12ms,41.6%,0,0,107.8 KB,1.3 KB
43,f9/f71b6d,1217032,p03__fastp_report_pratama_cached (17),COMPLETED,0,2026-10-05 12:53:35.031,325ms,7ms,66.7%,0,0,112.8 KB,1.5 KB
44,7d/cfd79e,1217148,p01__seqkit_reads_cached (18),COMPLETED,0,2026-10-05 12:53:35.083,287ms,10ms,99.2%,0,0,107.8 KB,1.3 KB
41,46/e73ddd,1216798,p03__fastp_report_pratama_cached (16),COMPLETED,0,2026-10-05 12:53:34.927,453ms,20ms,55.4%,0,0,112.8 KB,1.5 KB
46,7d/8c307b,1217378,p02__bbduk_pratama_cached (10),COMPLETED,0,2026-10-05 12:53:35.172,322ms,6ms,53.8%,0,0,108.1 KB,1.5 KB
45,e5/2296fd,1217270,p03__fastp_report_pratama_cached (18),COMPLETED,0,2026-10-05 12:53:35.131,372ms,18ms,39.8%,0,0,112.8 KB,1.5 KB
47,74/3c2a96,1217442,p01__seqkit_reads_cached (19),COMPLETED,0,2026-10-05 12:53:35.183,339ms,6ms,147.7%,0,0,107.8 KB,1.3 KB
48,51/9b906f,1217615,p03__fastp_report_pratama_cached (19),COMPLETED,0,2026-10-05 12:53:35.258,290ms,7ms,71.6%,0,0,112.8 KB,1.5 KB
50,76/febf2b,1217653,p01__seqkit_reads_cached (20),COMPLETED,0,2026-10-05 12:53:35.285,326ms,16ms,33.4%,0,0,107.8 KB,1.3 KB
51,14/5bfec0,1217890,p03__fastp_report_pratama_cached (20),COMPLETED,0,2026-10-05 12:53:35.378,273ms,8ms,45.0%,0,0,112.8 KB,1.5 KB
52,99/cb381c,1217936,p01__seqkit_reads_cached (21),COMPLETED,0,2026-10-05 12:53:35.387,321ms,5ms,48.7%,0,0,107.8 KB,1.3 KB
49,9b/d86f4c,1217889,p02__bbduk_pratama_cached (11),COMPLETED,0,2026-10-05 12:53:35.365,374ms,7ms,63.4%,0,0,108.1 KB,1.5 KB
53,c9/74a1f2,1218185,p03__fastp_report_pratama_cached (21),COMPLETED,0,2026-10-05 12:53:35.503,245ms,12ms,53.3%,0,0,112.8 KB,1.5 KB
54,af/131793,1218345,p02__bbduk_pratama_cached (12),COMPLETED,0,2026-10-05 12:53:35.510,281ms,12ms,41.3%,0,0,108.1 KB,1.5 KB
55,61/eb9f83,1218352,p01__seqkit_reads_cached (22),COMPLETED,0,2026-10-05 12:53:35.528,271ms,12ms,42.0%,0,0,107.8 KB,1.3 KB
56,1d/b9992c,1218384,p03__fastp_report_pratama_cached (22),COMPLETED,0,2026-10-05 12:53:35.554,308ms,8ms,59.1%,0,0,112.8 KB,1.5 KB
59,a4/03c7ce,1218625,p03__fastp_report_pratama_cached (23),COMPLETED,0,2026-10-05 12:53:35.658,320ms,11ms,87.1%,0,0,112.8 KB,1.5 KB
58,33/6edef6,1218833,p02__bbduk_pratama_cached (13),COMPLETED,0,2026-10-05 12:53:35.714,314ms,9ms,48.2%,0,0,108.1 KB,1.5 KB
57,f1/abf0fb,1218568,p01__seqkit_reads_cached (23),COMPLETED,0,2026-10-05 12:53:35.622,426ms,7ms,36.6%,0,0,107.8 KB,1.3 KB
61,88/4aa463,1218991,p03__fastp_report_pratama_cached (24),COMPLETED,0,2026-10-05 12:53:35.753,380ms,25ms,59.3%,0,0,112.8 KB,1.5 KB
63,fb/b89933,1219147,p01__seqkit_reads_cached (25),COMPLETED,0,2026-10-05 12:53:35.805,343ms,15ms,33.8%,0,0,107.8 KB,1.3 KB
62,16/faebd3,1219064,p02__bbduk_pratama_cached (14),COMPLETED,0,2026-10-05 12:53:35.798,375ms,12ms,47.8%,0,0,108.1 KB,1.5 KB
60,a5/ba1179,1218895,p01__seqkit_reads_cached (24),COMPLETED,0,2026-10-05 12:53:35.745,451ms,7ms,70.6%,0,0,107.8 KB,1.3 KB
64,71/a17cb5,1219272,p03__fastp_report_pratama_cached (25),COMPLETED,0,2026-10-05 12:53:35.873,363ms,9ms,37.3%,0,0,112.8 KB,1.5 KB
66,79/75921b,1219531,p02__bbduk_pratama_cached (15),COMPLETED,0,2026-10-05 12:53:35.985,325ms,6ms,79.3%,0,0,108.1 KB,1.5 KB
65,86/72cc07,1219644,p01__seqkit_reads_cached (26),COMPLETED,0,2026-10-05 12:53:36.034,268ms,12ms,24.0%,0,0,107.8 KB,1.3 KB
67,81/a4a652,1219678,p03__fastp_report_pratama_cached (26),COMPLETED,0,2026-10-05 12:53:36.054,287ms,10ms,56.1%,0,0,112.8 KB,1.5 KB
68,8b/0d1bbb,1219853,p03__fastp_report_pratama_cached (27),COMPLETED,0,2026-10-05 12:53:36.140,252ms,21ms,32.9%,0,0,112.8 KB,1.5 KB
69,13/3111ef,1219897,p01__seqkit_reads_cached (27),COMPLETED,0,2026-10-05 12:53:36.157,334ms,15ms,32.7%,0,0,107.8 KB,1.3 KB
70,b6/ff433c,1220004,p02__bbduk_pratama_cached (16),COMPLETED,0,2026-10-05 12:53:36.181,353ms,11ms,43.6%,0,0,108.1 KB,1.5 KB
71,0b/67b7ef,1220075,p01__seqkit_reads_cached (28),COMPLETED,0,2026-10-05 12:53:36.203,395ms,8ms,47.8%,0,0,107.8 KB,1.3 KB
73,33/a68074,1220438,p01__seqkit_reads_cached (29),COMPLETED,0,2026-10-05 12:53:36.309,302ms,8ms,58.4%,0,0,107.8 KB,1.3 KB
72,9a/3a3abb,1220165,p03__fastp_report_pratama_cached (28),COMPLETED,0,2026-10-05 12:53:36.243,380ms,22ms,33.9%,0,0,112.8 KB,1.5 KB
75,d8/f1fc72,1220450,p02__bbduk_pratama_cached (17),COMPLETED,0,2026-10-05 12:53:36.352,332ms,11ms,25.1%,0,0,108.1 KB,1.5 KB
74,63/7efad3,1220439,p03__fastp_report_pratama_cached (29),COMPLETED,0,2026-10-05 12:53:36.315,378ms,14ms,43.9%,0,0,112.8 KB,1.5 KB
76,9d/7d7464,1220653,p01__seqkit_reads_cached (30),COMPLETED,0,2026-10-05 12:53:36.399,334ms,8ms,34.7%,0,0,107.8 KB,1.3 KB
77,be/251d8c,1220863,p03__fastp_report_pratama_cached (30),COMPLETED,0,2026-10-05 12:53:36.498,312ms,10ms,56.8%,0,0,112.8 KB,1.5 KB
78,6a/b5e2c6,1220964,p03__fastp_report_pratama_cached (31),COMPLETED,0,2026-10-05 12:53:36.541,316ms,6ms,66.4%,0,0,112.8 KB,1.5 KB
79,80/f4d5fe,1221095,p01__seqkit_reads_cached (31),COMPLETED,0,2026-10-05 12:53:36.606,295ms,5ms,81.0%,0,0,107.8 KB,1.3 KB
80,ed/f00198,1221138,p02__bbduk_pratama_cached (18),COMPLETED,0,2026-10-05 12:53:36.618,300ms,9ms,100.0%,0,0,108.1 KB,1.5 KB
81,57/98826a,1221163,p03__fastp_report_pratama_cached (32),COMPLETED,0,2026-10-05 12:53:36.628,321ms,15ms,38.6%,0,0,112.8 KB,1.5 KB
82,a1/c14c82,1221434,p01__seqkit_reads_cached (32),COMPLETED,0,2026-10-05 12:53:36.690,337ms,6ms,61.7%,0,0,107.8 KB,1.3 KB
84,af/cfb954,1221548,p01__seqkit_reads_cached (33),COMPLETED,0,2026-10-05 12:53:36.740,314ms,8ms,30.9%,0,0,107.8 KB,1.3 KB
83,e3/edcbdd,1221451,p03__fastp_report_pratama_cached (33),COMPLETED,0,2026-10-05 12:53:36.699,376ms,12ms,38.3%,0,0,112.8 KB,1.5 KB
86,40/389be2,1221970,p01__seqkit_reads_cached (34),COMPLETED,0,2026-10-05 12:53:36.864,227ms,12ms,52.6%,0,0,107.8 KB,1.3 KB
85,40/444ad5,1221817,p02__bbduk_pratama_cached (19),COMPLETED,0,2026-10-05 12:53:36.818,306ms,4ms,93.2%,0,0,108.1 KB,1.5 KB
87,35/1762e2,1222108,p03__fastp_report_pratama_cached (34),COMPLETED,0,2026-10-05 12:53:36.913,290ms,16ms,43.4%,0,0,112.8 KB,1.5 KB
88,6a/c6390b,1222141,p01__seqkit_reads_cached (35),COMPLETED,0,2026-10-05 12:53:36.927,303ms,10ms,92.3%,0,0,107.8 KB,1.3 KB
89,7a/774941,1222260,p02__bbduk_pratama_cached (20),COMPLETED,0,2026-10-05 12:53:36.962,275ms,5ms,91.9%,0,0,108.1 KB,1.5 KB
90,12/93633b,1222513,p03__fastp_report_pratama_cached (35),COMPLETED,0,2026-10-05 12:53:37.042,295ms,8ms,118.5%,0,0,112.8 KB,1.5 KB
92,14/7b87cc,1222683,p03__fastp_report_pratama_cached (36),COMPLETED,0,2026-10-05 12:53:37.082,316ms,9ms,67.1%,0,0,112.8 KB,1.5 KB
94,85/746355,1222891,p01__seqkit_reads_cached (37),COMPLETED,0,2026-10-05 12:53:37.132,314ms,9ms,0.0%,0,0,107.8 KB,1.3 KB
91,00/42b88e,1222585,p01__seqkit_reads_cached (36),COMPLETED,0,2026-10-05 12:53:37.059,430ms,5ms,47.6%,0,0,107.8 KB,1.3 KB
93,0a/92d411,1222762,p02__bbduk_pratama_cached (21),COMPLETED,0,2026-10-05 12:53:37.100,407ms,6ms,77.1%,0,0,108.1 KB,1.5 KB
95,f2/72acc6,1223110,p03__fastp_report_pratama_cached (37),COMPLETED,0,2026-10-05 12:53:37.209,312ms,7ms,84.6%,0,0,112.8 KB,1.5 KB
96,87/82101c,1223227,p01__seqkit_reads_cached (38),COMPLETED,0,2026-10-05 12:53:37.236,301ms,7ms,0.0%,0,0,107.8 KB,1.3 KB
97,ef/5ddbcc,1223232,p02__bbduk_pratama_cached (22),COMPLETED,0,2026-10-05 12:53:37.248,331ms,12ms,54.4%,0,0,108.1 KB,1.5 KB
98,cb/357876,1223411,p03__fastp_report_pratama_cached (38),COMPLETED,0,2026-10-05 12:53:37.347,240ms,16ms,43.4%,0,0,112.8 KB,1.5 KB
99,c0/c376da,1223536,p01__seqkit_reads_cached (39),COMPLETED,0,2026-10-05 12:53:37.410,299ms,10ms,0.0%,0,0,107.8 KB,1.3 KB
103,be/6d5b97,1223852,p01__seqkit_reads_cached (41),COMPLETED,0,2026-10-05 12:53:37.548,229ms,14ms,35.9%,0,0,107.8 KB,1.3 KB
100,41/de0808,1223601,p03__fastp_report_pratama_cached (39),COMPLETED,0,2026-10-05 12:53:37.455,334ms,13ms,46.5%,0,0,112.8 KB,1.5 KB
101,6a/e1053f,1223703,p01__seqkit_reads_cached (40),COMPLETED,0,2026-10-05 12:53:37.499,330ms,16ms,42.7%,0,0,107.8 KB,1.3 KB
138,0d/9ab20c,1223793,p03__fastp_report_pratama_cached (54),COMPLETED,0,2026-10-05 12:53:37.530,310ms,18ms,34.8%,0,0,112.8 KB,1.5 KB
102,26/97fa9b,1223740,p03__fastp_report_pratama_cached (40),COMPLETED,0,2026-10-05 12:53:37.513,354ms,19ms,36.6%,0,0,112.8 KB,1.5 KB
105,2d/bdfd41,1224049,p01__seqkit_reads_cached (42),COMPLETED,0,2026-10-05 12:53:37.600,338ms,6ms,83.8%,0,0,107.8 KB,1.3 KB
104,47/5dadf4,1223982,p03__fastp_report_pratama_cached (41),COMPLETED,0,2026-10-05 12:53:37.587,376ms,10ms,55.8%,0,0,112.8 KB,1.5 KB
106,59/1eccdd,1224301,p02__bbduk_pratama_cached (23),COMPLETED,0,2026-10-05 12:53:37.718,295ms,5ms,90.6%,0,0,108.1 KB,1.5 KB
108,db/177fd4,1224417,p01__seqkit_reads_cached (43),COMPLETED,0,2026-10-05 12:53:37.795,321ms,6ms,59.6%,0,0,107.8 KB,1.3 KB
109,17/cd7dfa,1224542,p02__bbduk_pratama_cached (24),COMPLETED,0,2026-10-05 12:53:37.837,295ms,11ms,62.3%,0,0,108.1 KB,1.5 KB
107,3c/d12fdd,1224409,p03__fastp_report_pratama_cached (42),COMPLETED,0,2026-10-05 12:53:37.789,353ms,9ms,64.0%,0,0,112.8 KB,1.5 KB
110,73/f7a195,1224585,p03__fastp_report_pratama_cached (43),COMPLETED,0,2026-10-05 12:53:37.850,311ms,7ms,76.5%,0,0,112.8 KB,1.5 KB
112,87/4e882a,1224835,p03__fastp_report_pratama_cached (44),COMPLETED,0,2026-10-05 12:53:37.945,327ms,10ms,41.9%,0,0,112.8 KB,1.5 KB
113,5d/e8b0b3,1224921,p01__seqkit_reads_cached (45),COMPLETED,0,2026-10-05 12:53:37.969,326ms,7ms,141.2%,0,0,107.8 KB,1.3 KB
114,05/6c07ce,1225018,p02__bbduk_pratama_cached (25),COMPLETED,0,2026-10-05 12:53:38.019,322ms,5ms,73.3%,0,0,108.1 KB,1.5 KB
115,26/ff24ac,1225191,p03__fastp_report_pratama_cached (45),COMPLETED,0,2026-10-05 12:53:38.122,254ms,12ms,71.9%,0,0,112.8 KB,1.5 KB
111,84/327a76,1224644,p01__seqkit_reads_cached (44),COMPLETED,0,2026-10-05 12:53:37.879,513ms,6ms,38.7%,0,0,107.8 KB,1.3 KB
116,7b/c0c1b9,1225244,p01__seqkit_reads_cached (46),COMPLETED,0,2026-10-05 12:53:38.138,282ms,9ms,50.3%,0,0,107.8 KB,1.3 KB
117,a8/e3d92e,1225295,p01__seqkit_reads_cached (47),COMPLETED,0,2026-10-05 12:53:38.151,313ms,6ms,56.8%,0,0,107.8 KB,1.3 KB
118,4d/79a78f,1225338,p03__fastp_report_pratama_cached (46),COMPLETED,0,2026-10-05 12:53:38.168,310ms,10ms,59.4%,0,0,112.8 KB,1.5 KB
120,5e/83b730,1225636,p01__seqkit_reads_cached (48),COMPLETED,0,2026-10-05 12:53:38.302,232ms,5ms,93.7%,0,0,107.8 KB,1.3 KB
119,3d/a7f497,1225602,p02__bbduk_pratama_cached (26),COMPLETED,0,2026-10-05 12:53:38.280,282ms,5ms,98.5%,0,0,108.1 KB,1.5 KB
121,2c/6a9736,1225823,p01__seqkit_reads_cached (49),COMPLETED,0,2026-10-05 12:53:38.384,301ms,7ms,67.8%,0,0,107.8 KB,1.3 KB
123,92/b2e14b,1225893,p03__fastp_report_pratama_cached (48),COMPLETED,0,2026-10-05 12:53:38.405,312ms,9ms,57.0%,0,0,112.8 KB,1.5 KB
122,e5/2c3135,1225741,p03__fastp_report_pratama_cached (47),COMPLETED,0,2026-10-05 12:53:38.347,401ms,15ms,47.9%,0,0,112.8 KB,1.5 KB
128,4d/6af4f3,1226342,p02__bbduk_pratama_cached (28),COMPLETED,0,2026-10-05 12:53:38.570,215ms,7ms,84.6%,0,0,108.1 KB,1.5 KB
124,50/daf637,1225962,p01__seqkit_reads_cached (50),COMPLETED,0,2026-10-05 12:53:38.426,377ms,7ms,75.0%,0,0,107.8 KB,1.3 KB
126,19/9a6dd6,1226131,p03__fastp_report_pratama_cached (49),COMPLETED,0,2026-10-05 12:53:38.485,343ms,9ms,112.9%,0,0,112.8 KB,1.5 KB
125,0f/0ebf4e,1226096,p02__bbduk_pratama_cached (27),COMPLETED,0,2026-10-05 12:53:38.475,373ms,9ms,123.1%,0,0,108.1 KB,1.5 KB
127,91/33870e,1226314,p01__seqkit_reads_cached (51),COMPLETED,0,2026-10-05 12:53:38.547,291ms,5ms,83.5%,0,0,107.8 KB,1.3 KB
129,9b/4cb2ca,1226561,p03__fastp_report_pratama_cached (50),COMPLETED,0,2026-10-05 12:53:38.692,283ms,8ms,144.4%,0,0,112.8 KB,1.5 KB
130,12/80d8de,1226619,p01__seqkit_reads_cached (52),COMPLETED,0,2026-10-05 12:53:38.724,290ms,10ms,64.6%,0,0,107.8 KB,1.3 KB
132,22/963b02,1226781,p01__seqkit_reads_cached (53),COMPLETED,0,2026-10-05 12:53:38.793,267ms,7ms,45.8%,0,0,107.8 KB,1.3 KB
134,e6/08e56e,1226905,p02__bbduk_pratama_cached (29),COMPLETED,0,2026-10-05 12:53:38.835,259ms,14ms,40.8%,0,0,108.1 KB,1.5 KB
131,20/342fca,1226677,p03__fastp_report_pratama_cached (51),COMPLETED,0,2026-10-05 12:53:38.755,368ms,12ms,55.7%,0,0,112.8 KB,1.5 KB
133,5d/03e4bb,1226840,p03__fastp_report_pratama_cached (52),COMPLETED,0,2026-10-05 12:53:38.810,322ms,11ms,45.7%,0,0,112.8 KB,1.5 KB
135,a9/18e51d,1226953,p01__seqkit_reads_cached (54),COMPLETED,0,2026-10-05 12:53:38.845,343ms,16ms,44.1%,0,0,107.8 KB,1.3 KB
136,bc/5dd9c9,1227066,p03__fastp_report_pratama_cached (53),COMPLETED,0,2026-10-05 12:53:38.856,398ms,19ms,74.7%,0,0,112.8 KB,1.5 KB
137,0d/d99912,1227299,p01__seqkit_reads_cached (55),COMPLETED,0,2026-10-05 12:53:38.982,292ms,4ms,102.7%,0,0,107.8 KB,1.3 KB
140,64/20c740,1227470,p01__seqkit_reads_cached (56),COMPLETED,0,2026-10-05 12:53:39.067,216ms,8ms,72.2%,0,0,107.8 KB,1.3 KB
139,26/947f49,1227403,p02__bbduk_pratama_cached (30),COMPLETED,0,2026-10-05 12:53:39.021,340ms,4ms,0.0%,0,0,108.1 KB,1.5 KB
143,68/ce2d3b,1227633,p01__seqkit_reads_cached (57),COMPLETED,0,2026-10-05 12:53:39.130,241ms,5ms,93.2%,0,0,107.8 KB,1.3 KB
141,eb/63b560,1227544,p03__fastp_report_pratama_cached (55),COMPLETED,0,2026-10-05 12:53:39.100,283ms,18ms,38.6%,0,0,112.8 KB,1.5 KB
142,60/0b7b4a,1227699,p02__bbduk_pratama_cached (31),COMPLETED,0,2026-10-05 12:53:39.144,246ms,5ms,84.2%,0,0,108.1 KB,1.5 KB
144,ab/e94c6b,1227825,p03__fastp_report_pratama_cached (56),COMPLETED,0,2026-10-05 12:53:39.194,235ms,8ms,111.0%,0,0,112.8 KB,1.5 KB
145,4f/738110,1227977,p01__seqkit_reads_cached (58),COMPLETED,0,2026-10-05 12:53:39.260,255ms,6ms,76.8%,0,0,107.8 KB,1.3 KB
147,98/238073,1228058,p01__seqkit_reads_cached (59),COMPLETED,0,2026-10-05 12:53:39.290,310ms,5ms,91.9%,0,0,107.8 KB,1.3 KB
146,4f/ba56e6,1228025,p03__fastp_report_pratama_cached (57),COMPLETED,0,2026-10-05 12:53:39.280,313ms,9ms,57.1%,0,0,112.8 KB,1.5 KB
148,23/7a3111,1228227,p03__fastp_report_pratama_cached (58),COMPLETED,0,2026-10-05 12:53:39.367,253ms,11ms,100.0%,0,0,112.8 KB,1.5 KB
150,bc/c35b9b,1228346,p02__bbduk_pratama_cached (32),COMPLETED,0,2026-10-05 12:53:39.389,245ms,8ms,58.5%,0,0,108.1 KB,1.5 KB
149,7f/798f68,1228323,p01__seqkit_reads_cached (60),COMPLETED,0,2026-10-05 12:53:39.380,277ms,10ms,45.7%,0,0,107.8 KB,1.3 KB
152,4d/91403d,1228512,p01__seqkit_reads_cached (61),COMPLETED,0,2026-10-05 12:53:39.436,263ms,5ms,92.3%,0,0,107.8 KB,1.3 KB
151,ac/32fd90,1228368,p03__fastp_report_pratama_cached (59),COMPLETED,0,2026-10-05 12:53:39.397,316ms,9ms,58.5%,0,0,112.8 KB,1.5 KB
153,3f/4b6e48,1228734,p03__fastp_report_pratama_cached (60),COMPLETED,0,2026-10-05 12:53:39.522,312ms,6ms,0.0%,0,0,112.8 KB,1.5 KB
158,84/9cdd2f,1229059,p03__fastp_report_pratama_cached (62),COMPLETED,0,2026-10-05 12:53:39.663,232ms,6ms,137.6%,0,0,112.8 KB,1.5 KB
157,bd/87e5d7,1228992,p01__seqkit_reads_cached (63),COMPLETED,0,2026-10-05 12:53:39.641,264ms,7ms,44.1%,0,0,107.8 KB,1.3 KB
156,85/7451f0,1228949,p03__fastp_report_pratama_cached (61),COMPLETED,0,2026-10-05 12:53:39.627,302ms,15ms,37.7%,0,0,112.8 KB,1.5 KB
154,d8/609a2d,1228847,p01__seqkit_reads_cached (62),COMPLETED,0,2026-10-05 12:53:39.600,370ms,7ms,56.6%,0,0,107.8 KB,1.3 KB
155,ae/3e1b55,1228926,p02__bbduk_pratama_cached (33),COMPLETED,0,2026-10-05 12:53:39.606,378ms,6ms,67.1%,0,0,108.1 KB,1.5 KB
160,85/aa509b,1229251,p01__seqkit_reads_cached (64),COMPLETED,0,2026-10-05 12:53:39.719,279ms,9ms,49.4%,0,0,107.8 KB,1.3 KB
159,f6/297bd4,1229213,p02__bbduk_pratama_cached (34),COMPLETED,0,2026-10-05 12:53:39.706,372ms,9ms,50.9%,0,0,108.1 KB,1.5 KB
161,a1/6c85d5,1229532,p03__fastp_report_pratama_cached (63),COMPLETED,0,2026-10-05 12:53:39.840,246ms,8ms,83.8%,0,0,112.8 KB,1.5 KB
163,5c/19f213,1229644,p01__seqkit_reads_cached (65),COMPLETED,0,2026-10-05 12:53:39.911,268ms,6ms,66.9%,0,0,107.8 KB,1.3 KB
164,44/f1b954,1229719,p03__fastp_report_pratama_cached (64),COMPLETED,0,2026-10-05 12:53:39.936,251ms,8ms,77.4%,0,0,112.8 KB,1.5 KB
162,97/bb2564,1229617,p02__bbduk_pratama_cached (35),COMPLETED,0,2026-10-05 12:53:39.901,325ms,6ms,71.9%,0,0,108.1 KB,1.5 KB
167,0f/4a6983,1229904,p02__bbduk_pratama_cached (37),COMPLETED,0,2026-10-05 12:53:40.005,261ms,5ms,97.5%,0,0,108.1 KB,1.5 KB
166,00/5b4b15,1229884,p02__bbduk_pratama_cached (36),COMPLETED,0,2026-10-05 12:53:39.990,286ms,7ms,63.4%,0,0,108.1 KB,1.5 KB
168,d4/087db1,1230114,p02__bbduk_pratama_cached (38),COMPLETED,0,2026-10-05 12:53:40.085,217ms,7ms,77.4%,0,0,108.1 KB,1.5 KB
169,02/0b46ec,1230124,p02__bbduk_pratama_cached (39),COMPLETED,0,2026-10-05 12:53:40.092,249ms,8ms,63.0%,0,0,108.1 KB,1.5 KB
165,43/861047,1229847,p03__fastp_report_pratama_cached (65),COMPLETED,0,2026-10-05 12:53:39.984,376ms,11ms,47.9%,0,0,112.8 KB,1.5 KB
171,6c/fa9ae8,1230385,p02__bbduk_pratama_cached (41),COMPLETED,0,2026-10-05 12:53:40.193,272ms,8ms,70.6%,0,0,108.1 KB,1.5 KB
172,b4/da9622,1230493,p02__bbduk_pratama_cached (42),COMPLETED,0,2026-10-05 12:53:40.232,239ms,5ms,84.6%,0,0,108.1 KB,1.5 KB
170,59/61352e,1230350,p02__bbduk_pratama_cached (40),COMPLETED,0,2026-10-05 12:53:40.186,294ms,5ms,91.0%,0,0,108.1 KB,1.5 KB
173,cc/f39915,1230577,p02__bbduk_pratama_cached (43),COMPLETED,0,2026-10-05 12:53:40.273,239ms,10ms,57.1%,0,0,108.1 KB,1.5 KB
174,95/78e8c9,1230608,p02__bbduk_pratama_cached (44),COMPLETED,0,2026-10-05 12:53:40.282,306ms,7ms,73.0%,0,0,108.1 KB,1.5 KB
177,0a/16905f,1230875,p02__bbduk_pratama_cached (47),COMPLETED,0,2026-10-05 12:53:40.365,245ms,7ms,71.4%,0,0,108.1 KB,1.5 KB
175,41/685814,1230689,p02__bbduk_pratama_cached (45),COMPLETED,0,2026-10-05 12:53:40.309,358ms,5ms,88.1%,0,0,108.1 KB,1.5 KB
176,ba/c8a1b2,1230859,p02__bbduk_pratama_cached (46),COMPLETED,0,2026-10-05 12:53:40.348,329ms,5ms,84.2%,0,0,108.1 KB,1.5 KB
179,a7/d5469c,1231160,p02__bbduk_pratama_cached (49),COMPLETED,0,2026-10-05 12:53:40.476,237ms,7ms,83.5%,0,0,108.1 KB,1.5 KB
180,34/c9cbc0,1231165,p02__bbduk_pratama_cached (50),COMPLETED,0,2026-10-05 12:53:40.487,273ms,4ms,45.8%,0,0,108.1 KB,1.5 KB
178,d1/814a59,1231114,p02__bbduk_pratama_cached (48),COMPLETED,0,2026-10-05 12:53:40.471,295ms,6ms,71.1%,0,0,108.1 KB,1.5 KB
181,1f/c87cf9,1231280,p02__bbduk_pratama_cached (51),COMPLETED,0,2026-10-05 12:53:40.520,264ms,11ms,67.4%,0,0,108.1 KB,1.5 KB
183,30/9330f1,1231496,p02__bbduk_pratama_cached (53),COMPLETED,0,2026-10-05 12:53:40.616,200ms,5ms,96.5%,0,0,108.1 KB,1.5 KB
182,15/600553,1231401,p02__bbduk_pratama_cached (52),COMPLETED,0,2026-10-05 12:53:40.594,268ms,5ms,92.8%,0,0,108.1 KB,1.5 KB
184,a5/788f7e,1231617,p02__bbduk_pratama_cached (54),COMPLETED,0,2026-10-05 12:53:40.673,253ms,6ms,88.1%,0,0,108.1 KB,1.5 KB
185,84/fe288e,1231652,p02__bbduk_pratama_cached (55),COMPLETED,0,2026-10-05 12:53:40.683,264ms,4ms,93.2%,0,0,108.1 KB,1.5 KB
186,80/85a438,1231792,p02__bbduk_pratama_cached (56),COMPLETED,0,2026-10-05 12:53:40.719,290ms,4ms,121.5%,0,0,108.1 KB,1.5 KB
189,0c/4f908b,1231958,p02__bbduk_pratama_cached (59),COMPLETED,0,2026-10-05 12:53:40.791,230ms,4ms,79.7%,0,0,108.1 KB,1.5 KB
187,c5/1dddbd,1231883,p02__bbduk_pratama_cached (57),COMPLETED,0,2026-10-05 12:53:40.765,309ms,5ms,83.1%,0,0,108.1 KB,1.5 KB
190,98/ef9ddf,1232109,p02__bbduk_pratama_cached (60),COMPLETED,0,2026-10-05 12:53:40.823,309ms,4ms,113.6%,0,0,108.1 KB,1.5 KB
188,55/642db3,1231896,p02__bbduk_pratama_cached (58),COMPLETED,0,2026-10-05 12:53:40.771,366ms,14ms,48.6%,0,0,108.1 KB,1.5 KB
191,d6/da5698,1232205,p02__bbduk_pratama_cached (61),COMPLETED,0,2026-10-05 12:53:40.869,299ms,5ms,100.5%,0,0,108.1 KB,1.5 KB
193,4d/5a3579,1232419,p02__bbduk_pratama_cached (63),COMPLETED,0,2026-10-05 12:53:40.953,238ms,6ms,183.7%,0,0,108.1 KB,1.5 KB
192,99/da9a0f,1232372,p02__bbduk_pratama_cached (62),COMPLETED,0,2026-10-05 12:53:40.933,272ms,5ms,101.6%,0,0,108.1 KB,1.5 KB
195,94/c77f5c,1232560,p02__bbduk_pratama_cached (65),COMPLETED,0,2026-10-05 12:53:41.027,228ms,7ms,75.9%,0,0,108.1 KB,1.5 KB
194,6f/77bf0d,1232538,p02__bbduk_pratama_cached (64),COMPLETED,0,2026-10-05 12:53:41.015,316ms,6ms,88.9%,0,0,108.1 KB,1.5 KB
198,ef/77cd86,1233123,p04__megahit_cached (1),COMPLETED,0,2026-10-05 12:53:41.473,217ms,7ms,154.2%,0,0,113.1 KB,1.8 KB
201,de/2b81c5,1233216,p04__megahit_cached (2),COMPLETED,0,2026-10-05 12:53:41.530,220ms,9ms,67.6%,0,0,113.1 KB,1.8 KB
205,99/78c50e,1233334,p04__megahit_cached (3),COMPLETED,0,2026-10-05 12:53:41.592,284ms,7ms,116.0%,0,0,113.1 KB,1.8 KB
216,68/ba1a34,1233606,p08__splitContigsForAmr_cached (1),COMPLETED,0,2026-10-05 12:53:41.780,301ms,6ms,82.1%,0,0,112.9 KB,1.6 KB
214,af/1620d3,1233586,p04__megahit_cached (4),COMPLETED,0,2026-10-05 12:53:41.765,353ms,7ms,76.2%,0,0,113.1 KB,1.8 KB
223,c3/8e1e3b,1233857,p04__megahit_cached (5),COMPLETED,0,2026-10-05 12:53:41.897,276ms,7ms,50.3%,0,0,113.1 KB,1.8 KB
221,84/7185b2,1233748,p08__splitContigsForAmr_cached (2),COMPLETED,0,2026-10-05 12:53:41.866,352ms,10ms,102.1%,0,0,112.9 KB,1.6 KB
232,dc/adc737,1234143,p08__splitContigsForAmr_cached (3),COMPLETED,0,2026-10-05 12:53:42.052,233ms,13ms,47.6%,0,0,112.9 KB,1.6 KB
228,a2/a38622,1234034,p04__megahit_cached (6),COMPLETED,0,2026-10-05 12:53:41.992,370ms,7ms,70.6%,0,0,113.1 KB,1.8 KB
235,69/dd2052,1234314,p04__megahit_cached (7),COMPLETED,0,2026-10-05 12:53:42.118,276ms,12ms,97.0%,0,0,113.1 KB,1.8 KB
243,33/8b9aa0,1234676,p16__vibrant_pratama_cached (1),COMPLETED,0,2026-10-05 12:53:42.252,482ms,43ms,28.2%,0,0,124.2 KB,2.1 KB
240,ae/3dcc7a,1234522,p11__deepvirfinder_pratama_cached (1),COMPLETED,0,2026-10-05 12:53:42.204,532ms,9ms,32.8%,0,0,108.4 KB,1.9 KB
239,ca/aa532f,1234487,p17__virsorter2_pratama_cached (1),COMPLETED,0,2026-10-05 12:53:42.187,550ms,36ms,34.4%,0,0,124.2 KB,2.1 KB
245,93/18f98f,1234790,p11__deepvirfinder_pratama_cached (2),COMPLETED,0,2026-10-05 12:53:42.284,474ms,11ms,40.8%,0,0,108.4 KB,1.9 KB
241,9c/61cffd,1234552,p18__genomad_pratama_cached (1),COMPLETED,0,2026-10-05 12:53:42.217,541ms,54ms,22.6%,0,0,130.2 KB,2.1 KB
247,4b/2cda93,1234927,p08__splitContigsForAmr_cached (4),COMPLETED,0,2026-10-05 12:53:42.353,406ms,20ms,64.4%,0,0,129.7 KB,1.6 KB
250,8f/b884e6,1235160,p04__megahit_cached (8),COMPLETED,0,2026-10-05 12:53:42.405,354ms,7ms,43.9%,0,0,113.1 KB,1.8 KB
248,50/21bb38,1235149,p17__virsorter2_pratama_cached (2),COMPLETED,0,2026-10-05 12:53:42.393,410ms,10ms,127.6%,0,0,124.2 KB,2.1 KB
252,d9/d43672,1235647,p18__genomad_pratama_cached (2),COMPLETED,0,2026-10-05 12:53:42.761,365ms,46ms,14.9%,0,0,130.2 KB,2.1 KB
251,c3/7e6e53,1235631,p16__vibrant_pratama_cached (2),COMPLETED,0,2026-10-05 12:53:42.756,400ms,43ms,34.0%,0,0,124.2 KB,2.1 KB
258,93/8b59be,1235946,p16__vibrant_pratama_cached (3),COMPLETED,0,2026-10-05 12:53:42.786,464ms,68ms,11.1%,0,0,124.2 KB,2.1 KB
254,bd/39ec82,1235932,p17__virsorter2_pratama_cached (3),COMPLETED,0,2026-10-05 12:53:42.772,490ms,31ms,0.0%,0,0,124.2 KB,2.1 KB
253,bc/951097,1235919,p11__deepvirfinder_pratama_cached (3),COMPLETED,0,2026-10-05 12:53:42.767,516ms,15ms,18.8%,0,0,108.4 KB,1.9 KB
260,62/d42e73,1235984,p11__deepvirfinder_pratama_cached (4),COMPLETED,0,2026-10-05 12:53:42.809,502ms,13ms,39.6%,0,0,108.4 KB,1.9 KB
256,90/0c9469,1235944,p08__splitContigsForAmr_cached (5),COMPLETED,0,2026-10-05 12:53:42.778,551ms,42ms,26.8%,0,0,129.7 KB,1.6 KB
257,7b/55c69e,1235958,p04__megahit_cached (9),COMPLETED,0,2026-10-05 12:53:42.792,574ms,50ms,22.9%,0,0,113.1 KB,1.8 KB
261,cd/ad20d3,1236690,p17__virsorter2_pratama_cached (4),COMPLETED,0,2026-10-05 12:53:43.133,329ms,25ms,27.2%,0,0,124.2 KB,2.1 KB
262,7e/2cfec8,1236778,p16__vibrant_pratama_cached (4),COMPLETED,0,2026-10-05 12:53:43.161,411ms,24ms,30.6%,0,0,124.2 KB,2.1 KB
266,99/243a77,1237097,p16__vibrant_pratama_cached (5),COMPLETED,0,2026-10-05 12:53:43.295,385ms,35ms,15.7%,0,0,124.2 KB,2.1 KB
268,b3/d64508,1237242,p04__megahit_cached (10),COMPLETED,0,2026-10-05 12:53:43.335,388ms,33ms,15.0%,0,0,113.1 KB,1.8 KB
264,83/32aab8,1237070,p11__deepvirfinder_pratama_cached (5),COMPLETED,0,2026-10-05 12:53:43.268,491ms,11ms,55.4%,0,0,108.4 KB,1.9 KB
269,55/943f91,1237345,p18__genomad_pratama_cached (4),COMPLETED,0,2026-10-05 12:53:43.373,386ms,17ms,34.0%,0,0,130.2 KB,2.1 KB
267,4f/80be36,1237150,p17__virsorter2_pratama_cached (5),COMPLETED,0,2026-10-05 12:53:43.317,456ms,37ms,30.8%,0,0,124.2 KB,2.1 KB
263,b1/cf94ff,1237067,p18__genomad_pratama_cached (3),COMPLETED,0,2026-10-05 12:53:43.256,525ms,65ms,22.3%,0,0,130.2 KB,2.1 KB
273,67/46e3a9,1237861,p16__vibrant_pratama_cached (6),COMPLETED,0,2026-10-05 12:53:43.577,279ms,11ms,27.2%,0,0,124.2 KB,2.1 KB
271,f6/8e4795,1237575,p08__splitContigsForAmr_cached (6),COMPLETED,0,2026-10-05 12:53:43.467,447ms,39ms,16.0%,0,0,136.1 KB,1.6 KB
272,0e/eb648a,1238108,p11__deepvirfinder_pratama_cached (6),COMPLETED,0,2026-10-05 12:53:43.690,381ms,37ms,35.3%,0,0,108.4 KB,1.9 KB
274,63/26b318,1238186,p17__virsorter2_pratama_cached (6),COMPLETED,0,2026-10-05 12:53:43.728,359ms,31ms,31.9%,0,0,124.2 KB,2.1 KB
279,42/998465,1238425,p11__deepvirfinder_pratama_cached (7),COMPLETED,0,2026-10-05 12:53:43.785,404ms,13ms,50.7%,0,0,108.4 KB,1.9 KB
277,8b/117dc1,1238419,p17__virsorter2_pratama_cached (7),COMPLETED,0,2026-10-05 12:53:43.780,416ms,15ms,43.2%,0,0,124.2 KB,2.1 KB
275,7d/f0549f,1238410,p08__splitContigsForAmr_cached (7),COMPLETED,0,2026-10-05 12:53:43.772,440ms,23ms,34.2%,0,0,123.6 KB,1.6 KB
276,cd/4902c8,1238364,p18__genomad_pratama_cached (5),COMPLETED,0,2026-10-05 12:53:43.764,478ms,23ms,50.7%,0,0,130.2 KB,2.1 KB
278,ea/585905,1238580,p16__vibrant_pratama_cached (7),COMPLETED,0,2026-10-05 12:53:43.866,400ms,33ms,0.0%,0,0,124.2 KB,2.1 KB
282,45/65abac,1239212,p08__splitContigsForAmr_cached (8),COMPLETED,0,2026-10-05 12:53:44.080,268ms,11ms,55.5%,0,0,123.6 KB,1.6 KB
281,cb/689301,1238795,p04__megahit_cached (11),COMPLETED,0,2026-10-05 12:53:43.921,476ms,14ms,31.0%,0,0,113.1 KB,1.8 KB
283,a5/cdb33d,1239237,p16__vibrant_pratama_cached (8),COMPLETED,0,2026-10-05 12:53:44.091,342ms,13ms,48.6%,0,0,124.2 KB,2.1 KB
287,e9/5590ad,1239597,p11__deepvirfinder_pratama_cached (8),COMPLETED,0,2026-10-05 12:53:44.221,351ms,13ms,32.4%,0,0,108.4 KB,1.9 KB
288,e6/b8e6d9,1239698,p16__vibrant_pratama_cached (9),COMPLETED,0,2026-10-05 12:53:44.248,331ms,45ms,18.4%,0,0,124.2 KB,2.1 KB
285,6c/859261,1239463,p18__genomad_pratama_cached (6),COMPLETED,0,2026-10-05 12:53:44.194,436ms,36ms,39.7%,0,0,130.2 KB,2.1 KB
286,84/684d39,1239586,p04__megahit_cached (12),COMPLETED,0,2026-10-05 12:53:44.200,467ms,23ms,14.3%,0,0,113.1 KB,1.8 KB
290,de/00c68e,1239797,p17__virsorter2_pratama_cached (8),COMPLETED,0,2026-10-05 12:53:44.270,419ms,13ms,30.8%,0,0,124.2 KB,2.1 KB
291,7d/4a2051,1240005,p11__deepvirfinder_pratama_cached (9),COMPLETED,0,2026-10-05 12:53:44.354,412ms,16ms,17.6%,0,0,108.4 KB,1.9 KB
292,fe/b79989,1240156,p18__genomad_pratama_cached (7),COMPLETED,0,2026-10-05 12:53:44.402,432ms,11ms,77.7%,0,0,130.2 KB,2.1 KB
293,b7/949bce,1240271,p16__vibrant_pratama_cached (10),COMPLETED,0,2026-10-05 12:53:44.438,397ms,17ms,31.0%,0,0,124.2 KB,2.1 KB
295,24/647ad6,1240676,p04__megahit_cached (13),COMPLETED,0,2026-10-05 12:53:44.579,337ms,10ms,69.8%,0,0,113.1 KB,1.8 KB
297,ad/04805c,1240790,p17__virsorter2_pratama_cached (9),COMPLETED,0,2026-10-05 12:53:44.635,320ms,22ms,35.4%,0,0,124.2 KB,2.1 KB
296,19/383bdd,1240681,p18__genomad_pratama_cached (8),COMPLETED,0,2026-10-05 12:53:44.588,424ms,42ms,34.4%,0,0,130.2 KB,2.1 KB
300,13/504cf0,1241002,p16__vibrant_pratama_cached (11),COMPLETED,0,2026-10-05 12:53:44.700,442ms,34ms,20.2%,0,0,124.2 KB,2.1 KB
298,14/ec6b23,1240937,p11__deepvirfinder_pratama_cached (10),COMPLETED,0,2026-10-05 12:53:44.671,501ms,19ms,25.3%,0,0,108.4 KB,1.9 KB
303,3e/72a46f,1241369,p17__virsorter2_pratama_cached (10),COMPLETED,0,2026-10-05 12:53:44.844,323ms,17ms,24.6%,0,0,124.2 KB,2.1 KB
301,91/d6ad93,1241236,p04__megahit_cached (14),COMPLETED,0,2026-10-05 12:53:44.772,439ms,22ms,41.6%,0,0,113.1 KB,1.8 KB
305,0f/8f6789,1241358,p11__deepvirfinder_pratama_cached (11),COMPLETED,0,2026-10-05 12:53:44.839,421ms,13ms,57.7%,0,0,108.4 KB,1.9 KB
306,3b/f384be,1241650,p11__deepvirfinder_pratama_cached (12),COMPLETED,0,2026-10-05 12:53:44.926,390ms,13ms,56.8%,0,0,108.4 KB,1.9 KB
307,c1/f5af19,1241768,p04__megahit_cached (15),COMPLETED,0,2026-10-05 12:53:44.965,402ms,9ms,57.5%,0,0,113.1 KB,1.8 KB
308,46/79cf59,1241900,p18__genomad_pratama_cached (9),COMPLETED,0,2026-10-05 12:53:45.019,396ms,25ms,43.5%,0,0,130.2 KB,2.1 KB
311,1e/26b3c8,1242189,p17__virsorter2_pratama_cached (11),COMPLETED,0,2026-10-05 12:53:45.147,335ms,25ms,48.5%,0,0,124.2 KB,2.1 KB
310,ef/1c8de2,1242279,p11__deepvirfinder_pratama_cached (13),COMPLETED,0,2026-10-05 12:53:45.172,330ms,17ms,62.8%,0,0,108.4 KB,1.9 KB
312,51/cbd98f,1242301,p16__vibrant_pratama_cached (12),COMPLETED,0,2026-10-05 12:53:45.178,330ms,36ms,23.0%,0,0,124.2 KB,2.1 KB
315,ce/74b3f0,1242578,p18__genomad_pratama_cached (10),COMPLETED,0,2026-10-05 12:53:45.265,274ms,13ms,44.5%,0,0,130.2 KB,2.1 KB
318,d3/e939e5,1242763,p11__deepvirfinder_pratama_cached (15),COMPLETED,0,2026-10-05 12:53:45.323,257ms,10ms,52.0%,0,0,108.4 KB,1.9 KB
313,d3/9d75ce,1242482,p11__deepvirfinder_pratama_cached (14),COMPLETED,0,2026-10-05 12:53:45.219,377ms,20ms,34.8%,0,0,108.4 KB,1.9 KB
317,31/dcb446,1242903,p16__vibrant_pratama_cached (13),COMPLETED,0,2026-10-05 12:53:45.373,239ms,14ms,52.6%,0,0,124.2 KB,2.1 KB
316,06/81b03f,1243005,p17__virsorter2_pratama_cached (12),COMPLETED,0,2026-10-05 12:53:45.422,349ms,17ms,35.8%,0,0,124.2 KB,2.1 KB
321,b0/1273e2,1243261,p04__megahit_cached (16),COMPLETED,0,2026-10-05 12:53:45.507,284ms,9ms,83.1%,0,0,113.1 KB,1.8 KB
323,26/38a2f0,1243359,p11__deepvirfinder_pratama_cached (16),COMPLETED,0,2026-10-05 12:53:45.546,284ms,7ms,94.3%,0,0,108.4 KB,1.9 KB
322,66/b27165,1243271,p17__virsorter2_pratama_cached (13),COMPLETED,0,2026-10-05 12:53:45.511,349ms,10ms,96.2%,0,0,124.2 KB,2.1 KB
327,78/fb6adb,1243660,p04__megahit_cached (17),COMPLETED,0,2026-10-05 12:53:45.625,264ms,15ms,31.2%,0,0,113.1 KB,1.8 KB
320,dc/198661,1243158,p08__splitContigsForAmr_cached (9),COMPLETED,0,2026-10-05 12:53:45.487,424ms,11ms,36.0%,0,0,123.6 KB,1.6 KB
324,ad/58dccf,1243535,p16__vibrant_pratama_cached (14),COMPLETED,0,2026-10-05 12:53:45.591,339ms,13ms,0.0%,0,0,124.2 KB,2.1 KB
325,0d/0f33a9,1243579,p18__genomad_pratama_cached (11),COMPLETED,0,2026-10-05 12:53:45.603,337ms,26ms,50.9%,0,0,130.2 KB,2.1 KB
328,9e/3b8df6,1243989,p16__vibrant_pratama_cached (15),COMPLETED,0,2026-10-05 12:53:45.777,266ms,9ms,45.6%,0,0,124.2 KB,2.1 KB
329,11/e45c25,1244034,p17__virsorter2_pratama_cached (14),COMPLETED,0,2026-10-05 12:53:45.794,269ms,13ms,38.1%,0,0,124.2 KB,2.1 KB
332,cd/c5f3fe,1244192,p17__virsorter2_pratama_cached (15),COMPLETED,0,2026-10-05 12:53:45.870,306ms,31ms,32.3%,0,0,124.2 KB,2.1 KB
337,6e/f45f39,1244585,p17__virsorter2_pratama_cached (16),COMPLETED,0,2026-10-05 12:53:45.947,304ms,66ms,10.6%,0,0,124.2 KB,2.1 KB
334,aa/37e4d9,1244392,p16__vibrant_pratama_cached (16),COMPLETED,0,2026-10-05 12:53:45.915,359ms,16ms,38.4%,0,0,124.2 KB,2.1 KB
336,70/21218a,1244538,p04__megahit_cached (18),COMPLETED,0,2026-10-05 12:53:45.938,349ms,9ms,105.8%,0,0,113.1 KB,1.8 KB
331,da/b334d9,1244149,p18__genomad_pratama_cached (12),COMPLETED,0,2026-10-05 12:53:45.835,484ms,14ms,77.0%,0,0,130.2 KB,2.1 KB
333,ac/516526,1244271,p08__splitContigsForAmr_cached (10),COMPLETED,0,2026-10-05 12:53:45.894,439ms,24ms,25.7%,0,0,123.6 KB,1.6 KB
339,82/fbb4fc,1244940,p04__megahit_cached (19),COMPLETED,0,2026-10-05 12:53:46.074,285ms,8ms,62.1%,0,0,113.1 KB,1.8 KB
340,75/9d99d2,1244845,p18__genomad_pratama_cached (13),COMPLETED,0,2026-10-05 12:53:46.049,384ms,15ms,63.7%,0,0,130.2 KB,2.1 KB
342,9d/34701f,1245186,p11__deepvirfinder_pratama_cached (17),COMPLETED,0,2026-10-05 12:53:46.181,350ms,6ms,78.7%,0,0,108.4 KB,1.9 KB
341,fe/edce43,1245336,p16__vibrant_pratama_cached (17),COMPLETED,0,2026-10-05 12:53:46.256,310ms,8ms,45.2%,0,0,124.2 KB,2.1 KB
347,d7/e86d7b,1245554,p16__vibrant_pratama_cached (18),COMPLETED,0,2026-10-05 12:53:46.325,279ms,21ms,46.8%,0,0,124.2 KB,2.1 KB
345,64/f7af42,1245527,p11__deepvirfinder_pratama_cached (18),COMPLETED,0,2026-10-05 12:53:46.291,349ms,34ms,46.8%,0,0,108.4 KB,1.9 KB
343,db/969cea,1245425,p17__virsorter2_pratama_cached (17),COMPLETED,0,2026-10-05 12:53:46.278,408ms,26ms,48.2%,0,0,124.2 KB,2.1 KB
348,f0/1dd7f3,1245636,p18__genomad_pratama_cached (14),COMPLETED,0,2026-10-05 12:53:46.340,338ms,45ms,13.6%,0,0,130.2 KB,2.1 KB
349,ad/7a8357,1245764,p17__virsorter2_pratama_cached (18),COMPLETED,0,2026-10-05 12:53:46.365,406ms,20ms,28.4%,0,0,124.2 KB,2.1 KB
353,ee/3ea624,1246259,p11__deepvirfinder_pratama_cached (19),COMPLETED,0,2026-10-05 12:53:46.538,334ms,6ms,64.0%,0,0,108.4 KB,1.9 KB
354,e7/f8d27e,1246312,p17__virsorter2_pratama_cached (19),COMPLETED,0,2026-10-05 12:53:46.571,329ms,13ms,80.5%,0,0,124.2 KB,2.1 KB
355,5c/d1ece1,1246466,p04__megahit_cached (20),COMPLETED,0,2026-10-05 12:53:46.614,312ms,13ms,32.8%,0,0,113.1 KB,1.8 KB
351,10/649519,1246082,p16__vibrant_pratama_cached (19),COMPLETED,0,2026-10-05 12:53:46.438,514ms,17ms,86.7%,0,0,124.2 KB,2.1 KB
356,1e/f41fc4,1246544,p18__genomad_pratama_cached (15),COMPLETED,0,2026-10-05 12:53:46.649,323ms,20ms,31.2%,0,0,130.2 KB,2.1 KB
358,3d/11f850,1246764,p18__genomad_pratama_cached (16),COMPLETED,0,2026-10-05 12:53:46.689,291ms,13ms,18.7%,0,0,130.2 KB,2.1 KB
357,71/fb7631,1246634,p11__deepvirfinder_pratama_cached (20),COMPLETED,0,2026-10-05 12:53:46.684,309ms,12ms,44.0%,0,0,108.4 KB,1.9 KB
360,5c/1d9e52,1246919,p16__vibrant_pratama_cached (20),COMPLETED,0,2026-10-05 12:53:46.779,267ms,17ms,41.1%,0,0,124.2 KB,2.1 KB
361,90/e4f4c1,1247130,p04__megahit_cached (21),COMPLETED,0,2026-10-05 12:53:46.878,257ms,9ms,75.3%,0,0,113.1 KB,1.8 KB
364,b3/d9f4a0,1247272,p16__vibrant_pratama_cached (21),COMPLETED,0,2026-10-05 12:53:46.931,266ms,14ms,66.9%,0,0,124.2 KB,2.1 KB
362,ec/758b91,1247190,p17__virsorter2_pratama_cached (20),COMPLETED,0,2026-10-05 12:53:46.906,297ms,15ms,40.3%,0,0,124.2 KB,2.1 KB
368,73/b3b43a,1247479,p17__virsorter2_pratama_cached (21),COMPLETED,0,2026-10-05 12:53:46.985,234ms,24ms,29.0%,0,0,124.2 KB,2.1 KB
367,69/7e63a2,1247354,p11__deepvirfinder_pratama_cached (21),COMPLETED,0,2026-10-05 12:53:46.958,323ms,7ms,108.2%,0,0,108.4 KB,1.9 KB
366,8b/9ca957,1247406,p18__genomad_pratama_cached (17),COMPLETED,0,2026-10-05 12:53:46.977,312ms,13ms,89.1%,0,0,130.2 KB,2.1 KB
372,52/01feeb,1247534,p11__deepvirfinder_pratama_cached (22),COMPLETED,0,2026-10-05 12:53:46.998,327ms,6ms,43.6%,0,0,108.4 KB,1.9 KB
373,22/40b1f7,1247707,p11__deepvirfinder_pratama_cached (23),COMPLETED,0,2026-10-05 12:53:47.052,304ms,6ms,67.4%,0,0,108.4 KB,1.9 KB
371,2c/6ca50f,1248156,p04__megahit_cached (22),COMPLETED,0,2026-10-05 12:53:47.208,279ms,6ms,74.1%,0,0,113.1 KB,1.8 KB
370,82/c2410c,1247938,p17__virsorter2_pratama_cached (22),COMPLETED,0,2026-10-05 12:53:47.141,376ms,9ms,124.7%,0,0,124.2 KB,2.1 KB
375,ef/feccda,1248082,p16__vibrant_pratama_cached (22),COMPLETED,0,2026-10-05 12:53:47.202,362ms,12ms,105.8%,0,0,124.2 KB,2.1 KB
376,d1/a89414,1248303,p18__genomad_pratama_cached (18),COMPLETED,0,2026-10-05 12:53:47.286,306ms,13ms,33.6%,0,0,130.2 KB,2.1 KB
377,ad/7bd844,1248326,p16__vibrant_pratama_cached (23),COMPLETED,0,2026-10-05 12:53:47.291,325ms,10ms,56.5%,0,0,124.2 KB,2.1 KB
379,f6/0cd613,1248327,p17__virsorter2_pratama_cached (23),COMPLETED,0,2026-10-05 12:53:47.295,328ms,11ms,29.0%,0,0,124.2 KB,2.1 KB
380,74/e3e03f,1248501,p11__deepvirfinder_pratama_cached (24),COMPLETED,0,2026-10-05 12:53:47.331,312ms,4ms,91.9%,0,0,108.4 KB,1.9 KB
382,c3/77447f,1249019,p04__megahit_cached (23),COMPLETED,0,2026-10-05 12:53:47.492,216ms,13ms,101.6%,0,0,113.1 KB,1.8 KB
381,d6/48b987,1248665,p18__genomad_pratama_cached (19),COMPLETED,0,2026-10-05 12:53:47.361,377ms,21ms,35.7%,0,0,130.2 KB,2.1 KB
385,b9/7b849f,1249129,p08__splitContigsForAmr_cached (11),COMPLETED,0,2026-10-05 12:53:47.522,330ms,10ms,63.6%,0,0,123.6 KB,1.6 KB
386,5a/f3f2b9,1249272,p17__virsorter2_pratama_cached (24),COMPLETED,0,2026-10-05 12:53:47.569,310ms,11ms,52.3%,0,0,124.2 KB,2.1 KB
384,d8/843c25,1249363,p16__vibrant_pratama_cached (24),COMPLETED,0,2026-10-05 12:53:47.596,340ms,14ms,95.3%,0,0,124.2 KB,2.1 KB
388,28/7c2bd2,1249637,p11__deepvirfinder_pratama_cached (25),COMPLETED,0,2026-10-05 12:53:47.621,350ms,8ms,32.2%,0,0,108.4 KB,1.9 KB
389,82/d4a8e5,1249646,p18__genomad_pratama_cached (20),COMPLETED,0,2026-10-05 12:53:47.631,367ms,15ms,83.7%,0,0,130.2 KB,2.1 KB
393,ec/928833,1249940,p17__virsorter2_pratama_cached (25),COMPLETED,0,2026-10-05 12:53:47.743,330ms,10ms,67.6%,0,0,124.2 KB,2.1 KB
392,07/a2142b,1249841,p04__megahit_cached (24),COMPLETED,0,2026-10-05 12:53:47.714,369ms,22ms,69.6%,0,0,113.1 KB,1.8 KB
394,8e/3dd711,1250162,p16__vibrant_pratama_cached (26),COMPLETED,0,2026-10-05 12:53:47.857,266ms,27ms,27.2%,0,0,124.2 KB,2.1 KB
391,1b/5b2f98,1249658,p16__vibrant_pratama_cached (25),COMPLETED,0,2026-10-05 12:53:47.648,485ms,16ms,63.2%,0,0,124.2 KB,2.1 KB
395,d0/0e00ae,1250304,p11__deepvirfinder_pratama_cached (26),COMPLETED,0,2026-10-05 12:53:47.884,295ms,8ms,44.1%,0,0,108.4 KB,1.9 KB
397,27/d3813a,1250449,p17__virsorter2_pratama_cached (26),COMPLETED,0,2026-10-05 12:53:47.941,259ms,14ms,43.2%,0,0,124.2 KB,2.1 KB
398,9f/548108,1250605,p08__splitContigsForAmr_cached (12),COMPLETED,0,2026-10-05 12:53:48.003,314ms,21ms,65.0%,0,0,123.6 KB,1.6 KB
404,fd/abe3d3,1251077,p18__genomad_pratama_cached (22),COMPLETED,0,2026-10-05 12:53:48.139,225ms,19ms,68.8%,0,0,130.2 KB,2.1 KB
402,da/3a07f9,1250995,p16__vibrant_pratama_cached (27),COMPLETED,0,2026-10-05 12:53:48.128,258ms,10ms,55.0%,0,0,124.2 KB,2.1 KB
400,65/121dac,1250836,p11__deepvirfinder_pratama_cached (27),COMPLETED,0,2026-10-05 12:53:48.078,316ms,7ms,38.4%,0,0,108.4 KB,1.9 KB
396,01/997e81,1250521,p18__genomad_pratama_cached (21),COMPLETED,0,2026-10-05 12:53:47.978,415ms,26ms,46.8%,0,0,130.2 KB,2.1 KB
401,13/903857,1250905,p04__megahit_cached (25),COMPLETED,0,2026-10-05 12:53:48.102,318ms,11ms,87.5%,0,0,113.1 KB,1.8 KB
405,f8/6cd81a,1251229,p11__deepvirfinder_pratama_cached (28),COMPLETED,0,2026-10-05 12:53:48.184,284ms,7ms,32.3%,0,0,108.4 KB,1.9 KB
406,c7/1f1d3f,1251291,p17__virsorter2_pratama_cached (27),COMPLETED,0,2026-10-05 12:53:48.205,317ms,19ms,60.9%,0,0,124.2 KB,2.1 KB
408,01/e41ec6,1251569,p11__deepvirfinder_pratama_cached (29),COMPLETED,0,2026-10-05 12:53:48.323,351ms,7ms,100.3%,0,0,108.4 KB,1.9 KB
414,72/c4b46c,1251986,p11__deepvirfinder_pratama_cached (30),COMPLETED,0,2026-10-05 12:53:48.425,312ms,19ms,24.7%,0,0,108.4 KB,1.9 KB
409,a0/54f875,1251758,p16__vibrant_pratama_cached (28),COMPLETED,0,2026-10-05 12:53:48.370,381ms,19ms,33.7%,0,0,124.2 KB,2.1 KB
411,58/1e39d9,1251930,p04__megahit_cached (26),COMPLETED,0,2026-10-05 12:53:48.398,368ms,26ms,24.6%,0,0,113.1 KB,1.8 KB
410,b7/98b4ad,1251832,p18__genomad_pratama_cached (23),COMPLETED,0,2026-10-05 12:53:48.391,396ms,32ms,49.5%,0,0,130.2 KB,2.1 KB
413,0a/53b133,1251939,p17__virsorter2_pratama_cached (28),COMPLETED,0,2026-10-05 12:53:48.406,374ms,58ms,28.8%,0,0,124.2 KB,2.1 KB
417,5e/b49d22,1252373,p17__virsorter2_pratama_cached (29),COMPLETED,0,2026-10-05 12:53:48.551,291ms,12ms,47.7%,0,0,124.2 KB,2.1 KB
415,52/225c00,1252175,p16__vibrant_pratama_cached (29),COMPLETED,0,2026-10-05 12:53:48.474,408ms,20ms,23.3%,0,0,124.2 KB,2.1 KB
418,07/18a3b1,1252687,p18__genomad_pratama_cached (24),COMPLETED,0,2026-10-05 12:53:48.679,250ms,9ms,147.1%,0,0,130.2 KB,2.1 KB
422,53/e043cb,1252865,p04__megahit_cached (27),COMPLETED,0,2026-10-05 12:53:48.771,278ms,19ms,32.7%,0,0,113.1 KB,1.8 KB
425,bd/be6add,1252973,p18__genomad_pratama_cached (25),COMPLETED,0,2026-10-05 12:53:48.792,265ms,27ms,25.8%,0,0,130.2 KB,2.1 KB
421,e1/631fb3,1252806,p08__splitContigsForAmr_cached (13),COMPLETED,0,2026-10-05 12:53:48.756,359ms,33ms,18.0%,0,0,136.1 KB,1.6 KB
423,f5/66ec9a,1252966,p17__virsorter2_pratama_cached (30),COMPLETED,0,2026-10-05 12:53:48.784,339ms,38ms,21.3%,0,0,124.2 KB,2.1 KB
419,ea/832802,1252786,p16__vibrant_pratama_cached (30),COMPLETED,0,2026-10-05 12:53:48.742,413ms,20ms,65.1%,0,0,124.2 KB,2.1 KB
430,ed/8c92b1,1253442,p04__megahit_cached (28),COMPLETED,0,2026-10-05 12:53:48.937,256ms,26ms,30.3%,0,0,113.1 KB,1.8 KB
427,51/c0226c,1253134,p18__genomad_pratama_cached (26),COMPLETED,0,2026-10-05 12:53:48.848,372ms,21ms,63.4%,0,0,130.2 KB,2.1 KB
429,21/7c16d1,1253240,p08__splitContigsForAmr_cached (14),COMPLETED,0,2026-10-05 12:53:48.888,371ms,17ms,69.4%,0,0,123.6 KB,1.6 KB
434,c8/ce9177,1253750,p18__genomad_pratama_cached (27),COMPLETED,0,2026-10-05 12:53:49.063,316ms,11ms,58.7%,0,0,130.2 KB,2.1 KB
440,9f/8aecc1,1254065,p18__genomad_pratama_cached (28),COMPLETED,0,2026-10-05 12:53:49.161,247ms,32ms,45.5%,0,0,130.2 KB,2.1 KB
437,36/9c2583,1253930,p04__megahit_cached (30),COMPLETED,0,2026-10-05 12:53:49.127,291ms,18ms,29.6%,0,0,113.1 KB,1.8 KB
432,ca/bc95c6,1253713,p04__megahit_cached (29),COMPLETED,0,2026-10-05 12:53:49.054,389ms,6ms,154.8%,0,0,113.1 KB,1.8 KB
441,ea/49688b,1254243,p04__megahit_cached (31),COMPLETED,0,2026-10-05 12:53:49.198,290ms,18ms,49.3%,0,0,113.1 KB,1.8 KB
435,2b/43f33f,1253887,p08__splitContigsForAmr_cached (15),COMPLETED,0,2026-10-05 12:53:49.120,373ms,29ms,19.2%,0,0,123.6 KB,1.6 KB
442,b6/2e5c4d,1254326,p18__genomad_pratama_cached (29),COMPLETED,0,2026-10-05 12:53:49.226,392ms,21ms,56.6%,0,0,130.2 KB,2.1 KB
447,8d/71d513,1254941,p04__megahit_cached (34),COMPLETED,0,2026-10-05 12:53:49.424,330ms,9ms,112.0%,0,0,113.1 KB,1.8 KB
446,ab/5f1c0f,1255042,p08__splitContigsForAmr_cached (16),COMPLETED,0,2026-10-05 12:53:49.449,320ms,23ms,25.8%,0,0,118 KB,1.6 KB
444,0a/49c6b7,1254744,p18__genomad_pratama_cached (30),COMPLETED,0,2026-10-05 12:53:49.385,399ms,21ms,62.6%,0,0,130.2 KB,2.1 KB
443,d3/a53b24,1254420,p04__megahit_cached (32),COMPLETED,0,2026-10-05 12:53:49.265,563ms,25ms,27.9%,0,0,113.1 KB,1.8 KB
448,e6/6464dc,1255157,p16__vibrant_pratama_cached (31),COMPLETED,0,2026-10-05 12:53:49.493,360ms,20ms,31.6%,0,0,124.2 KB,2.1 KB
451,ce/03344e,1255187,p04__megahit_cached (35),COMPLETED,0,2026-10-05 12:53:49.502,398ms,6ms,158.0%,0,0,113.1 KB,1.8 KB
445,01/15386a,1254869,p04__megahit_cached (33),COMPLETED,0,2026-10-05 12:53:49.414,502ms,14ms,37.6%,0,0,113.1 KB,1.8 KB
449,d1/1c3abf,1255549,p11__deepvirfinder_pratama_cached (31),COMPLETED,0,2026-10-05 12:53:49.624,339ms,11ms,48.5%,0,0,108.4 KB,1.9 KB
450,f4/7968aa,1255832,p08__splitContigsForAmr_cached (17),COMPLETED,0,2026-10-05 12:53:49.758,326ms,15ms,24.9%,0,0,118 KB,1.6 KB
453,6d/5a4768,1255888,p16__vibrant_pratama_cached (32),COMPLETED,0,2026-10-05 12:53:49.774,325ms,15ms,33.1%,0,0,124.2 KB,2.1 KB
455,60/a6fc6c,1256087,p11__deepvirfinder_pratama_cached (32),COMPLETED,0,2026-10-05 12:53:49.834,279ms,12ms,47.9%,0,0,108.4 KB,1.9 KB
452,08/4810c5,1255923,p17__virsorter2_pratama_cached (31),COMPLETED,0,2026-10-05 12:53:49.788,380ms,22ms,51.1%,0,0,124.2 KB,2.1 KB
456,99/56b8cd,1256319,p17__virsorter2_pratama_cached (32),COMPLETED,0,2026-10-05 12:53:49.906,310ms,22ms,47.1%,0,0,124.2 KB,2.1 KB
454,76/50fe52,1256173,p18__genomad_pratama_cached (31),COMPLETED,0,2026-10-05 12:53:49.860,407ms,40ms,33.0%,0,0,130.2 KB,2.1 KB
458,3c/e47a31,1256518,p04__megahit_cached (36),COMPLETED,0,2026-10-05 12:53:49.968,325ms,10ms,41.7%,0,0,113.1 KB,1.8 KB
457,c3/8ea306,1256379,p11__deepvirfinder_pratama_cached (33),COMPLETED,0,2026-10-05 12:53:49.921,455ms,8ms,37.2%,0,0,108.4 KB,1.9 KB
459,08/05c027,1256819,p16__vibrant_pratama_cached (33),COMPLETED,0,2026-10-05 12:53:50.089,293ms,10ms,50.7%,0,0,124.2 KB,2.1 KB
460,60/054f2a,1256905,p11__deepvirfinder_pratama_cached (34),COMPLETED,0,2026-10-05 12:53:50.104,314ms,12ms,87.1%,0,0,108.4 KB,1.9 KB
461,97/4ad55a,1256955,p17__virsorter2_pratama_cached (33),COMPLETED,0,2026-10-05 12:53:50.119,322ms,27ms,56.1%,0,0,124.2 KB,2.1 KB
464,db/132434,1257430,p04__megahit_cached (37),COMPLETED,0,2026-10-05 12:53:50.273,209ms,9ms,0.0%,0,0,113.1 KB,1.8 KB
462,24/645e7b,1257167,p18__genomad_pratama_cached (32),COMPLETED,0,2026-10-05 12:53:50.174,330ms,12ms,37.1%,0,0,130.2 KB,2.1 KB
463,ed/4aa174,1257310,p17__virsorter2_pratama_cached (34),COMPLETED,0,2026-10-05 12:53:50.242,337ms,17ms,54.5%,0,0,124.2 KB,2.1 KB
465,35/11320e,1257711,p16__vibrant_pratama_cached (34),COMPLETED,0,2026-10-05 12:53:50.382,301ms,9ms,112.0%,0,0,124.2 KB,2.1 KB
466,87/bcc96b,1257492,p18__genomad_pratama_cached (33),COMPLETED,0,2026-10-05 12:53:50.300,388ms,25ms,58.0%,0,0,130.2 KB,2.1 KB
467,f7/53cfb2,1257814,p04__megahit_cached (38),COMPLETED,0,2026-10-05 12:53:50.392,331ms,23ms,24.7%,0,0,113.1 KB,1.8 KB
468,8b/57e79e,1257890,p11__deepvirfinder_pratama_cached (35),COMPLETED,0,2026-10-05 12:53:50.424,352ms,15ms,47.9%,0,0,108.4 KB,1.9 KB
469,2b/58091d,1257998,p18__genomad_pratama_cached (34),COMPLETED,0,2026-10-05 12:53:50.446,356ms,42ms,27.4%,0,0,130.2 KB,2.1 KB
471,5f/4e8e4a,1258059,p08__splitContigsForAmr_cached (18),COMPLETED,0,2026-10-05 12:53:50.487,350ms,56ms,22.3%,0,0,123.6 KB,1.6 KB
470,77/733598,1258143,p17__virsorter2_pratama_cached (35),COMPLETED,0,2026-10-05 12:53:50.511,318ms,16ms,21.8%,0,0,124.2 KB,2.1 KB
472,69/f08e95,1258363,p16__vibrant_pratama_cached (35),COMPLETED,0,2026-10-05 12:53:50.585,354ms,9ms,132.9%,0,0,124.2 KB,2.1 KB
474,51/bde61b,1258644,p16__vibrant_pratama_cached (36),COMPLETED,0,2026-10-05 12:53:50.693,283ms,25ms,32.4%,0,0,124.2 KB,2.1 KB
476,0e/6640f6,1258891,p11__deepvirfinder_pratama_cached (36),COMPLETED,0,2026-10-05 12:53:50.783,253ms,5ms,73.6%,0,0,108.4 KB,1.9 KB
473,d4/151132,1258641,p18__genomad_pratama_cached (35),COMPLETED,0,2026-10-05 12:53:50.688,365ms,12ms,59.1%,0,0,130.2 KB,2.1 KB
475,2d/d8ba96,1258776,p04__megahit_cached (39),COMPLETED,0,2026-10-05 12:53:50.729,333ms,7ms,133.3%,0,0,113.1 KB,1.8 KB
477,bd/eebe1a,1258968,p17__virsorter2_pratama_cached (36),COMPLETED,0,2026-10-05 12:53:50.807,290ms,10ms,111.0%,0,0,124.2 KB,2.1 KB
478,c8/3941af,1259083,p08__splitContigsForAmr_cached (19),COMPLETED,0,2026-10-05 12:53:50.834,319ms,21ms,30.5%,0,0,123.6 KB,1.6 KB
480,75/ce3931,1259403,p16__vibrant_pratama_cached (37),COMPLETED,0,2026-10-05 12:53:50.946,279ms,16ms,44.3%,0,0,124.2 KB,2.1 KB
481,65/afaefa,1259531,p04__megahit_cached (40),COMPLETED,0,2026-10-05 12:53:50.981,312ms,7ms,43.6%,0,0,113.1 KB,1.8 KB
479,6a/5b126f,1259099,p11__deepvirfinder_pratama_cached (37),COMPLETED,0,2026-10-05 12:53:50.842,479ms,7ms,58.0%,0,0,108.4 KB,1.9 KB
482,84/9ce811,1259673,p17__virsorter2_pratama_cached (37),COMPLETED,0,2026-10-05 12:53:51.041,320ms,19ms,27.0%,0,0,124.2 KB,2.1 KB
486,3a/9a9e23,1260076,p04__megahit_cached (41),COMPLETED,0,2026-10-05 12:53:51.158,231ms,8ms,57.3%,0,0,113.1 KB,1.8 KB
484,59/4c085b,1259814,p16__vibrant_pratama_cached (38),COMPLETED,0,2026-10-05 12:53:51.066,353ms,20ms,24.4%,0,0,124.2 KB,2.1 KB
485,5d/37e782,1259913,p18__genomad_pratama_cached (36),COMPLETED,0,2026-10-05 12:53:51.102,337ms,12ms,88.9%,0,0,130.2 KB,2.1 KB
483,00/3ce391,1259732,p11__deepvirfinder_pratama_cached (38),COMPLETED,0,2026-10-05 12:53:51.058,402ms,9ms,35.4%,0,0,108.4 KB,1.9 KB
487,7e/ce6e73,1260312,p17__virsorter2_pratama_cached (38),COMPLETED,0,2026-10-05 12:53:51.230,251ms,11ms,111.3%,0,0,124.2 KB,2.1 KB
488,80/7c2b95,1260488,p18__genomad_pratama_cached (37),COMPLETED,0,2026-10-05 12:53:51.299,274ms,18ms,74.6%,0,0,130.2 KB,2.1 KB
489,95/dd1e6a,1260557,p04__megahit_cached (42),COMPLETED,0,2026-10-05 12:53:51.326,319ms,10ms,59.4%,0,0,113.1 KB,1.8 KB
493,8c/31cf26,1260957,p04__megahit_cached (45),COMPLETED,0,2026-10-05 12:53:51.444,283ms,20ms,45.6%,0,0,113.1 KB,1.8 KB
494,2a/b056dd,1261043,p08__splitContigsForAmr_cached (20),COMPLETED,0,2026-10-05 12:53:51.465,279ms,33ms,45.5%,0,0,143 KB,1.6 KB
492,fa/f9deec,1260872,p04__megahit_cached (44),COMPLETED,0,2026-10-05 12:53:51.424,327ms,6ms,68.1%,0,0,113.1 KB,1.8 KB
491,7b/ae9512,1260751,p04__megahit_cached (43),COMPLETED,0,2026-10-05 12:53:51.393,366ms,9ms,51.2%,0,0,113.1 KB,1.8 KB
490,4b/40878d,1260673,p18__genomad_pratama_cached (38),COMPLETED,0,2026-10-05 12:53:51.370,395ms,28ms,51.6%,0,0,130.2 KB,2.1 KB
495,5e/d7f58d,1261103,p04__megahit_cached (46),COMPLETED,0,2026-10-05 12:53:51.486,330ms,9ms,27.8%,0,0,113.1 KB,1.8 KB
496,dc/bb0bf6,1261383,p08__splitContigsForAmr_cached (21),COMPLETED,0,2026-10-05 12:53:51.577,259ms,10ms,57.7%,0,0,136.1 KB,1.6 KB
497,76/f2c8f5,1261540,p04__megahit_cached (47),COMPLETED,0,2026-10-05 12:53:51.651,295ms,6ms,169.2%,0,0,113.1 KB,1.8 KB
498,21/b87da1,1261654,p04__megahit_cached (48),COMPLETED,0,2026-10-05 12:53:51.733,281ms,20ms,25.2%,0,0,113.1 KB,1.8 KB
599,72/746d4c,1261826,p11__deepvirfinder_pratama_cached (59),COMPLETED,0,2026-10-05 12:53:51.755,352ms,20ms,59.6%,0,0,108.4 KB,1.9 KB
499,7a/3861dd,1261813,p04__megahit_cached (49),COMPLETED,0,2026-10-05 12:53:51.751,409ms,30ms,42.7%,0,0,113.1 KB,1.8 KB
500,82/24337e,1261836,p04__megahit_cached (50),COMPLETED,0,2026-10-05 12:53:51.763,409ms,44ms,13.1%,0,0,113.1 KB,1.8 KB
501,6b/c640bd,1261845,p08__splitContigsForAmr_cached (22),COMPLETED,0,2026-10-05 12:53:51.770,418ms,60ms,28.3%,0,0,136.1 KB,1.6 KB
503,88/7ce1b3,1262090,p04__megahit_cached (52),COMPLETED,0,2026-10-05 12:53:51.846,377ms,8ms,38.8%,0,0,113.1 KB,1.8 KB
502,61/eb3a25,1262020,p04__megahit_cached (51),COMPLETED,0,2026-10-05 12:53:51.822,425ms,16ms,31.6%,0,0,113.1 KB,1.8 KB
505,80/c1b0e5,1262646,p04__megahit_cached (53),COMPLETED,0,2026-10-05 12:53:52.036,309ms,14ms,62.5%,0,0,113.1 KB,1.8 KB
506,8b/7f3845,1262803,p11__deepvirfinder_pratama_cached (39),COMPLETED,0,2026-10-05 12:53:52.112,252ms,7ms,125.1%,0,0,108.4 KB,1.9 KB
504,cf/059e0c,1262452,p08__splitContigsForAmr_cached (23),COMPLETED,0,2026-10-05 12:53:51.953,424ms,26ms,46.9%,0,0,143 KB,1.6 KB
507,45/55184c,1263016,p16__vibrant_pratama_cached (39),COMPLETED,0,2026-10-05 12:53:52.168,354ms,19ms,49.4%,0,0,124.2 KB,2.1 KB
509,10/9346d2,1263032,p17__virsorter2_pratama_cached (39),COMPLETED,0,2026-10-05 12:53:52.193,348ms,36ms,20.1%,0,0,124.2 KB,2.1 KB
511,a2/fd17fd,1263251,p16__vibrant_pratama_cached (40),COMPLETED,0,2026-10-05 12:53:52.252,340ms,11ms,37.8%,0,0,124.2 KB,2.1 KB
510,70/d5eedd,1263154,p11__deepvirfinder_pratama_cached (40),COMPLETED,0,2026-10-05 12:53:52.229,429ms,14ms,21.4%,0,0,108.4 KB,1.9 KB
508,b3/f4b7ba,1263041,p18__genomad_pratama_cached (39),COMPLETED,0,2026-10-05 12:53:52.177,486ms,15ms,56.6%,0,0,130.2 KB,2.1 KB
515,b5/cf5664,1263650,p04__megahit_cached (54),COMPLETED,0,2026-10-05 12:53:52.381,309ms,12ms,39.9%,0,0,113.1 KB,1.8 KB
512,9c/8d4b9f,1263555,p17__virsorter2_pratama_cached (40),COMPLETED,0,2026-10-05 12:53:52.350,371ms,33ms,27.9%,0,0,124.2 KB,2.1 KB
513,1f/425d99,1263599,p11__deepvirfinder_pratama_cached (41),COMPLETED,0,2026-10-05 12:53:52.368,475ms,10ms,87.9%,0,0,108.4 KB,1.9 KB
517,14/1f47a3,1264239,p11__deepvirfinder_pratama_cached (42),COMPLETED,0,2026-10-05 12:53:52.597,281ms,5ms,77.4%,0,0,108.4 KB,1.9 KB
516,52/63e66c,1264107,p16__vibrant_pratama_cached (41),COMPLETED,0,2026-10-05 12:53:52.546,326ms,20ms,57.0%,0,0,124.2 KB,2.1 KB
519,e2/4973b2,1264405,p04__megahit_cached (55),COMPLETED,0,2026-10-05 12:53:52.669,262ms,16ms,25.8%,0,0,113.1 KB,1.8 KB
514,04/197431,1264005,p18__genomad_pratama_cached (40),COMPLETED,0,2026-10-05 12:53:52.527,431ms,22ms,43.1%,0,0,130.2 KB,2.1 KB
520,9a/b93110,1264529,p16__vibrant_pratama_cached (42),COMPLETED,0,2026-10-05 12:53:52.695,284ms,37ms,30.9%,0,0,124.2 KB,2.1 KB
521,bb/399c7b,1264622,p18__genomad_pratama_cached (41),COMPLETED,0,2026-10-05 12:53:52.727,357ms,24ms,50.6%,0,0,130.2 KB,2.1 KB
518,0d/6df65c,1264398,p17__virsorter2_pratama_cached (41),COMPLETED,0,2026-10-05 12:53:52.663,469ms,24ms,24.9%,0,0,124.2 KB,2.1 KB
524,d9/fd8a71,1265017,p18__genomad_pratama_cached (42),COMPLETED,0,2026-10-05 12:53:52.882,303ms,16ms,35.9%,0,0,130.2 KB,2.1 KB
523,32/606ec4,1265012,p04__megahit_cached (56),COMPLETED,0,2026-10-05 12:53:52.877,353ms,9ms,52.6%,0,0,113.1 KB,1.8 KB
522,6e/83968c,1264930,p17__virsorter2_pratama_cached (42),COMPLETED,0,2026-10-05 12:53:52.852,436ms,17ms,37.9%,0,0,124.2 KB,2.1 KB
525,00/d3b852,1265237,p08__splitContigsForAmr_cached (24),COMPLETED,0,2026-10-05 12:53:52.940,371ms,32ms,38.3%,0,0,136.1 KB,1.6 KB
528,53/406a30,1265637,p11__deepvirfinder_pratama_cached (43),COMPLETED,0,2026-10-05 12:53:53.088,250ms,9ms,45.6%,0,0,108.4 KB,1.9 KB
526,47/5b15b0,1265303,p04__megahit_cached (57),COMPLETED,0,2026-10-05 12:53:52.963,386ms,18ms,48.8%,0,0,113.1 KB,1.8 KB
527,c4/021084,1265369,p04__megahit_cached (58),COMPLETED,0,2026-10-05 12:53:52.984,447ms,8ms,52.7%,0,0,113.1 KB,1.8 KB
529,2f/93b5ab,1265774,p16__vibrant_pratama_cached (43),COMPLETED,0,2026-10-05 12:53:53.143,430ms,23ms,33.7%,0,0,124.2 KB,2.1 KB
530,f9/600df9,1265926,p17__virsorter2_pratama_cached (43),COMPLETED,0,2026-10-05 12:53:53.191,441ms,39ms,18.8%,0,0,124.2 KB,2.1 KB
531,a6/8ca60c,1266058,p18__genomad_pratama_cached (43),COMPLETED,0,2026-10-05 12:53:53.237,405ms,28ms,25.8%,0,0,130.2 KB,2.1 KB
532,7a/73f5bf,1266203,p11__deepvirfinder_pratama_cached (44),COMPLETED,0,2026-10-05 12:53:53.298,378ms,13ms,35.5%,0,0,108.4 KB,1.9 KB
534,01/0b2a31,1266273,p04__megahit_cached (59),COMPLETED,0,2026-10-05 12:53:53.315,391ms,15ms,29.5%,0,0,113.1 KB,1.8 KB
536,f5/a77be4,1266635,p17__virsorter2_pratama_cached (44),COMPLETED,0,2026-10-05 12:53:53.437,289ms,30ms,22.5%,0,0,124.2 KB,2.1 KB
533,46/a7d044,1266482,p18__genomad_pratama_cached (44),COMPLETED,0,2026-10-05 12:53:53.354,385ms,28ms,22.2%,0,0,130.2 KB,2.1 KB
535,03/c62a52,1266323,p16__vibrant_pratama_cached (44),COMPLETED,0,2026-10-05 12:53:53.343,421ms,24ms,31.4%,0,0,124.2 KB,2.1 KB
537,30/24e648,1266978,p11__deepvirfinder_pratama_cached (45),COMPLETED,0,2026-10-05 12:53:53.578,324ms,7ms,59.4%,0,0,108.4 KB,1.9 KB
538,9e/8c5233,1267114,p16__vibrant_pratama_cached (45),COMPLETED,0,2026-10-05 12:53:53.637,367ms,19ms,24.5%,0,0,124.2 KB,2.1 KB
540,fb/f029c0,1267262,p18__genomad_pratama_cached (45),COMPLETED,0,2026-10-05 12:53:53.684,330ms,22ms,42.9%,0,0,130.2 KB,2.1 KB
539,9c/af7f2c,1267153,p11__deepvirfinder_pratama_cached (46),COMPLETED,0,2026-10-05 12:53:53.651,376ms,11ms,30.3%,0,0,108.4 KB,1.9 KB
541,86/aedaae,1267334,p04__megahit_cached (60),COMPLETED,0,2026-10-05 12:53:53.710,333ms,24ms,46.1%,0,0,113.1 KB,1.8 KB
542,15/4ff731,1267409,p17__virsorter2_pratama_cached (45),COMPLETED,0,2026-10-05 12:53:53.730,327ms,33ms,37.4%,0,0,124.2 KB,2.1 KB
544,86/2a27bc,1267580,p16__vibrant_pratama_cached (46),COMPLETED,0,2026-10-05 12:53:53.768,303ms,17ms,40.0%,0,0,124.2 KB,2.1 KB
543,5e/286c91,1267569,p08__splitContigsForAmr_cached (25),COMPLETED,0,2026-10-05 12:53:53.749,383ms,24ms,44.4%,0,0,136.1 KB,1.6 KB
545,ad/0bff1c,1267947,p17__virsorter2_pratama_cached (46),COMPLETED,0,2026-10-05 12:53:53.907,361ms,14ms,93.0%,0,0,124.2 KB,2.1 KB
546,2c/6bc59f,1268141,p18__genomad_pratama_cached (46),COMPLETED,0,2026-10-05 12:53:54.009,325ms,21ms,54.6%,0,0,130.2 KB,2.1 KB
551,8c/579529,1268447,p04__megahit_cached (64),COMPLETED,0,2026-10-05 12:53:54.076,293ms,18ms,20.4%,0,0,113.1 KB,1.8 KB
547,3b/a296c6,1268274,p04__megahit_cached (61),COMPLETED,0,2026-10-05 12:53:54.020,371ms,11ms,34.0%,0,0,113.1 KB,1.8 KB
548,64/ada269,1268278,p04__megahit_cached (62),COMPLETED,0,2026-10-05 12:53:54.033,388ms,25ms,28.5%,0,0,113.1 KB,1.8 KB
552,b3/ab7ea3,1268686,p04__megahit_cached (65),COMPLETED,0,2026-10-05 12:53:54.140,309ms,13ms,61.0%,0,0,113.1 KB,1.8 KB
550,90/c11007,1268434,p04__megahit_cached (63),COMPLETED,0,2026-10-05 12:53:54.063,396ms,8ms,33.2%,0,0,113.1 KB,1.8 KB
549,57/79a10e,1268290,p08__splitContigsForAmr_cached (26),COMPLETED,0,2026-10-05 12:53:54.053,456ms,20ms,54.4%,0,0,129.7 KB,1.6 KB
554,ca/ad40ee,1269183,p18__genomad_pratama_cached (47),COMPLETED,0,2026-10-05 12:53:54.339,351ms,24ms,30.6%,0,0,130.2 KB,2.1 KB
555,9a/db9d30,1269232,p11__deepvirfinder_pratama_cached (47),COMPLETED,0,2026-10-05 12:53:54.373,342ms,16ms,31.8%,0,0,108.4 KB,1.9 KB
553,ce/7d6b72,1269010,p16__vibrant_pratama_cached (47),COMPLETED,0,2026-10-05 12:53:54.274,454ms,11ms,30.4%,0,0,124.2 KB,2.1 KB
557,56/f83a29,1269310,p08__splitContigsForAmr_cached (27),COMPLETED,0,2026-10-05 12:53:54.395,384ms,41ms,16.3%,0,0,129.7 KB,1.6 KB
560,be/84efdf,1269713,p18__genomad_pratama_cached (48),COMPLETED,0,2026-10-05 12:53:54.514,274ms,19ms,59.4%,0,0,130.2 KB,2.1 KB
556,9d/ecc22f,1269449,p17__virsorter2_pratama_cached (47),COMPLETED,0,2026-10-05 12:53:54.426,412ms,26ms,29.5%,0,0,124.2 KB,2.1 KB
558,a7/5f8e05,1269510,p16__vibrant_pratama_cached (48),COMPLETED,0,2026-10-05 12:53:54.455,390ms,42ms,15.8%,0,0,124.2 KB,2.1 KB
559,72/12c61b,1269636,p11__deepvirfinder_pratama_cached (48),COMPLETED,0,2026-10-05 12:53:54.466,429ms,8ms,59.8%,0,0,108.4 KB,1.9 KB
562,04/7fdd6a,1270242,p17__virsorter2_pratama_cached (48),COMPLETED,0,2026-10-05 12:53:54.720,284ms,15ms,39.0%,0,0,124.2 KB,2.1 KB
561,06/3a540a,1270171,p16__vibrant_pratama_cached (49),COMPLETED,0,2026-10-05 12:53:54.695,336ms,13ms,33.4%,0,0,124.2 KB,2.1 KB
563,16/b46f20,1270281,p11__deepvirfinder_pratama_cached (49),COMPLETED,0,2026-10-05 12:53:54.733,321ms,8ms,61.5%,0,0,108.4 KB,1.9 KB
564,33/75aef7,1270471,p16__vibrant_pratama_cached (50),COMPLETED,0,2026-10-05 12:53:54.784,312ms,15ms,52.7%,0,0,124.2 KB,2.1 KB
566,8c/e8fafd,1270631,p08__splitContigsForAmr_cached (28),COMPLETED,0,2026-10-05 12:53:54.842,348ms,17ms,61.7%,0,0,129.7 KB,1.6 KB
567,0e/9df59e,1270853,p17__virsorter2_pratama_cached (49),COMPLETED,0,2026-10-05 12:53:54.870,351ms,38ms,37.7%,0,0,124.2 KB,2.1 KB
565,0b/e32fc1,1270495,p18__genomad_pratama_cached (49),COMPLETED,0,2026-10-05 12:53:54.792,453ms,36ms,21.3%,0,0,130.2 KB,2.1 KB
568,2c/88f86d,1270906,p11__deepvirfinder_pratama_cached (50),COMPLETED,0,2026-10-05 12:53:54.900,398ms,6ms,113.9%,0,0,108.4 KB,1.9 KB
570,a1/f77d83,1271248,p18__genomad_pratama_cached (50),COMPLETED,0,2026-10-05 12:53:55.037,268ms,24ms,50.7%,0,0,130.2 KB,2.1 KB
569,e9/723a32,1271189,p16__vibrant_pratama_cached (51),COMPLETED,0,2026-10-05 12:53:55.009,321ms,23ms,25.6%,0,0,124.2 KB,2.1 KB
572,79/4bf1a0,1271494,p16__vibrant_pratama_cached (52),COMPLETED,0,2026-10-05 12:53:55.102,383ms,14ms,63.4%,0,0,124.2 KB,2.1 KB
574,c1/f03f31,1271859,p11__deepvirfinder_pratama_cached (52),COMPLETED,0,2026-10-05 12:53:55.226,304ms,9ms,32.5%,0,0,108.4 KB,1.9 KB
575,21/9986f6,1271931,p18__genomad_pratama_cached (51),COMPLETED,0,2026-10-05 12:53:55.250,291ms,22ms,28.1%,0,0,130.2 KB,2.1 KB
571,76/7c9872,1271348,p11__deepvirfinder_pratama_cached (51),COMPLETED,0,2026-10-05 12:53:55.058,516ms,12ms,47.8%,0,0,108.4 KB,1.9 KB
573,ad/25b978,1271722,p17__virsorter2_pratama_cached (50),COMPLETED,0,2026-10-05 12:53:55.195,415ms,27ms,41.8%,0,0,124.2 KB,2.1 KB
578,be/dbd3c2,1272214,p17__virsorter2_pratama_cached (51),COMPLETED,0,2026-10-05 12:53:55.336,303ms,16ms,53.1%,0,0,124.2 KB,2.1 KB
576,39/9e5d0b,1272198,p08__splitContigsForAmr_cached (29),COMPLETED,0,2026-10-05 12:53:55.305,349ms,15ms,60.8%,0,0,118 KB,1.6 KB
577,7b/8011a1,1272206,p11__deepvirfinder_pratama_cached (53),COMPLETED,0,2026-10-05 12:53:55.316,418ms,8ms,88.5%,0,0,108.4 KB,1.9 KB
581,bc/23ff53,1272730,p11__deepvirfinder_pratama_cached (54),COMPLETED,0,2026-10-05 12:53:55.546,282ms,9ms,23.0%,0,0,108.4 KB,1.9 KB
579,e8/596680,1272624,p16__vibrant_pratama_cached (53),COMPLETED,0,2026-10-05 12:53:55.499,360ms,19ms,28.7%,0,0,124.2 KB,2.1 KB
582,9e/32bb29,1272845,p08__splitContigsForAmr_cached (30),COMPLETED,0,2026-10-05 12:53:55.579,334ms,16ms,40.0%,0,0,118 KB,1.6 KB
584,07/e332ac,1273020,p16__vibrant_pratama_cached (54),COMPLETED,0,2026-10-05 12:53:55.644,335ms,22ms,33.1%,0,0,124.2 KB,2.1 KB
585,9a/0e4c84,1273144,p11__deepvirfinder_pratama_cached (55),COMPLETED,0,2026-10-05 12:53:55.659,340ms,10ms,39.8%,0,0,108.4 KB,1.9 KB
580,e1/80982d,1272715,p18__genomad_pratama_cached (52),COMPLETED,0,2026-10-05 12:53:55.536,467ms,27ms,16.9%,0,0,130.2 KB,2.1 KB
583,b7/7d62fb,1272935,p17__virsorter2_pratama_cached (52),COMPLETED,0,2026-10-05 12:53:55.615,410ms,15ms,73.1%,0,0,124.2 KB,2.1 KB
586,8e/031db6,1273327,p17__virsorter2_pratama_cached (53),COMPLETED,0,2026-10-05 12:53:55.741,330ms,10ms,125.5%,0,0,124.2 KB,2.1 KB
587,c4/330641,1273606,p11__deepvirfinder_pratama_cached (56),COMPLETED,0,2026-10-05 12:53:55.836,273ms,8ms,50.3%,0,0,108.4 KB,1.9 KB
588,23/605a89,1273691,p18__genomad_pratama_cached (53),COMPLETED,0,2026-10-05 12:53:55.865,362ms,18ms,77.3%,0,0,130.2 KB,2.1 KB
590,fc/c8b36e,1274002,p16__vibrant_pratama_cached (55),COMPLETED,0,2026-10-05 12:53:55.984,297ms,26ms,45.5%,0,0,124.2 KB,2.1 KB
589,9e/54ff80,1273809,p08__splitContigsForAmr_cached (31),COMPLETED,0,2026-10-05 12:53:55.922,391ms,16ms,21.5%,0,0,118 KB,1.6 KB
593,95/33dee3,1274170,p16__vibrant_pratama_cached (56),COMPLETED,0,2026-10-05 12:53:56.029,301ms,30ms,54.4%,0,0,124.2 KB,2.1 KB
591,93/ad49e8,1274063,p17__virsorter2_pratama_cached (54),COMPLETED,0,2026-10-05 12:53:56.003,364ms,28ms,39.5%,0,0,124.2 KB,2.1 KB
592,a8/52ecdf,1274073,p11__deepvirfinder_pratama_cached (57),COMPLETED,0,2026-10-05 12:53:56.007,367ms,12ms,38.8%,0,0,108.4 KB,1.9 KB
595,6f/d0bfa8,1274498,p11__deepvirfinder_pratama_cached (58),COMPLETED,0,2026-10-05 12:53:56.114,294ms,11ms,50.7%,0,0,108.4 KB,1.9 KB
594,21/54ae86,1274377,p17__virsorter2_pratama_cached (55),COMPLETED,0,2026-10-05 12:53:56.077,343ms,14ms,29.5%,0,0,124.2 KB,2.1 KB
596,44/9005fe,1274780,p08__splitContigsForAmr_cached (32),COMPLETED,0,2026-10-05 12:53:56.232,296ms,10ms,66.4%,0,0,136.1 KB,1.6 KB
597,20/5bae53,1274911,p16__vibrant_pratama_cached (57),COMPLETED,0,2026-10-05 12:53:56.286,328ms,16ms,83.3%,0,0,124.2 KB,2.1 KB
602,f9/1d9fe6,1275304,p11__deepvirfinder_pratama_cached (60),COMPLETED,0,2026-10-05 12:53:56.393,284ms,22ms,31.5%,0,0,108.4 KB,1.9 KB
600,1c/b05280,1275031,p18__genomad_pratama_cached (54),COMPLETED,0,2026-10-05 12:53:56.334,357ms,45ms,36.2%,0,0,130.2 KB,2.1 KB
605,80/1c3259,1275341,p08__splitContigsForAmr_cached (33),COMPLETED,0,2026-10-05 12:53:56.424,321ms,37ms,31.5%,0,0,136.1 KB,1.6 KB
598,15/a8186b,1274992,p17__virsorter2_pratama_cached (56),COMPLETED,0,2026-10-05 12:53:56.329,436ms,11ms,46.8%,0,0,124.2 KB,2.1 KB
603,b1/5a0871,1275315,p18__genomad_pratama_cached (55),COMPLETED,0,2026-10-05 12:53:56.413,375ms,51ms,33.7%,0,0,130.2 KB,2.1 KB
604,62/f57b8d,1275665,p16__vibrant_pratama_cached (58),COMPLETED,0,2026-10-05 12:53:56.533,279ms,10ms,78.2%,0,0,124.2 KB,2.1 KB
601,40/0fa9ce,1275190,p17__virsorter2_pratama_cached (57),COMPLETED,0,2026-10-05 12:53:56.373,529ms,62ms,20.9%,0,0,124.2 KB,2.1 KB
606,44/535477,1275931,p17__virsorter2_pratama_cached (58),COMPLETED,0,2026-10-05 12:53:56.619,313ms,13ms,61.2%,0,0,124.2 KB,2.1 KB
607,44/4b2610,1276073,p11__deepvirfinder_pratama_cached (61),COMPLETED,0,2026-10-05 12:53:56.683,300ms,5ms,92.8%,0,0,108.4 KB,1.9 KB
608,d1/ef0bc1,1276114,p18__genomad_pratama_cached (56),COMPLETED,0,2026-10-05 12:53:56.696,347ms,43ms,38.4%,0,0,130.2 KB,2.1 KB
610,2d/32f666,1276362,p17__virsorter2_pratama_cached (59),COMPLETED,0,2026-10-05 12:53:56.773,305ms,30ms,21.9%,0,0,124.2 KB,2.1 KB
609,c3/60c569,1276290,p11__deepvirfinder_pratama_cached (62),COMPLETED,0,2026-10-05 12:53:56.749,382ms,7ms,27.2%,0,0,108.4 KB,1.9 KB
612,b7/25e010,1276563,p18__genomad_pratama_cached (57),COMPLETED,0,2026-10-05 12:53:56.817,332ms,18ms,26.5%,0,0,130.2 KB,2.1 KB
611,12/d63f1b,1276445,p08__splitContigsForAmr_cached (34),COMPLETED,0,2026-10-05 12:53:56.792,425ms,27ms,40.0%,0,0,136.1 KB,1.6 KB
613,bb/61a33c,1276804,p11__deepvirfinder_pratama_cached (63),COMPLETED,0,2026-10-05 12:53:56.907,338ms,8ms,52.6%,0,0,108.4 KB,1.9 KB
616,a8/2ef4ed,1277221,p18__genomad_pratama_cached (58),COMPLETED,0,2026-10-05 12:53:57.049,270ms,23ms,35.2%,0,0,130.2 KB,2.1 KB
614,fb/831745,1276889,p16__vibrant_pratama_cached (59),COMPLETED,0,2026-10-05 12:53:56.937,426ms,25ms,24.8%,0,0,124.2 KB,2.1 KB
618,fb/0a0cc1,1277508,p16__vibrant_pratama_cached (60),COMPLETED,0,2026-10-05 12:53:57.137,235ms,25ms,29.8%,0,0,124.2 KB,2.1 KB
615,3c/bed091,1277083,p17__virsorter2_pratama_cached (60),COMPLETED,0,2026-10-05 12:53:56.988,398ms,26ms,47.1%,0,0,124.2 KB,2.1 KB
620,b0/1d4d2d,1277750,p08__splitContigsForAmr_cached (35),COMPLETED,0,2026-10-05 12:53:57.223,279ms,18ms,34.8%,0,0,123.6 KB,1.6 KB
617,0d/78da97,1277342,p11__deepvirfinder_pratama_cached (64),COMPLETED,0,2026-10-05 12:53:57.084,427ms,6ms,0.0%,0,0,108.4 KB,1.9 KB
619,c8/9a4c70,1277577,p17__virsorter2_pratama_cached (61),COMPLETED,0,2026-10-05 12:53:57.153,372ms,16ms,68.9%,0,0,124.2 KB,2.1 KB
621,d7/08bd76,1277845,p18__genomad_pratama_cached (59),COMPLETED,0,2026-10-05 12:53:57.250,343ms,15ms,61.1%,0,0,130.2 KB,2.1 KB
623,a3/889fee,1278230,p17__virsorter2_pratama_cached (62),COMPLETED,0,2026-10-05 12:53:57.368,282ms,12ms,80.0%,0,0,124.2 KB,2.1 KB
622,bf/7ff677,1278083,p11__deepvirfinder_pratama_cached (65),COMPLETED,0,2026-10-05 12:53:57.332,335ms,8ms,53.5%,0,0,108.4 KB,1.9 KB
624,30/1f4439,1278254,p18__genomad_pratama_cached (60),COMPLETED,0,2026-10-05 12:53:57.376,325ms,16ms,46.9%,0,0,130.2 KB,2.1 KB
625,5e/8002d9,1278287,p11__deepvirfinder_pratama_cached (66),COMPLETED,0,2026-10-05 12:53:57.391,329ms,6ms,48.2%,0,0,108.4 KB,1.9 KB
628,b5/a8b1e6,1278779,p17__virsorter2_pratama_cached (63),COMPLETED,0,2026-10-05 12:53:57.534,300ms,10ms,54.9%,0,0,124.2 KB,2.1 KB
627,39/f83931,1278772,p08__splitContigsForAmr_cached (36),COMPLETED,0,2026-10-05 12:53:57.520,320ms,43ms,20.3%,0,0,123.6 KB,1.6 KB
626,7e/5e5b4c,1278758,p16__vibrant_pratama_cached (61),COMPLETED,0,2026-10-05 12:53:57.508,365ms,28ms,23.0%,0,0,124.2 KB,2.1 KB
629,d3/f789ff,1278950,p18__genomad_pratama_cached (61),COMPLETED,0,2026-10-05 12:53:57.598,286ms,10ms,44.4%,0,0,130.2 KB,2.1 KB
631,5e/595876,1279248,p18__genomad_pratama_cached (62),COMPLETED,0,2026-10-05 12:53:57.701,329ms,23ms,59.4%,0,0,130.2 KB,2.1 KB
633,a7/4243df,1279414,p16__vibrant_pratama_cached (63),COMPLETED,0,2026-10-05 12:53:57.726,327ms,9ms,90.4%,0,0,124.2 KB,2.1 KB
632,f0/7ee4c0,1279274,p17__virsorter2_pratama_cached (64),COMPLETED,0,2026-10-05 12:53:57.705,354ms,15ms,88.5%,0,0,124.2 KB,2.1 KB
630,79/57ad1d,1279120,p16__vibrant_pratama_cached (62),COMPLETED,0,2026-10-05 12:53:57.654,417ms,16ms,22.4%,0,0,124.2 KB,2.1 KB
634,46/20d60e,1279638,p17__virsorter2_pratama_cached (65),COMPLETED,0,2026-10-05 12:53:57.839,262ms,30ms,44.7%,0,0,124.2 KB,2.1 KB
635,30/b40d6c,1279672,p08__splitContigsForAmr_cached (37),COMPLETED,0,2026-10-05 12:53:57.845,372ms,22ms,22.5%,0,0,123.6 KB,1.6 KB
636,2b/e66f57,1279804,p16__vibrant_pratama_cached (64),COMPLETED,0,2026-10-05 12:53:57.878,394ms,35ms,22.9%,0,0,124.2 KB,2.1 KB
641,e0/b080d3,1280511,p18__genomad_pratama_cached (64),COMPLETED,0,2026-10-05 12:53:58.075,274ms,41ms,36.1%,0,0,130.2 KB,2.1 KB
638,ac/1ef0c1,1280238,p17__virsorter2_pratama_cached (66),COMPLETED,0,2026-10-05 12:53:58.036,317ms,13ms,38.8%,0,0,124.2 KB,2.1 KB
642,ec/afc33e,1280529,p08__splitContigsForAmr_cached (38),COMPLETED,0,2026-10-05 12:53:58.105,286ms,10ms,79.0%,0,0,118 KB,1.6 KB
637,37/b5696f,1279862,p18__genomad_pratama_cached (63),COMPLETED,0,2026-10-05 12:53:57.889,520ms,36ms,40.9%,0,0,130.2 KB,2.1 KB
640,84/25726e,1280341,p16__vibrant_pratama_cached (66),COMPLETED,0,2026-10-05 12:53:58.063,435ms,13ms,90.4%,0,0,124.2 KB,2.1 KB
639,29/0c2c34,1280332,p16__vibrant_pratama_cached (65),COMPLETED,0,2026-10-05 12:53:58.058,463ms,15ms,59.0%,0,0,124.2 KB,2.1 KB
643,ba/9d8ce5,1280837,p18__genomad_pratama_cached (65),COMPLETED,0,2026-10-05 12:53:58.222,320ms,11ms,57.0%,0,0,130.2 KB,2.1 KB
644,91/c6dc7c,1281021,p18__genomad_pratama_cached (66),COMPLETED,0,2026-10-05 12:53:58.277,296ms,30ms,54.3%,0,0,130.2 KB,2.1 KB
648,43/5c0ebc,1281394,p17__virsorter2_pratama_cached (67),COMPLETED,0,2026-10-05 12:53:58.417,257ms,22ms,28.9%,0,0,124.2 KB,2.1 KB
647,c0/f8a92b,1281346,p18__genomad_pratama_cached (67),COMPLETED,0,2026-10-05 12:53:58.397,315ms,38ms,19.9%,0,0,130.2 KB,2.1 KB
646,b9/ff4f23,1281333,p16__vibrant_pratama_cached (67),COMPLETED,0,2026-10-05 12:53:58.358,355ms,19ms,72.9%,0,0,124.2 KB,2.1 KB
645,00/4b2283,1281151,p11__deepvirfinder_pratama_cached (67),COMPLETED,0,2026-10-05 12:53:58.353,394ms,7ms,70.1%,0,0,108.4 KB,1.9 KB
650,c8/3cc5fd,1281763,p16__vibrant_pratama_cached (68),COMPLETED,0,2026-10-05 12:53:58.527,338ms,26ms,49.5%,0,0,124.2 KB,2.1 KB
651,51/400b8d,1281944,p17__virsorter2_pratama_cached (68),COMPLETED,0,2026-10-05 12:53:58.547,351ms,10ms,32.3%,0,0,124.2 KB,2.1 KB
652,61/53e2f1,1281957,p11__deepvirfinder_pratama_cached (69),COMPLETED,0,2026-10-05 12:53:58.577,339ms,7ms,47.6%,0,0,108.4 KB,1.9 KB
649,78/7a3d12,1281683,p11__deepvirfinder_pratama_cached (68),COMPLETED,0,2026-10-05 12:53:58.506,459ms,12ms,21.1%,0,0,108.4 KB,1.9 KB
653,5f/54cf52,1282232,p16__vibrant_pratama_cached (69),COMPLETED,0,2026-10-05 12:53:58.680,292ms,11ms,117.4%,0,0,124.2 KB,2.1 KB
655,de/07d8c8,1282474,p11__deepvirfinder_pratama_cached (70),COMPLETED,0,2026-10-05 12:53:58.758,313ms,7ms,32.4%,0,0,108.4 KB,1.9 KB
657,03/0ea462,1282708,p17__virsorter2_pratama_cached (69),COMPLETED,0,2026-10-05 12:53:58.870,222ms,11ms,91.6%,0,0,124.2 KB,2.1 KB
654,cb/d76488,1282471,p18__genomad_pratama_cached (68),COMPLETED,0,2026-10-05 12:53:58.754,354ms,9ms,41.8%,0,0,130.2 KB,2.1 KB
656,79/d0b199,1282482,p16__vibrant_pratama_cached (70),COMPLETED,0,2026-10-05 12:53:58.761,354ms,21ms,28.6%,0,0,124.2 KB,2.1 KB
658,42/51ebd2,1282854,p18__genomad_pratama_cached (69),COMPLETED,0,2026-10-05 12:53:58.902,277ms,9ms,57.5%,0,0,130.2 KB,2.1 KB
659,eb/8510c4,1282924,p08__splitContigsForAmr_cached (39),COMPLETED,0,2026-10-05 12:53:58.921,320ms,5ms,94.6%,0,0,112.9 KB,1.6 KB
661,20/f7186b,1283073,p16__vibrant_pratama_cached (71),COMPLETED,0,2026-10-05 12:53:58.977,274ms,13ms,47.4%,0,0,124.2 KB,2.1 KB
660,f9/f15f79,1283062,p17__virsorter2_pratama_cached (70),COMPLETED,0,2026-10-05 12:53:58.970,292ms,15ms,45.3%,0,0,124.2 KB,2.1 KB
662,f3/fbc9ac,1283267,p11__deepvirfinder_pratama_cached (71),COMPLETED,0,2026-10-05 12:53:59.076,285ms,7ms,72.5%,0,0,108.4 KB,1.9 KB
665,4d/cf0864,1283444,p16__vibrant_pratama_cached (72),COMPLETED,0,2026-10-05 12:53:59.119,257ms,12ms,107.9%,0,0,124.2 KB,2.1 KB
664,97/5bbf9b,1283430,p11__deepvirfinder_pratama_cached (72),COMPLETED,0,2026-10-05 12:53:59.115,285ms,5ms,78.0%,0,0,108.4 KB,1.9 KB
663,cc/6aaa9b,1283349,p18__genomad_pratama_cached (70),COMPLETED,0,2026-10-05 12:53:59.097,291ms,16ms,43.4%,0,0,130.2 KB,2.1 KB
666,95/65b7bb,1283656,p18__genomad_pratama_cached (71),COMPLETED,0,2026-10-05 12:53:59.197,299ms,17ms,32.7%,0,0,130.2 KB,2.1 KB
668,01/cbed07,1283812,p16__vibrant_pratama_cached (73),COMPLETED,0,2026-10-05 12:53:59.248,294ms,31ms,20.9%,0,0,124.2 KB,2.1 KB
667,27/44d589,1283879,p11__deepvirfinder_pratama_cached (73),COMPLETED,0,2026-10-05 12:53:59.258,298ms,20ms,26.5%,0,0,108.4 KB,1.9 KB
669,eb/27a29f,1283910,p18__genomad_pratama_cached (72),COMPLETED,0,2026-10-05 12:53:59.268,309ms,19ms,63.3%,0,0,130.2 KB,2.1 KB
670,da/48383a,1284159,p08__splitContigsForAmr_cached (40),COMPLETED,0,2026-10-05 12:53:59.367,296ms,8ms,27.3%,0,0,112.9 KB,1.6 KB
672,ba/e7ac9b,1284276,p17__virsorter2_pratama_cached (71),COMPLETED,0,2026-10-05 12:53:59.394,295ms,17ms,38.1%,0,0,124.2 KB,2.1 KB
673,67/3b533a,1284331,p16__vibrant_pratama_cached (74),COMPLETED,0,2026-10-05 12:53:59.406,362ms,15ms,42.0%,0,0,124.2 KB,2.1 KB
671,01/3b6a1e,1284259,p11__deepvirfinder_pratama_cached (74),COMPLETED,0,2026-10-05 12:53:59.387,394ms,13ms,38.9%,0,0,108.4 KB,1.9 KB
676,34/b4315b,1284788,p08__splitContigsForAmr_cached (41),COMPLETED,0,2026-10-05 12:53:59.562,229ms,18ms,67.4%,0,0,123.6 KB,1.6 KB
675,c5/2c1941,1284578,p18__genomad_pratama_cached (73),COMPLETED,0,2026-10-05 12:53:59.503,321ms,14ms,22.4%,0,0,130.2 KB,2.1 KB
677,6c/bbe93e,1284864,p18__genomad_pratama_cached (74),COMPLETED,0,2026-10-05 12:53:59.584,247ms,15ms,37.2%,0,0,130.2 KB,2.1 KB
674,d4/1d5200,1284721,p17__virsorter2_pratama_cached (72),COMPLETED,0,2026-10-05 12:53:59.547,372ms,20ms,33.3%,0,0,124.2 KB,2.1 KB
678,b8/93b31a,1285049,p17__virsorter2_pratama_cached (73),COMPLETED,0,2026-10-05 12:53:59.670,292ms,13ms,41.8%,0,0,124.2 KB,2.1 KB
679,79/db1a60,1285400,p17__virsorter2_pratama_cached (74),COMPLETED,0,2026-10-05 12:53:59.698,297ms,13ms,53.2%,0,0,124.2 KB,2.1 KB
682,e4/09f403,1285805,p11__deepvirfinder_pratama_cached (75),COMPLETED,0,2026-10-05 12:53:59.797,275ms,19ms,29.8%,0,0,108.4 KB,1.9 KB
680,11/bd34d6,1285727,p08__splitContigsForAmr_cached (42),COMPLETED,0,2026-10-05 12:53:59.775,308ms,16ms,32.5%,0,0,123.6 KB,1.6 KB
681,eb/f04c1e,1285761,p16__vibrant_pratama_cached (75),COMPLETED,0,2026-10-05 12:53:59.787,332ms,21ms,50.1%,0,0,124.2 KB,2.1 KB
684,75/53e8d4,1286074,p18__genomad_pratama_cached (75),COMPLETED,0,2026-10-05 12:53:59.837,349ms,23ms,49.5%,0,0,130.2 KB,2.1 KB
685,6b/1e03df,1286309,p08__splitContigsForAmr_cached (43),COMPLETED,0,2026-10-05 12:53:59.925,294ms,23ms,27.0%,0,0,123.6 KB,1.6 KB
683,12/314809,1285980,p17__virsorter2_pratama_cached (75),COMPLETED,0,2026-10-05 12:53:59.831,431ms,19ms,50.9%,0,0,124.2 KB,2.1 KB
687,42/abaa29,1286527,p11__deepvirfinder_pratama_cached (76),COMPLETED,0,2026-10-05 12:54:00.000,277ms,7ms,52.5%,0,0,108.4 KB,1.9 KB
686,90/7454e4,1286503,p16__vibrant_pratama_cached (76),COMPLETED,0,2026-10-05 12:53:59.968,365ms,16ms,41.7%,0,0,124.2 KB,2.1 KB
688,5a/2e7df7,1286820,p17__virsorter2_pratama_cached (76),COMPLETED,0,2026-10-05 12:54:00.078,309ms,11ms,88.3%,0,0,124.2 KB,2.1 KB
689,3a/604683,1287066,p18__genomad_pratama_cached (76),COMPLETED,0,2026-10-05 12:54:00.125,321ms,29ms,54.5%,0,0,130.2 KB,2.1 KB
691,5d/43aee4,1287236,p11__deepvirfinder_pratama_cached (77),COMPLETED,0,2026-10-05 12:54:00.191,306ms,6ms,59.4%,0,0,108.4 KB,1.9 KB
690,c1/99e4f9,1286880,p16__vibrant_pratama_cached (77),COMPLETED,0,2026-10-05 12:54:00.090,418ms,15ms,34.8%,0,0,124.2 KB,2.1 KB
692,51/c925c9,1287351,p17__virsorter2_pratama_cached (77),COMPLETED,0,2026-10-05 12:54:00.225,348ms,29ms,27.9%,0,0,124.2 KB,2.1 KB
694,fb/b4f490,1287601,p16__vibrant_pratama_cached (78),COMPLETED,0,2026-10-05 12:54:00.288,330ms,27ms,37.8%,0,0,124.2 KB,2.1 KB
695,56/a7958c,1287737,p18__genomad_pratama_cached (77),COMPLETED,0,2026-10-05 12:54:00.338,316ms,35ms,23.8%,0,0,130.2 KB,2.1 KB
693,4d/c1da70,1287488,p08__splitContigsForAmr_cached (44),COMPLETED,0,2026-10-05 12:54:00.269,427ms,16ms,71.6%,0,0,118 KB,1.6 KB
696,8a/2cb52f,1287915,p11__deepvirfinder_pratama_cached (78),COMPLETED,0,2026-10-05 12:54:00.397,317ms,7ms,59.6%,0,0,108.4 KB,1.9 KB
697,c0/f74217,1288058,p17__virsorter2_pratama_cached (78),COMPLETED,0,2026-10-05 12:54:00.452,316ms,30ms,51.1%,0,0,124.2 KB,2.1 KB
699,c8/dff5f0,1288259,p08__splitContigsForAmr_cached (45),COMPLETED,0,2026-10-05 12:54:00.517,286ms,30ms,20.0%,0,0,123.6 KB,1.6 KB
700,59/dcba8b,1288438,p11__deepvirfinder_pratama_cached (79),COMPLETED,0,2026-10-05 12:54:00.579,272ms,15ms,35.8%,0,0,108.4 KB,1.9 KB
701,e8/b41ce0,1288572,p18__genomad_pratama_cached (78),COMPLETED,0,2026-10-05 12:54:00.634,273ms,26ms,42.9%,0,0,130.2 KB,2.1 KB
698,55/049209,1288248,p16__vibrant_pratama_cached (79),COMPLETED,0,2026-10-05 12:54:00.505,437ms,12ms,42.0%,0,0,124.2 KB,2.1 KB
704,ca/057a1f,1288913,p11__deepvirfinder_pratama_cached (80),COMPLETED,0,2026-10-05 12:54:00.719,248ms,12ms,42.4%,0,0,108.4 KB,1.9 KB
702,78/5dcaa9,1288692,p17__virsorter2_pratama_cached (79),COMPLETED,0,2026-10-05 12:54:00.663,349ms,16ms,21.2%,0,0,124.2 KB,2.1 KB
703,40/dbf12e,1288806,p16__vibrant_pratama_cached (80),COMPLETED,0,2026-10-05 12:54:00.703,341ms,31ms,41.5%,0,0,124.2 KB,2.1 KB
705,d2/9e0e6c,1289063,p17__virsorter2_pratama_cached (80),COMPLETED,0,2026-10-05 12:54:00.775,306ms,15ms,30.6%,0,0,124.2 KB,2.1 KB
706,8a/5b539b,1289148,p16__vibrant_pratama_cached (81),COMPLETED,0,2026-10-05 12:54:00.810,311ms,27ms,43.8%,0,0,124.2 KB,2.1 KB
708,be/a92b37,1289507,p16__vibrant_pratama_cached (82),COMPLETED,0,2026-10-05 12:54:00.915,242ms,24ms,26.6%,0,0,124.2 KB,2.1 KB
707,18/88c50f,1289343,p18__genomad_pratama_cached (79),COMPLETED,0,2026-10-05 12:54:00.857,358ms,23ms,38.1%,0,0,130.2 KB,2.1 KB
709,f3/16dbc1,1289580,p17__virsorter2_pratama_cached (81),COMPLETED,0,2026-10-05 12:54:00.948,281ms,14ms,75.6%,0,0,124.2 KB,2.1 KB
710,16/8adead,1289717,p08__splitContigsForAmr_cached (46),COMPLETED,0,2026-10-05 12:54:00.977,301ms,25ms,49.5%,0,0,123.6 KB,1.6 KB
711,89/a18724,1290019,p11__deepvirfinder_pratama_cached (81),COMPLETED,0,2026-10-05 12:54:01.018,346ms,6ms,48.7%,0,0,108.4 KB,1.9 KB
714,ba/ec690e,1290383,p11__deepvirfinder_pratama_cached (82),COMPLETED,0,2026-10-05 12:54:01.127,265ms,6ms,49.0%,0,0,108.4 KB,1.9 KB
712,a0/6eb468,1290128,p18__genomad_pratama_cached (80),COMPLETED,0,2026-10-05 12:54:01.051,360ms,18ms,51.8%,0,0,130.2 KB,2.1 KB
715,90/9a9ade,1290532,p16__vibrant_pratama_cached (83),COMPLETED,0,2026-10-05 12:54:01.164,282ms,22ms,30.5%,0,0,124.2 KB,2.1 KB
713,ad/5d99b4,1290258,p08__splitContigsForAmr_cached (47),COMPLETED,0,2026-10-05 12:54:01.087,380ms,9ms,124.7%,0,0,118 KB,1.6 KB
716,66/729cba,1290730,p18__genomad_pratama_cached (81),COMPLETED,0,2026-10-05 12:54:01.223,411ms,20ms,38.0%,0,0,130.2 KB,2.1 KB
717,74/70078e,1290743,p17__virsorter2_pratama_cached (82),COMPLETED,0,2026-10-05 12:54:01.234,423ms,22ms,53.3%,0,0,124.2 KB,2.1 KB
718,4f/f3b847,1290865,p11__deepvirfinder_pratama_cached (83),COMPLETED,0,2026-10-05 12:54:01.283,387ms,6ms,100.8%,0,0,108.4 KB,1.9 KB
719,b8/17a058,1291127,p18__genomad_pratama_cached (82),COMPLETED,0,2026-10-05 12:54:01.369,314ms,17ms,77.7%,0,0,130.2 KB,2.1 KB
721,9f/46ffc2,1291266,p17__virsorter2_pratama_cached (83),COMPLETED,0,2026-10-05 12:54:01.418,303ms,32ms,48.4%,0,0,124.2 KB,2.1 KB
723,64/0fc061,1291488,p11__deepvirfinder_pratama_cached (84),COMPLETED,0,2026-10-05 12:54:01.474,286ms,8ms,104.3%,0,0,108.4 KB,1.9 KB
720,e5/b3ebc7,1291184,p16__vibrant_pratama_cached (84),COMPLETED,0,2026-10-05 12:54:01.399,368ms,22ms,58.2%,0,0,124.2 KB,2.1 KB
722,42/c7bf5b,1291424,p08__splitContigsForAmr_cached (48),COMPLETED,0,2026-10-05 12:54:01.453,323ms,17ms,0.0%,0,0,123.6 KB,1.6 KB
724,b8/dc1c75,1291880,p16__vibrant_pratama_cached (85),COMPLETED,0,2026-10-05 12:54:01.640,244ms,15ms,80.5%,0,0,124.2 KB,2.1 KB
727,86/76624c,1292078,p11__deepvirfinder_pratama_cached (85),COMPLETED,0,2026-10-05 12:54:01.690,329ms,13ms,37.3%,0,0,108.4 KB,1.9 KB
730,fd/81abfa,1292388,p18__genomad_pratama_cached (84),COMPLETED,0,2026-10-05 12:54:01.773,260ms,39ms,32.9%,0,0,130.2 KB,2.1 KB
731,ca/b29820,1292407,p11__deepvirfinder_pratama_cached (86),COMPLETED,0,2026-10-05 12:54:01.781,288ms,6ms,36.0%,0,0,108.4 KB,1.9 KB
726,78/c5185c,1292021,p17__virsorter2_pratama_cached (84),COMPLETED,0,2026-10-05 12:54:01.675,402ms,25ms,46.2%,0,0,124.2 KB,2.1 KB
728,11/3b725f,1292217,p16__vibrant_pratama_cached (86),COMPLETED,0,2026-10-05 12:54:01.728,355ms,32ms,16.9%,0,0,124.2 KB,2.1 KB
725,5f/1e368a,1292009,p18__genomad_pratama_cached (83),COMPLETED,0,2026-10-05 12:54:01.668,441ms,22ms,55.9%,0,0,130.2 KB,2.1 KB
729,9d/1484b4,1292380,p17__virsorter2_pratama_cached (85),COMPLETED,0,2026-10-05 12:54:01.767,393ms,30ms,46.6%,0,0,124.2 KB,2.1 KB
732,d2/e2fc5c,1292779,p16__vibrant_pratama_cached (87),COMPLETED,0,2026-10-05 12:54:01.894,307ms,23ms,30.8%,0,0,124.2 KB,2.1 KB
733,80/8e42b6,1293064,p17__virsorter2_pratama_cached (86),COMPLETED,0,2026-10-05 12:54:02.025,237ms,13ms,52.6%,0,0,124.2 KB,2.1 KB
734,22/71cdbc,1293095,p18__genomad_pratama_cached (85),COMPLETED,0,2026-10-05 12:54:02.039,285ms,12ms,43.9%,0,0,130.2 KB,2.1 KB
735,7e/03783f,1293238,p11__deepvirfinder_pratama_cached (87),COMPLETED,0,2026-10-05 12:54:02.075,281ms,7ms,61.7%,0,0,108.4 KB,1.9 KB
738,c0/f1adfe,1293389,p17__virsorter2_pratama_cached (87),COMPLETED,0,2026-10-05 12:54:02.115,286ms,28ms,21.7%,0,0,124.2 KB,2.1 KB
736,4a/d272e4,1293313,p16__vibrant_pratama_cached (88),COMPLETED,0,2026-10-05 12:54:02.082,341ms,19ms,29.5%,0,0,124.2 KB,2.1 KB
740,b7/e95668,1293715,p11__deepvirfinder_pratama_cached (88),COMPLETED,0,2026-10-05 12:54:02.211,249ms,8ms,72.7%,0,0,108.4 KB,1.9 KB
739,e5/af579c,1293574,p16__vibrant_pratama_cached (89),COMPLETED,0,2026-10-05 12:54:02.167,311ms,13ms,69.4%,0,0,124.2 KB,2.1 KB
737,43/330b9f,1293318,p08__splitContigsForAmr_cached (49),COMPLETED,0,2026-10-05 12:54:02.089,435ms,27ms,43.7%,0,0,143 KB,1.6 KB
741,60/1160d3,1293882,p08__splitContigsForAmr_cached (50),COMPLETED,0,2026-10-05 12:54:02.268,266ms,9ms,67.4%,0,0,118 KB,1.6 KB
742,20/384261,1294010,p18__genomad_pratama_cached (86),COMPLETED,0,2026-10-05 12:54:02.332,237ms,13ms,50.1%,0,0,130.2 KB,2.1 KB
745,56/e696d1,1294237,p16__vibrant_pratama_cached (90),COMPLETED,0,2026-10-05 12:54:02.428,240ms,11ms,63.0%,0,0,124.2 KB,2.1 KB
744,1b/b7b68e,1294184,p11__deepvirfinder_pratama_cached (89),COMPLETED,0,2026-10-05 12:54:02.408,296ms,5ms,55.5%,0,0,108.4 KB,1.9 KB
743,6c/e2f482,1294088,p17__virsorter2_pratama_cached (88),COMPLETED,0,2026-10-05 12:54:02.362,335ms,11ms,120.4%,0,0,124.2 KB,2.1 KB
747,ef/a79866,1294417,p11__deepvirfinder_pratama_cached (90),COMPLETED,0,2026-10-05 12:54:02.484,290ms,8ms,132.9%,0,0,108.4 KB,1.9 KB
746,df/b93919,1294379,p17__virsorter2_pratama_cached (89),COMPLETED,0,2026-10-05 12:54:02.468,327ms,14ms,52.6%,0,0,124.2 KB,2.1 KB
748,c3/f0c68d,1294548,p18__genomad_pratama_cached (87),COMPLETED,0,2026-10-05 12:54:02.532,322ms,25ms,50.5%,0,0,130.2 KB,2.1 KB
751,2e/c437b1,1294764,p11__deepvirfinder_pratama_cached (91),COMPLETED,0,2026-10-05 12:54:02.576,313ms,7ms,52.3%,0,0,108.4 KB,1.9 KB
749,12/687eac,1294585,p16__vibrant_pratama_cached (91),COMPLETED,0,2026-10-05 12:54:02.540,359ms,17ms,22.5%,0,0,124.2 KB,2.1 KB
753,a6/22cf96,1295202,p08__splitContigsForAmr_cached (51),COMPLETED,0,2026-10-05 12:54:02.710,312ms,15ms,36.4%,0,0,129.7 KB,1.6 KB
750,d0/c711ef,1295051,p17__virsorter2_pratama_cached (90),COMPLETED,0,2026-10-05 12:54:02.676,356ms,19ms,38.4%,0,0,124.2 KB,2.1 KB
752,32/876e86,1295154,p18__genomad_pratama_cached (88),COMPLETED,0,2026-10-05 12:54:02.702,357ms,22ms,34.0%,0,0,130.2 KB,2.1 KB
754,f5/c666b7,1295412,p16__vibrant_pratama_cached (92),COMPLETED,0,2026-10-05 12:54:02.791,301ms,23ms,60.9%,0,0,124.2 KB,2.1 KB
755,b0/703fac,1295474,p11__deepvirfinder_pratama_cached (92),COMPLETED,0,2026-10-05 12:54:02.803,323ms,11ms,38.8%,0,0,108.4 KB,1.9 KB
758,2c/85ed39,1295791,p16__vibrant_pratama_cached (93),COMPLETED,0,2026-10-05 12:54:02.906,280ms,19ms,32.7%,0,0,124.2 KB,2.1 KB
757,41/aef5d5,1295737,p18__genomad_pratama_cached (89),COMPLETED,0,2026-10-05 12:54:02.896,390ms,18ms,38.2%,0,0,130.2 KB,2.1 KB
756,a5/a87fea,1295650,p17__virsorter2_pratama_cached (91),COMPLETED,0,2026-10-05 12:54:02.861,444ms,19ms,54.3%,0,0,124.2 KB,2.1 KB
762,23/4454fa,1296315,p17__virsorter2_pratama_cached (93),COMPLETED,0,2026-10-05 12:54:03.082,251ms,44ms,32.9%,0,0,124.2 KB,2.1 KB
760,bd/668370,1296230,p17__virsorter2_pratama_cached (92),COMPLETED,0,2026-10-05 12:54:03.038,309ms,18ms,75.1%,0,0,124.2 KB,2.1 KB
759,e5/227b58,1296207,p11__deepvirfinder_pratama_cached (93),COMPLETED,0,2026-10-05 12:54:03.028,381ms,7ms,56.6%,0,0,108.4 KB,1.9 KB
763,99/b2b2f4,1296510,p16__vibrant_pratama_cached (94),COMPLETED,0,2026-10-05 12:54:03.100,354ms,31ms,53.3%,0,0,124.2 KB,2.1 KB
764,f3/ac5e32,1296521,p08__splitContigsForAmr_cached (52),COMPLETED,0,2026-10-05 12:54:03.131,332ms,38ms,43.0%,0,0,129.7 KB,1.6 KB
761,2e/7d6ba7,1296673,p11__deepvirfinder_pratama_cached (94),COMPLETED,0,2026-10-05 12:54:03.192,323ms,5ms,47.2%,0,0,108.4 KB,1.9 KB
766,b0/96fc0f,1297039,p11__deepvirfinder_pratama_cached (95),COMPLETED,0,2026-10-05 12:54:03.319,316ms,11ms,36.0%,0,0,108.4 KB,1.9 KB
767,ee/56788a,1297173,p17__virsorter2_pratama_cached (94),COMPLETED,0,2026-10-05 12:54:03.339,305ms,20ms,46.9%,0,0,124.2 KB,2.1 KB
768,19/0e2927,1297187,p16__vibrant_pratama_cached (95),COMPLETED,0,2026-10-05 12:54:03.353,318ms,15ms,37.1%,0,0,124.2 KB,2.1 KB
765,fe/b4b9a6,1296986,p18__genomad_pratama_cached (90),COMPLETED,0,2026-10-05 12:54:03.301,391ms,17ms,35.0%,0,0,130.2 KB,2.1 KB
769,b2/b27c17,1297369,p18__genomad_pratama_cached (91),COMPLETED,0,2026-10-05 12:54:03.416,319ms,31ms,50.1%,0,0,130.2 KB,2.1 KB
771,28/451a36,1297760,p17__virsorter2_pratama_cached (95),COMPLETED,0,2026-10-05 12:54:03.469,384ms,13ms,38.9%,0,0,124.2 KB,2.1 KB
772,ea/1dee98,1298120,p08__splitContigsForAmr_cached (53),COMPLETED,0,2026-10-05 12:54:03.522,353ms,42ms,19.4%,0,0,136.1 KB,1.6 KB
770,7f/f2a730,1297750,p11__deepvirfinder_pratama_cached (96),COMPLETED,0,2026-10-05 12:54:03.460,437ms,18ms,39.2%,0,0,108.4 KB,1.9 KB
774,9e/93c109,1298415,p11__deepvirfinder_pratama_cached (97),COMPLETED,0,2026-10-05 12:54:03.650,324ms,24ms,27.4%,0,0,108.4 KB,1.9 KB
773,10/e0e966,1298393,p16__vibrant_pratama_cached (96),COMPLETED,0,2026-10-05 12:54:03.642,349ms,36ms,37.2%,0,0,124.2 KB,2.1 KB
777,c8/9a46cf,1298777,p16__vibrant_pratama_cached (97),COMPLETED,0,2026-10-05 12:54:03.742,272ms,18ms,74.4%,0,0,124.2 KB,2.1 KB
776,30/1ca8da,1298576,p17__virsorter2_pratama_cached (96),COMPLETED,0,2026-10-05 12:54:03.696,309ms,13ms,83.5%,0,0,124.2 KB,2.1 KB
775,7b/701882,1298500,p18__genomad_pratama_cached (92),COMPLETED,0,2026-10-05 12:54:03.677,360ms,17ms,45.9%,0,0,130.2 KB,2.1 KB
778,d7/0f7e88,1299091,p08__splitContigsForAmr_cached (54),COMPLETED,0,2026-10-05 12:54:03.881,256ms,18ms,40.3%,0,0,129.7 KB,1.6 KB
780,a7/e6aa3d,1299160,p17__virsorter2_pratama_cached (97),COMPLETED,0,2026-10-05 12:54:03.904,275ms,42ms,20.1%,0,0,124.2 KB,2.1 KB
779,c4/0c5a05,1299084,p18__genomad_pratama_cached (93),COMPLETED,0,2026-10-05 12:54:03.874,362ms,18ms,63.5%,0,0,130.2 KB,2.1 KB
783,7a/d303c6,1299682,p11__deepvirfinder_pratama_cached (99),COMPLETED,0,2026-10-05 12:54:04.010,264ms,15ms,35.8%,0,0,108.4 KB,1.9 KB
781,eb/7fde54,1299395,p11__deepvirfinder_pratama_cached (98),COMPLETED,0,2026-10-05 12:54:03.981,327ms,5ms,50.1%,0,0,108.4 KB,1.9 KB
782,68/6ea286,1299669,p16__vibrant_pratama_cached (98),COMPLETED,0,2026-10-05 12:54:03.998,322ms,23ms,69.2%,0,0,124.2 KB,2.1 KB
784,33/c42f35,1299688,p17__virsorter2_pratama_cached (98),COMPLETED,0,2026-10-05 12:54:04.019,324ms,23ms,47.6%,0,0,124.2 KB,2.1 KB
785,89/0aad35,1299695,p18__genomad_pratama_cached (94),COMPLETED,0,2026-10-05 12:54:04.043,336ms,26ms,53.0%,0,0,130.2 KB,2.1 KB
786,cf/f1efd1,1300001,p16__vibrant_pratama_cached (99),COMPLETED,0,2026-10-05 12:54:04.145,304ms,20ms,59.5%,0,0,124.2 KB,2.1 KB
787,dc/84cfd2,1300138,p11__deepvirfinder_pratama_cached (100),COMPLETED,0,2026-10-05 12:54:04.190,311ms,7ms,52.9%,0,0,108.4 KB,1.9 KB
788,b8/183a0a,1300338,p17__virsorter2_pratama_cached (99),COMPLETED,0,2026-10-05 12:54:04.246,306ms,20ms,62.3%,0,0,124.2 KB,2.1 KB
789,c4/41be23,1300425,p08__splitContigsForAmr_cached (55),COMPLETED,0,2026-10-05 12:54:04.281,304ms,37ms,42.4%,0,0,136.1 KB,1.6 KB
790,26/c203c5,1300546,p18__genomad_pratama_cached (95),COMPLETED,0,2026-10-05 12:54:04.316,363ms,21ms,55.9%,0,0,130.2 KB,2.1 KB
791,57/585a2b,1300666,p11__deepvirfinder_pratama_cached (101),COMPLETED,0,2026-10-05 12:54:04.355,374ms,21ms,32.5%,0,0,108.4 KB,1.9 KB
792,e2/ae835f,1300607,p17__virsorter2_pratama_cached (100),COMPLETED,0,2026-10-05 12:54:04.335,381ms,16ms,31.5%,0,0,124.2 KB,2.1 KB
795,fe/ce812a,1300985,p18__genomad_pratama_cached (96),COMPLETED,0,2026-10-05 12:54:04.457,321ms,17ms,57.2%,0,0,130.2 KB,2.1 KB
793,82/a11b30,1300855,p16__vibrant_pratama_cached (100),COMPLETED,0,2026-10-05 12:54:04.386,403ms,27ms,19.8%,0,0,124.2 KB,2.1 KB
794,86/f41d7a,1301151,p11__deepvirfinder_pratama_cached (102),COMPLETED,0,2026-10-05 12:54:04.508,348ms,29ms,17.8%,0,0,108.4 KB,1.9 KB
796,46/40847d,1301383,p16__vibrant_pratama_cached (101),COMPLETED,0,2026-10-05 12:54:04.560,404ms,15ms,40.4%,0,0,124.2 KB,2.1 KB
798,ff/8f567e,1301608,p08__splitContigsForAmr_cached (56),COMPLETED,0,2026-10-05 12:54:04.685,303ms,22ms,0.0%,0,0,129.7 KB,1.6 KB
797,27/fa5d41,1301390,p17__virsorter2_pratama_cached (101),COMPLETED,0,2026-10-05 12:54:04.592,442ms,15ms,33.6%,0,0,124.2 KB,2.1 KB
799,e3/3b0b02,1301769,p16__vibrant_pratama_cached (102),COMPLETED,0,2026-10-05 12:54:04.729,329ms,19ms,36.9%,0,0,124.2 KB,2.1 KB
801,20/c3f49d,1301902,p18__genomad_pratama_cached (97),COMPLETED,0,2026-10-05 12:54:04.784,341ms,28ms,38.9%,0,0,130.2 KB,2.1 KB
800,aa/bbdec3,1301775,p11__deepvirfinder_pratama_cached (103),COMPLETED,0,2026-10-05 12:54:04.739,403ms,13ms,91.9%,0,0,108.4 KB,1.9 KB
803,20/44fb68,1302163,p17__virsorter2_pratama_cached (102),COMPLETED,0,2026-10-05 12:54:04.862,299ms,18ms,33.2%,0,0,124.2 KB,2.1 KB
802,27/e86c61,1302077,p11__deepvirfinder_pratama_cached (104),COMPLETED,0,2026-10-05 12:54:04.832,356ms,7ms,71.4%,0,0,108.4 KB,1.9 KB
804,a7/dd1d5b,1302439,p16__vibrant_pratama_cached (103),COMPLETED,0,2026-10-05 12:54:04.971,233ms,14ms,97.7%,0,0,124.2 KB,2.1 KB
805,36/4a8ca7,1302508,p18__genomad_pratama_cached (98),COMPLETED,0,2026-10-05 12:54:04.995,303ms,24ms,31.2%,0,0,130.2 KB,2.1 KB
806,a3/d2a027,1302714,p11__deepvirfinder_pratama_cached (105),COMPLETED,0,2026-10-05 12:54:05.042,302ms,13ms,52.7%,0,0,108.4 KB,1.9 KB
808,41/2c34cd,1302789,p16__vibrant_pratama_cached (104),COMPLETED,0,2026-10-05 12:54:05.065,369ms,14ms,48.1%,0,0,124.2 KB,2.1 KB
809,01/7e55ac,1303100,p08__splitContigsForAmr_cached (57),COMPLETED,0,2026-10-05 12:54:05.153,290ms,26ms,19.0%,0,0,123.6 KB,1.6 KB
810,92/8bf04e,1303125,p18__genomad_pratama_cached (99),COMPLETED,0,2026-10-05 12:54:05.167,333ms,23ms,19.7%,0,0,130.2 KB,2.1 KB
812,d8/7a286e,1303322,p16__vibrant_pratama_cached (105),COMPLETED,0,2026-10-05 12:54:05.219,293ms,21ms,55.5%,0,0,124.2 KB,2.1 KB
807,51/5f8f1f,1303013,p17__virsorter2_pratama_cached (103),COMPLETED,0,2026-10-05 12:54:05.137,398ms,24ms,61.0%,0,0,124.2 KB,2.1 KB
811,00/05de80,1303226,p11__deepvirfinder_pratama_cached (106),COMPLETED,0,2026-10-05 12:54:05.200,366ms,17ms,24.6%,0,0,108.4 KB,1.9 KB
814,2f/18df51,1303685,p18__genomad_pratama_cached (100),COMPLETED,0,2026-10-05 12:54:05.351,258ms,15ms,48.1%,0,0,130.2 KB,2.1 KB
813,4b/a44b87,1303536,p17__virsorter2_pratama_cached (104),COMPLETED,0,2026-10-05 12:54:05.307,333ms,18ms,37.2%,0,0,124.2 KB,2.1 KB
815,ac/07caf2,1303859,p08__splitContigsForAmr_cached (58),COMPLETED,0,2026-10-05 12:54:05.440,277ms,12ms,113.6%,0,0,123.6 KB,1.6 KB
818,0a/cc85a0,1304159,p17__virsorter2_pratama_cached (105),COMPLETED,0,2026-10-05 12:54:05.508,282ms,15ms,43.1%,0,0,124.2 KB,2.1 KB
816,4f/38a84e,1303905,p16__vibrant_pratama_cached (106),COMPLETED,0,2026-10-05 12:54:05.453,367ms,33ms,23.1%,0,0,124.2 KB,2.1 KB
819,ca/b64201,1304208,p17__virsorter2_pratama_cached (106),COMPLETED,0,2026-10-05 12:54:05.541,324ms,26ms,18.3%,0,0,124.2 KB,2.1 KB
820,12/37a5d6,1304312,p18__genomad_pratama_cached (102),COMPLETED,0,2026-10-05 12:54:05.575,300ms,48ms,31.4%,0,0,130.2 KB,2.1 KB
817,6b/b1ce59,1304196,p18__genomad_pratama_cached (101),COMPLETED,0,2026-10-05 12:54:05.519,385ms,52ms,29.0%,0,0,130.2 KB,2.1 KB
822,3d/4430a0,1304550,p11__deepvirfinder_pratama_cached (107),COMPLETED,0,2026-10-05 12:54:05.649,321ms,13ms,31.3%,0,0,108.4 KB,1.9 KB
821,b2/81f37e,1304484,p16__vibrant_pratama_cached (107),COMPLETED,0,2026-10-05 12:54:05.616,429ms,29ms,46.8%,0,0,124.2 KB,2.1 KB
823,6b/1366b3,1304795,p17__virsorter2_pratama_cached (107),COMPLETED,0,2026-10-05 12:54:05.725,363ms,27ms,28.2%,0,0,124.2 KB,2.1 KB
824,fe/6297dc,1305001,p08__splitContigsForAmr_cached (59),COMPLETED,0,2026-10-05 12:54:05.797,297ms,34ms,43.5%,0,0,129.7 KB,1.6 KB
825,ff/5c7b11,1305129,p16__vibrant_pratama_cached (108),COMPLETED,0,2026-10-05 12:54:05.838,324ms,32ms,24.4%,0,0,124.2 KB,2.1 KB
826,71/0ca29f,1305304,p11__deepvirfinder_pratama_cached (108),COMPLETED,0,2026-10-05 12:54:05.872,317ms,15ms,76.6%,0,0,108.4 KB,1.9 KB
827,60/64c4e3,1305319,p18__genomad_pratama_cached (103),COMPLETED,0,2026-10-05 12:54:05.881,324ms,37ms,21.5%,0,0,130.2 KB,2.1 KB
828,39/f89fe2,1305362,p17__virsorter2_pratama_cached (108),COMPLETED,0,2026-10-05 12:54:05.913,329ms,25ms,57.1%,0,0,124.2 KB,2.1 KB
829,10/3e1d99,1305802,p11__deepvirfinder_pratama_cached (109),COMPLETED,0,2026-10-05 12:54:05.979,302ms,7ms,104.1%,0,0,108.4 KB,1.9 KB
830,9b/721d48,1306067,p16__vibrant_pratama_cached (109),COMPLETED,0,2026-10-05 12:54:06.052,268ms,14ms,51.3%,0,0,124.2 KB,2.1 KB
831,24/1b1682,1306235,p11__deepvirfinder_pratama_cached (110),COMPLETED,0,2026-10-05 12:54:06.094,317ms,8ms,123.1%,0,0,108.4 KB,1.9 KB
832,61/ae7564,1306289,p18__genomad_pratama_cached (104),COMPLETED,0,2026-10-05 12:54:06.107,285ms,23ms,64.3%,0,0,130.2 KB,2.1 KB
835,43/00a1b2,1306719,p17__virsorter2_pratama_cached (109),COMPLETED,0,2026-10-05 12:54:06.212,339ms,24ms,39.4%,0,0,124.2 KB,2.1 KB
833,54/cedbd3,1306662,p08__splitContigsForAmr_cached (60),COMPLETED,0,2026-10-05 12:54:06.199,385ms,33ms,42.7%,0,0,129.7 KB,1.6 KB
834,f3/d2c526,1306529,p16__vibrant_pratama_cached (110),COMPLETED,0,2026-10-05 12:54:06.170,436ms,14ms,87.3%,0,0,124.2 KB,2.1 KB
836,fc/bc099f,1306834,p18__genomad_pratama_cached (105),COMPLETED,0,2026-10-05 12:54:06.250,381ms,22ms,62.8%,0,0,130.2 KB,2.1 KB
840,c1/a0ec52,1307320,p08__splitContigsForAmr_cached (61),COMPLETED,0,2026-10-05 12:54:06.418,287ms,23ms,57.8%,0,0,123.6 KB,1.6 KB
837,79/934014,1306946,p11__deepvirfinder_pratama_cached (111),COMPLETED,0,2026-10-05 12:54:06.288,441ms,31ms,17.5%,0,0,108.4 KB,1.9 KB
838,ca/0c5121,1307107,p17__virsorter2_pratama_cached (110),COMPLETED,0,2026-10-05 12:54:06.325,469ms,30ms,24.0%,0,0,124.2 KB,2.1 KB
839,b2/26eed3,1307276,p16__vibrant_pratama_cached (111),COMPLETED,0,2026-10-05 12:54:06.398,421ms,15ms,30.4%,0,0,124.2 KB,2.1 KB
841,d6/9475a1,1307643,p18__genomad_pratama_cached (106),COMPLETED,0,2026-10-05 12:54:06.557,296ms,13ms,50.5%,0,0,130.2 KB,2.1 KB
844,46/cb16c9,1307871,p16__vibrant_pratama_cached (112),COMPLETED,0,2026-10-05 12:54:06.613,294ms,15ms,33.6%,0,0,124.2 KB,2.1 KB
843,85/92d93a,1307731,p11__deepvirfinder_pratama_cached (112),COMPLETED,0,2026-10-05 12:54:06.591,370ms,10ms,47.8%,0,0,108.4 KB,1.9 KB
842,9c/fa2602,1307954,p17__virsorter2_pratama_cached (111),COMPLETED,0,2026-10-05 12:54:06.645,329ms,29ms,54.2%,0,0,124.2 KB,2.1 KB
845,7d/2c4c2b,1308272,p17__virsorter2_pratama_cached (112),COMPLETED,0,2026-10-05 12:54:06.756,303ms,18ms,34.7%,0,0,124.2 KB,2.1 KB
848,2c/f69da0,1308452,p18__genomad_pratama_cached (107),COMPLETED,0,2026-10-05 12:54:06.826,311ms,19ms,50.7%,0,0,130.2 KB,2.1 KB
849,ee/bdf529,1308617,p08__splitContigsForAmr_cached (62),COMPLETED,0,2026-10-05 12:54:06.866,315ms,15ms,87.3%,0,0,123.6 KB,1.6 KB
846,6d/1fdf41,1308334,p11__deepvirfinder_pratama_cached (113),COMPLETED,0,2026-10-05 12:54:06.784,415ms,7ms,52.6%,0,0,108.4 KB,1.9 KB
847,3d/9fa732,1308370,p16__vibrant_pratama_cached (113),COMPLETED,0,2026-10-05 12:54:06.801,410ms,20ms,32.4%,0,0,124.2 KB,2.1 KB
850,07/40608d,1308751,p16__vibrant_pratama_cached (114),COMPLETED,0,2026-10-05 12:54:06.913,332ms,19ms,50.1%,0,0,124.2 KB,2.1 KB
851,9e/50c1f9,1308948,p11__deepvirfinder_pratama_cached (114),COMPLETED,0,2026-10-05 12:54:06.969,297ms,6ms,42.0%,0,0,108.4 KB,1.9 KB
852,81/7262f8,1309017,p17__virsorter2_pratama_cached (113),COMPLETED,0,2026-10-05 12:54:06.986,329ms,16ms,71.2%,0,0,124.2 KB,2.1 KB
854,13/901caa,1309243,p08__splitContigsForAmr_cached (63),COMPLETED,0,2026-10-05 12:54:07.066,311ms,15ms,49.6%,0,0,129.7 KB,1.6 KB
853,aa/850024,1309425,p18__genomad_pratama_cached (108),COMPLETED,0,2026-10-05 12:54:07.144,286ms,23ms,31.5%,0,0,130.2 KB,2.1 KB
855,f3/c91a31,1309533,p16__vibrant_pratama_cached (115),COMPLETED,0,2026-10-05 12:54:07.188,310ms,15ms,44.4%,0,0,124.2 KB,2.1 KB
856,f2/7b9a23,1309673,p18__genomad_pratama_cached (109),COMPLETED,0,2026-10-05 12:54:07.210,301ms,31ms,40.7%,0,0,130.2 KB,2.1 KB
859,c6/cdd9ba,1309970,p08__splitContigsForAmr_cached (64),COMPLETED,0,2026-10-05 12:54:07.272,313ms,23ms,44.4%,0,0,123.6 KB,1.6 KB
858,6e/800453,1309797,p17__virsorter2_pratama_cached (114),COMPLETED,0,2026-10-05 12:54:07.261,355ms,19ms,32.4%,0,0,124.2 KB,2.1 KB
861,4a/364ef7,1310019,p16__vibrant_pratama_cached (116),COMPLETED,0,2026-10-05 12:54:07.322,305ms,23ms,23.4%,0,0,124.2 KB,2.1 KB
860,90/24505d,1310374,p11__deepvirfinder_pratama_cached (116),COMPLETED,0,2026-10-05 12:54:07.385,280ms,13ms,34.6%,0,0,108.4 KB,1.9 KB
857,5d/8904c0,1309685,p11__deepvirfinder_pratama_cached (115),COMPLETED,0,2026-10-05 12:54:07.221,459ms,9ms,62.1%,0,0,108.4 KB,1.9 KB
862,ed/e8c84d,1310695,p17__virsorter2_pratama_cached (115),COMPLETED,0,2026-10-05 12:54:07.437,308ms,17ms,40.5%,0,0,124.2 KB,2.1 KB
863,ce/a8a2d0,1310947,p18__genomad_pratama_cached (110),COMPLETED,0,2026-10-05 12:54:07.506,336ms,22ms,27.1%,0,0,130.2 KB,2.1 KB
864,f0/9f8391,1310990,p08__splitContigsForAmr_cached (65),COMPLETED,0,2026-10-05 12:54:07.518,339ms,18ms,30.2%,0,0,136.1 KB,1.6 KB
866,6b/d3041f,1311210,p11__deepvirfinder_pratama_cached (117),COMPLETED,0,2026-10-05 12:54:07.593,324ms,8ms,47.8%,0,0,108.4 KB,1.9 KB
868,7f/3b3978,1311510,p18__genomad_pratama_cached (111),COMPLETED,0,2026-10-05 12:54:07.674,261ms,36ms,35.2%,0,0,130.2 KB,2.1 KB
867,ba/70b512,1311406,p17__virsorter2_pratama_cached (116),COMPLETED,0,2026-10-05 12:54:07.637,349ms,25ms,20.1%,0,0,124.2 KB,2.1 KB
865,1b/1c05a4,1311305,p16__vibrant_pratama_cached (117),COMPLETED,0,2026-10-05 12:54:07.626,402ms,23ms,32.6%,0,0,124.2 KB,2.1 KB
870,54/44dc54,1311558,p11__deepvirfinder_pratama_cached (118),COMPLETED,0,2026-10-05 12:54:07.687,389ms,8ms,40.4%,0,0,108.4 KB,1.9 KB
869,4f/ecd692,1311749,p16__vibrant_pratama_cached (118),COMPLETED,0,2026-10-05 12:54:07.756,394ms,12ms,46.8%,0,0,124.2 KB,2.1 KB
871,46/8590c6,1312009,p17__virsorter2_pratama_cached (117),COMPLETED,0,2026-10-05 12:54:07.855,334ms,23ms,27.9%,0,0,124.2 KB,2.1 KB
872,52/e8a8b9,1312051,p16__vibrant_pratama_cached (119),COMPLETED,0,2026-10-05 12:54:07.873,339ms,18ms,64.9%,0,0,124.2 KB,2.1 KB
873,93/1ef760,1312285,p11__deepvirfinder_pratama_cached (119),COMPLETED,0,2026-10-05 12:54:07.931,362ms,8ms,48.1%,0,0,108.4 KB,1.9 KB
875,f9/53925d,1312483,p17__virsorter2_pratama_cached (118),COMPLETED,0,2026-10-05 12:54:07.994,315ms,16ms,87.3%,0,0,124.2 KB,2.1 KB
874,7e/f62cc1,1312346,p18__genomad_pratama_cached (112),COMPLETED,0,2026-10-05 12:54:07.950,374ms,29ms,43.4%,0,0,130.2 KB,2.1 KB
877,6e/c3fbdb,1312809,p16__vibrant_pratama_cached (120),COMPLETED,0,2026-10-05 12:54:08.082,362ms,14ms,42.0%,0,0,124.2 KB,2.1 KB
876,a7/be6117,1312609,p11__deepvirfinder_pratama_cached (120),COMPLETED,0,2026-10-05 12:54:08.034,459ms,11ms,52.9%,0,0,108.4 KB,1.9 KB
878,6a/8e081a,1313002,p18__genomad_pratama_cached (113),COMPLETED,0,2026-10-05 12:54:08.172,292ms,31ms,24.6%,0,0,130.2 KB,2.1 KB
880,69/5424fa,1313155,p16__vibrant_pratama_cached (121),COMPLETED,0,2026-10-05 12:54:08.219,337ms,22ms,20.2%,0,0,124.2 KB,2.1 KB
882,d3/e6a999,1313455,p11__deepvirfinder_pratama_cached (121),COMPLETED,0,2026-10-05 12:54:08.322,287ms,11ms,45.6%,0,0,108.4 KB,1.9 KB
879,09/44a09d,1313153,p18__genomad_pratama_cached (114),COMPLETED,0,2026-10-05 12:54:08.208,387ms,21ms,33.7%,0,0,130.2 KB,2.1 KB
883,1d/435216,1313460,p18__genomad_pratama_cached (115),COMPLETED,0,2026-10-05 12:54:08.331,302ms,33ms,40.2%,0,0,130.2 KB,2.1 KB
881,01/eced1c,1313450,p17__virsorter2_pratama_cached (119),COMPLETED,0,2026-10-05 12:54:08.309,341ms,31ms,24.1%,0,0,124.2 KB,2.1 KB
884,32/11b7fc,1313803,p16__vibrant_pratama_cached (122),COMPLETED,0,2026-10-05 12:54:08.462,320ms,24ms,59.1%,0,0,124.2 KB,2.1 KB
886,22/3986d8,1313945,p18__genomad_pratama_cached (116),COMPLETED,0,2026-10-05 12:54:08.507,288ms,25ms,30.2%,0,0,130.2 KB,2.1 KB
885,ae/c57b41,1313820,p11__deepvirfinder_pratama_cached (122),COMPLETED,0,2026-10-05 12:54:08.482,347ms,15ms,38.6%,0,0,108.4 KB,1.9 KB
887,1e/c9eab8,1314230,p17__virsorter2_pratama_cached (120),COMPLETED,0,2026-10-05 12:54:08.568,283ms,29ms,40.2%,0,0,124.2 KB,2.1 KB
888,4c/72fd6b,1314357,p16__vibrant_pratama_cached (123),COMPLETED,0,2026-10-05 12:54:08.608,269ms,17ms,80.3%,0,0,124.2 KB,2.1 KB
891,96/8e2053,1314788,p17__virsorter2_pratama_cached (121),COMPLETED,0,2026-10-05 12:54:08.666,319ms,20ms,68.8%,0,0,124.2 KB,2.1 KB
890,f3/37f8da,1314780,p18__genomad_pratama_cached (117),COMPLETED,0,2026-10-05 12:54:08.648,375ms,24ms,29.3%,0,0,130.2 KB,2.1 KB
889,7c/692fc7,1314763,p11__deepvirfinder_pratama_cached (123),COMPLETED,0,2026-10-05 12:54:08.620,456ms,14ms,43.5%,0,0,108.4 KB,1.9 KB
892,0e/51f59d,1315061,p16__vibrant_pratama_cached (124),COMPLETED,0,2026-10-05 12:54:08.794,306ms,17ms,72.3%,0,0,124.2 KB,2.1 KB
894,dd/ff6e59,1315274,p17__virsorter2_pratama_cached (122),COMPLETED,0,2026-10-05 12:54:08.849,270ms,32ms,47.4%,0,0,124.2 KB,2.1 KB
895,a5/98db99,1315340,p16__vibrant_pratama_cached (125),COMPLETED,0,2026-10-05 12:54:08.860,283ms,23ms,25.1%,0,0,124.2 KB,2.1 KB
893,a2/65ecd0,1315094,p11__deepvirfinder_pratama_cached (124),COMPLETED,0,2026-10-05 12:54:08.807,379ms,6ms,83.8%,0,0,108.4 KB,1.9 KB
896,90/de492a,1315381,p18__genomad_pratama_cached (118),COMPLETED,0,2026-10-05 12:54:08.896,330ms,32ms,46.8%,0,0,130.2 KB,2.1 KB
898,87/f59210,1315723,p17__virsorter2_pratama_cached (123),COMPLETED,0,2026-10-05 12:54:09.030,307ms,10ms,45.7%,0,0,124.2 KB,2.1 KB
897,92/186994,1315637,p11__deepvirfinder_pratama_cached (125),COMPLETED,0,2026-10-05 12:54:08.997,350ms,12ms,49.0%,0,0,108.4 KB,1.9 KB
899,38/777442,1315858,p16__vibrant_pratama_cached (126),COMPLETED,0,2026-10-05 12:54:09.083,288ms,19ms,31.7%,0,0,124.2 KB,2.1 KB
900,de/58ce05,1315891,p11__deepvirfinder_pratama_cached (126),COMPLETED,0,2026-10-05 12:54:09.106,280ms,9ms,52.6%,0,0,108.4 KB,1.9 KB
901,ca/a99d18,1315979,p18__genomad_pratama_cached (119),COMPLETED,0,2026-10-05 12:54:09.127,279ms,15ms,42.0%,0,0,130.2 KB,2.1 KB
903,03/e6dd59,1316075,p16__vibrant_pratama_cached (127),COMPLETED,0,2026-10-05 12:54:09.150,276ms,14ms,87.7%,0,0,124.2 KB,2.1 KB
904,51/ebdde7,1316220,p17__virsorter2_pratama_cached (124),COMPLETED,0,2026-10-05 12:54:09.194,260ms,15ms,41.8%,0,0,124.2 KB,2.1 KB
902,47/c6daf6,1316326,p11__deepvirfinder_pratama_cached (127),COMPLETED,0,2026-10-05 12:54:09.234,311ms,5ms,90.6%,0,0,108.4 KB,1.9 KB
907,f1/e7aec3,1316645,p18__genomad_pratama_cached (121),COMPLETED,0,2026-10-05 12:54:09.379,292ms,20ms,25.9%,0,0,130.2 KB,2.1 KB
911,3a/2cd551,1316933,p11__deepvirfinder_pratama_cached (128),COMPLETED,0,2026-10-05 12:54:09.461,223ms,7ms,62.3%,0,0,108.4 KB,1.9 KB
905,59/4702a4,1316595,p18__genomad_pratama_cached (120),COMPLETED,0,2026-10-05 12:54:09.344,349ms,21ms,34.2%,0,0,130.2 KB,2.1 KB
906,3b/44b606,1316598,p17__virsorter2_pratama_cached (125),COMPLETED,0,2026-10-05 12:54:09.353,354ms,19ms,37.2%,0,0,124.2 KB,2.1 KB
909,3f/44ba47,1316785,p18__genomad_pratama_cached (122),COMPLETED,0,2026-10-05 12:54:09.416,310ms,17ms,38.9%,0,0,130.2 KB,2.1 KB
908,c0/a0f7de,1316724,p17__virsorter2_pratama_cached (126),COMPLETED,0,2026-10-05 12:54:09.400,345ms,26ms,24.7%,0,0,124.2 KB,2.1 KB
912,9e/965998,1317249,p16__vibrant_pratama_cached (128),COMPLETED,0,2026-10-05 12:54:09.551,254ms,12ms,55.3%,0,0,124.2 KB,2.1 KB
910,98/c3416f,1316858,p17__virsorter2_pratama_cached (127),COMPLETED,0,2026-10-05 12:54:09.433,405ms,14ms,31.5%,0,0,124.2 KB,2.1 KB
914,cd/b9e81f,1317520,p17__virsorter2_pratama_cached (128),COMPLETED,0,2026-10-05 12:54:09.706,259ms,24ms,50.3%,0,0,124.2 KB,2.1 KB
913,7d/4650c5,1317398,p18__genomad_pratama_cached (123),COMPLETED,0,2026-10-05 12:54:09.682,292ms,16ms,48.0%,0,0,130.2 KB,2.1 KB
916,ce/ef5005,1317529,p16__vibrant_pratama_cached (129),COMPLETED,0,2026-10-05 12:54:09.715,279ms,22ms,29.5%,0,0,124.2 KB,2.1 KB
918,b3/2890c1,1317672,p11__deepvirfinder_pratama_cached (130),COMPLETED,0,2026-10-05 12:54:09.752,286ms,5ms,71.1%,0,0,108.4 KB,1.9 KB
919,bb/c6d5e5,1317889,p18__genomad_pratama_cached (124),COMPLETED,0,2026-10-05 12:54:09.814,242ms,20ms,74.6%,0,0,130.2 KB,2.1 KB
920,fe/ad3026,1317975,p17__virsorter2_pratama_cached (130),COMPLETED,0,2026-10-05 12:54:09.845,225ms,12ms,58.5%,0,0,124.2 KB,2.1 KB
915,05/4179e9,1317516,p11__deepvirfinder_pratama_cached (129),COMPLETED,0,2026-10-05 12:54:09.692,388ms,7ms,49.4%,0,0,108.4 KB,1.9 KB
917,ca/a41054,1317609,p17__virsorter2_pratama_cached (129),COMPLETED,0,2026-10-05 12:54:09.740,349ms,14ms,43.0%,0,0,124.2 KB,2.1 KB
921,07/29c865,1318262,p16__vibrant_pratama_cached (130),COMPLETED,0,2026-10-05 12:54:09.974,280ms,13ms,106.4%,0,0,124.2 KB,2.1 KB
923,77/2f3c2e,1318305,p16__vibrant_pratama_cached (131),COMPLETED,0,2026-10-05 12:54:10.000,275ms,13ms,38.6%,0,0,124.2 KB,2.1 KB
924,e5/7e3033,1318454,p18__genomad_pratama_cached (125),COMPLETED,0,2026-10-05 12:54:10.045,269ms,27ms,27.2%,0,0,130.2 KB,2.1 KB
922,24/6b7c7b,1318263,p11__deepvirfinder_pratama_cached (131),COMPLETED,0,2026-10-05 12:54:09.980,344ms,6ms,83.5%,0,0,108.4 KB,1.9 KB
927,a2/949bdd,1318673,p16__vibrant_pratama_cached (132),COMPLETED,0,2026-10-05 12:54:10.103,277ms,12ms,45.5%,0,0,124.2 KB,2.1 KB
925,dd/d1e93d,1318509,p17__virsorter2_pratama_cached (131),COMPLETED,0,2026-10-05 12:54:10.063,326ms,19ms,66.7%,0,0,124.2 KB,2.1 KB
1521,3f/d60404,1318659,p16__vibrant_pratama_cached (281),COMPLETED,0,2026-10-05 12:54:10.087,310ms,29ms,26.9%,0,0,124.2 KB,2.1 KB
926,bb/4b8681,1318636,p11__deepvirfinder_pratama_cached (132),COMPLETED,0,2026-10-05 12:54:10.077,388ms,5ms,75.6%,0,0,108.4 KB,1.9 KB
929,bb/7651bd,1319102,p16__vibrant_pratama_cached (133),COMPLETED,0,2026-10-05 12:54:10.280,247ms,12ms,56.6%,0,0,124.2 KB,2.1 KB
928,df/8b952a,1319057,p11__deepvirfinder_pratama_cached (133),COMPLETED,0,2026-10-05 12:54:10.262,313ms,5ms,99.5%,0,0,108.4 KB,1.9 KB
931,e4/d95759,1319261,p17__virsorter2_pratama_cached (133),COMPLETED,0,2026-10-05 12:54:10.334,259ms,20ms,74.0%,0,0,124.2 KB,2.1 KB
930,3f/9f1b01,1319217,p17__virsorter2_pratama_cached (132),COMPLETED,0,2026-10-05 12:54:10.321,300ms,12ms,106.1%,0,0,124.2 KB,2.1 KB
932,4c/72948f,1319447,p18__genomad_pratama_cached (126),COMPLETED,0,2026-10-05 12:54:10.387,268ms,15ms,39.9%,0,0,130.2 KB,2.1 KB
933,dd/d50d77,1319462,p18__genomad_pratama_cached (127),COMPLETED,0,2026-10-05 12:54:10.395,305ms,14ms,87.5%,0,0,130.2 KB,2.1 KB
936,37/a55d23,1319837,p16__vibrant_pratama_cached (134),COMPLETED,0,2026-10-05 12:54:10.534,211ms,10ms,134.7%,0,0,124.2 KB,2.1 KB
934,ff/4129a1,1319469,p11__deepvirfinder_pratama_cached (134),COMPLETED,0,2026-10-05 12:54:10.405,347ms,7ms,143.3%,0,0,108.4 KB,1.9 KB
935,10/869a50,1319694,p17__virsorter2_pratama_cached (134),COMPLETED,0,2026-10-05 12:54:10.473,310ms,11ms,0.0%,0,0,124.2 KB,2.1 KB
937,09/d3c497,1319923,p18__genomad_pratama_cached (128),COMPLETED,0,2026-10-05 12:54:10.582,251ms,17ms,41.6%,0,0,130.2 KB,2.1 KB
938,e6/75d197,1319971,p16__vibrant_pratama_cached (135),COMPLETED,0,2026-10-05 12:54:10.598,243ms,24ms,61.0%,0,0,124.2 KB,2.1 KB
939,b1/9b6611,1320050,p11__deepvirfinder_pratama_cached (135),COMPLETED,0,2026-10-05 12:54:10.627,312ms,5ms,80.0%,0,0,108.4 KB,1.9 KB
940,a6/f55fbd,1320162,p18__genomad_pratama_cached (129),COMPLETED,0,2026-10-05 12:54:10.664,315ms,13ms,49.5%,0,0,130.2 KB,2.1 KB
943,2b/3792a6,1320468,p11__deepvirfinder_pratama_cached (136),COMPLETED,0,2026-10-05 12:54:10.757,268ms,6ms,77.4%,0,0,108.4 KB,1.9 KB
942,0e/92b18e,1320459,p16__vibrant_pratama_cached (136),COMPLETED,0,2026-10-05 12:54:10.751,293ms,13ms,92.1%,0,0,124.2 KB,2.1 KB
941,26/c60ef8,1320303,p17__virsorter2_pratama_cached (135),COMPLETED,0,2026-10-05 12:54:10.711,341ms,12ms,56.5%,0,0,124.2 KB,2.1 KB
947,a4/bdf5c9,1320786,p17__virsorter2_pratama_cached (136),COMPLETED,0,2026-10-05 12:54:10.847,241ms,9ms,68.3%,0,0,124.2 KB,2.1 KB
945,79/91af9f,1320707,p16__vibrant_pratama_cached (137),COMPLETED,0,2026-10-05 12:54:10.841,268ms,10ms,66.7%,0,0,124.2 KB,2.1 KB
944,3f/fae114,1320564,p18__genomad_pratama_cached (130),COMPLETED,0,2026-10-05 12:54:10.789,333ms,14ms,96.0%,0,0,130.2 KB,2.1 KB
946,28/21a323,1321330,p11__deepvirfinder_pratama_cached (137),COMPLETED,0,2026-10-05 12:54:10.946,229ms,5ms,94.6%,0,0,108.4 KB,1.9 KB
949,10/75c5b7,1321518,p16__vibrant_pratama_cached (138),COMPLETED,0,2026-10-05 12:54:11.034,313ms,11ms,120.0%,0,0,124.2 KB,2.1 KB
952,c9/60ef6c,1321646,p18__genomad_pratama_cached (132),COMPLETED,0,2026-10-05 12:54:11.068,302ms,16ms,79.5%,0,0,130.2 KB,2.1 KB
954,6b/61b584,1321906,p17__virsorter2_pratama_cached (138),COMPLETED,0,2026-10-05 12:54:11.131,245ms,14ms,42.3%,0,0,124.2 KB,2.1 KB
948,03/4091ec,1321429,p18__genomad_pratama_cached (131),COMPLETED,0,2026-10-05 12:54:10.985,391ms,13ms,54.7%,0,0,130.2 KB,2.1 KB
953,6c/c63d48,1321825,p16__vibrant_pratama_cached (139),COMPLETED,0,2026-10-05 12:54:11.116,282ms,12ms,110.3%,0,0,124.2 KB,2.1 KB
950,24/90202d,1321628,p11__deepvirfinder_pratama_cached (138),COMPLETED,0,2026-10-05 12:54:11.050,363ms,6ms,134.3%,0,0,108.4 KB,1.9 KB
955,68/a6d5a1,1322052,p11__deepvirfinder_pratama_cached (139),COMPLETED,0,2026-10-05 12:54:11.181,291ms,5ms,91.4%,0,0,108.4 KB,1.9 KB
951,09/63bb2b,1321743,p17__virsorter2_pratama_cached (137),COMPLETED,0,2026-10-05 12:54:11.096,397ms,29ms,26.4%,0,0,124.2 KB,2.1 KB
957,6f/d22c74,1322453,p11__deepvirfinder_pratama_cached (140),COMPLETED,0,2026-10-05 12:54:11.376,289ms,7ms,58.0%,0,0,108.4 KB,1.9 KB
960,cb/c30239,1322478,p16__vibrant_pratama_cached (141),COMPLETED,0,2026-10-05 12:54:11.405,297ms,24ms,55.8%,0,0,124.2 KB,2.1 KB
956,44/59cfaa,1322260,p16__vibrant_pratama_cached (140),COMPLETED,0,2026-10-05 12:54:11.356,369ms,9ms,71.1%,0,0,124.2 KB,2.1 KB
958,c0/3ce4d0,1322470,p17__virsorter2_pratama_cached (139),COMPLETED,0,2026-10-05 12:54:11.380,353ms,22ms,63.1%,0,0,124.2 KB,2.1 KB
959,6e/ef2529,1322475,p18__genomad_pratama_cached (133),COMPLETED,0,2026-10-05 12:54:11.386,367ms,29ms,40.1%,0,0,130.2 KB,2.1 KB
961,0b/88c861,1322520,p11__deepvirfinder_pratama_cached (141),COMPLETED,0,2026-10-05 12:54:11.421,345ms,12ms,44.9%,0,0,108.4 KB,1.9 KB
962,a2/4aa877,1322738,p17__virsorter2_pratama_cached (140),COMPLETED,0,2026-10-05 12:54:11.479,335ms,11ms,41.7%,0,0,124.2 KB,2.1 KB
963,18/8e17ae,1322784,p18__genomad_pratama_cached (134),COMPLETED,0,2026-10-05 12:54:11.499,342ms,14ms,47.9%,0,0,130.2 KB,2.1 KB
964,8a/493edc,1323084,p16__vibrant_pratama_cached (142),COMPLETED,0,2026-10-05 12:54:11.671,262ms,12ms,58.9%,0,0,124.2 KB,2.1 KB
966,a5/643e46,1323207,p17__virsorter2_pratama_cached (141),COMPLETED,0,2026-10-05 12:54:11.731,232ms,13ms,48.0%,0,0,124.2 KB,2.1 KB
965,1e/6a0809,1323146,p11__deepvirfinder_pratama_cached (142),COMPLETED,0,2026-10-05 12:54:11.708,270ms,5ms,100.5%,0,0,108.4 KB,1.9 KB
967,52/c88674,1323257,p16__vibrant_pratama_cached (143),COMPLETED,0,2026-10-05 12:54:11.740,311ms,15ms,46.2%,0,0,124.2 KB,2.1 KB
969,38/a986b6,1323425,p11__deepvirfinder_pratama_cached (143),COMPLETED,0,2026-10-05 12:54:11.773,300ms,9ms,62.5%,0,0,108.4 KB,1.9 KB
968,32/9789b0,1323342,p18__genomad_pratama_cached (135),COMPLETED,0,2026-10-05 12:54:11.760,344ms,15ms,90.1%,0,0,130.2 KB,2.1 KB
970,70/58f214,1323683,p17__virsorter2_pratama_cached (142),COMPLETED,0,2026-10-05 12:54:11.849,265ms,9ms,58.7%,0,0,124.2 KB,2.1 KB
973,9b/870ace,1323970,p18__genomad_pratama_cached (136),COMPLETED,0,2026-10-05 12:54:11.968,199ms,13ms,97.2%,0,0,130.2 KB,2.1 KB
971,9e/a2ca11,1323592,p16__vibrant_pratama_cached (144),COMPLETED,0,2026-10-05 12:54:11.825,365ms,10ms,63.2%,0,0,124.2 KB,2.1 KB
972,ea/abe9c3,1323867,p11__deepvirfinder_pratama_cached (144),COMPLETED,0,2026-10-05 12:54:11.939,338ms,5ms,101.1%,0,0,108.4 KB,1.9 KB
975,57/2a7adf,1324022,p16__vibrant_pratama_cached (145),COMPLETED,0,2026-10-05 12:54:11.983,316ms,10ms,62.5%,0,0,124.2 KB,2.1 KB
978,ab/58c6d2,1324391,p16__vibrant_pratama_cached (146),COMPLETED,0,2026-10-05 12:54:12.118,235ms,25ms,31.6%,0,0,124.2 KB,2.1 KB
974,3a/5d2ebf,1324155,p17__virsorter2_pratama_cached (143),COMPLETED,0,2026-10-05 12:54:12.059,303ms,10ms,59.3%,0,0,124.2 KB,2.1 KB
977,64/0347c4,1324333,p18__genomad_pratama_cached (137),COMPLETED,0,2026-10-05 12:54:12.112,271ms,14ms,50.7%,0,0,130.2 KB,2.1 KB
976,62/33fe06,1324220,p11__deepvirfinder_pratama_cached (145),COMPLETED,0,2026-10-05 12:54:12.081,328ms,8ms,66.7%,0,0,108.4 KB,1.9 KB
980,23/2dac5a,1324593,p17__virsorter2_pratama_cached (144),COMPLETED,0,2026-10-05 12:54:12.199,218ms,11ms,53.0%,0,0,124.2 KB,2.1 KB
981,eb/6bb77f,1324766,p18__genomad_pratama_cached (138),COMPLETED,0,2026-10-05 12:54:12.283,202ms,13ms,54.9%,0,0,130.2 KB,2.1 KB
979,ce/90b9ec,1324553,p11__deepvirfinder_pratama_cached (146),COMPLETED,0,2026-10-05 12:54:12.184,330ms,9ms,64.9%,0,0,108.4 KB,1.9 KB
983,00/3808a8,1324967,p17__virsorter2_pratama_cached (145),COMPLETED,0,2026-10-05 12:54:12.359,204ms,18ms,31.8%,0,0,124.2 KB,2.1 KB
982,68/3441fc,1324832,p16__vibrant_pratama_cached (147),COMPLETED,0,2026-10-05 12:54:12.305,267ms,11ms,58.9%,0,0,124.2 KB,2.1 KB
984,77/0142bc,1325003,p11__deepvirfinder_pratama_cached (147),COMPLETED,0,2026-10-05 12:54:12.368,224ms,6ms,71.6%,0,0,108.4 KB,1.9 KB
985,3b/fb0fdf,1325079,p18__genomad_pratama_cached (139),COMPLETED,0,2026-10-05 12:54:12.389,238ms,14ms,96.7%,0,0,130.2 KB,2.1 KB
986,b1/a81315,1325233,p16__vibrant_pratama_cached (148),COMPLETED,0,2026-10-05 12:54:12.415,236ms,14ms,44.2%,0,0,124.2 KB,2.1 KB
987,50/a6d0fe,1325239,p11__deepvirfinder_pratama_cached (148),COMPLETED,0,2026-10-05 12:54:12.423,288ms,6ms,72.2%,0,0,108.4 KB,1.9 KB
988,a7/668470,1325434,p17__virsorter2_pratama_cached (146),COMPLETED,0,2026-10-05 12:54:12.492,277ms,11ms,111.0%,0,0,124.2 KB,2.1 KB
990,55/ffbf49,1325674,p11__deepvirfinder_pratama_cached (149),COMPLETED,0,2026-10-05 12:54:12.569,219ms,7ms,56.3%,0,0,108.4 KB,1.9 KB
993,19/a610b4,1325921,p11__deepvirfinder_pratama_cached (150),COMPLETED,0,2026-10-05 12:54:12.633,260ms,6ms,82.8%,0,0,108.4 KB,1.9 KB
989,1d/9b2ed1,1325532,p18__genomad_pratama_cached (140),COMPLETED,0,2026-10-05 12:54:12.520,388ms,13ms,52.7%,0,0,130.2 KB,2.1 KB
994,75/54f3db,1326006,p18__genomad_pratama_cached (141),COMPLETED,0,2026-10-05 12:54:12.660,271ms,18ms,40.2%,0,0,130.2 KB,2.1 KB
992,1f/d1e063,1325776,p17__virsorter2_pratama_cached (147),COMPLETED,0,2026-10-05 12:54:12.599,354ms,14ms,51.1%,0,0,124.2 KB,2.1 KB
995,ba/78c777,1326182,p16__vibrant_pratama_cached (150),COMPLETED,0,2026-10-05 12:54:12.724,267ms,9ms,65.8%,0,0,124.2 KB,2.1 KB
991,15/9bd2e6,1325713,p16__vibrant_pratama_cached (149),COMPLETED,0,2026-10-05 12:54:12.577,443ms,13ms,95.5%,0,0,124.2 KB,2.1 KB
997,e0/8f9d2f,1326350,p11__deepvirfinder_pratama_cached (151),COMPLETED,0,2026-10-05 12:54:12.794,306ms,5ms,0.0%,0,0,108.4 KB,1.9 KB
1001,45/612000,1326759,p16__vibrant_pratama_cached (151),COMPLETED,0,2026-10-05 12:54:12.963,202ms,11ms,63.4%,0,0,124.2 KB,2.1 KB
998,1b/ac215e,1326498,p18__genomad_pratama_cached (142),COMPLETED,0,2026-10-05 12:54:12.905,267ms,13ms,52.5%,0,0,130.2 KB,2.1 KB
996,c4/0e1957,1326298,p17__virsorter2_pratama_cached (148),COMPLETED,0,2026-10-05 12:54:12.778,417ms,9ms,142.8%,0,0,124.2 KB,2.1 KB
1000,06/945ab6,1326630,p18__genomad_pratama_cached (143),COMPLETED,0,2026-10-05 12:54:12.938,285ms,12ms,56.6%,0,0,130.2 KB,2.1 KB
999,83/fbec8e,1326538,p11__deepvirfinder_pratama_cached (152),COMPLETED,0,2026-10-05 12:54:12.915,351ms,6ms,82.1%,0,0,108.4 KB,1.9 KB
1002,fe/3ffba4,1326874,p17__virsorter2_pratama_cached (149),COMPLETED,0,2026-10-05 12:54:12.999,283ms,9ms,72.2%,0,0,124.2 KB,2.1 KB
1004,2e/fa78c9,1327253,p16__vibrant_pratama_cached (152),COMPLETED,0,2026-10-05 12:54:13.108,243ms,12ms,56.3%,0,0,124.2 KB,2.1 KB
1003,f0/9e283a,1327032,p11__deepvirfinder_pratama_cached (153),COMPLETED,0,2026-10-05 12:54:13.026,335ms,5ms,83.1%,0,0,108.4 KB,1.9 KB
1005,11/50c468,1327346,p18__genomad_pratama_cached (144),COMPLETED,0,2026-10-05 12:54:13.172,237ms,17ms,42.6%,0,0,130.2 KB,2.1 KB
1006,60/4eaf4b,1327359,p11__deepvirfinder_pratama_cached (154),COMPLETED,0,2026-10-05 12:54:13.177,275ms,7ms,59.3%,0,0,108.4 KB,1.9 KB
1008,d2/5441e2,1327651,p16__vibrant_pratama_cached (153),COMPLETED,0,2026-10-05 12:54:13.229,234ms,17ms,80.5%,0,0,124.2 KB,2.1 KB
1007,9f/b76f47,1327464,p17__virsorter2_pratama_cached (150),COMPLETED,0,2026-10-05 12:54:13.203,266ms,15ms,38.2%,0,0,124.2 KB,2.1 KB
1009,ce/3a1dd1,1327870,p18__genomad_pratama_cached (145),COMPLETED,0,2026-10-05 12:54:13.277,248ms,32ms,54.7%,0,0,130.2 KB,2.1 KB
1013,09/3644c7,1328483,p16__vibrant_pratama_cached (154),COMPLETED,0,2026-10-05 12:54:13.417,248ms,10ms,64.4%,0,0,124.2 KB,2.1 KB
1011,a4/d9ce29,1328359,p11__deepvirfinder_pratama_cached (155),COMPLETED,0,2026-10-05 12:54:13.357,347ms,6ms,77.4%,0,0,108.4 KB,1.9 KB
1012,ed/c57978,1328365,p18__genomad_pratama_cached (146),COMPLETED,0,2026-10-05 12:54:13.368,345ms,15ms,96.7%,0,0,130.2 KB,2.1 KB
1010,52/b0eefc,1327988,p17__virsorter2_pratama_cached (151),COMPLETED,0,2026-10-05 12:54:13.292,437ms,12ms,56.0%,0,0,124.2 KB,2.1 KB
1015,cf/0ac6d8,1328668,p11__deepvirfinder_pratama_cached (156),COMPLETED,0,2026-10-05 12:54:13.469,294ms,5ms,53.8%,0,0,108.4 KB,1.9 KB
1016,6b/699a95,1328677,p18__genomad_pratama_cached (147),COMPLETED,0,2026-10-05 12:54:13.474,277ms,14ms,46.5%,0,0,130.2 KB,2.1 KB
1014,8d/6d3a18,1328665,p17__virsorter2_pratama_cached (152),COMPLETED,0,2026-10-05 12:54:13.460,343ms,16ms,44.0%,0,0,124.2 KB,2.1 KB
1017,09/f773b5,1328903,p16__vibrant_pratama_cached (155),COMPLETED,0,2026-10-05 12:54:13.531,300ms,11ms,117.4%,0,0,124.2 KB,2.1 KB
1018,67/38af82,1329097,p17__virsorter2_pratama_cached (153),COMPLETED,0,2026-10-05 12:54:13.671,257ms,11ms,63.0%,0,0,124.2 KB,2.1 KB
1019,7e/47473d,1329184,p11__deepvirfinder_pratama_cached (157),COMPLETED,0,2026-10-05 12:54:13.711,314ms,9ms,59.3%,0,0,108.4 KB,1.9 KB
1020,57/611df1,1329205,p18__genomad_pratama_cached (148),COMPLETED,0,2026-10-05 12:54:13.717,318ms,15ms,37.4%,0,0,130.2 KB,2.1 KB
1022,6b/2764d1,1329359,p17__virsorter2_pratama_cached (154),COMPLETED,0,2026-10-05 12:54:13.761,281ms,14ms,41.2%,0,0,124.2 KB,2.1 KB
1024,60/45e5a7,1329411,p11__deepvirfinder_pratama_cached (158),COMPLETED,0,2026-10-05 12:54:13.772,277ms,7ms,42.3%,0,0,108.4 KB,1.9 KB
1025,63/afddc6,1329527,p16__vibrant_pratama_cached (157),COMPLETED,0,2026-10-05 12:54:13.809,248ms,14ms,43.8%,0,0,124.2 KB,2.1 KB
1021,dd/217367,1329262,p16__vibrant_pratama_cached (156),COMPLETED,0,2026-10-05 12:54:13.735,430ms,18ms,36.8%,0,0,124.2 KB,2.1 KB
1023,62/84ccd5,1329672,p18__genomad_pratama_cached (149),COMPLETED,0,2026-10-05 12:54:13.839,348ms,11ms,59.1%,0,0,130.2 KB,2.1 KB
1026,4d/bf7ab5,1329892,p18__genomad_pratama_cached (150),COMPLETED,0,2026-10-05 12:54:13.934,303ms,8ms,71.6%,0,0,130.2 KB,2.1 KB
1027,ba/a73078,1330033,p17__virsorter2_pratama_cached (155),COMPLETED,0,2026-10-05 12:54:14.031,245ms,13ms,105.8%,0,0,124.2 KB,2.1 KB
1030,53/015291,1330173,p17__virsorter2_pratama_cached (156),COMPLETED,0,2026-10-05 12:54:14.056,256ms,18ms,36.0%,0,0,124.2 KB,2.1 KB
1029,2d/bbe785,1330164,p16__vibrant_pratama_cached (158),COMPLETED,0,2026-10-05 12:54:14.047,294ms,19ms,38.6%,0,0,124.2 KB,2.1 KB
1031,54/3a4ba1,1330184,p11__deepvirfinder_pratama_cached (160),COMPLETED,0,2026-10-05 12:54:14.064,292ms,7ms,36.2%,0,0,108.4 KB,1.9 KB
1028,76/1d792b,1330159,p11__deepvirfinder_pratama_cached (159),COMPLETED,0,2026-10-05 12:54:14.040,326ms,10ms,53.8%,0,0,108.4 KB,1.9 KB
1032,cf/cbdbcd,1330424,p18__genomad_pratama_cached (151),COMPLETED,0,2026-10-05 12:54:14.172,253ms,12ms,112.0%,0,0,130.2 KB,2.1 KB
1034,a0/9ab732,1330689,p11__deepvirfinder_pratama_cached (161),COMPLETED,0,2026-10-05 12:54:14.261,222ms,5ms,83.5%,0,0,108.4 KB,1.9 KB
1033,63/cf4759,1330541,p17__virsorter2_pratama_cached (157),COMPLETED,0,2026-10-05 12:54:14.193,330ms,9ms,67.6%,0,0,124.2 KB,2.1 KB
1035,35/898913,1330771,p16__vibrant_pratama_cached (159),COMPLETED,0,2026-10-05 12:54:14.283,262ms,9ms,136.7%,0,0,124.2 KB,2.1 KB
1036,12/efb545,1330896,p18__genomad_pratama_cached (152),COMPLETED,0,2026-10-05 12:54:14.319,259ms,11ms,45.3%,0,0,130.2 KB,2.1 KB
1037,47/995de5,1330955,p11__deepvirfinder_pratama_cached (162),COMPLETED,0,2026-10-05 12:54:14.349,267ms,9ms,59.3%,0,0,108.4 KB,1.9 KB
1039,20/87c306,1331074,p16__vibrant_pratama_cached (160),COMPLETED,0,2026-10-05 12:54:14.372,269ms,11ms,101.6%,0,0,124.2 KB,2.1 KB
1040,88/e48c6c,1331251,p17__virsorter2_pratama_cached (159),COMPLETED,0,2026-10-05 12:54:14.432,226ms,9ms,71.9%,0,0,124.2 KB,2.1 KB
1038,cf/03266c,1331073,p17__virsorter2_pratama_cached (158),COMPLETED,0,2026-10-05 12:54:14.362,306ms,13ms,48.5%,0,0,124.2 KB,2.1 KB
1041,13/6b9d7e,1331425,p11__deepvirfinder_pratama_cached (163),COMPLETED,0,2026-10-05 12:54:14.489,199ms,4ms,91.9%,0,0,108.4 KB,1.9 KB
1043,b0/90a870,1331569,p16__vibrant_pratama_cached (161),COMPLETED,0,2026-10-05 12:54:14.550,207ms,9ms,62.7%,0,0,124.2 KB,2.1 KB
1042,60/ab2d2c,1331493,p18__genomad_pratama_cached (153),COMPLETED,0,2026-10-05 12:54:14.527,288ms,10ms,61.5%,0,0,130.2 KB,2.1 KB
1046,1f/4050c3,1331846,p18__genomad_pratama_cached (154),COMPLETED,0,2026-10-05 12:54:14.646,205ms,13ms,37.1%,0,0,130.2 KB,2.1 KB
1044,4d/797f27,1331672,p11__deepvirfinder_pratama_cached (164),COMPLETED,0,2026-10-05 12:54:14.583,290ms,6ms,0.0%,0,0,108.4 KB,1.9 KB
1047,38/981871,1331930,p16__vibrant_pratama_cached (162),COMPLETED,0,2026-10-05 12:54:14.664,253ms,11ms,69.7%,0,0,124.2 KB,2.1 KB
1045,b9/aa709f,1331778,p17__virsorter2_pratama_cached (160),COMPLETED,0,2026-10-05 12:54:14.624,314ms,12ms,109.7%,0,0,124.2 KB,2.1 KB
1048,06/4a69ee,1331986,p11__deepvirfinder_pratama_cached (165),COMPLETED,0,2026-10-05 12:54:14.673,274ms,12ms,47.8%,0,0,108.4 KB,1.9 KB
1049,b1/a82f29,1332065,p17__virsorter2_pratama_cached (161),COMPLETED,0,2026-10-05 12:54:14.693,268ms,10ms,116.4%,0,0,124.2 KB,2.1 KB
1050,cd/d74834,1332270,p16__vibrant_pratama_cached (163),COMPLETED,0,2026-10-05 12:54:14.767,291ms,9ms,57.5%,0,0,124.2 KB,2.1 KB
1051,7e/11f2c3,1332424,p18__genomad_pratama_cached (155),COMPLETED,0,2026-10-05 12:54:14.831,291ms,12ms,116.0%,0,0,130.2 KB,2.1 KB
1054,d0/681455,1332677,p16__vibrant_pratama_cached (164),COMPLETED,0,2026-10-05 12:54:14.922,223ms,10ms,58.5%,0,0,124.2 KB,2.1 KB
1055,10/a0f7a4,1332758,p11__deepvirfinder_pratama_cached (167),COMPLETED,0,2026-10-05 12:54:14.944,244ms,9ms,52.6%,0,0,108.4 KB,1.9 KB
1052,e9/651502,1332500,p11__deepvirfinder_pratama_cached (166),COMPLETED,0,2026-10-05 12:54:14.856,374ms,5ms,91.4%,0,0,108.4 KB,1.9 KB
1057,97/8d41e1,1332869,p18__genomad_pratama_cached (156),COMPLETED,0,2026-10-05 12:54:14.967,278ms,10ms,59.4%,0,0,130.2 KB,2.1 KB
1053,b1/33619f,1332583,p17__virsorter2_pratama_cached (162),COMPLETED,0,2026-10-05 12:54:14.878,384ms,10ms,62.3%,0,0,124.2 KB,2.1 KB
1058,2b/8977fe,1333108,p16__vibrant_pratama_cached (165),COMPLETED,0,2026-10-05 12:54:15.064,251ms,10ms,130.2%,0,0,124.2 KB,2.1 KB
1056,ed/c45b98,1332822,p17__virsorter2_pratama_cached (163),COMPLETED,0,2026-10-05 12:54:14.952,371ms,9ms,118.2%,0,0,124.2 KB,2.1 KB
1059,dc/c997b1,1333239,p17__virsorter2_pratama_cached (164),COMPLETED,0,2026-10-05 12:54:15.127,249ms,8ms,43.8%,0,0,124.2 KB,2.1 KB
1060,75/35da4c,1333298,p11__deepvirfinder_pratama_cached (168),COMPLETED,0,2026-10-05 12:54:15.152,233ms,5ms,76.5%,0,0,108.4 KB,1.9 KB
1061,e8/fd6111,1333426,p18__genomad_pratama_cached (157),COMPLETED,0,2026-10-05 12:54:15.194,230ms,13ms,107.9%,0,0,130.2 KB,2.1 KB
1064,fa/ce96e5,1333657,p11__deepvirfinder_pratama_cached (169),COMPLETED,0,2026-10-05 12:54:15.267,226ms,5ms,83.5%,0,0,108.4 KB,1.9 KB
1062,c1/a89018,1333507,p16__vibrant_pratama_cached (166),COMPLETED,0,2026-10-05 12:54:15.235,278ms,10ms,108.8%,0,0,124.2 KB,2.1 KB
1063,93/e47013,1333552,p17__virsorter2_pratama_cached (165),COMPLETED,0,2026-10-05 12:54:15.250,289ms,10ms,58.9%,0,0,124.2 KB,2.1 KB
1066,d0/886fde,1333818,p17__virsorter2_pratama_cached (166),COMPLETED,0,2026-10-05 12:54:15.327,296ms,23ms,64.4%,0,0,124.2 KB,2.1 KB
1065,92/ab47c3,1333814,p16__vibrant_pratama_cached (167),COMPLETED,0,2026-10-05 12:54:15.321,318ms,10ms,56.0%,0,0,124.2 KB,2.1 KB
1067,97/165d90,1334012,p18__genomad_pratama_cached (158),COMPLETED,0,2026-10-05 12:54:15.382,274ms,9ms,63.6%,0,0,130.2 KB,2.1 KB
1069,8f/579002,1334159,p17__virsorter2_pratama_cached (167),COMPLETED,0,2026-10-05 12:54:15.430,232ms,10ms,125.5%,0,0,124.2 KB,2.1 KB
1068,17/90b3f1,1334070,p16__vibrant_pratama_cached (168),COMPLETED,0,2026-10-05 12:54:15.392,324ms,14ms,90.8%,0,0,124.2 KB,2.1 KB
1071,d6/31ed1c,1334388,p17__virsorter2_pratama_cached (168),COMPLETED,0,2026-10-05 12:54:15.518,222ms,11ms,101.1%,0,0,124.2 KB,2.1 KB
1070,36/007592,1334351,p16__vibrant_pratama_cached (169),COMPLETED,0,2026-10-05 12:54:15.499,281ms,12ms,57.7%,0,0,124.2 KB,2.1 KB
1072,e5/afa3aa,1334512,p18__genomad_pratama_cached (159),COMPLETED,0,2026-10-05 12:54:15.545,259ms,11ms,120.4%,0,0,130.2 KB,2.1 KB
1076,45/6c0d31,1334869,p18__genomad_pratama_cached (162),COMPLETED,0,2026-10-05 12:54:15.667,191ms,9ms,119.6%,0,0,130.2 KB,2.1 KB
1075,1c/b3207c,1334800,p18__genomad_pratama_cached (161),COMPLETED,0,2026-10-05 12:54:15.660,236ms,24ms,67.1%,0,0,130.2 KB,2.1 KB
1074,77/46dcce,1334712,p18__genomad_pratama_cached (160),COMPLETED,0,2026-10-05 12:54:15.644,259ms,10ms,56.3%,0,0,130.2 KB,2.1 KB
1073,60/6ca58c,1334660,p17__virsorter2_pratama_cached (169),COMPLETED,0,2026-10-05 12:54:15.628,293ms,12ms,50.7%,0,0,124.2 KB,2.1 KB
1077,18/fa2b01,1335010,p18__genomad_pratama_cached (163),COMPLETED,0,2026-10-05 12:54:15.721,236ms,11ms,59.6%,0,0,130.2 KB,2.1 KB
1078,af/fcc8a1,1335102,p18__genomad_pratama_cached (164),COMPLETED,0,2026-10-05 12:54:15.745,252ms,12ms,53.9%,0,0,130.2 KB,2.1 KB
1080,92/77a3ef,1335330,p16__vibrant_pratama_cached (170),COMPLETED,0,2026-10-05 12:54:15.809,266ms,9ms,68.3%,0,0,124.2 KB,2.1 KB
1082,d6/69fcd4,1335593,p11__deepvirfinder_pratama_cached (171),COMPLETED,0,2026-10-05 12:54:15.901,244ms,9ms,57.7%,0,0,108.4 KB,1.9 KB
1084,8b/1a2230,1335836,p17__virsorter2_pratama_cached (171),COMPLETED,0,2026-10-05 12:54:15.966,198ms,9ms,132.0%,0,0,124.2 KB,2.1 KB
1079,4e/ec471d,1335264,p11__deepvirfinder_pratama_cached (170),COMPLETED,0,2026-10-05 12:54:15.785,386ms,5ms,77.7%,0,0,108.4 KB,1.9 KB
1083,41/d4f614,1335707,p18__genomad_pratama_cached (165),COMPLETED,0,2026-10-05 12:54:15.914,263ms,16ms,43.3%,0,0,130.2 KB,2.1 KB
1081,63/4e597b,1335488,p17__virsorter2_pratama_cached (170),COMPLETED,0,2026-10-05 12:54:15.864,321ms,11ms,58.9%,0,0,124.2 KB,2.1 KB
1085,6e/b90016,1335715,p16__vibrant_pratama_cached (171),COMPLETED,0,2026-10-05 12:54:15.925,312ms,16ms,72.3%,0,0,124.2 KB,2.1 KB
1086,99/d3052a,1335962,p18__genomad_pratama_cached (166),COMPLETED,0,2026-10-05 12:54:16.002,271ms,13ms,108.2%,0,0,130.2 KB,2.1 KB
1087,63/f193a1,1336161,p18__genomad_pratama_cached (167),COMPLETED,0,2026-10-05 12:54:16.080,218ms,10ms,62.5%,0,0,130.2 KB,2.1 KB
1091,89/a95a27,1336496,p17__virsorter2_pratama_cached (172),COMPLETED,0,2026-10-05 12:54:16.183,276ms,14ms,48.0%,0,0,124.2 KB,2.1 KB
1088,e9/230b14,1336281,p18__genomad_pratama_cached (168),COMPLETED,0,2026-10-05 12:54:16.150,324ms,12ms,119.6%,0,0,130.2 KB,2.1 KB
1092,55/c50894,1336510,p18__genomad_pratama_cached (170),COMPLETED,0,2026-10-05 12:54:16.190,285ms,17ms,43.5%,0,0,130.2 KB,2.1 KB
1090,ca/32f0ab,1336487,p11__deepvirfinder_pratama_cached (172),COMPLETED,0,2026-10-05 12:54:16.175,325ms,6ms,68.1%,0,0,108.4 KB,1.9 KB
1094,29/e05531,1337218,p16__vibrant_pratama_cached (172),COMPLETED,0,2026-10-05 12:54:16.278,228ms,11ms,52.9%,0,0,124.2 KB,2.1 KB
1093,f2/bb03e0,1336875,p11__deepvirfinder_pratama_cached (173),COMPLETED,0,2026-10-05 12:54:16.245,261ms,5ms,104.3%,0,0,108.4 KB,1.9 KB
1089,f5/2165e0,1336333,p18__genomad_pratama_cached (169),COMPLETED,0,2026-10-05 12:54:16.168,358ms,11ms,56.6%,0,0,130.2 KB,2.1 KB
1095,e7/8e06ad,1337611,p17__virsorter2_pratama_cached (173),COMPLETED,0,2026-10-05 12:54:16.303,303ms,11ms,112.9%,0,0,124.2 KB,2.1 KB
1096,0e/2d3949,1337883,p18__genomad_pratama_cached (171),COMPLETED,0,2026-10-05 12:54:16.474,220ms,14ms,91.2%,0,0,130.2 KB,2.1 KB
1098,55/935ea3,1337929,p16__vibrant_pratama_cached (173),COMPLETED,0,2026-10-05 12:54:16.484,269ms,18ms,35.4%,0,0,124.2 KB,2.1 KB
1097,09/c2db31,1337918,p11__deepvirfinder_pratama_cached (174),COMPLETED,0,2026-10-05 12:54:16.479,299ms,7ms,66.2%,0,0,108.4 KB,1.9 KB
1101,0f/0405db,1338149,p16__vibrant_pratama_cached (174),COMPLETED,0,2026-10-05 12:54:16.511,286ms,17ms,74.3%,0,0,124.2 KB,2.1 KB
1100,e0/f33b21,1338162,p17__virsorter2_pratama_cached (174),COMPLETED,0,2026-10-05 12:54:16.519,295ms,22ms,30.3%,0,0,124.2 KB,2.1 KB
1103,a0/2924e5,1338482,p11__deepvirfinder_pratama_cached (176),COMPLETED,0,2026-10-05 12:54:16.612,208ms,5ms,91.4%,0,0,108.4 KB,1.9 KB
1102,dd/46263c,1338172,p11__deepvirfinder_pratama_cached (175),COMPLETED,0,2026-10-05 12:54:16.531,305ms,11ms,90.4%,0,0,108.4 KB,1.9 KB
1099,4d/7c4792,1338137,p18__genomad_pratama_cached (172),COMPLETED,0,2026-10-05 12:54:16.507,415ms,22ms,62.5%,0,0,130.2 KB,2.1 KB
1104,1e/e92d54,1338666,p16__vibrant_pratama_cached (175),COMPLETED,0,2026-10-05 12:54:16.699,278ms,8ms,74.1%,0,0,124.2 KB,2.1 KB
1106,35/a25b6d,1338845,p18__genomad_pratama_cached (173),COMPLETED,0,2026-10-05 12:54:16.783,250ms,12ms,49.0%,0,0,130.2 KB,2.1 KB
1107,21/16da9b,1338923,p16__vibrant_pratama_cached (176),COMPLETED,0,2026-10-05 12:54:16.802,249ms,13ms,36.2%,0,0,124.2 KB,2.1 KB
1105,1e/01d936,1338777,p17__virsorter2_pratama_cached (175),COMPLETED,0,2026-10-05 12:54:16.759,340ms,8ms,77.1%,0,0,124.2 KB,2.1 KB
1108,9e/10bcc6,1338986,p11__deepvirfinder_pratama_cached (177),COMPLETED,0,2026-10-05 12:54:16.819,297ms,8ms,58.9%,0,0,108.4 KB,1.9 KB
1110,96/5f3d21,1339082,p16__vibrant_pratama_cached (177),COMPLETED,0,2026-10-05 12:54:16.824,285ms,15ms,81.0%,0,0,124.2 KB,2.1 KB
1109,5f/c47bed,1339084,p18__genomad_pratama_cached (174),COMPLETED,0,2026-10-05 12:54:16.829,300ms,19ms,59.4%,0,0,130.2 KB,2.1 KB
1111,3a/29f8ee,1339094,p17__virsorter2_pratama_cached (176),COMPLETED,0,2026-10-05 12:54:16.840,310ms,13ms,86.1%,0,0,124.2 KB,2.1 KB
1113,1b/5d2749,1339546,p18__genomad_pratama_cached (175),COMPLETED,0,2026-10-05 12:54:16.983,224ms,10ms,64.4%,0,0,130.2 KB,2.1 KB
1112,fd/3530f8,1339372,p11__deepvirfinder_pratama_cached (178),COMPLETED,0,2026-10-05 12:54:16.930,296ms,6ms,68.3%,0,0,108.4 KB,1.9 KB
1115,d8/fcdb31,1339711,p16__vibrant_pratama_cached (178),COMPLETED,0,2026-10-05 12:54:17.055,281ms,9ms,68.3%,0,0,124.2 KB,2.1 KB
1118,a9/fec778,1339932,p17__virsorter2_pratama_cached (178),COMPLETED,0,2026-10-05 12:54:17.121,240ms,15ms,35.6%,0,0,124.2 KB,2.1 KB
1116,08/678bc2,1339860,p18__genomad_pratama_cached (176),COMPLETED,0,2026-10-05 12:54:17.105,272ms,14ms,80.8%,0,0,130.2 KB,2.1 KB
1117,97/030075,1339931,p11__deepvirfinder_pratama_cached (179),COMPLETED,0,2026-10-05 12:54:17.114,288ms,12ms,47.3%,0,0,108.4 KB,1.9 KB
1114,62/85501d,1339633,p17__virsorter2_pratama_cached (177),COMPLETED,0,2026-10-05 12:54:17.038,360ms,10ms,125.9%,0,0,124.2 KB,2.1 KB
1119,de/ce751f,1339961,p18__genomad_pratama_cached (177),COMPLETED,0,2026-10-05 12:54:17.134,297ms,24ms,31.3%,0,0,130.2 KB,2.1 KB
1120,b7/eb3699,1340066,p16__vibrant_pratama_cached (179),COMPLETED,0,2026-10-05 12:54:17.156,285ms,11ms,53.3%,0,0,124.2 KB,2.1 KB
1121,78/12b2ca,1340270,p11__deepvirfinder_pratama_cached (180),COMPLETED,0,2026-10-05 12:54:17.212,297ms,6ms,76.8%,0,0,108.4 KB,1.9 KB
1122,d7/eb4d03,1340350,p16__vibrant_pratama_cached (180),COMPLETED,0,2026-10-05 12:54:17.232,300ms,18ms,44.2%,0,0,124.2 KB,2.1 KB
1125,06/35ed41,1340839,p17__virsorter2_pratama_cached (179),COMPLETED,0,2026-10-05 12:54:17.383,227ms,15ms,45.3%,0,0,124.2 KB,2.1 KB
1124,30/aa54f7,1340579,p11__deepvirfinder_pratama_cached (181),COMPLETED,0,2026-10-05 12:54:17.341,290ms,5ms,98.0%,0,0,108.4 KB,1.9 KB
1123,2d/0dcf62,1340658,p18__genomad_pratama_cached (178),COMPLETED,0,2026-10-05 12:54:17.365,274ms,10ms,123.5%,0,0,130.2 KB,2.1 KB
1126,b2/392caf,1341055,p18__genomad_pratama_cached (179),COMPLETED,0,2026-10-05 12:54:17.402,265ms,40ms,42.1%,0,0,130.2 KB,2.1 KB
1127,9c/a3d433,1341056,p16__vibrant_pratama_cached (181),COMPLETED,0,2026-10-05 12:54:17.407,268ms,13ms,43.5%,0,0,124.2 KB,2.1 KB
1128,7f/811b62,1341119,p11__deepvirfinder_pratama_cached (182),COMPLETED,0,2026-10-05 12:54:17.437,255ms,10ms,47.6%,0,0,108.4 KB,1.9 KB
1130,c4/02f529,1341399,p18__genomad_pratama_cached (180),COMPLETED,0,2026-10-05 12:54:17.515,214ms,11ms,95.8%,0,0,130.2 KB,2.1 KB
1129,6f/41ec57,1341170,p17__virsorter2_pratama_cached (180),COMPLETED,0,2026-10-05 12:54:17.447,295ms,26ms,28.1%,0,0,124.2 KB,2.1 KB
1131,1d/7b0004,1341489,p11__deepvirfinder_pratama_cached (183),COMPLETED,0,2026-10-05 12:54:17.538,233ms,7ms,67.8%,0,0,108.4 KB,1.9 KB
1133,dd/d10e53,1341776,p17__virsorter2_pratama_cached (181),COMPLETED,0,2026-10-05 12:54:17.636,220ms,11ms,115.3%,0,0,124.2 KB,2.1 KB
1132,ed/b6d952,1341655,p16__vibrant_pratama_cached (182),COMPLETED,0,2026-10-05 12:54:17.615,283ms,9ms,71.1%,0,0,124.2 KB,2.1 KB
1134,4d/e0bd00,1341785,p18__genomad_pratama_cached (181),COMPLETED,0,2026-10-05 12:54:17.644,275ms,15ms,79.8%,0,0,130.2 KB,2.1 KB
1137,e5/488adb,1342010,p16__vibrant_pratama_cached (183),COMPLETED,0,2026-10-05 12:54:17.698,248ms,22ms,61.5%,0,0,124.2 KB,2.1 KB
1139,5d/ae0c82,1342293,p18__genomad_pratama_cached (182),COMPLETED,0,2026-10-05 12:54:17.747,214ms,12ms,29.0%,0,0,130.2 KB,2.1 KB
1141,a5/7120ce,1342319,p16__vibrant_pratama_cached (184),COMPLETED,0,2026-10-05 12:54:17.776,243ms,18ms,75.3%,0,0,124.2 KB,2.1 KB
1136,0a/35a10a,1341961,p17__virsorter2_pratama_cached (182),COMPLETED,0,2026-10-05 12:54:17.679,346ms,15ms,36.3%,0,0,124.2 KB,2.1 KB
1138,0b/125bbd,1342130,p11__deepvirfinder_pratama_cached (185),COMPLETED,0,2026-10-05 12:54:17.735,323ms,12ms,43.5%,0,0,108.4 KB,1.9 KB
1135,f1/2f49cf,1341957,p11__deepvirfinder_pratama_cached (184),COMPLETED,0,2026-10-05 12:54:17.673,401ms,6ms,69.3%,0,0,108.4 KB,1.9 KB
1140,dc/50d11b,1342552,p17__virsorter2_pratama_cached (183),COMPLETED,0,2026-10-05 12:54:17.862,251ms,11ms,66.0%,0,0,124.2 KB,2.1 KB
1143,f8/adc147,1342780,p11__deepvirfinder_pratama_cached (186),COMPLETED,0,2026-10-05 12:54:17.928,231ms,10ms,0.0%,0,0,108.4 KB,1.9 KB
1142,7d/0d95b9,1342711,p18__genomad_pratama_cached (183),COMPLETED,0,2026-10-05 12:54:17.903,312ms,10ms,66.7%,0,0,130.2 KB,2.1 KB
1144,bd/82bbd8,1342860,p16__vibrant_pratama_cached (185),COMPLETED,0,2026-10-05 12:54:17.950,297ms,10ms,59.3%,0,0,124.2 KB,2.1 KB
1145,28/b65444,1342924,p17__virsorter2_pratama_cached (184),COMPLETED,0,2026-10-05 12:54:17.965,295ms,10ms,59.4%,0,0,124.2 KB,2.1 KB
1146,b1/156c2b,1343159,p11__deepvirfinder_pratama_cached (187),COMPLETED,0,2026-10-05 12:54:18.024,275ms,7ms,71.6%,0,0,108.4 KB,1.9 KB
1148,5b/03b58f,1343282,p17__virsorter2_pratama_cached (185),COMPLETED,0,2026-10-05 12:54:18.068,256ms,11ms,55.3%,0,0,124.2 KB,2.1 KB
1147,ed/0b8c3a,1343166,p18__genomad_pratama_cached (184),COMPLETED,0,2026-10-05 12:54:18.029,318ms,18ms,41.7%,0,0,130.2 KB,2.1 KB
1150,10/4c47ea,1343467,p18__genomad_pratama_cached (185),COMPLETED,0,2026-10-05 12:54:18.123,233ms,17ms,83.7%,0,0,130.2 KB,2.1 KB
1149,0e/db068d,1343345,p16__vibrant_pratama_cached (186),COMPLETED,0,2026-10-05 12:54:18.079,316ms,16ms,83.3%,0,0,124.2 KB,2.1 KB
1153,83/98aca1,1343849,p16__vibrant_pratama_cached (187),COMPLETED,0,2026-10-05 12:54:18.252,197ms,10ms,55.8%,0,0,124.2 KB,2.1 KB
1152,cd/18a848,1343604,p17__virsorter2_pratama_cached (186),COMPLETED,0,2026-10-05 12:54:18.165,294ms,9ms,143.8%,0,0,124.2 KB,2.1 KB
1151,79/510d6c,1343732,p11__deepvirfinder_pratama_cached (188),COMPLETED,0,2026-10-05 12:54:18.220,308ms,5ms,100.0%,0,0,108.4 KB,1.9 KB
1154,97/fd86d8,1343883,p11__deepvirfinder_pratama_cached (189),COMPLETED,0,2026-10-05 12:54:18.264,341ms,14ms,48.1%,0,0,108.4 KB,1.9 KB
1155,2c/1bd881,1344021,p16__vibrant_pratama_cached (188),COMPLETED,0,2026-10-05 12:54:18.305,309ms,12ms,110.7%,0,0,124.2 KB,2.1 KB
1156,1d/0ae839,1344063,p18__genomad_pratama_cached (186),COMPLETED,0,2026-10-05 12:54:18.330,302ms,16ms,77.1%,0,0,130.2 KB,2.1 KB
1157,1f/a097a2,1344180,p17__virsorter2_pratama_cached (187),COMPLETED,0,2026-10-05 12:54:18.354,307ms,19ms,38.4%,0,0,124.2 KB,2.1 KB
1160,21/144b31,1344554,p18__genomad_pratama_cached (187),COMPLETED,0,2026-10-05 12:54:18.455,215ms,15ms,49.4%,0,0,130.2 KB,2.1 KB
1159,28/a7ba8d,1344407,p16__vibrant_pratama_cached (189),COMPLETED,0,2026-10-05 12:54:18.403,316ms,11ms,119.6%,0,0,124.2 KB,2.1 KB
1158,6e/79b352,1344228,p11__deepvirfinder_pratama_cached (190),COMPLETED,0,2026-10-05 12:54:18.362,375ms,6ms,36.9%,0,0,108.4 KB,1.9 KB
1161,37/6f6c9c,1344616,p11__deepvirfinder_pratama_cached (191),COMPLETED,0,2026-10-05 12:54:18.466,297ms,6ms,83.7%,0,0,108.4 KB,1.9 KB
1162,31/d404da,1344789,p17__virsorter2_pratama_cached (188),COMPLETED,0,2026-10-05 12:54:18.533,240ms,8ms,84.2%,0,0,124.2 KB,2.1 KB
1163,19/41fac3,1345278,p16__vibrant_pratama_cached (190),COMPLETED,0,2026-10-05 12:54:18.612,223ms,10ms,126.3%,0,0,124.2 KB,2.1 KB
1165,c5/9c9675,1345405,p18__genomad_pratama_cached (188),COMPLETED,0,2026-10-05 12:54:18.637,234ms,14ms,48.2%,0,0,130.2 KB,2.1 KB
1167,2a/2884ac,1345576,p16__vibrant_pratama_cached (191),COMPLETED,0,2026-10-05 12:54:18.675,283ms,12ms,99.7%,0,0,124.2 KB,2.1 KB
1166,5e/9318d6,1345529,p17__virsorter2_pratama_cached (189),COMPLETED,0,2026-10-05 12:54:18.666,321ms,13ms,92.8%,0,0,124.2 KB,2.1 KB
1164,23/e8c664,1345310,p11__deepvirfinder_pratama_cached (192),COMPLETED,0,2026-10-05 12:54:18.619,411ms,6ms,77.1%,0,0,108.4 KB,1.9 KB
1169,f5/2884ec,1345806,p17__virsorter2_pratama_cached (190),COMPLETED,0,2026-10-05 12:54:18.742,313ms,16ms,41.6%,0,0,124.2 KB,2.1 KB
1171,80/00b87c,1345946,p18__genomad_pratama_cached (190),COMPLETED,0,2026-10-05 12:54:18.779,282ms,14ms,50.7%,0,0,130.2 KB,2.1 KB
1168,f5/e1f590,1345798,p18__genomad_pratama_cached (189),COMPLETED,0,2026-10-05 12:54:18.728,340ms,17ms,40.0%,0,0,130.2 KB,2.1 KB
1173,c4/ce8e7a,1346309,p18__genomad_pratama_cached (191),COMPLETED,0,2026-10-05 12:54:18.884,232ms,9ms,72.5%,0,0,130.2 KB,2.1 KB
1170,6d/cc6b96,1345892,p16__vibrant_pratama_cached (192),COMPLETED,0,2026-10-05 12:54:18.768,376ms,12ms,52.6%,0,0,124.2 KB,2.1 KB
1174,39/38d27c,1346459,p11__deepvirfinder_pratama_cached (193),COMPLETED,0,2026-10-05 12:54:18.969,204ms,6ms,79.7%,0,0,108.4 KB,1.9 KB
1172,ce/d89818,1346150,p17__virsorter2_pratama_cached (191),COMPLETED,0,2026-10-05 12:54:18.845,353ms,14ms,101.1%,0,0,124.2 KB,2.1 KB
1175,f6/843af2,1346534,p16__vibrant_pratama_cached (193),COMPLETED,0,2026-10-05 12:54:18.994,276ms,8ms,76.5%,0,0,124.2 KB,2.1 KB
1178,3d/3f0ab9,1346820,p11__deepvirfinder_pratama_cached (194),COMPLETED,0,2026-10-05 12:54:19.065,291ms,20ms,36.2%,0,0,108.4 KB,1.9 KB
1176,47/d0c8bb,1346647,p18__genomad_pratama_cached (192),COMPLETED,0,2026-10-05 12:54:19.035,355ms,18ms,66.7%,0,0,130.2 KB,2.1 KB
1179,17/774fdb,1346823,p16__vibrant_pratama_cached (194),COMPLETED,0,2026-10-05 12:54:19.072,335ms,13ms,78.5%,0,0,124.2 KB,2.1 KB
1182,17/ed13ac,1347171,p11__deepvirfinder_pratama_cached (195),COMPLETED,0,2026-10-05 12:54:19.178,260ms,14ms,99.0%,0,0,108.4 KB,1.9 KB
1181,d3/752219,1346940,p18__genomad_pratama_cached (193),COMPLETED,0,2026-10-05 12:54:19.122,341ms,14ms,76.3%,0,0,130.2 KB,2.1 KB
1180,69/0e5377,1347062,p17__virsorter2_pratama_cached (193),COMPLETED,0,2026-10-05 12:54:19.149,321ms,9ms,50.7%,0,0,124.2 KB,2.1 KB
1177,de/34667d,1346821,p17__virsorter2_pratama_cached (192),COMPLETED,0,2026-10-05 12:54:19.060,435ms,13ms,46.3%,0,0,124.2 KB,2.1 KB
1183,4d/74bbe9,1347244,p16__vibrant_pratama_cached (195),COMPLETED,0,2026-10-05 12:54:19.207,297ms,13ms,105.2%,0,0,124.2 KB,2.1 KB
1185,55/af53ff,1347492,p18__genomad_pratama_cached (194),COMPLETED,0,2026-10-05 12:54:19.274,274ms,22ms,73.7%,0,0,130.2 KB,2.1 KB
1184,ba/1561e2,1347634,p17__virsorter2_pratama_cached (194),COMPLETED,0,2026-10-05 12:54:19.362,257ms,9ms,66.4%,0,0,124.2 KB,2.1 KB
1186,e8/8ee95d,1347706,p11__deepvirfinder_pratama_cached (196),COMPLETED,0,2026-10-05 12:54:19.395,237ms,7ms,73.0%,0,0,108.4 KB,1.9 KB
1187,b7/8d01d7,1347795,p16__vibrant_pratama_cached (196),COMPLETED,0,2026-10-05 12:54:19.413,279ms,10ms,62.7%,0,0,124.2 KB,2.1 KB
1190,eb/ecfd92,1348056,p11__deepvirfinder_pratama_cached (197),COMPLETED,0,2026-10-05 12:54:19.474,241ms,9ms,52.6%,0,0,108.4 KB,1.9 KB
1191,81/d7e3fa,1348124,p17__virsorter2_pratama_cached (196),COMPLETED,0,2026-10-05 12:54:19.502,225ms,38ms,21.2%,0,0,124.2 KB,2.1 KB
1188,10/9f8743,1347883,p17__virsorter2_pratama_cached (195),COMPLETED,0,2026-10-05 12:54:19.443,293ms,12ms,52.7%,0,0,124.2 KB,2.1 KB
1189,b1/e30ef3,1347951,p18__genomad_pratama_cached (195),COMPLETED,0,2026-10-05 12:54:19.468,294ms,22ms,63.4%,0,0,130.2 KB,2.1 KB
1192,d5/fa9942,1348248,p16__vibrant_pratama_cached (197),COMPLETED,0,2026-10-05 12:54:19.509,263ms,11ms,57.1%,0,0,124.2 KB,2.1 KB
1193,39/dd33ec,1348539,p18__genomad_pratama_cached (196),COMPLETED,0,2026-10-05 12:54:19.579,240ms,12ms,99.5%,0,0,130.2 KB,2.1 KB
1196,66/d5640c,1349133,p17__virsorter2_pratama_cached (197),COMPLETED,0,2026-10-05 12:54:19.697,205ms,19ms,34.8%,0,0,124.2 KB,2.1 KB
1201,7e/191682,1349461,p18__genomad_pratama_cached (198),COMPLETED,0,2026-10-05 12:54:19.777,166ms,12ms,55.0%,0,0,130.2 KB,2.1 KB
1194,c2/92c3e2,1348972,p11__deepvirfinder_pratama_cached (198),COMPLETED,0,2026-10-05 12:54:19.632,333ms,7ms,78.7%,0,0,108.4 KB,1.9 KB
1195,a7/dc7caa,1348977,p16__vibrant_pratama_cached (198),COMPLETED,0,2026-10-05 12:54:19.637,323ms,9ms,121.5%,0,0,124.2 KB,2.1 KB
1197,3b/9cb413,1349202,p11__deepvirfinder_pratama_cached (199),COMPLETED,0,2026-10-05 12:54:19.720,276ms,11ms,55.2%,0,0,108.4 KB,1.9 KB
1198,16/cce48c,1349260,p18__genomad_pratama_cached (197),COMPLETED,0,2026-10-05 12:54:19.733,270ms,12ms,117.1%,0,0,130.2 KB,2.1 KB
1199,d8/c8660d,1349283,p16__vibrant_pratama_cached (199),COMPLETED,0,2026-10-05 12:54:19.740,297ms,21ms,34.3%,0,0,124.2 KB,2.1 KB
1202,e4/11dc4a,1349670,p17__virsorter2_pratama_cached (199),COMPLETED,0,2026-10-05 12:54:19.824,231ms,9ms,136.7%,0,0,124.2 KB,2.1 KB
1200,2e/6c6a84,1349424,p17__virsorter2_pratama_cached (198),COMPLETED,0,2026-10-05 12:54:19.768,296ms,32ms,24.4%,0,0,124.2 KB,2.1 KB
1206,3c/73d111,1350130,p17__virsorter2_pratama_cached (200),COMPLETED,0,2026-10-05 12:54:19.971,225ms,26ms,28.6%,0,0,124.2 KB,2.1 KB
1204,69/16893e,1350020,p11__deepvirfinder_pratama_cached (200),COMPLETED,0,2026-10-05 12:54:19.948,276ms,13ms,51.8%,0,0,108.4 KB,1.9 KB
1203,f8/2c72d2,1349904,p18__genomad_pratama_cached (199),COMPLETED,0,2026-10-05 12:54:19.909,306ms,9ms,72.2%,0,0,130.2 KB,2.1 KB
1205,12/51a837,1350129,p16__vibrant_pratama_cached (200),COMPLETED,0,2026-10-05 12:54:19.965,286ms,38ms,20.5%,0,0,124.2 KB,2.1 KB
1209,de/e6a613,1350227,p18__genomad_pratama_cached (200),COMPLETED,0,2026-10-05 12:54:20.001,286ms,26ms,29.1%,0,0,130.2 KB,2.1 KB
1210,f6/535bdc,1350236,p17__virsorter2_pratama_cached (201),COMPLETED,0,2026-10-05 12:54:20.007,299ms,11ms,50.9%,0,0,124.2 KB,2.1 KB
1207,b3/95ecf1,1350343,p11__deepvirfinder_pratama_cached (201),COMPLETED,0,2026-10-05 12:54:20.042,309ms,6ms,78.4%,0,0,108.4 KB,1.9 KB
1211,a2/ae9177,1350673,p16__vibrant_pratama_cached (202),COMPLETED,0,2026-10-05 12:54:20.069,290ms,10ms,54.1%,0,0,124.2 KB,2.1 KB
1208,d8/1385fa,1350455,p16__vibrant_pratama_cached (201),COMPLETED,0,2026-10-05 12:54:20.060,304ms,10ms,62.1%,0,0,124.2 KB,2.1 KB
1214,05/095c4f,1350991,p18__genomad_pratama_cached (201),COMPLETED,0,2026-10-05 12:54:20.229,254ms,14ms,48.1%,0,0,130.2 KB,2.1 KB
1212,79/60bbab,1350860,p11__deepvirfinder_pratama_cached (202),COMPLETED,0,2026-10-05 12:54:20.202,338ms,5ms,83.8%,0,0,108.4 KB,1.9 KB
1215,d4/12ff22,1351204,p16__vibrant_pratama_cached (203),COMPLETED,0,2026-10-05 12:54:20.292,256ms,13ms,45.3%,0,0,124.2 KB,2.1 KB
1213,3f/81dead,1350933,p17__virsorter2_pratama_cached (202),COMPLETED,0,2026-10-05 12:54:20.223,357ms,7ms,82.1%,0,0,124.2 KB,2.1 KB
1219,2b/b30bd9,1351528,p18__genomad_pratama_cached (203),COMPLETED,0,2026-10-05 12:54:20.363,238ms,12ms,105.2%,0,0,130.2 KB,2.1 KB
1216,1d/ecb342,1351091,p11__deepvirfinder_pratama_cached (203),COMPLETED,0,2026-10-05 12:54:20.256,361ms,5ms,81.7%,0,0,108.4 KB,1.9 KB
1217,0c/087a95,1351271,p17__virsorter2_pratama_cached (203),COMPLETED,0,2026-10-05 12:54:20.311,311ms,11ms,55.5%,0,0,124.2 KB,2.1 KB
1220,51/3c8801,1351535,p18__genomad_pratama_cached (204),COMPLETED,0,2026-10-05 12:54:20.368,261ms,13ms,45.8%,0,0,130.2 KB,2.1 KB
1218,0c/67f69d,1351459,p18__genomad_pratama_cached (202),COMPLETED,0,2026-10-05 12:54:20.356,329ms,11ms,105.8%,0,0,130.2 KB,2.1 KB
1221,8c/268b2d,1351838,p17__virsorter2_pratama_cached (204),COMPLETED,0,2026-10-05 12:54:20.489,321ms,8ms,159.3%,0,0,124.2 KB,2.1 KB
1224,f6/9d7cc9,1352086,p16__vibrant_pratama_cached (205),COMPLETED,0,2026-10-05 12:54:20.585,232ms,10ms,56.1%,0,0,124.2 KB,2.1 KB
1222,63/81b910,1351940,p16__vibrant_pratama_cached (204),COMPLETED,0,2026-10-05 12:54:20.545,299ms,9ms,132.4%,0,0,124.2 KB,2.1 KB
1225,cc/775ea7,1352163,p18__genomad_pratama_cached (205),COMPLETED,0,2026-10-05 12:54:20.605,263ms,21ms,64.8%,0,0,130.2 KB,2.1 KB
1223,cc/095c38,1351966,p11__deepvirfinder_pratama_cached (204),COMPLETED,0,2026-10-05 12:54:20.552,334ms,9ms,62.5%,0,0,108.4 KB,1.9 KB
1229,95/3d4ace,1352547,p18__genomad_pratama_cached (206),COMPLETED,0,2026-10-05 12:54:20.691,229ms,11ms,57.1%,0,0,130.2 KB,2.1 KB
1227,61/bb8e3e,1352291,p16__vibrant_pratama_cached (206),COMPLETED,0,2026-10-05 12:54:20.627,312ms,10ms,54.2%,0,0,124.2 KB,2.1 KB
1228,5f/01d368,1352303,p11__deepvirfinder_pratama_cached (205),COMPLETED,0,2026-10-05 12:54:20.632,330ms,11ms,43.7%,0,0,108.4 KB,1.9 KB
1226,06/132c0d,1352239,p17__virsorter2_pratama_cached (205),COMPLETED,0,2026-10-05 12:54:20.622,347ms,19ms,33.6%,0,0,124.2 KB,2.1 KB
1230,25/32750a,1352815,p17__virsorter2_pratama_cached (206),COMPLETED,0,2026-10-05 12:54:20.815,286ms,9ms,65.1%,0,0,124.2 KB,2.1 KB
1235,20/219e43,1353207,p11__deepvirfinder_pratama_cached (207),COMPLETED,0,2026-10-05 12:54:20.925,217ms,5ms,63.4%,0,0,108.4 KB,1.9 KB
1234,dd/5241b6,1353099,p18__genomad_pratama_cached (207),COMPLETED,0,2026-10-05 12:54:20.894,254ms,9ms,73.3%,0,0,130.2 KB,2.1 KB
1237,fa/401187,1353579,p17__virsorter2_pratama_cached (208),COMPLETED,0,2026-10-05 12:54:20.967,219ms,10ms,51.2%,0,0,124.2 KB,2.1 KB
1233,31/08000c,1353018,p17__virsorter2_pratama_cached (207),COMPLETED,0,2026-10-05 12:54:20.873,343ms,10ms,125.5%,0,0,124.2 KB,2.1 KB
1232,9a/3e7a6a,1352932,p16__vibrant_pratama_cached (207),COMPLETED,0,2026-10-05 12:54:20.850,436ms,11ms,58.2%,0,0,124.2 KB,2.1 KB
1236,4c/647a8d,1353292,p16__vibrant_pratama_cached (208),COMPLETED,0,2026-10-05 12:54:20.944,348ms,12ms,77.9%,0,0,124.2 KB,2.1 KB
1231,b8/f7694f,1352876,p11__deepvirfinder_pratama_cached (206),COMPLETED,0,2026-10-05 12:54:20.822,490ms,5ms,82.4%,0,0,108.4 KB,1.9 KB
1238,be/587ba3,1353641,p18__genomad_pratama_cached (208),COMPLETED,0,2026-10-05 12:54:20.974,346ms,11ms,56.0%,0,0,130.2 KB,2.1 KB
1239,04/47c51f,1354116,p11__deepvirfinder_pratama_cached (208),COMPLETED,0,2026-10-05 12:54:21.106,268ms,5ms,111.0%,0,0,108.4 KB,1.9 KB
1241,38/fdfd1f,1354225,p18__genomad_pratama_cached (209),COMPLETED,0,2026-10-05 12:54:21.152,258ms,12ms,105.5%,0,0,130.2 KB,2.1 KB
1242,bf/7fd873,1354332,p11__deepvirfinder_pratama_cached (209),COMPLETED,0,2026-10-05 12:54:21.191,249ms,16ms,39.2%,0,0,108.4 KB,1.9 KB
1240,82/853fd3,1354216,p16__vibrant_pratama_cached (209),COMPLETED,0,2026-10-05 12:54:21.147,359ms,19ms,39.8%,0,0,124.2 KB,2.1 KB
1244,56/504b97,1354618,p17__virsorter2_pratama_cached (209),COMPLETED,0,2026-10-05 12:54:21.292,238ms,12ms,98.7%,0,0,124.2 KB,2.1 KB
1243,75/be6685,1354441,p16__vibrant_pratama_cached (210),COMPLETED,0,2026-10-05 12:54:21.220,326ms,9ms,92.1%,0,0,124.2 KB,2.1 KB
1247,91/ad3cd6,1354971,p11__deepvirfinder_pratama_cached (210),COMPLETED,0,2026-10-05 12:54:21.380,243ms,5ms,0.0%,0,0,108.4 KB,1.9 KB
1246,36/501137,1354766,p18__genomad_pratama_cached (210),COMPLETED,0,2026-10-05 12:54:21.317,315ms,16ms,87.1%,0,0,130.2 KB,2.1 KB
1248,95/19363c,1354770,p16__vibrant_pratama_cached (211),COMPLETED,0,2026-10-05 12:54:21.325,315ms,11ms,55.7%,0,0,124.2 KB,2.1 KB
1249,a7/3e1371,1355188,p18__genomad_pratama_cached (211),COMPLETED,0,2026-10-05 12:54:21.445,218ms,10ms,63.0%,0,0,130.2 KB,2.1 KB
1245,d0/312d7a,1354669,p17__virsorter2_pratama_cached (210),COMPLETED,0,2026-10-05 12:54:21.296,379ms,10ms,57.6%,0,0,124.2 KB,2.1 KB
1251,25/8bc076,1355320,p11__deepvirfinder_pratama_cached (211),COMPLETED,0,2026-10-05 12:54:21.512,251ms,5ms,96.5%,0,0,108.4 KB,1.9 KB
1252,4b/cc6c0b,1355397,p16__vibrant_pratama_cached (212),COMPLETED,0,2026-10-05 12:54:21.535,233ms,10ms,67.1%,0,0,124.2 KB,2.1 KB
1250,e7/ed8066,1355042,p17__virsorter2_pratama_cached (211),COMPLETED,0,2026-10-05 12:54:21.415,378ms,11ms,122.3%,0,0,124.2 KB,2.1 KB
1253,92/c176a7,1355487,p17__virsorter2_pratama_cached (212),COMPLETED,0,2026-10-05 12:54:21.550,276ms,9ms,75.6%,0,0,124.2 KB,2.1 KB
1256,e5/90b823,1355678,p16__vibrant_pratama_cached (213),COMPLETED,0,2026-10-05 12:54:21.637,257ms,15ms,49.6%,0,0,124.2 KB,2.1 KB
1254,02/8d56d7,1355641,p11__deepvirfinder_pratama_cached (212),COMPLETED,0,2026-10-05 12:54:21.628,273ms,13ms,50.0%,0,0,108.4 KB,1.9 KB
1255,9d/c218f1,1355736,p18__genomad_pratama_cached (212),COMPLETED,0,2026-10-05 12:54:21.646,290ms,17ms,41.9%,0,0,130.2 KB,2.1 KB
1260,22/fba7c0,1355945,p18__genomad_pratama_cached (213),COMPLETED,0,2026-10-05 12:54:21.690,275ms,17ms,44.1%,0,0,130.2 KB,2.1 KB
1258,88/f15b9c,1355861,p16__vibrant_pratama_cached (214),COMPLETED,0,2026-10-05 12:54:21.675,310ms,10ms,63.0%,0,0,124.2 KB,2.1 KB
1257,5c/7849fc,1356152,p11__deepvirfinder_pratama_cached (213),COMPLETED,0,2026-10-05 12:54:21.768,260ms,8ms,72.2%,0,0,108.4 KB,1.9 KB
1262,53/ed9887,1356408,p17__virsorter2_pratama_cached (214),COMPLETED,0,2026-10-05 12:54:21.831,221ms,10ms,69.1%,0,0,124.2 KB,2.1 KB
1259,74/eebd90,1356161,p17__virsorter2_pratama_cached (213),COMPLETED,0,2026-10-05 12:54:21.774,287ms,12ms,52.0%,0,0,124.2 KB,2.1 KB
1261,b6/5a74f8,1356247,p11__deepvirfinder_pratama_cached (214),COMPLETED,0,2026-10-05 12:54:21.798,297ms,4ms,103.2%,0,0,108.4 KB,1.9 KB
1263,6a/c0746b,1356548,p16__vibrant_pratama_cached (215),COMPLETED,0,2026-10-05 12:54:21.899,217ms,9ms,67.4%,0,0,124.2 KB,2.1 KB
1265,96/c97ea1,1356733,p18__genomad_pratama_cached (214),COMPLETED,0,2026-10-05 12:54:21.941,284ms,12ms,112.3%,0,0,130.2 KB,2.1 KB
1267,12/5b9741,1356875,p11__deepvirfinder_pratama_cached (216),COMPLETED,0,2026-10-05 12:54:21.990,245ms,11ms,85.0%,0,0,108.4 KB,1.9 KB
1264,62/af15db,1356585,p11__deepvirfinder_pratama_cached (215),COMPLETED,0,2026-10-05 12:54:21.907,389ms,4ms,99.5%,0,0,108.4 KB,1.9 KB
1269,fd/97ab83,1357468,p11__deepvirfinder_pratama_cached (217),COMPLETED,0,2026-10-05 12:54:22.057,260ms,15ms,37.6%,0,0,108.4 KB,1.9 KB
1266,dd/4adc44,1356807,p17__virsorter2_pratama_cached (215),COMPLETED,0,2026-10-05 12:54:21.970,383ms,16ms,77.3%,0,0,124.2 KB,2.1 KB
1268,df/c5672b,1357211,p16__vibrant_pratama_cached (216),COMPLETED,0,2026-10-05 12:54:22.033,336ms,10ms,36.5%,0,0,124.2 KB,2.1 KB
1271,3e/31d275,1357619,p17__virsorter2_pratama_cached (216),COMPLETED,0,2026-10-05 12:54:22.101,293ms,11ms,99.7%,0,0,124.2 KB,2.1 KB
1270,b4/2a7b19,1357476,p18__genomad_pratama_cached (215),COMPLETED,0,2026-10-05 12:54:22.065,338ms,31ms,22.5%,0,0,130.2 KB,2.1 KB
1273,e2/e988d0,1357950,p16__vibrant_pratama_cached (217),COMPLETED,0,2026-10-05 12:54:22.232,225ms,9ms,75.3%,0,0,124.2 KB,2.1 KB
1272,12/a15bd6,1357702,p11__deepvirfinder_pratama_cached (218),COMPLETED,0,2026-10-05 12:54:22.121,349ms,6ms,66.9%,0,0,108.4 KB,1.9 KB
1274,b4/ff1fbf,1357990,p17__virsorter2_pratama_cached (217),COMPLETED,0,2026-10-05 12:54:22.241,279ms,10ms,67.6%,0,0,124.2 KB,2.1 KB
1277,8b/e088ad,1358137,p11__deepvirfinder_pratama_cached (219),COMPLETED,0,2026-10-05 12:54:22.323,256ms,5ms,99.5%,0,0,108.4 KB,1.9 KB
1276,25/cf3614,1358107,p18__genomad_pratama_cached (216),COMPLETED,0,2026-10-05 12:54:22.305,280ms,14ms,52.2%,0,0,130.2 KB,2.1 KB
1275,d1/52395d,1358291,p16__vibrant_pratama_cached (218),COMPLETED,0,2026-10-05 12:54:22.359,269ms,13ms,50.0%,0,0,124.2 KB,2.1 KB
1279,70/14e20c,1358472,p18__genomad_pratama_cached (217),COMPLETED,0,2026-10-05 12:54:22.399,260ms,14ms,96.0%,0,0,130.2 KB,2.1 KB
1280,5c/94e454,1358477,p11__deepvirfinder_pratama_cached (220),COMPLETED,0,2026-10-05 12:54:22.408,258ms,7ms,72.7%,0,0,108.4 KB,1.9 KB
1278,a8/b38e92,1358332,p17__virsorter2_pratama_cached (218),COMPLETED,0,2026-10-05 12:54:22.374,306ms,14ms,94.6%,0,0,124.2 KB,2.1 KB
1281,ae/22920c,1358687,p16__vibrant_pratama_cached (219),COMPLETED,0,2026-10-05 12:54:22.466,271ms,11ms,56.5%,0,0,124.2 KB,2.1 KB
1282,1c/785e7c,1358721,p17__virsorter2_pratama_cached (219),COMPLETED,0,2026-10-05 12:54:22.478,267ms,12ms,52.0%,0,0,124.2 KB,2.1 KB
1283,cf/66100d,1358903,p18__genomad_pratama_cached (218),COMPLETED,0,2026-10-05 12:54:22.531,247ms,9ms,67.4%,0,0,130.2 KB,2.1 KB
1286,b0/f07e9e,1359050,p17__virsorter2_pratama_cached (220),COMPLETED,0,2026-10-05 12:54:22.590,246ms,12ms,58.7%,0,0,124.2 KB,2.1 KB
1285,83/d42de9,1359207,p16__vibrant_pratama_cached (220),COMPLETED,0,2026-10-05 12:54:22.633,242ms,10ms,49.1%,0,0,124.2 KB,2.1 KB
1287,d2/c02bf6,1359269,p18__genomad_pratama_cached (219),COMPLETED,0,2026-10-05 12:54:22.664,272ms,11ms,108.2%,0,0,130.2 KB,2.1 KB
1289,70/5d7f50,1359384,p16__vibrant_pratama_cached (221),COMPLETED,0,2026-10-05 12:54:22.685,289ms,12ms,52.6%,0,0,124.2 KB,2.1 KB
1284,39/23732c,1359017,p11__deepvirfinder_pratama_cached (221),COMPLETED,0,2026-10-05 12:54:22.584,400ms,6ms,90.1%,0,0,108.4 KB,1.9 KB
1288,c3/4fa296,1359344,p11__deepvirfinder_pratama_cached (222),COMPLETED,0,2026-10-05 12:54:22.670,326ms,7ms,66.7%,0,0,108.4 KB,1.9 KB
1290,f1/569182,1359577,p17__virsorter2_pratama_cached (221),COMPLETED,0,2026-10-05 12:54:22.745,285ms,14ms,50.1%,0,0,124.2 KB,2.1 KB
1293,ed/12e577,1359896,p16__vibrant_pratama_cached (222),COMPLETED,0,2026-10-05 12:54:22.841,213ms,8ms,71.9%,0,0,124.2 KB,2.1 KB
1294,01/ed0cb6,1360026,p17__virsorter2_pratama_cached (222),COMPLETED,0,2026-10-05 12:54:22.880,207ms,7ms,81.4%,0,0,124.2 KB,2.1 KB
1291,e8/457677,1359629,p11__deepvirfinder_pratama_cached (223),COMPLETED,0,2026-10-05 12:54:22.751,363ms,5ms,91.9%,0,0,108.4 KB,1.9 KB
1292,97/06de5c,1359759,p18__genomad_pratama_cached (220),COMPLETED,0,2026-10-05 12:54:22.786,356ms,12ms,112.3%,0,0,130.2 KB,2.1 KB
1295,2a/d7944e,1360265,p11__deepvirfinder_pratama_cached (224),COMPLETED,0,2026-10-05 12:54:22.981,225ms,5ms,71.4%,0,0,108.4 KB,1.9 KB
1296,0f/ea8dd5,1360140,p18__genomad_pratama_cached (221),COMPLETED,0,2026-10-05 12:54:22.942,340ms,12ms,59.1%,0,0,130.2 KB,2.1 KB
1300,9f/4f99ba,1360532,p16__vibrant_pratama_cached (224),COMPLETED,0,2026-10-05 12:54:23.059,249ms,11ms,49.1%,0,0,124.2 KB,2.1 KB
1298,cb/e9c35d,1360343,p17__virsorter2_pratama_cached (223),COMPLETED,0,2026-10-05 12:54:23.003,313ms,16ms,23.2%,0,0,124.2 KB,2.1 KB
1301,7c/fa0336,1360626,p11__deepvirfinder_pratama_cached (225),COMPLETED,0,2026-10-05 12:54:23.092,262ms,6ms,82.1%,0,0,108.4 KB,1.9 KB
1299,11/baf587,1360449,p17__virsorter2_pratama_cached (224),COMPLETED,0,2026-10-05 12:54:23.036,337ms,16ms,32.2%,0,0,124.2 KB,2.1 KB
1302,5a/41317a,1360776,p18__genomad_pratama_cached (222),COMPLETED,0,2026-10-05 12:54:23.122,260ms,16ms,85.5%,0,0,130.2 KB,2.1 KB
1303,56/88b91e,1360890,p17__virsorter2_pratama_cached (225),COMPLETED,0,2026-10-05 12:54:23.153,254ms,9ms,28.1%,0,0,124.2 KB,2.1 KB
1297,e5/eb7b09,1360337,p16__vibrant_pratama_cached (223),COMPLETED,0,2026-10-05 12:54:22.991,442ms,9ms,66.7%,0,0,124.2 KB,2.1 KB
1304,c0/20189e,1361029,p11__deepvirfinder_pratama_cached (226),COMPLETED,0,2026-10-05 12:54:23.211,242ms,5ms,94.1%,0,0,108.4 KB,1.9 KB
1307,62/642f73,1361309,p16__vibrant_pratama_cached (226),COMPLETED,0,2026-10-05 12:54:23.320,233ms,10ms,65.8%,0,0,124.2 KB,2.1 KB
1305,bc/d9b815,1361149,p16__vibrant_pratama_cached (225),COMPLETED,0,2026-10-05 12:54:23.289,284ms,9ms,68.1%,0,0,124.2 KB,2.1 KB
1306,8a/3ec9da,1361252,p17__virsorter2_pratama_cached (226),COMPLETED,0,2026-10-05 12:54:23.314,279ms,9ms,76.8%,0,0,124.2 KB,2.1 KB
1309,45/823dc4,1361452,p11__deepvirfinder_pratama_cached (227),COMPLETED,0,2026-10-05 12:54:23.379,220ms,9ms,53.2%,0,0,108.4 KB,1.9 KB
1308,0b/8eab77,1361422,p18__genomad_pratama_cached (223),COMPLETED,0,2026-10-05 12:54:23.362,303ms,16ms,37.6%,0,0,130.2 KB,2.1 KB
1313,4e/7a1818,1361823,p18__genomad_pratama_cached (224),COMPLETED,0,2026-10-05 12:54:23.458,282ms,8ms,76.5%,0,0,130.2 KB,2.1 KB
1310,f3/a342a9,1361489,p17__virsorter2_pratama_cached (227),COMPLETED,0,2026-10-05 12:54:23.389,358ms,13ms,30.1%,0,0,124.2 KB,2.1 KB
1312,89/2b01f4,1361763,p16__vibrant_pratama_cached (227),COMPLETED,0,2026-10-05 12:54:23.440,331ms,15ms,46.4%,0,0,124.2 KB,2.1 KB
1311,1c/743cd0,1361619,p11__deepvirfinder_pratama_cached (228),COMPLETED,0,2026-10-05 12:54:23.412,375ms,8ms,67.8%,0,0,108.4 KB,1.9 KB
1314,1d/2343f1,1362153,p17__virsorter2_pratama_cached (228),COMPLETED,0,2026-10-05 12:54:23.580,255ms,9ms,128.4%,0,0,124.2 KB,2.1 KB
1315,db/c32386,1362055,p16__vibrant_pratama_cached (228),COMPLETED,0,2026-10-05 12:54:23.559,297ms,9ms,70.6%,0,0,124.2 KB,2.1 KB
1316,bb/60369b,1362233,p11__deepvirfinder_pratama_cached (229),COMPLETED,0,2026-10-05 12:54:23.598,303ms,6ms,71.9%,0,0,108.4 KB,1.9 KB
1318,20/e3febb,1362606,p17__virsorter2_pratama_cached (229),COMPLETED,0,2026-10-05 12:54:23.671,241ms,9ms,72.7%,0,0,124.2 KB,2.1 KB
1317,b7/348c68,1362253,p18__genomad_pratama_cached (225),COMPLETED,0,2026-10-05 12:54:23.604,316ms,18ms,38.6%,0,0,130.2 KB,2.1 KB
1321,5a/82014d,1363080,p18__genomad_pratama_cached (226),COMPLETED,0,2026-10-05 12:54:23.775,244ms,11ms,112.9%,0,0,130.2 KB,2.1 KB
1319,13/def8c4,1362984,p16__vibrant_pratama_cached (229),COMPLETED,0,2026-10-05 12:54:23.752,295ms,13ms,47.6%,0,0,124.2 KB,2.1 KB
1320,a1/940f89,1362971,p11__deepvirfinder_pratama_cached (230),COMPLETED,0,2026-10-05 12:54:23.746,310ms,7ms,70.6%,0,0,108.4 KB,1.9 KB
1325,09/f0ddca,1363276,p17__virsorter2_pratama_cached (230),COMPLETED,0,2026-10-05 12:54:23.840,240ms,10ms,83.7%,0,0,124.2 KB,2.1 KB
1323,e7/739d58,1363330,p16__vibrant_pratama_cached (230),COMPLETED,0,2026-10-05 12:54:23.861,231ms,16ms,43.2%,0,0,124.2 KB,2.1 KB
1322,1d/77b7f1,1363163,p11__deepvirfinder_pratama_cached (231),COMPLETED,0,2026-10-05 12:54:23.792,337ms,4ms,91.0%,0,0,108.4 KB,1.9 KB
1324,c2/8b3018,1363525,p18__genomad_pratama_cached (227),COMPLETED,0,2026-10-05 12:54:23.906,244ms,13ms,95.5%,0,0,130.2 KB,2.1 KB
1326,4f/9e65e9,1363564,p17__virsorter2_pratama_cached (231),COMPLETED,0,2026-10-05 12:54:23.917,316ms,10ms,58.0%,0,0,124.2 KB,2.1 KB
1327,06/30151b,1363609,p16__vibrant_pratama_cached (231),COMPLETED,0,2026-10-05 12:54:23.923,336ms,11ms,62.1%,0,0,124.2 KB,2.1 KB
1330,82/44afca,1364042,p11__deepvirfinder_pratama_cached (233),COMPLETED,0,2026-10-05 12:54:24.084,250ms,5ms,52.6%,0,0,108.4 KB,1.9 KB
1328,8f/b1bb9e,1363848,p11__deepvirfinder_pratama_cached (232),COMPLETED,0,2026-10-05 12:54:24.025,343ms,6ms,93.7%,0,0,108.4 KB,1.9 KB
1333,f0/3a33d7,1364247,p18__genomad_pratama_cached (229),COMPLETED,0,2026-10-05 12:54:24.134,258ms,13ms,37.9%,0,0,130.2 KB,2.1 KB
1331,64/470bcd,1364110,p17__virsorter2_pratama_cached (232),COMPLETED,0,2026-10-05 12:54:24.096,303ms,21ms,26.8%,0,0,124.2 KB,2.1 KB
1334,3a/c9d628,1364306,p11__deepvirfinder_pratama_cached (234),COMPLETED,0,2026-10-05 12:54:24.156,264ms,6ms,79.0%,0,0,108.4 KB,1.9 KB
1329,7c/740aea,1363971,p18__genomad_pratama_cached (228),COMPLETED,0,2026-10-05 12:54:24.054,383ms,18ms,75.1%,0,0,130.2 KB,2.1 KB
1332,66/f57ab2,1364000,p16__vibrant_pratama_cached (232),COMPLETED,0,2026-10-05 12:54:24.061,397ms,13ms,98.7%,0,0,124.2 KB,2.1 KB
1336,c3/d3316d,1364620,p18__genomad_pratama_cached (230),COMPLETED,0,2026-10-05 12:54:24.263,217ms,10ms,59.6%,0,0,130.2 KB,2.1 KB
1335,58/98023c,1364540,p16__vibrant_pratama_cached (233),COMPLETED,0,2026-10-05 12:54:24.238,271ms,12ms,106.4%,0,0,124.2 KB,2.1 KB
1337,6a/e7a7cf,1365137,p11__deepvirfinder_pratama_cached (235),COMPLETED,0,2026-10-05 12:54:24.340,339ms,7ms,88.5%,0,0,108.4 KB,1.9 KB
1342,82/978b39,1365426,p16__vibrant_pratama_cached (235),COMPLETED,0,2026-10-05 12:54:24.442,255ms,22ms,45.4%,0,0,124.2 KB,2.1 KB
1338,6a/c2c176,1365233,p17__virsorter2_pratama_cached (233),COMPLETED,0,2026-10-05 12:54:24.373,340ms,8ms,110.0%,0,0,124.2 KB,2.1 KB
1340,4c/3eaf52,1365340,p11__deepvirfinder_pratama_cached (236),COMPLETED,0,2026-10-05 12:54:24.409,323ms,14ms,44.1%,0,0,108.4 KB,1.9 KB
1339,0f/0d7d0d,1365337,p16__vibrant_pratama_cached (234),COMPLETED,0,2026-10-05 12:54:24.399,343ms,25ms,55.7%,0,0,124.2 KB,2.1 KB
1344,0a/315bd3,1365631,p11__deepvirfinder_pratama_cached (237),COMPLETED,0,2026-10-05 12:54:24.485,276ms,4ms,50.5%,0,0,108.4 KB,1.9 KB
1341,2b/77ec9d,1365374,p18__genomad_pratama_cached (231),COMPLETED,0,2026-10-05 12:54:24.425,346ms,32ms,23.1%,0,0,130.2 KB,2.1 KB
1343,6d/7f1695,1365540,p17__virsorter2_pratama_cached (234),COMPLETED,0,2026-10-05 12:54:24.463,334ms,10ms,49.0%,0,0,124.2 KB,2.1 KB
1345,52/11b6c0,1365749,p16__vibrant_pratama_cached (236),COMPLETED,0,2026-10-05 12:54:24.514,379ms,17ms,35.4%,0,0,124.2 KB,2.1 KB
1346,f2/b4afab,1366072,p17__virsorter2_pratama_cached (235),COMPLETED,0,2026-10-05 12:54:24.684,232ms,9ms,68.1%,0,0,124.2 KB,2.1 KB
1348,85/2a6359,1366180,p18__genomad_pratama_cached (232),COMPLETED,0,2026-10-05 12:54:24.718,236ms,17ms,38.2%,0,0,130.2 KB,2.1 KB
1347,14/f3ffbf,1366107,p11__deepvirfinder_pratama_cached (238),COMPLETED,0,2026-10-05 12:54:24.702,298ms,11ms,44.1%,0,0,108.4 KB,1.9 KB
1352,56/5efb4e,1366389,p18__genomad_pratama_cached (233),COMPLETED,0,2026-10-05 12:54:24.777,240ms,20ms,24.9%,0,0,130.2 KB,2.1 KB
1349,72/29fc95,1366254,p17__virsorter2_pratama_cached (236),COMPLETED,0,2026-10-05 12:54:24.738,304ms,14ms,32.4%,0,0,124.2 KB,2.1 KB
1351,30/cfcdbc,1366353,p16__vibrant_pratama_cached (237),COMPLETED,0,2026-10-05 12:54:24.766,296ms,29ms,27.3%,0,0,124.2 KB,2.1 KB
1350,fe/d3fa68,1366278,p11__deepvirfinder_pratama_cached (239),COMPLETED,0,2026-10-05 12:54:24.747,338ms,23ms,20.8%,0,0,108.4 KB,1.9 KB
1353,e7/d1555b,1366528,p11__deepvirfinder_pratama_cached (240),COMPLETED,0,2026-10-05 12:54:24.802,359ms,12ms,49.1%,0,0,108.4 KB,1.9 KB
1355,c4/f58b1a,1366898,p16__vibrant_pratama_cached (238),COMPLETED,0,2026-10-05 12:54:24.922,255ms,10ms,128.0%,0,0,124.2 KB,2.1 KB
1354,d4/9bbeab,1366796,p17__virsorter2_pratama_cached (237),COMPLETED,0,2026-10-05 12:54:24.898,283ms,11ms,117.4%,0,0,124.2 KB,2.1 KB
1356,9a/0f1420,1367023,p11__deepvirfinder_pratama_cached (241),COMPLETED,0,2026-10-05 12:54:24.959,278ms,6ms,78.7%,0,0,108.4 KB,1.9 KB
1358,35/599c1d,1367132,p17__virsorter2_pratama_cached (238),COMPLETED,0,2026-10-05 12:54:25.006,258ms,15ms,47.5%,0,0,124.2 KB,2.1 KB
1357,16/fc62af,1367175,p18__genomad_pratama_cached (234),COMPLETED,0,2026-10-05 12:54:25.022,323ms,14ms,81.5%,0,0,130.2 KB,2.1 KB
1359,9b/011e7c,1367269,p16__vibrant_pratama_cached (239),COMPLETED,0,2026-10-05 12:54:25.047,306ms,26ms,59.4%,0,0,124.2 KB,2.1 KB
1361,df/88f8fb,1367439,p16__vibrant_pratama_cached (240),COMPLETED,0,2026-10-05 12:54:25.097,263ms,9ms,66.9%,0,0,124.2 KB,2.1 KB
1362,39/27f001,1367623,p11__deepvirfinder_pratama_cached (243),COMPLETED,0,2026-10-05 12:54:25.166,272ms,7ms,69.3%,0,0,108.4 KB,1.9 KB
1360,83/9c7b80,1367368,p11__deepvirfinder_pratama_cached (242),COMPLETED,0,2026-10-05 12:54:25.067,383ms,4ms,102.1%,0,0,108.4 KB,1.9 KB
1364,20/2b1189,1367701,p18__genomad_pratama_cached (235),COMPLETED,0,2026-10-05 12:54:25.181,286ms,13ms,52.6%,0,0,130.2 KB,2.1 KB
1365,ad/cfe5c3,1367901,p16__vibrant_pratama_cached (241),COMPLETED,0,2026-10-05 12:54:25.242,302ms,11ms,56.3%,0,0,124.2 KB,2.1 KB
1363,5e/223bdb,1367715,p17__virsorter2_pratama_cached (239),COMPLETED,0,2026-10-05 12:54:25.184,375ms,9ms,68.1%,0,0,124.2 KB,2.1 KB
1366,ae/ae292d,1367958,p11__deepvirfinder_pratama_cached (244),COMPLETED,0,2026-10-05 12:54:25.269,334ms,5ms,100.0%,0,0,108.4 KB,1.9 KB
1369,36/dacd43,1368224,p11__deepvirfinder_pratama_cached (245),COMPLETED,0,2026-10-05 12:54:25.364,311ms,6ms,88.5%,0,0,108.4 KB,1.9 KB
1368,08/50f593,1368211,p17__virsorter2_pratama_cached (240),COMPLETED,0,2026-10-05 12:54:25.357,332ms,9ms,61.7%,0,0,124.2 KB,2.1 KB
1370,56/481c58,1368404,p16__vibrant_pratama_cached (243),COMPLETED,0,2026-10-05 12:54:25.443,270ms,10ms,55.5%,0,0,124.2 KB,2.1 KB
1367,8a/677790,1368153,p16__vibrant_pratama_cached (242),COMPLETED,0,2026-10-05 12:54:25.350,369ms,11ms,56.1%,0,0,124.2 KB,2.1 KB
1372,cb/7a09a3,1368537,p18__genomad_pratama_cached (236),COMPLETED,0,2026-10-05 12:54:25.474,275ms,8ms,63.4%,0,0,130.2 KB,2.1 KB
1374,93/5105dc,1368770,p17__virsorter2_pratama_cached (242),COMPLETED,0,2026-10-05 12:54:25.563,255ms,13ms,43.1%,0,0,124.2 KB,2.1 KB
1371,9f/af8074,1368432,p17__virsorter2_pratama_cached (241),COMPLETED,0,2026-10-05 12:54:25.454,371ms,9ms,74.0%,0,0,124.2 KB,2.1 KB
1373,74/aa1ba1,1368726,p16__vibrant_pratama_cached (244),COMPLETED,0,2026-10-05 12:54:25.549,284ms,7ms,127.6%,0,0,124.2 KB,2.1 KB
1375,d0/86b55a,1368902,p16__vibrant_pratama_cached (245),COMPLETED,0,2026-10-05 12:54:25.608,271ms,11ms,63.0%,0,0,124.2 KB,2.1 KB
1376,d4/39842f,1369020,p18__genomad_pratama_cached (237),COMPLETED,0,2026-10-05 12:54:25.680,245ms,15ms,68.3%,0,0,130.2 KB,2.1 KB
1377,d8/a147fa,1369072,p17__virsorter2_pratama_cached (243),COMPLETED,0,2026-10-05 12:54:25.693,291ms,10ms,61.0%,0,0,124.2 KB,2.1 KB
1380,4e/94ef1d,1369309,p16__vibrant_pratama_cached (246),COMPLETED,0,2026-10-05 12:54:25.753,269ms,10ms,0.0%,0,0,124.2 KB,2.1 KB
1378,cc/d1a7f9,1369176,p11__deepvirfinder_pratama_cached (246),COMPLETED,0,2026-10-05 12:54:25.718,309ms,7ms,55.3%,0,0,108.4 KB,1.9 KB
1379,f3/2cb7e8,1369222,p17__virsorter2_pratama_cached (244),COMPLETED,0,2026-10-05 12:54:25.724,335ms,9ms,59.6%,0,0,124.2 KB,2.1 KB
1381,2f/e73df3,1369508,p11__deepvirfinder_pratama_cached (247),COMPLETED,0,2026-10-05 12:54:25.822,259ms,5ms,70.8%,0,0,108.4 KB,1.9 KB
1382,b1/f7be26,1369599,p17__virsorter2_pratama_cached (245),COMPLETED,0,2026-10-05 12:54:25.830,288ms,9ms,145.5%,0,0,124.2 KB,2.1 KB
1385,da/2495e1,1369885,p11__deepvirfinder_pratama_cached (248),COMPLETED,0,2026-10-05 12:54:25.930,214ms,4ms,99.5%,0,0,108.4 KB,1.9 KB
1383,84/02844a,1369601,p18__genomad_pratama_cached (238),COMPLETED,0,2026-10-05 12:54:25.837,312ms,11ms,53.2%,0,0,130.2 KB,2.1 KB
1384,a5/5b2d4e,1369771,p16__vibrant_pratama_cached (247),COMPLETED,0,2026-10-05 12:54:25.883,300ms,15ms,43.3%,0,0,124.2 KB,2.1 KB
1386,cb/f3b2a2,1370050,p17__virsorter2_pratama_cached (246),COMPLETED,0,2026-10-05 12:54:25.989,289ms,8ms,77.1%,0,0,124.2 KB,2.1 KB
1387,51/d9692b,1370347,p18__genomad_pratama_cached (239),COMPLETED,0,2026-10-05 12:54:26.027,258ms,15ms,44.2%,0,0,130.2 KB,2.1 KB
1390,56/cf233f,1370531,p11__deepvirfinder_pratama_cached (249),COMPLETED,0,2026-10-05 12:54:26.085,249ms,5ms,101.1%,0,0,108.4 KB,1.9 KB
1388,7d/7860c5,1370350,p16__vibrant_pratama_cached (248),COMPLETED,0,2026-10-05 12:54:26.033,306ms,13ms,44.3%,0,0,124.2 KB,2.1 KB
1391,7f/360122,1371040,p16__vibrant_pratama_cached (249),COMPLETED,0,2026-10-05 12:54:26.123,242ms,17ms,38.0%,0,0,124.2 KB,2.1 KB
1389,0e/458338,1370469,p17__virsorter2_pratama_cached (247),COMPLETED,0,2026-10-05 12:54:26.069,302ms,7ms,77.1%,0,0,124.2 KB,2.1 KB
1393,f5/29eaca,1371141,p11__deepvirfinder_pratama_cached (250),COMPLETED,0,2026-10-05 12:54:26.153,241ms,12ms,27.3%,0,0,108.4 KB,1.9 KB
1394,d9/938698,1371320,p17__virsorter2_pratama_cached (248),COMPLETED,0,2026-10-05 12:54:26.188,246ms,7ms,77.1%,0,0,124.2 KB,2.1 KB
1392,3f/0629e9,1371106,p18__genomad_pratama_cached (240),COMPLETED,0,2026-10-05 12:54:26.149,363ms,19ms,73.1%,0,0,130.2 KB,2.1 KB
1398,7a/377e2f,1371720,p16__vibrant_pratama_cached (251),COMPLETED,0,2026-10-05 12:54:26.344,216ms,17ms,78.9%,0,0,124.2 KB,2.1 KB
1397,a4/9091c8,1371692,p11__deepvirfinder_pratama_cached (251),COMPLETED,0,2026-10-05 12:54:26.339,237ms,7ms,59.6%,0,0,108.4 KB,1.9 KB
1399,81/c8a84c,1371816,p17__virsorter2_pratama_cached (249),COMPLETED,0,2026-10-05 12:54:26.369,226ms,13ms,60.6%,0,0,124.2 KB,2.1 KB
1400,a9/98b6f7,1371860,p16__vibrant_pratama_cached (252),COMPLETED,0,2026-10-05 12:54:26.377,233ms,17ms,77.9%,0,0,124.2 KB,2.1 KB
1395,56/ae53cc,1371526,p16__vibrant_pratama_cached (250),COMPLETED,0,2026-10-05 12:54:26.283,343ms,10ms,62.3%,0,0,124.2 KB,2.1 KB
1401,97/b2b8dd,1371942,p18__genomad_pratama_cached (242),COMPLETED,0,2026-10-05 12:54:26.398,244ms,21ms,34.6%,0,0,130.2 KB,2.1 KB
1396,1f/20fed7,1371590,p18__genomad_pratama_cached (241),COMPLETED,0,2026-10-05 12:54:26.289,443ms,13ms,49.9%,0,0,130.2 KB,2.1 KB
1402,94/81abba,1372086,p11__deepvirfinder_pratama_cached (252),COMPLETED,0,2026-10-05 12:54:26.438,309ms,4ms,97.5%,0,0,108.4 KB,1.9 KB
1403,c4/650914,1372314,p17__virsorter2_pratama_cached (250),COMPLETED,0,2026-10-05 12:54:26.517,251ms,10ms,127.6%,0,0,124.2 KB,2.1 KB
1404,1d/d3c18b,1372631,p18__genomad_pratama_cached (243),COMPLETED,0,2026-10-05 12:54:26.564,245ms,11ms,54.9%,0,0,130.2 KB,2.1 KB
1405,2c/5e21b8,1372859,p11__deepvirfinder_pratama_cached (253),COMPLETED,0,2026-10-05 12:54:26.580,250ms,6ms,68.1%,0,0,108.4 KB,1.9 KB
1406,19/c2c595,1372929,p16__vibrant_pratama_cached (253),COMPLETED,0,2026-10-05 12:54:26.600,283ms,15ms,43.9%,0,0,124.2 KB,2.1 KB
1407,e2/a29314,1373087,p18__genomad_pratama_cached (244),COMPLETED,0,2026-10-05 12:54:26.630,268ms,12ms,76.2%,0,0,130.2 KB,2.1 KB
1408,06/df1192,1373000,p17__virsorter2_pratama_cached (251),COMPLETED,0,2026-10-05 12:54:26.614,290ms,11ms,95.8%,0,0,124.2 KB,2.1 KB
1409,79/691d17,1373173,p16__vibrant_pratama_cached (254),COMPLETED,0,2026-10-05 12:54:26.646,291ms,18ms,0.0%,0,0,124.2 KB,2.1 KB
1411,09/38316e,1373470,p17__virsorter2_pratama_cached (252),COMPLETED,0,2026-10-05 12:54:26.757,211ms,11ms,60.4%,0,0,124.2 KB,2.1 KB
1412,d6/e69705,1373559,p18__genomad_pratama_cached (245),COMPLETED,0,2026-10-05 12:54:26.772,245ms,11ms,118.5%,0,0,130.2 KB,2.1 KB
1410,b5/07ae6e,1373400,p11__deepvirfinder_pratama_cached (254),COMPLETED,0,2026-10-05 12:54:26.736,300ms,6ms,169.2%,0,0,108.4 KB,1.9 KB
1413,a8/e61606,1373675,p16__vibrant_pratama_cached (255),COMPLETED,0,2026-10-05 12:54:26.814,285ms,16ms,92.1%,0,0,124.2 KB,2.1 KB
1415,31/2bf5f4,1373901,p11__deepvirfinder_pratama_cached (255),COMPLETED,0,2026-10-05 12:54:26.888,272ms,7ms,72.2%,0,0,108.4 KB,1.9 KB
1414,30/4afb73,1373778,p17__virsorter2_pratama_cached (253),COMPLETED,0,2026-10-05 12:54:26.849,333ms,10ms,135.7%,0,0,124.2 KB,2.1 KB
1416,92/b48062,1374123,p18__genomad_pratama_cached (246),COMPLETED,0,2026-10-05 12:54:26.942,272ms,16ms,62.3%,0,0,130.2 KB,2.1 KB
1419,9a/585274,1374052,p11__deepvirfinder_pratama_cached (256),COMPLETED,0,2026-10-05 12:54:26.908,311ms,6ms,59.3%,0,0,108.4 KB,1.9 KB
1417,5d/d4ef24,1373954,p16__vibrant_pratama_cached (256),COMPLETED,0,2026-10-05 12:54:26.902,328ms,10ms,110.7%,0,0,124.2 KB,2.1 KB
1420,b7/cd280d,1374463,p16__vibrant_pratama_cached (257),COMPLETED,0,2026-10-05 12:54:27.030,226ms,11ms,53.3%,0,0,124.2 KB,2.1 KB
1421,5f/029c4c,1374466,p17__virsorter2_pratama_cached (255),COMPLETED,0,2026-10-05 12:54:27.042,262ms,11ms,54.7%,0,0,124.2 KB,2.1 KB
1418,55/ef97fa,1374237,p17__virsorter2_pratama_cached (254),COMPLETED,0,2026-10-05 12:54:26.973,336ms,12ms,98.7%,0,0,124.2 KB,2.1 KB
1424,de/c612ea,1374629,p16__vibrant_pratama_cached (258),COMPLETED,0,2026-10-05 12:54:27.103,301ms,16ms,46.0%,0,0,124.2 KB,2.1 KB
1422,55/c6ca87,1374788,p18__genomad_pratama_cached (247),COMPLETED,0,2026-10-05 12:54:27.186,260ms,14ms,47.8%,0,0,130.2 KB,2.1 KB
1425,05/9cee47,1374979,p17__virsorter2_pratama_cached (256),COMPLETED,0,2026-10-05 12:54:27.219,261ms,24ms,61.6%,0,0,124.2 KB,2.1 KB
1427,20/d0b779,1374983,p17__virsorter2_pratama_cached (257),COMPLETED,0,2026-10-05 12:54:27.235,251ms,13ms,48.7%,0,0,124.2 KB,2.1 KB
1423,51/046e4e,1374750,p11__deepvirfinder_pratama_cached (257),COMPLETED,0,2026-10-05 12:54:27.164,331ms,4ms,101.1%,0,0,108.4 KB,1.9 KB
1428,f7/b4b320,1375106,p18__genomad_pratama_cached (248),COMPLETED,0,2026-10-05 12:54:27.270,246ms,12ms,46.5%,0,0,130.2 KB,2.1 KB
1426,28/756788,1374980,p11__deepvirfinder_pratama_cached (258),COMPLETED,0,2026-10-05 12:54:27.227,325ms,7ms,37.1%,0,0,108.4 KB,1.9 KB
1429,5e/8a15cd,1375285,p17__virsorter2_pratama_cached (258),COMPLETED,0,2026-10-05 12:54:27.309,341ms,11ms,59.3%,0,0,124.2 KB,2.1 KB
1430,47/2f6077,1375300,p18__genomad_pratama_cached (249),COMPLETED,0,2026-10-05 12:54:27.316,341ms,12ms,50.9%,0,0,130.2 KB,2.1 KB
1431,82/a2a054,1375549,p18__genomad_pratama_cached (250),COMPLETED,0,2026-10-05 12:54:27.410,258ms,9ms,62.7%,0,0,130.2 KB,2.1 KB
1433,53/fdda8e,1375775,p17__virsorter2_pratama_cached (259),COMPLETED,0,2026-10-05 12:54:27.484,212ms,14ms,40.0%,0,0,124.2 KB,2.1 KB
1436,9e/a6bdb7,1375939,p16__vibrant_pratama_cached (260),COMPLETED,0,2026-10-05 12:54:27.524,236ms,25ms,24.0%,0,0,124.2 KB,2.1 KB
1435,18/98c4e1,1375845,p18__genomad_pratama_cached (251),COMPLETED,0,2026-10-05 12:54:27.499,283ms,15ms,77.4%,0,0,130.2 KB,2.1 KB
1432,44/291eda,1375681,p16__vibrant_pratama_cached (259),COMPLETED,0,2026-10-05 12:54:27.451,336ms,8ms,80.3%,0,0,124.2 KB,2.1 KB
1434,d6/1230e7,1375834,p11__deepvirfinder_pratama_cached (259),COMPLETED,0,2026-10-05 12:54:27.491,321ms,13ms,45.6%,0,0,108.4 KB,1.9 KB
1437,1f/cc4ee2,1376082,p17__virsorter2_pratama_cached (260),COMPLETED,0,2026-10-05 12:54:27.557,281ms,10ms,124.7%,0,0,124.2 KB,2.1 KB
1440,c7/6f85ab,1376392,p17__virsorter2_pratama_cached (261),COMPLETED,0,2026-10-05 12:54:27.675,260ms,25ms,32.1%,0,0,124.2 KB,2.1 KB
1438,fa/6277d4,1376296,p11__deepvirfinder_pratama_cached (260),COMPLETED,0,2026-10-05 12:54:27.655,335ms,7ms,42.2%,0,0,108.4 KB,1.9 KB
1439,31/b3e45c,1376327,p18__genomad_pratama_cached (252),COMPLETED,0,2026-10-05 12:54:27.665,316ms,12ms,96.5%,0,0,130.2 KB,2.1 KB
1442,78/5a15b3,1376649,p16__vibrant_pratama_cached (261),COMPLETED,0,2026-10-05 12:54:27.765,249ms,9ms,95.5%,0,0,124.2 KB,2.1 KB
1441,19/7c00cc,1376539,p11__deepvirfinder_pratama_cached (261),COMPLETED,0,2026-10-05 12:54:27.701,324ms,5ms,85.0%,0,0,108.4 KB,1.9 KB
1447,2c/4899c9,1377036,p17__virsorter2_pratama_cached (262),COMPLETED,0,2026-10-05 12:54:27.841,204ms,10ms,55.7%,0,0,124.2 KB,2.1 KB
1443,ad/ce283d,1376751,p18__genomad_pratama_cached (253),COMPLETED,0,2026-10-05 12:54:27.786,318ms,16ms,73.3%,0,0,130.2 KB,2.1 KB
1445,45/8c6d21,1376758,p16__vibrant_pratama_cached (262),COMPLETED,0,2026-10-05 12:54:27.791,340ms,22ms,61.8%,0,0,124.2 KB,2.1 KB
1446,3a/78af2b,1376886,p18__genomad_pratama_cached (254),COMPLETED,0,2026-10-05 12:54:27.816,367ms,24ms,29.4%,0,0,130.2 KB,2.1 KB
1444,1a/acc00a,1377286,p11__deepvirfinder_pratama_cached (262),COMPLETED,0,2026-10-05 12:54:27.940,336ms,4ms,120.8%,0,0,108.4 KB,1.9 KB
1450,19/3e0a0f,1377534,p17__virsorter2_pratama_cached (263),COMPLETED,0,2026-10-05 12:54:28.029,273ms,14ms,70.1%,0,0,124.2 KB,2.1 KB
1449,f8/4a2046,1377524,p16__vibrant_pratama_cached (263),COMPLETED,0,2026-10-05 12:54:27.993,324ms,11ms,39.2%,0,0,124.2 KB,2.1 KB
1452,a1/c79c92,1377545,p11__deepvirfinder_pratama_cached (264),COMPLETED,0,2026-10-05 12:54:28.049,295ms,5ms,63.8%,0,0,108.4 KB,1.9 KB
1451,08/d70efc,1377528,p18__genomad_pratama_cached (255),COMPLETED,0,2026-10-05 12:54:28.017,350ms,13ms,35.1%,0,0,130.2 KB,2.1 KB
1453,40/42575d,1377811,p17__virsorter2_pratama_cached (264),COMPLETED,0,2026-10-05 12:54:28.111,260ms,12ms,86.9%,0,0,124.2 KB,2.1 KB
1448,5a/46fb90,1377518,p11__deepvirfinder_pratama_cached (263),COMPLETED,0,2026-10-05 12:54:27.989,406ms,8ms,47.9%,0,0,108.4 KB,1.9 KB
1455,52/1efdf2,1378072,p16__vibrant_pratama_cached (264),COMPLETED,0,2026-10-05 12:54:28.187,280ms,8ms,72.2%,0,0,124.2 KB,2.1 KB
1454,20/89ee33,1377847,p18__genomad_pratama_cached (256),COMPLETED,0,2026-10-05 12:54:28.135,357ms,18ms,75.6%,0,0,130.2 KB,2.1 KB
1457,92/f2b21e,1378306,p17__virsorter2_pratama_cached (265),COMPLETED,0,2026-10-05 12:54:28.306,254ms,10ms,59.4%,0,0,124.2 KB,2.1 KB
1456,04/55c254,1378227,p11__deepvirfinder_pratama_cached (265),COMPLETED,0,2026-10-05 12:54:28.281,308ms,5ms,87.3%,0,0,108.4 KB,1.9 KB
1458,e8/e9f81f,1378360,p18__genomad_pratama_cached (257),COMPLETED,0,2026-10-05 12:54:28.321,302ms,31ms,54.0%,0,0,130.2 KB,2.1 KB
1459,20/7cd75b,1378456,p11__deepvirfinder_pratama_cached (266),COMPLETED,0,2026-10-05 12:54:28.349,327ms,8ms,29.2%,0,0,108.4 KB,1.9 KB
1460,d6/d764eb,1378579,p16__vibrant_pratama_cached (265),COMPLETED,0,2026-10-05 12:54:28.371,338ms,11ms,105.8%,0,0,124.2 KB,2.1 KB
1462,dd/a2998e,1378679,p17__virsorter2_pratama_cached (266),COMPLETED,0,2026-10-05 12:54:28.401,371ms,7ms,46.2%,0,0,124.2 KB,2.1 KB
1463,36/ef1bf2,1378856,p16__vibrant_pratama_cached (266),COMPLETED,0,2026-10-05 12:54:28.471,309ms,21ms,32.7%,0,0,124.2 KB,2.1 KB
1466,55/1b3d7a,1379174,p17__virsorter2_pratama_cached (267),COMPLETED,0,2026-10-05 12:54:28.594,218ms,9ms,104.9%,0,0,124.2 KB,2.1 KB
1461,44/e0d3a3,1378586,p11__deepvirfinder_pratama_cached (267),COMPLETED,0,2026-10-05 12:54:28.376,482ms,8ms,62.1%,0,0,108.4 KB,1.9 KB
1464,08/d187e7,1378914,p18__genomad_pratama_cached (258),COMPLETED,0,2026-10-05 12:54:28.497,354ms,18ms,41.9%,0,0,130.2 KB,2.1 KB
1467,6e/6860ff,1379282,p11__deepvirfinder_pratama_cached (268),COMPLETED,0,2026-10-05 12:54:28.629,253ms,5ms,93.7%,0,0,108.4 KB,1.9 KB
1465,70/40a26e,1379107,p16__vibrant_pratama_cached (267),COMPLETED,0,2026-10-05 12:54:28.565,324ms,23ms,65.9%,0,0,124.2 KB,2.1 KB
1468,c5/590721,1379589,p18__genomad_pratama_cached (259),COMPLETED,0,2026-10-05 12:54:28.681,247ms,10ms,57.7%,0,0,130.2 KB,2.1 KB
1469,04/4e83e9,1379852,p11__deepvirfinder_pratama_cached (269),COMPLETED,0,2026-10-05 12:54:28.713,259ms,5ms,83.1%,0,0,108.4 KB,1.9 KB
1471,a2/d6d1a3,1380003,p17__virsorter2_pratama_cached (268),COMPLETED,0,2026-10-05 12:54:28.784,246ms,25ms,27.9%,0,0,124.2 KB,2.1 KB
1470,98/8dc058,1379968,p16__vibrant_pratama_cached (268),COMPLETED,0,2026-10-05 12:54:28.777,300ms,8ms,76.5%,0,0,124.2 KB,2.1 KB
1473,b8/64db38,1380224,p11__deepvirfinder_pratama_cached (270),COMPLETED,0,2026-10-05 12:54:28.857,301ms,5ms,78.7%,0,0,108.4 KB,1.9 KB
1475,03/3cbe68,1380366,p17__virsorter2_pratama_cached (269),COMPLETED,0,2026-10-05 12:54:28.887,279ms,14ms,38.6%,0,0,124.2 KB,2.1 KB
1477,2e/4e6deb,1380534,p11__deepvirfinder_pratama_cached (271),COMPLETED,0,2026-10-05 12:54:28.932,249ms,6ms,44.3%,0,0,108.4 KB,1.9 KB
1474,1e/05b0e2,1380233,p18__genomad_pratama_cached (261),COMPLETED,0,2026-10-05 12:54:28.861,327ms,20ms,71.9%,0,0,130.2 KB,2.1 KB
1472,ab/2b1c70,1380144,p18__genomad_pratama_cached (260),COMPLETED,0,2026-10-05 12:54:28.817,390ms,32ms,46.8%,0,0,130.2 KB,2.1 KB
1476,5c/812ff4,1380461,p16__vibrant_pratama_cached (269),COMPLETED,0,2026-10-05 12:54:28.894,333ms,16ms,81.2%,0,0,124.2 KB,2.1 KB
1478,6b/2b5988,1380737,p17__virsorter2_pratama_cached (270),COMPLETED,0,2026-10-05 12:54:28.976,298ms,31ms,53.6%,0,0,124.2 KB,2.1 KB
1479,6f/6d6f1a,1380836,p18__genomad_pratama_cached (262),COMPLETED,0,2026-10-05 12:54:29.037,274ms,16ms,46.3%,0,0,130.2 KB,2.1 KB
1480,08/85894a,1380972,p11__deepvirfinder_pratama_cached (272),COMPLETED,0,2026-10-05 12:54:29.083,283ms,4ms,107.3%,0,0,108.4 KB,1.9 KB
1483,9e/7d49b1,1381248,p16__vibrant_pratama_cached (271),COMPLETED,0,2026-10-05 12:54:29.187,197ms,13ms,45.6%,0,0,124.2 KB,2.1 KB
1481,b2/60d924,1381112,p16__vibrant_pratama_cached (270),COMPLETED,0,2026-10-05 12:54:29.163,315ms,12ms,56.0%,0,0,124.2 KB,2.1 KB
1482,c4/9dea0d,1381148,p11__deepvirfinder_pratama_cached (273),COMPLETED,0,2026-10-05 12:54:29.175,335ms,5ms,0.0%,0,0,108.4 KB,1.9 KB
1486,80/af957c,1381424,p11__deepvirfinder_pratama_cached (274),COMPLETED,0,2026-10-05 12:54:29.234,295ms,7ms,92.1%,0,0,108.4 KB,1.9 KB
1484,d1/d69577,1381308,p17__virsorter2_pratama_cached (271),COMPLETED,0,2026-10-05 12:54:29.194,347ms,15ms,77.6%,0,0,124.2 KB,2.1 KB
1487,11/77b765,1381587,p16__vibrant_pratama_cached (272),COMPLETED,0,2026-10-05 12:54:29.281,292ms,11ms,60.4%,0,0,124.2 KB,2.1 KB
1489,82/3576ef,1381896,p18__genomad_pratama_cached (264),COMPLETED,0,2026-10-05 12:54:29.371,240ms,13ms,52.0%,0,0,130.2 KB,2.1 KB
1488,5e/9329f0,1381745,p17__virsorter2_pratama_cached (272),COMPLETED,0,2026-10-05 12:54:29.316,303ms,9ms,75.3%,0,0,124.2 KB,2.1 KB
1490,48/d7043e,1381936,p11__deepvirfinder_pratama_cached (275),COMPLETED,0,2026-10-05 12:54:29.389,264ms,6ms,83.8%,0,0,108.4 KB,1.9 KB
1485,b4/a176d5,1381339,p18__genomad_pratama_cached (263),COMPLETED,0,2026-10-05 12:54:29.213,475ms,18ms,73.4%,0,0,130.2 KB,2.1 KB
1493,e0/bde422,1382249,p11__deepvirfinder_pratama_cached (276),COMPLETED,0,2026-10-05 12:54:29.535,208ms,5ms,89.7%,0,0,108.4 KB,1.9 KB
1499,40/a837da,1382853,p11__deepvirfinder_pratama_cached (278),COMPLETED,0,2026-10-05 12:54:29.694,355ms,9ms,53.3%,0,0,108.4 KB,1.9 KB
1491,28/476c9d,1382114,p16__vibrant_pratama_cached (273),COMPLETED,0,2026-10-05 12:54:29.483,572ms,8ms,74.1%,0,0,124.2 KB,2.1 KB
1496,a8/424326,1382535,p11__deepvirfinder_pratama_cached (277),COMPLETED,0,2026-10-05 12:54:29.617,438ms,6ms,146.6%,0,0,108.4 KB,1.9 KB
1495,2f/e84581,1382425,p16__vibrant_pratama_cached (275),COMPLETED,0,2026-10-05 12:54:29.582,493ms,8ms,71.1%,0,0,124.2 KB,2.1 KB
1494,c1/86098e,1382285,p16__vibrant_pratama_cached (274),COMPLETED,0,2026-10-05 12:54:29.545,532ms,15ms,100.8%,0,0,124.2 KB,2.1 KB
1492,54/a69097,1382218,p17__virsorter2_pratama_cached (273),COMPLETED,0,2026-10-05 12:54:29.516,562ms,12ms,58.4%,0,0,124.2 KB,2.1 KB
1497,d5/cac7ca,1382594,p18__genomad_pratama_cached (265),COMPLETED,0,2026-10-05 12:54:29.624,454ms,15ms,44.5%,0,0,130.2 KB,2.1 KB
1498,52/b70f14,1382717,p17__virsorter2_pratama_cached (274),COMPLETED,0,2026-10-05 12:54:29.659,419ms,12ms,53.9%,0,0,124.2 KB,2.1 KB
1500,e2/5a0b54,1383083,p16__vibrant_pratama_cached (276),COMPLETED,0,2026-10-05 12:54:30.048,241ms,13ms,55.5%,0,0,124.2 KB,2.1 KB
1504,d9/95de2d,1383167,p11__deepvirfinder_pratama_cached (279),COMPLETED,0,2026-10-05 12:54:30.067,299ms,10ms,52.2%,0,0,108.4 KB,1.9 KB
1503,e6/21ccf9,1383158,p16__vibrant_pratama_cached (277),COMPLETED,0,2026-10-05 12:54:30.061,319ms,14ms,47.5%,0,0,124.2 KB,2.1 KB
1506,58/f7e607,1383523,p11__deepvirfinder_pratama_cached (280),COMPLETED,0,2026-10-05 12:54:30.087,313ms,7ms,60.0%,0,0,108.4 KB,1.9 KB
1502,44/cb6af3,1383172,p18__genomad_pratama_cached (266),COMPLETED,0,2026-10-05 12:54:30.073,333ms,17ms,33.9%,0,0,130.2 KB,2.1 KB
1510,06/e58dd1,1383545,p11__deepvirfinder_pratama_cached (281),COMPLETED,0,2026-10-05 12:54:30.118,299ms,7ms,46.4%,0,0,108.4 KB,1.9 KB
1505,15/60ac15,1383513,p17__virsorter2_pratama_cached (276),COMPLETED,0,2026-10-05 12:54:30.082,352ms,37ms,20.3%,0,0,124.2 KB,2.1 KB
1501,c4/9db2ee,1383155,p17__virsorter2_pratama_cached (275),COMPLETED,0,2026-10-05 12:54:30.054,409ms,12ms,42.7%,0,0,124.2 KB,2.1 KB
1507,dd/ab5454,1383536,p16__vibrant_pratama_cached (278),COMPLETED,0,2026-10-05 12:54:30.092,386ms,27ms,24.5%,0,0,124.2 KB,2.1 KB
1508,34/67d114,1383535,p17__virsorter2_pratama_cached (277),COMPLETED,0,2026-10-05 12:54:30.097,413ms,17ms,71.8%,0,0,124.2 KB,2.1 KB
1511,fa/71ff54,1384041,p16__vibrant_pratama_cached (279),COMPLETED,0,2026-10-05 12:54:30.296,246ms,10ms,75.3%,0,0,124.2 KB,2.1 KB
1509,9e/27360a,1384155,p18__genomad_pratama_cached (267),COMPLETED,0,2026-10-05 12:54:30.372,264ms,19ms,37.9%,0,0,130.2 KB,2.1 KB
1512,cb/aec2c2,1384174,p17__virsorter2_pratama_cached (278),COMPLETED,0,2026-10-05 12:54:30.385,295ms,11ms,60.0%,0,0,124.2 KB,2.1 KB
1514,49/dfe360,1384388,p18__genomad_pratama_cached (268),COMPLETED,0,2026-10-05 12:54:30.415,312ms,18ms,63.6%,0,0,130.2 KB,2.1 KB
1513,c1/1554c2,1384292,p11__deepvirfinder_pratama_cached (282),COMPLETED,0,2026-10-05 12:54:30.405,359ms,8ms,50.4%,0,0,108.4 KB,1.9 KB
1515,63/41f79f,1384403,p16__vibrant_pratama_cached (280),COMPLETED,0,2026-10-05 12:54:30.423,347ms,15ms,34.0%,0,0,124.2 KB,2.1 KB
1520,86/020fc2,1384891,p11__deepvirfinder_pratama_cached (284),COMPLETED,0,2026-10-05 12:54:30.547,235ms,8ms,51.2%,0,0,108.4 KB,1.9 KB
1519,76/d8d90e,1384851,p17__virsorter2_pratama_cached (280),COMPLETED,0,2026-10-05 12:54:30.536,261ms,13ms,48.2%,0,0,124.2 KB,2.1 KB
1517,bf/3fc3db,1384576,p11__deepvirfinder_pratama_cached (283),COMPLETED,0,2026-10-05 12:54:30.474,343ms,7ms,34.0%,0,0,108.4 KB,1.9 KB
1516,92/76134f,1384448,p17__virsorter2_pratama_cached (279),COMPLETED,0,2026-10-05 12:54:30.440,385ms,23ms,53.4%,0,0,124.2 KB,2.1 KB
1518,77/fc58d4,1384839,p18__genomad_pratama_cached (269),COMPLETED,0,2026-10-05 12:54:30.488,344ms,15ms,39.3%,0,0,130.2 KB,2.1 KB
1522,e9/2ffaad,1385181,p11__deepvirfinder_pratama_cached (285),COMPLETED,0,2026-10-05 12:54:30.644,267ms,5ms,92.3%,0,0,108.4 KB,1.9 KB
1523,af/925726,1385335,p16__vibrant_pratama_cached (282),COMPLETED,0,2026-10-05 12:54:30.686,257ms,10ms,63.8%,0,0,124.2 KB,2.1 KB
1524,fb/130815,1385419,p17__virsorter2_pratama_cached (281),COMPLETED,0,2026-10-05 12:54:30.733,249ms,12ms,60.0%,0,0,124.2 KB,2.1 KB
1526,14/e69fdb,1385555,p11__deepvirfinder_pratama_cached (286),COMPLETED,0,2026-10-05 12:54:30.776,264ms,12ms,41.5%,0,0,108.4 KB,1.9 KB
1527,a8/a4a3c6,1385621,p16__vibrant_pratama_cached (283),COMPLETED,0,2026-10-05 12:54:30.788,336ms,22ms,29.3%,0,0,124.2 KB,2.1 KB
1531,a5/16dec6,1385922,p16__vibrant_pratama_cached (284),COMPLETED,0,2026-10-05 12:54:30.836,295ms,12ms,72.5%,0,0,124.2 KB,2.1 KB
1529,fa/ae5876,1385755,p18__genomad_pratama_cached (271),COMPLETED,0,2026-10-05 12:54:30.823,308ms,22ms,31.5%,0,0,130.2 KB,2.1 KB
1528,6d/7d0345,1385670,p17__virsorter2_pratama_cached (282),COMPLETED,0,2026-10-05 12:54:30.802,361ms,18ms,17.2%,0,0,124.2 KB,2.1 KB
1525,67/384877,1385548,p18__genomad_pratama_cached (270),COMPLETED,0,2026-10-05 12:54:30.769,388ms,20ms,50.3%,0,0,130.2 KB,2.1 KB
1530,33/5ec8f4,1385910,p17__virsorter2_pratama_cached (283),COMPLETED,0,2026-10-05 12:54:30.830,347ms,11ms,31.8%,0,0,124.2 KB,2.1 KB
1534,09/991551,1386740,p16__vibrant_pratama_cached (285),COMPLETED,0,2026-10-05 12:54:30.988,206ms,10ms,63.8%,0,0,124.2 KB,2.1 KB
1532,3d/c176c8,1386415,p18__genomad_pratama_cached (272),COMPLETED,0,2026-10-05 12:54:30.949,285ms,13ms,50.9%,0,0,130.2 KB,2.1 KB
1535,24/c7772b,1386890,p18__genomad_pratama_cached (273),COMPLETED,0,2026-10-05 12:54:31.050,270ms,20ms,75.3%,0,0,130.2 KB,2.1 KB
1533,e2/d06e0c,1386314,p17__virsorter2_pratama_cached (284),COMPLETED,0,2026-10-05 12:54:30.919,453ms,24ms,59.2%,0,0,124.2 KB,2.1 KB
1540,ca/5f2bbb,1387214,p18__genomad_pratama_cached (275),COMPLETED,0,2026-10-05 12:54:31.168,268ms,49ms,16.6%,0,0,130.2 KB,2.1 KB
1536,35/1644cc,1387186,p17__virsorter2_pratama_cached (285),COMPLETED,0,2026-10-05 12:54:31.130,370ms,15ms,37.2%,0,0,124.2 KB,2.1 KB
1541,30/b07521,1387216,p18__genomad_pratama_cached (276),COMPLETED,0,2026-10-05 12:54:31.185,329ms,28ms,29.6%,0,0,130.2 KB,2.1 KB
1542,76/6ab769,1387291,p18__genomad_pratama_cached (277),COMPLETED,0,2026-10-05 12:54:31.206,321ms,33ms,20.7%,0,0,130.2 KB,2.1 KB
1537,de/7e1553,1387193,p16__vibrant_pratama_cached (286),COMPLETED,0,2026-10-05 12:54:31.136,413ms,21ms,54.1%,0,0,124.2 KB,2.1 KB
1538,e0/eb834b,1387195,p17__virsorter2_pratama_cached (286),COMPLETED,0,2026-10-05 12:54:31.156,402ms,19ms,29.3%,0,0,124.2 KB,2.1 KB
1544,07/e9737a,1387745,p18__genomad_pratama_cached (279),COMPLETED,0,2026-10-05 12:54:31.327,237ms,18ms,80.2%,0,0,130.2 KB,2.1 KB
1539,f6/93222a,1387203,p18__genomad_pratama_cached (274),COMPLETED,0,2026-10-05 12:54:31.163,401ms,26ms,25.7%,0,0,130.2 KB,2.1 KB
1543,40/44dbe7,1387495,p18__genomad_pratama_cached (278),COMPLETED,0,2026-10-05 12:54:31.240,354ms,31ms,45.3%,0,0,130.2 KB,2.1 KB
1545,58/64fb9a,1387936,p18__genomad_pratama_cached (280),COMPLETED,0,2026-10-05 12:54:31.383,256ms,11ms,63.6%,0,0,130.2 KB,2.1 KB
1546,97/5e762e,1388063,p18__genomad_pratama_cached (281),COMPLETED,0,2026-10-05 12:54:31.449,257ms,18ms,43.5%,0,0,130.2 KB,2.1 KB
1547,03/5092db,1388186,p18__genomad_pratama_cached (282),COMPLETED,0,2026-10-05 12:54:31.511,246ms,17ms,39.8%,0,0,130.2 KB,2.1 KB
1549,15/5d46e7,1388254,p18__genomad_pratama_cached (284),COMPLETED,0,2026-10-05 12:54:31.531,252ms,30ms,24.8%,0,0,130.2 KB,2.1 KB
1548,5c/eed9ed,1388243,p18__genomad_pratama_cached (283),COMPLETED,0,2026-10-05 12:54:31.521,271ms,20ms,35.6%,0,0,130.2 KB,2.1 KB
1550,49/f91558,1388572,p18__genomad_pratama_cached (285),COMPLETED,0,2026-10-05 12:54:31.555,331ms,14ms,90.1%,0,0,130.2 KB,2.1 KB
1551,13/c76c4e,1388609,p18__genomad_pratama_cached (286),COMPLETED,0,2026-10-05 12:54:31.563,331ms,17ms,81.2%,0,0,130.2 KB,2.1 KB
196,4b/a96607,63015554_0,p05__spades_pratama_noec (1),COMPLETED,0,2026-10-05 12:53:48.803,1h 36m 13s,1h 34m 16s,0.2%,189.5 MB,9.2 GB,872.6 MB,940.9 MB
200,ee/f11029,63015554_2,p05__spades_pratama_noec (3),COMPLETED,0,2026-10-05 12:53:48.803,1h 38m 33s,1h 20m 44s,0.2%,186.9 MB,9 GB,860.9 MB,929.4 MB
197,c8/4ab581,63015554_1,p05__spades_pratama_noec (2),COMPLETED,0,2026-10-05 12:53:48.803,1h 39m 43s,1h 25m 53s,0.3%,191.7 MB,9.2 GB,951.2 MB,1019.6 MB
219,30/279f66,63015554_10,p05__spades_pratama_noec (11),COMPLETED,0,2026-10-05 12:53:48.803,3h 47m 53s,2h 9m 22s,0.1%,188.1 MB,9 GB,1.6 GB,1.6 GB
208,30/b22c46,63015553_4,p06__spades_hybrid_pratama_noec (4),COMPLETED,0,2026-10-05 12:53:45.187,4h 9m 17s,3h 1m 41s,0.1%,189.7 MB,9.2 GB,1.2 GB,1.3 GB
222,c6/fa6df1,63015554_11,p05__spades_pratama_noec (12),COMPLETED,0,2026-10-05 12:53:48.803,4h 10m 13s,2h 31m 47s,0.1%,189.4 MB,9.2 GB,1.9 GB,1.9 GB
202,e5/f4d8d0,63015554_3,p05__spades_pratama_noec (4),COMPLETED,0,2026-10-05 12:53:48.803,4h 34m 35s,3h 15m 26s,0.1%,191.2 MB,9.2 GB,2.3 GB,2.4 GB
217,fb/eb2318,63015554_9,p05__spades_pratama_noec (10),COMPLETED,0,2026-10-05 12:53:48.803,4h 36m 23s,3h 1m 50s,0.1%,188.2 MB,9 GB,2.1 GB,2.1 GB
211,94/869581,63015554_7,p05__spades_pratama_noec (8),COMPLETED,0,2026-10-05 12:53:48.803,4h 36m 43s,3h 6m 6s,0.1%,190.3 MB,9.3 GB,2.4 GB,2.5 GB
204,a8/577cac,63015554_4,p05__spades_pratama_noec (5),COMPLETED,0,2026-10-05 12:53:48.803,4h 40m 23s,3h 21m 10s,0.1%,186.9 MB,8.9 GB,2.4 GB,2.5 GB
213,5c/249dcf,63015554_8,p05__spades_pratama_noec (9),COMPLETED,0,2026-10-05 12:53:48.803,4h 44m 3s,3h 13m 21s,0.1%,191.9 MB,9.2 GB,2.3 GB,2.4 GB
207,e7/6c3aec,63015554_5,p05__spades_pratama_noec (6),COMPLETED,0,2026-10-05 12:53:48.803,4h 53m 15s,3h 30m 16s,0.1%,191.6 MB,9.2 GB,2.6 GB,2.7 GB
236,e1/53ee8e,63015554_16,p05__spades_pratama_noec (17),COMPLETED,0,2026-10-05 12:53:48.803,5h 5m 3s,3h 10m 30s,0.1%,189.3 MB,9.2 GB,1.2 GB,1.3 GB
209,8c/250780,63015554_6,p05__spades_pratama_noec (7),COMPLETED,0,2026-10-05 12:53:48.803,5h 10m 13s,3h 43m 23s,0.1%,191.8 MB,9.2 GB,2.4 GB,2.4 GB
344,0b/e044fa,63015554_38,p05__spades_pratama_noec (39),COMPLETED,0,2026-10-05 12:53:48.803,5h 12m 25s,1h 13m 43s,0.2%,190.6 MB,9.2 GB,742.6 MB,811 MB
238,14/5aed52,63015554_17,p05__spades_pratama_noec (18),COMPLETED,0,2026-10-05 12:53:48.803,5h 24m 23s,3h 21m 54s,0.1%,188.8 MB,9.2 GB,1.6 GB,1.6 GB
346,50/2f27c7,63015554_39,p05__spades_pratama_noec (40),COMPLETED,0,2026-10-05 12:53:48.803,5h 32m 3s,1h 33m 20s,0.2%,189.2 MB,9 GB,791.9 MB,860.2 MB
244,7e/0dd739,63015554_18,p05__spades_pratama_noec (19),COMPLETED,0,2026-10-05 12:53:48.803,5h 41m 13s,3h 22m 59s,0.1%,189.1 MB,9.3 GB,1.6 GB,1.7 GB
218,43/c4ce60,63015553_7,p06__spades_hybrid_pratama_noec (8),COMPLETED,0,2026-10-05 12:53:45.187,5h 48m 29s,3h 46m 4s,0.1%,190.4 MB,9.2 GB,1.5 GB,1.6 GB
314,bd/264e0f,63015554_32,p05__spades_pratama_noec (33),COMPLETED,0,2026-10-05 12:53:48.803,5h 51m 53s,2h 13m 32s,0.2%,190.4 MB,9.2 GB,1.4 GB,1.5 GB
215,ee/a34acc,63015553_6,p06__spades_hybrid_pratama_noec (7),COMPLETED,0,2026-10-05 12:53:45.187,5h 56m 39s,4h 17m 56s,0.1%,188.9 MB,9.2 GB,1.7 GB,1.8 GB
374,56/024e3d,63015554_46,p05__spades_pratama_noec (47),COMPLETED,0,2026-10-05 12:53:48.803,5h 57m 13s,1h 46m 34s,0.2%,191.7 MB,9.2 GB,917.3 MB,985.6 MB
363,0b/292522,63015554_43,p05__spades_pratama_noec (44),COMPLETED,0,2026-10-05 12:53:48.803,5h 58m 23s,1h 51m 43s,0.2%,191.4 MB,9.2 GB,1.3 GB,1.4 GB
338,bb/7a3106,63015554_37,p05__spades_pratama_noec (38),COMPLETED,0,2026-10-05 12:53:48.803,6h 2m 34s,2h 11m 57s,0.2%,187.5 MB,9.2 GB,1.1 GB,1.2 GB
230,19/449e9e,63015554_14,p05__spades_pratama_noec (15),COMPLETED,0,2026-10-05 12:53:48.803,6h 11m 54s,4h 21m 22s,0.1%,185.7 MB,9.1 GB,3 GB,3.1 GB
387,f5/007281,63015554_49,p05__spades_pratama_noec (50),COMPLETED,0,2026-10-05 12:53:48.803,6h 14m 54s,1h 56m 22s,0.2%,190.2 MB,9.2 GB,897.7 MB,966.1 MB
212,16/bb4677,63015553_5,p06__spades_hybrid_pratama_noec (6),COMPLETED,0,2026-10-05 12:53:45.187,6h 30m 47s,5h 11m 32s,0.1%,191 MB,9.3 GB,1.8 GB,1.9 GB
365,65/ba0411,63015554_44,p05__spades_pratama_noec (45),COMPLETED,0,2026-10-05 12:53:48.803,6h 30m 55s,2h 24m 4s,0.1%,189.5 MB,9.2 GB,1.4 GB,1.4 GB
326,d8/8753ec,63015554_34,p05__spades_pratama_noec (35),COMPLETED,0,2026-10-05 12:53:48.803,6h 37m 4s,2h 54m 40s,0.2%,191.3 MB,9.4 GB,2.6 GB,2.7 GB
294,d5/a0fe4a,63015554_27,p05__spades_pratama_noec (28),COMPLETED,0,2026-10-05 12:53:48.803,6h 40m 15s,3h 9m 49s,0.1%,190.5 MB,9.1 GB,2.7 GB,2.8 GB
420,84/0dc9c7,63015554_56,p05__spades_pratama_noec (57),COMPLETED,0,2026-10-05 12:53:48.803,6h 41m 44s,1h 59m 21s,0.2%,188.8 MB,9.2 GB,1.5 GB,1.5 GB
233,fc/e900a2,63015554_15,p05__spades_pratama_noec (16),COMPLETED,0,2026-10-05 12:53:48.803,6h 44m 24s,4h 49m 56s,0.1%,189.2 MB,9.2 GB,3.1 GB,3.2 GB
210,b4/4cfec3,63015553_3,p06__spades_hybrid_pratama_noec (5),COMPLETED,0,2026-10-05 12:53:45.187,6h 47m 27s,5h 39m 52s,0.1%,191.4 MB,9.2 GB,3.3 GB,3.4 GB
227,8e/79da7e,63015554_13,p05__spades_pratama_noec (14),COMPLETED,0,2026-10-05 12:53:48.803,6h 48m 14s,5h 1m 43s,0.1%,191.5 MB,9.2 GB,3 GB,3.1 GB
369,bc/7fdaa5,63015554_45,p05__spades_pratama_noec (46),COMPLETED,0,2026-10-05 12:53:48.803,6h 59m 54s,2h 53m 10s,0.1%,191.7 MB,9.2 GB,1.5 GB,1.5 GB
330,c4/be3121,63015554_35,p05__spades_pratama_noec (36),COMPLETED,0,2026-10-05 12:53:48.803,7h 1m 24s,3h 14m 46s,0.1%,190 MB,9.2 GB,1.8 GB,1.9 GB
319,54/b5e3da,63015554_33,p05__spades_pratama_noec (34),COMPLETED,0,2026-10-05 12:53:48.803,7h 5m 24s,3h 22m 58s,0.1%,189.7 MB,9.2 GB,3 GB,3 GB
352,1c/ca4b6f,63015554_41,p05__spades_pratama_noec (42),COMPLETED,0,2026-10-05 12:53:48.803,7h 5m 24s,3h 2m 39s,0.1%,188.7 MB,9.2 GB,1.6 GB,1.7 GB
203,5b/0930bc,63015553_1,p06__spades_hybrid_pratama_noec (2),COMPLETED,0,2026-10-05 12:53:45.187,7h 6m 7s,6h 45m 7s,0.1%,186.7 MB,8.8 GB,3.5 GB,3.6 GB
199,eb/2bbc6c,63015553_0,p06__spades_hybrid_pratama_noec (1),COMPLETED,0,2026-10-05 12:53:45.187,7h 13m 27s,6h 52m 34s,0.1%,191.6 MB,9.1 GB,3.4 GB,3.5 GB
378,2e/37fef6,63015554_47,p05__spades_pratama_noec (48),COMPLETED,0,2026-10-05 12:53:48.803,7h 14m 34s,2h 59m 58s,0.1%,188.6 MB,9.1 GB,1.4 GB,1.5 GB
359,14/b69706,63015554_42,p05__spades_pratama_noec (43),COMPLETED,0,2026-10-05 12:53:48.803,7h 15m 14s,3h 12m 30s,0.1%,190.6 MB,9.1 GB,1.5 GB,1.6 GB
284,7a/75bb2c,63015554_25,p05__spades_pratama_noec (26),COMPLETED,0,2026-10-05 12:53:48.803,7h 20m 4s,3h 53m 39s,0.1%,191.4 MB,9.1 GB,2.6 GB,2.7 GB
206,5d/a894b7,63015553_2,p06__spades_hybrid_pratama_noec (3),COMPLETED,0,2026-10-05 12:53:45.187,7h 20m 27s,6h 20m 30s,0.1%,192.7 MB,9.2 GB,2.8 GB,2.9 GB
224,c2/ffc41e,63015553_9,p06__spades_hybrid_pratama_noec (10),COMPLETED,0,2026-10-05 12:53:45.187,7h 21m 37s,3h 59m,0.1%,190 MB,9.2 GB,1.6 GB,1.6 GB
225,8a/c222f6,63015554_12,p05__spades_pratama_noec (13),COMPLETED,0,2026-10-05 12:53:48.803,7h 22m 54s,5h 36m 21s,0.1%,190.5 MB,9.2 GB,3.2 GB,3.3 GB
220,af/bcb870,63015553_8,p06__spades_hybrid_pratama_noec (9),COMPLETED,0,2026-10-05 12:53:45.187,7h 23m 47s,4h 42m 50s,0.1%,188.9 MB,9.1 GB,1.6 GB,1.7 GB
289,8e/644b6d,63015554_26,p05__spades_pratama_noec (27),COMPLETED,0,2026-10-05 12:53:48.803,7h 26m 36s,3h 56m 11s,0.1%,190.3 MB,9.2 GB,2.4 GB,2.5 GB
424,cd/20baa9,63015554_57,p05__spades_pratama_noec (58),COMPLETED,0,2026-10-05 12:53:48.803,7h 28m 14s,2h 45m 49s,0.1%,191.9 MB,9.2 GB,1.8 GB,1.9 GB
431,a0/1dab9f,63015554_60,p05__spades_pratama_noec (61),COMPLETED,0,2026-10-05 12:53:48.803,7h 29m 54s,2h 39m 29s,0.2%,186.9 MB,9.1 GB,1.6 GB,1.7 GB
390,12/41c870,63015554_50,p05__spades_pratama_noec (51),COMPLETED,0,2026-10-05 12:53:48.803,7h 33m 4s,3h 14m 25s,0.1%,190 MB,9.2 GB,2.1 GB,2.2 GB
335,7f/9a413e,63015554_36,p05__spades_pratama_noec (37),COMPLETED,0,2026-10-05 12:53:48.803,7h 44m 46s,3h 58m 3s,0.1%,187 MB,8.8 GB,2.3 GB,2.4 GB
407,6a/a4ca2a,63015554_53,p05__spades_pratama_noec (54),COMPLETED,0,2026-10-05 12:53:48.803,7h 57m 38s,3h 19m 8s,0.1%,190.7 MB,9.2 GB,2 GB,2 GB
255,7c/acaa93,63015554_20,p05__spades_pratama_noec (21),COMPLETED,0,2026-10-05 12:53:48.803,8h 17m 44s,5h 29m 24s,0.1%,189.4 MB,9.4 GB,3.4 GB,3.5 GB
399,09/4acd18,63015554_51,p05__spades_pratama_noec (52),COMPLETED,0,2026-10-05 12:53:48.803,8h 17m 44s,3h 55m 6s,0.1%,190.9 MB,9.1 GB,2.2 GB,2.2 GB
249,01/bee25c,63015554_19,p05__spades_pratama_noec (20),COMPLETED,0,2026-10-05 12:53:48.803,8h 33m 14s,5h 44m 58s,0.1%,188 MB,9.1 GB,3.6 GB,3.7 GB
265,8e/f6e71a,63015554_22,p05__spades_pratama_noec (23),COMPLETED,0,2026-10-05 12:53:48.803,8h 35m 24s,5h 24m 42s,0.1%,192.8 MB,9.2 GB,3.6 GB,3.7 GB
270,46/974f12,63015554_23,p05__spades_pratama_noec (24),COMPLETED,0,2026-10-05 12:53:48.803,8h 37m 15s,5h 22m 34s,0.1%,190 MB,9.3 GB,3.6 GB,3.7 GB
280,8f/861abc,63015554_24,p05__spades_pratama_noec (25),COMPLETED,0,2026-10-05 12:53:48.803,8h 40m 27s,5h 17m 50s,0.1%,192.1 MB,9.3 GB,3.7 GB,3.8 GB
259,24/9cd569,63015554_21,p05__spades_pratama_noec (22),COMPLETED,0,2026-10-05 12:53:48.803,8h 41m 34s,5h 30m 47s,0.1%,190.9 MB,9.2 GB,3.5 GB,3.6 GB
309,63/d4520b,63015554_31,p05__spades_pratama_noec (32),COMPLETED,0,2026-10-05 12:53:48.803,8h 45m 54s,5h 7m 30s,0.1%,191.4 MB,9.4 GB,2.9 GB,3 GB
433,8f/073a0f,63015554_61,p05__spades_pratama_noec (62),COMPLETED,0,2026-10-05 12:53:48.803,8h 46m 4s,3h 51m 42s,0.1%,189.1 MB,9.2 GB,2.3 GB,2.4 GB
350,c7/780148,63015554_40,p05__spades_pratama_noec (41),COMPLETED,0,2026-10-05 12:53:48.803,8h 48m 4s,4h 45m 18s,0.1%,190.3 MB,9.2 GB,2.7 GB,2.8 GB
428,3a/a0d8aa,63015554_59,p05__spades_pratama_noec (60),COMPLETED,0,2026-10-05 12:53:48.803,8h 51m 34s,4h 5m 12s,0.1%,189.8 MB,9.1 GB,2.4 GB,2.5 GB
412,65/f33b00,63015554_54,p05__spades_pratama_noec (55),COMPLETED,0,2026-10-05 12:53:48.803,8h 52m 54s,4h 14m 27s,0.1%,190.2 MB,9.2 GB,2.5 GB,2.6 GB
438,aa/cb6ce7,63015554_63,p05__spades_pratama_noec (64),COMPLETED,0,2026-10-05 12:53:48.803,9h 5m 36s,4h 11m 15s,0.1%,190.5 MB,9.2 GB,2.4 GB,2.5 GB
439,5e/2dbd16,63015554_64,p05__spades_pratama_noec (65),COMPLETED,0,2026-10-05 12:53:48.803,9h 9m 44s,4h 15m 16s,0.1%,189.8 MB,9.2 GB,2.8 GB,2.9 GB
302,d1/64c73e,63015554_29,p05__spades_pratama_noec (30),FAILED,1,2026-10-05 12:53:48.803,9h 12m 44s,5h 34m 28s,-,-,-,-,-
304,c0/1bc5c2,63015554_30,p05__spades_pratama_noec (31),FAILED,1,2026-10-05 12:53:48.803,9h 14m 5s,5h 35m 50s,-,-,-,-,-
426,fe/a224ce,63015554_58,p05__spades_pratama_noec (59),COMPLETED,0,2026-10-05 12:53:48.803,9h 14m 34s,4h 28m 12s,0.1%,188.8 MB,9.2 GB,2.7 GB,2.7 GB
299,b5/a4c53a,63015554_28,p05__spades_pratama_noec (29),FAILED,1,2026-10-05 12:53:48.803,9h 17m 34s,5h 43m 10s,-,-,-,-,-
416,b8/667941,63015554_55,p05__spades_pratama_noec (56),COMPLETED,0,2026-10-05 12:53:48.803,9h 41m 44s,5h 3m 25s,0.1%,188.9 MB,9.2 GB,2.7 GB,2.7 GB
383,74/1bba8f,63015554_48,p05__spades_pratama_noec (49),FAILED,1,2026-10-05 12:53:48.803,9h 48m 4s,5h 33m 30s,-,-,-,-,-
436,10/8e8998,63015554_62,p05__spades_pratama_noec (63),COMPLETED,0,2026-10-05 12:53:48.803,9h 48m 34s,4h 54m 6s,0.1%,188.6 MB,9.2 GB,3.2 GB,3.3 GB
403,15/ed400a,63015554_52,p05__spades_pratama_noec (53),COMPLETED,0,2026-10-05 12:53:48.803,10h 12m 5s,5h 45m 37s,0.1%,189.9 MB,9.4 GB,3.3 GB,3.3 GB
229,49/93d444,63015553_11,p06__spades_hybrid_pratama_noec (12),COMPLETED,0,2026-10-05 12:53:45.187,11h 14m 37s,7h 3m 51s,0.1%,187.5 MB,9 GB,3.8 GB,3.8 GB
234,e1/6fd104,63015553_13,p06__spades_hybrid_pratama_noec (14),COMPLETED,0,2026-10-05 12:53:45.187,11h 48m 57s,6h 58m 35s,0.1%,192.9 MB,9.2 GB,3.2 GB,3.3 GB
237,6b/84c70d,63015553_14,p06__spades_hybrid_pratama_noec (15),COMPLETED,0,2026-10-05 12:53:45.187,11h 49m 7s,6h 54m 38s,0.1%,186.9 MB,9.2 GB,2.9 GB,3 GB
226,22/cc261d,63015553_10,p06__spades_hybrid_pratama_noec (11),COMPLETED,0,2026-10-05 12:53:45.187,12h 19m 57s,8h 21m 2s,0.1%,192.1 MB,9.2 GB,4.3 GB,4.3 GB
231,42/185cd0,63015553_12,p06__spades_hybrid_pratama_noec (13),COMPLETED,0,2026-10-05 12:53:45.187,13h 41m 18s,8h 50m 55s,0.1%,192.3 MB,9.1 GB,3.1 GB,3.2 GB
242,1f/764b9b,63015553_15,p06__spades_hybrid_pratama_noec (16),COMPLETED,0,2026-10-05 12:53:45.187,16h 20m 8s,8h 58m 20s,0.1%,191.8 MB,9.2 GB,3.8 GB,3.9 GB
1620,17/f05866,63155405,p05__spades_pratama_noec (31),COMPLETED,0,2026-10-05 22:07:56.520,7h 41m 16s,6h 28m 5s,0.1%,189.2 MB,9.3 GB,3.7 GB,3.7 GB
1624,a6/d57841,63159685,p05__spades_pratama_noec (49),COMPLETED,0,2026-10-05 22:41:54.583,7h 12m 48s,6h 13m 28s,0.1%,190.7 MB,9.2 GB,3.7 GB,3.8 GB
246,bb/511334,63015553_16,p06__spades_hybrid_pratama_noec (17),COMPLETED,0,2026-10-05 12:53:45.187,17h 26m 58s,7h 27m 40s,0.1%,191.1 MB,9.2 GB,3.3 GB,3.4 GB
1556,2c/d38200,63209627_0,p07__split_hybrid_contigs_pratama (1),COMPLETED,0,2026-10-06 06:20:46.176,4m 7s,25.2s,37.5%,187.7 MB,3.1 GB,2.3 GB,2.5 GB
1572,b3/0dad5f,63209627_2,p07__split_hybrid_contigs_pratama (3),COMPLETED,0,2026-10-06 06:20:46.176,4m 7s,19.3s,65.2%,188.3 MB,3.3 GB,3.4 GB,3.6 GB
1598,19/ecd7f0,63209627_9,p07__split_hybrid_contigs_pratama (10),COMPLETED,0,2026-10-06 06:20:46.176,4m 7s,23.3s,46.9%,186 MB,3.1 GB,3.1 GB,3.3 GB
1595,0b/7ff3bf,63209627_7,p07__split_hybrid_contigs_pratama (8),COMPLETED,0,2026-10-06 06:20:46.176,4m 17s,29.9s,67.3%,188.8 MB,3.1 GB,5.7 GB,6 GB
1628,6d/7a5cdb,63209627_11,p07__split_hybrid_contigs_pratama (12),COMPLETED,0,2026-10-06 06:20:46.176,4m 17s,36.6s,51.8%,189.6 MB,3.2 GB,6.5 GB,6.8 GB
1570,58/7df764,63209627_1,p07__split_hybrid_contigs_pratama (2),COMPLETED,0,2026-10-06 06:20:46.176,4m 27s,40.6s,26.1%,186.1 MB,3.1 GB,2.9 GB,3 GB
1578,dc/ea5619,63209627_3,p07__split_hybrid_contigs_pratama (4),COMPLETED,0,2026-10-06 06:20:46.176,4m 27s,43.3s,30.1%,187.8 MB,3.1 GB,3.6 GB,3.8 GB
1584,e1/ca0735,63209627_4,p07__split_hybrid_contigs_pratama (5),COMPLETED,0,2026-10-06 06:20:46.176,4m 27s,47s,45.7%,189.8 MB,3 GB,6.7 GB,7 GB
1590,bc/8bcf1a,63209627_5,p07__split_hybrid_contigs_pratama (6),COMPLETED,0,2026-10-06 06:20:46.176,4m 27s,40.6s,55.6%,186.5 MB,3 GB,7.1 GB,7.4 GB
1591,b0/bcecdc,63209627_6,p07__split_hybrid_contigs_pratama (7),COMPLETED,0,2026-10-06 06:20:46.176,4m 27s,36.3s,59.2%,188.4 MB,3.2 GB,6.9 GB,7.2 GB
1631,51/6e7da2,63209627_14,p07__split_hybrid_contigs_pratama (15),COMPLETED,0,2026-10-06 06:20:46.176,4m 27s,39.4s,53.5%,187.7 MB,3.1 GB,6.3 GB,6.6 GB
1635,00/f3c450,63209627_16,p07__split_hybrid_contigs_pratama (17),COMPLETED,0,2026-10-06 06:20:46.176,4m 27s,41.4s,55.2%,188.9 MB,3.1 GB,6.7 GB,7 GB
1629,f7/93ce83,63209627_12,p07__split_hybrid_contigs_pratama (13),COMPLETED,0,2026-10-06 06:20:46.176,4m 38s,51.6s,34.7%,189.1 MB,3.1 GB,5.8 GB,6.1 GB
1596,32/67ebd3,63209627_8,p07__split_hybrid_contigs_pratama (9),COMPLETED,0,2026-10-06 06:20:46.176,4m 47s,1m 6s,18.0%,186.5 MB,3.1 GB,3 GB,3.2 GB
1627,55/dcce35,63209627_10,p07__split_hybrid_contigs_pratama (11),COMPLETED,0,2026-10-06 06:20:46.176,4m 47s,1m 1s,36.3%,186 MB,3 GB,7.6 GB,8 GB
1630,d6/b97d04,63209627_13,p07__split_hybrid_contigs_pratama (14),COMPLETED,0,2026-10-06 06:20:46.176,4m 57s,1m 8s,38.5%,187.2 MB,3.1 GB,8.7 GB,9.1 GB
1632,17/972770,63209627_15,p07__split_hybrid_contigs_pratama (16),COMPLETED,0,2026-10-06 06:20:46.176,5m 7s,1m 18s,30.4%,187.5 MB,3.1 GB,7.7 GB,8.1 GB
2093,fb/e5994a,63210182_15,p13__vibrant_pratama (116),COMPLETED,0,2026-10-06 06:26:08.127,2m 15s,25.1s,22.4%,174.6 MB,4.1 GB,470.1 MB,265 MB
2143,0a/6f7dc6,63210182_26,p13__vibrant_pratama (127),COMPLETED,0,2026-10-06 06:26:08.127,2m 17s,18.5s,29.4%,177.6 MB,3.8 GB,469.8 MB,265 MB
2193,77/c8c199,63210182_39,p13__vibrant_pratama (140),COMPLETED,0,2026-10-06 06:26:08.127,2m 17s,24.5s,20.6%,177.7 MB,3.9 GB,495.6 MB,264.7 MB
2105,33/2d4e3b,63210182_18,p13__vibrant_pratama (119),COMPLETED,0,2026-10-06 06:26:08.127,2m 35s,37.2s,14.4%,187.5 MB,3.8 GB,489.9 MB,265 MB
2045,af/bb2b10,63210182_3,p13__vibrant_pratama (104),COMPLETED,0,2026-10-06 06:26:08.126,2m 55s,1m,8.6%,176.4 MB,3.9 GB,475.3 MB,265 MB
2073,b6/170651,63210182_10,p13__vibrant_pratama (111),COMPLETED,0,2026-10-06 06:26:08.127,2m 55s,1m 7s,7.1%,156.5 MB,3.9 GB,503.2 MB,264.9 MB
2048,a4/8e3f93,63210182_7,p13__vibrant_pratama (107),COMPLETED,0,2026-10-06 06:26:08.126,3m 5s,1m 11s,7.8%,143.8 MB,3.9 GB,494.3 MB,265 MB
2077,00/279b3a,63210182_11,p13__vibrant_pratama (112),COMPLETED,0,2026-10-06 06:26:08.127,3m 5s,1m 16s,6.9%,151.2 MB,3.8 GB,319.9 MB,265 MB
2046,98/6125b1,63210182_5,p13__vibrant_pratama (105),COMPLETED,0,2026-10-06 06:26:08.126,3m 27s,1m 38s,6.5%,188.7 MB,3.9 GB,484.1 MB,265 MB
2156,5b/6413ae,63210182_30,p13__vibrant_pratama (131),COMPLETED,0,2026-10-06 06:26:08.127,3m 27s,1m 34s,6.1%,179.3 MB,4.1 GB,497 MB,265 MB
2097,48/ab3609,63210182_16,p13__vibrant_pratama (117),COMPLETED,0,2026-10-06 06:26:08.127,3m 45s,1m 50s,5.3%,181.4 MB,4 GB,479.2 MB,265 MB
2122,68/f6eb55,63210182_21,p13__vibrant_pratama (122),COMPLETED,0,2026-10-06 06:26:08.127,3m 55s,2m,4.5%,175.5 MB,3.8 GB,501.1 MB,265 MB
2152,fe/1c783c,63210182_29,p13__vibrant_pratama (130),COMPLETED,0,2026-10-06 06:26:08.127,3m 55s,2m 5s,4.6%,179.4 MB,4 GB,493 MB,265 MB
2170,75/cf48fb,63210182_33,p13__vibrant_pratama (134),COMPLETED,0,2026-10-06 06:26:08.127,3m 55s,2m,4.4%,176.5 MB,3.8 GB,462.3 MB,265 MB
2047,5b/4ab44b,63210182_4,p13__vibrant_pratama (106),COMPLETED,0,2026-10-06 06:26:08.126,4m 5s,2m 12s,3.8%,176.3 MB,3.7 GB,489.8 MB,265 MB
2138,62/5c85a3,63210182_25,p13__vibrant_pratama (126),COMPLETED,0,2026-10-06 06:26:08.127,4m 5s,2m 16s,4.1%,174.9 MB,3.8 GB,455.8 MB,265 MB
2125,6e/7dc6d1,63210182_22,p13__vibrant_pratama (123),COMPLETED,0,2026-10-06 06:26:08.127,4m 15s,2m 22s,4.1%,154.8 MB,4.1 GB,471.2 MB,265 MB
2145,8c/9bfd4d,63210182_27,p13__vibrant_pratama (128),COMPLETED,0,2026-10-06 06:26:08.127,4m 35s,2m 45s,3.6%,186.5 MB,4.1 GB,480.6 MB,265 MB
2065,a1/38eaec,63210182_8,p13__vibrant_pratama (109),COMPLETED,0,2026-10-06 06:26:08.126,4m 45s,2m 48s,3.3%,176.2 MB,3.8 GB,496.1 MB,265 MB
2149,da/b7fc56,63210182_28,p13__vibrant_pratama (129),COMPLETED,0,2026-10-06 06:26:08.127,4m 55s,3m 1s,3.2%,181.4 MB,4 GB,488.1 MB,265 MB
2101,1d/44d95d,63210182_17,p13__vibrant_pratama (118),COMPLETED,0,2026-10-06 06:26:08.127,5m 5s,3m 13s,2.9%,147.7 MB,4.1 GB,486.1 MB,265 MB
2173,a8/fdcd61,63210182_34,p13__vibrant_pratama (135),COMPLETED,0,2026-10-06 06:26:08.127,5m 5s,3m 13s,2.5%,176.7 MB,3.9 GB,482.8 MB,265 MB
2189,1d/f991ce,63210182_38,p13__vibrant_pratama (139),COMPLETED,0,2026-10-06 06:26:08.127,5m 5s,3m 13s,3.0%,53.1 MB,2.4 GB,492.8 MB,265 MB
2039,80/4f098f,63210182_0,p13__vibrant_pratama (102),COMPLETED,0,2026-10-06 06:26:08.126,5m 15s,3m 26s,2.9%,188.3 MB,4 GB,451.5 MB,265.2 MB
2044,b3/e8130f,63210182_2,p13__vibrant_pratama (103),COMPLETED,0,2026-10-06 06:26:08.126,5m 27s,3m 27s,2.7%,177.1 MB,3.9 GB,464.8 MB,265 MB
1667,ab/54060b,63210165_8,p13__vibrant_pratama (8),COMPLETED,0,2026-10-06 06:25:19.177,6m 24s,13.5s,38.4%,176.8 MB,3.7 GB,461.5 MB,265 MB
2109,57/d3fa5b,63210182_19,p13__vibrant_pratama (120),COMPLETED,0,2026-10-06 06:26:08.127,5m 35s,3m 39s,2.3%,97.3 MB,3.7 GB,493.1 MB,265 MB
2090,b7/2cf0d3,63210182_14,p13__vibrant_pratama (115),COMPLETED,0,2026-10-06 06:26:08.127,5m 45s,3m 56s,2.4%,179.7 MB,4 GB,458.5 MB,265 MB
2177,c7/d04743,63210182_35,p13__vibrant_pratama (136),COMPLETED,0,2026-10-06 06:26:08.127,5m 45s,3m 50s,2.4%,165.4 MB,3.8 GB,496.6 MB,265 MB
1714,8d/0fe1a3,63210165_19,p13__vibrant_pratama (20),COMPLETED,0,2026-10-06 06:25:19.177,6m 44s,28.3s,18.3%,176.7 MB,3.8 GB,503.2 MB,265 MB
1750,2d/770f0e,63210165_28,p13__vibrant_pratama (29),COMPLETED,0,2026-10-06 06:25:19.177,6m 44s,27.9s,21.1%,180.2 MB,4.1 GB,499 MB,265 MB
1787,a3/6a840e,63210165_37,p13__vibrant_pratama (38),COMPLETED,0,2026-10-06 06:25:19.177,6m 44s,28.4s,22.2%,178.5 MB,4.1 GB,466 MB,265 MB
1700,de/d90b14,63210165_16,p13__vibrant_pratama (17),COMPLETED,0,2026-10-06 06:25:19.177,6m 54s,41.2s,13.9%,86.2 MB,3.6 GB,494.6 MB,265 MB
2070,2e/c80c7c,63210182_9,p13__vibrant_pratama (110),COMPLETED,0,2026-10-06 06:26:08.126,6m 5s,4m 12s,2.1%,187 MB,3.8 GB,499.1 MB,265 MB
2182,96/436c9a,63210182_36,p13__vibrant_pratama (137),COMPLETED,0,2026-10-06 06:26:08.127,6m 5s,4m 8s,2.0%,178.1 MB,3.7 GB,356.4 MB,265 MB
1650,4c/901771,63210165_3,p13__vibrant_pratama (4),COMPLETED,0,2026-10-06 06:25:19.177,7m 4s,52.2s,11.2%,189.9 MB,4.1 GB,498.6 MB,265 MB
1619,c4/ee474c,63155035,p05__spades_pratama_noec (30),COMPLETED,0,2026-10-05 22:06:35.044,8h 26m 28s,7h 31m 53s,0.1%,188.7 MB,9.2 GB,3.8 GB,3.8 GB
1670,72/459360,63210165_7,p13__vibrant_pratama (9),COMPLETED,0,2026-10-06 06:25:19.177,8m 26s,2m 10s,3.7%,178.2 MB,3.9 GB,480 MB,265 MB
1734,7f/04b46e,63210165_24,p13__vibrant_pratama (25),COMPLETED,0,2026-10-06 06:25:19.177,8m 26s,2m 16s,4.2%,179.9 MB,4 GB,479.1 MB,265 MB
1674,14/f1e87e,63210165_9,p13__vibrant_pratama (10),COMPLETED,0,2026-10-06 06:25:19.177,8m 34s,2m 24s,3.5%,115.2 MB,3.8 GB,493 MB,265 MB
1704,c6/757712,63210165_17,p13__vibrant_pratama (18),COMPLETED,0,2026-10-06 06:25:19.177,8m 44s,2m 26s,3.9%,175.1 MB,3.8 GB,418.4 MB,265.1 MB
1742,24/6f6bbb,63210165_26,p13__vibrant_pratama (27),COMPLETED,0,2026-10-06 06:25:19.177,9m 4s,2m 47s,3.5%,178.4 MB,3.9 GB,491.9 MB,265 MB
1762,83/596a59,63210165_31,p13__vibrant_pratama (32),COMPLETED,0,2026-10-06 06:25:19.177,9m 14s,2m 59s,3.2%,189.6 MB,4.1 GB,501.2 MB,265 MB
1719,1a/0bc34e,63210165_20,p13__vibrant_pratama (21),COMPLETED,0,2026-10-06 06:25:19.177,9m 34s,3m 22s,2.6%,176.6 MB,3.8 GB,367 MB,265.1 MB
1746,db/8a559f,63210165_27,p13__vibrant_pratama (28),COMPLETED,0,2026-10-06 06:25:19.177,9m 34s,3m 18s,2.9%,172.4 MB,4 GB,495.7 MB,265 MB
1791,7e/df43f9,63210165_38,p13__vibrant_pratama (39),COMPLETED,0,2026-10-06 06:25:19.177,9m 34s,3m 23s,3.0%,167.4 MB,3.8 GB,476.3 MB,265.1 MB
1646,98/8e17c8,63210165_2,p13__vibrant_pratama (3),COMPLETED,0,2026-10-06 06:25:19.177,9m 44s,3m 25s,2.8%,187.1 MB,4.1 GB,482.4 MB,265 MB
1696,d9/f8fa2b,63210165_15,p13__vibrant_pratama (16),COMPLETED,0,2026-10-06 06:25:19.177,9m 44s,3m 29s,2.5%,97.3 MB,3.6 GB,480.4 MB,265.1 MB
1783,79/bd0784,63210165_36,p13__vibrant_pratama (37),COMPLETED,0,2026-10-06 06:25:19.177,9m 44s,3m 29s,3.0%,191 MB,4.1 GB,452.7 MB,265.1 MB
1694,ad/0bd5be,63210165_14,p13__vibrant_pratama (15),COMPLETED,0,2026-10-06 06:25:19.177,9m 54s,3m 40s,2.6%,179.6 MB,4.1 GB,460.3 MB,265 MB
1758,38/f4b50a,63210165_30,p13__vibrant_pratama (31),COMPLETED,0,2026-10-06 06:25:19.177,9m 54s,3m 38s,2.6%,179.5 MB,4.1 GB,497.4 MB,265 MB
1642,a1/23e714,63210165_1,p13__vibrant_pratama (2),COMPLETED,0,2026-10-06 06:25:19.177,10m 4s,3m 50s,2.3%,187.1 MB,3.8 GB,455.4 MB,265.8 MB
1730,cb/e363be,63210165_23,p13__vibrant_pratama (24),COMPLETED,0,2026-10-06 06:25:19.177,10m 4s,3m 45s,2.6%,189.6 MB,4.2 GB,466.9 MB,265 MB
1820,a4/5877c9,63210165_46,p13__vibrant_pratama (47),COMPLETED,0,2026-10-06 06:25:19.177,10m 14s,28.3s,20.3%,179 MB,3.9 GB,498.4 MB,265 MB
1867,33/d295fc,63210165_58,p13__vibrant_pratama (59),COMPLETED,0,2026-10-06 06:25:19.177,10m 14s,27.6s,21.1%,179.2 MB,4.1 GB,504.2 MB,265 MB
1654,8e/283176,63210165_4,p13__vibrant_pratama (5),COMPLETED,0,2026-10-06 06:25:19.177,10m 26s,4m 11s,2.3%,179.9 MB,4 GB,255.3 MB,265 MB
1738,90/ee6421,63210165_25,p13__vibrant_pratama (26),COMPLETED,0,2026-10-06 06:25:19.177,10m 26s,4m 12s,2.3%,180.7 MB,4 GB,487.1 MB,265 MB
1770,5c/d6e6d0,63210165_33,p13__vibrant_pratama (34),COMPLETED,0,2026-10-06 06:25:19.177,10m 26s,4m 9s,2.4%,125.5 MB,3.9 GB,221.4 MB,265 MB
1837,96/754e1d,63210165_50,p13__vibrant_pratama (51),COMPLETED,0,2026-10-06 06:25:19.177,10m 26s,35.1s,15.1%,179.3 MB,3.9 GB,457.5 MB,264.9 MB
1884,80/47d8ab,63210165_62,p13__vibrant_pratama (63),COMPLETED,0,2026-10-06 06:25:19.177,10m 26s,44.1s,13.1%,180.2 MB,4.1 GB,459.8 MB,265 MB
1678,20/0e2a7a,63210165_10,p13__vibrant_pratama (11),COMPLETED,0,2026-10-06 06:25:19.177,10m 34s,4m 24s,2.7%,176.6 MB,3.9 GB,501.4 MB,264.9 MB
1795,3f/f05e56,63210165_39,p13__vibrant_pratama (40),COMPLETED,0,2026-10-06 06:25:19.177,10m 34s,4m 22s,2.0%,178.5 MB,3.8 GB,484.6 MB,265 MB
1680,36/f34fd1,63210165_11,p13__vibrant_pratama (12),COMPLETED,0,2026-10-06 06:25:19.177,10m 44s,4m 30s,1.8%,184.4 MB,3.9 GB,264.4 MB,265 MB
1622,49/9f70bb,63155994,p05__spades_pratama_noec (29),COMPLETED,0,2026-10-05 22:11:24.510,8h 24m 58s,7h 7m 19s,0.1%,189.4 MB,9.2 GB,3.8 GB,3.8 GB
1766,64/475466,63210165_32,p13__vibrant_pratama (33),COMPLETED,0,2026-10-06 06:25:19.177,11m 4s,4m 45s,2.1%,187.6 MB,4 GB,505.3 MB,265 MB
1816,66/26cbc2,63210165_45,p13__vibrant_pratama (46),COMPLETED,0,2026-10-06 06:25:19.177,11m 4s,1m 23s,7.6%,190.8 MB,4 GB,485.2 MB,265 MB
1864,2c/9d88db,63210165_57,p13__vibrant_pratama (58),COMPLETED,0,2026-10-06 06:25:19.177,11m 14s,1m 26s,6.6%,167.6 MB,3.8 GB,500.6 MB,265 MB
1726,a9/8b0b5b,63210165_22,p13__vibrant_pratama (23),COMPLETED,0,2026-10-06 06:25:19.177,11m 26s,5m 12s,2.0%,188.5 MB,4.1 GB,453.1 MB,266.7 MB
1844,ac/ec5577,63210165_52,p13__vibrant_pratama (53),COMPLETED,0,2026-10-06 06:25:19.177,11m 26s,1m 41s,6.0%,179.9 MB,4.1 GB,489.7 MB,265 MB
1840,31/636643,63210165_51,p13__vibrant_pratama (52),COMPLETED,0,2026-10-06 06:25:19.177,11m 34s,1m 51s,5.2%,178 MB,4 GB,475.6 MB,265 MB
1888,61/0e687c,63210165_63,p13__vibrant_pratama (64),COMPLETED,0,2026-10-06 06:25:19.177,11m 44s,1m 57s,4.4%,171.7 MB,3.8 GB,471.6 MB,265 MB
1848,d4/3fc65f,63210165_53,p13__vibrant_pratama (54),COMPLETED,0,2026-10-06 06:25:19.177,11m 54s,2m 5s,4.7%,178.9 MB,4.1 GB,498.3 MB,265 MB
1915,df/812eea,63210165_70,p13__vibrant_pratama (71),COMPLETED,0,2026-10-06 06:25:19.177,11m 54s,2m 9s,4.7%,178.4 MB,3.9 GB,497.4 MB,265 MB
1904,0f/ab4824,63210165_67,p13__vibrant_pratama (68),COMPLETED,0,2026-10-06 06:25:19.177,12m 4s,2m 13s,4.4%,186.1 MB,3.8 GB,494.7 MB,265 MB
1824,1a/58c44b,63210165_47,p13__vibrant_pratama (48),COMPLETED,0,2026-10-06 06:25:19.177,12m 14s,2m 24s,3.7%,184.6 MB,4 GB,281.9 MB,265 MB
1860,08/4bceb9,63210165_56,p13__vibrant_pratama (57),COMPLETED,0,2026-10-06 06:25:19.177,12m 14s,2m 26s,3.4%,176.6 MB,3.8 GB,497.3 MB,265 MB
1911,df/7d04d7,63210165_69,p13__vibrant_pratama (70),COMPLETED,0,2026-10-06 06:25:19.177,12m 24s,2m 40s,3.2%,176.4 MB,3.8 GB,494.6 MB,265 MB
1951,78/7b3331,63210165_79,p13__vibrant_pratama (80),COMPLETED,0,2026-10-06 06:25:19.177,12m 26s,2m 34s,3.6%,185.5 MB,3.8 GB,480.7 MB,265 MB
1799,50/78c476,63210165_40,p13__vibrant_pratama (41),COMPLETED,0,2026-10-06 06:25:19.177,12m 44s,2m 59s,3.4%,191.4 MB,4 GB,490 MB,265 MB
1852,eb/95977e,63210165_54,p13__vibrant_pratama (55),COMPLETED,0,2026-10-06 06:25:19.177,13m 14s,3m 30s,2.6%,187.6 MB,4.1 GB,377.4 MB,265 MB
1891,60/41b079,63210165_64,p13__vibrant_pratama (65),COMPLETED,0,2026-10-06 06:25:19.177,13m 14s,3m 23s,2.4%,178.3 MB,3.9 GB,480.8 MB,265 MB
1920,c6/abf9cd,63210165_71,p13__vibrant_pratama (72),COMPLETED,0,2026-10-06 06:25:19.177,13m 14s,3m 28s,2.9%,176.5 MB,4 GB,500.8 MB,265 MB
1939,a8/95a687,63210165_76,p13__vibrant_pratama (77),COMPLETED,0,2026-10-06 06:25:19.177,13m 24s,3m 40s,2.8%,186.8 MB,4.1 GB,455.2 MB,265 MB
1945,b3/b8a912,63210165_77,p13__vibrant_pratama (78),COMPLETED,0,2026-10-06 06:25:19.177,13m 24s,3m 34s,2.6%,176.7 MB,3.8 GB,465.1 MB,265 MB
1812,1f/83e667,63210165_44,p13__vibrant_pratama (45),COMPLETED,0,2026-10-06 06:25:19.177,13m 34s,3m 48s,2.5%,177.7 MB,3.8 GB,464 MB,265 MB
2242,3d/efb251,63210182_51,p13__vibrant_pratama (152),COMPLETED,0,2026-10-06 06:26:08.127,12m 45s,16.7s,34.3%,185.6 MB,3.8 GB,489.6 MB,265 MB
1935,d0/d25abf,63210165_75,p13__vibrant_pratama (76),COMPLETED,0,2026-10-06 06:25:19.177,13m 44s,3m 59s,2.5%,190.9 MB,4.1 GB,449.3 MB,266.9 MB
2254,87/3902fd,63210182_54,p13__vibrant_pratama (155),COMPLETED,0,2026-10-06 06:26:08.127,12m 55s,21.6s,27.1%,185.8 MB,3.8 GB,491.5 MB,265 MB
1872,77/114d75,63210165_59,p13__vibrant_pratama (60),COMPLETED,0,2026-10-06 06:25:19.177,13m 54s,4m 7s,2.2%,181.2 MB,4.1 GB,331.6 MB,265 MB
2085,55/445ddb,63210182_13,p13__vibrant_pratama (114),COMPLETED,0,2026-10-06 06:26:08.127,13m 5s,11m 16s,0.8%,188.7 MB,4 GB,455.7 MB,268.8 MB
2249,b5/9e1a2a,63210182_53,p13__vibrant_pratama (154),COMPLETED,0,2026-10-06 06:26:08.127,13m 5s,35.3s,16.8%,171.1 MB,3.9 GB,488.5 MB,265 MB
2270,34/5563c6,63210182_58,p13__vibrant_pratama (159),COMPLETED,0,2026-10-06 06:26:08.127,13m 5s,38.4s,15.6%,176.3 MB,3.9 GB,502 MB,265 MB
1947,94/e9cbe5,63210165_78,p13__vibrant_pratama (79),COMPLETED,0,2026-10-06 06:25:19.177,14m 4s,4m 19s,2.1%,176.5 MB,3.8 GB,473.3 MB,265 MB
2225,48/0c4eed,63210182_47,p13__vibrant_pratama (148),COMPLETED,0,2026-10-06 06:26:08.127,13m 25s,53.4s,9.5%,180.2 MB,3.8 GB,467.2 MB,264.8 MB
1895,1c/724208,63210165_65,p13__vibrant_pratama (66),COMPLETED,0,2026-10-06 06:25:19.177,14m 24s,4m 38s,2.0%,176.4 MB,3.8 GB,487.1 MB,265 MB
1923,4f/a493f9,63210165_72,p13__vibrant_pratama (73),COMPLETED,0,2026-10-06 06:25:19.177,14m 24s,4m 33s,2.1%,176.5 MB,3.9 GB,504.8 MB,265 MB
2259,dc/6c31fc,63210182_55,p13__vibrant_pratama (156),COMPLETED,0,2026-10-06 06:26:08.127,13m 37s,1m 3s,9.2%,180.3 MB,4 GB,494.2 MB,265 MB
1802,af/74f138,63210165_41,p13__vibrant_pratama (42),COMPLETED,0,2026-10-06 06:25:19.177,14m 44s,4m 56s,2.0%,178.2 MB,3.9 GB,494.1 MB,265 MB
1927,bf/fa47eb,63210165_73,p13__vibrant_pratama (74),COMPLETED,0,2026-10-06 06:25:19.177,14m 44s,4m 53s,1.9%,177.7 MB,3.9 GB,270.5 MB,265 MB
1899,86/f74bee,63210165_66,p13__vibrant_pratama (67),COMPLETED,0,2026-10-06 06:25:19.177,14m 54s,5m 7s,1.8%,180.2 MB,4 GB,491.2 MB,265 MB
2223,38/60e1cf,63210182_46,p13__vibrant_pratama (147),COMPLETED,0,2026-10-06 06:26:08.127,14m 5s,1m 33s,6.1%,186.2 MB,4.1 GB,459.2 MB,265 MB
2201,d4/111300,63210182_41,p13__vibrant_pratama (142),COMPLETED,0,2026-10-06 06:26:08.127,14m 55s,2m 25s,4.7%,178.6 MB,3.9 GB,501.5 MB,265 MB
2208,8e/915698,63210182_43,p13__vibrant_pratama (144),COMPLETED,0,2026-10-06 06:26:08.127,14m 55s,2m 27s,3.5%,178.3 MB,3.9 GB,242.5 MB,265 MB
2218,c1/b766ca,63210182_45,p13__vibrant_pratama (146),COMPLETED,0,2026-10-06 06:26:08.127,14m 55s,2m 26s,3.8%,188.4 MB,4.1 GB,450.1 MB,265.1 MB
2198,d5/74c093,63210182_40,p13__vibrant_pratama (141),COMPLETED,0,2026-10-06 06:26:08.127,15m 5s,2m 35s,3.3%,176.9 MB,3.9 GB,498.1 MB,265 MB
2239,f9/d10472,63210182_50,p13__vibrant_pratama (151),COMPLETED,0,2026-10-06 06:26:08.127,15m 25s,2m 49s,3.3%,187.7 MB,3.9 GB,485.8 MB,265 MB
2235,f2/079403,63210182_49,p13__vibrant_pratama (150),COMPLETED,0,2026-10-06 06:26:08.127,15m 35s,3m 2s,2.6%,178.9 MB,4 GB,480.5 MB,265.1 MB
2230,f2/62ec1c,63210182_48,p13__vibrant_pratama (149),COMPLETED,0,2026-10-06 06:26:08.127,15m 45s,3m 10s,2.5%,186.6 MB,3.8 GB,474 MB,265 MB
2264,0c/0353ad,63210182_57,p13__vibrant_pratama (158),COMPLETED,0,2026-10-06 06:26:08.127,15m 55s,3m 26s,2.8%,186.6 MB,3.9 GB,498.9 MB,265 MB
2263,98/1788b1,63210182_56,p13__vibrant_pratama (157),COMPLETED,0,2026-10-06 06:26:08.127,16m 5s,3m 37s,2.4%,185.4 MB,4 GB,496.5 MB,265 MB
2164,29/e2476e,63210182_32,p13__vibrant_pratama (133),COMPLETED,0,2026-10-06 06:26:08.127,16m 15s,14m 20s,0.6%,187.1 MB,4 GB,457 MB,269.1 MB
2206,36/668e15,63210182_42,p13__vibrant_pratama (143),COMPLETED,0,2026-10-06 06:26:08.127,16m 15s,3m 47s,2.5%,185.1 MB,3.8 GB,505.3 MB,265 MB
1992,18/6c6ddd,63210165_89,p13__vibrant_pratama (90),COMPLETED,0,2026-10-06 06:25:19.177,17m 14s,21.3s,22.5%,102.8 MB,3.6 GB,455.1 MB,265 MB
1662,cc/5a482c,63210165_6,p13__vibrant_pratama (7),COMPLETED,0,2026-10-06 06:25:19.177,17m 24s,11m 8s,1.0%,191 MB,4.2 GB,454.7 MB,268.6 MB
1955,e4/e90a85,63210165_80,p13__vibrant_pratama (81),COMPLETED,0,2026-10-06 06:25:19.177,17m 24s,29.2s,17.9%,176.2 MB,3.9 GB,486.6 MB,265 MB
2003,f8/3a7678,63210165_92,p13__vibrant_pratama (93),COMPLETED,0,2026-10-06 06:25:19.177,17m 24s,27.1s,21.0%,184.2 MB,3.9 GB,481 MB,265 MB
2274,8b/d3d634,63210182_59,p13__vibrant_pratama (160),COMPLETED,0,2026-10-06 06:26:08.127,16m 45s,4m 13s,2.4%,180.6 MB,4.1 GB,506.5 MB,265 MB
1968,7b/01365d,63210165_83,p13__vibrant_pratama (84),COMPLETED,0,2026-10-06 06:25:19.177,17m 54s,57.1s,10.1%,189.4 MB,4 GB,495 MB,265 MB
1971,50/e13bbd,63210165_84,p13__vibrant_pratama (85),COMPLETED,0,2026-10-06 06:25:19.177,17m 54s,57.2s,10.1%,185.9 MB,3.9 GB,497.9 MB,265 MB
2023,6f/fc2313,63210165_97,p13__vibrant_pratama (98),COMPLETED,0,2026-10-06 06:25:19.177,18m 4s,1m 9s,8.3%,179.5 MB,4.1 GB,501.9 MB,265 MB
1880,ae/98b393,63210165_61,p13__vibrant_pratama (62),COMPLETED,0,2026-10-06 06:25:19.177,19m 44s,9m 59s,1.0%,190.3 MB,4 GB,456 MB,268.8 MB
2027,30/a8be5d,63210165_98,p13__vibrant_pratama (99),COMPLETED,0,2026-10-06 06:25:19.177,19m 45s,2m 47s,3.0%,178.6 MB,3.9 GB,436.8 MB,265 MB
1979,dd/c0bd5c,63210165_86,p13__vibrant_pratama (87),COMPLETED,0,2026-10-06 06:25:19.177,20m 14s,3m 14s,3.0%,187.9 MB,4 GB,476.6 MB,265 MB
2007,e7/0b47de,63210165_93,p13__vibrant_pratama (94),COMPLETED,0,2026-10-06 06:25:19.177,20m 34s,3m 43s,2.2%,177.1 MB,3.8 GB,486.9 MB,264.9 MB
1586,85/3e9c7c,63211711_29,p09__splitContigsForAmr (30),COMPLETED,0,2026-10-06 06:36:58.108,9m 7s,19.4s,54.5%,184.6 MB,3.1 GB,2.8 GB,3 GB
1995,10/ee2693,63210165_90,p13__vibrant_pratama (91),COMPLETED,0,2026-10-06 06:25:19.177,20m 54s,3m 59s,2.1%,176.3 MB,3.9 GB,465.1 MB,265 MB
1999,15/abc8b5,63210165_91,p13__vibrant_pratama (92),COMPLETED,0,2026-10-06 06:25:19.177,20m 54s,4m 3s,2.3%,154.2 MB,3.8 GB,473.5 MB,265 MB
2309,e7/97e283,63210182_68,p13__vibrant_pratama (169),COMPLETED,0,2026-10-06 06:26:08.127,20m 5s,25.4s,19.4%,177 MB,3.7 GB,484.9 MB,265 MB
1976,71/cb9490,63210165_85,p13__vibrant_pratama (86),COMPLETED,0,2026-10-06 06:25:19.177,21m 4s,4m 10s,2.3%,189.4 MB,4.1 GB,501.8 MB,265 MB
2011,02/f18a2c,63210165_94,p13__vibrant_pratama (95),COMPLETED,0,2026-10-06 06:25:19.177,21m 4s,4m 8s,2.2%,176.9 MB,3.8 GB,491.3 MB,265.1 MB
1558,4a/f2e5b9,63211711_5,p09__splitContigsForAmr (6),COMPLETED,0,2026-10-06 06:36:58.108,9m 25s,30.7s,52.3%,187.4 MB,3 GB,4.6 GB,4.8 GB
1577,bf/c7faf4,63211711_22,p09__splitContigsForAmr (23),COMPLETED,0,2026-10-06 06:36:58.108,9m 25s,28.4s,26.4%,187.1 MB,3.1 GB,1.6 GB,1.7 GB
1582,cc/c590da,63211711_26,p09__splitContigsForAmr (27),COMPLETED,0,2026-10-06 06:36:58.108,9m 25s,28.7s,37.3%,189.7 MB,3.1 GB,2.9 GB,3 GB
2368,88/d49f62,63210182_83,p13__vibrant_pratama (184),COMPLETED,0,2026-10-06 06:26:08.127,20m 25s,48.4s,12.3%,177.5 MB,3.9 GB,487.8 MB,265 MB
1575,24/d47b88,63211711_20,p09__splitContigsForAmr (21),COMPLETED,0,2026-10-06 06:36:58.108,9m 35s,44.3s,20.9%,186.7 MB,3 GB,2.1 GB,2.2 GB
1579,34/7e5745,63211711_23,p09__splitContigsForAmr (24),COMPLETED,0,2026-10-06 06:36:58.108,9m 35s,39.4s,25.9%,184.7 MB,3 GB,2.6 GB,2.8 GB
1592,4e/1ebcf5,63211711_33,p09__splitContigsForAmr (34),COMPLETED,0,2026-10-06 06:36:58.108,9m 35s,43.8s,22.9%,187.4 MB,3.1 GB,2.7 GB,2.9 GB
1959,76/9b95f0,63210165_81,p13__vibrant_pratama (82),COMPLETED,0,2026-10-06 06:25:19.177,21m 24s,4m 26s,1.9%,99.6 MB,3.6 GB,490.9 MB,265 MB
2133,8b/f24d24,63210182_24,p13__vibrant_pratama (125),COMPLETED,0,2026-10-06 06:26:08.127,20m 35s,18m 41s,0.5%,188.5 MB,4 GB,461.8 MB,270.7 MB
2305,af/0a87b7,63210182_67,p13__vibrant_pratama (168),COMPLETED,0,2026-10-06 06:26:08.127,20m 35s,55.3s,10.5%,178.7 MB,4 GB,479.8 MB,265 MB
2348,a1/b9b4de,63210182_78,p13__vibrant_pratama (179),COMPLETED,0,2026-10-06 06:26:08.127,20m 35s,58.5s,9.7%,180 MB,4 GB,452.4 MB,265 MB
1563,57/4e9171,63211711_10,p09__splitContigsForAmr (11),COMPLETED,0,2026-10-06 06:36:58.108,9m 45s,48.7s,34.6%,185 MB,3.1 GB,5.2 GB,5.4 GB
2019,f3/7011ad,63210165_96,p13__vibrant_pratama (97),COMPLETED,0,2026-10-06 06:25:19.177,21m 34s,4m 43s,2.1%,180.1 MB,4.1 GB,497.6 MB,265 MB
2365,d1/92481b,63210182_82,p13__vibrant_pratama (183),COMPLETED,0,2026-10-06 06:26:08.127,20m 45s,59.3s,9.9%,176.8 MB,3.8 GB,483 MB,265 MB
1571,3c/3d1c9f,63211711_17,p09__splitContigsForAmr (18),COMPLETED,0,2026-10-06 06:36:58.108,9m 55s,57.4s,19.1%,185.5 MB,3.1 GB,2.8 GB,2.9 GB
1589,1b/a02db1,63211711_32,p09__splitContigsForAmr (33),COMPLETED,0,2026-10-06 06:36:58.108,10m 5s,1m 17s,14.4%,187.2 MB,3 GB,3.2 GB,3.4 GB
2352,6c/a5ea28,63210182_79,p13__vibrant_pratama (180),COMPLETED,0,2026-10-06 06:26:08.127,21m 5s,1m 23s,5.7%,187.2 MB,3.9 GB,461.7 MB,265 MB
2362,3f/efe87d,63210182_81,p13__vibrant_pratama (182),COMPLETED,0,2026-10-06 06:26:08.127,21m 5s,1m 24s,7.1%,176.9 MB,3.8 GB,476.5 MB,265 MB
1554,51/0d58f5,63211711_2,p09__splitContigsForAmr (3),COMPLETED,0,2026-10-06 06:36:58.108,10m 15s,1m 22s,10.7%,186.9 MB,3 GB,1.7 GB,1.8 GB
1557,96/85687d,63211711_4,p09__splitContigsForAmr (5),COMPLETED,0,2026-10-06 06:36:58.108,10m 15s,1m 26s,17.8%,187.1 MB,3 GB,3.6 GB,3.8 GB
1560,4c/3cbf05,63211711_7,p09__splitContigsForAmr (8),COMPLETED,0,2026-10-06 06:36:58.108,10m 15s,1m 27s,17.2%,185.8 MB,2.9 GB,4.7 GB,5 GB
1566,a1/997235,63211711_13,p09__splitContigsForAmr (14),COMPLETED,0,2026-10-06 06:36:58.108,10m 25s,1m 36s,7.1%,185.7 MB,3.1 GB,1.3 GB,1.4 GB
2300,38/ccf445,63210182_66,p13__vibrant_pratama (167),COMPLETED,0,2026-10-06 06:26:08.127,21m 25s,1m 47s,5.5%,86.5 MB,3.6 GB,474.1 MB,265 MB
2284,1b/b88075,63210182_62,p13__vibrant_pratama (163),COMPLETED,0,2026-10-06 06:26:08.127,21m 35s,1m 58s,5.0%,186.9 MB,3.8 GB,447.2 MB,265.5 MB
2336,d2/0fd737,63210182_75,p13__vibrant_pratama (176),COMPLETED,0,2026-10-06 06:26:08.127,21m 35s,1m 56s,4.7%,180.1 MB,3.9 GB,319 MB,265 MB
1689,b3/e916b2,63210165_13,p13__vibrant_pratama (14),COMPLETED,0,2026-10-06 06:25:19.177,22m 34s,16m 22s,0.6%,189.4 MB,4 GB,457.4 MB,269.3 MB
2297,89/a26619,63210182_65,p13__vibrant_pratama (166),COMPLETED,0,2026-10-06 06:26:08.127,21m 45s,2m 2s,4.6%,155.1 MB,3.9 GB,468.4 MB,265 MB
1583,94/e817e0,63211711_27,p09__splitContigsForAmr (28),COMPLETED,0,2026-10-06 06:36:58.108,10m 55s,1m 59s,16.1%,186.4 MB,3 GB,6.2 GB,6.5 GB
1559,ab/ce5be6,63211711_6,p09__splitContigsForAmr (7),COMPLETED,0,2026-10-06 06:36:58.108,11m 5s,2m 15s,9.9%,186.5 MB,3.1 GB,4 GB,4.2 GB
1562,a0/a35c97,63211711_9,p09__splitContigsForAmr (10),COMPLETED,0,2026-10-06 06:36:58.108,11m 5s,2m 9s,11.9%,186.3 MB,3.1 GB,4.6 GB,4.8 GB
1593,f4/b8ebf2,63211711_34,p09__splitContigsForAmr (35),COMPLETED,0,2026-10-06 06:36:58.108,11m 7s,2m 15s,8.1%,186 MB,3 GB,3 GB,3.1 GB
2318,55/625bac,63210182_70,p13__vibrant_pratama (171),COMPLETED,0,2026-10-06 06:26:08.127,22m 5s,2m 26s,3.9%,176.8 MB,3.8 GB,491.7 MB,265 MB
1555,0c/8a9457,63211711_3,p09__splitContigsForAmr (4),COMPLETED,0,2026-10-06 06:36:58.108,11m 15s,2m 25s,7.4%,187 MB,3.1 GB,3.1 GB,3.2 GB
2333,37/772a24,63210182_74,p13__vibrant_pratama (175),COMPLETED,0,2026-10-06 06:26:08.127,22m 15s,2m 32s,3.8%,130 MB,4.1 GB,504.5 MB,265 MB
1580,ca/10686a,63211711_24,p09__splitContigsForAmr (25),COMPLETED,0,2026-10-06 06:36:58.108,11m 25s,2m 35s,10.4%,187.6 MB,3.1 GB,5.1 GB,5.3 GB
2356,26/808717,63210182_80,p13__vibrant_pratama (181),COMPLETED,0,2026-10-06 06:26:08.127,22m 25s,2m 46s,3.4%,177.3 MB,3.8 GB,469.7 MB,264.9 MB
1553,b2/05c781,63211711_1,p09__splitContigsForAmr (2),COMPLETED,0,2026-10-06 06:36:58.108,11m 35s,2m 40s,4.8%,186.2 MB,3 GB,1.5 GB,1.6 GB
1569,97/d41a41,63211711_16,p09__splitContigsForAmr (17),COMPLETED,0,2026-10-06 06:36:58.108,11m 35s,2m 38s,7.3%,187.2 MB,3.1 GB,3.2 GB,3.3 GB
1573,2f/42cb92,63211711_18,p09__splitContigsForAmr (19),COMPLETED,0,2026-10-06 06:36:58.108,11m 35s,2m 46s,5.0%,184.8 MB,3 GB,1.6 GB,1.7 GB
1585,27/7a552f,63211711_28,p09__splitContigsForAmr (29),COMPLETED,0,2026-10-06 06:36:58.108,11m 35s,2m 38s,12.2%,189.8 MB,3.1 GB,5.9 GB,6.2 GB
1588,08/4f131d,63211711_31,p09__splitContigsForAmr (32),COMPLETED,0,2026-10-06 06:36:58.108,11m 35s,2m 46s,10.8%,187.7 MB,3.1 GB,5.9 GB,6.2 GB
2278,b4/59b718,63210182_60,p13__vibrant_pratama (161),COMPLETED,0,2026-10-06 06:26:08.127,22m 35s,2m 53s,3.2%,59.7 MB,2.5 GB,253.5 MB,265 MB
1552,fb/e3f817,63211711_0,p09__splitContigsForAmr (1),COMPLETED,0,2026-10-06 06:36:58.108,11m 45s,2m 50s,4.4%,188.7 MB,3.1 GB,1.5 GB,1.7 GB
1587,1d/b3de21,63211711_30,p09__splitContigsForAmr (31),COMPLETED,0,2026-10-06 06:36:58.108,11m 45s,2m 52s,7.0%,186.5 MB,3 GB,3.5 GB,3.7 GB
1564,b8/340d64,63211711_11,p09__splitContigsForAmr (12),COMPLETED,0,2026-10-06 06:36:58.108,11m 55s,3m 2s,4.9%,187.1 MB,3.1 GB,2.2 GB,2.4 GB
1565,b9/90cd62,63211711_12,p09__splitContigsForAmr (13),COMPLETED,0,2026-10-06 06:36:58.108,11m 55s,3m 6s,8.1%,186.8 MB,3 GB,4.7 GB,4.9 GB
1567,10/c73bed,63211711_14,p09__splitContigsForAmr (15),COMPLETED,0,2026-10-06 06:36:58.108,11m 55s,2m 59s,6.3%,188 MB,3.1 GB,3 GB,3.2 GB
1581,62/7070cd,63211711_25,p09__splitContigsForAmr (26),COMPLETED,0,2026-10-06 06:36:58.108,11m 55s,3m 4s,8.8%,186.1 MB,3.1 GB,5.3 GB,5.6 GB
1568,6b/9b725b,63211711_15,p09__splitContigsForAmr (16),COMPLETED,0,2026-10-06 06:36:58.108,12m 5s,3m 13s,3.7%,176.2 MB,3.1 GB,1.4 GB,1.5 GB
2035,bc/43ce9f,63210182_1,p13__vibrant_pratama (101),COMPLETED,0,2026-10-06 06:26:08.126,23m 9s,21m 20s,0.5%,189.7 MB,4 GB,467.2 MB,272 MB
2322,cc/44aa4a,63210182_71,p13__vibrant_pratama (172),COMPLETED,0,2026-10-06 06:26:08.127,23m 9s,3m 25s,2.8%,180 MB,4.1 GB,495.1 MB,265 MB
1561,2b/59da74,63211711_8,p09__splitContigsForAmr (9),COMPLETED,0,2026-10-06 06:36:58.108,12m 19s,3m 21s,7.5%,185.9 MB,3 GB,4.9 GB,5.1 GB
1574,28/fcf0d1,63211711_19,p09__splitContigsForAmr (20),COMPLETED,0,2026-10-06 06:36:58.108,12m 19s,3m 22s,4.8%,185.3 MB,3.1 GB,2.6 GB,2.7 GB
1576,7a/223074,63211711_21,p09__splitContigsForAmr (22),COMPLETED,0,2026-10-06 06:36:58.108,12m 19s,3m 20s,9.3%,185 MB,3.1 GB,6.1 GB,6.4 GB
2292,9c/be9359,63210182_64,p13__vibrant_pratama (165),COMPLETED,0,2026-10-06 06:26:08.127,23m 15s,3m 35s,2.6%,187 MB,4 GB,461.7 MB,265 MB
1808,c2/c5a55e,63210165_43,p13__vibrant_pratama (44),COMPLETED,0,2026-10-06 06:25:19.177,24m 14s,14m 23s,0.7%,184.5 MB,3.9 GB,456.2 MB,268.8 MB
2325,2a/98ca3a,63210182_72,p13__vibrant_pratama (173),COMPLETED,0,2026-10-06 06:26:08.127,23m 35s,3m 54s,2.4%,176.4 MB,3.8 GB,497.5 MB,265 MB
2330,ab/9914eb,63210182_73,p13__vibrant_pratama (174),COMPLETED,0,2026-10-06 06:26:08.127,23m 35s,3m 50s,2.6%,177.4 MB,3.8 GB,500.9 MB,265 MB
2288,0d/10406d,63210182_63,p13__vibrant_pratama (164),COMPLETED,0,2026-10-06 06:26:08.127,23m 45s,4m 6s,2.3%,176.5 MB,3.9 GB,454.2 MB,265 MB
1988,4d/684e8f,63210165_88,p13__vibrant_pratama (89),COMPLETED,0,2026-10-06 06:25:19.177,25m 54s,9m 2s,0.9%,185 MB,3.8 GB,449.8 MB,267.1 MB
1833,33/dba604,63210165_49,p13__vibrant_pratama (50),COMPLETED,0,2026-10-06 06:25:19.177,26m 24s,16m 40s,0.5%,187.1 MB,3.9 GB,456.9 MB,269.3 MB
2213,1d/ecf8a0,63210182_44,p13__vibrant_pratama (145),COMPLETED,0,2026-10-06 06:26:08.127,26m 35s,14m 3s,0.7%,185.6 MB,3.8 GB,452.8 MB,268.6 MB
2344,da/f8c72d,63210182_77,p13__vibrant_pratama (178),COMPLETED,0,2026-10-06 06:26:08.127,27m 18s,7m 35s,1.2%,188.1 MB,4 GB,451.3 MB,268 MB
1610,5d/110fd0,63211711_48,p09__splitContigsForAmr (49),COMPLETED,0,2026-10-06 06:36:58.108,16m 45s,29.3s,83.4%,187.1 MB,3.2 GB,7.4 GB,7.7 GB
1614,bf/d8cb9a,63211711_52,p09__splitContigsForAmr (53),COMPLETED,0,2026-10-06 06:36:58.108,17m 5s,53.4s,35.3%,188.7 MB,3.1 GB,5.3 GB,5.6 GB
1779,8d/ab4168,63210165_35,p13__vibrant_pratama (36),COMPLETED,0,2026-10-06 06:25:19.177,28m 54s,22m 41s,0.5%,187.5 MB,4 GB,463.9 MB,271.3 MB
1594,7d/044e23,63211711_35,p09__splitContigsForAmr (36),COMPLETED,0,2026-10-06 06:36:58.108,17m 15s,1m 2s,33.7%,189.6 MB,3.1 GB,5.2 GB,5.4 GB
1607,f2/284a69,63211711_45,p09__splitContigsForAmr (46),COMPLETED,0,2026-10-06 06:36:58.108,17m 15s,59.7s,38.2%,185.8 MB,3.1 GB,7.2 GB,7.5 GB
1611,06/c2fcd1,63211711_49,p09__splitContigsForAmr (50),COMPLETED,0,2026-10-06 06:36:58.108,17m 27s,1m 10s,34.2%,186 MB,3.1 GB,7.1 GB,7.4 GB
1601,01/761ed4,63211711_39,p09__splitContigsForAmr (40),COMPLETED,0,2026-10-06 06:36:58.108,17m 35s,1m 23s,13.9%,185.8 MB,3.1 GB,3.2 GB,3.4 GB
2372,a7/e41038,63211711_63,p09__splitContigsForAmr (64),COMPLETED,0,2026-10-06 06:36:58.108,17m 35s,1m 19s,27.8%,187.5 MB,3 GB,7.6 GB,8 GB
1609,55/b95cec,63211711_47,p09__splitContigsForAmr (48),COMPLETED,0,2026-10-06 06:36:58.108,17m 45s,1m 30s,24.2%,187.4 MB,3.1 GB,7.2 GB,7.5 GB
1612,dd/352913,63211711_50,p09__splitContigsForAmr (51),COMPLETED,0,2026-10-06 06:36:58.108,18m 5s,1m 54s,17.4%,187.2 MB,3.1 GB,5.8 GB,6.1 GB
1616,7a/d71955,63211711_54,p09__splitContigsForAmr (55),COMPLETED,0,2026-10-06 06:36:58.108,18m 5s,1m 52s,15.7%,185.2 MB,3.1 GB,5.1 GB,5.3 GB
1618,b3/4dfb6a,63211711_56,p09__splitContigsForAmr (57),COMPLETED,0,2026-10-06 06:36:58.108,18m 15s,1m 56s,19.0%,187.4 MB,3.1 GB,5.6 GB,5.8 GB
2373,10/c4aa2d,63211711_64,p09__splitContigsForAmr (65),COMPLETED,0,2026-10-06 06:36:58.108,18m 15s,1m 57s,19.1%,186.5 MB,3 GB,7.6 GB,8 GB
1600,c5/c9736d,63211711_38,p09__splitContigsForAmr (39),COMPLETED,0,2026-10-06 06:36:58.108,18m 27s,2m 11s,10.9%,186.9 MB,2.9 GB,3.5 GB,3.7 GB
1633,4e/e45cf2,63211711_61,p09__splitContigsForAmr (62),COMPLETED,0,2026-10-06 06:36:58.108,18m 27s,2m 9s,17.8%,185.7 MB,3.6 GB,7.4 GB,7.8 GB
1602,2b/01c038,63211711_40,p09__splitContigsForAmr (41),COMPLETED,0,2026-10-06 06:36:58.108,18m 35s,2m 20s,10.1%,187 MB,3.1 GB,4.2 GB,4.3 GB
1617,a2/9b9ee2,63211711_55,p09__splitContigsForAmr (56),COMPLETED,0,2026-10-06 06:36:58.108,18m 35s,2m 24s,11.2%,189.8 MB,3.1 GB,4.8 GB,5 GB
1626,d0/095e57,63211711_60,p09__splitContigsForAmr (61),COMPLETED,0,2026-10-06 06:36:58.108,18m 35s,2m 19s,13.9%,185.3 MB,3.1 GB,6.5 GB,6.8 GB
1608,4a/5a4eae,63211711_46,p09__splitContigsForAmr (47),COMPLETED,0,2026-10-06 06:36:58.108,18m 45s,2m 27s,15.3%,187.3 MB,3 GB,7.2 GB,7.6 GB
1605,16/532732,63211711_43,p09__splitContigsForAmr (44),COMPLETED,0,2026-10-06 06:36:58.108,19m 5s,2m 47s,13.2%,186.4 MB,3 GB,6.9 GB,7.2 GB
1613,1d/03aed4,63211711_51,p09__splitContigsForAmr (52),COMPLETED,0,2026-10-06 06:36:58.108,19m 5s,2m 47s,9.7%,187 MB,2.9 GB,4.5 GB,4.7 GB
1615,16/427785,63211711_53,p09__splitContigsForAmr (54),COMPLETED,0,2026-10-06 06:36:58.108,19m 5s,2m 49s,9.2%,187.7 MB,3.1 GB,4.8 GB,5 GB
1621,68/49bafc,63211711_57,p09__splitContigsForAmr (58),COMPLETED,0,2026-10-06 06:36:58.108,19m 5s,2m 52s,9.8%,184.9 MB,3.1 GB,5.3 GB,5.6 GB
1634,28/5446b4,63211711_62,p09__splitContigsForAmr (63),COMPLETED,0,2026-10-06 06:36:58.108,19m 5s,2m 51s,12.6%,186.3 MB,3.1 GB,7.5 GB,7.8 GB
1603,5e/e00529,63211711_41,p09__splitContigsForAmr (42),COMPLETED,0,2026-10-06 06:36:58.108,19m 15s,3m 4s,8.7%,188.4 MB,3 GB,4.5 GB,4.7 GB
1599,ca/b949b2,63211711_37,p09__splitContigsForAmr (38),COMPLETED,0,2026-10-06 06:36:58.108,19m 37s,3m 22s,8.0%,189.5 MB,3.1 GB,4.7 GB,4.9 GB
1606,de/4d5ba2,63211711_44,p09__splitContigsForAmr (45),COMPLETED,0,2026-10-06 06:36:58.108,19m 37s,3m 23s,7.4%,187.5 MB,3.1 GB,4.3 GB,4.5 GB
1623,3e/3b71c9,63211711_58,p09__splitContigsForAmr (59),COMPLETED,0,2026-10-06 06:36:58.108,19m 37s,3m 25s,7.7%,186.5 MB,3 GB,5.2 GB,5.5 GB
1604,c5/db0995,63211711_42,p09__splitContigsForAmr (43),COMPLETED,0,2026-10-06 06:36:58.108,19m 45s,3m 29s,6.6%,186.8 MB,3.1 GB,3.9 GB,4.1 GB
1625,d0/7b1258,63211711_59,p09__splitContigsForAmr (60),COMPLETED,0,2026-10-06 06:36:58.108,19m 45s,3m 33s,8.9%,187 MB,3.1 GB,6.4 GB,6.7 GB
1597,94/340758,63211711_36,p09__splitContigsForAmr (37),COMPLETED,0,2026-10-06 06:36:58.108,19m 55s,3m 35s,12.5%,187.4 MB,3.1 GB,6.3 GB,6.6 GB
4418,09/cc55cc,63214092_11,p20__virsorter2_pratama (512),COMPLETED,0,2026-10-06 06:57:33.110,3m 20s,29.1s,21.0%,188.7 MB,4 GB,490.5 MB,266.7 MB
4477,e5/706be9,63214092_25,p20__virsorter2_pratama (526),COMPLETED,0,2026-10-06 06:57:33.110,3m 20s,28.2s,20.0%,189.6 MB,3.9 GB,442.5 MB,266.7 MB
4382,26/be5556,63214092_1,p20__virsorter2_pratama (503),COMPLETED,0,2026-10-06 06:57:33.110,3m 30s,30.5s,18.8%,190.4 MB,4 GB,470.4 MB,266.7 MB
4410,f3/eb5487,63214092_9,p20__virsorter2_pratama (510),COMPLETED,0,2026-10-06 06:57:33.110,3m 30s,36.4s,16.3%,186 MB,3.8 GB,476.6 MB,266.7 MB
4424,60/0e4fe8,63214092_12,p20__virsorter2_pratama (513),COMPLETED,0,2026-10-06 06:57:33.110,3m 30s,39.6s,15.8%,185.6 MB,3.8 GB,494.8 MB,266.7 MB
4456,ae/e1bf41,63214092_20,p20__virsorter2_pratama (521),COMPLETED,0,2026-10-06 06:57:33.110,3m 30s,31.4s,19.4%,328.7 MB,4.2 GB,481.7 MB,266.7 MB
4447,47/d5b713,63214092_18,p20__virsorter2_pratama (519),COMPLETED,0,2026-10-06 06:57:33.110,3m 40s,47s,12.4%,185.7 MB,3.8 GB,463.5 MB,266.7 MB
4442,25/754603,63214092_17,p20__virsorter2_pratama (518),COMPLETED,0,2026-10-06 06:57:33.110,3m 50s,53s,11.0%,188.4 MB,4 GB,453.3 MB,266.7 MB
4464,65/61e2fd,63214092_22,p20__virsorter2_pratama (523),COMPLETED,0,2026-10-06 06:57:33.110,4m,1m 7s,9.9%,253.7 MB,4 GB,495.2 MB,266.7 MB
4484,1d/6ef33a,63214092_27,p20__virsorter2_pratama (528),COMPLETED,0,2026-10-06 06:57:33.110,4m 10s,1m 17s,8.9%,187.2 MB,3.9 GB,464.1 MB,266.7 MB
4459,67/816dc7,63214092_21,p20__virsorter2_pratama (522),COMPLETED,0,2026-10-06 06:57:33.110,4m 20s,1m 29s,6.9%,186.4 MB,3.8 GB,489.5 MB,266.7 MB
4502,a2/7100c7,63214092_32,p20__virsorter2_pratama (533),COMPLETED,0,2026-10-06 06:57:33.110,4m 20s,1m 27s,9.1%,186.9 MB,4 GB,201.3 MB,266.7 MB
4451,02/080386,63214092_19,p20__virsorter2_pratama (520),COMPLETED,0,2026-10-06 06:57:33.110,4m 30s,1m 38s,5.1%,185.8 MB,3.9 GB,473.2 MB,266.7 MB
4488,77/81d32c,63214092_28,p20__virsorter2_pratama (529),COMPLETED,0,2026-10-06 06:57:33.110,4m 30s,1m 33s,6.1%,285.3 MB,4.1 GB,477 MB,266.8 MB
4383,05/e21bfd,63214092_3,p20__virsorter2_pratama (504),COMPLETED,0,2026-10-06 06:57:33.110,4m 40s,1m 46s,5.5%,188.2 MB,3.9 GB,475.5 MB,266.7 MB
4374,f1/38ac3f,63214092_0,p20__virsorter2_pratama (501),COMPLETED,0,2026-10-06 06:57:33.110,5m,2m 3s,4.8%,190 MB,4.1 GB,457.7 MB,266.7 MB
4480,cc/c138f8,63214092_26,p20__virsorter2_pratama (527),COMPLETED,0,2026-10-06 06:57:33.110,5m,2m 2s,4.7%,185.2 MB,3.9 GB,451.9 MB,266.7 MB
2130,c3/6d2e7d,63212697_23,p15__genomad_pratama (124),COMPLETED,0,2026-10-06 06:46:51.039,15m 52s,13m 19s,0.7%,188.4 MB,4 GB,199.9 MB,268.2 MB
2069,2a/90ee20,63212697_7,p15__genomad_pratama (108),COMPLETED,0,2026-10-06 06:46:51.039,16m 12s,13m 33s,0.6%,187.7 MB,3.9 GB,200.2 MB,268.5 MB
2117,32/b4f2ea,63212697_20,p15__genomad_pratama (121),COMPLETED,0,2026-10-06 06:46:51.039,16m 12s,13m 41s,0.7%,190.8 MB,4 GB,199.7 MB,268 MB
4402,1c/996c23,63214092_7,p20__virsorter2_pratama (508),COMPLETED,0,2026-10-06 06:57:33.110,5m 30s,2m 33s,5.0%,246 MB,4.2 GB,453.1 MB,266.7 MB
4432,0b/682d8d,63214092_14,p20__virsorter2_pratama (515),COMPLETED,0,2026-10-06 06:57:33.110,5m 30s,2m 31s,3.9%,189.2 MB,4 GB,271.4 MB,266.7 MB
4408,fc/9f5d0a,63214092_8,p20__virsorter2_pratama (509),COMPLETED,0,2026-10-06 06:57:33.110,5m 40s,2m 46s,3.4%,188.1 MB,3.8 GB,466.2 MB,266.7 MB
4428,63/ba9280,63214092_13,p20__virsorter2_pratama (514),COMPLETED,0,2026-10-06 06:57:33.110,5m 40s,2m 45s,3.6%,188.5 MB,4 GB,498.3 MB,266.7 MB
4469,00/14256d,63214092_23,p20__virsorter2_pratama (524),COMPLETED,0,2026-10-06 06:57:33.110,5m 40s,2m 47s,3.5%,188 MB,4 GB,422 MB,266.7 MB
4385,1b/4ff6e8,63214092_5,p20__virsorter2_pratama (506),COMPLETED,0,2026-10-06 06:57:33.110,5m 50s,2m 53s,3.5%,187.8 MB,3.9 GB,485.5 MB,266.7 MB
4414,ae/53a7af,63214092_10,p20__virsorter2_pratama (511),COMPLETED,0,2026-10-06 06:57:33.110,5m 50s,2m 51s,3.7%,190.3 MB,4.1 GB,484.9 MB,266.7 MB
2163,47/f7ed91,63212697_31,p15__genomad_pratama (132),COMPLETED,0,2026-10-06 06:46:51.039,16m 42s,14m 2s,0.7%,189.6 MB,4.1 GB,203 MB,271.3 MB
4492,34/7a286f,63214092_29,p20__virsorter2_pratama (530),COMPLETED,0,2026-10-06 06:57:33.110,6m,3m 2s,3.3%,185.3 MB,3.8 GB,487.4 MB,266.7 MB
2089,9a/bf7297,63212697_12,p15__genomad_pratama (113),COMPLETED,0,2026-10-06 06:46:51.039,16m 52s,14m 18s,0.7%,186.5 MB,3.9 GB,199.9 MB,268.3 MB
4438,f6/f4b49f,63214092_16,p20__virsorter2_pratama (517),COMPLETED,0,2026-10-06 06:57:33.110,6m 10s,3m 16s,3.0%,189.5 MB,4.1 GB,441.9 MB,266.7 MB
4498,7f/3c8a4c,63214092_31,p20__virsorter2_pratama (532),COMPLETED,0,2026-10-06 06:57:33.110,6m 20s,3m 27s,3.8%,188.3 MB,4 GB,499.5 MB,266.7 MB
4378,fa/e6eed7,63214092_2,p20__virsorter2_pratama (502),COMPLETED,0,2026-10-06 06:57:33.110,6m 40s,3m 41s,2.1%,188 MB,3.8 GB,464.6 MB,266.7 MB
4384,be/53f64a,63214092_4,p20__virsorter2_pratama (505),COMPLETED,0,2026-10-06 06:57:33.110,6m 50s,3m 57s,2.7%,188.2 MB,4 GB,480.7 MB,266.7 MB
4495,45/f3db43,63214092_30,p20__virsorter2_pratama (531),COMPLETED,0,2026-10-06 06:57:33.110,7m,4m 1s,2.9%,322.2 MB,4.2 GB,493.8 MB,266.7 MB
4513,b5/8f6301,63214092_34,p20__virsorter2_pratama (535),COMPLETED,0,2026-10-06 06:57:33.110,7m,4m 5s,3.1%,187.7 MB,4 GB,436.3 MB,266.8 MB
4515,9f/5400b2,63214092_35,p20__virsorter2_pratama (536),COMPLETED,0,2026-10-06 06:57:33.110,7m,4m 4s,3.0%,189.6 MB,3.9 GB,442.3 MB,266.7 MB
2186,7f/d2790a,63212697_37,p15__genomad_pratama (138),COMPLETED,0,2026-10-06 06:46:51.039,17m 52s,15m 17s,0.6%,189.3 MB,4 GB,200 MB,268.2 MB
4529,61/5e903b,63214092_38,p20__virsorter2_pratama (539),COMPLETED,0,2026-10-06 06:57:33.110,10m 30s,20.7s,26.3%,190.1 MB,4 GB,472.8 MB,266.7 MB
4552,f2/834779,63214092_44,p20__virsorter2_pratama (545),COMPLETED,0,2026-10-06 06:57:33.110,10m 30s,17.8s,34.1%,187.8 MB,4.1 GB,448.1 MB,266.7 MB
4597,fa/b500a2,63214092_55,p20__virsorter2_pratama (556),COMPLETED,0,2026-10-06 06:57:33.110,10m 30s,20.6s,32.4%,186.1 MB,4 GB,211.8 MB,266.7 MB
4577,d6/f82b73,63214092_50,p20__virsorter2_pratama (551),COMPLETED,0,2026-10-06 06:57:33.110,10m 40s,30.7s,18.7%,191 MB,4 GB,263.6 MB,266.7 MB
4525,ee/d3f4de,63214092_37,p20__virsorter2_pratama (538),COMPLETED,0,2026-10-06 06:57:33.110,11m 12s,56.7s,8.7%,185.5 MB,3.8 GB,463.8 MB,266.7 MB
4545,d5/ba18d8,63214092_42,p20__virsorter2_pratama (543),COMPLETED,0,2026-10-06 06:57:33.110,11m 12s,52.9s,11.2%,187.3 MB,3.9 GB,496.4 MB,266.7 MB
4572,9b/19f333,63214092_49,p20__virsorter2_pratama (550),COMPLETED,0,2026-10-06 06:57:33.110,11m 12s,1m 4s,10.7%,250.5 MB,4 GB,497 MB,266.7 MB
4657,a2/5a8db3,63214092_70,p20__virsorter2_pratama (571),COMPLETED,0,2026-10-06 06:57:33.110,11m 12s,1m,10.0%,187.5 MB,4.1 GB,458.6 MB,266.7 MB
4557,8b/237a94,63214092_45,p20__virsorter2_pratama (546),COMPLETED,0,2026-10-06 06:57:33.110,11m 30s,1m 14s,7.9%,190.2 MB,4 GB,459.7 MB,266.7 MB
4605,38/551717,63214092_57,p20__virsorter2_pratama (558),COMPLETED,0,2026-10-06 06:57:33.110,11m 30s,1m 12s,9.9%,186 MB,3.8 GB,453.4 MB,266.7 MB
4617,b6/119106,63214092_60,p20__virsorter2_pratama (561),COMPLETED,0,2026-10-06 06:57:33.110,11m 30s,1m 14s,10.4%,202.9 MB,3.8 GB,474.5 MB,266.7 MB
4641,e1/430f3f,63214092_66,p20__virsorter2_pratama (567),COMPLETED,0,2026-10-06 06:57:33.110,11m 30s,1m 19s,10.4%,316.6 MB,4.2 GB,496.5 MB,266.8 MB
4652,6a/493bd3,63214092_69,p20__virsorter2_pratama (570),COMPLETED,0,2026-10-06 06:57:33.110,11m 30s,1m 13s,8.0%,189.3 MB,4 GB,451.3 MB,266.7 MB
4670,f9/747024,63214092_74,p20__virsorter2_pratama (575),COMPLETED,0,2026-10-06 06:57:33.110,11m 30s,1m 20s,7.8%,189.7 MB,4.1 GB,483.5 MB,266.7 MB
4609,e1/7fe572,63214092_58,p20__virsorter2_pratama (559),COMPLETED,0,2026-10-06 06:57:33.110,11m 40s,1m 26s,8.5%,184.9 MB,3.9 GB,461.2 MB,266.7 MB
4628,7b/304a46,63214092_63,p20__virsorter2_pratama (564),COMPLETED,0,2026-10-06 06:57:33.110,11m 40s,1m 28s,7.8%,188.3 MB,3.9 GB,489.7 MB,266.7 MB
2282,54/04a4b6,63210182_61,p13__vibrant_pratama (162),COMPLETED,0,2026-10-06 06:26:08.127,43m 15s,23m 30s,0.5%,186.3 MB,3.8 GB,457.8 MB,270 MB
4543,cf/1597db,63214092_41,p20__virsorter2_pratama (542),COMPLETED,0,2026-10-06 06:57:33.110,11m 50s,1m 34s,6.8%,185.9 MB,3.8 GB,492.2 MB,266.7 MB
4643,1b/468dbe,63214092_67,p20__virsorter2_pratama (568),COMPLETED,0,2026-10-06 06:57:33.110,11m 50s,1m 38s,6.7%,313.8 MB,4.3 GB,467.9 MB,266.7 MB
4624,82/c73022,63214092_62,p20__virsorter2_pratama (563),COMPLETED,0,2026-10-06 06:57:33.110,12m 12s,1m 55s,6.0%,185.2 MB,4 GB,485.6 MB,266.8 MB
4674,3f/643522,63214092_75,p20__virsorter2_pratama (576),COMPLETED,0,2026-10-06 06:57:33.110,12m 20s,2m 5s,4.9%,185.6 MB,3.8 GB,488.8 MB,266.7 MB
4663,6e/c8c447,63214092_72,p20__virsorter2_pratama (573),COMPLETED,0,2026-10-06 06:57:33.110,12m 30s,2m 17s,4.9%,186.9 MB,3.9 GB,472.1 MB,266.8 MB
4568,25/9400bc,63214092_48,p20__virsorter2_pratama (549),COMPLETED,0,2026-10-06 06:57:33.110,12m 40s,2m 27s,4.2%,258.8 MB,3.9 GB,490.4 MB,266.6 MB
4659,a5/fbf271,63214092_71,p20__virsorter2_pratama (572),COMPLETED,0,2026-10-06 06:57:33.110,12m 40s,2m 25s,4.1%,187.2 MB,3.8 GB,465.9 MB,266.7 MB
4589,5e/87e45d,63214092_53,p20__virsorter2_pratama (554),COMPLETED,0,2026-10-06 06:57:33.110,12m 50s,2m 35s,4.9%,208.3 MB,4 GB,496.7 MB,266.7 MB
4593,95/ab0789,63214092_54,p20__virsorter2_pratama (555),COMPLETED,0,2026-10-06 06:57:33.110,13m,2m 50s,4.5%,188.6 MB,4 GB,499.2 MB,266.7 MB
4521,de/3228c5,63214092_36,p20__virsorter2_pratama (537),COMPLETED,0,2026-10-06 06:57:33.110,13m 10s,2m 58s,2.9%,185.3 MB,3.8 GB,453.6 MB,266.8 MB
4537,31/8f935b,63214092_40,p20__virsorter2_pratama (541),COMPLETED,0,2026-10-06 06:57:33.110,13m 12s,3m 3s,3.6%,189.8 MB,4.2 GB,487.3 MB,266.7 MB
4561,65/9f250d,63214092_46,p20__virsorter2_pratama (547),COMPLETED,0,2026-10-06 06:57:33.110,13m 12s,3m 3s,3.5%,189.4 MB,3.9 GB,471.3 MB,266.7 MB
4620,31/464661,63214092_61,p20__virsorter2_pratama (562),COMPLETED,0,2026-10-06 06:57:33.110,13m 12s,2m 55s,4.6%,189.9 MB,4 GB,480.2 MB,266.7 MB
4565,df/ec92d6,63214092_47,p20__virsorter2_pratama (548),COMPLETED,0,2026-10-06 06:57:33.110,13m 20s,3m 7s,3.8%,186 MB,3.9 GB,482 MB,266.7 MB
4613,33/ffbc92,63214092_59,p20__virsorter2_pratama (560),COMPLETED,0,2026-10-06 06:57:33.110,13m 20s,3m 11s,3.7%,184.9 MB,3.9 GB,468.3 MB,266.7 MB
4601,7a/c0a59d,63214092_56,p20__virsorter2_pratama (557),COMPLETED,0,2026-10-06 06:57:33.110,13m 30s,3m 20s,3.5%,186.1 MB,3.9 GB,444.9 MB,266.7 MB
4637,8d/888740,63214092_65,p20__virsorter2_pratama (566),COMPLETED,0,2026-10-06 06:57:33.110,13m 30s,3m 15s,3.4%,191.8 MB,4.1 GB,492.9 MB,266.8 MB
4585,07/d3a4bf,63214092_52,p20__virsorter2_pratama (553),COMPLETED,0,2026-10-06 06:57:33.110,13m 40s,3m 26s,3.6%,186 MB,3.8 GB,493.3 MB,266.7 MB
2313,6a/e59771,63212697_69,p15__genomad_pratama (170),COMPLETED,0,2026-10-06 06:46:51.039,24m 32s,14m 36s,0.7%,188.4 MB,3.9 GB,202 MB,270.3 MB
4533,ab/421e72,63214092_39,p20__virsorter2_pratama (540),COMPLETED,0,2026-10-06 06:57:33.110,13m 50s,3m 38s,2.7%,186.6 MB,3.8 GB,480.7 MB,266.9 MB
4649,aa/92ea8b,63214092_68,p20__virsorter2_pratama (569),COMPLETED,0,2026-10-06 06:57:33.110,13m 50s,3m 39s,3.0%,185.7 MB,3.8 GB,443.2 MB,266.8 MB
4666,fb/ad0fe7,63214092_73,p20__virsorter2_pratama (574),COMPLETED,0,2026-10-06 06:57:33.110,14m 10s,3m 54s,2.5%,186 MB,3.8 GB,477.7 MB,266.7 MB
2245,1e/f4ae67,63212697_52,p15__genomad_pratama (153),COMPLETED,0,2026-10-06 06:46:51.039,25m 52s,15m 59s,0.6%,186.7 MB,4 GB,199.7 MB,268.1 MB
2041,76/8087fc,63212697_0,p15__genomad_pratama (101),COMPLETED,0,2026-10-06 06:46:51.039,28m 42s,26m 12s,0.4%,187.3 MB,3.9 GB,200 MB,268.3 MB
4526,8f/0a93de,63215019_38,p12__deepvirfinder_pratama (539),COMPLETED,0,2026-10-06 07:11:38.183,3m 55s,24.9s,25.1%,173.6 MB,4.1 GB,471.5 MB,265 MB
4452,f7/2982df,63215019_19,p12__deepvirfinder_pratama (520),COMPLETED,0,2026-10-06 07:11:38.183,4m 5s,30.9s,21.1%,166.7 MB,3.9 GB,471.9 MB,265 MB
2134,47/0323da,63212697_24,p15__genomad_pratama (125),COMPLETED,0,2026-10-06 06:46:51.039,29m 4s,26m 33s,0.4%,185.7 MB,3.9 GB,200 MB,268.3 MB
4379,6b/284dc6,63215019_0,p12__deepvirfinder_pratama (501),COMPLETED,0,2026-10-06 07:11:38.183,4m 17s,45.4s,15.7%,178.8 MB,4 GB,456.6 MB,265 MB
4425,32/761948,63215019_12,p12__deepvirfinder_pratama (513),COMPLETED,0,2026-10-06 07:11:38.183,4m 17s,48.8s,12.6%,176.9 MB,3.9 GB,493.5 MB,264.8 MB
4487,3e/07730b,63215019_28,p12__deepvirfinder_pratama (529),COMPLETED,0,2026-10-06 07:11:38.183,4m 17s,40s,18.2%,177 MB,3.9 GB,475.9 MB,265 MB
4392,09/eaa053,63215019_3,p12__deepvirfinder_pratama (505),COMPLETED,0,2026-10-06 07:11:38.183,4m 25s,54.1s,12.4%,176.6 MB,3.9 GB,479.5 MB,265 MB
4485,48/35a313,63215019_27,p12__deepvirfinder_pratama (528),COMPLETED,0,2026-10-06 07:11:38.183,4m 25s,55.6s,11.1%,177.7 MB,3.9 GB,462.9 MB,265 MB
4381,20/d47096,63215019_2,p12__deepvirfinder_pratama (502),COMPLETED,0,2026-10-06 07:11:38.183,4m 35s,1m 6s,12.7%,177.7 MB,4 GB,463.4 MB,265.1 MB
4420,4a/22d435,63215019_11,p12__deepvirfinder_pratama (512),COMPLETED,0,2026-10-06 07:11:38.183,4m 35s,1m 1s,11.8%,178.3 MB,3.9 GB,489.3 MB,265 MB
4460,63/96cf35,63215019_21,p12__deepvirfinder_pratama (522),COMPLETED,0,2026-10-06 07:11:38.183,4m 35s,1m 5s,8.7%,179.5 MB,4 GB,488.2 MB,264.8 MB
4522,6e/834fed,63215019_37,p12__deepvirfinder_pratama (538),COMPLETED,0,2026-10-06 07:11:38.183,4m 45s,1m 16s,7.7%,122.2 MB,3.9 GB,462.5 MB,265 MB
4433,96/f76f20,63215019_14,p12__deepvirfinder_pratama (515),COMPLETED,0,2026-10-06 07:11:38.183,4m 55s,1m 20s,6.7%,177.3 MB,3.8 GB,270.3 MB,265.1 MB
4491,e3/1e455e,63215019_29,p12__deepvirfinder_pratama (530),COMPLETED,0,2026-10-06 07:11:38.183,4m 55s,1m 24s,8.1%,186.3 MB,4 GB,486.2 MB,265.1 MB
4444,81/ec41b7,63215019_17,p12__deepvirfinder_pratama (518),COMPLETED,0,2026-10-06 07:11:38.183,5m 5s,1m 37s,7.6%,178.5 MB,3.9 GB,452 MB,265.1 MB
4467,ea/72e52a,63215019_23,p12__deepvirfinder_pratama (524),COMPLETED,0,2026-10-06 07:11:38.183,5m 5s,1m 36s,8.2%,176.2 MB,3.9 GB,420.8 MB,265 MB
4511,4a/582c06,63215019_34,p12__deepvirfinder_pratama (535),COMPLETED,0,2026-10-06 07:11:38.183,5m 25s,1m 52s,6.1%,177.3 MB,3.8 GB,435 MB,265 MB
4463,ab/d2319e,63215019_22,p12__deepvirfinder_pratama (523),COMPLETED,0,2026-10-06 07:11:38.183,5m 35s,2m 5s,4.6%,177 MB,3.8 GB,494 MB,264.9 MB
4501,60/84e098,63215019_31,p12__deepvirfinder_pratama (532),COMPLETED,0,2026-10-06 07:11:38.183,5m 55s,2m 24s,4.7%,186 MB,3.8 GB,498.2 MB,265.1 MB
4393,d5/4d8eaf,63215019_5,p12__deepvirfinder_pratama (506),COMPLETED,0,2026-10-06 07:11:38.183,6m 5s,2m 36s,4.4%,181.2 MB,4.1 GB,484.2 MB,265 MB
4479,c0/556505,63215019_26,p12__deepvirfinder_pratama (527),COMPLETED,0,2026-10-06 07:11:38.183,6m 5s,2m 35s,4.0%,186 MB,3.8 GB,450.7 MB,265.1 MB
4531,eb/1822a6,63215019_39,p12__deepvirfinder_pratama (540),COMPLETED,0,2026-10-06 07:11:38.183,6m 5s,2m 37s,3.9%,176.6 MB,3.8 GB,479.4 MB,265 MB
4406,4a/363af3,63215019_8,p12__deepvirfinder_pratama (509),COMPLETED,0,2026-10-06 07:11:38.183,6m 35s,2m 58s,3.3%,177.2 MB,3.9 GB,465.1 MB,265 MB
4448,b4/5e4706,63215019_18,p12__deepvirfinder_pratama (519),COMPLETED,0,2026-10-06 07:11:38.183,6m 35s,2m 58s,3.4%,177.1 MB,3.9 GB,462.3 MB,265 MB
4417,5b/302264,63215019_10,p12__deepvirfinder_pratama (511),COMPLETED,0,2026-10-06 07:11:38.183,6m 45s,3m 8s,4.0%,181.5 MB,3.8 GB,483.8 MB,265 MB
4429,81/0a9dc6,63215019_13,p12__deepvirfinder_pratama (514),COMPLETED,0,2026-10-06 07:11:38.183,6m 45s,3m 15s,3.2%,186.4 MB,3.9 GB,497.1 MB,265 MB
4497,9a/eb68f1,63215019_30,p12__deepvirfinder_pratama (531),COMPLETED,0,2026-10-06 07:11:38.183,6m 45s,3m 12s,3.1%,176.4 MB,3.9 GB,492.4 MB,265 MB
1931,a9/4cd1ef,63210165_74,p13__vibrant_pratama (75),COMPLETED,0,2026-10-06 06:25:19.177,53m 14s,43m 28s,0.3%,188.9 MB,4 GB,483.8 MB,274.8 MB
4455,6f/a78e59,63215019_20,p12__deepvirfinder_pratama (521),COMPLETED,0,2026-10-06 07:11:38.183,6m 55s,3m 21s,2.8%,186 MB,3.9 GB,480.5 MB,264.8 MB
4519,bd/7cf76f,63215019_36,p12__deepvirfinder_pratama (537),COMPLETED,0,2026-10-06 07:11:38.183,6m 55s,3m 22s,4.1%,188.5 MB,4 GB,452.4 MB,265 MB
4390,30/f475ce,63215019_1,p12__deepvirfinder_pratama (503),COMPLETED,0,2026-10-06 07:11:38.183,7m 5s,3m 33s,3.5%,181.5 MB,3.9 GB,469.2 MB,265 MB
4412,0d/fba97a,63215019_9,p12__deepvirfinder_pratama (510),COMPLETED,0,2026-10-06 07:11:38.183,7m 5s,3m 37s,3.0%,153.6 MB,3.9 GB,475.5 MB,265 MB
4505,79/784a99,63215019_32,p12__deepvirfinder_pratama (533),COMPLETED,0,2026-10-06 07:11:38.183,7m 15s,3m 40s,2.8%,156.7 MB,4 GB,200 MB,265 MB
4391,a9/c65668,63215019_4,p12__deepvirfinder_pratama (504),COMPLETED,0,2026-10-06 07:11:38.183,7m 25s,3m 55s,2.7%,179 MB,4 GB,474.3 MB,265 MB
2081,58/d0d6b4,63210182_12,p13__vibrant_pratama (113),COMPLETED,0,2026-10-06 06:26:08.127,55m 35s,53m 44s,0.2%,189.6 MB,4 GB,489.4 MB,273.1 MB
4567,07/77403d,63215019_48,p12__deepvirfinder_pratama (549),COMPLETED,0,2026-10-06 07:11:38.183,11m 15s,25s,31.0%,179.6 MB,4 GB,489.2 MB,265 MB
4608,b2/9dada0,63215019_58,p12__deepvirfinder_pratama (559),COMPLETED,0,2026-10-06 07:11:38.183,11m 15s,25.9s,24.2%,136.5 MB,3.9 GB,460 MB,265 MB
4640,74/7b3bb7,63215019_66,p12__deepvirfinder_pratama (567),COMPLETED,0,2026-10-06 07:11:38.183,11m 15s,25.3s,28.7%,176.8 MB,3.8 GB,495.4 MB,265 MB
4539,f1/25508a,63215019_41,p12__deepvirfinder_pratama (542),COMPLETED,0,2026-10-06 07:11:38.183,11m 27s,36.6s,18.6%,158.6 MB,3.9 GB,491.1 MB,265 MB
4563,b6/f537cf,63215019_47,p12__deepvirfinder_pratama (548),COMPLETED,0,2026-10-06 07:11:38.183,11m 27s,34.4s,18.3%,175.9 MB,3.9 GB,480.7 MB,265.1 MB
4570,68/d68c36,63215019_49,p12__deepvirfinder_pratama (550),COMPLETED,0,2026-10-06 07:11:38.183,11m 27s,34s,20.8%,175.5 MB,4 GB,495.8 MB,265.1 MB
4590,10/5e75d7,63215019_54,p12__deepvirfinder_pratama (555),COMPLETED,0,2026-10-06 07:11:38.183,11m 27s,32.2s,21.3%,184.6 MB,3.9 GB,498 MB,265.1 MB
1984,4a/462879,63210165_87,p13__vibrant_pratama (88),COMPLETED,0,2026-10-06 06:25:19.177,57m 54s,40m 59s,0.3%,189.4 MB,4 GB,485 MB,275 MB
2342,5e/134b7f,63212697_76,p15__genomad_pratama (177),COMPLETED,0,2026-10-06 06:46:51.039,36m 22s,26m 30s,0.3%,190.7 MB,4 GB,201.1 MB,269.2 MB
4619,f2/f1ecb9,63215019_61,p12__deepvirfinder_pratama (562),COMPLETED,0,2026-10-06 07:11:38.183,11m 35s,44.3s,13.6%,178.8 MB,4.1 GB,479.1 MB,265 MB
4662,27/89aeff,63215019_72,p12__deepvirfinder_pratama (573),COMPLETED,0,2026-10-06 07:11:38.183,11m 45s,56s,12.9%,172.1 MB,3.8 GB,470.7 MB,265 MB
4541,24/6b5df3,63215019_42,p12__deepvirfinder_pratama (543),COMPLETED,0,2026-10-06 07:11:38.183,11m 55s,1m 8s,11.3%,186.2 MB,3.9 GB,495.2 MB,265 MB
4558,fb/a7a699,63215019_46,p12__deepvirfinder_pratama (547),COMPLETED,0,2026-10-06 07:11:38.183,12m 15s,1m 30s,7.8%,176.5 MB,3.9 GB,470 MB,265.1 MB
4574,b3/df9a4e,63215019_50,p12__deepvirfinder_pratama (551),COMPLETED,0,2026-10-06 07:11:38.183,12m 15s,1m 30s,6.5%,179 MB,4 GB,262.5 MB,265 MB
4604,22/b1c447,63215019_57,p12__deepvirfinder_pratama (558),COMPLETED,0,2026-10-06 07:11:38.183,12m 15s,1m 31s,7.0%,176.9 MB,3.8 GB,452.2 MB,264.9 MB
2167,90/c5649f,63212697_32,p15__genomad_pratama (133),COMPLETED,0,2026-10-06 06:46:51.039,37m 12s,34m 37s,0.3%,189.9 MB,4 GB,202.6 MB,270.8 MB
4554,de/f0477c,63215019_45,p12__deepvirfinder_pratama (546),COMPLETED,0,2026-10-06 07:11:38.183,12m 35s,1m 45s,6.3%,178.4 MB,3.9 GB,458.5 MB,265 MB
4644,38/7a8361,63215019_67,p12__deepvirfinder_pratama (568),COMPLETED,0,2026-10-06 07:11:38.183,12m 45s,1m 59s,5.6%,187.9 MB,4 GB,466.6 MB,265 MB
4626,a6/48f907,63215019_63,p12__deepvirfinder_pratama (564),COMPLETED,0,2026-10-06 07:11:38.183,12m 55s,2m 10s,4.6%,179.2 MB,4 GB,488.6 MB,265 MB
4582,10/cf719f,63215019_52,p12__deepvirfinder_pratama (553),COMPLETED,0,2026-10-06 07:11:38.183,13m 15s,2m 23s,3.8%,167.5 MB,3.8 GB,492.3 MB,265 MB
4612,31/8d6f75,63215019_59,p12__deepvirfinder_pratama (560),COMPLETED,0,2026-10-06 07:11:38.183,13m 25s,2m 35s,3.7%,178.8 MB,4.1 GB,467.1 MB,265 MB
4615,ed/f9ba53,63215019_60,p12__deepvirfinder_pratama (561),COMPLETED,0,2026-10-06 07:11:38.183,13m 25s,2m 32s,3.7%,174.6 MB,4.1 GB,473.3 MB,265 MB
1638,0c/15b60f,63210165_0,p13__vibrant_pratama (1),COMPLETED,0,2026-10-06 06:25:19.177,59m 54s,53m 40s,0.2%,187.4 MB,3.8 GB,464.7 MB,270 MB
4636,0b/5a1972,63215019_65,p12__deepvirfinder_pratama (566),COMPLETED,0,2026-10-06 07:11:38.183,13m 45s,2m 53s,4.6%,178.6 MB,4 GB,491.7 MB,265 MB
4658,45/382ed6,63215019_71,p12__deepvirfinder_pratama (572),COMPLETED,0,2026-10-06 07:11:38.183,13m 45s,2m 54s,4.3%,178.3 MB,4 GB,464.7 MB,264.9 MB
4675,2e/67ff4b,63215019_75,p12__deepvirfinder_pratama (576),COMPLETED,0,2026-10-06 07:11:38.183,13m 45s,2m 52s,3.9%,179.4 MB,4 GB,487.4 MB,265 MB
4623,1a/66fc30,63215019_62,p12__deepvirfinder_pratama (563),COMPLETED,0,2026-10-06 07:11:38.183,13m 55s,3m 9s,3.2%,189.6 MB,4.1 GB,484.4 MB,265 MB
2280,d3/61796d,63212697_61,p15__genomad_pratama (162),COMPLETED,0,2026-10-06 06:46:51.039,38m 52s,28m 54s,0.4%,185.6 MB,3.9 GB,200 MB,268.4 MB
4650,58/19ff34,63215019_69,p12__deepvirfinder_pratama (570),COMPLETED,0,2026-10-06 07:11:38.183,14m 5s,3m 16s,3.9%,151.7 MB,3.9 GB,450.1 MB,265 MB
4654,23/e331cb,63215019_70,p12__deepvirfinder_pratama (571),COMPLETED,0,2026-10-06 07:11:38.183,14m 5s,3m 12s,3.4%,176.9 MB,3.9 GB,457.4 MB,265 MB
4587,e3/0b3199,63215019_53,p12__deepvirfinder_pratama (554),COMPLETED,0,2026-10-06 07:11:38.183,14m 15s,3m 25s,2.9%,176.8 MB,3.8 GB,495.5 MB,265 MB
4595,89/fbe645,63215019_55,p12__deepvirfinder_pratama (556),COMPLETED,0,2026-10-06 07:11:38.183,14m 15s,3m 29s,3.0%,183.1 MB,4.1 GB,210.7 MB,265 MB
4671,52/33aaca,63215019_74,p12__deepvirfinder_pratama (575),COMPLETED,0,2026-10-06 07:11:38.183,14m 38s,3m 43s,2.9%,178.8 MB,3.9 GB,482.3 MB,265 MB
4534,b5/353e0b,63215019_40,p12__deepvirfinder_pratama (541),COMPLETED,0,2026-10-06 07:11:38.183,14m 45s,3m 56s,3.5%,176.9 MB,3.9 GB,486.1 MB,265 MB
4667,fc/4c46c9,63215019_73,p12__deepvirfinder_pratama (574),COMPLETED,0,2026-10-06 07:11:38.183,14m 45s,3m 56s,3.1%,169.7 MB,3.8 GB,476.4 MB,265.1 MB
2209,34/67bcd9,63212697_43,p15__genomad_pratama (144),COMPLETED,0,2026-10-06 06:46:51.039,40m 52s,30m 58s,0.3%,190.8 MB,4.2 GB,197 MB,265.3 MB
2131,0e/5becc8,63210182_23,p13__vibrant_pratama (124),COMPLETED,0,2026-10-06 06:26:08.127,1h 2m 35s,1h 46s,0.2%,187.9 MB,4 GB,478.5 MB,271.2 MB
2340,ee/db164a,63210182_76,p13__vibrant_pratama (177),COMPLETED,0,2026-10-06 06:26:08.127,1h 2m 55s,43m 10s,0.2%,189.5 MB,4.2 GB,486.5 MB,275 MB
4394,aa/808564,63216450_1,p19__vibrant_pratama (503),COMPLETED,0,2026-10-06 07:27:28.158,2m 25s,9.7s,63.9%,188.5 MB,4 GB,469.2 MB,265 MB
4396,84/777075,63216450_3,p19__vibrant_pratama (505),COMPLETED,0,2026-10-06 07:27:28.158,2m 25s,16.3s,36.1%,170.7 MB,3.7 GB,479.6 MB,265 MB
4397,27/05868e,63216450_5,p19__vibrant_pratama (506),COMPLETED,0,2026-10-06 07:27:28.158,2m 25s,10.7s,55.0%,184.8 MB,3.8 GB,484.4 MB,265 MB
4415,d8/243fcb,63216450_10,p19__vibrant_pratama (511),COMPLETED,0,2026-10-06 07:27:28.158,2m 25s,8.7s,69.9%,189 MB,3.9 GB,483.8 MB,265 MB
1722,bb/6eb9da,63210165_21,p13__vibrant_pratama (22),COMPLETED,0,2026-10-06 06:25:19.177,1h 4m 44s,58m 26s,0.2%,188.8 MB,4 GB,491 MB,274.1 MB
4423,c2/cc44b1,63216450_12,p19__vibrant_pratama (513),COMPLETED,0,2026-10-06 07:27:28.158,2m 35s,19s,34.0%,178.2 MB,4.1 GB,493.6 MB,265 MB
2212,5c/cfca33,63212697_44,p15__genomad_pratama (145),COMPLETED,0,2026-10-06 06:46:51.039,43m 24s,33m 24s,0.3%,188.3 MB,4 GB,200.2 MB,268.4 MB
4462,fc/5ff58f,63216450_22,p19__vibrant_pratama (523),COMPLETED,0,2026-10-06 07:27:28.158,2m 47s,26.9s,22.6%,188.9 MB,4.1 GB,494.2 MB,265 MB
4494,63/c04e71,63216450_30,p19__vibrant_pratama (531),COMPLETED,0,2026-10-06 07:27:28.158,3m 47s,1m 27s,7.3%,137.8 MB,3.9 GB,492.4 MB,265 MB
4458,21/ce0010,63216450_21,p19__vibrant_pratama (522),COMPLETED,0,2026-10-06 07:27:28.158,3m 55s,1m 42s,5.9%,97.4 MB,3.5 GB,488.3 MB,265 MB
4503,7f/86e550,63216450_32,p19__vibrant_pratama (533),COMPLETED,0,2026-10-06 07:27:28.158,3m 55s,1m 40s,5.7%,180.4 MB,4 GB,200 MB,265 MB
4466,66/ae0a5c,63216450_23,p19__vibrant_pratama (524),COMPLETED,0,2026-10-06 07:27:28.158,4m 5s,1m 51s,6.0%,178 MB,3.9 GB,420.8 MB,265 MB
4430,c1/ecc3ec,63216450_14,p19__vibrant_pratama (515),COMPLETED,0,2026-10-06 07:27:28.158,4m 15s,2m 1s,5.5%,177.2 MB,3.9 GB,270.3 MB,265 MB
4450,e5/f372f0,63216450_19,p19__vibrant_pratama (520),COMPLETED,0,2026-10-06 07:27:28.158,4m 15s,2m 6s,5.3%,177 MB,3.9 GB,471.9 MB,265 MB
4510,35/77193f,63216450_34,p19__vibrant_pratama (535),COMPLETED,0,2026-10-06 07:27:28.158,4m 15s,2m 5s,4.6%,175.3 MB,3.8 GB,434.9 MB,265 MB
4377,79/45a42d,63216450_0,p19__vibrant_pratama (501),COMPLETED,0,2026-10-06 07:27:28.158,4m 25s,2m 9s,4.9%,186.5 MB,3.9 GB,456.6 MB,265 MB
4380,60/61de0b,63216450_2,p19__vibrant_pratama (502),COMPLETED,0,2026-10-06 07:27:28.158,4m 25s,2m 16s,4.9%,176.6 MB,3.8 GB,463.4 MB,265 MB
4411,e1/0d464d,63216450_9,p19__vibrant_pratama (510),COMPLETED,0,2026-10-06 07:27:28.158,4m 25s,2m 10s,4.3%,184 MB,3.8 GB,475.5 MB,265 MB
4523,d8/29c288,63216450_37,p19__vibrant_pratama (538),COMPLETED,0,2026-10-06 07:27:28.158,4m 25s,2m 15s,6.2%,177.6 MB,3.8 GB,462.6 MB,265 MB
4446,45/de6b30,63216450_18,p19__vibrant_pratama (519),COMPLETED,0,2026-10-06 07:27:28.158,4m 47s,2m 28s,4.5%,92.4 MB,3.6 GB,462.4 MB,265 MB
4518,84/66e9df,63216450_36,p19__vibrant_pratama (537),COMPLETED,0,2026-10-06 07:27:28.158,4m 47s,2m 34s,4.8%,171.5 MB,3.8 GB,452.4 MB,265 MB
4482,14/dc99fe,63216450_27,p19__vibrant_pratama (528),COMPLETED,0,2026-10-06 07:27:28.158,5m 5s,2m 56s,4.0%,180 MB,4.1 GB,462.8 MB,265 MB
4532,9f/c7dfdd,63216450_39,p19__vibrant_pratama (540),COMPLETED,0,2026-10-06 07:27:28.158,5m 15s,3m 2s,3.6%,176.2 MB,4 GB,479.4 MB,265 MB
1775,78/78a7b7,63210165_34,p13__vibrant_pratama (35),COMPLETED,0,2026-10-06 06:25:19.177,1h 7m 34s,1h 1m 19s,0.2%,189.9 MB,4.2 GB,478.8 MB,271.1 MB
1876,35/fe884b,63210165_60,p13__vibrant_pratama (61),COMPLETED,0,2026-10-06 06:25:19.177,1h 7m 34s,57m 51s,0.2%,188.7 MB,3.9 GB,490.1 MB,273.2 MB
4395,2f/cbb635,63216450_4,p19__vibrant_pratama (504),COMPLETED,0,2026-10-06 07:27:28.158,5m 25s,3m 8s,3.0%,144.9 MB,3.9 GB,474.4 MB,265 MB
4486,85/dc4ad2,63216450_28,p19__vibrant_pratama (529),COMPLETED,0,2026-10-06 07:27:28.158,5m 25s,3m 13s,3.5%,98.1 MB,3.7 GB,475.7 MB,265 MB
4500,3b/773193,63216450_31,p19__vibrant_pratama (532),COMPLETED,0,2026-10-06 07:27:28.158,5m 35s,3m 18s,3.1%,177.3 MB,3.9 GB,498.2 MB,265 MB
4409,3f/80fe91,63216450_8,p19__vibrant_pratama (509),COMPLETED,0,2026-10-06 07:27:28.158,5m 45s,3m 28s,3.3%,175.1 MB,4 GB,465.1 MB,265 MB
4427,17/035bb3,63216450_13,p19__vibrant_pratama (514),COMPLETED,0,2026-10-06 07:27:28.158,5m 47s,3m 33s,2.5%,177.9 MB,3.8 GB,497.1 MB,265 MB
4405,7c/6047ce,63216450_7,p19__vibrant_pratama (508),COMPLETED,0,2026-10-06 07:27:28.158,5m 55s,3m 38s,2.8%,185.2 MB,3.9 GB,452.2 MB,265.2 MB
4443,b3/32b58f,63216450_17,p19__vibrant_pratama (518),COMPLETED,0,2026-10-06 07:27:28.158,5m 55s,3m 39s,3.1%,178.4 MB,3.9 GB,451.9 MB,265 MB
4454,15/b14e7b,63216450_20,p19__vibrant_pratama (521),COMPLETED,0,2026-10-06 07:27:28.158,5m 55s,3m 42s,3.2%,179.3 MB,4 GB,480.7 MB,265.1 MB
4478,47/09de8c,63216450_26,p19__vibrant_pratama (527),COMPLETED,0,2026-10-06 07:27:28.158,5m 55s,3m 39s,2.9%,188 MB,4 GB,450.8 MB,265 MB
4527,8d/631d81,63216450_38,p19__vibrant_pratama (539),COMPLETED,0,2026-10-06 07:27:28.158,5m 55s,3m 40s,3.2%,177 MB,3.9 GB,471.5 MB,265 MB
4421,8a/6a9693,63216450_11,p19__vibrant_pratama (512),COMPLETED,0,2026-10-06 07:27:28.158,6m 5s,3m 54s,2.4%,98.2 MB,3.6 GB,489.3 MB,265 MB
4490,bf/699040,63216450_29,p19__vibrant_pratama (530),COMPLETED,0,2026-10-06 07:27:28.158,6m 5s,3m 54s,2.7%,176.6 MB,3.8 GB,486.2 MB,265 MB
2276,b0/a66029,63212697_60,p15__genomad_pratama (161),COMPLETED,0,2026-10-06 06:46:51.039,47m 34s,37m 37s,0.3%,189.9 MB,4.1 GB,196.9 MB,265.3 MB
2184,bc/f01b8a,63210182_37,p13__vibrant_pratama (138),COMPLETED,0,2026-10-06 06:26:08.127,1h 8m 25s,1h 6m 29s,0.2%,189.3 MB,4.1 GB,457.1 MB,268.2 MB
2161,ff/5c3f1d,63210182_31,p13__vibrant_pratama (132),COMPLETED,0,2026-10-06 06:26:08.127,1h 8m 55s,1h 7m 4s,0.2%,186.1 MB,3.8 GB,467.2 MB,269 MB
2043,49/a41117,63212697_1,p15__genomad_pratama (102),COMPLETED,0,2026-10-06 06:46:51.039,48m 12s,45m 41s,0.2%,190.1 MB,3.9 GB,200.9 MB,269.1 MB
2345,5c/783eaf,63212697_77,p15__genomad_pratama (178),COMPLETED,0,2026-10-06 06:46:51.039,48m 42s,38m 46s,0.3%,188.1 MB,3.9 GB,202 MB,270.2 MB
4403,b1/f8e911,63215019_7,p12__deepvirfinder_pratama (508),COMPLETED,0,2026-10-06 07:11:38.183,23m 55s,20m 20s,0.6%,190.3 MB,4 GB,454.5 MB,265.3 MB
2094,35/93c0fb,63212697_13,p15__genomad_pratama (114),COMPLETED,0,2026-10-06 06:46:51.039,49m 22s,46m 47s,0.2%,188.1 MB,3.8 GB,200.7 MB,269 MB
4535,11/379853,63216450_40,p19__vibrant_pratama (541),COMPLETED,0,2026-10-06 07:27:28.158,9m 57s,26.2s,21.0%,124.1 MB,3.9 GB,486.1 MB,265 MB
4560,12/a3de69,63216450_46,p19__vibrant_pratama (547),COMPLETED,0,2026-10-06 07:27:28.158,9m 57s,30.4s,19.9%,168.7 MB,4 GB,470.1 MB,265 MB
4588,43/b4d3b1,63216450_53,p19__vibrant_pratama (554),COMPLETED,0,2026-10-06 07:27:28.158,9m 57s,23.2s,25.0%,179.4 MB,4 GB,495.5 MB,265 MB
4607,41/c4dd32,63216450_58,p19__vibrant_pratama (559),COMPLETED,0,2026-10-06 07:27:28.158,9m 57s,29.2s,17.6%,178 MB,3.9 GB,460 MB,265 MB
4573,6f/31a64f,63216450_49,p19__vibrant_pratama (550),COMPLETED,0,2026-10-06 07:27:28.158,10m 5s,35.4s,18.7%,175.9 MB,3.9 GB,495.8 MB,265 MB
1908,07/329952,63210165_68,p13__vibrant_pratama (69),COMPLETED,0,2026-10-06 06:25:19.177,1h 12m 24s,1h 2m 34s,0.2%,186.8 MB,3.8 GB,461.8 MB,267.7 MB
2049,b9/67822e,63210182_6,p13__vibrant_pratama (108),COMPLETED,0,2026-10-06 06:26:08.126,1h 11m 35s,1h 9m 42s,0.2%,186.8 MB,3.8 GB,451.8 MB,266.3 MB
4439,09/98d85a,63216450_16,p19__vibrant_pratama (517),COMPLETED,0,2026-10-06 07:27:28.158,10m 35s,8m 18s,1.2%,188.4 MB,4.1 GB,450.2 MB,267.7 MB
4611,c8/0acc1b,63216450_59,p19__vibrant_pratama (560),COMPLETED,0,2026-10-06 07:27:28.158,10m 35s,1m 2s,11.4%,168.7 MB,3.7 GB,467.1 MB,265 MB
1658,14/cffc3f,63210165_5,p13__vibrant_pratama (6),COMPLETED,0,2026-10-06 06:25:19.177,1h 13m 4s,1h 6m 53s,0.2%,185.7 MB,3.8 GB,462.8 MB,268.7 MB
4673,fc/478fea,63216450_74,p19__vibrant_pratama (575),COMPLETED,0,2026-10-06 07:27:28.158,10m 57s,1m 21s,8.4%,179.1 MB,3.9 GB,482.2 MB,265 MB
4677,ae/682501,63216450_75,p19__vibrant_pratama (576),COMPLETED,0,2026-10-06 07:27:28.158,10m 57s,1m 30s,7.2%,179.7 MB,3.9 GB,487.3 MB,265 MB
4564,be/3f7743,63216450_47,p19__vibrant_pratama (548),COMPLETED,0,2026-10-06 07:27:28.158,11m 5s,1m 34s,7.0%,166.5 MB,3.8 GB,480.8 MB,265 MB
4629,a2/1176e7,63216450_63,p19__vibrant_pratama (564),COMPLETED,0,2026-10-06 07:27:28.158,11m 5s,1m 34s,6.1%,175.4 MB,3.8 GB,488.6 MB,265 MB
4634,5e/ef14b5,63216450_65,p19__vibrant_pratama (566),COMPLETED,0,2026-10-06 07:27:28.158,11m 5s,1m 36s,6.3%,178 MB,3.8 GB,491.6 MB,264.9 MB
4669,5c/67477a,63216450_73,p19__vibrant_pratama (574),COMPLETED,0,2026-10-06 07:27:28.158,11m 5s,1m 33s,6.7%,184.4 MB,3.8 GB,476.3 MB,265 MB
4665,c5/088dd9,63216450_72,p19__vibrant_pratama (573),COMPLETED,0,2026-10-06 07:27:28.158,11m 15s,1m 40s,6.2%,177.5 MB,3.9 GB,470.7 MB,265 MB
4556,76/c01dc7,63216450_45,p19__vibrant_pratama (546),COMPLETED,0,2026-10-06 07:27:28.158,11m 45s,2m 12s,4.3%,176.9 MB,3.8 GB,458.7 MB,265.1 MB
4625,9a/0f4223,63216450_62,p19__vibrant_pratama (563),COMPLETED,0,2026-10-06 07:27:28.158,11m 45s,2m 11s,4.3%,179.2 MB,3.9 GB,484.4 MB,265 MB
4569,a8/59d8f0,63216450_48,p19__vibrant_pratama (549),COMPLETED,0,2026-10-06 07:27:28.158,11m 55s,2m 29s,4.7%,169 MB,3.8 GB,489.3 MB,265 MB
4516,40/596348,63216450_35,p19__vibrant_pratama (536),COMPLETED,0,2026-10-06 07:27:28.158,12m 5s,9m 55s,1.4%,190.6 MB,4 GB,448.9 MB,267.3 MB
4616,14/ad27e0,63216450_60,p19__vibrant_pratama (561),COMPLETED,0,2026-10-06 07:27:28.158,12m 15s,2m 48s,3.6%,167.4 MB,3.8 GB,473.2 MB,265 MB
4538,7c/078e5c,63216450_41,p19__vibrant_pratama (542),COMPLETED,0,2026-10-06 07:27:28.158,12m 35s,3m 9s,3.3%,169.8 MB,4 GB,491.1 MB,265 MB
4621,72/20bd0e,63216450_61,p19__vibrant_pratama (562),COMPLETED,0,2026-10-06 07:27:28.158,12m 45s,3m 20s,3.0%,139.8 MB,3.9 GB,479.1 MB,265 MB
4655,bd/e79fbd,63216450_70,p19__vibrant_pratama (571),COMPLETED,0,2026-10-06 07:27:28.158,12m 45s,3m 11s,3.3%,179.8 MB,4.1 GB,457.5 MB,265 MB
4603,66/e0b6a4,63216450_57,p19__vibrant_pratama (558),COMPLETED,0,2026-10-06 07:27:28.158,12m 55s,3m 29s,2.6%,102 MB,3.7 GB,452.3 MB,265 MB
4642,1b/22afe8,63216450_67,p19__vibrant_pratama (568),COMPLETED,0,2026-10-06 07:27:28.158,12m 57s,3m 25s,2.9%,82 MB,3.5 GB,466.6 MB,265 MB
1708,b3/eb047d,63210165_18,p13__vibrant_pratama (19),COMPLETED,0,2026-10-06 06:25:19.177,1h 15m 14s,1h 8m 59s,0.2%,186.6 MB,4 GB,454.4 MB,266.5 MB
4542,3b/937b48,63216450_42,p19__vibrant_pratama (543),COMPLETED,0,2026-10-06 07:27:28.158,13m 5s,3m 38s,3.0%,179.7 MB,4 GB,495.3 MB,265 MB
4576,0f/8f5e67,63216450_50,p19__vibrant_pratama (551),COMPLETED,0,2026-10-06 07:27:28.158,13m 5s,3m 35s,2.6%,154.4 MB,3.9 GB,262.4 MB,265 MB
4661,42/3c8eec,63216450_71,p19__vibrant_pratama (572),COMPLETED,0,2026-10-06 07:27:28.158,13m 5s,3m 38s,3.0%,177.5 MB,3.9 GB,464.7 MB,265 MB
4584,dd/3e5442,63216450_52,p19__vibrant_pratama (553),COMPLETED,0,2026-10-06 07:27:28.158,13m 15s,3m 43s,2.6%,169.4 MB,4 GB,492.2 MB,265 MB
4592,58/8963c3,63216450_54,p19__vibrant_pratama (555),COMPLETED,0,2026-10-06 07:27:28.158,13m 15s,3m 48s,2.4%,176.1 MB,3.9 GB,498 MB,265 MB
4639,25/2bcd8d,63216450_66,p19__vibrant_pratama (567),COMPLETED,0,2026-10-06 07:27:28.158,13m 15s,3m 45s,2.7%,169.8 MB,3.8 GB,495.4 MB,265 MB
4596,a7/47e8ac,63216450_55,p19__vibrant_pratama (556),COMPLETED,0,2026-10-06 07:27:28.158,13m 25s,3m 55s,2.2%,125.3 MB,3.9 GB,210.7 MB,265 MB
4653,c5/583dbe,63216450_69,p19__vibrant_pratama (570),COMPLETED,0,2026-10-06 07:27:28.158,13m 25s,3m 51s,2.6%,177.7 MB,3.9 GB,450.1 MB,265 MB
2285,62/a208b4,63212697_62,p15__genomad_pratama (163),COMPLETED,0,2026-10-06 06:46:51.039,54m 52s,44m 58s,0.2%,186.6 MB,3.8 GB,200.3 MB,268.7 MB
2246,94/022e55,63210182_52,p13__vibrant_pratama (153),COMPLETED,0,2026-10-06 06:26:08.127,1h 15m 45s,1h 3m 18s,0.2%,185.3 MB,3.8 GB,453.1 MB,267.3 MB
4600,87/1e8468,63216450_56,p19__vibrant_pratama (557),COMPLETED,0,2026-10-06 07:27:28.158,14m 35s,5m 2s,1.7%,186.3 MB,3.8 GB,448 MB,266.5 MB
1686,70/d38d4f,63210165_12,p13__vibrant_pratama (13),COMPLETED,0,2026-10-06 06:25:19.177,1h 17m 14s,1h 10m 56s,0.2%,190.4 MB,4 GB,465.5 MB,268.7 MB
2119,74/eaaa5d,63210182_20,p13__vibrant_pratama (121),COMPLETED,0,2026-10-06 06:26:08.127,1h 16m 27s,1h 14m 37s,0.2%,187 MB,3.8 GB,448.7 MB,266.1 MB
4553,c1/1ccca3,63216450_44,p19__vibrant_pratama (545),COMPLETED,0,2026-10-06 07:27:28.158,15m 45s,6m 18s,1.5%,187.4 MB,3.9 GB,458.5 MB,269.4 MB
1804,2d/a0cc3b,63210165_42,p13__vibrant_pratama (43),COMPLETED,0,2026-10-06 06:25:19.177,1h 18m 34s,1h 8m 53s,0.2%,186.7 MB,3.8 GB,464.6 MB,268.7 MB
1828,cc/8e326a,63210165_48,p13__vibrant_pratama (49),COMPLETED,0,2026-10-06 06:25:19.177,1h 19m 14s,1h 9m 30s,0.2%,191.3 MB,4.2 GB,461.1 MB,268.3 MB
4646,11/3df86c,63216450_68,p19__vibrant_pratama (569),COMPLETED,0,2026-10-06 07:27:28.158,17m 5s,7m 36s,1.2%,188.1 MB,4 GB,450.6 MB,267.9 MB
1856,bf/1ea89e,63210165_55,p13__vibrant_pratama (56),COMPLETED,0,2026-10-06 06:25:19.177,1h 20m 34s,1h 10m 49s,0.1%,189.2 MB,4 GB,452.2 MB,266.3 MB
2216,8f/3e3486,63212697_45,p15__genomad_pratama (146),COMPLETED,0,2026-10-06 06:46:51.039,59m 12s,49m 18s,0.2%,188.4 MB,4 GB,200.5 MB,268.8 MB
4474,87/3bb850,63216450_25,p19__vibrant_pratama (526),COMPLETED,0,2026-10-06 07:27:28.158,18m 45s,16m 33s,0.5%,187.3 MB,3.8 GB,480.5 MB,277.9 MB
2031,6c/800284,63210165_99,p13__vibrant_pratama (100),COMPLETED,0,2026-10-06 06:25:19.177,1h 22m 4s,1h 5m 4s,0.2%,189.6 MB,4.2 GB,474.1 MB,270.2 MB
1963,bd/b626da,63210165_82,p13__vibrant_pratama (83),COMPLETED,0,2026-10-06 06:25:19.177,1h 22m 44s,1h 5m 44s,0.2%,190.5 MB,3.9 GB,462.7 MB,267.8 MB
1754,3c/72840f,63210165_29,p13__vibrant_pratama (30),COMPLETED,0,2026-10-06 06:25:19.177,1h 22m 54s,1h 16m 43s,0.1%,189.5 MB,4 GB,448.6 MB,266.1 MB
2312,48/6e511b,63210182_69,p13__vibrant_pratama (170),COMPLETED,0,2026-10-06 06:26:08.127,1h 25m 55s,1h 6m 13s,0.2%,188.7 MB,3.9 GB,461.8 MB,267.6 MB
2086,fd/619695,63212697_11,p15__genomad_pratama (112),COMPLETED,0,2026-10-06 06:46:51.039,1h 8m 22s,1h 5m 46s,0.2%,186.1 MB,4 GB,197.6 MB,266 MB
2137,99/f69b9b,63212697_25,p15__genomad_pratama (126),COMPLETED,0,2026-10-06 06:46:51.039,1h 9m 12s,1h 6m 39s,0.2%,188.7 MB,4 GB,200.7 MB,269 MB
2349,fa/82e00b,63212697_78,p15__genomad_pratama (179),COMPLETED,0,2026-10-06 06:46:51.039,1h 9m 42s,59m 44s,0.2%,185.4 MB,3.9 GB,202.5 MB,270.7 MB
4504,3d/7a3fde,63217355_32,p21__genomad_pratama (533),COMPLETED,0,2026-10-06 07:40:33.187,17m 50s,6m 59s,1.3%,189.7 MB,4.2 GB,196.8 MB,265.1 MB
2015,b2/cc21ce,63210165_95,p13__vibrant_pratama (96),COMPLETED,0,2026-10-06 06:25:19.177,1h 33m 14s,1h 16m 13s,0.1%,188.9 MB,4 GB,447.6 MB,266 MB
2290,ee/d1c9a4,63212697_63,p15__genomad_pratama (164),COMPLETED,0,2026-10-06 06:46:51.039,1h 14m 12s,1h 4m 18s,0.2%,189.9 MB,4.1 GB,200.5 MB,268.9 MB
2061,ab/1139f7,63212697_2,p15__genomad_pratama (103),COMPLETED,0,2026-10-06 06:46:51.039,1h 15m 22s,1h 12m 52s,0.2%,189.3 MB,4 GB,200.6 MB,268.8 MB
2220,3f/b75187,63212697_46,p15__genomad_pratama (147),COMPLETED,0,2026-10-06 06:46:51.039,1h 15m 42s,1h 5m 50s,0.2%,190.3 MB,4 GB,200.6 MB,268.8 MB
4472,5f/089298,63217355_24,p21__genomad_pratama (525),COMPLETED,0,2026-10-06 07:40:33.187,23m 50s,16m 40s,0.6%,184.3 MB,3.9 GB,245.7 MB,313.3 MB
4594,48/7af122,63217355_55,p21__genomad_pratama (556),COMPLETED,0,2026-10-06 07:40:33.187,24m 2s,13m 13s,0.7%,185.9 MB,3.9 GB,197 MB,265.2 MB
2293,f5/f819b9,63212697_64,p15__genomad_pratama (165),COMPLETED,0,2026-10-06 06:46:51.039,1h 18m 12s,1h 8m 20s,0.2%,185.4 MB,3.8 GB,200.5 MB,268.8 MB
4508,37/d1c2f7,63215019_33,p12__deepvirfinder_pratama (534),COMPLETED,0,2026-10-06 07:11:38.183,54m 45s,51m 10s,0.3%,189 MB,3.9 GB,435.9 MB,265.2 MB
4437,07/049f66,63217355_15,p21__genomad_pratama (516),COMPLETED,0,2026-10-06 07:40:33.186,26m 2s,18m 46s,0.6%,187.3 MB,4 GB,200.1 MB,268.3 MB
4435,f2/1f5c9b,63215019_15,p12__deepvirfinder_pratama (516),COMPLETED,0,2026-10-06 07:11:38.183,55m 15s,51m 47s,0.3%,185.5 MB,3.9 GB,435.3 MB,265.2 MB
2337,d2/d01e24,63212697_75,p15__genomad_pratama (176),COMPLETED,0,2026-10-06 06:46:51.039,1h 20m 44s,1h 10m 42s,0.2%,189.2 MB,4 GB,197.8 MB,266.1 MB
2224,04/cd26e6,63212697_47,p15__genomad_pratama (148),COMPLETED,0,2026-10-06 06:46:51.039,1h 20m 52s,1h 10m 57s,0.1%,185.9 MB,3.9 GB,200.4 MB,268.6 MB
4548,b0/cda63d,63217355_43,p21__genomad_pratama (544),COMPLETED,0,2026-10-06 07:40:33.187,28m 50s,18m 1s,0.5%,188.5 MB,4 GB,229.7 MB,297.3 MB
2098,71/f182b0,63212697_14,p15__genomad_pratama (115),COMPLETED,0,2026-10-06 06:46:51.039,1h 23m 12s,1h 20m 34s,0.1%,186.3 MB,3.8 GB,201.2 MB,269.4 MB
4506,0a/3a2626,63217355_33,p21__genomad_pratama (534),COMPLETED,0,2026-10-06 07:40:33.187,29m 40s,18m 46s,0.5%,185.7 MB,3.8 GB,200.2 MB,268.5 MB
4633,de/9f644a,63217355_64,p21__genomad_pratama (565),COMPLETED,0,2026-10-06 07:40:33.187,30m 40s,16m 21s,0.5%,188.8 MB,4 GB,204.6 MB,272.8 MB
4399,a1/22fe8d,63217355_6,p21__genomad_pratama (507),COMPLETED,0,2026-10-06 07:40:33.186,31m 20s,24m 4s,0.4%,186.7 MB,3.8 GB,201.2 MB,269.5 MB
4579,97/33e1f9,63217355_51,p21__genomad_pratama (552),COMPLETED,0,2026-10-06 07:40:33.187,32m 30s,21m 38s,0.5%,187 MB,3.9 GB,203 MB,271.2 MB
4401,0a/4d017b,63216450_6,p19__vibrant_pratama (507),COMPLETED,0,2026-10-06 07:27:28.158,47m 25s,45m 11s,0.3%,186.4 MB,3.9 GB,452.5 MB,268 MB
2171,9b/b99c5a,63212697_33,p15__genomad_pratama (134),COMPLETED,0,2026-10-06 06:46:51.039,1h 28m 22s,1h 25m 46s,0.1%,190.2 MB,4.2 GB,202.3 MB,270.5 MB
4476,b1/e9f6a4,63217355_25,p21__genomad_pratama (526),COMPLETED,0,2026-10-06 07:40:33.187,35m 20s,28m 3s,0.4%,190.7 MB,4 GB,216.1 MB,283.8 MB
2141,00/e348eb,63212697_26,p15__genomad_pratama (127),COMPLETED,0,2026-10-06 06:46:51.039,1h 30m 42s,1h 28m 10s,0.1%,187.6 MB,3.8 GB,200.2 MB,268.6 MB
4471,4c/8441d1,63215019_24,p12__deepvirfinder_pratama (525),COMPLETED,0,2026-10-06 07:11:38.183,1h 6m 45s,1h 3m 13s,0.2%,188.2 MB,4 GB,439.8 MB,268.2 MB
2228,77/3a9701,63212697_48,p15__genomad_pratama (149),COMPLETED,0,2026-10-06 06:46:51.039,1h 31m 42s,1h 21m 49s,0.1%,185.4 MB,3.9 GB,200 MB,268.3 MB
4441,3b/fb2f6c,63217355_16,p21__genomad_pratama (517),COMPLETED,0,2026-10-06 07:40:33.186,38m 32s,31m 23s,0.4%,187.9 MB,4.1 GB,200.7 MB,269.1 MB
2296,92/b6f95d,63212697_65,p15__genomad_pratama (166),COMPLETED,0,2026-10-06 06:46:51.039,1h 32m 32s,1h 22m 39s,0.1%,185.2 MB,3.8 GB,200.3 MB,268.6 MB
4514,50/3c0ea6,63217355_35,p21__genomad_pratama (536),COMPLETED,0,2026-10-06 07:40:33.187,40m 10s,29m 21s,0.4%,187.5 MB,4.1 GB,201 MB,269.3 MB
4580,40/53f7e7,63216450_51,p19__vibrant_pratama (552),COMPLETED,0,2026-10-06 07:27:28.158,53m 55s,44m 24s,0.3%,186.7 MB,3.8 GB,465.8 MB,270.3 MB
2062,77/156a30,63212697_3,p15__genomad_pratama (104),COMPLETED,0,2026-10-06 06:46:51.039,1h 36m 32s,1h 33m 58s,0.1%,190.9 MB,4.1 GB,200.1 MB,268.4 MB
4631,61/84613c,63215019_64,p12__deepvirfinder_pratama (565),COMPLETED,0,2026-10-06 07:11:38.183,1h 14m 55s,1h 4m 9s,0.3%,185.7 MB,3.9 GB,438.6 MB,265.6 MB
4575,a8/4ef3a9,63217355_50,p21__genomad_pratama (551),COMPLETED,0,2026-10-06 07:40:33.187,49m,38m 8s,0.3%,190.1 MB,4 GB,199.2 MB,267.4 MB
2353,50/21ec7a,63212697_79,p15__genomad_pratama (180),COMPLETED,0,2026-10-06 06:46:51.039,1h 42m 52s,1h 32m 59s,0.2%,188.6 MB,4.1 GB,202.2 MB,270.4 MB
2103,e1/1b50da,63212697_15,p15__genomad_pratama (116),COMPLETED,0,2026-10-06 06:46:51.039,1h 43m 12s,1h 40m 40s,0.1%,185.1 MB,3.8 GB,200.6 MB,269 MB
4431,36/930274,63217355_14,p21__genomad_pratama (515),COMPLETED,0,2026-10-06 07:40:33.186,49m 40s,42m 29s,0.2%,187.8 MB,3.9 GB,197.5 MB,265.8 MB
2063,60/bec9ca,63212697_4,p15__genomad_pratama (105),COMPLETED,0,2026-10-06 06:46:51.039,1h 44m 2s,1h 41m 28s,0.1%,187.5 MB,3.8 GB,199.8 MB,268 MB
4551,77/e2467b,63215019_44,p12__deepvirfinder_pratama (545),COMPLETED,0,2026-10-06 07:11:38.183,1h 19m 15s,1h 8m 27s,0.2%,191.3 MB,4.1 GB,456.7 MB,268 MB
4599,9f/9e3831,63217355_56,p21__genomad_pratama (557),COMPLETED,0,2026-10-06 07:40:33.187,51m 50s,37m 29s,0.3%,187.4 MB,4 GB,202.5 MB,270.7 MB
2303,5d/32de01,63212697_66,p15__genomad_pratama (167),COMPLETED,0,2026-10-06 06:46:51.039,1h 46m 52s,1h 36m 52s,0.1%,184.1 MB,3.8 GB,200 MB,268.3 MB
4630,58/c8772a,63216450_64,p19__vibrant_pratama (565),COMPLETED,0,2026-10-06 07:27:28.158,1h 6m 35s,57m 6s,0.2%,188.2 MB,4.1 GB,467.9 MB,270 MB
4436,1b/ee3a5e,63216450_15,p19__vibrant_pratama (516),COMPLETED,0,2026-10-06 07:27:28.158,1h 8m 15s,1h 6m 6s,0.2%,190.8 MB,4 GB,461.9 MB,268.5 MB
4648,50/11bb7c,63217355_68,p21__genomad_pratama (569),COMPLETED,0,2026-10-06 07:40:33.187,55m 10s,40m 49s,0.2%,185.3 MB,3.9 GB,203.1 MB,271.2 MB
2181,10/1fb804,63212697_36,p15__genomad_pratama (137),COMPLETED,0,2026-10-06 06:46:51.039,1h 50m 34s,1h 48m 1s,0.1%,189.6 MB,4.1 GB,198.1 MB,266.4 MB
2112,fb/1a7d11,63212697_17,p15__genomad_pratama (118),COMPLETED,0,2026-10-06 06:46:51.039,1h 51m 52s,1h 49m 20s,0.1%,188.7 MB,3.9 GB,200.1 MB,268.4 MB
4398,87/7d412c,63215019_6,p12__deepvirfinder_pratama (507),COMPLETED,0,2026-10-06 07:11:38.183,1h 27m 5s,1h 23m 34s,0.2%,188.4 MB,4 GB,444 MB,265.8 MB
4481,8b/340dce,63217355_26,p21__genomad_pratama (527),COMPLETED,0,2026-10-06 07:40:33.187,58m 50s,48m,0.2%,187.3 MB,3.8 GB,220 MB,287.6 MB
4550,96/e8642e,63217355_44,p21__genomad_pratama (545),COMPLETED,0,2026-10-06 07:40:33.187,58m 52s,47m 56s,0.2%,187.4 MB,3.8 GB,219.3 MB,286.9 MB
4547,7c/ee55a1,63216450_43,p19__vibrant_pratama (544),COMPLETED,0,2026-10-06 07:27:28.158,1h 12m 45s,1h 3m 16s,0.2%,187.1 MB,3.9 GB,561.2 MB,284.9 MB
4520,df/ca0fe7,63217355_36,p21__genomad_pratama (537),COMPLETED,0,2026-10-06 07:40:33.187,1h 30s,49m 41s,0.2%,190 MB,4.2 GB,201.1 MB,269.4 MB
4404,0d/e3d78c,63217355_7,p21__genomad_pratama (508),COMPLETED,0,2026-10-06 07:40:33.186,1h 1m 50s,54m 36s,0.2%,187.1 MB,4 GB,201.8 MB,270.1 MB
2147,1d/e4a624,63212697_27,p15__genomad_pratama (128),COMPLETED,0,2026-10-06 06:46:51.039,1h 56m 44s,1h 54m 13s,0.1%,188.6 MB,4 GB,199.8 MB,268.2 MB
4651,5e/afa378,63217355_69,p21__genomad_pratama (570),COMPLETED,0,2026-10-06 07:40:33.187,1h 4m 20s,49m 54s,0.2%,187.3 MB,4 GB,203.1 MB,271.3 MB
4507,ce/f4ca52,63216450_33,p19__vibrant_pratama (534),COMPLETED,0,2026-10-06 07:27:28.158,1h 17m 35s,1h 15m 25s,0.1%,186.7 MB,3.8 GB,456.6 MB,268.2 MB
4445,03/32d357,63217355_17,p21__genomad_pratama (518),COMPLETED,0,2026-10-06 07:40:33.186,1h 4m 50s,57m 33s,0.2%,189.2 MB,4.2 GB,200.6 MB,269 MB
2108,7a/32e34f,63212697_16,p15__genomad_pratama (117),COMPLETED,0,2026-10-06 06:46:51.039,1h 58m 44s,1h 56m 12s,0.1%,186.9 MB,3.9 GB,200.2 MB,268.5 MB
2357,f4/6fa947,63212697_80,p15__genomad_pratama (181),COMPLETED,0,2026-10-06 06:46:51.039,1h 59m 2s,1h 45m 25s,0.1%,186.8 MB,3.7 GB,201.9 MB,270.1 MB
4546,e6/1b6b02,63215019_43,p12__deepvirfinder_pratama (544),COMPLETED,0,2026-10-06 07:11:38.183,1h 34m 35s,1h 23m 46s,0.2%,191.4 MB,4.1 GB,445 MB,268.8 MB
4372,68/d7eaa4,63217355_0,p21__genomad_pratama (501),COMPLETED,0,2026-10-06 07:40:33.186,1h 6m 30s,59m 20s,0.2%,187.9 MB,4 GB,200.5 MB,268.8 MB
4555,c9/2660d5,63217355_45,p21__genomad_pratama (546),COMPLETED,0,2026-10-06 07:40:33.187,1h 6m 40s,55m 47s,0.2%,190.4 MB,4 GB,218.4 MB,286 MB
4578,e9/a78337,63215019_51,p12__deepvirfinder_pratama (552),COMPLETED,0,2026-10-06 07:11:38.183,1h 36m 15s,1h 25m 31s,0.2%,187.6 MB,4 GB,442.4 MB,265.5 MB
2064,a2/054f11,63212697_5,p15__genomad_pratama (106),COMPLETED,0,2026-10-06 06:46:51.039,2h 1m 52s,1h 59m 15s,0.1%,189.3 MB,4 GB,199.5 MB,267.7 MB
2038,03/7f092b,63221789_0,p14__virsorter2_pratama (101),COMPLETED,0,2026-10-06 08:41:18.521,8m 24s,22.6s,26.8%,189.8 MB,4.1 GB,439.1 MB,266.7 MB
2057,6e/4da3e7,63221789_3,p14__virsorter2_pratama (104),COMPLETED,0,2026-10-06 08:41:18.521,8m 26s,23.8s,29.0%,186.2 MB,4 GB,476.6 MB,266.7 MB
2359,52/e2ff52,63212697_81,p15__genomad_pratama (182),COMPLETED,0,2026-10-06 06:46:51.039,2h 3m 12s,1h 49m 33s,0.1%,187.1 MB,4 GB,201.3 MB,269.5 MB
2075,86/48919e,63221789_9,p14__virsorter2_pratama (110),COMPLETED,0,2026-10-06 08:41:18.521,8m 44s,47.3s,13.5%,185.9 MB,3.8 GB,500.3 MB,266.7 MB
2126,b0/c5fbce,63221789_22,p14__virsorter2_pratama (123),COMPLETED,0,2026-10-06 08:41:18.521,8m 44s,43.6s,15.2%,186.1 MB,4 GB,472.4 MB,266.7 MB
2042,de/43ce8f,63221789_1,p14__virsorter2_pratama (102),COMPLETED,0,2026-10-06 08:41:18.521,8m 54s,59.6s,9.6%,187.1 MB,4 GB,452.3 MB,266.7 MB
2059,e9/410a7f,63221789_5,p14__virsorter2_pratama (106),COMPLETED,0,2026-10-06 08:41:18.521,8m 54s,56s,10.2%,189.6 MB,4 GB,491.1 MB,266.7 MB
2091,7a/eab44b,63221789_13,p14__virsorter2_pratama (114),COMPLETED,0,2026-10-06 08:41:18.521,8m 54s,1m 1s,11.3%,188.4 MB,4 GB,443.6 MB,266.7 MB
2155,c9/50d0b4,63221789_29,p14__virsorter2_pratama (130),COMPLETED,0,2026-10-06 08:41:18.521,8m 54s,57.4s,10.6%,187.8 MB,3.9 GB,494.2 MB,266.6 MB
2056,6a/c48cbf,63221789_2,p14__virsorter2_pratama (103),COMPLETED,0,2026-10-06 08:41:18.521,9m 14s,1m 21s,6.8%,187.8 MB,3.8 GB,466 MB,266.7 MB
2132,2a/cb6308,63221789_24,p14__virsorter2_pratama (125),COMPLETED,0,2026-10-06 08:41:18.521,9m 14s,1m 21s,7.2%,189.8 MB,4 GB,440.7 MB,266.7 MB
2159,df/3565ca,63221789_30,p14__virsorter2_pratama (131),COMPLETED,0,2026-10-06 08:41:18.521,9m 14s,1m 17s,9.2%,185.4 MB,3.8 GB,498 MB,266.6 MB
2071,8a/9c45dd,63221789_8,p14__virsorter2_pratama (109),COMPLETED,0,2026-10-06 08:41:18.521,9m 24s,1m 31s,5.7%,188.4 MB,3.9 GB,497.4 MB,266.7 MB
2060,7a/a1888d,63221789_6,p14__virsorter2_pratama (107),COMPLETED,0,2026-10-06 08:41:18.521,9m 54s,1m 58s,5.1%,190.4 MB,4 GB,495.5 MB,266.7 MB
2114,41/dfe604,63221789_19,p14__virsorter2_pratama (120),COMPLETED,0,2026-10-06 08:41:18.521,9m 54s,1m 52s,5.4%,191.1 MB,4.1 GB,494.3 MB,266.7 MB
2058,2b/49ae82,63221789_4,p14__virsorter2_pratama (105),COMPLETED,0,2026-10-06 08:41:18.521,10m 4s,2m 9s,4.9%,191.2 MB,4 GB,485.3 MB,266.7 MB
2142,5f/373d00,63221789_26,p14__virsorter2_pratama (127),COMPLETED,0,2026-10-06 08:41:18.521,10m 4s,2m 9s,3.9%,263.2 MB,3.8 GB,471 MB,266.7 MB
2169,08/40cb70,63221789_33,p14__virsorter2_pratama (134),COMPLETED,0,2026-10-06 08:41:18.521,10m 4s,2m 7s,5.1%,189.4 MB,3.9 GB,463.5 MB,266.7 MB
2262,ce/45205b,63212697_56,p15__genomad_pratama (157),COMPLETED,0,2026-10-06 06:46:51.039,2h 4m 42s,1h 54m 41s,0.1%,185.7 MB,3.8 GB,199.4 MB,267.7 MB
2079,36/4b4955,63221789_10,p14__virsorter2_pratama (111),COMPLETED,0,2026-10-06 08:41:18.521,10m 14s,2m 16s,4.1%,186.9 MB,3.8 GB,504.5 MB,266.7 MB
2083,ce/6e93d2,63221789_11,p14__virsorter2_pratama (112),COMPLETED,0,2026-10-06 08:41:18.521,10m 44s,2m 51s,3.4%,187 MB,4 GB,321.1 MB,266.7 MB
2104,11/eef145,63221789_16,p14__virsorter2_pratama (117),COMPLETED,0,2026-10-06 08:41:18.521,11m 4s,3m 5s,3.2%,213.7 MB,4 GB,480.5 MB,266.7 MB
2139,f5/fb3ef7,63221789_25,p14__virsorter2_pratama (126),COMPLETED,0,2026-10-06 08:41:18.521,11m 4s,3m 10s,2.8%,186.3 MB,3.8 GB,456.9 MB,266.7 MB
2176,79/a9195e,63221789_35,p14__virsorter2_pratama (136),COMPLETED,0,2026-10-06 08:41:18.521,11m 4s,3m 6s,3.2%,188.3 MB,3.9 GB,497.7 MB,266.7 MB
2165,8f/9b8039,63221789_32,p14__virsorter2_pratama (133),COMPLETED,0,2026-10-06 08:41:18.521,11m 14s,3m 12s,3.1%,186.4 MB,3.8 GB,443 MB,266.7 MB
2106,b2/c4e071,63221789_17,p14__virsorter2_pratama (118),COMPLETED,0,2026-10-06 08:41:18.521,11m 38s,3m 40s,2.7%,189.3 MB,4 GB,487.3 MB,266.7 MB
2172,72/6e9b15,63221789_34,p14__virsorter2_pratama (135),COMPLETED,0,2026-10-06 08:41:18.521,11m 38s,3m 43s,2.7%,184.5 MB,3.8 GB,483.9 MB,266.7 MB
2191,06/308782,63221789_38,p14__virsorter2_pratama (139),COMPLETED,0,2026-10-06 08:41:18.521,11m 38s,3m 43s,2.9%,187.4 MB,3.8 GB,494 MB,266.8 MB
2195,3a/cc37c0,63221789_39,p14__virsorter2_pratama (140),COMPLETED,0,2026-10-06 08:41:18.521,11m 38s,3m 43s,2.7%,186.8 MB,3.8 GB,497 MB,266.7 MB
2151,60/f12468,63221789_28,p14__virsorter2_pratama (129),COMPLETED,0,2026-10-06 08:41:18.521,11m 54s,3m 54s,2.8%,187.3 MB,3.9 GB,489.3 MB,266.7 MB
2144,ea/8180f3,63221789_27,p14__virsorter2_pratama (128),COMPLETED,0,2026-10-06 08:41:18.521,12m 4s,4m 8s,2.5%,188.6 MB,4.1 GB,481.8 MB,266.7 MB
2183,26/e83b75,63221789_36,p14__virsorter2_pratama (137),COMPLETED,0,2026-10-06 08:41:18.521,12m 4s,4m 11s,2.2%,186 MB,3.8 GB,357.7 MB,266.8 MB
2095,ef/4ffa56,63221789_14,p14__virsorter2_pratama (115),COMPLETED,0,2026-10-06 08:41:18.521,12m 14s,4m 19s,2.5%,187.2 MB,3.8 GB,459.8 MB,266.7 MB
2099,4b/925eaf,63221789_15,p14__virsorter2_pratama (116),COMPLETED,0,2026-10-06 08:41:18.521,12m 14s,4m 18s,2.3%,187.8 MB,3.8 GB,471.3 MB,266.7 MB
2120,67/c4fd40,63221789_21,p14__virsorter2_pratama (122),COMPLETED,0,2026-10-06 08:41:18.521,12m 14s,4m 14s,2.7%,191.2 MB,3.9 GB,502.3 MB,266.7 MB
2279,09/eb7e27,63221789_60,p14__virsorter2_pratama (161),COMPLETED,0,2026-10-06 08:41:18.521,12m 14s,40.7s,14.7%,191.2 MB,4 GB,254.8 MB,266.7 MB
2294,78/cf63d6,63221789_64,p14__virsorter2_pratama (165),COMPLETED,0,2026-10-06 08:41:18.521,12m 14s,45.1s,12.1%,188.8 MB,4 GB,462.9 MB,266.7 MB
4656,a4/9f9343,63217355_70,p21__genomad_pratama (571),COMPLETED,0,2026-10-06 07:40:33.187,1h 13m 10s,58m 44s,0.2%,188.7 MB,4.2 GB,202.9 MB,271.1 MB
2110,58/45f5e5,63221789_18,p14__virsorter2_pratama (119),COMPLETED,0,2026-10-06 08:41:18.521,12m 24s,4m 26s,2.2%,185.5 MB,3.8 GB,491.1 MB,266.7 MB
2215,29/e0330f,63221789_44,p14__virsorter2_pratama (145),COMPLETED,0,2026-10-06 08:41:18.521,12m 24s,53.5s,10.7%,190 MB,4.1 GB,440.8 MB,266.7 MB
2286,9b/13c71e,63221789_62,p14__virsorter2_pratama (163),COMPLETED,0,2026-10-06 08:41:18.521,12m 24s,50.8s,12.1%,187.9 MB,4 GB,447.1 MB,266.7 MB
2304,7c/32f1b9,63221789_67,p14__virsorter2_pratama (168),COMPLETED,0,2026-10-06 08:41:18.521,12m 24s,54.6s,11.3%,185.6 MB,3.9 GB,481 MB,266.7 MB
2319,a6/acf795,63221789_70,p14__virsorter2_pratama (171),COMPLETED,0,2026-10-06 08:41:18.521,12m 24s,49s,11.8%,186.1 MB,3.8 GB,492.9 MB,266.7 MB
4470,0b/afe36b,63216450_24,p19__vibrant_pratama (525),COMPLETED,0,2026-10-06 07:27:28.158,1h 26m 27s,1h 24m 18s,0.1%,188.5 MB,3.9 GB,604.1 MB,284.5 MB
2229,e0/6bdec6,63221789_48,p14__virsorter2_pratama (149),COMPLETED,0,2026-10-06 08:41:18.521,12m 37s,1m 6s,9.1%,189.4 MB,4.1 GB,475.2 MB,266.7 MB
2271,a4/b48e72,63221789_58,p14__virsorter2_pratama (159),COMPLETED,0,2026-10-06 08:41:18.521,12m 44s,1m 9s,8.6%,191 MB,4 GB,503.2 MB,266.7 MB
2226,ae/f76668,63221789_47,p14__virsorter2_pratama (148),COMPLETED,0,2026-10-06 08:41:18.521,12m 54s,1m 17s,7.5%,188.4 MB,4 GB,468.5 MB,266.7 MB
2331,d0/e05343,63221789_73,p14__virsorter2_pratama (174),COMPLETED,0,2026-10-06 08:41:18.521,12m 54s,1m 19s,7.0%,187.9 MB,4 GB,502.1 MB,266.7 MB
2219,c0/5212f9,63221789_45,p14__virsorter2_pratama (146),COMPLETED,0,2026-10-06 08:41:18.521,13m 4s,1m 35s,5.5%,187.7 MB,4 GB,451.1 MB,266.7 MB
2298,3f/ebf039,63221789_65,p14__virsorter2_pratama (166),COMPLETED,0,2026-10-06 08:41:18.521,13m 4s,1m 29s,6.3%,187.1 MB,3.8 GB,469.6 MB,266.7 MB
2302,25/d6ebe6,63221789_66,p14__virsorter2_pratama (167),COMPLETED,0,2026-10-06 08:41:18.521,13m 4s,1m 28s,6.4%,186.5 MB,3.8 GB,475.3 MB,266.7 MB
2211,a0/fbec11,63221789_43,p14__virsorter2_pratama (144),COMPLETED,0,2026-10-06 08:41:18.521,13m 14s,1m 46s,4.9%,187.9 MB,3.8 GB,243.7 MB,266.7 MB
2115,c0/9c83e6,63212697_19,p15__genomad_pratama (120),COMPLETED,0,2026-10-06 06:46:51.039,2h 7m 52s,2h 5m 13s,0.1%,185.5 MB,3.9 GB,199.9 MB,268.1 MB
2321,de/05137f,63221789_71,p14__virsorter2_pratama (172),COMPLETED,0,2026-10-06 08:41:18.521,13m 24s,1m 46s,5.6%,188.7 MB,4 GB,496.3 MB,266.7 MB
2338,79/5798d4,63221789_75,p14__virsorter2_pratama (176),COMPLETED,0,2026-10-06 08:41:18.521,13m 36s,1m 59s,4.6%,203 MB,3.9 GB,320.3 MB,266.7 MB
2350,12/6d747f,63221789_78,p14__virsorter2_pratama (179),COMPLETED,0,2026-10-06 08:41:18.521,13m 36s,1m 56s,4.9%,184.9 MB,3.9 GB,453.6 MB,266.7 MB
2346,ed/da4bcf,63221789_77,p14__virsorter2_pratama (178),COMPLETED,0,2026-10-06 08:41:18.521,13m 44s,2m 9s,4.3%,186.3 MB,3.9 GB,443.6 MB,266.7 MB
2222,9f/1dac2b,63221789_46,p14__virsorter2_pratama (147),COMPLETED,0,2026-10-06 08:41:18.521,14m 4s,2m 27s,3.5%,188 MB,3.8 GB,460.5 MB,266.8 MB
4407,47/2a5fe5,63217355_8,p21__genomad_pratama (509),COMPLETED,0,2026-10-06 07:40:33.186,1h 15m,1h 7m 48s,0.1%,192.3 MB,4 GB,201.2 MB,269.5 MB
4602,ec/666e54,63217355_57,p21__genomad_pratama (558),COMPLETED,0,2026-10-06 07:40:33.187,1h 15m,1h 37s,0.2%,190 MB,4 GB,202.4 MB,270.6 MB
2253,0a/422cd2,63221789_54,p14__virsorter2_pratama (155),COMPLETED,0,2026-10-06 08:41:18.521,14m 14s,2m 43s,3.8%,189.1 MB,3.9 GB,492.7 MB,266.7 MB
2256,8c/30ad8c,63221789_55,p14__virsorter2_pratama (156),COMPLETED,0,2026-10-06 08:41:18.521,14m 14s,2m 38s,4.5%,187.3 MB,4 GB,495.5 MB,266.7 MB
2334,62/82bee4,63221789_74,p14__virsorter2_pratama (175),COMPLETED,0,2026-10-06 08:41:18.521,14m 14s,2m 40s,3.4%,276.2 MB,4 GB,505.7 MB,266.8 MB
2251,75/9b6517,63212697_53,p15__genomad_pratama (154),COMPLETED,0,2026-10-06 06:46:51.039,2h 8m 52s,1h 58m 58s,0.1%,188.5 MB,4 GB,199.6 MB,267.9 MB
2261,c9/50fe2c,63221789_56,p14__virsorter2_pratama (157),COMPLETED,0,2026-10-06 08:41:18.521,14m 24s,2m 50s,3.5%,189.9 MB,4 GB,497.7 MB,266.7 MB
2283,0d/b1de94,63221789_61,p14__virsorter2_pratama (162),COMPLETED,0,2026-10-06 08:41:18.521,14m 36s,3m 3s,3.1%,188.8 MB,4 GB,438.6 MB,266.7 MB
2238,98/7e961e,63221789_50,p14__virsorter2_pratama (151),COMPLETED,0,2026-10-06 08:41:18.521,14m 44s,3m 15s,2.9%,189.3 MB,3.9 GB,487 MB,266.6 MB
2291,44/618708,63221789_63,p14__virsorter2_pratama (164),COMPLETED,0,2026-10-06 08:41:18.521,14m 44s,3m 14s,3.2%,187.8 MB,4 GB,455.4 MB,266.7 MB
2197,c5/4c5afe,63221789_40,p14__virsorter2_pratama (141),COMPLETED,0,2026-10-06 08:41:18.521,14m 54s,3m 21s,3.2%,186.7 MB,3.8 GB,499.3 MB,266.7 MB
2233,0f/33562a,63221789_49,p14__virsorter2_pratama (150),COMPLETED,0,2026-10-06 08:41:18.521,14m 54s,3m 21s,2.9%,190.7 MB,4 GB,481.7 MB,266.7 MB
2267,3d/4a1070,63221789_57,p14__virsorter2_pratama (158),COMPLETED,0,2026-10-06 08:41:18.521,14m 54s,3m 25s,3.0%,190 MB,4.1 GB,500.1 MB,266.7 MB
2308,b4/a96ec2,63221789_68,p14__virsorter2_pratama (169),COMPLETED,0,2026-10-06 08:41:18.521,14m 54s,3m 24s,3.4%,189.6 MB,4 GB,486.1 MB,266.7 MB
2326,44/14f74b,63221789_72,p14__virsorter2_pratama (173),COMPLETED,0,2026-10-06 08:41:18.521,14m 54s,3m 19s,2.6%,186.3 MB,3.8 GB,498.6 MB,266.6 MB
2369,10/ae6d35,63212697_83,p15__genomad_pratama (184),COMPLETED,0,2026-10-06 06:46:51.039,2h 9m 32s,1h 55m 51s,0.1%,188.4 MB,3.9 GB,200.6 MB,268.9 MB
2241,a1/662d03,63221789_51,p14__virsorter2_pratama (152),COMPLETED,0,2026-10-06 08:41:18.521,15m 14s,3m 44s,2.5%,186.7 MB,3.8 GB,490.9 MB,266.9 MB
2207,62/a83086,63221789_42,p14__virsorter2_pratama (143),COMPLETED,0,2026-10-06 08:41:18.521,15m 24s,3m 50s,2.8%,332.8 MB,4 GB,506.5 MB,266.7 MB
2250,5f/522744,63221789_53,p14__virsorter2_pratama (154),COMPLETED,0,2026-10-06 08:41:18.521,15m 37s,4m 6s,2.3%,187.1 MB,3.8 GB,489.7 MB,266.7 MB
2275,b2/c22c1e,63221789_59,p14__virsorter2_pratama (160),COMPLETED,0,2026-10-06 08:41:18.521,15m 37s,4m 6s,2.2%,251.3 MB,3.8 GB,507.7 MB,266.7 MB
2203,19/5935a5,63221789_41,p14__virsorter2_pratama (142),COMPLETED,0,2026-10-06 08:41:18.521,15m 44s,4m 14s,2.8%,189.1 MB,4 GB,502.7 MB,266.7 MB
2354,07/ac220c,63221789_79,p14__virsorter2_pratama (180),COMPLETED,0,2026-10-06 08:41:18.521,15m 44s,4m 12s,2.4%,187.1 MB,3.9 GB,462.9 MB,266.8 MB
2370,70/fa4a12,63221789_83,p14__virsorter2_pratama (184),COMPLETED,0,2026-10-06 08:41:18.521,15m 54s,41.7s,13.9%,324 MB,3.9 GB,489.1 MB,266.7 MB
2358,99/21670b,63221789_80,p14__virsorter2_pratama (181),COMPLETED,0,2026-10-06 08:41:18.521,16m 14s,58.7s,10.2%,185.9 MB,3.9 GB,471.1 MB,266.7 MB
4581,33/afe7a3,63214092_51,p20__virsorter2_pratama (552),COMPLETED,0,2026-10-06 06:57:33.110,2h 1m,1h 50m 45s,0.1%,187.8 MB,3.9 GB,441.6 MB,272.8 MB
4549,14/da4a38,63214092_43,p20__virsorter2_pratama (544),COMPLETED,0,2026-10-06 06:57:33.110,2h 1m 30s,1h 51m 16s,0.1%,189.7 MB,4.2 GB,484.6 MB,314.9 MB
2366,1f/0a1252,63212697_82,p15__genomad_pratama (183),COMPLETED,0,2026-10-06 06:46:51.039,2h 12m 42s,1h 59m 5s,0.1%,187.4 MB,3.8 GB,200.9 MB,269.1 MB
2180,09/4fabd3,63222866_36,p10__deepvirfinder_pratama (137),COMPLETED,0,2026-10-06 08:57:23.252,2m 50s,8.3s,77.4%,187.3 MB,4 GB,356.4 MB,265.1 MB
2363,8a/1388d3,63221789_82,p14__virsorter2_pratama (183),COMPLETED,0,2026-10-06 08:41:18.521,19m 4s,3m 49s,2.6%,329.5 MB,4.3 GB,484.3 MB,266.7 MB
2072,d1/7d0c59,63222866_9,p10__deepvirfinder_pratama (110),COMPLETED,0,2026-10-06 08:57:23.252,3m 20s,33s,19.0%,185.1 MB,3.9 GB,499 MB,265 MB
2360,51/39cefc,63221789_81,p14__virsorter2_pratama (182),COMPLETED,0,2026-10-06 08:41:18.521,19m 36s,4m 26s,2.4%,255.8 MB,4 GB,477.7 MB,266.7 MB
2053,45/16f980,63222866_4,p10__deepvirfinder_pratama (106),COMPLETED,0,2026-10-06 08:57:23.252,3m 32s,51.6s,11.3%,148.9 MB,4 GB,489.9 MB,265 MB
2080,2f/74165b,63222866_11,p10__deepvirfinder_pratama (112),COMPLETED,0,2026-10-06 08:57:23.252,3m 32s,50.1s,11.2%,178.3 MB,4 GB,319.9 MB,265 MB
2096,a7/e4fb90,63222866_15,p10__deepvirfinder_pratama (116),COMPLETED,0,2026-10-06 08:57:23.252,3m 32s,43.1s,13.0%,181.6 MB,4 GB,470.1 MB,265 MB
2148,cd/c45c54,63222866_28,p10__deepvirfinder_pratama (129),COMPLETED,0,2026-10-06 08:57:23.252,3m 32s,42.7s,13.6%,186.5 MB,3.9 GB,488 MB,264.9 MB
2188,02/fae72a,63222866_38,p10__deepvirfinder_pratama (139),COMPLETED,0,2026-10-06 08:57:23.252,3m 40s,58.2s,11.5%,180 MB,4.1 GB,492.7 MB,265 MB
2054,f6/87ed91,63222866_5,p10__deepvirfinder_pratama (107),COMPLETED,0,2026-10-06 08:57:23.252,3m 50s,1m 9s,8.4%,179.4 MB,4.1 GB,494.3 MB,265 MB
2052,1a/40d977,63222866_6,p10__deepvirfinder_pratama (105),COMPLETED,0,2026-10-06 08:57:23.252,3m 50s,1m 6s,8.6%,97 MB,3.7 GB,484 MB,265 MB
2127,8c/94525f,63222866_22,p10__deepvirfinder_pratama (123),COMPLETED,0,2026-10-06 08:57:23.252,4m,1m 19s,7.9%,180.7 MB,3.9 GB,471.1 MB,264.9 MB
2146,96/7804c5,63222866_27,p10__deepvirfinder_pratama (128),COMPLETED,0,2026-10-06 08:57:23.252,4m 10s,1m 23s,7.5%,95.6 MB,3.7 GB,480.6 MB,265 MB
2121,fa/b85230,63222866_21,p10__deepvirfinder_pratama (122),COMPLETED,0,2026-10-06 08:57:23.252,4m 20s,1m 40s,5.7%,177.5 MB,4 GB,501.1 MB,265 MB
2158,ef/96b23e,63222866_30,p10__deepvirfinder_pratama (131),COMPLETED,0,2026-10-06 08:57:23.252,4m 20s,1m 36s,6.8%,177.5 MB,3.9 GB,496.9 MB,265 MB
2050,cf/e3756e,63222866_2,p10__deepvirfinder_pratama (103),COMPLETED,0,2026-10-06 08:57:23.252,4m 32s,1m 49s,5.1%,177.6 MB,3.9 GB,464.8 MB,265 MB
2107,72/89b9b5,63222866_18,p10__deepvirfinder_pratama (119),COMPLETED,0,2026-10-06 08:57:23.252,4m 32s,1m 44s,5.5%,181.2 MB,4 GB,489.9 MB,265 MB
2076,64/605308,63222866_10,p10__deepvirfinder_pratama (111),COMPLETED,0,2026-10-06 08:57:23.252,4m 50s,2m 11s,4.5%,176.3 MB,3.9 GB,503.3 MB,265 MB
2154,c9/ca7e0b,63222866_29,p10__deepvirfinder_pratama (130),COMPLETED,0,2026-10-06 08:57:23.252,5m 10s,2m 31s,3.8%,187.6 MB,3.9 GB,492.9 MB,264.9 MB
2068,93/c5324a,63222866_8,p10__deepvirfinder_pratama (109),COMPLETED,0,2026-10-06 08:57:23.252,5m 20s,2m 36s,4.2%,184.7 MB,4 GB,496.1 MB,265 MB
2140,ff/b1bcae,63222866_26,p10__deepvirfinder_pratama (127),COMPLETED,0,2026-10-06 08:57:23.252,5m 20s,2m 41s,3.7%,184.5 MB,4.1 GB,469.7 MB,265 MB
2310,5c/7f632f,63212697_68,p15__genomad_pratama (169),COMPLETED,0,2026-10-06 06:46:51.039,2h 16m 2s,2h 6m 8s,0.1%,185.9 MB,3.9 GB,199.7 MB,268 MB
4376,10/50d4a3,63217355_1,p21__genomad_pratama (502),COMPLETED,0,2026-10-06 07:40:33.186,1h 22m 22s,1h 15m 3s,0.2%,185.4 MB,3.8 GB,200.5 MB,268.8 MB
2051,4a/c24967,63222866_3,p10__deepvirfinder_pratama (104),COMPLETED,0,2026-10-06 08:57:23.252,5m 32s,2m 47s,4.0%,180.1 MB,4.1 GB,475.4 MB,265 MB
2100,b0/28ae9e,63222866_16,p10__deepvirfinder_pratama (117),COMPLETED,0,2026-10-06 08:57:23.252,5m 32s,2m 45s,3.4%,180.4 MB,4.2 GB,479.2 MB,265 MB
2111,2a/a021e0,63222866_19,p10__deepvirfinder_pratama (120),COMPLETED,0,2026-10-06 08:57:23.252,5m 32s,2m 49s,3.4%,191.1 MB,4.1 GB,493.1 MB,265 MB
2192,05/f5deab,63222866_39,p10__deepvirfinder_pratama (140),COMPLETED,0,2026-10-06 08:57:23.252,5m 32s,2m 55s,3.7%,179.1 MB,4.1 GB,495.7 MB,265 MB
2178,8e/4aa77d,63222866_35,p10__deepvirfinder_pratama (136),COMPLETED,0,2026-10-06 08:57:23.252,5m 40s,3m 2s,3.3%,182.8 MB,3.8 GB,496.3 MB,264.8 MB
2136,72/9ad861,63222866_25,p10__deepvirfinder_pratama (126),COMPLETED,0,2026-10-06 08:57:23.252,5m 50s,3m 7s,3.5%,178.5 MB,4 GB,455.8 MB,265 MB
2168,a8/4f3da2,63222866_33,p10__deepvirfinder_pratama (134),COMPLETED,0,2026-10-06 08:57:23.252,6m,3m 14s,4.0%,177 MB,4.1 GB,462.2 MB,265 MB
2174,82/c9a658,63222866_34,p10__deepvirfinder_pratama (135),COMPLETED,0,2026-10-06 08:57:23.252,6m 20s,3m 35s,3.1%,185.5 MB,3.9 GB,482.6 MB,265 MB
2102,98/3c0275,63222866_17,p10__deepvirfinder_pratama (118),COMPLETED,0,2026-10-06 08:57:23.252,6m 42s,4m 1s,2.4%,180.4 MB,4.1 GB,486.1 MB,265 MB
2175,a6/1c47ba,63212697_34,p15__genomad_pratama (135),COMPLETED,0,2026-10-06 06:46:51.039,2h 17m 22s,2h 14m 48s,0.1%,188.7 MB,4 GB,200.9 MB,269.1 MB
2092,3d/89b34f,63222866_14,p10__deepvirfinder_pratama (115),COMPLETED,0,2026-10-06 08:57:23.252,6m 50s,4m 9s,2.3%,190.1 MB,4.1 GB,458.5 MB,265 MB
2067,f7/e32d98,63212697_6,p15__genomad_pratama (107),COMPLETED,0,2026-10-06 06:46:51.039,2h 17m 42s,2h 15m 10s,0.1%,188.2 MB,4.2 GB,199.3 MB,267.6 MB
2236,c1/30a9b3,63212697_50,p15__genomad_pratama (151),COMPLETED,0,2026-10-06 06:46:51.039,2h 18m 2s,2h 8m 4s,0.1%,187.7 MB,3.9 GB,199.6 MB,267.8 MB
2307,ec/869851,63212697_67,p15__genomad_pratama (168),COMPLETED,0,2026-10-06 06:46:51.039,2h 18m 32s,2h 8m 39s,0.1%,186.2 MB,4.1 GB,199.8 MB,268.1 MB
4524,4f/d26071,63217355_37,p21__genomad_pratama (538),COMPLETED,0,2026-10-06 07:40:33.187,1h 25m 50s,1h 14m 56s,0.2%,188.8 MB,3.9 GB,200.8 MB,269 MB
2232,27/a88f72,63212697_49,p15__genomad_pratama (150),COMPLETED,0,2026-10-06 06:46:51.039,2h 20m 22s,2h 10m 22s,0.1%,186 MB,4 GB,199.9 MB,268.1 MB
2265,40/800ceb,63212697_57,p15__genomad_pratama (158),COMPLETED,0,2026-10-06 06:46:51.039,2h 20m 32s,2h 10m 32s,0.1%,187.7 MB,3.8 GB,199.2 MB,267.6 MB
2257,2e/f596db,63222866_55,p10__deepvirfinder_pratama (156),COMPLETED,0,2026-10-06 08:57:23.252,10m 10s,13.6s,37.6%,176.5 MB,4 GB,494.2 MB,265 MB
4449,cc/ec6ddc,63217355_18,p21__genomad_pratama (519),COMPLETED,0,2026-10-06 07:40:33.186,1h 27m 20s,1h 20m 5s,0.2%,189.1 MB,3.9 GB,200.3 MB,268.6 MB
2266,b2/7568a0,63222866_57,p10__deepvirfinder_pratama (158),COMPLETED,0,2026-10-06 08:57:23.252,10m 30s,34.1s,18.9%,176.8 MB,3.8 GB,498.9 MB,265.1 MB
2277,ad/58efbc,63222866_60,p10__deepvirfinder_pratama (161),COMPLETED,0,2026-10-06 08:57:23.252,10m 30s,39.7s,15.4%,181.7 MB,4.1 GB,253.5 MB,265 MB
2237,80/5cca80,63222866_50,p10__deepvirfinder_pratama (151),COMPLETED,0,2026-10-06 08:57:23.252,10m 40s,43.6s,12.9%,179.2 MB,4 GB,485.8 MB,265.1 MB
2351,97/6f99cc,63222866_78,p10__deepvirfinder_pratama (179),COMPLETED,0,2026-10-06 08:57:23.252,10m 42s,44.3s,13.5%,181 MB,4.1 GB,452.3 MB,265 MB
2260,7c/8342cf,63222866_56,p10__deepvirfinder_pratama (157),COMPLETED,0,2026-10-06 08:57:23.252,11m,1m 6s,10.1%,153.2 MB,3.9 GB,496.5 MB,265.1 MB
2204,83/738ef6,63222866_42,p10__deepvirfinder_pratama (143),COMPLETED,0,2026-10-06 08:57:23.252,11m 10s,1m 16s,8.8%,177 MB,3.9 GB,505.3 MB,265 MB
2200,94/8d1f4e,63222866_41,p10__deepvirfinder_pratama (142),COMPLETED,0,2026-10-06 08:57:23.252,11m 30s,1m 39s,5.9%,185.5 MB,3.9 GB,501.5 MB,264.9 MB
2078,3b/bec955,63212697_9,p15__genomad_pratama (110),COMPLETED,0,2026-10-06 06:46:51.039,2h 22m 12s,2h 19m 36s,0.1%,189.7 MB,4.1 GB,199.7 MB,267.9 MB
2234,8b/84b900,63222866_49,p10__deepvirfinder_pratama (150),COMPLETED,0,2026-10-06 08:57:23.252,12m,2m 10s,4.5%,176.6 MB,3.9 GB,480.4 MB,265 MB
2301,f1/e2afe5,63222866_66,p10__deepvirfinder_pratama (167),COMPLETED,0,2026-10-06 08:57:23.252,12m 10s,2m 20s,3.9%,183.2 MB,4 GB,474.1 MB,265 MB
2306,37/8c9f29,63222866_67,p10__deepvirfinder_pratama (168),COMPLETED,0,2026-10-06 08:57:23.252,12m 10s,2m 19s,4.2%,178.7 MB,4.1 GB,479.8 MB,265 MB
4660,b9/fda731,63217355_71,p21__genomad_pratama (572),COMPLETED,0,2026-10-06 07:40:33.187,1h 29m 20s,1h 14m 58s,0.2%,186.4 MB,4.1 GB,202.6 MB,270.7 MB
2227,90/45394f,63222866_47,p10__deepvirfinder_pratama (148),COMPLETED,0,2026-10-06 08:57:23.252,12m 30s,2m 32s,3.8%,167.4 MB,3.9 GB,467.2 MB,265 MB
2082,a6/b4333b,63212697_10,p15__genomad_pratama (111),COMPLETED,0,2026-10-06 06:46:51.039,2h 23m 24s,2h 20m 49s,0.1%,185.1 MB,3.8 GB,199.4 MB,267.7 MB
4400,cb/7c8cdc,63214092_6,p20__virsorter2_pratama (507),COMPLETED,0,2026-10-06 06:57:33.110,2h 12m 42s,2h 9m 46s,0.1%,186.3 MB,3.8 GB,439.4 MB,270.2 MB
4606,c1/118a1d,63217355_58,p21__genomad_pratama (559),COMPLETED,0,2026-10-06 07:40:33.187,1h 29m 42s,1h 15m 23s,0.2%,188.4 MB,4 GB,202.2 MB,270.4 MB
2231,07/c4db0a,63222866_48,p10__deepvirfinder_pratama (149),COMPLETED,0,2026-10-06 08:57:23.252,12m 52s,3m,3.2%,186.4 MB,3.9 GB,473.8 MB,264.9 MB
2299,a1/5fe4b8,63222866_65,p10__deepvirfinder_pratama (166),COMPLETED,0,2026-10-06 08:57:23.252,12m 52s,2m 55s,3.1%,185.4 MB,3.8 GB,468.4 MB,265 MB
2316,ab/da1d7b,63222866_70,p10__deepvirfinder_pratama (171),COMPLETED,0,2026-10-06 08:57:23.252,12m 52s,3m 1s,3.6%,178.3 MB,4.1 GB,491.6 MB,265 MB
2335,bf/84b607,63222866_74,p10__deepvirfinder_pratama (175),COMPLETED,0,2026-10-06 08:57:23.252,12m 52s,3m 2s,3.1%,180.7 MB,4.1 GB,504.4 MB,265 MB
2196,94/172e0b,63222866_40,p10__deepvirfinder_pratama (141),COMPLETED,0,2026-10-06 08:57:23.252,13m,3m 10s,2.7%,175.8 MB,3.9 GB,498.1 MB,265 MB
2252,f0/a4a311,63222866_54,p10__deepvirfinder_pratama (155),COMPLETED,0,2026-10-06 08:57:23.252,13m,3m 4s,2.8%,101.7 MB,3.6 GB,491.4 MB,265 MB
2269,40/38d9eb,63222866_58,p10__deepvirfinder_pratama (159),COMPLETED,0,2026-10-06 08:57:23.252,13m 10s,3m 18s,3.3%,171.3 MB,3.9 GB,502 MB,265 MB
2289,c7/7c58ed,63222866_63,p10__deepvirfinder_pratama (164),COMPLETED,0,2026-10-06 08:57:23.252,13m 10s,3m 13s,2.8%,177.3 MB,3.9 GB,454.2 MB,265 MB
2329,8a/ec8d1b,63222866_73,p10__deepvirfinder_pratama (174),COMPLETED,0,2026-10-06 08:57:23.252,13m 20s,3m 25s,2.6%,177.8 MB,4.1 GB,500.8 MB,265 MB
2355,51/29e633,63222866_79,p10__deepvirfinder_pratama (180),COMPLETED,0,2026-10-06 08:57:23.252,13m 20s,3m 23s,3.2%,117.7 MB,4 GB,461.6 MB,265 MB
2258,45/88a45f,63212697_55,p15__genomad_pratama (156),COMPLETED,0,2026-10-06 06:46:51.039,2h 24m 2s,2h 14m 4s,0.1%,191 MB,4.2 GB,199.4 MB,267.6 MB
2210,3d/1609f3,63222866_43,p10__deepvirfinder_pratama (144),COMPLETED,0,2026-10-06 08:57:23.252,13m 30s,3m 32s,2.5%,178.6 MB,3.9 GB,242.5 MB,265 MB
2221,c7/e078f4,63222866_46,p10__deepvirfinder_pratama (147),COMPLETED,0,2026-10-06 08:57:23.252,13m 30s,3m 40s,2.6%,184.6 MB,4 GB,459.1 MB,265 MB
2243,5c/d8ad86,63222866_51,p10__deepvirfinder_pratama (152),COMPLETED,0,2026-10-06 08:57:23.252,13m 30s,3m 39s,2.2%,180 MB,3.9 GB,489.5 MB,264.8 MB
2295,b0/fa448a,63222866_64,p10__deepvirfinder_pratama (165),COMPLETED,0,2026-10-06 08:57:23.252,13m 30s,3m 40s,2.3%,150.1 MB,4 GB,461.7 MB,264.9 MB
2339,c5/4e30d7,63222866_75,p10__deepvirfinder_pratama (176),COMPLETED,0,2026-10-06 08:57:23.252,13m 30s,3m 40s,2.5%,179.2 MB,4.1 GB,318.9 MB,265 MB
2273,32/e8284a,63222866_59,p10__deepvirfinder_pratama (160),COMPLETED,0,2026-10-06 08:57:23.252,13m 40s,3m 42s,2.5%,178.6 MB,4.1 GB,506.4 MB,264.9 MB
2371,e1/be102f,63222866_83,p10__deepvirfinder_pratama (184),COMPLETED,0,2026-10-06 08:57:23.252,13m 40s,9.8s,64.9%,190 MB,4.1 GB,487.9 MB,265 MB
2248,f2/6be800,63222866_53,p10__deepvirfinder_pratama (154),COMPLETED,0,2026-10-06 08:57:23.252,14m,4m 5s,2.3%,97.5 MB,3.7 GB,488.4 MB,265 MB
2311,c0/b90d71,63222866_68,p10__deepvirfinder_pratama (169),COMPLETED,0,2026-10-06 08:57:23.252,14m 10s,4m 12s,2.2%,175.7 MB,3.8 GB,484.8 MB,265 MB
2323,63/fcd51c,63222866_71,p10__deepvirfinder_pratama (172),COMPLETED,0,2026-10-06 08:57:23.252,14m 10s,4m 19s,2.3%,147.2 MB,4.1 GB,495 MB,265 MB
2327,64/9a8f8a,63222866_72,p10__deepvirfinder_pratama (173),COMPLETED,0,2026-10-06 08:57:23.252,14m 10s,4m 11s,2.3%,178.8 MB,4.1 GB,497.4 MB,265 MB
2364,d6/7f4228,63222866_81,p10__deepvirfinder_pratama (182),COMPLETED,0,2026-10-06 08:57:23.252,14m 30s,1m 6s,7.8%,176.4 MB,3.7 GB,476.5 MB,264.8 MB
2113,9b/196b5f,63212697_18,p15__genomad_pratama (119),COMPLETED,0,2026-10-06 06:46:51.039,2h 25m 22s,2h 22m 51s,0.1%,187.3 MB,3.8 GB,200.1 MB,268.2 MB
4483,ef/7a1910,63217355_27,p21__genomad_pratama (528),COMPLETED,0,2026-10-06 07:40:33.187,1h 31m 42s,1h 20m 46s,0.2%,186.9 MB,3.8 GB,224.5 MB,291.7 MB
2074,5c/0433f0,63212697_8,p15__genomad_pratama (109),COMPLETED,0,2026-10-06 06:46:51.039,2h 27m 2s,2h 24m 31s,0.1%,186.1 MB,3.8 GB,199.8 MB,268 MB
2202,84/16ba02,63212697_41,p15__genomad_pratama (142),COMPLETED,0,2026-10-06 06:46:51.039,2h 27m 12s,2h 17m 20s,0.1%,186.4 MB,3.9 GB,199.2 MB,267.5 MB
2367,6a/1d17f2,63222866_82,p10__deepvirfinder_pratama (183),COMPLETED,0,2026-10-06 08:57:23.252,16m 50s,3m 17s,3.2%,187.8 MB,4 GB,483.1 MB,265 MB
4387,9d/4082c4,63217355_3,p21__genomad_pratama (504),COMPLETED,0,2026-10-06 07:40:33.186,1h 33m 52s,1h 26m 40s,0.1%,186.2 MB,3.9 GB,200.1 MB,268.3 MB
2361,aa/21707a,63222866_80,p10__deepvirfinder_pratama (181),COMPLETED,0,2026-10-06 08:57:23.252,17m 10s,3m 40s,2.6%,190.1 MB,4.1 GB,469.9 MB,265 MB
3991,69/ae6123,63223976_5,p12__deepvirfinder_pratama (406),COMPLETED,0,2026-10-06 09:14:18.360,14.7s,9.7s,60.9%,187.2 MB,3.9 GB,489.5 MB,265 MB
4048,a2/d617c9,63223976_18,p12__deepvirfinder_pratama (419),COMPLETED,0,2026-10-06 09:14:18.360,24.7s,18.5s,31.4%,179.1 MB,4.1 GB,480.3 MB,265 MB
3976,07/787cb7,63223976_0,p12__deepvirfinder_pratama (401),COMPLETED,0,2026-10-06 09:14:18.360,34.6s,29.7s,21.2%,179.7 MB,4.1 GB,469.6 MB,265 MB
4075,fb/d53943,63223976_25,p12__deepvirfinder_pratama (426),COMPLETED,0,2026-10-06 09:14:18.360,54.7s,41.2s,13.9%,85.1 MB,3.6 GB,495.5 MB,265 MB
4130,bc/806c4f,63223976_39,p12__deepvirfinder_pratama (440),COMPLETED,0,2026-10-06 09:14:18.360,54.7s,43.8s,11.6%,179.7 MB,4 GB,493.4 MB,264.9 MB
3988,58/15ff86,63223976_4,p12__deepvirfinder_pratama (405),COMPLETED,0,2026-10-06 09:14:18.360,1m 7s,58.9s,10.3%,176.9 MB,3.9 GB,486.5 MB,265 MB
4040,5b/adef41,63223976_16,p12__deepvirfinder_pratama (417),COMPLETED,0,2026-10-06 09:14:18.360,1m 7s,54.4s,9.6%,178.8 MB,3.9 GB,459.9 MB,265 MB
4124,ab/3259a8,63223976_37,p12__deepvirfinder_pratama (438),COMPLETED,0,2026-10-06 09:14:18.360,1m 7s,1m 2s,8.6%,186.1 MB,3.9 GB,485.9 MB,265 MB
4016,57/699fa6,63223976_10,p12__deepvirfinder_pratama (411),COMPLETED,0,2026-10-06 09:14:18.360,1m 15s,1m 9s,10.3%,176.7 MB,4.1 GB,476 MB,265 MB
2320,e0/e18295,63212697_71,p15__genomad_pratama (172),COMPLETED,0,2026-10-06 06:46:51.039,2h 28m 52s,2h 18m 57s,0.1%,188.3 MB,4 GB,200.1 MB,268.5 MB
4116,65/d7e7de,63223976_35,p12__deepvirfinder_pratama (436),COMPLETED,0,2026-10-06 09:14:18.360,1m 25s,1m 15s,7.6%,179.1 MB,4 GB,489.1 MB,265 MB
3986,aa/26d639,63223976_1,p12__deepvirfinder_pratama (403),COMPLETED,0,2026-10-06 09:14:18.360,1m 35s,1m 26s,6.8%,175.9 MB,3.9 GB,478.8 MB,265 MB
4094,1a/6ae2f9,63223976_29,p12__deepvirfinder_pratama (430),COMPLETED,0,2026-10-06 09:14:18.360,1m 35s,1m 29s,7.2%,180.9 MB,4.1 GB,453.5 MB,265 MB
4024,d7/fc9df2,63223976_12,p12__deepvirfinder_pratama (413),COMPLETED,0,2026-10-06 09:14:18.360,1m 45s,1m 31s,6.9%,178 MB,4 GB,492.8 MB,265 MB
4059,3b/ee9d29,63223976_21,p12__deepvirfinder_pratama (422),COMPLETED,0,2026-10-06 09:14:18.360,1m 45s,1m 32s,6.7%,179.8 MB,3.9 GB,495.5 MB,265.1 MB
4103,7f/85463f,63223976_32,p12__deepvirfinder_pratama (433),COMPLETED,0,2026-10-06 09:14:18.360,1m 45s,1m 31s,5.6%,176.6 MB,3.8 GB,474.4 MB,265 MB
4055,5e/737351,63223976_20,p12__deepvirfinder_pratama (421),COMPLETED,0,2026-10-06 09:14:18.360,1m 55s,1m 50s,5.8%,177 MB,3.9 GB,491.6 MB,265 MB
4071,d6/2ceaae,63223976_24,p12__deepvirfinder_pratama (425),COMPLETED,0,2026-10-06 09:14:18.360,1m 55s,1m 41s,5.7%,173.1 MB,4.1 GB,492.4 MB,265 MB
4127,0a/f8d2d5,63223976_38,p12__deepvirfinder_pratama (439),COMPLETED,0,2026-10-06 09:14:18.360,2m 7s,1m 52s,4.6%,79.4 MB,3.6 GB,490.1 MB,264.9 MB
4112,f9/2233d8,63223976_34,p12__deepvirfinder_pratama (435),COMPLETED,0,2026-10-06 09:14:18.360,2m 25s,2m 14s,3.7%,176.4 MB,3.9 GB,485.3 MB,265 MB
4044,0e/258351,63223976_17,p12__deepvirfinder_pratama (418),COMPLETED,0,2026-10-06 09:14:18.360,2m 35s,2m 28s,3.4%,176.8 MB,3.9 GB,470.8 MB,264.8 MB
2150,94/aedfa0,63212697_28,p15__genomad_pratama (129),COMPLETED,0,2026-10-06 06:46:51.039,2h 30m 32s,2h 27m 56s,0.1%,187.8 MB,4 GB,199.5 MB,267.8 MB
4011,72/95f326,63223976_9,p12__deepvirfinder_pratama (410),COMPLETED,0,2026-10-06 09:14:18.360,3m 6s,2m 52s,3.0%,175.6 MB,3.8 GB,464.9 MB,265 MB
4085,97/09ec48,63223976_27,p12__deepvirfinder_pratama (428),COMPLETED,0,2026-10-06 09:14:18.360,3m 6s,2m 55s,3.0%,179 MB,4.1 GB,238.1 MB,265 MB
4107,20/434f57,63223976_33,p12__deepvirfinder_pratama (434),COMPLETED,0,2026-10-06 09:14:18.360,3m 6s,2m 59s,3.0%,185.1 MB,3.9 GB,480.4 MB,265 MB
4063,ba/44036e,63223976_22,p12__deepvirfinder_pratama (423),COMPLETED,0,2026-10-06 09:14:18.360,3m 35s,3m 26s,2.7%,179.7 MB,4 GB,430.9 MB,265 MB
3980,00/170f97,63223976_2,p12__deepvirfinder_pratama (402),COMPLETED,0,2026-10-06 09:14:18.360,3m 45s,3m 37s,2.7%,177.6 MB,3.8 GB,474.4 MB,265 MB
4006,04/eab070,63223976_8,p12__deepvirfinder_pratama (409),COMPLETED,0,2026-10-06 09:14:18.360,3m 45s,3m 31s,2.9%,178.3 MB,3.9 GB,453.3 MB,265 MB
4051,0f/eae53b,63223976_19,p12__deepvirfinder_pratama (420),COMPLETED,0,2026-10-06 09:14:18.360,3m 45s,3m 39s,2.7%,181 MB,4.1 GB,487.1 MB,265 MB
3987,91/085b33,63223976_3,p12__deepvirfinder_pratama (404),COMPLETED,0,2026-10-06 09:14:18.360,3m 55s,3m 44s,2.6%,188.7 MB,4 GB,483 MB,265 MB
4079,8e/ed6e93,63223976_26,p12__deepvirfinder_pratama (427),COMPLETED,0,2026-10-06 09:14:18.360,3m 55s,3m 48s,2.5%,156.6 MB,4.1 GB,497.7 MB,265 MB
4028,b3/31a688,63223976_13,p12__deepvirfinder_pratama (414),COMPLETED,0,2026-10-06 09:14:18.360,4m 25s,4m 14s,2.1%,72.8 MB,3.5 GB,420.2 MB,265 MB
4019,4e/9961a5,63223976_11,p12__deepvirfinder_pratama (412),COMPLETED,0,2026-10-06 09:14:18.360,4m 35s,4m 22s,2.3%,181.4 MB,4.1 GB,485.8 MB,265 MB
2190,d1/a13e65,63212697_38,p15__genomad_pratama (139),COMPLETED,0,2026-10-06 06:46:51.039,2h 32m 22s,2h 29m 48s,0.1%,190.4 MB,4 GB,199.3 MB,267.6 MB
4098,29/757129,63223976_30,p12__deepvirfinder_pratama (431),COMPLETED,0,2026-10-06 09:14:18.360,5m 5s,4m 53s,2.3%,178 MB,3.9 GB,461.4 MB,265 MB
4101,09/1e22f1,63223976_31,p12__deepvirfinder_pratama (432),COMPLETED,0,2026-10-06 09:14:18.360,5m 17s,5m 1s,2.2%,185.5 MB,3.9 GB,468.5 MB,265 MB
2328,ea/8f2b2d,63212697_73,p15__genomad_pratama (174),COMPLETED,0,2026-10-06 06:46:51.039,2h 33m 42s,2h 23m 50s,0.1%,184.7 MB,3.8 GB,200 MB,268.2 MB
2240,fb/b678a4,63212697_51,p15__genomad_pratama (152),COMPLETED,0,2026-10-06 06:46:51.039,2h 33m 52s,2h 24m,0.1%,185.6 MB,3.8 GB,199.5 MB,267.7 MB
2255,b6/ba885e,63212697_54,p15__genomad_pratama (155),COMPLETED,0,2026-10-06 06:46:51.039,2h 34m 54s,2h 25m,0.1%,185.7 MB,3.9 GB,199.4 MB,267.8 MB
2217,cf/1e55df,63222866_45,p10__deepvirfinder_pratama (146),COMPLETED,0,2026-10-06 08:57:23.252,25m 10s,15m 14s,0.7%,189.4 MB,4.2 GB,451.6 MB,265.2 MB
2199,b4/da4ec0,63212697_40,p15__genomad_pratama (141),COMPLETED,0,2026-10-06 06:46:51.039,2h 36m 32s,2h 26m 38s,0.1%,185.5 MB,3.8 GB,199.2 MB,267.5 MB
4632,1c/ceeca3,63214092_64,p20__virsorter2_pratama (565),COMPLETED,0,2026-10-06 06:57:33.110,2h 25m 50s,2h 15m 38s,0.1%,189.6 MB,4.1 GB,444 MB,276.6 MB
2194,b6/0a952b,63212697_39,p15__genomad_pratama (140),COMPLETED,0,2026-10-06 06:46:51.039,2h 37m 22s,2h 34m 51s,0.1%,189.7 MB,4.1 GB,199.3 MB,267.6 MB
4386,de/62fa63,63217355_2,p21__genomad_pratama (503),COMPLETED,0,2026-10-06 07:40:33.186,1h 44m 12s,1h 37m,0.1%,191 MB,4.2 GB,200.2 MB,268.5 MB
2116,a1/7bfd10,63222866_20,p10__deepvirfinder_pratama (121),COMPLETED,0,2026-10-06 08:57:23.252,27m 30s,24m 49s,0.4%,190.8 MB,4.2 GB,431.1 MB,265.1 MB
4598,33/bd7dd5,63215019_56,p12__deepvirfinder_pratama (557),COMPLETED,0,2026-10-06 07:11:38.183,2h 13m 25s,2h 2m 33s,0.1%,186.6 MB,3.9 GB,458.6 MB,266.1 MB
4489,29/7d0442,63217355_28,p21__genomad_pratama (529),COMPLETED,0,2026-10-06 07:40:33.187,1h 45m,1h 34m 15s,0.1%,185.2 MB,4 GB,223.1 MB,290.4 MB
2153,ea/ef9b44,63212697_29,p15__genomad_pratama (130),COMPLETED,0,2026-10-06 06:46:51.039,2h 38m 54s,2h 36m 21s,0.1%,191 MB,4 GB,199.3 MB,267.6 MB
4227,7d/34b2e2,63223976_62,p12__deepvirfinder_pratama (463),COMPLETED,0,2026-10-06 09:14:18.360,11m 27s,34.5s,17.4%,182.1 MB,4.1 GB,483.9 MB,265 MB
4279,9a/c11b7f,63223976_75,p12__deepvirfinder_pratama (476),COMPLETED,0,2026-10-06 09:14:18.360,11m 27s,30.7s,15.5%,99.4 MB,3.7 GB,466.8 MB,265 MB
4215,89/be756c,63223976_59,p12__deepvirfinder_pratama (460),COMPLETED,0,2026-10-06 09:14:18.360,11m 55s,57.8s,10.5%,184.9 MB,4 GB,468.4 MB,265 MB
2268,18/4e7698,63212697_58,p15__genomad_pratama (159),COMPLETED,0,2026-10-06 06:46:51.039,2h 39m 32s,2h 29m 39s,0.1%,189.3 MB,4.1 GB,199.1 MB,267.4 MB
4517,62/311a6d,63215019_35,p12__deepvirfinder_pratama (536),COMPLETED,0,2026-10-06 07:11:38.183,2h 14m 45s,2h 11m 13s,0.1%,185.5 MB,3.9 GB,457.3 MB,266.1 MB
4138,6b/d09a5d,63223976_41,p12__deepvirfinder_pratama (442),COMPLETED,0,2026-10-06 09:14:18.360,12m 5s,1m 7s,8.5%,190.7 MB,4 GB,392.9 MB,265 MB
4217,29/1b33f9,63223976_60,p12__deepvirfinder_pratama (461),COMPLETED,0,2026-10-06 09:14:18.360,12m 5s,1m 6s,8.5%,179.8 MB,4 GB,473.7 MB,264.9 MB
4252,4a/370208,63223976_68,p12__deepvirfinder_pratama (469),COMPLETED,0,2026-10-06 09:14:18.360,12m 5s,1m 7s,10.0%,190.1 MB,4.1 GB,486.5 MB,265 MB
4283,6f/849ceb,63223976_76,p12__deepvirfinder_pratama (477),COMPLETED,0,2026-10-06 09:14:18.360,12m 5s,1m 7s,10.1%,145.7 MB,3.9 GB,476 MB,265 MB
4562,be/983231,63217355_47,p21__genomad_pratama (548),COMPLETED,0,2026-10-06 07:40:33.187,1h 46m,1h 35m 8s,0.1%,191.3 MB,4 GB,213 MB,280.9 MB
4275,d4/db0643,63223976_74,p12__deepvirfinder_pratama (475),COMPLETED,0,2026-10-06 09:14:18.360,12m 15s,1m 20s,9.5%,177.4 MB,4 GB,456.1 MB,265 MB
4189,f1/54dd77,63223976_53,p12__deepvirfinder_pratama (454),COMPLETED,0,2026-10-06 09:14:18.360,12m 35s,1m 43s,5.7%,188.6 MB,4.1 GB,495.7 MB,265 MB
4209,77/1d79c6,63223976_58,p12__deepvirfinder_pratama (459),COMPLETED,0,2026-10-06 09:14:18.360,12m 35s,1m 41s,6.6%,174.5 MB,3.8 GB,462.7 MB,265.1 MB
4238,98/3e3b4b,63223976_65,p12__deepvirfinder_pratama (466),COMPLETED,0,2026-10-06 09:14:18.360,12m 35s,1m 41s,7.4%,179 MB,4 GB,460.9 MB,265 MB
4256,0c/0e9ad7,63223976_69,p12__deepvirfinder_pratama (470),COMPLETED,0,2026-10-06 09:14:18.360,12m 35s,1m 40s,6.3%,178.6 MB,4 GB,491.9 MB,265 MB
4223,eb/ce4e3b,63223976_61,p12__deepvirfinder_pratama (462),COMPLETED,0,2026-10-06 09:14:18.360,12m 45s,1m 45s,5.7%,178.3 MB,4.1 GB,478.9 MB,265 MB
4172,26/4a3bf1,63223976_49,p12__deepvirfinder_pratama (450),COMPLETED,0,2026-10-06 09:14:18.360,12m 55s,1m 55s,5.0%,180.5 MB,4.1 GB,481.4 MB,265 MB
4169,e1/fe81fe,63223976_48,p12__deepvirfinder_pratama (449),COMPLETED,0,2026-10-06 09:14:18.360,13m 5s,2m 5s,4.5%,178.7 MB,4 GB,476.2 MB,265 MB
4264,3c/f7b268,63223976_71,p12__deepvirfinder_pratama (472),COMPLETED,0,2026-10-06 09:14:18.360,13m 5s,2m 13s,3.8%,185.7 MB,3.9 GB,277.1 MB,265 MB
4205,cf/571fc5,63223976_57,p12__deepvirfinder_pratama (458),COMPLETED,0,2026-10-06 09:14:18.360,13m 26s,2m 25s,4.0%,180.3 MB,4.1 GB,456.2 MB,265 MB
4288,65/b1f96a,63223976_77,p12__deepvirfinder_pratama (478),COMPLETED,0,2026-10-06 09:14:18.360,13m 35s,2m 39s,4.9%,179.4 MB,4 GB,484 MB,265 MB
4295,4a/74c24a,63223976_79,p12__deepvirfinder_pratama (480),COMPLETED,0,2026-10-06 09:14:18.360,13m 45s,2m 52s,4.1%,181.3 MB,4.1 GB,494.3 MB,265 MB
4185,1e/8a17f0,63223976_52,p12__deepvirfinder_pratama (453),COMPLETED,0,2026-10-06 09:14:18.360,13m 55s,2m 55s,3.3%,182.6 MB,4.1 GB,492.3 MB,265.1 MB
2040,26/21dd8a,63222866_1,p10__deepvirfinder_pratama (102),COMPLETED,0,2026-10-06 08:57:23.252,31m,28m 18s,0.4%,187.8 MB,3.8 GB,454.7 MB,265.4 MB
4241,0a/413558,63223976_66,p12__deepvirfinder_pratama (467),COMPLETED,0,2026-10-06 09:14:18.360,14m 5s,3m 6s,3.5%,180.4 MB,4.1 GB,471 MB,265 MB
4193,1d/529738,63223976_54,p12__deepvirfinder_pratama (455),COMPLETED,0,2026-10-06 09:14:18.360,14m 15s,3m 23s,2.3%,154.1 MB,4 GB,468.4 MB,265 MB
4260,21/56eb8e,63223976_70,p12__deepvirfinder_pratama (471),COMPLETED,0,2026-10-06 09:14:18.360,14m 28s,3m 35s,2.3%,153.1 MB,3.8 GB,496.4 MB,265 MB
4135,b1/7cfa8d,63223976_40,p12__deepvirfinder_pratama (441),COMPLETED,0,2026-10-06 09:14:18.360,14m 35s,3m 40s,2.4%,186.6 MB,3.8 GB,496.6 MB,265.1 MB
4158,3b/16b2da,63223976_46,p12__deepvirfinder_pratama (447),COMPLETED,0,2026-10-06 09:14:18.360,14m 35s,3m 39s,2.7%,80.7 MB,3.6 GB,465.9 MB,265 MB
4181,44/7d326e,63223976_51,p12__deepvirfinder_pratama (452),COMPLETED,0,2026-10-06 09:14:18.360,14m 35s,3m 38s,2.6%,172.5 MB,4.1 GB,488.6 MB,265 MB
4664,ed/697ed8,63217355_72,p21__genomad_pratama (573),COMPLETED,0,2026-10-06 07:40:33.187,1h 48m 30s,1h 34m 11s,0.1%,186.5 MB,3.8 GB,202 MB,270.2 MB
4154,bc/6970c7,63223976_45,p12__deepvirfinder_pratama (446),COMPLETED,0,2026-10-06 09:14:18.360,14m 55s,3m 56s,2.4%,179.2 MB,4 GB,460.2 MB,265 MB
4164,44/346355,63223976_47,p12__deepvirfinder_pratama (448),COMPLETED,0,2026-10-06 09:14:18.360,14m 55s,4m,2.4%,189.4 MB,4 GB,471.3 MB,265 MB
4327,ed/df272e,63223976_87,p12__deepvirfinder_pratama (488),COMPLETED,0,2026-10-06 09:14:18.360,14m 55s,21.9s,29.0%,191.5 MB,4.2 GB,480.3 MB,265 MB
4335,9b/ba4aeb,63223976_89,p12__deepvirfinder_pratama (490),COMPLETED,0,2026-10-06 09:14:18.360,14m 55s,21.2s,27.4%,191.6 MB,4 GB,491.1 MB,265 MB
4246,d4/b0b27a,63223976_67,p12__deepvirfinder_pratama (468),COMPLETED,0,2026-10-06 09:14:18.360,15m 15s,4m 18s,2.4%,178.5 MB,4.1 GB,479.6 MB,265 MB
4291,43/2f2e3e,63223976_78,p12__deepvirfinder_pratama (479),COMPLETED,0,2026-10-06 09:14:18.360,15m 15s,4m 15s,2.7%,178.2 MB,4 GB,489.7 MB,265 MB
4299,24/001237,63223976_80,p12__deepvirfinder_pratama (481),COMPLETED,0,2026-10-06 09:14:18.360,15m 15s,39s,16.3%,176.6 MB,3.9 GB,477.5 MB,265 MB
4323,41/28c451,63223976_86,p12__deepvirfinder_pratama (487),COMPLETED,0,2026-10-06 09:14:18.360,15m 15s,43.4s,15.3%,182 MB,4 GB,472.9 MB,265 MB
4201,9b/18adc4,63223976_56,p12__deepvirfinder_pratama (457),COMPLETED,0,2026-10-06 09:14:18.360,15m 27s,4m 31s,2.0%,185.1 MB,3.8 GB,449.3 MB,265 MB
4367,1c/a4c51f,63223976_97,p12__deepvirfinder_pratama (498),COMPLETED,0,2026-10-06 09:14:18.360,15m 27s,53.3s,11.3%,179.2 MB,4.1 GB,197.5 MB,265 MB
4307,6c/d8b1c5,63223976_82,p12__deepvirfinder_pratama (483),COMPLETED,0,2026-10-06 09:14:18.360,15m 35s,58.9s,10.6%,179.1 MB,4 GB,464.2 MB,265 MB
4339,b5/cb5e52,63223976_90,p12__deepvirfinder_pratama (491),COMPLETED,0,2026-10-06 09:14:18.360,15m 35s,1m 2s,9.6%,189.2 MB,4.1 GB,495.3 MB,265 MB
4440,04/46bbd0,63215019_16,p12__deepvirfinder_pratama (517),COMPLETED,0,2026-10-06 07:11:38.183,2h 18m 25s,2h 14m 50s,0.1%,186.5 MB,3.9 GB,457 MB,266.2 MB
4150,1d/5fb341,63223976_44,p12__deepvirfinder_pratama (445),COMPLETED,0,2026-10-06 09:14:18.360,15m 55s,4m 55s,1.9%,88.6 MB,3.5 GB,453.9 MB,265 MB
4331,18/f9f868,63223976_88,p12__deepvirfinder_pratama (489),COMPLETED,0,2026-10-06 09:14:18.360,16m 15s,1m 37s,5.6%,173.2 MB,4.1 GB,486.4 MB,264.9 MB
2205,a9/624674,63212697_42,p15__genomad_pratama (143),COMPLETED,0,2026-10-06 06:46:51.039,2h 44m 2s,2h 34m 2s,0.1%,188 MB,4 GB,199 MB,267.3 MB
4355,1f/745e4b,63223976_94,p12__deepvirfinder_pratama (495),COMPLETED,0,2026-10-06 09:14:18.360,16m 35s,2m 2s,5.2%,97.1 MB,3.6 GB,493.6 MB,265 MB
4319,c8/beb0ef,63223976_85,p12__deepvirfinder_pratama (486),COMPLETED,0,2026-10-06 09:14:18.360,16m 55s,2m 25s,4.7%,185.8 MB,3.9 GB,464.3 MB,265 MB
4363,71/6d7768,63223976_96,p12__deepvirfinder_pratama (497),COMPLETED,0,2026-10-06 09:14:18.360,17m 15s,2m 43s,4.5%,176.8 MB,3.9 GB,500 MB,265 MB
4347,ac/4b9e16,63223976_92,p12__deepvirfinder_pratama (493),COMPLETED,0,2026-10-06 09:14:18.360,17m 55s,3m 20s,3.2%,188.2 MB,4.2 GB,487.9 MB,265 MB
2124,d8/9bda4c,63212697_22,p15__genomad_pratama (123),COMPLETED,0,2026-10-06 06:46:51.039,2h 45m 32s,2h 42m 59s,0.1%,186.6 MB,3.8 GB,198.5 MB,266.9 MB
4610,df/c6d257,63217355_59,p21__genomad_pratama (560),COMPLETED,0,2026-10-06 07:40:33.187,1h 52m 10s,1h 37m 46s,0.1%,186.6 MB,3.9 GB,201.8 MB,270 MB
4351,a0/a6ec7a,63223976_93,p12__deepvirfinder_pratama (494),COMPLETED,0,2026-10-06 09:14:18.360,18m 28s,3m 56s,2.8%,179.4 MB,4.1 GB,490.8 MB,265 MB
4359,52/a38b9b,63223976_95,p12__deepvirfinder_pratama (496),COMPLETED,0,2026-10-06 09:14:18.360,18m 55s,4m 25s,2.0%,90.7 MB,3.6 GB,496 MB,264.9 MB
4315,d3/d6d5a6,63223976_84,p12__deepvirfinder_pratama (485),COMPLETED,0,2026-10-06 09:14:18.360,19m 5s,4m 36s,2.7%,177.3 MB,4 GB,454.5 MB,265 MB
4528,b1/561d1a,63217355_38,p21__genomad_pratama (539),COMPLETED,0,2026-10-06 07:40:33.187,1h 53m 10s,1h 42m 25s,0.1%,188 MB,3.9 GB,200.3 MB,268.6 MB
2179,35/6d1edd,63212697_35,p15__genomad_pratama (136),COMPLETED,0,2026-10-06 06:46:51.039,2h 47m 12s,2h 44m 35s,0.1%,188.2 MB,4 GB,200.1 MB,268.3 MB
4375,60/6f3ea5,63223976_99,p12__deepvirfinder_pratama (500),COMPLETED,0,2026-10-06 09:14:18.360,20m 36s,6m 4s,2.1%,186.8 MB,4.1 GB,449.4 MB,265.1 MB
4614,20/43a2fa,63217355_60,p21__genomad_pratama (561),COMPLETED,0,2026-10-06 07:40:33.187,1h 55m,1h 40m 37s,0.1%,186.6 MB,4 GB,201.6 MB,269.7 MB
2332,7e/094c21,63212697_74,p15__genomad_pratama (175),COMPLETED,0,2026-10-06 06:46:51.039,2h 49m 12s,2h 39m 12s,0.1%,186.5 MB,4 GB,199.8 MB,268 MB
2272,0a/ebdf7e,63212697_59,p15__genomad_pratama (160),COMPLETED,0,2026-10-06 06:46:51.039,2h 49m 32s,2h 39m 35s,0.1%,185.8 MB,3.8 GB,198.9 MB,267.3 MB
2317,fb/637295,63212697_70,p15__genomad_pratama (171),COMPLETED,0,2026-10-06 06:46:51.039,2h 49m 42s,2h 39m 45s,0.1%,186.7 MB,3.9 GB,200.3 MB,268.6 MB
2324,26/ca4301,63212697_72,p15__genomad_pratama (173),COMPLETED,0,2026-10-06 06:46:51.039,2h 50m 32s,2h 40m 38s,0.1%,188.6 MB,3.9 GB,199.9 MB,268.3 MB
2123,4c/54a4c9,63212697_21,p15__genomad_pratama (122),COMPLETED,0,2026-10-06 06:46:51.039,2h 50m 52s,2h 48m 18s,0.1%,188.2 MB,4.1 GB,199 MB,267.4 MB
4475,e5/65d61e,63215019_25,p12__deepvirfinder_pratama (526),COMPLETED,0,2026-10-06 07:11:38.183,2h 26m 5s,2h 22m 30s,0.1%,185.1 MB,3.9 GB,464 MB,272.8 MB
2157,8e/2e109b,63212697_30,p15__genomad_pratama (131),COMPLETED,0,2026-10-06 06:46:51.039,2h 51m 22s,2h 48m 51s,0.1%,190.4 MB,4.1 GB,199.2 MB,267.5 MB
2790,78/bfae1c,63225140_3,p19__vibrant_pratama (104),COMPLETED,0,2026-10-06 09:31:38.420,8m 15s,9.5s,48.2%,185.7 MB,3.8 GB,358.5 MB,265 MB
2889,4b/29b14a,63225140_28,p19__vibrant_pratama (129),COMPLETED,0,2026-10-06 09:31:38.420,8m 28s,18.6s,31.1%,180.4 MB,4 GB,452.1 MB,265 MB
2793,84/0ed005,63225140_6,p19__vibrant_pratama (107),COMPLETED,0,2026-10-06 09:31:38.420,8m 45s,47.5s,12.1%,187.5 MB,4.1 GB,455.1 MB,265 MB
4618,07/34929f,63217355_61,p21__genomad_pratama (562),COMPLETED,0,2026-10-06 07:40:33.187,2h 10s,1h 45m 42s,0.1%,190.3 MB,4 GB,201.1 MB,269.3 MB
2794,b3/7c837a,63225140_7,p19__vibrant_pratama (108),COMPLETED,0,2026-10-06 09:31:38.420,9m 5s,1m 6s,7.0%,137.6 MB,3.7 GB,466.1 MB,264.9 MB
2795,1e/ac8dae,63225140_8,p19__vibrant_pratama (109),COMPLETED,0,2026-10-06 09:31:38.420,9m 5s,1m 3s,9.2%,179.5 MB,3.9 GB,476.1 MB,265 MB
2861,e2/3fa11f,63225140_21,p19__vibrant_pratama (122),COMPLETED,0,2026-10-06 09:31:38.420,9m 5s,1m 7s,8.9%,178.7 MB,3.9 GB,456 MB,265 MB
2897,23/03d1e6,63225140_30,p19__vibrant_pratama (131),COMPLETED,0,2026-10-06 09:31:38.420,9m 5s,1m 7s,8.5%,192.4 MB,4.2 GB,471.5 MB,265 MB
2922,a1/d80378,63225140_37,p19__vibrant_pratama (138),COMPLETED,0,2026-10-06 09:31:38.420,9m 5s,1m,7.9%,175.8 MB,3.8 GB,395 MB,265 MB
4388,c8/9f56cd,63217355_4,p21__genomad_pratama (505),COMPLETED,0,2026-10-06 07:40:33.186,2h 20s,1h 53m 5s,0.1%,190.7 MB,4.2 GB,199.8 MB,268.1 MB
2892,bd/0bc044,63225140_29,p19__vibrant_pratama (130),COMPLETED,0,2026-10-06 09:31:38.420,9m 27s,1m 24s,6.8%,180.4 MB,4.1 GB,462.1 MB,265 MB
2825,26/17c527,63225140_12,p19__vibrant_pratama (113),COMPLETED,0,2026-10-06 09:31:38.420,9m 35s,1m 37s,5.8%,92.6 MB,3.7 GB,353.3 MB,265 MB
2816,4f/213402,63225140_10,p19__vibrant_pratama (111),COMPLETED,0,2026-10-06 09:31:38.420,9m 45s,1m 43s,5.7%,190.5 MB,4.2 GB,491.2 MB,265 MB
2909,fe/7bce11,63225140_33,p19__vibrant_pratama (134),COMPLETED,0,2026-10-06 09:31:38.420,9m 45s,1m 44s,5.5%,179.4 MB,4 GB,491.6 MB,265 MB
2834,a0/5eb0d5,63225140_15,p19__vibrant_pratama (116),COMPLETED,0,2026-10-06 09:31:38.420,9m 55s,1m 53s,4.9%,82.7 MB,3.6 GB,464.9 MB,264.8 MB
2873,88/c91a3c,63225140_24,p19__vibrant_pratama (125),COMPLETED,0,2026-10-06 09:31:38.420,10m 15s,2m 14s,4.1%,181.2 MB,4 GB,399.1 MB,265 MB
2842,5c/88d595,63225140_17,p19__vibrant_pratama (118),COMPLETED,0,2026-10-06 09:31:38.420,10m 25s,2m 24s,4.5%,187 MB,3.9 GB,492.3 MB,265 MB
2901,1c/ac36df,63225140_31,p19__vibrant_pratama (132),COMPLETED,0,2026-10-06 09:31:38.420,10m 27s,2m 29s,3.8%,188.5 MB,4.1 GB,479.8 MB,265 MB
2789,df/3b7634,63225140_1,p19__vibrant_pratama (103),COMPLETED,0,2026-10-06 09:31:38.420,10m 35s,2m 32s,3.7%,170.2 MB,4 GB,494.1 MB,265 MB
2846,99/9f373f,63225140_18,p19__vibrant_pratama (119),COMPLETED,0,2026-10-06 09:31:38.420,10m 35s,2m 33s,3.8%,118 MB,3.9 GB,339.9 MB,265 MB
2913,0b/38f7ed,63225140_34,p19__vibrant_pratama (135),COMPLETED,0,2026-10-06 09:31:38.420,10m 45s,2m 40s,3.4%,176.6 MB,3.8 GB,495.9 MB,265 MB
2777,e9/693c51,63225140_0,p19__vibrant_pratama (101),COMPLETED,0,2026-10-06 09:31:38.420,11m 25s,3m 18s,2.8%,176.1 MB,3.8 GB,476.6 MB,265 MB
2869,03/95fa83,63225140_23,p19__vibrant_pratama (124),COMPLETED,0,2026-10-06 09:31:38.420,11m 25s,3m 20s,3.0%,177.2 MB,3.8 GB,488.1 MB,265 MB
4413,89/50537a,63217355_9,p21__genomad_pratama (510),COMPLETED,0,2026-10-06 07:40:33.186,2h 2m 40s,1h 55m 28s,0.1%,185.7 MB,4 GB,200.6 MB,269 MB
2878,a1/daece4,63225140_26,p19__vibrant_pratama (127),COMPLETED,0,2026-10-06 09:31:38.420,11m 45s,3m 43s,2.6%,181.3 MB,4 GB,357.8 MB,265 MB
3037,f4/f95977,63225140_65,p19__vibrant_pratama (166),COMPLETED,0,2026-10-06 09:31:38.420,11m 45s,7.9s,67.8%,187.1 MB,3.9 GB,470.2 MB,265 MB
2975,1d/f2d20d,63225140_50,p19__vibrant_pratama (151),COMPLETED,0,2026-10-06 09:31:38.420,11m 55s,14.6s,39.6%,176.7 MB,3.9 GB,454.3 MB,265.1 MB
4668,86/ab8c68,63217355_73,p21__genomad_pratama (574),COMPLETED,0,2026-10-06 07:40:33.187,2h 3m 10s,1h 48m 45s,0.1%,186 MB,3.8 GB,201.6 MB,269.7 MB
2160,e5/a05c32,63222866_31,p10__deepvirfinder_pratama (132),COMPLETED,0,2026-10-06 08:57:23.252,46m 20s,43m 41s,0.3%,188.6 MB,4.2 GB,434.6 MB,265.3 MB
2781,89/05a5ac,63225140_2,p19__vibrant_pratama (102),COMPLETED,0,2026-10-06 09:31:38.420,12m 5s,3m 58s,2.4%,179.6 MB,4 GB,486.9 MB,265 MB
2838,f3/f4cc79,63225140_16,p19__vibrant_pratama (117),COMPLETED,0,2026-10-06 09:31:38.420,12m 5s,4m,2.4%,164.9 MB,3.7 GB,480.5 MB,265 MB
3049,c9/255983,63225140_68,p19__vibrant_pratama (169),COMPLETED,0,2026-10-06 09:31:38.420,12m 5s,22.6s,26.1%,179.4 MB,3.9 GB,487.6 MB,265 MB
2948,93/a6c344,63225140_43,p19__vibrant_pratama (144),COMPLETED,0,2026-10-06 09:31:38.420,12m 15s,34.6s,16.6%,176 MB,3.8 GB,460.6 MB,265 MB
2341,97/e63041,63221789_76,p14__virsorter2_pratama (177),COMPLETED,0,2026-10-06 08:41:18.521,1h 2m 45s,51m 6s,0.2%,186.8 MB,3.9 GB,437.1 MB,267.9 MB
2988,07/e9b807,63225140_53,p19__vibrant_pratama (154),COMPLETED,0,2026-10-06 09:31:38.420,12m 25s,41.1s,13.4%,120.7 MB,3.9 GB,476.9 MB,265 MB
3000,46/ce1cb0,63225140_56,p19__vibrant_pratama (157),COMPLETED,0,2026-10-06 09:31:38.420,12m 26s,42.6s,13.6%,178.9 MB,4.1 GB,491 MB,265 MB
2821,ea/7dc69a,63225140_11,p19__vibrant_pratama (112),COMPLETED,0,2026-10-06 09:31:38.420,12m 35s,4m 30s,2.2%,190.4 MB,4 GB,495.6 MB,265 MB
2921,77/0f20fb,63225140_36,p19__vibrant_pratama (137),COMPLETED,0,2026-10-06 09:31:38.420,12m 35s,4m 30s,2.2%,189.2 MB,4.1 GB,463.2 MB,265.4 MB
2813,b6/3c61ca,63225140_9,p19__vibrant_pratama (110),COMPLETED,0,2026-10-06 09:31:38.420,12m 45s,4m 45s,2.1%,88 MB,3.5 GB,484.9 MB,265 MB
2865,a6/24d585,63225140_22,p19__vibrant_pratama (123),COMPLETED,0,2026-10-06 09:31:38.420,12m 45s,4m 40s,2.1%,186.2 MB,3.9 GB,472.4 MB,265 MB
3028,71/4b3741,63225140_63,p19__vibrant_pratama (164),COMPLETED,0,2026-10-06 09:31:38.420,12m 45s,1m 4s,9.8%,177.8 MB,3.8 GB,454.6 MB,265 MB
2904,6f/a171fc,63225140_32,p19__vibrant_pratama (133),COMPLETED,0,2026-10-06 09:31:38.420,12m 55s,4m 53s,2.0%,178.9 MB,4 GB,486.7 MB,265 MB
2984,13/6a83fb,63225140_52,p19__vibrant_pratama (153),COMPLETED,0,2026-10-06 09:31:38.420,13m 5s,1m 23s,7.3%,186.4 MB,4.1 GB,471.1 MB,265 MB
2960,fa/343df9,63225140_46,p19__vibrant_pratama (147),COMPLETED,0,2026-10-06 09:31:38.420,13m 15s,1m 31s,6.2%,168.7 MB,3.8 GB,458.6 MB,265 MB
3019,8f/6b72f0,63225140_61,p19__vibrant_pratama (162),COMPLETED,0,2026-10-06 09:31:38.420,13m 15s,1m 31s,6.6%,166.3 MB,3.7 GB,205.1 MB,265 MB
4536,c3/ff4384,63217355_40,p21__genomad_pratama (541),COMPLETED,0,2026-10-06 07:40:33.187,2h 4m 30s,1h 53m 42s,0.1%,189.9 MB,4 GB,199.7 MB,268 MB
3087,e7/46c211,63225140_78,p19__vibrant_pratama (179),COMPLETED,0,2026-10-06 09:31:38.420,13m 25s,1m 48s,5.5%,185.7 MB,3.8 GB,494.8 MB,265.1 MB
3012,69/8bc4d6,63225140_59,p19__vibrant_pratama (160),COMPLETED,0,2026-10-06 09:31:38.420,13m 35s,1m 52s,5.7%,173.3 MB,4 GB,495.2 MB,265.1 MB
3093,d4/427025,63225140_79,p19__vibrant_pratama (180),COMPLETED,0,2026-10-06 09:31:38.420,13m 45s,2m 1s,4.4%,180.6 MB,4 GB,339.8 MB,265 MB
3085,f5/42328e,63225140_77,p19__vibrant_pratama (178),COMPLETED,0,2026-10-06 09:31:38.420,14m 5s,2m 21s,4.4%,177.5 MB,3.9 GB,488.8 MB,265 MB
2833,ef/392c10,63225140_14,p19__vibrant_pratama (115),COMPLETED,0,2026-10-06 09:31:38.420,14m 15s,6m 8s,1.5%,189.9 MB,4 GB,449.8 MB,265.5 MB
2943,83/3f8125,63225140_42,p19__vibrant_pratama (143),COMPLETED,0,2026-10-06 09:31:38.420,14m 15s,2m 39s,3.3%,58.9 MB,2.4 GB,485.5 MB,265 MB
2967,6e/d5d372,63225140_48,p19__vibrant_pratama (149),COMPLETED,0,2026-10-06 09:31:38.420,14m 25s,2m 49s,3.2%,64.9 MB,2.5 GB,496.4 MB,265 MB
3016,12/3c6f70,63225140_60,p19__vibrant_pratama (161),COMPLETED,0,2026-10-06 09:31:38.420,14m 25s,2m 44s,3.8%,190 MB,4 GB,497.8 MB,265 MB
3081,e3/2afbc1,63225140_76,p19__vibrant_pratama (177),COMPLETED,0,2026-10-06 09:31:38.420,14m 25s,2m 40s,3.7%,179 MB,3.9 GB,479.5 MB,265.1 MB
4493,18/f30e27,63217355_29,p21__genomad_pratama (530),COMPLETED,0,2026-10-06 07:40:33.187,2h 5m 40s,1h 54m 54s,0.1%,191.7 MB,4.1 GB,220.2 MB,287.7 MB
3045,51/b624be,63225140_67,p19__vibrant_pratama (168),COMPLETED,0,2026-10-06 09:31:38.420,14m 35s,2m 50s,3.4%,179.5 MB,4 GB,482.8 MB,265 MB
2936,ed/8a7c7b,63225140_40,p19__vibrant_pratama (141),COMPLETED,0,2026-10-06 09:31:38.420,14m 45s,3m 9s,3.0%,189.8 MB,4 GB,453.9 MB,265 MB
2992,d5/2a6285,63225140_54,p19__vibrant_pratama (155),COMPLETED,0,2026-10-06 09:31:38.420,14m 45s,3m 4s,3.0%,187.2 MB,3.8 GB,482.6 MB,265 MB
3058,c9/7b7f7f,63225140_71,p19__vibrant_pratama (172),COMPLETED,0,2026-10-06 09:31:38.420,14m 45s,3m 2s,4.1%,185.9 MB,3.9 GB,462.9 MB,265.5 MB
2939,73/c95be0,63225140_41,p19__vibrant_pratama (142),COMPLETED,0,2026-10-06 09:31:38.420,14m 55s,3m 12s,3.0%,181.6 MB,4 GB,469.5 MB,265 MB
3025,6d/e821ce,63225140_62,p19__vibrant_pratama (163),COMPLETED,0,2026-10-06 09:31:38.420,14m 55s,3m 12s,2.9%,186.7 MB,3.9 GB,447.7 MB,265.9 MB
3075,b7/bafe4f,63225140_75,p19__vibrant_pratama (176),COMPLETED,0,2026-10-06 09:31:38.420,14m 55s,3m 15s,3.2%,185 MB,3.9 GB,465.3 MB,265 MB
2185,7c/462287,63222866_37,p10__deepvirfinder_pratama (138),COMPLETED,0,2026-10-06 08:57:23.252,49m 20s,46m 36s,0.3%,188.9 MB,4.2 GB,435.3 MB,265.2 MB
2956,69/07eb53,63225140_45,p19__vibrant_pratama (146),COMPLETED,0,2026-10-06 09:31:38.420,15m 15s,3m 39s,2.5%,189.2 MB,4.1 GB,461.1 MB,265.7 MB
2979,0a/3d74e8,63225140_51,p19__vibrant_pratama (152),COMPLETED,0,2026-10-06 09:31:38.420,15m 15s,3m 38s,2.7%,182.2 MB,4.1 GB,463.7 MB,265 MB
2995,3a/16132d,63225140_55,p19__vibrant_pratama (156),COMPLETED,0,2026-10-06 09:31:38.420,15m 25s,3m 48s,3.4%,179.3 MB,4 GB,487.4 MB,265.1 MB
3063,8c/58aec2,63225140_72,p19__vibrant_pratama (173),COMPLETED,0,2026-10-06 09:31:38.420,15m 25s,3m 49s,2.7%,176.4 MB,3.8 GB,408 MB,265 MB
3053,fc/4e664e,63225140_69,p19__vibrant_pratama (170),COMPLETED,0,2026-10-06 09:31:38.420,15m 35s,3m 53s,2.3%,175.6 MB,3.9 GB,491.6 MB,265 MB
4416,04/dc74dc,63217355_10,p21__genomad_pratama (511),COMPLETED,0,2026-10-06 07:40:33.186,2h 7m,1h 59m 50s,0.1%,186.1 MB,3.8 GB,200.2 MB,268.5 MB
4635,d1/251a98,63217355_65,p21__genomad_pratama (566),COMPLETED,0,2026-10-06 07:40:33.187,2h 7m,1h 52m 41s,0.1%,190.5 MB,4 GB,200.7 MB,268.9 MB
4622,97/6a20a0,63217355_62,p21__genomad_pratama (563),COMPLETED,0,2026-10-06 07:40:33.187,2h 7m 20s,1h 52m 53s,0.1%,187.1 MB,3.9 GB,200.7 MB,269 MB
3162,22/26f06a,63225140_97,p19__vibrant_pratama (198),COMPLETED,0,2026-10-06 09:31:38.420,16m 15s,1m 1s,9.4%,114.4 MB,3.6 GB,473.3 MB,265 MB
2247,e4/616af8,63222866_52,p10__deepvirfinder_pratama (153),COMPLETED,0,2026-10-06 08:57:23.252,50m 40s,40m 42s,0.3%,187.4 MB,3.8 GB,434 MB,265.2 MB
2973,ff/1c2513,63225140_49,p19__vibrant_pratama (150),COMPLETED,0,2026-10-06 09:31:38.420,16m 25s,4m 49s,1.8%,176.4 MB,3.8 GB,454.8 MB,265 MB
3004,40/6ed967,63225140_57,p19__vibrant_pratama (158),COMPLETED,0,2026-10-06 09:31:38.420,16m 25s,4m 49s,1.7%,178.1 MB,3.9 GB,493.6 MB,264.7 MB
3166,97/5c146c,63225140_98,p19__vibrant_pratama (199),COMPLETED,0,2026-10-06 09:31:38.420,16m 27s,1m 8s,8.4%,181 MB,4.1 GB,488.8 MB,265 MB
3033,9b/c423f3,63225140_64,p19__vibrant_pratama (165),COMPLETED,0,2026-10-06 09:31:38.420,16m 35s,4m 59s,1.7%,177 MB,3.9 GB,462.8 MB,265 MB
3040,41/267798,63225140_66,p19__vibrant_pratama (167),COMPLETED,0,2026-10-06 09:31:38.420,16m 35s,4m 56s,1.8%,187.2 MB,3.8 GB,476.5 MB,265 MB
3121,e9/e08149,63225140_87,p19__vibrant_pratama (188),COMPLETED,0,2026-10-06 09:31:38.420,16m 35s,1m 19s,7.1%,179 MB,3.9 GB,454.4 MB,265 MB
3158,ff/287a73,63225140_96,p19__vibrant_pratama (197),COMPLETED,0,2026-10-06 09:31:38.420,16m 55s,1m 40s,5.7%,176.7 MB,3.8 GB,457 MB,265 MB
3098,94/428800,63225140_81,p19__vibrant_pratama (182),COMPLETED,0,2026-10-06 09:31:38.420,17m 5s,1m 46s,5.3%,179.7 MB,4.1 GB,456.1 MB,265 MB
3102,47/db6792,63225140_82,p19__vibrant_pratama (183),COMPLETED,0,2026-10-06 09:31:38.420,18m 15s,2m 59s,3.2%,26.4 MB,2.1 GB,476.9 MB,265 MB
4530,29/b1d0c9,63217355_39,p21__genomad_pratama (540),COMPLETED,0,2026-10-06 07:40:33.187,2h 9m 30s,1h 58m 44s,0.1%,190.1 MB,4 GB,199.9 MB,268.2 MB
3105,34/f3a963,63225140_83,p19__vibrant_pratama (184),COMPLETED,0,2026-10-06 09:31:38.420,18m 25s,3m 9s,2.9%,154.1 MB,3.9 GB,495 MB,265 MB
3125,12/111bed,63225140_88,p19__vibrant_pratama (189),COMPLETED,0,2026-10-06 09:31:38.420,18m 36s,3m 15s,3.0%,189.7 MB,4.1 GB,465.3 MB,265 MB
3141,25/3b072b,63225140_92,p19__vibrant_pratama (193),COMPLETED,0,2026-10-06 09:31:38.420,18m 45s,3m 29s,2.7%,176.5 MB,3.8 GB,495 MB,265 MB
2314,3d/cd46ef,63222866_69,p10__deepvirfinder_pratama (170),COMPLETED,0,2026-10-06 08:57:23.252,53m 10s,43m 17s,0.3%,188 MB,4 GB,433 MB,265.2 MB
4627,6a/95e048,63217355_63,p21__genomad_pratama (564),COMPLETED,0,2026-10-06 07:40:33.187,2h 10m 10s,1h 55m 43s,0.1%,188.5 MB,4.1 GB,200.5 MB,268.7 MB
3136,a7/3c4d2e,63225140_91,p19__vibrant_pratama (192),COMPLETED,0,2026-10-06 09:31:38.420,19m 15s,3m 54s,2.4%,152.9 MB,3.8 GB,490.5 MB,265 MB
3145,a5/466b9b,63225140_93,p19__vibrant_pratama (194),COMPLETED,0,2026-10-06 09:31:38.420,19m 25s,4m 6s,2.4%,186.3 MB,4 GB,419.7 MB,265 MB
3641,97/1ebdfa,63226909_16,p20__virsorter2_pratama (317),COMPLETED,0,2026-10-06 09:49:58.381,1m 5s,29.9s,18.1%,186.4 MB,3.8 GB,456.3 MB,266.7 MB
3644,a4/235ccf,63226909_17,p20__virsorter2_pratama (318),COMPLETED,0,2026-10-06 09:49:58.381,1m 5s,32.6s,19.9%,188.9 MB,4.1 GB,464.1 MB,266.7 MB
4544,53/efebd4,63217355_42,p21__genomad_pratama (543),COMPLETED,0,2026-10-06 07:40:33.187,2h 10m 42s,1h 59m 57s,0.1%,188.1 MB,4 GB,199.3 MB,267.5 MB
3071,17/84bf88,63225140_74,p19__vibrant_pratama (175),COMPLETED,0,2026-10-06 09:31:38.420,19m 37s,7m 50s,1.3%,186.3 MB,3.8 GB,460.4 MB,269.3 MB
3110,f1/3a64ca,63225140_84,p19__vibrant_pratama (185),COMPLETED,0,2026-10-06 09:31:38.420,19m 37s,4m 25s,1.9%,171.3 MB,3.9 GB,204.8 MB,265 MB
3170,3e/1e03b1,63225140_99,p19__vibrant_pratama (200),COMPLETED,0,2026-10-06 09:31:38.420,19m 37s,4m 22s,2.2%,179.7 MB,4 GB,382.7 MB,265 MB
3584,68/24f139,63226909_2,p20__virsorter2_pratama (303),COMPLETED,0,2026-10-06 09:49:58.381,1m 17s,47.4s,12.8%,226 MB,4.1 GB,483.6 MB,266.7 MB
3592,57/62ee34,63226909_4,p20__virsorter2_pratama (305),COMPLETED,0,2026-10-06 09:49:58.381,1m 17s,39.1s,14.7%,186.9 MB,3.8 GB,446.2 MB,266.5 MB
3720,ad/235aae,63226909_36,p20__virsorter2_pratama (337),COMPLETED,0,2026-10-06 09:49:58.381,1m 17s,43.1s,18.2%,185.6 MB,3.9 GB,477.9 MB,266.8 MB
3579,48/202401,63226909_1,p20__virsorter2_pratama (302),COMPLETED,0,2026-10-06 09:49:58.381,1m 35s,1m 4s,9.3%,186 MB,4 GB,478.5 MB,266.7 MB
3132,ee/c094a8,63225140_90,p19__vibrant_pratama (191),COMPLETED,0,2026-10-06 09:31:38.420,20m 5s,4m 45s,2.0%,163.9 MB,3.8 GB,483.8 MB,265 MB
3621,f0/c1fe1d,63226909_11,p20__virsorter2_pratama (312),COMPLETED,0,2026-10-06 09:49:58.381,1m 45s,1m 8s,9.1%,185.3 MB,3.8 GB,494.3 MB,266.8 MB
3712,cf/b54ad1,63226909_34,p20__virsorter2_pratama (335),COMPLETED,0,2026-10-06 09:49:58.381,1m 45s,1m 8s,9.3%,185.5 MB,3.8 GB,467.6 MB,266.8 MB
3130,e8/48ad2a,63225140_89,p19__vibrant_pratama (190),COMPLETED,0,2026-10-06 09:31:38.420,20m 15s,5m 1s,1.9%,71.6 MB,3.5 GB,475.1 MB,265 MB
3723,58/256090,63226909_37,p20__virsorter2_pratama (338),COMPLETED,0,2026-10-06 09:49:58.381,1m 55s,1m 18s,8.5%,231.6 MB,4.1 GB,483.2 MB,266.7 MB
3636,9c/c51515,63226909_15,p20__virsorter2_pratama (316),COMPLETED,0,2026-10-06 09:49:58.381,2m 15s,1m 47s,4.6%,187.3 MB,3.8 GB,210.2 MB,266.7 MB
3597,46/1dc0b4,63226909_5,p20__virsorter2_pratama (306),COMPLETED,0,2026-10-06 09:49:58.381,2m 25s,1m 54s,4.9%,190.5 MB,4 GB,461.9 MB,266.7 MB
2931,2e/a7d7e1,63225140_39,p19__vibrant_pratama (140),COMPLETED,0,2026-10-06 09:31:38.420,20m 55s,12m 51s,0.7%,186.3 MB,3.9 GB,453.7 MB,268.7 MB
3669,e1/4490aa,63226909_23,p20__virsorter2_pratama (324),COMPLETED,0,2026-10-06 09:49:58.381,2m 35s,2m,5.0%,189.1 MB,4.1 GB,489.9 MB,266.7 MB
3674,b8/7913a4,63226909_25,p20__virsorter2_pratama (326),COMPLETED,0,2026-10-06 09:49:58.381,2m 35s,2m,4.0%,188.9 MB,3.9 GB,487.9 MB,266.7 MB
3648,ce/00015f,63226909_18,p20__virsorter2_pratama (319),COMPLETED,0,2026-10-06 09:49:58.381,2m 45s,2m 9s,4.6%,190.1 MB,4.1 GB,470 MB,266.7 MB
3685,52/eeb8e8,63226909_27,p20__virsorter2_pratama (328),COMPLETED,0,2026-10-06 09:49:58.381,2m 55s,2m 18s,3.7%,318.6 MB,3.9 GB,495.3 MB,266.7 MB
2882,0f/d48a44,63225140_27,p19__vibrant_pratama (128),COMPLETED,0,2026-10-06 09:31:38.420,21m 25s,13m 22s,0.7%,187.7 MB,4 GB,473.9 MB,275.3 MB
3629,e4/5dd97f,63226909_13,p20__virsorter2_pratama (314),COMPLETED,0,2026-10-06 09:49:58.381,3m 5s,2m 36s,3.8%,192.8 MB,4.1 GB,497.8 MB,266.7 MB
3681,a5/b2ce05,63226909_26,p20__virsorter2_pratama (327),COMPLETED,0,2026-10-06 09:49:58.381,3m 15s,2m 40s,3.3%,240.9 MB,3.9 GB,491.9 MB,266.8 MB
3704,30/f9f768,63226909_32,p20__virsorter2_pratama (333),COMPLETED,0,2026-10-06 09:49:58.381,3m 17s,2m 45s,3.9%,189.2 MB,3.9 GB,455.3 MB,266.7 MB
3601,7d/bb542c,63226909_6,p20__virsorter2_pratama (307),COMPLETED,0,2026-10-06 09:49:58.381,3m 25s,2m 47s,3.4%,190.1 MB,4 GB,477.3 MB,266.7 MB
3661,ff/e7fbc8,63226909_21,p20__virsorter2_pratama (322),COMPLETED,0,2026-10-06 09:49:58.381,3m 25s,2m 49s,3.5%,189.5 MB,4 GB,483.1 MB,266.7 MB
3697,6d/6198a4,63226909_30,p20__virsorter2_pratama (331),COMPLETED,0,2026-10-06 09:49:58.381,3m 25s,2m 56s,3.5%,185.6 MB,3.8 GB,441.3 MB,266.7 MB
3574,08/28c7b3,63226909_0,p20__virsorter2_pratama (301),COMPLETED,0,2026-10-06 09:49:58.381,3m 45s,3m 13s,3.4%,188.8 MB,4 GB,473.7 MB,266.7 MB
4453,f6/c49d90,63217355_19,p21__genomad_pratama (520),COMPLETED,0,2026-10-06 07:40:33.186,2h 13m 20s,2h 6m 9s,0.1%,187 MB,4 GB,199.9 MB,268.2 MB
2129,92/6ff8fd,63222866_23,p10__deepvirfinder_pratama (124),COMPLETED,0,2026-10-06 08:57:23.252,56m 30s,53m 47s,0.2%,189.3 MB,3.9 GB,437.2 MB,265.3 MB
3708,c3/172734,63226909_33,p20__virsorter2_pratama (334),COMPLETED,0,2026-10-06 09:49:58.381,3m 55s,3m 19s,2.8%,186.6 MB,3.9 GB,461.7 MB,266.6 MB
3730,b6/214810,63226909_39,p20__virsorter2_pratama (340),COMPLETED,0,2026-10-06 09:49:58.381,3m 55s,3m 19s,3.9%,186.5 MB,4 GB,496.8 MB,266.7 MB
3693,70/c0b742,63226909_29,p20__virsorter2_pratama (330),COMPLETED,0,2026-10-06 09:49:58.381,4m 15s,3m 45s,3.0%,191.6 MB,4.2 GB,362.9 MB,266.7 MB
3716,a4/85cd09,63226909_35,p20__virsorter2_pratama (336),COMPLETED,0,2026-10-06 09:49:58.381,4m 17s,3m 49s,2.2%,187.1 MB,3.8 GB,473 MB,266.9 MB
3666,d3/f4f806,63226909_22,p20__virsorter2_pratama (323),COMPLETED,0,2026-10-06 09:49:58.381,4m 35s,3m 59s,2.5%,185.3 MB,4 GB,486.6 MB,266.7 MB
3154,14/5bc349,63225140_95,p19__vibrant_pratama (196),COMPLETED,0,2026-10-06 09:31:38.420,23m 5s,7m 44s,1.3%,186.6 MB,3.9 GB,450.6 MB,267.6 MB
3657,fa/8e6471,63226909_20,p20__virsorter2_pratama (321),COMPLETED,0,2026-10-06 09:49:58.381,4m 55s,4m 23s,2.2%,190.7 MB,4 GB,478.9 MB,266.7 MB
3609,f2/283431,63226909_8,p20__virsorter2_pratama (309),COMPLETED,0,2026-10-06 09:49:58.381,5m 5s,4m 34s,2.6%,191.1 MB,4.2 GB,469.2 MB,266.7 MB
3624,7d/aaf418,63226909_12,p20__virsorter2_pratama (313),COMPLETED,0,2026-10-06 09:49:58.381,5m 5s,4m 36s,2.5%,190.7 MB,4.1 GB,496.4 MB,266.7 MB
3633,1b/196d9c,63226909_14,p20__virsorter2_pratama (315),COMPLETED,0,2026-10-06 09:49:58.381,5m 27s,4m 53s,2.1%,189 MB,4 GB,500.1 MB,266.7 MB
3652,fd/b93e4f,63226909_19,p20__virsorter2_pratama (320),COMPLETED,0,2026-10-06 09:49:58.381,5m 27s,4m 52s,2.0%,188.7 MB,4 GB,474.7 MB,266.7 MB
3689,3e/1c5cac,63226909_28,p20__virsorter2_pratama (329),COMPLETED,0,2026-10-06 09:49:58.381,5m 27s,4m 50s,2.3%,189 MB,3.9 GB,497.9 MB,266.7 MB
3605,5f/607bb7,63226909_7,p20__virsorter2_pratama (308),COMPLETED,0,2026-10-06 09:49:58.381,5m 35s,5m,2.1%,188.6 MB,3.8 GB,489.8 MB,266.7 MB
3617,78/894ed5,63226909_10,p20__virsorter2_pratama (311),COMPLETED,0,2026-10-06 09:49:58.381,5m 35s,5m 2s,2.1%,191.7 MB,4 GB,492.1 MB,266.7 MB
3701,a5/9ac30f,63226909_31,p20__virsorter2_pratama (332),COMPLETED,0,2026-10-06 09:49:58.381,5m 35s,5m 6s,2.1%,187.4 MB,4 GB,448.7 MB,266.7 MB
2792,ba/b4f796,63225140_5,p19__vibrant_pratama (106),COMPLETED,0,2026-10-06 09:31:38.420,24m 15s,16m 16s,0.6%,187.2 MB,3.8 GB,478.4 MB,276.5 MB
4235,1e/a9ecba,63223976_64,p12__deepvirfinder_pratama (465),COMPLETED,0,2026-10-06 09:14:18.360,42m 7s,31m 8s,0.3%,189.7 MB,4.1 GB,454.3 MB,265.9 MB
4559,c7/29a6d2,63217355_46,p21__genomad_pratama (547),COMPLETED,0,2026-10-06 07:40:33.187,2h 17m 2s,2h 6m 12s,0.1%,187.8 MB,4 GB,215.9 MB,283.6 MB
4512,f7/3ce7d3,63217355_34,p21__genomad_pratama (535),COMPLETED,0,2026-10-06 07:40:33.187,2h 17m 10s,2h 6m 21s,0.1%,185.4 MB,3.9 GB,198.7 MB,266.9 MB
4566,67/85fee8,63217355_48,p21__genomad_pratama (549),COMPLETED,0,2026-10-06 07:40:33.187,2h 17m 10s,2h 6m 22s,0.1%,189.3 MB,4 GB,210.4 MB,278.3 MB
4496,5a/1f6f21,63217355_30,p21__genomad_pratama (531),COMPLETED,0,2026-10-06 07:40:33.187,2h 17m 30s,2h 6m 40s,0.1%,189.2 MB,4.1 GB,218.3 MB,285.9 MB
3747,15/f65ab0,63226909_43,p20__virsorter2_pratama (344),COMPLETED,0,2026-10-06 09:49:58.381,8m 5s,19.1s,31.1%,188.8 MB,4.1 GB,463.8 MB,266.7 MB
4389,f2/99892d,63217355_5,p21__genomad_pratama (506),COMPLETED,0,2026-10-06 07:40:33.186,2h 17m 50s,2h 10m 32s,0.1%,187.5 MB,3.8 GB,199.6 MB,267.9 MB
3794,f7/6afa4d,63226909_55,p20__virsorter2_pratama (356),COMPLETED,0,2026-10-06 09:49:58.381,8m 38s,49.6s,15.3%,187.4 MB,3.9 GB,480.2 MB,266.7 MB
3842,39/f23b81,63226909_67,p20__virsorter2_pratama (368),COMPLETED,0,2026-10-06 09:49:58.381,8m 38s,45.2s,12.4%,189.5 MB,3.9 GB,488.5 MB,266.6 MB
3886,1c/b53994,63226909_78,p20__virsorter2_pratama (379),COMPLETED,0,2026-10-06 09:49:58.381,8m 38s,44.1s,14.3%,186.1 MB,3.9 GB,463.3 MB,266.7 MB
3738,95/8b9c83,63226909_41,p20__virsorter2_pratama (342),COMPLETED,0,2026-10-06 09:49:58.381,8m 45s,59.5s,9.7%,187.6 MB,4 GB,446.3 MB,266.7 MB
3779,58/33b875,63226909_51,p20__virsorter2_pratama (352),COMPLETED,0,2026-10-06 09:49:58.381,8m 45s,56.3s,10.2%,189.5 MB,4 GB,443 MB,266.7 MB
4473,78/44ec2f,63214092_24,p20__virsorter2_pratama (525),COMPLETED,0,2026-10-06 06:57:33.110,3h 1m 20s,2h 58m 22s,0.1%,187.1 MB,3.9 GB,532.6 MB,364.2 MB
3815,f1/dc88d4,63226909_60,p20__virsorter2_pratama (361),COMPLETED,0,2026-10-06 09:49:58.381,8m 55s,1m 3s,9.6%,187 MB,3.8 GB,498.3 MB,266.7 MB
3827,b2/a52a9d,63226909_63,p20__virsorter2_pratama (364),COMPLETED,0,2026-10-06 09:49:58.381,8m 55s,1m 7s,9.7%,190.3 MB,4.1 GB,459.3 MB,266.7 MB
3782,b4/76780f,63226909_52,p20__virsorter2_pratama (353),COMPLETED,0,2026-10-06 09:49:58.381,9m 5s,1m 16s,7.6%,193.1 MB,4.1 GB,452.6 MB,266.7 MB
3830,4c/77ac25,63226909_64,p20__virsorter2_pratama (365),COMPLETED,0,2026-10-06 09:49:58.381,9m 25s,1m 42s,6.4%,185.9 MB,3.8 GB,468.6 MB,266.7 MB
3875,17/4baa09,63226909_75,p20__virsorter2_pratama (376),COMPLETED,0,2026-10-06 09:49:58.381,9m 25s,1m 42s,5.7%,184.9 MB,3.8 GB,499.9 MB,266.7 MB
4672,52/21d5c6,63217355_74,p21__genomad_pratama (575),COMPLETED,0,2026-10-06 07:40:33.187,2h 19m 2s,2h 4m 35s,0.1%,187.2 MB,4 GB,201.2 MB,269.4 MB
3870,cd/d964aa,63226909_74,p20__virsorter2_pratama (375),COMPLETED,0,2026-10-06 09:49:58.381,9m 37s,1m 44s,6.7%,323.5 MB,4.1 GB,497.8 MB,266.7 MB
3819,ce/a7c714,63226909_61,p20__virsorter2_pratama (362),COMPLETED,0,2026-10-06 09:49:58.381,9m 55s,2m 8s,3.8%,186.9 MB,3.6 GB,287.7 MB,266.7 MB
3775,02/a9806a,63226909_50,p20__virsorter2_pratama (351),COMPLETED,0,2026-10-06 09:49:58.381,10m 5s,2m 16s,4.1%,191.4 MB,4 GB,333.3 MB,266.7 MB
3800,cd/b35a22,63226909_56,p20__virsorter2_pratama (357),COMPLETED,0,2026-10-06 09:49:58.381,10m 5s,2m 17s,5.3%,189.8 MB,4.2 GB,487.5 MB,266.7 MB
3767,de/514249,63226909_48,p20__virsorter2_pratama (349),COMPLETED,0,2026-10-06 09:49:58.381,10m 15s,2m 31s,4.5%,189.3 MB,4.1 GB,493.1 MB,266.7 MB
3890,4a/63e806,63226909_79,p20__virsorter2_pratama (380),COMPLETED,0,2026-10-06 09:49:58.381,10m 15s,2m 25s,5.5%,274.3 MB,4.1 GB,469.6 MB,266.7 MB
2857,93/efe2e4,63225140_20,p19__vibrant_pratama (121),COMPLETED,0,2026-10-06 09:31:38.420,28m 45s,20m 42s,0.5%,189.6 MB,4 GB,482.6 MB,276.9 MB
3763,32/ebb2cf,63226909_47,p20__virsorter2_pratama (348),COMPLETED,0,2026-10-06 09:49:58.381,10m 25s,2m 33s,3.8%,187.2 MB,3.9 GB,489.1 MB,266.7 MB
3788,e6/5fcfd5,63226909_53,p20__virsorter2_pratama (354),COMPLETED,0,2026-10-06 09:49:58.381,10m 25s,2m 37s,3.7%,184.5 MB,3.8 GB,462.3 MB,266.7 MB
3863,43/eeaa97,63226909_72,p20__virsorter2_pratama (373),COMPLETED,0,2026-10-06 09:49:58.381,10m 37s,2m 53s,3.8%,187.2 MB,4 GB,494.2 MB,266.7 MB
2084,e0/b962db,63222866_12,p10__deepvirfinder_pratama (113),COMPLETED,0,2026-10-06 08:57:23.252,1h 3m 20s,1h 41s,0.2%,187.1 MB,4.1 GB,438.5 MB,265.4 MB
3853,2b/095b28,63226909_69,p20__virsorter2_pratama (370),COMPLETED,0,2026-10-06 09:49:58.381,10m 45s,3m,3.5%,185.6 MB,3.8 GB,495.4 MB,266.7 MB
3866,47/f8700a,63226909_73,p20__virsorter2_pratama (374),COMPLETED,0,2026-10-06 09:49:58.381,10m 45s,3m 2s,3.6%,247 MB,4 GB,496.4 MB,266.7 MB
3760,e5/96941d,63226909_46,p20__virsorter2_pratama (347),COMPLETED,0,2026-10-06 09:49:58.381,10m 55s,3m 12s,2.8%,186.6 MB,3.9 GB,484.1 MB,266.6 MB
3808,9a/c473e9,63226909_58,p20__virsorter2_pratama (359),COMPLETED,0,2026-10-06 09:49:58.381,10m 55s,3m 3s,3.2%,190.1 MB,4 GB,497.4 MB,266.7 MB
3116,6f/70166f,63225140_86,p19__vibrant_pratama (187),COMPLETED,0,2026-10-06 09:31:38.420,29m 25s,14m 12s,0.6%,187.6 MB,3.8 GB,470.1 MB,273.8 MB
3838,84/1eda95,63226909_66,p20__virsorter2_pratama (367),COMPLETED,0,2026-10-06 09:49:58.381,11m 5s,3m 13s,3.1%,189.3 MB,4.1 GB,483.7 MB,266.7 MB
3834,80/cb7ab8,63226909_65,p20__virsorter2_pratama (366),COMPLETED,0,2026-10-06 09:49:58.381,11m 15s,3m 28s,2.9%,189 MB,4 GB,476.5 MB,266.7 MB
3744,b7/a15965,63226909_42,p20__virsorter2_pratama (343),COMPLETED,0,2026-10-06 09:49:58.381,11m 25s,3m 40s,2.6%,201 MB,4.1 GB,455.5 MB,266.7 MB
3822,d9/710543,63226909_62,p20__virsorter2_pratama (363),COMPLETED,0,2026-10-06 09:49:58.381,11m 38s,3m 50s,2.7%,190.5 MB,3.9 GB,447.5 MB,266.7 MB
3804,1c/ecf04e,63226909_57,p20__virsorter2_pratama (358),COMPLETED,0,2026-10-06 09:49:58.381,11m 45s,4m 1s,2.5%,188 MB,3.9 GB,492.9 MB,266.7 MB
4647,5b/b04d94,63215019_68,p12__deepvirfinder_pratama (569),COMPLETED,0,2026-10-06 07:11:38.183,2h 50m 15s,2h 39m 27s,0.2%,190.2 MB,4 GB,460.3 MB,266.4 MB
3894,e3/3ff5f2,63226909_80,p20__virsorter2_pratama (381),COMPLETED,0,2026-10-06 09:49:58.381,11m 55s,30.3s,19.4%,186.1 MB,4.1 GB,474.4 MB,266.7 MB
3924,0a/731e8b,63226909_87,p20__virsorter2_pratama (388),COMPLETED,0,2026-10-06 09:49:58.381,11m 55s,22.7s,26.2%,188.8 MB,4.1 GB,464.2 MB,266.7 MB
3927,ab/3958fb,63226909_88,p20__virsorter2_pratama (389),COMPLETED,0,2026-10-06 09:49:58.381,11m 55s,28.6s,20.6%,187.7 MB,4.2 GB,478.1 MB,266.7 MB
3849,62/32895f,63226909_68,p20__virsorter2_pratama (369),COMPLETED,0,2026-10-06 09:49:58.381,12m 5s,4m 16s,2.3%,188 MB,3.9 GB,492.1 MB,266.7 MB
3858,9d/20b7b1,63226909_71,p20__virsorter2_pratama (372),COMPLETED,0,2026-10-06 09:49:58.381,12m 5s,4m 17s,2.6%,189.2 MB,4 GB,492 MB,266.7 MB
3756,b3/a3f151,63226909_45,p20__virsorter2_pratama (346),COMPLETED,0,2026-10-06 09:49:58.381,12m 15s,4m 25s,2.3%,191.1 MB,4 GB,477.9 MB,266.7 MB
3880,40/c36c99,63226909_76,p20__virsorter2_pratama (377),COMPLETED,0,2026-10-06 09:49:58.381,12m 15s,4m 30s,1.8%,186.8 MB,3.8 GB,222.9 MB,266.8 MB
3885,2f/fbbf07,63226909_77,p20__virsorter2_pratama (378),COMPLETED,0,2026-10-06 09:49:58.381,12m 15s,4m 29s,2.4%,187.8 MB,3.8 GB,455.3 MB,266.7 MB
3907,bb/17cff8,63226909_83,p20__virsorter2_pratama (384),COMPLETED,0,2026-10-06 09:49:58.381,12m 15s,45.7s,13.3%,187.5 MB,4 GB,486.5 MB,266.7 MB
3752,08/779ebe,63226909_44,p20__virsorter2_pratama (345),COMPLETED,0,2026-10-06 09:49:58.381,12m 25s,4m 35s,2.2%,188.3 MB,4 GB,471.4 MB,266.7 MB
3967,20/e41b20,63226909_98,p20__virsorter2_pratama (399),COMPLETED,0,2026-10-06 09:49:58.381,12m 25s,54.6s,12.1%,188.1 MB,3.8 GB,456.8 MB,266.7 MB
3734,68/46f7f7,63226909_40,p20__virsorter2_pratama (341),COMPLETED,0,2026-10-06 09:49:58.381,12m 36s,4m 50s,2.0%,188.6 MB,4.1 GB,448.2 MB,266.7 MB
3935,cf/a8dd67,63226909_90,p20__virsorter2_pratama (391),COMPLETED,0,2026-10-06 09:49:58.381,12m 36s,1m 8s,8.5%,186.1 MB,3.8 GB,495.6 MB,266.7 MB
3946,19/35fd44,63226909_93,p20__virsorter2_pratama (394),COMPLETED,0,2026-10-06 09:49:58.381,12m 36s,1m 12s,7.9%,186.1 MB,3.8 GB,493 MB,266.7 MB
3790,be/ff1be7,63226909_54,p20__virsorter2_pratama (355),COMPLETED,0,2026-10-06 09:49:58.381,12m 45s,4m 55s,2.6%,192.2 MB,4 GB,471.8 MB,266.7 MB
3951,33/35fc85,63226909_94,p20__virsorter2_pratama (395),COMPLETED,0,2026-10-06 09:49:58.381,12m 45s,1m 21s,8.2%,187.9 MB,4 GB,495.1 MB,266.7 MB
3972,50/d68b0d,63226909_99,p20__virsorter2_pratama (400),COMPLETED,0,2026-10-06 09:49:58.381,12m 45s,1m 22s,7.5%,273.3 MB,4.1 GB,464.8 MB,266.8 MB
3963,d8/daaf3d,63226909_97,p20__virsorter2_pratama (398),COMPLETED,0,2026-10-06 09:49:58.381,12m 55s,1m 31s,7.1%,188.3 MB,3.9 GB,401 MB,266.7 MB
3930,0b/cd749e,63226909_89,p20__virsorter2_pratama (390),COMPLETED,0,2026-10-06 09:49:58.381,13m 5s,1m 42s,5.8%,189.3 MB,4.2 GB,488.8 MB,266.7 MB
3920,7f/32a98d,63226909_86,p20__virsorter2_pratama (387),COMPLETED,0,2026-10-06 09:49:58.381,13m 15s,1m 45s,5.4%,188.8 MB,4.2 GB,448.9 MB,266.7 MB
3940,8a/25d90e,63226909_91,p20__virsorter2_pratama (392),COMPLETED,0,2026-10-06 09:49:58.381,13m 55s,2m 28s,3.9%,251.9 MB,4.2 GB,332.5 MB,266.7 MB
4422,4a/943d84,63217355_12,p21__genomad_pratama (513),COMPLETED,0,2026-10-06 07:40:33.186,2h 24m,2h 16m 50s,0.1%,190.1 MB,4.1 GB,200.1 MB,268.3 MB
3904,6f/5c11a4,63226909_82,p20__virsorter2_pratama (383),COMPLETED,0,2026-10-06 09:49:58.381,14m 37s,3m 5s,3.1%,187.7 MB,3.8 GB,483 MB,266.7 MB
4146,3e/932a3e,63223976_43,p12__deepvirfinder_pratama (444),COMPLETED,0,2026-10-06 09:14:18.360,50m 25s,39m 27s,0.3%,189.7 MB,4.1 GB,452.8 MB,265.4 MB
3954,7b/1168e1,63226909_95,p20__virsorter2_pratama (396),COMPLETED,0,2026-10-06 09:49:58.381,14m 55s,3m 26s,3.1%,191.3 MB,4.1 GB,497.2 MB,266.7 MB
3959,5b/c631e0,63226909_96,p20__virsorter2_pratama (397),COMPLETED,0,2026-10-06 09:49:58.381,14m 55s,3m 29s,3.0%,185.9 MB,3.9 GB,498.5 MB,266.7 MB
4457,da/814d05,63217355_20,p21__genomad_pratama (521),COMPLETED,0,2026-10-06 07:40:33.187,2h 24m 40s,2h 17m 30s,0.1%,187.2 MB,3.9 GB,199.5 MB,267.8 MB
3913,ed/738e38,63226909_84,p20__virsorter2_pratama (385),COMPLETED,0,2026-10-06 09:49:58.381,15m 25s,3m 59s,2.2%,186.2 MB,3.8 GB,489.7 MB,266.7 MB
3899,29/60d32a,63226909_81,p20__virsorter2_pratama (382),COMPLETED,0,2026-10-06 09:49:58.381,15m 47s,4m 17s,2.2%,187.5 MB,3.8 GB,478.7 MB,266.8 MB
4676,28/80222c,63217355_75,p21__genomad_pratama (576),COMPLETED,0,2026-10-06 07:40:33.187,2h 25m 50s,2h 11m 28s,0.1%,185.8 MB,3.9 GB,200.8 MB,269 MB
4499,e1/cda151,63217355_31,p21__genomad_pratama (532),COMPLETED,0,2026-10-06 07:40:33.187,2h 26m 40s,2h 15m 46s,0.1%,185.3 MB,3.8 GB,216.9 MB,284.6 MB
1682,4d/4cbdee,63228094_11,p10__deepvirfinder_pratama (12),COMPLETED,0,2026-10-06 10:01:58.480,7m 5s,22s,24.8%,181.5 MB,4.1 GB,264.5 MB,265 MB
1644,9d/0c9913,63228094_2,p10__deepvirfinder_pratama (3),COMPLETED,0,2026-10-06 10:01:58.480,7m 25s,48.9s,10.9%,176.4 MB,3.9 GB,482.5 MB,265 MB
1697,f1/617bd0,63228094_15,p10__deepvirfinder_pratama (16),COMPLETED,0,2026-10-06 10:01:58.480,7m 25s,47.4s,10.8%,186.9 MB,4 GB,480.3 MB,265 MB
4419,98/e7f9b9,63217355_11,p21__genomad_pratama (512),COMPLETED,0,2026-10-06 07:40:33.186,2h 29m,2h 21m 42s,0.1%,186.5 MB,3.8 GB,200.3 MB,268.5 MB
1671,df/a83b77,63228094_8,p10__deepvirfinder_pratama (9),COMPLETED,0,2026-10-06 10:01:58.480,7m 35s,57.8s,10.1%,184.8 MB,3.8 GB,480 MB,265.1 MB
1653,c3/440a41,63228094_4,p10__deepvirfinder_pratama (5),COMPLETED,0,2026-10-06 10:01:58.480,8m 15s,1m 35s,5.2%,176.9 MB,3.9 GB,255.3 MB,265.1 MB
1773,de/361b76,63228094_33,p10__deepvirfinder_pratama (34),COMPLETED,0,2026-10-06 10:01:58.480,8m 15s,1m 32s,5.0%,52.1 MB,2.3 GB,221.3 MB,265 MB
1789,b5/66fca8,63228094_37,p10__deepvirfinder_pratama (38),COMPLETED,0,2026-10-06 10:01:58.480,8m 15s,1m 39s,6.1%,177.9 MB,4 GB,466 MB,265 MB
4119,df/02117b,63223976_36,p12__deepvirfinder_pratama (437),COMPLETED,0,2026-10-06 09:14:18.360,56m 5s,56m,0.2%,188 MB,4 GB,437.2 MB,265.3 MB
1649,46/f80f28,63228094_3,p10__deepvirfinder_pratama (4),COMPLETED,0,2026-10-06 10:01:58.480,8m 25s,1m 42s,5.7%,84.5 MB,3.6 GB,498.6 MB,265 MB
1677,c8/13ed12,63228094_10,p10__deepvirfinder_pratama (11),COMPLETED,0,2026-10-06 10:01:58.480,8m 25s,1m 41s,5.9%,178.8 MB,4 GB,501.7 MB,265 MB
1736,c2/a26745,63228094_24,p10__deepvirfinder_pratama (25),COMPLETED,0,2026-10-06 10:01:58.480,8m 25s,1m 43s,5.9%,190.7 MB,4.2 GB,479 MB,265 MB
1692,1e/e5cff4,63228094_14,p10__deepvirfinder_pratama (15),COMPLETED,0,2026-10-06 10:01:58.480,8m 35s,1m 59s,4.8%,180.9 MB,4.1 GB,460.3 MB,265 MB
4540,4c/9db70d,63217355_41,p21__genomad_pratama (542),COMPLETED,0,2026-10-06 07:40:33.187,2h 30m 10s,2h 19m 16s,0.1%,187.4 MB,4.1 GB,199.3 MB,267.7 MB
4000,1e/be09d7,63223976_6,p12__deepvirfinder_pratama (407),COMPLETED,0,2026-10-06 09:14:18.360,56m 27s,56m 21s,0.2%,188.6 MB,3.9 GB,438.1 MB,266.8 MB
1797,89/0fad85,63228094_39,p10__deepvirfinder_pratama (40),COMPLETED,0,2026-10-06 10:01:58.480,8m 46s,2m 8s,5.2%,188.8 MB,4.2 GB,484.5 MB,265 MB
1793,87/c2782c,63228094_38,p10__deepvirfinder_pratama (39),COMPLETED,0,2026-10-06 10:01:58.480,8m 55s,2m 16s,4.8%,180.4 MB,4.1 GB,476.1 MB,265 MB
1703,c1/5a716e,63228094_16,p10__deepvirfinder_pratama (17),COMPLETED,0,2026-10-06 10:01:58.480,9m 5s,2m 25s,3.6%,188.3 MB,4 GB,494.5 MB,264.9 MB
1739,e1/f3d6b0,63228094_25,p10__deepvirfinder_pratama (26),COMPLETED,0,2026-10-06 10:01:58.480,9m 15s,2m 39s,3.6%,187.7 MB,3.9 GB,487.2 MB,265 MB
1717,d2/53a910,63228094_20,p10__deepvirfinder_pratama (21),COMPLETED,0,2026-10-06 10:01:58.480,9m 25s,2m 44s,3.7%,185.9 MB,4.1 GB,366.9 MB,265 MB
1765,f6/6caf15,63228094_31,p10__deepvirfinder_pratama (32),COMPLETED,0,2026-10-06 10:01:58.480,9m 35s,2m 54s,3.6%,185.5 MB,3.7 GB,501.2 MB,265 MB
1731,b0/dd6e1a,63228094_23,p10__deepvirfinder_pratama (24),COMPLETED,0,2026-10-06 10:01:58.480,9m 45s,3m 6s,3.3%,178.8 MB,4.1 GB,466.8 MB,265 MB
1707,4a/5cc8b2,63228094_17,p10__deepvirfinder_pratama (18),COMPLETED,0,2026-10-06 10:01:58.480,9m 55s,3m 9s,4.1%,166.2 MB,3.9 GB,418.3 MB,265 MB
1753,0c/63a222,63228094_28,p10__deepvirfinder_pratama (29),COMPLETED,0,2026-10-06 10:01:58.480,9m 55s,3m 17s,2.5%,179 MB,3.9 GB,499 MB,265 MB
1666,96/35b934,63228094_7,p10__deepvirfinder_pratama (8),COMPLETED,0,2026-10-06 10:01:58.480,10m 25s,3m 40s,2.7%,184.6 MB,4 GB,461.4 MB,265 MB
1749,b5/17a2b2,63228094_27,p10__deepvirfinder_pratama (28),COMPLETED,0,2026-10-06 10:01:58.480,10m 25s,3m 47s,2.3%,178.5 MB,4 GB,495.7 MB,265 MB
1885,ae/1dae02,63228094_62,p10__deepvirfinder_pratama (63),COMPLETED,0,2026-10-06 10:01:58.480,10m 35s,17.4s,31.4%,183.1 MB,3.9 GB,459.8 MB,265 MB
4645,84/bad6bf,63217355_67,p21__genomad_pratama (568),COMPLETED,0,2026-10-06 07:40:33.187,2h 32m 10s,2h 17m 46s,0.1%,186.6 MB,3.9 GB,199.9 MB,268.1 MB
1827,55/b80df1,63228094_47,p10__deepvirfinder_pratama (48),COMPLETED,0,2026-10-06 10:01:58.480,10m 45s,29.2s,16.4%,176.4 MB,3.6 GB,281.9 MB,265.1 MB
1890,fa/97b2f7,63228094_63,p10__deepvirfinder_pratama (64),COMPLETED,0,2026-10-06 10:01:58.480,10m 47s,26.3s,19.9%,94.1 MB,3.6 GB,471.6 MB,265.1 MB
1903,82/6acdcb,63228094_67,p10__deepvirfinder_pratama (68),COMPLETED,0,2026-10-06 10:01:58.480,10m 47s,29.9s,20.3%,176.2 MB,3.9 GB,494.7 MB,265.1 MB
1950,a7/579101,63228094_78,p10__deepvirfinder_pratama (79),COMPLETED,0,2026-10-06 10:01:58.480,10m 47s,22.4s,26.7%,188.2 MB,4 GB,473.3 MB,265 MB
1675,1a/175f5d,63228094_9,p10__deepvirfinder_pratama (10),COMPLETED,0,2026-10-06 10:01:58.480,11m 15s,4m 37s,2.0%,185.4 MB,3.8 GB,492.9 MB,265 MB
1713,4f/6558c2,63228094_19,p10__deepvirfinder_pratama (20),COMPLETED,0,2026-10-06 10:01:58.480,11m 15s,4m 30s,2.0%,176.4 MB,3.8 GB,503.3 MB,265.1 MB
1861,8b/e7f696,63228094_56,p10__deepvirfinder_pratama (57),COMPLETED,0,2026-10-06 10:01:58.480,11m 15s,57.2s,10.9%,186.7 MB,3.9 GB,497.3 MB,265.1 MB
1942,22/ff2095,63228094_76,p10__deepvirfinder_pratama (77),COMPLETED,0,2026-10-06 10:01:58.480,11m 15s,51.6s,11.2%,188 MB,4.1 GB,455.2 MB,265 MB
1745,0c/13e092,63228094_26,p10__deepvirfinder_pratama (27),COMPLETED,0,2026-10-06 10:01:58.480,11m 25s,4m 46s,2.0%,181.5 MB,3.9 GB,491.9 MB,265 MB
1769,1c/771582,63228094_32,p10__deepvirfinder_pratama (33),COMPLETED,0,2026-10-06 10:01:58.480,11m 35s,4m 50s,2.0%,37.1 MB,2.5 GB,505.4 MB,265 MB
1761,cb/ab57a3,63228094_30,p10__deepvirfinder_pratama (31),COMPLETED,0,2026-10-06 10:01:58.480,11m 45s,5m,1.9%,81.4 MB,3.5 GB,497.3 MB,265 MB
1928,0e/d494b8,63228094_73,p10__deepvirfinder_pratama (74),COMPLETED,0,2026-10-06 10:01:58.480,11m 45s,1m 22s,9.0%,169.2 MB,4 GB,270.5 MB,265 MB
1823,7b/f0ca63,63228094_46,p10__deepvirfinder_pratama (47),COMPLETED,0,2026-10-06 10:01:58.480,11m 57s,1m 42s,5.1%,180.8 MB,4 GB,498.4 MB,265 MB
1839,fa/c9d909,63228094_50,p10__deepvirfinder_pratama (51),COMPLETED,0,2026-10-06 10:01:58.480,11m 57s,1m 35s,6.3%,180.1 MB,4 GB,457.6 MB,265 MB
1954,c0/8145ce,63228094_79,p10__deepvirfinder_pratama (80),COMPLETED,0,2026-10-06 10:01:58.480,11m 57s,1m 35s,6.0%,179.3 MB,4 GB,480.8 MB,265 MB
1801,86/e1e141,63228094_40,p10__deepvirfinder_pratama (41),COMPLETED,0,2026-10-06 10:01:58.480,12m 5s,1m 47s,5.6%,177.5 MB,3.9 GB,490 MB,265 MB
1924,47/695946,63228094_72,p10__deepvirfinder_pratama (73),COMPLETED,0,2026-10-06 10:01:58.480,12m 5s,1m 49s,4.7%,186.2 MB,3.9 GB,504.9 MB,265 MB
1916,04/7f4031,63228094_70,p10__deepvirfinder_pratama (71),COMPLETED,0,2026-10-06 10:01:58.480,12m 45s,2m 24s,4.1%,185.6 MB,4.1 GB,497.4 MB,265 MB
1853,6f/704ff9,63228094_54,p10__deepvirfinder_pratama (55),COMPLETED,0,2026-10-06 10:01:58.480,12m 57s,2m 38s,3.8%,115.7 MB,3.8 GB,377.5 MB,265 MB
1843,9d/3d186d,63228094_51,p10__deepvirfinder_pratama (52),COMPLETED,0,2026-10-06 10:01:58.480,13m 15s,3m,3.2%,178.7 MB,4.1 GB,475.6 MB,265 MB
1870,a0/11f578,63228094_58,p10__deepvirfinder_pratama (59),COMPLETED,0,2026-10-06 10:01:58.480,13m 35s,3m 14s,2.8%,186.3 MB,3.8 GB,504.2 MB,265 MB
4591,73/5ec1c4,63217355_54,p21__genomad_pratama (555),COMPLETED,0,2026-10-06 07:40:33.187,2h 35m 10s,2h 24m 16s,0.1%,189.5 MB,4.2 GB,200.1 MB,268.3 MB
1894,89/d52439,63228094_64,p10__deepvirfinder_pratama (65),COMPLETED,0,2026-10-06 10:01:58.480,13m 57s,3m 31s,2.6%,185.6 MB,3.8 GB,480.8 MB,265 MB
1846,88/72f4ee,63228094_52,p10__deepvirfinder_pratama (53),COMPLETED,0,2026-10-06 10:01:58.480,14m 25s,4m 7s,2.4%,176.6 MB,3.8 GB,489.7 MB,265 MB
1850,42/4a1de5,63228094_53,p10__deepvirfinder_pratama (54),COMPLETED,0,2026-10-06 10:01:58.480,14m 25s,4m 6s,2.5%,179.8 MB,4 GB,498.3 MB,265 MB
1866,7e/17c201,63228094_57,p10__deepvirfinder_pratama (58),COMPLETED,0,2026-10-06 10:01:58.480,14m 25s,4m 2s,2.3%,176 MB,3.9 GB,500.6 MB,265 MB
1946,b6/c6fd97,63228094_77,p10__deepvirfinder_pratama (78),COMPLETED,0,2026-10-06 10:01:58.480,14m 25s,4m 8s,2.3%,175.5 MB,3.9 GB,465.1 MB,265 MB
1998,70/2ed98b,63228094_90,p10__deepvirfinder_pratama (91),COMPLETED,0,2026-10-06 10:01:58.480,14m 25s,31.6s,18.3%,185.7 MB,3.9 GB,465.1 MB,265 MB
1813,ff/6d0edb,63228094_44,p10__deepvirfinder_pratama (45),COMPLETED,0,2026-10-06 10:01:58.480,14m 35s,4m 16s,2.0%,177.1 MB,3.8 GB,463.9 MB,264.8 MB
1900,ee/835860,63228094_66,p10__deepvirfinder_pratama (67),COMPLETED,0,2026-10-06 10:01:58.480,14m 35s,4m 13s,2.4%,178.9 MB,3.9 GB,491.2 MB,265 MB
1912,08/6b82ac,63228094_69,p10__deepvirfinder_pratama (70),COMPLETED,0,2026-10-06 10:01:58.480,14m 35s,4m 20s,2.2%,90.1 MB,3.6 GB,494.6 MB,265 MB
1803,88/7df1b9,63228094_41,p10__deepvirfinder_pratama (42),COMPLETED,0,2026-10-06 10:01:58.480,14m 45s,4m 22s,2.2%,179.7 MB,4 GB,494.2 MB,265 MB
1874,97/ab7206,63228094_59,p10__deepvirfinder_pratama (60),COMPLETED,0,2026-10-06 10:01:58.480,14m 55s,4m 32s,2.0%,179.6 MB,4.1 GB,331.6 MB,265 MB
1961,ce/c48a5d,63228094_81,p10__deepvirfinder_pratama (82),COMPLETED,0,2026-10-06 10:01:58.480,14m 56s,58.8s,8.8%,185.3 MB,3.9 GB,490.7 MB,264.7 MB
2002,c3/ed8c6e,63228094_91,p10__deepvirfinder_pratama (92),COMPLETED,0,2026-10-06 10:01:58.480,14m 56s,1m 2s,9.3%,188.7 MB,4.1 GB,473.5 MB,265 MB
2012,72/73dd79,63228094_94,p10__deepvirfinder_pratama (95),COMPLETED,0,2026-10-06 10:01:58.480,14m 56s,1m 3s,9.0%,177 MB,3.9 GB,491.3 MB,265 MB
2024,fc/eb6d24,63228094_97,p10__deepvirfinder_pratama (98),COMPLETED,0,2026-10-06 10:01:58.480,14m 56s,1m 5s,7.9%,176.5 MB,3.8 GB,501.9 MB,265 MB
1818,e4/81ecac,63228094_45,p10__deepvirfinder_pratama (46),COMPLETED,0,2026-10-06 10:01:58.480,15m 15s,5m,1.8%,175.5 MB,3.8 GB,485 MB,264.8 MB
2004,26/e5f15e,63228094_92,p10__deepvirfinder_pratama (93),COMPLETED,0,2026-10-06 10:01:58.480,15m 15s,1m 21s,7.0%,156.8 MB,4.1 GB,481 MB,265 MB
1897,4f/07b6f4,63228094_65,p10__deepvirfinder_pratama (66),COMPLETED,0,2026-10-06 10:01:58.480,15m 25s,5m 1s,1.8%,169.9 MB,3.8 GB,487 MB,264.9 MB
1919,ed/d6109b,63228094_71,p10__deepvirfinder_pratama (72),COMPLETED,0,2026-10-06 10:01:58.480,15m 25s,5m 6s,1.7%,167.4 MB,4 GB,501 MB,265 MB
4571,ea/e9adc5,63217355_49,p21__genomad_pratama (550),COMPLETED,0,2026-10-06 07:40:33.187,2h 37m,2h 26m 14s,0.1%,189.7 MB,4 GB,209.3 MB,277.2 MB
1958,a1/26c267,63228094_80,p10__deepvirfinder_pratama (81),COMPLETED,0,2026-10-06 10:01:58.480,15m 55s,2m 2s,4.5%,178.2 MB,3.9 GB,486.7 MB,265 MB
1977,9c/7eb25e,63228094_85,p10__deepvirfinder_pratama (86),COMPLETED,0,2026-10-06 10:01:58.480,15m 56s,2m 6s,4.5%,176.2 MB,3.8 GB,501.8 MB,265 MB
1981,47/f9842e,63228094_86,p10__deepvirfinder_pratama (87),COMPLETED,0,2026-10-06 10:01:58.480,16m 35s,2m 40s,3.7%,180.1 MB,4.1 GB,476.6 MB,265 MB
2020,37/7cdef7,63228094_96,p10__deepvirfinder_pratama (97),COMPLETED,0,2026-10-06 10:01:58.480,16m 35s,2m 44s,3.6%,154.2 MB,3.7 GB,497.7 MB,265.1 MB
2028,51/4bbe09,63228094_98,p10__deepvirfinder_pratama (99),COMPLETED,0,2026-10-06 10:01:58.480,16m 35s,2m 41s,3.0%,176.2 MB,3.9 GB,436.8 MB,265 MB
1969,41/436553,63228094_83,p10__deepvirfinder_pratama (84),COMPLETED,0,2026-10-06 10:01:58.480,17m 5s,3m 13s,3.0%,177.2 MB,3.8 GB,495 MB,265 MB
2009,00/67026a,63228094_93,p10__deepvirfinder_pratama (94),COMPLETED,0,2026-10-06 10:01:58.480,17m 25s,3m 28s,2.5%,153 MB,3.9 GB,487 MB,265 MB
4468,78/0decec,63217355_23,p21__genomad_pratama (524),COMPLETED,0,2026-10-06 07:40:33.187,2h 39m 30s,2h 32m 20s,0.1%,186.2 MB,3.9 GB,198.4 MB,266.7 MB
1993,b1/98d5fc,63228094_89,p10__deepvirfinder_pratama (90),COMPLETED,0,2026-10-06 10:01:58.480,18m 15s,4m 23s,2.2%,182.1 MB,4.1 GB,455.1 MB,265 MB
4343,72/072814,63223976_91,p12__deepvirfinder_pratama (492),COMPLETED,0,2026-10-06 09:14:18.360,1h 6m 15s,51m 39s,0.2%,187.4 MB,4 GB,437.4 MB,265.3 MB
1973,bc/e04343,63228094_84,p10__deepvirfinder_pratama (85),COMPLETED,0,2026-10-06 10:01:58.480,18m 45s,4m 48s,2.0%,176.7 MB,3.9 GB,497.9 MB,265 MB
4067,ea/6ac39b,63223976_23,p12__deepvirfinder_pratama (424),COMPLETED,0,2026-10-06 09:14:18.360,1h 6m 46s,1h 6m 41s,0.2%,190.9 MB,4.1 GB,440.3 MB,265.4 MB
1785,6c/92bf0d,63228094_36,p10__deepvirfinder_pratama (37),COMPLETED,0,2026-10-06 10:01:58.480,19m 6s,12m 28s,0.8%,187.1 MB,4 GB,453.9 MB,265.3 MB
3094,ec/638e61,63225140_80,p19__vibrant_pratama (181),COMPLETED,0,2026-10-06 09:31:38.420,50m 28s,35m 13s,0.3%,189 MB,4 GB,458.4 MB,269.1 MB
4031,33/76ab62,63223976_14,p12__deepvirfinder_pratama (415),COMPLETED,0,2026-10-06 09:14:18.360,1h 7m 55s,1h 7m 44s,0.2%,190 MB,4.2 GB,441.8 MB,268.4 MB
4035,41/ee92d8,63223976_15,p12__deepvirfinder_pratama (416),COMPLETED,0,2026-10-06 09:14:18.360,1h 8m 25s,1h 8m 18s,0.2%,185.8 MB,3.8 GB,456.9 MB,268.4 MB
3008,89/727931,63225140_58,p19__vibrant_pratama (159),COMPLETED,0,2026-10-06 09:31:38.420,52m 15s,40m 39s,0.2%,188.5 MB,4 GB,460.4 MB,269.3 MB
2287,23/29213f,63222866_62,p10__deepvirfinder_pratama (163),COMPLETED,0,2026-10-06 08:57:23.252,1h 26m 43s,1h 16m 44s,0.2%,190.6 MB,4.2 GB,456.4 MB,265.7 MB
4434,a8/d20cb3,63214092_15,p20__virsorter2_pratama (516),COMPLETED,0,2026-10-06 06:57:33.110,3h 27m 10s,3h 24m 12s,0.1%,188.1 MB,4 GB,438 MB,271.8 MB
4268,0e/5cd8e1,63223976_72,p12__deepvirfinder_pratama (473),COMPLETED,0,2026-10-06 09:14:18.360,1h 11m 45s,1h 46s,0.2%,189.4 MB,4.2 GB,437.7 MB,265.3 MB
4583,9e/2438e2,63217355_52,p21__genomad_pratama (553),COMPLETED,0,2026-10-06 07:40:33.187,2h 47m,2h 36m 12s,0.1%,186.1 MB,3.8 GB,200.3 MB,268.6 MB
2828,16/e65265,63225140_13,p19__vibrant_pratama (114),COMPLETED,0,2026-10-06 09:31:38.420,56m 35s,48m 30s,0.2%,189.6 MB,4.2 GB,457.9 MB,268.9 MB
4638,51/e8d3cf,63217355_66,p21__genomad_pratama (567),COMPLETED,0,2026-10-06 07:40:33.187,2h 48m,2h 33m 37s,0.1%,185.6 MB,3.8 GB,200.4 MB,268.6 MB
4177,a9/33edd0,63223976_50,p12__deepvirfinder_pratama (451),COMPLETED,0,2026-10-06 09:14:18.360,1h 15m 45s,1h 4m 49s,0.2%,187.9 MB,3.9 GB,439.9 MB,265.3 MB
2343,e9/277dce,63222866_76,p10__deepvirfinder_pratama (177),COMPLETED,0,2026-10-06 08:57:23.252,1h 32m 50s,1h 23m,0.2%,187.7 MB,4.2 GB,443.4 MB,265.6 MB
4303,31/72fe2b,63223976_81,p12__deepvirfinder_pratama (482),COMPLETED,0,2026-10-06 09:14:18.360,1h 16m 35s,1h 2m 4s,0.2%,188.7 MB,3.9 GB,437.4 MB,265.4 MB
1772,ed/6e72a5,63229217_34,p15__genomad_pratama (35),COMPLETED,0,2026-10-06 10:17:58.348,15m 5s,13m 31s,0.7%,189.9 MB,4.1 GB,199.9 MB,268.2 MB
2964,cd/f420ef,63225140_47,p19__vibrant_pratama (148),COMPLETED,0,2026-10-06 09:31:38.420,1h 2m 15s,50m 35s,0.2%,190 MB,4 GB,555.6 MB,286.3 MB
1711,58/82f4ee,63229217_18,p15__genomad_pratama (19),COMPLETED,0,2026-10-06 10:17:58.348,16m 5s,14m 37s,0.6%,186.3 MB,3.8 GB,200.2 MB,268.5 MB
4426,96/427ed2,63217355_13,p21__genomad_pratama (514),COMPLETED,0,2026-10-06 07:40:33.186,2h 53m 50s,2h 46m 35s,0.1%,190.1 MB,4 GB,199.8 MB,268.1 MB
1637,6b/393714,63229217_0,p15__genomad_pratama (1),COMPLETED,0,2026-10-06 10:17:58.348,16m 55s,15m 20s,0.7%,186.2 MB,3.9 GB,200.6 MB,268.8 MB
2088,11/92439d,63222866_13,p10__deepvirfinder_pratama (114),COMPLETED,0,2026-10-06 08:57:23.252,1h 37m 50s,1h 35m 11s,0.1%,189.9 MB,4.2 GB,454.7 MB,265.9 MB
1757,4e/56815a,63228094_29,p10__deepvirfinder_pratama (30),COMPLETED,0,2026-10-06 10:01:58.480,33m 25s,26m 43s,0.4%,189.6 MB,4.2 GB,430.9 MB,265.1 MB
1656,59/6ca059,63229217_5,p15__genomad_pratama (6),COMPLETED,0,2026-10-06 10:17:58.348,17m 45s,16m 16s,0.6%,186 MB,3.9 GB,201.2 MB,269.5 MB
1721,f4/3f347c,63229217_21,p15__genomad_pratama (22),COMPLETED,0,2026-10-06 10:17:58.348,19m 5s,17m 33s,0.6%,194.2 MB,4 GB,200.2 MB,268.4 MB
1684,fb/cb2705,63229217_12,p15__genomad_pratama (13),COMPLETED,0,2026-10-06 10:17:58.348,19m 25s,17m 52s,0.5%,188.6 MB,3.8 GB,203.2 MB,271.4 MB
1857,96/f9c1b2,63228094_55,p10__deepvirfinder_pratama (56),COMPLETED,0,2026-10-06 10:01:58.480,35m 37s,25m 16s,0.5%,186.2 MB,3.9 GB,431 MB,265.1 MB
4461,07/d450e5,63217355_21,p21__genomad_pratama (522),COMPLETED,0,2026-10-06 07:40:33.187,2h 57m 20s,2h 50m 6s,0.1%,186.7 MB,4 GB,199.5 MB,267.7 MB
2166,0a/e0b707,63222866_32,p10__deepvirfinder_pratama (133),COMPLETED,0,2026-10-06 08:57:23.252,1h 40m 50s,1h 38m 11s,0.1%,185.9 MB,4 GB,454.1 MB,265.9 MB
2016,46/802e00,63228094_95,p10__deepvirfinder_pratama (96),COMPLETED,0,2026-10-06 10:01:58.480,36m 36s,22m 38s,0.5%,189.8 MB,4 GB,430.9 MB,265.1 MB
1752,e8/43f11c,63229217_29,p15__genomad_pratama (30),COMPLETED,0,2026-10-06 10:17:58.348,20m 36s,19m 2s,0.4%,188.6 MB,4 GB,199.6 MB,267.9 MB
2914,2a/6416fe,63225140_35,p19__vibrant_pratama (136),COMPLETED,0,2026-10-06 09:31:38.420,1h 7m 58s,59m 48s,0.2%,188.8 MB,4 GB,491.5 MB,272.6 MB
1768,1e/66a4aa,63229217_33,p15__genomad_pratama (34),COMPLETED,0,2026-10-06 10:17:58.348,22m 35s,21m 2s,0.5%,186.3 MB,3.8 GB,196.9 MB,265.1 MB
2087,be/5bc0b1,63221789_12,p14__virsorter2_pratama (113),COMPLETED,0,2026-10-06 08:41:18.521,2h 1m 35s,1h 53m 33s,0.1%,189.8 MB,4.2 GB,439.5 MB,272.1 MB
1807,52/333443,63229217_42,p15__genomad_pratama (43),COMPLETED,0,2026-10-06 10:17:58.348,25m 15s,12m 53s,0.7%,186.3 MB,3.8 GB,202.1 MB,270.4 MB
1859,6b/55aae1,63229217_55,p15__genomad_pratama (56),COMPLETED,0,2026-10-06 10:17:58.348,25m 47s,13m 22s,0.7%,189.7 MB,4.1 GB,200.3 MB,268.6 MB
1914,b5/19a3c6,63229217_68,p15__genomad_pratama (69),COMPLETED,0,2026-10-06 10:17:58.348,26m 57s,14m 31s,0.7%,189.1 MB,4.2 GB,201.2 MB,269.5 MB
1776,de/15917e,63229217_35,p15__genomad_pratama (36),COMPLETED,0,2026-10-06 10:17:58.348,27m 25s,25m 52s,0.4%,186.5 MB,4 GB,199.9 MB,268.2 MB
2951,8e/57176b,63225140_44,p19__vibrant_pratama (145),COMPLETED,0,2026-10-06 09:31:38.420,1h 14m 17s,1h 2m 31s,0.2%,186.8 MB,3.8 GB,518.8 MB,275.5 MB
3149,99/e62b6d,63225140_94,p19__vibrant_pratama (195),COMPLETED,0,2026-10-06 09:31:38.420,1h 14m 25s,59m 12s,0.2%,185.1 MB,3.8 GB,462.6 MB,269.3 MB
3054,cf/d37f1d,63225140_70,p19__vibrant_pratama (171),COMPLETED,0,2026-10-06 09:31:38.420,1h 14m 35s,1h 2m 56s,0.2%,190.3 MB,4 GB,497.3 MB,273.1 MB
2021,c4/c2a613,63229217_95,p15__genomad_pratama (96),COMPLETED,0,2026-10-06 10:17:58.348,29m 25s,13m 21s,0.6%,186.3 MB,3.8 GB,199.5 MB,267.8 MB
1660,8a/be0254,63229217_6,p15__genomad_pratama (7),COMPLETED,0,2026-10-06 10:17:58.348,29m 35s,28m,0.4%,188.1 MB,3.9 GB,201 MB,269.2 MB
1690,1c/1b2cd8,63229217_13,p15__genomad_pratama (14),COMPLETED,0,2026-10-06 10:17:58.348,30m 15s,28m 45s,0.3%,186.1 MB,3.8 GB,202.8 MB,271 MB
1879,d3/6a0baa,63229217_60,p15__genomad_pratama (61),COMPLETED,0,2026-10-06 10:17:58.348,30m 15s,17m 48s,0.5%,185 MB,3.8 GB,200.3 MB,268.5 MB
2928,7c/cd460c,63225140_38,p19__vibrant_pratama (139),COMPLETED,0,2026-10-06 09:31:38.420,1h 17m 25s,1h 9m 23s,0.2%,186 MB,3.8 GB,462.2 MB,268.7 MB
2036,80/2b05aa,63229217_99,p15__genomad_pratama (100),COMPLETED,0,2026-10-06 10:17:58.348,31m 25s,15m 30s,0.6%,186 MB,3.9 GB,200 MB,268.3 MB
1967,34/48db45,63229217_82,p15__genomad_pratama (83),COMPLETED,0,2026-10-06 10:17:58.348,31m 35s,15m 37s,0.6%,186.7 MB,3.9 GB,201.6 MB,269.9 MB
1685,74/df1e3b,63228094_12,p10__deepvirfinder_pratama (13),COMPLETED,0,2026-10-06 10:01:58.480,47m 56s,41m 16s,0.3%,189.5 MB,4.2 GB,434.4 MB,265.3 MB
1907,ed/666b3a,63228094_68,p10__deepvirfinder_pratama (69),COMPLETED,0,2026-10-06 10:01:58.480,48m 25s,38m,0.3%,187.1 MB,4.1 GB,433.3 MB,265.2 MB
1830,c2/3161a6,63229217_48,p15__genomad_pratama (49),COMPLETED,0,2026-10-06 10:17:58.348,34m 7s,21m 40s,0.4%,187.4 MB,3.8 GB,201.1 MB,269.3 MB
2874,02/404704,63225140_25,p19__vibrant_pratama (126),COMPLETED,0,2026-10-06 09:31:38.420,1h 20m 35s,1h 12m 37s,0.2%,189.7 MB,4.1 GB,534.7 MB,277.4 MB
1936,71/bc63de,63229217_74,p15__genomad_pratama (75),COMPLETED,0,2026-10-06 10:17:58.348,34m 15s,21m 49s,0.4%,187.8 MB,4 GB,200.9 MB,269.2 MB
4090,eb/cbae46,63223976_28,p12__deepvirfinder_pratama (429),COMPLETED,0,2026-10-06 09:14:18.360,1h 38m 15s,1h 38m 10s,0.1%,191.5 MB,4 GB,457.3 MB,265.8 MB
1657,27/f6a551,63228094_5,p10__deepvirfinder_pratama (6),COMPLETED,0,2026-10-06 10:01:58.480,50m 45s,44m 1s,0.2%,185.4 MB,3.9 GB,435.2 MB,265.2 MB
2281,24/c6976e,63222866_61,p10__deepvirfinder_pratama (162),COMPLETED,0,2026-10-06 08:57:23.252,1h 55m 50s,1h 46m 1s,0.1%,189.5 MB,4.2 GB,450.8 MB,265.7 MB
2791,69/08c23c,63225140_4,p19__vibrant_pratama (105),COMPLETED,0,2026-10-06 09:31:38.420,1h 21m 45s,1h 13m 42s,0.2%,187.6 MB,3.9 GB,556.8 MB,279.1 MB
1641,ac/ccc479,63228094_1,p10__deepvirfinder_pratama (2),COMPLETED,0,2026-10-06 10:01:58.480,51m 25s,44m 41s,0.3%,186.1 MB,3.8 GB,459.1 MB,265.5 MB
4586,a6/cc2768,63217355_53,p21__genomad_pratama (554),COMPLETED,0,2026-10-06 07:40:33.187,3h 13m,3h 2m 10s,0.1%,188 MB,4 GB,200.1 MB,268.4 MB
4231,a9/8e2e24,63223976_63,p12__deepvirfinder_pratama (464),COMPLETED,0,2026-10-06 09:14:18.360,1h 40m 15s,1h 29m 21s,0.1%,187 MB,3.8 GB,447 MB,267.1 MB
2852,06/5e7420,63225140_19,p19__vibrant_pratama (120),COMPLETED,0,2026-10-06 09:31:38.420,1h 23m 5s,1h 15m 1s,0.2%,187.1 MB,3.9 GB,543.4 MB,274.3 MB
2135,21/ea9526,63222866_24,p10__deepvirfinder_pratama (125),COMPLETED,0,2026-10-06 08:57:23.252,1h 58m,1h 55m 18s,0.1%,186 MB,3.9 GB,454.6 MB,266.2 MB
1806,8d/6e134d,63228094_42,p10__deepvirfinder_pratama (43),COMPLETED,0,2026-10-06 10:01:58.480,54m 15s,43m 55s,0.3%,189.7 MB,4 GB,434.7 MB,265.3 MB
1987,d2/2ceb12,63229217_87,p15__genomad_pratama (88),COMPLETED,0,2026-10-06 10:17:58.348,38m 15s,22m 15s,0.5%,189 MB,4 GB,201.2 MB,269.5 MB
1965,43/9ee8d0,63228094_82,p10__deepvirfinder_pratama (83),COMPLETED,0,2026-10-06 10:01:58.480,54m 35s,40m 43s,0.3%,187.2 MB,3.8 GB,433.4 MB,265.2 MB
3113,51/f0f67d,63225140_85,p19__vibrant_pratama (186),COMPLETED,0,2026-10-06 09:31:38.420,1h 25m 25s,1h 10m 11s,0.2%,190.9 MB,4.1 GB,532 MB,276.4 MB
1831,26/4712fe,63228094_48,p10__deepvirfinder_pratama (49),COMPLETED,0,2026-10-06 10:01:58.480,56m 5s,45m 48s,0.2%,186.4 MB,3.9 GB,434.5 MB,265.3 MB
1652,47/09f70c,63229217_4,p15__genomad_pratama (5),COMPLETED,0,2026-10-06 10:17:58.348,40m 9s,38m 38s,0.3%,187.1 MB,3.8 GB,197.2 MB,265.5 MB
2037,dc/ce8c33,63222866_0,p10__deepvirfinder_pratama (101),COMPLETED,0,2026-10-06 08:57:23.252,2h 1m,1h 58m 14s,0.1%,185.8 MB,3.9 GB,452.1 MB,265.9 MB
1725,09/308eb5,63229217_22,p15__genomad_pratama (23),COMPLETED,0,2026-10-06 10:17:58.348,44m 55s,43m 28s,0.2%,185.2 MB,3.7 GB,201.5 MB,269.7 MB
1636,2c/f2a767,63228094_0,p10__deepvirfinder_pratama (1),COMPLETED,0,2026-10-06 10:01:58.480,1h 2m 27s,55m 42s,0.2%,190.8 MB,4.2 GB,438.4 MB,265.4 MB
1834,d1/31400c,63229217_49,p15__genomad_pratama (50),COMPLETED,0,2026-10-06 10:17:58.348,46m 27s,34m 8s,0.3%,184.9 MB,3.9 GB,201 MB,269.4 MB
3069,c8/41e85a,63225140_73,p19__vibrant_pratama (174),COMPLETED,0,2026-10-06 09:31:38.420,1h 33m 55s,1h 22m 12s,0.2%,193.2 MB,4.2 GB,591.6 MB,286.7 MB
1777,ec/9dd11d,63228094_34,p10__deepvirfinder_pratama (35),COMPLETED,0,2026-10-06 10:01:58.480,1h 3m 45s,57m 5s,0.2%,188.7 MB,4.1 GB,437 MB,265.3 MB
1810,31/0d563a,63229217_43,p15__genomad_pratama (44),COMPLETED,0,2026-10-06 10:17:58.348,48m 25s,36m 2s,0.3%,187.3 MB,3.9 GB,202.1 MB,270.3 MB
2032,59/916048,63228094_99,p10__deepvirfinder_pratama (100),COMPLETED,0,2026-10-06 10:01:58.480,1h 6m 37s,52m 36s,0.2%,186.3 MB,4.1 GB,436.3 MB,265.3 MB
1883,45/246e5b,63229217_61,p15__genomad_pratama (62),COMPLETED,0,2026-10-06 10:17:58.348,50m 55s,38m 30s,0.3%,190.2 MB,4 GB,201.1 MB,269.4 MB
4465,d8/6686b4,63217355_22,p21__genomad_pratama (523),COMPLETED,0,2026-10-06 07:40:33.187,3h 28m 40s,3h 21m 23s,0.1%,186.8 MB,3.9 GB,199.2 MB,267.7 MB
4509,b9/44b87d,63214092_33,p20__virsorter2_pratama (534),COMPLETED,0,2026-10-06 06:57:33.110,4h 12m 10s,4h 9m 16s,0.1%,188.1 MB,4 GB,436.9 MB,270.6 MB
4272,cc/bd9b36,63223976_73,p12__deepvirfinder_pratama (474),COMPLETED,0,2026-10-06 09:14:18.360,1h 57m 17s,1h 46m 19s,0.1%,189.6 MB,4.1 GB,456.3 MB,265.9 MB
1932,66/6d3727,63229217_73,p15__genomad_pratama (74),COMPLETED,0,2026-10-06 10:17:58.348,53m 45s,41m 22s,0.3%,191.1 MB,4.1 GB,197.3 MB,265.6 MB
1681,38/cb4ac2,63229217_11,p15__genomad_pratama (12),COMPLETED,0,2026-10-06 10:17:58.348,54m 5s,52m 30s,0.2%,186.3 MB,3.8 GB,197.1 MB,265.3 MB
1940,48/8bf23d,63229217_75,p15__genomad_pratama (76),COMPLETED,0,2026-10-06 10:17:58.348,54m 15s,41m 53s,0.2%,186.2 MB,3.9 GB,201.4 MB,269.6 MB
1878,b9/aa9eb4,63228094_60,p10__deepvirfinder_pratama (61),COMPLETED,0,2026-10-06 10:01:58.480,1h 10m 55s,1h 36s,0.2%,189.1 MB,4.2 GB,438.5 MB,265.4 MB
1991,60/f1e0e9,63229217_88,p15__genomad_pratama (89),COMPLETED,0,2026-10-06 10:17:58.348,55m 35s,39m 33s,0.3%,188 MB,4 GB,202 MB,270.3 MB
2214,01/94313c,63222866_44,p10__deepvirfinder_pratama (145),COMPLETED,0,2026-10-06 08:57:23.252,2h 16m 50s,2h 6m 54s,0.1%,185.2 MB,3.8 GB,456.5 MB,266 MB
4003,e4/dc72b0,63223976_7,p12__deepvirfinder_pratama (408),COMPLETED,0,2026-10-06 09:14:18.360,2h 15s,2h 1s,0.1%,190.5 MB,4.2 GB,459.8 MB,270.3 MB
3613,bf/fece11,63226909_9,p20__virsorter2_pratama (310),COMPLETED,0,2026-10-06 09:49:58.381,1h 24m 55s,1h 24m 26s,0.1%,189.2 MB,4 GB,446.9 MB,271.1 MB
2347,d3/f239c1,63222866_77,p10__deepvirfinder_pratama (178),COMPLETED,0,2026-10-06 08:57:23.252,2h 17m 50s,2h 7m 51s,0.1%,188.8 MB,4.2 GB,459 MB,266.4 MB
1723,77/e856e8,63228094_21,p10__deepvirfinder_pratama (22),COMPLETED,0,2026-10-06 10:01:58.480,1h 14m 5s,1h 7m 27s,0.2%,189.6 MB,4.1 GB,440.3 MB,265.5 MB
1826,8c/4d8c3a,63229217_47,p15__genomad_pratama (48),COMPLETED,0,2026-10-06 10:17:58.348,1h 3m 15s,50m 49s,0.2%,187.3 MB,3.9 GB,197.4 MB,265.8 MB
2128,a5/69de22,63221789_23,p14__virsorter2_pratama (124),COMPLETED,0,2026-10-06 08:41:18.521,2h 40m 5s,2h 32m 12s,0.1%,190.2 MB,3.9 GB,439.1 MB,272.2 MB
4311,07/c5a16b,63223976_83,p12__deepvirfinder_pratama (484),COMPLETED,0,2026-10-06 09:14:18.360,2h 7m 15s,1h 52m 46s,0.1%,189.9 MB,4 GB,456.9 MB,266.1 MB
1727,13/7ce163,63228094_22,p10__deepvirfinder_pratama (23),COMPLETED,0,2026-10-06 10:01:58.480,1h 19m 35s,1h 12m 51s,0.2%,189.3 MB,4.1 GB,455.9 MB,265.7 MB
2788,aa/583ac9,63232870_8,p20__virsorter2_pratama (109),COMPLETED,0,2026-10-06 11:21:28.586,54.5s,19.3s,29.8%,188.7 MB,4 GB,477.3 MB,266.7 MB
2787,4b/7e303d,63232870_7,p20__virsorter2_pratama (108),COMPLETED,0,2026-10-06 11:21:28.586,1m 15s,36.4s,16.2%,281.8 MB,4.1 GB,467.4 MB,266.7 MB
2814,3f/45c1bb,63232870_10,p20__virsorter2_pratama (111),COMPLETED,0,2026-10-06 11:21:28.586,1m 25s,45.3s,13.2%,186.2 MB,4 GB,492.4 MB,266.7 MB
2775,3b/856167,63232870_0,p20__virsorter2_pratama (101),COMPLETED,0,2026-10-06 11:21:28.586,1m 35s,53.5s,9.5%,187.7 MB,3.8 GB,477.7 MB,266.6 MB
2911,40/69698a,63232870_34,p20__virsorter2_pratama (135),COMPLETED,0,2026-10-06 11:21:28.586,1m 35s,54.6s,13.6%,189 MB,4 GB,497.1 MB,266.7 MB
2783,a0/6e0a70,63232870_4,p20__virsorter2_pratama (104),COMPLETED,0,2026-10-06 11:21:28.586,1m 45s,1m 11s,8.5%,185.9 MB,4 GB,359.7 MB,266.7 MB
2898,cd/726414,63232870_31,p20__virsorter2_pratama (132),COMPLETED,0,2026-10-06 11:21:28.586,1m 55s,1m 20s,7.5%,188.4 MB,4.1 GB,481.1 MB,266.7 MB
2884,12/aff488,63232870_27,p20__virsorter2_pratama (128),COMPLETED,0,2026-10-06 11:21:28.586,2m 5s,1m 28s,7.2%,192.7 MB,3.9 GB,443 MB,266.7 MB
2891,99/0362b8,63232870_29,p20__virsorter2_pratama (130),COMPLETED,0,2026-10-06 11:21:28.586,2m 5s,1m 25s,6.9%,186 MB,3.7 GB,463.4 MB,266.8 MB
2924,12/d2c9f2,63232870_37,p20__virsorter2_pratama (138),COMPLETED,0,2026-10-06 11:21:28.586,2m 5s,1m 24s,7.4%,190.1 MB,4 GB,396.1 MB,266.7 MB
1996,08/9c0b5a,63229217_89,p15__genomad_pratama (90),COMPLETED,0,2026-10-06 10:17:58.348,1h 6m 5s,50m 4s,0.2%,188 MB,4 GB,202.6 MB,270.7 MB
2837,ff/5ec402,63232870_15,p20__virsorter2_pratama (116),COMPLETED,0,2026-10-06 11:21:28.586,2m 35s,1m 55s,6.2%,186.1 MB,3.9 GB,466.4 MB,266.7 MB
2782,20/f4956b,63232870_1,p20__virsorter2_pratama (103),COMPLETED,0,2026-10-06 11:21:28.586,2m 45s,2m 11s,5.1%,184.9 MB,3.8 GB,495.2 MB,266.7 MB
2856,08/b69882,63232870_20,p20__virsorter2_pratama (121),COMPLETED,0,2026-10-06 11:21:28.586,2m 45s,2m 7s,4.1%,185.8 MB,3.8 GB,442.2 MB,266.7 MB
2886,98/63d17a,63232870_28,p20__virsorter2_pratama (129),COMPLETED,0,2026-10-06 11:21:28.586,2m 45s,2m 8s,4.5%,190.2 MB,3.9 GB,453.3 MB,266.7 MB
2811,9e/c00ba1,63232870_9,p20__virsorter2_pratama (110),COMPLETED,0,2026-10-06 11:21:28.586,2m 55s,2m 19s,4.2%,186.4 MB,3.8 GB,486.1 MB,266.7 MB
2860,35/52a94c,63232870_21,p20__virsorter2_pratama (122),COMPLETED,0,2026-10-06 11:21:28.586,3m 5s,2m 25s,3.7%,238 MB,3.8 GB,457 MB,266.6 MB
2907,bf/477637,63232870_33,p20__virsorter2_pratama (134),COMPLETED,0,2026-10-06 11:21:28.586,3m 5s,2m 24s,4.8%,241.6 MB,4.2 GB,492.8 MB,266.7 MB
2863,fc/e9fc4b,63232870_22,p20__virsorter2_pratama (123),COMPLETED,0,2026-10-06 11:21:28.586,3m 15s,2m 37s,3.8%,186.5 MB,3.9 GB,473.4 MB,266.6 MB
1693,71/911df4,63229217_14,p15__genomad_pratama (15),COMPLETED,0,2026-10-06 10:17:58.348,1h 7m 5s,1h 5m 30s,0.2%,186.1 MB,3.8 GB,202.7 MB,270.9 MB
2779,41/4f3829,63232870_2,p20__virsorter2_pratama (102),COMPLETED,0,2026-10-06 11:21:28.586,3m 35s,2m 59s,3.6%,328.2 MB,4.2 GB,488.1 MB,266.7 MB
2785,e0/8fccfe,63232870_5,p20__virsorter2_pratama (106),COMPLETED,0,2026-10-06 11:21:28.586,3m 35s,2m 54s,3.5%,189.2 MB,4 GB,444.1 MB,266.7 MB
2844,08/e905d8,63232870_17,p20__virsorter2_pratama (118),COMPLETED,0,2026-10-06 11:21:28.586,3m 35s,2m 58s,3.4%,189.1 MB,4.1 GB,493.5 MB,266.7 MB
2881,60/bd9130,63232870_26,p20__virsorter2_pratama (127),COMPLETED,0,2026-10-06 11:21:28.586,3m 55s,3m 20s,2.7%,186.3 MB,4 GB,359 MB,266.7 MB
2920,09/044893,63232870_36,p20__virsorter2_pratama (137),COMPLETED,0,2026-10-06 11:21:28.586,3m 55s,3m 19s,3.2%,185.7 MB,3.9 GB,463.5 MB,266.7 MB
2786,b6/718056,63232870_6,p20__virsorter2_pratama (107),COMPLETED,0,2026-10-06 11:21:28.586,4m 27s,3m 54s,2.7%,189.1 MB,4 GB,456.3 MB,266.7 MB
2932,75/31d31e,63232870_39,p20__virsorter2_pratama (140),COMPLETED,0,2026-10-06 11:21:28.586,4m 27s,3m 42s,2.7%,186.6 MB,3.9 GB,441.5 MB,266.7 MB
2832,74/7dca7a,63232870_14,p20__virsorter2_pratama (115),COMPLETED,0,2026-10-06 11:21:28.586,4m 35s,3m 56s,2.8%,198.9 MB,4 GB,449.8 MB,266.7 MB
2840,e5/fb0ac5,63232870_16,p20__virsorter2_pratama (117),COMPLETED,0,2026-10-06 11:21:28.586,4m 35s,3m 56s,2.5%,189.4 MB,4 GB,481.7 MB,266.7 MB
2822,1a/47f3ea,63232870_12,p20__virsorter2_pratama (113),COMPLETED,0,2026-10-06 11:21:28.586,4m 55s,4m 15s,2.2%,189.9 MB,3.9 GB,354.4 MB,266.8 MB
2867,d3/2917aa,63232870_23,p20__virsorter2_pratama (124),COMPLETED,0,2026-10-06 11:21:28.586,4m 55s,4m 12s,2.4%,190 MB,4 GB,489.3 MB,266.7 MB
2818,6f/0e7a1a,63232870_11,p20__virsorter2_pratama (112),COMPLETED,0,2026-10-06 11:21:28.586,5m 26s,4m 43s,2.3%,190.4 MB,4.1 GB,496.8 MB,266.7 MB
2903,76/0925c3,63232870_32,p20__virsorter2_pratama (133),COMPLETED,0,2026-10-06 11:21:28.586,5m 26s,4m 46s,2.4%,189.1 MB,4 GB,487.9 MB,266.7 MB
2871,ea/08e921,63232870_24,p20__virsorter2_pratama (125),COMPLETED,0,2026-10-06 11:21:28.586,5m 35s,4m 57s,2.0%,188.7 MB,3.9 GB,400.3 MB,266.7 MB
2847,1c/e1fabb,63232870_18,p20__virsorter2_pratama (119),COMPLETED,0,2026-10-06 11:21:28.586,5m 45s,5m 5s,1.9%,189.5 MB,4 GB,341.1 MB,266.7 MB
2894,f3/014602,63232870_30,p20__virsorter2_pratama (131),COMPLETED,0,2026-10-06 11:21:28.586,5m 45s,5m 10s,2.0%,184.4 MB,3.8 GB,472.8 MB,266.7 MB
1640,57/5de1af,63229217_1,p15__genomad_pratama (2),COMPLETED,0,2026-10-06 10:17:58.348,1h 10m 5s,1h 8m 34s,0.2%,186.7 MB,3.8 GB,200.8 MB,268.9 MB
2977,01/7c0297,63232870_50,p20__virsorter2_pratama (151),COMPLETED,0,2026-10-06 11:21:28.586,8m 36s,37.2s,16.4%,186.7 MB,3.8 GB,455.4 MB,266.7 MB
3064,42/236abd,63232870_72,p20__virsorter2_pratama (173),COMPLETED,0,2026-10-06 11:21:28.586,8m 36s,38s,14.0%,186.5 MB,3.8 GB,409.3 MB,266.8 MB
3061,f5/7913e2,63232870_71,p20__virsorter2_pratama (172),COMPLETED,0,2026-10-06 11:21:28.586,8m 55s,1m,10.4%,188.8 MB,4 GB,462.9 MB,266.7 MB
3078,4a/a3d14a,63232870_76,p20__virsorter2_pratama (177),COMPLETED,0,2026-10-06 11:21:28.586,8m 55s,57.2s,10.2%,213.8 MB,4 GB,480.6 MB,266.7 MB
2938,9e/445776,63232870_41,p20__virsorter2_pratama (142),COMPLETED,0,2026-10-06 11:21:28.586,9m 15s,1m 21s,7.0%,186.5 MB,3.8 GB,470.7 MB,266.7 MB
3013,76/697b47,63232870_59,p20__virsorter2_pratama (160),COMPLETED,0,2026-10-06 11:21:28.586,9m 15s,1m 17s,8.3%,191.1 MB,4.1 GB,496.4 MB,266.7 MB
3017,4e/7e1f3c,63232870_60,p20__virsorter2_pratama (161),COMPLETED,0,2026-10-06 11:21:28.586,9m 15s,1m 16s,8.1%,188.8 MB,4.1 GB,499.1 MB,266.7 MB
3023,9b/9cfcc6,63232870_62,p20__virsorter2_pratama (163),COMPLETED,0,2026-10-06 11:21:28.586,9m 15s,1m 20s,8.3%,189.1 MB,4 GB,446.7 MB,266.7 MB
2981,79/0e3c48,63232870_51,p20__virsorter2_pratama (152),COMPLETED,0,2026-10-06 11:21:28.586,9m 25s,1m 33s,8.4%,187.5 MB,4 GB,465 MB,266.7 MB
2934,cc/9615ab,63232870_40,p20__virsorter2_pratama (141),COMPLETED,0,2026-10-06 11:21:28.586,9m 37s,1m 37s,5.7%,190 MB,4 GB,455 MB,266.6 MB
3021,94/80740f,63232870_61,p20__virsorter2_pratama (162),COMPLETED,0,2026-10-06 11:21:28.586,9m 55s,1m 54s,4.8%,188.5 MB,4 GB,206.4 MB,266.7 MB
3027,ee/6d1ef1,63232870_63,p20__virsorter2_pratama (164),COMPLETED,0,2026-10-06 11:21:28.586,9m 55s,1m 54s,5.4%,187.5 MB,3.9 GB,455.9 MB,266.7 MB
1838,e1/00c9dc,63229217_50,p15__genomad_pratama (51),COMPLETED,0,2026-10-06 10:17:58.348,1h 13m 45s,1h 1m 22s,0.2%,187.1 MB,4 GB,201.5 MB,269.7 MB
2990,d5/2b59f9,63232870_53,p20__virsorter2_pratama (154),COMPLETED,0,2026-10-06 11:21:28.586,10m 15s,2m 20s,3.9%,187.2 MB,3.8 GB,478.1 MB,266.7 MB
2993,d8/6adc31,63232870_54,p20__virsorter2_pratama (155),COMPLETED,0,2026-10-06 11:21:28.586,10m 15s,2m 21s,4.8%,188.7 MB,4.1 GB,483.8 MB,266.7 MB
3050,be/cbeb28,63232870_69,p20__virsorter2_pratama (170),COMPLETED,0,2026-10-06 11:21:28.586,10m 15s,2m 14s,5.1%,213.2 MB,4 GB,492.8 MB,266.7 MB
3035,77/ab950c,63232870_65,p20__virsorter2_pratama (166),COMPLETED,0,2026-10-06 11:21:28.586,10m 25s,2m 26s,3.9%,239.6 MB,3.9 GB,471.4 MB,266.7 MB
3092,8b/8b804e,63232870_79,p20__virsorter2_pratama (180),COMPLETED,0,2026-10-06 11:21:28.586,10m 36s,2m 44s,3.5%,188 MB,4.2 GB,341.2 MB,266.7 MB
2985,d4/bea9cd,63232870_52,p20__virsorter2_pratama (153),COMPLETED,0,2026-10-06 11:21:28.586,10m 55s,2m 54s,3.0%,285.2 MB,4 GB,472.3 MB,266.7 MB
4142,1f/e98beb,63223976_42,p12__deepvirfinder_pratama (443),COMPLETED,0,2026-10-06 09:14:18.360,2h 18m 25s,2h 7m 28s,0.1%,187.1 MB,3.9 GB,458.2 MB,266.1 MB
2942,e6/5ebc1a,63232870_42,p20__virsorter2_pratama (143),COMPLETED,0,2026-10-06 11:21:28.586,11m 15s,3m 19s,2.9%,187.3 MB,3.9 GB,486.6 MB,266.7 MB
2958,04/20790b,63232870_46,p20__virsorter2_pratama (147),COMPLETED,0,2026-10-06 11:21:28.586,11m 15s,3m 13s,3.5%,185.4 MB,3.9 GB,459.8 MB,266.7 MB
2997,e2/dc2cda,63232870_55,p20__virsorter2_pratama (156),COMPLETED,0,2026-10-06 11:21:28.586,11m 15s,3m 20s,3.0%,186.2 MB,3.8 GB,488.6 MB,266.7 MB
1780,04/420288,63229217_36,p15__genomad_pratama (37),COMPLETED,0,2026-10-06 10:17:58.348,1h 14m 55s,1h 13m 20s,0.2%,187.6 MB,3.8 GB,200.6 MB,268.8 MB
2968,ba/6bec28,63232870_48,p20__virsorter2_pratama (149),COMPLETED,0,2026-10-06 11:21:28.586,11m 25s,3m 28s,3.0%,189.3 MB,4 GB,497.5 MB,266.7 MB
3070,cf/c311af,63232870_74,p20__virsorter2_pratama (175),COMPLETED,0,2026-10-06 11:21:28.586,11m 25s,3m 32s,2.9%,190.2 MB,4.1 GB,450.4 MB,266.7 MB
3074,b3/5c668d,63232870_75,p20__virsorter2_pratama (176),COMPLETED,0,2026-10-06 11:21:28.586,11m 45s,3m 48s,2.5%,185.5 MB,3.8 GB,466.5 MB,266.7 MB
3114,dd/38d9f2,63232870_84,p20__virsorter2_pratama (185),COMPLETED,0,2026-10-06 11:21:28.586,11m 55s,15.5s,37.6%,186.5 MB,4 GB,206 MB,266.7 MB
3046,7b/00d4bc,63232870_68,p20__virsorter2_pratama (169),COMPLETED,0,2026-10-06 11:21:28.586,12m 5s,4m 5s,2.5%,210.3 MB,3.8 GB,488.8 MB,266.7 MB
2971,3c/a613da,63232870_49,p20__virsorter2_pratama (150),COMPLETED,0,2026-10-06 11:21:28.586,12m 15s,4m 14s,2.4%,188.8 MB,4 GB,456 MB,266.7 MB
3002,62/ce5a01,63232870_56,p20__virsorter2_pratama (157),COMPLETED,0,2026-10-06 11:21:28.586,12m 15s,4m 16s,2.5%,187.5 MB,3.8 GB,492.3 MB,266.7 MB
3043,7d/16a3ad,63232870_67,p20__virsorter2_pratama (168),COMPLETED,0,2026-10-06 11:21:28.586,12m 25s,4m 24s,2.3%,190.5 MB,4.2 GB,484 MB,266.7 MB
3168,76/6c3805,63232870_98,p20__virsorter2_pratama (199),COMPLETED,0,2026-10-06 11:21:28.586,12m 25s,49.5s,13.5%,190 MB,4 GB,490 MB,266.7 MB
3109,1d/fab8ce,63232870_83,p20__virsorter2_pratama (184),COMPLETED,0,2026-10-06 11:21:28.586,12m 36s,58s,10.8%,188.6 MB,4 GB,496.2 MB,266.7 MB
3133,ba/85a590,63232870_89,p20__virsorter2_pratama (190),COMPLETED,0,2026-10-06 11:21:28.586,12m 36s,56.2s,11.5%,187.5 MB,4.1 GB,476.3 MB,266.7 MB
3006,6c/4316ff,63232870_57,p20__virsorter2_pratama (158),COMPLETED,0,2026-10-06 11:21:28.586,12m 45s,4m 45s,2.4%,188.8 MB,4 GB,495.1 MB,266.7 MB
3031,41/9b6946,63232870_64,p20__virsorter2_pratama (165),COMPLETED,0,2026-10-06 11:21:28.586,12m 45s,4m 48s,2.2%,187.2 MB,4 GB,464 MB,266.7 MB
3041,b6/dedbf9,63232870_66,p20__virsorter2_pratama (167),COMPLETED,0,2026-10-06 11:21:28.586,12m 45s,4m 48s,2.2%,185.6 MB,3.9 GB,477.8 MB,266.7 MB
2946,32/2a2e7c,63232870_43,p20__virsorter2_pratama (144),COMPLETED,0,2026-10-06 11:21:28.586,12m 55s,4m 53s,2.0%,221.8 MB,4.1 GB,461.8 MB,266.7 MB
2955,64/e1a563,63232870_45,p20__virsorter2_pratama (146),COMPLETED,0,2026-10-06 11:21:28.586,12m 55s,4m 56s,2.2%,186.4 MB,3.8 GB,460.5 MB,266.7 MB
3088,27/ba0903,63232870_78,p20__virsorter2_pratama (179),COMPLETED,0,2026-10-06 11:21:28.586,12m 55s,5m 1s,2.1%,314 MB,3.9 GB,496.1 MB,266.7 MB
3126,a9/c0e704,63232870_87,p20__virsorter2_pratama (188),COMPLETED,0,2026-10-06 11:21:28.586,12m 55s,1m 13s,8.4%,188.2 MB,3.9 GB,455.6 MB,266.7 MB
3164,80/017e79,63232870_97,p20__virsorter2_pratama (198),COMPLETED,0,2026-10-06 11:21:28.586,12m 55s,1m 18s,8.2%,273.2 MB,4.1 GB,474.4 MB,266.6 MB
3082,e8/2dba0a,63232870_77,p20__virsorter2_pratama (178),COMPLETED,0,2026-10-06 11:21:28.586,13m 5s,5m 9s,2.0%,188.5 MB,4 GB,490.1 MB,266.7 MB
3100,75/0bf6fc,63232870_81,p20__virsorter2_pratama (182),COMPLETED,0,2026-10-06 11:21:28.586,13m 5s,1m 22s,7.0%,190.7 MB,4.2 GB,457.3 MB,266.7 MB
3144,b7/c8bec6,63232870_92,p20__virsorter2_pratama (193),COMPLETED,0,2026-10-06 11:21:28.586,13m 5s,1m 24s,8.5%,186.5 MB,3.9 GB,496.2 MB,266.7 MB
3156,78/606b56,63232870_95,p20__virsorter2_pratama (196),COMPLETED,0,2026-10-06 11:21:28.586,13m 15s,1m 39s,6.0%,186.2 MB,3.8 GB,443.3 MB,266.7 MB
3138,bf/566338,63232870_90,p20__virsorter2_pratama (191),COMPLETED,0,2026-10-06 11:21:28.586,14m 25s,2m 46s,3.6%,189.2 MB,4 GB,485.1 MB,266.7 MB
3160,ed/efe26d,63232870_96,p20__virsorter2_pratama (197),COMPLETED,0,2026-10-06 11:21:28.586,14m 37s,2m 57s,3.5%,185.7 MB,3.9 GB,458.2 MB,266.7 MB
3140,49/56dff9,63232870_91,p20__virsorter2_pratama (192),COMPLETED,0,2026-10-06 11:21:28.586,14m 55s,3m 12s,3.2%,192.3 MB,4 GB,491.6 MB,266.7 MB
1664,e1/e7d31b,63229217_8,p15__genomad_pratama (8),COMPLETED,0,2026-10-06 10:17:58.348,1h 18m 35s,1h 17m,0.2%,189.3 MB,4 GB,201.1 MB,269.3 MB
3172,61/d77ac8,63232870_99,p20__virsorter2_pratama (200),COMPLETED,0,2026-10-06 11:21:28.586,15m 25s,3m 48s,2.8%,185.4 MB,3.9 GB,383.9 MB,266.7 MB
3128,c8/30d9ae,63232870_88,p20__virsorter2_pratama (189),COMPLETED,0,2026-10-06 11:21:28.586,15m 38s,4m 5s,2.6%,189.7 MB,4.1 GB,466.5 MB,266.7 MB
3148,a5/aa91fe,63232870_93,p20__virsorter2_pratama (194),COMPLETED,0,2026-10-06 11:21:28.586,15m 38s,3m 58s,2.5%,185.9 MB,3.9 GB,420.9 MB,266.7 MB
1815,0c/acfe2b,63229217_44,p15__genomad_pratama (45),COMPLETED,0,2026-10-06 10:17:58.348,1h 19m 25s,1h 7m 6s,0.2%,186.3 MB,3.9 GB,202.1 MB,270.2 MB
3122,b9/5976ce,63232870_86,p20__virsorter2_pratama (187),COMPLETED,0,2026-10-06 11:21:28.586,16m 5s,4m 27s,2.1%,186.8 MB,3.8 GB,443.7 MB,266.7 MB
1729,c7/d60c71,63229217_23,p15__genomad_pratama (24),COMPLETED,0,2026-10-06 10:17:58.348,1h 19m 45s,1h 18m 15s,0.1%,186.2 MB,3.9 GB,201.3 MB,269.5 MB
3106,77/f66246,63232870_82,p20__virsorter2_pratama (183),COMPLETED,0,2026-10-06 11:21:28.586,16m 25s,4m 49s,2.3%,188.7 MB,4.2 GB,478.1 MB,266.7 MB
3942,e9/78ec90,63226909_92,p20__virsorter2_pratama (393),COMPLETED,0,2026-10-06 09:49:58.381,1h 48m 15s,1h 36m 49s,0.1%,187.2 MB,3.9 GB,446 MB,270.3 MB
3726,e0/ead73c,63226909_38,p20__virsorter2_pratama (339),COMPLETED,0,2026-10-06 09:49:58.381,1h 48m 35s,1h 48m 5s,0.1%,190.9 MB,4.2 GB,441 MB,271.7 MB
1887,31/cd5eed,63229217_62,p15__genomad_pratama (63),COMPLETED,0,2026-10-06 10:17:58.348,1h 22m 7s,1h 9m 47s,0.2%,186.8 MB,3.8 GB,201.8 MB,270 MB
3310,ef/55da1b,63234150_34,p19__vibrant_pratama (235),COMPLETED,0,2026-10-06 11:40:08.429,34.7s,18.6s,38.8%,178.9 MB,3.9 GB,462.3 MB,265 MB
3245,77/2f6fa5,63234150_18,p19__vibrant_pratama (219),COMPLETED,0,2026-10-06 11:40:08.429,44.7s,25.5s,21.6%,153.4 MB,3.7 GB,456.7 MB,265 MB
3203,77/f3044e,63234150_7,p19__vibrant_pratama (208),COMPLETED,0,2026-10-06 11:40:08.429,56.5s,30.1s,20.6%,180.2 MB,3.9 GB,474 MB,265.1 MB
3234,27/298fb1,63234150_15,p19__vibrant_pratama (216),COMPLETED,0,2026-10-06 11:40:08.429,56.5s,31.6s,16.7%,189.6 MB,4.1 GB,242.4 MB,265 MB
3263,dc/1845f8,63234150_22,p19__vibrant_pratama (223),COMPLETED,0,2026-10-06 11:40:08.429,56.5s,31.1s,18.0%,118.1 MB,3.9 GB,490.7 MB,265 MB
3186,f1/67abd3,63234150_1,p19__vibrant_pratama (203),COMPLETED,0,2026-10-06 11:40:08.429,1m 5s,47.7s,11.0%,186.5 MB,3.9 GB,205.2 MB,265 MB
3192,ef/8519bf,63234150_5,p19__vibrant_pratama (206),COMPLETED,0,2026-10-06 11:40:08.429,1m 25s,1m 4s,8.4%,184.6 MB,3.9 GB,457 MB,265 MB
3286,03/9500a2,63234150_28,p19__vibrant_pratama (229),COMPLETED,0,2026-10-06 11:40:08.429,1m 25s,1m 7s,7.9%,116.9 MB,3.7 GB,400.6 MB,265 MB
3298,22/769061,63234150_31,p19__vibrant_pratama (232),COMPLETED,0,2026-10-06 11:40:08.429,1m 25s,1m 2s,9.8%,96.7 MB,3.6 GB,497.8 MB,265 MB
3180,e8/5fcb7f,63234150_2,p19__vibrant_pratama (202),COMPLETED,0,2026-10-06 11:40:08.429,1m 35s,1m 19s,7.2%,177.1 MB,3.8 GB,497.8 MB,265 MB
3226,85/9b5791,63234150_13,p19__vibrant_pratama (214),COMPLETED,0,2026-10-06 11:40:08.429,1m 45s,1m 21s,6.7%,172.4 MB,3.9 GB,306.3 MB,265 MB
3314,36/b842e2,63234150_35,p19__vibrant_pratama (236),COMPLETED,0,2026-10-06 11:40:08.429,1m 55s,1m 31s,6.4%,179.2 MB,4.1 GB,469.9 MB,265 MB
3282,f8/3d4426,63234150_27,p19__vibrant_pratama (228),COMPLETED,0,2026-10-06 11:40:08.429,2m 5s,1m 49s,4.9%,187.2 MB,3.9 GB,488.2 MB,265 MB
3215,2f/97de3e,63234150_10,p19__vibrant_pratama (211),COMPLETED,0,2026-10-06 11:40:08.429,2m 25s,2m 5s,5.2%,181.3 MB,4.1 GB,493.5 MB,265 MB
1934,28/98b768,63228094_74,p10__deepvirfinder_pratama (75),COMPLETED,0,2026-10-06 10:01:58.480,1h 40m 45s,1h 30m 23s,0.2%,188.9 MB,4.2 GB,444.6 MB,265.6 MB
3224,c9/760bf6,63234150_12,p19__vibrant_pratama (213),COMPLETED,0,2026-10-06 11:40:08.429,2m 35s,2m 18s,4.1%,56 MB,2.4 GB,477.1 MB,265 MB
3258,72/f98dc1,63234150_21,p19__vibrant_pratama (222),COMPLETED,0,2026-10-06 11:40:08.429,2m 35s,2m 14s,4.1%,187.7 MB,4.1 GB,483.1 MB,265 MB
3188,66/a8cf72,63234150_3,p19__vibrant_pratama (205),COMPLETED,0,2026-10-06 11:40:08.429,2m 45s,2m 20s,4.0%,187.3 MB,3.9 GB,448.4 MB,265.3 MB
3278,2b/14c0bf,63234150_26,p19__vibrant_pratama (227),COMPLETED,0,2026-10-06 11:40:08.429,2m 45s,2m 23s,3.8%,177 MB,3.9 GB,470.4 MB,264.9 MB
1882,83/e42d7e,63228094_61,p10__deepvirfinder_pratama (62),COMPLETED,0,2026-10-06 10:01:58.480,1h 41m 5s,1h 30m 45s,0.1%,185.5 MB,3.9 GB,454.7 MB,266.1 MB
1985,7b/369308,63228094_87,p10__deepvirfinder_pratama (88),COMPLETED,0,2026-10-06 10:01:58.480,1h 41m 7s,1h 27m 17s,0.1%,188.3 MB,4.2 GB,444.6 MB,265.7 MB
3253,a7/95f707,63234150_20,p19__vibrant_pratama (221),COMPLETED,0,2026-10-06 11:40:08.429,2m 57s,2m 37s,3.8%,175.6 MB,3.8 GB,474.5 MB,265 MB
3306,e5/0eb573,63234150_33,p19__vibrant_pratama (234),COMPLETED,0,2026-10-06 11:40:08.429,3m 5s,2m 50s,4.1%,179 MB,4 GB,452.7 MB,265 MB
3207,b4/2b03ed,63234150_8,p19__vibrant_pratama (209),COMPLETED,0,2026-10-06 11:40:08.429,3m 15s,2m 56s,3.4%,176.7 MB,3.9 GB,481.5 MB,265.1 MB
3318,20/37d0a7,63234150_36,p19__vibrant_pratama (237),COMPLETED,0,2026-10-06 11:40:08.429,3m 15s,2m 58s,3.3%,99.1 MB,3.6 GB,475.9 MB,265 MB
3267,05/f9a863,63234150_23,p19__vibrant_pratama (224),COMPLETED,0,2026-10-06 11:40:08.429,3m 35s,3m 11s,3.1%,178.1 MB,4 GB,496.4 MB,265 MB
3199,16/5d5d68,63234150_6,p19__vibrant_pratama (207),COMPLETED,0,2026-10-06 11:40:08.429,4m 9s,3m 53s,2.6%,178.5 MB,3.9 GB,465.9 MB,265 MB
3330,ed/3a18f1,63234150_39,p19__vibrant_pratama (240),COMPLETED,0,2026-10-06 11:40:08.429,4m 9s,3m 44s,2.5%,176.9 MB,3.8 GB,490.3 MB,265 MB
3322,6c/a7deb9,63234150_37,p19__vibrant_pratama (238),COMPLETED,0,2026-10-06 11:40:08.429,4m 15s,3m 55s,2.4%,177.4 MB,3.9 GB,481.7 MB,265 MB
3249,ea/36c0c4,63234150_19,p19__vibrant_pratama (220),COMPLETED,0,2026-10-06 11:40:08.429,4m 25s,4m 8s,2.4%,175.8 MB,3.8 GB,465.8 MB,265 MB
3295,b6/5a151a,63234150_30,p19__vibrant_pratama (231),COMPLETED,0,2026-10-06 11:40:08.429,4m 25s,4m 2s,2.3%,117.3 MB,3.9 GB,495.7 MB,265 MB
3301,72/b369ba,63234150_32,p19__vibrant_pratama (233),COMPLETED,0,2026-10-06 11:40:08.429,4m 45s,4m 29s,2.3%,94.6 MB,3.7 GB,246.2 MB,265 MB
3326,28/3b2aa9,63234150_38,p19__vibrant_pratama (239),COMPLETED,0,2026-10-06 11:40:08.429,4m 45s,4m 28s,1.8%,176.9 MB,3.8 GB,486.5 MB,265 MB
3211,c0/74dd76,63234150_9,p19__vibrant_pratama (210),COMPLETED,0,2026-10-06 11:40:08.429,5m 7s,4m 41s,2.3%,152.4 MB,4 GB,488.4 MB,265 MB
3275,c6/3089d3,63234150_25,p19__vibrant_pratama (226),COMPLETED,0,2026-10-06 11:40:08.429,5m 7s,4m 48s,2.0%,185.9 MB,3.8 GB,456.9 MB,267.7 MB
3857,39/4d3fd8,63226909_70,p20__virsorter2_pratama (371),COMPLETED,0,2026-10-06 09:49:58.381,1h 55m 35s,1h 47m 47s,0.1%,189.2 MB,3.9 GB,443.6 MB,269.4 MB
3242,46/cb2b5f,63234150_17,p19__vibrant_pratama (218),COMPLETED,0,2026-10-06 11:40:08.429,5m 45s,5m 27s,1.9%,187.7 MB,4 GB,449.7 MB,265.8 MB
4197,e7/39c9b7,63223976_55,p12__deepvirfinder_pratama (456),COMPLETED,0,2026-10-06 09:14:18.360,2h 32m 35s,2h 21m 40s,0.1%,191.5 MB,4.2 GB,461.3 MB,266.2 MB
1688,14/4d04e1,63228094_13,p10__deepvirfinder_pratama (14),COMPLETED,0,2026-10-06 10:01:58.480,1h 46m 15s,1h 39m 33s,0.1%,191.2 MB,4.1 GB,454.1 MB,266.1 MB
1663,59/e85dea,63228094_6,p10__deepvirfinder_pratama (7),COMPLETED,0,2026-10-06 10:01:58.480,1h 46m 55s,1h 40m 18s,0.2%,186.1 MB,4.1 GB,454.2 MB,265.9 MB
1943,30/06e303,63229217_76,p15__genomad_pratama (77),COMPLETED,0,2026-10-06 10:17:58.348,1h 31m 27s,1h 18m 57s,0.1%,186.6 MB,4 GB,201.6 MB,269.8 MB
1809,e7/e25153,63228094_43,p10__deepvirfinder_pratama (44),COMPLETED,0,2026-10-06 10:01:58.480,1h 48m 15s,1h 37m 52s,0.1%,189.1 MB,4.1 GB,454.1 MB,266 MB
1718,47/9afd01,63229217_20,p15__genomad_pratama (21),COMPLETED,0,2026-10-06 10:17:58.348,1h 32m 35s,1h 31m 7s,0.1%,189.4 MB,4 GB,198.2 MB,266.5 MB
1949,98/a4a489,63229217_77,p15__genomad_pratama (78),COMPLETED,0,2026-10-06 10:17:58.348,1h 32m 35s,1h 20m 10s,0.2%,188.2 MB,4 GB,201.5 MB,269.7 MB
3424,8a/5af71e,63234150_62,p19__vibrant_pratama (263),COMPLETED,0,2026-10-06 11:40:08.429,12m 25s,26.9s,23.3%,189.9 MB,4.2 GB,488.7 MB,265 MB
3429,3c/29cd6f,63234150_63,p19__vibrant_pratama (264),COMPLETED,0,2026-10-06 11:40:08.429,12m 45s,42.7s,13.3%,187.6 MB,3.8 GB,492.5 MB,265 MB
3353,c5/d5a361,63234150_44,p19__vibrant_pratama (245),COMPLETED,0,2026-10-06 11:40:08.429,12m 55s,56.5s,10.4%,119.9 MB,3.7 GB,493.4 MB,265 MB
3471,e2/804338,63234150_74,p19__vibrant_pratama (275),COMPLETED,0,2026-10-06 11:40:08.429,13m 5s,58.6s,9.2%,185.9 MB,3.8 GB,494.2 MB,264.8 MB
3488,43/0e9d04,63234150_78,p19__vibrant_pratama (279),COMPLETED,0,2026-10-06 11:40:08.429,13m 35s,1m 32s,6.6%,177.3 MB,3.8 GB,494 MB,265.1 MB
3420,57/f6644f,63234150_61,p19__vibrant_pratama (262),COMPLETED,0,2026-10-06 11:40:08.429,13m 55s,1m 55s,5.4%,181.2 MB,3.9 GB,484 MB,265 MB
3451,af/be6167,63234150_69,p19__vibrant_pratama (270),COMPLETED,0,2026-10-06 11:40:08.429,14m 5s,1m 59s,5.2%,184.1 MB,3.9 GB,457.6 MB,265.1 MB
2000,ee/5729ce,63229217_90,p15__genomad_pratama (91),COMPLETED,0,2026-10-06 10:17:58.348,1h 36m 25s,1h 20m 25s,0.1%,187 MB,3.8 GB,202 MB,270.3 MB
3431,4d/b6cb78,63234150_64,p19__vibrant_pratama (265),COMPLETED,0,2026-10-06 11:40:08.429,14m 27s,2m 24s,4.3%,188.7 MB,4 GB,495.8 MB,265 MB
3484,2d/11005f,63234150_77,p19__vibrant_pratama (278),COMPLETED,0,2026-10-06 11:40:08.429,14m 27s,2m 30s,4.0%,176.3 MB,3.8 GB,490.4 MB,265 MB
3480,80/55baac,63234150_76,p19__vibrant_pratama (277),COMPLETED,0,2026-10-06 11:40:08.429,14m 35s,2m 38s,3.7%,137 MB,3.9 GB,486.3 MB,265 MB
1784,63/086c9f,63229217_37,p15__genomad_pratama (38),COMPLETED,0,2026-10-06 10:17:58.348,1h 36m 55s,1h 35m 20s,0.1%,186.7 MB,3.9 GB,200.3 MB,268.5 MB
3343,cb/124b33,63234150_42,p19__vibrant_pratama (243),COMPLETED,0,2026-10-06 11:40:08.429,14m 45s,2m 45s,3.8%,189.5 MB,4 GB,486.4 MB,265 MB
3380,54/ccf452,63234150_51,p19__vibrant_pratama (252),COMPLETED,0,2026-10-06 11:40:08.429,14m 45s,2m 48s,3.6%,118.1 MB,3.8 GB,466.6 MB,265 MB
3393,f2/b87b3d,63234150_54,p19__vibrant_pratama (255),COMPLETED,0,2026-10-06 11:40:08.429,14m 45s,2m 42s,3.7%,178.9 MB,4 GB,481.8 MB,265 MB
3399,8b/bdbbef,63234150_56,p19__vibrant_pratama (257),COMPLETED,0,2026-10-06 11:40:08.429,14m 45s,2m 45s,3.6%,149.7 MB,3.9 GB,460.4 MB,264.9 MB
3439,f6/65c2a9,63234150_66,p19__vibrant_pratama (267),COMPLETED,0,2026-10-06 11:40:08.429,14m 45s,2m 42s,4.4%,178.5 MB,3.9 GB,441 MB,265.1 MB
3385,f2/d0536a,63234150_52,p19__vibrant_pratama (253),COMPLETED,0,2026-10-06 11:40:08.429,15m 5s,3m 5s,3.2%,184.3 MB,4.1 GB,471.9 MB,265 MB
3459,07/4ccdf3,63234150_71,p19__vibrant_pratama (272),COMPLETED,0,2026-10-06 11:40:08.429,15m 5s,3m 5s,2.8%,138.9 MB,3.9 GB,474.5 MB,264.7 MB
3389,d0/a847c3,63234150_53,p19__vibrant_pratama (254),COMPLETED,0,2026-10-06 11:40:08.429,15m 15s,3m 15s,3.5%,177.5 MB,3.8 GB,476.7 MB,265 MB
3468,8c/70e526,63234150_73,p19__vibrant_pratama (274),COMPLETED,0,2026-10-06 11:40:08.429,15m 15s,3m 15s,2.6%,152.8 MB,3.8 GB,489.2 MB,264.9 MB
3369,3b/3f9c5d,63234150_48,p19__vibrant_pratama (249),COMPLETED,0,2026-10-06 11:40:08.429,15m 35s,3m 31s,3.3%,186 MB,3.9 GB,448.6 MB,265.2 MB
3357,7e/e81264,63234150_45,p19__vibrant_pratama (246),COMPLETED,0,2026-10-06 11:40:08.429,15m 55s,3m 53s,2.5%,188.2 MB,3.9 GB,496.3 MB,265 MB
3377,94/dee40e,63234150_50,p19__vibrant_pratama (251),COMPLETED,0,2026-10-06 11:40:08.429,15m 55s,3m 52s,2.7%,153.2 MB,3.9 GB,460.9 MB,265 MB
3416,76/407921,63234150_60,p19__vibrant_pratama (261),COMPLETED,0,2026-10-06 11:40:08.429,15m 55s,3m 57s,2.5%,182.3 MB,4.1 GB,477.1 MB,265 MB
3463,d5/07f20d,63234150_72,p19__vibrant_pratama (273),COMPLETED,0,2026-10-06 11:40:08.429,15m 55s,3m 50s,2.2%,173.6 MB,3.9 GB,482.4 MB,264.9 MB
3492,af/d80227,63234150_79,p19__vibrant_pratama (280),COMPLETED,0,2026-10-06 11:40:08.429,15m 55s,3m 50s,2.2%,173.2 MB,3.9 GB,496.7 MB,264.9 MB
3360,50/15a5dd,63234150_46,p19__vibrant_pratama (247),COMPLETED,0,2026-10-06 11:40:08.429,16m 5s,4m 1s,2.3%,126.5 MB,3.8 GB,452.5 MB,264.9 MB
3407,e2/fdd411,63234150_58,p19__vibrant_pratama (259),COMPLETED,0,2026-10-06 11:40:08.429,16m 5s,4m 1s,2.4%,179.2 MB,3.9 GB,459.5 MB,265 MB
3373,27/f45d64,63234150_49,p19__vibrant_pratama (250),COMPLETED,0,2026-10-06 11:40:08.429,16m 15s,4m 10s,2.5%,177.3 MB,3.9 GB,454.7 MB,265 MB
3512,c2/aad709,63234150_84,p19__vibrant_pratama (285),COMPLETED,0,2026-10-06 11:40:08.429,16m 15s,34.5s,14.9%,176.3 MB,3.9 GB,461.2 MB,264.7 MB
3540,c6/f7c6e7,63234150_91,p19__vibrant_pratama (292),COMPLETED,0,2026-10-06 11:40:08.429,16m 25s,51.3s,12.7%,168.4 MB,4.1 GB,491 MB,265 MB
3562,dc/1ef8ae,63234150_97,p19__vibrant_pratama (298),COMPLETED,0,2026-10-06 11:40:08.429,16m 27s,47.5s,13.0%,188.9 MB,4.1 GB,455.4 MB,265 MB
3348,40/ec4b57,63234150_43,p19__vibrant_pratama (244),COMPLETED,0,2026-10-06 11:40:08.429,16m 35s,4m 35s,2.1%,174.5 MB,3.9 GB,490.3 MB,265 MB
3455,75/731704,63234150_70,p19__vibrant_pratama (271),COMPLETED,0,2026-10-06 11:40:08.429,16m 35s,4m 32s,2.1%,179.5 MB,4 GB,466.6 MB,265 MB
3567,5b/1445d5,63234150_98,p19__vibrant_pratama (299),COMPLETED,0,2026-10-06 11:40:08.429,16m 35s,59.8s,9.8%,178.3 MB,4 GB,461.7 MB,265 MB
3412,cf/4daf57,63234150_59,p19__vibrant_pratama (260),COMPLETED,0,2026-10-06 11:40:08.429,16m 55s,4m 51s,2.0%,180.6 MB,4.1 GB,469.2 MB,265 MB
3508,1e/6b8914,63234150_83,p19__vibrant_pratama (284),COMPLETED,0,2026-10-06 11:40:08.429,16m 55s,1m 20s,6.4%,178.8 MB,3.8 GB,455.2 MB,265 MB
3544,59/3b3ddd,63234150_92,p19__vibrant_pratama (293),COMPLETED,0,2026-10-06 11:40:08.429,16m 55s,1m 20s,9.3%,181 MB,3.9 GB,494.5 MB,265 MB
3333,ff/515fa9,63234150_40,p19__vibrant_pratama (241),COMPLETED,0,2026-10-06 11:40:08.429,17m 5s,5m 4s,1.9%,180.8 MB,3.9 GB,493.1 MB,265 MB
3811,af/02d8f4,63226909_59,p20__virsorter2_pratama (360),COMPLETED,0,2026-10-06 09:49:58.381,2h 7m 25s,1h 59m 42s,0.1%,193.4 MB,4 GB,438.1 MB,270.6 MB
3504,73/727b8d,63234150_82,p19__vibrant_pratama (283),COMPLETED,0,2026-10-06 11:40:08.429,17m 15s,1m 37s,5.8%,189.2 MB,4 GB,448.7 MB,265.1 MB
3527,92/78553c,63234150_88,p19__vibrant_pratama (289),COMPLETED,0,2026-10-06 11:40:08.429,17m 15s,1m 38s,6.2%,95.3 MB,3.4 GB,481.9 MB,265.1 MB
3550,52/f72371,63234150_94,p19__vibrant_pratama (295),COMPLETED,0,2026-10-06 11:40:08.429,17m 15s,1m 40s,5.2%,175.7 MB,3.8 GB,294.8 MB,265 MB
3187,3a/c3ca34,63234150_4,p19__vibrant_pratama (204),COMPLETED,0,2026-10-06 11:40:08.429,17m 25s,17m 3s,0.6%,186.1 MB,3.8 GB,453.9 MB,268.9 MB
3572,fd/0e6295,63234150_99,p19__vibrant_pratama (300),COMPLETED,0,2026-10-06 11:40:08.429,17m 25s,1m 46s,6.7%,178.4 MB,3.9 GB,467.3 MB,265 MB
1938,f4/344450,63228094_75,p10__deepvirfinder_pratama (76),COMPLETED,0,2026-10-06 10:01:58.480,1h 55m 47s,1h 45m 30s,0.1%,192 MB,4.2 GB,457.3 MB,266 MB
1892,a9/677123,63229217_63,p15__genomad_pratama (64),COMPLETED,0,2026-10-06 10:17:58.348,1h 39m 47s,1h 27m 23s,0.1%,186.7 MB,3.8 GB,201 MB,269.3 MB
3447,d3/f7ff21,63234150_68,p19__vibrant_pratama (269),COMPLETED,0,2026-10-06 11:40:08.429,17m 45s,5m 48s,1.6%,187.7 MB,4 GB,448.4 MB,265.2 MB
3520,5b/589ad4,63234150_86,p19__vibrant_pratama (287),COMPLETED,0,2026-10-06 11:40:08.429,17m 55s,2m 19s,4.3%,191.9 MB,4 GB,472.1 MB,265 MB
3496,7d/c1abf2,63234150_80,p19__vibrant_pratama (281),COMPLETED,0,2026-10-06 11:40:08.429,18m 5s,2m 31s,3.5%,179.9 MB,3.9 GB,345.3 MB,265 MB
3403,01/446d6b,63234150_57,p19__vibrant_pratama (258),COMPLETED,0,2026-10-06 11:40:08.429,18m 25s,6m 28s,1.6%,187.1 MB,3.8 GB,448.9 MB,265.5 MB
3238,a2/ae968c,63234150_16,p19__vibrant_pratama (217),COMPLETED,0,2026-10-06 11:40:08.429,18m 36s,18m 21s,0.6%,193.6 MB,4 GB,471.7 MB,274.2 MB
3546,b3/bf8663,63234150_93,p19__vibrant_pratama (294),COMPLETED,0,2026-10-06 11:40:08.429,18m 36s,2m 56s,4.3%,188.8 MB,4 GB,497.2 MB,265 MB
3559,d5/bd5924,63234150_96,p19__vibrant_pratama (297),COMPLETED,0,2026-10-06 11:40:08.429,18m 55s,3m 21s,3.0%,191.2 MB,4.1 GB,448.8 MB,265.1 MB
3526,38/fd935c,63234150_87,p19__vibrant_pratama (288),COMPLETED,0,2026-10-06 11:40:08.429,19m 36s,3m 54s,2.4%,179.3 MB,3.9 GB,476.8 MB,265 MB
3517,e5/9a965d,63234150_85,p19__vibrant_pratama (286),COMPLETED,0,2026-10-06 11:40:08.429,19m 45s,4m 6s,2.3%,186.8 MB,4 GB,466.9 MB,265 MB
1989,e9/5c953e,63228094_88,p10__deepvirfinder_pratama (89),COMPLETED,0,2026-10-06 10:01:58.480,1h 58m 15s,1h 44m 22s,0.1%,190.5 MB,4 GB,457.7 MB,266.1 MB
3535,7e/9a4882,63234150_90,p19__vibrant_pratama (291),COMPLETED,0,2026-10-06 11:40:08.429,20m 5s,4m 30s,2.3%,119.7 MB,3.9 GB,487 MB,265 MB
1875,05/d02d6c,63229217_59,p15__genomad_pratama (60),COMPLETED,0,2026-10-06 10:17:58.348,1h 42m 47s,1h 30m 21s,0.1%,186.6 MB,3.8 GB,197.9 MB,266.1 MB
1699,b3/78b27e,63229217_15,p15__genomad_pratama (16),COMPLETED,0,2026-10-06 10:17:58.348,1h 43m 5s,1h 41m 33s,0.1%,192.2 MB,4.2 GB,201.2 MB,269.4 MB
3364,8f/886903,63234150_47,p19__vibrant_pratama (248),COMPLETED,0,2026-10-06 11:40:08.429,21m 37s,9m 38s,0.9%,187 MB,3.9 GB,452.8 MB,268.8 MB
1668,9b/1a8d52,63229217_7,p15__genomad_pratama (9),COMPLETED,0,2026-10-06 10:17:58.348,1h 44m 15s,1h 42m 43s,0.1%,186.9 MB,3.8 GB,200.2 MB,268.4 MB
3554,7c/275102,63234150_95,p19__vibrant_pratama (296),COMPLETED,0,2026-10-06 11:40:08.429,23m 5s,7m 22s,1.4%,188.7 MB,4 GB,447.6 MB,267.1 MB
2394,40/c7f1bd,63235420_5,p12__deepvirfinder_pratama (6),COMPLETED,0,2026-10-06 11:59:50.213,3m 53s,42.8s,13.3%,183.8 MB,4 GB,260.7 MB,264.9 MB
2431,5f/c511b9,63235420_13,p12__deepvirfinder_pratama (14),COMPLETED,0,2026-10-06 11:59:50.213,4m 13s,1m 3s,11.7%,188.2 MB,4 GB,493.7 MB,265 MB
2447,ec/4f898e,63235420_17,p12__deepvirfinder_pratama (18),COMPLETED,0,2026-10-06 11:59:50.213,4m 13s,1m 4s,10.5%,176.5 MB,3.9 GB,438.1 MB,265 MB
2427,6f/25fcbc,63235420_12,p12__deepvirfinder_pratama (13),COMPLETED,0,2026-10-06 11:59:50.213,4m 23s,1m 12s,9.5%,188 MB,4 GB,486.3 MB,265 MB
3500,f3/06a527,63234150_81,p19__vibrant_pratama (282),COMPLETED,0,2026-10-06 11:40:08.429,24m 25s,8m 48s,1.1%,189.5 MB,4 GB,447.5 MB,267 MB
2423,d5/a10d4f,63235420_11,p12__deepvirfinder_pratama (12),COMPLETED,0,2026-10-06 11:59:50.213,4m 53s,1m 47s,5.6%,82.3 MB,3.5 GB,477.3 MB,265 MB
2382,58/c2d448,63235420_2,p12__deepvirfinder_pratama (3),COMPLETED,0,2026-10-06 11:59:50.213,5m 23s,2m 13s,4.3%,115.1 MB,3.9 GB,462.4 MB,265 MB
2418,d5/63ce15,63235420_10,p12__deepvirfinder_pratama (11),COMPLETED,0,2026-10-06 11:59:50.213,5m 23s,2m 10s,5.0%,186.3 MB,3.9 GB,468 MB,265 MB
2435,6e/17cc90,63235420_14,p12__deepvirfinder_pratama (15),COMPLETED,0,2026-10-06 11:59:50.213,5m 43s,2m 29s,4.4%,180 MB,3.9 GB,371.4 MB,265 MB
4371,da/c4b378,63223976_98,p12__deepvirfinder_pratama (499),COMPLETED,0,2026-10-06 09:14:18.360,2h 51m 55s,2h 37m 25s,0.1%,185.8 MB,3.8 GB,460.6 MB,266.1 MB
2386,44/b73a93,63235420_3,p12__deepvirfinder_pratama (4),COMPLETED,0,2026-10-06 11:59:50.213,6m 53s,3m 42s,2.6%,182.2 MB,4 GB,479.8 MB,265 MB
1788,d4/cabe30,63229217_38,p15__genomad_pratama (39),COMPLETED,0,2026-10-06 10:17:58.348,1h 49m 5s,1h 47m 38s,0.1%,186.6 MB,3.9 GB,199.9 MB,268.2 MB
2390,9e/1f158a,63235420_4,p12__deepvirfinder_pratama (5),COMPLETED,0,2026-10-06 11:59:50.213,7m 53s,4m 45s,2.1%,178 MB,3.9 GB,493.2 MB,264.9 MB
2414,75/500ba2,63235420_9,p12__deepvirfinder_pratama (10),COMPLETED,0,2026-10-06 11:59:50.213,7m 53s,4m 41s,2.2%,176.5 MB,3.9 GB,458.2 MB,264.9 MB
1792,96/a61f94,63229217_39,p15__genomad_pratama (40),COMPLETED,0,2026-10-06 10:17:58.348,1h 51m 35s,1h 50m 4s,0.1%,184.7 MB,3.8 GB,199.6 MB,268 MB
3443,b8/c23d15,63234150_67,p19__vibrant_pratama (268),COMPLETED,0,2026-10-06 11:40:08.429,29m 45s,17m 42s,0.5%,187 MB,3.8 GB,455.3 MB,269.1 MB
1645,56/4cdf77,63229217_2,p15__genomad_pratama (3),COMPLETED,0,2026-10-06 10:17:58.348,1h 52m 15s,1h 50m 47s,0.1%,188.5 MB,3.9 GB,200 MB,268.3 MB
2606,63/59d89c,63235420_58,p12__deepvirfinder_pratama (59),COMPLETED,0,2026-10-06 11:59:50.213,10m 33s,11.8s,51.0%,189.3 MB,4.2 GB,476.2 MB,265 MB
1842,cb/402c34,63229217_51,p15__genomad_pratama (52),COMPLETED,0,2026-10-06 10:17:58.348,1h 52m 35s,1h 40m 11s,0.1%,190.9 MB,4.2 GB,200.5 MB,268.7 MB
1835,04/f63696,63228094_49,p10__deepvirfinder_pratama (50),COMPLETED,0,2026-10-06 10:01:58.480,2h 8m 55s,1h 58m 33s,0.1%,185.9 MB,3.9 GB,454.3 MB,266 MB
2552,2c/9a1d2f,63235420_44,p12__deepvirfinder_pratama (45),COMPLETED,0,2026-10-06 11:59:50.213,11m 15s,52.2s,11.1%,187.9 MB,4 GB,465.5 MB,265 MB
2463,55/9ed9a5,63235420_21,p12__deepvirfinder_pratama (22),COMPLETED,0,2026-10-06 11:59:50.213,11m 23s,1m,9.5%,179 MB,4 GB,481.3 MB,265 MB
2469,a4/b2b3ca,63235420_23,p12__deepvirfinder_pratama (24),COMPLETED,0,2026-10-06 11:59:50.213,11m 33s,1m 7s,7.3%,9.4 MB,445.5 MB,265.5 MB,265 MB
2528,b9/a5cd99,63235420_38,p12__deepvirfinder_pratama (39),COMPLETED,0,2026-10-06 11:59:50.213,11m 33s,1m 10s,7.7%,176.9 MB,3.9 GB,200.3 MB,265.1 MB
2555,1f/a155cc,63235420_45,p12__deepvirfinder_pratama (46),COMPLETED,0,2026-10-06 11:59:50.213,11m 53s,1m 27s,7.0%,89.8 MB,3.6 GB,473.3 MB,265 MB
2563,d3/1be608,63235420_47,p12__deepvirfinder_pratama (48),COMPLETED,0,2026-10-06 11:59:50.213,12m 3s,1m 39s,6.1%,188.5 MB,4.1 GB,488.1 MB,265 MB
2591,16/463330,63235420_54,p12__deepvirfinder_pratama (55),COMPLETED,0,2026-10-06 11:59:50.213,12m 3s,1m 41s,6.4%,169.9 MB,3.9 GB,217.4 MB,265.1 MB
2602,66/5411cb,63235420_57,p12__deepvirfinder_pratama (58),COMPLETED,0,2026-10-06 11:59:50.213,12m 25s,2m,4.9%,185.5 MB,3.9 GB,461.1 MB,264.9 MB
2610,ca/24be0f,63235420_59,p12__deepvirfinder_pratama (60),COMPLETED,0,2026-10-06 11:59:50.213,12m 25s,2m 7s,4.6%,176.1 MB,3.9 GB,488.8 MB,265 MB
2459,17/ebddcb,63235420_20,p12__deepvirfinder_pratama (21),COMPLETED,0,2026-10-06 11:59:50.213,12m 33s,2m 10s,4.4%,180.2 MB,4.1 GB,464.7 MB,265 MB
2587,ed/ac6565,63235420_53,p12__deepvirfinder_pratama (54),COMPLETED,0,2026-10-06 11:59:50.213,12m 33s,2m 7s,4.8%,177.6 MB,3.8 GB,494.9 MB,265 MB
2499,93/97956c,63235420_31,p12__deepvirfinder_pratama (32),COMPLETED,0,2026-10-06 11:59:50.213,13m 3s,2m 35s,3.7%,180.7 MB,4.1 GB,484.2 MB,265 MB
2496,5c/44caf3,63235420_30,p12__deepvirfinder_pratama (31),COMPLETED,0,2026-10-06 11:59:50.213,13m 13s,2m 52s,3.1%,180.7 MB,3.9 GB,465.5 MB,265 MB
2578,a5/c3be9a,63235420_51,p12__deepvirfinder_pratama (52),COMPLETED,0,2026-10-06 11:59:50.213,13m 26s,2m 57s,3.1%,186.8 MB,3.8 GB,466.5 MB,265 MB
2515,ce/ae3818,63235420_35,p12__deepvirfinder_pratama (36),COMPLETED,0,2026-10-06 11:59:50.213,13m 53s,3m 31s,3.4%,166.9 MB,3.9 GB,464.2 MB,265 MB
2503,3d/0cbce7,63235420_32,p12__deepvirfinder_pratama (33),COMPLETED,0,2026-10-06 11:59:50.213,14m 3s,3m 43s,2.6%,178.2 MB,4 GB,448.6 MB,265 MB
2584,7a/7500be,63235420_52,p12__deepvirfinder_pratama (53),COMPLETED,0,2026-10-06 11:59:50.213,14m 3s,3m 35s,2.8%,117.4 MB,3.8 GB,483.3 MB,265.1 MB
2519,a3/ef3217,63235420_36,p12__deepvirfinder_pratama (37),COMPLETED,0,2026-10-06 11:59:50.213,14m 13s,3m 53s,2.6%,188 MB,3.9 GB,482.1 MB,265 MB
2536,3e/208500,63235420_40,p12__deepvirfinder_pratama (41),COMPLETED,0,2026-10-06 11:59:50.213,14m 13s,3m 53s,2.6%,177 MB,3.8 GB,431.1 MB,265 MB
2467,90/18a923,63235420_22,p12__deepvirfinder_pratama (23),COMPLETED,0,2026-10-06 11:59:50.213,14m 28s,4m 4s,2.3%,180.4 MB,4 GB,493.2 MB,265 MB
2657,12/897c08,63235420_70,p12__deepvirfinder_pratama (71),COMPLETED,0,2026-10-06 11:59:50.213,14m 33s,30.5s,19.8%,169.8 MB,3.8 GB,491 MB,265 MB
2523,54/48ed07,63235420_37,p12__deepvirfinder_pratama (38),COMPLETED,0,2026-10-06 11:59:50.213,14m 43s,4m 22s,2.4%,97.4 MB,3.6 GB,497.9 MB,265 MB
2661,20/ee53fa,63235420_71,p12__deepvirfinder_pratama (72),COMPLETED,0,2026-10-06 11:59:50.213,14m 43s,42.4s,16.5%,185.1 MB,3.8 GB,433.7 MB,265 MB
2475,03/e4238c,63235420_25,p12__deepvirfinder_pratama (26),COMPLETED,0,2026-10-06 11:59:50.213,14m 53s,4m 33s,2.0%,156.3 MB,3.8 GB,462.4 MB,264.9 MB
2678,71/af6f05,63235420_75,p12__deepvirfinder_pratama (76),COMPLETED,0,2026-10-06 11:59:50.213,14m 53s,50.6s,11.2%,151.6 MB,3.7 GB,465.5 MB,265.1 MB
2484,50/59a723,63235420_27,p12__deepvirfinder_pratama (28),COMPLETED,0,2026-10-06 11:59:50.213,15m 3s,4m 39s,2.1%,176.9 MB,3.8 GB,388.9 MB,265 MB
2548,87/d7a3eb,63235420_43,p12__deepvirfinder_pratama (44),COMPLETED,0,2026-10-06 11:59:50.213,15m 3s,4m 43s,2.4%,174.7 MB,3.9 GB,457.2 MB,265 MB
2558,c8/e6f3f8,63235420_46,p12__deepvirfinder_pratama (47),COMPLETED,0,2026-10-06 11:59:50.213,15m 3s,4m 41s,2.0%,188.9 MB,4 GB,480.9 MB,265 MB
2614,ff/3db0c7,63235420_60,p12__deepvirfinder_pratama (61),COMPLETED,0,2026-10-06 11:59:50.213,15m 3s,55.8s,9.9%,177.2 MB,3.8 GB,464.1 MB,264.9 MB
2687,63/ad7051,63235420_77,p12__deepvirfinder_pratama (78),COMPLETED,0,2026-10-06 11:59:50.213,15m 3s,54.2s,11.6%,177.9 MB,4.1 GB,483.6 MB,265 MB
2707,73/982dc5,63235420_83,p12__deepvirfinder_pratama (84),COMPLETED,0,2026-10-06 11:59:50.213,15m 3s,58.3s,11.1%,179.8 MB,4.1 GB,250.5 MB,265 MB
2480,5c/b6ee2d,63235420_26,p12__deepvirfinder_pratama (27),COMPLETED,0,2026-10-06 11:59:50.213,15m 13s,4m 48s,2.0%,181.9 MB,4.1 GB,484.4 MB,265 MB
2568,4b/8190d7,63235420_48,p12__deepvirfinder_pratama (49),COMPLETED,0,2026-10-06 11:59:50.213,15m 13s,4m 55s,2.0%,176.2 MB,3.9 GB,493.9 MB,265 MB
2675,17/1098f9,63235420_74,p12__deepvirfinder_pratama (75),COMPLETED,0,2026-10-06 11:59:50.213,15m 13s,1m 12s,7.2%,51.4 MB,2.6 GB,454.9 MB,265 MB
2702,b5/eb0500,63235420_82,p12__deepvirfinder_pratama (83),COMPLETED,0,2026-10-06 11:59:50.213,15m 13s,1m 5s,9.4%,179.3 MB,4 GB,478.8 MB,265 MB
2644,3e/eeee23,63235420_67,p12__deepvirfinder_pratama (68),COMPLETED,0,2026-10-06 11:59:50.213,15m 25s,1m 16s,7.5%,171.7 MB,4 GB,453.4 MB,265 MB
2766,d7/5dd032,63235420_98,p12__deepvirfinder_pratama (99),COMPLETED,0,2026-10-06 11:59:50.213,15m 25s,1m 20s,7.8%,178.2 MB,3.9 GB,452.7 MB,265 MB
2751,52/006137,63235420_94,p12__deepvirfinder_pratama (95),COMPLETED,0,2026-10-06 11:59:50.213,15m 33s,1m 27s,9.1%,176.6 MB,4 GB,490.3 MB,265.1 MB
2697,82/60cd4b,63235420_80,p12__deepvirfinder_pratama (81),COMPLETED,0,2026-10-06 11:59:50.213,15m 53s,1m 50s,5.4%,175.4 MB,3.9 GB,445.8 MB,265 MB
1673,78/0a42a9,63229217_9,p15__genomad_pratama (10),COMPLETED,0,2026-10-06 10:17:58.348,1h 57m 55s,1h 56m 27s,0.1%,189 MB,4 GB,199.6 MB,267.9 MB
2648,cb/5258a9,63235420_68,p12__deepvirfinder_pratama (69),COMPLETED,0,2026-10-06 11:59:50.213,16m 3s,1m 59s,4.8%,128.9 MB,3.9 GB,467.1 MB,264.9 MB
1796,bd/481574,63229217_40,p15__genomad_pratama (41),COMPLETED,0,2026-10-06 10:17:58.348,1h 58m 5s,1h 45m 39s,0.1%,186.8 MB,3.9 GB,199.5 MB,267.8 MB
2695,6f/29b1a3,63235420_79,p12__deepvirfinder_pratama (80),COMPLETED,0,2026-10-06 11:59:50.213,16m 13s,2m 8s,4.7%,189.2 MB,4.1 GB,494.6 MB,265 MB
2720,7a/28c1d2,63235420_86,p12__deepvirfinder_pratama (87),COMPLETED,0,2026-10-06 11:59:50.213,16m 26s,2m 23s,4.0%,187.3 MB,3.8 GB,497.3 MB,265 MB
2725,1e/f540ce,63235420_87,p12__deepvirfinder_pratama (88),COMPLETED,0,2026-10-06 11:59:50.213,16m 26s,2m 23s,3.8%,9.4 MB,445.5 MB,323.3 MB,265 MB
2748,6b/1de3d8,63235420_93,p12__deepvirfinder_pratama (94),COMPLETED,0,2026-10-06 11:59:50.213,16m 26s,2m 18s,5.5%,172.8 MB,4 GB,486.7 MB,265 MB
2770,62/160563,63235420_99,p12__deepvirfinder_pratama (100),COMPLETED,0,2026-10-06 11:59:50.213,16m 26s,2m 16s,4.9%,177.2 MB,3.8 GB,464.9 MB,265 MB
2629,09/f53f30,63235420_63,p12__deepvirfinder_pratama (64),COMPLETED,0,2026-10-06 11:59:50.213,16m 43s,2m 35s,3.5%,176.5 MB,3.9 GB,489.7 MB,265 MB
2633,00/8fa12c,63235420_64,p12__deepvirfinder_pratama (65),COMPLETED,0,2026-10-06 11:59:50.213,16m 53s,2m 51s,3.1%,180 MB,3.9 GB,201.8 MB,265 MB
2683,1d/6f713b,63235420_76,p12__deepvirfinder_pratama (77),COMPLETED,0,2026-10-06 11:59:50.213,17m 3s,2m 55s,3.6%,181 MB,4.1 GB,475 MB,265 MB
2691,2a/a1a0aa,63235420_78,p12__deepvirfinder_pratama (79),COMPLETED,0,2026-10-06 11:59:50.213,17m 3s,2m 58s,3.7%,127.6 MB,4.1 GB,490.1 MB,265 MB
2739,a7/c593f8,63235420_91,p12__deepvirfinder_pratama (92),COMPLETED,0,2026-10-06 11:59:50.213,17m 3s,2m 55s,3.8%,179.6 MB,4.1 GB,476.6 MB,265 MB
2743,73/9cb9e8,63235420_92,p12__deepvirfinder_pratama (93),COMPLETED,0,2026-10-06 11:59:50.213,17m 13s,3m 6s,3.7%,181.1 MB,4.1 GB,482.1 MB,265 MB
2730,bc/09417a,63235420_89,p12__deepvirfinder_pratama (90),COMPLETED,0,2026-10-06 11:59:50.213,17m 27s,3m 19s,2.6%,167.3 MB,4 GB,464.3 MB,265 MB
2729,bc/8576b4,63235420_88,p12__deepvirfinder_pratama (89),COMPLETED,0,2026-10-06 11:59:50.213,17m 33s,3m 29s,2.6%,109.3 MB,3.6 GB,455.1 MB,265 MB
2734,85/f817e8,63235420_90,p12__deepvirfinder_pratama (91),COMPLETED,0,2026-10-06 11:59:50.213,17m 43s,3m 36s,3.1%,180.1 MB,4.1 GB,471.1 MB,265 MB
2653,b9/ee07a6,63235420_69,p12__deepvirfinder_pratama (70),COMPLETED,0,2026-10-06 11:59:50.213,18m 26s,4m 26s,1.9%,98.4 MB,3.6 GB,480.2 MB,264.8 MB
2755,1d/83c49b,63235420_95,p12__deepvirfinder_pratama (96),COMPLETED,0,2026-10-06 11:59:50.213,18m 43s,4m 38s,2.8%,176.9 MB,3.9 GB,492.9 MB,265 MB
2715,e3/24dba0,63235420_85,p12__deepvirfinder_pratama (86),COMPLETED,0,2026-10-06 11:59:50.213,18m 53s,4m 52s,2.0%,178.8 MB,4.1 GB,495.6 MB,265 MB
1781,da/5b4163,63228094_35,p10__deepvirfinder_pratama (36),COMPLETED,0,2026-10-06 10:01:58.480,2h 17m 35s,2h 10m 58s,0.1%,188.4 MB,3.9 GB,454.3 MB,266.3 MB
2006,91/0f85ee,63229217_91,p15__genomad_pratama (92),COMPLETED,0,2026-10-06 10:17:58.348,2h 2m 45s,1h 46m 44s,0.1%,185.1 MB,3.8 GB,201.6 MB,269.6 MB
1855,8b/94b852,63229217_54,p15__genomad_pratama (55),COMPLETED,0,2026-10-06 10:17:58.348,2h 3m 19s,1h 50m 48s,0.1%,189.8 MB,4 GB,198 MB,266.3 MB
1800,bd/b26960,63229217_41,p15__genomad_pratama (42),COMPLETED,0,2026-10-06 10:17:58.348,2h 4m 17s,1h 51m 47s,0.1%,189.4 MB,4 GB,199.4 MB,267.6 MB
3915,24/fb72f3,63226909_85,p20__virsorter2_pratama (386),COMPLETED,0,2026-10-06 09:49:58.381,2h 33m 5s,2h 21m 40s,0.1%,186.6 MB,3.8 GB,486.5 MB,318.2 MB
3771,59/1f0297,63226909_49,p20__virsorter2_pratama (350),COMPLETED,0,2026-10-06 09:49:58.381,2h 33m 45s,2h 26m 1s,0.1%,189 MB,3.9 GB,492.4 MB,324.4 MB
2624,e0/976113,63235420_62,p12__deepvirfinder_pratama (63),COMPLETED,0,2026-10-06 11:59:50.213,24m 13s,10m 7s,1.0%,187.8 MB,3.9 GB,461.1 MB,265.3 MB
2545,69/8188bd,63235420_42,p12__deepvirfinder_pratama (43),COMPLETED,0,2026-10-06 11:59:50.213,24m 33s,14m 10s,0.7%,189.3 MB,4 GB,450.7 MB,265.3 MB
1953,44/07a0ca,63229217_78,p15__genomad_pratama (79),COMPLETED,0,2026-10-06 10:17:58.348,2h 6m 45s,1h 54m 21s,0.1%,185.5 MB,3.7 GB,200.8 MB,269 MB
1705,e5/b38fba,63229217_17,p15__genomad_pratama (18),COMPLETED,0,2026-10-06 10:17:58.348,2h 8m 25s,2h 6m 56s,0.1%,186.4 MB,3.8 GB,198.8 MB,267.1 MB
2066,6e/1af3af,63221789_7,p14__virsorter2_pratama (108),COMPLETED,0,2026-10-06 08:41:18.521,3h 45m 45s,3h 37m 48s,0.1%,188.9 MB,4.2 GB,439.4 MB,274.9 MB
1956,7b/50ded5,63229217_79,p15__genomad_pratama (80),COMPLETED,0,2026-10-06 10:17:58.348,2h 11m 55s,1h 59m 27s,0.1%,190.2 MB,4 GB,200.5 MB,268.8 MB
1743,a0/c0d8da,63229217_27,p15__genomad_pratama (28),COMPLETED,0,2026-10-06 10:17:58.348,2h 15m 5s,2h 13m 37s,0.1%,189.4 MB,4 GB,200 MB,268.3 MB
3220,3b/d6a682,63234150_11,p19__vibrant_pratama (212),COMPLETED,0,2026-10-06 11:40:08.429,54m 5s,53m 46s,0.2%,188 MB,4 GB,524.1 MB,275.2 MB
2442,6e/033392,63235420_16,p12__deepvirfinder_pratama (17),COMPLETED,0,2026-10-06 11:59:50.213,35m 3s,31m 49s,0.4%,189.8 MB,4.1 GB,462 MB,266 MB
2409,f3/514704,63235420_8,p12__deepvirfinder_pratama (9),COMPLETED,0,2026-10-06 11:59:50.213,35m 33s,32m 21s,0.4%,186.7 MB,3.9 GB,452.4 MB,265.6 MB
1740,6b/1f64b5,63229217_26,p15__genomad_pratama (27),COMPLETED,0,2026-10-06 10:17:58.348,2h 17m 35s,2h 16m 1s,0.1%,186.4 MB,3.9 GB,200.2 MB,268.4 MB
4066,76/05b3a6,63237735_22,p20__virsorter2_pratama (423),COMPLETED,0,2026-10-06 12:33:08.429,3m 5s,26.7s,25.9%,187.2 MB,4 GB,432.2 MB,266.7 MB
4089,c1/11a012,63237735_28,p20__virsorter2_pratama (429),COMPLETED,0,2026-10-06 12:33:08.429,3m 5s,33.7s,19.2%,186.3 MB,3.9 GB,445.5 MB,266.7 MB
1737,c8/b860af,63229217_25,p15__genomad_pratama (26),COMPLETED,0,2026-10-06 10:17:58.348,2h 18m 25s,2h 16m 58s,0.1%,190.3 MB,3.9 GB,200.2 MB,268.3 MB
4037,5e/69cc7e,63237735_15,p20__virsorter2_pratama (416),COMPLETED,0,2026-10-06 12:33:08.429,3m 15s,45.1s,12.5%,186.2 MB,4 GB,448.2 MB,266.8 MB
4104,06/2837d3,63237735_32,p20__virsorter2_pratama (433),COMPLETED,0,2026-10-06 12:33:08.429,3m 25s,46.8s,12.2%,186.4 MB,3.9 GB,475.7 MB,266.6 MB
4133,b1/6f0259,63237735_39,p20__virsorter2_pratama (440),COMPLETED,0,2026-10-06 12:33:08.429,3m 27s,48.5s,13.3%,190.6 MB,4.1 GB,494.8 MB,266.7 MB
3291,2a/6c087a,63234150_29,p19__vibrant_pratama (230),COMPLETED,0,2026-10-06 11:40:08.429,56m 35s,56m 10s,0.2%,187 MB,3.8 GB,567.2 MB,288.5 MB
2162,55/f2d8a9,63221789_31,p14__virsorter2_pratama (132),COMPLETED,0,2026-10-06 08:41:18.521,3h 55m 35s,3h 47m 35s,0.1%,189.4 MB,4.1 GB,444.2 MB,278.2 MB
4086,3d/1f33e1,63237735_27,p20__virsorter2_pratama (428),COMPLETED,0,2026-10-06 12:33:08.429,3m 45s,1m 12s,10.2%,208.1 MB,4.2 GB,239.2 MB,266.7 MB
3977,18/b55498,63237735_0,p20__virsorter2_pratama (401),COMPLETED,0,2026-10-06 12:33:08.429,3m 55s,1m 19s,7.8%,187.1 MB,3.9 GB,470.9 MB,266.7 MB
4053,d1/136e9f,63237735_19,p20__virsorter2_pratama (420),COMPLETED,0,2026-10-06 12:33:08.429,3m 55s,1m 20s,8.0%,187.3 MB,4 GB,488.4 MB,266.7 MB
4057,5b/62d093,63237735_20,p20__virsorter2_pratama (421),COMPLETED,0,2026-10-06 12:33:08.429,3m 55s,1m 19s,8.3%,188.6 MB,4 GB,492.9 MB,266.7 MB
4009,3b/f1bfb6,63237735_8,p20__virsorter2_pratama (409),COMPLETED,0,2026-10-06 12:33:08.429,4m 25s,1m 48s,6.2%,240.8 MB,4.1 GB,454.5 MB,266.7 MB
4102,b4/94fc8c,63237735_31,p20__virsorter2_pratama (432),COMPLETED,0,2026-10-06 12:33:08.429,4m 25s,1m 51s,4.5%,186.1 MB,3.8 GB,469.7 MB,266.7 MB
4025,ba/e78820,63237735_12,p20__virsorter2_pratama (413),COMPLETED,0,2026-10-06 12:33:08.429,4m 45s,2m 6s,5.2%,188.2 MB,4 GB,494.1 MB,266.7 MB
4017,c2/6c36d8,63237735_10,p20__virsorter2_pratama (411),COMPLETED,0,2026-10-06 12:33:08.429,4m 55s,2m 18s,5.7%,189.3 MB,4 GB,477.3 MB,266.7 MB
1733,fd/7d4869,63229217_24,p15__genomad_pratama (25),COMPLETED,0,2026-10-06 10:17:58.348,2h 20m 15s,2h 18m 48s,0.1%,187 MB,3.8 GB,200.6 MB,268.8 MB
4074,80/e7a099,63237735_24,p20__virsorter2_pratama (425),COMPLETED,0,2026-10-06 12:33:08.429,5m 5s,2m 33s,4.8%,185.9 MB,3.9 GB,493.5 MB,266.7 MB
4109,c1/f78778,63237735_33,p20__virsorter2_pratama (434),COMPLETED,0,2026-10-06 12:33:08.429,5m 15s,2m 44s,3.4%,187 MB,3.9 GB,481.7 MB,266.7 MB
3995,f9/63932f,63237735_3,p20__virsorter2_pratama (404),COMPLETED,0,2026-10-06 12:33:08.429,5m 25s,2m 47s,3.5%,188.6 MB,3.9 GB,484.2 MB,266.7 MB
4045,58/75e3ea,63237735_17,p20__virsorter2_pratama (418),COMPLETED,0,2026-10-06 12:33:08.429,5m 25s,2m 49s,3.2%,187.7 MB,3.9 GB,472 MB,266.6 MB
4093,d7/827ed8,63237735_29,p20__virsorter2_pratama (430),COMPLETED,0,2026-10-06 12:33:08.429,5m 37s,3m 1s,3.3%,190.2 MB,4.2 GB,454.7 MB,266.7 MB
4029,a2/2482df,63237735_13,p20__virsorter2_pratama (414),COMPLETED,0,2026-10-06 12:33:08.429,5m 45s,3m 14s,3.0%,188.3 MB,4 GB,421.4 MB,266.7 MB
4049,77/35370b,63237735_18,p20__virsorter2_pratama (419),COMPLETED,0,2026-10-06 12:33:08.429,5m 45s,3m 15s,3.4%,267.9 MB,3.9 GB,481.6 MB,266.7 MB
4062,86/64d788,63237735_21,p20__virsorter2_pratama (422),COMPLETED,0,2026-10-06 12:33:08.429,5m 45s,3m 9s,3.4%,322.8 MB,4.2 GB,496.7 MB,266.7 MB
4021,da/7eaadb,63237735_11,p20__virsorter2_pratama (412),COMPLETED,0,2026-10-06 12:33:08.429,5m 55s,3m 18s,3.4%,189.9 MB,4 GB,487.1 MB,266.8 MB
4041,0e/b5d6b4,63237735_16,p20__virsorter2_pratama (417),COMPLETED,0,2026-10-06 12:33:08.429,5m 55s,3m 23s,2.7%,184.5 MB,3.9 GB,460.9 MB,266.6 MB
3589,11/1748d9,63226909_3,p20__virsorter2_pratama (304),COMPLETED,0,2026-10-06 09:49:58.381,2h 49m 15s,2h 48m 46s,0.1%,189 MB,4.1 GB,507.8 MB,340.1 MB
4013,e2/dde827,63237735_9,p20__virsorter2_pratama (410),COMPLETED,0,2026-10-06 12:33:08.429,6m 5s,3m 34s,3.3%,188 MB,4 GB,466.1 MB,266.7 MB
4095,50/a06aa9,63237735_30,p20__virsorter2_pratama (431),COMPLETED,0,2026-10-06 12:33:08.429,6m 5s,3m 29s,2.7%,265.3 MB,4 GB,462.6 MB,266.7 MB
4113,e1/1ac972,63237735_34,p20__virsorter2_pratama (435),COMPLETED,0,2026-10-06 12:33:08.429,6m 15s,3m 36s,3.2%,189.2 MB,4 GB,486.5 MB,266.7 MB
4117,e3/d16e4c,63237735_35,p20__virsorter2_pratama (436),COMPLETED,0,2026-10-06 12:33:08.429,6m 25s,3m 54s,2.7%,191.1 MB,4 GB,490.3 MB,266.7 MB
4126,79/dc1386,63237735_38,p20__virsorter2_pratama (439),COMPLETED,0,2026-10-06 12:33:08.429,6m 25s,3m 50s,2.6%,199.5 MB,4 GB,491.4 MB,266.7 MB
3994,20/969a82,63237735_2,p20__virsorter2_pratama (403),COMPLETED,0,2026-10-06 12:33:08.429,6m 45s,4m 8s,2.4%,188.5 MB,4 GB,480 MB,266.7 MB
4125,81/80c643,63237735_37,p20__virsorter2_pratama (438),COMPLETED,0,2026-10-06 12:33:08.429,6m 45s,4m 13s,2.4%,190.7 MB,4.1 GB,487.3 MB,266.7 MB
1819,29/1eb728,63229217_45,p15__genomad_pratama (46),COMPLETED,0,2026-10-06 10:17:58.348,2h 22m 5s,2h 9m 44s,0.1%,187.8 MB,4 GB,200.6 MB,268.8 MB
3981,5a/b59864,63237735_1,p20__virsorter2_pratama (402),COMPLETED,0,2026-10-06 12:33:08.429,6m 55s,4m 25s,2.2%,188.3 MB,4 GB,475.6 MB,266.7 MB
3996,a2/2d6ce6,63237735_4,p20__virsorter2_pratama (405),COMPLETED,0,2026-10-06 12:33:08.429,6m 55s,4m 22s,2.6%,248.3 MB,4.1 GB,487.8 MB,266.7 MB
3997,55/da9e8f,63237735_5,p20__virsorter2_pratama (406),COMPLETED,0,2026-10-06 12:33:08.429,6m 55s,4m 23s,2.6%,187.5 MB,3.8 GB,490.7 MB,266.7 MB
4077,eb/da959d,63237735_25,p20__virsorter2_pratama (426),COMPLETED,0,2026-10-06 12:33:08.429,6m 55s,4m 17s,2.1%,185.5 MB,3.8 GB,496.6 MB,266.7 MB
4005,f2/858d2f,63237735_7,p20__virsorter2_pratama (408),COMPLETED,0,2026-10-06 12:33:08.429,7m 5s,4m 27s,2.4%,189.2 MB,3.9 GB,443.2 MB,266.7 MB
1748,6f/990443,63229217_28,p15__genomad_pratama (29),COMPLETED,0,2026-10-06 10:17:58.348,2h 22m 25s,2h 20m 53s,0.1%,189.6 MB,4 GB,199.9 MB,268.1 MB
2017,18/b0f360,63229217_94,p15__genomad_pratama (95),COMPLETED,0,2026-10-06 10:17:58.348,2h 22m 35s,2h 6m 39s,0.1%,185.3 MB,3.8 GB,200.3 MB,268.6 MB
3176,f9/779425,63234150_0,p19__vibrant_pratama (201),COMPLETED,0,2026-10-06 11:40:08.429,1h 37s,1h 17s,0.2%,185.6 MB,3.8 GB,458.3 MB,267.9 MB
4080,db/9ca05c,63237735_26,p20__virsorter2_pratama (427),COMPLETED,0,2026-10-06 12:33:08.429,7m 37s,4m 56s,1.8%,188.2 MB,3.8 GB,498.9 MB,266.8 MB
1756,b5/baae8b,63229217_30,p15__genomad_pratama (31),COMPLETED,0,2026-10-06 10:17:58.348,2h 23m 57s,2h 22m 30s,0.1%,189.7 MB,4.2 GB,199 MB,267.4 MB
2187,ed/e4a756,63221789_37,p14__virsorter2_pratama (138),COMPLETED,0,2026-10-06 08:41:18.521,4h 55s,3h 52m 59s,0.1%,190.6 MB,4.1 GB,437.3 MB,271.3 MB
4187,f1/06b1bc,63237735_53,p20__virsorter2_pratama (454),COMPLETED,0,2026-10-06 12:33:08.429,10m 15s,22.1s,29.8%,259 MB,4 GB,496.9 MB,266.8 MB
4259,ac/054b27,63237735_71,p20__virsorter2_pratama (472),COMPLETED,0,2026-10-06 12:33:08.429,10m 15s,25.1s,23.4%,187.3 MB,3.9 GB,278.4 MB,266.7 MB
4287,0b/253338,63237735_78,p20__virsorter2_pratama (479),COMPLETED,0,2026-10-06 12:33:08.429,10m 15s,17s,35.8%,227.5 MB,4.1 GB,491 MB,266.7 MB
4203,83/0299c4,63237735_57,p20__virsorter2_pratama (458),COMPLETED,0,2026-10-06 12:33:08.429,10m 35s,35.7s,18.2%,187.9 MB,4 GB,457.5 MB,266.7 MB
4159,f1/259624,63237735_46,p20__virsorter2_pratama (447),COMPLETED,0,2026-10-06 12:33:08.429,10m 55s,1m 5s,8.9%,188.3 MB,3.8 GB,467.2 MB,266.7 MB
2010,64/8e13aa,63229217_92,p15__genomad_pratama (93),COMPLETED,0,2026-10-06 10:17:58.348,2h 26m 25s,2h 10m 28s,0.1%,187.2 MB,3.8 GB,201.2 MB,269.4 MB
4167,89/1a5512,63237735_48,p20__virsorter2_pratama (449),COMPLETED,0,2026-10-06 12:33:08.429,11m 15s,1m 17s,8.1%,187.7 MB,3.8 GB,477.1 MB,266.5 MB
4251,a2/1e0007,63237735_69,p20__virsorter2_pratama (470),COMPLETED,0,2026-10-06 12:33:08.429,11m 15s,1m 23s,7.0%,188.6 MB,3.9 GB,493.2 MB,266.7 MB
4144,7c/572e69,63237735_42,p20__virsorter2_pratama (443),COMPLETED,0,2026-10-06 12:33:08.429,11m 25s,1m 31s,6.3%,187.8 MB,3.8 GB,441.4 MB,266.7 MB
4194,93/37e94c,63237735_55,p20__virsorter2_pratama (456),COMPLETED,0,2026-10-06 12:33:08.429,11m 25s,1m 31s,8.5%,190.1 MB,4.2 GB,443 MB,266.7 MB
4213,7f/7ae824,63237735_60,p20__virsorter2_pratama (461),COMPLETED,0,2026-10-06 12:33:08.429,11m 25s,1m 35s,6.2%,187.4 MB,3.9 GB,475 MB,266.7 MB
4224,eb/19b2a9,63237735_62,p20__virsorter2_pratama (463),COMPLETED,0,2026-10-06 12:33:08.429,11m 25s,1m 31s,6.9%,187.9 MB,3.9 GB,485.2 MB,266.7 MB
4212,92/709fbb,63237735_59,p20__virsorter2_pratama (460),COMPLETED,0,2026-10-06 12:33:08.429,11m 35s,1m 40s,6.2%,187 MB,3.7 GB,469.7 MB,266.7 MB
4163,22/f10290,63237735_47,p20__virsorter2_pratama (448),COMPLETED,0,2026-10-06 12:33:08.429,11m 45s,1m 53s,5.8%,188.7 MB,4 GB,472.5 MB,266.7 MB
4199,8d/16f1d0,63237735_56,p20__virsorter2_pratama (457),COMPLETED,0,2026-10-06 12:33:08.429,11m 47s,1m 50s,5.8%,189.9 MB,4 GB,450.6 MB,266.7 MB
4233,6b/2b8594,63237735_65,p20__virsorter2_pratama (466),COMPLETED,0,2026-10-06 12:33:08.429,11m 47s,1m 54s,5.1%,190.6 MB,4 GB,462.2 MB,266.7 MB
4137,29/721894,63237735_40,p20__virsorter2_pratama (441),COMPLETED,0,2026-10-06 12:33:08.429,11m 55s,1m 58s,4.8%,186.1 MB,3.9 GB,497.7 MB,266.7 MB
4152,05/f6aaba,63237735_44,p20__virsorter2_pratama (445),COMPLETED,0,2026-10-06 12:33:08.429,11m 55s,2m 4s,4.8%,260.2 MB,4.1 GB,455.1 MB,266.7 MB
4244,5f/36147d,63237735_67,p20__virsorter2_pratama (468),COMPLETED,0,2026-10-06 12:33:08.429,11m 55s,1m 57s,5.2%,191.1 MB,4.1 GB,480.9 MB,266.7 MB
4171,ca/05814b,63237735_49,p20__virsorter2_pratama (450),COMPLETED,0,2026-10-06 12:33:08.429,12m 35s,2m 42s,4.2%,186.7 MB,3.8 GB,482.5 MB,266.6 MB
4230,f9/ecc2e2,63237735_64,p20__virsorter2_pratama (465),COMPLETED,0,2026-10-06 12:33:08.429,12m 35s,2m 37s,3.7%,188.1 MB,3.9 GB,450.7 MB,266.7 MB
3475,c9/be6204,63234150_75,p19__vibrant_pratama (276),COMPLETED,0,2026-10-06 11:40:08.429,1h 5m 45s,53m 46s,0.2%,185.6 MB,3.9 GB,456.1 MB,268.9 MB
4208,16/0d2f73,63237735_58,p20__virsorter2_pratama (459),COMPLETED,0,2026-10-06 12:33:08.429,12m 57s,3m 3s,3.6%,187.7 MB,4 GB,464 MB,266.7 MB
4276,48/7e5f59,63237735_75,p20__virsorter2_pratama (476),COMPLETED,0,2026-10-06 12:33:08.429,12m 57s,3m 4s,3.3%,186.1 MB,3.8 GB,467.9 MB,266.7 MB
4140,6e/aa18e7,63237735_41,p20__virsorter2_pratama (442),COMPLETED,0,2026-10-06 12:33:08.429,13m 5s,3m 13s,3.0%,190.6 MB,4 GB,394.2 MB,266.7 MB
4239,75/20b0f7,63237735_66,p20__virsorter2_pratama (467),COMPLETED,0,2026-10-06 12:33:08.429,13m 15s,3m 25s,2.9%,188 MB,4 GB,472.2 MB,266.7 MB
4148,ed/b94307,63237735_43,p20__virsorter2_pratama (444),COMPLETED,0,2026-10-06 12:33:08.429,13m 25s,3m 33s,2.7%,189.6 MB,4 GB,448.5 MB,266.7 MB
4248,c6/ba51a8,63237735_68,p20__virsorter2_pratama (469),COMPLETED,0,2026-10-06 12:33:08.429,13m 25s,3m 34s,2.8%,186.4 MB,3.8 GB,487.9 MB,266.8 MB
4156,49/cdae3c,63237735_45,p20__virsorter2_pratama (446),COMPLETED,0,2026-10-06 12:33:08.429,13m 35s,3m 40s,2.4%,186.8 MB,3.8 GB,461.3 MB,266.6 MB
4183,f9/5dc3ad,63237735_52,p20__virsorter2_pratama (453),COMPLETED,0,2026-10-06 12:33:08.429,13m 35s,3m 42s,2.6%,330.7 MB,4.1 GB,493.4 MB,266.5 MB
4284,11/761c72,63237735_77,p20__virsorter2_pratama (478),COMPLETED,0,2026-10-06 12:33:08.429,13m 35s,3m 44s,2.8%,188.4 MB,4 GB,485.2 MB,266.7 MB
4271,11/b89882,63237735_74,p20__virsorter2_pratama (475),COMPLETED,0,2026-10-06 12:33:08.429,13m 45s,3m 46s,2.5%,187.2 MB,3.8 GB,457.2 MB,266.7 MB
4280,8e/57418e,63237735_76,p20__virsorter2_pratama (477),COMPLETED,0,2026-10-06 12:33:08.429,13m 45s,3m 51s,2.8%,187.1 MB,3.9 GB,477.1 MB,266.7 MB
4219,ba/7d56f7,63237735_61,p20__virsorter2_pratama (462),COMPLETED,0,2026-10-06 12:33:08.429,13m 55s,3m 59s,2.7%,185.6 MB,3.9 GB,480.2 MB,266.7 MB
4255,bb/8f201a,63237735_70,p20__virsorter2_pratama (471),COMPLETED,0,2026-10-06 12:33:08.429,13m 57s,3m 59s,2.8%,188.4 MB,4 GB,497.7 MB,266.7 MB
4342,90/69670d,63237735_92,p20__virsorter2_pratama (493),COMPLETED,0,2026-10-06 12:33:08.429,14m 15s,42.7s,16.5%,257.1 MB,4 GB,489.1 MB,266.7 MB
4362,11/8865e6,63237735_97,p20__virsorter2_pratama (498),COMPLETED,0,2026-10-06 12:33:08.429,14m 15s,42.8s,16.4%,191.3 MB,4.2 GB,198.7 MB,266.7 MB
1701,d8/67dedc,63229217_16,p15__genomad_pratama (17),COMPLETED,0,2026-10-06 10:17:58.348,2h 29m 35s,2h 28m 4s,0.1%,189.4 MB,4 GB,200.3 MB,268.5 MB
4190,cf/57b313,63237735_54,p20__virsorter2_pratama (455),COMPLETED,0,2026-10-06 12:33:08.429,14m 25s,4m 34s,2.6%,190.4 MB,4.2 GB,469.6 MB,266.7 MB
3271,e4/36deed,63234150_24,p19__vibrant_pratama (225),COMPLETED,0,2026-10-06 11:40:08.429,1h 7m 45s,1h 7m 26s,0.2%,190.6 MB,4.1 GB,528.7 MB,275.1 MB
4306,c5/21c434,63237735_83,p20__virsorter2_pratama (484),COMPLETED,0,2026-10-06 12:33:08.429,14m 45s,1m 16s,7.8%,191.3 MB,4 GB,444.2 MB,266.7 MB
4179,81/88d58b,63237735_51,p20__virsorter2_pratama (452),COMPLETED,0,2026-10-06 12:33:08.429,14m 55s,5m,2.0%,186.4 MB,3.8 GB,489.8 MB,266.7 MB
4267,19/c596da,63237735_73,p20__virsorter2_pratama (474),COMPLETED,0,2026-10-06 12:33:08.429,14m 57s,5m 5s,1.9%,185.4 MB,3.9 GB,444.7 MB,266.7 MB
4345,9a/c13dc2,63237735_93,p20__virsorter2_pratama (494),COMPLETED,0,2026-10-06 12:33:08.429,14m 57s,1m 22s,7.5%,187 MB,3.8 GB,492.1 MB,266.7 MB
4290,e9/07e805,63237735_79,p20__virsorter2_pratama (480),COMPLETED,0,2026-10-06 12:33:08.429,15m 15s,5m 16s,1.9%,186.7 MB,3.9 GB,495.5 MB,266.6 MB
4326,10/dfcda5,63237735_88,p20__virsorter2_pratama (489),COMPLETED,0,2026-10-06 12:33:08.429,15m 15s,1m 45s,6.3%,190 MB,4.1 GB,487.8 MB,266.7 MB
4302,44/91dba6,63237735_82,p20__virsorter2_pratama (483),COMPLETED,0,2026-10-06 12:33:08.429,15m 25s,1m 49s,5.4%,188.9 MB,3.9 GB,465.4 MB,266.7 MB
3341,5e/b2d636,63234150_41,p19__vibrant_pratama (242),COMPLETED,0,2026-10-06 11:40:08.429,1h 8m 35s,56m 35s,0.2%,188.8 MB,4.1 GB,472.3 MB,270.4 MB
1648,d9/165dc3,63229217_3,p15__genomad_pratama (4),COMPLETED,0,2026-10-06 10:17:58.348,2h 31m 25s,2h 29m 52s,0.1%,190 MB,4.2 GB,199.4 MB,267.7 MB
4316,19/6f0aa3,63237735_86,p20__virsorter2_pratama (487),COMPLETED,0,2026-10-06 12:33:08.429,16m 25s,2m 47s,3.5%,190.3 MB,3.9 GB,474.1 MB,266.7 MB
3395,7d/2912df,63234150_55,p19__vibrant_pratama (256),COMPLETED,0,2026-10-06 11:40:08.429,1h 9m 35s,57m 36s,0.2%,186.9 MB,3.8 GB,454.8 MB,268.1 MB
4354,93/7a81f9,63237735_95,p20__virsorter2_pratama (496),COMPLETED,0,2026-10-06 12:33:08.429,17m 25s,3m 52s,2.9%,323.8 MB,4.2 GB,497.4 MB,266.7 MB
4358,7e/676ea5,63237735_96,p20__virsorter2_pratama (497),COMPLETED,0,2026-10-06 12:33:08.429,17m 25s,3m 54s,3.1%,187.4 MB,3.9 GB,501.2 MB,266.8 MB
4312,8a/8bd089,63237735_85,p20__virsorter2_pratama (486),COMPLETED,0,2026-10-06 12:33:08.429,17m 35s,4m 5s,2.4%,278.8 MB,4.2 GB,465.5 MB,266.7 MB
4366,f5/8334ce,63237735_98,p20__virsorter2_pratama (499),COMPLETED,0,2026-10-06 12:33:08.429,17m 45s,4m 11s,2.3%,212 MB,4.1 GB,442.3 MB,266.7 MB
4322,5b/64ad48,63237735_87,p20__virsorter2_pratama (488),COMPLETED,0,2026-10-06 12:33:08.429,17m 55s,4m 23s,2.0%,188 MB,3.8 GB,481.7 MB,266.7 MB
4370,f2/6cf773,63237735_99,p20__virsorter2_pratama (500),COMPLETED,0,2026-10-06 12:33:08.429,18m 7s,4m 36s,2.0%,188.2 MB,3.9 GB,450.6 MB,266.7 MB
4294,93/47fdbe,63237735_80,p20__virsorter2_pratama (481),COMPLETED,0,2026-10-06 12:33:08.429,18m 15s,4m 45s,2.3%,187.3 MB,3.8 GB,478.8 MB,266.7 MB
4330,b3/3beccb,63237735_89,p20__virsorter2_pratama (490),COMPLETED,0,2026-10-06 12:33:08.429,18m 15s,4m 41s,2.3%,186.2 MB,3.9 GB,492.3 MB,266.5 MB
4350,18/cf5b92,63237735_94,p20__virsorter2_pratama (495),COMPLETED,0,2026-10-06 12:33:08.429,18m 15s,4m 43s,2.2%,186.5 MB,3.8 GB,494.9 MB,266.7 MB
3230,0d/2275f2,63234150_14,p19__vibrant_pratama (215),COMPLETED,0,2026-10-06 11:40:08.429,1h 11m 45s,1h 11m 29s,0.2%,189.6 MB,4 GB,486.1 MB,271.3 MB
4310,55/62c26f,63237735_84,p20__virsorter2_pratama (485),COMPLETED,0,2026-10-06 12:33:08.429,18m 45s,5m 11s,1.9%,187.1 MB,3.8 GB,455.6 MB,266.7 MB
4334,30/10f07e,63237735_90,p20__virsorter2_pratama (491),COMPLETED,0,2026-10-06 12:33:08.429,18m 45s,5m 12s,2.0%,206.7 MB,4 GB,496.5 MB,266.7 MB
1909,45/29328d,63229217_67,p15__genomad_pratama (68),COMPLETED,0,2026-10-06 10:17:58.348,2h 35m 35s,2h 23m 16s,0.1%,189.3 MB,4.1 GB,200.1 MB,268.3 MB
1898,d5/317859,63229217_64,p15__genomad_pratama (65),COMPLETED,0,2026-10-06 10:17:58.348,2h 36m 35s,2h 24m 12s,0.1%,185.6 MB,3.9 GB,200.6 MB,268.9 MB
3530,62/afb681,63234150_89,p19__vibrant_pratama (290),COMPLETED,0,2026-10-06 11:40:08.429,1h 14m 25s,58m 47s,0.2%,188.6 MB,4.1 GB,455.4 MB,268.8 MB
2637,de/e71fcd,63235420_65,p12__deepvirfinder_pratama (66),COMPLETED,0,2026-10-06 11:59:50.213,56m 3s,42m,0.3%,189.5 MB,4.2 GB,434.5 MB,265.5 MB
1847,49/8d86ae,63229217_52,p15__genomad_pratama (53),COMPLETED,0,2026-10-06 10:17:58.348,2h 40m 45s,2h 28m 19s,0.1%,189 MB,4 GB,199.8 MB,268.1 MB
1851,cd/c8669c,63229217_53,p15__genomad_pratama (54),COMPLETED,0,2026-10-06 10:17:58.348,2h 41m 15s,2h 28m 51s,0.1%,192.1 MB,4.1 GB,199.5 MB,267.7 MB
2401,ad/266344,63235420_6,p12__deepvirfinder_pratama (7),COMPLETED,0,2026-10-06 11:59:50.213,59m 23s,56m 9s,0.2%,187.5 MB,3.9 GB,436.2 MB,265.6 MB
1983,98/9420bf,63229217_86,p15__genomad_pratama (87),COMPLETED,0,2026-10-06 10:17:58.348,2h 41m 25s,2h 25m 24s,0.1%,192.3 MB,4.1 GB,199.4 MB,267.7 MB
1902,63/ad27b2,63229217_65,p15__genomad_pratama (66),COMPLETED,0,2026-10-06 10:17:58.348,2h 41m 55s,2h 29m 31s,0.1%,185.4 MB,3.9 GB,200.5 MB,268.6 MB
2759,8d/9c412a,63235420_96,p12__deepvirfinder_pratama (97),COMPLETED,0,2026-10-06 11:59:50.213,1h 3s,46m 1s,0.3%,190.9 MB,4.2 GB,434.9 MB,265.7 MB
2574,05/6fe799,63235420_50,p12__deepvirfinder_pratama (51),COMPLETED,0,2026-10-06 11:59:50.213,1h 13s,49m 47s,0.2%,188.7 MB,4 GB,457.1 MB,268.4 MB
1906,ba/d53144,63229217_66,p15__genomad_pratama (67),COMPLETED,0,2026-10-06 10:17:58.348,2h 42m 45s,2h 30m 20s,0.1%,187.4 MB,4 GB,200.3 MB,268.5 MB
1764,c9/9d1c02,63229217_32,p15__genomad_pratama (33),COMPLETED,0,2026-10-06 10:17:58.348,2h 43m 15s,2h 41m 44s,0.1%,187.8 MB,4.2 GB,198.9 MB,267.2 MB
1715,3e/d0072a,63229217_19,p15__genomad_pratama (20),COMPLETED,0,2026-10-06 10:17:58.348,2h 44m 25s,2h 42m 51s,0.1%,189 MB,4 GB,199.8 MB,268 MB
1760,02/0ed1c7,63229217_31,p15__genomad_pratama (32),COMPLETED,0,2026-10-06 10:17:58.348,2h 44m 37s,2h 43m 10s,0.1%,188.7 MB,4.1 GB,199 MB,267.3 MB
2374,d2/dff13d,63235420_0,p12__deepvirfinder_pratama (1),COMPLETED,0,2026-10-06 11:59:50.213,1h 3m 45s,1h 30s,0.2%,190.7 MB,4 GB,439.3 MB,265.5 MB
3435,46/d49117,63234150_65,p19__vibrant_pratama (266),COMPLETED,0,2026-10-06 11:40:08.429,1h 24m 5s,1h 12m 7s,0.2%,185.8 MB,3.9 GB,458.8 MB,267.8 MB
3634,e3/acdfeb,63238918_15,p21__genomad_pratama (316),COMPLETED,0,2026-10-06 12:49:28.416,15m 35s,14m 44s,0.8%,191.2 MB,4.2 GB,197 MB,265.2 MB
2451,80/160209,63235420_18,p12__deepvirfinder_pratama (19),COMPLETED,0,2026-10-06 11:59:50.213,1h 5m 23s,1h 2m 17s,0.2%,190.5 MB,4 GB,439.3 MB,267.2 MB
2455,70/bcff62,63235420_19,p12__deepvirfinder_pratama (20),COMPLETED,0,2026-10-06 11:59:50.213,1h 5m 53s,1h 2m 47s,0.2%,188.9 MB,3.9 GB,456.8 MB,267.8 MB
2014,8f/ab641d,63229217_93,p15__genomad_pratama (94),COMPLETED,0,2026-10-06 10:17:58.348,2h 48m 5s,2h 32m 6s,0.1%,185.4 MB,3.8 GB,200.6 MB,268.8 MB
1918,04/afc2c5,63229217_69,p15__genomad_pratama (70),COMPLETED,0,2026-10-06 10:17:58.348,2h 48m 45s,2h 36m 22s,0.1%,186.8 MB,3.8 GB,200 MB,268.2 MB
1679,52/983267,63229217_10,p15__genomad_pratama (11),COMPLETED,0,2026-10-06 10:17:58.348,2h 48m 55s,2h 47m 25s,0.1%,190.3 MB,4.1 GB,199.3 MB,267.5 MB
3588,d6/a210cd,63238918_3,p21__genomad_pratama (304),COMPLETED,0,2026-10-06 12:49:28.416,18m 15s,17m 21s,0.6%,187.4 MB,4 GB,233.8 MB,301.5 MB
2438,b3/5df248,63235420_15,p12__deepvirfinder_pratama (16),COMPLETED,0,2026-10-06 11:59:50.213,1h 8m 23s,1h 5m 16s,0.2%,188.6 MB,4 GB,440.1 MB,266.7 MB
1929,33/d75999,63229217_72,p15__genomad_pratama (73),COMPLETED,0,2026-10-06 10:17:58.348,2h 50m 35s,2h 38m 11s,0.1%,189.6 MB,4.2 GB,199.5 MB,267.7 MB
3672,20/d7138e,63238918_24,p21__genomad_pratama (325),COMPLETED,0,2026-10-06 12:49:28.416,19m 15s,18m 30s,0.5%,189.5 MB,4.1 GB,200.4 MB,268.7 MB
2530,8e/0068a2,63235420_39,p12__deepvirfinder_pratama (40),COMPLETED,0,2026-10-06 11:59:50.213,1h 9m 23s,59m 2s,0.2%,189.6 MB,4 GB,437.9 MB,266 MB
2963,dd/d30224,63232870_47,p20__virsorter2_pratama (148),COMPLETED,0,2026-10-06 11:21:28.586,1h 48m 5s,1h 40m 9s,0.1%,185.8 MB,3.8 GB,481.7 MB,308.1 MB
1863,8d/e9f9be,63229217_56,p15__genomad_pratama (57),COMPLETED,0,2026-10-06 10:17:58.348,2h 51m 55s,2h 39m 27s,0.1%,190.5 MB,4.1 GB,199.9 MB,268.2 MB
3671,c2/c8d69f,63226909_24,p20__virsorter2_pratama (325),COMPLETED,0,2026-10-06 09:49:58.381,3h 20m 5s,3h 19m 33s,0.1%,190 MB,3.9 GB,436.9 MB,270 MB
2491,98/4ed3bb,63235420_29,p12__deepvirfinder_pratama (30),COMPLETED,0,2026-10-06 11:59:50.213,1h 10m 43s,1h 24s,0.2%,189 MB,4 GB,456 MB,265.9 MB
2665,d5/64fc9c,63235420_72,p12__deepvirfinder_pratama (73),COMPLETED,0,2026-10-06 11:59:50.213,1h 11m 13s,57m 12s,0.2%,190.1 MB,4.2 GB,438.5 MB,267.3 MB
2594,f9/521685,63235420_55,p12__deepvirfinder_pratama (56),COMPLETED,0,2026-10-06 11:59:50.213,1h 11m 23s,1h 1m 3s,0.2%,185.8 MB,3.8 GB,439.8 MB,265.4 MB
3009,cc/6a0443,63232870_58,p20__virsorter2_pratama (159),COMPLETED,0,2026-10-06 11:21:28.586,1h 50m 25s,1h 42m 30s,0.1%,187.2 MB,4 GB,439.7 MB,270.3 MB
1921,a8/28e207,63229217_70,p15__genomad_pratama (71),COMPLETED,0,2026-10-06 10:17:58.348,2h 54m 15s,2h 41m 52s,0.1%,186 MB,3.8 GB,199.7 MB,268.1 MB
3810,33/f87fb0,63238918_59,p21__genomad_pratama (360),COMPLETED,0,2026-10-06 12:49:28.416,23m 15s,15m 8s,0.6%,190.6 MB,4.1 GB,200.7 MB,268.9 MB
1960,d4/bf0e11,63229217_80,p15__genomad_pratama (81),COMPLETED,0,2026-10-06 10:17:58.348,2h 55m 25s,2h 39m 23s,0.1%,187.9 MB,4 GB,200.3 MB,268.5 MB
2488,67/479731,63235420_28,p12__deepvirfinder_pratama (29),COMPLETED,0,2026-10-06 11:59:50.213,1h 14m 13s,1h 3m 49s,0.2%,187 MB,4 GB,439.6 MB,265.3 MB
2033,60/2c378b,63229217_98,p15__genomad_pratama (99),COMPLETED,0,2026-10-06 10:17:58.348,2h 56m 25s,2h 40m 27s,0.1%,186.2 MB,3.9 GB,198.4 MB,266.7 MB
2507,54/41937e,63235420_33,p12__deepvirfinder_pratama (34),COMPLETED,0,2026-10-06 11:59:50.213,1h 15m 13s,1h 4m 51s,0.2%,191.3 MB,4.2 GB,439.8 MB,265.5 MB
3878,72/f7ca57,63238918_76,p21__genomad_pratama (377),COMPLETED,0,2026-10-06 12:49:28.416,25m 45s,17m 40s,0.5%,186 MB,3.8 GB,197.2 MB,265.5 MB
2701,83/25c1b0,63235420_81,p12__deepvirfinder_pratama (82),COMPLETED,0,2026-10-06 11:59:50.213,1h 15m 33s,1h 1m 33s,0.2%,185.9 MB,4 GB,447.6 MB,267.6 MB
2511,b8/46a060,63235420_34,p12__deepvirfinder_pratama (35),COMPLETED,0,2026-10-06 11:59:50.213,1h 16m 5s,1h 5m 39s,0.2%,188.2 MB,3.9 GB,456 MB,265.9 MB
1822,4d/78414c,63229217_46,p15__genomad_pratama (47),COMPLETED,0,2026-10-06 10:17:58.348,2h 58m 45s,2h 46m 22s,0.1%,187.3 MB,3.8 GB,199.9 MB,268.1 MB
2378,f0/1167cd,63235420_1,p12__deepvirfinder_pratama (2),COMPLETED,0,2026-10-06 11:59:50.213,1h 17m 5s,1h 14m,0.2%,192.8 MB,4.1 GB,456.1 MB,265.9 MB
3728,f6/573581,63238918_38,p21__genomad_pratama (339),COMPLETED,0,2026-10-06 12:49:28.416,27m 27s,26m 35s,0.4%,187.6 MB,3.9 GB,202.6 MB,270.8 MB
3772,84/edc227,63238918_49,p21__genomad_pratama (350),COMPLETED,0,2026-10-06 12:49:28.416,30m 55s,22m 45s,0.5%,186.4 MB,3.8 GB,227.9 MB,295.6 MB
2829,3d/c76ede,63232870_13,p20__virsorter2_pratama (114),COMPLETED,0,2026-10-06 11:21:28.586,1h 59m 36s,1h 58m 53s,0.1%,186 MB,3.9 GB,439.3 MB,270.8 MB
3612,3b/61789c,63238918_9,p21__genomad_pratama (310),COMPLETED,0,2026-10-06 12:49:28.416,34m 48s,34m 2s,0.3%,188.7 MB,4 GB,205.4 MB,273.5 MB
2025,57/c6a754,63229217_96,p15__genomad_pratama (97),COMPLETED,0,2026-10-06 10:17:58.348,3h 7m 5s,2h 51m 3s,0.1%,187.5 MB,4.1 GB,199.2 MB,267.5 MB
1964,86/c4bcb3,63229217_81,p15__genomad_pratama (82),COMPLETED,0,2026-10-06 10:17:58.348,3h 7m 45s,2h 51m 47s,0.1%,185.2 MB,3.8 GB,200 MB,268.3 MB
2570,b5/cf0cbc,63235420_49,p12__deepvirfinder_pratama (50),COMPLETED,0,2026-10-06 11:59:50.213,1h 26m 53s,1h 16m 33s,0.2%,189.8 MB,4.2 GB,444.3 MB,269.7 MB
3916,c5/34ba17,63238918_85,p21__genomad_pratama (386),COMPLETED,0,2026-10-06 12:49:28.416,37m 15s,25m 37s,0.4%,189.6 MB,4 GB,224.9 MB,292.7 MB
2599,c4/3f69df,63235420_56,p12__deepvirfinder_pratama (57),COMPLETED,0,2026-10-06 11:59:50.213,1h 27m 13s,1h 16m 53s,0.2%,189.4 MB,4.1 GB,456 MB,265.7 MB
3593,5a/7681a4,63238918_4,p21__genomad_pratama (305),COMPLETED,0,2026-10-06 12:49:28.416,37m 48s,37m 1s,0.3%,186.2 MB,4 GB,219.4 MB,286.9 MB
2473,47/824799,63235420_24,p12__deepvirfinder_pratama (25),COMPLETED,0,2026-10-06 11:59:50.213,1h 29m 13s,1h 18m 54s,0.2%,188.7 MB,4.2 GB,447.7 MB,265.7 MB
3695,50/c75efc,63238918_30,p21__genomad_pratama (331),COMPLETED,0,2026-10-06 12:49:28.416,40m 55s,40m 6s,0.2%,187.3 MB,4 GB,200.7 MB,268.9 MB
2029,22/96c916,63229217_97,p15__genomad_pratama (98),COMPLETED,0,2026-10-06 10:17:58.348,3h 13m 25s,2h 57m 23s,0.1%,189.2 MB,4 GB,199.1 MB,267.4 MB
2244,27/086be2,63221789_52,p14__virsorter2_pratama (153),COMPLETED,0,2026-10-06 08:41:18.521,4h 50m 55s,4h 39m 25s,0.1%,187.3 MB,3.8 GB,437.4 MB,271.6 MB
3854,d6/86095f,63238918_70,p21__genomad_pratama (371),COMPLETED,0,2026-10-06 12:49:28.416,44m 15s,36m 7s,0.3%,188.3 MB,4 GB,203.2 MB,271.3 MB
2118,a4/e1e95d,63221789_20,p14__virsorter2_pratama (121),COMPLETED,0,2026-10-06 08:41:18.521,4h 52m 45s,4h 44m 46s,0.1%,185.5 MB,3.8 GB,437.6 MB,273 MB
2710,0f/dbcc36,63235420_84,p12__deepvirfinder_pratama (85),COMPLETED,0,2026-10-06 11:59:50.213,1h 36m 3s,1h 21m 58s,0.2%,190.2 MB,4.1 GB,452.1 MB,270.6 MB
3780,e4/8a2e3f,63238918_51,p21__genomad_pratama (352),COMPLETED,0,2026-10-06 12:49:28.416,46m 45s,38m 39s,0.3%,186.6 MB,3.8 GB,218.8 MB,286.4 MB
1972,e7/26384e,63229217_83,p15__genomad_pratama (84),COMPLETED,0,2026-10-06 10:17:58.348,3h 19m 35s,3h 3m 34s,0.1%,189.6 MB,4 GB,200.2 MB,268.4 MB
1980,fa/aba693,63229217_85,p15__genomad_pratama (86),COMPLETED,0,2026-10-06 10:17:58.348,3h 19m 55s,3h 4m,0.1%,185.3 MB,3.8 GB,199.8 MB,268.2 MB
3739,27/8bbf8d,63238918_41,p21__genomad_pratama (342),COMPLETED,0,2026-10-06 12:49:28.416,49m 5s,40m 55s,0.2%,189.9 MB,4 GB,202.5 MB,270.7 MB
3097,41/d7ceb4,63232870_80,p20__virsorter2_pratama (181),COMPLETED,0,2026-10-06 11:21:28.586,2h 18m 15s,2h 6m 38s,0.1%,187.3 MB,3.8 GB,440.4 MB,269.2 MB
2915,dd/225f4b,63232870_35,p20__virsorter2_pratama (136),COMPLETED,0,2026-10-06 11:21:28.586,2h 19m 55s,2h 19m 20s,0.1%,190 MB,4 GB,460.2 MB,291.5 MB
3945,fb/3d88b5,63238918_92,p21__genomad_pratama (393),COMPLETED,0,2026-10-06 12:49:28.416,55m 15s,43m 36s,0.2%,187.3 MB,3.9 GB,204.8 MB,272.9 MB
3639,4f/756220,63238918_16,p21__genomad_pratama (317),COMPLETED,0,2026-10-06 12:49:28.416,57m 55s,57m 9s,0.2%,190.2 MB,4.1 GB,203.8 MB,271.9 MB
2669,84/6a9e31,63235420_73,p12__deepvirfinder_pratama (74),COMPLETED,0,2026-10-06 11:59:50.213,1h 47m 43s,1h 33m 39s,0.1%,186.4 MB,3.9 GB,458.9 MB,270.2 MB
3698,2e/9e6a06,63238918_31,p21__genomad_pratama (332),COMPLETED,0,2026-10-06 12:49:28.416,58m 25s,57m 35s,0.2%,186.5 MB,4 GB,200.9 MB,269.1 MB
1975,03/50417e,63229217_84,p15__genomad_pratama (85),COMPLETED,0,2026-10-06 10:17:58.348,3h 30m 5s,3h 14m 10s,0.1%,186.4 MB,4 GB,200.1 MB,268.5 MB
2619,41/43f1cd,63235420_61,p12__deepvirfinder_pratama (62),COMPLETED,0,2026-10-06 11:59:50.213,1h 50m 33s,1h 36m 31s,0.2%,186 MB,3.8 GB,444 MB,266.9 MB
3067,19/aa5475,63232870_73,p20__virsorter2_pratama (174),COMPLETED,0,2026-10-06 11:21:28.586,2h 29m 15s,2h 21m 14s,0.1%,186 MB,3.8 GB,515.2 MB,346 MB
1925,41/4ae9ae,63229217_71,p15__genomad_pratama (72),COMPLETED,0,2026-10-06 10:17:58.348,3h 33m 17s,3h 20m 49s,0.1%,186.4 MB,3.9 GB,199.7 MB,268 MB
1868,a0/8d69c4,63229217_57,p15__genomad_pratama (58),COMPLETED,0,2026-10-06 10:17:58.348,3h 33m 35s,3h 21m 14s,0.1%,189.2 MB,4 GB,199.8 MB,268 MB
3823,b2/e9c991,63238918_62,p21__genomad_pratama (363),COMPLETED,0,2026-10-06 12:49:28.416,1h 2m 25s,54m 22s,0.2%,186.1 MB,3.9 GB,201.4 MB,269.5 MB
3783,63/dc1aa3,63238918_52,p21__genomad_pratama (353),COMPLETED,0,2026-10-06 12:49:28.416,1h 2m 45s,54m 36s,0.2%,186.8 MB,3.8 GB,218 MB,285.6 MB
2950,54/b5d248,63232870_44,p20__virsorter2_pratama (145),COMPLETED,0,2026-10-06 11:21:28.586,2h 31m 35s,2h 23m 39s,0.1%,186.8 MB,3.8 GB,480.5 MB,311.8 MB
3918,34/71c2cb,63238918_86,p21__genomad_pratama (387),COMPLETED,0,2026-10-06 12:49:28.416,1h 3m 35s,51m 55s,0.2%,186.8 MB,4.1 GB,213.5 MB,281.3 MB
3818,6d/8bb245,63238918_61,p21__genomad_pratama (362),COMPLETED,0,2026-10-06 12:49:28.416,1h 4m 15s,56m 7s,0.2%,189.2 MB,3.9 GB,197.6 MB,265.9 MB
3702,d0/e7f59e,63238918_32,p21__genomad_pratama (333),COMPLETED,0,2026-10-06 12:49:28.416,1h 8m 15s,1h 7m 24s,0.2%,188.9 MB,3.9 GB,200.8 MB,269.1 MB
3882,5c/557521,63238918_77,p21__genomad_pratama (378),COMPLETED,0,2026-10-06 12:49:28.416,1h 9m 57s,1h 1m 44s,0.2%,186.7 MB,3.8 GB,202.6 MB,270.8 MB
1871,ca/478dfd,63229217_58,p15__genomad_pratama (59),COMPLETED,0,2026-10-06 10:17:58.348,3h 41m 45s,3h 29m 24s,0.1%,186.5 MB,3.9 GB,199.7 MB,267.9 MB
3706,06/5b85a1,63238918_33,p21__genomad_pratama (334),COMPLETED,0,2026-10-06 12:49:28.416,1h 10m 15s,1h 9m 25s,0.2%,186.9 MB,3.9 GB,200.7 MB,269 MB
3969,3e/e6a93d,63238918_98,p21__genomad_pratama (399),COMPLETED,0,2026-10-06 12:49:28.416,1h 11m 35s,59m 50s,0.2%,188.8 MB,4.2 GB,203.9 MB,272 MB
3643,dd/cde11a,63238918_17,p21__genomad_pratama (318),COMPLETED,0,2026-10-06 12:49:28.416,1h 12m 25s,1h 11m 34s,0.2%,189.7 MB,4.2 GB,203.6 MB,271.7 MB
3743,6c/6d5119,63238918_42,p21__genomad_pratama (343),COMPLETED,0,2026-10-06 12:49:28.416,1h 15m 15s,1h 7m 12s,0.2%,186 MB,3.9 GB,202.4 MB,270.6 MB
3719,6b/f145cb,63244717_36,p19__vibrant_pratama (337),COMPLETED,0,2026-10-06 13:59:50.483,7m 13s,19.4s,27.5%,176.1 MB,3.8 GB,476.5 MB,264.7 MB
3595,62/0035ad,63244717_5,p19__vibrant_pratama (306),COMPLETED,0,2026-10-06 13:59:50.483,7m 23s,30.2s,22.8%,177.9 MB,4.1 GB,460.7 MB,265 MB
3616,d9/65ac2a,63244717_10,p19__vibrant_pratama (311),COMPLETED,0,2026-10-06 13:59:50.483,7m 23s,25.8s,29.6%,177.3 MB,4 GB,491.1 MB,265.1 MB
3640,5f/560905,63244717_16,p19__vibrant_pratama (317),COMPLETED,0,2026-10-06 13:59:50.483,7m 23s,30.9s,19.6%,147.3 MB,3.7 GB,455.2 MB,265 MB
3575,4c/cd7e80,63244717_0,p19__vibrant_pratama (301),COMPLETED,0,2026-10-06 13:59:50.483,7m 33s,39.8s,18.8%,178.6 MB,4.1 GB,472.5 MB,265 MB
3889,2a/311f1f,63238918_78,p21__genomad_pratama (379),COMPLETED,0,2026-10-06 12:49:28.416,1h 18m 5s,1h 10m,0.2%,184.8 MB,3.9 GB,202.3 MB,270.5 MB
3583,74/8cc7ea,63244717_1,p19__vibrant_pratama (303),COMPLETED,0,2026-10-06 13:59:50.483,7m 45s,48.7s,15.4%,185.7 MB,3.8 GB,482.4 MB,265 MB
3656,36/ee849f,63244717_20,p19__vibrant_pratama (321),COMPLETED,0,2026-10-06 13:59:50.483,7m 53s,1m 2s,9.1%,186.5 MB,3.8 GB,477.8 MB,265 MB
3637,44/18194f,63244717_15,p19__vibrant_pratama (316),COMPLETED,0,2026-10-06 13:59:50.483,8m 3s,1m 11s,7.8%,155.5 MB,3.9 GB,209.1 MB,265 MB
3653,c0/721192,63244717_19,p19__vibrant_pratama (320),COMPLETED,0,2026-10-06 13:59:50.483,8m 3s,1m 13s,7.8%,182.8 MB,4.1 GB,473.6 MB,265 MB
3703,56/828201,63244717_32,p19__vibrant_pratama (333),COMPLETED,0,2026-10-06 13:59:50.483,8m 3s,1m 5s,9.6%,175.6 MB,4 GB,454.2 MB,265 MB
3679,d8/3a749b,63244717_26,p19__vibrant_pratama (327),COMPLETED,0,2026-10-06 13:59:50.483,8m 13s,1m 23s,6.3%,188.2 MB,3.9 GB,490.6 MB,264.9 MB
3668,a3/0f1701,63244717_23,p19__vibrant_pratama (324),COMPLETED,0,2026-10-06 13:59:50.483,8m 55s,2m 3s,4.5%,91.3 MB,3.6 GB,488.7 MB,265 MB
3724,93/3745a1,63244717_37,p19__vibrant_pratama (338),COMPLETED,0,2026-10-06 13:59:50.483,8m 55s,2m 6s,4.3%,176.3 MB,3.9 GB,482 MB,265 MB
3682,2f/5b006e,63244717_27,p19__vibrant_pratama (328),COMPLETED,0,2026-10-06 13:59:50.483,9m 13s,2m 20s,3.8%,177.6 MB,3.8 GB,494 MB,265.1 MB
3699,f3/937a24,63244717_31,p19__vibrant_pratama (332),COMPLETED,0,2026-10-06 13:59:50.483,9m 13s,2m 20s,4.1%,187.5 MB,3.9 GB,447.9 MB,265.2 MB
3620,b5/480b6c,63244717_11,p19__vibrant_pratama (312),COMPLETED,0,2026-10-06 13:59:50.483,9m 33s,2m 39s,4.1%,188.4 MB,4 GB,493.2 MB,265 MB
3598,9d/272a00,63244717_6,p19__vibrant_pratama (307),COMPLETED,0,2026-10-06 13:59:50.483,9m 43s,2m 47s,4.1%,181.1 MB,4.1 GB,476 MB,265 MB
3628,f5/144520,63244717_13,p19__vibrant_pratama (314),COMPLETED,0,2026-10-06 13:59:50.483,9m 43s,2m 52s,3.7%,172.6 MB,4 GB,496.7 MB,265 MB
3602,23/f7af27,63244717_7,p19__vibrant_pratama (308),COMPLETED,0,2026-10-06 13:59:50.483,9m 55s,3m 1s,3.8%,149.8 MB,3.9 GB,488.6 MB,265 MB
3676,ee/002f7b,63244717_25,p19__vibrant_pratama (326),COMPLETED,0,2026-10-06 13:59:50.483,9m 55s,3m,3.2%,176.4 MB,3.9 GB,486.7 MB,264.9 MB
3625,28/bbf1e9,63244717_12,p19__vibrant_pratama (313),COMPLETED,0,2026-10-06 13:59:50.483,10m 3s,3m 11s,3.6%,176.1 MB,3.9 GB,495.4 MB,265.1 MB
3606,37/6f4f1e,63244717_8,p19__vibrant_pratama (309),COMPLETED,0,2026-10-06 13:59:50.483,10m 13s,3m 19s,3.8%,179 MB,4 GB,468 MB,265.1 MB
3941,d7/c70754,63238918_91,p21__genomad_pratama (392),COMPLETED,0,2026-10-06 12:49:28.416,1h 20m 55s,1h 9m 16s,0.2%,188.5 MB,3.9 GB,200.3 MB,268.5 MB
3645,65/97c5f5,63244717_17,p19__vibrant_pratama (318),COMPLETED,0,2026-10-06 13:59:50.483,10m 43s,3m 52s,2.5%,181.5 MB,4 GB,462.9 MB,265 MB
3710,34/2fe115,63244717_34,p19__vibrant_pratama (335),COMPLETED,0,2026-10-06 13:59:50.483,10m 43s,3m 46s,2.6%,184.8 MB,3.9 GB,466.3 MB,265 MB
3660,b0/f042cc,63244717_21,p19__vibrant_pratama (322),COMPLETED,0,2026-10-06 13:59:50.483,10m 55s,4m,2.6%,175.9 MB,3.9 GB,482 MB,265 MB
3868,be/b993bf,63244717_73,p19__vibrant_pratama (374),COMPLETED,0,2026-10-06 13:59:50.483,10m 55s,22.4s,29.9%,180.7 MB,4.1 GB,495.2 MB,265 MB
3732,50/1f0afb,63244717_39,p19__vibrant_pratama (340),COMPLETED,0,2026-10-06 13:59:50.483,11m 3s,4m 11s,2.6%,178.9 MB,4.1 GB,495.6 MB,265 MB
3754,d0/bbc3ae,63244717_45,p19__vibrant_pratama (346),COMPLETED,0,2026-10-06 13:59:50.483,11m 3s,25.9s,27.1%,176.6 MB,3.9 GB,476.7 MB,265 MB
3807,b1/c13574,63244717_58,p19__vibrant_pratama (359),COMPLETED,0,2026-10-06 13:59:50.483,11m 3s,32.3s,17.9%,187.2 MB,4 GB,496.1 MB,265 MB
3649,57/abb5f7,63244717_18,p19__vibrant_pratama (319),COMPLETED,0,2026-10-06 13:59:50.483,11m 13s,4m 18s,2.1%,177.6 MB,3.8 GB,468.9 MB,265 MB
3664,40/a1d68f,63244717_22,p19__vibrant_pratama (323),COMPLETED,0,2026-10-06 13:59:50.483,11m 13s,4m 22s,2.1%,38.2 MB,2.4 GB,485.5 MB,265 MB
3686,71/b3febe,63244717_28,p19__vibrant_pratama (329),COMPLETED,0,2026-10-06 13:59:50.483,11m 23s,4m 26s,2.1%,178.2 MB,4 GB,496.8 MB,265 MB
3690,2c/a353ba,63244717_29,p19__vibrant_pratama (330),COMPLETED,0,2026-10-06 13:59:50.483,11m 23s,4m 25s,2.1%,81.1 MB,3.5 GB,361.8 MB,265 MB
3578,7c/ee8619,63244717_2,p19__vibrant_pratama (302),COMPLETED,0,2026-10-06 13:59:50.483,11m 33s,4m 40s,2.7%,179.8 MB,3.9 GB,477.3 MB,265 MB
3714,96/8f3c4c,63244717_35,p19__vibrant_pratama (336),COMPLETED,0,2026-10-06 13:59:50.483,11m 33s,4m 40s,2.0%,188 MB,4 GB,471.8 MB,265 MB
3750,c2/6eeb77,63244717_44,p19__vibrant_pratama (345),COMPLETED,0,2026-10-06 13:59:50.483,11m 43s,1m 12s,9.3%,176.6 MB,3.9 GB,470.2 MB,265 MB
3799,f8/72276c,63244717_56,p19__vibrant_pratama (357),COMPLETED,0,2026-10-06 13:59:50.483,11m 43s,1m 3s,8.9%,178.6 MB,3.9 GB,486.3 MB,265 MB
3632,af/18ec03,63244717_14,p19__vibrant_pratama (315),COMPLETED,0,2026-10-06 13:59:50.483,11m 53s,4m 59s,2.3%,179.4 MB,4 GB,498.9 MB,265 MB
3707,1d/28f5ee,63244717_33,p19__vibrant_pratama (334),COMPLETED,0,2026-10-06 13:59:50.483,11m 55s,4m 55s,1.8%,179.9 MB,3.9 GB,460.5 MB,264.9 MB
3828,9c/891bf0,63244717_63,p19__vibrant_pratama (364),COMPLETED,0,2026-10-06 13:59:50.483,12m 3s,1m 28s,6.7%,189 MB,4 GB,458.2 MB,265 MB
2877,b8/3eec88,63232870_25,p20__virsorter2_pratama (126),COMPLETED,0,2026-10-06 11:21:28.586,2h 50m 35s,2h 49m 52s,0.1%,187.2 MB,3.8 GB,484.1 MB,316.5 MB
3762,45/531785,63244717_47,p19__vibrant_pratama (348),COMPLETED,0,2026-10-06 13:59:50.483,12m 13s,1m 38s,6.9%,98.4 MB,3.7 GB,487.9 MB,265 MB
3796,79/908bf8,63244717_55,p19__vibrant_pratama (356),COMPLETED,0,2026-10-06 13:59:50.483,12m 13s,1m 37s,5.5%,181.9 MB,3.9 GB,479.1 MB,265 MB
3864,9e/360c32,63244717_72,p19__vibrant_pratama (373),COMPLETED,0,2026-10-06 13:59:50.483,12m 13s,1m 34s,6.8%,178.5 MB,4.1 GB,493 MB,265 MB
3877,d6/473353,63244717_75,p19__vibrant_pratama (376),COMPLETED,0,2026-10-06 13:59:50.483,12m 33s,1m 56s,4.7%,176.5 MB,3.8 GB,498.7 MB,265 MB
3742,9c/27fefa,63244717_42,p19__vibrant_pratama (343),COMPLETED,0,2026-10-06 13:59:50.483,12m 43s,2m 11s,5.0%,181 MB,4.1 GB,454.3 MB,265 MB
3774,85/85b659,63244717_50,p19__vibrant_pratama (351),COMPLETED,0,2026-10-06 13:59:50.483,12m 43s,2m 3s,4.8%,187.5 MB,4.1 GB,332.1 MB,265 MB
3873,e4/860642,63244717_74,p19__vibrant_pratama (375),COMPLETED,0,2026-10-06 13:59:50.483,12m 43s,2m 11s,4.5%,176.7 MB,3.9 GB,496.6 MB,265 MB
3837,d6/5fd446,63244717_65,p19__vibrant_pratama (366),COMPLETED,0,2026-10-06 13:59:50.483,12m 53s,2m 21s,3.8%,177.3 MB,4 GB,475.4 MB,265 MB
3883,74/31241b,63244717_77,p19__vibrant_pratama (378),COMPLETED,0,2026-10-06 13:59:50.483,13m 5s,2m 29s,4.2%,181.6 MB,4.1 GB,454.1 MB,265 MB
3758,df/3236bc,63244717_46,p19__vibrant_pratama (347),COMPLETED,0,2026-10-06 13:59:50.483,13m 13s,2m 41s,4.4%,179.5 MB,4 GB,483.1 MB,265 MB
3844,27/e7bf38,63244717_67,p19__vibrant_pratama (368),COMPLETED,0,2026-10-06 13:59:50.483,13m 13s,2m 41s,3.6%,177.7 MB,4 GB,487.5 MB,265 MB
3820,cb/2cddc7,63244717_61,p19__vibrant_pratama (362),COMPLETED,0,2026-10-06 13:59:50.483,13m 23s,2m 45s,2.7%,186.6 MB,3.8 GB,286.4 MB,264.9 MB
3888,52/b804f1,63244717_78,p19__vibrant_pratama (379),COMPLETED,0,2026-10-06 13:59:50.483,13m 23s,2m 51s,3.7%,179.8 MB,3.9 GB,462.1 MB,265 MB
3829,d3/1b8823,63238918_63,p21__genomad_pratama (364),COMPLETED,0,2026-10-06 12:49:28.416,1h 23m 55s,1h 15m 45s,0.2%,189.1 MB,3.9 GB,201.2 MB,269.4 MB
3840,08/268137,63244717_66,p19__vibrant_pratama (367),COMPLETED,0,2026-10-06 13:59:50.483,13m 33s,2m 54s,3.2%,177.2 MB,3.8 GB,482.7 MB,265 MB
3881,99/843bb3,63244717_76,p19__vibrant_pratama (377),COMPLETED,0,2026-10-06 13:59:50.483,13m 33s,2m 55s,4.0%,179.3 MB,4 GB,221.6 MB,265 MB
2641,d7/13c7e6,63235420_66,p12__deepvirfinder_pratama (67),COMPLETED,0,2026-10-06 11:59:50.213,2h 13m 43s,1h 59m 43s,0.1%,191.4 MB,4.2 GB,456.9 MB,267.3 MB
3746,74/b32d77,63244717_43,p19__vibrant_pratama (344),COMPLETED,0,2026-10-06 13:59:50.483,13m 43s,3m 12s,3.3%,175.7 MB,3.8 GB,462.6 MB,265 MB
3816,24/29090f,63244717_60,p19__vibrant_pratama (361),COMPLETED,0,2026-10-06 13:59:50.483,13m 43s,3m 3s,3.2%,78.7 MB,3.7 GB,497 MB,265 MB
3833,e0/a49f64,63244717_64,p19__vibrant_pratama (365),COMPLETED,0,2026-10-06 13:59:50.483,13m 43s,3m 8s,2.7%,180 MB,3.9 GB,467.5 MB,265 MB
3784,a7/90e5ba,63244717_52,p19__vibrant_pratama (353),COMPLETED,0,2026-10-06 13:59:50.483,14m 13s,3m 37s,2.7%,176.5 MB,3.8 GB,451.5 MB,265 MB
3792,ec/22ca5a,63244717_54,p19__vibrant_pratama (355),COMPLETED,0,2026-10-06 13:59:50.483,14m 33s,4m 1s,2.4%,178.3 MB,3.9 GB,470.7 MB,265 MB
3824,4c/5e38fe,63244717_62,p19__vibrant_pratama (363),COMPLETED,0,2026-10-06 13:59:50.483,14m 33s,4m,2.1%,186.1 MB,3.8 GB,448.1 MB,265.7 MB
3956,3f/6e612d,63244717_95,p19__vibrant_pratama (396),COMPLETED,0,2026-10-06 13:59:50.483,14m 33s,18.1s,35.2%,176.7 MB,3.8 GB,496 MB,265 MB
3859,9d/16820a,63244717_71,p19__vibrant_pratama (372),COMPLETED,0,2026-10-06 13:59:50.483,14m 53s,4m 18s,2.6%,180.3 MB,4 GB,490.9 MB,265 MB
3891,48/edd465,63244717_79,p19__vibrant_pratama (380),COMPLETED,0,2026-10-06 13:59:50.483,14m 53s,4m 15s,2.6%,188.3 MB,4.1 GB,468.4 MB,265 MB
3766,01/c41993,63244717_48,p19__vibrant_pratama (349),COMPLETED,0,2026-10-06 13:59:50.483,15m 5s,4m 24s,2.3%,167.9 MB,3.9 GB,491.9 MB,265 MB
3846,aa/a0b32c,63244717_68,p19__vibrant_pratama (369),COMPLETED,0,2026-10-06 13:59:50.483,15m 5s,4m 28s,2.3%,179.2 MB,4.1 GB,491 MB,265 MB
3851,e7/660f7f,63244717_69,p19__vibrant_pratama (370),COMPLETED,0,2026-10-06 13:59:50.483,15m 5s,4m 23s,2.4%,175.2 MB,3.8 GB,494.3 MB,265 MB
3906,56/c7775b,63244717_83,p19__vibrant_pratama (384),COMPLETED,0,2026-10-06 13:59:50.483,15m 5s,46.4s,15.6%,175.9 MB,4.1 GB,485.2 MB,265 MB
3968,d2/ce45c1,63244717_98,p19__vibrant_pratama (399),COMPLETED,0,2026-10-06 13:59:50.483,15m 5s,46.3s,12.7%,80.2 MB,3.5 GB,455.6 MB,265 MB
3736,98/19f966,63244717_40,p19__vibrant_pratama (341),COMPLETED,0,2026-10-06 13:59:50.483,15m 13s,4m 38s,2.6%,187 MB,4.1 GB,447 MB,265 MB
3785,48/573ee9,63244717_53,p19__vibrant_pratama (354),COMPLETED,0,2026-10-06 13:59:50.483,15m 13s,4m 40s,2.0%,188.8 MB,4 GB,461.1 MB,265 MB
3787,df/7df7eb,63238918_53,p21__genomad_pratama (354),COMPLETED,0,2026-10-06 12:49:28.416,1h 25m 45s,1h 17m 37s,0.2%,190.7 MB,4.2 GB,216.9 MB,284.5 MB
3970,36/9748c6,63238918_99,p21__genomad_pratama (400),COMPLETED,0,2026-10-06 12:49:28.416,1h 25m 45s,1h 14m 2s,0.2%,188.6 MB,3.9 GB,203.6 MB,271.6 MB
3895,b7/2e4c0d,63244717_80,p19__vibrant_pratama (381),COMPLETED,0,2026-10-06 13:59:50.483,15m 23s,1m 8s,8.9%,188.5 MB,3.9 GB,473.3 MB,265.1 MB
3960,40/3d67fe,63244717_96,p19__vibrant_pratama (397),COMPLETED,0,2026-10-06 13:59:50.483,15m 23s,1m 7s,10.3%,186.4 MB,3.8 GB,497.2 MB,265 MB
3902,5e/7546d6,63244717_82,p19__vibrant_pratama (383),COMPLETED,0,2026-10-06 13:59:50.483,15m 33s,1m 14s,9.3%,189.2 MB,4 GB,481.8 MB,265 MB
3803,9f/4b7f5e,63244717_57,p19__vibrant_pratama (358),COMPLETED,0,2026-10-06 13:59:50.483,15m 43s,5m 4s,1.9%,182.1 MB,4 GB,491.5 MB,264.9 MB
3925,e3/181d44,63244717_87,p19__vibrant_pratama (388),COMPLETED,0,2026-10-06 13:59:50.483,16m 5s,1m 49s,6.2%,187.5 MB,4 GB,463 MB,265 MB
3591,db/fc62bc,63244717_4,p19__vibrant_pratama (305),COMPLETED,0,2026-10-06 13:59:50.483,16m 13s,9m 17s,1.3%,191.5 MB,4.2 GB,466.4 MB,272.1 MB
3964,a9/cd8ef8,63244717_97,p19__vibrant_pratama (398),COMPLETED,0,2026-10-06 13:59:50.483,16m 33s,2m 13s,5.0%,191.4 MB,4 GB,399.8 MB,265.1 MB
3596,cb/dad473,63238918_5,p21__genomad_pratama (306),COMPLETED,0,2026-10-06 12:49:28.416,1h 27m 5s,1h 26m 14s,0.1%,187.6 MB,3.8 GB,218.6 MB,286.1 MB
3740,51/369db2,63244717_41,p19__vibrant_pratama (342),COMPLETED,0,2026-10-06 13:59:50.483,17m 3s,6m 27s,2.0%,190.2 MB,4 GB,447.9 MB,266.1 MB
3926,ea/32a0d3,63244717_88,p19__vibrant_pratama (389),COMPLETED,0,2026-10-06 13:59:50.483,17m 4s,2m 45s,3.7%,188.1 MB,4.2 GB,476.9 MB,265 MB
3932,84/cdf798,63244717_89,p19__vibrant_pratama (390),COMPLETED,0,2026-10-06 13:59:50.483,17m 13s,2m 57s,3.5%,181.1 MB,4.1 GB,487.6 MB,265 MB
3971,dc/527684,63244717_99,p19__vibrant_pratama (400),COMPLETED,0,2026-10-06 13:59:50.483,17m 53s,3m 38s,2.9%,179.6 MB,4.1 GB,463.6 MB,265 MB
3934,a2/8b0a90,63244717_90,p19__vibrant_pratama (391),COMPLETED,0,2026-10-06 13:59:50.483,18m 3s,3m 48s,2.9%,176.8 MB,3.8 GB,494.4 MB,265 MB
3694,42/02a014,63244717_30,p19__vibrant_pratama (331),COMPLETED,0,2026-10-06 13:59:50.483,18m 33s,11m 38s,0.9%,189.6 MB,4.2 GB,448.4 MB,267.5 MB
3910,c7/753ec3,63244717_84,p19__vibrant_pratama (385),COMPLETED,0,2026-10-06 13:59:50.483,18m 33s,4m 20s,3.0%,179.6 MB,4.1 GB,488.5 MB,265 MB
3952,b1/6fc9d9,63244717_94,p19__vibrant_pratama (395),COMPLETED,0,2026-10-06 13:59:50.483,18m 33s,4m 15s,3.0%,175.4 MB,3.9 GB,494 MB,265.1 MB
3898,38/518789,63244717_81,p19__vibrant_pratama (382),COMPLETED,0,2026-10-06 13:59:50.483,18m 43s,4m 24s,2.2%,180.2 MB,4 GB,477.5 MB,265 MB
3938,4b/dc5c25,63244717_91,p19__vibrant_pratama (392),COMPLETED,0,2026-10-06 13:59:50.483,19m 3s,4m 41s,2.2%,179.6 MB,3.9 GB,331.2 MB,264.9 MB
3948,62/992506,63244717_93,p19__vibrant_pratama (394),COMPLETED,0,2026-10-06 13:59:50.483,19m 15s,5m,2.0%,186.7 MB,3.9 GB,491.8 MB,265 MB
2405,77/80224b,63235420_7,p12__deepvirfinder_pratama (8),COMPLETED,0,2026-10-06 11:59:50.213,2h 19m 33s,2h 16m 23s,0.1%,187.7 MB,3.9 GB,457.6 MB,267.7 MB
3748,90/fbc923,63238918_43,p21__genomad_pratama (344),COMPLETED,0,2026-10-06 12:49:28.416,1h 30m 37s,1h 22m 32s,0.2%,189.1 MB,4 GB,202.1 MB,270.3 MB
3923,9a/54da00,63238918_87,p21__genomad_pratama (388),COMPLETED,0,2026-10-06 12:49:28.416,1h 32m 5s,1h 20m 26s,0.2%,191.5 MB,4.2 GB,211.8 MB,279.6 MB
3718,b2/158da2,63238918_36,p21__genomad_pratama (337),COMPLETED,0,2026-10-06 12:49:28.416,1h 32m 15s,1h 31m 29s,0.1%,189.6 MB,4.1 GB,200 MB,268.3 MB
3921,2b/664aeb,63244717_86,p19__vibrant_pratama (387),COMPLETED,0,2026-10-06 13:59:50.483,21m 53s,7m 32s,1.4%,190.3 MB,4.1 GB,455.7 MB,268 MB
2762,c4/1082e5,63235420_97,p12__deepvirfinder_pratama (98),COMPLETED,0,2026-10-06 11:59:50.213,2h 22m 3s,2h 7m 58s,0.1%,188.7 MB,4.1 GB,457.8 MB,267.7 MB
2540,58/bcdd18,63235420_41,p12__deepvirfinder_pratama (42),COMPLETED,0,2026-10-06 11:59:50.213,2h 24m 13s,2h 13m 51s,0.1%,189.5 MB,4.2 GB,460.7 MB,268.4 MB
3832,e1/5040d8,63238918_64,p21__genomad_pratama (365),COMPLETED,0,2026-10-06 12:49:28.416,1h 34m 55s,1h 26m 46s,0.1%,190.5 MB,4.1 GB,200.7 MB,269 MB
3581,92/534b32,63238918_1,p21__genomad_pratama (302),COMPLETED,0,2026-10-06 12:49:28.416,1h 35m 51s,1h 34m 54s,0.1%,186.7 MB,3.8 GB,199.7 MB,267.9 MB
3646,e1/51a040,63238918_18,p21__genomad_pratama (319),COMPLETED,0,2026-10-06 12:49:28.416,1h 37m 15s,1h 36m 26s,0.1%,192 MB,4.1 GB,203.2 MB,271.3 MB
3715,34/f881f2,63238918_35,p21__genomad_pratama (336),COMPLETED,0,2026-10-06 12:49:28.416,1h 37m 35s,1h 36m 42s,0.1%,188.4 MB,4 GB,200.2 MB,268.5 MB
3711,72/40842c,63238918_34,p21__genomad_pratama (335),COMPLETED,0,2026-10-06 12:49:28.416,1h 38m 5s,1h 37m 14s,0.1%,190.2 MB,4 GB,200.5 MB,268.7 MB
3896,6c/a6aea7,63238918_80,p21__genomad_pratama (381),COMPLETED,0,2026-10-06 12:49:28.416,1h 39m 35s,1h 27m 51s,0.1%,187.8 MB,4 GB,201.9 MB,270 MB
2315,ef/0db1f3,63221789_69,p14__virsorter2_pratama (170),COMPLETED,0,2026-10-06 08:41:18.521,5h 48m 15s,5h 36m 44s,0.1%,186.1 MB,3.9 GB,445 MB,279.5 MB
3778,de/ffdcc2,63244717_51,p19__vibrant_pratama (352),COMPLETED,0,2026-10-06 13:59:50.483,30m 23s,19m 43s,0.5%,190.6 MB,4.1 GB,484.4 MB,278.8 MB
3599,71/4f4765,63238918_6,p21__genomad_pratama (307),COMPLETED,0,2026-10-06 12:49:28.416,1h 41m 25s,1h 40m 37s,0.1%,185.4 MB,4 GB,215.3 MB,282.9 MB
3577,21/b681a0,63238918_0,p21__genomad_pratama (301),COMPLETED,0,2026-10-06 12:49:28.416,1h 43m 35s,1h 42m 48s,0.1%,190.8 MB,4 GB,199.8 MB,268 MB
3892,29/359227,63238918_79,p21__genomad_pratama (380),COMPLETED,0,2026-10-06 12:49:28.416,1h 44m 35s,1h 36m 29s,0.1%,189.8 MB,4.1 GB,202 MB,270.2 MB
3611,b9/499b62,63244717_9,p19__vibrant_pratama (310),COMPLETED,0,2026-10-06 13:59:50.483,34m 23s,27m 25s,0.5%,189.3 MB,4 GB,461.3 MB,269 MB
3776,02/5e8ab2,63238918_50,p21__genomad_pratama (351),COMPLETED,0,2026-10-06 12:49:28.416,1h 45m 15s,1h 37m 12s,0.1%,185.8 MB,3.9 GB,200.9 MB,268.9 MB
3789,1f/344b46,63238918_54,p21__genomad_pratama (355),COMPLETED,0,2026-10-06 12:49:28.416,1h 46m 5s,1h 38m 1s,0.1%,189.2 MB,4.2 GB,214.5 MB,282.1 MB
3944,02/5bbe64,63244717_92,p19__vibrant_pratama (393),COMPLETED,0,2026-10-06 13:59:50.483,37m 53s,23m 36s,0.5%,187 MB,3.9 GB,459.1 MB,268.7 MB
3855,c1/c06bd8,63244717_70,p19__vibrant_pratama (371),COMPLETED,0,2026-10-06 13:59:50.483,38m 35s,28m,0.4%,191 MB,4.1 GB,456.1 MB,268.4 MB
3722,de/ec380d,63238918_37,p21__genomad_pratama (338),COMPLETED,0,2026-10-06 12:49:28.416,1h 49m 15s,1h 48m 30s,0.1%,188.7 MB,3.9 GB,199.9 MB,268.1 MB
3691,e3/13953f,63238918_29,p21__genomad_pratama (330),COMPLETED,0,2026-10-06 12:49:28.416,1h 49m 45s,1h 48m 55s,0.1%,188.4 MB,3.8 GB,198.3 MB,266.5 MB
4118,d2/747d1b,63246503_36,p21__genomad_pratama (437),COMPLETED,0,2026-10-06 14:18:58.906,20m 54s,18m 24s,0.6%,190.7 MB,4 GB,200.5 MB,268.7 MB
4361,59/e9e95d,63246503_97,p21__genomad_pratama (498),COMPLETED,0,2026-10-06 14:18:58.906,21m 4s,4m 7s,2.1%,185.9 MB,4 GB,196.8 MB,265.1 MB
3999,44/cc7036,63246503_6,p21__genomad_pratama (407),COMPLETED,0,2026-10-06 14:18:58.906,21m 14s,18m 41s,0.6%,190.2 MB,4.2 GB,224.9 MB,292.8 MB
3965,b7/434424,63238918_97,p21__genomad_pratama (398),COMPLETED,0,2026-10-06 12:49:28.416,1h 50m 55s,1h 39m 17s,0.1%,189.7 MB,4 GB,200.8 MB,269 MB
4033,62/adbf05,63237735_14,p20__virsorter2_pratama (415),COMPLETED,0,2026-10-06 12:33:08.429,2h 7m 35s,2h 5m 5s,0.1%,190.1 MB,4 GB,496.6 MB,327.9 MB
3118,50/5e60f6,63232870_85,p20__virsorter2_pratama (186),COMPLETED,0,2026-10-06 11:21:28.586,3h 20m 7s,3h 8m 30s,0.1%,187.1 MB,3.9 GB,483.8 MB,316.5 MB
2784,e0/bebeab,63232870_3,p20__virsorter2_pratama (105),COMPLETED,0,2026-10-06 11:21:28.586,3h 20m 25s,3h 19m 51s,0.1%,188.4 MB,4.1 GB,501.4 MB,334 MB
2926,cb/9ce9ab,63232870_38,p20__virsorter2_pratama (139),COMPLETED,0,2026-10-06 11:21:28.586,3h 20m 25s,3h 19m 46s,0.1%,186.1 MB,4.1 GB,441 MB,274.8 MB
3057,d6/e506d5,63232870_70,p20__virsorter2_pratama (171),COMPLETED,0,2026-10-06 11:21:28.586,3h 21m 7s,3h 13m 10s,0.1%,187.9 MB,4 GB,464.9 MB,296.4 MB
3585,9c/ee99cc,63238918_2,p21__genomad_pratama (303),COMPLETED,0,2026-10-06 12:49:28.416,1h 53m 7s,1h 52m 12s,0.1%,188.1 MB,3.9 GB,199.4 MB,267.6 MB
3751,d9/2baca8,63238918_44,p21__genomad_pratama (345),COMPLETED,0,2026-10-06 12:49:28.416,1h 53m 25s,1h 45m 15s,0.1%,189.6 MB,4.2 GB,201.6 MB,269.8 MB
4226,e7/ff1083,63237735_63,p20__virsorter2_pratama (464),COMPLETED,0,2026-10-06 12:33:08.429,2h 9m 55s,2h 4s,0.1%,187.4 MB,3.8 GB,461.2 MB,290.6 MB
2853,d9/5d9c79,63232870_19,p20__virsorter2_pratama (120),COMPLETED,0,2026-10-06 11:21:28.586,3h 23m 35s,3h 22m 52s,0.1%,185.9 MB,4.1 GB,506.2 MB,339.7 MB
3604,cc/23c8a1,63238918_7,p21__genomad_pratama (308),COMPLETED,0,2026-10-06 12:49:28.416,1h 56m 35s,1h 55m 47s,0.1%,185.9 MB,3.8 GB,211.2 MB,279 MB
4262,4c/a01fa6,63246503_72,p21__genomad_pratama (473),COMPLETED,0,2026-10-06 14:18:58.906,28m 4s,14m 40s,0.6%,187.9 MB,4.1 GB,200.2 MB,268.5 MB
4030,fb/8ae060,63246503_14,p21__genomad_pratama (415),COMPLETED,0,2026-10-06 14:18:58.906,28m 47s,26m 13s,0.4%,187.6 MB,3.9 GB,233.6 MB,301.2 MB
3655,a2/c8f610,63238918_20,p21__genomad_pratama (321),COMPLETED,0,2026-10-06 12:49:28.416,1h 58m 55s,1h 58m 11s,0.1%,186.4 MB,3.8 GB,202.6 MB,270.7 MB
4070,bc/b3bc14,63237735_23,p20__virsorter2_pratama (424),COMPLETED,0,2026-10-06 12:33:08.429,2h 15m 25s,2h 12m 46s,0.1%,189.8 MB,4.2 GB,437.8 MB,269.8 MB
4297,55/917a57,63246503_81,p21__genomad_pratama (482),COMPLETED,0,2026-10-06 14:18:58.906,29m 34s,16m 11s,0.7%,188.6 MB,3.9 GB,200 MB,268.4 MB
3727,c5/6ddfba,63244717_38,p19__vibrant_pratama (339),COMPLETED,0,2026-10-06 13:59:50.483,48m 53s,41m 54s,0.2%,187.1 MB,3.8 GB,463.7 MB,270.2 MB
4083,64/9f4bba,63246503_27,p21__genomad_pratama (428),COMPLETED,0,2026-10-06 14:18:58.906,30m 57s,28m 26s,0.4%,188.7 MB,4.2 GB,197.1 MB,265.4 MB
4068,ff/5b581b,63246503_23,p21__genomad_pratama (424),COMPLETED,0,2026-10-06 14:18:58.906,31m 58s,29m 24s,0.4%,188.6 MB,4 GB,200.3 MB,268.5 MB
3900,f1/ce61f3,63238918_81,p21__genomad_pratama (382),COMPLETED,0,2026-10-06 12:49:28.416,2h 1m 35s,1h 49m 58s,0.1%,189.9 MB,4 GB,201.7 MB,269.9 MB
3615,90/30d2f3,63238918_10,p21__genomad_pratama (311),COMPLETED,0,2026-10-06 12:49:28.416,2h 1m 45s,2h 54s,0.1%,188.9 MB,3.9 GB,203.2 MB,271.3 MB
3735,1e/641443,63238918_40,p21__genomad_pratama (341),COMPLETED,0,2026-10-06 12:49:28.416,2h 2m 25s,1h 54m 23s,0.1%,186.2 MB,3.9 GB,199.5 MB,267.7 MB
3836,64/90cce8,63238918_65,p21__genomad_pratama (366),COMPLETED,0,2026-10-06 12:49:28.416,2h 3m 5s,1h 55m 1s,0.1%,187.5 MB,4.2 GB,200.3 MB,268.6 MB
4336,0b/dcd933,63246503_91,p21__genomad_pratama (492),COMPLETED,0,2026-10-06 14:18:58.906,34m 14s,17m 18s,0.6%,188.4 MB,4 GB,200.2 MB,268.4 MB
4174,53/b57699,63246503_50,p21__genomad_pratama (451),COMPLETED,0,2026-10-06 14:18:58.906,35m 24s,22m,0.5%,186.7 MB,3.9 GB,200 MB,268.2 MB
4228,d1/a428da,63246503_63,p21__genomad_pratama (464),COMPLETED,0,2026-10-06 14:18:58.906,37m 44s,24m 26s,0.4%,186.7 MB,3.9 GB,215.4 MB,283.4 MB
4145,f8/ba51e7,63246503_42,p21__genomad_pratama (443),COMPLETED,0,2026-10-06 14:18:58.906,38m 14s,28m 32s,0.4%,188 MB,4 GB,200.7 MB,269.1 MB
4004,34/da56a8,63246503_7,p21__genomad_pratama (408),COMPLETED,0,2026-10-06 14:18:58.906,40m 4s,37m 36s,0.3%,184.5 MB,3.8 GB,218.4 MB,286 MB
3755,b7/806d61,63238918_45,p21__genomad_pratama (346),COMPLETED,0,2026-10-06 12:49:28.416,2h 9m 45s,2h 1m 43s,0.1%,190.7 MB,4.1 GB,201.3 MB,269.5 MB
2055,5c/59e6e2,63222866_7,p10__deepvirfinder_pratama (108),FAILED,0,2026-10-06 08:57:23.252,6h 2m,5h 59m 20s,-,-,-,-,-
3813,ec/6425aa,63244717_59,p19__vibrant_pratama (360),COMPLETED,0,2026-10-06 13:59:50.483,1h 2m 53s,52m 19s,0.2%,189.8 MB,4 GB,452.6 MB,268 MB
3670,6b/522816,63244717_24,p19__vibrant_pratama (325),COMPLETED,0,2026-10-06 13:59:50.483,1h 3m 25s,56m 27s,0.2%,187.5 MB,3.9 GB,455.2 MB,268.4 MB
4365,af/064e53,63246503_98,p21__genomad_pratama (499),COMPLETED,0,2026-10-06 14:18:58.906,45m 16s,28m 19s,0.4%,187.8 MB,4 GB,200.4 MB,268.6 MB
3651,c8/a536f0,63238918_19,p21__genomad_pratama (320),COMPLETED,0,2026-10-06 12:49:28.416,2h 14m 55s,2h 14m 2s,0.1%,186.5 MB,3.8 GB,203 MB,271.1 MB
3793,73/9949c0,63238918_55,p21__genomad_pratama (356),COMPLETED,0,2026-10-06 12:49:28.416,2h 15m 15s,2h 7m 6s,0.1%,191.1 MB,4 GB,212.2 MB,279.9 MB
3912,a8/b750bb,63238918_84,p21__genomad_pratama (385),COMPLETED,0,2026-10-06 12:49:28.416,2h 15m 15s,2h 3m 29s,0.1%,190.5 MB,4 GB,202.1 MB,270.3 MB
3659,04/b1e652,63238918_21,p21__genomad_pratama (322),COMPLETED,0,2026-10-06 12:49:28.416,2h 16m 15s,2h 15m 31s,0.1%,190.1 MB,4 GB,202.5 MB,270.6 MB
3759,21/3001d6,63238918_46,p21__genomad_pratama (347),COMPLETED,0,2026-10-06 12:49:28.416,2h 16m 35s,2h 8m 30s,0.1%,186.8 MB,3.8 GB,201 MB,269.2 MB
4305,47/85453b,63246503_83,p21__genomad_pratama (484),COMPLETED,0,2026-10-06 14:18:58.906,47m 4s,33m 42s,0.3%,189.6 MB,4 GB,200.9 MB,269.2 MB
4087,ab/6edce4,63246503_28,p21__genomad_pratama (429),COMPLETED,0,2026-10-06 14:18:58.906,47m 34s,45m,0.3%,187.9 MB,4.2 GB,200.5 MB,268.7 MB
4149,b6/49a2e3,63246503_43,p21__genomad_pratama (444),COMPLETED,0,2026-10-06 14:18:58.906,48m 34s,38m 50s,0.3%,189.5 MB,4 GB,200.6 MB,269 MB
3961,2f/b984a0,63238918_96,p21__genomad_pratama (397),COMPLETED,0,2026-10-06 12:49:28.416,2h 19m 7s,2h 7m 24s,0.1%,190.3 MB,4 GB,202.7 MB,270.8 MB
3903,8a/5d273c,63238918_82,p21__genomad_pratama (383),COMPLETED,0,2026-10-06 12:49:28.416,2h 19m 55s,2h 8m 16s,0.1%,187.9 MB,4.2 GB,201.5 MB,269.7 MB
3806,08/80a307,63238918_58,p21__genomad_pratama (359),COMPLETED,0,2026-10-06 12:49:28.416,2h 20m 35s,2h 12m 27s,0.1%,190.2 MB,4.1 GB,206.9 MB,274.9 MB
4265,87/7d7ede,63246503_73,p21__genomad_pratama (474),COMPLETED,0,2026-10-06 14:18:58.906,51m 54s,38m 31s,0.3%,192.4 MB,4.1 GB,201.1 MB,269.4 MB
3802,40/37eedd,63238918_57,p21__genomad_pratama (358),COMPLETED,0,2026-10-06 12:49:28.416,2h 22m 25s,2h 14m 20s,0.1%,186.2 MB,4 GB,207.5 MB,275.5 MB
3675,2b/787879,63238918_25,p21__genomad_pratama (326),COMPLETED,0,2026-10-06 12:49:28.416,2h 22m 45s,2h 21m 57s,0.1%,188.8 MB,4 GB,199.9 MB,268.1 MB
3663,d1/c9a7d8,63238918_22,p21__genomad_pratama (323),COMPLETED,0,2026-10-06 12:49:28.416,2h 22m 55s,2h 22m 1s,0.1%,188.8 MB,4.1 GB,202.6 MB,270.8 MB
4196,c5/30ab4c,63246503_55,p21__genomad_pratama (456),COMPLETED,0,2026-10-06 14:18:58.906,54m 4s,40m 44s,0.3%,186.7 MB,3.8 GB,200.3 MB,268.6 MB
3862,a8/a992cc,63238918_72,p21__genomad_pratama (373),COMPLETED,0,2026-10-06 12:49:28.416,2h 26m 15s,2h 18m 6s,0.1%,186.7 MB,3.9 GB,202 MB,270.3 MB
3841,43/be34cc,63238918_66,p21__genomad_pratama (367),COMPLETED,0,2026-10-06 12:49:28.416,2h 26m 55s,2h 18m 47s,0.1%,189.2 MB,4.1 GB,200.1 MB,268.3 MB
3957,79/95d5d0,63238918_95,p21__genomad_pratama (396),COMPLETED,0,2026-10-06 12:49:28.416,2h 27m 25s,2h 15m 46s,0.1%,190.3 MB,4 GB,203 MB,271.2 MB
3872,db/ad1528,63238918_74,p21__genomad_pratama (375),COMPLETED,0,2026-10-06 12:49:28.416,2h 28m 25s,2h 20m 16s,0.1%,190.2 MB,4 GB,201.8 MB,270 MB
3731,ac/d48eac,63238918_39,p21__genomad_pratama (340),COMPLETED,0,2026-10-06 12:49:28.416,2h 29m 25s,2h 28m 34s,0.1%,186.6 MB,3.9 GB,200.2 MB,268.4 MB
3667,64/b6f415,63238918_23,p21__genomad_pratama (324),COMPLETED,0,2026-10-06 12:49:28.416,2h 30m 5s,2h 29m 15s,0.1%,188.6 MB,4 GB,203.2 MB,271.3 MB
4257,26/f45a32,63246503_71,p21__genomad_pratama (472),COMPLETED,0,2026-10-06 14:18:58.906,1h 34s,47m 14s,0.2%,188.8 MB,4 GB,198.4 MB,266.6 MB
3814,a3/500d03,63238918_60,p21__genomad_pratama (361),COMPLETED,0,2026-10-06 12:49:28.416,2h 30m 35s,2h 22m 28s,0.1%,188.4 MB,4.1 GB,199.7 MB,267.9 MB
4232,1b/32fe82,63246503_64,p21__genomad_pratama (465),COMPLETED,0,2026-10-06 14:18:58.906,1h 1m 14s,47m 50s,0.3%,184.7 MB,3.8 GB,209.5 MB,277.4 MB
3764,39/be2faa,63238918_47,p21__genomad_pratama (348),COMPLETED,0,2026-10-06 12:49:28.416,2h 30m 55s,2h 22m 52s,0.1%,190 MB,4 GB,200.6 MB,268.8 MB
4034,82/6d54af,63246503_15,p21__genomad_pratama (416),COMPLETED,0,2026-10-06 14:18:58.906,1h 1m 47s,59m 13s,0.2%,186 MB,3.8 GB,219.7 MB,287.2 MB
4175,31/798335,63237735_50,p20__virsorter2_pratama (451),COMPLETED,0,2026-10-06 12:33:08.429,2h 47m 45s,2h 37m 51s,0.1%,187 MB,3.9 GB,436.7 MB,268.8 MB
4369,5a/e7acf0,63246503_99,p21__genomad_pratama (500),COMPLETED,0,2026-10-06 14:18:58.906,1h 2m 14s,45m 13s,0.2%,191.6 MB,4.2 GB,200.6 MB,268.9 MB
4338,fa/7901a4,63237735_91,p20__virsorter2_pratama (492),COMPLETED,0,2026-10-06 12:33:08.429,2h 48m 15s,2h 34m 43s,0.1%,186.1 MB,3.8 GB,437.5 MB,270.6 MB
3678,d2/d32c8d,63238918_26,p21__genomad_pratama (327),COMPLETED,0,2026-10-06 12:49:28.416,2h 32m 25s,2h 31m 39s,0.1%,188.1 MB,3.9 GB,199.9 MB,268.2 MB
3770,65/7d4033,63244717_49,p19__vibrant_pratama (350),COMPLETED,0,2026-10-06 13:59:50.483,1h 22m 53s,1h 12m 18s,0.2%,187.1 MB,3.8 GB,559.8 MB,281.2 MB
3928,11/027368,63238918_88,p21__genomad_pratama (389),COMPLETED,0,2026-10-06 12:49:28.416,2h 34m 27s,2h 22m 48s,0.1%,186.6 MB,3.8 GB,209.1 MB,277 MB
3914,71/fb780b,63244717_85,p19__vibrant_pratama (386),COMPLETED,0,2026-10-06 13:59:50.483,1h 24m 13s,1h 9m 59s,0.2%,188.4 MB,4 GB,532.5 MB,276.9 MB
4678,3d/4a2cf9,63250836,p10__deepvirfinder_pratama (108),COMPLETED,0,2026-10-06 15:00:22.960,24m 32s,23m 13s,0.5%,188.6 MB,4.2 GB,431 MB,265.1 MB
3937,ed/6f5e59,63238918_90,p21__genomad_pratama (391),COMPLETED,0,2026-10-06 12:49:28.416,2h 36m 5s,2h 24m 21s,0.1%,190.8 MB,4.2 GB,205.2 MB,273.3 MB
3683,bd/2aac5d,63238918_27,p21__genomad_pratama (328),COMPLETED,0,2026-10-06 12:49:28.416,2h 37m 45s,2h 36m 53s,0.1%,189.9 MB,4.1 GB,199.9 MB,268.1 MB
4204,91/1fc11f,63246503_57,p21__genomad_pratama (458),COMPLETED,0,2026-10-06 14:18:58.906,1h 8m 14s,54m 58s,0.2%,190.3 MB,3.9 GB,200.3 MB,268.7 MB
4309,27/0a9e68,63246503_84,p21__genomad_pratama (485),COMPLETED,0,2026-10-06 14:18:58.906,1h 8m 14s,54m 50s,0.2%,190.1 MB,4.1 GB,200.9 MB,269.1 MB
4200,ea/bdfe71,63246503_56,p21__genomad_pratama (457),COMPLETED,0,2026-10-06 14:18:58.906,1h 8m 44s,55m 24s,0.2%,191 MB,3.9 GB,200.5 MB,268.8 MB
3619,36/1419ce,63238918_11,p21__genomad_pratama (312),COMPLETED,0,2026-10-06 12:49:28.416,2h 39m 15s,2h 38m 29s,0.1%,186.9 MB,4 GB,203 MB,271.1 MB
3931,26/59b634,63238918_89,p21__genomad_pratama (390),COMPLETED,0,2026-10-06 12:49:28.416,2h 40m 27s,2h 28m 44s,0.1%,190.4 MB,4.1 GB,206.4 MB,274.4 MB
3861,23/5a5898,63238918_71,p21__genomad_pratama (372),COMPLETED,0,2026-10-06 12:49:28.416,2h 41m 35s,2h 33m 27s,0.1%,186.9 MB,4 GB,202.3 MB,270.4 MB
3908,d8/e5a1d1,63238918_83,p21__genomad_pratama (384),COMPLETED,0,2026-10-06 12:49:28.416,2h 43m 15s,2h 31m 28s,0.1%,187.7 MB,3.9 GB,201.7 MB,269.8 MB
3845,cd/01d3a6,63238918_67,p21__genomad_pratama (368),COMPLETED,0,2026-10-06 12:49:28.416,2h 43m 25s,2h 35m 20s,0.1%,189 MB,4 GB,200.1 MB,268.3 MB
3874,72/c6a738,63238918_75,p21__genomad_pratama (376),COMPLETED,0,2026-10-06 12:49:28.416,2h 43m 37s,2h 35m 34s,0.1%,189.6 MB,4.2 GB,201.7 MB,269.9 MB
3953,f0/ae6e56,63238918_94,p21__genomad_pratama (395),COMPLETED,0,2026-10-06 12:49:28.416,2h 44m 45s,2h 33m 2s,0.1%,185.6 MB,3.8 GB,203 MB,271.1 MB
3797,be/602c23,63238918_56,p21__genomad_pratama (357),COMPLETED,0,2026-10-06 12:49:28.416,2h 45m 5s,2h 37m 2s,0.1%,188.3 MB,3.8 GB,209.2 MB,277.1 MB
3869,df/09d94a,63238918_73,p21__genomad_pratama (374),COMPLETED,0,2026-10-06 12:49:28.416,2h 47m 5s,2h 39m 1s,0.1%,187.6 MB,4.1 GB,202 MB,270.2 MB
3626,de/13fa9d,63238918_13,p21__genomad_pratama (314),COMPLETED,0,2026-10-06 12:49:28.416,2h 47m 15s,2h 46m 30s,0.1%,189.1 MB,4.2 GB,202.7 MB,270.9 MB
4236,9d/b0592c,63246503_65,p21__genomad_pratama (466),COMPLETED,0,2026-10-06 14:18:58.906,1h 18m 24s,1h 5m 1s,0.1%,186 MB,3.8 GB,208.4 MB,276.3 MB
4091,84/57de90,63246503_29,p21__genomad_pratama (430),COMPLETED,0,2026-10-06 14:18:58.906,1h 18m 44s,1h 16m 13s,0.2%,188.2 MB,3.9 GB,200.7 MB,268.9 MB
3687,f4/ec4de1,63238918_28,p21__genomad_pratama (329),COMPLETED,0,2026-10-06 12:49:28.416,2h 48m 55s,2h 48m 3s,0.1%,188.1 MB,4.2 GB,199.7 MB,268 MB
4157,d7/73484b,63246503_45,p21__genomad_pratama (446),COMPLETED,0,2026-10-06 14:18:58.906,1h 19m 34s,1h 6m 11s,0.2%,186.6 MB,3.9 GB,200.7 MB,269 MB
3587,83/4bec3e,63244717_3,p19__vibrant_pratama (304),COMPLETED,0,2026-10-06 13:59:50.483,1h 38m 53s,1h 31m 59s,0.2%,185.8 MB,3.8 GB,560.2 MB,278.5 MB
2529,ca/84d90c,63252905_38,p21__genomad_pratama (39),COMPLETED,0,2026-10-06 15:27:21.057,11m 52s,8m 51s,1.2%,190.4 MB,4.2 GB,196.7 MB,265.1 MB
3630,ac/f57ec6,63238918_14,p21__genomad_pratama (315),COMPLETED,0,2026-10-06 12:49:28.416,2h 50m 45s,2h 49m 58s,0.1%,187.6 MB,4 GB,202.6 MB,270.7 MB
3622,bc/4b389c,63238918_12,p21__genomad_pratama (313),COMPLETED,0,2026-10-06 12:49:28.416,2h 51m 55s,2h 51m 1s,0.1%,188 MB,4 GB,202.9 MB,271 MB
4263,a6/598b3f,63237735_72,p20__virsorter2_pratama (473),COMPLETED,0,2026-10-06 12:33:08.429,3h 9m 15s,2h 59m 20s,0.1%,185.8 MB,3.8 GB,437 MB,269.9 MB
4269,d3/cb1513,63246503_74,p21__genomad_pratama (475),COMPLETED,0,2026-10-06 14:18:58.906,1h 23m 54s,1h 10m 29s,0.2%,190.1 MB,4.1 GB,200.9 MB,269.2 MB
2632,23/43dbc7,63252905_64,p21__genomad_pratama (65),COMPLETED,0,2026-10-06 15:27:21.057,16m 2s,5m 58s,1.6%,185.6 MB,4 GB,196.9 MB,265.2 MB
4008,3c/0abc05,63246503_8,p21__genomad_pratama (409),COMPLETED,0,2026-10-06 14:18:58.906,1h 24m 34s,1h 21m 59s,0.2%,187 MB,4 GB,218.5 MB,286.1 MB
4001,45/e84b8b,63237735_6,p20__virsorter2_pratama (407),COMPLETED,0,2026-10-06 12:33:08.429,3h 10m 55s,3h 8m 22s,0.1%,187.5 MB,3.9 GB,487.1 MB,319.5 MB
3152,3b/2f0922,63232870_94,p20__virsorter2_pratama (195),COMPLETED,0,2026-10-06 11:21:28.586,4h 24m 25s,4h 12m 45s,0.1%,187.3 MB,3.9 GB,439.4 MB,272.6 MB
2375,7a/c18484,63252905_0,p21__genomad_pratama (1),COMPLETED,0,2026-10-06 15:27:21.057,19m 22s,16m 23s,0.6%,190.8 MB,4.1 GB,203.7 MB,271.9 MB
2510,d8/ea4a51,63252905_33,p21__genomad_pratama (34),COMPLETED,0,2026-10-06 15:27:21.057,20m 12s,17m 5s,0.6%,190 MB,3.9 GB,203.2 MB,271.5 MB
2445,ad/90c30f,63252905_18,p21__genomad_pratama (19),COMPLETED,0,2026-10-06 15:27:21.057,20m 22s,17m 16s,0.5%,186.6 MB,3.8 GB,231.1 MB,299 MB
2398,fa/f0477a,63252905_6,p21__genomad_pratama (7),COMPLETED,0,2026-10-06 15:27:21.057,21m 12s,18m 15s,0.6%,188.5 MB,4 GB,210.3 MB,278.4 MB
2533,f3/5b2e9e,63252905_39,p21__genomad_pratama (40),COMPLETED,0,2026-10-06 15:27:21.057,21m 32s,18m 33s,0.5%,186.7 MB,3.8 GB,214.2 MB,282.3 MB
4207,c7/aaa6e8,63246503_58,p21__genomad_pratama (459),COMPLETED,0,2026-10-06 14:18:58.906,1h 30m 14s,1h 16m 52s,0.2%,187 MB,3.9 GB,200.2 MB,268.4 MB
2489,97/761759,63252905_28,p21__genomad_pratama (29),COMPLETED,0,2026-10-06 15:27:21.057,22m 2s,19m 1s,0.5%,186.9 MB,3.9 GB,202.3 MB,270.6 MB
2635,75/4c2f70,63252905_65,p21__genomad_pratama (66),COMPLETED,0,2026-10-06 15:27:21.057,22m 52s,12m 40s,0.7%,185.2 MB,4 GB,212.9 MB,280.9 MB
4038,b3/abda29,63246503_16,p21__genomad_pratama (417),COMPLETED,0,2026-10-06 14:18:58.906,1h 31m 24s,1h 28m 51s,0.2%,188 MB,4 GB,217.9 MB,285.4 MB
4298,f7/8258aa,63237735_81,p20__virsorter2_pratama (482),COMPLETED,0,2026-10-06 12:33:08.429,3h 18m 35s,3h 4m 58s,0.1%,191.6 MB,4.1 GB,437.1 MB,270.1 MB
2433,9b/42da3f,63252905_15,p21__genomad_pratama (16),COMPLETED,0,2026-10-06 15:27:21.057,25m 32s,22m 31s,0.5%,189.1 MB,4.2 GB,221.7 MB,289.7 MB
4240,f2/87881b,63246503_66,p21__genomad_pratama (467),COMPLETED,0,2026-10-06 14:18:58.906,1h 34m 27s,1h 20m 59s,0.2%,186.5 MB,3.9 GB,206.6 MB,274.6 MB
3608,7d/512dfc,63238918_8,p21__genomad_pratama (309),COMPLETED,0,2026-10-06 12:49:28.416,3h 5m 15s,3h 4m 30s,0.1%,187.5 MB,3.8 GB,208 MB,275.9 MB
3847,ea/69dd06,63238918_68,p21__genomad_pratama (369),COMPLETED,0,2026-10-06 12:49:28.416,3h 5m 35s,2h 57m 30s,0.1%,186.7 MB,3.9 GB,199.9 MB,268.1 MB
2758,dd/9f8b4a,63252905_96,p21__genomad_pratama (97),COMPLETED,0,2026-10-06 15:27:21.057,27m 52s,14m 11s,0.8%,187.6 MB,4 GB,216.4 MB,284.6 MB
4042,a5/99aa39,63246503_17,p21__genomad_pratama (418),COMPLETED,0,2026-10-06 14:18:58.906,1h 38m 4s,1h 35m 29s,0.1%,186.9 MB,3.9 GB,214.8 MB,282.5 MB
4121,40/db403f,63237735_36,p20__virsorter2_pratama (437),COMPLETED,0,2026-10-06 12:33:08.429,3h 24m 5s,3h 21m 34s,0.1%,186.1 MB,3.8 GB,437 MB,270.1 MB
4096,44/3ac690,63246503_30,p21__genomad_pratama (431),COMPLETED,0,2026-10-06 14:18:58.906,1h 38m 14s,1h 35m 46s,0.1%,187.4 MB,3.9 GB,200.5 MB,268.7 MB
2590,2c/eb9679,63252905_54,p21__genomad_pratama (55),COMPLETED,0,2026-10-06 15:27:21.057,30m 52s,20m 40s,0.6%,189.9 MB,4 GB,197.5 MB,265.9 MB
2572,54/8108a2,63252905_49,p21__genomad_pratama (50),COMPLETED,0,2026-10-06 15:27:21.057,31m 26s,21m 11s,0.5%,188.1 MB,4 GB,244.4 MB,311.8 MB
2620,83/f65978,63252905_61,p21__genomad_pratama (62),COMPLETED,0,2026-10-06 15:27:21.057,31m 26s,21m 11s,0.5%,187.2 MB,4 GB,217.6 MB,285.5 MB
2663,ca/63cb2c,63252905_72,p21__genomad_pratama (73),COMPLETED,0,2026-10-06 15:27:21.057,31m 42s,21m 33s,0.5%,186.1 MB,3.8 GB,231.7 MB,299.4 MB
4153,40/ed567a,63246503_44,p21__genomad_pratama (445),COMPLETED,0,2026-10-06 14:18:58.906,1h 40m 46s,1h 31m,0.2%,186.3 MB,3.9 GB,200.8 MB,269.1 MB
3949,64/2547b1,63238918_93,p21__genomad_pratama (394),COMPLETED,0,2026-10-06 12:49:28.416,3h 10m 25s,2h 58m 44s,0.1%,186.2 MB,3.8 GB,203.3 MB,271.4 MB
4161,db/8d8462,63246503_46,p21__genomad_pratama (447),COMPLETED,0,2026-10-06 14:18:58.906,1h 42m 4s,1h 28m 44s,0.1%,186.3 MB,3.9 GB,200.4 MB,268.7 MB
3850,4a/3043ce,63238918_69,p21__genomad_pratama (370),COMPLETED,0,2026-10-06 12:49:28.416,3h 11m 45s,3h 3m 37s,0.1%,186.7 MB,3.8 GB,199.9 MB,268 MB
2402,80/b4993a,63252905_7,p21__genomad_pratama (8),COMPLETED,0,2026-10-06 15:27:21.057,34m 32s,31m 35s,0.3%,188.8 MB,4.2 GB,208 MB,276 MB
4100,da/9e7f87,63246503_31,p21__genomad_pratama (432),COMPLETED,0,2026-10-06 14:18:58.906,1h 44m 14s,1h 41m 47s,0.2%,186 MB,3.8 GB,200.2 MB,268.5 MB
3768,a8/ff5cd8,63238918_48,p21__genomad_pratama (349),COMPLETED,0,2026-10-06 12:49:28.416,3h 15m 5s,3h 7m 3s,0.1%,186.8 MB,3.9 GB,200.3 MB,268.6 MB
4012,15/7923ae,63246503_9,p21__genomad_pratama (410),COMPLETED,0,2026-10-06 14:18:58.906,1h 46m 48s,1h 44m 9s,0.1%,187.3 MB,3.8 GB,217 MB,284.5 MB
2472,1a/e8697d,63252905_24,p21__genomad_pratama (25),COMPLETED,0,2026-10-06 15:27:21.057,38m 32s,35m 33s,0.3%,191.6 MB,3.9 GB,200.8 MB,269 MB
1710,3b/dea90e,63228094_18,p10__deepvirfinder_pratama (19),FAILED,0,2026-10-06 10:01:58.480,6h 5m 45s,5h 58m 57s,-,-,-,-,-
4313,ba/83733c,63246503_85,p21__genomad_pratama (486),COMPLETED,0,2026-10-06 14:18:58.906,1h 49m 44s,1h 32m 42s,0.1%,190 MB,4 GB,200.5 MB,268.7 MB
2595,62/fa8323,63252905_55,p21__genomad_pratama (56),COMPLETED,0,2026-10-06 15:27:21.057,41m 24s,31m 15s,0.4%,186.4 MB,3.9 GB,201.2 MB,269.4 MB
2541,f3/3b28f5,63252905_41,p21__genomad_pratama (42),COMPLETED,0,2026-10-06 15:27:21.057,41m 52s,31m 43s,0.3%,191.2 MB,4.1 GB,209.6 MB,277.5 MB
4211,b0/ce4867,63246503_59,p21__genomad_pratama (460),COMPLETED,0,2026-10-06 14:18:58.906,1h 50m 24s,1h 37m 4s,0.1%,186.1 MB,4 GB,199.9 MB,268.1 MB
2493,91/166001,63252905_29,p21__genomad_pratama (30),COMPLETED,0,2026-10-06 15:27:21.057,42m 22s,39m 18s,0.3%,186.8 MB,3.8 GB,202.5 MB,270.8 MB
2465,b8/0b0098,63252905_23,p21__genomad_pratama (24),COMPLETED,0,2026-10-06 15:27:21.057,42m 32s,39m 31s,0.3%,187.1 MB,3.9 GB,199.5 MB,267.7 MB
4273,30/3ab28b,63246503_75,p21__genomad_pratama (476),COMPLETED,0,2026-10-06 14:18:58.906,1h 51m 14s,1h 37m 53s,0.1%,189.4 MB,4 GB,200.4 MB,268.7 MB
4047,4b/b0ce5c,63246503_18,p21__genomad_pratama (419),COMPLETED,0,2026-10-06 14:18:58.906,1h 53m 24s,1h 50m 51s,0.1%,189.5 MB,4 GB,212.5 MB,280.2 MB
3975,6d/2a3f59,63246503_0,p21__genomad_pratama (401),COMPLETED,0,2026-10-06 14:18:58.906,1h 54m 24s,1h 51m 53s,0.1%,188.9 MB,4 GB,203.2 MB,271.3 MB
2763,9f/ddb35a,63252905_97,p21__genomad_pratama (98),COMPLETED,0,2026-10-06 15:27:21.057,46m 2s,32m 19s,0.3%,185.7 MB,3.8 GB,208.2 MB,276.2 MB
4106,d5/e3aade,63246503_32,p21__genomad_pratama (433),COMPLETED,0,2026-10-06 14:18:58.906,1h 55m 6s,1h 52m 34s,0.1%,189.5 MB,4.1 GB,199.9 MB,268.2 MB
4165,7f/6bfa25,63246503_47,p21__genomad_pratama (448),COMPLETED,0,2026-10-06 14:18:58.906,1h 55m 14s,1h 41m 50s,0.1%,186.1 MB,4 GB,200.3 MB,268.5 MB
4216,7a/3f58a3,63246503_60,p21__genomad_pratama (461),COMPLETED,0,2026-10-06 14:18:58.906,1h 55m 24s,1h 41m 58s,0.1%,185.7 MB,4 GB,199.5 MB,267.9 MB
4242,ed/ec2539,63246503_67,p21__genomad_pratama (468),COMPLETED,0,2026-10-06 14:18:58.906,1h 56m 24s,1h 43m 3s,0.1%,188.4 MB,4.2 GB,205.2 MB,273.3 MB
2639,13/d22072,63252905_66,p21__genomad_pratama (67),COMPLETED,0,2026-10-06 15:27:21.057,48m 12s,37m 59s,0.3%,185 MB,3.7 GB,206.7 MB,274.7 MB
2713,96/fa6357,63252905_84,p21__genomad_pratama (85),COMPLETED,0,2026-10-06 15:27:21.057,48m 12s,34m 32s,0.4%,187.8 MB,3.9 GB,240 MB,307.2 MB
2698,d3/cbdd8d,63252905_81,p21__genomad_pratama (82),COMPLETED,0,2026-10-06 15:27:21.057,48m 32s,34m 56s,0.3%,188.4 MB,4 GB,233.1 MB,300.6 MB
2706,01/7aa2be,63252905_83,p21__genomad_pratama (84),COMPLETED,0,2026-10-06 15:27:21.057,49m 32s,35m 57s,0.4%,187.7 MB,4 GB,199.7 MB,267.9 MB
4318,eb/02bbe2,63246503_86,p21__genomad_pratama (487),COMPLETED,0,2026-10-06 14:18:58.906,1h 58m 17s,1h 41m 22s,0.1%,189.5 MB,3.8 GB,200.1 MB,268.3 MB
2395,fa/5ddf1a,63252905_5,p21__genomad_pratama (6),COMPLETED,0,2026-10-06 15:27:21.057,49m 55s,46m 47s,0.3%,188.3 MB,4 GB,197.4 MB,265.8 MB
2379,88/56bed2,63252905_1,p21__genomad_pratama (2),COMPLETED,0,2026-10-06 15:27:21.057,52m 12s,49m 8s,0.3%,188.4 MB,3.9 GB,203.1 MB,271.3 MB
4108,5b/148ae0,63246503_33,p21__genomad_pratama (434),COMPLETED,0,2026-10-06 14:18:58.906,2h 1m 26s,1h 58m 59s,0.1%,189.2 MB,4.2 GB,199.8 MB,268 MB
4320,cf/772da7,63246503_87,p21__genomad_pratama (488),COMPLETED,0,2026-10-06 14:18:58.906,2h 2m 24s,1h 45m 29s,0.1%,187.5 MB,3.8 GB,199.8 MB,268.1 MB
2449,0c/28ee95,63252905_19,p21__genomad_pratama (20),COMPLETED,0,2026-10-06 15:27:21.057,54m 4s,51m,0.2%,188.2 MB,4.2 GB,217.8 MB,285.5 MB
2544,aa/e46783,63252905_42,p21__genomad_pratama (43),COMPLETED,0,2026-10-06 15:27:21.057,55m 32s,45m 22s,0.3%,191.1 MB,4 GB,209.2 MB,277.2 MB
2667,3a/0f908d,63252905_73,p21__genomad_pratama (74),COMPLETED,0,2026-10-06 15:27:21.057,57m 14s,47m 9s,0.2%,186.4 MB,3.8 GB,220.9 MB,288.4 MB
4015,e9/75f05b,63246503_10,p21__genomad_pratama (411),COMPLETED,0,2026-10-06 14:18:58.906,2h 6m 4s,2h 3m 29s,0.1%,186 MB,3.9 GB,214.3 MB,282 MB
2513,67/a29191,63252905_34,p21__genomad_pratama (35),COMPLETED,0,2026-10-06 15:27:21.057,58m 42s,55m 40s,0.2%,188.9 MB,3.9 GB,202.8 MB,271 MB
3979,94/27343a,63246503_1,p21__genomad_pratama (402),COMPLETED,0,2026-10-06 14:18:58.906,2h 7m 34s,2h 5m 5s,0.1%,185.9 MB,3.8 GB,202.9 MB,271 MB
2406,a4/7c8322,63252905_8,p21__genomad_pratama (9),COMPLETED,0,2026-10-06 15:27:21.057,1h 42s,57m 40s,0.2%,189.5 MB,4.2 GB,208.5 MB,276.5 MB
3990,63/82b137,63246503_3,p21__genomad_pratama (404),COMPLETED,0,2026-10-06 14:18:58.906,2h 11m 24s,2h 8m 53s,0.1%,186.3 MB,3.9 GB,202.5 MB,270.6 MB
2575,d8/6ecc16,63252905_50,p21__genomad_pratama (51),COMPLETED,0,2026-10-06 15:27:21.057,1h 3m 24s,53m 11s,0.2%,186.6 MB,3.8 GB,230.3 MB,297.5 MB
3989,d8/ac1585,63246503_2,p21__genomad_pratama (403),COMPLETED,0,2026-10-06 14:18:58.906,2h 13m 4s,2h 10m 34s,0.1%,188 MB,3.9 GB,202.7 MB,270.7 MB
4129,6c/a7f962,63246503_38,p21__genomad_pratama (439),COMPLETED,0,2026-10-06 14:18:58.906,2h 13m 4s,2h 10m 30s,0.1%,190.8 MB,4.1 GB,199.9 MB,268.1 MB
4123,55/a5ae90,63246503_37,p21__genomad_pratama (438),COMPLETED,0,2026-10-06 14:18:58.906,2h 13m 14s,2h 10m 45s,0.1%,185.8 MB,3.8 GB,199.9 MB,268.1 MB
4173,81/f4c009,63246503_49,p21__genomad_pratama (450),COMPLETED,0,2026-10-06 14:18:58.906,2h 13m 34s,2h 12s,0.1%,189.4 MB,4 GB,199.9 MB,268.3 MB
2768,21/711e1a,63252905_98,p21__genomad_pratama (99),COMPLETED,0,2026-10-06 15:27:21.057,1h 6m 12s,52m 30s,0.2%,189 MB,4.1 GB,208.3 MB,276.3 MB
4180,95/837554,63246503_51,p21__genomad_pratama (452),COMPLETED,0,2026-10-06 14:18:58.906,2h 16m 14s,2h 2m 54s,0.1%,190.5 MB,4.2 GB,199.2 MB,267.4 MB
4064,34/be45a5,63246503_22,p21__genomad_pratama (423),COMPLETED,0,2026-10-06 14:18:58.906,2h 16m 57s,2h 14m 27s,0.1%,188.7 MB,4 GB,205.9 MB,273.9 MB
4679,16/5a4645,63258753,p10__deepvirfinder_pratama (19),COMPLETED,0,2026-10-06 16:07:57.916,27m 58s,26m 41s,0.4%,186.4 MB,4.2 GB,431.3 MB,265.1 MB
4052,bc/f8e80d,63246503_19,p21__genomad_pratama (420),COMPLETED,0,2026-10-06 14:18:58.906,2h 18m 6s,2h 15m 39s,0.1%,186.6 MB,3.9 GB,210.4 MB,278.3 MB
4168,bc/924885,63246503_48,p21__genomad_pratama (449),COMPLETED,0,2026-10-06 14:18:58.906,2h 18m 24s,2h 4m 59s,0.1%,189.7 MB,4 GB,200.1 MB,268.4 MB
4141,89/994f90,63246503_41,p21__genomad_pratama (442),COMPLETED,0,2026-10-06 14:18:58.906,2h 18m 54s,2h 9m 8s,0.1%,185.7 MB,3.9 GB,198.5 MB,267 MB
2598,5e/7b1f56,63252905_56,p21__genomad_pratama (57),COMPLETED,0,2026-10-06 15:27:21.057,1h 11m 32s,1h 1m 28s,0.3%,187 MB,3.9 GB,201.6 MB,269.8 MB
3992,48/ed4476,63246503_4,p21__genomad_pratama (405),COMPLETED,0,2026-10-06 14:18:58.906,2h 20m 54s,2h 18m 23s,0.1%,186.8 MB,3.8 GB,202.7 MB,270.8 MB
2410,99/199503,63252905_9,p21__genomad_pratama (10),COMPLETED,0,2026-10-06 15:27:21.057,1h 12m 52s,1h 9m 50s,0.2%,191.1 MB,4.2 GB,208.7 MB,276.7 MB
2497,f1/b132ba,63252905_30,p21__genomad_pratama (31),COMPLETED,0,2026-10-06 15:27:21.057,1h 13m 32s,1h 10m 24s,0.2%,188.9 MB,4.2 GB,202 MB,270.3 MB
2384,6f/dd615d,63261598_2,p20__virsorter2_pratama (3),COMPLETED,0,2026-10-06 16:38:58.548,2m 45s,33s,20.6%,186.3 MB,3.9 GB,463.7 MB,266.7 MB
2456,a3/590fcf,63261598_21,p20__virsorter2_pratama (22),COMPLETED,0,2026-10-06 16:38:58.548,2m 45s,27.1s,26.0%,190.4 MB,4.1 GB,482.5 MB,266.8 MB
2476,83/c7a0a6,63261598_25,p20__virsorter2_pratama (26),COMPLETED,0,2026-10-06 16:38:58.548,2m 45s,27s,21.8%,187 MB,3.8 GB,463.6 MB,266.8 MB
2514,78/b6e52b,63261598_35,p20__virsorter2_pratama (36),COMPLETED,0,2026-10-06 16:38:58.548,3m 7s,47.8s,15.9%,193.5 MB,4.1 GB,465.4 MB,266.7 MB
2403,cf/ace391,63261598_7,p20__virsorter2_pratama (8),COMPLETED,0,2026-10-06 16:38:58.548,3m 15s,1m,10.1%,185.6 MB,4.1 GB,440.9 MB,266.7 MB
2494,e6/179629,63261598_30,p20__virsorter2_pratama (31),COMPLETED,0,2026-10-06 16:38:58.548,3m 15s,1m,10.0%,190.9 MB,4.2 GB,466.6 MB,266.7 MB
2643,74/4a224a,63252905_67,p21__genomad_pratama (68),COMPLETED,0,2026-10-06 15:27:21.057,1h 15m 2s,1h 4m 56s,0.2%,186.8 MB,3.8 GB,207.7 MB,275.6 MB
2430,a2/2266a4,63261598_14,p20__virsorter2_pratama (15),COMPLETED,0,2026-10-06 16:38:58.548,3m 25s,1m 12s,9.2%,188.8 MB,3.9 GB,372.6 MB,266.8 MB
2420,65/4875b8,63261598_12,p20__virsorter2_pratama (13),COMPLETED,0,2026-10-06 16:38:58.548,3m 35s,1m 14s,8.8%,186.1 MB,3.8 GB,487.6 MB,266.7 MB
2448,11/83cf32,63261598_19,p20__virsorter2_pratama (20),COMPLETED,0,2026-10-06 16:38:58.548,3m 35s,1m 21s,7.2%,185.4 MB,3.9 GB,448.4 MB,266.8 MB
2454,2d/d1b21b,63261598_20,p20__virsorter2_pratama (21),COMPLETED,0,2026-10-06 16:38:58.548,3m 35s,1m 16s,9.4%,186.6 MB,3.9 GB,466 MB,266.7 MB
2464,15/cc6462,63261598_23,p20__virsorter2_pratama (24),COMPLETED,0,2026-10-06 16:38:58.548,3m 35s,1m 15s,8.5%,185.2 MB,3.9 GB,266.5 MB,266.7 MB
2502,96/69f01b,63261598_32,p20__virsorter2_pratama (33),COMPLETED,0,2026-10-06 16:38:58.548,3m 35s,1m 20s,8.8%,190.9 MB,4.2 GB,449.7 MB,266.7 MB
4026,c0/2ac7c9,63246503_13,p21__genomad_pratama (414),COMPLETED,0,2026-10-06 14:18:58.906,2h 23m 54s,2h 21m 22s,0.1%,189.9 MB,4.1 GB,205.2 MB,273.2 MB
2380,c9/783331,63261598_1,p20__virsorter2_pratama (2),COMPLETED,0,2026-10-06 16:38:58.548,4m 7s,1m 52s,5.5%,190 MB,4 GB,446.9 MB,266.7 MB
2461,3b/061d42,63261598_22,p20__virsorter2_pratama (23),COMPLETED,0,2026-10-06 16:38:58.548,4m 7s,1m 47s,5.8%,186.1 MB,3.8 GB,494.3 MB,266.7 MB
2509,df/666bba,63261598_34,p20__virsorter2_pratama (35),COMPLETED,0,2026-10-06 16:38:58.548,4m 7s,1m 46s,6.5%,192.4 MB,4.2 GB,447.8 MB,266.8 MB
2437,34/733894,63252905_16,p21__genomad_pratama (17),COMPLETED,0,2026-10-06 15:27:21.057,1h 15m 52s,1h 12m 51s,0.2%,187.7 MB,4 GB,214.5 MB,282.4 MB
2490,0a/3e402a,63261598_29,p20__virsorter2_pratama (30),COMPLETED,0,2026-10-06 16:38:58.548,4m 15s,1m 58s,5.1%,189.3 MB,4 GB,448.2 MB,266.8 MB
2443,3f/155ffb,63261598_17,p20__virsorter2_pratama (18),COMPLETED,0,2026-10-06 16:38:58.548,4m 35s,2m 14s,4.5%,186.2 MB,3.9 GB,439.2 MB,266.7 MB
4222,1f/3c7375,63246503_62,p21__genomad_pratama (463),COMPLETED,0,2026-10-06 14:18:58.906,2h 24m 54s,2h 11m 35s,0.1%,189.6 MB,4.2 GB,199.3 MB,267.6 MB
2396,15/a5b897,63261598_5,p20__virsorter2_pratama (6),COMPLETED,0,2026-10-06 16:38:58.548,4m 55s,2m 41s,3.9%,190.8 MB,4 GB,261.9 MB,266.7 MB
2498,18/82ee44,63261598_31,p20__virsorter2_pratama (32),COMPLETED,0,2026-10-06 16:38:58.548,4m 55s,2m 41s,3.5%,185.2 MB,4 GB,485.4 MB,266.8 MB
2416,2a/ad9d02,63261598_11,p20__virsorter2_pratama (12),COMPLETED,0,2026-10-06 16:38:58.548,5m 7s,2m 51s,3.6%,202 MB,3.8 GB,478.5 MB,266.7 MB
4220,05/299030,63246503_61,p21__genomad_pratama (462),COMPLETED,0,2026-10-06 14:18:58.906,2h 25m 24s,2h 12m,0.1%,184.9 MB,3.9 GB,199.4 MB,267.7 MB
2526,2f/7fcc8c,63261598_38,p20__virsorter2_pratama (39),COMPLETED,0,2026-10-06 16:38:58.548,5m 45s,3m 29s,3.7%,186.6 MB,4 GB,201.4 MB,266.7 MB
4281,11/1109cc,63246503_77,p21__genomad_pratama (478),COMPLETED,0,2026-10-06 14:18:58.906,2h 26m 4s,2h 12m 42s,0.1%,188.2 MB,3.9 GB,199.7 MB,268 MB
2522,13/6ce113,63261598_37,p20__virsorter2_pratama (38),COMPLETED,0,2026-10-06 16:38:58.548,6m 7s,3m 46s,3.2%,186.4 MB,3.9 GB,499.1 MB,266.7 MB
2388,07/fc63f0,63261598_3,p20__virsorter2_pratama (4),COMPLETED,0,2026-10-06 16:38:58.548,6m 15s,4m 2s,2.7%,187.6 MB,4 GB,481 MB,266.8 MB
4278,f5/20cb29,63246503_76,p21__genomad_pratama (477),COMPLETED,0,2026-10-06 14:18:58.906,2h 26m 24s,2h 13m 1s,0.1%,186.6 MB,3.8 GB,200 MB,268.2 MB
2439,7b/164187,63261598_16,p20__virsorter2_pratama (17),COMPLETED,0,2026-10-06 16:38:58.548,6m 25s,4m 9s,2.5%,187.6 MB,4.1 GB,459.3 MB,266.7 MB
2483,6f/031a69,63261598_27,p20__virsorter2_pratama (28),COMPLETED,0,2026-10-06 16:38:58.548,6m 35s,4m 14s,2.1%,189.4 MB,3.9 GB,390.1 MB,266.7 MB
2518,4b/7ddeb1,63261598_36,p20__virsorter2_pratama (37),COMPLETED,0,2026-10-06 16:38:58.548,6m 35s,4m 19s,2.7%,189.2 MB,3.9 GB,483.2 MB,266.8 MB
2411,3c/3756ed,63261598_9,p20__virsorter2_pratama (10),COMPLETED,0,2026-10-06 16:38:58.548,6m 45s,4m 31s,2.1%,189.6 MB,4 GB,459.4 MB,266.7 MB
2453,b9/29e92f,63252905_20,p21__genomad_pratama (21),COMPLETED,0,2026-10-06 15:27:21.057,1h 18m 32s,1h 15m 33s,0.2%,189.4 MB,4.2 GB,215.9 MB,283.6 MB
2413,97/2a298d,63261598_10,p20__virsorter2_pratama (11),COMPLETED,0,2026-10-06 16:38:58.548,6m 55s,4m 35s,2.2%,188.9 MB,4 GB,469.1 MB,266.7 MB
2479,5d/0e2bbc,63261598_26,p20__virsorter2_pratama (27),COMPLETED,0,2026-10-06 16:38:58.548,6m 55s,4m 43s,2.2%,188.9 MB,3.9 GB,485.6 MB,266.8 MB
2407,74/58eab4,63261598_8,p20__virsorter2_pratama (9),COMPLETED,0,2026-10-06 16:38:58.548,7m 17s,5m 4s,2.1%,186.3 MB,3.8 GB,450 MB,266.7 MB
2425,09/eba979,63261598_13,p20__virsorter2_pratama (14),COMPLETED,0,2026-10-06 16:38:58.548,7m 17s,5m 3s,2.5%,240.7 MB,4.1 GB,494.9 MB,266.7 MB
2392,f4/ab448b,63261598_4,p20__virsorter2_pratama (5),COMPLETED,0,2026-10-06 16:38:58.548,7m 35s,5m 18s,2.1%,189.4 MB,4.2 GB,494.5 MB,266.8 MB
2589,48/57edaa,63261598_53,p20__virsorter2_pratama (54),COMPLETED,0,2026-10-06 16:38:58.548,10m 17s,38s,22.0%,323.5 MB,4 GB,496.2 MB,266.7 MB
2562,16/8d5c94,63261598_47,p20__virsorter2_pratama (48),COMPLETED,0,2026-10-06 16:38:58.548,10m 25s,54.6s,14.2%,184.3 MB,3.9 GB,489.4 MB,266.7 MB
2543,43/45b1d6,63261598_42,p20__virsorter2_pratama (43),COMPLETED,0,2026-10-06 16:38:58.548,10m 35s,59.8s,10.5%,186.7 MB,3.9 GB,450.3 MB,266.8 MB
2556,82/6210bd,63261598_45,p20__virsorter2_pratama (46),COMPLETED,0,2026-10-06 16:38:58.548,10m 35s,1m 2s,10.9%,291.6 MB,4.1 GB,474.4 MB,266.8 MB
2559,5f/ecac97,63261598_46,p20__virsorter2_pratama (47),COMPLETED,0,2026-10-06 16:38:58.548,10m 45s,1m 15s,10.3%,185.3 MB,3.9 GB,482 MB,266.8 MB
2603,e5/2b62aa,63261598_57,p20__virsorter2_pratama (58),COMPLETED,0,2026-10-06 16:38:58.548,10m 55s,1m 23s,10.2%,186 MB,3.8 GB,462.3 MB,266.7 MB
2517,f3/6d53ec,63252905_35,p21__genomad_pratama (36),COMPLETED,0,2026-10-06 15:27:21.057,1h 22m 42s,1h 19m 34s,0.2%,187.5 MB,3.9 GB,202.2 MB,270.4 MB
2535,2d/ec8603,63261598_40,p20__virsorter2_pratama (41),COMPLETED,0,2026-10-06 16:38:58.548,11m 17s,1m 39s,7.3%,185.6 MB,3.9 GB,432.3 MB,266.7 MB
2581,b7/0695a1,63261598_51,p20__virsorter2_pratama (52),COMPLETED,0,2026-10-06 16:38:58.548,11m 17s,1m 47s,6.6%,189.5 MB,4.2 GB,467.6 MB,266.7 MB
2607,54/24f258,63261598_58,p20__virsorter2_pratama (59),COMPLETED,0,2026-10-06 16:38:58.548,11m 45s,2m 9s,6.7%,187.5 MB,4 GB,477.4 MB,266.7 MB
2547,19/00e1f7,63261598_43,p20__virsorter2_pratama (44),COMPLETED,0,2026-10-06 16:38:58.548,12m 5s,2m 36s,3.9%,188.5 MB,4.1 GB,458.4 MB,266.7 MB
2601,4a/c5251a,63261598_56,p20__virsorter2_pratama (57),COMPLETED,0,2026-10-06 16:38:58.548,12m 17s,2m 37s,4.3%,187.5 MB,4 GB,446.9 MB,266.8 MB
2612,75/305374,63261598_59,p20__virsorter2_pratama (60),COMPLETED,0,2026-10-06 16:38:58.548,12m 17s,2m 38s,4.3%,187.6 MB,4 GB,489.9 MB,266.7 MB
4293,fd/847bc9,63246503_80,p21__genomad_pratama (481),COMPLETED,0,2026-10-06 14:18:58.906,2h 32m 24s,2h 19m 6s,0.1%,188.1 MB,3.9 GB,198.9 MB,267.2 MB
2593,49/cfa2a9,63261598_54,p20__virsorter2_pratama (55),COMPLETED,0,2026-10-06 16:38:58.548,12m 45s,3m 14s,3.1%,188.7 MB,4 GB,218.6 MB,266.7 MB
2539,0f/30b157,63261598_41,p20__virsorter2_pratama (42),COMPLETED,0,2026-10-06 16:38:58.548,12m 55s,3m 26s,3.3%,185.9 MB,3.9 GB,441.9 MB,266.7 MB
2617,b9/ad33bb,63261598_60,p20__virsorter2_pratama (61),COMPLETED,0,2026-10-06 16:38:58.548,12m 55s,3m 16s,4.5%,188.5 MB,4 GB,465.3 MB,266.7 MB
2767,49/13e09c,63261598_98,p20__virsorter2_pratama (99),COMPLETED,0,2026-10-06 16:38:58.548,13m 25s,20.1s,32.5%,189.9 MB,4.1 GB,453.8 MB,266.7 MB
2577,cf/c867ed,63261598_50,p20__virsorter2_pratama (51),COMPLETED,0,2026-10-06 16:38:58.548,13m 35s,4m 4s,2.7%,186.1 MB,3.9 GB,450.3 MB,266.7 MB
2754,33/4fc7f0,63261598_95,p20__virsorter2_pratama (96),COMPLETED,0,2026-10-06 16:38:58.548,13m 35s,24.3s,35.1%,188.4 MB,4 GB,494.2 MB,266.7 MB
4249,a6/6d1258,63246503_69,p21__genomad_pratama (470),COMPLETED,0,2026-10-06 14:18:58.906,2h 33m 44s,2h 20m 27s,0.1%,187.6 MB,4.1 GB,203.2 MB,271.3 MB
4346,cd/36d63a,63246503_93,p21__genomad_pratama (494),COMPLETED,0,2026-10-06 14:18:58.906,2h 33m 44s,2h 16m 45s,0.1%,188.6 MB,3.9 GB,199.5 MB,267.8 MB
2650,78/f5783d,63261598_69,p20__virsorter2_pratama (70),COMPLETED,0,2026-10-06 16:38:58.548,13m 45s,37.4s,14.9%,184.6 MB,3.8 GB,481.4 MB,266.7 MB
2719,a7/680da8,63261598_86,p20__virsorter2_pratama (87),COMPLETED,0,2026-10-06 16:38:58.548,13m 55s,43.6s,12.6%,185 MB,3.8 GB,498.4 MB,266.8 MB
2647,ea/33bb95,63261598_68,p20__virsorter2_pratama (69),COMPLETED,0,2026-10-06 16:38:58.548,14m 5s,55.6s,10.9%,186.4 MB,4.1 GB,468.2 MB,266.7 MB
2682,4c/dfc5a4,63261598_77,p20__virsorter2_pratama (78),COMPLETED,0,2026-10-06 16:38:58.548,14m 5s,55.2s,12.5%,188.3 MB,4 GB,484.7 MB,266.7 MB
2694,5a/ddf89f,63261598_80,p20__virsorter2_pratama (81),COMPLETED,0,2026-10-06 16:38:58.548,14m 5s,53.4s,13.2%,189.6 MB,4 GB,447 MB,266.7 MB
2567,ca/aeec45,63261598_48,p20__virsorter2_pratama (49),COMPLETED,0,2026-10-06 16:38:58.548,14m 17s,4m 37s,2.2%,228.2 MB,3.9 GB,495 MB,266.7 MB
2585,1c/260cd4,63261598_52,p20__virsorter2_pratama (53),COMPLETED,0,2026-10-06 16:38:58.548,14m 17s,4m 45s,2.4%,194.1 MB,3.9 GB,484.4 MB,266.7 MB
2690,2c/adb52f,63261598_79,p20__virsorter2_pratama (80),COMPLETED,0,2026-10-06 16:38:58.548,14m 17s,1m 3s,9.1%,276 MB,3.9 GB,495.8 MB,266.6 MB
2716,49/b60099,63261598_85,p20__virsorter2_pratama (86),COMPLETED,0,2026-10-06 16:38:58.548,14m 17s,1m 5s,9.3%,185.6 MB,3.8 GB,496.6 MB,266.6 MB
2723,a2/d14197,63261598_87,p20__virsorter2_pratama (88),COMPLETED,0,2026-10-06 16:38:58.548,14m 17s,1m 8s,8.2%,188.2 MB,4 GB,324.5 MB,266.7 MB
2742,c9/afec0f,63261598_92,p20__virsorter2_pratama (93),COMPLETED,0,2026-10-06 16:38:58.548,14m 17s,1m 2s,9.3%,187.5 MB,3.8 GB,483.4 MB,266.7 MB
2731,90/33c26a,63261598_89,p20__virsorter2_pratama (90),COMPLETED,0,2026-10-06 16:38:58.548,14m 25s,1m 18s,8.5%,195.3 MB,4.1 GB,465.3 MB,266.7 MB
2771,28/61f6cd,63261598_99,p20__virsorter2_pratama (100),COMPLETED,0,2026-10-06 16:38:58.548,14m 35s,1m 27s,7.5%,187.5 MB,4 GB,466 MB,266.7 MB
2551,71/63e56d,63261598_44,p20__virsorter2_pratama (45),COMPLETED,0,2026-10-06 16:38:58.548,14m 45s,5m 16s,2.4%,188.5 MB,4 GB,466.7 MB,266.8 MB
2628,29/7e2810,63261598_63,p20__virsorter2_pratama (64),COMPLETED,0,2026-10-06 16:38:58.548,14m 45s,1m 35s,6.9%,188.6 MB,3.9 GB,491 MB,266.7 MB
2642,f2/331010,63261598_67,p20__virsorter2_pratama (68),COMPLETED,0,2026-10-06 16:38:58.548,14m 45s,1m 35s,6.6%,189.9 MB,4.1 GB,454.5 MB,266.7 MB
2670,f7/d71eee,63261598_74,p20__virsorter2_pratama (75),COMPLETED,0,2026-10-06 16:38:58.548,15m 17s,2m 9s,4.9%,194.1 MB,4.1 GB,456.1 MB,266.7 MB
2679,c2/d5d808,63261598_76,p20__virsorter2_pratama (77),COMPLETED,0,2026-10-06 16:38:58.548,15m 17s,2m 4s,5.0%,188.7 MB,4 GB,476.3 MB,266.7 MB
2625,f3/b01c17,63252905_62,p21__genomad_pratama (63),COMPLETED,0,2026-10-06 15:27:21.057,1h 27m 22s,1h 17m 15s,0.2%,188.2 MB,3.9 GB,212.8 MB,280.6 MB
2666,60/53b77f,63261598_73,p20__virsorter2_pratama (74),COMPLETED,0,2026-10-06 16:38:58.548,15m 45s,2m 37s,3.7%,189.8 MB,4 GB,444.3 MB,266.7 MB
4285,c9/ff72fa,63246503_78,p21__genomad_pratama (479),COMPLETED,0,2026-10-06 14:18:58.906,2h 35m 54s,2h 22m 29s,0.1%,186.2 MB,3.9 GB,199.5 MB,267.8 MB
2738,74/0e2504,63261598_91,p20__virsorter2_pratama (92),COMPLETED,0,2026-10-06 16:38:58.548,15m 55s,2m 47s,3.6%,189.4 MB,4.1 GB,477.8 MB,266.6 MB
2383,f7/107410,63252905_2,p21__genomad_pratama (3),COMPLETED,0,2026-10-06 15:27:21.057,1h 27m 42s,1h 24m 39s,0.2%,186.7 MB,4 GB,202.6 MB,270.8 MB
2630,a5/3e23e5,63261598_64,p20__virsorter2_pratama (65),COMPLETED,0,2026-10-06 16:38:58.548,16m 5s,2m 59s,3.7%,187.4 MB,3.9 GB,203 MB,266.8 MB
2764,10/42ef9b,63261598_97,p20__virsorter2_pratama (98),COMPLETED,0,2026-10-06 16:38:58.548,16m 5s,2m 52s,3.9%,190.3 MB,4.1 GB,441.9 MB,266.7 MB
2727,6c/8e3a99,63261598_88,p20__virsorter2_pratama (89),COMPLETED,0,2026-10-06 16:38:58.548,16m 17s,3m 11s,3.5%,189.3 MB,4.2 GB,456.2 MB,266.7 MB
2724,02/9a2dfd,63252905_87,p21__genomad_pratama (88),COMPLETED,0,2026-10-06 15:27:21.057,1h 28m 12s,1h 14m 30s,0.2%,187.5 MB,3.9 GB,205.9 MB,273.9 MB
2686,35/51ec15,63261598_78,p20__virsorter2_pratama (79),COMPLETED,0,2026-10-06 16:38:58.548,16m 55s,3m 46s,2.8%,189.1 MB,4 GB,491.3 MB,266.7 MB
2708,30/3dafbf,63261598_83,p20__virsorter2_pratama (84),COMPLETED,0,2026-10-06 16:38:58.548,16m 55s,3m 41s,2.8%,189.9 MB,4.2 GB,251.8 MB,266.7 MB
2549,d7/43b194,63252905_43,p21__genomad_pratama (44),COMPLETED,0,2026-10-06 15:27:21.057,1h 28m 42s,1h 18m 36s,0.2%,189.2 MB,4 GB,209.2 MB,277.1 MB
2674,b2/badacb,63261598_75,p20__virsorter2_pratama (76),COMPLETED,0,2026-10-06 16:38:58.548,17m 5s,3m 57s,2.7%,189.6 MB,4.1 GB,466.7 MB,266.7 MB
2735,3b/9a3f36,63261598_90,p20__virsorter2_pratama (91),COMPLETED,0,2026-10-06 16:38:58.548,17m 5s,3m 53s,3.0%,188.7 MB,4 GB,472.5 MB,266.8 MB
2750,0f/54a85c,63261598_94,p20__virsorter2_pratama (95),COMPLETED,0,2026-10-06 16:38:58.548,17m 17s,4m 6s,2.9%,192.1 MB,4.2 GB,491.5 MB,266.7 MB
2746,e2/8e83f2,63261598_93,p20__virsorter2_pratama (94),COMPLETED,0,2026-10-06 16:38:58.548,17m 25s,4m 16s,2.5%,188.5 MB,4 GB,488 MB,266.8 MB
2654,15/9cf153,63261598_70,p20__virsorter2_pratama (71),COMPLETED,0,2026-10-06 16:38:58.548,17m 35s,4m 31s,2.6%,275.3 MB,4.1 GB,492.2 MB,266.7 MB
2638,51/646ddb,63261598_66,p20__virsorter2_pratama (67),COMPLETED,0,2026-10-06 16:38:58.548,18m 17s,5m 9s,2.0%,189 MB,4 GB,441.5 MB,266.8 MB
2658,6c/27aa40,63261598_71,p20__virsorter2_pratama (72),COMPLETED,0,2026-10-06 16:38:58.548,18m 17s,5m 3s,2.4%,305.4 MB,4.3 GB,435 MB,266.7 MB
2704,bc/62d435,63261598_82,p20__virsorter2_pratama (83),COMPLETED,0,2026-10-06 16:38:58.548,18m 17s,5m 10s,2.0%,189.6 MB,3.9 GB,480 MB,266.7 MB
2623,14/2c0fc7,63261598_62,p20__virsorter2_pratama (63),COMPLETED,0,2026-10-06 16:38:58.548,18m 25s,5m 14s,2.4%,210.3 MB,4 GB,461.2 MB,266.7 MB
4349,16/c249d7,63246503_94,p21__genomad_pratama (495),COMPLETED,0,2026-10-06 14:18:58.906,2h 39m 4s,2h 22m 2s,0.1%,188.7 MB,4 GB,199.4 MB,267.6 MB
2477,6b/62e2fd,63252905_25,p21__genomad_pratama (26),COMPLETED,0,2026-10-06 15:27:21.057,1h 31m 52s,1h 28m 52s,0.1%,188.7 MB,4 GB,201.1 MB,269.3 MB
4245,03/012291,63246503_68,p21__genomad_pratama (469),COMPLETED,0,2026-10-06 14:18:58.906,2h 41m 4s,2h 27m 46s,0.1%,190.2 MB,4 GB,204 MB,272.1 MB
4301,c7/099c65,63246503_82,p21__genomad_pratama (483),COMPLETED,0,2026-10-06 14:18:58.906,2h 41m 4s,2h 27m 42s,0.1%,189.2 MB,4.2 GB,198.7 MB,267.1 MB
4056,83/93b3fb,63246503_20,p21__genomad_pratama (421),COMPLETED,0,2026-10-06 14:18:58.906,2h 41m 44s,2h 39m 11s,0.1%,189.9 MB,4 GB,209.5 MB,277.4 MB
2671,7d/1d5a07,63252905_74,p21__genomad_pratama (75),COMPLETED,0,2026-10-06 15:27:21.057,1h 33m 32s,1h 23m 26s,0.2%,187.8 MB,3.9 GB,222 MB,289.5 MB
4081,7d/392a21,63246503_26,p21__genomad_pratama (427),COMPLETED,0,2026-10-06 14:18:58.906,2h 42m 14s,2h 39m 45s,0.1%,187.9 MB,4 GB,199.2 MB,267.5 MB
4018,1b/61da66,63246503_11,p21__genomad_pratama (412),COMPLETED,0,2026-10-06 14:18:58.906,2h 43m 14s,2h 40m 44s,0.1%,187.1 MB,3.9 GB,211.4 MB,279.2 MB
2604,70/6fe77c,63252905_57,p21__genomad_pratama (58),COMPLETED,0,2026-10-06 15:27:21.057,1h 35m 22s,1h 25m 18s,0.1%,191.3 MB,4.2 GB,201.4 MB,269.6 MB
3993,4f/392c79,63246503_5,p21__genomad_pratama (406),COMPLETED,0,2026-10-06 14:18:58.906,2h 44m 14s,2h 41m 42s,0.1%,187.3 MB,3.9 GB,203.1 MB,271.2 MB
3190,99/ad2611,63265158_3,p20__virsorter2_pratama (204),COMPLETED,0,2026-10-06 16:56:39.008,6m 56s,34.4s,19.2%,185.5 MB,3.9 GB,439.6 MB,266.7 MB
3240,46/c5eaf7,63265158_16,p20__virsorter2_pratama (217),COMPLETED,0,2026-10-06 16:56:39.008,7m 14s,45.3s,16.4%,190.1 MB,4 GB,440.3 MB,266.7 MB
3191,ea/356ff0,63265158_4,p20__virsorter2_pratama (205),COMPLETED,0,2026-10-06 16:56:39.008,7m 34s,1m 13s,7.9%,207.1 MB,4 GB,449 MB,266.6 MB
3244,76/01cafd,63265158_17,p20__virsorter2_pratama (218),COMPLETED,0,2026-10-06 16:56:39.008,7m 34s,1m 8s,10.7%,186.5 MB,3.8 GB,449.2 MB,266.7 MB
2646,46/19d7d2,63252905_68,p21__genomad_pratama (69),COMPLETED,0,2026-10-06 15:27:21.057,1h 37m 2s,1h 26m 56s,0.2%,188 MB,4 GB,206.7 MB,274.7 MB
3189,65/08ec46,63265158_1,p20__virsorter2_pratama (203),COMPLETED,0,2026-10-06 16:56:39.008,7m 44s,1m 24s,6.5%,190.4 MB,4 GB,206.3 MB,266.7 MB
3214,3d/a77994,63265158_9,p20__virsorter2_pratama (210),COMPLETED,0,2026-10-06 16:56:39.008,8m 14s,1m 55s,6.0%,189.6 MB,4.2 GB,489.5 MB,266.7 MB
3256,e6/f5b733,63265158_20,p20__virsorter2_pratama (221),COMPLETED,0,2026-10-06 16:56:39.008,8m 14s,1m 48s,8.4%,187.3 MB,3.8 GB,475.7 MB,266.7 MB
4192,af/0fb2b9,63246503_54,p21__genomad_pratama (455),COMPLETED,0,2026-10-06 14:18:58.906,2h 46m 4s,2h 32m 45s,0.1%,189.5 MB,4 GB,198.7 MB,266.9 MB
2415,63/13bbe9,63252905_10,p21__genomad_pratama (11),COMPLETED,0,2026-10-06 15:27:21.057,1h 37m 42s,1h 34m 44s,0.1%,189.1 MB,4 GB,208.1 MB,276 MB
3179,ff/8acd7d,63265158_2,p20__virsorter2_pratama (202),COMPLETED,0,2026-10-06 16:56:39.008,8m 34s,2m 12s,4.9%,186.8 MB,3.9 GB,499 MB,266.7 MB
3201,1e/3835c7,63265158_6,p20__virsorter2_pratama (207),COMPLETED,0,2026-10-06 16:56:39.008,9m 24s,2m 58s,3.5%,189.3 MB,4.1 GB,467.2 MB,266.7 MB
4340,7b/f439c9,63246503_92,p21__genomad_pratama (493),COMPLETED,0,2026-10-06 14:18:58.906,2h 47m 14s,2h 30m 14s,0.1%,187.8 MB,3.9 GB,199.6 MB,267.8 MB
3205,f8/ab2932,63265158_7,p20__virsorter2_pratama (208),COMPLETED,0,2026-10-06 16:56:39.008,9m 34s,3m 12s,3.6%,186.6 MB,3.9 GB,475 MB,266.6 MB
3222,ed/44e176,63265158_12,p20__virsorter2_pratama (213),COMPLETED,0,2026-10-06 16:56:39.008,9m 34s,3m 15s,3.8%,185.5 MB,3.9 GB,478.4 MB,266.7 MB
3264,20/083d79,63265158_22,p20__virsorter2_pratama (223),COMPLETED,0,2026-10-06 16:56:39.008,9m 34s,3m 8s,3.8%,189.3 MB,4 GB,491.8 MB,266.8 MB
2733,3d/8d7278,63252905_89,p21__genomad_pratama (90),COMPLETED,0,2026-10-06 15:27:21.057,1h 39m 2s,1h 25m 24s,0.1%,187.4 MB,4 GB,228.4 MB,295.5 MB
4115,c1/5b7ea8,63246503_35,p21__genomad_pratama (436),COMPLETED,0,2026-10-06 14:18:58.906,2h 47m 34s,2h 44m 59s,0.1%,183.6 MB,3.8 GB,199.4 MB,267.7 MB
4184,3c/2b438e,63246503_52,p21__genomad_pratama (453),COMPLETED,0,2026-10-06 14:18:58.906,2h 47m 54s,2h 34m 29s,0.1%,191.1 MB,4.2 GB,199.1 MB,267.4 MB
3277,40/5c359d,63265158_25,p20__virsorter2_pratama (226),COMPLETED,0,2026-10-06 16:56:39.008,10m 14s,3m 47s,3.2%,188.1 MB,4.1 GB,450.4 MB,266.8 MB
3252,0b/d3aad5,63265158_19,p20__virsorter2_pratama (220),COMPLETED,0,2026-10-06 16:56:39.008,10m 24s,3m 57s,2.5%,185.5 MB,3.8 GB,466.9 MB,266.7 MB
3336,35/8f0fa1,63265158_39,p20__virsorter2_pratama (240),COMPLETED,0,2026-10-06 16:56:39.008,10m 34s,31.3s,21.4%,189.7 MB,4 GB,491.5 MB,266.8 MB
4060,cc/1633ba,63246503_21,p21__genomad_pratama (422),COMPLETED,0,2026-10-06 14:18:58.906,2h 48m 24s,2h 45m 50s,0.1%,190.1 MB,4 GB,208.9 MB,276.8 MB
3237,e2/d9bced,63265158_15,p20__virsorter2_pratama (216),COMPLETED,0,2026-10-06 16:56:39.008,10m 44s,4m 23s,2.4%,187.1 MB,4 GB,243.5 MB,266.7 MB
3268,88/2b7574,63265158_23,p20__virsorter2_pratama (224),COMPLETED,0,2026-10-06 16:56:39.008,10m 44s,4m 22s,3.1%,318.9 MB,4.2 GB,497.5 MB,266.7 MB
3312,40/e3468f,63265158_33,p20__virsorter2_pratama (234),COMPLETED,0,2026-10-06 16:56:39.008,10m 44s,34.4s,17.6%,189.5 MB,4.2 GB,453.8 MB,266.7 MB
3382,90/9ecce9,63265158_52,p20__virsorter2_pratama (253),COMPLETED,0,2026-10-06 16:56:39.008,10m 44s,40s,15.3%,190.5 MB,4.1 GB,473.1 MB,266.7 MB
3386,8a/3a0eef,63265158_53,p20__virsorter2_pratama (254),COMPLETED,0,2026-10-06 16:56:39.008,10m 44s,35.3s,17.1%,190.6 MB,4.1 GB,477.8 MB,266.7 MB
3423,86/250a93,63265158_62,p20__virsorter2_pratama (263),COMPLETED,0,2026-10-06 16:56:39.008,10m 54s,45.3s,13.4%,188.6 MB,4 GB,489.8 MB,266.7 MB
3438,c2/30fa5a,63265158_66,p20__virsorter2_pratama (267),COMPLETED,0,2026-10-06 16:56:39.008,10m 57s,45.8s,12.7%,187.7 MB,4 GB,442.2 MB,266.7 MB
4253,40/ebc2bb,63246503_70,p21__genomad_pratama (471),COMPLETED,0,2026-10-06 14:18:58.906,2h 48m 44s,2h 35m 27s,0.1%,188.5 MB,4.2 GB,202.7 MB,270.8 MB
3193,3b/c4c661,63265158_5,p20__virsorter2_pratama (206),COMPLETED,0,2026-10-06 16:56:39.008,11m 4s,4m 44s,2.2%,187.6 MB,3.9 GB,458.3 MB,266.8 MB
3228,92/c0755d,63265158_13,p20__virsorter2_pratama (214),COMPLETED,0,2026-10-06 16:56:39.008,11m 4s,4m 40s,2.4%,186.7 MB,4.1 GB,307.4 MB,266.7 MB
3349,98/7b1d6e,63265158_43,p20__virsorter2_pratama (244),COMPLETED,0,2026-10-06 16:56:39.008,11m 4s,1m 2s,11.1%,187.9 MB,3.8 GB,491.5 MB,266.8 MB
3260,bb/8c4d46,63265158_21,p20__virsorter2_pratama (222),COMPLETED,0,2026-10-06 16:56:39.008,11m 14s,4m 53s,2.8%,187 MB,3.9 GB,484.3 MB,266.7 MB
3331,2b/3ced35,63265158_38,p20__virsorter2_pratama (239),COMPLETED,0,2026-10-06 16:56:39.008,11m 14s,1m 4s,9.3%,186 MB,3.8 GB,487.7 MB,266.7 MB
2521,7a/44fd4f,63252905_36,p21__genomad_pratama (37),COMPLETED,0,2026-10-06 15:27:21.057,1h 40m 42s,1h 37m 35s,0.1%,189.9 MB,4.1 GB,200.9 MB,269.2 MB
3217,cb/de7560,63265158_10,p20__virsorter2_pratama (211),COMPLETED,0,2026-10-06 16:56:39.008,11m 24s,5m 1s,2.2%,283.6 MB,4.2 GB,494.7 MB,266.7 MB
3281,2b/e3abf8,63265158_26,p20__virsorter2_pratama (227),COMPLETED,0,2026-10-06 16:56:39.008,11m 24s,4m 56s,2.5%,186.7 MB,3.9 GB,471.8 MB,266.7 MB
3359,bc/4ec82c,63265158_46,p20__virsorter2_pratama (247),COMPLETED,0,2026-10-06 16:56:39.008,11m 24s,1m 23s,7.7%,310.3 MB,4.1 GB,453.8 MB,266.7 MB
3419,1a/078c71,63265158_61,p20__virsorter2_pratama (262),COMPLETED,0,2026-10-06 16:56:39.008,11m 24s,1m 19s,7.8%,188.3 MB,4 GB,485.1 MB,266.7 MB
3210,b9/30f492,63265158_8,p20__virsorter2_pratama (209),COMPLETED,0,2026-10-06 16:56:39.008,11m 34s,5m 10s,2.2%,187.8 MB,4.1 GB,482.7 MB,266.7 MB
3248,f4/ed1d2c,63265158_18,p20__virsorter2_pratama (219),COMPLETED,0,2026-10-06 16:56:39.008,11m 34s,5m 7s,2.2%,186.8 MB,3.8 GB,457.8 MB,266.6 MB
2772,21/a0819e,63252905_99,p21__genomad_pratama (100),COMPLETED,0,2026-10-06 15:27:21.057,1h 41m 2s,1h 27m 26s,0.1%,189 MB,4.1 GB,207.4 MB,275.4 MB
3410,76/01e116,63265158_59,p20__virsorter2_pratama (260),COMPLETED,0,2026-10-06 16:56:39.008,11m 44s,1m 42s,5.7%,189.2 MB,4.1 GB,470.3 MB,266.7 MB
2485,5f/74ee3e,63252905_27,p21__genomad_pratama (28),COMPLETED,0,2026-10-06 15:27:21.057,1h 41m 24s,1h 38m 21s,0.1%,186.9 MB,3.8 GB,198.6 MB,266.8 MB
3345,b5/161d4d,63265158_42,p20__virsorter2_pratama (243),COMPLETED,0,2026-10-06 16:56:39.008,12m 6s,1m 53s,6.3%,298.5 MB,4.3 GB,487.6 MB,266.7 MB
3406,26/8b292a,63265158_58,p20__virsorter2_pratama (259),COMPLETED,0,2026-10-06 16:56:39.008,12m 6s,2m,4.8%,191.3 MB,4.1 GB,460.5 MB,266.7 MB
2728,a4/25b02a,63252905_88,p21__genomad_pratama (89),COMPLETED,0,2026-10-06 15:27:21.057,1h 41m 42s,1h 27m 59s,0.2%,186.9 MB,3.9 GB,231.5 MB,298.5 MB
3289,b6/e14aad,63265158_28,p20__virsorter2_pratama (229),COMPLETED,0,2026-10-06 16:56:39.008,12m 34s,2m 34s,4.5%,191 MB,4.1 GB,401.8 MB,266.7 MB
3404,aa/8c7492,63265158_57,p20__virsorter2_pratama (258),COMPLETED,0,2026-10-06 16:56:39.008,12m 34s,2m 28s,3.9%,225.3 MB,4.2 GB,448.1 MB,266.7 MB
3363,79/174122,63265158_47,p20__virsorter2_pratama (248),COMPLETED,0,2026-10-06 16:56:39.008,12m 54s,2m 48s,4.0%,188.9 MB,4.1 GB,442 MB,266.7 MB
3285,b7/b8bb1b,63265158_27,p20__virsorter2_pratama (228),COMPLETED,0,2026-10-06 16:56:39.008,13m 6s,3m 3s,3.9%,187.3 MB,3.8 GB,489.4 MB,266.7 MB
3303,98/5b4865,63265158_31,p20__virsorter2_pratama (232),COMPLETED,0,2026-10-06 16:56:39.008,13m 6s,3m 1s,3.4%,188.5 MB,3.9 GB,499 MB,266.7 MB
3316,2a/4c2a97,63265158_34,p20__virsorter2_pratama (235),COMPLETED,0,2026-10-06 16:56:39.008,13m 6s,2m 59s,3.6%,188.6 MB,4.1 GB,463.5 MB,266.7 MB
3370,47/db376e,63265158_49,p20__virsorter2_pratama (250),COMPLETED,0,2026-10-06 16:56:39.008,13m 6s,3m 3s,3.4%,186.5 MB,3.8 GB,455.9 MB,266.8 MB
3354,2b/b6aa91,63265158_45,p20__virsorter2_pratama (246),COMPLETED,0,2026-10-06 16:56:39.008,13m 14s,3m 7s,3.4%,188.4 MB,4 GB,497.4 MB,266.7 MB
3391,63/f01e20,63265158_54,p20__virsorter2_pratama (255),COMPLETED,0,2026-10-06 16:56:39.008,13m 14s,3m 11s,3.6%,189 MB,4 GB,482.9 MB,266.7 MB
4289,fa/778bc0,63246503_79,p21__genomad_pratama (480),COMPLETED,0,2026-10-06 14:18:58.906,2h 51m 4s,2h 37m 45s,0.1%,191.2 MB,4.2 GB,199.2 MB,267.6 MB
3337,8b/a13d2e,63265158_40,p20__virsorter2_pratama (241),COMPLETED,0,2026-10-06 16:56:39.008,13m 24s,3m 17s,3.2%,188.6 MB,4 GB,494.3 MB,266.7 MB
3379,76/fd7fc9,63265158_51,p20__virsorter2_pratama (252),COMPLETED,0,2026-10-06 16:56:39.008,13m 24s,3m 23s,3.1%,189.1 MB,4 GB,467.9 MB,266.7 MB
3415,0b/8e97da,63265158_60,p20__virsorter2_pratama (261),COMPLETED,0,2026-10-06 16:56:39.008,13m 44s,3m 42s,2.7%,188.5 MB,4.2 GB,478.2 MB,266.7 MB
4076,9c/6430fd,63246503_25,p21__genomad_pratama (426),COMPLETED,0,2026-10-06 14:18:58.906,2h 51m 34s,2h 49m,0.1%,187.2 MB,3.9 GB,199.3 MB,267.6 MB
3426,c0/e900f1,63265158_63,p20__virsorter2_pratama (264),COMPLETED,0,2026-10-06 16:56:39.008,14m 8s,4m 3s,2.5%,189.3 MB,4.2 GB,493.5 MB,266.7 MB
3432,a2/49616d,63265158_64,p20__virsorter2_pratama (265),COMPLETED,0,2026-10-06 16:56:39.008,14m 8s,4m 4s,2.5%,322.2 MB,4.2 GB,496.9 MB,266.7 MB
3493,13/d32445,63265158_80,p20__virsorter2_pratama (281),COMPLETED,0,2026-10-06 16:56:39.008,14m 8s,18.5s,31.3%,188.9 MB,4 GB,346.5 MB,266.7 MB
3352,ec/32b40d,63265158_44,p20__virsorter2_pratama (245),COMPLETED,0,2026-10-06 16:56:39.008,14m 24s,4m 21s,2.2%,186.8 MB,4 GB,494.7 MB,266.7 MB
3375,c5/1b75bc,63265158_50,p20__virsorter2_pratama (251),COMPLETED,0,2026-10-06 16:56:39.008,14m 24s,4m 17s,2.6%,188.7 MB,3.9 GB,462.2 MB,266.7 MB
3502,42/728d9f,63265158_82,p20__virsorter2_pratama (283),COMPLETED,0,2026-10-06 16:56:39.008,14m 24s,41.7s,15.8%,188.6 MB,4 GB,449.8 MB,266.7 MB
3299,b3/6a7111,63265158_30,p20__virsorter2_pratama (231),COMPLETED,0,2026-10-06 16:56:39.008,14m 34s,4m 30s,2.4%,190.7 MB,4 GB,497 MB,266.7 MB
3566,c7/a1afb1,63265158_98,p20__virsorter2_pratama (299),COMPLETED,0,2026-10-06 16:56:39.008,14m 34s,48.6s,12.2%,190.9 MB,4 GB,462.8 MB,266.7 MB
3320,f3/e73684,63265158_35,p20__virsorter2_pratama (236),COMPLETED,0,2026-10-06 16:56:39.008,14m 44s,4m 39s,2.4%,189.4 MB,3.9 GB,471.1 MB,266.7 MB
3324,f3/1bdc28,63265158_36,p20__virsorter2_pratama (237),COMPLETED,0,2026-10-06 16:56:39.008,14m 44s,4m 38s,2.3%,188.5 MB,3.9 GB,477.1 MB,266.7 MB
3481,bc/ac1efe,63265158_77,p20__virsorter2_pratama (278),COMPLETED,0,2026-10-06 16:56:39.008,14m 44s,55.5s,13.7%,188.2 MB,4 GB,491.6 MB,266.7 MB
3555,24/8aa90d,63265158_95,p20__virsorter2_pratama (296),COMPLETED,0,2026-10-06 16:56:39.008,14m 44s,54.5s,10.9%,185.9 MB,3.9 GB,442.5 MB,266.8 MB
3570,24/435444,63265158_99,p20__virsorter2_pratama (300),COMPLETED,0,2026-10-06 16:56:39.008,14m 44s,1m 3s,9.7%,188.9 MB,4 GB,468.4 MB,266.7 MB
3308,78/370aec,63265158_32,p20__virsorter2_pratama (233),COMPLETED,0,2026-10-06 16:56:39.008,14m 54s,4m 52s,2.2%,185.3 MB,3.8 GB,247.4 MB,266.7 MB
4111,07/f25be7,63246503_34,p21__genomad_pratama (435),COMPLETED,0,2026-10-06 14:18:58.906,2h 52m 44s,2h 50m 14s,0.1%,187.8 MB,4 GB,199.6 MB,267.8 MB
3401,af/df968a,63265158_56,p20__virsorter2_pratama (257),COMPLETED,0,2026-10-06 16:56:39.008,15m 6s,5m 2s,2.1%,188.8 MB,3.9 GB,461.6 MB,266.7 MB
3547,76/cc70f1,63265158_93,p20__virsorter2_pratama (294),COMPLETED,0,2026-10-06 16:56:39.008,15m 6s,1m 23s,8.2%,188.4 MB,3.9 GB,498.3 MB,266.7 MB
3327,f4/c4a323,63265158_37,p20__virsorter2_pratama (238),COMPLETED,0,2026-10-06 16:56:39.008,15m 14s,5m 5s,2.3%,209.9 MB,4 GB,482.8 MB,266.6 MB
3366,c4/49dd1f,63265158_48,p20__virsorter2_pratama (249),COMPLETED,0,2026-10-06 16:56:39.008,15m 14s,5m 12s,1.9%,190.2 MB,4.2 GB,449.3 MB,266.7 MB
3552,d3/70e61f,63265158_94,p20__virsorter2_pratama (295),COMPLETED,0,2026-10-06 16:56:39.008,15m 14s,1m 28s,7.3%,187.3 MB,3.8 GB,295.9 MB,266.7 MB
3485,d2/b08f22,63265158_78,p20__virsorter2_pratama (279),COMPLETED,0,2026-10-06 16:56:39.008,15m 24s,1m 43s,5.8%,191.3 MB,4 GB,495.1 MB,266.7 MB
3558,d5/ddd40e,63265158_96,p20__virsorter2_pratama (297),COMPLETED,0,2026-10-06 16:56:39.008,15m 24s,1m 35s,5.8%,189.6 MB,4.1 GB,449.8 MB,266.7 MB
3466,e4/2c2624,63265158_73,p20__virsorter2_pratama (274),COMPLETED,0,2026-10-06 16:56:39.008,15m 34s,1m 53s,5.6%,188.6 MB,4 GB,490.6 MB,266.7 MB
3470,7b/6eb95d,63265158_74,p20__virsorter2_pratama (275),COMPLETED,0,2026-10-06 16:56:39.008,15m 34s,1m 45s,5.8%,187.9 MB,4 GB,495.7 MB,266.7 MB
3523,4f/41ce93,63265158_88,p20__virsorter2_pratama (289),COMPLETED,0,2026-10-06 16:56:39.008,15m 44s,1m 54s,6.4%,291.5 MB,4.1 GB,483.1 MB,266.8 MB
3538,b5/29d206,63265158_91,p20__virsorter2_pratama (292),COMPLETED,0,2026-10-06 16:56:39.008,15m 44s,1m 58s,5.6%,276.3 MB,4.1 GB,492.2 MB,266.8 MB
3477,23/789d94,63265158_76,p20__virsorter2_pratama (277),COMPLETED,0,2026-10-06 16:56:39.008,15m 54s,2m 12s,4.6%,187.9 MB,4 GB,487.5 MB,266.7 MB
3489,35/1b0995,63265158_79,p20__virsorter2_pratama (280),COMPLETED,0,2026-10-06 16:56:39.008,15m 54s,2m 6s,5.1%,190.2 MB,4 GB,498 MB,266.7 MB
4023,ee/e6a7b5,63246503_12,p21__genomad_pratama (413),COMPLETED,0,2026-10-06 14:18:58.906,2h 53m 44s,2h 51m 15s,0.1%,188.3 MB,4 GB,209.3 MB,277.2 MB
3462,56/0d86a4,63265158_72,p20__virsorter2_pratama (273),COMPLETED,0,2026-10-06 16:56:39.008,16m 6s,2m 21s,4.2%,189.5 MB,3.9 GB,483.9 MB,266.7 MB
3563,45/a70c45,63265158_97,p20__virsorter2_pratama (298),COMPLETED,0,2026-10-06 16:56:39.008,16m 14s,2m 31s,3.8%,189.4 MB,4 GB,456.5 MB,266.7 MB
4072,14/ace860,63246503_24,p21__genomad_pratama (425),COMPLETED,0,2026-10-06 14:18:58.906,2h 54m 14s,2h 51m 45s,0.1%,187 MB,3.8 GB,199.4 MB,267.7 MB
3442,78/1245d6,63265158_67,p20__virsorter2_pratama (268),COMPLETED,0,2026-10-06 16:56:39.008,16m 54s,3m 6s,3.1%,188.6 MB,4.2 GB,439.4 MB,266.7 MB
4188,70/e59e08,63246503_53,p21__genomad_pratama (454),COMPLETED,0,2026-10-06 14:18:58.906,2h 54m 44s,2h 41m 18s,0.1%,188.2 MB,4.2 GB,199 MB,267.3 MB
2429,18/7944ea,63252905_14,p21__genomad_pratama (15),COMPLETED,0,2026-10-06 15:27:21.057,1h 46m 25s,1h 43m 24s,0.1%,186.8 MB,4 GB,201.1 MB,269.4 MB
3536,6b/9382fc,63265158_90,p20__virsorter2_pratama (291),COMPLETED,0,2026-10-06 16:56:39.008,17m 24s,3m 34s,3.2%,186.6 MB,3.8 GB,488.2 MB,266.7 MB
3450,a3/00fdd5,63265158_69,p20__virsorter2_pratama (270),COMPLETED,0,2026-10-06 16:56:39.008,17m 34s,3m 45s,2.7%,188.6 MB,4 GB,458.8 MB,266.7 MB
3519,75/f41f21,63265158_87,p20__virsorter2_pratama (288),COMPLETED,0,2026-10-06 16:56:39.008,17m 34s,3m 45s,2.8%,326.6 MB,4.3 GB,478 MB,266.7 MB
3454,09/212984,63265158_70,p20__virsorter2_pratama (271),COMPLETED,0,2026-10-06 16:56:39.008,17m 44s,4m 2s,2.6%,189.1 MB,4 GB,467.9 MB,266.7 MB
3497,4e/425050,63265158_81,p20__virsorter2_pratama (282),COMPLETED,0,2026-10-06 16:56:39.008,17m 44s,3m 59s,2.7%,188.6 MB,4.2 GB,442.5 MB,266.7 MB
3458,c7/216939,63265158_71,p20__virsorter2_pratama (272),COMPLETED,0,2026-10-06 16:56:39.008,17m 54s,4m 6s,2.5%,209.8 MB,4 GB,476.1 MB,266.7 MB
3510,26/d30a9f,63265158_84,p20__virsorter2_pratama (285),COMPLETED,0,2026-10-06 16:56:39.008,17m 54s,4m 11s,3.1%,185 MB,3.9 GB,462.5 MB,266.7 MB
3543,d2/0564aa,63265158_92,p20__virsorter2_pratama (293),COMPLETED,0,2026-10-06 16:56:39.008,17m 54s,4m 5s,2.8%,189.4 MB,4 GB,495.7 MB,266.7 MB
3505,48/51e0a8,63265158_83,p20__virsorter2_pratama (284),COMPLETED,0,2026-10-06 16:56:39.008,18m 4s,4m 16s,2.5%,188 MB,4 GB,456.2 MB,266.7 MB
3516,7c/304f44,63265158_86,p20__virsorter2_pratama (287),COMPLETED,0,2026-10-06 16:56:39.008,18m 4s,4m 20s,2.6%,185.8 MB,4 GB,473.2 MB,266.8 MB
3446,c1/e9caf7,63265158_68,p20__virsorter2_pratama (269),COMPLETED,0,2026-10-06 16:56:39.008,18m 24s,4m 40s,2.1%,189.7 MB,4.1 GB,449.2 MB,266.7 MB
4324,75/48d938,63246503_88,p21__genomad_pratama (489),COMPLETED,0,2026-10-06 14:18:58.906,2h 56m 14s,2h 39m 19s,0.1%,187.4 MB,3.9 GB,199.6 MB,267.8 MB
3514,49/b40d15,63265158_85,p20__virsorter2_pratama (286),COMPLETED,0,2026-10-06 16:56:39.008,18m 34s,4m 52s,2.2%,187.7 MB,4 GB,468.1 MB,266.7 MB
2419,34/62b376,63252905_11,p21__genomad_pratama (12),COMPLETED,0,2026-10-06 15:27:21.057,1h 48m 34s,1h 45m 29s,0.1%,189.1 MB,4 GB,206.9 MB,275 MB
4333,e3/8dbb4d,63246503_90,p21__genomad_pratama (491),COMPLETED,0,2026-10-06 14:18:58.906,2h 58m 34s,2h 41m 36s,0.1%,191.3 MB,4.1 GB,199.2 MB,267.5 MB
2506,8c/0c7374,63252905_32,p21__genomad_pratama (33),COMPLETED,0,2026-10-06 15:27:21.057,1h 52m 36s,1h 49m 25s,0.1%,188.2 MB,4 GB,199.3 MB,267.7 MB
1732,d9/d24aa8,63268289_24,p14__virsorter2_pratama (25),COMPLETED,0,2026-10-06 17:12:18.741,9m 25s,23.2s,25.7%,189.2 MB,4.1 GB,480.3 MB,266.7 MB
1778,15/830b61,63268289_36,p14__virsorter2_pratama (37),COMPLETED,0,2026-10-06 17:12:18.741,9m 37s,31.2s,19.4%,190.4 MB,4.2 GB,453.8 MB,266.7 MB
1782,a5/6cecbd,63268289_37,p14__virsorter2_pratama (38),COMPLETED,0,2026-10-06 17:12:18.741,9m 37s,31.7s,18.9%,229.8 MB,4.1 GB,467.2 MB,266.7 MB
1698,7f/7713c2,63268289_15,p14__virsorter2_pratama (16),COMPLETED,0,2026-10-06 17:12:18.741,9m 55s,52.3s,11.3%,206.9 MB,4.2 GB,481.5 MB,266.7 MB
1735,c6/099d4c,63268289_25,p14__virsorter2_pratama (26),COMPLETED,0,2026-10-06 17:12:18.741,9m 55s,53.3s,11.0%,186.7 MB,4 GB,488.4 MB,266.7 MB
1712,2f/fa84ff,63268289_19,p14__virsorter2_pratama (20),COMPLETED,0,2026-10-06 17:12:18.741,10m 25s,1m 23s,8.6%,268.8 MB,4 GB,504.4 MB,266.7 MB
1716,bd/3fe98e,63268289_20,p14__virsorter2_pratama (21),COMPLETED,0,2026-10-06 17:12:18.741,10m 25s,1m 16s,7.6%,186.3 MB,3.8 GB,368.2 MB,266.8 MB
1661,2d/b4d59a,63268289_6,p14__virsorter2_pratama (7),COMPLETED,0,2026-10-06 17:12:18.741,10m 36s,1m 25s,7.6%,190.2 MB,4 GB,442.7 MB,266.7 MB
1676,64/349af0,63268289_10,p14__virsorter2_pratama (11),COMPLETED,0,2026-10-06 17:12:18.741,10m 36s,1m 28s,7.3%,187.1 MB,3.9 GB,502.8 MB,266.7 MB
1669,cc/1dfc9f,63268289_7,p14__virsorter2_pratama (9),COMPLETED,0,2026-10-06 17:12:18.741,10m 45s,1m 38s,7.1%,189.8 MB,3.9 GB,481.2 MB,266.7 MB
1728,37/1fb3d6,63268289_23,p14__virsorter2_pratama (24),COMPLETED,0,2026-10-06 17:12:18.741,10m 45s,1m 39s,6.0%,189.2 MB,4 GB,468.1 MB,266.7 MB
1744,3c/54be7f,63268289_27,p14__virsorter2_pratama (28),COMPLETED,0,2026-10-06 17:12:18.741,10m 45s,1m 35s,7.6%,188.1 MB,4 GB,497 MB,266.8 MB
1786,20/ef8f06,63268289_38,p14__virsorter2_pratama (39),COMPLETED,0,2026-10-06 17:12:18.741,10m 45s,1m 42s,5.9%,187 MB,4 GB,477.3 MB,266.7 MB
1741,bd/2842e2,63268289_26,p14__virsorter2_pratama (27),COMPLETED,0,2026-10-06 17:12:18.741,10m 55s,1m 45s,5.8%,187 MB,3.8 GB,493.1 MB,266.7 MB
1747,2a/d82913,63268289_28,p14__virsorter2_pratama (29),COMPLETED,0,2026-10-06 17:12:18.741,11m 5s,1m 58s,5.7%,327.9 MB,4 GB,500.2 MB,266.7 MB
1706,49/37e1be,63268289_17,p14__virsorter2_pratama (18),COMPLETED,0,2026-10-06 17:12:18.741,11m 15s,2m 9s,4.3%,188 MB,3.9 GB,419.5 MB,266.7 MB
1695,fd/c20941,63268289_14,p14__virsorter2_pratama (15),COMPLETED,0,2026-10-06 17:12:18.741,11m 25s,2m 21s,4.2%,189 MB,4 GB,461.5 MB,266.7 MB
1643,46/505044,63268289_1,p14__virsorter2_pratama (2),COMPLETED,0,2026-10-06 17:12:18.741,11m 37s,2m 33s,3.9%,187.5 MB,3.9 GB,454.1 MB,266.8 MB
1683,29/c7f0a5,63268289_11,p14__virsorter2_pratama (12),COMPLETED,0,2026-10-06 17:12:18.741,11m 37s,2m 27s,3.7%,190.7 MB,4 GB,265.7 MB,266.7 MB
1724,69/8411ef,63268289_22,p14__virsorter2_pratama (23),COMPLETED,0,2026-10-06 17:12:18.741,11m 45s,2m 40s,3.8%,229.8 MB,4 GB,449.1 MB,266.7 MB
4329,64/faaf48,63246503_89,p21__genomad_pratama (490),COMPLETED,0,2026-10-06 14:18:58.906,3h 5m 15s,2h 48m 19s,0.1%,185 MB,3.9 GB,199.4 MB,267.7 MB
1672,c0/d74001,63268289_9,p14__virsorter2_pratama (10),COMPLETED,0,2026-10-06 17:12:18.741,11m 55s,2m 49s,3.6%,319.3 MB,4 GB,494.1 MB,266.7 MB
1790,24/f0be0f,63268289_39,p14__virsorter2_pratama (40),COMPLETED,0,2026-10-06 17:12:18.741,12m 5s,3m 3s,3.2%,187.4 MB,3.9 GB,485.7 MB,266.7 MB
1655,28/6f6a9f,63268289_4,p14__virsorter2_pratama (5),COMPLETED,0,2026-10-06 17:12:18.741,12m 15s,3m 4s,3.0%,188.1 MB,3.9 GB,256.5 MB,266.7 MB
1755,ad/33b521,63268289_30,p14__virsorter2_pratama (31),COMPLETED,0,2026-10-06 17:12:18.741,12m 15s,3m 7s,3.6%,193.2 MB,4 GB,498.5 MB,266.7 MB
2737,95/8c7493,63252905_90,p21__genomad_pratama (91),COMPLETED,0,2026-10-06 15:27:21.057,1h 57m 42s,1h 44m 3s,0.1%,189.7 MB,4.2 GB,225.9 MB,293.1 MB
1647,7a/8027a1,63268289_2,p14__virsorter2_pratama (3),COMPLETED,0,2026-10-06 17:12:18.741,12m 45s,3m 43s,2.8%,188.2 MB,3.9 GB,483.6 MB,266.7 MB
1774,a3/ac5f31,63268289_35,p14__virsorter2_pratama (36),COMPLETED,0,2026-10-06 17:12:18.741,12m 55s,3m 44s,2.7%,188 MB,3.9 GB,439.7 MB,266.7 MB
1922,26/02b388,63268289_71,p14__virsorter2_pratama (72),COMPLETED,0,2026-10-06 17:12:18.741,13m 15s,23s,29.4%,188.2 MB,4.1 GB,502.1 MB,266.7 MB
1665,cc/db3906,63268289_8,p14__virsorter2_pratama (8),COMPLETED,0,2026-10-06 17:12:18.741,13m 25s,4m 18s,2.7%,188.7 MB,4 GB,462.6 MB,266.7 MB
1817,8f/4c2473,63268289_45,p14__virsorter2_pratama (46),COMPLETED,0,2026-10-06 17:12:18.741,13m 25s,29.6s,27.3%,186.7 MB,3.9 GB,486.4 MB,266.8 MB
1930,fd/7440ee,63268289_73,p14__virsorter2_pratama (74),COMPLETED,0,2026-10-06 17:12:18.741,13m 25s,28.6s,20.3%,187.7 MB,4 GB,271.7 MB,266.7 MB
1948,b7/6e0f8d,63268289_78,p14__virsorter2_pratama (79),COMPLETED,0,2026-10-06 17:12:18.741,13m 25s,24.9s,27.6%,188.8 MB,4.2 GB,474.6 MB,266.7 MB
1759,ab/cc0763,63268289_31,p14__virsorter2_pratama (32),COMPLETED,0,2026-10-06 17:12:18.741,13m 35s,4m 27s,2.7%,278.8 MB,4.1 GB,502.3 MB,266.7 MB
4132,47/a8981a,63246503_39,p21__genomad_pratama (440),COMPLETED,0,2026-10-06 14:18:58.906,3h 7m 4s,3h 4m 30s,0.1%,186.9 MB,4 GB,199.8 MB,268 MB
2441,c0/0a5ee4,63252905_17,p21__genomad_pratama (18),COMPLETED,0,2026-10-06 15:27:21.057,1h 58m 42s,1h 55m 44s,0.1%,189.5 MB,4 GB,207.7 MB,275.7 MB
2458,d5/49b458,63252905_21,p21__genomad_pratama (22),COMPLETED,0,2026-10-06 15:27:21.057,1h 58m 42s,1h 55m 38s,0.1%,186.4 MB,4 GB,212 MB,279.9 MB
2740,6b/6a9a1e,63252905_91,p21__genomad_pratama (92),COMPLETED,0,2026-10-06 15:27:21.057,1h 58m 42s,1h 45m 6s,0.1%,188.9 MB,4.1 GB,224.1 MB,291.4 MB
1691,c6/7336c0,63268289_13,p14__virsorter2_pratama (14),COMPLETED,0,2026-10-06 17:12:18.741,13m 45s,4m 42s,2.0%,188.9 MB,4 GB,442.2 MB,266.7 MB
1702,60/114d35,63268289_16,p14__virsorter2_pratama (17),COMPLETED,0,2026-10-06 17:12:18.741,13m 45s,4m 42s,2.2%,189.6 MB,4 GB,495.8 MB,266.7 MB
1651,90/f1bf32,63268289_3,p14__virsorter2_pratama (4),COMPLETED,0,2026-10-06 17:12:18.741,13m 55s,4m 45s,2.2%,186.3 MB,3.8 GB,499.8 MB,266.7 MB
1763,17/c91792,63268289_32,p14__virsorter2_pratama (33),COMPLETED,0,2026-10-06 17:12:18.741,14m 5s,4m 56s,2.4%,189.9 MB,4.1 GB,506.6 MB,266.7 MB
1767,1a/52c93b,63268289_33,p14__virsorter2_pratama (34),COMPLETED,0,2026-10-06 17:12:18.741,14m 5s,5m 1s,1.8%,204.3 MB,4 GB,222.5 MB,266.7 MB
1841,a6/1b072d,63268289_51,p14__virsorter2_pratama (52),COMPLETED,0,2026-10-06 17:12:18.741,14m 5s,1m 9s,9.6%,188.4 MB,3.8 GB,476.9 MB,266.7 MB
1913,94/351cd6,63268289_69,p14__virsorter2_pratama (70),COMPLETED,0,2026-10-06 17:12:18.741,14m 5s,1m 6s,10.8%,189 MB,4 GB,495.7 MB,266.6 MB
1821,96/23d458,63268289_46,p14__virsorter2_pratama (47),COMPLETED,0,2026-10-06 17:12:18.741,14m 15s,1m 23s,8.1%,186.9 MB,4 GB,499.6 MB,266.7 MB
1849,a0/0f1f54,63268289_53,p14__virsorter2_pratama (54),COMPLETED,0,2026-10-06 17:12:18.741,14m 15s,1m 20s,7.4%,187.7 MB,4 GB,499.5 MB,266.7 MB
1889,45/9ec775,63268289_63,p14__virsorter2_pratama (64),COMPLETED,0,2026-10-06 17:12:18.741,14m 15s,1m 26s,7.2%,187.1 MB,3.9 GB,472.7 MB,266.7 MB
1901,79/0d2858,63268289_66,p14__virsorter2_pratama (67),COMPLETED,0,2026-10-06 17:12:18.741,14m 15s,1m 22s,7.7%,185.5 MB,3.8 GB,492.4 MB,266.7 MB
1811,ce/1c5320,63268289_43,p14__virsorter2_pratama (44),COMPLETED,0,2026-10-06 17:12:18.741,14m 25s,1m 27s,6.8%,184.8 MB,3.8 GB,443.5 MB,266.7 MB
1794,03/5d6fc3,63268289_40,p14__virsorter2_pratama (41),COMPLETED,0,2026-10-06 17:12:18.741,14m 35s,1m 38s,6.2%,196.5 MB,4 GB,491.2 MB,266.7 MB
1941,b1/7365ad,63268289_76,p14__virsorter2_pratama (77),COMPLETED,0,2026-10-06 17:12:18.741,14m 35s,1m 38s,6.0%,191.1 MB,4 GB,456.5 MB,266.7 MB
1886,ad/eff65c,63268289_62,p14__virsorter2_pratama (63),COMPLETED,0,2026-10-06 17:12:18.741,14m 45s,1m 49s,6.0%,187.1 MB,4 GB,461 MB,266.7 MB
1814,e7/107106,63268289_44,p14__virsorter2_pratama (45),COMPLETED,0,2026-10-06 17:12:18.741,15m 5s,2m 11s,5.4%,188.2 MB,4 GB,465.2 MB,266.7 MB
1836,07/7f9805,63268289_50,p14__virsorter2_pratama (51),COMPLETED,0,2026-10-06 17:12:18.741,15m 5s,2m 9s,4.6%,189.1 MB,4.2 GB,458.8 MB,266.7 MB
1862,cd/d5a286,63268289_56,p14__virsorter2_pratama (57),COMPLETED,0,2026-10-06 17:12:18.741,15m 5s,2m 8s,5.2%,186.5 MB,3.9 GB,498.4 MB,266.6 MB
1881,b0/030dd2,63268289_61,p14__virsorter2_pratama (62),COMPLETED,0,2026-10-06 17:12:18.741,15m 5s,2m 12s,5.3%,189.4 MB,4.1 GB,444 MB,266.7 MB
1896,11/aa32af,63268289_65,p14__virsorter2_pratama (66),COMPLETED,0,2026-10-06 17:12:18.741,15m 15s,2m 22s,4.6%,186.5 MB,3.8 GB,488.3 MB,266.7 MB
1926,c4/5c9e6e,63268289_72,p14__virsorter2_pratama (73),COMPLETED,0,2026-10-06 17:12:18.741,15m 25s,2m 35s,4.7%,238.9 MB,4.1 GB,505.9 MB,266.7 MB
1873,e9/46dccb,63268289_59,p14__virsorter2_pratama (60),COMPLETED,0,2026-10-06 17:12:18.741,15m 35s,2m 42s,3.6%,187.8 MB,4.1 GB,332.8 MB,266.7 MB
1893,d9/5dbd62,63268289_64,p14__virsorter2_pratama (65),COMPLETED,0,2026-10-06 17:12:18.741,15m 45s,2m 54s,3.8%,184.9 MB,3.9 GB,481.9 MB,266.7 MB
1865,07/5b8034,63268289_57,p14__virsorter2_pratama (58),COMPLETED,0,2026-10-06 17:12:18.741,16m 15s,3m 18s,3.2%,189.6 MB,4.1 GB,501.8 MB,266.7 MB
1798,b8/081878,63268289_41,p14__virsorter2_pratama (42),COMPLETED,0,2026-10-06 17:12:18.741,16m 35s,3m 38s,3.2%,187.3 MB,3.9 GB,495.4 MB,266.7 MB
1845,1e/605d83,63268289_52,p14__virsorter2_pratama (53),COMPLETED,0,2026-10-06 17:12:18.741,16m 48s,3m 57s,2.7%,322.9 MB,4.1 GB,490.8 MB,266.6 MB
1944,b1/092e79,63268289_77,p14__virsorter2_pratama (78),COMPLETED,0,2026-10-06 17:12:18.741,16m 48s,3m 53s,2.6%,188.9 MB,4 GB,466.4 MB,266.7 MB
1825,9e/83cf20,63268289_47,p14__virsorter2_pratama (48),COMPLETED,0,2026-10-06 17:12:18.741,17m 5s,4m 13s,2.2%,190.1 MB,4.1 GB,283 MB,266.7 MB
1952,e7/a20872,63268289_79,p14__virsorter2_pratama (80),COMPLETED,0,2026-10-06 17:12:18.741,17m 15s,4m 19s,2.7%,186.6 MB,3.9 GB,482 MB,266.7 MB
1905,f2/cf21af,63268289_67,p14__virsorter2_pratama (68),COMPLETED,0,2026-10-06 17:12:18.741,17m 35s,4m 39s,2.3%,307.4 MB,4.1 GB,495.7 MB,266.4 MB
1937,5b/7395df,63268289_75,p14__virsorter2_pratama (76),COMPLETED,0,2026-10-06 17:12:18.741,17m 35s,4m 40s,2.3%,186.9 MB,3.9 GB,445.1 MB,266.7 MB
1957,1d/0f9345,63268289_80,p14__virsorter2_pratama (81),COMPLETED,0,2026-10-06 17:12:18.741,17m 35s,1m 4s,9.0%,187.5 MB,3.9 GB,487.9 MB,266.7 MB
2022,d7/db73c3,63268289_96,p14__virsorter2_pratama (97),COMPLETED,0,2026-10-06 17:12:18.741,17m 35s,1m 4s,10.9%,187.2 MB,3.9 GB,498.9 MB,266.7 MB
1917,0c/472ff5,63268289_70,p14__virsorter2_pratama (71),COMPLETED,0,2026-10-06 17:12:18.741,17m 47s,4m 54s,2.4%,190.2 MB,4.2 GB,498.5 MB,266.7 MB
1854,52/57ce02,63268289_54,p14__virsorter2_pratama (55),COMPLETED,0,2026-10-06 17:12:18.741,17m 55s,5m 5s,1.9%,188.4 MB,4 GB,378.7 MB,266.7 MB
1869,48/c9270e,63268289_58,p14__virsorter2_pratama (59),COMPLETED,0,2026-10-06 17:12:18.741,17m 55s,4m 58s,2.0%,185.6 MB,3.9 GB,505.5 MB,266.9 MB
1832,cc/8ca08e,63268289_49,p14__virsorter2_pratama (50),COMPLETED,0,2026-10-06 17:12:18.741,18m 5s,5m 13s,1.9%,185.1 MB,3.8 GB,441.2 MB,266.7 MB
1990,c4/cf62ea,63268289_88,p14__virsorter2_pratama (89),COMPLETED,0,2026-10-06 17:12:18.741,18m 5s,1m 33s,6.4%,226.5 MB,4.2 GB,445 MB,266.7 MB
1982,de/0d7ab9,63268289_86,p14__virsorter2_pratama (87),COMPLETED,0,2026-10-06 17:12:18.741,18m 15s,1m 45s,6.1%,188.4 MB,4.1 GB,477.8 MB,266.7 MB
1997,27/63e0a3,63268289_90,p14__virsorter2_pratama (91),COMPLETED,0,2026-10-06 17:12:18.741,18m 15s,1m 42s,5.7%,187.1 MB,3.9 GB,466.3 MB,266.7 MB
2553,1e/7a2162,63252905_44,p21__genomad_pratama (45),COMPLETED,0,2026-10-06 15:27:21.057,2h 3m 52s,1h 53m 44s,0.1%,188.4 MB,4 GB,208.7 MB,276.7 MB
2580,7f/d53942,63252905_51,p21__genomad_pratama (52),COMPLETED,0,2026-10-06 15:27:21.057,2h 4m 32s,1h 54m 22s,0.1%,187.2 MB,3.9 GB,227.8 MB,295 MB
4353,6b/f3528c,63246503_95,p21__genomad_pratama (496),COMPLETED,0,2026-10-06 14:18:58.906,3h 13m 7s,2h 56m 8s,0.1%,186.7 MB,3.8 GB,199.4 MB,267.6 MB
2005,e7/7ee6fe,63268289_92,p14__virsorter2_pratama (93),COMPLETED,0,2026-10-06 17:12:18.741,19m 47s,3m 15s,3.1%,187.2 MB,3.8 GB,482.2 MB,266.7 MB
2673,e4/9d57c6,63252905_75,p21__genomad_pratama (76),COMPLETED,0,2026-10-06 15:27:21.057,2h 4m 52s,1h 54m 41s,0.1%,189.2 MB,4 GB,221.9 MB,289.3 MB
2026,87/06eb44,63268289_97,p14__virsorter2_pratama (98),COMPLETED,0,2026-10-06 17:12:18.741,20m 5s,3m 29s,3.0%,188.7 MB,4 GB,503.1 MB,266.7 MB
1974,6c/f62bb5,63268289_84,p14__virsorter2_pratama (85),COMPLETED,0,2026-10-06 17:12:18.741,20m 15s,3m 40s,2.8%,187.1 MB,4 GB,499.1 MB,266.7 MB
2001,12/f38991,63268289_91,p14__virsorter2_pratama (92),COMPLETED,0,2026-10-06 17:12:18.741,20m 15s,3m 39s,2.5%,188 MB,3.8 GB,474.7 MB,266.8 MB
3223,9b/92f65e,63269995_12,p12__deepvirfinder_pratama (213),COMPLETED,0,2026-10-06 17:30:08.689,2m 35s,8.3s,75.6%,188.5 MB,3.9 GB,477.2 MB,265 MB
1978,3b/f4ebb9,63268289_85,p14__virsorter2_pratama (86),COMPLETED,0,2026-10-06 17:12:18.741,20m 35s,4m 1s,2.8%,256.9 MB,4.2 GB,503 MB,266.7 MB
3323,28/6b9258,63269995_37,p12__deepvirfinder_pratama (238),COMPLETED,0,2026-10-06 17:30:08.689,2m 45s,17.6s,33.6%,176.3 MB,4.1 GB,481.6 MB,265 MB
1970,4b/f10f08,63268289_83,p14__virsorter2_pratama (84),COMPLETED,0,2026-10-06 17:12:18.741,20m 46s,4m 14s,2.4%,188.4 MB,4.1 GB,496.3 MB,266.7 MB
2008,b3/f17e52,63268289_93,p14__virsorter2_pratama (94),COMPLETED,0,2026-10-06 17:12:18.741,20m 46s,4m 13s,2.5%,189.7 MB,4 GB,488.2 MB,266.8 MB
2030,c2/ec6ebb,63268289_98,p14__virsorter2_pratama (99),COMPLETED,0,2026-10-06 17:12:18.741,20m 46s,4m 8s,3.0%,271 MB,4 GB,438 MB,266.7 MB
2651,09/078ff3,63252905_69,p21__genomad_pratama (70),COMPLETED,0,2026-10-06 15:27:21.057,2h 5m 52s,1h 55m 45s,0.1%,189.5 MB,4 GB,205.1 MB,273.1 MB
2013,14/09e850,63268289_94,p14__virsorter2_pratama (95),COMPLETED,0,2026-10-06 17:12:18.741,21m 5s,4m 30s,2.4%,188.4 MB,3.9 GB,492.5 MB,266.7 MB
3300,90/446f1c,63269995_31,p12__deepvirfinder_pratama (232),COMPLETED,0,2026-10-06 17:30:08.689,3m 15s,50.3s,12.5%,176.3 MB,3.9 GB,497.9 MB,265 MB
1994,64/2d58eb,63268289_89,p14__virsorter2_pratama (90),COMPLETED,0,2026-10-06 17:12:18.741,21m 35s,5m 6s,1.7%,187.2 MB,3.9 GB,456.3 MB,266.9 MB
2537,04/f27168,63252905_40,p21__genomad_pratama (41),COMPLETED,0,2026-10-06 15:27:21.057,2h 6m 42s,1h 56m 37s,0.1%,189.5 MB,4.2 GB,202.4 MB,270.5 MB
1962,4a/32abbc,63268289_81,p14__virsorter2_pratama (82),COMPLETED,0,2026-10-06 17:12:18.741,21m 47s,5m 9s,2.0%,188.2 MB,3.8 GB,492.1 MB,266.7 MB
3288,be/9aa167,63269995_28,p12__deepvirfinder_pratama (229),COMPLETED,0,2026-10-06 17:30:08.689,3m 57s,1m 35s,6.3%,180 MB,4.1 GB,400.5 MB,265 MB
3206,40/91d93a,63269995_8,p12__deepvirfinder_pratama (209),COMPLETED,0,2026-10-06 17:30:08.689,4m 5s,1m 38s,6.5%,152.6 MB,3.9 GB,481.5 MB,265 MB
3261,de/f53406,63269995_21,p12__deepvirfinder_pratama (222),COMPLETED,0,2026-10-06 17:30:08.689,4m 5s,1m 45s,5.4%,181.3 MB,3.9 GB,483.1 MB,265 MB
3315,aa/ef8ce5,63269995_35,p12__deepvirfinder_pratama (236),COMPLETED,0,2026-10-06 17:30:08.689,4m 15s,1m 51s,5.9%,179 MB,4.1 GB,469.8 MB,265 MB
3332,e3/0d033b,63269995_39,p12__deepvirfinder_pratama (240),COMPLETED,0,2026-10-06 17:30:08.689,4m 15s,1m 47s,6.0%,177.3 MB,3.9 GB,490.3 MB,265.1 MB
3328,1e/54a4a4,63269995_38,p12__deepvirfinder_pratama (239),COMPLETED,0,2026-10-06 17:30:08.689,4m 25s,1m 58s,5.7%,189.7 MB,4.2 GB,486.5 MB,265 MB
3251,a4/b7b6e0,63269995_18,p12__deepvirfinder_pratama (219),COMPLETED,0,2026-10-06 17:30:08.689,4m 35s,2m 13s,4.3%,189.5 MB,3.9 GB,456.7 MB,265 MB
3212,ba/899b13,63269995_10,p12__deepvirfinder_pratama (211),COMPLETED,0,2026-10-06 17:30:08.689,4m 45s,2m 22s,4.4%,176.7 MB,3.9 GB,493.4 MB,264.9 MB
3311,6a/e37049,63269995_34,p12__deepvirfinder_pratama (235),COMPLETED,0,2026-10-06 17:30:08.689,4m 45s,2m 24s,4.4%,153.2 MB,3.9 GB,462.4 MB,265 MB
2481,05/c9d9d1,63252905_26,p21__genomad_pratama (27),COMPLETED,0,2026-10-06 15:27:21.057,2h 7m 42s,2h 4m 45s,0.1%,188.4 MB,4.1 GB,200 MB,268.3 MB
3185,34/c751f8,63269995_5,p12__deepvirfinder_pratama (206),COMPLETED,0,2026-10-06 17:30:08.689,4m 55s,2m 26s,4.4%,176.8 MB,3.8 GB,457.1 MB,265 MB
3319,25/b3eefa,63269995_36,p12__deepvirfinder_pratama (237),COMPLETED,0,2026-10-06 17:30:08.689,4m 55s,2m 30s,4.3%,187.7 MB,3.9 GB,475.8 MB,265 MB
3202,78/1585dd,63269995_7,p12__deepvirfinder_pratama (208),COMPLETED,0,2026-10-06 17:30:08.689,5m 7s,2m 47s,3.7%,176.8 MB,3.9 GB,473.9 MB,265 MB
3257,26/ab8365,63269995_20,p12__deepvirfinder_pratama (221),COMPLETED,0,2026-10-06 17:30:08.689,5m 7s,2m 40s,4.0%,178.4 MB,4.1 GB,474.6 MB,265 MB
3280,db/b59ed2,63269995_26,p12__deepvirfinder_pratama (227),COMPLETED,0,2026-10-06 17:30:08.689,5m 7s,2m 46s,3.3%,178 MB,4 GB,470.5 MB,265 MB
3307,5a/0c058b,63269995_33,p12__deepvirfinder_pratama (234),COMPLETED,0,2026-10-06 17:30:08.689,5m 7s,2m 39s,3.9%,175.2 MB,3.8 GB,452.6 MB,265 MB
3304,71/ea9903,63269995_32,p12__deepvirfinder_pratama (233),COMPLETED,0,2026-10-06 17:30:08.689,5m 25s,3m 5s,3.1%,167.4 MB,3.9 GB,246.2 MB,265 MB
2501,ef/ca3282,63252905_31,p21__genomad_pratama (32),COMPLETED,0,2026-10-06 15:27:21.057,2h 8m 22s,2h 5m 15s,0.1%,189.1 MB,4.1 GB,200.7 MB,268.9 MB
2557,9b/3c7744,63252905_45,p21__genomad_pratama (46),COMPLETED,0,2026-10-06 15:27:21.057,2h 8m 42s,1h 58m 35s,0.2%,189.8 MB,4 GB,207.4 MB,275.3 MB
3227,2f/09fd6d,63269995_13,p12__deepvirfinder_pratama (214),COMPLETED,0,2026-10-06 17:30:08.689,6m 25s,4m,2.4%,179.4 MB,4.1 GB,306.3 MB,265 MB
3269,1c/857cdb,63269995_23,p12__deepvirfinder_pratama (224),COMPLETED,0,2026-10-06 17:30:08.689,6m 25s,4m 5s,2.7%,179.5 MB,4 GB,496.4 MB,265.1 MB
3178,25/dbd744,63269995_2,p12__deepvirfinder_pratama (202),COMPLETED,0,2026-10-06 17:30:08.689,6m 35s,4m 6s,2.6%,86.2 MB,3.6 GB,497.8 MB,265 MB
3296,9b/18acfc,63269995_30,p12__deepvirfinder_pratama (231),COMPLETED,0,2026-10-06 17:30:08.689,6m 35s,4m 9s,2.6%,178.1 MB,4.1 GB,495.8 MB,265 MB
3236,8a/b10124,63269995_15,p12__deepvirfinder_pratama (216),COMPLETED,0,2026-10-06 17:30:08.689,6m 45s,4m 20s,2.1%,189.9 MB,4.2 GB,242.3 MB,265 MB
3254,c1/3b22fe,63269995_19,p12__deepvirfinder_pratama (220),COMPLETED,0,2026-10-06 17:30:08.689,6m 45s,4m 20s,2.5%,149.4 MB,4.1 GB,465.8 MB,265 MB
3265,ce/45cddc,63269995_22,p12__deepvirfinder_pratama (223),COMPLETED,0,2026-10-06 17:30:08.689,6m 55s,4m 31s,2.1%,176.2 MB,3.8 GB,490.6 MB,264.9 MB
3284,a0/2ed74c,63269995_27,p12__deepvirfinder_pratama (228),COMPLETED,0,2026-10-06 17:30:08.689,6m 55s,4m 26s,2.8%,176.5 MB,3.8 GB,488.2 MB,264.9 MB
3182,6c/3f4430,63269995_1,p12__deepvirfinder_pratama (203),COMPLETED,0,2026-10-06 17:30:08.689,7m 7s,4m 42s,2.1%,177.1 MB,4.1 GB,205.2 MB,265 MB
3194,7d/e3f908,63269995_6,p12__deepvirfinder_pratama (207),COMPLETED,0,2026-10-06 17:30:08.689,7m 15s,4m 51s,2.0%,151.8 MB,3.9 GB,465.9 MB,265 MB
3209,7d/19dd00,63269995_9,p12__deepvirfinder_pratama (210),COMPLETED,0,2026-10-06 17:30:08.689,7m 35s,5m 6s,1.9%,190.5 MB,4 GB,488.3 MB,265 MB
3427,f0/8c882c,63269995_63,p12__deepvirfinder_pratama (264),COMPLETED,0,2026-10-06 17:30:08.689,10m 25s,36.4s,16.2%,188.2 MB,4 GB,492.5 MB,265 MB
3461,bd/6cc8d2,63269995_71,p12__deepvirfinder_pratama (272),COMPLETED,0,2026-10-06 17:30:08.689,10m 25s,44.5s,15.0%,177.7 MB,3.9 GB,474.8 MB,265 MB
3486,b5/0ba56e,63269995_77,p12__deepvirfinder_pratama (278),COMPLETED,0,2026-10-06 17:30:08.689,10m 25s,40.6s,16.4%,175.7 MB,3.9 GB,490.4 MB,265 MB
3482,f8/435833,63269995_76,p12__deepvirfinder_pratama (277),COMPLETED,0,2026-10-06 17:30:08.689,10m 35s,55.2s,11.4%,177.3 MB,3.8 GB,486.3 MB,265 MB
3347,ef/5151c1,63269995_43,p12__deepvirfinder_pratama (244),COMPLETED,0,2026-10-06 17:30:08.689,10m 45s,1m 2s,10.2%,145 MB,3.9 GB,490.2 MB,265 MB
3465,04/130bd6,63269995_72,p12__deepvirfinder_pratama (273),COMPLETED,0,2026-10-06 17:30:08.689,10m 45s,1m 3s,11.2%,184.5 MB,4 GB,482.6 MB,265 MB
3376,39/507102,63269995_50,p12__deepvirfinder_pratama (251),COMPLETED,0,2026-10-06 17:30:08.689,10m 55s,1m 7s,8.6%,190.7 MB,4.2 GB,461 MB,265 MB
3490,73/ed83b9,63269995_78,p12__deepvirfinder_pratama (279),COMPLETED,0,2026-10-06 17:30:08.689,10m 55s,1m 8s,9.0%,181.4 MB,4.1 GB,493.8 MB,265 MB
2462,e0/276b41,63252905_22,p21__genomad_pratama (23),COMPLETED,0,2026-10-06 15:27:21.057,2h 13m 55s,2h 10m 57s,0.1%,189.7 MB,4 GB,209.1 MB,277.1 MB
3361,94/d94981,63269995_46,p12__deepvirfinder_pratama (247),COMPLETED,0,2026-10-06 17:30:08.689,11m 7s,1m 23s,7.2%,188.3 MB,4.1 GB,452.6 MB,265 MB
3372,91/06903b,63269995_49,p12__deepvirfinder_pratama (250),COMPLETED,0,2026-10-06 17:30:08.689,11m 7s,1m 27s,6.6%,188.2 MB,4.2 GB,454.7 MB,265 MB
3474,8d/a08b2a,63269995_74,p12__deepvirfinder_pratama (275),COMPLETED,0,2026-10-06 17:30:08.689,11m 7s,1m 21s,8.4%,178 MB,4.1 GB,494.5 MB,265 MB
3342,d2/98a33d,63269995_42,p12__deepvirfinder_pratama (243),COMPLETED,0,2026-10-06 17:30:08.689,11m 15s,1m 36s,6.6%,176.8 MB,3.9 GB,486.4 MB,265 MB
3418,45/f028a9,63269995_61,p12__deepvirfinder_pratama (262),COMPLETED,0,2026-10-06 17:30:08.689,11m 15s,1m 36s,6.1%,176.2 MB,3.8 GB,484 MB,264.9 MB
3335,c7/c987c8,63269995_40,p12__deepvirfinder_pratama (241),COMPLETED,0,2026-10-06 17:30:08.689,11m 35s,1m 48s,5.3%,186 MB,3.9 GB,493.1 MB,265 MB
3422,44/909401,63269995_62,p12__deepvirfinder_pratama (263),COMPLETED,0,2026-10-06 17:30:08.689,11m 35s,1m 47s,5.4%,175.7 MB,3.9 GB,488.7 MB,265 MB
3433,c7/336cfb,63269995_64,p12__deepvirfinder_pratama (265),COMPLETED,0,2026-10-06 17:30:08.689,12m 5s,2m 17s,4.2%,180.2 MB,3.9 GB,495.8 MB,265 MB
3350,c9/63abf6,63269995_44,p12__deepvirfinder_pratama (245),COMPLETED,0,2026-10-06 17:30:08.689,12m 15s,2m 28s,4.0%,170.9 MB,3.7 GB,493.5 MB,265 MB
3390,fe/95fe68,63269995_54,p12__deepvirfinder_pratama (255),COMPLETED,0,2026-10-06 17:30:08.689,12m 15s,2m 35s,3.6%,175.8 MB,3.8 GB,481.8 MB,265 MB
3469,84/45c9f1,63269995_73,p12__deepvirfinder_pratama (274),COMPLETED,0,2026-10-06 17:30:08.689,12m 15s,2m 36s,3.9%,180 MB,4 GB,489.3 MB,265 MB
3441,5a/e9a706,63269995_66,p12__deepvirfinder_pratama (267),COMPLETED,0,2026-10-06 17:30:08.689,12m 35s,2m 51s,3.7%,183.3 MB,3.9 GB,441.1 MB,264.9 MB
3411,47/8151de,63269995_59,p12__deepvirfinder_pratama (260),COMPLETED,0,2026-10-06 17:30:08.689,12m 45s,2m 59s,3.5%,156.8 MB,4.2 GB,469.2 MB,265 MB
3400,62/fcc674,63269995_56,p12__deepvirfinder_pratama (257),COMPLETED,0,2026-10-06 17:30:08.689,13m 17s,3m 31s,2.8%,179.3 MB,4.1 GB,460.5 MB,265 MB
4357,2b/9a0bba,63246503_96,p21__genomad_pratama (497),COMPLETED,0,2026-10-06 14:18:58.906,3h 24m 35s,3h 7m 32s,0.1%,186.2 MB,3.8 GB,199.2 MB,267.5 MB
3355,aa/738ca7,63269995_45,p12__deepvirfinder_pratama (246),COMPLETED,0,2026-10-06 17:30:08.689,13m 35s,3m 49s,2.6%,176.7 MB,3.8 GB,496.2 MB,265 MB
3494,98/795930,63269995_79,p12__deepvirfinder_pratama (280),COMPLETED,0,2026-10-06 17:30:08.689,13m 35s,3m 47s,2.6%,178.1 MB,4 GB,496.7 MB,265 MB
3457,e7/063578,63269995_70,p12__deepvirfinder_pratama (271),COMPLETED,0,2026-10-06 17:30:08.689,13m 45s,3m 56s,2.7%,145.4 MB,3.9 GB,466.7 MB,265 MB
3388,a0/4d7bcd,63269995_53,p12__deepvirfinder_pratama (254),COMPLETED,0,2026-10-06 17:30:08.689,13m 55s,4m 17s,2.3%,183.7 MB,3.9 GB,476.7 MB,265 MB
3453,3a/1e2914,63269995_69,p12__deepvirfinder_pratama (270),COMPLETED,0,2026-10-06 17:30:08.689,13m 55s,4m 13s,2.4%,175.9 MB,3.9 GB,457.6 MB,265 MB
2426,fe/43796f,63252905_13,p21__genomad_pratama (14),COMPLETED,0,2026-10-06 15:27:21.057,2h 16m 52s,2h 13m 51s,0.1%,190.4 MB,4.1 GB,204.6 MB,272.8 MB
3384,7e/f35784,63269995_52,p12__deepvirfinder_pratama (253),COMPLETED,0,2026-10-06 17:30:08.689,14m 5s,4m 23s,2.2%,177.5 MB,3.8 GB,471.9 MB,265 MB
3414,4e/ec3d3e,63269995_60,p12__deepvirfinder_pratama (261),COMPLETED,0,2026-10-06 17:30:08.689,14m 5s,4m 19s,2.2%,187 MB,3.9 GB,477.1 MB,265 MB
3381,bf/a7a798,63269995_51,p12__deepvirfinder_pratama (252),COMPLETED,0,2026-10-06 17:30:08.689,14m 19s,4m 39s,2.2%,169.2 MB,4.1 GB,466.6 MB,265 MB
3408,7e/12f538,63269995_58,p12__deepvirfinder_pratama (259),COMPLETED,0,2026-10-06 17:30:08.689,14m 19s,4m 31s,2.4%,188 MB,4 GB,459.5 MB,265 MB
2387,75/10aa0c,63252905_3,p21__genomad_pratama (4),COMPLETED,0,2026-10-06 15:27:21.057,2h 17m 12s,2h 14m 10s,0.1%,188.2 MB,4 GB,201.2 MB,269.4 MB
3534,94/69d47d,63269995_90,p12__deepvirfinder_pratama (291),COMPLETED,0,2026-10-06 17:30:08.689,14m 35s,1m 5s,9.3%,176.4 MB,3.8 GB,487 MB,265 MB
3542,33/ceeeed,63269995_92,p12__deepvirfinder_pratama (293),COMPLETED,0,2026-10-06 17:30:08.689,15m 45s,2m 20s,4.3%,190.6 MB,4 GB,494.5 MB,265 MB
3569,d7/c9168a,63269995_98,p12__deepvirfinder_pratama (299),COMPLETED,0,2026-10-06 17:30:08.689,15m 45s,2m 17s,4.5%,180.1 MB,4.1 GB,461.7 MB,265 MB
3513,ad/a5bea5,63269995_84,p12__deepvirfinder_pratama (285),COMPLETED,0,2026-10-06 17:30:08.689,15m 55s,2m 26s,4.0%,181 MB,4 GB,461.3 MB,265 MB
3518,aa/9241fa,63269995_85,p12__deepvirfinder_pratama (286),COMPLETED,0,2026-10-06 17:30:08.689,16m 5s,2m 35s,3.5%,181.4 MB,3.9 GB,466.9 MB,265 MB
3525,89/640783,63269995_87,p12__deepvirfinder_pratama (288),COMPLETED,0,2026-10-06 17:30:08.689,16m 5s,2m 34s,3.9%,67.3 MB,2.5 GB,476.8 MB,265 MB
3553,68/ccc225,63269995_94,p12__deepvirfinder_pratama (295),COMPLETED,0,2026-10-06 17:30:08.689,16m 35s,3m 7s,3.0%,175.9 MB,3.9 GB,294.8 MB,265 MB
3571,21/d48150,63269995_99,p12__deepvirfinder_pratama (300),COMPLETED,0,2026-10-06 17:30:08.689,16m 55s,3m 30s,2.9%,190.4 MB,4.1 GB,467.3 MB,265 MB
3529,f1/50a836,63269995_88,p12__deepvirfinder_pratama (289),COMPLETED,0,2026-10-06 17:30:08.689,17m 5s,3m 39s,2.7%,189.8 MB,4 GB,481.8 MB,265 MB
3509,04/678de1,63269995_83,p12__deepvirfinder_pratama (284),COMPLETED,0,2026-10-06 17:30:08.689,17m 15s,3m 50s,2.5%,187.9 MB,4.1 GB,455.1 MB,265 MB
3498,63/c9e640,63269995_80,p12__deepvirfinder_pratama (281),COMPLETED,0,2026-10-06 17:30:08.689,17m 27s,3m 52s,2.6%,184.5 MB,4 GB,345.3 MB,265 MB
3539,ee/da1c41,63269995_91,p12__deepvirfinder_pratama (292),COMPLETED,0,2026-10-06 17:30:08.689,17m 27s,3m 52s,2.6%,120.9 MB,3.9 GB,491.1 MB,265 MB
3548,4d/067d24,63269995_93,p12__deepvirfinder_pratama (294),COMPLETED,0,2026-10-06 17:30:08.689,17m 35s,4m 6s,2.5%,128.5 MB,3.9 GB,497.2 MB,265.1 MB
2609,e4/5342b6,63252905_58,p21__genomad_pratama (59),COMPLETED,0,2026-10-06 15:27:21.057,2h 20m 32s,2h 10m 25s,0.1%,188.2 MB,4 GB,200.5 MB,268.7 MB
3522,63/129a58,63269995_86,p12__deepvirfinder_pratama (287),COMPLETED,0,2026-10-06 17:30:08.689,17m 45s,4m 18s,2.3%,178.5 MB,4.1 GB,472.1 MB,265 MB
2525,1c/a327b2,63252905_37,p21__genomad_pratama (38),COMPLETED,0,2026-10-06 15:27:21.057,2h 21m 2s,2h 18m 4s,0.1%,184.9 MB,3.8 GB,200 MB,268.3 MB
3565,e5/dccaa1,63269995_97,p12__deepvirfinder_pratama (298),COMPLETED,0,2026-10-06 17:30:08.689,18m 35s,5m 6s,2.1%,179.6 MB,4 GB,455.4 MB,265 MB
1986,fa/2855d4,63268289_87,p14__virsorter2_pratama (88),COMPLETED,0,2026-10-06 17:12:18.741,39m 25s,22m 57s,0.4%,190.1 MB,4 GB,436.8 MB,267.2 MB
3506,14/6e6bf1,63269995_82,p12__deepvirfinder_pratama (283),COMPLETED,0,2026-10-06 17:30:08.689,22m 45s,9m 15s,1.1%,188.5 MB,4 GB,449.8 MB,265.1 MB
2422,ec/b2a94a,63252905_12,p21__genomad_pratama (13),COMPLETED,0,2026-10-06 15:27:21.057,2h 26m 2s,2h 23m 4s,0.1%,190.9 MB,4.1 GB,205.7 MB,273.7 MB
2677,a9/323659,63252905_76,p21__genomad_pratama (77),COMPLETED,0,2026-10-06 15:27:21.057,2h 26m 32s,2h 16m 20s,0.1%,184.8 MB,3.8 GB,220.1 MB,287.6 MB
2655,6f/e87ed3,63252905_70,p21__genomad_pratama (71),COMPLETED,0,2026-10-06 15:27:21.057,2h 27m 12s,2h 17m,0.1%,188.6 MB,4 GB,203.8 MB,271.8 MB
2744,c7/8f24dc,63252905_92,p21__genomad_pratama (93),COMPLETED,0,2026-10-06 15:27:21.057,2h 27m 14s,2h 13m 34s,0.1%,190.6 MB,4 GB,222.2 MB,289.5 MB
3560,0c/33357d,63269995_96,p12__deepvirfinder_pratama (297),COMPLETED,0,2026-10-06 17:30:08.689,24m 35s,11m 5s,0.9%,186.3 MB,3.8 GB,449.7 MB,265.1 MB
3582,f4/6f5592,63271784_1,p12__deepvirfinder_pratama (303),COMPLETED,0,2026-10-06 17:47:19.965,7m 23s,14.7s,42.4%,176.6 MB,4.1 GB,482.4 MB,265.1 MB
3635,9c/59f97e,63271784_15,p12__deepvirfinder_pratama (316),COMPLETED,0,2026-10-06 17:47:19.965,7m 23s,13.6s,40.7%,180 MB,4.1 GB,209.1 MB,265 MB
3576,68/981329,63271784_0,p12__deepvirfinder_pratama (301),COMPLETED,0,2026-10-06 17:47:19.965,7m 33s,26.1s,24.4%,101.4 MB,3.7 GB,472.6 MB,265 MB
3603,3e/56492a,63271784_7,p12__deepvirfinder_pratama (308),COMPLETED,0,2026-10-06 17:47:19.965,7m 33s,28.3s,21.6%,178.9 MB,3.9 GB,488.7 MB,265.1 MB
3684,14/24d856,63271784_27,p12__deepvirfinder_pratama (328),COMPLETED,0,2026-10-06 17:47:19.965,7m 33s,25.6s,25.6%,176.3 MB,3.9 GB,494 MB,264.9 MB
1933,1c/ae473b,63268289_74,p14__virsorter2_pratama (75),COMPLETED,0,2026-10-06 17:12:18.741,43m 26s,30m 34s,0.4%,185.5 MB,3.8 GB,436.7 MB,267.2 MB
3662,65/305440,63271784_22,p12__deepvirfinder_pratama (323),COMPLETED,0,2026-10-06 17:47:19.965,8m 25s,1m 11s,8.0%,155.8 MB,4.1 GB,485.5 MB,265 MB
3692,ac/c25ebe,63271784_29,p12__deepvirfinder_pratama (330),COMPLETED,0,2026-10-06 17:47:19.965,8m 33s,1m 22s,7.2%,98.9 MB,3.7 GB,361.8 MB,265 MB
2747,c4/3fd3d7,63252905_93,p21__genomad_pratama (94),COMPLETED,0,2026-10-06 15:27:21.057,2h 28m 52s,2h 15m 18s,0.1%,184.7 MB,3.8 GB,221.2 MB,288.7 MB
3665,29/bef3ba,63271784_23,p12__deepvirfinder_pratama (324),COMPLETED,0,2026-10-06 17:47:19.965,8m 53s,1m 43s,5.8%,169.4 MB,4 GB,488.7 MB,265 MB
3677,d3/b73456,63271784_25,p12__deepvirfinder_pratama (326),COMPLETED,0,2026-10-06 17:47:19.965,8m 53s,1m 40s,5.7%,177.2 MB,3.8 GB,486.7 MB,265 MB
3607,86/538c8a,63271784_8,p12__deepvirfinder_pratama (309),COMPLETED,0,2026-10-06 17:47:19.965,9m 3s,1m 52s,5.0%,177.5 MB,3.8 GB,468 MB,265 MB
3638,ab/42620d,63271784_16,p12__deepvirfinder_pratama (317),COMPLETED,0,2026-10-06 17:47:19.965,9m 3s,1m 56s,5.0%,178.9 MB,4 GB,455.2 MB,265 MB
3733,5e/1920f0,63271784_39,p12__deepvirfinder_pratama (340),COMPLETED,0,2026-10-06 17:47:19.965,9m 3s,1m 51s,5.7%,179 MB,4 GB,495.6 MB,265 MB
3600,3c/d1a633,63271784_6,p12__deepvirfinder_pratama (307),COMPLETED,0,2026-10-06 17:47:19.965,9m 13s,2m 2s,4.3%,177.4 MB,3.9 GB,476.1 MB,265 MB
3623,96/94f9e8,63271784_12,p12__deepvirfinder_pratama (313),COMPLETED,0,2026-10-06 17:47:19.965,9m 13s,1m 59s,4.9%,183.9 MB,4 GB,495.4 MB,265.1 MB
3725,56/80447e,63271784_37,p12__deepvirfinder_pratama (338),COMPLETED,0,2026-10-06 17:47:19.965,9m 13s,2m 1s,5.4%,180.3 MB,4.1 GB,482 MB,265 MB
3713,5c/d05e7c,63271784_34,p12__deepvirfinder_pratama (335),COMPLETED,0,2026-10-06 17:47:19.965,9m 23s,2m 11s,4.4%,177.1 MB,3.9 GB,466.5 MB,265 MB
3647,86/3ab3dc,63271784_18,p12__deepvirfinder_pratama (319),COMPLETED,0,2026-10-06 17:47:19.965,9m 33s,2m 22s,3.9%,176.6 MB,3.8 GB,468.9 MB,265 MB
3614,ba/d6283d,63271784_10,p12__deepvirfinder_pratama (311),COMPLETED,0,2026-10-06 17:47:19.965,9m 53s,2m 41s,3.6%,181.3 MB,3.9 GB,491.1 MB,265 MB
3580,09/af2c07,63271784_2,p12__deepvirfinder_pratama (302),COMPLETED,0,2026-10-06 17:47:19.965,10m 3s,2m 52s,3.5%,177.2 MB,3.9 GB,477.3 MB,265 MB
3658,94/a84509,63271784_21,p12__deepvirfinder_pratama (322),COMPLETED,0,2026-10-06 17:47:19.965,10m 3s,2m 58s,3.5%,178.6 MB,4.1 GB,482 MB,265 MB
2703,e9/faa89e,63252905_82,p21__genomad_pratama (83),COMPLETED,0,2026-10-06 15:27:21.057,2h 30m 12s,2h 16m 31s,0.1%,187.9 MB,3.8 GB,217.7 MB,285.2 MB
3631,f8/16fdb2,63271784_14,p12__deepvirfinder_pratama (315),COMPLETED,0,2026-10-06 17:47:19.965,10m 13s,3m 6s,2.7%,187.4 MB,3.8 GB,498.9 MB,264.8 MB
3650,9a/67c7a1,63271784_19,p12__deepvirfinder_pratama (320),COMPLETED,0,2026-10-06 17:47:19.965,10m 13s,3m 8s,2.8%,166.6 MB,3.8 GB,473.6 MB,265 MB
3654,f8/023d3d,63271784_20,p12__deepvirfinder_pratama (321),COMPLETED,0,2026-10-06 17:47:19.965,10m 35s,3m 23s,3.0%,177.7 MB,4 GB,477.8 MB,265 MB
3717,40/60445d,63271784_35,p12__deepvirfinder_pratama (336),COMPLETED,0,2026-10-06 17:47:19.965,10m 35s,3m 20s,3.0%,176 MB,4 GB,471.9 MB,265 MB
3721,04/8d0a6f,63271784_36,p12__deepvirfinder_pratama (337),COMPLETED,0,2026-10-06 17:47:19.965,10m 35s,3m 22s,2.7%,176.4 MB,3.8 GB,476.8 MB,265 MB
3594,3f/4c4425,63271784_5,p12__deepvirfinder_pratama (306),COMPLETED,0,2026-10-06 17:47:19.965,10m 53s,3m 47s,2.4%,123.1 MB,4 GB,460.8 MB,265 MB
3688,c2/fe6fde,63271784_28,p12__deepvirfinder_pratama (329),COMPLETED,0,2026-10-06 17:47:19.965,10m 53s,3m 44s,2.8%,178.3 MB,4 GB,496.7 MB,265 MB
3795,bd/6798c5,63271784_54,p12__deepvirfinder_pratama (355),COMPLETED,0,2026-10-06 17:47:19.965,11m 3s,15.6s,42.7%,172 MB,4.1 GB,470.7 MB,265 MB
3642,dd/a46e93,63271784_17,p12__deepvirfinder_pratama (318),COMPLETED,0,2026-10-06 17:47:19.965,11m 13s,4m 4s,2.1%,176.6 MB,3.9 GB,462.9 MB,265 MB
3680,b4/a9c4d1,63271784_26,p12__deepvirfinder_pratama (327),COMPLETED,0,2026-10-06 17:47:19.965,11m 13s,4m 5s,2.3%,177.4 MB,3.9 GB,490.8 MB,265 MB
3801,26/048ed4,63271784_56,p12__deepvirfinder_pratama (357),COMPLETED,0,2026-10-06 17:47:19.965,11m 13s,18.2s,35.5%,181.7 MB,4 GB,486.3 MB,265 MB
3879,6a/61ae76,63271784_76,p12__deepvirfinder_pratama (377),COMPLETED,0,2026-10-06 17:47:19.965,11m 23s,29.1s,18.3%,177.1 MB,3.8 GB,221.7 MB,265.1 MB
3618,b8/661ec9,63271784_11,p12__deepvirfinder_pratama (312),COMPLETED,0,2026-10-06 17:47:19.965,11m 35s,4m 22s,2.3%,187.2 MB,3.8 GB,493.2 MB,265 MB
3821,4e/5b1496,63271784_61,p12__deepvirfinder_pratama (362),COMPLETED,0,2026-10-06 17:47:19.965,11m 35s,49.5s,12.2%,178.4 MB,4 GB,286.5 MB,264.9 MB
3865,ba/13ae5c,63271784_72,p12__deepvirfinder_pratama (373),COMPLETED,0,2026-10-06 17:47:19.965,11m 35s,43.6s,14.8%,177.8 MB,3.9 GB,492.9 MB,265 MB
3887,2e/cf95e2,63271784_78,p12__deepvirfinder_pratama (379),COMPLETED,0,2026-10-06 17:47:19.965,11m 35s,46.5s,12.3%,185.4 MB,3.9 GB,462.2 MB,265.1 MB
3893,47/2548f2,63271784_79,p12__deepvirfinder_pratama (380),COMPLETED,0,2026-10-06 17:47:19.965,11m 35s,47.8s,15.0%,184 MB,4.1 GB,468.3 MB,265 MB
3627,d8/0b5548,63271784_13,p12__deepvirfinder_pratama (314),COMPLETED,0,2026-10-06 17:47:19.965,11m 43s,4m 32s,2.1%,178.8 MB,4 GB,496.7 MB,265 MB
3705,6e/102755,63271784_32,p12__deepvirfinder_pratama (333),COMPLETED,0,2026-10-06 17:47:19.965,11m 43s,4m 32s,2.3%,81.1 MB,3.6 GB,454.3 MB,265.1 MB
3709,e2/802732,63271784_33,p12__deepvirfinder_pratama (334),COMPLETED,0,2026-10-06 17:47:19.965,11m 53s,4m 38s,2.1%,179.8 MB,4 GB,460.7 MB,265 MB
3876,05/2b9126,63271784_75,p12__deepvirfinder_pratama (376),COMPLETED,0,2026-10-06 17:47:19.965,11m 53s,1m 3s,9.0%,181.9 MB,4.1 GB,498.8 MB,265 MB
3798,14/2bf38e,63271784_55,p12__deepvirfinder_pratama (356),COMPLETED,0,2026-10-06 17:47:19.965,12m 23s,1m 31s,7.2%,176.7 MB,3.9 GB,479.2 MB,265 MB
3817,90/7d7677,63271784_60,p12__deepvirfinder_pratama (361),COMPLETED,0,2026-10-06 17:47:19.965,12m 23s,1m 30s,7.2%,181.2 MB,4.1 GB,497.1 MB,265 MB
3867,f8/4591cd,63271784_73,p12__deepvirfinder_pratama (374),COMPLETED,0,2026-10-06 17:47:19.965,12m 23s,1m 30s,6.4%,179.9 MB,3.8 GB,495.3 MB,265.1 MB
3753,bc/ba3706,63271784_44,p12__deepvirfinder_pratama (345),COMPLETED,0,2026-10-06 17:47:19.965,12m 35s,1m 39s,6.3%,182.9 MB,3.9 GB,470.2 MB,265 MB
3791,8e/d1903d,63271784_53,p12__deepvirfinder_pratama (354),COMPLETED,0,2026-10-06 17:47:19.965,12m 35s,1m 48s,5.8%,85.3 MB,3.6 GB,461.1 MB,265 MB
3769,37/db8cbd,63271784_48,p12__deepvirfinder_pratama (349),COMPLETED,0,2026-10-06 17:47:19.965,12m 53s,2m,5.2%,176.5 MB,3.9 GB,491.8 MB,265.1 MB
3835,e2/d4902c,63271784_65,p12__deepvirfinder_pratama (366),COMPLETED,0,2026-10-06 17:47:19.965,13m 13s,2m 22s,4.1%,171.7 MB,4.1 GB,475.4 MB,265 MB
3848,6b/1d6d1f,63271784_68,p12__deepvirfinder_pratama (369),COMPLETED,0,2026-10-06 17:47:19.965,13m 13s,2m 20s,4.8%,179.6 MB,4.1 GB,491 MB,265 MB
4136,92/717d9c,63246503_40,p21__genomad_pratama (441),COMPLETED,0,2026-10-06 14:18:58.906,3h 41m 45s,3h 31m 57s,0.1%,185.3 MB,4 GB,199.7 MB,268.1 MB
3777,51/0e8bf3,63271784_50,p12__deepvirfinder_pratama (351),COMPLETED,0,2026-10-06 17:47:19.965,13m 23s,2m 31s,4.2%,175.8 MB,3.8 GB,332.1 MB,265 MB
2752,61/8c2c6c,63252905_94,p21__genomad_pratama (95),COMPLETED,0,2026-10-06 15:27:21.057,2h 33m 34s,2h 19m 48s,0.1%,189 MB,4 GB,220.3 MB,287.7 MB
3843,41/73ab63,63271784_67,p12__deepvirfinder_pratama (368),COMPLETED,0,2026-10-06 17:47:19.965,13m 35s,2m 42s,3.6%,179.1 MB,4 GB,487.4 MB,265 MB
3745,c2/c19341,63271784_42,p12__deepvirfinder_pratama (343),COMPLETED,0,2026-10-06 17:47:19.965,14m 23s,3m 34s,2.7%,99.6 MB,3.7 GB,454.3 MB,265 MB
3761,15/81986a,63271784_46,p12__deepvirfinder_pratama (347),COMPLETED,0,2026-10-06 17:47:19.965,14m 33s,3m 47s,2.7%,185.3 MB,4 GB,483 MB,265 MB
3367,31/30e208,63269995_48,p12__deepvirfinder_pratama (249),COMPLETED,0,2026-10-06 17:30:08.689,31m 55s,22m 11s,0.4%,187.5 MB,4 GB,451 MB,265.3 MB
3809,1a/d0b201,63271784_58,p12__deepvirfinder_pratama (359),COMPLETED,0,2026-10-06 17:47:19.965,14m 43s,3m 55s,2.7%,177.1 MB,3.9 GB,496.2 MB,265 MB
3765,b5/cab972,63271784_47,p12__deepvirfinder_pratama (348),COMPLETED,0,2026-10-06 17:47:19.965,14m 53s,4m 1s,2.6%,176.8 MB,3.8 GB,488 MB,265 MB
3786,84/0957e9,63271784_52,p12__deepvirfinder_pratama (353),COMPLETED,0,2026-10-06 17:47:19.965,14m 53s,4m 6s,2.7%,189.8 MB,4.2 GB,451.3 MB,265 MB
3831,91/fcc731,63271784_64,p12__deepvirfinder_pratama (365),COMPLETED,0,2026-10-06 17:47:19.965,14m 53s,4m 5s,2.4%,188.7 MB,4.2 GB,467.5 MB,265 MB
3737,bd/14e44f,63271784_40,p12__deepvirfinder_pratama (341),COMPLETED,0,2026-10-06 17:47:19.965,15m 3s,4m 14s,2.3%,177.2 MB,3.9 GB,447 MB,264.9 MB
3749,13/4e1f13,63271784_43,p12__deepvirfinder_pratama (344),COMPLETED,0,2026-10-06 17:47:19.965,15m 3s,4m 12s,2.2%,93.1 MB,3.5 GB,462.6 MB,265 MB
3911,a9/a16598,63271784_84,p12__deepvirfinder_pratama (385),COMPLETED,0,2026-10-06 17:47:19.965,15m 3s,40.1s,15.4%,177 MB,3.8 GB,488.5 MB,265 MB
3897,f1/006785,63271784_80,p12__deepvirfinder_pratama (381),COMPLETED,0,2026-10-06 17:47:19.965,15m 13s,47.7s,11.9%,186.9 MB,3.8 GB,473.3 MB,265.1 MB
3826,3d/69f74e,63271784_63,p12__deepvirfinder_pratama (364),COMPLETED,0,2026-10-06 17:47:19.965,15m 23s,4m 35s,2.1%,188.7 MB,4.1 GB,458.2 MB,265 MB
3905,a2/bd0d5c,63271784_82,p12__deepvirfinder_pratama (383),COMPLETED,0,2026-10-06 17:47:19.965,15m 23s,58.4s,10.2%,186 MB,4 GB,481.8 MB,265 MB
3973,06/5abf95,63271784_99,p12__deepvirfinder_pratama (400),COMPLETED,0,2026-10-06 17:47:19.965,15m 33s,1m 3s,8.7%,185.7 MB,3.8 GB,463.5 MB,264.9 MB
3757,5d/e9f619,63271784_45,p12__deepvirfinder_pratama (346),COMPLETED,0,2026-10-06 17:47:19.965,15m 45s,4m 48s,2.0%,179.4 MB,4 GB,476.7 MB,265 MB
3852,03/773509,63271784_69,p12__deepvirfinder_pratama (370),COMPLETED,0,2026-10-06 17:47:19.965,15m 45s,4m 58s,2.0%,177.3 MB,4 GB,494.1 MB,265 MB
3884,80/e6ac5f,63271784_77,p12__deepvirfinder_pratama (378),COMPLETED,0,2026-10-06 17:47:19.965,15m 45s,4m 50s,2.1%,87.7 MB,3.6 GB,454.2 MB,265 MB
3839,02/75ebba,63271784_66,p12__deepvirfinder_pratama (367),COMPLETED,0,2026-10-06 17:47:19.965,15m 53s,5m 1s,1.9%,188.9 MB,4.2 GB,482.6 MB,265 MB
3860,ae/13bc59,63271784_71,p12__deepvirfinder_pratama (372),COMPLETED,0,2026-10-06 17:47:19.965,15m 53s,5m 6s,2.1%,190.6 MB,4.2 GB,490.7 MB,265 MB
3871,fd/7478c4,63271784_74,p12__deepvirfinder_pratama (375),COMPLETED,0,2026-10-06 17:47:19.965,15m 53s,5m 8s,1.8%,120 MB,3.9 GB,496.7 MB,265 MB
3805,af/5333d3,63271784_57,p12__deepvirfinder_pratama (358),COMPLETED,0,2026-10-06 17:47:19.965,16m 3s,5m 8s,2.0%,171.4 MB,3.8 GB,491.7 MB,265.1 MB
3966,f6/b7eb5d,63271784_98,p12__deepvirfinder_pratama (399),COMPLETED,0,2026-10-06 17:47:19.965,16m 23s,1m 59s,5.1%,187.3 MB,3.8 GB,455.6 MB,265 MB
2721,2b/532692,63252905_86,p21__genomad_pratama (87),COMPLETED,0,2026-10-06 15:27:21.057,2h 36m 32s,2h 22m 54s,0.1%,188.2 MB,4 GB,218.4 MB,286.1 MB
3958,dd/5e6e00,63271784_96,p12__deepvirfinder_pratama (397),COMPLETED,0,2026-10-06 17:47:19.965,16m 33s,2m 3s,4.9%,95.9 MB,3.6 GB,497.2 MB,265 MB
2391,c5/efbfad,63252905_4,p21__genomad_pratama (5),COMPLETED,0,2026-10-06 15:27:21.057,2h 36m 52s,2h 33m 48s,0.1%,187.1 MB,3.9 GB,200.4 MB,268.6 MB
2613,7a/c32b34,63252905_59,p21__genomad_pratama (60),COMPLETED,0,2026-10-06 15:27:21.057,2h 36m 52s,2h 26m 48s,0.1%,187.6 MB,4 GB,199.9 MB,268.1 MB
3929,8d/0eef0f,63271784_88,p12__deepvirfinder_pratama (389),COMPLETED,0,2026-10-06 17:47:19.965,17m 3s,2m 33s,3.9%,87.8 MB,3.5 GB,476.9 MB,265 MB
3936,96/aafccb,63271784_90,p12__deepvirfinder_pratama (391),COMPLETED,0,2026-10-06 17:47:19.965,17m 3s,2m 33s,3.8%,54.7 MB,2.5 GB,494.4 MB,265 MB
3955,b9/a7bd6d,63271784_95,p12__deepvirfinder_pratama (396),COMPLETED,0,2026-10-06 17:47:19.965,17m 53s,3m 30s,2.5%,135.3 MB,3.9 GB,496 MB,265 MB
3947,1d/d79c1e,63271784_93,p12__deepvirfinder_pratama (394),COMPLETED,0,2026-10-06 17:47:19.965,18m 3s,3m 40s,2.5%,186.7 MB,4 GB,491.7 MB,264.9 MB
3950,09/abc222,63271784_94,p12__deepvirfinder_pratama (395),COMPLETED,0,2026-10-06 17:47:19.965,18m 3s,3m 41s,2.5%,184.2 MB,3.9 GB,493.9 MB,264.9 MB
3962,d5/e3d656,63271784_97,p12__deepvirfinder_pratama (398),COMPLETED,0,2026-10-06 17:47:19.965,18m 3s,3m 37s,2.7%,182.1 MB,4 GB,399.7 MB,265 MB
3901,13/8c38a5,63271784_81,p12__deepvirfinder_pratama (382),COMPLETED,0,2026-10-06 17:47:19.965,18m 13s,3m 46s,2.9%,182 MB,4.1 GB,477.5 MB,265 MB
3922,f1/8f33cb,63271784_87,p12__deepvirfinder_pratama (388),COMPLETED,0,2026-10-06 17:47:19.965,18m 13s,3m 49s,2.6%,99.9 MB,3.7 GB,463 MB,265 MB
2717,f6/b6fb37,63252905_85,p21__genomad_pratama (86),COMPLETED,0,2026-10-06 15:27:21.057,2h 38m 22s,2h 24m 46s,0.1%,188.1 MB,4 GB,218.8 MB,286.3 MB
3909,8a/a3fcbf,63271784_83,p12__deepvirfinder_pratama (384),COMPLETED,0,2026-10-06 17:47:19.965,18m 33s,4m 7s,2.4%,89.1 MB,3.5 GB,485.3 MB,265 MB
3939,b7/38cb81,63271784_91,p12__deepvirfinder_pratama (392),COMPLETED,0,2026-10-06 17:47:19.965,18m 43s,4m 14s,2.2%,178.6 MB,4 GB,331.2 MB,264.9 MB
2561,31/933368,63252905_46,p21__genomad_pratama (47),COMPLETED,0,2026-10-06 15:27:21.057,2h 39m 22s,2h 29m 16s,0.1%,184.8 MB,3.9 GB,206.4 MB,274.3 MB
3933,ac/47ac08,63271784_89,p12__deepvirfinder_pratama (390),COMPLETED,0,2026-10-06 17:47:19.965,19m 23s,4m 58s,2.1%,179.5 MB,4.1 GB,487.5 MB,265 MB
2583,d5/2f30ec,63252905_52,p21__genomad_pratama (53),COMPLETED,0,2026-10-06 15:27:21.057,2h 41m 22s,2h 31m 18s,0.1%,188.4 MB,4 GB,220.7 MB,288.3 MB
3246,81/6b278f,63269995_17,p12__deepvirfinder_pratama (218),COMPLETED,0,2026-10-06 17:30:08.689,41m 15s,38m 51s,0.3%,186.8 MB,3.9 GB,453.5 MB,265.9 MB
2615,f2/0e6c32,63252905_60,p21__genomad_pratama (61),COMPLETED,0,2026-10-06 15:27:21.057,2h 44m 22s,2h 34m 10s,0.1%,189.2 MB,4.2 GB,199.2 MB,267.4 MB
3174,69/3f54a7,63269995_0,p12__deepvirfinder_pratama (201),COMPLETED,0,2026-10-06 17:30:08.689,42m 15s,39m 54s,0.3%,189.3 MB,4.2 GB,434.4 MB,265.2 MB
2627,67/65879f,63252905_63,p21__genomad_pratama (64),COMPLETED,0,2026-10-06 15:27:21.057,2h 47m 52s,2h 37m 49s,0.1%,190.3 MB,4 GB,209.4 MB,277.3 MB
3985,4d/b1bb59,63274138_5,p19__vibrant_pratama (406),COMPLETED,0,2026-10-06 18:05:20.061,10m 53s,12.5s,50.3%,175.8 MB,4.3 GB,489.5 MB,265 MB
4043,50/a78bf5,63274138_17,p19__vibrant_pratama (418),COMPLETED,0,2026-10-06 18:05:20.061,10m 53s,14.5s,43.4%,177.7 MB,4.1 GB,470.9 MB,265.1 MB
4097,49/5f2208,63274138_31,p19__vibrant_pratama (432),COMPLETED,0,2026-10-06 18:05:20.061,11m 6s,20.3s,31.9%,171.3 MB,4 GB,468.6 MB,265 MB
3184,54/b26bc0,63269995_4,p12__deepvirfinder_pratama (205),COMPLETED,0,2026-10-06 17:30:08.689,46m 25s,43m 56s,0.3%,185.6 MB,3.9 GB,454 MB,265.5 MB
4014,9f/63151a,63274138_10,p19__vibrant_pratama (411),COMPLETED,0,2026-10-06 18:05:20.061,11m 13s,34.3s,16.7%,177 MB,3.8 GB,476.2 MB,265.1 MB
4078,30/c2a831,63274138_26,p19__vibrant_pratama (427),COMPLETED,0,2026-10-06 18:05:20.061,11m 53s,1m 8s,8.4%,178.1 MB,4.1 GB,497.8 MB,265 MB
4114,5a/999ea9,63274138_35,p19__vibrant_pratama (436),COMPLETED,0,2026-10-06 18:05:20.061,11m 53s,1m 10s,8.5%,176.9 MB,3.8 GB,489.2 MB,265 MB
3983,29/f8dcbf,63274138_3,p19__vibrant_pratama (404),COMPLETED,0,2026-10-06 18:05:20.061,12m 3s,1m 23s,7.8%,166.4 MB,3.9 GB,483 MB,265 MB
4099,b6/fefcaa,63274138_32,p19__vibrant_pratama (433),COMPLETED,0,2026-10-06 18:05:20.061,12m 13s,1m 30s,6.8%,180.4 MB,4.1 GB,474.5 MB,265 MB
3978,3b/ba0b19,63274138_1,p19__vibrant_pratama (402),COMPLETED,0,2026-10-06 18:05:20.061,12m 23s,1m 41s,5.8%,178.9 MB,3.9 GB,474.4 MB,265 MB
2471,db/eacd89,63261598_24,p20__virsorter2_pratama (25),COMPLETED,0,2026-10-06 16:38:58.548,1h 38m 55s,1h 36m 34s,0.1%,188.6 MB,3.8 GB,441 MB,268.3 MB
4069,78/fba20e,63274138_24,p19__vibrant_pratama (425),COMPLETED,0,2026-10-06 18:05:20.061,12m 33s,1m 54s,5.0%,180.8 MB,4 GB,492.4 MB,265 MB
2681,03/612e89,63252905_77,p21__genomad_pratama (78),COMPLETED,0,2026-10-06 15:27:21.057,2h 50m 42s,2h 40m 32s,0.1%,187.4 MB,4 GB,218.3 MB,285.9 MB
4020,8e/f3c7b8,63274138_11,p19__vibrant_pratama (412),COMPLETED,0,2026-10-06 18:05:20.061,12m 43s,2m,5.1%,175.8 MB,3.8 GB,485.9 MB,265 MB
4122,bb/92a606,63274138_37,p19__vibrant_pratama (438),COMPLETED,0,2026-10-06 18:05:20.061,12m 43s,2m 4s,4.4%,184.6 MB,3.8 GB,486 MB,265 MB
4027,c8/ca0271,63274138_13,p19__vibrant_pratama (414),COMPLETED,0,2026-10-06 18:05:20.061,12m 53s,2m 9s,4.5%,180 MB,4 GB,420.2 MB,265 MB
4131,da/eb994d,63274138_39,p19__vibrant_pratama (440),COMPLETED,0,2026-10-06 18:05:20.061,13m 3s,2m 24s,4.5%,189.2 MB,4 GB,493.6 MB,265 MB
4084,c0/b57314,63274138_28,p19__vibrant_pratama (429),COMPLETED,0,2026-10-06 18:05:20.061,13m 13s,2m 35s,4.1%,185.4 MB,4.2 GB,446.6 MB,265.9 MB
4054,45/1c4a50,63274138_20,p19__vibrant_pratama (421),COMPLETED,0,2026-10-06 18:05:20.061,13m 23s,2m 40s,3.8%,179 MB,4 GB,491.7 MB,265 MB
4105,12/153ffe,63274138_33,p19__vibrant_pratama (434),COMPLETED,0,2026-10-06 18:05:20.061,13m 23s,2m 37s,3.7%,155.9 MB,4 GB,480.5 MB,265 MB
4010,b2/77fa46,63274138_9,p19__vibrant_pratama (410),COMPLETED,0,2026-10-06 18:05:20.061,13m 33s,2m 51s,3.4%,180.9 MB,3.9 GB,464.9 MB,265 MB
4128,d3/24e024,63274138_38,p19__vibrant_pratama (439),COMPLETED,0,2026-10-06 18:05:20.061,13m 33s,2m 46s,3.3%,176.5 MB,3.9 GB,490.1 MB,265 MB
2693,5c/e7d1d1,63252905_80,p21__genomad_pratama (81),COMPLETED,0,2026-10-06 15:27:21.057,2h 51m 42s,2h 38m 2s,0.1%,186.9 MB,4 GB,212.3 MB,280.1 MB
4007,37/ae6b01,63274138_8,p19__vibrant_pratama (409),COMPLETED,0,2026-10-06 18:05:20.061,13m 43s,3m 4s,3.1%,188.9 MB,3.9 GB,453.3 MB,265 MB
4082,db/bd807b,63274138_27,p19__vibrant_pratama (428),COMPLETED,0,2026-10-06 18:05:20.061,13m 53s,3m 6s,2.9%,176.6 MB,3.8 GB,238.1 MB,265 MB
4022,31/c90aa2,63274138_12,p19__vibrant_pratama (413),COMPLETED,0,2026-10-06 18:05:20.061,14m 3s,3m 18s,3.0%,153.4 MB,3.8 GB,492.8 MB,265 MB
3232,63/6c873f,63269995_14,p12__deepvirfinder_pratama (215),COMPLETED,0,2026-10-06 17:30:08.689,49m 27s,47m 1s,0.2%,190.2 MB,4 GB,435.9 MB,265.5 MB
3449,f7/e4cfa6,63269995_68,p12__deepvirfinder_pratama (269),COMPLETED,0,2026-10-06 17:30:08.689,49m 27s,39m 40s,0.3%,188.8 MB,4 GB,454 MB,265.4 MB
3974,89/d1090b,63274138_0,p19__vibrant_pratama (401),COMPLETED,0,2026-10-06 18:05:20.061,14m 16s,3m 27s,3.4%,179.4 MB,4.1 GB,469.7 MB,265.1 MB
3984,51/8ac928,63274138_4,p19__vibrant_pratama (405),COMPLETED,0,2026-10-06 18:05:20.061,14m 16s,3m 29s,2.8%,177.3 MB,3.9 GB,486.6 MB,265 MB
4110,68/ec82aa,63274138_34,p19__vibrant_pratama (435),COMPLETED,0,2026-10-06 18:05:20.061,14m 16s,3m 37s,2.7%,181.7 MB,4 GB,485.4 MB,265 MB
4039,2b/d82e43,63274138_16,p19__vibrant_pratama (417),COMPLETED,0,2026-10-06 18:05:20.061,14m 23s,3m 44s,2.6%,171.9 MB,3.7 GB,459.8 MB,265 MB
4058,bb/0db58a,63274138_21,p19__vibrant_pratama (422),COMPLETED,0,2026-10-06 18:05:20.061,14m 23s,3m 42s,2.4%,186.1 MB,3.8 GB,495.5 MB,265 MB
4198,29/9baf41,63274138_56,p19__vibrant_pratama (457),COMPLETED,0,2026-10-06 18:05:20.061,14m 43s,17.9s,40.0%,187.3 MB,4 GB,449.3 MB,265 MB
4206,2e/ebf5be,63274138_58,p19__vibrant_pratama (459),COMPLETED,0,2026-10-06 18:05:20.061,14m 43s,24.2s,28.7%,175.8 MB,3.8 GB,462.7 MB,265 MB
4050,6e/bfd555,63274138_19,p19__vibrant_pratama (420),COMPLETED,0,2026-10-06 18:05:20.061,14m 53s,4m 15s,2.4%,172.2 MB,3.8 GB,487.2 MB,265 MB
3982,1c/7bfcad,63274138_2,p19__vibrant_pratama (403),COMPLETED,0,2026-10-06 18:05:20.061,15m 16s,4m 33s,2.3%,179.6 MB,4 GB,478.9 MB,265 MB
4088,c2/115fa6,63274138_29,p19__vibrant_pratama (430),COMPLETED,0,2026-10-06 18:05:20.061,15m 16s,4m 29s,2.5%,177.9 MB,3.8 GB,453.6 MB,265.1 MB
4202,3d/bce5d5,63274138_57,p19__vibrant_pratama (458),COMPLETED,0,2026-10-06 18:05:20.061,15m 16s,53.5s,11.8%,178.6 MB,3.9 GB,456.2 MB,265 MB
4073,95/787d96,63274138_25,p19__vibrant_pratama (426),COMPLETED,0,2026-10-06 18:05:20.061,15m 23s,4m 42s,2.1%,180.8 MB,4 GB,495.5 MB,265 MB
4092,91/10063e,63274138_30,p19__vibrant_pratama (431),COMPLETED,0,2026-10-06 18:05:20.061,15m 23s,4m 39s,2.2%,180.1 MB,4 GB,461.5 MB,265 MB
4210,6c/0916a0,63274138_59,p19__vibrant_pratama (460),COMPLETED,0,2026-10-06 18:05:20.061,15m 23s,59.3s,10.7%,176.6 MB,3.9 GB,468.4 MB,265 MB
4046,91/112707,63274138_18,p19__vibrant_pratama (419),COMPLETED,0,2026-10-06 18:05:20.061,15m 33s,4m 51s,2.0%,178.1 MB,3.9 GB,480.3 MB,265 MB
4170,1e/70ac23,63274138_49,p19__vibrant_pratama (450),COMPLETED,0,2026-10-06 18:05:20.061,15m 33s,1m 9s,9.1%,183 MB,3.9 GB,481.4 MB,265 MB
4061,5a/d74497,63274138_22,p19__vibrant_pratama (423),COMPLETED,0,2026-10-06 18:05:20.061,15m 43s,4m 58s,1.9%,179.9 MB,4 GB,430.9 MB,265 MB
4218,aa/c32c16,63274138_61,p19__vibrant_pratama (462),COMPLETED,0,2026-10-06 18:05:20.061,15m 43s,1m 19s,8.7%,179.9 MB,4.1 GB,478.9 MB,265 MB
3276,ee/7a6c67,63269995_25,p12__deepvirfinder_pratama (226),COMPLETED,0,2026-10-06 17:30:08.689,51m 27s,49m 6s,0.2%,189 MB,3.9 GB,456.9 MB,266.8 MB
4270,0b/855930,63274138_74,p19__vibrant_pratama (475),COMPLETED,0,2026-10-06 18:05:20.061,16m 15s,1m 48s,7.2%,186 MB,3.9 GB,456.1 MB,265.1 MB
2659,41/4bcfbc,63252905_71,p21__genomad_pratama (72),COMPLETED,0,2026-10-06 15:27:21.057,2h 54m 22s,2h 44m 17s,0.1%,187 MB,3.9 GB,201.6 MB,269.7 MB
4147,9b/f5918d,63274138_43,p19__vibrant_pratama (444),COMPLETED,0,2026-10-06 18:05:20.061,16m 23s,2m 4s,6.1%,186.5 MB,3.9 GB,447.8 MB,265.3 MB
4214,e3/a02912,63274138_60,p19__vibrant_pratama (461),COMPLETED,0,2026-10-06 18:05:20.061,16m 23s,1m 59s,6.3%,147.2 MB,4.1 GB,473.7 MB,265 MB
4186,d8/4397be,63274138_53,p19__vibrant_pratama (454),COMPLETED,0,2026-10-06 18:05:20.061,16m 33s,2m 9s,5.5%,185.5 MB,3.9 GB,495.7 MB,265 MB
4229,42/8c4e5c,63274138_64,p19__vibrant_pratama (465),COMPLETED,0,2026-10-06 18:05:20.061,16m 33s,2m 6s,5.0%,188 MB,3.9 GB,451.5 MB,265.9 MB
4250,2a/30dded,63274138_69,p19__vibrant_pratama (470),COMPLETED,0,2026-10-06 18:05:20.061,16m 33s,2m 12s,5.7%,177.5 MB,3.9 GB,492 MB,265.1 MB
2569,6a/d148af,63252905_48,p21__genomad_pratama (49),COMPLETED,0,2026-10-06 15:27:21.057,2h 54m 42s,2h 44m 36s,0.1%,187.6 MB,3.8 GB,204.4 MB,272.7 MB
2685,77/36ab05,63252905_78,p21__genomad_pratama (79),COMPLETED,0,2026-10-06 15:27:21.057,2h 54m 52s,2h 44m 49s,0.1%,186 MB,3.9 GB,217 MB,284.7 MB
4160,88/3376ef,63274138_46,p19__vibrant_pratama (447),COMPLETED,0,2026-10-06 18:05:20.061,16m 53s,2m 34s,4.0%,180.1 MB,4 GB,465.8 MB,265 MB
4162,4c/967ca2,63274138_47,p19__vibrant_pratama (448),COMPLETED,0,2026-10-06 18:05:20.061,16m 53s,2m 28s,4.0%,154.7 MB,3.9 GB,471.2 MB,265 MB
4237,78/8594c0,63274138_66,p19__vibrant_pratama (467),COMPLETED,0,2026-10-06 18:05:20.061,17m 3s,2m 43s,4.0%,175.9 MB,4 GB,471 MB,265 MB
4258,10/a00287,63274138_71,p19__vibrant_pratama (472),COMPLETED,0,2026-10-06 18:05:20.061,17m 3s,2m 40s,4.5%,187.6 MB,4 GB,277.1 MB,265 MB
4166,d0/354d6f,63274138_48,p19__vibrant_pratama (449),COMPLETED,0,2026-10-06 18:05:20.061,17m 13s,2m 51s,3.8%,187.3 MB,3.9 GB,476.1 MB,265 MB
4234,34/9b2e5a,63274138_65,p19__vibrant_pratama (466),COMPLETED,0,2026-10-06 18:05:20.061,17m 43s,3m 20s,4.5%,175.5 MB,3.8 GB,460.9 MB,265 MB
4247,7f/1480c5,63274138_68,p19__vibrant_pratama (469),COMPLETED,0,2026-10-06 18:05:20.061,17m 43s,3m 22s,3.6%,185.9 MB,3.8 GB,486.6 MB,265 MB
4139,a6/5c410a,63274138_41,p19__vibrant_pratama (442),COMPLETED,0,2026-10-06 18:05:20.061,17m 53s,3m 30s,3.2%,176.5 MB,3.9 GB,392.9 MB,265 MB
4254,ef/9d2721,63274138_70,p19__vibrant_pratama (471),COMPLETED,0,2026-10-06 18:05:20.061,17m 53s,3m 29s,3.7%,176.9 MB,3.9 GB,496.4 MB,265 MB
4325,ee/73da29,63274138_87,p19__vibrant_pratama (488),COMPLETED,0,2026-10-06 18:05:20.061,18m 13s,13.3s,49.1%,181 MB,4 GB,480.4 MB,265 MB
4155,2f/227925,63274138_45,p19__vibrant_pratama (446),COMPLETED,0,2026-10-06 18:05:20.061,18m 26s,3m 57s,3.1%,187.6 MB,3.9 GB,460.1 MB,265 MB
4182,d0/2ba852,63274138_52,p19__vibrant_pratama (453),COMPLETED,0,2026-10-06 18:05:20.061,18m 26s,4m 3s,2.7%,177.9 MB,4 GB,492.3 MB,265 MB
4243,24/75a271,63274138_67,p19__vibrant_pratama (468),COMPLETED,0,2026-10-06 18:05:20.061,18m 26s,4m,2.7%,180.4 MB,3.9 GB,479.6 MB,265 MB
4274,2b/8c8105,63274138_75,p19__vibrant_pratama (476),COMPLETED,0,2026-10-06 18:05:20.061,18m 26s,24.3s,24.2%,179 MB,4.1 GB,466.8 MB,265 MB
4304,61/78b05b,63274138_82,p19__vibrant_pratama (483),COMPLETED,0,2026-10-06 18:05:20.061,18m 26s,18.8s,34.5%,179.8 MB,4.1 GB,464.1 MB,265 MB
4321,fb/c5f094,63274138_86,p19__vibrant_pratama (487),COMPLETED,0,2026-10-06 18:05:20.061,18m 26s,21s,31.3%,136.9 MB,3.8 GB,472.9 MB,265.1 MB
4221,1b/9a81a9,63274138_62,p19__vibrant_pratama (463),COMPLETED,0,2026-10-06 18:05:20.061,18m 33s,4m 12s,2.8%,184.7 MB,4 GB,483.6 MB,264.9 MB
4282,2c/9c3a62,63274138_77,p19__vibrant_pratama (478),COMPLETED,0,2026-10-06 18:05:20.061,18m 43s,37.6s,16.5%,186.5 MB,4.1 GB,484 MB,265 MB
4191,d3/f2f6a8,63274138_54,p19__vibrant_pratama (455),COMPLETED,0,2026-10-06 18:05:20.061,18m 53s,4m 33s,2.3%,186.4 MB,4 GB,468.4 MB,265.2 MB
4364,8a/3b831e,63274138_97,p19__vibrant_pratama (498),COMPLETED,0,2026-10-06 18:05:20.061,18m 53s,54.4s,9.4%,176.2 MB,3.8 GB,197.4 MB,265 MB
4151,10/851d22,63274138_44,p19__vibrant_pratama (445),COMPLETED,0,2026-10-06 18:05:20.061,19m 3s,4m 37s,2.8%,179.5 MB,3.9 GB,453.8 MB,265 MB
4178,6c/b8fc07,63274138_51,p19__vibrant_pratama (452),COMPLETED,0,2026-10-06 18:05:20.061,19m 3s,4m 44s,2.2%,176.1 MB,4 GB,488.4 MB,265 MB
4314,5d/c1d037,63274138_84,p19__vibrant_pratama (485),COMPLETED,0,2026-10-06 18:05:20.061,19m 3s,1m 6s,10.3%,166.6 MB,3.9 GB,454.4 MB,265 MB
4134,4a/bfb7af,63274138_40,p19__vibrant_pratama (441),COMPLETED,0,2026-10-06 18:05:20.061,19m 25s,5m 5s,2.0%,179.8 MB,3.9 GB,496.5 MB,265 MB
4317,26/0a3544,63274138_85,p19__vibrant_pratama (486),COMPLETED,0,2026-10-06 18:05:20.061,19m 25s,1m 17s,8.0%,166.6 MB,3.7 GB,464.3 MB,265 MB
4277,79/9455cf,63274138_76,p19__vibrant_pratama (477),COMPLETED,0,2026-10-06 18:05:20.061,19m 33s,1m 35s,6.3%,179.1 MB,3.9 GB,476.1 MB,265 MB
4344,61/242266,63274138_92,p19__vibrant_pratama (493),COMPLETED,0,2026-10-06 18:05:20.061,19m 43s,1m 37s,6.1%,95.5 MB,3.6 GB,487.9 MB,265 MB
4266,c4/33aafa,63274138_73,p19__vibrant_pratama (474),COMPLETED,0,2026-10-06 18:05:20.061,20m 3s,5m 37s,2.3%,185.8 MB,3.9 GB,447.6 MB,266.4 MB
4332,47/e548e4,63274138_89,p19__vibrant_pratama (490),COMPLETED,0,2026-10-06 18:05:20.061,20m 3s,2m 4s,5.1%,178.4 MB,3.8 GB,491.1 MB,265 MB
4348,51/2901fd,63274138_93,p19__vibrant_pratama (494),COMPLETED,0,2026-10-06 18:05:20.061,20m 25s,2m 18s,4.1%,186.9 MB,3.8 GB,490.9 MB,265 MB
4036,c0/974524,63274138_15,p19__vibrant_pratama (416),COMPLETED,0,2026-10-06 18:05:20.061,20m 43s,10m 2s,1.0%,187.7 MB,4 GB,459.9 MB,269.8 MB
4356,99/5cc352,63274138_95,p19__vibrant_pratama (496),COMPLETED,0,2026-10-06 18:05:20.061,21m 13s,3m 13s,3.2%,139.7 MB,4 GB,496.2 MB,265 MB
3272,97/fffdfe,63269995_24,p12__deepvirfinder_pratama (225),COMPLETED,0,2026-10-06 17:30:08.689,56m 35s,54m 6s,0.2%,185.9 MB,3.9 GB,438.7 MB,266.6 MB
4373,94/9f97d4,63274138_99,p19__vibrant_pratama (500),COMPLETED,0,2026-10-06 18:05:20.061,21m 53s,3m 55s,2.6%,188.5 MB,3.9 GB,449.4 MB,265 MB
4195,48/f42d17,63274138_55,p19__vibrant_pratama (456),COMPLETED,0,2026-10-06 18:05:20.061,22m 3s,7m 39s,1.7%,190.8 MB,4.1 GB,446.6 MB,266.8 MB
4337,13/61b2c7,63274138_90,p19__vibrant_pratama (491),COMPLETED,0,2026-10-06 18:05:20.061,22m 3s,4m 5s,2.3%,176.7 MB,3.9 GB,495.3 MB,265.1 MB
3437,63/5044b1,63269995_65,p12__deepvirfinder_pratama (266),COMPLETED,0,2026-10-06 17:30:08.689,57m 25s,47m 43s,0.3%,188.7 MB,3.9 GB,434 MB,265.2 MB
4296,2b/7a9254,63274138_80,p19__vibrant_pratama (481),COMPLETED,0,2026-10-06 18:05:20.061,22m 13s,4m 9s,2.7%,177.5 MB,3.8 GB,477.6 MB,265.1 MB
2588,a1/9be7b9,63252905_53,p21__genomad_pratama (54),COMPLETED,0,2026-10-06 15:27:21.057,3h 32s,2h 50m 21s,0.1%,188 MB,4 GB,215 MB,282.7 MB
4352,5a/d8a170,63274138_94,p19__vibrant_pratama (495),COMPLETED,0,2026-10-06 18:05:20.061,22m 33s,4m 30s,2.0%,177.4 MB,3.9 GB,493.5 MB,264.7 MB
4286,44/9bbfc7,63274138_78,p19__vibrant_pratama (479),COMPLETED,0,2026-10-06 18:05:20.061,22m 43s,4m 45s,2.1%,170.6 MB,3.8 GB,489.8 MB,265 MB
2804,a0/72a2b0,63285109_7,p12__deepvirfinder_pratama (108),COMPLETED,0,2026-10-06 18:25:27.915,2m 36s,22.1s,24.1%,185.5 MB,4.2 GB,466.1 MB,265 MB
4292,60/430ab9,63274138_79,p19__vibrant_pratama (480),COMPLETED,0,2026-10-06 18:05:20.061,22m 53s,4m 50s,2.2%,179.2 MB,4 GB,494.4 MB,265 MB
4360,3e/6cef83,63274138_96,p19__vibrant_pratama (497),COMPLETED,0,2026-10-06 18:05:20.061,22m 53s,4m 50s,2.1%,126.7 MB,4 GB,500 MB,265 MB
2819,0e/9bec37,63285109_11,p12__deepvirfinder_pratama (112),COMPLETED,0,2026-10-06 18:25:27.915,2m 46s,28.6s,21.1%,177.8 MB,3.9 GB,495.5 MB,265 MB
4328,ce/0d2e1e,63274138_88,p19__vibrant_pratama (489),COMPLETED,0,2026-10-06 18:05:20.061,23m 3s,4m 59s,2.3%,182.2 MB,4.1 GB,486.6 MB,265 MB
2802,f9/58ebaa,63285109_6,p12__deepvirfinder_pratama (107),COMPLETED,0,2026-10-06 18:25:27.915,2m 56s,43s,13.0%,176 MB,3.9 GB,455 MB,265 MB
2712,a8/71f187,63261598_84,p20__virsorter2_pratama (85),COMPLETED,0,2026-10-06 16:38:58.548,1h 50m 15s,1h 37m 10s,0.1%,187.2 MB,3.9 GB,477 MB,302.8 MB
2780,75/bc862c,63285109_1,p12__deepvirfinder_pratama (102),COMPLETED,0,2026-10-06 18:25:27.915,3m 56s,1m 40s,6.5%,180.6 MB,4.1 GB,486.8 MB,265 MB
4308,92/867b51,63274138_83,p19__vibrant_pratama (484),COMPLETED,0,2026-10-06 18:05:20.061,24m 13s,6m 12s,1.7%,188.2 MB,4.2 GB,447.7 MB,266.6 MB
2796,94/71af00,63285109_2,p12__deepvirfinder_pratama (103),COMPLETED,0,2026-10-06 18:25:27.915,4m 16s,2m 3s,5.2%,190.9 MB,4.2 GB,493.9 MB,265 MB
2849,f0/333704,63285109_18,p12__deepvirfinder_pratama (119),COMPLETED,0,2026-10-06 18:25:27.915,4m 28s,2m 14s,4.0%,180.4 MB,3.9 GB,339.8 MB,265 MB
4368,e4/b27f49,63274138_98,p19__vibrant_pratama (499),COMPLETED,0,2026-10-06 18:05:20.061,24m 53s,6m 54s,1.6%,185.3 MB,3.8 GB,447.3 MB,267.1 MB
2774,ac/d6f66e,63285109_0,p12__deepvirfinder_pratama (101),COMPLETED,0,2026-10-06 18:25:27.915,4m 46s,2m 28s,4.3%,193.1 MB,4.1 GB,476.5 MB,265 MB
2797,14/bebaf0,63285109_3,p12__deepvirfinder_pratama (104),COMPLETED,0,2026-10-06 18:25:27.915,4m 46s,2m 32s,4.0%,151.7 MB,3.7 GB,358.3 MB,265 MB
2815,c1/cfe8f6,63285109_10,p12__deepvirfinder_pratama (111),COMPLETED,0,2026-10-06 18:25:27.915,5m 6s,2m 46s,3.4%,176.8 MB,3.9 GB,491.1 MB,265 MB
3339,13/a9d647,63269995_41,p12__deepvirfinder_pratama (242),COMPLETED,0,2026-10-06 17:30:08.689,1h 55s,51m 14s,0.2%,188.3 MB,4 GB,438 MB,265.6 MB
2841,75/25b647,63285109_16,p12__deepvirfinder_pratama (117),COMPLETED,0,2026-10-06 18:25:27.915,5m 36s,3m 17s,2.7%,175.5 MB,3.9 GB,480.4 MB,265 MB
4143,50/cd372f,63274138_42,p19__vibrant_pratama (443),COMPLETED,0,2026-10-06 18:05:20.061,25m 53s,11m 31s,0.9%,190.6 MB,4 GB,448.4 MB,267.5 MB
2835,bd/0fa99e,63285109_15,p12__deepvirfinder_pratama (116),COMPLETED,0,2026-10-06 18:25:27.915,5m 46s,3m 28s,2.7%,176.7 MB,4 GB,465 MB,265 MB
2823,bf/6ae7cf,63285109_12,p12__deepvirfinder_pratama (113),COMPLETED,0,2026-10-06 18:25:27.915,5m 56s,3m 41s,2.5%,180 MB,4.1 GB,353.1 MB,265 MB
3402,f9/e7d985,63269995_57,p12__deepvirfinder_pratama (258),COMPLETED,0,2026-10-06 17:30:08.689,1h 1m 25s,51m 39s,0.2%,187.7 MB,3.9 GB,455.3 MB,265.7 MB
2845,a3/51da40,63285109_17,p12__deepvirfinder_pratama (118),COMPLETED,0,2026-10-06 18:25:27.915,6m 6s,3m 49s,2.4%,149.5 MB,4.1 GB,492.1 MB,265 MB
3478,1c/1d681d,63269995_75,p12__deepvirfinder_pratama (276),COMPLETED,0,2026-10-06 17:30:08.689,1h 1m 35s,51m 53s,0.2%,188.2 MB,4 GB,439.2 MB,265.3 MB
2806,eb/dda2cb,63285109_8,p12__deepvirfinder_pratama (109),COMPLETED,0,2026-10-06 18:25:27.915,6m 16s,3m 59s,2.4%,171.9 MB,4 GB,476 MB,265 MB
2809,1b/4dccd1,63285109_9,p12__deepvirfinder_pratama (110),COMPLETED,0,2026-10-06 18:25:27.915,6m 27s,4m 7s,2.3%,176.8 MB,3.8 GB,484.8 MB,265 MB
2699,bb/48c184,63261598_81,p20__virsorter2_pratama (82),COMPLETED,0,2026-10-06 16:38:58.548,1h 53m 35s,1h 40m 30s,0.1%,189.4 MB,4 GB,489.5 MB,314.6 MB
3700,8d/7b5088,63271784_31,p12__deepvirfinder_pratama (332),COMPLETED,0,2026-10-06 17:47:19.965,45m 23s,38m 15s,0.3%,186.1 MB,3.9 GB,452.5 MB,265.5 MB
2756,c3/d72f2d,63252905_95,p21__genomad_pratama (96),COMPLETED,0,2026-10-06 15:27:21.057,3h 6m 52s,2h 53m 15s,0.1%,190 MB,4 GB,219.1 MB,286.6 MB
3218,44/bca818,63269995_11,p12__deepvirfinder_pratama (212),COMPLETED,0,2026-10-06 17:30:08.689,1h 4m 25s,1h 2m 5s,0.2%,186.3 MB,3.8 GB,447.4 MB,267.6 MB
2980,01/94ba8c,63285109_51,p12__deepvirfinder_pratama (152),COMPLETED,0,2026-10-06 18:25:27.915,9m 26s,22.6s,28.9%,184.3 MB,4.1 GB,463.6 MB,265 MB
2864,0d/0ecf50,63285109_22,p12__deepvirfinder_pratama (123),COMPLETED,0,2026-10-06 18:25:27.915,9m 37s,29.5s,23.0%,177.1 MB,3.8 GB,472.4 MB,265 MB
3015,26/70a47b,63285109_60,p12__deepvirfinder_pratama (161),COMPLETED,0,2026-10-06 18:25:27.915,9m 37s,28.2s,23.2%,180.8 MB,4.1 GB,497.9 MB,265 MB
2969,bc/ee6b93,63285109_48,p12__deepvirfinder_pratama (149),COMPLETED,0,2026-10-06 18:25:27.915,10m 16s,1m 4s,8.6%,176.9 MB,3.9 GB,496.4 MB,265.1 MB
2972,4c/d53250,63285109_49,p12__deepvirfinder_pratama (150),COMPLETED,0,2026-10-06 18:25:27.915,10m 26s,1m 17s,7.5%,87.2 MB,3.6 GB,454.8 MB,265 MB
2996,40/6f0c20,63285109_55,p12__deepvirfinder_pratama (156),COMPLETED,0,2026-10-06 18:25:27.915,10m 56s,1m 54s,5.8%,188.7 MB,4 GB,487.4 MB,265 MB
2999,f5/868e23,63285109_56,p12__deepvirfinder_pratama (157),COMPLETED,0,2026-10-06 18:25:27.915,10m 56s,1m 51s,6.1%,178.7 MB,4 GB,490.8 MB,264.9 MB
2893,4c/491ec5,63285109_29,p12__deepvirfinder_pratama (130),COMPLETED,0,2026-10-06 18:25:27.915,11m 6s,2m,4.8%,176.7 MB,3.9 GB,462.2 MB,265.1 MB
4002,56/a97f61,63274138_7,p19__vibrant_pratama (408),COMPLETED,0,2026-10-06 18:05:20.061,31m 23s,20m 37s,0.5%,186.8 MB,3.8 GB,480.6 MB,277.3 MB
2858,70/9944e2,63285109_21,p12__deepvirfinder_pratama (122),COMPLETED,0,2026-10-06 18:25:27.915,11m 16s,2m 10s,4.3%,178.9 MB,4 GB,456 MB,265 MB
2945,75/a3d2d3,63285109_42,p12__deepvirfinder_pratama (143),COMPLETED,0,2026-10-06 18:25:27.915,11m 26s,2m 18s,4.2%,130.7 MB,3.7 GB,485.4 MB,265 MB
2905,f4/9cad4f,63285109_32,p12__deepvirfinder_pratama (133),COMPLETED,0,2026-10-06 18:25:27.915,11m 48s,2m 38s,4.0%,176.3 MB,3.9 GB,486.7 MB,265 MB
2880,b0/e2b605,63285109_26,p12__deepvirfinder_pratama (127),COMPLETED,0,2026-10-06 18:25:27.915,11m 56s,2m 49s,3.7%,128.2 MB,4.1 GB,357.8 MB,265 MB
2976,01/b95417,63285109_50,p12__deepvirfinder_pratama (151),COMPLETED,0,2026-10-06 18:25:27.915,11m 56s,2m 50s,3.3%,187 MB,4 GB,454.2 MB,265 MB
2983,62/75ed01,63285109_52,p12__deepvirfinder_pratama (153),COMPLETED,0,2026-10-06 18:25:27.915,11m 56s,2m 53s,3.3%,176.8 MB,3.9 GB,471 MB,264.9 MB
3010,6b/a4312d,63285109_59,p12__deepvirfinder_pratama (160),COMPLETED,0,2026-10-06 18:25:27.915,11m 56s,2m 50s,3.9%,188.3 MB,4 GB,495.2 MB,265 MB
2925,b8/8e870e,63285109_37,p12__deepvirfinder_pratama (138),COMPLETED,0,2026-10-06 18:25:27.915,12m 16s,3m 9s,3.0%,176.5 MB,3.8 GB,395 MB,265.1 MB
2868,df/6279b1,63285109_23,p12__deepvirfinder_pratama (124),COMPLETED,0,2026-10-06 18:25:27.915,12m 36s,3m 24s,2.7%,42.6 MB,2.5 GB,488.1 MB,265 MB
2908,9e/2ef704,63285109_33,p12__deepvirfinder_pratama (134),COMPLETED,0,2026-10-06 18:25:27.915,12m 36s,3m 29s,3.0%,180.2 MB,4.1 GB,491.6 MB,265 MB
2888,f9/05c3a9,63285109_28,p12__deepvirfinder_pratama (129),COMPLETED,0,2026-10-06 18:25:27.915,12m 56s,3m 48s,2.6%,174.8 MB,4 GB,452.1 MB,265 MB
3103,25/dbc2d5,63285109_82,p12__deepvirfinder_pratama (183),COMPLETED,0,2026-10-06 18:25:27.915,12m 56s,8.3s,68.9%,191.8 MB,4.2 GB,476.9 MB,265 MB
3003,61/ef21ed,63285109_57,p12__deepvirfinder_pratama (158),COMPLETED,0,2026-10-06 18:25:27.915,13m 6s,4m 2s,2.4%,177.6 MB,3.9 GB,493.7 MB,265 MB
2912,c6/0cfcfd,63285109_34,p12__deepvirfinder_pratama (135),COMPLETED,0,2026-10-06 18:25:27.915,13m 16s,4m 13s,2.2%,183 MB,4.1 GB,495.9 MB,265 MB
2961,6a/8b05f6,63285109_46,p12__deepvirfinder_pratama (147),COMPLETED,0,2026-10-06 18:25:27.915,13m 16s,4m 12s,2.0%,122.4 MB,3.9 GB,458.6 MB,265 MB
3034,ec/43795b,63285109_65,p12__deepvirfinder_pratama (166),COMPLETED,0,2026-10-06 18:25:27.915,13m 16s,21.1s,25.8%,129.9 MB,3.9 GB,470.2 MB,264.9 MB
2872,78/bb077f,63285109_24,p12__deepvirfinder_pratama (125),COMPLETED,0,2026-10-06 18:25:27.915,13m 26s,4m 14s,2.5%,179.3 MB,4 GB,399.1 MB,265 MB
2947,89/a8d718,63285109_43,p12__deepvirfinder_pratama (144),COMPLETED,0,2026-10-06 18:25:27.915,13m 26s,4m 15s,2.3%,114.1 MB,3.9 GB,460.6 MB,265 MB
2991,53/6583f1,63285109_54,p12__deepvirfinder_pratama (155),COMPLETED,0,2026-10-06 18:25:27.915,13m 26s,4m 23s,2.4%,186.8 MB,3.9 GB,482.6 MB,265 MB
3171,c4/691790,63285109_99,p12__deepvirfinder_pratama (200),COMPLETED,0,2026-10-06 18:25:27.915,13m 26s,29.8s,21.1%,180.8 MB,4.1 GB,382.7 MB,265 MB
2937,b7/a42f29,63285109_40,p12__deepvirfinder_pratama (141),COMPLETED,0,2026-10-06 18:25:27.915,13m 36s,4m 28s,2.2%,179.3 MB,4 GB,453.9 MB,265 MB
3048,5f/20e53d,63285109_68,p12__deepvirfinder_pratama (169),COMPLETED,0,2026-10-06 18:25:27.915,13m 36s,44.6s,13.5%,178.5 MB,3.9 GB,487.6 MB,265 MB
3127,3f/1a37ec,63285109_88,p12__deepvirfinder_pratama (189),COMPLETED,0,2026-10-06 18:25:27.915,13m 36s,46.7s,12.0%,126.3 MB,3.8 GB,465.3 MB,265 MB
3167,07/8c27ca,63285109_98,p12__deepvirfinder_pratama (199),COMPLETED,0,2026-10-06 18:25:27.915,13m 36s,41s,15.4%,169.8 MB,4 GB,488.7 MB,265 MB
2896,4c/3e1a32,63285109_30,p12__deepvirfinder_pratama (131),COMPLETED,0,2026-10-06 18:25:27.915,13m 56s,4m 53s,2.2%,179.4 MB,4.1 GB,471.5 MB,265 MB
2900,db/4f4747,63285109_31,p12__deepvirfinder_pratama (132),COMPLETED,0,2026-10-06 18:25:27.915,13m 56s,4m 45s,2.3%,178.7 MB,3.8 GB,479.9 MB,265 MB
2940,e8/5f4ba1,63285109_41,p12__deepvirfinder_pratama (142),COMPLETED,0,2026-10-06 18:25:27.915,14m 6s,5m 1s,1.8%,154.7 MB,3.9 GB,469.5 MB,265 MB
2987,5d/83c0b3,63285109_53,p12__deepvirfinder_pratama (154),COMPLETED,0,2026-10-06 18:25:27.915,14m 6s,5m 2s,2.1%,189.3 MB,4.1 GB,476.9 MB,265 MB
3089,9e/e9aa1a,63285109_78,p12__deepvirfinder_pratama (179),COMPLETED,0,2026-10-06 18:25:27.915,14m 16s,1m 23s,7.1%,186.2 MB,3.9 GB,494.9 MB,265 MB
3111,c7/01ec2c,63285109_84,p12__deepvirfinder_pratama (185),COMPLETED,0,2026-10-06 18:25:27.915,14m 16s,1m 28s,6.1%,187.4 MB,4 GB,204.8 MB,265 MB
3139,7d/b9a0af,63285109_91,p12__deepvirfinder_pratama (192),COMPLETED,0,2026-10-06 18:25:27.915,14m 47s,1m 52s,5.2%,77.1 MB,3.6 GB,490.4 MB,265 MB
2564,b1/ed2d98,63252905_47,p21__genomad_pratama (48),COMPLETED,0,2026-10-06 15:27:21.057,3h 13m 12s,3h 3m 3s,0.1%,188.7 MB,4 GB,205.3 MB,273.3 MB
3038,88/18d608,63285109_66,p12__deepvirfinder_pratama (167),COMPLETED,0,2026-10-06 18:25:27.915,15m 36s,2m 41s,3.3%,175.9 MB,3.9 GB,476.5 MB,265 MB
3020,98/13c163,63285109_61,p12__deepvirfinder_pratama (162),COMPLETED,0,2026-10-06 18:25:27.915,15m 48s,3m,3.1%,179.6 MB,3.9 GB,205.2 MB,265 MB
3044,df/c2945e,63285109_67,p12__deepvirfinder_pratama (168),COMPLETED,0,2026-10-06 18:25:27.915,15m 48s,3m,3.4%,183.9 MB,4 GB,482.8 MB,265 MB
3079,55/6a83d4,63285109_76,p12__deepvirfinder_pratama (177),COMPLETED,0,2026-10-06 18:25:27.915,15m 48s,3m,3.3%,179.1 MB,4 GB,479.4 MB,265 MB
3107,31/d4b91f,63285109_83,p12__deepvirfinder_pratama (184),COMPLETED,0,2026-10-06 18:25:27.915,15m 56s,3m 6s,3.1%,179.6 MB,4.1 GB,495 MB,265 MB
3143,ce/75a750,63285109_92,p12__deepvirfinder_pratama (193),COMPLETED,0,2026-10-06 18:25:27.915,15m 56s,3m 6s,3.3%,179.1 MB,4 GB,494.9 MB,265 MB
3077,a6/40dfd6,63285109_75,p12__deepvirfinder_pratama (176),COMPLETED,0,2026-10-06 18:25:27.915,16m 6s,3m 16s,2.7%,186 MB,3.9 GB,465.2 MB,264.9 MB
3029,b2/086f35,63285109_63,p12__deepvirfinder_pratama (164),COMPLETED,0,2026-10-06 18:25:27.915,16m 16s,3m 28s,3.1%,179.5 MB,4.1 GB,454.7 MB,265 MB
3586,5c/3f29f4,63271784_3,p12__deepvirfinder_pratama (304),COMPLETED,0,2026-10-06 17:47:19.965,54m 43s,47m 38s,0.2%,189.2 MB,3.9 GB,438.2 MB,267.2 MB
3099,17/9fa7ad,63285109_81,p12__deepvirfinder_pratama (182),COMPLETED,0,2026-10-06 18:25:27.915,16m 36s,3m 47s,2.6%,176.6 MB,3.9 GB,456.1 MB,265 MB
3159,8f/9d0405,63285109_96,p12__deepvirfinder_pratama (197),COMPLETED,0,2026-10-06 18:25:27.915,16m 36s,3m 46s,2.9%,125.8 MB,4 GB,457 MB,265 MB
3091,2d/be6db0,63285109_79,p12__deepvirfinder_pratama (180),COMPLETED,0,2026-10-06 18:25:27.915,16m 46s,3m 50s,2.4%,185.9 MB,3.8 GB,339.9 MB,265 MB
3531,ff/bc023d,63269995_89,p12__deepvirfinder_pratama (290),COMPLETED,0,2026-10-06 17:30:08.689,1h 12m 15s,58m 43s,0.2%,190.2 MB,4 GB,439.6 MB,265.3 MB
3051,51/f4ae56,63285109_69,p12__deepvirfinder_pratama (170),COMPLETED,0,2026-10-06 18:25:27.915,16m 56s,4m 4s,2.6%,173.1 MB,4.1 GB,491.6 MB,265 MB
3030,a0/fc067a,63285109_64,p12__deepvirfinder_pratama (165),COMPLETED,0,2026-10-06 18:25:27.915,17m 6s,4m 12s,2.3%,154.6 MB,3.9 GB,462.8 MB,265 MB
3062,2e/5210bd,63285109_72,p12__deepvirfinder_pratama (173),COMPLETED,0,2026-10-06 18:25:27.915,17m 6s,4m 13s,2.4%,188.2 MB,3.9 GB,407.6 MB,264.4 MB
3293,1e/eeea9e,63265158_29,p20__virsorter2_pratama (230),COMPLETED,0,2026-10-06 16:56:39.008,1h 46m 4s,1h 36m 1s,0.1%,190.6 MB,4.1 GB,484.7 MB,312.1 MB
3394,b1/7e12a1,63269995_55,p12__deepvirfinder_pratama (256),COMPLETED,0,2026-10-06 17:30:08.689,1h 12m 45s,1h 2m 58s,0.2%,189.6 MB,4 GB,439.2 MB,265.5 MB
3084,39/e1979a,63285109_77,p12__deepvirfinder_pratama (178),COMPLETED,0,2026-10-06 18:25:27.915,17m 26s,4m 36s,2.1%,176.6 MB,3.9 GB,489 MB,265 MB
3131,e7/de498f,63285109_89,p12__deepvirfinder_pratama (190),COMPLETED,0,2026-10-06 18:25:27.915,17m 36s,4m 45s,2.1%,175.2 MB,3.8 GB,475.1 MB,265 MB
3135,42/9ff32b,63285109_90,p12__deepvirfinder_pratama (191),COMPLETED,0,2026-10-06 18:25:27.915,17m 36s,4m 41s,2.3%,187 MB,4 GB,483.9 MB,265 MB
3147,4e/57b305,63285109_93,p12__deepvirfinder_pratama (194),COMPLETED,0,2026-10-06 18:25:27.915,17m 36s,4m 41s,2.2%,137.5 MB,4.1 GB,419.6 MB,265 MB
3163,75/ea9d16,63285109_97,p12__deepvirfinder_pratama (198),COMPLETED,0,2026-10-06 18:25:27.915,17m 46s,4m 51s,1.9%,176.4 MB,3.9 GB,473 MB,264.7 MB
3123,86/ab83c5,63285109_87,p12__deepvirfinder_pratama (188),COMPLETED,0,2026-10-06 18:25:27.915,17m 56s,5m 7s,1.9%,186.1 MB,3.8 GB,454.3 MB,264.9 MB
2621,48/dbc462,63261598_61,p20__virsorter2_pratama (62),COMPLETED,0,2026-10-06 16:38:58.548,2h 7m 35s,1h 54m 27s,0.1%,188.8 MB,4 GB,468 MB,298.6 MB
3532,a2/b8f69e,63265158_89,p20__virsorter2_pratama (290),COMPLETED,0,2026-10-06 16:56:39.008,1h 50m 24s,1h 36m 39s,0.1%,188.6 MB,4 GB,436.5 MB,268.7 MB
2689,ed/91ee20,63252905_79,p21__genomad_pratama (80),COMPLETED,0,2026-10-06 15:27:21.057,3h 20m 12s,3h 10m 8s,0.1%,188.4 MB,4 GB,216.3 MB,283.9 MB
3673,8e/b20b4c,63271784_24,p12__deepvirfinder_pratama (325),COMPLETED,0,2026-10-06 17:47:19.965,1h 33s,53m 26s,0.2%,185.5 MB,3.8 GB,436.9 MB,265.2 MB
2919,6a/3dc69a,63285109_36,p12__deepvirfinder_pratama (137),COMPLETED,0,2026-10-06 18:25:27.915,23m 16s,14m 13s,0.7%,187.2 MB,4 GB,464.5 MB,265.4 MB
2516,e4/24d339,63296750_35,p19__vibrant_pratama (36),COMPLETED,0,2026-10-06 18:42:58.355,6m 55s,21.6s,24.9%,187.7 MB,3.8 GB,464.1 MB,264.9 MB
2432,7f/fb167c,63296750_14,p19__vibrant_pratama (15),COMPLETED,0,2026-10-06 18:42:58.355,7m 25s,50.3s,10.2%,176.8 MB,3.8 GB,371.4 MB,265 MB
2520,0c/658155,63296750_36,p19__vibrant_pratama (37),COMPLETED,0,2026-10-06 18:42:58.355,7m 25s,52.7s,11.7%,187.8 MB,4.1 GB,482 MB,265 MB
2424,9d/5ef4ed,63296750_12,p19__vibrant_pratama (13),COMPLETED,0,2026-10-06 18:42:58.355,7m 39s,59.3s,9.8%,178.3 MB,3.9 GB,486.3 MB,265 MB
2457,ee/840619,63296750_20,p19__vibrant_pratama (21),COMPLETED,0,2026-10-06 18:42:58.355,7m 39s,58.2s,9.9%,180.4 MB,4 GB,464.6 MB,265 MB
2524,1b/d99397,63296750_37,p19__vibrant_pratama (38),COMPLETED,0,2026-10-06 18:42:58.355,7m 39s,1m 3s,10.7%,184.6 MB,4 GB,497.7 MB,265 MB
2957,74/94ab5c,63285109_45,p12__deepvirfinder_pratama (146),COMPLETED,0,2026-10-06 18:25:27.915,25m 26s,16m 17s,0.6%,188.7 MB,4 GB,462.1 MB,265.7 MB
2389,00/cd0432,63296750_3,p19__vibrant_pratama (4),COMPLETED,0,2026-10-06 18:42:58.355,7m 55s,1m 20s,7.6%,177.3 MB,3.8 GB,479.8 MB,265 MB
2393,ed/270b4c,63296750_4,p19__vibrant_pratama (5),COMPLETED,0,2026-10-06 18:42:58.355,8m 5s,1m 29s,8.3%,189 MB,4 GB,493.4 MB,265 MB
2474,1e/7240a3,63296750_25,p19__vibrant_pratama (26),COMPLETED,0,2026-10-06 18:42:58.355,8m 25s,1m 53s,5.3%,166.3 MB,3.9 GB,462.3 MB,265 MB
2460,a5/fb5b09,63296750_21,p19__vibrant_pratama (22),COMPLETED,0,2026-10-06 18:42:58.355,8m 35s,2m 3s,4.7%,189.3 MB,4 GB,481.2 MB,265 MB
2500,8c/ef94f1,63296750_31,p19__vibrant_pratama (32),COMPLETED,0,2026-10-06 18:42:58.355,8m 38s,1m 59s,5.0%,179.9 MB,4.1 GB,484.3 MB,265 MB
2444,18/2e8384,63296750_17,p19__vibrant_pratama (18),COMPLETED,0,2026-10-06 18:42:58.355,8m 45s,2m 10s,3.9%,177.4 MB,3.8 GB,438 MB,265 MB
2482,cd/9d205f,63296750_27,p19__vibrant_pratama (28),COMPLETED,0,2026-10-06 18:42:58.355,9m 5s,2m 34s,4.0%,77.3 MB,3.6 GB,388.9 MB,265 MB
2428,c1/bcc93b,63296750_13,p19__vibrant_pratama (14),COMPLETED,0,2026-10-06 18:42:58.355,9m 15s,2m 44s,3.4%,186.6 MB,3.9 GB,493.7 MB,265 MB
2421,f8/41c1d7,63296750_11,p19__vibrant_pratama (12),COMPLETED,0,2026-10-06 18:42:58.355,9m 25s,2m 49s,3.9%,87.1 MB,3.5 GB,477.3 MB,265 MB
2527,d3/be9a90,63296750_38,p19__vibrant_pratama (39),COMPLETED,0,2026-10-06 18:42:58.355,9m 25s,2m 50s,3.3%,145.2 MB,3.9 GB,200.1 MB,265 MB
2381,32/bfcabe,63296750_1,p19__vibrant_pratama (2),COMPLETED,0,2026-10-06 18:42:58.355,10m 5s,3m 26s,3.2%,190.7 MB,4.2 GB,449.6 MB,266.4 MB
2478,77/285adf,63296750_26,p19__vibrant_pratama (27),COMPLETED,0,2026-10-06 18:42:58.355,10m 15s,3m 40s,2.9%,102.3 MB,3.9 GB,484.4 MB,265 MB
2492,37/0268fe,63296750_29,p19__vibrant_pratama (30),COMPLETED,0,2026-10-06 18:42:58.355,10m 15s,3m 42s,2.9%,186.2 MB,3.8 GB,449.9 MB,266.1 MB
2412,17/9d2cb0,63296750_9,p19__vibrant_pratama (10),COMPLETED,0,2026-10-06 18:42:58.355,10m 25s,3m 47s,2.7%,186.6 MB,3.8 GB,458.3 MB,265.1 MB
2385,21/ec055f,63296750_2,p19__vibrant_pratama (3),COMPLETED,0,2026-10-06 18:42:58.355,10m 35s,4m 2s,2.6%,179.1 MB,4.1 GB,462.5 MB,265 MB
2408,f6/db2871,63296750_8,p19__vibrant_pratama (9),COMPLETED,0,2026-10-06 18:42:58.355,10m 35s,4m 4s,2.3%,186 MB,3.9 GB,450 MB,265.4 MB
2417,29/e3e6b3,63296750_10,p19__vibrant_pratama (11),COMPLETED,0,2026-10-06 18:42:58.355,10m 35s,4m 6s,2.6%,177.4 MB,3.9 GB,468 MB,265 MB
2592,cd/e0ccbe,63296750_54,p19__vibrant_pratama (55),COMPLETED,0,2026-10-06 18:42:58.355,10m 35s,8.4s,61.2%,175.9 MB,3.9 GB,217.5 MB,265 MB
2611,a3/bf9e13,63296750_59,p19__vibrant_pratama (60),COMPLETED,0,2026-10-06 18:42:58.355,10m 35s,8.8s,72.9%,188.1 MB,4.2 GB,488.8 MB,265 MB
2466,9a/b9d21a,63296750_22,p19__vibrant_pratama (23),COMPLETED,0,2026-10-06 18:42:58.355,10m 47s,4m 12s,2.3%,178.7 MB,4 GB,493.1 MB,265 MB
2512,10/a8d2a9,63296750_34,p19__vibrant_pratama (35),COMPLETED,0,2026-10-06 18:42:58.355,10m 47s,4m 6s,2.4%,188.5 MB,3.9 GB,449.8 MB,266.2 MB
2560,fe/6a0bdb,63296750_46,p19__vibrant_pratama (47),COMPLETED,0,2026-10-06 18:42:58.355,11m 5s,43.6s,14.5%,180.1 MB,4.1 GB,481 MB,265 MB
2582,cb/b2e0e9,63296750_52,p19__vibrant_pratama (53),COMPLETED,0,2026-10-06 18:42:58.355,11m 5s,40.8s,14.4%,168.2 MB,3.9 GB,483.3 MB,265 MB
2468,0d/c9aabd,63296750_23,p19__vibrant_pratama (24),COMPLETED,0,2026-10-06 18:42:58.355,11m 15s,4m 42s,1.9%,189.6 MB,4 GB,265.3 MB,265 MB
2495,4d/eac0bb,63296750_30,p19__vibrant_pratama (31),COMPLETED,0,2026-10-06 18:42:58.355,11m 15s,4m 42s,2.1%,81 MB,3.6 GB,465.5 MB,265 MB
2504,21/a95463,63296750_32,p19__vibrant_pratama (33),COMPLETED,0,2026-10-06 18:42:58.355,11m 15s,4m 36s,2.1%,189.1 MB,4 GB,448.6 MB,265 MB
2680,90/ca9eb6,63296750_76,p19__vibrant_pratama (77),COMPLETED,0,2026-10-06 18:42:58.355,11m 15s,48.5s,12.0%,175.5 MB,3.8 GB,474.9 MB,265 MB
3059,f6/62ca8e,63285109_71,p12__deepvirfinder_pratama (172),COMPLETED,0,2026-10-06 18:25:27.915,28m 56s,16m 6s,0.7%,186.4 MB,3.9 GB,463.9 MB,265.5 MB
2616,67/9a107b,63296750_60,p19__vibrant_pratama (61),COMPLETED,0,2026-10-06 18:42:58.355,11m 25s,1m,10.4%,179.4 MB,4.1 GB,464.2 MB,265 MB
2626,36/c514ed,63296750_63,p19__vibrant_pratama (64),COMPLETED,0,2026-10-06 18:42:58.355,11m 25s,1m 2s,9.4%,148.6 MB,4 GB,489.8 MB,265 MB
3919,56/c0f18e,63271784_86,p12__deepvirfinder_pratama (387),COMPLETED,0,2026-10-06 17:47:19.965,1h 7m 13s,52m 50s,0.2%,188.4 MB,4.2 GB,456.3 MB,267.1 MB
2645,09/3865b3,63296750_67,p19__vibrant_pratama (68),COMPLETED,0,2026-10-06 18:42:58.355,11m 35s,1m 10s,9.0%,179.6 MB,4.1 GB,453.3 MB,265 MB
2397,bb/ed577f,63296750_5,p19__vibrant_pratama (6),COMPLETED,0,2026-10-06 18:42:58.355,11m 47s,5m 7s,2.1%,174.5 MB,3.9 GB,260.7 MB,265 MB
2688,99/e928b7,63296750_78,p19__vibrant_pratama (79),COMPLETED,0,2026-10-06 18:42:58.355,11m 47s,1m 24s,7.8%,181.3 MB,4.1 GB,490.1 MB,265 MB
2586,59/dcc258,63296750_53,p19__vibrant_pratama (54),COMPLETED,0,2026-10-06 18:42:58.355,12m 5s,1m 40s,5.8%,177.8 MB,3.9 GB,495 MB,265 MB
2622,2a/5c44e3,63296750_62,p19__vibrant_pratama (63),COMPLETED,0,2026-10-06 18:42:58.355,12m 25s,1m 59s,5.2%,187.8 MB,4 GB,460.5 MB,265.2 MB
2452,03/eb140e,63296750_19,p19__vibrant_pratama (20),COMPLETED,0,2026-10-06 18:42:58.355,12m 47s,6m 6s,1.6%,189.7 MB,4 GB,459.9 MB,269.5 MB
2377,00/ed8bfa,63261598_0,p20__virsorter2_pratama (1),COMPLETED,0,2026-10-06 16:38:58.548,2h 16m 55s,2h 14m 42s,0.1%,190.9 MB,4.2 GB,442.7 MB,275 MB
2605,51/962a4c,63296750_57,p19__vibrant_pratama (58),COMPLETED,0,2026-10-06 18:42:58.355,12m 55s,2m 26s,3.9%,179.7 MB,4 GB,461.1 MB,265 MB
2440,94/8496ce,63296750_16,p19__vibrant_pratama (17),COMPLETED,0,2026-10-06 18:42:58.355,13m 25s,6m 46s,1.5%,187.3 MB,3.9 GB,461.2 MB,266.4 MB
2608,b0/c38728,63296750_58,p19__vibrant_pratama (59),COMPLETED,0,2026-10-06 18:42:58.355,13m 25s,2m 56s,3.1%,175.9 MB,3.8 GB,476.2 MB,265 MB
2542,76/ae8ccd,63296750_42,p19__vibrant_pratama (43),COMPLETED,0,2026-10-06 18:42:58.355,13m 35s,3m 13s,3.4%,187.4 MB,3.9 GB,449.6 MB,265.3 MB
2660,ac/c7b239,63296750_71,p19__vibrant_pratama (72),COMPLETED,0,2026-10-06 18:42:58.355,13m 47s,3m 20s,3.1%,117.5 MB,3.9 GB,433.6 MB,265 MB
2566,a3/e1f697,63296750_48,p19__vibrant_pratama (49),COMPLETED,0,2026-10-06 18:42:58.355,13m 55s,3m 33s,2.9%,179.5 MB,3.9 GB,493.9 MB,265 MB
2649,c0/057409,63296750_68,p19__vibrant_pratama (69),COMPLETED,0,2026-10-06 18:42:58.355,13m 55s,3m 32s,3.1%,179.5 MB,3.9 GB,467 MB,265 MB
2676,8a/14a6b2,63296750_75,p19__vibrant_pratama (76),COMPLETED,0,2026-10-06 18:42:58.355,14m 5s,3m 37s,2.9%,183.6 MB,3.9 GB,465.4 MB,265 MB
2631,94/191cfd,63296750_64,p19__vibrant_pratama (65),COMPLETED,0,2026-10-06 18:42:58.355,14m 15s,3m 46s,2.5%,185.9 MB,3.9 GB,201.8 MB,265.1 MB
2692,f8/87c4dd,63296750_79,p19__vibrant_pratama (80),COMPLETED,0,2026-10-06 18:42:58.355,14m 15s,3m 47s,2.6%,188.3 MB,3.9 GB,494.5 MB,264.7 MB
2579,a6/27676b,63296750_51,p19__vibrant_pratama (52),COMPLETED,0,2026-10-06 18:42:58.355,14m 25s,3m 59s,2.5%,180.7 MB,4 GB,466.5 MB,265 MB
2656,88/9115a4,63296750_70,p19__vibrant_pratama (71),COMPLETED,0,2026-10-06 18:42:58.355,14m 25s,3m 58s,2.5%,185.4 MB,3.9 GB,490.8 MB,265 MB
2554,02/384154,63296750_45,p19__vibrant_pratama (46),COMPLETED,0,2026-10-06 18:42:58.355,14m 45s,4m 17s,2.5%,187.6 MB,3.9 GB,473.3 MB,265 MB
2550,8d/3b311f,63296750_44,p19__vibrant_pratama (45),COMPLETED,0,2026-10-06 18:42:58.355,14m 55s,4m 27s,2.3%,181.3 MB,4.1 GB,465.5 MB,265 MB
2565,97/e3c03f,63296750_47,p19__vibrant_pratama (48),COMPLETED,0,2026-10-06 18:42:58.355,14m 55s,4m 30s,2.5%,168.1 MB,3.9 GB,488.2 MB,265.1 MB
2732,c6/dbee6d,63296750_89,p19__vibrant_pratama (90),COMPLETED,0,2026-10-06 18:42:58.355,15m 5s,45.8s,15.0%,177.9 MB,4.1 GB,464.2 MB,265 MB
2652,20/aafa36,63296750_69,p19__vibrant_pratama (70),COMPLETED,0,2026-10-06 18:42:58.355,15m 15s,4m 51s,2.1%,178 MB,3.8 GB,480.2 MB,265 MB
2684,85/cda2d9,63296750_77,p19__vibrant_pratama (78),COMPLETED,0,2026-10-06 18:42:58.355,15m 15s,4m 53s,2.2%,181.7 MB,4.1 GB,483.6 MB,265 MB
2534,53/79e2b7,63296750_40,p19__vibrant_pratama (41),COMPLETED,0,2026-10-06 18:42:58.355,15m 25s,4m 59s,2.0%,180 MB,3.9 GB,431.2 MB,265 MB
2576,7c/9b9f44,63296750_50,p19__vibrant_pratama (51),COMPLETED,0,2026-10-06 18:42:58.355,15m 25s,4m 58s,2.0%,190.2 MB,4 GB,461.8 MB,269.8 MB
2672,65/fd0311,63296750_74,p19__vibrant_pratama (75),COMPLETED,0,2026-10-06 18:42:58.355,15m 25s,4m 54s,2.2%,176.1 MB,3.9 GB,454.7 MB,264.9 MB
2546,04/b06188,63296750_43,p19__vibrant_pratama (44),COMPLETED,0,2026-10-06 18:42:58.355,15m 35s,5m 5s,2.0%,186.4 MB,3.8 GB,457.3 MB,265 MB
2726,00/c41c68,63296750_88,p19__vibrant_pratama (89),COMPLETED,0,2026-10-06 18:42:58.355,15m 35s,1m 16s,7.1%,178.9 MB,3.9 GB,455.1 MB,265 MB
2705,f5/57f78e,63296750_82,p19__vibrant_pratama (83),COMPLETED,0,2026-10-06 18:42:58.355,15m 57s,1m 37s,6.3%,84.8 MB,3.6 GB,478.8 MB,265 MB
2757,8a/c00b61,63296750_95,p19__vibrant_pratama (96),COMPLETED,0,2026-10-06 18:42:58.355,15m 57s,1m 29s,6.3%,178.5 MB,4.1 GB,492.9 MB,265 MB
3773,1c/694d35,63271784_49,p12__deepvirfinder_pratama (350),COMPLETED,0,2026-10-06 17:47:19.965,1h 11m 43s,1h 51s,0.2%,186.9 MB,3.9 GB,438.9 MB,267.1 MB
2745,67/ef93d8,63296750_92,p19__vibrant_pratama (93),COMPLETED,0,2026-10-06 18:42:58.355,16m 5s,1m 48s,6.0%,151.6 MB,3.9 GB,482.2 MB,265 MB
2736,60/1e44bf,63296750_90,p19__vibrant_pratama (91),COMPLETED,0,2026-10-06 18:42:58.355,16m 25s,2m 4s,4.8%,178.3 MB,3.9 GB,471.3 MB,265 MB
2600,71/ff8af4,63296750_56,p19__vibrant_pratama (57),COMPLETED,0,2026-10-06 18:42:58.355,16m 35s,6m 8s,1.6%,188.8 MB,4 GB,448.4 MB,265.9 MB
2709,ed/dfe515,63296750_83,p19__vibrant_pratama (84),COMPLETED,0,2026-10-06 18:42:58.355,16m 57s,2m 29s,3.7%,187 MB,3.9 GB,250.6 MB,265 MB
2714,88/12bd5b,63296750_85,p19__vibrant_pratama (86),COMPLETED,0,2026-10-06 18:42:58.355,16m 57s,2m 32s,3.9%,176.2 MB,3.8 GB,495.6 MB,265 MB
2769,66/8ab967,63296750_98,p19__vibrant_pratama (99),COMPLETED,0,2026-10-06 18:42:58.355,17m 35s,3m 18s,3.0%,178.8 MB,4 GB,452.7 MB,265 MB
2696,30/dce2b9,63296750_80,p19__vibrant_pratama (81),COMPLETED,0,2026-10-06 18:42:58.355,17m 45s,3m 20s,3.2%,80 MB,3.6 GB,445.9 MB,265 MB
2749,97/a7bbab,63296750_93,p19__vibrant_pratama (94),COMPLETED,0,2026-10-06 18:42:58.355,18m 15s,3m 55s,2.6%,178.5 MB,4 GB,486.9 MB,265 MB
2753,47/a4765e,63296750_94,p19__vibrant_pratama (95),COMPLETED,0,2026-10-06 18:42:58.355,18m 15s,3m 57s,2.6%,167.9 MB,3.9 GB,490.3 MB,265 MB
2722,cf/974ae8,63296750_87,p19__vibrant_pratama (88),COMPLETED,0,2026-10-06 18:42:58.355,18m 35s,4m 9s,2.3%,176.3 MB,3.9 GB,323.4 MB,265 MB
2718,58/3c3165,63296750_86,p19__vibrant_pratama (87),COMPLETED,0,2026-10-06 18:42:58.355,18m 45s,4m 20s,2.1%,179.6 MB,3.9 GB,497.3 MB,265 MB
2773,09/12b096,63296750_99,p19__vibrant_pratama (100),COMPLETED,0,2026-10-06 18:42:58.355,18m 57s,4m 37s,2.1%,142.8 MB,3.9 GB,464.9 MB,265 MB
2573,be/b22ac0,63261598_49,p20__virsorter2_pratama (50),COMPLETED,0,2026-10-06 16:38:58.548,2h 23m 5s,2h 13m 29s,0.1%,189 MB,3.9 GB,512.1 MB,342.5 MB
2741,09/eb1b56,63296750_91,p19__vibrant_pratama (92),COMPLETED,0,2026-10-06 18:42:58.355,19m 25s,5m 8s,2.2%,176.1 MB,3.9 GB,476.7 MB,265 MB
2487,f4/3bce3a,63261598_28,p20__virsorter2_pratama (29),COMPLETED,0,2026-10-06 16:38:58.548,2h 24m 5s,2h 21m 51s,0.1%,186.9 MB,3.8 GB,440.3 MB,272.6 MB
3812,04/0286b4,63271784_59,p12__deepvirfinder_pratama (360),COMPLETED,0,2026-10-06 17:47:19.965,1h 15m 53s,1h 5m 1s,0.2%,188.8 MB,4 GB,438.9 MB,265.4 MB
3917,a6/9495ed,63271784_85,p12__deepvirfinder_pratama (386),COMPLETED,0,2026-10-06 17:47:19.965,1h 16m 33s,1h 2m 4s,0.2%,190.9 MB,4 GB,440.5 MB,267 MB
4065,c6/33bf57,63274138_23,p19__vibrant_pratama (424),COMPLETED,0,2026-10-06 18:05:20.061,1h 23s,49m 41s,0.2%,185.5 MB,3.8 GB,454.3 MB,268.3 MB
2668,0e/cf85a7,63296750_73,p19__vibrant_pratama (74),COMPLETED,0,2026-10-06 18:42:58.355,23m 25s,13m 2s,0.8%,190.8 MB,4 GB,474.7 MB,275.4 MB
2538,94/d2b55b,63296750_41,p19__vibrant_pratama (42),COMPLETED,0,2026-10-06 18:42:58.355,24m 5s,13m 44s,0.7%,189.3 MB,3.9 GB,470.5 MB,274.3 MB
3590,b5/f723a9,63271784_4,p12__deepvirfinder_pratama (305),COMPLETED,0,2026-10-06 17:47:19.965,1h 20m 43s,1h 13m 31s,0.2%,185.7 MB,3.8 GB,457.3 MB,268.9 MB
3943,18/b14cce,63271784_92,p12__deepvirfinder_pratama (393),COMPLETED,0,2026-10-06 17:47:19.965,1h 20m 56s,1h 6m 27s,0.2%,189 MB,3.9 GB,451.1 MB,266 MB
3825,26/b5158d,63271784_62,p12__deepvirfinder_pratama (363),COMPLETED,0,2026-10-06 17:47:19.965,1h 21m 13s,1h 10m 23s,0.2%,188.7 MB,4.2 GB,455.5 MB,265.6 MB
3610,2a/fa9362,63271784_9,p12__deepvirfinder_pratama (310),COMPLETED,0,2026-10-06 17:47:19.965,1h 21m 33s,1h 14m 24s,0.2%,187.3 MB,3.8 GB,451.6 MB,266.2 MB
3397,f3/ddf05b,63265158_55,p20__virsorter2_pratama (256),COMPLETED,0,2026-10-06 16:56:39.008,2h 13m 4s,2h 3m 2s,0.1%,189.8 MB,4.2 GB,439 MB,271.5 MB
3729,9e/933b15,63271784_38,p12__deepvirfinder_pratama (339),COMPLETED,0,2026-10-06 17:47:19.965,1h 22m 43s,1h 15m 32s,0.2%,186 MB,4 GB,443.7 MB,265.7 MB
4120,31/c2d060,63274138_36,p19__vibrant_pratama (437),COMPLETED,0,2026-10-06 18:05:20.061,1h 5m 33s,54m 55s,0.2%,185.1 MB,3.8 GB,455.9 MB,268.5 MB
2850,2b/13bd1e,63285109_19,p12__deepvirfinder_pratama (120),COMPLETED,0,2026-10-06 18:25:27.915,45m 57s,43m 38s,0.2%,186.4 MB,3.9 GB,434.6 MB,265.8 MB
2640,f5/bb4a36,63296750_66,p19__vibrant_pratama (67),COMPLETED,0,2026-10-06 18:42:58.355,29m 39s,19m 11s,0.5%,190.8 MB,4.1 GB,464.6 MB,271.8 MB
3292,81/29f976,63269995_29,p12__deepvirfinder_pratama (230),COMPLETED,0,2026-10-06 17:30:08.689,1h 42m 55s,1h 40m 28s,0.1%,189.5 MB,4.1 GB,452.4 MB,271.7 MB
2404,3b/ac82cd,63296750_7,p19__vibrant_pratama (8),COMPLETED,0,2026-10-06 18:42:58.355,30m 5s,23m 31s,0.5%,187.2 MB,3.8 GB,473.9 MB,274.9 MB
4225,57/c6ae6f,63274138_63,p19__vibrant_pratama (464),COMPLETED,0,2026-10-06 18:05:20.061,1h 7m 53s,53m 34s,0.2%,187.5 MB,3.8 GB,502.1 MB,275.9 MB
2765,65/c7b8e5,63296750_97,p19__vibrant_pratama (98),COMPLETED,0,2026-10-06 18:42:58.355,31m 15s,16m 53s,0.5%,188.9 MB,3.9 GB,466.6 MB,272.4 MB
2505,86/04a7dd,63261598_33,p20__virsorter2_pratama (34),COMPLETED,0,2026-10-06 16:38:58.548,2h 36m 35s,2h 34m 19s,0.1%,185.8 MB,3.9 GB,442.6 MB,274.8 MB
2929,94/5b9439,63285109_38,p12__deepvirfinder_pratama (139),COMPLETED,0,2026-10-06 18:25:27.915,50m 56s,41m 51s,0.3%,187.8 MB,3.8 GB,435.5 MB,265.3 MB
3183,aa/e43c68,63269995_3,p12__deepvirfinder_pratama (204),COMPLETED,0,2026-10-06 17:30:08.689,1h 46m 25s,1h 44m 5s,0.1%,188.4 MB,4 GB,453.3 MB,265.9 MB
2470,15/7d88a3,63296750_24,p19__vibrant_pratama (25),COMPLETED,0,2026-10-06 18:42:58.355,35m 47s,29m 11s,0.4%,190 MB,4.2 GB,452 MB,267.6 MB
4341,22/32f6fe,63274138_91,p19__vibrant_pratama (492),COMPLETED,0,2026-10-06 18:05:20.061,1h 13m 33s,55m 28s,0.2%,187.1 MB,3.8 GB,454.4 MB,268.1 MB
4176,61/783d9d,63274138_50,p19__vibrant_pratama (451),COMPLETED,0,2026-10-06 18:05:20.061,1h 15m 3s,1h 35s,0.2%,185.4 MB,3.9 GB,455.1 MB,268.7 MB
3340,b7/a9cc65,63265158_41,p20__virsorter2_pratama (242),COMPLETED,0,2026-10-06 16:56:39.008,2h 24m 7s,2h 13m 56s,0.1%,187.2 MB,3.8 GB,446.9 MB,279.7 MB
2799,34/b2f939,63285109_4,p12__deepvirfinder_pratama (105),COMPLETED,0,2026-10-06 18:25:27.915,56m 27s,54m 8s,0.2%,186.9 MB,4.1 GB,437.3 MB,267.1 MB
3241,09/0ea6ed,63269995_16,p12__deepvirfinder_pratama (217),COMPLETED,0,2026-10-06 17:30:08.689,1h 51m 55s,1h 49m 33s,0.1%,190 MB,4.2 GB,456.2 MB,267.3 MB
3073,b8/fb6e1d,63285109_74,p12__deepvirfinder_pratama (175),COMPLETED,0,2026-10-06 18:25:27.915,58m 6s,45m 14s,0.2%,186 MB,3.9 GB,456.9 MB,268.4 MB
3741,d2/4d87a6,63271784_41,p12__deepvirfinder_pratama (342),COMPLETED,0,2026-10-06 17:47:19.965,1h 38m 33s,1h 27m 47s,0.2%,187 MB,4 GB,456.9 MB,265.8 MB
4300,a5/5fd84a,63274138_81,p19__vibrant_pratama (482),COMPLETED,0,2026-10-06 18:05:20.061,1h 21m 3s,1h 2m 59s,0.2%,189 MB,4 GB,456.8 MB,268.5 MB
2831,74/ddedc6,63285109_14,p12__deepvirfinder_pratama (115),COMPLETED,0,2026-10-06 18:25:27.915,1h 56s,58m 40s,0.2%,191.2 MB,4.2 GB,455.6 MB,265.5 MB
3195,aa/cd4c13,63307586_2,p21__genomad_pratama (203),COMPLETED,0,2026-10-06 19:05:47.892,22m 36s,11m 40s,0.8%,189.3 MB,4.1 GB,196.8 MB,265.1 MB
4032,96/216048,63274138_14,p19__vibrant_pratama (415),COMPLETED,0,2026-10-06 18:05:20.061,1h 23m 33s,1h 12m 50s,0.2%,189.2 MB,4 GB,563 MB,282.8 MB
2876,3a/36f3ee,63285109_25,p12__deepvirfinder_pratama (126),COMPLETED,0,2026-10-06 18:25:27.915,1h 3m 56s,54m 50s,0.2%,188.3 MB,3.9 GB,438.2 MB,266.5 MB
3219,77/cc743f,63265158_11,p20__virsorter2_pratama (212),COMPLETED,0,2026-10-06 16:56:39.008,2h 33m 36s,2h 27m 15s,0.1%,185.5 MB,3.9 GB,491.7 MB,316.8 MB
3177,a5/a53980,63307586_0,p21__genomad_pratama (201),COMPLETED,0,2026-10-06 19:05:47.892,25m 6s,14m 13s,0.7%,186.8 MB,3.9 GB,200.2 MB,268.6 MB
3998,5c/6ecc90,63274138_6,p19__vibrant_pratama (407),COMPLETED,0,2026-10-06 18:05:20.061,1h 27m 23s,1h 16m 42s,0.2%,189.4 MB,4 GB,547 MB,279.3 MB
4261,3f/dda67a,63274138_72,p19__vibrant_pratama (473),COMPLETED,0,2026-10-06 18:05:20.061,1h 27m 33s,1h 13m 14s,0.2%,186.8 MB,3.9 GB,456.8 MB,268.7 MB
3231,1e/b6b110,63307586_14,p21__genomad_pratama (215),COMPLETED,0,2026-10-06 19:05:47.893,27m 56s,17m 5s,0.6%,188.9 MB,4 GB,207.8 MB,275.9 MB
3151,3c/b00cf8,63285109_94,p12__deepvirfinder_pratama (195),COMPLETED,0,2026-10-06 18:25:27.915,1h 8m 57s,56m 4s,0.2%,189.2 MB,3.9 GB,436.7 MB,265.3 MB
3270,e9/458c14,63307586_24,p21__genomad_pratama (225),COMPLETED,0,2026-10-06 19:05:47.893,29m 16s,18m 20s,0.6%,188 MB,3.9 GB,227.9 MB,295.8 MB
3115,6c/ecc639,63285109_85,p12__deepvirfinder_pratama (186),COMPLETED,0,2026-10-06 18:25:27.915,1h 9m 46s,56m 58s,0.2%,186.7 MB,3.9 GB,437.6 MB,266.5 MB
3476,dd/9731e5,63307586_75,p21__genomad_pratama (276),COMPLETED,0,2026-10-06 19:05:47.893,29m 56s,15m 14s,0.6%,190.5 MB,4 GB,200.1 MB,268.5 MB
3856,29/f5ffca,63271784_70,p12__deepvirfinder_pratama (371),COMPLETED,0,2026-10-06 17:47:19.965,1h 48m 54s,1h 38m 1s,0.1%,187.7 MB,3.9 GB,450.5 MB,266 MB
3338,b2/e12024,63307586_41,p21__genomad_pratama (242),COMPLETED,0,2026-10-06 19:05:47.893,30m 26s,15m 45s,0.7%,189.8 MB,4 GB,205.4 MB,273.6 MB
2953,06/45a64a,63285109_44,p12__deepvirfinder_pratama (145),COMPLETED,0,2026-10-06 18:25:27.915,1h 11m 36s,1h 2m 24s,0.2%,188.7 MB,4.2 GB,441.7 MB,267 MB
3436,7b/da2841,63307586_65,p21__genomad_pratama (266),COMPLETED,0,2026-10-06 19:05:47.893,31m 56s,17m 17s,0.6%,189.5 MB,4 GB,200.1 MB,268.3 MB
1720,26/63e626,63268289_21,p14__virsorter2_pratama (22),COMPLETED,0,2026-10-06 17:12:18.741,2h 27m 45s,2h 18m 43s,0.1%,187.2 MB,3.9 GB,439.3 MB,271.2 MB
3396,78/1d6ad0,63307586_55,p21__genomad_pratama (256),COMPLETED,0,2026-10-06 19:05:47.893,34m 16s,19m 35s,0.5%,185.5 MB,3.9 GB,201 MB,269.3 MB
2596,f6/5d5b4f,63261598_55,p20__virsorter2_pratama (56),COMPLETED,0,2026-10-06 16:38:58.548,3h 1m 25s,2h 51m 48s,0.1%,188.2 MB,4 GB,439.6 MB,271.8 MB
1877,26/309315,63268289_60,p14__virsorter2_pratama (61),COMPLETED,0,2026-10-06 17:12:18.741,2h 28m 7s,2h 15m 15s,0.1%,189.5 MB,3.9 GB,440.2 MB,272.7 MB
2711,60/7b23b2,63296750_84,p19__vibrant_pratama (85),COMPLETED,0,2026-10-06 18:42:58.355,57m 27s,43m 9s,0.3%,190.1 MB,4 GB,542.1 MB,283.9 MB
3196,cb/6553bc,63307586_3,p21__genomad_pratama (204),COMPLETED,0,2026-10-06 19:05:47.892,34m 46s,23m 57s,0.4%,188.1 MB,3.8 GB,200.7 MB,268.9 MB
3444,32/d60c6c,63269995_67,p12__deepvirfinder_pratama (268),COMPLETED,0,2026-10-06 17:30:08.689,2h 10m 45s,2h 1m 1s,0.1%,185.4 MB,3.9 GB,452.8 MB,265.7 MB
3473,ec/701b10,63265158_75,p20__virsorter2_pratama (276),COMPLETED,0,2026-10-06 16:56:39.008,2h 44m 44s,2h 31m 3s,0.1%,189.2 MB,4.2 GB,436.7 MB,269 MB
2700,88/8183a0,63296750_81,p19__vibrant_pratama (82),COMPLETED,0,2026-10-06 18:42:58.355,58m 27s,43m 59s,0.3%,187.3 MB,4 GB,521.7 MB,274.9 MB
3302,5f/a68823,63307586_32,p21__genomad_pratama (233),COMPLETED,0,2026-10-06 19:05:47.893,36m 16s,25m 22s,0.4%,190.3 MB,4.1 GB,200.8 MB,268.9 MB
2827,29/d96243,63285109_13,p12__deepvirfinder_pratama (114),COMPLETED,0,2026-10-06 18:25:27.915,1h 16m 46s,1h 14m 27s,0.2%,187.6 MB,4.1 GB,441.7 MB,265.5 MB
3066,5e/14a4b6,63285109_73,p12__deepvirfinder_pratama (174),COMPLETED,0,2026-10-06 18:25:27.915,1h 17m 26s,1h 4m 33s,0.2%,187.4 MB,3.9 GB,443 MB,269.5 MB
2916,a8/c8df6e,63285109_35,p12__deepvirfinder_pratama (136),COMPLETED,0,2026-10-06 18:25:27.915,1h 17m 56s,1h 8m 50s,0.2%,186.1 MB,3.9 GB,441.8 MB,266.2 MB
3533,34/6d39d9,63307586_89,p21__genomad_pratama (290),COMPLETED,0,2026-10-06 19:05:47.893,37m 47s,19m 18s,0.5%,187.8 MB,4 GB,199.8 MB,268.2 MB
3235,57/195350,63307586_15,p21__genomad_pratama (216),COMPLETED,0,2026-10-06 19:05:47.893,38m 6s,27m 17s,0.4%,187.4 MB,4.1 GB,197.7 MB,266 MB
3362,03/b992a9,63269995_47,p12__deepvirfinder_pratama (248),COMPLETED,0,2026-10-06 17:30:08.689,2h 15m 35s,2h 5m 51s,0.1%,186.2 MB,3.8 GB,460.1 MB,266.9 MB
3239,56/911883,63307586_16,p21__genomad_pratama (217),COMPLETED,0,2026-10-06 19:05:47.893,40m 16s,29m 22s,0.4%,187.6 MB,4 GB,206.7 MB,274.7 MB
2434,1b/69a62c,63261598_15,p20__virsorter2_pratama (16),COMPLETED,0,2026-10-06 16:38:58.548,3h 7m 15s,3h 4m 54s,0.1%,185.1 MB,3.8 GB,479.4 MB,311.5 MB
2376,25/d13e97,63296750_0,p19__vibrant_pratama (1),COMPLETED,0,2026-10-06 18:42:58.355,1h 3m 39s,57m 9s,0.2%,185.8 MB,3.8 GB,467 MB,270.1 MB
3290,19/c25e4d,63307586_29,p21__genomad_pratama (230),COMPLETED,0,2026-10-06 19:05:47.893,41m 36s,30m 41s,0.4%,191.8 MB,4.3 GB,240.1 MB,307.5 MB
3056,4a/8f6ba8,63285109_70,p12__deepvirfinder_pratama (171),COMPLETED,0,2026-10-06 18:25:27.915,1h 22m 6s,1h 9m 17s,0.2%,185.9 MB,3.9 GB,441.3 MB,266.4 MB
2597,24/63c90e,63296750_55,p19__vibrant_pratama (56),COMPLETED,0,2026-10-06 18:42:58.355,1h 5m 5s,54m 37s,0.2%,187.1 MB,3.8 GB,460.1 MB,269.1 MB
2486,1f/75f183,63296750_28,p19__vibrant_pratama (29),COMPLETED,0,2026-10-06 18:42:58.355,1h 5m 15s,58m 40s,0.2%,189 MB,4.2 GB,463.9 MB,269.8 MB
3221,ac/2e0ee1,63307586_11,p21__genomad_pratama (212),COMPLETED,0,2026-10-06 19:05:47.893,42m 36s,31m 43s,0.3%,188.3 MB,3.9 GB,234.1 MB,301.8 MB
3445,d4/f20049,63307586_67,p21__genomad_pratama (268),COMPLETED,0,2026-10-06 19:05:47.893,44m 26s,29m 45s,0.4%,189.2 MB,4 GB,200.6 MB,269 MB
2508,fb/3992f6,63296750_33,p19__vibrant_pratama (34),COMPLETED,0,2026-10-06 18:42:58.355,1h 8m 35s,1h 2m,0.2%,188.7 MB,3.9 GB,467.4 MB,270.1 MB
3024,a0/71a8fc,63285109_62,p12__deepvirfinder_pratama (163),COMPLETED,0,2026-10-06 18:25:27.915,1h 27m 36s,1h 14m 47s,0.2%,187.9 MB,4.1 GB,456.6 MB,265.8 MB
2618,f9/2c5520,63296750_61,p19__vibrant_pratama (62),COMPLETED,0,2026-10-06 18:42:58.355,1h 10m 59s,1h 35s,0.2%,187.6 MB,4 GB,501.3 MB,273.9 MB
3781,98/5b60b9,63271784_51,p12__deepvirfinder_pratama (352),COMPLETED,0,2026-10-06 17:47:19.965,2h 11m 34s,2h 42s,0.1%,185.3 MB,3.9 GB,461.5 MB,271.1 MB
2965,df/632318,63285109_47,p12__deepvirfinder_pratama (148),COMPLETED,0,2026-10-06 18:25:27.915,1h 33m 28s,1h 24m 14s,0.2%,185.5 MB,3.9 GB,452.3 MB,271.4 MB
2436,54/62fec8,63296750_15,p19__vibrant_pratama (16),COMPLETED,0,2026-10-06 18:42:58.355,1h 15m 57s,1h 9m 19s,0.1%,187 MB,3.8 GB,518.5 MB,275.2 MB
3007,78/329446,63285109_58,p12__deepvirfinder_pratama (159),COMPLETED,0,2026-10-06 18:25:27.915,1h 35m 6s,1h 25m 59s,0.2%,190 MB,4 GB,444 MB,265.5 MB
3155,6d/77e4b5,63285109_95,p12__deepvirfinder_pratama (196),COMPLETED,0,2026-10-06 18:25:27.915,1h 35m 36s,1h 22m 42s,0.2%,188.5 MB,4 GB,456.2 MB,266 MB
3365,9f/04d2db,63307586_47,p21__genomad_pratama (248),COMPLETED,0,2026-10-06 19:05:47.893,55m 46s,41m 5s,0.3%,187.9 MB,3.9 GB,203.1 MB,271.2 MB
3499,8b/51c0e8,63307586_81,p21__genomad_pratama (282),COMPLETED,0,2026-10-06 19:05:47.893,56m 56s,38m 34s,0.3%,186.5 MB,3.9 GB,200.6 MB,268.8 MB
2532,c6/703ce2,63261598_39,p20__virsorter2_pratama (40),COMPLETED,0,2026-10-06 16:38:58.548,3h 24m 17s,3h 14m 45s,0.1%,187.3 MB,3.8 GB,465.6 MB,298.2 MB
2400,5c/ec51be,63296750_6,p19__vibrant_pratama (7),COMPLETED,0,2026-10-06 18:42:58.355,1h 20m 45s,1h 14m 7s,0.2%,185.4 MB,3.9 GB,496.6 MB,272.5 MB
3197,a9/994e3b,63307586_4,p21__genomad_pratama (205),COMPLETED,0,2026-10-06 19:05:47.892,57m 56s,47m 6s,0.2%,190.3 MB,4.2 GB,200.8 MB,269 MB
2531,0a/708653,63296750_39,p19__vibrant_pratama (40),COMPLETED,0,2026-10-06 18:42:58.355,1h 22m 35s,1h 16m 2s,0.2%,186.3 MB,3.9 GB,510.8 MB,275 MB
3405,68/7de33b,63307586_57,p21__genomad_pratama (258),COMPLETED,0,2026-10-06 19:05:47.893,59m 46s,45m 9s,0.2%,187.6 MB,3.9 GB,201.8 MB,270 MB
1639,e6/035202,63268289_0,p14__virsorter2_pratama (1),COMPLETED,0,2026-10-06 17:12:18.741,2h 53m 25s,2h 44m 14s,0.1%,185.2 MB,3.8 GB,438.7 MB,271.4 MB
2450,f4/93583c,63296750_18,p19__vibrant_pratama (19),COMPLETED,0,2026-10-06 18:42:58.355,1h 22m 45s,1h 16m 9s,0.2%,188.5 MB,4.2 GB,553.1 MB,278.6 MB
3556,c5/a3da23,63307586_95,p21__genomad_pratama (296),COMPLETED,0,2026-10-06 19:05:47.893,59m 56s,41m 28s,0.3%,188.3 MB,3.9 GB,200.4 MB,268.7 MB
2571,16/c887f2,63296750_49,p19__vibrant_pratama (50),COMPLETED,0,2026-10-06 18:42:58.355,1h 24m 15s,1h 13m 48s,0.2%,190.4 MB,4.2 GB,603.5 MB,289.9 MB
3448,14/ef5a23,63307586_68,p21__genomad_pratama (269),COMPLETED,0,2026-10-06 19:05:47.893,1h 1m 56s,47m 14s,0.2%,186 MB,4 GB,200.8 MB,269.2 MB
2662,a5/396af2,63261598_72,p20__virsorter2_pratama (73),COMPLETED,0,2026-10-06 16:38:58.548,3h 29m 5s,3h 15m 51s,0.1%,186.8 MB,3.9 GB,499.1 MB,331.6 MB
1771,66/507433,63268289_34,p14__virsorter2_pratama (35),COMPLETED,0,2026-10-06 17:12:18.741,2h 59m 5s,2h 50m,0.1%,188.9 MB,4 GB,439.1 MB,272.3 MB
3557,07/295363,63269995_95,p12__deepvirfinder_pratama (296),COMPLETED,0,2026-10-06 17:30:08.689,2h 42m 5s,2h 28m 34s,0.1%,188.3 MB,4 GB,461.2 MB,266.1 MB
3243,13/bc6649,63307586_17,p21__genomad_pratama (218),COMPLETED,0,2026-10-06 19:05:47.893,1h 6m 36s,55m 46s,0.2%,190.7 MB,4.2 GB,207.1 MB,275.1 MB
3274,56/4b8a46,63307586_25,p21__genomad_pratama (226),COMPLETED,0,2026-10-06 19:05:47.893,1h 6m 36s,55m 40s,0.2%,188.8 MB,4.2 GB,213.2 MB,281 MB
2760,3a/b87853,63296750_96,p19__vibrant_pratama (97),COMPLETED,0,2026-10-06 18:42:58.355,1h 29m 37s,1h 15m 11s,0.1%,185.4 MB,3.8 GB,507.6 MB,271.7 MB
3696,b9/7b72d1,63271784_30,p12__deepvirfinder_pratama (331),COMPLETED,0,2026-10-06 17:47:19.965,2h 25m 44s,2h 18m 32s,0.1%,187.7 MB,3.9 GB,458.1 MB,266 MB
3229,5c/23e302,63307586_13,p21__genomad_pratama (214),COMPLETED,0,2026-10-06 19:05:47.893,1h 7m 16s,56m 27s,0.2%,192.4 MB,4 GB,201.9 MB,270 MB
3119,b3/f288e0,63285109_86,p12__deepvirfinder_pratama (187),COMPLETED,0,2026-10-06 18:25:27.915,1h 48m 46s,1h 35m 53s,0.1%,186.4 MB,3.8 GB,458.4 MB,269.1 MB
2664,67/ae0010,63296750_72,p19__vibrant_pratama (73),COMPLETED,0,2026-10-06 18:42:58.355,1h 32m 15s,1h 21m 53s,0.2%,189.8 MB,4 GB,558.4 MB,280 MB
3501,63/85d288,63269995_81,p12__deepvirfinder_pratama (282),COMPLETED,0,2026-10-06 17:30:08.689,2h 45m 15s,2h 31m 48s,0.1%,188.4 MB,4 GB,461.1 MB,266.1 MB
3305,de/ded2a3,63307586_33,p21__genomad_pratama (234),COMPLETED,0,2026-10-06 19:05:47.893,1h 10m 16s,59m 23s,0.2%,186.1 MB,3.9 GB,233.2 MB,300.4 MB
3368,0e/65ed82,63307586_48,p21__genomad_pratama (249),COMPLETED,0,2026-10-06 19:05:47.893,1h 11m 56s,57m 16s,0.2%,186.8 MB,3.8 GB,203 MB,271.1 MB
2801,1d/8c629b,63285109_5,p12__deepvirfinder_pratama (106),COMPLETED,0,2026-10-06 18:25:27.915,1h 52m 26s,1h 50m 9s,0.1%,190 MB,4 GB,458.7 MB,270.5 MB
3551,5d/deb8f9,63307586_94,p21__genomad_pratama (295),COMPLETED,0,2026-10-06 19:05:47.893,1h 12m 48s,54m 17s,0.2%,188.3 MB,4 GB,197.4 MB,265.9 MB
2636,b2/b626b7,63296750_65,p19__vibrant_pratama (66),COMPLETED,0,2026-10-06 18:42:58.355,1h 36m 25s,1h 25m 55s,0.1%,187.9 MB,3.9 GB,495.7 MB,270.6 MB
3409,28/96f0c5,63307586_58,p21__genomad_pratama (259),COMPLETED,0,2026-10-06 19:05:47.893,1h 13m 46s,59m 9s,0.2%,186.8 MB,3.8 GB,201.6 MB,269.8 MB
2855,f5/d1d815,63285109_20,p12__deepvirfinder_pratama (121),COMPLETED,0,2026-10-06 18:25:27.915,1h 56m 18s,1h 53m 58s,0.1%,185.1 MB,3.9 GB,456.9 MB,269.1 MB
3095,07/6697c7,63285109_80,p12__deepvirfinder_pratama (181),COMPLETED,0,2026-10-06 18:25:27.915,1h 58m 6s,1h 45m 18s,0.1%,190.1 MB,4 GB,448.5 MB,265.8 MB
3503,d6/64755b,63307586_82,p21__genomad_pratama (283),COMPLETED,0,2026-10-06 19:05:47.893,1h 18m 8s,59m 38s,0.2%,186.1 MB,4 GB,200.6 MB,269 MB
2399,9d/8ac7f7,63261598_6,p20__virsorter2_pratama (7),COMPLETED,0,2026-10-06 16:38:58.548,3h 48m 15s,3h 46m 4s,0.1%,188.1 MB,3.9 GB,459.5 MB,292.8 MB
3452,5f/4f2309,63307586_69,p21__genomad_pratama (270),COMPLETED,0,2026-10-06 19:05:47.893,1h 21m 56s,1h 7m 12s,0.2%,188.2 MB,4 GB,200.8 MB,269.1 MB
3247,ed/471aee,63307586_18,p21__genomad_pratama (219),COMPLETED,0,2026-10-06 19:05:47.893,1h 23m 56s,1h 13m,0.2%,189.2 MB,4.2 GB,207.2 MB,275.3 MB
2446,9a/e51559,63261598_18,p20__virsorter2_pratama (19),COMPLETED,0,2026-10-06 16:38:58.548,3h 51m 55s,3h 49m 39s,0.1%,186.3 MB,3.9 GB,501.3 MB,333.4 MB
3434,8b/ef29d9,63265158_65,p20__virsorter2_pratama (266),COMPLETED,0,2026-10-06 16:56:39.008,3h 34m 17s,3h 24m 13s,0.1%,188.6 MB,4 GB,438.3 MB,272.7 MB
2883,f9/64a65a,63285109_27,p12__deepvirfinder_pratama (128),COMPLETED,0,2026-10-06 18:25:27.915,2h 6m 26s,1h 57m 15s,0.1%,188.3 MB,4 GB,460.2 MB,269.5 MB
2927,7c/ab36dc,63325814_38,p21__genomad_pratama (139),COMPLETED,0,2026-10-06 20:15:27.831,16m 46s,16m 1s,0.6%,187.7 MB,4 GB,201.9 MB,270.2 MB
3371,74/77a9a3,63307586_49,p21__genomad_pratama (250),COMPLETED,0,2026-10-06 19:05:47.893,1h 27m 6s,1h 12m 23s,0.2%,185 MB,3.8 GB,203 MB,271.1 MB
2803,d6/94d723,63325814_6,p21__genomad_pratama (105),COMPLETED,0,2026-10-06 20:15:27.831,17m 26s,16m 43s,0.6%,189.2 MB,4 GB,232.2 MB,300 MB
2851,7f/fc11e7,63325814_19,p21__genomad_pratama (120),COMPLETED,0,2026-10-06 20:15:27.831,17m 56s,17m 12s,0.6%,185.7 MB,3.9 GB,228.6 MB,296.5 MB
3561,9e/f51647,63307586_96,p21__genomad_pratama (297),COMPLETED,0,2026-10-06 19:05:47.893,1h 27m 46s,1h 9m 19s,0.2%,185.6 MB,3.9 GB,200.5 MB,268.8 MB
2826,24/2df036,63325814_13,p21__genomad_pratama (114),COMPLETED,0,2026-10-06 20:15:27.831,19m 16s,18m 30s,0.5%,188.8 MB,4 GB,201.1 MB,269.4 MB
2875,bc/931584,63325814_25,p21__genomad_pratama (126),COMPLETED,0,2026-10-06 20:15:27.831,19m 16s,18m 35s,0.5%,186.8 MB,3.8 GB,223 MB,291 MB
2933,4b/ef8543,63285109_39,p12__deepvirfinder_pratama (140),COMPLETED,0,2026-10-06 18:25:27.915,2h 10m 36s,2h 1m 26s,0.1%,186.8 MB,3.9 GB,456.4 MB,266.2 MB
3018,50/10681b,63325814_61,p21__genomad_pratama (162),COMPLETED,0,2026-10-06 20:15:27.831,21m 26s,8m 52s,1.0%,191 MB,4 GB,196.8 MB,265.1 MB
2917,4a/d4679f,63325814_35,p21__genomad_pratama (136),COMPLETED,0,2026-10-06 20:15:27.831,23m 6s,22m 23s,0.5%,187.1 MB,3.9 GB,212.7 MB,280.7 MB
3309,b2/daf6f4,63307586_34,p21__genomad_pratama (235),COMPLETED,0,2026-10-06 19:05:47.893,1h 33m 56s,1h 23m 9s,0.2%,185.2 MB,3.8 GB,232 MB,299.1 MB
3507,4c/d139a5,63307586_83,p21__genomad_pratama (284),COMPLETED,0,2026-10-06 19:05:47.893,1h 34m 6s,1h 15m 35s,0.2%,186.2 MB,3.9 GB,200.5 MB,268.8 MB
3198,ef/0152d1,63307586_5,p21__genomad_pratama (206),COMPLETED,0,2026-10-06 19:05:47.892,1h 36m 16s,1h 25m 23s,0.1%,187.3 MB,3.8 GB,200.6 MB,268.8 MB
3374,58/45e2fb,63307586_50,p21__genomad_pratama (251),COMPLETED,0,2026-10-06 19:05:47.893,1h 37m 56s,1h 23m 18s,0.1%,188.2 MB,4 GB,202.9 MB,271 MB
2930,26/ae60d8,63325814_39,p21__genomad_pratama (140),COMPLETED,0,2026-10-06 20:15:27.831,28m 36s,27m 51s,0.3%,186.9 MB,3.9 GB,201.7 MB,269.9 MB
3112,b5/a9aafa,63325814_84,p21__genomad_pratama (185),COMPLETED,0,2026-10-06 20:15:27.831,29m 8s,12m 42s,0.8%,187.1 MB,3.8 GB,196.9 MB,265.1 MB
3456,3e/04a7f6,63307586_70,p21__genomad_pratama (271),COMPLETED,0,2026-10-06 19:05:47.893,1h 40m 26s,1h 25m 47s,0.1%,187.1 MB,3.8 GB,200.3 MB,268.6 MB
3564,a6/ba61fa,63307586_97,p21__genomad_pratama (298),COMPLETED,0,2026-10-06 19:05:47.893,1h 40m 26s,1h 22m 3s,0.2%,188.8 MB,4 GB,200.4 MB,268.7 MB
2885,13/c08dd9,63325814_27,p21__genomad_pratama (128),COMPLETED,0,2026-10-06 20:15:27.831,32m 26s,31m 43s,0.3%,188.7 MB,4 GB,214 MB,281.9 MB
3005,3c/210f40,63325814_58,p21__genomad_pratama (159),COMPLETED,0,2026-10-06 20:15:27.831,32m 26s,19m 57s,0.5%,187.4 MB,3.9 GB,201.7 MB,269.9 MB
3153,6d/c2f6f7,63325814_94,p21__genomad_pratama (195),COMPLETED,0,2026-10-06 20:15:27.831,34m 26s,17m 58s,0.6%,184.7 MB,3.9 GB,201.2 MB,269.5 MB
3055,57/9d161d,63325814_70,p21__genomad_pratama (171),COMPLETED,0,2026-10-06 20:15:27.831,34m 36s,22m 7s,0.4%,186.5 MB,3.9 GB,215.3 MB,283.3 MB
1829,85/9e99a5,63268289_48,p14__virsorter2_pratama (49),COMPLETED,0,2026-10-06 17:12:18.741,3h 38m 15s,3h 25m 25s,0.1%,189.5 MB,4.1 GB,441.3 MB,275.3 MB
3225,24/3d0c66,63307586_12,p21__genomad_pratama (213),COMPLETED,0,2026-10-06 19:05:47.893,1h 44m 56s,1h 34m 4s,0.1%,187.6 MB,3.8 GB,215.6 MB,283.3 MB
3068,45/083337,63325814_73,p21__genomad_pratama (174),COMPLETED,0,2026-10-06 20:15:27.831,35m 46s,23m 20s,0.4%,186.6 MB,3.8 GB,243.3 MB,310.8 MB
2952,5b/744a1a,63325814_44,p21__genomad_pratama (145),COMPLETED,0,2026-10-06 20:15:27.831,36m 6s,23m 39s,0.4%,188.5 MB,3.8 GB,223 MB,290.8 MB
3117,19/beeb18,63325814_85,p21__genomad_pratama (186),COMPLETED,0,2026-10-06 20:15:27.831,36m 16s,19m 45s,0.5%,187.1 MB,3.9 GB,222.4 MB,290.3 MB
3378,bc/9f96bc,63307586_51,p21__genomad_pratama (252),COMPLETED,0,2026-10-06 19:05:47.893,1h 46m 26s,1h 31m 50s,0.1%,188.7 MB,3.9 GB,202.7 MB,270.9 MB
3511,01/6cbb51,63307586_84,p21__genomad_pratama (285),COMPLETED,0,2026-10-06 19:05:47.893,1h 48m 46s,1h 30m 17s,0.2%,189.3 MB,4 GB,200.4 MB,268.7 MB
2805,ba/e858da,63325814_4,p21__genomad_pratama (106),COMPLETED,0,2026-10-06 20:15:27.831,39m 27s,38m 36s,0.3%,189.6 MB,4.1 GB,223 MB,290.4 MB
3413,8a/949191,63307586_59,p21__genomad_pratama (260),COMPLETED,0,2026-10-06 19:05:47.893,1h 49m 16s,1h 34m 40s,0.1%,189.8 MB,3.9 GB,201 MB,269.2 MB
2854,d5/2ef617,63325814_20,p21__genomad_pratama (121),COMPLETED,0,2026-10-06 20:15:27.831,39m 36s,38m 54s,0.2%,186.1 MB,3.8 GB,215.9 MB,283.9 MB
3321,e4/c1a111,63307586_37,p21__genomad_pratama (238),COMPLETED,0,2026-10-06 19:05:47.893,1h 49m 26s,1h 38m 32s,0.1%,189.5 MB,4.1 GB,225.6 MB,292.9 MB
3096,40/b7024f,63325814_80,p21__genomad_pratama (181),COMPLETED,0,2026-10-06 20:15:27.831,40m 56s,24m 27s,0.4%,187.9 MB,3.9 GB,201.2 MB,269.4 MB
3200,40/abdc32,63307586_6,p21__genomad_pratama (207),COMPLETED,0,2026-10-06 19:05:47.892,1h 51m 46s,1h 40m 50s,0.1%,188.1 MB,4 GB,200.5 MB,268.7 MB
3250,37/ff4e66,63307586_19,p21__genomad_pratama (220),COMPLETED,0,2026-10-06 19:05:47.893,1h 52m 26s,1h 41m 37s,0.1%,190 MB,4 GB,207 MB,274.9 MB
3383,04/b40d65,63307586_52,p21__genomad_pratama (253),COMPLETED,0,2026-10-06 19:05:47.893,1h 52m 56s,1h 38m 19s,0.1%,189.4 MB,4 GB,202.4 MB,270.5 MB
2830,d2/2f1e4d,63325814_14,p21__genomad_pratama (115),COMPLETED,0,2026-10-06 20:15:27.831,44m 16s,43m 27s,0.2%,189.9 MB,4.1 GB,201.5 MB,269.7 MB
1858,6b/466b51,63268289_55,p14__virsorter2_pratama (56),COMPLETED,0,2026-10-06 17:12:18.741,3h 48m 55s,3h 35m 59s,0.1%,189.6 MB,4 GB,440 MB,275.5 MB
3568,54/28af2a,63307586_98,p21__genomad_pratama (299),COMPLETED,0,2026-10-06 19:05:47.893,1h 55m 56s,1h 37m 31s,0.1%,187.3 MB,4 GB,200.3 MB,268.7 MB
1687,23/0726b5,63268289_12,p14__virsorter2_pratama (13),COMPLETED,0,2026-10-06 17:12:18.741,3h 50m 15s,3h 41m 13s,0.1%,187 MB,3.9 GB,444.8 MB,278.9 MB
3204,47/7a1cf3,63307586_7,p21__genomad_pratama (208),COMPLETED,0,2026-10-06 19:05:47.892,1h 57m 6s,1h 46m 16s,0.1%,189.6 MB,4.2 GB,199.9 MB,268.2 MB
2962,fc/944af0,63325814_47,p21__genomad_pratama (148),COMPLETED,0,2026-10-06 20:15:27.831,47m 46s,35m 12s,0.3%,187.9 MB,3.8 GB,245.1 MB,312.1 MB
3313,af/766181,63307586_35,p21__genomad_pratama (236),COMPLETED,0,2026-10-06 19:05:47.893,1h 58m 26s,1h 47m 36s,0.1%,185.5 MB,3.8 GB,229.4 MB,296.6 MB
3495,2b/79a027,63307586_80,p21__genomad_pratama (281),COMPLETED,0,2026-10-06 19:05:47.893,1h 59m 26s,1h 41m 4s,0.1%,187.2 MB,3.9 GB,197.8 MB,266 MB
3157,21/1724c4,63325814_95,p21__genomad_pratama (196),COMPLETED,0,2026-10-06 20:15:27.831,49m 46s,33m 18s,0.3%,187.9 MB,4 GB,201.3 MB,269.7 MB
3279,f7/610e2e,63307586_26,p21__genomad_pratama (227),COMPLETED,0,2026-10-06 19:05:47.893,2h 6s,1h 49m 18s,0.1%,188.8 MB,4.2 GB,210.5 MB,278.3 MB
3022,5d/850b76,63325814_62,p21__genomad_pratama (163),COMPLETED,0,2026-10-06 20:15:27.831,50m 46s,38m 17s,0.3%,188.9 MB,4 GB,202 MB,270.2 MB
2634,82/1a4ada,63261598_65,p20__virsorter2_pratama (66),COMPLETED,0,2026-10-06 16:38:58.548,4h 27m 35s,4h 14m 20s,0.1%,186.9 MB,4 GB,468.6 MB,302.5 MB
3417,b8/f808e6,63307586_60,p21__genomad_pratama (261),COMPLETED,0,2026-10-06 19:05:47.893,2h 2m 16s,1h 47m 37s,0.1%,189 MB,4 GB,200.6 MB,268.9 MB
3344,2f/05578d,63307586_42,p21__genomad_pratama (243),COMPLETED,0,2026-10-06 19:05:47.893,2h 3m 28s,1h 48m 52s,0.1%,188.1 MB,4.1 GB,202.2 MB,270.4 MB
3273,f0/b2e81d,63265158_24,p20__virsorter2_pratama (225),COMPLETED,0,2026-10-06 16:56:39.008,4h 14m 55s,4h 8m 28s,0.1%,189.6 MB,3.9 GB,493.5 MB,325.8 MB
3255,3f/6b83b0,63307586_20,p21__genomad_pratama (221),COMPLETED,0,2026-10-06 19:05:47.893,2h 6m 46s,1h 55m 55s,0.1%,185.8 MB,3.9 GB,206 MB,274 MB
3213,41/ae2e61,63307586_9,p21__genomad_pratama (210),COMPLETED,0,2026-10-06 19:05:47.892,2h 7m 6s,1h 56m 13s,0.1%,188.6 MB,4 GB,199.5 MB,267.8 MB
3287,55/e5351b,63307586_28,p21__genomad_pratama (229),COMPLETED,0,2026-10-06 19:05:47.893,2h 7m 56s,1h 57m,0.1%,189.4 MB,4 GB,202.3 MB,270.6 MB
3464,82/effb53,63307586_72,p21__genomad_pratama (273),COMPLETED,0,2026-10-06 19:05:47.893,2h 7m 56s,1h 53m 18s,0.1%,188.1 MB,4 GB,199.6 MB,267.9 MB
3573,39/3500b2,63307586_99,p21__genomad_pratama (300),COMPLETED,0,2026-10-06 19:05:47.893,2h 8m 16s,1h 49m 46s,0.1%,188.4 MB,4 GB,199.9 MB,268.2 MB
2887,c9/02bfb5,63325814_28,p21__genomad_pratama (129),COMPLETED,0,2026-10-06 20:15:27.831,58m 58s,58m 11s,0.2%,188.8 MB,4.1 GB,213.9 MB,281.7 MB
3072,e5/063031,63325814_74,p21__genomad_pratama (175),COMPLETED,0,2026-10-06 20:15:27.831,59m 6s,46m 35s,0.2%,187 MB,3.8 GB,227.3 MB,294.6 MB
3317,9e/a71079,63307586_36,p21__genomad_pratama (237),COMPLETED,0,2026-10-06 19:05:47.893,2h 8m 56s,1h 58m 8s,0.1%,187.5 MB,3.8 GB,227.5 MB,294.8 MB
3120,c9/26bdee,63325814_86,p21__genomad_pratama (187),COMPLETED,0,2026-10-06 20:15:27.831,1h 16s,43m 47s,0.3%,191.2 MB,4.1 GB,215.6 MB,283.3 MB
1659,05/9a1d90,63268289_5,p14__virsorter2_pratama (6),COMPLETED,0,2026-10-06 17:12:18.741,4h 5m 45s,3h 56m 37s,0.1%,188.4 MB,3.9 GB,441 MB,274.9 MB
3460,06/76eb38,63307586_71,p21__genomad_pratama (272),COMPLETED,0,2026-10-06 19:05:47.893,2h 12m 26s,1h 57m 46s,0.1%,190.3 MB,4 GB,199.9 MB,268.2 MB
3297,ca/393ae8,63307586_31,p21__genomad_pratama (232),COMPLETED,0,2026-10-06 19:05:47.893,2h 12m 46s,2h 1m 56s,0.1%,186.4 MB,3.9 GB,221 MB,288.5 MB
2859,8e/d621a3,63325814_21,p21__genomad_pratama (122),COMPLETED,0,2026-10-06 20:15:27.831,1h 3m 36s,1h 2m 51s,0.2%,188.1 MB,4.1 GB,217.2 MB,284.8 MB
2807,b0/d59be0,63325814_5,p21__genomad_pratama (107),COMPLETED,0,2026-10-06 20:15:27.831,1h 4m 18s,1h 3m 29s,0.2%,188.2 MB,4.2 GB,224.2 MB,291.5 MB
3440,d1/a72649,63307586_66,p21__genomad_pratama (267),COMPLETED,0,2026-10-06 19:05:47.893,2h 15m 46s,2h 1m 2s,0.1%,186.6 MB,3.9 GB,198.7 MB,267 MB
3208,37/c37637,63307586_8,p21__genomad_pratama (209),COMPLETED,0,2026-10-06 19:05:47.892,2h 15m 57s,2h 5m 6s,0.1%,189.4 MB,3.9 GB,199.6 MB,267.9 MB
1805,d7/35dc57,63268289_42,p14__virsorter2_pratama (43),COMPLETED,0,2026-10-06 17:12:18.741,4h 9m 35s,3h 56m 44s,0.1%,189.6 MB,4 GB,442.1 MB,276 MB
3428,96/3aa01c,63307586_63,p21__genomad_pratama (264),COMPLETED,0,2026-10-06 19:05:47.893,2h 16m 6s,2h 1m 29s,0.1%,191.7 MB,4.1 GB,200.1 MB,268.3 MB
3387,df/22fb9a,63307586_53,p21__genomad_pratama (254),COMPLETED,0,2026-10-06 19:05:47.893,2h 16m 16s,2h 1m 37s,0.1%,186.7 MB,3.9 GB,202.3 MB,270.5 MB
2935,d7/a7c442,63325814_40,p21__genomad_pratama (141),COMPLETED,0,2026-10-06 20:15:27.831,1h 8m 6s,55m 38s,0.2%,191 MB,4 GB,201.7 MB,269.9 MB
2824,fa/fc9dd6,63325814_12,p21__genomad_pratama (113),COMPLETED,0,2026-10-06 20:15:27.831,1h 8m 36s,1h 7m 49s,0.2%,188.8 MB,4.1 GB,207.5 MB,275.4 MB
2918,e8/dbeb20,63325814_36,p21__genomad_pratama (137),COMPLETED,0,2026-10-06 20:15:27.831,1h 9m 30s,1h 8m 40s,0.2%,186.2 MB,3.8 GB,210.7 MB,278.7 MB
2974,7b/20e4ee,63325814_50,p21__genomad_pratama (151),COMPLETED,0,2026-10-06 20:15:27.831,1h 9m 56s,57m 24s,0.2%,190.3 MB,4.2 GB,239.7 MB,306.4 MB
3216,d1/f53f74,63307586_10,p21__genomad_pratama (211),COMPLETED,0,2026-10-06 19:05:47.893,2h 21m 26s,2h 10m 31s,0.1%,186.9 MB,3.9 GB,199.3 MB,267.6 MB
3425,01/d90684,63307586_62,p21__genomad_pratama (263),COMPLETED,0,2026-10-06 19:05:47.893,2h 21m 36s,2h 6m 59s,0.1%,189.3 MB,4.1 GB,200.3 MB,268.5 MB
3515,3e/89d0bc,63307586_85,p21__genomad_pratama (286),COMPLETED,0,2026-10-06 19:05:47.893,2h 21m 56s,2h 3m 30s,0.1%,185 MB,3.9 GB,199.9 MB,268.2 MB
1751,d9/3f9c30,63268289_29,p14__virsorter2_pratama (30),COMPLETED,0,2026-10-06 17:12:18.741,4h 16m 15s,4h 7m 4s,0.1%,187.2 MB,4 GB,437.4 MB,273 MB
3259,d3/218dc1,63307586_21,p21__genomad_pratama (222),COMPLETED,0,2026-10-06 19:05:47.893,2h 24m 6s,2h 13m 17s,0.1%,189.6 MB,4.1 GB,205.2 MB,273.2 MB
3026,d2/64acb7,63325814_63,p21__genomad_pratama (164),COMPLETED,0,2026-10-06 20:15:27.831,1h 14m 56s,1h 2m 30s,0.2%,189.4 MB,3.9 GB,201.9 MB,270.2 MB
1709,bc/30e9e8,63268289_18,p14__virsorter2_pratama (19),COMPLETED,0,2026-10-06 17:12:18.741,4h 18m 47s,4h 9m 34s,0.1%,187.4 MB,4 GB,440 MB,275.4 MB
3541,6c/a85356,63307586_91,p21__genomad_pratama (292),COMPLETED,0,2026-10-06 19:05:47.893,2h 25m 46s,2h 7m 23s,0.1%,189.4 MB,4.1 GB,199.1 MB,267.4 MB
3346,a5/9ba62c,63307586_43,p21__genomad_pratama (244),COMPLETED,0,2026-10-06 19:05:47.893,2h 26m 36s,2h 11m 56s,0.1%,191.1 MB,4.1 GB,202.6 MB,270.7 MB
3090,1e/ca1ecf,63325814_79,p21__genomad_pratama (180),COMPLETED,0,2026-10-06 20:15:27.831,1h 18m 6s,1h 5m 38s,0.2%,193.2 MB,4 GB,205.8 MB,273.8 MB
3479,a5/22e3a1,63307586_76,p21__genomad_pratama (277),COMPLETED,0,2026-10-06 19:05:47.893,2h 28m 27s,2h 13m 52s,0.1%,186.8 MB,4.1 GB,199.3 MB,267.7 MB
3351,20/9d80c1,63307586_44,p21__genomad_pratama (245),COMPLETED,0,2026-10-06 19:05:47.893,2h 28m 56s,2h 14m 12s,0.1%,190 MB,4 GB,202.7 MB,270.8 MB
3392,c3/db2a85,63307586_54,p21__genomad_pratama (255),COMPLETED,0,2026-10-06 19:05:47.893,2h 30m 6s,2h 15m 24s,0.1%,186.3 MB,3.9 GB,201.8 MB,269.9 MB
3487,d9/20d68e,63307586_78,p21__genomad_pratama (279),COMPLETED,0,2026-10-06 19:05:47.893,2h 31m 6s,2h 16m 30s,0.1%,188 MB,4.1 GB,199 MB,267.4 MB
1966,c7/60d912,63268289_82,p14__virsorter2_pratama (83),COMPLETED,0,2026-10-06 17:12:18.741,4h 26m 5s,4h 9m 30s,0.1%,189.4 MB,4.1 GB,444.8 MB,279.2 MB
3283,ad/45d13f,63307586_27,p21__genomad_pratama (228),COMPLETED,0,2026-10-06 19:05:47.893,2h 32m 46s,2h 21m 58s,0.1%,187.4 MB,3.8 GB,206.3 MB,274.3 MB
3358,27/850477,63307586_46,p21__genomad_pratama (247),COMPLETED,0,2026-10-06 19:05:47.893,2h 32m 56s,2h 18m 16s,0.1%,188.3 MB,4 GB,201.3 MB,269.5 MB
3181,ba/67cd64,63307586_1,p21__genomad_pratama (202),COMPLETED,0,2026-10-06 19:05:47.892,2h 33m 46s,2h 22m 55s,0.1%,190.3 MB,3.9 GB,199.2 MB,267.4 MB
3101,38/a29857,63325814_81,p21__genomad_pratama (182),COMPLETED,0,2026-10-06 20:15:27.831,1h 24m 16s,1h 7m 47s,0.2%,189.3 MB,3.9 GB,201.3 MB,269.5 MB
3430,31/073be4,63307586_64,p21__genomad_pratama (265),COMPLETED,0,2026-10-06 19:05:47.893,2h 34m 26s,2h 19m 42s,0.1%,189.3 MB,4 GB,200 MB,268.2 MB
3398,12/633736,63307586_56,p21__genomad_pratama (257),COMPLETED,0,2026-10-06 19:05:47.893,2h 34m 46s,2h 20m 2s,0.1%,186.1 MB,3.8 GB,199.4 MB,267.6 MB
3032,41/dfc9f8,63325814_64,p21__genomad_pratama (165),COMPLETED,0,2026-10-06 20:15:27.831,1h 25m 46s,1h 13m 12s,0.2%,188.9 MB,4.1 GB,201.6 MB,269.8 MB
3124,98/3e12f5,63325814_87,p21__genomad_pratama (188),COMPLETED,0,2026-10-06 20:15:27.831,1h 25m 46s,1h 9m 19s,0.2%,186.6 MB,3.8 GB,216.5 MB,284.2 MB
3175,a7/3ea754,63265158_0,p20__virsorter2_pratama (201),COMPLETED,0,2026-10-06 16:56:39.007,4h 44m 47s,4h 38m 22s,0.1%,185.1 MB,4 GB,439 MB,273.1 MB
3161,db/45ccf9,63325814_96,p21__genomad_pratama (197),COMPLETED,0,2026-10-06 20:15:27.831,1h 25m 58s,1h 9m 21s,0.2%,189.3 MB,4 GB,201.3 MB,269.7 MB
3491,14/468759,63307586_79,p21__genomad_pratama (280),COMPLETED,0,2026-10-06 19:05:47.893,2h 36m 56s,2h 22m 18s,0.1%,190.3 MB,4.2 GB,199 MB,267.5 MB
2890,10/504591,63325814_29,p21__genomad_pratama (130),COMPLETED,0,2026-10-06 20:15:27.831,1h 27m 16s,1h 26m 28s,0.1%,184.7 MB,3.8 GB,212.3 MB,280.2 MB
2034,45/eb9b43,63268289_99,p14__virsorter2_pratama (100),COMPLETED,0,2026-10-06 17:12:18.741,4h 30m 55s,4h 14m 21s,0.1%,188.7 MB,4 GB,439.2 MB,272.6 MB
3294,11/0e78c1,63307586_30,p21__genomad_pratama (231),COMPLETED,0,2026-10-06 19:05:47.893,2h 38m 16s,2h 27m 26s,0.1%,185.6 MB,3.8 GB,221.5 MB,289 MB
3060,6a/413bda,63325814_71,p21__genomad_pratama (172),COMPLETED,0,2026-10-06 20:15:27.831,1h 28m 46s,1h 16m 17s,0.2%,185.8 MB,3.8 GB,212.8 MB,280.5 MB
3521,a0/bc038b,63307586_86,p21__genomad_pratama (287),COMPLETED,0,2026-10-06 19:05:47.893,2h 38m 38s,2h 20m 12s,0.1%,188.1 MB,4 GB,199.8 MB,268.1 MB
3356,66/3b22ab,63307586_45,p21__genomad_pratama (246),COMPLETED,0,2026-10-06 19:05:47.893,2h 39m 6s,2h 24m 22s,0.1%,188.2 MB,4.1 GB,202.5 MB,270.6 MB
3421,b8/533fe5,63307586_61,p21__genomad_pratama (262),COMPLETED,0,2026-10-06 19:05:47.893,2h 39m 36s,2h 24m 57s,0.1%,185.7 MB,3.8 GB,200.4 MB,268.6 MB
2776,ff/753ec8,63325814_0,p21__genomad_pratama (101),COMPLETED,0,2026-10-06 20:15:27.831,1h 30m 36s,1h 29m 49s,0.1%,189.6 MB,4 GB,206 MB,274 MB
3262,0e/8fac56,63307586_22,p21__genomad_pratama (223),COMPLETED,0,2026-10-06 19:05:47.893,2h 40m 47s,2h 29m 55s,0.1%,189.2 MB,4.1 GB,204.3 MB,272.4 MB
3467,50/1e382f,63307586_73,p21__genomad_pratama (274),COMPLETED,0,2026-10-06 19:05:47.893,2h 40m 47s,2h 26m 10s,0.1%,189.3 MB,4 GB,199.4 MB,267.7 MB
3325,c0/fad441,63307586_38,p21__genomad_pratama (239),COMPLETED,0,2026-10-06 19:05:47.893,2h 41m 48s,2h 31m,0.1%,187.5 MB,3.8 GB,224.2 MB,291.6 MB
3334,4b/0bb2a8,63307586_40,p21__genomad_pratama (241),COMPLETED,0,2026-10-06 19:05:47.893,2h 41m 56s,2h 27m 14s,0.1%,187.2 MB,3.8 GB,222.1 MB,289.4 MB
2978,5c/2fd489,63325814_51,p21__genomad_pratama (152),COMPLETED,0,2026-10-06 20:15:27.831,1h 34m 56s,1h 22m 25s,0.2%,190.9 MB,4 GB,237.6 MB,304.3 MB
2808,66/4d90c4,63325814_7,p21__genomad_pratama (108),COMPLETED,0,2026-10-06 20:15:27.831,1h 36m 16s,1h 35m 29s,0.1%,189.5 MB,4.1 GB,224.4 MB,291.7 MB
2800,a6/afe2c3,63325814_3,p21__genomad_pratama (104),COMPLETED,0,2026-10-06 20:15:27.831,1h 36m 36s,1h 35m 49s,0.1%,188.7 MB,4 GB,200.1 MB,268.3 MB
2923,6a/bd4627,63325814_37,p21__genomad_pratama (138),COMPLETED,0,2026-10-06 20:15:27.831,1h 36m 36s,1h 35m 54s,0.1%,190.4 MB,4.2 GB,204.1 MB,272.2 MB
3483,3e/c28d39,63307586_77,p21__genomad_pratama (278),COMPLETED,0,2026-10-06 19:05:47.893,2h 46m 26s,2h 31m 42s,0.1%,189.8 MB,4.2 GB,199.2 MB,267.6 MB
3528,ef/29a65b,63307586_88,p21__genomad_pratama (289),COMPLETED,0,2026-10-06 19:05:47.893,2h 46m 36s,2h 28m 10s,0.1%,187.6 MB,4 GB,199.4 MB,267.8 MB
2879,15/581045,63325814_26,p21__genomad_pratama (127),COMPLETED,0,2026-10-06 20:15:27.831,1h 38m 16s,1h 37m 31s,0.1%,187.6 MB,4 GB,200.7 MB,268.9 MB
3472,64/a258b3,63307586_74,p21__genomad_pratama (275),COMPLETED,0,2026-10-06 19:05:47.893,2h 50m 46s,2h 36m 3s,0.1%,187 MB,3.9 GB,199.3 MB,267.6 MB
2954,dc/d534b9,63325814_45,p21__genomad_pratama (146),COMPLETED,0,2026-10-06 20:15:27.831,1h 41m 26s,1h 28m 56s,0.1%,187.1 MB,3.8 GB,214.5 MB,282.2 MB
3537,e8/6197b9,63307586_90,p21__genomad_pratama (291),COMPLETED,0,2026-10-06 19:05:47.893,2h 51m 16s,2h 32m 54s,0.1%,187.6 MB,3.9 GB,199.2 MB,267.5 MB
2848,21/b58e69,63325814_18,p21__genomad_pratama (119),COMPLETED,0,2026-10-06 20:15:27.831,1h 42m 56s,1h 42m 9s,0.1%,190.3 MB,4 GB,198 MB,266.3 MB
2810,c8/173146,63325814_8,p21__genomad_pratama (109),COMPLETED,0,2026-10-06 20:15:27.831,1h 43m 16s,1h 42m 27s,0.1%,191.3 MB,4 GB,222.3 MB,289.7 MB
2941,1d/9c7978,63325814_41,p21__genomad_pratama (142),COMPLETED,0,2026-10-06 20:15:27.831,1h 44m 16s,1h 31m 49s,0.1%,187.6 MB,4 GB,201 MB,269.2 MB
3266,2f/4fc1ca,63307586_23,p21__genomad_pratama (224),COMPLETED,0,2026-10-06 19:05:47.893,2h 54m 56s,2h 44m 7s,0.1%,188.6 MB,4.2 GB,203.5 MB,271.7 MB
2862,be/c9fac0,63325814_22,p21__genomad_pratama (123),COMPLETED,0,2026-10-06 20:15:27.831,1h 46m 16s,1h 45m 35s,0.1%,188.9 MB,4.2 GB,214.9 MB,282.5 MB
3524,8a/f91247,63307586_87,p21__genomad_pratama (288),COMPLETED,0,2026-10-06 19:05:47.893,2h 56m 16s,2h 37m 54s,0.1%,187.2 MB,3.8 GB,199.8 MB,268.1 MB
2836,1e/d82cf1,63325814_15,p21__genomad_pratama (116),COMPLETED,0,2026-10-06 20:15:27.831,1h 48m 6s,1h 47m 18s,0.1%,188.1 MB,3.9 GB,200.9 MB,269 MB
3233,95/ef2efd,63265158_14,p20__virsorter2_pratama (215),COMPLETED,0,2026-10-06 16:56:39.008,5h 7m 55s,5h 1m 27s,0.1%,187.4 MB,4 GB,458.7 MB,294.3 MB
3545,b9/e20423,63307586_92,p21__genomad_pratama (293),COMPLETED,0,2026-10-06 19:05:47.893,2h 58m 46s,2h 40m 23s,0.1%,187.9 MB,4.1 GB,199 MB,267.4 MB
2870,43/7c3ee6,63325814_24,p21__genomad_pratama (125),COMPLETED,0,2026-10-06 20:15:27.831,1h 49m 36s,1h 48m 46s,0.1%,188.7 MB,4.1 GB,204.9 MB,273 MB
3065,5e/da9ab8,63325814_72,p21__genomad_pratama (173),COMPLETED,0,2026-10-06 20:15:27.831,1h 50m 58s,1h 38m 31s,0.1%,187.7 MB,3.9 GB,205.7 MB,273.7 MB
3042,73/aabb8e,63325814_67,p21__genomad_pratama (168),COMPLETED,0,2026-10-06 20:15:27.831,1h 51m 6s,1h 38m 36s,0.1%,188.1 MB,4 GB,200.4 MB,268.6 MB
3129,c6/e2ca61,63325814_88,p21__genomad_pratama (189),COMPLETED,0,2026-10-06 20:15:27.831,1h 51m 58s,1h 35m 29s,0.1%,188 MB,4 GB,216.3 MB,283.9 MB
2761,e7/d49444,63261598_96,p20__virsorter2_pratama (97),COMPLETED,0,2026-10-06 16:38:58.548,5h 33m 45s,5h 20m 32s,0.1%,187 MB,3.8 GB,477.7 MB,311.4 MB
3549,f3/401084,63307586_93,p21__genomad_pratama (294),COMPLETED,0,2026-10-06 19:05:47.893,3h 7m 26s,2h 49m,0.1%,187.5 MB,3.9 GB,199 MB,267.3 MB
2895,2c/5df31a,63325814_30,p21__genomad_pratama (131),COMPLETED,0,2026-10-06 20:15:27.831,1h 58m 36s,1h 57m 47s,0.1%,188.7 MB,4 GB,210.4 MB,278.3 MB
3076,18/8329a3,63325814_75,p21__genomad_pratama (176),COMPLETED,0,2026-10-06 20:15:27.831,1h 58m 36s,1h 46m 8s,0.1%,188 MB,3.9 GB,224.5 MB,291.7 MB
2778,e9/927f25,63325814_2,p21__genomad_pratama (102),COMPLETED,0,2026-10-06 20:15:27.831,2h 1m 16s,2h 33s,0.1%,187.6 MB,3.9 GB,204.3 MB,272.4 MB
3039,40/609007,63325814_66,p21__genomad_pratama (167),COMPLETED,0,2026-10-06 20:15:27.831,2h 1m 16s,1h 48m 48s,0.1%,187 MB,3.8 GB,200.7 MB,269 MB
3329,42/2f9bff,63307586_39,p21__genomad_pratama (240),COMPLETED,0,2026-10-06 19:05:47.893,3h 11m 46s,3h 55s,0.1%,187.4 MB,3.9 GB,222.8 MB,290.2 MB
2018,b0/d21998,63268289_95,p14__virsorter2_pratama (96),COMPLETED,0,2026-10-06 17:12:18.741,5h 9m 55s,4h 53m 22s,0.1%,186 MB,3.8 GB,437.8 MB,273.3 MB
3173,49/0a69ea,63325814_99,p21__genomad_pratama (200),COMPLETED,0,2026-10-06 20:15:27.831,2h 8m 56s,1h 52m 30s,0.1%,187.1 MB,3.9 GB,198.4 MB,266.7 MB
3052,4d/6c4283,63325814_69,p21__genomad_pratama (170),COMPLETED,0,2026-10-06 20:15:27.831,2h 12m 16s,1h 59m 43s,0.1%,187 MB,3.8 GB,200 MB,268.3 MB
3036,ae/31f5b7,63325814_65,p21__genomad_pratama (166),COMPLETED,0,2026-10-06 20:15:27.831,2h 12m 36s,2h 6s,0.1%,187.3 MB,3.8 GB,201.1 MB,269.4 MB
3150,16/1cfa17,63325814_93,p21__genomad_pratama (194),COMPLETED,0,2026-10-06 20:15:27.831,2h 16m 16s,1h 59m 49s,0.1%,190 MB,4 GB,208.2 MB,276.2 MB
3165,82/dba39f,63325814_97,p21__genomad_pratama (198),COMPLETED,0,2026-10-06 20:15:27.831,2h 17m 46s,2h 1m 13s,0.1%,187.9 MB,4.1 GB,200.4 MB,268.7 MB
3134,ca/563f90,63325814_89,p21__genomad_pratama (190),COMPLETED,0,2026-10-06 20:15:27.831,2h 18m 30s,2h 2m,0.1%,186.8 MB,3.9 GB,215.2 MB,282.9 MB
3104,a5/45df2d,63325814_82,p21__genomad_pratama (183),COMPLETED,0,2026-10-06 20:15:27.831,2h 19m 36s,2h 3m 9s,0.1%,190.7 MB,4.1 GB,200.1 MB,268.4 MB
2989,8d/21b808,63325814_54,p21__genomad_pratama (155),COMPLETED,0,2026-10-06 20:15:27.831,2h 20m 36s,2h 8m 10s,0.1%,186.4 MB,3.9 GB,230.4 MB,297.5 MB
2944,5b/57ab76,63325814_42,p21__genomad_pratama (143),COMPLETED,0,2026-10-06 20:15:27.831,2h 21m 46s,2h 9m 18s,0.1%,186.5 MB,3.8 GB,200.1 MB,268.4 MB
2982,fc/e8f5ef,63325814_52,p21__genomad_pratama (153),COMPLETED,0,2026-10-06 20:15:27.831,2h 21m 56s,2h 9m 30s,0.1%,187.8 MB,4 GB,235.1 MB,301.9 MB
2866,9b/f28864,63325814_23,p21__genomad_pratama (124),COMPLETED,0,2026-10-06 20:15:27.831,2h 22m 16s,2h 21m 27s,0.1%,185.9 MB,3.8 GB,210.9 MB,278.7 MB
2812,54/513cc1,63325814_9,p21__genomad_pratama (110),COMPLETED,0,2026-10-06 20:15:27.831,2h 22m 26s,2h 21m 43s,0.1%,189.1 MB,4.2 GB,220.2 MB,287.7 MB
2970,d4/5e8ff9,63325814_49,p21__genomad_pratama (150),COMPLETED,0,2026-10-06 20:15:27.831,2h 22m 36s,2h 10m 6s,0.1%,189.4 MB,4.1 GB,220.7 MB,288.3 MB
2817,96/0bbe2e,63325814_10,p21__genomad_pratama (111),COMPLETED,0,2026-10-06 20:15:27.831,2h 23m 38s,2h 22m 51s,0.1%,192.1 MB,4.1 GB,219.1 MB,286.6 MB
2902,0f/254135,63325814_32,p21__genomad_pratama (133),COMPLETED,0,2026-10-06 20:15:27.831,2h 24m 48s,2h 24m 5s,0.1%,188.7 MB,4 GB,206.2 MB,274.2 MB
2986,43/6518ce,63325814_53,p21__genomad_pratama (154),COMPLETED,0,2026-10-06 20:15:27.831,2h 25m 16s,2h 12m 50s,0.1%,188.2 MB,4 GB,232.7 MB,299.6 MB
2798,8e/8b70b2,63325814_1,p21__genomad_pratama (103),COMPLETED,0,2026-10-06 20:15:27.831,2h 28m 16s,2h 27m 30s,0.1%,187.2 MB,3.9 GB,203.3 MB,271.5 MB
2959,a6/084bcc,63325814_46,p21__genomad_pratama (147),COMPLETED,0,2026-10-06 20:15:27.831,2h 28m 36s,2h 16m 6s,0.1%,190.6 MB,4 GB,208 MB,275.9 MB
2998,54/424e58,63325814_56,p21__genomad_pratama (157),COMPLETED,0,2026-10-06 20:15:27.831,2h 28m 46s,2h 16m 18s,0.1%,186.7 MB,3.9 GB,226.9 MB,294.1 MB
3080,a8/100197,63325814_76,p21__genomad_pratama (177),COMPLETED,0,2026-10-06 20:15:27.831,2h 29m 18s,2h 16m 44s,0.1%,187.8 MB,3.9 GB,220.4 MB,287.8 MB
3047,93/b1d9e0,63325814_68,p21__genomad_pratama (169),COMPLETED,0,2026-10-06 20:15:27.831,2h 30m 28s,2h 17m 58s,0.1%,191.3 MB,4.2 GB,200.2 MB,268.5 MB
2899,2e/a3daa8,63325814_31,p21__genomad_pratama (132),COMPLETED,0,2026-10-06 20:15:27.831,2h 30m 46s,2h 30m 5s,0.1%,186.4 MB,3.9 GB,208.5 MB,276.5 MB
2820,a9/b22cb2,63325814_11,p21__genomad_pratama (112),COMPLETED,0,2026-10-06 20:15:27.831,2h 32m 6s,2h 31m 16s,0.1%,186.6 MB,4 GB,217.9 MB,285.5 MB
3011,c3/f37e8f,63325814_59,p21__genomad_pratama (160),COMPLETED,0,2026-10-06 20:15:27.831,2h 32m 6s,2h 19m 35s,0.1%,187.1 MB,3.9 GB,200 MB,268.2 MB
2839,7b/a81ba7,63325814_16,p21__genomad_pratama (117),COMPLETED,0,2026-10-06 20:15:27.831,2h 32m 16s,2h 31m 27s,0.1%,184.6 MB,3.8 GB,200.2 MB,268.3 MB
3169,30/ee774a,63325814_98,p21__genomad_pratama (199),COMPLETED,0,2026-10-06 20:15:27.831,2h 35m 16s,2h 18m 49s,0.1%,186.8 MB,3.8 GB,199.7 MB,268.1 MB
2994,2b/04e28e,63325814_55,p21__genomad_pratama (156),COMPLETED,0,2026-10-06 20:15:27.831,2h 36m 48s,2h 24m 20s,0.1%,189 MB,4.1 GB,228.8 MB,295.9 MB
2910,03/574252,63325814_34,p21__genomad_pratama (135),COMPLETED,0,2026-10-06 20:15:27.831,2h 37m 26s,2h 36m 44s,0.1%,188 MB,4 GB,204.4 MB,272.6 MB
3142,da/f3f729,63325814_91,p21__genomad_pratama (192),COMPLETED,0,2026-10-06 20:15:27.831,2h 38m 58s,2h 22m 27s,0.1%,187.2 MB,4.1 GB,213.4 MB,281.3 MB
2906,8e/1df188,63325814_33,p21__genomad_pratama (134),COMPLETED,0,2026-10-06 20:15:27.831,2h 40m 46s,2h 39m 59s,0.1%,189.6 MB,4.1 GB,205 MB,273.1 MB
3014,86/816bf7,63325814_60,p21__genomad_pratama (161),COMPLETED,0,2026-10-06 20:15:27.831,2h 41m 26s,2h 29m,0.1%,190.1 MB,4.2 GB,199.6 MB,267.8 MB
3083,47/04a029,63325814_77,p21__genomad_pratama (178),COMPLETED,0,2026-10-06 20:15:27.831,2h 43m 46s,2h 31m 14s,0.1%,187.6 MB,3.8 GB,219.1 MB,286.5 MB
1910,cb/e924d1,63268289_68,p14__virsorter2_pratama (69),COMPLETED,0,2026-10-06 17:12:18.741,5h 48m 45s,5h 35m 50s,0.1%,187.4 MB,3.9 GB,443.7 MB,278.1 MB
3086,67/bc0d54,63325814_78,p21__genomad_pratama (179),COMPLETED,0,2026-10-06 20:15:27.831,2h 47m 26s,2h 35m 1s,0.1%,185.3 MB,3.8 GB,217.3 MB,284.9 MB
2966,ad/b27209,63325814_48,p21__genomad_pratama (149),COMPLETED,0,2026-10-06 20:15:27.831,2h 49m 6s,2h 36m 41s,0.1%,186.5 MB,3.9 GB,226 MB,293.2 MB
3146,98/e63455,63325814_92,p21__genomad_pratama (193),COMPLETED,0,2026-10-06 20:15:27.831,2h 50m 47s,2h 34m 18s,0.1%,189.5 MB,4.1 GB,213.2 MB,280.9 MB
2949,af/6f2d03,63325814_43,p21__genomad_pratama (144),COMPLETED,0,2026-10-06 20:15:27.831,2h 56m 7s,2h 43m 39s,0.1%,187 MB,3.9 GB,199.3 MB,267.6 MB
3001,55/6fd1c2,63325814_57,p21__genomad_pratama (158),COMPLETED,0,2026-10-06 20:15:27.831,2h 58m 6s,2h 45m 35s,0.1%,187.8 MB,3.9 GB,225.6 MB,292.8 MB
2843,65/3a4836,63325814_17,p21__genomad_pratama (118),COMPLETED,0,2026-10-06 20:15:27.831,2h 58m 16s,2h 57m 34s,0.1%,186.5 MB,4 GB,199.7 MB,268 MB
3108,e1/120245,63325814_83,p21__genomad_pratama (184),COMPLETED,0,2026-10-06 20:15:27.831,3h 1m 36s,2h 45m 11s,0.1%,187.9 MB,3.9 GB,199.4 MB,267.6 MB
3137,27/3ebb55,63325814_90,p21__genomad_pratama (191),COMPLETED,0,2026-10-06 20:15:27.831,3h 14m 56s,2h 58m 22s,0.1%,187.8 MB,3.8 GB,213.9 MB,281.6 MB
4680,e3/dd0c49,63366483,p22__merge_candidate_calls_pratama (1),COMPLETED,0,2026-10-06 23:31:00.552,1h 24m 23s,1h 21m 56s,6.3%,3 GB,6.2 GB,42.2 GB,49.6 GB
4682,8c/4b679c,63379655,p24__contig_length_table (1),COMPLETED,0,2026-10-07 00:55:35.038,48.7s,26.7s,23.7%,191.7 MB,3.2 GB,1.8 GB,1.9 GB
4681,f4/6569ab,63379645,p23__split_viral_contigs_pratama (1),COMPLETED,0,2026-10-07 00:55:26.619,3m 7s,2m,88.0%,191.6 MB,3.2 GB,46.1 GB,46.2 GB
4683,81/908301,63379646,p25__pratama_votu_recovery (1),COMPLETED,0,2026-10-07 00:55:30.091,4m 54s,4m 21s,4.1%,192.8 MB,4.1 GB,6.7 GB,6.7 GB
4726,de/7973c3,63379933_42,p26__checkv_batch_pratama (43),COMPLETED,0,2026-10-07 00:58:38.620,12m 27s,3m 24s,3.4%,192.7 MB,4.9 GB,246.8 MB,315.1 MB
4687,3f/b2555d,63379933_3,p26__checkv_batch_pratama (4),COMPLETED,0,2026-10-07 00:58:38.620,55m 25s,54m 17s,0.2%,193.5 MB,5.2 GB,1.3 GB,1.3 GB
4722,db/6d908b,63379933_38,p26__checkv_batch_pratama (39),COMPLETED,0,2026-10-07 00:58:38.620,58m 15s,57m 7s,0.2%,194.8 MB,5.1 GB,1.3 GB,1.3 GB
4692,05/7b8789,63379933_7,p26__checkv_batch_pratama (9),COMPLETED,0,2026-10-07 00:58:38.620,59m 15s,58m 6s,0.2%,707.3 MB,5.5 GB,1.3 GB,1.4 GB
4704,10/fb2549,63379933_20,p26__checkv_batch_pratama (21),COMPLETED,0,2026-10-07 00:58:38.620,59m 28s,58m 16s,0.2%,195.6 MB,5.2 GB,1.3 GB,1.3 GB
4717,fd/97711e,63379933_35,p26__checkv_batch_pratama (34),COMPLETED,0,2026-10-07 00:58:38.620,59m 28s,58m 10s,0.2%,196 MB,5.1 GB,1.3 GB,1.4 GB
4720,d1/b00eaf,63379933_37,p26__checkv_batch_pratama (37),COMPLETED,0,2026-10-07 00:58:38.620,1h 5s,58m 50s,0.2%,195.7 MB,5.2 GB,1.3 GB,1.3 GB
4700,54/4e1b8d,63379933_16,p26__checkv_batch_pratama (17),COMPLETED,0,2026-10-07 00:58:38.620,1h 15s,59m 8s,0.2%,192.9 MB,5 GB,1.4 GB,1.5 GB
4694,89/28d764,63379933_10,p26__checkv_batch_pratama (11),COMPLETED,0,2026-10-07 00:58:38.620,1h 29s,59m 11s,0.2%,195.8 MB,5.1 GB,1.3 GB,1.3 GB
4721,a3/23c32f,63379933_36,p26__checkv_batch_pratama (38),COMPLETED,0,2026-10-07 00:58:38.620,1h 29s,59m 13s,0.2%,198.4 MB,5.2 GB,1.3 GB,1.4 GB
4703,40/761651,63379933_18,p26__checkv_batch_pratama (20),COMPLETED,0,2026-10-07 00:58:38.620,1h 45s,59m 31s,0.2%,194.1 MB,5 GB,1.3 GB,1.4 GB
4697,89/414247,63379933_12,p26__checkv_batch_pratama (14),COMPLETED,0,2026-10-07 00:58:38.620,1h 55s,59m 42s,0.2%,195.7 MB,5.1 GB,1.4 GB,1.5 GB
4693,ff/bebd43,63379933_9,p26__checkv_batch_pratama (10),COMPLETED,0,2026-10-07 00:58:38.620,1h 1m 5s,59m 59s,0.2%,191.9 MB,4.9 GB,1.3 GB,1.4 GB
4699,ef/5be661,63379933_15,p26__checkv_batch_pratama (16),COMPLETED,0,2026-10-07 00:58:38.620,1h 1m 5s,59m 54s,0.2%,197.2 MB,5.2 GB,1.3 GB,1.3 GB
4708,df/335870,63379933_24,p26__checkv_batch_pratama (25),COMPLETED,0,2026-10-07 00:58:38.620,1h 1m 5s,59m 55s,0.2%,191.2 MB,5 GB,1.2 GB,1.3 GB
4688,3c/d307e3,63379933_4,p26__checkv_batch_pratama (5),COMPLETED,0,2026-10-07 00:58:38.620,1h 1m 27s,1h 14s,0.2%,192.3 MB,5 GB,1.3 GB,1.4 GB
4690,1a/f07362,63379933_5,p26__checkv_batch_pratama (7),COMPLETED,0,2026-10-07 00:58:38.620,1h 1m 27s,1h 10s,0.2%,194.9 MB,5.2 GB,1.3 GB,1.4 GB
4729,09/1cc8de,63379933_45,p26__checkv_batch_pratama (46),COMPLETED,0,2026-10-07 00:58:38.620,1h 1m 45s,52m 35s,0.3%,195.6 MB,5.2 GB,1.4 GB,1.5 GB
4695,79/fbc495,63379933_11,p26__checkv_batch_pratama (12),COMPLETED,0,2026-10-07 00:58:38.620,1h 1m 55s,1h 47s,0.2%,192.8 MB,5 GB,1.3 GB,1.4 GB
4698,27/e15b8a,63379933_14,p26__checkv_batch_pratama (15),COMPLETED,0,2026-10-07 00:58:38.620,1h 2m 5s,1h 50s,0.2%,194.7 MB,5.2 GB,1.4 GB,1.4 GB
4713,dd/b53628,63379933_29,p26__checkv_batch_pratama (30),COMPLETED,0,2026-10-07 00:58:38.620,1h 2m 15s,1h 1m 8s,0.2%,193.5 MB,4.8 GB,1.3 GB,1.4 GB
4723,b7/77cbf6,63379933_39,p26__checkv_batch_pratama (40),COMPLETED,0,2026-10-07 00:58:38.620,1h 2m 15s,1h 1m 4s,0.2%,192.7 MB,4.9 GB,1.3 GB,1.3 GB
4691,96/298ae6,63379933_8,p26__checkv_batch_pratama (8),COMPLETED,0,2026-10-07 00:58:38.620,1h 2m 27s,1h 1m 18s,0.2%,191.4 MB,4.9 GB,1.3 GB,1.4 GB
4689,e1/6ab7a7,63379933_6,p26__checkv_batch_pratama (6),COMPLETED,0,2026-10-07 00:58:38.620,1h 2m 35s,1h 1m 22s,0.2%,192.3 MB,5 GB,1.3 GB,1.3 GB
4719,7d/52f763,63379933_34,p26__checkv_batch_pratama (36),COMPLETED,0,2026-10-07 00:58:38.620,1h 2m 35s,1h 1m 25s,0.2%,193.9 MB,5.2 GB,1.3 GB,1.3 GB
4702,a7/20e587,63379933_17,p26__checkv_batch_pratama (19),COMPLETED,0,2026-10-07 00:58:38.620,1h 3m 5s,1h 1m 51s,0.2%,198.9 MB,5.2 GB,1.3 GB,1.4 GB
4707,2b/cb8597,63379933_22,p26__checkv_batch_pratama (24),COMPLETED,0,2026-10-07 00:58:38.620,1h 3m 5s,1h 1m 52s,0.2%,199.3 MB,5.2 GB,1.3 GB,1.3 GB
4709,6a/6d154a,63379933_27,p26__checkv_batch_pratama (26),COMPLETED,0,2026-10-07 00:58:38.620,1h 3m 15s,1h 2m 4s,0.2%,196.1 MB,5.2 GB,1.3 GB,1.3 GB
4712,65/8107e1,63379933_28,p26__checkv_batch_pratama (29),COMPLETED,0,2026-10-07 00:58:38.620,1h 3m 15s,1h 2m 2s,0.2%,193.4 MB,5.1 GB,1.3 GB,1.3 GB
4696,cb/485256,63379933_13,p26__checkv_batch_pratama (13),COMPLETED,0,2026-10-07 00:58:38.620,1h 3m 28s,1h 2m 21s,0.2%,198.9 MB,5.2 GB,1.2 GB,1.3 GB
4710,a8/dc8e12,63379933_25,p26__checkv_batch_pratama (27),COMPLETED,0,2026-10-07 00:58:38.620,1h 3m 28s,1h 2m 15s,0.2%,193.2 MB,5 GB,1.3 GB,1.3 GB
4706,22/c4ebe5,63379933_21,p26__checkv_batch_pratama (23),COMPLETED,0,2026-10-07 00:58:38.620,1h 3m 35s,1h 2m 23s,0.2%,194.6 MB,5.1 GB,1.3 GB,1.4 GB
4718,c0/e73c49,63379933_33,p26__checkv_batch_pratama (35),COMPLETED,0,2026-10-07 00:58:38.620,1h 3m 45s,1h 2m 35s,0.2%,192.1 MB,5 GB,1.3 GB,1.4 GB
4728,09/2bbd07,63379933_44,p26__checkv_batch_pratama (45),COMPLETED,0,2026-10-07 00:58:38.620,1h 3m 55s,54m 45s,0.2%,195.8 MB,5.2 GB,1.3 GB,1.3 GB
4686,6d/21f5a2,63379933_2,p26__checkv_batch_pratama (3),COMPLETED,0,2026-10-07 00:58:38.620,1h 4m 15s,1h 3m 3s,0.2%,193.2 MB,5 GB,1.3 GB,1.4 GB
4685,a8/fea9cb,63379933_1,p26__checkv_batch_pratama (2),COMPLETED,0,2026-10-07 00:58:38.620,1h 4m 37s,1h 3m 29s,0.3%,193.8 MB,5.2 GB,1.3 GB,1.4 GB
4705,e3/30d2a2,63379933_23,p26__checkv_batch_pratama (22),COMPLETED,0,2026-10-07 00:58:38.620,1h 4m 37s,1h 3m 26s,0.2%,194.4 MB,4.9 GB,1.3 GB,1.4 GB
4711,34/7be2b0,63379933_26,p26__checkv_batch_pratama (28),COMPLETED,0,2026-10-07 00:58:38.620,1h 5m 15s,1h 4m 7s,0.2%,195.1 MB,5.1 GB,1.3 GB,1.4 GB
4714,8e/e54913,63379933_30,p26__checkv_batch_pratama (31),COMPLETED,0,2026-10-07 00:58:38.620,1h 6m 25s,1h 5m 12s,0.2%,193.6 MB,5 GB,1.3 GB,1.3 GB
4715,51/a137cc,63379933_31,p26__checkv_batch_pratama (32),COMPLETED,0,2026-10-07 00:58:38.620,1h 6m 55s,1h 5m 48s,0.2%,193.4 MB,4.9 GB,1.3 GB,1.4 GB
4684,a8/0da4d7,63379933_0,p26__checkv_batch_pratama (1),COMPLETED,0,2026-10-07 00:58:38.620,1h 7m 25s,1h 6m 15s,0.3%,192.9 MB,4.9 GB,1.2 GB,1.3 GB
4701,b6/e0f5d4,63379933_19,p26__checkv_batch_pratama (18),COMPLETED,0,2026-10-07 00:58:38.620,1h 7m 45s,1h 6m 38s,0.2%,196 MB,5.2 GB,1.3 GB,1.3 GB
4716,73/10dc8f,63379933_32,p26__checkv_batch_pratama (33),COMPLETED,0,2026-10-07 00:58:38.620,1h 8m 5s,1h 6m 54s,0.2%,193.4 MB,4.9 GB,1.3 GB,1.4 GB
4725,a1/40bc4e,63379933_41,p26__checkv_batch_pratama (42),COMPLETED,0,2026-10-07 00:58:38.620,1h 10m 25s,1h 1m 24s,0.3%,192.3 MB,4.9 GB,1.3 GB,1.3 GB
4724,b5/6c90bb,63379933_40,p26__checkv_batch_pratama (41),COMPLETED,0,2026-10-07 00:58:38.620,1h 10m 55s,1h 1m 47s,0.3%,219.6 MB,5.2 GB,1.3 GB,1.4 GB
4731,c2/68df87,63379933_47,p26__checkv_batch_pratama (48),COMPLETED,0,2026-10-07 00:58:38.620,1h 11m 55s,1h 2m 50s,0.2%,196.3 MB,5.1 GB,1.4 GB,1.4 GB
4730,eb/960275,63379933_46,p26__checkv_batch_pratama (47),COMPLETED,0,2026-10-07 00:58:38.620,1h 13m 7s,1h 3m 55s,0.2%,194.9 MB,5.1 GB,1.4 GB,1.5 GB
4727,94/19d1c2,63379933_43,p26__checkv_batch_pratama (44),COMPLETED,0,2026-10-07 00:58:38.620,1h 13m 45s,1h 4m 42s,0.2%,192.2 MB,4.8 GB,1.3 GB,1.4 GB
4733,74/cee825,63386779_1,p27__curate_trim_batch_pratama (2),COMPLETED,0,2026-10-07 02:12:30.261,3m 4s,17.1s,57.9%,237.6 MB,3.1 GB,1.2 GB,1.2 GB
4738,e7/9ae558,63386779_6,p27__curate_trim_batch_pratama (7),COMPLETED,0,2026-10-07 02:12:30.261,3m 4s,20.7s,31.1%,194.3 MB,3 GB,1.1 GB,1.1 GB
4746,fb/b1b557,63386779_14,p27__curate_trim_batch_pratama (15),COMPLETED,0,2026-10-07 02:12:30.261,3m 4s,15.5s,53.9%,202.2 MB,3.1 GB,1.2 GB,1.2 GB
4752,06/4c83d1,63386779_20,p27__curate_trim_batch_pratama (21),COMPLETED,0,2026-10-07 02:12:30.261,3m 4s,19.8s,34.9%,204.4 MB,3.1 GB,1.2 GB,1.2 GB
4756,92/b58f19,63386779_24,p27__curate_trim_batch_pratama (25),COMPLETED,0,2026-10-07 02:12:30.261,3m 4s,21.6s,31.0%,194.6 MB,3.1 GB,1.2 GB,1.2 GB
4767,42/b0c909,63386779_35,p27__curate_trim_batch_pratama (36),COMPLETED,0,2026-10-07 02:12:30.261,3m 4s,17.2s,33.3%,255.4 MB,3.1 GB,1.2 GB,1.2 GB
4771,91/f80e18,63386779_39,p27__curate_trim_batch_pratama (40),COMPLETED,0,2026-10-07 02:12:30.261,3m 14s,28.7s,20.6%,201.7 MB,3.1 GB,1.1 GB,1.1 GB
4747,a4/75df02,63386779_15,p27__curate_trim_batch_pratama (16),COMPLETED,0,2026-10-07 02:12:30.261,3m 24s,43s,16.7%,262.1 MB,3.3 GB,1.1 GB,1.1 GB
4751,90/5b5c9c,63386779_19,p27__curate_trim_batch_pratama (20),COMPLETED,0,2026-10-07 02:12:30.261,3m 24s,43.9s,15.8%,263.1 MB,3.2 GB,1.2 GB,1.2 GB
4760,c5/8c69f3,63386779_28,p27__curate_trim_batch_pratama (29),COMPLETED,0,2026-10-07 02:12:30.261,3m 24s,36.5s,24.9%,242.7 MB,3.3 GB,1.2 GB,1.2 GB
4766,2e/9d533f,63386779_34,p27__curate_trim_batch_pratama (35),COMPLETED,0,2026-10-07 02:12:30.261,3m 24s,41.3s,13.3%,194.2 MB,3.1 GB,1.1 GB,1.1 GB
4780,9d/579441,63386783,p28__checkv_merge_pratama (1),COMPLETED,0,2026-10-07 02:12:37.384,3m 16s,35.3s,50.3%,1.1 GB,3.8 GB,7.8 GB,7.8 GB
4743,2c/4359fa,63386779_10,p27__curate_trim_batch_pratama (12),COMPLETED,0,2026-10-07 02:12:30.261,3m 34s,51.3s,19.8%,274.7 MB,3.2 GB,1.2 GB,1.2 GB
4763,15/12ede3,63386779_31,p27__curate_trim_batch_pratama (32),COMPLETED,0,2026-10-07 02:12:30.261,3m 34s,47s,13.0%,194.9 MB,3 GB,1.2 GB,1.2 GB
4736,a0/20978c,63386779_3,p27__curate_trim_batch_pratama (5),COMPLETED,0,2026-10-07 02:12:30.261,3m 44s,1m 1s,12.8%,193.8 MB,3.1 GB,1.2 GB,1.2 GB
4749,16/f81814,63386779_16,p27__curate_trim_batch_pratama (18),COMPLETED,0,2026-10-07 02:12:30.261,3m 44s,56.4s,13.3%,193.3 MB,3.1 GB,1.2 GB,1.2 GB
4753,5e/5d999b,63386779_21,p27__curate_trim_batch_pratama (22),COMPLETED,0,2026-10-07 02:12:30.261,3m 44s,54.4s,11.9%,240.7 MB,3.1 GB,1.1 GB,1.2 GB
4762,70/4fa92d,63386779_30,p27__curate_trim_batch_pratama (31),COMPLETED,0,2026-10-07 02:12:30.261,3m 44s,1m,10.8%,194.1 MB,3.1 GB,1.1 GB,1.2 GB
4759,bc/e6d403,63386779_27,p27__curate_trim_batch_pratama (28),COMPLETED,0,2026-10-07 02:12:30.261,3m 54s,1m 8s,11.6%,193.7 MB,3.1 GB,1.2 GB,1.2 GB
4768,aa/7169a9,63386779_36,p27__curate_trim_batch_pratama (37),COMPLETED,0,2026-10-07 02:12:30.261,3m 54s,1m 9s,8.3%,255.4 MB,3.1 GB,1.2 GB,1.2 GB
4739,f8/1afc61,63386779_7,p27__curate_trim_batch_pratama (8),COMPLETED,0,2026-10-07 02:12:30.261,4m 4s,1m 16s,9.2%,193.6 MB,3.1 GB,1.2 GB,1.2 GB
4740,89/962258,63386779_8,p27__curate_trim_batch_pratama (9),COMPLETED,0,2026-10-07 02:12:30.261,4m 25s,1m 33s,9.2%,194.8 MB,3.1 GB,1.1 GB,1.1 GB
4741,6e/a27af1,63386779_9,p27__curate_trim_batch_pratama (10),COMPLETED,0,2026-10-07 02:12:30.261,4m 25s,1m 40s,8.8%,260 MB,3.2 GB,1.2 GB,1.2 GB
4757,0c/ae3a6f,63386779_25,p27__curate_trim_batch_pratama (26),COMPLETED,0,2026-10-07 02:12:30.261,4m 25s,1m 40s,6.5%,205.1 MB,3.1 GB,1.2 GB,1.2 GB
4765,ea/2382eb,63386779_33,p27__curate_trim_batch_pratama (34),COMPLETED,0,2026-10-07 02:12:30.261,4m 25s,1m 38s,5.5%,241.4 MB,3.2 GB,1.2 GB,1.2 GB
4750,1b/5883c4,63386779_18,p27__curate_trim_batch_pratama (19),COMPLETED,0,2026-10-07 02:12:30.261,4m 34s,1m 53s,6.4%,194.4 MB,3.1 GB,1.2 GB,1.2 GB
4758,0e/7017bd,63386779_26,p27__curate_trim_batch_pratama (27),COMPLETED,0,2026-10-07 02:12:30.261,4m 34s,1m 47s,6.1%,193.8 MB,2.9 GB,1.2 GB,1.2 GB
4764,a9/6b02bc,63386779_32,p27__curate_trim_batch_pratama (33),COMPLETED,0,2026-10-07 02:12:30.261,4m 34s,1m 48s,5.0%,261 MB,3.2 GB,1.2 GB,1.2 GB
4734,11/64b882,63386779_2,p27__curate_trim_batch_pratama (3),COMPLETED,0,2026-10-07 02:12:30.261,4m 44s,2m 2s,5.8%,239.6 MB,3.2 GB,1.1 GB,1.1 GB
4742,0a/41ae43,63386779_11,p27__curate_trim_batch_pratama (11),COMPLETED,0,2026-10-07 02:12:30.261,4m 44s,1m 56s,7.7%,256.1 MB,3.2 GB,1.2 GB,1.2 GB
4748,0a/1ec5fb,63386779_17,p27__curate_trim_batch_pratama (17),COMPLETED,0,2026-10-07 02:12:30.261,4m 44s,1m 57s,5.9%,194.6 MB,3.1 GB,1.2 GB,1.2 GB
4761,71/b36a4e,63386779_29,p27__curate_trim_batch_pratama (30),COMPLETED,0,2026-10-07 02:12:30.261,4m 44s,1m 58s,5.9%,196.8 MB,3.1 GB,1.1 GB,1.1 GB
4770,bc/398bb8,63386779_38,p27__curate_trim_batch_pratama (39),COMPLETED,0,2026-10-07 02:12:30.261,4m 44s,2m 1s,4.5%,194.1 MB,3.1 GB,1.2 GB,1.2 GB
4737,6f/aa6e30,63386779_5,p27__curate_trim_batch_pratama (6),COMPLETED,0,2026-10-07 02:12:30.261,4m 54s,2m 9s,6.0%,194.6 MB,3 GB,1.1 GB,1.2 GB
4755,8a/7db734,63386779_23,p27__curate_trim_batch_pratama (24),COMPLETED,0,2026-10-07 02:12:30.261,4m 54s,2m 5s,5.1%,242 MB,3.1 GB,1.1 GB,1.2 GB
4769,d5/b099ec,63386779_37,p27__curate_trim_batch_pratama (38),COMPLETED,0,2026-10-07 02:12:30.261,4m 54s,2m 14s,4.2%,247.1 MB,3.1 GB,1.2 GB,1.2 GB
4732,38/fd82da,63386779_0,p27__curate_trim_batch_pratama (1),COMPLETED,0,2026-10-07 02:12:30.261,5m 4s,2m 17s,5.0%,193.1 MB,3.3 GB,238.6 MB,298.7 MB
4745,7b/224a8d,63386779_12,p27__curate_trim_batch_pratama (14),COMPLETED,0,2026-10-07 02:12:30.261,5m 4s,2m 22s,6.4%,241.2 MB,3.2 GB,1.1 GB,1.1 GB
4744,77/67e17a,63386779_13,p27__curate_trim_batch_pratama (13),COMPLETED,0,2026-10-07 02:12:30.261,5m 4s,2m 14s,5.2%,194.9 MB,3 GB,1.1 GB,1.1 GB
4754,40/8719d4,63386779_22,p27__curate_trim_batch_pratama (23),COMPLETED,0,2026-10-07 02:12:30.261,5m 4s,2m 16s,4.8%,262.7 MB,3.1 GB,1.2 GB,1.2 GB
4735,03/958f3d,63386779_4,p27__curate_trim_batch_pratama (4),COMPLETED,0,2026-10-07 02:12:30.261,5m 14s,2m 27s,4.9%,251.1 MB,3.2 GB,1.1 GB,1.1 GB
4774,d6/81e24c,63386779_42,p27__curate_trim_batch_pratama (43),COMPLETED,0,2026-10-07 02:12:30.261,11m 7s,21.7s,35.9%,194.7 MB,3.1 GB,1.2 GB,1.2 GB
4779,e5/861733,63386779_47,p27__curate_trim_batch_pratama (48),COMPLETED,0,2026-10-07 02:12:30.261,11m 34s,50.7s,15.9%,247.4 MB,3.1 GB,1.1 GB,1.1 GB
4776,69/bc9399,63386779_44,p27__curate_trim_batch_pratama (45),COMPLETED,0,2026-10-07 02:12:30.261,12m 5s,1m 21s,9.6%,202.3 MB,3.1 GB,1.2 GB,1.2 GB
4778,79/537037,63386779_46,p27__curate_trim_batch_pratama (47),COMPLETED,0,2026-10-07 02:12:30.261,12m 5s,1m 16s,11.6%,279.8 MB,3.2 GB,1.2 GB,1.2 GB
4777,17/69489d,63386779_45,p27__curate_trim_batch_pratama (46),COMPLETED,0,2026-10-07 02:12:30.261,12m 34s,1m 52s,7.6%,195.5 MB,3.1 GB,1.2 GB,1.2 GB
4772,f9/2b4f17,63386779_40,p27__curate_trim_batch_pratama (41),COMPLETED,0,2026-10-07 02:12:30.261,12m 44s,1m 54s,6.2%,232.6 MB,3.1 GB,1.1 GB,1.1 GB
4773,1d/2c19b6,63386779_41,p27__curate_trim_batch_pratama (42),COMPLETED,0,2026-10-07 02:12:30.261,12m 54s,2m 5s,6.0%,240.4 MB,3.1 GB,1.1 GB,1.1 GB
4775,0c/f65d36,63386779_43,p27__curate_trim_batch_pratama (44),COMPLETED,0,2026-10-07 02:12:30.261,13m 4s,2m 21s,5.3%,195.6 MB,3 GB,1.1 GB,1.1 GB
4781,10/fce9e1,63388400,p29__curate_merge_pratama (1),COMPLETED,0,2026-10-07 02:25:40.345,8m 53s,2m 24s,90.8%,2 GB,4.9 GB,42.9 GB,43 GB
4782,d0/fd73f6,63389162,p30__mmseqs_votu_pratama (1),COMPLETED,0,2026-10-07 02:34:36.555,25m 47s,24m 57s,0.6%,197 MB,5.2 GB,1.6 GB,1.6 GB
4783,0b/bdaf1f,63391571,p31__votu_representatives_pratama (1),COMPLETED,0,2026-10-07 03:00:26.204,8m 48s,1m 52s,12.9%,1.6 GB,4.7 GB,4.3 GB,3.4 GB
4784,55/2bb716,63392360,p32__genomad_island_annotate_pratama (1),COMPLETED,0,2026-10-07 03:09:16.778,14m 37s,4m 28s,2.7%,197.9 MB,4.2 GB,370.6 MB,323.5 MB
4785,32/e4a723,63394566,p33__island_filter_pratama (1),COMPLETED,0,2026-10-07 03:23:57.952,7m 56s,36.1s,70.8%,3 GB,5.8 GB,5.6 GB,5.5 GB
4786,52/3d3bf0,63395562,p34__final_votu_recovery_pratama (1),COMPLETED,0,2026-10-07 03:31:56.182,4m 8s,54.4s,11.9%,192.4 MB,3.9 GB,892.1 MB,960.5 MB
