task_id,hash,native_id,name,status,exit,submit,duration,realtime,%cpu,peak_rss,peak_vmem,rchar,wchar
7,f7/990e4c,2790391,p01__seqkit_reads_cached (3),COMPLETED,0,2026-10-07 04:35:19.822,777ms,18ms,13.2%,0,0,106.4 KB,1.3 KB
1,62/42cacc,2790221,p01__seqkit_reads_cached (1),COMPLETED,0,2026-10-07 04:35:19.605,1s,31ms,9.4%,0,0,106.4 KB,1.3 KB
6,26/ab8a26,2790274,p03__fastp_report_pratama_cached (3),COMPLETED,0,2026-10-07 04:35:19.700,949ms,75ms,7.4%,0,0,111.4 KB,1.5 KB
5,b7/1a4b32,2790269,p03__fastp_report_pratama_cached (2),COMPLETED,0,2026-10-07 04:35:19.688,1.2s,28ms,8.4%,0,0,111.4 KB,1.5 KB
2,23/64c2d2,2790230,p03__fastp_report_pratama_cached (1),COMPLETED,0,2026-10-07 04:35:19.629,1.3s,104ms,0.0%,0,0,111.4 KB,1.5 KB
4,f4/4d517b,2790240,p01__seqkit_reads_cached (2),COMPLETED,0,2026-10-07 04:35:19.644,1.4s,36ms,0.0%,0,0,106.4 KB,1.3 KB
8,c1/212b63,2790455,p02__bbduk_pratama_cached (2),COMPLETED,0,2026-10-07 04:35:19.880,1.2s,37ms,0.0%,0,0,106.6 KB,1.5 KB
3,4f/6379b0,2790252,p02__bbduk_pratama_cached (1),COMPLETED,0,2026-10-07 04:35:19.671,1.5s,72ms,0.0%,0,0,106.6 KB,1.5 KB
10,1a/2e1a3f,2791284,p03__fastp_report_pratama_cached (5),COMPLETED,0,2026-10-07 04:35:20.657,1.2s,60ms,7.5%,0,0,111.4 KB,1.5 KB
9,70/65e71d,2791229,p03__fastp_report_pratama_cached (4),COMPLETED,0,2026-10-07 04:35:20.625,1.4s,33ms,14.3%,0,0,111.4 KB,1.5 KB
13,4a/1b7f4a,2791347,p03__fastp_report_pratama_cached (6),COMPLETED,0,2026-10-07 04:35:20.853,1.3s,62ms,5.3%,0,0,111.4 KB,1.5 KB
16,98/5c9e76,2791409,p01__seqkit_reads_cached (6),COMPLETED,0,2026-10-07 04:35:21.193,1s,38ms,0.0%,0,0,106.4 KB,1.3 KB
14,d0/d1a178,2791387,p01__seqkit_reads_cached (5),COMPLETED,0,2026-10-07 04:35:21.102,1.1s,54ms,6.3%,0,0,106.4 KB,1.3 KB
11,2c/d13942,2791323,p02__bbduk_pratama_cached (3),COMPLETED,0,2026-10-07 04:35:20.720,1.7s,81ms,4.2%,0,0,106.6 KB,1.5 KB
17,80/624c04,2791821,p02__bbduk_pratama_cached (4),COMPLETED,0,2026-10-07 04:35:21.828,706ms,36ms,0.0%,0,0,106.6 KB,1.5 KB
12,86/e3905d,2791353,p01__seqkit_reads_cached (4),COMPLETED,0,2026-10-07 04:35:20.925,1.6s,47ms,0.0%,0,0,106.4 KB,1.3 KB
15,51/0c4fc8,2791391,p03__fastp_report_pratama_cached (7),COMPLETED,0,2026-10-07 04:35:21.116,1.4s,58ms,0.0%,0,0,111.4 KB,1.5 KB
20,0b/260095,2792296,p02__bbduk_pratama_cached (5),COMPLETED,0,2026-10-07 04:35:22.284,978ms,72ms,7.0%,0,0,106.6 KB,1.5 KB
18,36/39888e,2792062,p01__seqkit_reads_cached (7),COMPLETED,0,2026-10-07 04:35:22.029,1.1s,62ms,6.4%,0,0,106.4 KB,1.3 KB
19,1b/c8336b,2792157,p03__fastp_report_pratama_cached (8),COMPLETED,0,2026-10-07 04:35:22.227,1.2s,72ms,6.1%,0,0,111.4 KB,1.5 KB
21,45/dd984e,2792356,p03__fastp_report_pratama_cached (9),COMPLETED,0,2026-10-07 04:35:22.436,1s,55ms,7.1%,0,0,111.4 KB,1.5 KB
25,bf/9e6614,2792442,p02__bbduk_pratama_cached (6),COMPLETED,0,2026-10-07 04:35:22.576,886ms,99ms,4.9%,0,0,106.6 KB,1.5 KB
23,72/5d4b0c,2792428,p03__fastp_report_pratama_cached (11),COMPLETED,0,2026-10-07 04:35:22.570,996ms,88ms,4.7%,0,0,111.4 KB,1.5 KB
24,9a/ff0a2f,2792399,p01__seqkit_reads_cached (8),COMPLETED,0,2026-10-07 04:35:22.542,1.2s,56ms,0.0%,0,0,106.4 KB,1.3 KB
22,74/b3a148,2792358,p03__fastp_report_pratama_cached (10),COMPLETED,0,2026-10-07 04:35:22.480,1.3s,45ms,0.0%,0,0,111.4 KB,1.5 KB
27,95/0e7ad2,2793001,p02__bbduk_pratama_cached (7),COMPLETED,0,2026-10-07 04:35:23.276,765ms,53ms,5.6%,0,0,106.6 KB,1.5 KB
26,37/7ae29a,2792982,p01__seqkit_reads_cached (9),COMPLETED,0,2026-10-07 04:35:23.186,870ms,21ms,12.4%,0,0,106.4 KB,1.3 KB
32,26/397e92,2793357,p02__bbduk_pratama_cached (8),COMPLETED,0,2026-10-07 04:35:23.720,716ms,22ms,0.0%,0,0,106.6 KB,1.5 KB
28,16/d8ba28,2793323,p01__seqkit_reads_cached (10),COMPLETED,0,2026-10-07 04:35:23.394,1.2s,15ms,0.0%,0,0,106.4 KB,1.3 KB
31,09/eb008c,2793366,p03__fastp_report_pratama_cached (13),COMPLETED,0,2026-10-07 04:35:23.752,828ms,59ms,5.6%,0,0,111.4 KB,1.5 KB
30,d7/ada214,2793349,p03__fastp_report_pratama_cached (12),COMPLETED,0,2026-10-07 04:35:23.474,1.4s,82ms,0.0%,0,0,111.4 KB,1.5 KB
29,24/26b951,2793337,p01__seqkit_reads_cached (11),COMPLETED,0,2026-10-07 04:35:23.460,1.4s,36ms,7.3%,0,0,106.4 KB,1.3 KB
34,6a/7ae74c,2793684,p03__fastp_report_pratama_cached (14),COMPLETED,0,2026-10-07 04:35:24.054,808ms,14ms,0.0%,0,0,111.4 KB,1.5 KB
33,84/97308f,2793389,p01__seqkit_reads_cached (12),COMPLETED,0,2026-10-07 04:35:23.788,1.1s,58ms,0.0%,0,0,106.4 KB,1.3 KB
35,d7/b72ecc,2793914,p03__fastp_report_pratama_cached (15),COMPLETED,0,2026-10-07 04:35:24.218,970ms,33ms,6.7%,0,0,111.4 KB,1.5 KB
36,e5/cff401,2794067,p03__fastp_report_pratama_cached (16),COMPLETED,0,2026-10-07 04:35:24.443,769ms,50ms,6.7%,0,0,111.4 KB,1.5 KB
37,87/3ff473,2794332,p02__bbduk_pratama_cached (9),COMPLETED,0,2026-10-07 04:35:24.579,726ms,10ms,0.0%,0,0,106.6 KB,1.5 KB
38,9f/e8f873,2794355,p01__seqkit_reads_cached (13),COMPLETED,0,2026-10-07 04:35:24.730,897ms,48ms,0.0%,0,0,106.4 KB,1.3 KB
40,29/607264,2794593,p01__seqkit_reads_cached (15),COMPLETED,0,2026-10-07 04:35:24.896,909ms,18ms,0.0%,0,0,106.4 KB,1.3 KB
42,40/a0da30,2794616,p03__fastp_report_pratama_cached (18),COMPLETED,0,2026-10-07 04:35:25.094,916ms,55ms,7.0%,0,0,111.4 KB,1.5 KB
41,be/dce549,2794600,p03__fastp_report_pratama_cached (17),COMPLETED,0,2026-10-07 04:35:25.032,1s,58ms,6.0%,0,0,111.4 KB,1.5 KB
39,bc/a4987f,2794584,p01__seqkit_reads_cached (14),COMPLETED,0,2026-10-07 04:35:24.891,1.1s,27ms,12.9%,0,0,106.4 KB,1.3 KB
44,72/fe8d12,2794999,p01__seqkit_reads_cached (16),COMPLETED,0,2026-10-07 04:35:25.292,1.1s,52ms,0.0%,0,0,106.4 KB,1.3 KB
45,eb/a843a0,2795046,p02__bbduk_pratama_cached (11),COMPLETED,0,2026-10-07 04:35:25.313,1.1s,35ms,0.0%,0,0,106.6 KB,1.5 KB
43,7b/f4e3d0,2794953,p02__bbduk_pratama_cached (10),COMPLETED,0,2026-10-07 04:35:25.224,1.2s,113ms,0.0%,0,0,106.6 KB,1.5 KB
46,9e/67afa4,2795345,p03__fastp_report_pratama_cached (19),COMPLETED,0,2026-10-07 04:35:25.642,817ms,67ms,4.5%,0,0,111.4 KB,1.5 KB
48,bd/90b419,2795874,p01__seqkit_reads_cached (17),COMPLETED,0,2026-10-07 04:35:26.008,673ms,53ms,0.0%,0,0,106.4 KB,1.3 KB
47,7a/ac3d85,2795811,p02__bbduk_pratama_cached (12),COMPLETED,0,2026-10-07 04:35:25.811,979ms,21ms,0.0%,0,0,106.6 KB,1.5 KB
50,d5/ab9f75,2795905,p03__fastp_report_pratama_cached (20),COMPLETED,0,2026-10-07 04:35:26.037,767ms,69ms,5.8%,0,0,111.4 KB,1.5 KB
49,ed/c72e3f,2795903,p01__seqkit_reads_cached (18),COMPLETED,0,2026-10-07 04:35:26.027,789ms,67ms,0.0%,0,0,106.4 KB,1.3 KB
51,fc/4a8d2d,2796225,p02__bbduk_pratama_cached (13),COMPLETED,0,2026-10-07 04:35:26.433,665ms,40ms,12.8%,0,0,106.6 KB,1.5 KB
55,15/52af7e,2796503,p03__fastp_report_pratama_cached (22),COMPLETED,0,2026-10-07 04:35:26.686,919ms,59ms,5.5%,0,0,111.4 KB,1.5 KB
57,4c/f42d13,2796535,p02__bbduk_pratama_cached (15),COMPLETED,0,2026-10-07 04:35:26.813,816ms,117ms,0.0%,0,0,106.6 KB,1.5 KB
56,b2/7bef14,2796528,p01__seqkit_reads_cached (20),COMPLETED,0,2026-10-07 04:35:26.795,866ms,119ms,0.0%,0,0,106.4 KB,1.3 KB
54,bb/d8a6d5,2796476,p02__bbduk_pratama_cached (14),COMPLETED,0,2026-10-07 04:35:26.507,1.3s,59ms,5.2%,0,0,106.6 KB,1.5 KB
53,a7/953c6f,2796475,p01__seqkit_reads_cached (19),COMPLETED,0,2026-10-07 04:35:26.501,1.3s,35ms,12.5%,0,0,106.4 KB,1.3 KB
58,0d/6492a4,2796546,p03__fastp_report_pratama_cached (23),COMPLETED,0,2026-10-07 04:35:26.826,1s,127ms,3.4%,0,0,111.4 KB,1.5 KB
52,42/d3112b,2796459,p03__fastp_report_pratama_cached (21),COMPLETED,0,2026-10-07 04:35:26.458,1.4s,135ms,4.2%,0,0,111.4 KB,1.5 KB
60,e4/d54a07,2796864,p03__fastp_report_pratama_cached (24),COMPLETED,0,2026-10-07 04:35:27.109,1.1s,103ms,4.6%,0,0,111.4 KB,1.5 KB
62,fc/cb5224,2797329,p01__seqkit_reads_cached (22),COMPLETED,0,2026-10-07 04:35:27.667,686ms,36ms,0.0%,0,0,106.4 KB,1.3 KB
61,c9/bd6b38,2797280,p02__bbduk_pratama_cached (16),COMPLETED,0,2026-10-07 04:35:27.612,682ms,9ms,0.0%,0,0,106.6 KB,1.5 KB
59,3d/9c4d5e,2797307,p01__seqkit_reads_cached (21),COMPLETED,0,2026-10-07 04:35:27.636,766ms,34ms,8.3%,0,0,106.4 KB,1.3 KB
63,db/bd0aba,2797502,p03__fastp_report_pratama_cached (25),COMPLETED,0,2026-10-07 04:35:27.839,934ms,9ms,16.4%,0,0,111.4 KB,1.5 KB
64,a5/08badf,2797785,p03__fastp_report_pratama_cached (26),COMPLETED,0,2026-10-07 04:35:27.946,1s,56ms,6.7%,0,0,111.4 KB,1.5 KB
65,f0/9c8e7b,2797793,p01__seqkit_reads_cached (23),COMPLETED,0,2026-10-07 04:35:28.004,1.1s,12ms,0.0%,0,0,106.4 KB,1.3 KB
69,fb/ccbf6a,2797851,p01__seqkit_reads_cached (25),COMPLETED,0,2026-10-07 04:35:28.360,835ms,94ms,0.0%,0,0,106.4 KB,1.3 KB
66,e2/7ee4dc,2797807,p02__bbduk_pratama_cached (17),COMPLETED,0,2026-10-07 04:35:28.072,1.1s,54ms,7.4%,0,0,106.6 KB,1.5 KB
68,20/1380d4,2797849,p03__fastp_report_pratama_cached (27),COMPLETED,0,2026-10-07 04:35:28.321,924ms,126ms,0.0%,0,0,111.4 KB,1.5 KB
67,d6/dba70b,2797835,p01__seqkit_reads_cached (24),COMPLETED,0,2026-10-07 04:35:28.255,1.1s,116ms,4.5%,0,0,106.4 KB,1.3 KB
71,c6/2de4f0,2798278,p02__bbduk_pratama_cached (18),COMPLETED,0,2026-10-07 04:35:28.779,980ms,49ms,10.1%,0,0,106.6 KB,1.5 KB
70,bd/6a8413,2798175,p03__fastp_report_pratama_cached (28),COMPLETED,0,2026-10-07 04:35:28.411,1.2s,64ms,8.3%,0,0,111.4 KB,1.5 KB
72,41/0dd250,2798507,p01__seqkit_reads_cached (26),COMPLETED,0,2026-10-07 04:35:28.964,949ms,13ms,0.0%,0,0,106.4 KB,1.3 KB
74,f8/c1c16f,2798729,p02__bbduk_pratama_cached (19),COMPLETED,0,2026-10-07 04:35:29.066,956ms,23ms,0.0%,0,0,106.6 KB,1.5 KB
73,d5/c01a8b,2798905,p01__seqkit_reads_cached (27),COMPLETED,0,2026-10-07 04:35:29.217,833ms,29ms,0.0%,0,0,106.4 KB,1.3 KB
77,e3/1daa7f,2798990,p03__fastp_report_pratama_cached (30),COMPLETED,0,2026-10-07 04:35:29.388,672ms,54ms,0.0%,0,0,111.4 KB,1.5 KB
76,57/00de20,2798968,p02__bbduk_pratama_cached (20),COMPLETED,0,2026-10-07 04:35:29.260,799ms,43ms,0.0%,0,0,106.6 KB,1.5 KB
75,12/4a630b,2798955,p03__fastp_report_pratama_cached (29),COMPLETED,0,2026-10-07 04:35:29.243,1.4s,43ms,7.9%,0,0,111.4 KB,1.5 KB
80,cb/c7b90a,2799490,p03__fastp_report_pratama_cached (31),COMPLETED,0,2026-10-07 04:35:30.032,751ms,69ms,0.0%,0,0,111.4 KB,1.5 KB
78,ac/0cce1c,2799466,p01__seqkit_reads_cached (28),COMPLETED,0,2026-10-07 04:35:29.571,1.2s,4ms,0.0%,0,0,106.4 KB,1.3 KB
84,dc/743932,2799519,p03__fastp_report_pratama_cached (32),COMPLETED,0,2026-10-07 04:35:30.086,861ms,54ms,0.0%,0,0,111.4 KB,1.5 KB
79,0e/e3cec4,2799478,p01__seqkit_reads_cached (29),COMPLETED,0,2026-10-07 04:35:29.769,1.2s,68ms,0.0%,0,0,106.4 KB,1.3 KB
81,70/d7207f,2799482,p02__bbduk_pratama_cached (21),COMPLETED,0,2026-10-07 04:35:29.922,1.1s,63ms,0.0%,0,0,106.6 KB,1.5 KB
82,4b/66c7b3,2799509,p01__seqkit_reads_cached (30),COMPLETED,0,2026-10-07 04:35:30.058,983ms,36ms,0.0%,0,0,106.4 KB,1.3 KB
85,ba/23326f,2799998,p03__fastp_report_pratama_cached (33),COMPLETED,0,2026-10-07 04:35:30.171,1.1s,65ms,16.6%,0,0,111.4 KB,1.5 KB
83,62/f52c19,2800004,p01__seqkit_reads_cached (31),COMPLETED,0,2026-10-07 04:35:30.604,921ms,49ms,8.9%,0,0,106.4 KB,1.3 KB
87,b2/c2908a,2800164,p02__bbduk_pratama_cached (23),COMPLETED,0,2026-10-07 04:35:30.792,812ms,63ms,9.2%,0,0,106.6 KB,1.5 KB
86,2c/6069f8,2800157,p02__bbduk_pratama_cached (22),COMPLETED,0,2026-10-07 04:35:30.781,863ms,33ms,0.0%,0,0,106.6 KB,1.5 KB
88,54/0f245e,2800432,p03__fastp_report_pratama_cached (34),COMPLETED,0,2026-10-07 04:35:30.959,747ms,35ms,12.5%,0,0,111.4 KB,1.5 KB
91,5d/1aff23,2800445,p01__seqkit_reads_cached (32),COMPLETED,0,2026-10-07 04:35:31.059,797ms,55ms,10.9%,0,0,106.4 KB,1.3 KB
89,69/b5aace,2800436,p02__bbduk_pratama_cached (24),COMPLETED,0,2026-10-07 04:35:31.015,842ms,39ms,9.0%,0,0,106.6 KB,1.5 KB
90,73/3e5073,2800441,p03__fastp_report_pratama_cached (35),COMPLETED,0,2026-10-07 04:35:31.040,939ms,115ms,0.0%,0,0,111.4 KB,1.5 KB
93,cd/3de899,2800948,p03__fastp_report_pratama_cached (36),COMPLETED,0,2026-10-07 04:35:31.581,593ms,12ms,0.0%,0,0,111.4 KB,1.5 KB
92,26/2f50b1,2800914,p01__seqkit_reads_cached (33),COMPLETED,0,2026-10-07 04:35:31.309,879ms,54ms,0.0%,0,0,106.4 KB,1.3 KB
95,21/3b64b1,2800958,p01__seqkit_reads_cached (35),COMPLETED,0,2026-10-07 04:35:31.650,601ms,38ms,6.9%,0,0,106.4 KB,1.3 KB
94,be/c771cc,2800954,p01__seqkit_reads_cached (34),COMPLETED,0,2026-10-07 04:35:31.612,712ms,30ms,7.4%,0,0,106.4 KB,1.3 KB
96,79/6595a7,2801136,p02__bbduk_pratama_cached (25),COMPLETED,0,2026-10-07 04:35:31.714,733ms,38ms,16.2%,0,0,106.6 KB,1.5 KB
97,08/1c3919,2801267,p02__bbduk_pratama_cached (26),COMPLETED,0,2026-10-07 04:35:31.886,619ms,87ms,6.1%,0,0,106.6 KB,1.5 KB
98,d3/5398da,2801347,p01__seqkit_reads_cached (36),COMPLETED,0,2026-10-07 04:35:31.929,732ms,90ms,7.0%,0,0,106.4 KB,1.3 KB
99,82/6789b7,2801364,p03__fastp_report_pratama_cached (37),COMPLETED,0,2026-10-07 04:35:31.987,778ms,76ms,0.0%,0,0,111.4 KB,1.5 KB
100,0f/f50906,2801555,p03__fastp_report_pratama_cached (38),COMPLETED,0,2026-10-07 04:35:32.184,646ms,28ms,0.0%,0,0,111.4 KB,1.5 KB
102,31/3c183e,2801634,p01__seqkit_reads_cached (37),COMPLETED,0,2026-10-07 04:35:32.261,677ms,32ms,0.0%,0,0,106.4 KB,1.3 KB
101,68/b4ae60,2801561,p02__bbduk_pratama_cached (27),COMPLETED,0,2026-10-07 04:35:32.196,765ms,29ms,0.0%,0,0,106.6 KB,1.5 KB
105,a8/b9f7fd,2801939,p01__seqkit_reads_cached (39),COMPLETED,0,2026-10-07 04:35:32.513,530ms,15ms,0.0%,0,0,106.4 KB,1.3 KB
103,aa/658753,2801680,p02__bbduk_pratama_cached (28),COMPLETED,0,2026-10-07 04:35:32.334,771ms,84ms,6.1%,0,0,106.6 KB,1.5 KB
104,96/3deaea,2801828,p01__seqkit_reads_cached (38),COMPLETED,0,2026-10-07 04:35:32.458,717ms,70ms,0.0%,0,0,106.4 KB,1.3 KB
106,0f/d009b2,2802069,p03__fastp_report_pratama_cached (39),COMPLETED,0,2026-10-07 04:35:32.669,739ms,46ms,0.0%,0,0,111.4 KB,1.5 KB
107,fe/518586,2802206,p02__bbduk_pratama_cached (29),COMPLETED,0,2026-10-07 04:35:32.772,647ms,35ms,0.0%,0,0,106.6 KB,1.5 KB
108,28/92b257,2802284,p01__seqkit_reads_cached (40),COMPLETED,0,2026-10-07 04:35:32.837,680ms,61ms,0.0%,0,0,106.4 KB,1.3 KB
111,14/09fdfa,2802534,p03__fastp_report_pratama_cached (41),COMPLETED,0,2026-10-07 04:35:33.049,497ms,77ms,7.3%,0,0,111.4 KB,1.5 KB
110,79/c32772,2802485,p01__seqkit_reads_cached (41),COMPLETED,0,2026-10-07 04:35:32.975,653ms,68ms,0.0%,0,0,106.4 KB,1.3 KB
109,d0/39acba,2802462,p03__fastp_report_pratama_cached (40),COMPLETED,0,2026-10-07 04:35:32.945,740ms,43ms,11.9%,0,0,111.4 KB,1.5 KB
112,f5/33ed0f,2802673,p02__bbduk_pratama_cached (30),COMPLETED,0,2026-10-07 04:35:33.111,742ms,72ms,0.0%,0,0,106.6 KB,1.5 KB
113,1e/3d89a5,2802698,p01__seqkit_reads_cached (42),COMPLETED,0,2026-10-07 04:35:33.183,772ms,31ms,0.0%,0,0,106.4 KB,1.3 KB
114,b8/2ed073,2802948,p03__fastp_report_pratama_cached (42),COMPLETED,0,2026-10-07 04:35:33.418,573ms,76ms,0.0%,0,0,111.4 KB,1.5 KB
115,b5/d21fb3,2803082,p03__fastp_report_pratama_cached (43),COMPLETED,0,2026-10-07 04:35:33.440,664ms,39ms,9.2%,0,0,111.4 KB,1.5 KB
116,b1/bf0ba9,2803083,p02__bbduk_pratama_cached (31),COMPLETED,0,2026-10-07 04:35:33.527,701ms,46ms,9.9%,0,0,106.6 KB,1.5 KB
118,0a/bfab01,2803216,p01__seqkit_reads_cached (43),COMPLETED,0,2026-10-07 04:35:33.640,718ms,54ms,6.6%,0,0,106.4 KB,1.3 KB
119,25/054aa5,2803264,p01__seqkit_reads_cached (44),COMPLETED,0,2026-10-07 04:35:33.693,694ms,39ms,8.6%,0,0,106.4 KB,1.3 KB
117,5e/e4a283,2803173,p02__bbduk_pratama_cached (32),COMPLETED,0,2026-10-07 04:35:33.554,870ms,78ms,5.1%,0,0,106.6 KB,1.5 KB
120,ea/ff6995,2803477,p01__seqkit_reads_cached (45),COMPLETED,0,2026-10-07 04:35:33.864,561ms,24ms,0.0%,0,0,106.4 KB,1.3 KB
121,48/c786ae,2803552,p03__fastp_report_pratama_cached (44),COMPLETED,0,2026-10-07 04:35:33.964,664ms,32ms,0.0%,0,0,111.4 KB,1.5 KB
123,54/f86c2d,2803676,p01__seqkit_reads_cached (46),COMPLETED,0,2026-10-07 04:35:34.113,684ms,53ms,9.6%,0,0,106.4 KB,1.3 KB
122,e8/985316,2803613,p02__bbduk_pratama_cached (33),COMPLETED,0,2026-10-07 04:35:34.022,839ms,79ms,0.0%,0,0,106.6 KB,1.5 KB
124,aa/9c1f75,2803873,p02__bbduk_pratama_cached (34),COMPLETED,0,2026-10-07 04:35:34.236,638ms,9ms,10.7%,0,0,106.6 KB,1.5 KB
126,94/d648b4,2804120,p03__fastp_report_pratama_cached (45),COMPLETED,0,2026-10-07 04:35:34.466,453ms,49ms,11.5%,0,0,111.4 KB,1.5 KB
128,7d/e1441d,2804126,p02__bbduk_pratama_cached (35),COMPLETED,0,2026-10-07 04:35:34.478,530ms,29ms,0.0%,0,0,106.6 KB,1.5 KB
125,4e/fe4ca7,2803990,p01__seqkit_reads_cached (47),COMPLETED,0,2026-10-07 04:35:34.386,656ms,12ms,0.0%,0,0,106.4 KB,1.3 KB
129,d9/2f9c0d,2804327,p01__seqkit_reads_cached (48),COMPLETED,0,2026-10-07 04:35:34.660,421ms,36ms,0.0%,0,0,106.4 KB,1.3 KB
127,6a/f734be,2804118,p03__fastp_report_pratama_cached (46),COMPLETED,0,2026-10-07 04:35:34.449,697ms,30ms,0.0%,0,0,111.4 KB,1.5 KB
130,39/b9693e,2804503,p02__bbduk_pratama_cached (36),COMPLETED,0,2026-10-07 04:35:34.818,530ms,25ms,0.0%,0,0,106.6 KB,1.5 KB
131,de/7b8fb8,2804578,p03__fastp_report_pratama_cached (47),COMPLETED,0,2026-10-07 04:35:34.872,519ms,30ms,0.0%,0,0,111.4 KB,1.5 KB
132,dc/efd961,2804673,p01__seqkit_reads_cached (49),COMPLETED,0,2026-10-07 04:35:34.927,466ms,43ms,9.0%,0,0,106.4 KB,1.3 KB
134,e9/7dd3b3,2804781,p01__seqkit_reads_cached (50),COMPLETED,0,2026-10-07 04:35:35.015,454ms,32ms,0.0%,0,0,106.4 KB,1.3 KB
133,e2/757124,2804586,p02__bbduk_pratama_cached (37),COMPLETED,0,2026-10-07 04:35:34.881,591ms,27ms,0.0%,0,0,106.6 KB,1.5 KB
135,e8/dcfe12,2804823,p02__bbduk_pratama_cached (38),COMPLETED,0,2026-10-07 04:35:35.052,450ms,23ms,0.0%,0,0,106.6 KB,1.5 KB
137,41/d5ae2a,2804949,p03__fastp_report_pratama_cached (49),COMPLETED,0,2026-10-07 04:35:35.165,413ms,12ms,0.0%,0,0,111.4 KB,1.5 KB
136,19/f9bf54,2804903,p03__fastp_report_pratama_cached (48),COMPLETED,0,2026-10-07 04:35:35.103,549ms,14ms,0.0%,0,0,111.4 KB,1.5 KB
139,19/f46298,2805239,p02__bbduk_pratama_cached (40),COMPLETED,0,2026-10-07 04:35:35.356,573ms,15ms,0.0%,0,0,106.6 KB,1.5 KB
143,70/706d9f,2805453,p01__seqkit_reads_cached (53),COMPLETED,0,2026-10-07 04:35:35.510,493ms,26ms,11.2%,0,0,106.4 KB,1.3 KB
138,a1/62e110,2805327,p02__bbduk_pratama_cached (39),COMPLETED,0,2026-10-07 04:35:35.412,598ms,37ms,9.0%,0,0,106.6 KB,1.5 KB
140,df/1514f8,2805313,p01__seqkit_reads_cached (51),COMPLETED,0,2026-10-07 04:35:35.397,622ms,29ms,13.0%,0,0,106.4 KB,1.3 KB
142,88/2c437e,2805421,p03__fastp_report_pratama_cached (50),COMPLETED,0,2026-10-07 04:35:35.490,592ms,61ms,0.0%,0,0,111.4 KB,1.5 KB
144,a5/dd2ee7,2805564,p03__fastp_report_pratama_cached (51),COMPLETED,0,2026-10-07 04:35:35.593,536ms,41ms,7.7%,0,0,111.4 KB,1.5 KB
141,f3/b08fb1,2805410,p01__seqkit_reads_cached (52),COMPLETED,0,2026-10-07 04:35:35.477,696ms,54ms,0.0%,0,0,106.4 KB,1.3 KB
145,31/f59bcf,2805674,p03__fastp_report_pratama_cached (52),COMPLETED,0,2026-10-07 04:35:35.665,641ms,22ms,11.5%,0,0,111.4 KB,1.5 KB
146,13/79570b,2805976,p02__bbduk_pratama_cached (41),COMPLETED,0,2026-10-07 04:35:35.947,416ms,35ms,0.0%,0,0,106.6 KB,1.5 KB
148,5e/fbcab6,2806105,p03__fastp_report_pratama_cached (53),COMPLETED,0,2026-10-07 04:35:36.018,407ms,30ms,0.0%,0,0,111.4 KB,1.5 KB
147,57/87c096,2806100,p01__seqkit_reads_cached (54),COMPLETED,0,2026-10-07 04:35:36.010,608ms,30ms,13.2%,0,0,106.4 KB,1.3 KB
149,29/63cef4,2806110,p01__seqkit_reads_cached (55),COMPLETED,0,2026-10-07 04:35:36.026,623ms,33ms,0.0%,0,0,106.4 KB,1.3 KB
151,da/237d88,2806266,p02__bbduk_pratama_cached (43),COMPLETED,0,2026-10-07 04:35:36.098,593ms,25ms,0.0%,0,0,106.6 KB,1.5 KB
152,7e/f45fe1,2806337,p03__fastp_report_pratama_cached (54),COMPLETED,0,2026-10-07 04:35:36.187,515ms,16ms,0.0%,0,0,111.4 KB,1.5 KB
153,8e/89a68a,2806601,p01__seqkit_reads_cached (56),COMPLETED,0,2026-10-07 04:35:36.377,452ms,5ms,21.3%,0,0,106.4 KB,1.3 KB
150,5c/059195,2806274,p02__bbduk_pratama_cached (42),COMPLETED,0,2026-10-07 04:35:36.136,714ms,7ms,0.0%,0,0,106.6 KB,1.5 KB
154,a7/6728ae,2806441,p01__seqkit_reads_cached (57),COMPLETED,0,2026-10-07 04:35:36.313,602ms,15ms,11.9%,0,0,106.4 KB,1.3 KB
155,7d/ffed12,2806644,p03__fastp_report_pratama_cached (55),COMPLETED,0,2026-10-07 04:35:36.434,598ms,65ms,8.2%,0,0,111.4 KB,1.5 KB
157,83/39e62b,2806932,p01__seqkit_reads_cached (58),COMPLETED,0,2026-10-07 04:35:36.661,465ms,28ms,0.0%,0,0,106.4 KB,1.3 KB
156,c0/b9c078,2806861,p02__bbduk_pratama_cached (44),COMPLETED,0,2026-10-07 04:35:36.633,541ms,25ms,15.9%,0,0,106.6 KB,1.5 KB
158,4f/c9a9c2,2806999,p01__seqkit_reads_cached (59),COMPLETED,0,2026-10-07 04:35:36.704,511ms,24ms,0.0%,0,0,106.4 KB,1.3 KB
159,83/183b7e,2807007,p02__bbduk_pratama_cached (45),COMPLETED,0,2026-10-07 04:35:36.729,536ms,17ms,0.0%,0,0,106.6 KB,1.5 KB
160,04/77eec3,2807207,p03__fastp_report_pratama_cached (56),COMPLETED,0,2026-10-07 04:35:36.858,508ms,18ms,0.0%,0,0,111.4 KB,1.5 KB
162,57/556553,2807286,p01__seqkit_reads_cached (60),COMPLETED,0,2026-10-07 04:35:36.926,552ms,43ms,10.1%,0,0,106.4 KB,1.3 KB
163,26/7a532b,2807413,p03__fastp_report_pratama_cached (58),COMPLETED,0,2026-10-07 04:35:37.040,446ms,52ms,9.2%,0,0,111.4 KB,1.5 KB
161,73/71df89,2807167,p03__fastp_report_pratama_cached (57),COMPLETED,0,2026-10-07 04:35:36.836,692ms,23ms,9.3%,0,0,111.4 KB,1.5 KB
166,8b/502c38,2807661,p02__bbduk_pratama_cached (47),COMPLETED,0,2026-10-07 04:35:37.223,440ms,17ms,18.1%,0,0,106.6 KB,1.5 KB
164,16/25b6b9,2807566,p03__fastp_report_pratama_cached (59),COMPLETED,0,2026-10-07 04:35:37.136,589ms,28ms,0.0%,0,0,111.4 KB,1.5 KB
165,34/f3864a,2807602,p02__bbduk_pratama_cached (46),COMPLETED,0,2026-10-07 04:35:37.182,579ms,27ms,11.9%,0,0,106.6 KB,1.5 KB
167,47/91a3e4,2807697,p03__fastp_report_pratama_cached (60),COMPLETED,0,2026-10-07 04:35:37.274,548ms,58ms,0.0%,0,0,111.4 KB,1.5 KB
168,36/7ebcf0,2807887,p03__fastp_report_pratama_cached (61),COMPLETED,0,2026-10-07 04:35:37.388,479ms,27ms,0.0%,0,0,111.4 KB,1.5 KB
170,15/9390c4,2808099,p01__seqkit_reads_cached (62),COMPLETED,0,2026-10-07 04:35:37.514,410ms,58ms,9.5%,0,0,106.4 KB,1.3 KB
171,d9/36fecc,2808109,p02__bbduk_pratama_cached (48),COMPLETED,0,2026-10-07 04:35:37.534,537ms,21ms,0.0%,0,0,106.6 KB,1.5 KB
169,20/84f837,2808089,p01__seqkit_reads_cached (61),COMPLETED,0,2026-10-07 04:35:37.485,610ms,23ms,0.0%,0,0,106.4 KB,1.3 KB
172,c5/886c7d,2808286,p01__seqkit_reads_cached (63),COMPLETED,0,2026-10-07 04:35:37.674,538ms,14ms,18.9%,0,0,106.4 KB,1.3 KB
175,97/595d3f,2808495,p02__bbduk_pratama_cached (49),COMPLETED,0,2026-10-07 04:35:37.830,522ms,30ms,0.0%,0,0,106.6 KB,1.5 KB
173,25/fafaae,2808407,p03__fastp_report_pratama_cached (62),COMPLETED,0,2026-10-07 04:35:37.734,646ms,28ms,14.7%,0,0,111.4 KB,1.5 KB
174,c0/b731aa,2808487,p03__fastp_report_pratama_cached (63),COMPLETED,0,2026-10-07 04:35:37.770,700ms,44ms,8.8%,0,0,111.4 KB,1.5 KB
176,82/933f02,2808573,p01__seqkit_reads_cached (64),COMPLETED,0,2026-10-07 04:35:37.875,512ms,29ms,0.0%,0,0,106.4 KB,1.3 KB
177,a1/5155b8,2808651,p03__fastp_report_pratama_cached (64),COMPLETED,0,2026-10-07 04:35:37.932,631ms,32ms,8.1%,0,0,111.4 KB,1.5 KB
179,c8/29a884,2808834,p02__bbduk_pratama_cached (50),COMPLETED,0,2026-10-07 04:35:38.109,488ms,41ms,0.0%,0,0,106.6 KB,1.5 KB
178,85/5aeafe,2808814,p01__seqkit_reads_cached (65),COMPLETED,0,2026-10-07 04:35:38.079,593ms,29ms,0.0%,0,0,106.4 KB,1.3 KB
180,ec/a0f49d,2809002,p03__fastp_report_pratama_cached (65),COMPLETED,0,2026-10-07 04:35:38.220,515ms,39ms,0.0%,0,0,111.4 KB,1.5 KB
182,c9/f7bcd5,2809206,p02__bbduk_pratama_cached (52),COMPLETED,0,2026-10-07 04:35:38.387,448ms,50ms,9.3%,0,0,106.6 KB,1.5 KB
181,53/c9bb08,2809153,p02__bbduk_pratama_cached (51),COMPLETED,0,2026-10-07 04:35:38.361,623ms,28ms,0.0%,0,0,106.6 KB,1.5 KB
183,ff/474cf5,2809300,p02__bbduk_pratama_cached (53),COMPLETED,0,2026-10-07 04:35:38.425,611ms,14ms,12.7%,0,0,106.6 KB,1.5 KB
187,eb/7fa3dd,2809572,p02__bbduk_pratama_cached (57),COMPLETED,0,2026-10-07 04:35:38.679,484ms,71ms,0.0%,0,0,106.6 KB,1.5 KB
185,2a/e8016b,2809467,p02__bbduk_pratama_cached (55),COMPLETED,0,2026-10-07 04:35:38.607,596ms,45ms,0.0%,0,0,106.6 KB,1.5 KB
184,0b/40892f,2809342,p02__bbduk_pratama_cached (54),COMPLETED,0,2026-10-07 04:35:38.477,743ms,26ms,11.1%,0,0,106.6 KB,1.5 KB
186,1b/bf67cd,2809459,p02__bbduk_pratama_cached (56),COMPLETED,0,2026-10-07 04:35:38.571,686ms,28ms,0.0%,0,0,106.6 KB,1.5 KB
189,4a/ddfa7b,2809777,p02__bbduk_pratama_cached (59),COMPLETED,0,2026-10-07 04:35:38.846,482ms,31ms,0.0%,0,0,106.6 KB,1.5 KB
190,52/80e2f1,2809917,p02__bbduk_pratama_cached (60),COMPLETED,0,2026-10-07 04:35:38.996,434ms,18ms,0.0%,0,0,106.6 KB,1.5 KB
188,19/2caac4,2809691,p02__bbduk_pratama_cached (58),COMPLETED,0,2026-10-07 04:35:38.748,812ms,27ms,0.0%,0,0,106.6 KB,1.5 KB
193,1f/8bc85c,2810179,p02__bbduk_pratama_cached (63),COMPLETED,0,2026-10-07 04:35:39.215,372ms,16ms,0.0%,0,0,106.6 KB,1.5 KB
191,a3/e8a67f,2810013,p02__bbduk_pratama_cached (61),COMPLETED,0,2026-10-07 04:35:39.044,611ms,38ms,11.6%,0,0,106.6 KB,1.5 KB
192,70/2f5bd2,2810129,p02__bbduk_pratama_cached (62),COMPLETED,0,2026-10-07 04:35:39.180,484ms,19ms,0.0%,0,0,106.6 KB,1.5 KB
195,62/114412,2810275,p02__bbduk_pratama_cached (65),COMPLETED,0,2026-10-07 04:35:39.265,439ms,31ms,0.0%,0,0,106.6 KB,1.5 KB
194,d0/091a3b,2810251,p02__bbduk_pratama_cached (64),COMPLETED,0,2026-10-07 04:35:39.232,493ms,13ms,0.0%,0,0,106.6 KB,1.5 KB
197,b6/eb3e6d,2810793,p04__megahit_cached (1),COMPLETED,0,2026-10-07 04:35:40.086,386ms,26ms,0.0%,0,0,111.6 KB,1.8 KB
199,65/3f38a4,2810864,p04__megahit_cached (2),COMPLETED,0,2026-10-07 04:35:40.187,375ms,75ms,0.0%,0,0,111.6 KB,1.8 KB
203,cf/c58ea1,2810974,p04__megahit_cached (3),COMPLETED,0,2026-10-07 04:35:40.352,410ms,12ms,48.5%,0,0,111.6 KB,1.8 KB
208,b8/f6f0ec,2811234,p05__megahit_draft_pratama_cached (1),COMPLETED,0,2026-10-07 04:35:40.646,479ms,18ms,11.2%,0,0,107.7 KB,2.6 KB
207,a7/b31e4d,2811136,p04__megahit_cached (4),COMPLETED,0,2026-10-07 04:35:40.535,618ms,71ms,14.5%,0,0,111.6 KB,1.8 KB
209,6b/ad7f96,2811255,p04__megahit_cached (5),COMPLETED,0,2026-10-07 04:35:40.687,681ms,58ms,9.4%,0,0,111.6 KB,1.8 KB
211,7b/c04143,2811373,p04__megahit_cached (6),COMPLETED,0,2026-10-07 04:35:40.827,712ms,80ms,0.0%,0,0,111.6 KB,1.8 KB
214,b7/b881eb,2811424,p06__splitContigsForAmr_cached (2),COMPLETED,0,2026-10-07 04:35:40.880,705ms,79ms,7.8%,0,0,111.4 KB,1.6 KB
210,ba/9781a8,2811334,p06__splitContigsForAmr_cached (1),COMPLETED,0,2026-10-07 04:35:40.803,805ms,72ms,0.0%,0,0,111.4 KB,1.6 KB
216,2c/aac215,2811635,p04__megahit_cached (7),COMPLETED,0,2026-10-07 04:35:41.106,742ms,38ms,11.6%,0,0,111.6 KB,1.8 KB
218,ab/dae4c3,2811758,p06__splitContigsForAmr_cached (3),COMPLETED,0,2026-10-07 04:35:41.304,750ms,73ms,7.0%,0,0,111.4 KB,1.6 KB
221,d0/51e72b,2811975,p04__megahit_cached (8),COMPLETED,0,2026-10-07 04:35:41.448,820ms,20ms,9.3%,0,0,111.6 KB,1.8 KB
224,2d/f4838c,2812087,p04__megahit_cached (9),COMPLETED,0,2026-10-07 04:35:41.584,944ms,92ms,7.6%,0,0,111.6 KB,1.8 KB
225,93/f58c1d,2812215,p04__megahit_cached (10),COMPLETED,0,2026-10-07 04:35:41.752,1.2s,130ms,4.3%,0,0,111.6 KB,1.8 KB
228,f5/dbb064,2812384,p04__megahit_cached (12),COMPLETED,0,2026-10-07 04:35:42.114,1.1s,139ms,2.8%,0,0,111.6 KB,1.8 KB
226,59/a7f547,2812323,p06__splitContigsForAmr_cached (4),COMPLETED,0,2026-10-07 04:35:42.049,1.5s,197ms,3.3%,0,0,128.2 KB,1.6 KB
230,12/6bcdc7,2812602,p09__deepvirfinder_pratama_cached (1),COMPLETED,0,2026-10-07 04:35:42.409,1.2s,83ms,0.0%,0,0,107 KB,1.9 KB
229,e4/d3e362,2812600,p06__splitContigsForAmr_cached (5),COMPLETED,0,2026-10-07 04:35:42.327,1.3s,57ms,9.1%,0,0,128.2 KB,1.6 KB
227,b0/c2a808,2812414,p04__megahit_cached (11),COMPLETED,0,2026-10-07 04:35:42.140,1.7s,101ms,4.1%,0,0,111.6 KB,1.8 KB
231,86/2b29b9,2813011,p04__megahit_cached (13),COMPLETED,0,2026-10-07 04:35:42.974,903ms,33ms,13.8%,0,0,111.6 KB,1.8 KB
234,80/c38aec,2813148,p09__deepvirfinder_pratama_cached (2),COMPLETED,0,2026-10-07 04:35:43.136,895ms,56ms,5.9%,0,0,107 KB,1.9 KB
232,f8/7a2db5,2813141,p11__virsorter2_pratama_cached (1),COMPLETED,0,2026-10-07 04:35:43.024,993ms,115ms,12.9%,0,0,122.7 KB,2.1 KB
237,5e/3e49b8,2813576,p12__genomad_pratama_cached (2),COMPLETED,0,2026-10-07 04:35:43.581,1.2s,101ms,6.8%,0,0,128.7 KB,2.1 KB
239,a4/c015c5,2813613,p09__deepvirfinder_pratama_cached (3),COMPLETED,0,2026-10-07 04:35:43.897,1.2s,58ms,0.0%,0,0,107 KB,1.9 KB
236,2d/62ddc3,2813569,p04__megahit_cached (14),COMPLETED,0,2026-10-07 04:35:43.248,1.9s,78ms,0.0%,0,0,111.6 KB,1.8 KB
238,11/c5a11a,2813601,p06__splitContigsForAmr_cached (7),COMPLETED,0,2026-10-07 04:35:43.825,1.3s,140ms,3.8%,0,0,122.2 KB,1.6 KB
233,49/4dfb05,2813579,p06__splitContigsForAmr_cached (6),COMPLETED,0,2026-10-07 04:35:43.680,1.4s,254ms,2.7%,0,0,134.6 KB,1.6 KB
241,b4/b99c68,2813647,p10__vibrant_pratama_cached (2),COMPLETED,0,2026-10-07 04:35:44.039,1.1s,134ms,4.4%,0,0,122.7 KB,2.1 KB
235,8e/4edf9b,2813572,p12__genomad_pratama_cached (1),COMPLETED,0,2026-10-07 04:35:43.571,1.6s,152ms,3.3%,0,0,128.7 KB,2.1 KB
240,13/ee4e2e,2813624,p10__vibrant_pratama_cached (1),COMPLETED,0,2026-10-07 04:35:44.030,1.1s,186ms,6.1%,0,0,122.7 KB,2.1 KB
242,fa/01dfbc,2814300,p11__virsorter2_pratama_cached (2),COMPLETED,0,2026-10-07 04:35:44.765,1.1s,54ms,11.3%,0,0,122.7 KB,2.1 KB
243,a4/49269e,2814534,p11__virsorter2_pratama_cached (3),COMPLETED,0,2026-10-07 04:35:45.123,823ms,30ms,15.6%,0,0,122.7 KB,2.1 KB
244,9a/2674cb,2814967,p09__deepvirfinder_pratama_cached (4),COMPLETED,0,2026-10-07 04:35:45.215,1.5s,19ms,0.0%,0,0,107 KB,1.9 KB
247,65/979c06,2815002,p10__vibrant_pratama_cached (3),COMPLETED,0,2026-10-07 04:35:45.358,1.4s,118ms,4.7%,0,0,122.7 KB,2.1 KB
250,36/55ae20,2815050,p12__genomad_pratama_cached (4),COMPLETED,0,2026-10-07 04:35:45.859,1s,167ms,3.4%,0,0,128.7 KB,2.1 KB
246,30/5bdb69,2814984,p04__megahit_cached (16),COMPLETED,0,2026-10-07 04:35:45.314,1.6s,86ms,4.8%,0,0,111.6 KB,1.8 KB
251,6a/c52696,2815203,p11__virsorter2_pratama_cached (4),COMPLETED,0,2026-10-07 04:35:45.975,1.1s,77ms,3.9%,0,0,122.7 KB,2.1 KB
245,dc/7b0ef3,2814978,p04__megahit_cached (15),COMPLETED,0,2026-10-07 04:35:45.304,1.8s,83ms,5.6%,0,0,111.6 KB,1.8 KB
248,07/52c47c,2815017,p10__vibrant_pratama_cached (4),COMPLETED,0,2026-10-07 04:35:45.409,1.7s,106ms,4.7%,0,0,122.7 KB,2.1 KB
249,df/02af26,2815025,p12__genomad_pratama_cached (3),COMPLETED,0,2026-10-07 04:35:45.445,1.6s,147ms,4.2%,0,0,128.7 KB,2.1 KB
256,0b/cee039,2816042,p11__virsorter2_pratama_cached (5),COMPLETED,0,2026-10-07 04:35:47.052,905ms,81ms,6.0%,0,0,122.7 KB,2.1 KB
253,fb/0c6a5f,2815973,p09__deepvirfinder_pratama_cached (5),COMPLETED,0,2026-10-07 04:35:46.789,1.2s,121ms,3.2%,0,0,107 KB,1.9 KB
254,98/0f70ec,2815982,p09__deepvirfinder_pratama_cached (6),COMPLETED,0,2026-10-07 04:35:46.899,1.2s,75ms,0.0%,0,0,107 KB,1.9 KB
255,36/ff63d2,2815984,p10__vibrant_pratama_cached (5),COMPLETED,0,2026-10-07 04:35:46.946,1.2s,153ms,4.2%,0,0,122.7 KB,2.1 KB
257,51/f7fd65,2816072,p12__genomad_pratama_cached (5),COMPLETED,0,2026-10-07 04:35:47.060,1.1s,103ms,4.5%,0,0,128.7 KB,2.1 KB
258,9f/3ef730,2816099,p11__virsorter2_pratama_cached (6),COMPLETED,0,2026-10-07 04:35:47.076,1.5s,127ms,3.8%,0,0,122.7 KB,2.1 KB
252,12/bbb42c,2815876,p04__megahit_cached (17),COMPLETED,0,2026-10-07 04:35:46.723,2.1s,42ms,12.1%,0,0,111.6 KB,1.8 KB
259,ef/85e2ab,2816119,p06__splitContigsForAmr_cached (8),COMPLETED,0,2026-10-07 04:35:47.091,1.8s,89ms,6.2%,0,0,122.2 KB,1.6 KB
263,d5/2f454a,2816910,p06__splitContigsForAmr_cached (9),COMPLETED,0,2026-10-07 04:35:48.192,1.1s,163ms,3.2%,0,0,122.2 KB,1.6 KB
264,f8/eba0dd,2816912,p04__megahit_cached (19),COMPLETED,0,2026-10-07 04:35:48.197,1.1s,109ms,3.5%,0,0,111.6 KB,1.8 KB
261,35/0f6c46,2816906,p10__vibrant_pratama_cached (6),COMPLETED,0,2026-10-07 04:35:47.977,1.3s,160ms,3.5%,0,0,122.7 KB,2.1 KB
262,3d/d1c0eb,2816909,p12__genomad_pratama_cached (6),COMPLETED,0,2026-10-07 04:35:48.150,1.2s,123ms,2.7%,0,0,128.7 KB,2.1 KB
260,6f/2a5a58,2816894,p04__megahit_cached (18),COMPLETED,0,2026-10-07 04:35:47.968,1.5s,76ms,3.6%,0,0,111.6 KB,1.8 KB
266,15/d08f42,2817352,p12__genomad_pratama_cached (7),COMPLETED,0,2026-10-07 04:35:48.545,1.8s,88ms,14.8%,0,0,128.7 KB,2.1 KB
267,67/8c9b26,2817612,p10__vibrant_pratama_cached (7),COMPLETED,0,2026-10-07 04:35:48.840,1.6s,69ms,4.6%,0,0,122.7 KB,2.1 KB
265,19/e8a611,2817627,p09__deepvirfinder_pratama_cached (7),COMPLETED,0,2026-10-07 04:35:48.849,1.5s,48ms,0.0%,0,0,107 KB,1.9 KB
270,42/028ecd,2817689,p09__deepvirfinder_pratama_cached (8),COMPLETED,0,2026-10-07 04:35:49.314,1.1s,89ms,5.3%,0,0,107 KB,1.9 KB
268,a8/7d386b,2817665,p06__splitContigsForAmr_cached (10),COMPLETED,0,2026-10-07 04:35:49.284,1.7s,111ms,3.1%,0,0,122.2 KB,1.6 KB
269,d7/a49611,2817676,p06__splitContigsForAmr_cached (11),COMPLETED,0,2026-10-07 04:35:49.293,1.8s,121ms,4.4%,0,0,122.2 KB,1.6 KB
273,b3/a9e7b5,2817833,p04__megahit_cached (21),COMPLETED,0,2026-10-07 04:35:49.432,1.7s,58ms,0.0%,0,0,111.6 KB,1.8 KB
271,cb/8120c3,2817704,p04__megahit_cached (20),COMPLETED,0,2026-10-07 04:35:49.337,1.8s,106ms,4.4%,0,0,111.6 KB,1.8 KB
275,26/cd3ebb,2818898,p10__vibrant_pratama_cached (8),COMPLETED,0,2026-10-07 04:35:50.410,768ms,97ms,6.4%,0,0,122.7 KB,2.1 KB
272,0f/279db8,2818884,p11__virsorter2_pratama_cached (7),COMPLETED,0,2026-10-07 04:35:50.306,900ms,104ms,3.3%,0,0,122.7 KB,2.1 KB
274,90/883bff,2818886,p12__genomad_pratama_cached (8),COMPLETED,0,2026-10-07 04:35:50.399,806ms,98ms,7.6%,0,0,128.7 KB,2.1 KB
277,ec/8a16f4,2818901,p12__genomad_pratama_cached (9),COMPLETED,0,2026-10-07 04:35:50.419,1.3s,149ms,3.2%,0,0,128.7 KB,2.1 KB
279,f5/8255db,2819461,p09__deepvirfinder_pratama_cached (9),COMPLETED,0,2026-10-07 04:35:51.098,1s,50ms,0.0%,0,0,107 KB,1.9 KB
278,5b/937c98,2819443,p10__vibrant_pratama_cached (9),COMPLETED,0,2026-10-07 04:35:50.983,982ms,63ms,8.3%,0,0,122.7 KB,2.1 KB
276,4a/b7909c,2819930,p06__splitContigsForAmr_cached (12),COMPLETED,0,2026-10-07 04:35:51.688,1.1s,29ms,8.5%,0,0,122.2 KB,1.6 KB
282,09/aae375,2820043,p04__megahit_cached (22),COMPLETED,0,2026-10-07 04:35:52.213,887ms,86ms,0.0%,0,0,111.6 KB,1.8 KB
284,b0/8162f6,2820042,p11__virsorter2_pratama_cached (10),COMPLETED,0,2026-10-07 04:35:52.223,970ms,124ms,3.7%,0,0,122.7 KB,2.1 KB
280,7f/743e10,2820009,p11__virsorter2_pratama_cached (8),COMPLETED,0,2026-10-07 04:35:52.170,1s,127ms,3.9%,0,0,122.7 KB,2.1 KB
285,52/abf1bb,2820054,p10__vibrant_pratama_cached (10),COMPLETED,0,2026-10-07 04:35:52.228,1.1s,197ms,2.9%,0,0,122.7 KB,2.1 KB
283,44/13baaf,2820040,p09__deepvirfinder_pratama_cached (10),COMPLETED,0,2026-10-07 04:35:52.218,1.1s,99ms,0.0%,0,0,107 KB,1.9 KB
286,4a/0feb45,2820055,p12__genomad_pratama_cached (10),COMPLETED,0,2026-10-07 04:35:52.233,1.1s,165ms,3.3%,0,0,128.7 KB,2.1 KB
281,7c/6a6166,2820022,p11__virsorter2_pratama_cached (9),COMPLETED,0,2026-10-07 04:35:52.208,1.4s,103ms,5.3%,0,0,122.7 KB,2.1 KB
287,13/a79cbf,2820521,p06__splitContigsForAmr_cached (13),COMPLETED,0,2026-10-07 04:35:52.805,860ms,180ms,4.6%,3.5 MB,4.6 MB,134.6 KB,1.6 KB
290,7b/d9f663,2821143,p12__genomad_pratama_cached (11),COMPLETED,0,2026-10-07 04:35:53.232,1.1s,72ms,5.3%,0,0,128.7 KB,2.1 KB
289,9f/2e2dc7,2821091,p11__virsorter2_pratama_cached (11),COMPLETED,0,2026-10-07 04:35:53.208,611ms,106ms,4.8%,0,0,122.7 KB,2.1 KB
288,00/a0f41c,2821064,p09__deepvirfinder_pratama_cached (11),COMPLETED,0,2026-10-07 04:35:53.109,1.2s,53ms,5.6%,0,0,107 KB,1.9 KB
292,05/96160a,2821584,p10__vibrant_pratama_cached (11),COMPLETED,0,2026-10-07 04:35:53.313,1.2s,105ms,4.6%,0,0,122.7 KB,2.1 KB
293,41/e89aaf,2821595,p10__vibrant_pratama_cached (12),COMPLETED,0,2026-10-07 04:35:53.367,1.1s,113ms,4.5%,0,0,122.7 KB,2.1 KB
296,3d/2f929d,2821613,p09__deepvirfinder_pratama_cached (13),COMPLETED,0,2026-10-07 04:35:53.671,919ms,46ms,0.0%,0,0,107 KB,1.9 KB
298,eb/1ac824,2822223,p04__megahit_cached (24),COMPLETED,0,2026-10-07 04:35:54.290,849ms,86ms,7.4%,0,0,111.6 KB,1.8 KB
300,f5/b93173,2822321,p10__vibrant_pratama_cached (13),COMPLETED,0,2026-10-07 04:35:54.465,723ms,61ms,7.3%,0,0,122.7 KB,2.1 KB
294,ae/6183dd,2821609,p06__splitContigsForAmr_cached (14),COMPLETED,0,2026-10-07 04:35:53.606,1.6s,44ms,12.9%,0,0,122.2 KB,1.6 KB
291,8b/a18534,2821528,p04__megahit_cached (23),COMPLETED,0,2026-10-07 04:35:53.290,1.9s,21ms,0.0%,0,0,111.6 KB,1.8 KB
295,de/27c487,2821668,p09__deepvirfinder_pratama_cached (12),COMPLETED,0,2026-10-07 04:35:53.827,1.5s,55ms,0.0%,0,0,107 KB,1.9 KB
299,56/85c405,2822245,p04__megahit_cached (25),COMPLETED,0,2026-10-07 04:35:54.348,987ms,116ms,6.7%,0,0,111.6 KB,1.8 KB
301,8e/7bd2ed,2822453,p11__virsorter2_pratama_cached (13),COMPLETED,0,2026-10-07 04:35:54.624,911ms,76ms,5.4%,0,0,122.7 KB,2.1 KB
297,ff/8b523e,2822340,p11__virsorter2_pratama_cached (12),COMPLETED,0,2026-10-07 04:35:54.516,932ms,93ms,6.5%,0,0,122.7 KB,2.1 KB
302,68/5dfdff,2823123,p12__genomad_pratama_cached (12),COMPLETED,0,2026-10-07 04:35:55.150,1.1s,147ms,4.7%,0,0,128.7 KB,2.1 KB
305,4c/71e4eb,2823165,p09__deepvirfinder_pratama_cached (14),COMPLETED,0,2026-10-07 04:35:55.251,1.1s,56ms,0.0%,0,0,107 KB,1.9 KB
303,8d/1584ee,2823161,p12__genomad_pratama_cached (13),COMPLETED,0,2026-10-07 04:35:55.228,1.1s,157ms,7.7%,0,0,128.7 KB,2.1 KB
306,e1/517eb2,2823269,p09__deepvirfinder_pratama_cached (15),COMPLETED,0,2026-10-07 04:35:55.317,1.3s,56ms,5.9%,0,0,107 KB,1.9 KB
309,81/941ef5,2823315,p04__megahit_cached (26),COMPLETED,0,2026-10-07 04:35:55.541,891ms,63ms,6.1%,0,0,111.6 KB,1.8 KB
304,e7/91dc0a,2823155,p12__genomad_pratama_cached (14),COMPLETED,0,2026-10-07 04:35:55.193,1.4s,156ms,3.7%,0,0,128.7 KB,2.1 KB
307,b0/c19512,2823304,p10__vibrant_pratama_cached (14),COMPLETED,0,2026-10-07 04:35:55.460,1.3s,135ms,7.5%,0,0,122.7 KB,2.1 KB
310,ed/4b45ee,2823958,p11__virsorter2_pratama_cached (14),COMPLETED,0,2026-10-07 04:35:56.273,1.1s,94ms,5.9%,0,0,122.7 KB,2.1 KB
313,88/742065,2824282,p10__vibrant_pratama_cached (16),COMPLETED,0,2026-10-07 04:35:56.437,976ms,109ms,6.9%,0,0,122.7 KB,2.1 KB
311,4b/3b401f,2823960,p09__deepvirfinder_pratama_cached (16),COMPLETED,0,2026-10-07 04:35:56.312,1.2s,29ms,0.0%,0,0,107 KB,1.9 KB
312,01/03d905,2824171,p12__genomad_pratama_cached (15),COMPLETED,0,2026-10-07 04:35:56.356,1.2s,24ms,17.2%,0,0,128.7 KB,2.1 KB
308,58/c9579b,2823292,p10__vibrant_pratama_cached (15),COMPLETED,0,2026-10-07 04:35:55.341,2.4s,125ms,4.1%,0,0,122.7 KB,2.1 KB
315,fa/c9dede,2824304,p11__virsorter2_pratama_cached (16),COMPLETED,0,2026-10-07 04:35:56.655,1s,77ms,0.0%,0,0,122.7 KB,2.1 KB
316,81/277575,2824305,p09__deepvirfinder_pratama_cached (17),COMPLETED,0,2026-10-07 04:35:56.764,1s,46ms,0.0%,0,0,107 KB,1.9 KB
314,cb/7aa8f0,2824302,p11__virsorter2_pratama_cached (15),COMPLETED,0,2026-10-07 04:35:56.603,1.3s,134ms,4.0%,0,0,122.7 KB,2.1 KB
317,9a/431287,2825197,p10__vibrant_pratama_cached (17),COMPLETED,0,2026-10-07 04:35:57.525,1.1s,110ms,5.4%,0,0,122.7 KB,2.1 KB
320,72/8a00d5,2825231,p12__genomad_pratama_cached (16),COMPLETED,0,2026-10-07 04:35:57.669,963ms,86ms,8.1%,0,0,128.7 KB,2.1 KB
325,b7/986a88,2825273,p04__megahit_cached (29),COMPLETED,0,2026-10-07 04:35:57.854,807ms,20ms,22.6%,0,0,111.6 KB,1.8 KB
319,0b/54feb2,2824913,p04__megahit_cached (28),COMPLETED,0,2026-10-07 04:35:57.430,1.2s,111ms,5.5%,0,0,111.6 KB,1.8 KB
322,05/66b727,2825255,p09__deepvirfinder_pratama_cached (19),COMPLETED,0,2026-10-07 04:35:57.730,941ms,48ms,0.0%,0,0,107 KB,1.9 KB
318,a2/c7afde,2824906,p04__megahit_cached (27),COMPLETED,0,2026-10-07 04:35:57.374,1.4s,124ms,10.1%,0,0,111.6 KB,1.8 KB
321,87/71140c,2825221,p09__deepvirfinder_pratama_cached (18),COMPLETED,0,2026-10-07 04:35:57.600,1.3s,58ms,0.0%,0,0,107 KB,1.9 KB
323,da/d5ee9a,2825274,p12__genomad_pratama_cached (17),COMPLETED,0,2026-10-07 04:35:57.920,987ms,143ms,4.8%,0,0,128.7 KB,2.1 KB
328,a3/cb844c,2826005,p10__vibrant_pratama_cached (19),COMPLETED,0,2026-10-07 04:35:58.646,557ms,104ms,6.4%,0,0,122.7 KB,2.1 KB
324,e7/33428d,2825982,p10__vibrant_pratama_cached (18),COMPLETED,0,2026-10-07 04:35:58.598,626ms,144ms,5.7%,0,0,122.7 KB,2.1 KB
326,3d/99279a,2826011,p11__virsorter2_pratama_cached (17),COMPLETED,0,2026-10-07 04:35:58.676,668ms,107ms,4.7%,0,0,122.7 KB,2.1 KB
329,58/e4bb66,2826009,p10__vibrant_pratama_cached (20),COMPLETED,0,2026-10-07 04:35:58.665,722ms,115ms,0.0%,0,0,122.7 KB,2.1 KB
327,86/b813f8,2826000,p06__splitContigsForAmr_cached (15),COMPLETED,0,2026-10-07 04:35:58.640,757ms,62ms,0.0%,0,0,116.6 KB,1.6 KB
332,c4/482179,2826501,p12__genomad_pratama_cached (18),COMPLETED,0,2026-10-07 04:35:58.918,578ms,88ms,7.8%,0,0,128.7 KB,2.1 KB
330,25/08d41b,2826488,p09__deepvirfinder_pratama_cached (20),COMPLETED,0,2026-10-07 04:35:58.905,621ms,6ms,0.0%,0,0,107 KB,1.9 KB
331,b9/4f63de,2826481,p11__virsorter2_pratama_cached (18),COMPLETED,0,2026-10-07 04:35:58.789,817ms,59ms,0.0%,0,0,122.7 KB,2.1 KB
334,91/95ff9a,2826737,p04__megahit_cached (30),COMPLETED,0,2026-10-07 04:35:59.243,519ms,30ms,16.8%,0,0,111.6 KB,1.8 KB
337,58/952468,2826915,p09__deepvirfinder_pratama_cached (22),COMPLETED,0,2026-10-07 04:35:59.395,554ms,40ms,0.0%,0,0,107 KB,1.9 KB
333,41/acef46,2826653,p12__genomad_pratama_cached (19),COMPLETED,0,2026-10-07 04:35:59.209,759ms,101ms,6.3%,0,0,128.7 KB,2.1 KB
335,98/eaa02a,2826939,p11__virsorter2_pratama_cached (19),COMPLETED,0,2026-10-07 04:35:59.403,738ms,65ms,0.0%,0,0,122.7 KB,2.1 KB
336,48/b018c3,2826810,p09__deepvirfinder_pratama_cached (21),COMPLETED,0,2026-10-07 04:35:59.351,823ms,42ms,10.4%,0,0,107 KB,1.9 KB
339,d7/cc328c,2827087,p11__virsorter2_pratama_cached (20),COMPLETED,0,2026-10-07 04:35:59.502,699ms,86ms,0.0%,0,0,122.7 KB,2.1 KB
340,ce/785980,2827188,p12__genomad_pratama_cached (20),COMPLETED,0,2026-10-07 04:35:59.536,743ms,53ms,5.5%,0,0,128.7 KB,2.1 KB
341,48/34f17f,2827261,p12__genomad_pratama_cached (21),COMPLETED,0,2026-10-07 04:35:59.612,781ms,47ms,7.9%,0,0,128.7 KB,2.1 KB
342,0c/8c1ccd,2827611,p06__splitContigsForAmr_cached (16),COMPLETED,0,2026-10-07 04:35:59.769,894ms,165ms,9.2%,0,0,122.2 KB,1.6 KB
338,ad/80279f,2827625,p10__vibrant_pratama_cached (21),COMPLETED,0,2026-10-07 04:35:59.962,833ms,184ms,7.9%,0,0,122.7 KB,2.1 KB
345,a7/229a1c,2827791,p11__virsorter2_pratama_cached (21),COMPLETED,0,2026-10-07 04:36:00.029,868ms,104ms,0.0%,0,0,122.7 KB,2.1 KB
346,c8/48b89a,2827965,p04__megahit_cached (31),COMPLETED,0,2026-10-07 04:36:00.188,930ms,119ms,0.0%,0,0,111.6 KB,1.8 KB
348,40/eab374,2828169,p10__vibrant_pratama_cached (24),COMPLETED,0,2026-10-07 04:36:00.406,740ms,114ms,5.8%,0,0,122.7 KB,2.1 KB
347,bd/14f64d,2828171,p10__vibrant_pratama_cached (23),COMPLETED,0,2026-10-07 04:36:00.364,802ms,97ms,5.6%,0,0,122.7 KB,2.1 KB
344,de/7dacb0,2827934,p09__deepvirfinder_pratama_cached (23),COMPLETED,0,2026-10-07 04:36:00.150,1.1s,11ms,0.0%,0,0,107 KB,1.9 KB
343,5d/ddac02,2828125,p10__vibrant_pratama_cached (22),COMPLETED,0,2026-10-07 04:36:00.210,1s,152ms,5.1%,0,0,122.7 KB,2.1 KB
351,e9/8b7eac,2828476,p09__deepvirfinder_pratama_cached (24),COMPLETED,0,2026-10-07 04:36:00.806,467ms,11ms,20.8%,0,0,107 KB,1.9 KB
349,9d/b4dbab,2828395,p12__genomad_pratama_cached (22),COMPLETED,0,2026-10-07 04:36:00.714,533ms,39ms,16.6%,0,0,128.7 KB,2.1 KB
350,a0/1bb7d3,2828580,p11__virsorter2_pratama_cached (22),COMPLETED,0,2026-10-07 04:36:00.909,920ms,13ms,0.0%,0,0,122.7 KB,2.1 KB
352,ca/1980d2,2828970,p09__deepvirfinder_pratama_cached (25),COMPLETED,0,2026-10-07 04:36:01.129,774ms,65ms,0.0%,0,0,107 KB,1.9 KB
354,7d/ac569c,2829031,p04__megahit_cached (33),COMPLETED,0,2026-10-07 04:36:01.177,747ms,75ms,4.8%,0,0,111.6 KB,1.8 KB
358,93/a4a711,2829106,p11__virsorter2_pratama_cached (23),COMPLETED,0,2026-10-07 04:36:01.292,766ms,84ms,5.6%,0,0,122.7 KB,2.1 KB
355,39/82d505,2829053,p12__genomad_pratama_cached (23),COMPLETED,0,2026-10-07 04:36:01.235,764ms,150ms,3.7%,0,0,128.7 KB,2.1 KB
357,fd/a42cf3,2829079,p04__megahit_cached (34),COMPLETED,0,2026-10-07 04:36:01.266,924ms,107ms,4.1%,0,0,111.6 KB,1.8 KB
356,bd/fb521c,2829074,p10__vibrant_pratama_cached (25),COMPLETED,0,2026-10-07 04:36:01.256,948ms,110ms,7.3%,0,0,122.7 KB,2.1 KB
353,f9/2f0c67,2829013,p04__megahit_cached (32),COMPLETED,0,2026-10-07 04:36:01.152,1.2s,89ms,5.5%,0,0,111.6 KB,1.8 KB
360,4c/dd387f,2829786,p09__deepvirfinder_pratama_cached (26),COMPLETED,0,2026-10-07 04:36:01.912,552ms,66ms,7.2%,0,0,107 KB,1.9 KB
359,c5/e32dfa,2829732,p11__virsorter2_pratama_cached (24),COMPLETED,0,2026-10-07 04:36:01.847,539ms,94ms,4.7%,0,0,122.7 KB,2.1 KB
361,5e/f50e7c,2829947,p10__vibrant_pratama_cached (26),COMPLETED,0,2026-10-07 04:36:02.018,520ms,35ms,16.5%,0,0,122.7 KB,2.1 KB
363,2a/b6b7a2,2830037,p12__genomad_pratama_cached (25),COMPLETED,0,2026-10-07 04:36:02.066,581ms,64ms,10.9%,0,0,128.7 KB,2.1 KB
362,c4/fe33d9,2829806,p12__genomad_pratama_cached (24),COMPLETED,0,2026-10-07 04:36:01.945,709ms,143ms,4.5%,0,0,128.7 KB,2.1 KB
364,8a/f1d54c,2830296,p04__megahit_cached (35),COMPLETED,0,2026-10-07 04:36:02.203,650ms,28ms,0.0%,0,0,111.6 KB,1.8 KB
366,87/f1c413,2830319,p12__genomad_pratama_cached (26),COMPLETED,0,2026-10-07 04:36:02.214,715ms,91ms,8.0%,0,0,128.7 KB,2.1 KB
365,77/34ca1b,2830442,p06__splitContigsForAmr_cached (17),COMPLETED,0,2026-10-07 04:36:02.396,644ms,61ms,8.8%,0,0,116.6 KB,1.6 KB
367,14/2a4662,2830414,p11__virsorter2_pratama_cached (25),COMPLETED,0,2026-10-07 04:36:02.385,664ms,79ms,6.3%,0,0,122.7 KB,2.1 KB
368,ce/456734,2830554,p06__splitContigsForAmr_cached (18),COMPLETED,0,2026-10-07 04:36:02.470,611ms,69ms,6.4%,0,0,122.2 KB,1.6 KB
369,c0/4aa46a,2830623,p10__vibrant_pratama_cached (27),COMPLETED,0,2026-10-07 04:36:02.546,580ms,72ms,6.5%,0,0,122.7 KB,2.1 KB
371,99/3dd19b,2830937,p11__virsorter2_pratama_cached (26),COMPLETED,0,2026-10-07 04:36:02.705,682ms,63ms,0.0%,0,0,122.7 KB,2.1 KB
372,83/710f48,2830953,p04__megahit_cached (36),COMPLETED,0,2026-10-07 04:36:02.868,526ms,54ms,0.0%,0,0,111.6 KB,1.8 KB
370,e1/d48020,2830933,p12__genomad_pratama_cached (27),COMPLETED,0,2026-10-07 04:36:02.654,741ms,86ms,0.0%,0,0,128.7 KB,2.1 KB
374,aa/ecbb0c,2831260,p09__deepvirfinder_pratama_cached (28),COMPLETED,0,2026-10-07 04:36:03.049,466ms,20ms,0.0%,0,0,107 KB,1.9 KB
377,ab/53df69,2831384,p09__deepvirfinder_pratama_cached (29),COMPLETED,0,2026-10-07 04:36:03.133,445ms,15ms,0.0%,0,0,107 KB,1.9 KB
373,fd/d4f769,2831146,p09__deepvirfinder_pratama_cached (27),COMPLETED,0,2026-10-07 04:36:02.935,698ms,27ms,0.0%,0,0,107 KB,1.9 KB
375,12/c79fc9,2831357,p10__vibrant_pratama_cached (28),COMPLETED,0,2026-10-07 04:36:03.066,941ms,125ms,0.0%,0,0,122.7 KB,2.1 KB
378,4b/f57276,2831835,p11__virsorter2_pratama_cached (27),COMPLETED,0,2026-10-07 04:36:03.394,726ms,26ms,10.3%,0,0,122.7 KB,2.1 KB
384,c4/9b6fb0,2831994,p09__deepvirfinder_pratama_cached (31),COMPLETED,0,2026-10-07 04:36:03.587,649ms,78ms,0.0%,0,0,107 KB,1.9 KB
379,76/f5be36,2831852,p11__virsorter2_pratama_cached (28),COMPLETED,0,2026-10-07 04:36:03.455,932ms,36ms,6.9%,0,0,122.7 KB,2.1 KB
381,c0/41cfef,2831917,p12__genomad_pratama_cached (28),COMPLETED,0,2026-10-07 04:36:03.522,731ms,97ms,15.3%,0,0,128.7 KB,2.1 KB
382,b0/1182fe,2832413,p06__splitContigsForAmr_cached (19),COMPLETED,0,2026-10-07 04:36:03.649,1.1s,33ms,16.7%,0,0,122.2 KB,1.6 KB
376,71/df43cf,2831374,p04__megahit_cached (37),COMPLETED,0,2026-10-07 04:36:03.087,1.7s,61ms,10.7%,0,0,111.6 KB,1.8 KB
380,60/214b9b,2831861,p09__deepvirfinder_pratama_cached (30),COMPLETED,0,2026-10-07 04:36:03.462,1.3s,40ms,5.7%,0,0,107 KB,1.9 KB
387,cc/cc75b8,2832550,p04__megahit_cached (39),COMPLETED,0,2026-10-07 04:36:04.263,593ms,66ms,5.9%,0,0,111.6 KB,1.8 KB
385,2f/cec073,2832415,p12__genomad_pratama_cached (29),COMPLETED,0,2026-10-07 04:36:04.014,795ms,90ms,12.1%,0,0,128.7 KB,2.1 KB
383,bc/fe3d53,2832490,p10__vibrant_pratama_cached (29),COMPLETED,0,2026-10-07 04:36:04.130,834ms,102ms,6.1%,0,0,122.7 KB,2.1 KB
388,c1/82d14e,2833031,p11__virsorter2_pratama_cached (29),COMPLETED,0,2026-10-07 04:36:04.398,1.2s,73ms,8.5%,0,0,122.7 KB,2.1 KB
386,04/755539,2832521,p04__megahit_cached (38),COMPLETED,0,2026-10-07 04:36:04.251,959ms,92ms,5.5%,0,0,111.6 KB,1.8 KB
391,ed/fdb58d,2833208,p12__genomad_pratama_cached (30),COMPLETED,0,2026-10-07 04:36:04.807,974ms,181ms,3.0%,0,0,128.7 KB,2.1 KB
390,a9/245fc6,2833196,p09__deepvirfinder_pratama_cached (32),COMPLETED,0,2026-10-07 04:36:04.784,1.1s,110ms,4.7%,0,0,107 KB,1.9 KB
394,2b/2da9c7,2833254,p04__megahit_cached (40),COMPLETED,0,2026-10-07 04:36:04.868,1.1s,109ms,0.0%,0,0,111.6 KB,1.8 KB
392,d3/472c80,2833228,p10__vibrant_pratama_cached (30),COMPLETED,0,2026-10-07 04:36:04.834,1.1s,152ms,3.2%,0,0,122.7 KB,2.1 KB
395,c1/ecf0b2,2833295,p04__megahit_cached (41),COMPLETED,0,2026-10-07 04:36:04.972,1s,101ms,3.8%,0,0,111.6 KB,1.8 KB
389,68/5062bd,2833191,p11__virsorter2_pratama_cached (30),COMPLETED,0,2026-10-07 04:36:04.754,1.2s,102ms,4.4%,0,0,122.7 KB,2.1 KB
396,a2/5deaf6,2833832,p09__deepvirfinder_pratama_cached (33),COMPLETED,0,2026-10-07 04:36:05.559,853ms,22ms,14.7%,0,0,107 KB,1.9 KB
393,e8/6e2f8f,2833831,p10__vibrant_pratama_cached (31),COMPLETED,0,2026-10-07 04:36:05.228,1.2s,57ms,6.9%,0,0,122.7 KB,2.1 KB
397,14/f0424e,2834169,p11__virsorter2_pratama_cached (31),COMPLETED,0,2026-10-07 04:36:05.793,681ms,88ms,0.0%,0,0,122.7 KB,2.1 KB
398,85/ad61d1,2834197,p06__splitContigsForAmr_cached (20),COMPLETED,0,2026-10-07 04:36:05.883,651ms,108ms,7.3%,0,0,134.6 KB,1.6 KB
399,62/4aee8b,2834259,p12__genomad_pratama_cached (31),COMPLETED,0,2026-10-07 04:36:05.992,566ms,131ms,4.8%,0,0,128.7 KB,2.1 KB
401,32/e415ae,2834236,p10__vibrant_pratama_cached (33),COMPLETED,0,2026-10-07 04:36:05.973,604ms,100ms,5.0%,0,0,122.7 KB,2.1 KB
400,38/1f74e1,2834212,p10__vibrant_pratama_cached (32),COMPLETED,0,2026-10-07 04:36:05.963,918ms,79ms,5.9%,0,0,122.7 KB,2.1 KB
402,20/f85500,2834249,p06__splitContigsForAmr_cached (21),COMPLETED,0,2026-10-07 04:36:05.984,883ms,120ms,5.4%,0,0,141.5 KB,1.6 KB
406,57/985bd7,2834830,p09__deepvirfinder_pratama_cached (35),COMPLETED,0,2026-10-07 04:36:06.482,875ms,72ms,5.4%,0,0,107 KB,1.9 KB
409,06/e0950b,2835023,p11__virsorter2_pratama_cached (32),COMPLETED,0,2026-10-07 04:36:06.594,818ms,104ms,4.5%,0,0,122.7 KB,2.1 KB
410,24/4bdf1f,2835253,p11__virsorter2_pratama_cached (33),COMPLETED,0,2026-10-07 04:36:06.892,685ms,31ms,7.6%,0,0,122.7 KB,2.1 KB
403,f3/fc000d,2834789,p12__genomad_pratama_cached (32),COMPLETED,0,2026-10-07 04:36:06.423,1.2s,197ms,4.2%,3.6 MB,4.6 MB,128.7 KB,2.1 KB
405,bd/3829ba,2834828,p09__deepvirfinder_pratama_cached (34),COMPLETED,0,2026-10-07 04:36:06.468,1.2s,70ms,0.0%,0,0,107 KB,1.9 KB
408,be/138249,2835006,p04__megahit_cached (43),COMPLETED,0,2026-10-07 04:36:06.575,1.1s,142ms,3.8%,0,0,111.6 KB,1.8 KB
407,f2/3fea60,2834938,p04__megahit_cached (42),COMPLETED,0,2026-10-07 04:36:06.541,1.2s,38ms,7.0%,0,0,111.6 KB,1.8 KB
404,cc/03a969,2835247,p12__genomad_pratama_cached (33),COMPLETED,0,2026-10-07 04:36:06.879,914ms,25ms,33.4%,0,0,128.7 KB,2.1 KB
411,50/3b6061,2835974,p11__virsorter2_pratama_cached (34),COMPLETED,0,2026-10-07 04:36:07.378,1.2s,124ms,4.4%,0,0,122.7 KB,2.1 KB
415,b8/099948,2836059,p09__deepvirfinder_pratama_cached (37),COMPLETED,0,2026-10-07 04:36:07.680,1s,47ms,0.0%,0,0,107 KB,1.9 KB
416,f9/52d4ed,2836068,p12__genomad_pratama_cached (34),COMPLETED,0,2026-10-07 04:36:07.701,972ms,158ms,4.2%,0,0,128.7 KB,2.1 KB
412,90/a0d237,2835984,p10__vibrant_pratama_cached (34),COMPLETED,0,2026-10-07 04:36:07.419,1.4s,113ms,4.7%,0,0,122.7 KB,2.1 KB
418,5c/e710ec,2836104,p10__vibrant_pratama_cached (36),COMPLETED,0,2026-10-07 04:36:07.802,1.1s,212ms,0.0%,0,0,122.7 KB,2.1 KB
414,6a/6ec2e5,2836038,p09__deepvirfinder_pratama_cached (36),COMPLETED,0,2026-10-07 04:36:07.654,1.4s,89ms,0.0%,0,0,107 KB,1.9 KB
413,31/3ded74,2836033,p04__megahit_cached (44),COMPLETED,0,2026-10-07 04:36:07.584,1.4s,84ms,4.8%,0,0,111.6 KB,1.8 KB
417,b9/cb7d1d,2836090,p10__vibrant_pratama_cached (35),COMPLETED,0,2026-10-07 04:36:07.739,1.4s,101ms,4.7%,0,0,122.7 KB,2.1 KB
419,8b/83a53d,2836779,p04__megahit_cached (45),COMPLETED,0,2026-10-07 04:36:08.587,746ms,100ms,6.1%,0,0,111.6 KB,1.8 KB
420,f6/470401,2836843,p11__virsorter2_pratama_cached (35),COMPLETED,0,2026-10-07 04:36:08.683,627ms,152ms,9.1%,0,0,122.7 KB,2.1 KB
421,cd/76cf2e,2836871,p09__deepvirfinder_pratama_cached (38),COMPLETED,0,2026-10-07 04:36:08.702,981ms,70ms,5.9%,0,0,107 KB,1.9 KB
423,e2/abb7a3,2837306,p04__megahit_cached (46),COMPLETED,0,2026-10-07 04:36:09.001,710ms,29ms,0.0%,0,0,111.6 KB,1.8 KB
426,2f/e367c4,2837323,p11__virsorter2_pratama_cached (36),COMPLETED,0,2026-10-07 04:36:09.149,594ms,108ms,5.1%,0,0,122.7 KB,2.1 KB
424,c5/7e6595,2837288,p12__genomad_pratama_cached (36),COMPLETED,0,2026-10-07 04:36:08.935,832ms,116ms,6.3%,0,0,128.7 KB,2.1 KB
425,8d/de4817,2837316,p09__deepvirfinder_pratama_cached (39),COMPLETED,0,2026-10-07 04:36:09.036,803ms,35ms,0.0%,0,0,107 KB,1.9 KB
422,93/aa844e,2837271,p12__genomad_pratama_cached (35),COMPLETED,0,2026-10-07 04:36:08.816,1.2s,95ms,5.7%,0,0,128.7 KB,2.1 KB
428,29/ee0319,2837904,p12__genomad_pratama_cached (37),COMPLETED,0,2026-10-07 04:36:09.349,894ms,95ms,7.1%,0,0,128.7 KB,2.1 KB
429,b4/484160,2837930,p12__genomad_pratama_cached (38),COMPLETED,0,2026-10-07 04:36:09.691,574ms,142ms,5.0%,3.7 MB,4.6 MB,128.7 KB,2.1 KB
432,4c/9260ad,2837978,p10__vibrant_pratama_cached (38),COMPLETED,0,2026-10-07 04:36:09.755,510ms,135ms,5.9%,0,0,122.7 KB,2.1 KB
427,38/10a6b3,2837894,p10__vibrant_pratama_cached (37),COMPLETED,0,2026-10-07 04:36:09.321,1.2s,56ms,0.0%,0,0,122.7 KB,2.1 KB
430,33/a2bdf4,2837952,p09__deepvirfinder_pratama_cached (40),COMPLETED,0,2026-10-07 04:36:09.722,832ms,73ms,0.0%,0,0,107 KB,1.9 KB
433,50/2e5676,2838389,p06__splitContigsForAmr_cached (22),COMPLETED,0,2026-10-07 04:36:09.784,787ms,106ms,6.5%,0,0,141.5 KB,1.6 KB
434,7b/7f8195,2838396,p04__megahit_cached (47),COMPLETED,0,2026-10-07 04:36:09.845,728ms,71ms,0.0%,0,0,111.6 KB,1.8 KB
431,65/b9c50e,2838401,p11__virsorter2_pratama_cached (37),COMPLETED,0,2026-10-07 04:36:10.002,676ms,81ms,7.5%,0,0,122.7 KB,2.1 KB
437,30/376b62,2838819,p12__genomad_pratama_cached (39),COMPLETED,0,2026-10-07 04:36:10.295,705ms,54ms,11.7%,0,0,128.7 KB,2.1 KB
435,fa/e5ac4b,2838574,p11__virsorter2_pratama_cached (38),COMPLETED,0,2026-10-07 04:36:10.264,865ms,36ms,18.2%,0,0,122.7 KB,2.1 KB
441,47/2baaee,2839032,p11__virsorter2_pratama_cached (39),COMPLETED,0,2026-10-07 04:36:10.508,860ms,127ms,4.1%,0,0,122.7 KB,2.1 KB
439,22/1a714d,2839076,p04__megahit_cached (49),COMPLETED,0,2026-10-07 04:36:10.576,887ms,122ms,0.0%,0,0,111.6 KB,1.8 KB
443,92/07e118,2839372,p12__genomad_pratama_cached (40),COMPLETED,0,2026-10-07 04:36:11.016,579ms,158ms,5.3%,3.5 MB,4.6 MB,128.7 KB,2.1 KB
436,bd/b6b593,2838818,p09__deepvirfinder_pratama_cached (41),COMPLETED,0,2026-10-07 04:36:10.279,1.3s,11ms,0.0%,0,0,107 KB,1.9 KB
438,d4/25c3ab,2839046,p04__megahit_cached (48),COMPLETED,0,2026-10-07 04:36:10.562,1.1s,118ms,0.0%,0,0,111.6 KB,1.8 KB
440,17/5ec439,2839084,p10__vibrant_pratama_cached (39),COMPLETED,0,2026-10-07 04:36:10.588,1.2s,136ms,4.9%,0,0,122.7 KB,2.1 KB
442,2c/72cadb,2839128,p09__deepvirfinder_pratama_cached (42),COMPLETED,0,2026-10-07 04:36:10.686,1.2s,72ms,3.7%,0,0,107 KB,1.9 KB
445,24/a0311d,2839775,p09__deepvirfinder_pratama_cached (43),COMPLETED,0,2026-10-07 04:36:11.396,631ms,21ms,16.1%,0,0,107 KB,1.9 KB
444,72/865855,2839612,p11__virsorter2_pratama_cached (40),COMPLETED,0,2026-10-07 04:36:11.137,977ms,88ms,8.1%,0,0,122.7 KB,2.1 KB
450,8c/8f38ae,2840233,p11__virsorter2_pratama_cached (41),COMPLETED,0,2026-10-07 04:36:11.832,869ms,155ms,4.4%,0,0,122.7 KB,2.1 KB
449,0a/233cfe,2840228,p04__megahit_cached (51),COMPLETED,0,2026-10-07 04:36:11.822,906ms,67ms,0.0%,0,0,111.6 KB,1.8 KB
446,52/ffa157,2840183,p10__vibrant_pratama_cached (40),COMPLETED,0,2026-10-07 04:36:11.470,1.3s,87ms,6.0%,0,0,122.7 KB,2.1 KB
451,49/c605b2,2840256,p09__deepvirfinder_pratama_cached (44),COMPLETED,0,2026-10-07 04:36:11.935,923ms,74ms,5.7%,0,0,107 KB,1.9 KB
447,3b/1e129c,2840193,p12__genomad_pratama_cached (41),COMPLETED,0,2026-10-07 04:36:11.607,1.2s,103ms,5.9%,0,0,128.7 KB,2.1 KB
448,71/c5b0eb,2840207,p04__megahit_cached (50),COMPLETED,0,2026-10-07 04:36:11.630,1.3s,59ms,0.0%,0,0,111.6 KB,1.8 KB
452,65/d7f12e,2840282,p10__vibrant_pratama_cached (41),COMPLETED,0,2026-10-07 04:36:12.039,872ms,154ms,3.7%,0,0,122.7 KB,2.1 KB
453,b5/7f28a2,2840760,p12__genomad_pratama_cached (42),COMPLETED,0,2026-10-07 04:36:12.527,597ms,68ms,0.0%,0,0,128.7 KB,2.1 KB
454,ec/d0cc19,2840904,p04__megahit_cached (52),COMPLETED,0,2026-10-07 04:36:12.712,550ms,102ms,0.0%,0,0,111.6 KB,1.8 KB
455,28/7cb3b8,2840924,p10__vibrant_pratama_cached (42),COMPLETED,0,2026-10-07 04:36:12.737,532ms,129ms,6.0%,0,0,122.7 KB,2.1 KB
456,32/2fcd90,2840960,p09__deepvirfinder_pratama_cached (45),COMPLETED,0,2026-10-07 04:36:12.765,546ms,27ms,0.0%,0,0,107 KB,1.9 KB
457,35/c85e92,2841036,p11__virsorter2_pratama_cached (42),COMPLETED,0,2026-10-07 04:36:12.850,532ms,107ms,4.7%,0,0,122.7 KB,2.1 KB
458,64/8f889f,2841329,p12__genomad_pratama_cached (43),COMPLETED,0,2026-10-07 04:36:12.875,815ms,105ms,6.3%,0,0,128.7 KB,2.1 KB
459,f7/3e7001,2841334,p11__virsorter2_pratama_cached (43),COMPLETED,0,2026-10-07 04:36:12.919,796ms,91ms,6.1%,0,0,122.7 KB,2.1 KB
461,8f/12e364,2841380,p09__deepvirfinder_pratama_cached (46),COMPLETED,0,2026-10-07 04:36:13.132,617ms,59ms,0.0%,0,0,107 KB,1.9 KB
460,f3/a39f7f,2841336,p10__vibrant_pratama_cached (43),COMPLETED,0,2026-10-07 04:36:12.961,832ms,128ms,5.0%,0,0,122.7 KB,2.1 KB
463,b6/0ab581,2841627,p04__megahit_cached (53),COMPLETED,0,2026-10-07 04:36:13.293,551ms,25ms,0.0%,0,0,111.6 KB,1.8 KB
464,f4/ec602f,2841637,p12__genomad_pratama_cached (44),COMPLETED,0,2026-10-07 04:36:13.318,631ms,94ms,7.4%,0,0,128.7 KB,2.1 KB
462,30/708b34,2841570,p09__deepvirfinder_pratama_cached (47),COMPLETED,0,2026-10-07 04:36:13.269,711ms,13ms,0.0%,0,0,107 KB,1.9 KB
466,12/edd0d7,2841785,p11__virsorter2_pratama_cached (44),COMPLETED,0,2026-10-07 04:36:13.401,688ms,63ms,10.6%,0,0,122.7 KB,2.1 KB
467,f6/86ea26,2842181,p09__deepvirfinder_pratama_cached (48),COMPLETED,0,2026-10-07 04:36:13.765,310ms,18ms,0.0%,0,0,107 KB,1.9 KB
469,4d/975c9d,2842257,p04__megahit_cached (54),COMPLETED,0,2026-10-07 04:36:13.805,485ms,53ms,0.0%,0,0,111.6 KB,1.8 KB
468,1b/14eee7,2842151,p11__virsorter2_pratama_cached (45),COMPLETED,0,2026-10-07 04:36:13.723,549ms,80ms,7.4%,0,0,122.7 KB,2.1 KB
465,07/a7e348,2842142,p12__genomad_pratama_cached (45),COMPLETED,0,2026-10-07 04:36:13.699,658ms,46ms,8.0%,0,0,128.7 KB,2.1 KB
470,23/8d9fc1,2842345,p06__splitContigsForAmr_cached (23),COMPLETED,0,2026-10-07 04:36:13.851,604ms,141ms,5.0%,0,0,134.6 KB,1.6 KB
471,40/4d58ed,2842469,p06__splitContigsForAmr_cached (24),COMPLETED,0,2026-10-07 04:36:13.957,576ms,74ms,0.0%,0,0,134.6 KB,1.6 KB
475,8b/28f49f,2842766,p11__virsorter2_pratama_cached (46),COMPLETED,0,2026-10-07 04:36:14.095,531ms,73ms,0.0%,0,0,122.7 KB,2.1 KB
473,27/fb64d0,2842753,p10__vibrant_pratama_cached (45),COMPLETED,0,2026-10-07 04:36:14.087,810ms,86ms,0.0%,0,0,122.7 KB,2.1 KB
472,c0/0e5200,2842622,p10__vibrant_pratama_cached (44),COMPLETED,0,2026-10-07 04:36:14.015,689ms,75ms,9.9%,0,0,122.7 KB,2.1 KB
476,78/e6da47,2842950,p12__genomad_pratama_cached (46),COMPLETED,0,2026-10-07 04:36:14.296,873ms,64ms,7.6%,0,0,128.7 KB,2.1 KB
474,c6/c25259,2842943,p09__deepvirfinder_pratama_cached (49),COMPLETED,0,2026-10-07 04:36:14.279,1.1s,29ms,0.0%,0,0,107 KB,1.9 KB
480,ba/e4135e,2843285,p11__virsorter2_pratama_cached (47),COMPLETED,0,2026-10-07 04:36:14.542,830ms,105ms,0.0%,0,0,122.7 KB,2.1 KB
479,20/cb8c28,2843425,p10__vibrant_pratama_cached (46),COMPLETED,0,2026-10-07 04:36:14.633,896ms,85ms,8.3%,0,0,122.7 KB,2.1 KB
478,5f/29d664,2843180,p04__megahit_cached (55),COMPLETED,0,2026-10-07 04:36:14.462,1s,37ms,0.0%,0,0,111.6 KB,1.8 KB
477,af/7528a2,2843088,p09__deepvirfinder_pratama_cached (50),COMPLETED,0,2026-10-07 04:36:14.379,1.6s,80ms,0.0%,0,0,107 KB,1.9 KB
483,5c/4c2ea9,2844162,p09__deepvirfinder_pratama_cached (51),COMPLETED,0,2026-10-07 04:36:15.175,828ms,53ms,0.0%,0,0,107 KB,1.9 KB
482,7a/527df7,2844103,p12__genomad_pratama_cached (47),COMPLETED,0,2026-10-07 04:36:14.902,1.1s,102ms,11.6%,0,0,128.7 KB,2.1 KB
485,55/6f2b24,2844380,p11__virsorter2_pratama_cached (48),COMPLETED,0,2026-10-07 04:36:15.386,963ms,129ms,3.6%,0,0,122.7 KB,2.1 KB
484,04/54eeeb,2844344,p12__genomad_pratama_cached (48),COMPLETED,0,2026-10-07 04:36:15.355,1.1s,118ms,4.7%,0,0,128.7 KB,2.1 KB
487,44/25d66a,2844938,p04__megahit_cached (56),COMPLETED,0,2026-10-07 04:36:15.676,754ms,55ms,12.0%,0,0,111.6 KB,1.8 KB
486,56/7a5d7b,2844930,p06__splitContigsForAmr_cached (25),COMPLETED,0,2026-10-07 04:36:15.539,926ms,126ms,11.0%,0,0,134.6 KB,1.6 KB
481,62/749241,2844076,p10__vibrant_pratama_cached (47),COMPLETED,0,2026-10-07 04:36:14.713,1.8s,117ms,4.6%,0,0,122.7 KB,2.1 KB
488,2a/a47062,2845032,p09__deepvirfinder_pratama_cached (52),COMPLETED,0,2026-10-07 04:36:16.013,995ms,63ms,0.0%,0,0,107 KB,1.9 KB
490,3d/f6c862,2845496,p11__virsorter2_pratama_cached (49),COMPLETED,0,2026-10-07 04:36:16.255,876ms,119ms,0.0%,0,0,122.7 KB,2.1 KB
489,d2/eac001,2845471,p12__genomad_pratama_cached (49),COMPLETED,0,2026-10-07 04:36:16.112,1.3s,118ms,4.7%,0,0,128.7 KB,2.1 KB
494,d3/f0802f,2845544,p10__vibrant_pratama_cached (48),COMPLETED,0,2026-10-07 04:36:16.485,922ms,132ms,4.1%,0,0,122.7 KB,2.1 KB
495,3d/85bb30,2845592,p10__vibrant_pratama_cached (49),COMPLETED,0,2026-10-07 04:36:16.507,900ms,121ms,0.0%,0,0,122.7 KB,2.1 KB
492,7b/791ea4,2845520,p04__megahit_cached (57),COMPLETED,0,2026-10-07 04:36:16.429,978ms,68ms,0.0%,0,0,111.6 KB,1.8 KB
493,ca/d71469,2845538,p09__deepvirfinder_pratama_cached (53),COMPLETED,0,2026-10-07 04:36:16.442,972ms,56ms,5.4%,0,0,107 KB,1.9 KB
491,3f/2568e5,2845500,p11__virsorter2_pratama_cached (50),COMPLETED,0,2026-10-07 04:36:16.355,1.1s,92ms,5.3%,0,0,122.7 KB,2.1 KB
498,7b/c7e13c,2846199,p12__genomad_pratama_cached (50),COMPLETED,0,2026-10-07 04:36:17.139,670ms,36ms,15.7%,0,0,128.7 KB,2.1 KB
496,83/b3984e,2846000,p09__deepvirfinder_pratama_cached (54),COMPLETED,0,2026-10-07 04:36:17.016,901ms,53ms,0.0%,0,0,107 KB,1.9 KB
499,d8/409f2b,2846445,p12__genomad_pratama_cached (51),COMPLETED,0,2026-10-07 04:36:17.407,607ms,95ms,7.1%,0,0,128.7 KB,2.1 KB
500,df/16e5a8,2846873,p04__megahit_cached (58),COMPLETED,0,2026-10-07 04:36:17.440,1s,53ms,0.0%,0,0,111.6 KB,1.8 KB
504,53/73c0a7,2847003,p10__vibrant_pratama_cached (51),COMPLETED,0,2026-10-07 04:36:17.817,779ms,130ms,0.0%,0,0,122.7 KB,2.1 KB
502,67/19b8ab,2846898,p11__virsorter2_pratama_cached (51),COMPLETED,0,2026-10-07 04:36:17.476,1.1s,109ms,4.5%,0,0,122.7 KB,2.1 KB
501,ef/cbf806,2846895,p04__megahit_cached (59),COMPLETED,0,2026-10-07 04:36:17.470,1.2s,67ms,0.0%,0,0,111.6 KB,1.8 KB
497,ae/bb41ae,2846889,p10__vibrant_pratama_cached (50),COMPLETED,0,2026-10-07 04:36:17.464,1.2s,37ms,8.9%,0,0,122.7 KB,2.1 KB
503,b5/ff26b8,2846915,p11__virsorter2_pratama_cached (52),COMPLETED,0,2026-10-07 04:36:17.483,1.2s,128ms,4.5%,0,0,122.7 KB,2.1 KB
505,ed/fbb620,2847359,p06__splitContigsForAmr_cached (26),COMPLETED,0,2026-10-07 04:36:17.923,787ms,92ms,6.6%,0,0,128.2 KB,1.6 KB
507,2e/f2e966,2847373,p09__deepvirfinder_pratama_cached (55),COMPLETED,0,2026-10-07 04:36:18.021,831ms,34ms,8.9%,0,0,107 KB,1.9 KB
510,22/82ea50,2847813,p04__megahit_cached (60),COMPLETED,0,2026-10-07 04:36:18.640,526ms,20ms,28.0%,0,0,111.6 KB,1.8 KB
508,4a/f72493,2847777,p11__virsorter2_pratama_cached (53),COMPLETED,0,2026-10-07 04:36:18.600,599ms,28ms,11.9%,0,0,122.7 KB,2.1 KB
511,87/081139,2847823,p12__genomad_pratama_cached (53),COMPLETED,0,2026-10-07 04:36:18.646,661ms,98ms,5.7%,0,0,128.7 KB,2.1 KB
512,33/5ece05,2848066,p11__virsorter2_pratama_cached (54),COMPLETED,0,2026-10-07 04:36:18.729,720ms,112ms,4.9%,0,0,122.7 KB,2.1 KB
509,a8/555f57,2847788,p09__deepvirfinder_pratama_cached (56),COMPLETED,0,2026-10-07 04:36:18.622,961ms,52ms,0.0%,0,0,107 KB,1.9 KB
506,55/55d88f,2847762,p12__genomad_pratama_cached (52),COMPLETED,0,2026-10-07 04:36:18.485,1s,111ms,5.6%,0,0,128.7 KB,2.1 KB
513,1c/fd1756,2847824,p12__genomad_pratama_cached (54),COMPLETED,0,2026-10-07 04:36:18.661,1s,102ms,0.0%,0,0,128.7 KB,2.1 KB
516,c2/7ab8a9,2848441,p11__virsorter2_pratama_cached (55),COMPLETED,0,2026-10-07 04:36:18.858,968ms,37ms,7.7%,0,0,122.7 KB,2.1 KB
515,5e/969c47,2848665,p04__megahit_cached (61),COMPLETED,0,2026-10-07 04:36:19.172,654ms,60ms,0.0%,0,0,111.6 KB,1.8 KB
514,48/a35e11,2848688,p10__vibrant_pratama_cached (52),COMPLETED,0,2026-10-07 04:36:19.207,619ms,16ms,0.0%,0,0,122.7 KB,2.1 KB
519,4d/5d9353,2849224,p11__virsorter2_pratama_cached (56),COMPLETED,0,2026-10-07 04:36:19.517,806ms,73ms,8.4%,0,0,122.7 KB,2.1 KB
522,02/42ebd5,2849365,p04__megahit_cached (63),COMPLETED,0,2026-10-07 04:36:19.837,609ms,64ms,0.0%,0,0,111.6 KB,1.8 KB
518,18/4a0274,2849214,p12__genomad_pratama_cached (55),COMPLETED,0,2026-10-07 04:36:19.461,1s,80ms,6.0%,0,0,128.7 KB,2.1 KB
521,15/e448a6,2849250,p04__megahit_cached (62),COMPLETED,0,2026-10-07 04:36:19.676,849ms,91ms,6.2%,0,0,111.6 KB,1.8 KB
517,31/3e86fd,2849195,p10__vibrant_pratama_cached (53),COMPLETED,0,2026-10-07 04:36:19.313,1.2s,86ms,5.5%,0,0,122.7 KB,2.1 KB
520,65/f87a77,2849230,p12__genomad_pratama_cached (56),COMPLETED,0,2026-10-07 04:36:19.600,973ms,128ms,8.3%,0,0,128.7 KB,2.1 KB
523,f2/b43b02,2849370,p10__vibrant_pratama_cached (54),COMPLETED,0,2026-10-07 04:36:19.856,743ms,96ms,4.1%,0,0,122.7 KB,2.1 KB
526,09/300ee9,2849852,p10__vibrant_pratama_cached (56),COMPLETED,0,2026-10-07 04:36:20.332,396ms,64ms,9.3%,0,0,122.7 KB,2.1 KB
524,1f/29b236,2849422,p04__megahit_cached (64),COMPLETED,0,2026-10-07 04:36:19.865,810ms,93ms,4.9%,0,0,111.6 KB,1.8 KB
527,cd/e455f0,2850110,p04__megahit_cached (65),COMPLETED,0,2026-10-07 04:36:20.493,492ms,19ms,0.0%,0,0,111.6 KB,1.8 KB
525,95/018b61,2850045,p10__vibrant_pratama_cached (55),COMPLETED,0,2026-10-07 04:36:20.452,578ms,47ms,0.0%,0,0,122.7 KB,2.1 KB
528,d9/5598dc,2850262,p06__splitContigsForAmr_cached (27),COMPLETED,0,2026-10-07 04:36:20.532,512ms,92ms,5.1%,0,0,128.2 KB,1.6 KB
530,ea/fb486d,2850289,p06__splitContigsForAmr_cached (29),COMPLETED,0,2026-10-07 04:36:20.578,547ms,66ms,7.9%,0,0,128.2 KB,1.6 KB
531,38/cd9588,2850366,p09__deepvirfinder_pratama_cached (57),COMPLETED,0,2026-10-07 04:36:20.609,554ms,7ms,0.0%,0,0,107 KB,1.9 KB
529,69/87aa8b,2850277,p06__splitContigsForAmr_cached (28),COMPLETED,0,2026-10-07 04:36:20.562,713ms,62ms,6.7%,0,0,116.6 KB,1.6 KB
533,a1/ad805e,2850460,p09__deepvirfinder_pratama_cached (58),COMPLETED,0,2026-10-07 04:36:20.684,640ms,47ms,0.0%,0,0,107 KB,1.9 KB
536,3a/b5c3fe,2850905,p10__vibrant_pratama_cached (57),COMPLETED,0,2026-10-07 04:36:21.039,484ms,104ms,5.4%,0,0,122.7 KB,2.1 KB
532,8d/5525f6,2850910,p12__genomad_pratama_cached (57),COMPLETED,0,2026-10-07 04:36:21.049,481ms,92ms,0.0%,0,0,128.7 KB,2.1 KB
535,c0/c7efda,2850899,p06__splitContigsForAmr_cached (30),COMPLETED,0,2026-10-07 04:36:20.992,684ms,107ms,0.0%,0,0,116.6 KB,1.6 KB
537,76/cde08f,2851054,p11__virsorter2_pratama_cached (58),COMPLETED,0,2026-10-07 04:36:21.138,684ms,37ms,12.7%,0,0,122.7 KB,2.1 KB
538,6e/d751ce,2851099,p09__deepvirfinder_pratama_cached (59),COMPLETED,0,2026-10-07 04:36:21.183,641ms,33ms,0.0%,0,0,107 KB,1.9 KB
534,82/dc0eac,2850894,p11__virsorter2_pratama_cached (57),COMPLETED,0,2026-10-07 04:36:20.735,1.1s,123ms,5.9%,0,0,122.7 KB,2.1 KB
540,e1/161624,2851416,p10__vibrant_pratama_cached (58),COMPLETED,0,2026-10-07 04:36:21.329,847ms,97ms,0.0%,0,0,122.7 KB,2.1 KB
539,79/3e099e,2851394,p12__genomad_pratama_cached (58),COMPLETED,0,2026-10-07 04:36:21.288,962ms,101ms,7.2%,0,0,128.7 KB,2.1 KB
543,05/6f9a52,2851802,p12__genomad_pratama_cached (59),COMPLETED,0,2026-10-07 04:36:21.681,574ms,72ms,6.1%,0,0,128.7 KB,2.1 KB
542,48/62dbab,2851796,p10__vibrant_pratama_cached (59),COMPLETED,0,2026-10-07 04:36:21.552,793ms,34ms,11.5%,0,0,122.7 KB,2.1 KB
541,fe/a04357,2851792,p11__virsorter2_pratama_cached (59),COMPLETED,0,2026-10-07 04:36:21.530,1.3s,54ms,8.2%,0,0,122.7 KB,2.1 KB
545,1d/8f24b4,2852135,p11__virsorter2_pratama_cached (60),COMPLETED,0,2026-10-07 04:36:21.937,983ms,68ms,9.0%,0,0,122.7 KB,2.1 KB
544,44/77a9e6,2852124,p09__deepvirfinder_pratama_cached (60),COMPLETED,0,2026-10-07 04:36:21.829,1.2s,37ms,0.0%,0,0,107 KB,1.9 KB
546,cc/5cd796,2852149,p06__splitContigsForAmr_cached (31),COMPLETED,0,2026-10-07 04:36:22.025,1.1s,66ms,6.3%,0,0,116.6 KB,1.6 KB
547,6f/a6d09a,2852231,p09__deepvirfinder_pratama_cached (61),COMPLETED,0,2026-10-07 04:36:22.183,988ms,37ms,0.0%,0,0,107 KB,1.9 KB
548,e9/62974d,2852248,p12__genomad_pratama_cached (60),COMPLETED,0,2026-10-07 04:36:22.255,918ms,119ms,4.7%,0,0,128.7 KB,2.1 KB
549,48/d4ae71,2852311,p10__vibrant_pratama_cached (60),COMPLETED,0,2026-10-07 04:36:22.283,1.2s,39ms,14.5%,0,0,122.7 KB,2.1 KB
553,eb/9fc596,2853124,p12__genomad_pratama_cached (61),COMPLETED,0,2026-10-07 04:36:23.016,652ms,156ms,5.1%,0,0,128.7 KB,2.1 KB
552,44/99cb39,2853113,p09__deepvirfinder_pratama_cached (62),COMPLETED,0,2026-10-07 04:36:22.942,636ms,34ms,13.2%,0,0,107 KB,1.9 KB
550,a3/15d249,2852857,p11__virsorter2_pratama_cached (61),COMPLETED,0,2026-10-07 04:36:22.351,1.5s,123ms,5.0%,3.5 MB,4.6 MB,122.7 KB,2.1 KB
551,e0/cc76f4,2852870,p10__vibrant_pratama_cached (61),COMPLETED,0,2026-10-07 04:36:22.836,1.3s,80ms,5.0%,0,0,122.7 KB,2.1 KB
555,52/9ba048,2853460,p09__deepvirfinder_pratama_cached (63),COMPLETED,0,2026-10-07 04:36:23.231,1.1s,31ms,0.0%,0,0,107 KB,1.9 KB
554,4c/201252,2853430,p11__virsorter2_pratama_cached (62),COMPLETED,0,2026-10-07 04:36:23.180,1.1s,103ms,6.3%,0,0,122.7 KB,2.1 KB
558,1a/348853,2853772,p11__virsorter2_pratama_cached (63),COMPLETED,0,2026-10-07 04:36:23.596,727ms,96ms,6.5%,0,0,122.7 KB,2.1 KB
556,c6/9a0b2a,2853476,p10__vibrant_pratama_cached (62),COMPLETED,0,2026-10-07 04:36:23.307,1.1s,35ms,0.0%,0,0,122.7 KB,2.1 KB
559,df/a53fe1,2853784,p12__genomad_pratama_cached (63),COMPLETED,0,2026-10-07 04:36:23.679,922ms,91ms,5.1%,0,0,128.7 KB,2.1 KB
557,e6/7ae401,2853515,p12__genomad_pratama_cached (62),COMPLETED,0,2026-10-07 04:36:23.481,971ms,126ms,5.8%,0,0,128.7 KB,2.1 KB
560,ba/871631,2854362,p10__vibrant_pratama_cached (63),COMPLETED,0,2026-10-07 04:36:23.879,1.3s,114ms,6.3%,0,0,122.7 KB,2.1 KB
562,9c/a98213,2854409,p06__splitContigsForAmr_cached (33),COMPLETED,0,2026-10-07 04:36:24.286,1.1s,141ms,4.3%,0,0,134.6 KB,1.6 KB
564,36/5bd8ea,2854469,p06__splitContigsForAmr_cached (35),COMPLETED,0,2026-10-07 04:36:24.329,1.1s,155ms,6.2%,0,0,134.6 KB,1.6 KB
566,2f/543dd4,2854597,p10__vibrant_pratama_cached (64),COMPLETED,0,2026-10-07 04:36:24.458,971ms,174ms,3.8%,0,0,122.7 KB,2.1 KB
565,be/ffab41,2854481,p09__deepvirfinder_pratama_cached (64),COMPLETED,0,2026-10-07 04:36:24.403,1s,76ms,4.9%,0,0,107 KB,1.9 KB
563,4e/c0a0bf,2854430,p06__splitContigsForAmr_cached (34),COMPLETED,0,2026-10-07 04:36:24.322,1.2s,154ms,6.8%,0,0,134.6 KB,1.6 KB
567,1e/d234d7,2854632,p10__vibrant_pratama_cached (65),COMPLETED,0,2026-10-07 04:36:24.608,951ms,137ms,3.9%,0,0,122.7 KB,2.1 KB
561,c8/2e87b5,2854396,p06__splitContigsForAmr_cached (32),COMPLETED,0,2026-10-07 04:36:24.190,1.7s,160ms,7.6%,0,0,122.2 KB,1.6 KB
570,0a/141794,2855173,p09__deepvirfinder_pratama_cached (66),COMPLETED,0,2026-10-07 04:36:25.356,588ms,35ms,0.0%,0,0,107 KB,1.9 KB
568,87/302762,2855074,p09__deepvirfinder_pratama_cached (65),COMPLETED,0,2026-10-07 04:36:25.194,757ms,36ms,9.3%,0,0,107 KB,1.9 KB
569,ea/05f483,2855276,p11__virsorter2_pratama_cached (64),COMPLETED,0,2026-10-07 04:36:25.408,599ms,83ms,7.9%,0,0,122.7 KB,2.1 KB
571,b1/a92c01,2855284,p12__genomad_pratama_cached (64),COMPLETED,0,2026-10-07 04:36:25.434,602ms,47ms,6.7%,0,0,128.7 KB,2.1 KB
572,5e/96e3f9,2855304,p10__vibrant_pratama_cached (66),COMPLETED,0,2026-10-07 04:36:25.442,812ms,107ms,0.0%,0,0,122.7 KB,2.1 KB
574,bc/f8fa46,2855731,p10__vibrant_pratama_cached (67),COMPLETED,0,2026-10-07 04:36:25.491,1.3s,81ms,0.0%,0,0,122.7 KB,2.1 KB
575,76/45f9df,2855882,p12__genomad_pratama_cached (65),COMPLETED,0,2026-10-07 04:36:25.878,953ms,106ms,5.2%,0,0,128.7 KB,2.1 KB
573,bd/2dd81c,2855746,p09__deepvirfinder_pratama_cached (67),COMPLETED,0,2026-10-07 04:36:25.564,1.3s,38ms,0.0%,0,0,107 KB,1.9 KB
577,03/f70756,2856093,p11__virsorter2_pratama_cached (65),COMPLETED,0,2026-10-07 04:36:25.957,965ms,28ms,23.9%,0,0,122.7 KB,2.1 KB
578,bd/50b6cc,2856095,p11__virsorter2_pratama_cached (66),COMPLETED,0,2026-10-07 04:36:26.013,941ms,115ms,4.8%,0,0,122.7 KB,2.1 KB
580,d7/6d62e6,2856097,p06__splitContigsForAmr_cached (36),COMPLETED,0,2026-10-07 04:36:26.041,994ms,130ms,5.3%,0,0,122.2 KB,1.6 KB
576,8e/596f52,2856086,p12__genomad_pratama_cached (66),COMPLETED,0,2026-10-07 04:36:25.949,1.2s,91ms,4.4%,0,0,128.7 KB,2.1 KB
579,d5/98591a,2856747,p11__virsorter2_pratama_cached (67),COMPLETED,0,2026-10-07 04:36:26.261,1.4s,70ms,8.2%,0,0,122.7 KB,2.1 KB
582,2d/f957d3,2856926,p09__deepvirfinder_pratama_cached (69),COMPLETED,0,2026-10-07 04:36:26.856,1.1s,69ms,0.0%,0,0,107 KB,1.9 KB
581,a8/4b01ca,2856911,p09__deepvirfinder_pratama_cached (68),COMPLETED,0,2026-10-07 04:36:26.774,1.2s,24ms,0.0%,0,0,107 KB,1.9 KB
585,e4/7759a9,2856928,p12__genomad_pratama_cached (67),COMPLETED,0,2026-10-07 04:36:26.927,1s,51ms,10.1%,0,0,128.7 KB,2.1 KB
584,57/af45f2,2856999,p10__vibrant_pratama_cached (69),COMPLETED,0,2026-10-07 04:36:26.959,995ms,156ms,3.2%,0,0,122.7 KB,2.1 KB
583,63/756545,2856912,p10__vibrant_pratama_cached (68),COMPLETED,0,2026-10-07 04:36:26.847,1.4s,87ms,6.8%,0,0,122.7 KB,2.1 KB
586,2c/037363,2857007,p12__genomad_pratama_cached (68),COMPLETED,0,2026-10-07 04:36:27.044,1.3s,215ms,3.3%,0,0,128.7 KB,2.1 KB
587,01/a738b7,2857020,p11__virsorter2_pratama_cached (68),COMPLETED,0,2026-10-07 04:36:27.134,1.3s,160ms,3.4%,0,0,122.7 KB,2.1 KB
588,72/334b19,2857529,p09__deepvirfinder_pratama_cached (70),COMPLETED,0,2026-10-07 04:36:27.628,886ms,24ms,0.0%,0,0,107 KB,1.9 KB
589,bc/4da551,2857739,p12__genomad_pratama_cached (69),COMPLETED,0,2026-10-07 04:36:27.952,611ms,104ms,8.0%,3.5 MB,4.6 MB,128.7 KB,2.1 KB
592,9a/adb566,2858230,p11__virsorter2_pratama_cached (69),COMPLETED,0,2026-10-07 04:36:28.184,983ms,148ms,4.2%,0,0,122.7 KB,2.1 KB
590,ae/926d87,2858210,p12__genomad_pratama_cached (70),COMPLETED,0,2026-10-07 04:36:28.054,1.1s,67ms,6.7%,0,0,128.7 KB,2.1 KB
591,d0/0d6495,2858221,p10__vibrant_pratama_cached (70),COMPLETED,0,2026-10-07 04:36:28.090,1.1s,175ms,3.9%,0,0,122.7 KB,2.1 KB
593,a2/d5ea0e,2858239,p09__deepvirfinder_pratama_cached (71),COMPLETED,0,2026-10-07 04:36:28.227,1.1s,53ms,0.0%,0,0,107 KB,1.9 KB
594,cb/dfa7fb,2858274,p12__genomad_pratama_cached (71),COMPLETED,0,2026-10-07 04:36:28.365,1s,132ms,3.0%,0,0,128.7 KB,2.1 KB
596,a2/2e0c80,2858291,p09__deepvirfinder_pratama_cached (72),COMPLETED,0,2026-10-07 04:36:28.443,1s,72ms,5.4%,0,0,107 KB,1.9 KB
595,a7/f2c375,2858307,p11__virsorter2_pratama_cached (70),COMPLETED,0,2026-10-07 04:36:28.519,927ms,101ms,5.3%,0,0,122.7 KB,2.1 KB
597,15/9697b0,2858404,p10__vibrant_pratama_cached (71),COMPLETED,0,2026-10-07 04:36:28.584,892ms,104ms,4.9%,0,0,122.7 KB,2.1 KB
598,d5/773bb0,2858936,p10__vibrant_pratama_cached (72),COMPLETED,0,2026-10-07 04:36:29.174,813ms,75ms,12.5%,0,0,122.7 KB,2.1 KB
600,3b/5e5168,2859181,p09__deepvirfinder_pratama_cached (73),COMPLETED,0,2026-10-07 04:36:29.269,889ms,94ms,4.2%,0,0,107 KB,1.9 KB
603,1b/8437f8,2859370,p12__genomad_pratama_cached (73),COMPLETED,0,2026-10-07 04:36:29.492,709ms,56ms,5.4%,0,0,128.7 KB,2.1 KB
599,76/9abda1,2859175,p06__splitContigsForAmr_cached (37),COMPLETED,0,2026-10-07 04:36:29.231,1.1s,169ms,7.5%,0,0,122.2 KB,1.6 KB
604,13/5f4279,2859380,p09__deepvirfinder_pratama_cached (74),COMPLETED,0,2026-10-07 04:36:29.534,958ms,61ms,5.4%,0,0,107 KB,1.9 KB
602,16/e4c174,2859188,p11__virsorter2_pratama_cached (71),COMPLETED,0,2026-10-07 04:36:29.348,1.1s,143ms,4.0%,3.6 MB,4.6 MB,122.7 KB,2.1 KB
607,be/022aac,2859937,p11__virsorter2_pratama_cached (73),COMPLETED,0,2026-10-07 04:36:30.167,483ms,78ms,6.8%,0,0,122.7 KB,2.1 KB
605,b8/b8e6f5,2859413,p10__vibrant_pratama_cached (73),COMPLETED,0,2026-10-07 04:36:29.570,1.1s,111ms,5.5%,0,0,122.7 KB,2.1 KB
601,3d/e4f657,2859200,p12__genomad_pratama_cached (72),COMPLETED,0,2026-10-07 04:36:29.414,1.3s,104ms,8.1%,0,0,128.7 KB,2.1 KB
606,2d/e27198,2859915,p11__virsorter2_pratama_cached (72),COMPLETED,0,2026-10-07 04:36:30.006,694ms,91ms,6.5%,0,0,122.7 KB,2.1 KB
610,e1/ce3fb1,2860394,p06__splitContigsForAmr_cached (38),COMPLETED,0,2026-10-07 04:36:30.424,881ms,95ms,0.0%,0,0,122.2 KB,1.6 KB
609,f6/04c1bb,2860377,p10__vibrant_pratama_cached (74),COMPLETED,0,2026-10-07 04:36:30.305,1s,102ms,10.1%,0,0,122.7 KB,2.1 KB
612,74/0651fa,2860430,p06__splitContigsForAmr_cached (39),COMPLETED,0,2026-10-07 04:36:30.656,815ms,60ms,0.0%,0,0,116.6 KB,1.6 KB
608,a0/3fff33,2860358,p12__genomad_pratama_cached (74),COMPLETED,0,2026-10-07 04:36:30.208,1.3s,146ms,8.4%,0,0,128.7 KB,2.1 KB
611,6c/37a5f8,2860404,p11__virsorter2_pratama_cached (74),COMPLETED,0,2026-10-07 04:36:30.498,1.2s,63ms,5.6%,0,0,122.7 KB,2.1 KB
615,16/5312ef,2861027,p09__deepvirfinder_pratama_cached (76),COMPLETED,0,2026-10-07 04:36:30.805,1.1s,49ms,0.0%,0,0,107 KB,1.9 KB
613,0c/cb7867,2860438,p06__splitContigsForAmr_cached (40),COMPLETED,0,2026-10-07 04:36:30.699,1.1s,53ms,6.1%,0,0,111.4 KB,1.6 KB
616,80/a3b765,2861166,p10__vibrant_pratama_cached (75),COMPLETED,0,2026-10-07 04:36:31.313,919ms,84ms,10.0%,0,0,122.7 KB,2.1 KB
614,93/03cefd,2861025,p09__deepvirfinder_pratama_cached (75),COMPLETED,0,2026-10-07 04:36:30.731,1.5s,55ms,0.0%,0,0,107 KB,1.9 KB
617,bf/8060af,2861429,p12__genomad_pratama_cached (75),COMPLETED,0,2026-10-07 04:36:31.670,693ms,58ms,6.8%,0,0,128.7 KB,2.1 KB
620,08/48a56a,2861322,p12__genomad_pratama_cached (76),COMPLETED,0,2026-10-07 04:36:31.517,1s,106ms,6.3%,0,0,128.7 KB,2.1 KB
619,76/e70bbf,2861312,p11__virsorter2_pratama_cached (76),COMPLETED,0,2026-10-07 04:36:31.478,1.1s,114ms,5.8%,0,0,122.7 KB,2.1 KB
618,c7/c57ccb,2861283,p11__virsorter2_pratama_cached (75),COMPLETED,0,2026-10-07 04:36:31.358,1.3s,71ms,6.6%,0,0,122.7 KB,2.1 KB
623,cf/a56216,2861937,p10__vibrant_pratama_cached (77),COMPLETED,0,2026-10-07 04:36:32.239,574ms,73ms,7.4%,0,0,122.7 KB,2.1 KB
621,c1/489b0f,2861886,p06__splitContigsForAmr_cached (41),COMPLETED,0,2026-10-07 04:36:31.807,1.5s,45ms,0.0%,0,0,111.4 KB,1.6 KB
622,27/276c22,2861894,p10__vibrant_pratama_cached (76),COMPLETED,0,2026-10-07 04:36:31.913,1.4s,103ms,4.7%,0,0,122.7 KB,2.1 KB
627,d5/f2e5a2,2862301,p09__deepvirfinder_pratama_cached (78),COMPLETED,0,2026-10-07 04:36:32.611,710ms,39ms,7.3%,0,0,107 KB,1.9 KB
628,61/e73213,2862563,p11__virsorter2_pratama_cached (77),COMPLETED,0,2026-10-07 04:36:32.672,895ms,73ms,11.3%,0,0,122.7 KB,2.1 KB
624,d2/b4002e,2862235,p09__deepvirfinder_pratama_cached (77),COMPLETED,0,2026-10-07 04:36:32.275,1.4s,72ms,4.9%,0,0,107 KB,1.9 KB
626,29/5c3fd7,2862289,p12__genomad_pratama_cached (78),COMPLETED,0,2026-10-07 04:36:32.547,1.2s,111ms,8.3%,0,0,128.7 KB,2.1 KB
629,0e/a20cae,2862958,p11__virsorter2_pratama_cached (78),COMPLETED,0,2026-10-07 04:36:32.838,1s,98ms,13.0%,0,0,122.7 KB,2.1 KB
625,e8/ac5be8,2862245,p12__genomad_pratama_cached (77),COMPLETED,0,2026-10-07 04:36:32.371,1.5s,112ms,9.3%,0,0,128.7 KB,2.1 KB
630,7a/d5ab0f,2862965,p10__vibrant_pratama_cached (78),COMPLETED,0,2026-10-07 04:36:33.284,638ms,90ms,5.6%,0,0,122.7 KB,2.1 KB
632,ea/e6d92c,2863350,p09__deepvirfinder_pratama_cached (79),COMPLETED,0,2026-10-07 04:36:33.463,989ms,51ms,5.1%,0,0,107 KB,1.9 KB
631,fb/492808,2863333,p10__vibrant_pratama_cached (79),COMPLETED,0,2026-10-07 04:36:33.441,1.1s,124ms,5.0%,0,0,122.7 KB,2.1 KB
634,69/4866af,2863368,p12__genomad_pratama_cached (79),COMPLETED,0,2026-10-07 04:36:33.718,935ms,109ms,3.9%,0,0,128.7 KB,2.1 KB
633,12/b31062,2863356,p11__virsorter2_pratama_cached (79),COMPLETED,0,2026-10-07 04:36:33.583,1.2s,158ms,4.1%,3.5 MB,4.6 MB,122.7 KB,2.1 KB
637,e4/1eb86f,2863754,p10__vibrant_pratama_cached (80),COMPLETED,0,2026-10-07 04:36:33.948,897ms,125ms,5.0%,0,0,122.7 KB,2.1 KB
635,a0/efeae4,2863411,p09__deepvirfinder_pratama_cached (80),COMPLETED,0,2026-10-07 04:36:33.841,1.1s,60ms,0.0%,0,0,107 KB,1.9 KB
638,7a/d1848d,2863463,p12__genomad_pratama_cached (80),COMPLETED,0,2026-10-07 04:36:33.858,1.2s,134ms,4.3%,0,0,128.7 KB,2.1 KB
636,cd/08896d,2863443,p11__virsorter2_pratama_cached (80),COMPLETED,0,2026-10-07 04:36:33.850,1.2s,95ms,5.0%,0,0,122.7 KB,2.1 KB
641,08/9813ca,2864249,p09__deepvirfinder_pratama_cached (82),COMPLETED,0,2026-10-07 04:36:34.535,649ms,19ms,8.4%,0,0,107 KB,1.9 KB
639,77/41db81,2864051,p10__vibrant_pratama_cached (81),COMPLETED,0,2026-10-07 04:36:34.468,589ms,87ms,7.7%,0,0,122.7 KB,2.1 KB
640,77/4aada2,2864415,p09__deepvirfinder_pratama_cached (81),COMPLETED,0,2026-10-07 04:36:34.666,633ms,17ms,0.0%,0,0,107 KB,1.9 KB
642,b5/06e5a8,2864472,p09__deepvirfinder_pratama_cached (83),COMPLETED,0,2026-10-07 04:36:34.830,600ms,54ms,9.9%,0,0,107 KB,1.9 KB
645,5c/16af5a,2864693,p12__genomad_pratama_cached (82),COMPLETED,0,2026-10-07 04:36:35.044,530ms,71ms,0.0%,0,0,128.7 KB,2.1 KB
647,70/f4eb88,2864703,p10__vibrant_pratama_cached (83),COMPLETED,0,2026-10-07 04:36:35.056,558ms,85ms,0.0%,0,0,122.7 KB,2.1 KB
643,1d/1d8c65,2864484,p11__virsorter2_pratama_cached (81),COMPLETED,0,2026-10-07 04:36:34.851,735ms,54ms,0.0%,0,0,122.7 KB,2.1 KB
644,3b/2b9f33,2864642,p12__genomad_pratama_cached (81),COMPLETED,0,2026-10-07 04:36:34.945,733ms,72ms,6.4%,0,0,128.7 KB,2.1 KB
646,3e/768b14,2864726,p10__vibrant_pratama_cached (82),COMPLETED,0,2026-10-07 04:36:35.068,616ms,79ms,0.0%,0,0,122.7 KB,2.1 KB
648,74/71d95a,2864981,p11__virsorter2_pratama_cached (82),COMPLETED,0,2026-10-07 04:36:35.192,491ms,49ms,0.0%,0,0,122.7 KB,2.1 KB
650,80/67af76,2865234,p10__vibrant_pratama_cached (84),COMPLETED,0,2026-10-07 04:36:35.447,361ms,41ms,0.0%,0,0,122.7 KB,2.1 KB
649,26/d5cd85,2865086,p09__deepvirfinder_pratama_cached (84),COMPLETED,0,2026-10-07 04:36:35.310,548ms,16ms,0.0%,0,0,107 KB,1.9 KB
651,8c/eb052f,2865452,p12__genomad_pratama_cached (83),COMPLETED,0,2026-10-07 04:36:35.585,422ms,43ms,12.8%,0,0,128.7 KB,2.1 KB
652,ea/f9a190,2865475,p11__virsorter2_pratama_cached (83),COMPLETED,0,2026-10-07 04:36:35.593,424ms,11ms,27.0%,0,0,122.7 KB,2.1 KB
653,c8/215e8d,2865580,p09__deepvirfinder_pratama_cached (85),COMPLETED,0,2026-10-07 04:36:35.622,536ms,33ms,0.0%,0,0,107 KB,1.9 KB
654,a3/a73944,2865834,p06__splitContigsForAmr_cached (42),COMPLETED,0,2026-10-07 04:36:35.686,523ms,30ms,0.0%,0,0,122.2 KB,1.6 KB
657,7f/14e993,2865928,p12__genomad_pratama_cached (84),COMPLETED,0,2026-10-07 04:36:35.820,494ms,96ms,5.9%,0,0,128.7 KB,2.1 KB
656,53/f18e09,2865848,p11__virsorter2_pratama_cached (84),COMPLETED,0,2026-10-07 04:36:35.707,558ms,91ms,7.8%,0,0,122.7 KB,2.1 KB
655,16/1e5fec,2865934,p10__vibrant_pratama_cached (85),COMPLETED,0,2026-10-07 04:36:35.869,595ms,77ms,0.0%,0,0,122.7 KB,2.1 KB
658,b0/ff1599,2865851,p12__genomad_pratama_cached (85),COMPLETED,0,2026-10-07 04:36:35.716,788ms,80ms,5.8%,0,0,128.7 KB,2.1 KB
659,88/cb919d,2866268,p06__splitContigsForAmr_cached (43),COMPLETED,0,2026-10-07 04:36:36.017,519ms,39ms,0.0%,0,0,122.2 KB,1.6 KB
664,41/283a70,2866771,p10__vibrant_pratama_cached (87),COMPLETED,0,2026-10-07 04:36:36.327,677ms,112ms,7.0%,0,0,122.7 KB,2.1 KB
661,93/da9704,2866418,p10__vibrant_pratama_cached (86),COMPLETED,0,2026-10-07 04:36:36.216,464ms,126ms,6.0%,0,0,122.7 KB,2.1 KB
666,ff/77cb90,2866793,p12__genomad_pratama_cached (86),COMPLETED,0,2026-10-07 04:36:36.470,710ms,71ms,5.4%,0,0,128.7 KB,2.1 KB
665,d1/402311,2866834,p11__virsorter2_pratama_cached (86),COMPLETED,0,2026-10-07 04:36:36.512,747ms,72ms,6.7%,0,0,122.7 KB,2.1 KB
663,ca/43a551,2866758,p09__deepvirfinder_pratama_cached (87),COMPLETED,0,2026-10-07 04:36:36.272,1.1s,62ms,7.8%,0,0,107 KB,1.9 KB
660,b3/424c3b,2866285,p09__deepvirfinder_pratama_cached (86),COMPLETED,0,2026-10-07 04:36:36.042,1.3s,39ms,0.0%,0,0,107 KB,1.9 KB
667,0d/1fa193,2867246,p12__genomad_pratama_cached (87),COMPLETED,0,2026-10-07 04:36:36.690,851ms,94ms,15.3%,0,0,128.7 KB,2.1 KB
662,d0/fde23c,2866303,p11__virsorter2_pratama_cached (85),COMPLETED,0,2026-10-07 04:36:36.166,1.2s,83ms,7.9%,0,0,122.7 KB,2.1 KB
668,99/f8198b,2866964,p11__virsorter2_pratama_cached (87),COMPLETED,0,2026-10-07 04:36:36.547,1.5s,49ms,0.0%,0,0,122.7 KB,2.1 KB
671,df/b2d01a,2867549,p06__splitContigsForAmr_cached (46),COMPLETED,0,2026-10-07 04:36:37.268,739ms,121ms,5.1%,0,0,122.2 KB,1.6 KB
669,fe/822cee,2867514,p06__splitContigsForAmr_cached (44),COMPLETED,0,2026-10-07 04:36:37.017,1.1s,236ms,3.1%,0,0,116.6 KB,1.6 KB
670,19/89f5d6,2867527,p06__splitContigsForAmr_cached (45),COMPLETED,0,2026-10-07 04:36:37.195,993ms,138ms,0.0%,0,0,122.2 KB,1.6 KB
674,af/bc8af2,2867747,p10__vibrant_pratama_cached (88),COMPLETED,0,2026-10-07 04:36:37.382,879ms,129ms,0.0%,0,0,122.7 KB,2.1 KB
673,0b/559366,2867676,p12__genomad_pratama_cached (88),COMPLETED,0,2026-10-07 04:36:37.375,901ms,121ms,10.7%,0,0,128.7 KB,2.1 KB
675,79/1a45bc,2867968,p10__vibrant_pratama_cached (89),COMPLETED,0,2026-10-07 04:36:37.613,748ms,80ms,7.2%,0,0,122.7 KB,2.1 KB
672,28/0192ef,2867673,p11__virsorter2_pratama_cached (88),COMPLETED,0,2026-10-07 04:36:37.357,1.5s,96ms,5.9%,0,0,122.7 KB,2.1 KB
679,b1/f4f85c,2868526,p09__deepvirfinder_pratama_cached (90),COMPLETED,0,2026-10-07 04:36:38.214,778ms,68ms,0.0%,0,0,107 KB,1.9 KB
677,28/a55deb,2868473,p09__deepvirfinder_pratama_cached (89),COMPLETED,0,2026-10-07 04:36:38.015,925ms,75ms,4.9%,0,0,107 KB,1.9 KB
678,14/cbc3b7,2868515,p11__virsorter2_pratama_cached (89),COMPLETED,0,2026-10-07 04:36:38.164,921ms,22ms,7.9%,0,0,122.7 KB,2.1 KB
681,9f/fe742e,2868554,p11__virsorter2_pratama_cached (90),COMPLETED,0,2026-10-07 04:36:38.296,802ms,129ms,3.9%,0,0,122.7 KB,2.1 KB
680,32/f5842d,2868536,p12__genomad_pratama_cached (89),COMPLETED,0,2026-10-07 04:36:38.279,1.2s,93ms,4.5%,0,0,128.7 KB,2.1 KB
676,ff/e21854,2868469,p09__deepvirfinder_pratama_cached (88),COMPLETED,0,2026-10-07 04:36:38.006,1.5s,49ms,0.0%,0,0,107 KB,1.9 KB
684,44/808eac,2869153,p09__deepvirfinder_pratama_cached (91),COMPLETED,0,2026-10-07 04:36:38.948,672ms,55ms,8.3%,0,0,107 KB,1.9 KB
682,8d/663f0d,2869054,p06__splitContigsForAmr_cached (47),COMPLETED,0,2026-10-07 04:36:38.372,1.2s,65ms,19.8%,0,0,116.6 KB,1.6 KB
683,05/685d26,2869143,p10__vibrant_pratama_cached (90),COMPLETED,0,2026-10-07 04:36:38.908,1.1s,80ms,5.5%,0,0,122.7 KB,2.1 KB
685,72/da5d87,2869532,p10__vibrant_pratama_cached (91),COMPLETED,0,2026-10-07 04:36:39.002,1.4s,28ms,17.0%,0,0,122.7 KB,2.1 KB
687,a4/b3a3bb,2869604,p12__genomad_pratama_cached (90),COMPLETED,0,2026-10-07 04:36:39.112,1.3s,133ms,8.6%,0,0,128.7 KB,2.1 KB
686,35/58007e,2869591,p11__virsorter2_pratama_cached (91),COMPLETED,0,2026-10-07 04:36:39.096,1.3s,56ms,14.3%,0,0,122.7 KB,2.1 KB
692,38/a0cc0d,2870085,p12__genomad_pratama_cached (91),COMPLETED,0,2026-10-07 04:36:40.059,410ms,44ms,15.9%,0,0,128.7 KB,2.1 KB
691,a5/023f0f,2870067,p09__deepvirfinder_pratama_cached (93),COMPLETED,0,2026-10-07 04:36:39.631,1.1s,59ms,0.0%,0,0,107 KB,1.9 KB
694,36/a141f1,2870475,p09__deepvirfinder_pratama_cached (94),COMPLETED,0,2026-10-07 04:36:40.410,534ms,38ms,0.0%,0,0,107 KB,1.9 KB
696,fb/7f5743,2870491,p10__vibrant_pratama_cached (94),COMPLETED,0,2026-10-07 04:36:40.422,575ms,54ms,4.3%,0,0,122.7 KB,2.1 KB
688,0c/32b820,2869606,p10__vibrant_pratama_cached (92),COMPLETED,0,2026-10-07 04:36:39.478,1.6s,153ms,8.0%,0,0,122.7 KB,2.1 KB
690,85/eec87f,2869715,p09__deepvirfinder_pratama_cached (92),COMPLETED,0,2026-10-07 04:36:39.549,1.6s,56ms,12.1%,0,0,107 KB,1.9 KB
693,11/91b15b,2870431,p10__vibrant_pratama_cached (93),COMPLETED,0,2026-10-07 04:36:40.389,962ms,128ms,5.0%,0,0,122.7 KB,2.1 KB
689,df/2d1b3e,2869617,p11__virsorter2_pratama_cached (92),COMPLETED,0,2026-10-07 04:36:39.488,1.7s,129ms,5.0%,0,0,122.7 KB,2.1 KB
695,4f/7e87c4,2870530,p11__virsorter2_pratama_cached (93),COMPLETED,0,2026-10-07 04:36:40.495,886ms,90ms,5.3%,0,0,122.7 KB,2.1 KB
697,d1/adeef4,2870960,p12__genomad_pratama_cached (92),COMPLETED,0,2026-10-07 04:36:40.730,633ms,87ms,8.1%,0,0,128.7 KB,2.1 KB
700,3f/2c4cd3,2871395,p06__splitContigsForAmr_cached (48),COMPLETED,0,2026-10-07 04:36:41.078,787ms,56ms,0.0%,0,0,122.2 KB,1.6 KB
698,11/7bd1f1,2871012,p11__virsorter2_pratama_cached (94),COMPLETED,0,2026-10-07 04:36:40.953,884ms,65ms,7.8%,0,0,122.7 KB,2.1 KB
699,c9/0609df,2871086,p12__genomad_pratama_cached (93),COMPLETED,0,2026-10-07 04:36:41.007,875ms,62ms,10.4%,0,0,128.7 KB,2.1 KB
703,7c/7e3120,2871446,p06__splitContigsForAmr_cached (50),COMPLETED,0,2026-10-07 04:36:41.361,538ms,100ms,6.5%,0,0,134.6 KB,1.6 KB
702,40/f5cd3d,2871430,p06__splitContigsForAmr_cached (49),COMPLETED,0,2026-10-07 04:36:41.218,788ms,65ms,0.0%,0,0,116.6 KB,1.6 KB
701,b5/ba40f5,2871409,p12__genomad_pratama_cached (94),COMPLETED,0,2026-10-07 04:36:41.146,869ms,105ms,5.9%,0,0,128.7 KB,2.1 KB
704,94/5272f5,2871459,p06__splitContigsForAmr_cached (51),COMPLETED,0,2026-10-07 04:36:41.371,738ms,119ms,5.3%,0,0,141.5 KB,1.6 KB
705,64/1355d3,2871480,p06__splitContigsForAmr_cached (52),COMPLETED,0,2026-10-07 04:36:41.387,847ms,120ms,5.0%,0,0,128.2 KB,1.6 KB
706,a1/6ef656,2872414,p06__splitContigsForAmr_cached (53),COMPLETED,0,2026-10-07 04:36:41.849,724ms,200ms,3.6%,0,0,128.2 KB,1.6 KB
707,dd/2a9d9a,2872427,p06__splitContigsForAmr_cached (54),COMPLETED,0,2026-10-07 04:36:41.874,897ms,46ms,0.0%,0,0,122.2 KB,1.6 KB
710,30/2c7b92,2872724,p09__deepvirfinder_pratama_cached (96),COMPLETED,0,2026-10-07 04:36:42.013,805ms,53ms,0.0%,0,0,107 KB,1.9 KB
708,19/05ea48,2872653,p12__genomad_pratama_cached (95),COMPLETED,0,2026-10-07 04:36:41.887,903ms,141ms,3.8%,0,0,128.7 KB,2.1 KB
709,7a/2cfebb,2872681,p09__deepvirfinder_pratama_cached (95),COMPLETED,0,2026-10-07 04:36:41.907,944ms,41ms,6.4%,0,0,107 KB,1.9 KB
711,fe/3a1343,2872900,p10__vibrant_pratama_cached (95),COMPLETED,0,2026-10-07 04:36:42.026,1.2s,84ms,4.8%,0,0,122.7 KB,2.1 KB
714,da/ea8339,2872999,p12__genomad_pratama_cached (96),COMPLETED,0,2026-10-07 04:36:42.243,1s,179ms,3.9%,0,0,128.7 KB,2.1 KB
716,e1/adc71c,2873554,p10__vibrant_pratama_cached (97),COMPLETED,0,2026-10-07 04:36:42.799,501ms,60ms,9.3%,0,0,122.7 KB,2.1 KB
713,0f/c9fea5,2873523,p11__virsorter2_pratama_cached (95),COMPLETED,0,2026-10-07 04:36:42.595,705ms,29ms,12.7%,0,0,122.7 KB,2.1 KB
715,fe/c9391a,2873538,p09__deepvirfinder_pratama_cached (97),COMPLETED,0,2026-10-07 04:36:42.779,908ms,15ms,14.1%,0,0,107 KB,1.9 KB
712,dc/cac98f,2872954,p10__vibrant_pratama_cached (96),COMPLETED,0,2026-10-07 04:36:42.145,1.4s,86ms,0.0%,0,0,122.7 KB,2.1 KB
717,4e/e7b4dc,2873583,p11__virsorter2_pratama_cached (96),COMPLETED,0,2026-10-07 04:36:42.826,877ms,88ms,6.6%,0,0,122.7 KB,2.1 KB
718,04/d764d7,2874049,p12__genomad_pratama_cached (97),COMPLETED,0,2026-10-07 04:36:42.858,1.2s,103ms,0.0%,0,0,128.7 KB,2.1 KB
720,4f/d6c798,2874116,p09__deepvirfinder_pratama_cached (99),COMPLETED,0,2026-10-07 04:36:43.273,846ms,14ms,0.0%,0,0,107 KB,1.9 KB
719,34/58f230,2874099,p09__deepvirfinder_pratama_cached (98),COMPLETED,0,2026-10-07 04:36:43.217,913ms,43ms,0.0%,0,0,107 KB,1.9 KB
722,d4/07b0ba,2874305,p10__vibrant_pratama_cached (98),COMPLETED,0,2026-10-07 04:36:43.399,897ms,79ms,5.4%,0,0,122.7 KB,2.1 KB
721,be/008546,2874275,p12__genomad_pratama_cached (98),COMPLETED,0,2026-10-07 04:36:43.328,880ms,142ms,4.5%,0,0,128.7 KB,2.1 KB
724,99/c6e000,2874927,p11__virsorter2_pratama_cached (97),COMPLETED,0,2026-10-07 04:36:43.701,1.2s,116ms,5.9%,3.5 MB,4.6 MB,122.7 KB,2.1 KB
726,a5/a58771,2875011,p10__vibrant_pratama_cached (100),COMPLETED,0,2026-10-07 04:36:44.100,960ms,135ms,3.7%,0,0,122.7 KB,2.1 KB
723,5d/15cfa8,2874920,p10__vibrant_pratama_cached (99),COMPLETED,0,2026-10-07 04:36:43.540,1.5s,115ms,0.0%,0,0,122.7 KB,2.1 KB
727,1d/9d9bb5,2875013,p09__deepvirfinder_pratama_cached (100),COMPLETED,0,2026-10-07 04:36:44.127,966ms,23ms,0.0%,0,0,107 KB,1.9 KB
730,34/72b0ba,2875166,p12__genomad_pratama_cached (99),COMPLETED,0,2026-10-07 04:36:44.312,907ms,193ms,3.6%,0,0,128.7 KB,2.1 KB
731,63/224377,2875855,p10__vibrant_pratama_cached (101),COMPLETED,0,2026-10-07 04:36:44.892,647ms,29ms,0.0%,0,0,122.7 KB,2.1 KB
725,35/1dbc1f,2874947,p11__virsorter2_pratama_cached (98),COMPLETED,0,2026-10-07 04:36:43.720,1.9s,113ms,0.0%,0,0,122.7 KB,2.1 KB
728,b9/883a2d,2875135,p11__virsorter2_pratama_cached (99),COMPLETED,0,2026-10-07 04:36:44.168,1.6s,100ms,3.5%,0,0,122.7 KB,2.1 KB
729,c5/f9e24f,2875152,p09__deepvirfinder_pratama_cached (101),COMPLETED,0,2026-10-07 04:36:44.220,1.6s,72ms,4.6%,0,0,107 KB,1.9 KB
734,ca/9bc7b8,2876024,p12__genomad_pratama_cached (101),COMPLETED,0,2026-10-07 04:36:45.076,802ms,105ms,5.2%,0,0,128.7 KB,2.1 KB
732,15/aabe3d,2876011,p10__vibrant_pratama_cached (102),COMPLETED,0,2026-10-07 04:36:45.068,752ms,89ms,5.5%,0,0,122.7 KB,2.1 KB
735,77/1cec97,2876276,p11__virsorter2_pratama_cached (100),COMPLETED,0,2026-10-07 04:36:45.226,781ms,79ms,5.7%,0,0,122.7 KB,2.1 KB
733,61/8a6bf1,2876061,p12__genomad_pratama_cached (100),COMPLETED,0,2026-10-07 04:36:45.102,823ms,80ms,7.6%,0,0,128.7 KB,2.1 KB
739,0a/f0272b,2876885,p12__genomad_pratama_cached (102),COMPLETED,0,2026-10-07 04:36:45.803,986ms,107ms,5.9%,0,0,128.7 KB,2.1 KB
737,0a/57fd44,2876784,p09__deepvirfinder_pratama_cached (103),COMPLETED,0,2026-10-07 04:36:45.670,1.1s,48ms,7.7%,0,0,107 KB,1.9 KB
740,ba/5b8fae,2876919,p11__virsorter2_pratama_cached (101),COMPLETED,0,2026-10-07 04:36:45.851,1.1s,158ms,3.0%,0,0,122.7 KB,2.1 KB
736,2b/98213c,2876783,p09__deepvirfinder_pratama_cached (102),COMPLETED,0,2026-10-07 04:36:45.546,1.5s,84ms,6.5%,0,0,107 KB,1.9 KB
741,d0/d847ae,2876928,p06__splitContigsForAmr_cached (55),COMPLETED,0,2026-10-07 04:36:45.886,1.1s,97ms,6.1%,0,0,134.6 KB,1.6 KB
742,91/59ddb9,2876945,p09__deepvirfinder_pratama_cached (104),COMPLETED,0,2026-10-07 04:36:45.931,1.1s,80ms,5.1%,0,0,107 KB,1.9 KB
743,2c/4d90ac,2876950,p10__vibrant_pratama_cached (104),COMPLETED,0,2026-10-07 04:36:46.026,983ms,178ms,3.0%,0,0,122.7 KB,2.1 KB
744,72/978f20,2877695,p11__virsorter2_pratama_cached (102),COMPLETED,0,2026-10-07 04:36:46.797,725ms,148ms,4.9%,0,0,122.7 KB,2.1 KB
745,50/94cfea,2877699,p12__genomad_pratama_cached (103),COMPLETED,0,2026-10-07 04:36:46.804,734ms,152ms,4.9%,0,0,128.7 KB,2.1 KB
738,24/8e4943,2876878,p10__vibrant_pratama_cached (103),COMPLETED,0,2026-10-07 04:36:45.780,1.8s,78ms,6.0%,0,0,122.7 KB,2.1 KB
746,04/a6c7fb,2877727,p10__vibrant_pratama_cached (105),COMPLETED,0,2026-10-07 04:36:46.912,638ms,112ms,5.2%,0,0,122.7 KB,2.1 KB
747,c2/26640d,2877844,p11__virsorter2_pratama_cached (103),COMPLETED,0,2026-10-07 04:36:47.017,566ms,99ms,6.9%,0,0,122.7 KB,2.1 KB
748,e0/69ec0c,2878218,p06__splitContigsForAmr_cached (56),COMPLETED,0,2026-10-07 04:36:47.140,1.2s,73ms,7.3%,0,0,128.2 KB,1.6 KB
749,93/45e99a,2878221,p10__vibrant_pratama_cached (106),COMPLETED,0,2026-10-07 04:36:47.247,1.1s,126ms,0.0%,0,0,122.7 KB,2.1 KB
752,80/fd5852,2878268,p11__virsorter2_pratama_cached (104),COMPLETED,0,2026-10-07 04:36:47.548,796ms,104ms,0.0%,0,0,122.7 KB,2.1 KB
753,0a/580ee2,2878275,p12__genomad_pratama_cached (104),COMPLETED,0,2026-10-07 04:36:47.557,787ms,146ms,8.2%,0,0,128.7 KB,2.1 KB
751,70/bb8ae6,2878252,p09__deepvirfinder_pratama_cached (106),COMPLETED,0,2026-10-07 04:36:47.532,905ms,53ms,0.0%,0,0,107 KB,1.9 KB
750,b0/c9ff4f,2878230,p09__deepvirfinder_pratama_cached (105),COMPLETED,0,2026-10-07 04:36:47.284,1.2s,73ms,0.0%,0,0,107 KB,1.9 KB
756,c3/4e62ff,2879162,p11__virsorter2_pratama_cached (106),COMPLETED,0,2026-10-07 04:36:48.309,769ms,82ms,6.7%,0,0,122.7 KB,2.1 KB
754,52/920108,2879136,p12__genomad_pratama_cached (105),COMPLETED,0,2026-10-07 04:36:47.584,1.8s,159ms,9.5%,0,0,128.7 KB,2.1 KB
758,8a/1d3119,2879180,p10__vibrant_pratama_cached (107),COMPLETED,0,2026-10-07 04:36:48.336,1.1s,121ms,5.2%,0,0,122.7 KB,2.1 KB
755,86/160e1c,2879144,p11__virsorter2_pratama_cached (105),COMPLETED,0,2026-10-07 04:36:47.615,1.8s,115ms,5.8%,0,0,122.7 KB,2.1 KB
760,34/399085,2879244,p11__virsorter2_pratama_cached (107),COMPLETED,0,2026-10-07 04:36:48.451,1s,119ms,3.8%,0,0,122.7 KB,2.1 KB
757,d4/a2d842,2879184,p12__genomad_pratama_cached (106),COMPLETED,0,2026-10-07 04:36:48.369,1.3s,146ms,3.5%,0,0,128.7 KB,2.1 KB
761,e0/9c0187,2879280,p09__deepvirfinder_pratama_cached (108),COMPLETED,0,2026-10-07 04:36:48.533,1.2s,59ms,0.0%,0,0,107 KB,1.9 KB
759,03/e4d239,2879201,p09__deepvirfinder_pratama_cached (107),COMPLETED,0,2026-10-07 04:36:48.380,1.5s,61ms,4.0%,0,0,107 KB,1.9 KB
764,b0/077a37,2879972,p10__vibrant_pratama_cached (108),COMPLETED,0,2026-10-07 04:36:49.438,939ms,66ms,7.0%,0,0,122.7 KB,2.1 KB
762,d7/f6a31b,2879649,p12__genomad_pratama_cached (107),COMPLETED,0,2026-10-07 04:36:49.086,1.3s,102ms,6.1%,0,0,128.7 KB,2.1 KB
767,81/daff5d,2880264,p09__deepvirfinder_pratama_cached (110),COMPLETED,0,2026-10-07 04:36:49.717,829ms,12ms,0.0%,0,0,107 KB,1.9 KB
766,d3/c65db8,2880238,p09__deepvirfinder_pratama_cached (109),COMPLETED,0,2026-10-07 04:36:49.678,782ms,33ms,0.0%,0,0,107 KB,1.9 KB
765,35/6d6516,2880201,p11__virsorter2_pratama_cached (108),COMPLETED,0,2026-10-07 04:36:49.632,1.3s,173ms,0.0%,0,0,122.7 KB,2.1 KB
763,b1/0829ee,2880191,p12__genomad_pratama_cached (108),COMPLETED,0,2026-10-07 04:36:49.533,1.5s,163ms,3.5%,0,0,128.7 KB,2.1 KB
769,01/a4a090,2880794,p12__genomad_pratama_cached (109),COMPLETED,0,2026-10-07 04:36:49.864,1.2s,110ms,12.9%,0,0,128.7 KB,2.1 KB
768,ae/4f391d,2880296,p10__vibrant_pratama_cached (109),COMPLETED,0,2026-10-07 04:36:49.729,1.3s,134ms,3.9%,0,0,122.7 KB,2.1 KB
772,64/86ac4f,2880965,p10__vibrant_pratama_cached (110),COMPLETED,0,2026-10-07 04:36:50.467,703ms,101ms,5.2%,0,0,122.7 KB,2.1 KB
771,f5/fbe950,2880953,p11__virsorter2_pratama_cached (110),COMPLETED,0,2026-10-07 04:36:50.443,682ms,131ms,4.5%,0,0,122.7 KB,2.1 KB
773,71/f4befc,2881009,p09__deepvirfinder_pratama_cached (111),COMPLETED,0,2026-10-07 04:36:50.552,687ms,28ms,9.1%,0,0,107 KB,1.9 KB
774,39/b95820,2881521,p09__deepvirfinder_pratama_cached (112),COMPLETED,0,2026-10-07 04:36:50.919,883ms,18ms,0.0%,0,0,107 KB,1.9 KB
770,f8/358bd9,2880952,p11__virsorter2_pratama_cached (109),COMPLETED,0,2026-10-07 04:36:50.383,1.4s,84ms,7.2%,0,0,122.7 KB,2.1 KB
776,6c/5f3745,2881537,p10__vibrant_pratama_cached (112),COMPLETED,0,2026-10-07 04:36:51.043,826ms,96ms,5.6%,0,0,122.7 KB,2.1 KB
779,d2/821aad,2881707,p12__genomad_pratama_cached (111),COMPLETED,0,2026-10-07 04:36:51.177,708ms,68ms,0.0%,0,0,128.7 KB,2.1 KB
775,c3/70da5a,2881522,p10__vibrant_pratama_cached (111),COMPLETED,0,2026-10-07 04:36:51.005,909ms,64ms,8.1%,0,0,122.7 KB,2.1 KB
778,32/22d253,2881596,p12__genomad_pratama_cached (110),COMPLETED,0,2026-10-07 04:36:51.132,828ms,132ms,4.7%,0,0,128.7 KB,2.1 KB
777,60/6e4116,2881587,p06__splitContigsForAmr_cached (57),COMPLETED,0,2026-10-07 04:36:51.090,897ms,132ms,5.0%,0,0,128.2 KB,1.6 KB
780,9a/8d859c,2881953,p11__virsorter2_pratama_cached (111),COMPLETED,0,2026-10-07 04:36:51.250,780ms,81ms,10.5%,0,0,122.7 KB,2.1 KB
782,3b/5808a0,2882488,p11__virsorter2_pratama_cached (112),COMPLETED,0,2026-10-07 04:36:51.825,681ms,42ms,0.0%,0,0,122.7 KB,2.1 KB
781,61/174d42,2882370,p12__genomad_pratama_cached (112),COMPLETED,0,2026-10-07 04:36:51.808,725ms,58ms,12.2%,0,0,128.7 KB,2.1 KB
788,8b/d0f786,2882638,p09__deepvirfinder_pratama_cached (114),COMPLETED,0,2026-10-07 04:36:52.035,570ms,67ms,5.6%,0,0,107 KB,1.9 KB
785,48/94a350,2882563,p09__deepvirfinder_pratama_cached (113),COMPLETED,0,2026-10-07 04:36:51.912,731ms,53ms,0.0%,0,0,107 KB,1.9 KB
786,8c/92a3b2,2882612,p10__vibrant_pratama_cached (113),COMPLETED,0,2026-10-07 04:36:51.964,732ms,95ms,5.0%,0,0,122.7 KB,2.1 KB
787,49/753ece,2882625,p11__virsorter2_pratama_cached (113),COMPLETED,0,2026-10-07 04:36:52.019,790ms,126ms,4.8%,0,0,122.7 KB,2.1 KB
783,36/4530bb,2882554,p06__splitContigsForAmr_cached (58),COMPLETED,0,2026-10-07 04:36:51.876,846ms,84ms,0.0%,0,0,122.2 KB,1.6 KB
784,c7/a94324,2882575,p06__splitContigsForAmr_cached (59),COMPLETED,0,2026-10-07 04:36:51.949,886ms,103ms,10.6%,0,0,128.2 KB,1.6 KB
792,b0/abbe7b,2883486,p12__genomad_pratama_cached (114),COMPLETED,0,2026-10-07 04:36:52.648,692ms,113ms,6.4%,0,0,128.7 KB,2.1 KB
789,aa/81fde2,2883195,p09__deepvirfinder_pratama_cached (115),COMPLETED,0,2026-10-07 04:36:52.511,693ms,12ms,0.0%,0,0,107 KB,1.9 KB
790,63/2fae8b,2883471,p12__genomad_pratama_cached (113),COMPLETED,0,2026-10-07 04:36:52.612,769ms,120ms,0.0%,0,0,128.7 KB,2.1 KB
797,7c/d38437,2884136,p09__deepvirfinder_pratama_cached (117),COMPLETED,0,2026-10-07 04:36:53.348,392ms,16ms,12.5%,0,0,107 KB,1.9 KB
793,2f/97e05c,2883494,p12__genomad_pratama_cached (115),COMPLETED,0,2026-10-07 04:36:52.701,935ms,60ms,8.9%,0,0,128.7 KB,2.1 KB
796,22/c0e86f,2883987,p09__deepvirfinder_pratama_cached (116),COMPLETED,0,2026-10-07 04:36:52.839,943ms,91ms,0.0%,0,0,107 KB,1.9 KB
795,8d/79da56,2883976,p06__splitContigsForAmr_cached (60),COMPLETED,0,2026-10-07 04:36:52.816,988ms,144ms,6.0%,0,0,128.2 KB,1.6 KB
798,e1/8aa231,2884120,p11__virsorter2_pratama_cached (115),COMPLETED,0,2026-10-07 04:36:53.211,701ms,48ms,10.6%,0,0,122.7 KB,2.1 KB
791,6d/46eea2,2883369,p11__virsorter2_pratama_cached (114),COMPLETED,0,2026-10-07 04:36:52.547,1.4s,60ms,8.4%,0,0,122.7 KB,2.1 KB
794,b0/f8360d,2883506,p10__vibrant_pratama_cached (114),COMPLETED,0,2026-10-07 04:36:52.729,1.3s,125ms,5.3%,0,0,122.7 KB,2.1 KB
799,a6/26122e,2884218,p10__vibrant_pratama_cached (115),COMPLETED,0,2026-10-07 04:36:53.389,812ms,55ms,7.3%,0,0,122.7 KB,2.1 KB
800,69/74bd61,2884571,p12__genomad_pratama_cached (116),COMPLETED,0,2026-10-07 04:36:53.644,792ms,168ms,3.6%,0,0,128.7 KB,2.1 KB
803,ac/b426af,2884777,p11__virsorter2_pratama_cached (117),COMPLETED,0,2026-10-07 04:36:53.811,707ms,121ms,5.1%,0,0,122.7 KB,2.1 KB
802,24/868992,2884763,p10__vibrant_pratama_cached (116),COMPLETED,0,2026-10-07 04:36:53.800,778ms,89ms,4.8%,0,0,122.7 KB,2.1 KB
801,eb/a8cc77,2884635,p11__virsorter2_pratama_cached (116),COMPLETED,0,2026-10-07 04:36:53.748,1.2s,153ms,4.7%,0,0,122.7 KB,2.1 KB
806,78/4a54b6,2885273,p06__splitContigsForAmr_cached (61),COMPLETED,0,2026-10-07 04:36:54.067,953ms,90ms,0.0%,0,0,128.2 KB,1.6 KB
804,9c/955d46,2884825,p12__genomad_pratama_cached (117),COMPLETED,0,2026-10-07 04:36:53.919,1s,108ms,4.6%,0,0,128.7 KB,2.1 KB
807,1c/d2d666,2885274,p06__splitContigsForAmr_cached (62),COMPLETED,0,2026-10-07 04:36:54.213,848ms,155ms,4.4%,0,0,134.6 KB,1.6 KB
808,a9/39c7a6,2885296,p06__splitContigsForAmr_cached (63),COMPLETED,0,2026-10-07 04:36:54.442,775ms,122ms,0.0%,0,0,122.2 KB,1.6 KB
805,74/9b3fae,2885270,p10__vibrant_pratama_cached (117),COMPLETED,0,2026-10-07 04:36:53.960,1.2s,64ms,0.0%,0,0,122.7 KB,2.1 KB
809,86/9dc0c9,2885391,p06__splitContigsForAmr_cached (64),COMPLETED,0,2026-10-07 04:36:54.523,1.1s,37ms,0.0%,0,0,122.2 KB,1.6 KB
811,9b/a2ef79,2885995,p10__vibrant_pratama_cached (118),COMPLETED,0,2026-10-07 04:36:54.927,897ms,92ms,6.5%,0,0,122.7 KB,2.1 KB
815,ed/a4f704,2886090,p10__vibrant_pratama_cached (120),COMPLETED,0,2026-10-07 04:36:55.174,716ms,105ms,0.0%,0,0,122.7 KB,2.1 KB
813,72/f30053,2886039,p09__deepvirfinder_pratama_cached (119),COMPLETED,0,2026-10-07 04:36:55.060,1.1s,56ms,6.0%,0,0,107 KB,1.9 KB
810,5b/1910bf,2885758,p06__splitContigsForAmr_cached (65),COMPLETED,0,2026-10-07 04:36:54.583,1.4s,23ms,14.9%,0,0,122.2 KB,1.6 KB
812,55/e97ecc,2886017,p09__deepvirfinder_pratama_cached (118),COMPLETED,0,2026-10-07 04:36:54.966,1.2s,48ms,0.0%,0,0,107 KB,1.9 KB
814,e3/73bc8f,2886056,p10__vibrant_pratama_cached (119),COMPLETED,0,2026-10-07 04:36:55.068,1.1s,98ms,5.9%,0,0,122.7 KB,2.1 KB
816,67/eba86a,2886774,p12__genomad_pratama_cached (118),COMPLETED,0,2026-10-07 04:36:55.223,1.5s,128ms,8.7%,0,0,128.7 KB,2.1 KB
820,4d/8c817c,2886834,p11__virsorter2_pratama_cached (119),COMPLETED,0,2026-10-07 04:36:56.035,832ms,202ms,6.9%,0,0,122.7 KB,2.1 KB
818,aa/6440a4,2886825,p10__vibrant_pratama_cached (121),COMPLETED,0,2026-10-07 04:36:55.830,1.1s,128ms,4.7%,3.6 MB,4.6 MB,122.7 KB,2.1 KB
821,82/def242,2886902,p09__deepvirfinder_pratama_cached (120),COMPLETED,0,2026-10-07 04:36:56.124,871ms,51ms,5.7%,0,0,107 KB,1.9 KB
819,6a/94d3cb,2886829,p12__genomad_pratama_cached (119),COMPLETED,0,2026-10-07 04:36:55.900,1.1s,239ms,6.3%,0,0,128.7 KB,2.1 KB
822,ed/ace297,2886910,p09__deepvirfinder_pratama_cached (121),COMPLETED,0,2026-10-07 04:36:56.147,987ms,22ms,0.0%,0,0,107 KB,1.9 KB
823,5d/41bdd6,2886937,p10__vibrant_pratama_cached (122),COMPLETED,0,2026-10-07 04:36:56.159,988ms,58ms,5.2%,0,0,122.7 KB,2.1 KB
824,1a/875bd2,2887878,p11__virsorter2_pratama_cached (120),COMPLETED,0,2026-10-07 04:36:56.757,1.1s,141ms,4.8%,0,0,122.7 KB,2.1 KB
817,ab/591b66,2886817,p11__virsorter2_pratama_cached (118),COMPLETED,0,2026-10-07 04:36:55.642,2.2s,178ms,7.2%,0,0,122.7 KB,2.1 KB
829,d3/6babbe,2887923,p11__virsorter2_pratama_cached (121),COMPLETED,0,2026-10-07 04:36:57.011,961ms,110ms,3.7%,0,0,122.7 KB,2.1 KB
831,cb/83868e,2888095,p10__vibrant_pratama_cached (123),COMPLETED,0,2026-10-07 04:36:57.278,705ms,143ms,7.6%,0,0,122.7 KB,2.1 KB
830,4d/3a4506,2887928,p11__virsorter2_pratama_cached (122),COMPLETED,0,2026-10-07 04:36:57.154,829ms,181ms,3.2%,0,0,122.7 KB,2.1 KB
827,b3/978fae,2887890,p09__deepvirfinder_pratama_cached (122),COMPLETED,0,2026-10-07 04:36:56.982,1.1s,100ms,3.8%,0,0,107 KB,1.9 KB
825,bb/6b410f,2887884,p12__genomad_pratama_cached (120),COMPLETED,0,2026-10-07 04:36:56.874,1.4s,161ms,3.3%,0,0,128.7 KB,2.1 KB
828,8e/70b400,2887905,p09__deepvirfinder_pratama_cached (123),COMPLETED,0,2026-10-07 04:36:56.993,1.3s,47ms,6.3%,0,0,107 KB,1.9 KB
826,aa/466bde,2888625,p12__genomad_pratama_cached (121),COMPLETED,0,2026-10-07 04:36:57.885,569ms,84ms,17.4%,0,0,128.7 KB,2.1 KB
832,bb/752f3e,2888631,p12__genomad_pratama_cached (122),COMPLETED,0,2026-10-07 04:36:57.890,591ms,114ms,7.4%,0,0,128.7 KB,2.1 KB
834,2f/bedf2c,2889001,p09__deepvirfinder_pratama_cached (124),COMPLETED,0,2026-10-07 04:36:57.984,899ms,116ms,0.0%,0,0,107 KB,1.9 KB
836,b1/80580a,2889024,p11__virsorter2_pratama_cached (123),COMPLETED,0,2026-10-07 04:36:58.099,1s,154ms,0.0%,0,0,122.7 KB,2.1 KB
837,78/a51dcf,2889036,p09__deepvirfinder_pratama_cached (125),COMPLETED,0,2026-10-07 04:36:58.260,981ms,80ms,0.0%,0,0,107 KB,1.9 KB
835,3e/543bbf,2889004,p10__vibrant_pratama_cached (124),COMPLETED,0,2026-10-07 04:36:58.005,1.3s,70ms,8.1%,0,0,122.7 KB,2.1 KB
833,6f/e05c1d,2889022,p12__genomad_pratama_cached (123),COMPLETED,0,2026-10-07 04:36:58.087,1.2s,70ms,6.4%,0,0,128.7 KB,2.1 KB
840,d2/88ca8d,2889295,p09__deepvirfinder_pratama_cached (126),COMPLETED,0,2026-10-07 04:36:58.461,1.2s,75ms,0.0%,0,0,107 KB,1.9 KB
842,cd/c96593,2889854,p12__genomad_pratama_cached (124),COMPLETED,0,2026-10-07 04:36:59.240,529ms,102ms,5.2%,0,0,128.7 KB,2.1 KB
838,14/ba227f,2889058,p10__vibrant_pratama_cached (125),COMPLETED,0,2026-10-07 04:36:58.326,1.6s,183ms,3.6%,0,0,122.7 KB,2.1 KB
839,51/ce677f,2889556,p10__vibrant_pratama_cached (126),COMPLETED,0,2026-10-07 04:36:58.890,1.2s,106ms,7.4%,0,0,122.7 KB,2.1 KB
847,4f/1c80ad,2890260,p11__virsorter2_pratama_cached (125),COMPLETED,0,2026-10-07 04:36:59.776,684ms,157ms,7.0%,0,0,122.7 KB,2.1 KB
841,ba/b97e52,2889298,p09__deepvirfinder_pratama_cached (127),COMPLETED,0,2026-10-07 04:36:58.492,2.1s,29ms,5.9%,0,0,107 KB,1.9 KB
844,95/24ffab,2890162,p11__virsorter2_pratama_cached (124),COMPLETED,0,2026-10-07 04:36:59.470,1.1s,142ms,4.3%,0,0,122.7 KB,2.1 KB
845,4d/be40a1,2890164,p10__vibrant_pratama_cached (127),COMPLETED,0,2026-10-07 04:36:59.583,1.1s,111ms,5.0%,0,0,122.7 KB,2.1 KB
843,fb/5a0ac5,2890160,p12__genomad_pratama_cached (125),COMPLETED,0,2026-10-07 04:36:59.367,1.4s,151ms,3.5%,0,0,128.7 KB,2.1 KB
846,0a/52a597,2890190,p09__deepvirfinder_pratama_cached (128),COMPLETED,0,2026-10-07 04:36:59.651,1.2s,57ms,7.5%,0,0,107 KB,1.9 KB
849,e9/667410,2890825,p12__genomad_pratama_cached (126),COMPLETED,0,2026-10-07 04:36:59.974,1.7s,129ms,6.2%,0,0,128.7 KB,2.1 KB
850,df/1fb951,2890829,p12__genomad_pratama_cached (127),COMPLETED,0,2026-10-07 04:37:00.131,1.6s,175ms,6.5%,3.7 MB,4.6 MB,128.7 KB,2.1 KB
852,3d/7102ea,2891039,p09__deepvirfinder_pratama_cached (130),COMPLETED,0,2026-10-07 04:37:00.643,1.2s,37ms,0.0%,0,0,107 KB,1.9 KB
851,d6/44b2ed,2891017,p09__deepvirfinder_pratama_cached (129),COMPLETED,0,2026-10-07 04:37:00.468,1.4s,42ms,7.9%,0,0,107 KB,1.9 KB
848,d4/7a1aba,2891029,p11__virsorter2_pratama_cached (126),COMPLETED,0,2026-10-07 04:37:00.628,1.2s,111ms,4.8%,0,0,122.7 KB,2.1 KB
855,7e/a94707,2891079,p10__vibrant_pratama_cached (128),COMPLETED,0,2026-10-07 04:37:00.903,1s,165ms,3.8%,0,0,122.7 KB,2.1 KB
853,a1/4e7a0d,2891048,p11__virsorter2_pratama_cached (127),COMPLETED,0,2026-10-07 04:37:00.689,1.2s,181ms,4.0%,0,0,122.7 KB,2.1 KB
854,bd/94bb8c,2891062,p11__virsorter2_pratama_cached (128),COMPLETED,0,2026-10-07 04:37:00.751,1.2s,116ms,4.2%,0,0,122.7 KB,2.1 KB
856,9a/5464e8,2891789,p10__vibrant_pratama_cached (129),COMPLETED,0,2026-10-07 04:37:01.671,505ms,71ms,0.0%,0,0,122.7 KB,2.1 KB
857,74/8c028a,2891800,p09__deepvirfinder_pratama_cached (131),COMPLETED,0,2026-10-07 04:37:01.786,554ms,53ms,0.0%,0,0,107 KB,1.9 KB
859,b6/267493,2891893,p12__genomad_pratama_cached (129),COMPLETED,0,2026-10-07 04:37:01.816,634ms,118ms,0.0%,3.3 MB,4.6 MB,128.7 KB,2.1 KB
860,1a/4e2c4e,2891921,p09__deepvirfinder_pratama_cached (132),COMPLETED,0,2026-10-07 04:37:01.882,767ms,123ms,0.0%,0,0,107 KB,1.9 KB
858,13/c8a4cb,2891918,p12__genomad_pratama_cached (128),COMPLETED,0,2026-10-07 04:37:01.853,944ms,242ms,0.0%,3.6 MB,4.6 MB,128.7 KB,2.1 KB
861,3f/dc6c24,2892226,p09__deepvirfinder_pratama_cached (133),COMPLETED,0,2026-10-07 04:37:01.950,971ms,31ms,0.0%,0,0,107 KB,1.9 KB
865,f8/042d03,2892464,p09__deepvirfinder_pratama_cached (134),COMPLETED,0,2026-10-07 04:37:02.370,624ms,61ms,6.8%,0,0,107 KB,1.9 KB
863,8e/62b376,2892300,p11__virsorter2_pratama_cached (129),COMPLETED,0,2026-10-07 04:37:02.153,816ms,122ms,5.1%,0,0,122.7 KB,2.1 KB
862,66/aa0863,2892241,p10__vibrant_pratama_cached (130),COMPLETED,0,2026-10-07 04:37:02.061,1s,109ms,4.4%,0,0,122.7 KB,2.1 KB
864,c5/c5893f,2892322,p10__vibrant_pratama_cached (131),COMPLETED,0,2026-10-07 04:37:02.292,702ms,132ms,5.1%,0,0,122.7 KB,2.1 KB
866,c8/fd8178,2892584,p10__vibrant_pratama_cached (132),COMPLETED,0,2026-10-07 04:37:02.459,680ms,111ms,7.5%,0,0,122.7 KB,2.1 KB
867,62/0b0654,2892868,p11__virsorter2_pratama_cached (130),COMPLETED,0,2026-10-07 04:37:02.658,644ms,68ms,12.9%,0,0,122.7 KB,2.1 KB
868,57/2c1728,2892995,p09__deepvirfinder_pratama_cached (135),COMPLETED,0,2026-10-07 04:37:02.808,527ms,18ms,0.0%,0,0,107 KB,1.9 KB
869,8b/80fff6,2893041,p09__deepvirfinder_pratama_cached (136),COMPLETED,0,2026-10-07 04:37:02.930,570ms,46ms,0.0%,0,0,107 KB,1.9 KB
870,ce/32aad1,2893175,p10__vibrant_pratama_cached (133),COMPLETED,0,2026-10-07 04:37:02.978,645ms,90ms,6.0%,0,0,122.7 KB,2.1 KB
873,38/b0fcb4,2893293,p12__genomad_pratama_cached (130),COMPLETED,0,2026-10-07 04:37:03.076,598ms,172ms,3.9%,0,0,128.7 KB,2.1 KB
874,3b/0c3a22,2893300,p12__genomad_pratama_cached (131),COMPLETED,0,2026-10-07 04:37:03.137,582ms,153ms,4.2%,0,0,128.7 KB,2.1 KB
875,14/7a583c,2893525,p11__virsorter2_pratama_cached (132),COMPLETED,0,2026-10-07 04:37:03.314,458ms,59ms,8.8%,0,0,122.7 KB,2.1 KB
872,6b/7c5318,2893324,p11__virsorter2_pratama_cached (131),COMPLETED,0,2026-10-07 04:37:03.150,638ms,68ms,5.9%,0,0,122.7 KB,2.1 KB
871,b6/52927e,2893184,p10__vibrant_pratama_cached (134),COMPLETED,0,2026-10-07 04:37:03.022,845ms,157ms,4.3%,0,0,122.7 KB,2.1 KB
877,20/6b3f8e,2893818,p10__vibrant_pratama_cached (135),COMPLETED,0,2026-10-07 04:37:03.513,423ms,72ms,0.0%,0,0,122.7 KB,2.1 KB
878,c0/96d4b2,2893946,p11__virsorter2_pratama_cached (133),COMPLETED,0,2026-10-07 04:37:03.633,438ms,55ms,0.0%,0,0,122.7 KB,2.1 KB
876,a5/3e7e26,2893811,p12__genomad_pratama_cached (132),COMPLETED,0,2026-10-07 04:37:03.355,793ms,98ms,0.0%,0,0,128.7 KB,2.1 KB
880,02/b82c5e,2894193,p12__genomad_pratama_cached (133),COMPLETED,0,2026-10-07 04:37:03.725,508ms,75ms,7.0%,0,0,128.7 KB,2.1 KB
881,61/11d6c6,2894205,p12__genomad_pratama_cached (134),COMPLETED,0,2026-10-07 04:37:03.779,495ms,69ms,9.1%,0,0,128.7 KB,2.1 KB
879,03/974528,2894100,p11__virsorter2_pratama_cached (134),COMPLETED,0,2026-10-07 04:37:03.681,710ms,55ms,9.4%,0,0,122.7 KB,2.1 KB
883,2e/790a59,2894459,p10__vibrant_pratama_cached (136),COMPLETED,0,2026-10-07 04:37:03.875,516ms,47ms,14.9%,0,0,122.7 KB,2.1 KB
882,b8/cecebb,2894212,p11__virsorter2_pratama_cached (135),COMPLETED,0,2026-10-07 04:37:03.794,653ms,86ms,7.2%,0,0,122.7 KB,2.1 KB
884,03/5306b1,2894589,p12__genomad_pratama_cached (135),COMPLETED,0,2026-10-07 04:37:03.944,621ms,55ms,0.0%,0,0,128.7 KB,2.1 KB
887,5b/05c56b,2894909,p09__deepvirfinder_pratama_cached (137),COMPLETED,0,2026-10-07 04:37:04.240,401ms,40ms,18.1%,0,0,107 KB,1.9 KB
885,c8/b775fa,2894749,p11__virsorter2_pratama_cached (136),COMPLETED,0,2026-10-07 04:37:04.084,626ms,156ms,0.0%,3.5 MB,4.6 MB,122.7 KB,2.1 KB
886,94/a2f5eb,2894760,p12__genomad_pratama_cached (136),COMPLETED,0,2026-10-07 04:37:04.157,603ms,127ms,5.5%,0,0,128.7 KB,2.1 KB
890,a7/18f6b0,2895176,p12__genomad_pratama_cached (137),COMPLETED,0,2026-10-07 04:37:04.417,424ms,100ms,7.4%,3.6 MB,4.6 MB,128.7 KB,2.1 KB
888,36/d5b59d,2895137,p11__virsorter2_pratama_cached (137),COMPLETED,0,2026-10-07 04:37:04.386,516ms,29ms,0.0%,0,0,122.7 KB,2.1 KB
889,d5/a2c4be,2895145,p10__vibrant_pratama_cached (137),COMPLETED,0,2026-10-07 04:37:04.403,575ms,58ms,0.0%,0,0,122.7 KB,2.1 KB
891,7b/d33aa3,2895410,p09__deepvirfinder_pratama_cached (138),COMPLETED,0,2026-10-07 04:37:04.465,630ms,28ms,0.0%,0,0,107 KB,1.9 KB
893,b5/cc6871,2895555,p10__vibrant_pratama_cached (138),COMPLETED,0,2026-10-07 04:37:04.646,424ms,58ms,8.1%,0,0,122.7 KB,2.1 KB
895,61/a64b37,2895752,p11__virsorter2_pratama_cached (139),COMPLETED,0,2026-10-07 04:37:04.768,464ms,62ms,11.9%,0,0,122.7 KB,2.1 KB
892,68/7170bd,2895473,p09__deepvirfinder_pratama_cached (139),COMPLETED,0,2026-10-07 04:37:04.573,680ms,27ms,0.0%,0,0,107 KB,1.9 KB
894,c3/be097a,2895735,p11__virsorter2_pratama_cached (138),COMPLETED,0,2026-10-07 04:37:04.743,546ms,66ms,10.7%,0,0,122.7 KB,2.1 KB
897,ba/763857,2895993,p12__genomad_pratama_cached (139),COMPLETED,0,2026-10-07 04:37:04.908,495ms,89ms,7.8%,0,0,128.7 KB,2.1 KB
900,16/9205f7,2896146,p09__deepvirfinder_pratama_cached (140),COMPLETED,0,2026-10-07 04:37:05.101,463ms,24ms,0.0%,0,0,107 KB,1.9 KB
896,4c/3f2a2a,2895984,p12__genomad_pratama_cached (138),COMPLETED,0,2026-10-07 04:37:04.849,632ms,80ms,8.3%,0,0,128.7 KB,2.1 KB
898,4a/288f8a,2896026,p10__vibrant_pratama_cached (139),COMPLETED,0,2026-10-07 04:37:04.994,640ms,62ms,0.0%,0,0,122.7 KB,2.1 KB
899,3b/ad54d2,2896132,p12__genomad_pratama_cached (140),COMPLETED,0,2026-10-07 04:37:05.092,660ms,115ms,6.7%,0,0,128.7 KB,2.1 KB
901,47/6df0cf,2896418,p09__deepvirfinder_pratama_cached (141),COMPLETED,0,2026-10-07 04:37:05.239,581ms,8ms,16.2%,0,0,107 KB,1.9 KB
902,93/aca916,2896431,p10__vibrant_pratama_cached (140),COMPLETED,0,2026-10-07 04:37:05.260,574ms,61ms,8.1%,0,0,122.7 KB,2.1 KB
905,9b/548a3d,2896589,p11__virsorter2_pratama_cached (141),COMPLETED,0,2026-10-07 04:37:05.413,445ms,60ms,0.0%,0,0,122.7 KB,2.1 KB
903,98/88324e,2896582,p11__virsorter2_pratama_cached (140),COMPLETED,0,2026-10-07 04:37:05.305,595ms,50ms,0.0%,0,0,122.7 KB,2.1 KB
906,a5/3490cb,2896745,p10__vibrant_pratama_cached (141),COMPLETED,0,2026-10-07 04:37:05.489,543ms,57ms,0.0%,0,0,122.7 KB,2.1 KB
904,10/2a3b68,2897069,p12__genomad_pratama_cached (141),COMPLETED,0,2026-10-07 04:37:05.571,636ms,75ms,7.2%,0,0,128.7 KB,2.1 KB
909,6c/1821f1,2897111,p11__virsorter2_pratama_cached (142),COMPLETED,0,2026-10-07 04:37:05.827,479ms,66ms,0.0%,0,0,122.7 KB,2.1 KB
907,59/0b30e7,2897079,p09__deepvirfinder_pratama_cached (142),COMPLETED,0,2026-10-07 04:37:05.641,681ms,55ms,0.0%,0,0,107 KB,1.9 KB
910,8c/a97d8c,2897168,p09__deepvirfinder_pratama_cached (143),COMPLETED,0,2026-10-07 04:37:05.842,508ms,33ms,9.5%,0,0,107 KB,1.9 KB
908,5f/1d8802,2897099,p12__genomad_pratama_cached (142),COMPLETED,0,2026-10-07 04:37:05.759,602ms,111ms,6.3%,0,0,128.7 KB,2.1 KB
911,5e/202d6c,2897221,p12__genomad_pratama_cached (143),COMPLETED,0,2026-10-07 04:37:05.867,542ms,112ms,5.5%,0,0,128.7 KB,2.1 KB
912,15/0410ec,2897356,p10__vibrant_pratama_cached (142),COMPLETED,0,2026-10-07 04:37:05.913,588ms,60ms,9.4%,0,0,122.7 KB,2.1 KB
914,8a/1921bb,2897712,p12__genomad_pratama_cached (144),COMPLETED,0,2026-10-07 04:37:06.214,525ms,64ms,7.9%,0,0,128.7 KB,2.1 KB
913,1d/a5f4a4,2897490,p11__virsorter2_pratama_cached (143),COMPLETED,0,2026-10-07 04:37:06.041,739ms,55ms,0.0%,0,0,122.7 KB,2.1 KB
919,3b/c71247,2898027,p09__deepvirfinder_pratama_cached (145),COMPLETED,0,2026-10-07 04:37:06.418,450ms,22ms,0.0%,0,0,107 KB,1.9 KB
915,87/8fb5b9,2897832,p10__vibrant_pratama_cached (143),COMPLETED,0,2026-10-07 04:37:06.314,571ms,41ms,0.0%,0,0,122.7 KB,2.1 KB
917,ac/a2eb3e,2897933,p11__virsorter2_pratama_cached (144),COMPLETED,0,2026-10-07 04:37:06.360,546ms,80ms,7.6%,0,0,122.7 KB,2.1 KB
918,90/b10940,2897919,p11__virsorter2_pratama_cached (145),COMPLETED,0,2026-10-07 04:37:06.331,612ms,68ms,0.0%,0,0,122.7 KB,2.1 KB
920,90/42c766,2898233,p11__virsorter2_pratama_cached (146),COMPLETED,0,2026-10-07 04:37:06.515,462ms,56ms,13.5%,0,0,122.7 KB,2.1 KB
916,6b/ae1e40,2897945,p09__deepvirfinder_pratama_cached (144),COMPLETED,0,2026-10-07 04:37:06.371,625ms,54ms,0.0%,0,0,107 KB,1.9 KB
921,49/e3ed9e,2898430,p12__genomad_pratama_cached (145),COMPLETED,0,2026-10-07 04:37:06.752,400ms,43ms,17.2%,0,0,128.7 KB,2.1 KB
922,ec/0323b0,2898509,p12__genomad_pratama_cached (146),COMPLETED,0,2026-10-07 04:37:06.788,468ms,70ms,0.0%,0,0,128.7 KB,2.1 KB
925,b1/566d7f,2898702,p11__virsorter2_pratama_cached (147),COMPLETED,0,2026-10-07 04:37:06.892,477ms,56ms,0.0%,0,0,122.7 KB,2.1 KB
923,39/c99f41,2898666,p10__vibrant_pratama_cached (144),COMPLETED,0,2026-10-07 04:37:06.879,459ms,74ms,0.0%,0,0,122.7 KB,2.1 KB
928,32/9c456d,2898937,p09__deepvirfinder_pratama_cached (146),COMPLETED,0,2026-10-07 04:37:07.015,461ms,52ms,0.0%,0,0,107 KB,1.9 KB
927,38/920648,2898858,p10__vibrant_pratama_cached (146),COMPLETED,0,2026-10-07 04:37:06.952,560ms,75ms,0.0%,0,0,122.7 KB,2.1 KB
924,ee/60a994,2898869,p10__vibrant_pratama_cached (145),COMPLETED,0,2026-10-07 04:37:06.984,558ms,61ms,0.0%,0,0,122.7 KB,2.1 KB
926,00/074ca4,2898838,p11__virsorter2_pratama_cached (148),COMPLETED,0,2026-10-07 04:37:06.915,651ms,54ms,0.0%,0,0,122.7 KB,2.1 KB
930,b9/dcbdb3,2899249,p10__vibrant_pratama_cached (147),COMPLETED,0,2026-10-07 04:37:07.263,475ms,49ms,14.3%,0,0,122.7 KB,2.1 KB
929,f9/81bfd4,2899141,p09__deepvirfinder_pratama_cached (147),COMPLETED,0,2026-10-07 04:37:07.162,673ms,10ms,0.0%,0,0,107 KB,1.9 KB
933,4e/1c9931,2899647,p09__deepvirfinder_pratama_cached (148),COMPLETED,0,2026-10-07 04:37:07.487,418ms,52ms,0.0%,0,0,107 KB,1.9 KB
931,52/c8dd0f,2899633,p11__virsorter2_pratama_cached (149),COMPLETED,0,2026-10-07 04:37:07.352,562ms,83ms,8.3%,0,0,122.7 KB,2.1 KB
932,f2/f5d683,2899642,p12__genomad_pratama_cached (147),COMPLETED,0,2026-10-07 04:37:07.379,598ms,106ms,11.2%,0,0,128.7 KB,2.1 KB
934,2c/20f166,2899685,p11__virsorter2_pratama_cached (150),COMPLETED,0,2026-10-07 04:37:07.522,469ms,109ms,0.0%,0,0,122.7 KB,2.1 KB
935,f8/4ffa67,2899692,p12__genomad_pratama_cached (148),COMPLETED,0,2026-10-07 04:37:07.553,507ms,167ms,4.4%,3.5 MB,4.6 MB,128.7 KB,2.1 KB
937,ae/9d98fd,2900194,p10__vibrant_pratama_cached (149),COMPLETED,0,2026-10-07 04:37:07.747,393ms,57ms,0.0%,0,0,122.7 KB,2.1 KB
936,aa/1f4c14,2899787,p10__vibrant_pratama_cached (148),COMPLETED,0,2026-10-07 04:37:07.581,666ms,65ms,0.0%,0,0,122.7 KB,2.1 KB
938,e1/27d273,2900224,p11__virsorter2_pratama_cached (151),COMPLETED,0,2026-10-07 04:37:07.841,529ms,48ms,14.5%,0,0,122.7 KB,2.1 KB
939,37/c238a4,2900381,p09__deepvirfinder_pratama_cached (149),COMPLETED,0,2026-10-07 04:37:07.913,480ms,43ms,0.0%,0,0,107 KB,1.9 KB
941,38/69712f,2900595,p09__deepvirfinder_pratama_cached (150),COMPLETED,0,2026-10-07 04:37:07.988,479ms,32ms,0.0%,0,0,107 KB,1.9 KB
940,aa/0174dd,2900534,p12__genomad_pratama_cached (149),COMPLETED,0,2026-10-07 04:37:07.930,576ms,46ms,13.4%,0,0,128.7 KB,2.1 KB
942,28/aafc23,2900721,p10__vibrant_pratama_cached (150),COMPLETED,0,2026-10-07 04:37:08.013,540ms,41ms,9.4%,0,0,122.7 KB,2.1 KB
943,b8/ac9d33,2901058,p12__genomad_pratama_cached (150),COMPLETED,0,2026-10-07 04:37:08.169,476ms,92ms,7.3%,0,0,128.7 KB,2.1 KB
945,57/666eca,2901226,p10__vibrant_pratama_cached (151),COMPLETED,0,2026-10-07 04:37:08.254,560ms,63ms,7.1%,0,0,122.7 KB,2.1 KB
944,70/d706bc,2901040,p11__virsorter2_pratama_cached (152),COMPLETED,0,2026-10-07 04:37:08.104,739ms,88ms,6.0%,0,0,122.7 KB,2.1 KB
946,3f/695728,2901518,p09__deepvirfinder_pratama_cached (151),COMPLETED,0,2026-10-07 04:37:08.378,598ms,42ms,0.0%,0,0,107 KB,1.9 KB
947,25/55335d,2901525,p12__genomad_pratama_cached (151),COMPLETED,0,2026-10-07 04:37:08.400,584ms,95ms,7.2%,0,0,128.7 KB,2.1 KB
948,e5/7c879a,2901576,p11__virsorter2_pratama_cached (153),COMPLETED,0,2026-10-07 04:37:08.473,591ms,104ms,0.0%,0,0,122.7 KB,2.1 KB
949,30/8f11ee,2901601,p12__genomad_pratama_cached (152),COMPLETED,0,2026-10-07 04:37:08.515,510ms,81ms,0.0%,0,0,128.7 KB,2.1 KB
950,0f/7b4102,2901697,p09__deepvirfinder_pratama_cached (152),COMPLETED,0,2026-10-07 04:37:08.561,533ms,49ms,8.0%,0,0,107 KB,1.9 KB
953,1f/2d3d5e,2901814,p11__virsorter2_pratama_cached (154),COMPLETED,0,2026-10-07 04:37:08.657,549ms,59ms,0.0%,0,0,122.7 KB,2.1 KB
952,d8/4413a6,2902113,p10__vibrant_pratama_cached (152),COMPLETED,0,2026-10-07 04:37:08.851,452ms,24ms,0.0%,0,0,122.7 KB,2.1 KB
954,a6/b2c095,2902254,p12__genomad_pratama_cached (153),COMPLETED,0,2026-10-07 04:37:08.983,454ms,95ms,0.0%,0,0,128.7 KB,2.1 KB
951,1a/9e223a,2902105,p09__deepvirfinder_pratama_cached (153),COMPLETED,0,2026-10-07 04:37:08.824,633ms,31ms,0.0%,0,0,107 KB,1.9 KB
959,42/266450,2902485,p09__deepvirfinder_pratama_cached (155),COMPLETED,0,2026-10-07 04:37:09.101,484ms,48ms,0.0%,0,0,107 KB,1.9 KB
958,a2/d023aa,2902475,p09__deepvirfinder_pratama_cached (154),COMPLETED,0,2026-10-07 04:37:09.071,550ms,11ms,14.7%,0,0,107 KB,1.9 KB
957,55/74536b,2902353,p10__vibrant_pratama_cached (154),COMPLETED,0,2026-10-07 04:37:09.034,637ms,133ms,4.3%,0,0,122.7 KB,2.1 KB
955,d4/88feea,2902267,p10__vibrant_pratama_cached (153),COMPLETED,0,2026-10-07 04:37:08.992,665ms,125ms,0.0%,0,0,122.7 KB,2.1 KB
960,f7/16b915,2902756,p12__genomad_pratama_cached (154),COMPLETED,0,2026-10-07 04:37:09.309,465ms,39ms,9.8%,0,0,128.7 KB,2.1 KB
961,10/b6095f,2902737,p12__genomad_pratama_cached (155),COMPLETED,0,2026-10-07 04:37:09.218,578ms,106ms,7.8%,0,0,128.7 KB,2.1 KB
956,40/f9a818,2902891,p11__virsorter2_pratama_cached (155),COMPLETED,0,2026-10-07 04:37:09.450,380ms,61ms,0.0%,0,0,122.7 KB,2.1 KB
962,fa/8d7c04,2902937,p11__virsorter2_pratama_cached (156),COMPLETED,0,2026-10-07 04:37:09.486,496ms,53ms,8.6%,0,0,122.7 KB,2.1 KB
964,fa/4b90c4,2903343,p10__vibrant_pratama_cached (155),COMPLETED,0,2026-10-07 04:37:09.628,630ms,84ms,7.4%,0,0,122.7 KB,2.1 KB
966,68/afcef5,2903374,p11__virsorter2_pratama_cached (157),COMPLETED,0,2026-10-07 04:37:09.784,525ms,93ms,6.0%,0,0,122.7 KB,2.1 KB
963,68/8f2b68,2903342,p09__deepvirfinder_pratama_cached (156),COMPLETED,0,2026-10-07 04:37:09.593,727ms,67ms,0.0%,0,0,107 KB,1.9 KB
969,50/d35cf9,2903506,p12__genomad_pratama_cached (157),COMPLETED,0,2026-10-07 04:37:09.837,483ms,69ms,5.0%,0,0,128.7 KB,2.1 KB
967,61/d92fef,2903347,p09__deepvirfinder_pratama_cached (157),COMPLETED,0,2026-10-07 04:37:09.677,683ms,47ms,0.0%,0,0,107 KB,1.9 KB
965,b7/4c7fe4,2903344,p12__genomad_pratama_cached (156),COMPLETED,0,2026-10-07 04:37:09.665,686ms,32ms,0.0%,0,0,128.7 KB,2.1 KB
970,6d/c93974,2903781,p09__deepvirfinder_pratama_cached (158),COMPLETED,0,2026-10-07 04:37:09.989,436ms,22ms,0.0%,0,0,107 KB,1.9 KB
968,aa/f1c4c7,2903484,p10__vibrant_pratama_cached (156),COMPLETED,0,2026-10-07 04:37:09.807,636ms,124ms,0.0%,0,0,122.7 KB,2.1 KB
971,33/4ee872,2904063,p11__virsorter2_pratama_cached (158),COMPLETED,0,2026-10-07 04:37:10.266,237ms,23ms,29.6%,0,0,122.7 KB,2.1 KB
972,11/ff5095,2904321,p11__virsorter2_pratama_cached (159),COMPLETED,0,2026-10-07 04:37:10.338,529ms,66ms,8.0%,0,0,122.7 KB,2.1 KB
976,31/705f05,2904362,p09__deepvirfinder_pratama_cached (159),COMPLETED,0,2026-10-07 04:37:10.367,565ms,59ms,9.5%,0,0,107 KB,1.9 KB
973,07/dc9436,2904319,p10__vibrant_pratama_cached (157),COMPLETED,0,2026-10-07 04:37:10.320,651ms,109ms,5.4%,0,0,122.7 KB,2.1 KB
979,5a/8cf035,2904479,p10__vibrant_pratama_cached (159),COMPLETED,0,2026-10-07 04:37:10.515,577ms,96ms,5.9%,0,0,122.7 KB,2.1 KB
978,7d/9f43e3,2904381,p10__vibrant_pratama_cached (158),COMPLETED,0,2026-10-07 04:37:10.452,647ms,106ms,4.8%,0,0,122.7 KB,2.1 KB
975,8c/bb500a,2904350,p12__genomad_pratama_cached (159),COMPLETED,0,2026-10-07 04:37:10.358,741ms,108ms,5.5%,0,0,128.7 KB,2.1 KB
977,af/205f4f,2904383,p09__deepvirfinder_pratama_cached (160),COMPLETED,0,2026-10-07 04:37:10.434,725ms,42ms,0.0%,0,0,107 KB,1.9 KB
974,0d/c6ca2d,2904341,p12__genomad_pratama_cached (158),COMPLETED,0,2026-10-07 04:37:10.349,798ms,120ms,4.6%,0,0,128.7 KB,2.1 KB
980,a2/d2f023,2904891,p11__virsorter2_pratama_cached (160),COMPLETED,0,2026-10-07 04:37:10.874,387ms,111ms,0.0%,0,0,122.7 KB,2.1 KB
981,0c/8df388,2905009,p12__genomad_pratama_cached (160),COMPLETED,0,2026-10-07 04:37:10.939,361ms,95ms,9.8%,0,0,128.7 KB,2.1 KB
983,0e/7ff9a0,2905327,p09__deepvirfinder_pratama_cached (161),COMPLETED,0,2026-10-07 04:37:11.099,461ms,26ms,16.6%,0,0,107 KB,1.9 KB
982,6a/4ebbc7,2905102,p11__virsorter2_pratama_cached (161),COMPLETED,0,2026-10-07 04:37:10.997,571ms,25ms,0.0%,0,0,122.7 KB,2.1 KB
985,e9/abc2a6,2905354,p10__vibrant_pratama_cached (160),COMPLETED,0,2026-10-07 04:37:11.145,511ms,67ms,0.0%,0,0,122.7 KB,2.1 KB
987,18/c2eb1d,2905368,p11__virsorter2_pratama_cached (162),COMPLETED,0,2026-10-07 04:37:11.167,546ms,128ms,5.0%,0,0,122.7 KB,2.1 KB
984,90/8b61d3,2905340,p09__deepvirfinder_pratama_cached (162),COMPLETED,0,2026-10-07 04:37:11.119,688ms,40ms,0.0%,0,0,107 KB,1.9 KB
986,83/e1c8ee,2905359,p12__genomad_pratama_cached (161),COMPLETED,0,2026-10-07 04:37:11.154,638ms,121ms,5.1%,0,0,128.7 KB,2.1 KB
988,fc/4da95e,2905571,p12__genomad_pratama_cached (162),COMPLETED,0,2026-10-07 04:37:11.274,544ms,76ms,8.7%,0,0,128.7 KB,2.1 KB
990,96/42aecc,2905701,p10__vibrant_pratama_cached (161),COMPLETED,0,2026-10-07 04:37:11.306,525ms,45ms,0.0%,0,0,122.7 KB,2.1 KB
991,e7/36d77a,2905925,p10__vibrant_pratama_cached (162),COMPLETED,0,2026-10-07 04:37:11.568,384ms,76ms,9.3%,0,0,122.7 KB,2.1 KB
995,ad/1ede24,2906519,p09__deepvirfinder_pratama_cached (164),COMPLETED,0,2026-10-07 04:37:11.815,515ms,56ms,0.0%,0,0,107 KB,1.9 KB
989,03/41e8bc,2906482,p09__deepvirfinder_pratama_cached (163),COMPLETED,0,2026-10-07 04:37:11.674,671ms,14ms,0.0%,0,0,107 KB,1.9 KB
993,ca/d73db2,2906488,p11__virsorter2_pratama_cached (164),COMPLETED,0,2026-10-07 04:37:11.720,648ms,56ms,0.0%,0,0,122.7 KB,2.1 KB
992,52/fd3e39,2906481,p11__virsorter2_pratama_cached (163),COMPLETED,0,2026-10-07 04:37:11.653,762ms,111ms,0.0%,0,0,122.7 KB,2.1 KB
997,ca/dcb44d,2906530,p12__genomad_pratama_cached (163),COMPLETED,0,2026-10-07 04:37:11.837,578ms,85ms,0.0%,0,0,128.7 KB,2.1 KB
998,dd/f1bde3,2906724,p12__genomad_pratama_cached (164),COMPLETED,0,2026-10-07 04:37:11.960,502ms,72ms,0.0%,0,0,128.7 KB,2.1 KB
996,7e/dfb9a4,2906524,p09__deepvirfinder_pratama_cached (165),COMPLETED,0,2026-10-07 04:37:11.829,856ms,50ms,0.0%,0,0,107 KB,1.9 KB
994,25/79227d,2906502,p10__vibrant_pratama_cached (163),COMPLETED,0,2026-10-07 04:37:11.799,855ms,80ms,7.5%,0,0,122.7 KB,2.1 KB
999,c4/962def,2907150,p11__virsorter2_pratama_cached (165),COMPLETED,0,2026-10-07 04:37:12.337,430ms,47ms,14.7%,0,0,122.7 KB,2.1 KB
1001,01/c654e0,2907195,p09__deepvirfinder_pratama_cached (166),COMPLETED,0,2026-10-07 04:37:12.388,410ms,57ms,10.0%,0,0,107 KB,1.9 KB
1003,94/a0c48b,2907331,p10__vibrant_pratama_cached (165),COMPLETED,0,2026-10-07 04:37:12.430,518ms,83ms,6.1%,0,0,122.7 KB,2.1 KB
1000,e1/1923c2,2907159,p12__genomad_pratama_cached (165),COMPLETED,0,2026-10-07 04:37:12.352,476ms,85ms,9.5%,0,0,128.7 KB,2.1 KB
1002,c6/a9a194,2907297,p10__vibrant_pratama_cached (164),COMPLETED,0,2026-10-07 04:37:12.422,695ms,79ms,8.2%,0,0,122.7 KB,2.1 KB
1004,a3/2d2ea2,2907525,p11__virsorter2_pratama_cached (166),COMPLETED,0,2026-10-07 04:37:12.471,660ms,40ms,0.0%,0,0,122.7 KB,2.1 KB
1006,32/715c07,2907702,p10__vibrant_pratama_cached (166),COMPLETED,0,2026-10-07 04:37:12.691,458ms,20ms,0.0%,0,0,122.7 KB,2.1 KB
1005,29/a73fc8,2907697,p09__deepvirfinder_pratama_cached (167),COMPLETED,0,2026-10-07 04:37:12.661,525ms,18ms,0.0%,0,0,107 KB,1.9 KB
1008,f1/d02fcc,2907851,p12__genomad_pratama_cached (166),COMPLETED,0,2026-10-07 04:37:12.804,415ms,71ms,8.6%,0,0,128.7 KB,2.1 KB
1010,fc/d9d55d,2907858,p11__virsorter2_pratama_cached (168),COMPLETED,0,2026-10-07 04:37:12.835,474ms,29ms,18.8%,0,0,122.7 KB,2.1 KB
1007,48/6f7d5e,2907832,p09__deepvirfinder_pratama_cached (168),COMPLETED,0,2026-10-07 04:37:12.773,611ms,20ms,0.0%,0,0,107 KB,1.9 KB
1009,3c/ec6e24,2908293,p11__virsorter2_pratama_cached (167),COMPLETED,0,2026-10-07 04:37:13.129,441ms,69ms,0.0%,0,0,122.7 KB,2.1 KB
1011,ba/351570,2908265,p12__genomad_pratama_cached (167),COMPLETED,0,2026-10-07 04:37:12.954,722ms,25ms,17.5%,0,0,128.7 KB,2.1 KB
1014,15/407c16,2908378,p11__virsorter2_pratama_cached (169),COMPLETED,0,2026-10-07 04:37:13.194,509ms,116ms,5.2%,0,0,122.7 KB,2.1 KB
1012,db/262eb9,2908305,p09__deepvirfinder_pratama_cached (169),COMPLETED,0,2026-10-07 04:37:13.137,612ms,38ms,0.0%,0,0,107 KB,1.9 KB
1013,8f/ff8600,2908307,p10__vibrant_pratama_cached (167),COMPLETED,0,2026-10-07 04:37:13.159,562ms,126ms,4.6%,0,0,122.7 KB,2.1 KB
1015,2d/2e82b2,2908446,p11__virsorter2_pratama_cached (170),COMPLETED,0,2026-10-07 04:37:13.225,550ms,104ms,5.1%,0,0,122.7 KB,2.1 KB
1017,53/43fffa,2908770,p10__vibrant_pratama_cached (168),COMPLETED,0,2026-10-07 04:37:13.400,498ms,57ms,13.3%,0,0,122.7 KB,2.1 KB
1016,e0/01067e,2908577,p09__deepvirfinder_pratama_cached (170),COMPLETED,0,2026-10-07 04:37:13.316,724ms,21ms,0.0%,0,0,107 KB,1.9 KB
1018,86/e39217,2908902,p10__vibrant_pratama_cached (169),COMPLETED,0,2026-10-07 04:37:13.585,344ms,81ms,0.0%,0,0,122.7 KB,2.1 KB
1019,fc/861ecd,2909046,p12__genomad_pratama_cached (168),COMPLETED,0,2026-10-07 04:37:13.689,445ms,40ms,18.1%,0,0,128.7 KB,2.1 KB
1020,68/eee112,2909369,p12__genomad_pratama_cached (169),COMPLETED,0,2026-10-07 04:37:13.718,624ms,59ms,13.0%,0,0,128.7 KB,2.1 KB
1021,1c/f0888e,2909370,p09__deepvirfinder_pratama_cached (171),COMPLETED,0,2026-10-07 04:37:13.739,773ms,45ms,0.0%,0,0,107 KB,1.9 KB
1022,fe/409202,2909381,p10__vibrant_pratama_cached (170),COMPLETED,0,2026-10-07 04:37:13.767,773ms,110ms,4.9%,0,0,122.7 KB,2.1 KB
1023,6a/1b47f6,2909389,p10__vibrant_pratama_cached (171),COMPLETED,0,2026-10-07 04:37:13.801,841ms,25ms,0.0%,0,0,122.7 KB,2.1 KB
1025,1d/033019,2909399,p11__virsorter2_pratama_cached (171),COMPLETED,0,2026-10-07 04:37:13.946,718ms,142ms,4.6%,0,0,122.7 KB,2.1 KB
1024,97/463ad8,2909396,p12__genomad_pratama_cached (170),COMPLETED,0,2026-10-07 04:37:13.907,782ms,128ms,0.0%,0,0,128.7 KB,2.1 KB
1026,90/6541aa,2909464,p11__virsorter2_pratama_cached (172),COMPLETED,0,2026-10-07 04:37:14.074,659ms,131ms,4.7%,0,0,122.7 KB,2.1 KB
1027,01/98454d,2909638,p09__deepvirfinder_pratama_cached (172),COMPLETED,0,2026-10-07 04:37:14.143,630ms,24ms,0.0%,0,0,107 KB,1.9 KB
1029,bc/eadc7a,2910063,p10__vibrant_pratama_cached (172),COMPLETED,0,2026-10-07 04:37:14.525,320ms,73ms,0.0%,0,0,122.7 KB,2.1 KB
1030,e6/04082f,2910107,p12__genomad_pratama_cached (171),COMPLETED,0,2026-10-07 04:37:14.548,340ms,71ms,0.0%,0,0,128.7 KB,2.1 KB
1028,e9/f96ddb,2909871,p11__virsorter2_pratama_cached (173),COMPLETED,0,2026-10-07 04:37:14.359,546ms,29ms,22.7%,0,0,122.7 KB,2.1 KB
1031,03/558c3e,2910272,p09__deepvirfinder_pratama_cached (173),COMPLETED,0,2026-10-07 04:37:14.656,448ms,8ms,0.0%,0,0,107 KB,1.9 KB
1033,b2/495454,2910501,p12__genomad_pratama_cached (173),COMPLETED,0,2026-10-07 04:37:14.700,586ms,142ms,0.0%,0,0,128.7 KB,2.1 KB
1038,4a/72f217,2910753,p12__genomad_pratama_cached (175),COMPLETED,0,2026-10-07 04:37:14.915,422ms,97ms,0.0%,0,0,128.7 KB,2.1 KB
1036,fa/045241,2910583,p10__vibrant_pratama_cached (174),COMPLETED,0,2026-10-07 04:37:14.859,532ms,70ms,5.4%,0,0,122.7 KB,2.1 KB
1035,75/d6f822,2910506,p10__vibrant_pratama_cached (173),COMPLETED,0,2026-10-07 04:37:14.741,670ms,119ms,6.0%,0,0,122.7 KB,2.1 KB
1037,22/f57883,2910728,p12__genomad_pratama_cached (174),COMPLETED,0,2026-10-07 04:37:14.900,556ms,95ms,5.2%,0,0,128.7 KB,2.1 KB
1039,a5/20ce6e,2911017,p11__virsorter2_pratama_cached (175),COMPLETED,0,2026-10-07 04:37:15.112,393ms,23ms,0.0%,0,0,122.7 KB,2.1 KB
1041,d4/195655,2911281,p10__vibrant_pratama_cached (175),COMPLETED,0,2026-10-07 04:37:15.344,411ms,34ms,28.2%,0,0,122.7 KB,2.1 KB
1043,7c/ce7835,2911509,p09__deepvirfinder_pratama_cached (175),COMPLETED,0,2026-10-07 04:37:15.464,353ms,17ms,0.0%,0,0,107 KB,1.9 KB
1044,53/8e73d0,2911486,p09__deepvirfinder_pratama_cached (176),COMPLETED,0,2026-10-07 04:37:15.426,462ms,20ms,0.0%,0,0,107 KB,1.9 KB
1032,95/dccd7b,2910480,p12__genomad_pratama_cached (172),COMPLETED,0,2026-10-07 04:37:14.676,1.3s,105ms,0.0%,0,0,128.7 KB,2.1 KB
1045,e5/a443d1,2911573,p12__genomad_pratama_cached (176),COMPLETED,0,2026-10-07 04:37:15.522,392ms,24ms,23.8%,0,0,128.7 KB,2.1 KB
1040,34/3fc1aa,2911212,p11__virsorter2_pratama_cached (176),COMPLETED,0,2026-10-07 04:37:15.294,779ms,32ms,16.9%,0,0,122.7 KB,2.1 KB
1034,e8/c5fa5e,2910528,p11__virsorter2_pratama_cached (174),COMPLETED,0,2026-10-07 04:37:14.781,1.3s,99ms,0.0%,0,0,122.7 KB,2.1 KB
1042,2a/1f2433,2911468,p09__deepvirfinder_pratama_cached (174),COMPLETED,0,2026-10-07 04:37:15.409,758ms,30ms,0.0%,0,0,107 KB,1.9 KB
1047,6f/14dc0d,2911937,p10__vibrant_pratama_cached (177),COMPLETED,0,2026-10-07 04:37:15.860,328ms,97ms,9.5%,0,0,122.7 KB,2.1 KB
1046,f9/a7178a,2911854,p10__vibrant_pratama_cached (176),COMPLETED,0,2026-10-07 04:37:15.767,434ms,51ms,11.7%,0,0,122.7 KB,2.1 KB
1049,09/1df6bd,2912080,p11__virsorter2_pratama_cached (177),COMPLETED,0,2026-10-07 04:37:15.946,385ms,108ms,7.5%,0,0,122.7 KB,2.1 KB
1048,6a/db4964,2912057,p09__deepvirfinder_pratama_cached (177),COMPLETED,0,2026-10-07 04:37:15.905,542ms,16ms,0.0%,0,0,107 KB,1.9 KB
1050,ac/f22dc6,2912097,p12__genomad_pratama_cached (177),COMPLETED,0,2026-10-07 04:37:16.007,451ms,94ms,9.2%,0,0,128.7 KB,2.1 KB
1051,0e/7491f0,2912271,p09__deepvirfinder_pratama_cached (178),COMPLETED,0,2026-10-07 04:37:16.080,553ms,24ms,12.9%,0,0,107 KB,1.9 KB
1053,f1/0c4804,2912423,p09__deepvirfinder_pratama_cached (179),COMPLETED,0,2026-10-07 04:37:16.194,552ms,35ms,9.0%,0,0,107 KB,1.9 KB
1052,a3/1d0376,2912405,p10__vibrant_pratama_cached (178),COMPLETED,0,2026-10-07 04:37:16.113,605ms,62ms,8.3%,0,0,122.7 KB,2.1 KB
1054,47/d1092d,2912411,p10__vibrant_pratama_cached (179),COMPLETED,0,2026-10-07 04:37:16.180,606ms,93ms,0.0%,0,0,122.7 KB,2.1 KB
1055,5a/fe2363,2912437,p11__virsorter2_pratama_cached (178),COMPLETED,0,2026-10-07 04:37:16.209,550ms,77ms,5.1%,0,0,122.7 KB,2.1 KB
1058,68/6130f8,2912891,p12__genomad_pratama_cached (178),COMPLETED,0,2026-10-07 04:37:16.512,373ms,98ms,8.6%,0,0,128.7 KB,2.1 KB
1056,10/80736e,2912663,p11__virsorter2_pratama_cached (179),COMPLETED,0,2026-10-07 04:37:16.343,567ms,55ms,8.3%,0,0,122.7 KB,2.1 KB
1057,11/ec7097,2912792,p09__deepvirfinder_pratama_cached (180),COMPLETED,0,2026-10-07 04:37:16.457,471ms,73ms,0.0%,0,0,107 KB,1.9 KB
1059,f5/608643,2913067,p12__genomad_pratama_cached (179),COMPLETED,0,2026-10-07 04:37:16.641,303ms,36ms,0.0%,0,0,128.7 KB,2.1 KB
1060,4c/81c1fb,2913395,p12__genomad_pratama_cached (180),COMPLETED,0,2026-10-07 04:37:16.794,546ms,85ms,0.0%,0,0,128.7 KB,2.1 KB
1061,35/c1044a,2913392,p11__virsorter2_pratama_cached (180),COMPLETED,0,2026-10-07 04:37:16.764,626ms,89ms,0.0%,0,0,122.7 KB,2.1 KB
1064,73/c558ad,2913433,p12__genomad_pratama_cached (181),COMPLETED,0,2026-10-07 04:37:16.898,516ms,155ms,4.6%,0,0,128.7 KB,2.1 KB
1063,6a/23ec02,2913391,p10__vibrant_pratama_cached (180),COMPLETED,0,2026-10-07 04:37:16.725,717ms,74ms,0.0%,0,0,122.7 KB,2.1 KB
1062,b1/13683f,2913393,p09__deepvirfinder_pratama_cached (181),COMPLETED,0,2026-10-07 04:37:16.784,687ms,16ms,0.0%,0,0,107 KB,1.9 KB
1065,b9/67e4d2,2913534,p09__deepvirfinder_pratama_cached (182),COMPLETED,0,2026-10-07 04:37:16.927,565ms,36ms,7.8%,0,0,107 KB,1.9 KB
1067,18/5d9b6f,2913582,p11__virsorter2_pratama_cached (181),COMPLETED,0,2026-10-07 04:37:16.956,572ms,97ms,5.2%,0,0,122.7 KB,2.1 KB
1066,55/cfd13b,2913560,p10__vibrant_pratama_cached (181),COMPLETED,0,2026-10-07 04:37:16.940,571ms,119ms,5.0%,0,0,122.7 KB,2.1 KB
1068,f8/1ebb8e,2914018,p12__genomad_pratama_cached (182),COMPLETED,0,2026-10-07 04:37:17.349,353ms,75ms,11.1%,0,0,128.7 KB,2.1 KB
1070,3d/539226,2914237,p09__deepvirfinder_pratama_cached (183),COMPLETED,0,2026-10-07 04:37:17.422,467ms,29ms,17.0%,0,0,107 KB,1.9 KB
1069,83/acd2f9,2914180,p10__vibrant_pratama_cached (182),COMPLETED,0,2026-10-07 04:37:17.399,543ms,44ms,0.0%,0,0,122.7 KB,2.1 KB
1072,39/0430c0,2914301,p11__virsorter2_pratama_cached (183),COMPLETED,0,2026-10-07 04:37:17.482,511ms,110ms,0.0%,0,0,122.7 KB,2.1 KB
1071,7f/868bd0,2914251,p11__virsorter2_pratama_cached (182),COMPLETED,0,2026-10-07 04:37:17.456,503ms,91ms,5.9%,0,0,122.7 KB,2.1 KB
1075,5c/c1465d,2914490,p12__genomad_pratama_cached (184),COMPLETED,0,2026-10-07 04:37:17.520,614ms,64ms,0.0%,0,0,128.7 KB,2.1 KB
1073,f2/8b8285,2914495,p09__deepvirfinder_pratama_cached (184),COMPLETED,0,2026-10-07 04:37:17.539,651ms,13ms,0.0%,0,0,107 KB,1.9 KB
1076,bf/581a7d,2914622,p12__genomad_pratama_cached (185),COMPLETED,0,2026-10-07 04:37:17.715,502ms,84ms,13.5%,0,0,128.7 KB,2.1 KB
1074,92/2a0f39,2914468,p12__genomad_pratama_cached (183),COMPLETED,0,2026-10-07 04:37:17.501,736ms,64ms,6.9%,0,0,128.7 KB,2.1 KB
1080,43/8f784e,2915033,p11__virsorter2_pratama_cached (184),COMPLETED,0,2026-10-07 04:37:17.968,502ms,97ms,6.8%,0,0,122.7 KB,2.1 KB
1077,df/88e9eb,2914961,p09__deepvirfinder_pratama_cached (185),COMPLETED,0,2026-10-07 04:37:17.950,532ms,27ms,18.9%,0,0,107 KB,1.9 KB
1079,e8/964fbc,2915067,p10__vibrant_pratama_cached (184),COMPLETED,0,2026-10-07 04:37:18.011,565ms,106ms,0.0%,0,0,122.7 KB,2.1 KB
1078,ed/eb9437,2914892,p10__vibrant_pratama_cached (183),COMPLETED,0,2026-10-07 04:37:17.897,704ms,64ms,11.1%,0,0,122.7 KB,2.1 KB
1082,eb/aa023e,2915326,p09__deepvirfinder_pratama_cached (186),COMPLETED,0,2026-10-07 04:37:18.198,424ms,46ms,0.0%,0,0,107 KB,1.9 KB
1081,51/1e917c,2915318,p11__virsorter2_pratama_cached (185),COMPLETED,0,2026-10-07 04:37:18.145,513ms,91ms,8.4%,0,0,122.7 KB,2.1 KB
1084,43/c73cca,2915411,p10__vibrant_pratama_cached (185),COMPLETED,0,2026-10-07 04:37:18.233,438ms,59ms,0.0%,0,0,122.7 KB,2.1 KB
1083,0d/77a4e9,2915424,p11__virsorter2_pratama_cached (186),COMPLETED,0,2026-10-07 04:37:18.254,443ms,43ms,10.2%,0,0,122.7 KB,2.1 KB
1085,13/a03841,2915741,p11__virsorter2_pratama_cached (187),COMPLETED,0,2026-10-07 04:37:18.482,410ms,31ms,0.0%,0,0,122.7 KB,2.1 KB
1086,01/6cbafa,2915897,p12__genomad_pratama_cached (186),COMPLETED,0,2026-10-07 04:37:18.542,488ms,70ms,8.9%,0,0,128.7 KB,2.1 KB
1087,cb/aea387,2915911,p12__genomad_pratama_cached (187),COMPLETED,0,2026-10-07 04:37:18.585,460ms,92ms,7.0%,0,0,128.7 KB,2.1 KB
1088,fa/fe1433,2915949,p09__deepvirfinder_pratama_cached (187),COMPLETED,0,2026-10-07 04:37:18.610,542ms,44ms,0.0%,0,0,107 KB,1.9 KB
1089,73/e0bcf4,2915984,p09__deepvirfinder_pratama_cached (188),COMPLETED,0,2026-10-07 04:37:18.638,576ms,75ms,6.0%,0,0,107 KB,1.9 KB
1090,cc/890258,2916057,p10__vibrant_pratama_cached (186),COMPLETED,0,2026-10-07 04:37:18.667,573ms,85ms,0.0%,0,0,122.7 KB,2.1 KB
1093,49/8a2161,2916404,p12__genomad_pratama_cached (188),COMPLETED,0,2026-10-07 04:37:18.907,372ms,109ms,8.3%,0,0,128.7 KB,2.1 KB
1092,46/7bb1b3,2916270,p10__vibrant_pratama_cached (187),COMPLETED,0,2026-10-07 04:37:18.710,643ms,87ms,6.6%,0,0,122.7 KB,2.1 KB
1091,2d/6f9234,2916065,p11__virsorter2_pratama_cached (188),COMPLETED,0,2026-10-07 04:37:18.681,690ms,108ms,5.6%,0,0,122.7 KB,2.1 KB
1095,35/53f1cb,2916607,p12__genomad_pratama_cached (189),COMPLETED,0,2026-10-07 04:37:19.035,498ms,56ms,10.5%,0,0,128.7 KB,2.1 KB
1096,71/0f5cbf,2916621,p11__virsorter2_pratama_cached (189),COMPLETED,0,2026-10-07 04:37:19.059,482ms,69ms,0.0%,0,0,122.7 KB,2.1 KB
1097,65/a7b855,2916874,p10__vibrant_pratama_cached (188),COMPLETED,0,2026-10-07 04:37:19.223,437ms,49ms,12.2%,0,0,122.7 KB,2.1 KB
1098,f9/57bbce,2916915,p09__deepvirfinder_pratama_cached (190),COMPLETED,0,2026-10-07 04:37:19.249,502ms,45ms,0.0%,0,0,107 KB,1.9 KB
1094,7b/48c88c,2916802,p09__deepvirfinder_pratama_cached (189),COMPLETED,0,2026-10-07 04:37:19.167,647ms,15ms,0.0%,0,0,107 KB,1.9 KB
1100,f8/056e13,2917135,p11__virsorter2_pratama_cached (190),COMPLETED,0,2026-10-07 04:37:19.364,533ms,80ms,0.0%,0,0,122.7 KB,2.1 KB
1099,4f/69d687,2917030,p10__vibrant_pratama_cached (189),COMPLETED,0,2026-10-07 04:37:19.289,580ms,43ms,7.6%,0,0,122.7 KB,2.1 KB
1101,b9/b0cdad,2917166,p09__deepvirfinder_pratama_cached (191),COMPLETED,0,2026-10-07 04:37:19.383,606ms,36ms,0.0%,0,0,107 KB,1.9 KB
1103,4f/03335b,2917451,p12__genomad_pratama_cached (190),COMPLETED,0,2026-10-07 04:37:19.552,456ms,74ms,0.0%,0,0,128.7 KB,2.1 KB
1102,5d/d48080,2917437,p09__deepvirfinder_pratama_cached (192),COMPLETED,0,2026-10-07 04:37:19.541,558ms,23ms,0.0%,0,0,107 KB,1.9 KB
1104,37/44ac95,2917579,p10__vibrant_pratama_cached (190),COMPLETED,0,2026-10-07 04:37:19.667,466ms,88ms,7.0%,0,0,122.7 KB,2.1 KB
1105,42/590988,2917707,p11__virsorter2_pratama_cached (191),COMPLETED,0,2026-10-07 04:37:19.764,401ms,72ms,0.0%,0,0,122.7 KB,2.1 KB
1106,81/0125d2,2917791,p11__virsorter2_pratama_cached (192),COMPLETED,0,2026-10-07 04:37:19.822,414ms,53ms,11.5%,0,0,122.7 KB,2.1 KB
1109,4b/8ba9b9,2918067,p10__vibrant_pratama_cached (191),COMPLETED,0,2026-10-07 04:37:19.996,484ms,56ms,10.3%,0,0,122.7 KB,2.1 KB
1107,50/85ea11,2918048,p09__deepvirfinder_pratama_cached (193),COMPLETED,0,2026-10-07 04:37:19.889,607ms,11ms,0.0%,0,0,107 KB,1.9 KB
1108,1f/132d50,2918059,p12__genomad_pratama_cached (191),COMPLETED,0,2026-10-07 04:37:19.912,621ms,48ms,0.0%,0,0,128.7 KB,2.1 KB
1110,21/009981,2918084,p09__deepvirfinder_pratama_cached (194),COMPLETED,0,2026-10-07 04:37:20.020,551ms,22ms,0.0%,0,0,107 KB,1.9 KB
1111,b3/bd52c4,2918314,p11__virsorter2_pratama_cached (193),COMPLETED,0,2026-10-07 04:37:20.107,567ms,39ms,0.0%,0,0,122.7 KB,2.1 KB
1114,2f/ee625f,2918384,p10__vibrant_pratama_cached (193),COMPLETED,0,2026-10-07 04:37:20.247,494ms,106ms,5.7%,0,0,122.7 KB,2.1 KB
1112,47/9f13f5,2918363,p10__vibrant_pratama_cached (192),COMPLETED,0,2026-10-07 04:37:20.140,720ms,72ms,7.5%,0,0,122.7 KB,2.1 KB
1113,91/573fd9,2918370,p12__genomad_pratama_cached (192),COMPLETED,0,2026-10-07 04:37:20.172,697ms,43ms,0.0%,0,0,128.7 KB,2.1 KB
1116,db/e31eb7,2918708,p11__virsorter2_pratama_cached (194),COMPLETED,0,2026-10-07 04:37:20.508,564ms,43ms,0.0%,0,0,122.7 KB,2.1 KB
1118,3c/b8320e,2918854,p09__deepvirfinder_pratama_cached (195),COMPLETED,0,2026-10-07 04:37:20.579,595ms,44ms,7.1%,0,0,107 KB,1.9 KB
1119,22/3b8adf,2918943,p09__deepvirfinder_pratama_cached (196),COMPLETED,0,2026-10-07 04:37:20.681,502ms,33ms,0.0%,0,0,107 KB,1.9 KB
1117,97/ab85db,2918846,p11__virsorter2_pratama_cached (195),COMPLETED,0,2026-10-07 04:37:20.541,643ms,98ms,6.8%,0,0,122.7 KB,2.1 KB
1115,93/c9572a,2918693,p10__vibrant_pratama_cached (194),COMPLETED,0,2026-10-07 04:37:20.488,740ms,66ms,0.0%,0,0,122.7 KB,2.1 KB
1121,50/9fb7b0,2919199,p10__vibrant_pratama_cached (195),COMPLETED,0,2026-10-07 04:37:20.868,421ms,83ms,8.5%,0,0,122.7 KB,2.1 KB
1120,20/6b5377,2919091,p12__genomad_pratama_cached (193),COMPLETED,0,2026-10-07 04:37:20.749,563ms,62ms,0.0%,0,0,128.7 KB,2.1 KB
1122,df/b7a5d9,2919307,p12__genomad_pratama_cached (194),COMPLETED,0,2026-10-07 04:37:20.897,476ms,54ms,8.3%,0,0,128.7 KB,2.1 KB
1123,a5/f4b6c6,2919507,p12__genomad_pratama_cached (195),COMPLETED,0,2026-10-07 04:37:21.082,329ms,54ms,14.8%,0,0,128.7 KB,2.1 KB
1124,0f/90e7e8,2919657,p10__vibrant_pratama_cached (196),COMPLETED,0,2026-10-07 04:37:21.183,449ms,49ms,0.0%,0,0,122.7 KB,2.1 KB
1125,3a/619126,2919876,p09__deepvirfinder_pratama_cached (197),COMPLETED,0,2026-10-07 04:37:21.204,633ms,13ms,0.0%,0,0,107 KB,1.9 KB
1130,b0/ee6b09,2920000,p10__vibrant_pratama_cached (197),COMPLETED,0,2026-10-07 04:37:21.383,526ms,128ms,4.7%,0,0,122.7 KB,2.1 KB
1127,3d/593be9,2919905,p09__deepvirfinder_pratama_cached (199),COMPLETED,0,2026-10-07 04:37:21.239,730ms,68ms,0.0%,0,0,107 KB,1.9 KB
1131,46/e645ff,2920030,p12__genomad_pratama_cached (196),COMPLETED,0,2026-10-07 04:37:21.424,519ms,155ms,3.8%,0,0,128.7 KB,2.1 KB
1126,9e/6f576d,2919889,p09__deepvirfinder_pratama_cached (198),COMPLETED,0,2026-10-07 04:37:21.226,808ms,26ms,0.0%,0,0,107 KB,1.9 KB
1128,d4/b8ce7c,2919925,p11__virsorter2_pratama_cached (196),COMPLETED,0,2026-10-07 04:37:21.304,758ms,104ms,0.0%,0,0,122.7 KB,2.1 KB
1129,f9/be562b,2919931,p11__virsorter2_pratama_cached (197),COMPLETED,0,2026-10-07 04:37:21.320,753ms,95ms,5.6%,0,0,122.7 KB,2.1 KB
1133,a4/665ffc,2920563,p11__virsorter2_pratama_cached (198),COMPLETED,0,2026-10-07 04:37:21.846,294ms,69ms,10.2%,0,0,122.7 KB,2.1 KB
1134,33/056303,2920693,p10__vibrant_pratama_cached (198),COMPLETED,0,2026-10-07 04:37:21.920,346ms,45ms,12.5%,0,0,122.7 KB,2.1 KB
1132,19/bd12e4,2920335,p12__genomad_pratama_cached (197),COMPLETED,0,2026-10-07 04:37:21.641,642ms,40ms,11.9%,0,0,128.7 KB,2.1 KB
1136,d0/d7f923,2920865,p11__virsorter2_pratama_cached (199),COMPLETED,0,2026-10-07 04:37:21.977,565ms,73ms,6.6%,0,0,122.7 KB,2.1 KB
1135,50/2583a1,2920837,p12__genomad_pratama_cached (198),COMPLETED,0,2026-10-07 04:37:21.950,635ms,107ms,5.7%,0,0,128.7 KB,2.1 KB
1137,51/c2038f,2920874,p10__vibrant_pratama_cached (199),COMPLETED,0,2026-10-07 04:37:22.042,554ms,43ms,13.2%,0,0,122.7 KB,2.1 KB
1140,65/e5f748,2921055,p10__vibrant_pratama_cached (200),COMPLETED,0,2026-10-07 04:37:22.152,514ms,87ms,6.0%,0,0,122.7 KB,2.1 KB
1141,2a/d54794,2921192,p11__virsorter2_pratama_cached (200),COMPLETED,0,2026-10-07 04:37:22.283,487ms,80ms,9.0%,0,0,122.7 KB,2.1 KB
1142,80/4f9857,2921375,p09__deepvirfinder_pratama_cached (201),COMPLETED,0,2026-10-07 04:37:22.335,596ms,15ms,0.0%,0,0,107 KB,1.9 KB
1138,29/26cb9a,2920962,p12__genomad_pratama_cached (199),COMPLETED,0,2026-10-07 04:37:22.072,876ms,126ms,9.9%,0,0,128.7 KB,2.1 KB
1143,37/43909e,2921547,p09__deepvirfinder_pratama_cached (202),COMPLETED,0,2026-10-07 04:37:22.550,463ms,39ms,0.0%,0,0,107 KB,1.9 KB
1146,f0/4fc6c1,2921759,p10__vibrant_pratama_cached (201),COMPLETED,0,2026-10-07 04:37:22.673,400ms,65ms,0.0%,0,0,122.7 KB,2.1 KB
1144,8e/7bb6bf,2921634,p12__genomad_pratama_cached (200),COMPLETED,0,2026-10-07 04:37:22.593,620ms,76ms,6.1%,0,0,128.7 KB,2.1 KB
1145,f5/076921,2921651,p12__genomad_pratama_cached (201),COMPLETED,0,2026-10-07 04:37:22.602,596ms,85ms,7.2%,0,0,128.7 KB,2.1 KB
1147,ab/aa607f,2921872,p09__deepvirfinder_pratama_cached (203),COMPLETED,0,2026-10-07 04:37:22.779,498ms,17ms,32.4%,0,0,107 KB,1.9 KB
1149,50/d7784f,2922095,p11__virsorter2_pratama_cached (201),COMPLETED,0,2026-10-07 04:37:22.954,373ms,98ms,0.0%,0,0,122.7 KB,2.1 KB
1148,4a/9ae210,2922040,p09__deepvirfinder_pratama_cached (204),COMPLETED,0,2026-10-07 04:37:22.938,493ms,66ms,0.0%,0,0,107 KB,1.9 KB
1139,2b/6fd86e,2920978,p09__deepvirfinder_pratama_cached (200),COMPLETED,0,2026-10-07 04:37:22.080,1.4s,51ms,0.0%,0,0,107 KB,1.9 KB
1150,b6/d6ca73,2922199,p11__virsorter2_pratama_cached (202),COMPLETED,0,2026-10-07 04:37:23.027,513ms,27ms,18.5%,0,0,122.7 KB,2.1 KB
1152,13/379708,2922297,p10__vibrant_pratama_cached (202),COMPLETED,0,2026-10-07 04:37:23.105,551ms,65ms,0.0%,0,0,122.7 KB,2.1 KB
1151,a9/192f4e,2922383,p09__deepvirfinder_pratama_cached (205),COMPLETED,0,2026-10-07 04:37:23.209,460ms,33ms,0.0%,0,0,107 KB,1.9 KB
1155,19/d5a1ab,2922568,p09__deepvirfinder_pratama_cached (206),COMPLETED,0,2026-10-07 04:37:23.286,475ms,48ms,0.0%,0,0,107 KB,1.9 KB
1153,3b/909c67,2922558,p12__genomad_pratama_cached (202),COMPLETED,0,2026-10-07 04:37:23.220,572ms,71ms,0.0%,0,0,128.7 KB,2.1 KB
1156,f8/9da2ff,2922615,p11__virsorter2_pratama_cached (203),COMPLETED,0,2026-10-07 04:37:23.337,582ms,91ms,7.2%,0,0,122.7 KB,2.1 KB
1157,c6/8be60e,2922802,p10__vibrant_pratama_cached (203),COMPLETED,0,2026-10-07 04:37:23.464,579ms,70ms,0.0%,0,0,122.7 KB,2.1 KB
1154,04/021d2a,2922761,p12__genomad_pratama_cached (203),COMPLETED,0,2026-10-07 04:37:23.438,614ms,81ms,0.0%,0,0,128.7 KB,2.1 KB
1158,9d/3ca071,2922902,p09__deepvirfinder_pratama_cached (207),COMPLETED,0,2026-10-07 04:37:23.547,513ms,44ms,8.1%,0,0,107 KB,1.9 KB
1160,50/bb8f33,2923169,p11__virsorter2_pratama_cached (204),COMPLETED,0,2026-10-07 04:37:23.684,532ms,63ms,0.0%,0,0,122.7 KB,2.1 KB
1161,ab/21d5f6,2923209,p09__deepvirfinder_pratama_cached (208),COMPLETED,0,2026-10-07 04:37:23.769,495ms,64ms,0.0%,0,0,107 KB,1.9 KB
1159,aa/b93100,2923165,p12__genomad_pratama_cached (204),COMPLETED,0,2026-10-07 04:37:23.664,635ms,27ms,11.5%,0,0,128.7 KB,2.1 KB
1162,7b/7a8ec3,2923259,p10__vibrant_pratama_cached (204),COMPLETED,0,2026-10-07 04:37:23.800,626ms,109ms,4.9%,0,0,122.7 KB,2.1 KB
1163,a3/778270,2923444,p10__vibrant_pratama_cached (205),COMPLETED,0,2026-10-07 04:37:23.927,535ms,75ms,16.3%,0,0,122.7 KB,2.1 KB
1164,b2/8d2271,2923651,p12__genomad_pratama_cached (205),COMPLETED,0,2026-10-07 04:37:24.050,563ms,71ms,8.3%,0,0,128.7 KB,2.1 KB
1167,f8/cc67ac,2923657,p11__virsorter2_pratama_cached (205),COMPLETED,0,2026-10-07 04:37:24.058,588ms,31ms,0.0%,0,0,122.7 KB,2.1 KB
1168,6e/5c30f6,2923786,p11__virsorter2_pratama_cached (206),COMPLETED,0,2026-10-07 04:37:24.227,546ms,106ms,5.2%,0,0,122.7 KB,2.1 KB
1166,d5/732456,2923889,p09__deepvirfinder_pratama_cached (209),COMPLETED,0,2026-10-07 04:37:24.275,598ms,27ms,0.0%,0,0,107 KB,1.9 KB
1165,4a/c0cbdc,2923666,p12__genomad_pratama_cached (206),COMPLETED,0,2026-10-07 04:37:24.067,749ms,75ms,8.4%,0,0,128.7 KB,2.1 KB
1169,54/639a29,2923977,p09__deepvirfinder_pratama_cached (210),COMPLETED,0,2026-10-07 04:37:24.311,749ms,80ms,0.0%,0,0,107 KB,1.9 KB
1171,68/ea527d,2924189,p10__vibrant_pratama_cached (206),COMPLETED,0,2026-10-07 04:37:24.435,636ms,57ms,5.5%,0,0,122.7 KB,2.1 KB
1172,ac/c25115,2924206,p10__vibrant_pratama_cached (207),COMPLETED,0,2026-10-07 04:37:24.468,603ms,121ms,4.9%,0,0,122.7 KB,2.1 KB
1174,85/33270c,2924578,p12__genomad_pratama_cached (207),COMPLETED,0,2026-10-07 04:37:24.781,356ms,17ms,0.0%,0,0,128.7 KB,2.1 KB
1173,42/37aed4,2924370,p09__deepvirfinder_pratama_cached (211),COMPLETED,0,2026-10-07 04:37:24.621,536ms,46ms,8.3%,0,0,107 KB,1.9 KB
1170,b7/e73687,2924415,p11__virsorter2_pratama_cached (207),COMPLETED,0,2026-10-07 04:37:24.654,614ms,49ms,7.8%,0,0,122.7 KB,2.1 KB
1175,54/ea9d3d,2924900,p11__virsorter2_pratama_cached (208),COMPLETED,0,2026-10-07 04:37:24.889,599ms,126ms,6.3%,3.6 MB,4.6 MB,122.7 KB,2.1 KB
1176,d4/e058c8,2924875,p10__vibrant_pratama_cached (208),COMPLETED,0,2026-10-07 04:37:24.824,723ms,94ms,8.7%,0,0,122.7 KB,2.1 KB
1179,60/45b440,2924972,p12__genomad_pratama_cached (209),COMPLETED,0,2026-10-07 04:37:25.101,536ms,112ms,5.4%,0,0,128.7 KB,2.1 KB
1178,1b/0c29cd,2924969,p09__deepvirfinder_pratama_cached (212),COMPLETED,0,2026-10-07 04:37:25.090,576ms,77ms,0.0%,0,0,107 KB,1.9 KB
1177,4d/f0928b,2924960,p12__genomad_pratama_cached (208),COMPLETED,0,2026-10-07 04:37:25.079,712ms,116ms,4.8%,0,0,128.7 KB,2.1 KB
1180,db/49416f,2925152,p11__virsorter2_pratama_cached (209),COMPLETED,0,2026-10-07 04:37:25.163,833ms,90ms,5.4%,0,0,122.7 KB,2.1 KB
1182,22/6c9ed0,2925267,p11__virsorter2_pratama_cached (210),COMPLETED,0,2026-10-07 04:37:25.278,732ms,82ms,6.8%,0,0,122.7 KB,2.1 KB
1181,8c/61ad01,2925148,p09__deepvirfinder_pratama_cached (213),COMPLETED,0,2026-10-07 04:37:25.144,934ms,39ms,8.5%,0,0,107 KB,1.9 KB
1183,47/c1a01e,2925504,p10__vibrant_pratama_cached (209),COMPLETED,0,2026-10-07 04:37:25.495,600ms,107ms,5.6%,0,0,122.7 KB,2.1 KB
1186,f0/a6564c,2925632,p11__virsorter2_pratama_cached (211),COMPLETED,0,2026-10-07 04:37:25.645,513ms,96ms,5.2%,0,0,122.7 KB,2.1 KB
1184,47/8d088d,2925555,p09__deepvirfinder_pratama_cached (214),COMPLETED,0,2026-10-07 04:37:25.554,637ms,51ms,0.0%,0,0,107 KB,1.9 KB
1187,90/f863eb,2925786,p12__genomad_pratama_cached (210),COMPLETED,0,2026-10-07 04:37:25.671,598ms,53ms,11.5%,0,0,128.7 KB,2.1 KB
1188,3a/0144c8,2925840,p09__deepvirfinder_pratama_cached (215),COMPLETED,0,2026-10-07 04:37:25.810,471ms,18ms,0.0%,0,0,107 KB,1.9 KB
1191,4f/a8927c,2926211,p10__vibrant_pratama_cached (211),COMPLETED,0,2026-10-07 04:37:26.106,343ms,44ms,12.1%,0,0,122.7 KB,2.1 KB
1189,bb/b745d7,2926157,p09__deepvirfinder_pratama_cached (216),COMPLETED,0,2026-10-07 04:37:26.002,499ms,13ms,0.0%,0,0,107 KB,1.9 KB
1185,72/704cab,2926179,p10__vibrant_pratama_cached (210),COMPLETED,0,2026-10-07 04:37:26.016,601ms,81ms,0.0%,0,0,122.7 KB,2.1 KB
1192,d7/8cab00,2926414,p10__vibrant_pratama_cached (212),COMPLETED,0,2026-10-07 04:37:26.181,476ms,71ms,0.0%,0,0,122.7 KB,2.1 KB
1193,7c/939244,2926422,p12__genomad_pratama_cached (211),COMPLETED,0,2026-10-07 04:37:26.196,427ms,71ms,7.2%,0,0,128.7 KB,2.1 KB
1190,e0/c8cf4c,2926192,p11__virsorter2_pratama_cached (212),COMPLETED,0,2026-10-07 04:37:26.091,596ms,80ms,7.9%,0,0,122.7 KB,2.1 KB
1194,ff/0388fb,2926589,p12__genomad_pratama_cached (212),COMPLETED,0,2026-10-07 04:37:26.281,495ms,41ms,10.3%,0,0,128.7 KB,2.1 KB
1196,39/562972,2926602,p09__deepvirfinder_pratama_cached (217),COMPLETED,0,2026-10-07 04:37:26.306,605ms,24ms,0.0%,0,0,107 KB,1.9 KB
1197,b8/f3c808,2926715,p10__vibrant_pratama_cached (213),COMPLETED,0,2026-10-07 04:37:26.459,547ms,50ms,8.0%,0,0,122.7 KB,2.1 KB
1199,89/110aeb,2927011,p12__genomad_pratama_cached (213),COMPLETED,0,2026-10-07 04:37:26.637,480ms,151ms,4.5%,0,0,128.7 KB,2.1 KB
1200,06/aa009e,2927069,p11__virsorter2_pratama_cached (214),COMPLETED,0,2026-10-07 04:37:26.663,462ms,94ms,0.0%,0,0,122.7 KB,2.1 KB
1195,b2/c4204e,2926811,p11__virsorter2_pratama_cached (213),COMPLETED,0,2026-10-07 04:37:26.505,738ms,48ms,9.7%,0,0,122.7 KB,2.1 KB
1198,f2/398fed,2926981,p09__deepvirfinder_pratama_cached (218),COMPLETED,0,2026-10-07 04:37:26.622,672ms,67ms,0.0%,0,0,107 KB,1.9 KB
1202,f8/d3c2ed,2927298,p10__vibrant_pratama_cached (214),COMPLETED,0,2026-10-07 04:37:26.781,557ms,57ms,9.1%,0,0,122.7 KB,2.1 KB
1203,96/04e582,2927445,p10__vibrant_pratama_cached (215),COMPLETED,0,2026-10-07 04:37:26.919,506ms,81ms,6.2%,0,0,122.7 KB,2.1 KB
1201,00/25a195,2927223,p11__virsorter2_pratama_cached (215),COMPLETED,0,2026-10-07 04:37:26.695,687ms,56ms,10.2%,0,0,122.7 KB,2.1 KB
1204,c1/3dc060,2927642,p09__deepvirfinder_pratama_cached (219),COMPLETED,0,2026-10-07 04:37:27.012,432ms,31ms,17.3%,0,0,107 KB,1.9 KB
1206,7b/df0c85,2927779,p11__virsorter2_pratama_cached (216),COMPLETED,0,2026-10-07 04:37:27.149,353ms,62ms,8.2%,0,0,122.7 KB,2.1 KB
1205,46/b5635c,2927771,p12__genomad_pratama_cached (214),COMPLETED,0,2026-10-07 04:37:27.124,489ms,60ms,9.7%,0,0,128.7 KB,2.1 KB
1207,3e/87ccdd,2927943,p10__vibrant_pratama_cached (216),COMPLETED,0,2026-10-07 04:37:27.249,588ms,45ms,0.0%,0,0,122.7 KB,2.1 KB
1208,df/458b05,2928099,p09__deepvirfinder_pratama_cached (220),COMPLETED,0,2026-10-07 04:37:27.301,555ms,50ms,0.0%,0,0,107 KB,1.9 KB
1211,12/102f87,2928220,p11__virsorter2_pratama_cached (217),COMPLETED,0,2026-10-07 04:37:27.432,492ms,90ms,6.4%,0,0,122.7 KB,2.1 KB
1212,4e/25ba66,2928363,p09__deepvirfinder_pratama_cached (221),COMPLETED,0,2026-10-07 04:37:27.507,523ms,14ms,0.0%,0,0,107 KB,1.9 KB
1209,c8/e77962,2928110,p12__genomad_pratama_cached (215),COMPLETED,0,2026-10-07 04:37:27.343,693ms,121ms,4.9%,0,0,128.7 KB,2.1 KB
1210,65/8ca4a3,2928128,p10__vibrant_pratama_cached (217),COMPLETED,0,2026-10-07 04:37:27.388,656ms,45ms,7.3%,0,0,122.7 KB,2.1 KB
1214,e2/7be281,2928234,p12__genomad_pratama_cached (216),COMPLETED,0,2026-10-07 04:37:27.449,722ms,131ms,5.5%,0,0,128.7 KB,2.1 KB
1215,b2/8a01a9,2928577,p09__deepvirfinder_pratama_cached (222),COMPLETED,0,2026-10-07 04:37:27.618,482ms,40ms,0.0%,0,0,107 KB,1.9 KB
1216,aa/cb21fb,2928749,p11__virsorter2_pratama_cached (218),COMPLETED,0,2026-10-07 04:37:27.844,436ms,81ms,8.8%,0,0,122.7 KB,2.1 KB
1218,6d/57ef33,2928920,p12__genomad_pratama_cached (217),COMPLETED,0,2026-10-07 04:37:27.929,495ms,69ms,0.0%,0,0,128.7 KB,2.1 KB
1213,87/9729e1,2928839,p10__vibrant_pratama_cached (218),COMPLETED,0,2026-10-07 04:37:27.863,446ms,46ms,10.9%,0,0,122.7 KB,2.1 KB
1217,dc/084d89,2929059,p10__vibrant_pratama_cached (219),COMPLETED,0,2026-10-07 04:37:28.035,498ms,18ms,33.2%,0,0,122.7 KB,2.1 KB
1219,ac/ba221a,2929194,p09__deepvirfinder_pratama_cached (223),COMPLETED,0,2026-10-07 04:37:28.059,477ms,16ms,18.5%,0,0,107 KB,1.9 KB
1220,9d/8cb895,2929323,p11__virsorter2_pratama_cached (219),COMPLETED,0,2026-10-07 04:37:28.077,541ms,57ms,8.6%,0,0,122.7 KB,2.1 KB
1223,5f/f86805,2929330,p12__genomad_pratama_cached (218),COMPLETED,0,2026-10-07 04:37:28.204,402ms,46ms,10.1%,0,0,128.7 KB,2.1 KB
1222,73/edab8d,2929326,p10__vibrant_pratama_cached (220),COMPLETED,0,2026-10-07 04:37:28.108,610ms,53ms,17.1%,0,0,122.7 KB,2.1 KB
1224,4c/8f9c3f,2929732,p12__genomad_pratama_cached (219),COMPLETED,0,2026-10-07 04:37:28.318,615ms,114ms,6.6%,0,0,128.7 KB,2.1 KB
1221,dc/aa8a68,2929731,p11__virsorter2_pratama_cached (220),COMPLETED,0,2026-10-07 04:37:28.285,616ms,52ms,13.4%,0,0,122.7 KB,2.1 KB
1225,93/3ebb57,2929744,p10__vibrant_pratama_cached (221),COMPLETED,0,2026-10-07 04:37:28.429,601ms,53ms,0.0%,0,0,122.7 KB,2.1 KB
1227,e5/8368a3,2929855,p11__virsorter2_pratama_cached (221),COMPLETED,0,2026-10-07 04:37:28.538,527ms,58ms,7.8%,0,0,122.7 KB,2.1 KB
1226,00/798fc6,2929892,p09__deepvirfinder_pratama_cached (224),COMPLETED,0,2026-10-07 04:37:28.571,534ms,27ms,0.0%,0,0,107 KB,1.9 KB
1228,4a/177275,2930041,p09__deepvirfinder_pratama_cached (225),COMPLETED,0,2026-10-07 04:37:28.611,505ms,29ms,0.0%,0,0,107 KB,1.9 KB
1229,da/9b7218,2930075,p12__genomad_pratama_cached (220),COMPLETED,0,2026-10-07 04:37:28.724,496ms,73ms,6.9%,0,0,128.7 KB,2.1 KB
1230,34/7824ba,2930061,p10__vibrant_pratama_cached (222),COMPLETED,0,2026-10-07 04:37:28.623,613ms,28ms,11.0%,0,0,122.7 KB,2.1 KB
1233,8d/274822,2930539,p09__deepvirfinder_pratama_cached (226),COMPLETED,0,2026-10-07 04:37:29.034,337ms,11ms,0.0%,0,0,107 KB,1.9 KB
1231,2d/a2b9d6,2930527,p12__genomad_pratama_cached (221),COMPLETED,0,2026-10-07 04:37:28.906,511ms,107ms,7.0%,0,0,128.7 KB,2.1 KB
1232,bd/59986c,2930532,p11__virsorter2_pratama_cached (222),COMPLETED,0,2026-10-07 04:37:28.937,571ms,61ms,8.2%,0,0,122.7 KB,2.1 KB
1235,09/87384e,2930755,p11__virsorter2_pratama_cached (223),COMPLETED,0,2026-10-07 04:37:29.110,516ms,38ms,12.1%,0,0,122.7 KB,2.1 KB
1236,2f/f35be0,2930763,p12__genomad_pratama_cached (222),COMPLETED,0,2026-10-07 04:37:29.120,542ms,150ms,4.0%,0,0,128.7 KB,2.1 KB
1238,6d/dd9cf5,2930913,p09__deepvirfinder_pratama_cached (228),COMPLETED,0,2026-10-07 04:37:29.240,577ms,71ms,0.0%,0,0,107 KB,1.9 KB
1234,fe/036bb2,2930752,p10__vibrant_pratama_cached (223),COMPLETED,0,2026-10-07 04:37:29.070,691ms,74ms,6.5%,0,0,122.7 KB,2.1 KB
1240,8f/b4eb51,2931173,p10__vibrant_pratama_cached (224),COMPLETED,0,2026-10-07 04:37:29.445,495ms,55ms,10.0%,0,0,122.7 KB,2.1 KB
1237,95/9e314a,2930899,p09__deepvirfinder_pratama_cached (227),COMPLETED,0,2026-10-07 04:37:29.225,769ms,63ms,11.1%,0,0,107 KB,1.9 KB
1241,aa/df5849,2931297,p10__vibrant_pratama_cached (225),COMPLETED,0,2026-10-07 04:37:29.538,510ms,89ms,5.5%,0,0,122.7 KB,2.1 KB
1239,dd/edc443,2931159,p12__genomad_pratama_cached (223),COMPLETED,0,2026-10-07 04:37:29.405,618ms,78ms,8.0%,0,0,128.7 KB,2.1 KB
1242,45/fe5643,2931413,p09__deepvirfinder_pratama_cached (229),COMPLETED,0,2026-10-07 04:37:29.635,426ms,37ms,0.0%,0,0,107 KB,1.9 KB
1243,0f/d3b718,2931529,p09__deepvirfinder_pratama_cached (230),COMPLETED,0,2026-10-07 04:37:29.669,493ms,27ms,0.0%,0,0,107 KB,1.9 KB
1244,89/fd18d2,2931822,p12__genomad_pratama_cached (224),COMPLETED,0,2026-10-07 04:37:29.775,506ms,73ms,11.0%,0,0,128.7 KB,2.1 KB
1245,06/078fa5,2931841,p10__vibrant_pratama_cached (226),COMPLETED,0,2026-10-07 04:37:29.947,558ms,24ms,17.6%,0,0,122.7 KB,2.1 KB
1248,ea/0ba3a1,2931843,p11__virsorter2_pratama_cached (225),COMPLETED,0,2026-10-07 04:37:30.002,546ms,55ms,8.2%,0,0,122.7 KB,2.1 KB
1249,94/128be9,2932048,p09__deepvirfinder_pratama_cached (231),COMPLETED,0,2026-10-07 04:37:30.060,557ms,47ms,0.0%,0,0,107 KB,1.9 KB
1246,4e/97c81e,2931824,p12__genomad_pratama_cached (225),COMPLETED,0,2026-10-07 04:37:29.828,839ms,51ms,7.5%,0,0,128.7 KB,2.1 KB
1247,1b/12340e,2932043,p11__virsorter2_pratama_cached (224),COMPLETED,0,2026-10-07 04:37:30.031,650ms,120ms,4.5%,0,0,122.7 KB,2.1 KB
1250,8c/797c7e,2932051,p10__vibrant_pratama_cached (227),COMPLETED,0,2026-10-07 04:37:30.078,721ms,101ms,0.0%,0,0,122.7 KB,2.1 KB
1252,80/8d2417,2932283,p09__deepvirfinder_pratama_cached (232),COMPLETED,0,2026-10-07 04:37:30.286,519ms,15ms,0.0%,0,0,107 KB,1.9 KB
1251,06/0752e7,2932082,p11__virsorter2_pratama_cached (226),COMPLETED,0,2026-10-07 04:37:30.169,637ms,89ms,6.6%,0,0,122.7 KB,2.1 KB
1254,7d/bae949,2932624,p10__vibrant_pratama_cached (228),COMPLETED,0,2026-10-07 04:37:30.553,311ms,84ms,0.0%,0,0,122.7 KB,2.1 KB
1253,31/b735dd,2932555,p12__genomad_pratama_cached (226),COMPLETED,0,2026-10-07 04:37:30.519,355ms,107ms,0.0%,0,0,128.7 KB,2.1 KB
1255,6c/5f3b54,2932771,p11__virsorter2_pratama_cached (227),COMPLETED,0,2026-10-07 04:37:30.623,440ms,33ms,0.0%,0,0,122.7 KB,2.1 KB
1256,32/12e7c6,2932961,p09__deepvirfinder_pratama_cached (233),COMPLETED,0,2026-10-07 04:37:30.674,584ms,16ms,27.2%,0,0,107 KB,1.9 KB
1257,55/4dd781,2932974,p11__virsorter2_pratama_cached (228),COMPLETED,0,2026-10-07 04:37:30.689,627ms,72ms,8.7%,0,0,122.7 KB,2.1 KB
1259,14/fb7f0c,2933127,p09__deepvirfinder_pratama_cached (234),COMPLETED,0,2026-10-07 04:37:30.834,530ms,28ms,0.0%,0,0,107 KB,1.9 KB
1258,57/796f6f,2933099,p10__vibrant_pratama_cached (229),COMPLETED,0,2026-10-07 04:37:30.812,602ms,89ms,7.9%,0,0,122.7 KB,2.1 KB
1262,a3/d8a13f,2933189,p12__genomad_pratama_cached (227),COMPLETED,0,2026-10-07 04:37:30.880,583ms,64ms,6.8%,0,0,128.7 KB,2.1 KB
1260,64/323e9d,2933140,p10__vibrant_pratama_cached (230),COMPLETED,0,2026-10-07 04:37:30.859,721ms,84ms,4.5%,0,0,122.7 KB,2.1 KB
1261,a8/c53c55,2933165,p11__virsorter2_pratama_cached (229),COMPLETED,0,2026-10-07 04:37:30.872,657ms,97ms,5.5%,0,0,122.7 KB,2.1 KB
1263,83/f82a85,2933431,p12__genomad_pratama_cached (228),COMPLETED,0,2026-10-07 04:37:31.075,671ms,66ms,6.1%,0,0,128.7 KB,2.1 KB
1264,66/fa5afc,2933634,p10__vibrant_pratama_cached (231),COMPLETED,0,2026-10-07 04:37:31.269,567ms,86ms,0.0%,0,0,122.7 KB,2.1 KB
1265,da/f0ac5e,2933711,p11__virsorter2_pratama_cached (230),COMPLETED,0,2026-10-07 04:37:31.324,527ms,45ms,8.2%,0,0,122.7 KB,2.1 KB
1267,57/e45a7b,2933850,p11__virsorter2_pratama_cached (231),COMPLETED,0,2026-10-07 04:37:31.370,584ms,52ms,7.2%,0,0,122.7 KB,2.1 KB
1268,19/8fdf7c,2934008,p09__deepvirfinder_pratama_cached (235),COMPLETED,0,2026-10-07 04:37:31.469,503ms,43ms,0.0%,0,0,107 KB,1.9 KB
1270,d6/094fef,2934191,p12__genomad_pratama_cached (229),COMPLETED,0,2026-10-07 04:37:31.587,376ms,69ms,8.0%,0,0,128.7 KB,2.1 KB
1269,3d/b6eac7,2934172,p09__deepvirfinder_pratama_cached (236),COMPLETED,0,2026-10-07 04:37:31.536,461ms,41ms,0.0%,0,0,107 KB,1.9 KB
1266,9c/6710b4,2933914,p10__vibrant_pratama_cached (232),COMPLETED,0,2026-10-07 04:37:31.420,703ms,57ms,8.9%,0,0,122.7 KB,2.1 KB
1275,fb/32688a,2934685,p09__deepvirfinder_pratama_cached (238),COMPLETED,0,2026-10-07 04:37:31.971,531ms,18ms,23.2%,0,0,107 KB,1.9 KB
1273,f8/353986,2934682,p12__genomad_pratama_cached (230),COMPLETED,0,2026-10-07 04:37:31.859,651ms,88ms,6.9%,0,0,128.7 KB,2.1 KB
1271,e2/af2319,2934660,p09__deepvirfinder_pratama_cached (237),COMPLETED,0,2026-10-07 04:37:31.752,784ms,5ms,0.0%,0,0,107 KB,1.9 KB
1272,f2/c17e6d,2934675,p11__virsorter2_pratama_cached (232),COMPLETED,0,2026-10-07 04:37:31.849,702ms,144ms,9.0%,0,0,122.7 KB,2.1 KB
1277,d6/a48611,2934760,p12__genomad_pratama_cached (231),COMPLETED,0,2026-10-07 04:37:32.017,571ms,154ms,7.9%,0,0,128.7 KB,2.1 KB
1274,df/6eff72,2934683,p10__vibrant_pratama_cached (233),COMPLETED,0,2026-10-07 04:37:31.961,613ms,128ms,11.8%,0,0,122.7 KB,2.1 KB
1276,80/c7117d,2934692,p09__deepvirfinder_pratama_cached (239),COMPLETED,0,2026-10-07 04:37:31.977,734ms,91ms,6.1%,0,0,107 KB,1.9 KB
1278,c9/87a14f,2934946,p12__genomad_pratama_cached (232),COMPLETED,0,2026-10-07 04:37:32.142,636ms,85ms,8.8%,0,0,128.7 KB,2.1 KB
1279,d2/d92590,2935350,p11__virsorter2_pratama_cached (233),COMPLETED,0,2026-10-07 04:37:32.520,330ms,89ms,9.3%,0,0,122.7 KB,2.1 KB
1283,91/10fa27,2935436,p09__deepvirfinder_pratama_cached (240),COMPLETED,0,2026-10-07 04:37:32.560,361ms,28ms,10.1%,0,0,107 KB,1.9 KB
1280,3f/4f6dac,2935296,p11__virsorter2_pratama_cached (234),COMPLETED,0,2026-10-07 04:37:32.510,442ms,23ms,27.8%,0,0,122.7 KB,2.1 KB
1282,cc/867374,2935430,p12__genomad_pratama_cached (233),COMPLETED,0,2026-10-07 04:37:32.550,565ms,66ms,0.0%,0,0,128.7 KB,2.1 KB
1281,ea/e24245,2935476,p10__vibrant_pratama_cached (234),COMPLETED,0,2026-10-07 04:37:32.583,551ms,73ms,8.5%,0,0,122.7 KB,2.1 KB
1285,60/33b0b5,2935803,p10__vibrant_pratama_cached (236),COMPLETED,0,2026-10-07 04:37:32.717,502ms,94ms,0.0%,0,0,122.7 KB,2.1 KB
1286,6c/635064,2935814,p11__virsorter2_pratama_cached (235),COMPLETED,0,2026-10-07 04:37:32.788,404ms,132ms,0.0%,0,0,122.7 KB,2.1 KB
1287,91/b213bb,2935906,p12__genomad_pratama_cached (234),COMPLETED,0,2026-10-07 04:37:32.857,432ms,92ms,6.0%,0,0,128.7 KB,2.1 KB
1284,b2/aafcb4,2935535,p10__vibrant_pratama_cached (235),COMPLETED,0,2026-10-07 04:37:32.594,738ms,91ms,6.4%,0,0,122.7 KB,2.1 KB
1288,d5/ce4ea0,2936082,p09__deepvirfinder_pratama_cached (241),COMPLETED,0,2026-10-07 04:37:32.936,570ms,26ms,0.0%,0,0,107 KB,1.9 KB
1290,ae/6ac0e1,2936375,p10__vibrant_pratama_cached (237),COMPLETED,0,2026-10-07 04:37:33.123,528ms,67ms,7.3%,0,0,122.7 KB,2.1 KB
1291,d2/1c9700,2936409,p09__deepvirfinder_pratama_cached (242),COMPLETED,0,2026-10-07 04:37:33.140,521ms,39ms,8.8%,0,0,107 KB,1.9 KB
1289,7f/95ae37,2936125,p11__virsorter2_pratama_cached (236),COMPLETED,0,2026-10-07 04:37:32.962,719ms,45ms,0.0%,0,0,122.7 KB,2.1 KB
1292,96/572b82,2936475,p12__genomad_pratama_cached (235),COMPLETED,0,2026-10-07 04:37:33.208,474ms,86ms,5.7%,0,0,128.7 KB,2.1 KB
1293,cf/46ca2e,2936493,p10__vibrant_pratama_cached (238),COMPLETED,0,2026-10-07 04:37:33.228,586ms,143ms,8.4%,0,0,122.7 KB,2.1 KB
1295,e8/0880ff,2936920,p11__virsorter2_pratama_cached (237),COMPLETED,0,2026-10-07 04:37:33.338,614ms,59ms,0.0%,0,0,122.7 KB,2.1 KB
1294,e8/ba7f14,2936885,p12__genomad_pratama_cached (236),COMPLETED,0,2026-10-07 04:37:33.307,698ms,53ms,12.1%,0,0,128.7 KB,2.1 KB
1299,3b/5a8a0c,2937357,p10__vibrant_pratama_cached (239),COMPLETED,0,2026-10-07 04:37:33.688,479ms,87ms,0.0%,0,0,122.7 KB,2.1 KB
1300,10/6fd35a,2937360,p10__vibrant_pratama_cached (240),COMPLETED,0,2026-10-07 04:37:33.694,520ms,53ms,0.0%,0,0,122.7 KB,2.1 KB
1296,40/1f1a7e,2937291,p09__deepvirfinder_pratama_cached (243),COMPLETED,0,2026-10-07 04:37:33.569,660ms,42ms,0.0%,0,0,107 KB,1.9 KB
1297,1f/ff10fa,2937317,p09__deepvirfinder_pratama_cached (244),COMPLETED,0,2026-10-07 04:37:33.658,577ms,53ms,0.0%,0,0,107 KB,1.9 KB
1298,d4/bdf5f0,2937339,p11__virsorter2_pratama_cached (238),COMPLETED,0,2026-10-07 04:37:33.666,681ms,95ms,0.0%,0,0,122.7 KB,2.1 KB
1301,45/808fc0,2937765,p12__genomad_pratama_cached (237),COMPLETED,0,2026-10-07 04:37:33.820,560ms,47ms,7.0%,0,0,128.7 KB,2.1 KB
1303,b7/65309c,2938089,p11__virsorter2_pratama_cached (239),COMPLETED,0,2026-10-07 04:37:34.016,443ms,77ms,0.0%,0,0,122.7 KB,2.1 KB
1304,7b/76e195,2938223,p11__virsorter2_pratama_cached (240),COMPLETED,0,2026-10-07 04:37:34.174,439ms,9ms,0.0%,0,0,122.7 KB,2.1 KB
1302,8c/994a4b,2937960,p12__genomad_pratama_cached (238),COMPLETED,0,2026-10-07 04:37:33.960,680ms,72ms,8.4%,0,0,128.7 KB,2.1 KB
1307,6e/e6fe1a,2938495,p11__virsorter2_pratama_cached (241),COMPLETED,0,2026-10-07 04:37:34.246,540ms,94ms,6.6%,0,0,122.7 KB,2.1 KB
1308,e4/d929e2,2938498,p12__genomad_pratama_cached (239),COMPLETED,0,2026-10-07 04:37:34.353,486ms,145ms,0.0%,0,0,128.7 KB,2.1 KB
1306,84/3dea8a,2938465,p10__vibrant_pratama_cached (242),COMPLETED,0,2026-10-07 04:37:34.221,665ms,49ms,0.0%,0,0,122.7 KB,2.1 KB
1305,d2/b63767,2938476,p10__vibrant_pratama_cached (241),COMPLETED,0,2026-10-07 04:37:34.234,660ms,63ms,0.0%,0,0,122.7 KB,2.1 KB
1309,dd/5f7159,2938609,p11__virsorter2_pratama_cached (242),COMPLETED,0,2026-10-07 04:37:34.389,725ms,75ms,6.5%,0,0,122.7 KB,2.1 KB
1310,f4/edbedd,2938756,p10__vibrant_pratama_cached (243),COMPLETED,0,2026-10-07 04:37:34.468,713ms,83ms,7.8%,0,0,122.7 KB,2.1 KB
1312,a5/936d05,2939041,p11__virsorter2_pratama_cached (243),COMPLETED,0,2026-10-07 04:37:34.663,529ms,83ms,8.5%,0,0,122.7 KB,2.1 KB
1311,d0/7e53b4,2939034,p10__vibrant_pratama_cached (244),COMPLETED,0,2026-10-07 04:37:34.640,698ms,66ms,0.0%,0,0,122.7 KB,2.1 KB
1313,67/70ef31,2939084,p11__virsorter2_pratama_cached (244),COMPLETED,0,2026-10-07 04:37:34.796,458ms,85ms,6.8%,0,0,122.7 KB,2.1 KB
1314,34/f572b0,2939475,p12__genomad_pratama_cached (240),COMPLETED,0,2026-10-07 04:37:34.847,764ms,66ms,8.9%,0,0,128.7 KB,2.1 KB
1315,62/0ff1f5,2939477,p12__genomad_pratama_cached (241),COMPLETED,0,2026-10-07 04:37:34.894,864ms,88ms,7.2%,0,0,128.7 KB,2.1 KB
1316,e7/280007,2939486,p12__genomad_pratama_cached (242),COMPLETED,0,2026-10-07 04:37:34.901,881ms,108ms,6.1%,0,0,128.7 KB,2.1 KB
1317,eb/223d96,2939498,p12__genomad_pratama_cached (243),COMPLETED,0,2026-10-07 04:37:35.125,806ms,111ms,4.7%,0,0,128.7 KB,2.1 KB
1318,bd/a7d109,2939698,p09__deepvirfinder_pratama_cached (245),COMPLETED,0,2026-10-07 04:37:35.191,822ms,39ms,7.1%,0,0,107 KB,1.9 KB
1319,4b/c5d582,2939706,p12__genomad_pratama_cached (244),COMPLETED,0,2026-10-07 04:37:35.200,905ms,129ms,4.3%,0,0,128.7 KB,2.1 KB
1320,50/4c81dc,2939771,p10__vibrant_pratama_cached (245),COMPLETED,0,2026-10-07 04:37:35.261,907ms,112ms,5.0%,0,0,122.7 KB,2.1 KB
1322,7a/004ede,2940044,p12__genomad_pratama_cached (245),COMPLETED,0,2026-10-07 04:37:35.618,522ms,114ms,6.9%,0,0,128.7 KB,2.1 KB
1321,a5/57d48d,2939799,p09__deepvirfinder_pratama_cached (246),COMPLETED,0,2026-10-07 04:37:35.348,950ms,39ms,9.4%,0,0,107 KB,1.9 KB
1324,7e/ee2c20,2940280,p11__virsorter2_pratama_cached (246),COMPLETED,0,2026-10-07 04:37:35.834,496ms,72ms,9.1%,0,0,122.7 KB,2.1 KB
1326,ff/d2219a,2940472,p09__deepvirfinder_pratama_cached (247),COMPLETED,0,2026-10-07 04:37:36.024,462ms,18ms,0.0%,0,0,107 KB,1.9 KB
1323,77/94470c,2940155,p11__virsorter2_pratama_cached (245),COMPLETED,0,2026-10-07 04:37:35.765,729ms,36ms,13.7%,0,0,122.7 KB,2.1 KB
1325,3c/e33c41,2940413,p10__vibrant_pratama_cached (246),COMPLETED,0,2026-10-07 04:37:35.939,593ms,80ms,0.0%,0,0,122.7 KB,2.1 KB
1329,75/f9b95f,2940728,p10__vibrant_pratama_cached (247),COMPLETED,0,2026-10-07 04:37:36.181,381ms,62ms,0.0%,0,0,122.7 KB,2.1 KB
1327,c9/8a6bfa,2940719,p12__genomad_pratama_cached (246),COMPLETED,0,2026-10-07 04:37:36.119,527ms,40ms,11.0%,0,0,128.7 KB,2.1 KB
1330,3e/58f8e1,2940925,p10__vibrant_pratama_cached (248),COMPLETED,0,2026-10-07 04:37:36.306,372ms,38ms,11.8%,0,0,122.7 KB,2.1 KB
1328,6d/eed0ed,2940723,p09__deepvirfinder_pratama_cached (248),COMPLETED,0,2026-10-07 04:37:36.146,609ms,35ms,0.0%,0,0,107 KB,1.9 KB
1332,f9/7add7a,2940963,p11__virsorter2_pratama_cached (247),COMPLETED,0,2026-10-07 04:37:36.343,548ms,38ms,0.0%,0,0,122.7 KB,2.1 KB
1333,08/3278fd,2941246,p10__vibrant_pratama_cached (249),COMPLETED,0,2026-10-07 04:37:36.501,489ms,80ms,0.0%,0,0,122.7 KB,2.1 KB
1334,99/3d8759,2941247,p09__deepvirfinder_pratama_cached (249),COMPLETED,0,2026-10-07 04:37:36.541,477ms,16ms,0.0%,0,0,107 KB,1.9 KB
1331,c4/3408f5,2941239,p12__genomad_pratama_cached (247),COMPLETED,0,2026-10-07 04:37:36.494,530ms,89ms,6.2%,0,0,128.7 KB,2.1 KB
1335,64/d409f3,2941255,p11__virsorter2_pratama_cached (248),COMPLETED,0,2026-10-07 04:37:36.569,454ms,39ms,14.1%,0,0,122.7 KB,2.1 KB
1337,e1/e014c0,2941592,p10__vibrant_pratama_cached (250),COMPLETED,0,2026-10-07 04:37:36.685,530ms,43ms,0.0%,0,0,122.7 KB,2.1 KB
1339,92/cec586,2941944,p12__genomad_pratama_cached (249),COMPLETED,0,2026-10-07 04:37:36.899,422ms,86ms,6.1%,0,0,128.7 KB,2.1 KB
1336,9e/220536,2941585,p12__genomad_pratama_cached (248),COMPLETED,0,2026-10-07 04:37:36.653,735ms,53ms,0.0%,0,0,128.7 KB,2.1 KB
1338,9a/1e76c4,2941689,p09__deepvirfinder_pratama_cached (250),COMPLETED,0,2026-10-07 04:37:36.762,641ms,74ms,0.0%,0,0,107 KB,1.9 KB
1341,84/ca3cbe,2942288,p12__genomad_pratama_cached (250),COMPLETED,0,2026-10-07 04:37:37.025,425ms,56ms,10.2%,0,0,128.7 KB,2.1 KB
1340,4d/f10cdc,2942118,p10__vibrant_pratama_cached (251),COMPLETED,0,2026-10-07 04:37:36.997,474ms,43ms,13.7%,0,0,122.7 KB,2.1 KB
1343,89/31f17d,2942321,p09__deepvirfinder_pratama_cached (251),COMPLETED,0,2026-10-07 04:37:37.086,429ms,12ms,0.0%,0,0,107 KB,1.9 KB
1342,b8/424389,2942301,p11__virsorter2_pratama_cached (249),COMPLETED,0,2026-10-07 04:37:37.045,625ms,63ms,0.0%,0,0,122.7 KB,2.1 KB
1344,b7/9def4b,2942756,p09__deepvirfinder_pratama_cached (252),COMPLETED,0,2026-10-07 04:37:37.222,537ms,15ms,0.0%,0,0,107 KB,1.9 KB
1347,f9/ab5366,2942817,p11__virsorter2_pratama_cached (250),COMPLETED,0,2026-10-07 04:37:37.412,373ms,75ms,0.0%,0,0,122.7 KB,2.1 KB
1346,f9/6c902b,2942806,p10__vibrant_pratama_cached (253),COMPLETED,0,2026-10-07 04:37:37.401,542ms,67ms,8.8%,0,0,122.7 KB,2.1 KB
1345,a6/a7cfdb,2942762,p10__vibrant_pratama_cached (252),COMPLETED,0,2026-10-07 04:37:37.327,624ms,120ms,5.7%,0,0,122.7 KB,2.1 KB
1350,27/cab823,2943059,p09__deepvirfinder_pratama_cached (253),COMPLETED,0,2026-10-07 04:37:37.480,688ms,45ms,14.9%,0,0,107 KB,1.9 KB
1348,39/31062d,2943354,p12__genomad_pratama_cached (251),COMPLETED,0,2026-10-07 04:37:37.806,433ms,86ms,11.2%,0,0,128.7 KB,2.1 KB
1352,cc/800110,2943113,p10__vibrant_pratama_cached (254),COMPLETED,0,2026-10-07 04:37:37.679,531ms,134ms,4.5%,0,0,122.7 KB,2.1 KB
1351,9c/a9ea9e,2943079,p09__deepvirfinder_pratama_cached (254),COMPLETED,0,2026-10-07 04:37:37.527,860ms,49ms,0.0%,0,0,107 KB,1.9 KB
1349,40/47aad2,2943041,p11__virsorter2_pratama_cached (251),COMPLETED,0,2026-10-07 04:37:37.468,952ms,91ms,5.5%,0,0,122.7 KB,2.1 KB
1353,c2/329618,2943255,p10__vibrant_pratama_cached (255),COMPLETED,0,2026-10-07 04:37:37.767,701ms,85ms,5.0%,0,0,122.7 KB,2.1 KB
1356,06/2fdb53,2943761,p11__virsorter2_pratama_cached (252),COMPLETED,0,2026-10-07 04:37:38.179,325ms,73ms,7.9%,0,0,122.7 KB,2.1 KB
1355,10/7d21ae,2943581,p12__genomad_pratama_cached (253),COMPLETED,0,2026-10-07 04:37:38.025,494ms,38ms,12.7%,0,0,128.7 KB,2.1 KB
1354,82/5bf95e,2943466,p12__genomad_pratama_cached (252),COMPLETED,0,2026-10-07 04:37:37.951,654ms,59ms,8.1%,0,0,128.7 KB,2.1 KB
1357,1d/713c05,2943819,p09__deepvirfinder_pratama_cached (255),COMPLETED,0,2026-10-07 04:37:38.227,437ms,34ms,10.7%,0,0,107 KB,1.9 KB
1358,94/852839,2944076,p12__genomad_pratama_cached (254),COMPLETED,0,2026-10-07 04:37:38.252,492ms,62ms,12.1%,0,0,128.7 KB,2.1 KB
1361,0e/ba8325,2944194,p11__virsorter2_pratama_cached (253),COMPLETED,0,2026-10-07 04:37:38.478,379ms,78ms,8.7%,0,0,122.7 KB,2.1 KB
1360,1e/85cb62,2944118,p10__vibrant_pratama_cached (256),COMPLETED,0,2026-10-07 04:37:38.442,510ms,23ms,0.0%,0,0,122.7 KB,2.1 KB
1359,b4/fa0e2b,2944112,p12__genomad_pratama_cached (255),COMPLETED,0,2026-10-07 04:37:38.409,466ms,88ms,0.0%,0,0,128.7 KB,2.1 KB
1364,74/33bfff,2944518,p10__vibrant_pratama_cached (257),COMPLETED,0,2026-10-07 04:37:38.615,508ms,37ms,0.0%,0,0,122.7 KB,2.1 KB
1366,5b/90153e,2944575,p11__virsorter2_pratama_cached (254),COMPLETED,0,2026-10-07 04:37:38.755,475ms,107ms,4.8%,0,0,122.7 KB,2.1 KB
1362,db/e03cae,2944507,p09__deepvirfinder_pratama_cached (256),COMPLETED,0,2026-10-07 04:37:38.511,725ms,7ms,0.0%,0,0,107 KB,1.9 KB
1363,3b/e16fd4,2944513,p09__deepvirfinder_pratama_cached (257),COMPLETED,0,2026-10-07 04:37:38.529,707ms,44ms,0.0%,0,0,107 KB,1.9 KB
1365,62/73b779,2944521,p10__vibrant_pratama_cached (258),COMPLETED,0,2026-10-07 04:37:38.702,624ms,91ms,0.0%,0,0,122.7 KB,2.1 KB
1368,e3/354209,2944867,p09__deepvirfinder_pratama_cached (258),COMPLETED,0,2026-10-07 04:37:38.883,483ms,55ms,0.0%,0,0,107 KB,1.9 KB
1367,8e/5a1aa1,2944817,p11__virsorter2_pratama_cached (255),COMPLETED,0,2026-10-07 04:37:38.864,537ms,73ms,6.7%,0,0,122.7 KB,2.1 KB
1369,29/b40ec6,2944935,p09__deepvirfinder_pratama_cached (259),COMPLETED,0,2026-10-07 04:37:38.959,559ms,23ms,12.1%,0,0,107 KB,1.9 KB
1370,6c/0be9ff,2945174,p12__genomad_pratama_cached (256),COMPLETED,0,2026-10-07 04:37:39.135,440ms,60ms,12.4%,0,0,128.7 KB,2.1 KB
1371,d2/0b26b0,2945293,p12__genomad_pratama_cached (257),COMPLETED,0,2026-10-07 04:37:39.236,490ms,78ms,9.2%,0,0,128.7 KB,2.1 KB
1372,16/bab89f,2945424,p11__virsorter2_pratama_cached (256),COMPLETED,0,2026-10-07 04:37:39.250,606ms,93ms,7.2%,0,0,122.7 KB,2.1 KB
1373,a8/997dc6,2945431,p09__deepvirfinder_pratama_cached (260),COMPLETED,0,2026-10-07 04:37:39.278,587ms,48ms,0.0%,0,0,107 KB,1.9 KB
1375,94/f11b29,2945526,p12__genomad_pratama_cached (258),COMPLETED,0,2026-10-07 04:37:39.373,493ms,82ms,5.8%,0,0,128.7 KB,2.1 KB
1374,f0/cc4fdd,2945455,p10__vibrant_pratama_cached (259),COMPLETED,0,2026-10-07 04:37:39.336,530ms,83ms,6.0%,0,0,122.7 KB,2.1 KB
1380,19/45d58b,2945860,p12__genomad_pratama_cached (259),COMPLETED,0,2026-10-07 04:37:39.582,355ms,79ms,8.3%,0,0,128.7 KB,2.1 KB
1377,2c/5e168f,2945585,p09__deepvirfinder_pratama_cached (261),COMPLETED,0,2026-10-07 04:37:39.409,594ms,63ms,0.0%,0,0,107 KB,1.9 KB
1376,b4/d168cd,2945772,p11__virsorter2_pratama_cached (257),COMPLETED,0,2026-10-07 04:37:39.525,474ms,78ms,7.3%,0,0,122.7 KB,2.1 KB
1378,fc/ed5c15,2946057,p10__vibrant_pratama_cached (260),COMPLETED,0,2026-10-07 04:37:39.736,322ms,51ms,0.0%,0,0,122.7 KB,2.1 KB
1386,05/3c55b3,2946467,p09__deepvirfinder_pratama_cached (263),COMPLETED,0,2026-10-07 04:37:40.010,477ms,66ms,0.0%,0,0,107 KB,1.9 KB
1381,02/995328,2946417,p10__vibrant_pratama_cached (262),COMPLETED,0,2026-10-07 04:37:39.880,627ms,47ms,13.4%,0,0,122.7 KB,2.1 KB
1382,42/dea7c5,2946437,p09__deepvirfinder_pratama_cached (262),COMPLETED,0,2026-10-07 04:37:39.906,610ms,64ms,0.0%,0,0,107 KB,1.9 KB
1385,20/733214,2946463,p11__virsorter2_pratama_cached (259),COMPLETED,0,2026-10-07 04:37:39.949,591ms,143ms,4.4%,0,0,122.7 KB,2.1 KB
1383,7b/b9f72c,2946450,p11__virsorter2_pratama_cached (258),COMPLETED,0,2026-10-07 04:37:39.915,634ms,53ms,10.5%,0,0,122.7 KB,2.1 KB
1384,c6/61eb17,2946472,p12__genomad_pratama_cached (260),COMPLETED,0,2026-10-07 04:37:40.020,544ms,118ms,6.1%,0,0,128.7 KB,2.1 KB
1387,81/d31f07,2946638,p10__vibrant_pratama_cached (263),COMPLETED,0,2026-10-07 04:37:40.077,608ms,53ms,6.1%,0,0,122.7 KB,2.1 KB
1379,e1/79b274,2946407,p10__vibrant_pratama_cached (261),COMPLETED,0,2026-10-07 04:37:39.865,712ms,43ms,0.0%,0,0,122.7 KB,2.1 KB
1391,85/16c59b,2947190,p10__vibrant_pratama_cached (264),COMPLETED,0,2026-10-07 04:37:40.528,248ms,96ms,8.3%,0,0,122.7 KB,2.1 KB
1388,a1/d27fa5,2947170,p09__deepvirfinder_pratama_cached (264),COMPLETED,0,2026-10-07 04:37:40.507,451ms,8ms,0.0%,0,0,107 KB,1.9 KB
1389,b1/060260,2947178,p12__genomad_pratama_cached (261),COMPLETED,0,2026-10-07 04:37:40.514,505ms,112ms,0.0%,0,0,128.7 KB,2.1 KB
1393,f2/8b1ec1,2947460,p11__virsorter2_pratama_cached (261),COMPLETED,0,2026-10-07 04:37:40.576,521ms,91ms,7.1%,0,0,122.7 KB,2.1 KB
1392,80/a64bec,2947455,p09__deepvirfinder_pratama_cached (265),COMPLETED,0,2026-10-07 04:37:40.548,636ms,29ms,0.0%,0,0,107 KB,1.9 KB
1395,f7/b546e3,2947471,p09__deepvirfinder_pratama_cached (266),COMPLETED,0,2026-10-07 04:37:40.692,585ms,57ms,0.0%,0,0,107 KB,1.9 KB
1394,94/8994ae,2947469,p12__genomad_pratama_cached (262),COMPLETED,0,2026-10-07 04:37:40.586,664ms,98ms,7.1%,0,0,128.7 KB,2.1 KB
1390,62/516e58,2947457,p11__virsorter2_pratama_cached (260),COMPLETED,0,2026-10-07 04:37:40.563,720ms,58ms,7.4%,0,0,122.7 KB,2.1 KB
1396,a7/b5585e,2947697,p11__virsorter2_pratama_cached (262),COMPLETED,0,2026-10-07 04:37:40.814,592ms,33ms,10.2%,0,0,122.7 KB,2.1 KB
1397,eb/130d6d,2947907,p10__vibrant_pratama_cached (265),COMPLETED,0,2026-10-07 04:37:40.975,536ms,99ms,0.0%,0,0,122.7 KB,2.1 KB
1399,86/26de12,2948036,p11__virsorter2_pratama_cached (263),COMPLETED,0,2026-10-07 04:37:41.104,423ms,80ms,0.0%,0,0,122.7 KB,2.1 KB
1398,39/342269,2947947,p12__genomad_pratama_cached (263),COMPLETED,0,2026-10-07 04:37:41.027,522ms,89ms,7.8%,0,0,128.7 KB,2.1 KB
1400,f3/d25aaa,2948163,p09__deepvirfinder_pratama_cached (267),COMPLETED,0,2026-10-07 04:37:41.196,477ms,27ms,0.0%,0,0,107 KB,1.9 KB
1401,74/b875af,2948223,p10__vibrant_pratama_cached (266),COMPLETED,0,2026-10-07 04:37:41.265,492ms,81ms,9.0%,0,0,122.7 KB,2.1 KB
1402,06/7d2bb3,2948458,p12__genomad_pratama_cached (264),COMPLETED,0,2026-10-07 04:37:41.285,569ms,64ms,0.0%,0,0,128.7 KB,2.1 KB
1403,7f/1d7075,2948474,p09__deepvirfinder_pratama_cached (268),COMPLETED,0,2026-10-07 04:37:41.302,622ms,32ms,0.0%,0,0,107 KB,1.9 KB
1404,84/292a51,2948518,p11__virsorter2_pratama_cached (264),COMPLETED,0,2026-10-07 04:37:41.415,520ms,70ms,0.0%,0,0,122.7 KB,2.1 KB
1407,94/33044c,2948698,p10__vibrant_pratama_cached (268),COMPLETED,0,2026-10-07 04:37:41.541,394ms,89ms,0.0%,0,0,122.7 KB,2.1 KB
1405,a7/1a4ac1,2948693,p10__vibrant_pratama_cached (267),COMPLETED,0,2026-10-07 04:37:41.525,512ms,95ms,0.0%,0,0,122.7 KB,2.1 KB
1406,53/0911ca,2948726,p11__virsorter2_pratama_cached (265),COMPLETED,0,2026-10-07 04:37:41.557,509ms,73ms,7.8%,0,0,122.7 KB,2.1 KB
1410,34/0d1fc0,2949167,p09__deepvirfinder_pratama_cached (270),COMPLETED,0,2026-10-07 04:37:41.866,312ms,14ms,0.0%,0,0,107 KB,1.9 KB
1409,68/f3b637,2949105,p09__deepvirfinder_pratama_cached (269),COMPLETED,0,2026-10-07 04:37:41.767,455ms,16ms,0.0%,0,0,107 KB,1.9 KB
1408,5b/57b45a,2949086,p12__genomad_pratama_cached (265),COMPLETED,0,2026-10-07 04:37:41.680,599ms,86ms,7.5%,0,0,128.7 KB,2.1 KB
1411,6d/64976c,2949326,p11__virsorter2_pratama_cached (266),COMPLETED,0,2026-10-07 04:37:41.934,497ms,21ms,15.6%,0,0,122.7 KB,2.1 KB
1413,3b/2fae61,2949405,p11__virsorter2_pratama_cached (267),COMPLETED,0,2026-10-07 04:37:41.966,618ms,98ms,6.2%,0,0,122.7 KB,2.1 KB
1416,a7/9c0e89,2949703,p09__deepvirfinder_pratama_cached (272),COMPLETED,0,2026-10-07 04:37:42.186,502ms,7ms,0.0%,0,0,107 KB,1.9 KB
1417,67/f4737d,2949747,p10__vibrant_pratama_cached (271),COMPLETED,0,2026-10-07 04:37:42.230,476ms,94ms,0.0%,0,0,122.7 KB,2.1 KB
1415,2e/cf8e79,2949651,p10__vibrant_pratama_cached (270),COMPLETED,0,2026-10-07 04:37:42.092,648ms,57ms,8.2%,0,0,122.7 KB,2.1 KB
1414,53/f35016,2949642,p09__deepvirfinder_pratama_cached (271),COMPLETED,0,2026-10-07 04:37:42.046,679ms,38ms,0.0%,0,0,107 KB,1.9 KB
1412,6f/aad2d3,2949394,p10__vibrant_pratama_cached (269),COMPLETED,0,2026-10-07 04:37:41.945,882ms,59ms,7.9%,0,0,122.7 KB,2.1 KB
1418,63/318d60,2949822,p11__virsorter2_pratama_cached (268),COMPLETED,0,2026-10-07 04:37:42.287,584ms,38ms,8.0%,0,0,122.7 KB,2.1 KB
1420,45/908edb,2950268,p09__deepvirfinder_pratama_cached (273),COMPLETED,0,2026-10-07 04:37:42.613,320ms,9ms,37.1%,0,0,107 KB,1.9 KB
1419,49/5d6646,2950047,p10__vibrant_pratama_cached (272),COMPLETED,0,2026-10-07 04:37:42.441,467ms,77ms,9.8%,0,0,122.7 KB,2.1 KB
1422,ea/90eec5,2950423,p09__deepvirfinder_pratama_cached (274),COMPLETED,0,2026-10-07 04:37:42.717,273ms,57ms,0.0%,0,0,107 KB,1.9 KB
1421,e6/6a7d14,2950373,p11__virsorter2_pratama_cached (269),COMPLETED,0,2026-10-07 04:37:42.698,393ms,63ms,11.1%,0,0,122.7 KB,2.1 KB
1424,53/bcd33e,2950629,p12__genomad_pratama_cached (266),COMPLETED,0,2026-10-07 04:37:42.751,573ms,37ms,0.0%,0,0,128.7 KB,2.1 KB
1425,6d/21f304,2950637,p11__virsorter2_pratama_cached (270),COMPLETED,0,2026-10-07 04:37:42.840,555ms,118ms,0.0%,0,0,122.7 KB,2.1 KB
1423,ee/ddefd1,2950618,p10__vibrant_pratama_cached (273),COMPLETED,0,2026-10-07 04:37:42.736,670ms,68ms,9.1%,0,0,122.7 KB,2.1 KB
1426,1a/e67c5a,2950679,p09__deepvirfinder_pratama_cached (275),COMPLETED,0,2026-10-07 04:37:42.886,571ms,30ms,0.0%,0,0,107 KB,1.9 KB
1427,02/fdcfc6,2950758,p10__vibrant_pratama_cached (274),COMPLETED,0,2026-10-07 04:37:42.923,605ms,64ms,5.2%,0,0,122.7 KB,2.1 KB
1428,f4/e039f5,2950888,p12__genomad_pratama_cached (267),COMPLETED,0,2026-10-07 04:37:42.946,559ms,91ms,4.8%,0,0,128.7 KB,2.1 KB
1429,22/f64c37,2950952,p11__virsorter2_pratama_cached (271),COMPLETED,0,2026-10-07 04:37:43.020,563ms,90ms,5.8%,0,0,122.7 KB,2.1 KB
1430,5f/d0712b,2951038,p09__deepvirfinder_pratama_cached (276),COMPLETED,0,2026-10-07 04:37:43.099,525ms,14ms,0.0%,0,0,107 KB,1.9 KB
1432,ae/de8450,2951255,p09__deepvirfinder_pratama_cached (277),COMPLETED,0,2026-10-07 04:37:43.336,333ms,26ms,0.0%,0,0,107 KB,1.9 KB
1433,5e/143206,2951490,p10__vibrant_pratama_cached (276),COMPLETED,0,2026-10-07 04:37:43.424,423ms,29ms,0.0%,0,0,122.7 KB,2.1 KB
1431,31/54e04c,2951401,p10__vibrant_pratama_cached (275),COMPLETED,0,2026-10-07 04:37:43.406,459ms,67ms,0.0%,0,0,122.7 KB,2.1 KB
1438,0f/4cff15,2951713,p09__deepvirfinder_pratama_cached (278),COMPLETED,0,2026-10-07 04:37:43.534,517ms,45ms,0.0%,0,0,107 KB,1.9 KB
1435,0b/21ebd5,2951674,p11__virsorter2_pratama_cached (272),COMPLETED,0,2026-10-07 04:37:43.476,598ms,77ms,0.0%,0,0,122.7 KB,2.1 KB
1436,b0/8ac0f5,2951805,p12__genomad_pratama_cached (269),COMPLETED,0,2026-10-07 04:37:43.630,534ms,127ms,5.2%,0,0,128.7 KB,2.1 KB
1439,28/e018af,2951790,p09__deepvirfinder_pratama_cached (279),COMPLETED,0,2026-10-07 04:37:43.593,604ms,49ms,0.0%,0,0,107 KB,1.9 KB
1437,70/fe2455,2952008,p10__vibrant_pratama_cached (277),COMPLETED,0,2026-10-07 04:37:43.695,598ms,63ms,0.0%,0,0,122.7 KB,2.1 KB
1434,9e/29a1ad,2951693,p12__genomad_pratama_cached (268),COMPLETED,0,2026-10-07 04:37:43.510,816ms,100ms,0.0%,0,0,128.7 KB,2.1 KB
1440,e8/dff3ef,2952138,p12__genomad_pratama_cached (270),COMPLETED,0,2026-10-07 04:37:43.865,508ms,90ms,8.1%,0,0,128.7 KB,2.1 KB
1442,49/882c3c,2952360,p12__genomad_pratama_cached (271),COMPLETED,0,2026-10-07 04:37:44.060,431ms,86ms,0.0%,0,0,128.7 KB,2.1 KB
1441,f2/b062af,2952181,p10__vibrant_pratama_cached (278),COMPLETED,0,2026-10-07 04:37:43.880,694ms,70ms,6.1%,0,0,122.7 KB,2.1 KB
1445,8e/261178,2952610,p10__vibrant_pratama_cached (279),COMPLETED,0,2026-10-07 04:37:44.214,386ms,63ms,0.0%,0,0,122.7 KB,2.1 KB
1444,92/dbe773,2952389,p09__deepvirfinder_pratama_cached (280),COMPLETED,0,2026-10-07 04:37:44.081,519ms,53ms,0.0%,0,0,107 KB,1.9 KB
1447,13/68683a,2952682,p10__vibrant_pratama_cached (280),COMPLETED,0,2026-10-07 04:37:44.302,389ms,85ms,6.3%,0,0,122.7 KB,2.1 KB
1443,04/2ed7da,2952542,p11__virsorter2_pratama_cached (273),COMPLETED,0,2026-10-07 04:37:44.173,535ms,49ms,14.1%,0,0,122.7 KB,2.1 KB
1449,3c/ced70f,2952894,p12__genomad_pratama_cached (273),COMPLETED,0,2026-10-07 04:37:44.380,491ms,60ms,0.0%,0,0,128.7 KB,2.1 KB
1448,d0/2e4d9a,2952879,p12__genomad_pratama_cached (272),COMPLETED,0,2026-10-07 04:37:44.333,492ms,77ms,0.0%,0,0,128.7 KB,2.1 KB
1446,49/ad2005,2953040,p11__virsorter2_pratama_cached (274),COMPLETED,0,2026-10-07 04:37:44.525,537ms,31ms,0.0%,0,0,122.7 KB,2.1 KB
1450,41/373dca,2953280,p11__virsorter2_pratama_cached (275),COMPLETED,0,2026-10-07 04:37:44.615,507ms,122ms,0.0%,0,0,122.7 KB,2.1 KB
1454,09/5d8f36,2953378,p09__deepvirfinder_pratama_cached (283),COMPLETED,0,2026-10-07 04:37:44.718,524ms,48ms,0.0%,0,0,107 KB,1.9 KB
1451,cd/09956e,2953288,p09__deepvirfinder_pratama_cached (281),COMPLETED,0,2026-10-07 04:37:44.628,624ms,14ms,0.0%,0,0,107 KB,1.9 KB
1453,a7/263b49,2953308,p10__vibrant_pratama_cached (281),COMPLETED,0,2026-10-07 04:37:44.698,554ms,108ms,6.0%,0,0,122.7 KB,2.1 KB
1452,ab/51db61,2953302,p09__deepvirfinder_pratama_cached (282),COMPLETED,0,2026-10-07 04:37:44.668,584ms,27ms,0.0%,0,0,107 KB,1.9 KB
1456,46/d63221,2953696,p12__genomad_pratama_cached (274),COMPLETED,0,2026-10-07 04:37:44.886,426ms,87ms,8.4%,0,0,128.7 KB,2.1 KB
1457,bc/c5d892,2953902,p09__deepvirfinder_pratama_cached (284),COMPLETED,0,2026-10-07 04:37:45.072,429ms,12ms,0.0%,0,0,107 KB,1.9 KB
1455,25/6f26fd,2953690,p11__virsorter2_pratama_cached (276),COMPLETED,0,2026-10-07 04:37:44.833,638ms,69ms,8.5%,0,0,122.7 KB,2.1 KB
1458,5b/486b57,2953990,p10__vibrant_pratama_cached (282),COMPLETED,0,2026-10-07 04:37:45.143,575ms,39ms,9.5%,0,0,122.7 KB,2.1 KB
1460,16/9a6799,2954247,p11__virsorter2_pratama_cached (278),COMPLETED,0,2026-10-07 04:37:45.303,462ms,81ms,0.0%,0,0,122.7 KB,2.1 KB
1463,79/111fb8,2954277,p12__genomad_pratama_cached (276),COMPLETED,0,2026-10-07 04:37:45.322,451ms,102ms,5.7%,0,0,128.7 KB,2.1 KB
1461,21/918bf5,2954144,p09__deepvirfinder_pratama_cached (285),COMPLETED,0,2026-10-07 04:37:45.252,542ms,27ms,0.0%,0,0,107 KB,1.9 KB
1462,85/3e3949,2954262,p12__genomad_pratama_cached (275),COMPLETED,0,2026-10-07 04:37:45.311,582ms,55ms,8.3%,0,0,128.7 KB,2.1 KB
1459,52/6d9c4e,2954236,p11__virsorter2_pratama_cached (277),COMPLETED,0,2026-10-07 04:37:45.296,635ms,60ms,9.6%,0,0,122.7 KB,2.1 KB
1464,e7/49e9a6,2954759,p10__vibrant_pratama_cached (283),COMPLETED,0,2026-10-07 04:37:45.479,592ms,41ms,0.0%,0,0,122.7 KB,2.1 KB
1465,c2/011584,2954760,p10__vibrant_pratama_cached (284),COMPLETED,0,2026-10-07 04:37:45.510,619ms,68ms,0.0%,0,0,122.7 KB,2.1 KB
1466,b7/87afb4,2954777,p09__deepvirfinder_pratama_cached (286),COMPLETED,0,2026-10-07 04:37:45.733,526ms,18ms,0.0%,0,0,107 KB,1.9 KB
1468,66/e12ab6,2954975,p10__vibrant_pratama_cached (285),COMPLETED,0,2026-10-07 04:37:45.800,485ms,75ms,0.0%,0,0,122.7 KB,2.1 KB
1467,8c/2b094f,2954910,p11__virsorter2_pratama_cached (279),COMPLETED,0,2026-10-07 04:37:45.773,557ms,57ms,0.0%,0,0,122.7 KB,2.1 KB
1469,82/d0cfa7,2954961,p10__vibrant_pratama_cached (286),COMPLETED,0,2026-10-07 04:37:45.787,597ms,102ms,0.0%,0,0,122.7 KB,2.1 KB
1470,07/694970,2955087,p12__genomad_pratama_cached (277),COMPLETED,0,2026-10-07 04:37:45.913,474ms,62ms,10.8%,0,0,128.7 KB,2.1 KB
1471,d8/f3555a,2955116,p12__genomad_pratama_cached (278),COMPLETED,0,2026-10-07 04:37:45.940,464ms,94ms,6.7%,0,0,128.7 KB,2.1 KB
1472,c0/590bb9,2955384,p11__virsorter2_pratama_cached (280),COMPLETED,0,2026-10-07 04:37:46.086,386ms,72ms,0.0%,0,0,122.7 KB,2.1 KB
1473,c8/5b5634,2955397,p11__virsorter2_pratama_cached (281),COMPLETED,0,2026-10-07 04:37:46.135,398ms,65ms,0.0%,0,0,122.7 KB,2.1 KB
1476,98/2620f3,2955768,p12__genomad_pratama_cached (280),COMPLETED,0,2026-10-07 04:37:46.303,341ms,69ms,11.4%,0,0,128.7 KB,2.1 KB
1477,3c/805442,2955796,p11__virsorter2_pratama_cached (283),COMPLETED,0,2026-10-07 04:37:46.337,521ms,72ms,8.4%,0,0,122.7 KB,2.1 KB
1478,34/e09774,2956029,p11__virsorter2_pratama_cached (284),COMPLETED,0,2026-10-07 04:37:46.402,469ms,65ms,0.0%,0,0,122.7 KB,2.1 KB
1475,d9/a2a0de,2956019,p11__virsorter2_pratama_cached (282),COMPLETED,0,2026-10-07 04:37:46.392,548ms,33ms,9.7%,0,0,122.7 KB,2.1 KB
1474,39/c6b9ea,2955759,p12__genomad_pratama_cached (279),COMPLETED,0,2026-10-07 04:37:46.270,611ms,42ms,0.0%,0,0,128.7 KB,2.1 KB
1479,b9/237b3b,2956040,p12__genomad_pratama_cached (281),COMPLETED,0,2026-10-07 04:37:46.411,696ms,81ms,7.7%,0,0,128.7 KB,2.1 KB
1480,31/579c77,2956369,p12__genomad_pratama_cached (282),COMPLETED,0,2026-10-07 04:37:46.481,627ms,98ms,0.0%,0,0,128.7 KB,2.1 KB
1483,d0/b2f5fb,2956608,p12__genomad_pratama_cached (283),COMPLETED,0,2026-10-07 04:37:46.868,341ms,108ms,0.0%,0,0,128.7 KB,2.1 KB
1481,e8/47a09d,2956393,p11__virsorter2_pratama_cached (285),COMPLETED,0,2026-10-07 04:37:46.539,666ms,74ms,8.6%,0,0,122.7 KB,2.1 KB
1482,8a/2ea277,2956399,p11__virsorter2_pratama_cached (286),COMPLETED,0,2026-10-07 04:37:46.655,554ms,78ms,8.1%,0,0,122.7 KB,2.1 KB
1484,98/c714a4,2956687,p12__genomad_pratama_cached (284),COMPLETED,0,2026-10-07 04:37:46.888,400ms,79ms,0.0%,0,0,128.7 KB,2.1 KB
1485,03/e533a7,2956732,p12__genomad_pratama_cached (285),COMPLETED,0,2026-10-07 04:37:46.898,408ms,86ms,9.1%,0,0,128.7 KB,2.1 KB
1486,24/07c267,2957003,p12__genomad_pratama_cached (286),COMPLETED,0,2026-10-07 04:37:46.980,351ms,24ms,0.0%,0,0,128.7 KB,2.1 KB
201,8f/5ce69b,63402870_2,p05__megahit_draft_pratama (4),COMPLETED,0,2026-10-07 04:35:48.134,1h 30m 48s,1h 28m 22s,0.2%,189.2 MB,5.1 GB,722.5 MB,790.7 MB
204,00/92c0fb,63402870_4,p05__megahit_draft_pratama (6),COMPLETED,0,2026-10-07 04:35:48.134,2h 11m 9s,2h 8m 41s,0.1%,191.5 MB,5.2 GB,1 GB,1.1 GB
202,2b/e57ed7,63402870_3,p05__megahit_draft_pratama (5),COMPLETED,0,2026-10-07 04:35:48.134,2h 17m 16s,2h 14m 48s,0.1%,190.6 MB,5.2 GB,1.1 GB,1.1 GB
200,49/29268b,63402870_6,p05__megahit_draft_pratama (3),COMPLETED,0,2026-10-07 04:35:48.134,3h 2m 41s,2h 59m 50s,0.1%,192.3 MB,5.2 GB,1 GB,1.1 GB
212,d7/4da923,63402870_8,p05__megahit_draft_pratama (9),COMPLETED,0,2026-10-07 04:35:48.134,3h 14m 57s,3h 12m 26s,0.1%,190.2 MB,5 GB,1020.3 MB,1.1 GB
220,93/aa5c52,63402870_13,p05__megahit_draft_pratama (14),COMPLETED,0,2026-10-07 04:35:48.134,3h 20m 25s,3h 17m 58s,0.1%,189.8 MB,5 GB,1.2 GB,1.3 GB
206,2f/fc7acf,63402870_7,p05__megahit_draft_pratama (8),COMPLETED,0,2026-10-07 04:35:48.134,3h 25m 25s,3h 22m 55s,0.1%,188.3 MB,4.9 GB,1 GB,1.1 GB
205,3b/4ab17d,63402870_5,p05__megahit_draft_pratama (7),COMPLETED,0,2026-10-07 04:35:48.134,3h 29m 37s,3h 27m 12s,0.1%,189.1 MB,5.1 GB,1.1 GB,1.2 GB
217,18/106bf7,63402870_11,p05__megahit_draft_pratama (12),COMPLETED,0,2026-10-07 04:35:48.134,3h 40m 59s,3h 38m 30s,0.1%,190.2 MB,5.2 GB,1.3 GB,1.4 GB
219,0d/9f658e,63402870_12,p05__megahit_draft_pratama (13),COMPLETED,0,2026-10-07 04:35:48.134,3h 50m 59s,3h 48m 30s,0.1%,190.4 MB,5.2 GB,1.4 GB,1.4 GB
198,6c/6cacbc,63402870_1,p05__megahit_draft_pratama (2),COMPLETED,0,2026-10-07 04:35:48.134,4h 6m 19s,4h 3m 46s,0.1%,190.9 MB,5 GB,1.5 GB,1.5 GB
215,c1/ecbeec,63402870_10,p05__megahit_draft_pratama (11),COMPLETED,0,2026-10-07 04:35:48.134,4h 9m 59s,4h 7m 28s,0.1%,190.9 MB,5.2 GB,1.5 GB,1.6 GB
223,39/2e8f24,63402870_15,p05__megahit_draft_pratama (16),COMPLETED,0,2026-10-07 04:35:48.134,5h 40m,5h 37m 31s,0.1%,186.6 MB,4.8 GB,1.1 GB,1.2 GB
196,5c/383770,63402870_0,p05__megahit_draft_pratama (1),COMPLETED,0,2026-10-07 04:35:48.134,7h 28m 4s,7h 25m 30s,0.1%,191.3 MB,5 GB,1.4 GB,1.5 GB
222,2f/99c9b9,63402870_14,p05__megahit_draft_pratama (15),COMPLETED,0,2026-10-07 04:35:48.134,8h 38m 16s,8h 35m 48s,0.1%,192.2 MB,5.1 GB,1.6 GB,1.7 GB
213,a2/1130c5,63402870_9,p05__megahit_draft_pratama (10),COMPLETED,0,2026-10-07 04:35:48.134,8h 57m 35s,8h 55m 3s,0.0%,186.5 MB,4.9 GB,1.8 GB,1.9 GB
1487,62/ef4ef3,1331982,p07__opera_ms_pratama_cached (1),COMPLETED,0,2026-10-07 13:33:23.619,328ms,5ms,0.0%,0,0,108.7 KB,3.5 KB
1496,11/92ca12,1332196,p08__split_hybrid_contigs_pratama_cached (1),COMPLETED,0,2026-10-07 13:33:24.150,234ms,32ms,20.0%,0,0,122.7 KB,2 KB
1504,1a/cd8646,1332393,p13__deepvirfinder_pratama_cached (1),COMPLETED,0,2026-10-07 13:33:24.512,719ms,15ms,27.8%,0,0,107.5 KB,2.3 KB
1506,db/028fe9,1332440,p14__vibrant_pratama_cached (1),COMPLETED,0,2026-10-07 13:33:24.610,776ms,215ms,3.9%,0,0,123.2 KB,2.5 KB
1509,c1/1daea4,1332569,p13__deepvirfinder_pratama_cached (2),COMPLETED,0,2026-10-07 13:33:24.788,905ms,38ms,6.4%,0,0,107.5 KB,2.3 KB
1508,0f/2f953a,1332552,p16__genomad_pratama_cached (1),COMPLETED,0,2026-10-07 13:33:24.738,1s,151ms,7.1%,0,0,129.3 KB,2.5 KB
1507,a2/105dbf,1332479,p15__virsorter2_pratama_cached (1),COMPLETED,0,2026-10-07 13:33:24.719,1.1s,152ms,3.4%,0,0,123.2 KB,2.5 KB
1511,4f/695683,1332654,p14__vibrant_pratama_cached (2),COMPLETED,0,2026-10-07 13:33:24.990,1.1s,138ms,7.0%,0,0,123.2 KB,2.5 KB
1513,54/1ab8c1,1332736,p13__deepvirfinder_pratama_cached (3),COMPLETED,0,2026-10-07 13:33:25.078,1s,79ms,6.4%,0,0,107.5 KB,2.3 KB
1514,88/3a8f93,1332879,p15__virsorter2_pratama_cached (3),COMPLETED,0,2026-10-07 13:33:25.252,835ms,80ms,9.8%,0,0,123.2 KB,2.5 KB
1510,5d/72857d,1332633,p15__virsorter2_pratama_cached (2),COMPLETED,0,2026-10-07 13:33:24.921,1.2s,88ms,9.1%,0,0,123.2 KB,2.5 KB
1515,99/97411a,1333354,p14__vibrant_pratama_cached (3),COMPLETED,0,2026-10-07 13:33:25.761,534ms,79ms,21.0%,0,0,123.2 KB,2.5 KB
1516,3c/eb259c,1333284,p13__deepvirfinder_pratama_cached (4),COMPLETED,0,2026-10-07 13:33:25.700,837ms,25ms,23.2%,0,0,107.5 KB,2.3 KB
1512,f1/435d58,1333015,p16__genomad_pratama_cached (2),COMPLETED,0,2026-10-07 13:33:25.391,1.1s,105ms,8.8%,0,0,129.3 KB,2.5 KB
1517,84/e0f0b3,1333571,p15__virsorter2_pratama_cached (4),COMPLETED,0,2026-10-07 13:33:26.086,451ms,81ms,18.4%,0,0,123.2 KB,2.5 KB
1519,24/f90875,1333821,p14__vibrant_pratama_cached (4),COMPLETED,0,2026-10-07 13:33:26.109,549ms,73ms,19.1%,0,0,123.2 KB,2.5 KB
1518,f8/5ae834,1333820,p16__genomad_pratama_cached (3),COMPLETED,0,2026-10-07 13:33:26.100,1.1s,16ms,30.5%,0,0,129.3 KB,2.5 KB
1520,76/b7d163,1333984,p16__genomad_pratama_cached (4),COMPLETED,0,2026-10-07 13:33:26.535,1.2s,84ms,10.8%,0,0,129.3 KB,2.5 KB
1488,04/4912f1,63444330_0,p07__opera_ms_pratama (1),COMPLETED,0,2026-10-07 13:33:37.464,1h 50m 43s,1h 50m 30s,0.1%,191.1 MB,5.1 GB,753.2 MB,821.5 MB
1494,c1/840916,63444330_6,p07__opera_ms_pratama (7),COMPLETED,0,2026-10-07 13:33:37.464,1h 58m 53s,1h 58m 46s,0.1%,188.2 MB,5 GB,1.1 GB,1.1 GB
1489,13/4a9ca7,63444330_1,p07__opera_ms_pratama (2),COMPLETED,0,2026-10-07 13:33:37.464,1h 59m 33s,1h 59m 19s,0.1%,187.4 MB,5 GB,1 GB,1.1 GB
1491,6c/9bd5af,63444330_3,p07__opera_ms_pratama (4),COMPLETED,0,2026-10-07 13:33:37.464,2h 1m 26s,2h 1m 20s,0.1%,186.1 MB,5 GB,1.1 GB,1.2 GB
1492,0c/dc488a,63444330_4,p07__opera_ms_pratama (5),COMPLETED,0,2026-10-07 13:33:37.464,2h 2m 33s,2h 2m 28s,0.1%,187.9 MB,4.9 GB,1 GB,1.1 GB
1490,7f/fc5c41,63444330_2,p07__opera_ms_pratama (3),COMPLETED,0,2026-10-07 13:33:37.464,2h 3m 13s,2h 3m 1s,0.1%,189.4 MB,4.9 GB,1.1 GB,1.2 GB
1501,c7/144fb9,63444330_13,p07__opera_ms_pratama (13),COMPLETED,0,2026-10-07 13:33:37.464,2h 16m 23s,2h 16m 9s,0.1%,190.6 MB,5 GB,1.3 GB,1.3 GB
1493,c2/306411,63444330_5,p07__opera_ms_pratama (6),COMPLETED,0,2026-10-07 13:33:37.464,2h 30m 23s,2h 30m 13s,0.1%,191.7 MB,5.2 GB,1.4 GB,1.4 GB
1495,68/c6322c,63444330_7,p07__opera_ms_pratama (8),COMPLETED,0,2026-10-07 13:33:37.464,2h 33m 43s,2h 33m 34s,0.1%,188.3 MB,5 GB,1.2 GB,1.3 GB
1500,10/11f894,63444330_10,p07__opera_ms_pratama (12),COMPLETED,0,2026-10-07 13:33:37.464,2h 39m 13s,2h 39m,0.1%,189.4 MB,5 GB,1.6 GB,1.7 GB
1502,89/4232d3,63444330_12,p07__opera_ms_pratama (14),COMPLETED,0,2026-10-07 13:33:37.464,2h 41m 54s,2h 41m 40s,0.1%,185.7 MB,4.8 GB,1.6 GB,1.6 GB
1497,e2/1d28ca,63444330_8,p07__opera_ms_pratama (9),COMPLETED,0,2026-10-07 13:33:37.464,2h 57m 34s,2h 57m 24s,0.1%,190.8 MB,5.2 GB,1.5 GB,1.6 GB
1499,e7/a38143,63444330_11,p07__opera_ms_pratama (11),COMPLETED,0,2026-10-07 13:33:37.464,3h 24s,3h 15s,0.1%,190.6 MB,5 GB,1.6 GB,1.7 GB
1503,6e/b02b7e,63444330_15,p07__opera_ms_pratama (15),COMPLETED,0,2026-10-07 13:33:37.464,3h 21m 4s,3h 20m 48s,0.1%,190.4 MB,4.8 GB,1.8 GB,1.8 GB
1505,18/1f86fe,63444330_14,p07__opera_ms_pratama (16),COMPLETED,0,2026-10-07 13:33:37.464,3h 23m 4s,3h 22m 53s,0.1%,188.3 MB,4.9 GB,1.9 GB,2 GB
1498,40/481bc9,63444330_9,p07__opera_ms_pratama (10),COMPLETED,0,2026-10-07 13:33:37.464,3h 45m 44s,3h 45m 33s,0.1%,186.8 MB,4.9 GB,1.5 GB,1.6 GB
1521,40/20f816,63468875_0,p08__split_hybrid_contigs_pratama (1),COMPLETED,0,2026-10-07 17:19:25.204,11m 46s,9.7s,62.2%,188.9 MB,3.1 GB,1.3 GB,1.4 GB
1523,4f/bea2ce,63468875_2,p08__split_hybrid_contigs_pratama (3),COMPLETED,0,2026-10-07 17:19:25.204,11m 46s,12.5s,58.0%,188.9 MB,3.3 GB,1.9 GB,2 GB
1525,7f/09d817,63468875_4,p08__split_hybrid_contigs_pratama (5),COMPLETED,0,2026-10-07 17:19:25.204,11m 56s,21.1s,37.0%,187.8 MB,3.1 GB,1.9 GB,2 GB
1526,10/6ff839,63468875_5,p08__split_hybrid_contigs_pratama (6),COMPLETED,0,2026-10-07 17:19:25.204,11m 56s,20.2s,39.8%,187.1 MB,3.1 GB,2.1 GB,2.2 GB
1530,be/b60487,63468875_9,p08__split_hybrid_contigs_pratama (10),COMPLETED,0,2026-10-07 17:19:25.204,11m 56s,24.2s,46.2%,185.7 MB,3.1 GB,3.1 GB,3.3 GB
1531,51/be4efc,63468875_10,p08__split_hybrid_contigs_pratama (11),COMPLETED,0,2026-10-07 17:19:25.204,11m 56s,21.6s,40.9%,185.1 MB,3.1 GB,3 GB,3.2 GB
1534,bc/d76264,63468875_13,p08__split_hybrid_contigs_pratama (14),COMPLETED,0,2026-10-07 17:19:25.204,11m 56s,20s,58.6%,185.1 MB,3.1 GB,3.4 GB,3.6 GB
1535,df/1251f2,63468875_14,p08__split_hybrid_contigs_pratama (15),COMPLETED,0,2026-10-07 17:19:25.204,11m 56s,18.6s,70.2%,187.3 MB,3.8 GB,3.7 GB,3.9 GB
1527,d8/2765d8,63468875_6,p08__split_hybrid_contigs_pratama (7),COMPLETED,0,2026-10-07 17:19:25.204,12m 8s,31.9s,26.6%,190.3 MB,3.1 GB,2.4 GB,2.5 GB
1528,ac/92117f,63468875_7,p08__split_hybrid_contigs_pratama (8),COMPLETED,0,2026-10-07 17:19:25.204,12m 8s,26.6s,34.4%,190.8 MB,3.1 GB,2.6 GB,2.7 GB
1536,1b/fb643a,63468875_15,p08__split_hybrid_contigs_pratama (16),COMPLETED,0,2026-10-07 17:19:25.204,12m 8s,33.4s,32.1%,188.5 MB,3.1 GB,2.9 GB,3.1 GB
1522,6c/f6e649,63468875_1,p08__split_hybrid_contigs_pratama (2),COMPLETED,0,2026-10-07 17:19:25.204,12m 16s,40.1s,17.4%,186.7 MB,3.1 GB,2 GB,2.1 GB
1524,7c/35aa61,63468875_3,p08__split_hybrid_contigs_pratama (4),COMPLETED,0,2026-10-07 17:19:25.204,12m 16s,40s,20.7%,191.8 MB,3 GB,2.1 GB,2.2 GB
1532,c8/1d035a,63468875_11,p08__split_hybrid_contigs_pratama (12),COMPLETED,0,2026-10-07 17:19:25.204,12m 16s,41.3s,20.9%,189 MB,3 GB,2.8 GB,3 GB
1533,13/0cd6f0,63468875_12,p08__split_hybrid_contigs_pratama (13),COMPLETED,0,2026-10-07 17:19:25.204,12m 26s,45.8s,24.5%,185.3 MB,3 GB,3.1 GB,3.3 GB
1529,58/b014de,63468875_8,p08__split_hybrid_contigs_pratama (9),COMPLETED,0,2026-10-07 17:19:25.204,12m 36s,58.1s,14.8%,189.3 MB,3.3 GB,2.4 GB,2.5 GB
1639,58/dad1e8,63470467_25,p13__deepvirfinder_pratama (26),COMPLETED,0,2026-10-07 17:32:05.262,7m 26s,24.7s,23.8%,180 MB,3.9 GB,491.8 MB,265.1 MB
1561,52/0a132d,63470467_5,p13__deepvirfinder_pratama (6),COMPLETED,0,2026-10-07 17:32:05.262,8m 6s,59.9s,8.6%,177.8 MB,3.9 GB,480.6 MB,265.1 MB
1683,1a/eb9846,63470467_37,p13__deepvirfinder_pratama (38),COMPLETED,0,2026-10-07 17:32:05.262,8m 6s,1m 5s,9.5%,180.7 MB,4.1 GB,469.8 MB,265.1 MB
1684,38/a35b5f,63470467_38,p13__deepvirfinder_pratama (39),COMPLETED,0,2026-10-07 17:32:05.262,8m 6s,1m 5s,9.2%,180.6 MB,4.1 GB,480.9 MB,265.1 MB
1622,0c/c1e3a6,63470467_20,p13__deepvirfinder_pratama (21),COMPLETED,0,2026-10-07 17:32:05.262,8m 16s,1m 13s,7.5%,189.1 MB,4.1 GB,414.8 MB,265.1 MB
1576,b1/52b2a4,63470467_10,p13__deepvirfinder_pratama (11),COMPLETED,0,2026-10-07 17:32:05.262,8m 38s,1m 32s,6.0%,89 MB,3.6 GB,335.9 MB,265.1 MB
1610,76/903902,63470467_17,p13__deepvirfinder_pratama (18),COMPLETED,0,2026-10-07 17:32:05.262,8m 56s,1m 55s,5.1%,189.8 MB,4.2 GB,463.5 MB,265.1 MB
1642,3f/a86b6e,63470467_26,p13__deepvirfinder_pratama (27),COMPLETED,0,2026-10-07 17:32:05.262,9m 6s,2m 1s,4.5%,181.5 MB,4.1 GB,371.9 MB,265.1 MB
1659,a0/ba5648,63470467_31,p13__deepvirfinder_pratama (32),COMPLETED,0,2026-10-07 17:32:05.262,9m 6s,2m 6s,4.5%,180.6 MB,4 GB,483.6 MB,265.1 MB
1546,db/09668a,63470467_2,p13__deepvirfinder_pratama (3),COMPLETED,0,2026-10-07 17:32:05.262,9m 16s,2m 13s,4.1%,189.4 MB,4.2 GB,266 MB,265.1 MB
1635,1c/623e0e,63470467_24,p13__deepvirfinder_pratama (25),COMPLETED,0,2026-10-07 17:32:05.262,9m 16s,2m 15s,4.2%,180.6 MB,4.1 GB,476.3 MB,265.1 MB
1667,3b/7225af,63470467_33,p13__deepvirfinder_pratama (34),COMPLETED,0,2026-10-07 17:32:05.262,9m 16s,2m 16s,3.4%,178.2 MB,3.9 GB,301.2 MB,264.9 MB
1614,20/c16e95,63470467_18,p13__deepvirfinder_pratama (19),COMPLETED,0,2026-10-07 17:32:05.262,9m 36s,2m 31s,3.8%,180.2 MB,4.1 GB,478 MB,265.1 MB
1617,f3/f4a440,63470467_19,p13__deepvirfinder_pratama (20),COMPLETED,0,2026-10-07 17:32:05.262,9m 36s,2m 29s,3.8%,185.1 MB,4 GB,491.5 MB,265.1 MB
1693,61/0a91d7,63470467_39,p13__deepvirfinder_pratama (40),COMPLETED,0,2026-10-07 17:32:05.262,10m 6s,3m 5s,3.3%,179.4 MB,4.1 GB,492.5 MB,265.1 MB
1592,72/bd48a7,63470467_13,p13__deepvirfinder_pratama (14),COMPLETED,0,2026-10-07 17:32:05.262,10m 16s,3m 13s,2.9%,147.9 MB,3.9 GB,473.5 MB,265.1 MB
1598,44/70bbf3,63470467_14,p13__deepvirfinder_pratama (15),COMPLETED,0,2026-10-07 17:32:05.262,10m 16s,3m 11s,3.0%,180.8 MB,4 GB,438.5 MB,265.1 MB
1663,73/313cf9,63470467_32,p13__deepvirfinder_pratama (33),COMPLETED,0,2026-10-07 17:32:05.262,10m 26s,3m 27s,2.8%,177.1 MB,3.8 GB,497.8 MB,265.1 MB
1563,9a/f52d12,63470467_6,p13__deepvirfinder_pratama (7),COMPLETED,0,2026-10-07 17:32:05.262,10m 36s,3m 37s,2.5%,180.3 MB,4.1 GB,339.7 MB,265.1 MB
1656,73/7508a8,63470467_30,p13__deepvirfinder_pratama (31),COMPLETED,0,2026-10-07 17:32:05.262,10m 56s,3m 51s,2.4%,179.9 MB,4.1 GB,470.6 MB,265.1 MB
1737,08/7618ac,63470467_50,p13__deepvirfinder_pratama (51),COMPLETED,0,2026-10-07 17:32:05.262,10m 56s,16.9s,38.5%,191.1 MB,4.2 GB,445.2 MB,265.1 MB
1575,b8/e7efad,63470467_9,p13__deepvirfinder_pratama (10),COMPLETED,0,2026-10-07 17:32:05.262,11m 16s,4m 10s,2.0%,97.6 MB,3.7 GB,477.4 MB,265.1 MB
1757,30/74e7bd,63470467_55,p13__deepvirfinder_pratama (56),COMPLETED,0,2026-10-07 17:32:05.262,11m 26s,46.2s,12.4%,81.5 MB,3.6 GB,492.5 MB,265.1 MB
1774,2f/a6aa92,63470467_59,p13__deepvirfinder_pratama (60),COMPLETED,0,2026-10-07 17:32:05.262,11m 26s,49.4s,11.9%,180.4 MB,4.1 GB,474.5 MB,265.1 MB
1732,99/f4d181,63470467_49,p13__deepvirfinder_pratama (50),COMPLETED,0,2026-10-07 17:32:05.262,11m 36s,54.4s,11.2%,177.6 MB,3.9 GB,481.4 MB,265.1 MB
1753,6e/9430fa,63470467_54,p13__deepvirfinder_pratama (55),COMPLETED,0,2026-10-07 17:32:05.262,11m 56s,1m 19s,7.5%,181.1 MB,3.9 GB,475 MB,265.1 MB
1835,7e/b6b0fe,63470467_74,p13__deepvirfinder_pratama (75),COMPLETED,0,2026-10-07 17:32:05.262,12m 6s,1m 21s,6.9%,171.7 MB,4.1 GB,475.5 MB,265.1 MB
1717,d2/ff6d10,63470467_45,p13__deepvirfinder_pratama (46),COMPLETED,0,2026-10-07 17:32:05.262,12m 16s,1m 31s,6.8%,180.7 MB,4 GB,314.8 MB,265.1 MB
1813,b2/cef7dc,63470467_69,p13__deepvirfinder_pratama (70),COMPLETED,0,2026-10-07 17:32:05.262,12m 16s,1m 38s,5.4%,186.3 MB,3.9 GB,493.2 MB,265.1 MB
1844,38/b5a50f,63470467_76,p13__deepvirfinder_pratama (77),COMPLETED,0,2026-10-07 17:32:05.262,12m 26s,1m 45s,5.3%,181.7 MB,4.1 GB,425.3 MB,265.1 MB
1761,66/181f0b,63470467_56,p13__deepvirfinder_pratama (57),COMPLETED,0,2026-10-07 17:32:05.262,12m 36s,1m 58s,4.7%,26.3 MB,2.1 GB,331.5 MB,265 MB
1792,af/e71e69,63470467_64,p13__deepvirfinder_pratama (65),COMPLETED,0,2026-10-07 17:32:05.262,12m 36s,2m,4.7%,179.9 MB,3.9 GB,456.1 MB,265.1 MB
1713,2b/2436fb,63470467_44,p13__deepvirfinder_pratama (45),COMPLETED,0,2026-10-07 17:32:05.262,13m 6s,2m 27s,5.2%,177.9 MB,3.9 GB,489.5 MB,265.1 MB
1839,21/449c8e,63470467_75,p13__deepvirfinder_pratama (76),COMPLETED,0,2026-10-07 17:32:05.262,13m 26s,2m 45s,3.5%,181.3 MB,4.1 GB,489.9 MB,265.1 MB
1694,17/4861c2,63470467_40,p13__deepvirfinder_pratama (41),COMPLETED,0,2026-10-07 17:32:05.262,13m 36s,2m 51s,3.5%,178.6 MB,3.9 GB,448.5 MB,265.1 MB
1778,73/83a424,63470467_60,p13__deepvirfinder_pratama (61),COMPLETED,0,2026-10-07 17:32:05.262,13m 46s,3m 1s,3.2%,180.6 MB,4.1 GB,374.7 MB,265.1 MB
1808,e6/10e52b,63470467_68,p13__deepvirfinder_pratama (69),COMPLETED,0,2026-10-07 17:32:05.262,13m 46s,3m 9s,3.0%,188.8 MB,4.2 GB,473.8 MB,265.1 MB
1788,bb/a63b0b,63470467_63,p13__deepvirfinder_pratama (64),COMPLETED,0,2026-10-07 17:32:05.262,14m 48s,4m 9s,2.3%,178.2 MB,3.9 GB,477.4 MB,265.1 MB
1817,bb/93cfdd,63470467_70,p13__deepvirfinder_pratama (71),COMPLETED,0,2026-10-07 17:32:05.262,14m 48s,4m 8s,2.4%,175.3 MB,4.1 GB,298.3 MB,265.1 MB
1860,d2/589763,63470467_81,p13__deepvirfinder_pratama (82),COMPLETED,0,2026-10-07 17:32:05.262,16m 16s,1m 54s,5.1%,186.2 MB,3.9 GB,294.4 MB,265.1 MB
1859,e7/74f6ab,63470467_80,p13__deepvirfinder_pratama (81),COMPLETED,0,2026-10-07 17:32:05.262,17m 36s,3m 16s,3.0%,182 MB,4.1 GB,492 MB,265.1 MB
1581,88/6039b3,63470509_11,p16__genomad_pratama (12),COMPLETED,0,2026-10-07 17:32:09.339,20m 2s,12m 43s,0.7%,189.4 MB,4 GB,200.1 MB,268.5 MB
1550,c4/849bee,63470509_3,p16__genomad_pratama (4),COMPLETED,0,2026-10-07 17:32:09.339,20m 22s,12m 58s,0.8%,187.1 MB,4.1 GB,200.2 MB,268.5 MB
1565,9f/bb1ba3,63470509_7,p16__genomad_pratama (8),COMPLETED,0,2026-10-07 17:32:09.339,20m 32s,13m 12s,0.7%,190 MB,4.2 GB,201.9 MB,270.2 MB
1541,dd/8eed34,63470509_0,p16__genomad_pratama (1),COMPLETED,0,2026-10-07 17:32:09.339,23m 12s,15m 51s,0.6%,188 MB,4 GB,199.7 MB,268.1 MB
1724,61/48b432,63470509_46,p16__genomad_pratama (47),COMPLETED,0,2026-10-07 17:32:09.339,25m 4s,10m 50s,0.9%,189.9 MB,3.9 GB,198.6 MB,267 MB
1549,fe/36fb09,63473062_2,p14__vibrant_pratama (3),COMPLETED,0,2026-10-07 17:57:19.662,53.8s,12.8s,43.1%,176.9 MB,3.9 GB,266.1 MB,265.2 MB
1621,c8/cd849b,63470509_21,p16__genomad_pratama (22),COMPLETED,0,2026-10-07 17:32:09.339,26m 12s,12m,0.9%,188.4 MB,3.9 GB,200.8 MB,269 MB
1689,23/1e43a9,63473062_38,p14__vibrant_pratama (39),COMPLETED,0,2026-10-07 17:57:19.662,1m 2s,22.1s,25.5%,187.5 MB,4.1 GB,480.9 MB,265.1 MB
1562,da/7c291d,63473062_5,p14__vibrant_pratama (6),COMPLETED,0,2026-10-07 17:57:19.662,1m 12s,38.4s,16.6%,176.9 MB,3.8 GB,480.4 MB,265.1 MB
1596,92/0aaab1,63470509_15,p16__genomad_pratama (16),COMPLETED,0,2026-10-07 17:32:09.339,26m 32s,19m 13s,0.5%,189 MB,4 GB,199.4 MB,267.8 MB
1703,3e/5df73f,63470509_41,p16__genomad_pratama (42),COMPLETED,0,2026-10-07 17:32:09.339,26m 32s,12m 11s,0.8%,190 MB,4 GB,199.4 MB,267.8 MB
1767,14/6513de,63470509_57,p16__genomad_pratama (58),COMPLETED,0,2026-10-07 17:32:09.339,27m 4s,12m 49s,0.7%,190.9 MB,4 GB,202 MB,270.3 MB
1611,2e/4b4e2a,63473062_18,p14__vibrant_pratama (19),COMPLETED,0,2026-10-07 17:57:19.662,1m 54s,1m 16s,7.3%,174.9 MB,3.9 GB,478 MB,265.1 MB
1655,03/f59c66,63473062_30,p14__vibrant_pratama (31),COMPLETED,0,2026-10-07 17:57:19.662,2m 2s,1m 25s,7.2%,176.5 MB,3.8 GB,470.6 MB,265 MB
1645,4b/e16191,63470509_27,p16__genomad_pratama (28),COMPLETED,0,2026-10-07 17:32:09.339,27m 22s,13m 10s,0.7%,188.2 MB,4.1 GB,201.1 MB,269.3 MB
1661,51/a98d31,63473062_31,p14__vibrant_pratama (32),COMPLETED,0,2026-10-07 17:57:19.662,2m 12s,1m 30s,6.3%,180.8 MB,4.1 GB,483.6 MB,265.1 MB
1591,d0/0dc7e9,63473062_13,p14__vibrant_pratama (14),COMPLETED,0,2026-10-07 17:57:19.662,2m 22s,1m 43s,6.1%,123.1 MB,3.9 GB,473.4 MB,265.1 MB
1746,b5/a696b0,63470509_52,p16__genomad_pratama (53),COMPLETED,0,2026-10-07 17:32:09.339,27m 42s,13m 22s,0.7%,190.7 MB,4 GB,199.6 MB,267.9 MB
1615,c5/338e58,63473062_19,p14__vibrant_pratama (20),COMPLETED,0,2026-10-07 17:57:19.662,2m 32s,1m 58s,5.1%,190.4 MB,4 GB,491.5 MB,265.1 MB
1682,38/585ce9,63473062_37,p14__vibrant_pratama (38),COMPLETED,0,2026-10-07 17:57:19.662,2m 42s,2m 1s,4.7%,179.3 MB,4 GB,469.8 MB,265.1 MB
1574,b0/ae3aca,63473062_9,p14__vibrant_pratama (10),COMPLETED,0,2026-10-07 17:57:19.662,2m 52s,2m 11s,4.8%,175.5 MB,3.8 GB,477.4 MB,265.1 MB
1681,47/4a8e75,63473062_36,p14__vibrant_pratama (37),COMPLETED,0,2026-10-07 17:57:19.662,2m 54s,2m 15s,4.2%,189.6 MB,4 GB,457.6 MB,265.7 MB
1643,49/4c49d5,63473062_26,p14__vibrant_pratama (27),COMPLETED,0,2026-10-07 17:57:19.662,3m 2s,2m 25s,3.8%,180.6 MB,4.1 GB,371.9 MB,265.1 MB
1582,f7/fe6e4f,63473062_10,p14__vibrant_pratama (11),COMPLETED,0,2026-10-07 17:57:19.662,3m 22s,2m 46s,3.0%,186.3 MB,3.8 GB,335.9 MB,265 MB
1665,0a/1fb065,63473062_32,p14__vibrant_pratama (33),COMPLETED,0,2026-10-07 17:57:19.662,3m 22s,2m 48s,3.3%,81.2 MB,3.6 GB,497.8 MB,265.1 MB
1634,b9/8e1ab2,63473062_24,p14__vibrant_pratama (25),COMPLETED,0,2026-10-07 17:57:19.662,3m 32s,2m 58s,3.2%,128.6 MB,4 GB,476.3 MB,265.1 MB
1670,51/f7bad2,63473062_33,p14__vibrant_pratama (34),COMPLETED,0,2026-10-07 17:57:19.662,3m 32s,2m 51s,3.1%,178.5 MB,3.9 GB,301.3 MB,265.1 MB
1594,ce/39cfd3,63473062_14,p14__vibrant_pratama (15),COMPLETED,0,2026-10-07 17:57:19.662,3m 52s,3m 15s,3.2%,188.9 MB,4 GB,438.5 MB,265.1 MB
1564,20/3657fe,63473062_6,p14__vibrant_pratama (7),COMPLETED,0,2026-10-07 17:57:19.662,4m 4s,3m 21s,2.8%,178.6 MB,3.9 GB,339.7 MB,265.1 MB
1638,6c/6debfd,63473062_25,p14__vibrant_pratama (26),COMPLETED,0,2026-10-07 17:57:19.662,4m 12s,3m 39s,2.6%,65.1 MB,2.7 GB,491.8 MB,265.1 MB
1823,9c/643add,63470509_71,p16__genomad_pratama (72),COMPLETED,0,2026-10-07 17:32:09.339,29m 32s,11m 29s,0.8%,189.4 MB,4 GB,200.5 MB,268.8 MB
1729,6c/b7c03a,63470509_47,p16__genomad_pratama (48),COMPLETED,0,2026-10-07 17:32:09.339,30m 2s,15m 44s,0.6%,188.6 MB,4 GB,199.5 MB,267.9 MB
1793,3c/29cda4,63470509_64,p16__genomad_pratama (66),COMPLETED,0,2026-10-07 17:32:09.339,30m 2s,11m 50s,0.8%,190.9 MB,4.2 GB,199 MB,267.3 MB
1618,40/df19e6,63473062_20,p14__vibrant_pratama (21),COMPLETED,0,2026-10-07 17:57:19.662,4m 52s,4m 14s,2.2%,176.8 MB,3.9 GB,414.8 MB,265.1 MB
1607,28/84cc13,63473062_17,p14__vibrant_pratama (18),COMPLETED,0,2026-10-07 17:57:19.662,5m 5s,4m 32s,2.3%,185.4 MB,3.9 GB,463.4 MB,265.1 MB
1701,c0/46ffe6,63470467_41,p13__deepvirfinder_pratama (42),COMPLETED,0,2026-10-07 17:32:05.262,30m 36s,19m 51s,0.5%,190.4 MB,4 GB,430.8 MB,265.1 MB
1740,34/134650,63470467_51,p13__deepvirfinder_pratama (52),COMPLETED,0,2026-10-07 17:32:05.262,30m 36s,19m 54s,0.5%,188.6 MB,4 GB,430.6 MB,265.1 MB
1847,32/24f18c,63470467_77,p13__deepvirfinder_pratama (78),COMPLETED,0,2026-10-07 17:32:05.262,30m 56s,20m 11s,0.5%,189.7 MB,4.2 GB,430.8 MB,265.1 MB
1742,08/32917c,63470509_51,p16__genomad_pratama (52),COMPLETED,0,2026-10-07 17:32:09.339,30m 52s,16m 35s,0.6%,187.6 MB,3.8 GB,198.6 MB,267 MB
1544,29/dc327a,63473062_1,p14__vibrant_pratama (2),COMPLETED,0,2026-10-07 17:57:19.662,5m 42s,5m,2.3%,187.9 MB,3.9 GB,475.4 MB,265.4 MB
1845,23/1cae30,63470509_77,p16__genomad_pratama (78),COMPLETED,0,2026-10-07 17:32:09.339,31m 14s,13m 9s,0.7%,190 MB,4 GB,199.8 MB,268 MB
1708,18/c997d4,63470509_42,p16__genomad_pratama (43),COMPLETED,0,2026-10-07 17:32:09.339,31m 22s,17m 8s,0.5%,186.7 MB,3.8 GB,199.9 MB,268.3 MB
1853,f3/fa79d6,63470467_79,p13__deepvirfinder_pratama (80),COMPLETED,0,2026-10-07 17:32:05.262,31m 56s,21m 13s,0.5%,186.7 MB,3.9 GB,471 MB,265.4 MB
1796,ab/230c6d,63470509_66,p16__genomad_pratama (67),COMPLETED,0,2026-10-07 17:32:09.339,32m 14s,14m 3s,0.7%,190.1 MB,4.2 GB,199.6 MB,267.8 MB
1628,d7/2208f2,63473062_23,p14__vibrant_pratama (24),COMPLETED,0,2026-10-07 17:57:19.662,7m 22s,6m 44s,1.3%,187.8 MB,3.8 GB,462 MB,266.3 MB
1538,19/f83db1,63470467_0,p13__deepvirfinder_pratama (2),COMPLETED,0,2026-10-07 17:32:05.262,32m 56s,25m 53s,0.4%,186.6 MB,4 GB,478.2 MB,265.4 MB
1782,e3/f44432,63470467_61,p13__deepvirfinder_pratama (62),COMPLETED,0,2026-10-07 17:32:05.262,33m 30s,22m 47s,0.5%,189.2 MB,4 GB,431 MB,265.1 MB
1797,83/b0e168,63470467_65,p13__deepvirfinder_pratama (66),COMPLETED,0,2026-10-07 17:32:05.262,33m 30s,22m 42s,0.4%,188.9 MB,4 GB,430.6 MB,265.1 MB
1779,37/a5d2ba,63470509_61,p16__genomad_pratama (62),COMPLETED,0,2026-10-07 17:32:09.339,33m 26s,15m 21s,0.6%,187.5 MB,3.8 GB,199.7 MB,267.9 MB
1654,b1/244e58,63473062_29,p14__vibrant_pratama (30),COMPLETED,0,2026-10-07 17:57:19.662,8m 52s,8m 13s,1.3%,186.6 MB,3.9 GB,461.3 MB,267.5 MB
1547,18/6c890f,63470509_2,p16__genomad_pratama (3),COMPLETED,0,2026-10-07 17:32:09.339,34m 12s,26m 52s,0.4%,188.9 MB,3.9 GB,197.5 MB,265.8 MB
1764,4f/f48aa0,63473062_56,p14__vibrant_pratama (57),COMPLETED,0,2026-10-07 17:57:19.662,9m 2s,29.4s,20.0%,180.8 MB,4.1 GB,331.5 MB,265.1 MB
1584,61/3d4b14,63470509_12,p16__genomad_pratama (13),COMPLETED,0,2026-10-07 17:32:09.339,34m 24s,26m 59s,0.4%,191.7 MB,4.1 GB,200.6 MB,268.9 MB
1818,9c/53fde1,63473062_70,p14__vibrant_pratama (71),COMPLETED,0,2026-10-07 17:57:19.662,9m 32s,1m 8s,8.2%,178.7 MB,4 GB,298.3 MB,265.1 MB
1718,6c/27bebc,63473062_45,p14__vibrant_pratama (46),COMPLETED,0,2026-10-07 17:57:19.662,9m 42s,1m 16s,7.5%,154.3 MB,4.1 GB,314.8 MB,265.1 MB
1833,3f/ba2dd2,63473062_74,p14__vibrant_pratama (75),COMPLETED,0,2026-10-07 17:57:19.662,9m 42s,1m 17s,7.4%,58.9 MB,2.4 GB,475.5 MB,265.1 MB
1811,ba/6bfab0,63473062_68,p14__vibrant_pratama (69),COMPLETED,0,2026-10-07 17:57:19.662,9m 52s,1m 21s,7.0%,177.5 MB,4.1 GB,473.8 MB,265.1 MB
1815,a1/04cae7,63473062_69,p14__vibrant_pratama (70),COMPLETED,0,2026-10-07 17:57:19.662,9m 52s,1m 21s,7.5%,180.8 MB,3.9 GB,493.2 MB,265.1 MB
1838,a1/0d808f,63473062_75,p14__vibrant_pratama (76),COMPLETED,0,2026-10-07 17:57:19.662,9m 52s,1m 24s,6.8%,179.3 MB,4 GB,489.9 MB,265.1 MB
1695,15/eb5efa,63473062_39,p14__vibrant_pratama (40),COMPLETED,0,2026-10-07 17:57:19.662,10m 22s,1m 51s,5.2%,176.5 MB,4.1 GB,492.4 MB,265.1 MB
1696,99/b4ec2b,63473062_40,p14__vibrant_pratama (41),COMPLETED,0,2026-10-07 17:57:19.662,10m 22s,1m 52s,5.1%,82.6 MB,3.5 GB,448.4 MB,265.1 MB
1741,28/71ce99,63473062_50,p14__vibrant_pratama (51),COMPLETED,0,2026-10-07 17:57:19.662,10m 22s,1m 58s,4.5%,77.9 MB,3.6 GB,445.2 MB,265.1 MB
1675,81/0c710d,63470509_34,p16__genomad_pratama (35),COMPLETED,0,2026-10-07 17:32:09.339,35m 42s,21m 25s,0.5%,189.6 MB,4 GB,199.6 MB,267.8 MB
1760,a6/db0601,63473062_55,p14__vibrant_pratama (56),COMPLETED,0,2026-10-07 17:57:19.662,10m 32s,2m 2s,5.4%,180.8 MB,3.9 GB,492.5 MB,265.1 MB
1720,fe/813877,63470467_46,p13__deepvirfinder_pratama (47),COMPLETED,0,2026-10-07 17:32:05.262,35m 56s,25m 11s,0.4%,187 MB,3.9 GB,430.6 MB,265.1 MB
1795,b5/de97e8,63473062_63,p14__vibrant_pratama (64),COMPLETED,0,2026-10-07 17:57:19.662,11m 2s,2m 35s,3.9%,184.4 MB,3.8 GB,477.4 MB,265.1 MB
1626,5f/0eddf9,63470467_21,p13__deepvirfinder_pratama (22),COMPLETED,0,2026-10-07 17:32:05.262,36m 28s,29m 21s,0.3%,191.3 MB,4.2 GB,433 MB,265.2 MB
1756,58/3c2a5e,63473062_54,p14__vibrant_pratama (55),COMPLETED,0,2026-10-07 17:57:19.662,11m 22s,2m 52s,3.5%,185.4 MB,3.8 GB,475 MB,265.1 MB
1799,10/866479,63473062_64,p14__vibrant_pratama (65),COMPLETED,0,2026-10-07 17:57:19.662,11m 22s,2m 57s,3.4%,181 MB,4.1 GB,456.1 MB,265.1 MB
1846,b1/2fea7c,63470509_78,p16__genomad_pratama (79),COMPLETED,0,2026-10-07 17:32:09.339,36m 42s,18m 36s,0.5%,189.1 MB,4.2 GB,200.5 MB,268.7 MB
1827,48/26eb52,63470509_72,p16__genomad_pratama (73),COMPLETED,0,2026-10-07 17:32:09.339,36m 52s,18m 47s,0.5%,189.2 MB,4.2 GB,200.6 MB,268.8 MB
1780,67/1468a8,63473062_60,p14__vibrant_pratama (61),COMPLETED,0,2026-10-07 17:57:19.662,11m 42s,3m 13s,3.2%,179.4 MB,4 GB,374.7 MB,265.1 MB
1842,18/75f3e9,63473062_76,p14__vibrant_pratama (77),COMPLETED,0,2026-10-07 17:57:19.662,11m 42s,3m 13s,3.3%,179.4 MB,4 GB,425.3 MB,265.2 MB
1735,39/8a86bc,63473062_49,p14__vibrant_pratama (50),COMPLETED,0,2026-10-07 17:57:19.662,11m 52s,3m 26s,2.5%,177.5 MB,3.9 GB,481.4 MB,265.1 MB
1647,6b/aff7d4,63470467_27,p13__deepvirfinder_pratama (28),COMPLETED,0,2026-10-07 17:32:05.262,37m 16s,30m 11s,0.3%,188.5 MB,4 GB,432.8 MB,265.2 MB
1714,81/58d1dc,63473062_44,p14__vibrant_pratama (45),COMPLETED,0,2026-10-07 17:57:19.662,12m 2s,3m 29s,2.7%,92.8 MB,3.6 GB,489.3 MB,265 MB
1776,9b/84dc1c,63473062_59,p14__vibrant_pratama (60),COMPLETED,0,2026-10-07 17:57:19.662,12m 2s,3m 32s,2.9%,176.6 MB,3.8 GB,474.4 MB,265 MB
1600,a0/ebda80,63470509_16,p16__genomad_pratama (17),COMPLETED,0,2026-10-07 17:32:09.339,38m 25s,31m,0.3%,189.9 MB,4.1 GB,199.9 MB,268.2 MB
1649,2e/951b5d,63470509_28,p16__genomad_pratama (29),COMPLETED,0,2026-10-07 17:32:09.339,38m 25s,24m 5s,0.4%,186.1 MB,3.8 GB,201.2 MB,269.3 MB
1862,bf/930d5b,63473062_80,p14__vibrant_pratama (81),COMPLETED,0,2026-10-07 17:57:19.662,13m 22s,42.3s,15.3%,187.5 MB,3.9 GB,491.9 MB,265.1 MB
1822,15/1f738b,63470467_71,p13__deepvirfinder_pratama (72),COMPLETED,0,2026-10-07 17:32:05.262,39m 36s,28m 59s,0.4%,191.5 MB,4.1 GB,433 MB,265.2 MB
1709,59/8f08cf,63473062_43,p14__vibrant_pratama (44),COMPLETED,0,2026-10-07 17:57:19.662,14m 52s,6m 24s,1.4%,184.8 MB,3.9 GB,467.6 MB,265.6 MB
1783,65/42aa2a,63470509_62,p16__genomad_pratama (63),COMPLETED,0,2026-10-07 17:32:09.339,40m 24s,22m 16s,0.5%,189.6 MB,3.9 GB,200.6 MB,268.8 MB
1570,51/457d0b,63470509_8,p16__genomad_pratama (9),COMPLETED,0,2026-10-07 17:32:09.339,41m 2s,33m 41s,0.3%,190.1 MB,4.2 GB,202.1 MB,270.4 MB
1828,e3/8553ed,63473062_73,p14__vibrant_pratama (74),COMPLETED,0,2026-10-07 17:57:19.662,15m 52s,7m 19s,1.3%,190.5 MB,4 GB,461.9 MB,266.4 MB
1558,ea/f3d1c8,63473062_4,p14__vibrant_pratama (5),COMPLETED,0,2026-10-07 17:57:19.662,16m 2s,15m 21s,0.6%,187.8 MB,3.9 GB,463.2 MB,268.6 MB
1625,8a/92cc31,63470509_22,p16__genomad_pratama (23),COMPLETED,0,2026-10-07 17:32:09.339,41m 24s,27m 3s,0.4%,188.7 MB,3.9 GB,201 MB,269.2 MB
1680,a4/118818,63470509_35,p16__genomad_pratama (36),COMPLETED,0,2026-10-07 17:32:09.339,41m 24s,27m 12s,0.4%,189.6 MB,4.1 GB,199.8 MB,268 MB
1864,3f/3f219e,63473062_81,p14__vibrant_pratama (82),COMPLETED,0,2026-10-07 17:57:19.662,16m 22s,3m 43s,2.4%,186.3 MB,3.9 GB,294.5 MB,265.1 MB
1585,02/ac9dff,63470467_11,p13__deepvirfinder_pratama (12),COMPLETED,0,2026-10-07 17:32:05.262,41m 46s,34m 40s,0.3%,186.1 MB,3.9 GB,435.5 MB,265.2 MB
1710,8d/257490,63470467_43,p13__deepvirfinder_pratama (44),COMPLETED,0,2026-10-07 17:32:05.262,41m 46s,31m 6s,0.3%,186.5 MB,3.8 GB,469.8 MB,265.3 MB
1603,8b/643306,63473062_16,p14__vibrant_pratama (17),COMPLETED,0,2026-10-07 17:57:19.662,17m 2s,16m 20s,0.6%,187 MB,3.9 GB,460.1 MB,269 MB
1857,c4/d5f1e4,63473062_79,p14__vibrant_pratama (80),COMPLETED,0,2026-10-07 17:57:19.662,17m 20s,4m 27s,2.6%,191.8 MB,4 GB,469.6 MB,265.4 MB
1545,98/363d6d,63475506_2,p15__virsorter2_pratama (3),COMPLETED,0,2026-10-07 18:13:39.137,1m,24.7s,27.3%,189.9 MB,4 GB,267.3 MB,266.8 MB
1566,74/275644,63470467_7,p13__deepvirfinder_pratama (8),COMPLETED,0,2026-10-07 17:32:05.262,43m 6s,36m,0.3%,188.9 MB,4 GB,434.8 MB,265.2 MB
1609,2c/99a129,63475506_18,p15__virsorter2_pratama (19),COMPLETED,0,2026-10-07 18:13:39.137,1m 32s,56.7s,11.4%,191.6 MB,4.2 GB,479.2 MB,266.8 MB
1765,e7/258265,63470467_57,p13__deepvirfinder_pratama (58),COMPLETED,0,2026-10-07 17:32:05.262,43m 16s,32m 35s,0.3%,188.3 MB,4 GB,434.9 MB,265.2 MB
1595,5d/77d93a,63475506_14,p15__virsorter2_pratama (15),COMPLETED,0,2026-10-07 18:13:39.137,1m 42s,1m 11s,7.4%,187.2 MB,4 GB,439.7 MB,266.7 MB
1698,f3/b13d6f,63475506_38,p15__virsorter2_pratama (39),COMPLETED,0,2026-10-07 18:13:39.137,1m 56s,1m 17s,6.6%,185.5 MB,3.8 GB,482.1 MB,266.9 MB
1559,23/d65bc1,63475506_6,p15__virsorter2_pratama (7),COMPLETED,0,2026-10-07 18:13:39.137,2m 2s,1m 26s,7.6%,187.5 MB,4 GB,341.1 MB,266.8 MB
1587,21/bef000,63473062_12,p14__vibrant_pratama (13),COMPLETED,0,2026-10-07 17:57:19.662,18m 32s,17m 59s,0.6%,189.3 MB,4.1 GB,464.9 MB,269.9 MB
1644,3e/e3a9ad,63475506_26,p15__virsorter2_pratama (27),COMPLETED,0,2026-10-07 18:13:39.137,2m 12s,1m 38s,5.7%,233.3 MB,4.1 GB,372.9 MB,266.8 MB
1692,ca/738e4c,63475506_37,p15__virsorter2_pratama (38),COMPLETED,0,2026-10-07 18:13:39.137,2m 22s,1m 50s,4.8%,185.7 MB,3.8 GB,470.9 MB,266.8 MB
1579,49/6c0456,63475506_10,p15__virsorter2_pratama (11),COMPLETED,0,2026-10-07 18:13:39.137,2m 32s,1m 53s,5.2%,187.6 MB,3.9 GB,337.1 MB,266.8 MB
1671,ab/94a551,63475506_32,p15__virsorter2_pratama (33),COMPLETED,0,2026-10-07 18:13:39.137,2m 32s,1m 54s,5.1%,198 MB,4.2 GB,498.9 MB,266.8 MB
1636,d6/d387d6,63475506_24,p15__virsorter2_pratama (25),COMPLETED,0,2026-10-07 18:13:39.137,2m 42s,2m 5s,4.6%,188.6 MB,4 GB,477.4 MB,266.8 MB
1573,bc/63397c,63475506_9,p15__virsorter2_pratama (10),COMPLETED,0,2026-10-07 18:13:39.137,2m 56s,2m 19s,5.4%,187.5 MB,4 GB,478.7 MB,266.8 MB
1553,6d/aba789,63470509_4,p16__genomad_pratama (5),COMPLETED,0,2026-10-07 17:32:09.339,44m 32s,37m 10s,0.3%,189.2 MB,4.2 GB,200.6 MB,268.9 MB
1730,2f/cff406,63473062_48,p14__vibrant_pratama (49),COMPLETED,0,2026-10-07 17:57:19.662,20m 2s,11m 32s,0.9%,189.3 MB,4.2 GB,466.1 MB,268 MB
1613,52/d062b1,63475506_19,p15__virsorter2_pratama (20),COMPLETED,0,2026-10-07 18:13:39.137,3m 42s,3m 12s,3.4%,187.8 MB,3.9 GB,492.7 MB,266.8 MB
1620,b6/1203a1,63475506_20,p15__virsorter2_pratama (21),COMPLETED,0,2026-10-07 18:13:39.137,3m 42s,3m 7s,3.5%,190.7 MB,4.2 GB,416 MB,266.8 MB
1640,58/15e98e,63475506_25,p15__virsorter2_pratama (26),COMPLETED,0,2026-10-07 18:13:39.137,3m 42s,3m 11s,3.0%,189.8 MB,4.2 GB,492.9 MB,266.8 MB
1669,3a/663ed0,63475506_31,p15__virsorter2_pratama (32),COMPLETED,0,2026-10-07 18:13:39.137,3m 42s,3m 9s,3.1%,190.4 MB,4.2 GB,484.7 MB,266.8 MB
1699,e6/ae8e5a,63475506_39,p15__virsorter2_pratama (40),COMPLETED,0,2026-10-07 18:13:39.137,3m 42s,3m 7s,3.3%,189 MB,4.1 GB,493.7 MB,266.8 MB
1605,17/5aa9af,63475506_17,p15__virsorter2_pratama (18),COMPLETED,0,2026-10-07 18:13:39.137,3m 56s,3m 20s,3.2%,187.2 MB,3.9 GB,464.5 MB,266.8 MB
1662,26/cc3cbb,63475506_30,p15__virsorter2_pratama (31),COMPLETED,0,2026-10-07 18:13:39.137,4m 2s,3m 30s,2.7%,203.1 MB,4 GB,471.7 MB,266.8 MB
1555,46/7f8b5b,63475506_5,p15__virsorter2_pratama (6),COMPLETED,0,2026-10-07 18:13:39.137,4m 12s,3m 39s,3.2%,190.3 MB,4.2 GB,481.8 MB,266.8 MB
1673,a3/433bd1,63475506_33,p15__virsorter2_pratama (34),COMPLETED,0,2026-10-07 18:13:39.137,4m 22s,3m 45s,2.5%,204.5 MB,4.1 GB,302.4 MB,266.8 MB
1542,49/7a2762,63475506_1,p15__virsorter2_pratama (2),COMPLETED,0,2026-10-07 18:13:39.137,4m 56s,4m 16s,2.7%,190.8 MB,4 GB,475.4 MB,266.7 MB
1590,bd/964edb,63475506_13,p15__virsorter2_pratama (14),COMPLETED,0,2026-10-07 18:13:39.137,4m 56s,4m 16s,2.2%,186.9 MB,3.8 GB,474.7 MB,266.8 MB
1668,77/e6d636,63470467_34,p13__deepvirfinder_pratama (35),COMPLETED,0,2026-10-07 17:32:05.262,47m 6s,40m 1s,0.3%,187.8 MB,4.2 GB,435.9 MB,265.2 MB
1571,2a/016dfc,63473062_8,p14__vibrant_pratama (9),COMPLETED,0,2026-10-07 17:57:19.662,23m 32s,22m 52s,0.5%,186.6 MB,3.9 GB,469.3 MB,270.8 MB
1751,77/3128e3,63470509_53,p16__genomad_pratama (54),COMPLETED,0,2026-10-07 17:32:09.339,49m 12s,34m 58s,0.3%,188.8 MB,4.1 GB,200 MB,268.3 MB
1688,fc/1a2de1,63475506_36,p15__virsorter2_pratama (37),COMPLETED,0,2026-10-07 18:13:39.137,7m 52s,7m 14s,1.2%,188.2 MB,4 GB,456.9 MB,266.7 MB
1551,b5/75ea13,63470467_3,p13__deepvirfinder_pratama (4),COMPLETED,0,2026-10-07 17:32:05.262,50m 6s,43m 4s,0.3%,188.2 MB,4.2 GB,436.5 MB,265.2 MB
1770,9e/ac3634,63470509_58,p16__genomad_pratama (59),COMPLETED,0,2026-10-07 17:32:09.339,50m 22s,32m 14s,0.3%,187.4 MB,3.8 GB,202.6 MB,270.9 MB
1552,a5/2f8deb,63475506_4,p15__virsorter2_pratama (5),COMPLETED,0,2026-10-07 18:13:39.137,8m 52s,8m 17s,1.5%,188.2 MB,4 GB,450.7 MB,266.9 MB
1601,30/1a2d54,63470467_15,p13__deepvirfinder_pratama (16),COMPLETED,0,2026-10-07 17:32:05.262,51m 6s,44m 1s,0.3%,189.2 MB,4.1 GB,437.4 MB,265.2 MB
1802,d6/b1f8d4,63470467_66,p13__deepvirfinder_pratama (67),COMPLETED,0,2026-10-07 17:32:05.262,51m 6s,40m 29s,0.3%,188.6 MB,4 GB,436.2 MB,265.2 MB
1678,7f/824891,63473062_35,p14__vibrant_pratama (36),COMPLETED,0,2026-10-07 17:57:19.662,25m 52s,25m 16s,0.4%,189.2 MB,4.2 GB,463.1 MB,270.3 MB
1801,53/721478,63470509_67,p16__genomad_pratama (68),COMPLETED,0,2026-10-07 17:32:09.339,51m 12s,33m 4s,0.3%,187.7 MB,4 GB,200.2 MB,268.4 MB
1586,dd/af0598,63475506_12,p15__virsorter2_pratama (13),COMPLETED,0,2026-10-07 18:13:39.137,9m 52s,9m 18s,1.1%,190.6 MB,4.1 GB,446.7 MB,266.8 MB
1632,5d/7a6631,63475506_23,p15__virsorter2_pratama (24),COMPLETED,0,2026-10-07 18:13:39.137,10m 22s,9m 43s,1.0%,190.6 MB,4.1 GB,458.4 MB,266.9 MB
1750,4e/1a45ae,63473062_53,p14__vibrant_pratama (54),COMPLETED,0,2026-10-07 17:57:19.662,27m 12s,18m 47s,0.5%,187.4 MB,3.8 GB,466.2 MB,268.9 MB
1810,7a/4df5a7,63473062_67,p14__vibrant_pratama (68),COMPLETED,0,2026-10-07 17:57:19.662,27m 32s,19m 1s,0.5%,187.8 MB,4.2 GB,467.4 MB,269.4 MB
1816,03/7140eb,63475506_68,p15__virsorter2_pratama (69),COMPLETED,0,2026-10-07 18:13:39.137,13m 12s,28.5s,22.0%,188.9 MB,4.2 GB,474.9 MB,266.7 MB
1754,c2/2f1f41,63475506_54,p15__virsorter2_pratama (55),COMPLETED,0,2026-10-07 18:13:39.137,13m 22s,29.9s,22.1%,188.9 MB,4.2 GB,476.2 MB,266.8 MB
1775,a7/7a3879,63475506_59,p15__virsorter2_pratama (60),COMPLETED,0,2026-10-07 18:13:39.137,13m 22s,31.2s,22.9%,194.5 MB,4.1 GB,475.8 MB,266.9 MB
1660,e0/38a6ff,63475506_29,p15__virsorter2_pratama (30),COMPLETED,0,2026-10-07 18:13:39.137,13m 32s,12m 55s,0.8%,188.3 MB,4.1 GB,453.7 MB,267 MB
1715,7b/3501a9,63475506_44,p15__virsorter2_pratama (45),COMPLETED,0,2026-10-07 18:13:39.137,13m 42s,57.1s,12.8%,186.2 MB,3.9 GB,490.7 MB,266.8 MB
1837,b1/74fe5c,63475506_74,p15__virsorter2_pratama (75),COMPLETED,0,2026-10-07 18:13:39.137,13m 42s,57.2s,11.4%,252.6 MB,4 GB,476.7 MB,266.8 MB
1794,e7/cd3073,63475506_63,p15__virsorter2_pratama (64),COMPLETED,0,2026-10-07 18:13:39.137,14m 4s,1m 14s,9.2%,237.8 MB,3.9 GB,478.5 MB,266.9 MB
1843,e5/8911d8,63475506_76,p15__virsorter2_pratama (77),COMPLETED,0,2026-10-07 18:13:39.137,14m 4s,1m 20s,8.0%,188.3 MB,4 GB,426.5 MB,266.8 MB
1602,9b/7a2d60,63475506_16,p15__virsorter2_pratama (17),COMPLETED,0,2026-10-07 18:13:39.137,14m 22s,13m 47s,0.7%,187.9 MB,3.9 GB,446.6 MB,266.8 MB
1734,c9/6107e5,63475506_49,p15__virsorter2_pratama (50),COMPLETED,0,2026-10-07 18:13:39.137,14m 22s,1m 34s,7.7%,234.5 MB,3.9 GB,482.6 MB,266.8 MB
1763,b2/5786f5,63475506_56,p15__virsorter2_pratama (57),COMPLETED,0,2026-10-07 18:13:39.137,14m 42s,1m 55s,5.5%,189.1 MB,4.1 GB,332.7 MB,266.8 MB
1840,8e/037104,63475506_75,p15__virsorter2_pratama (76),COMPLETED,0,2026-10-07 18:13:39.137,14m 42s,1m 50s,5.9%,186.8 MB,3.8 GB,491.1 MB,266.8 MB
1861,3f/84e46d,63470509_81,p16__genomad_pratama (82),COMPLETED,0,2026-10-07 17:32:09.339,56m 22s,38m 15s,0.3%,191.5 MB,4.1 GB,198 MB,266.3 MB
1721,04/b4c753,63475506_45,p15__virsorter2_pratama (46),COMPLETED,0,2026-10-07 18:13:39.137,14m 52s,2m 6s,5.6%,188.5 MB,4 GB,316 MB,266.8 MB
1781,96/97dc08,63475506_60,p15__virsorter2_pratama (61),COMPLETED,0,2026-10-07 18:13:39.137,14m 52s,2m 1s,5.7%,189.2 MB,4 GB,375.9 MB,266.8 MB
1798,57/1d376b,63475506_64,p15__virsorter2_pratama (65),COMPLETED,0,2026-10-07 18:13:39.137,14m 52s,2m 7s,5.2%,190.1 MB,4 GB,457.2 MB,266.8 MB
1685,b5/67a283,63475506_35,p15__virsorter2_pratama (36),COMPLETED,0,2026-10-07 18:13:39.137,15m 22s,14m 46s,0.7%,188.2 MB,4 GB,442.9 MB,267 MB
1686,ab/d2fe37,63470509_36,p16__genomad_pratama (37),COMPLETED,0,2026-10-07 17:32:09.339,57m 2s,42m 48s,0.3%,191.5 MB,4 GB,221.7 MB,302.6 MB
1572,54/f877e3,63475506_8,p15__virsorter2_pratama (9),COMPLETED,0,2026-10-07 18:13:39.137,15m 42s,15m 7s,0.9%,189.7 MB,4 GB,447.7 MB,266.7 MB
1819,0d/6eb58e,63475506_69,p15__virsorter2_pratama (70),COMPLETED,0,2026-10-07 18:13:39.137,15m 52s,3m 7s,3.3%,190.2 MB,4.2 GB,494.5 MB,266.8 MB
1672,cc/699952,63470509_33,p16__genomad_pratama (34),COMPLETED,0,2026-10-07 17:32:09.339,57m 34s,43m 21s,0.2%,188.6 MB,4.1 GB,198.2 MB,266.5 MB
1700,41/e2d071,63475506_40,p15__virsorter2_pratama (41),COMPLETED,0,2026-10-07 18:13:39.137,16m 4s,3m 11s,3.3%,191.1 MB,4.1 GB,449.7 MB,266.8 MB
1719,5f/bceb45,63470509_45,p16__genomad_pratama (46),COMPLETED,0,2026-10-07 17:32:09.339,58m 2s,43m 47s,0.2%,187.9 MB,3.9 GB,198 MB,266.3 MB
1769,d4/ebe24d,63473062_58,p14__vibrant_pratama (59),COMPLETED,0,2026-10-07 17:57:19.662,33m 12s,24m 39s,0.4%,190.6 MB,4 GB,469.3 MB,271 MB
1739,1a/3d2829,63475506_50,p15__virsorter2_pratama (51),COMPLETED,0,2026-10-07 18:13:39.137,16m 52s,4m,2.6%,186.4 MB,3.9 GB,446.5 MB,266.8 MB
1759,20/74dc8a,63475506_55,p15__virsorter2_pratama (56),COMPLETED,0,2026-10-07 18:13:39.137,17m 5s,4m 20s,2.6%,189.1 MB,4.2 GB,493.7 MB,266.8 MB
1820,f2/4ed7c4,63475506_70,p15__virsorter2_pratama (71),COMPLETED,0,2026-10-07 18:13:39.137,17m 5s,4m 18s,2.3%,191.5 MB,4.2 GB,299.5 MB,266.8 MB
1652,f3/b3dc1b,63470509_29,p16__genomad_pratama (30),COMPLETED,0,2026-10-07 17:32:09.339,58m 42s,44m 29s,0.3%,186.9 MB,3.8 GB,201.8 MB,270 MB
1723,ea/053f70,63470467_47,p13__deepvirfinder_pratama (48),COMPLETED,0,2026-10-07 17:32:05.262,59m 6s,48m 22s,0.2%,189.7 MB,4 GB,437.5 MB,265.2 MB
1560,5c/75057a,63470509_6,p16__genomad_pratama (7),COMPLETED,0,2026-10-07 17:32:09.339,59m 22s,52m 1s,0.2%,189.9 MB,4.2 GB,198.3 MB,266.7 MB
1733,bb/4accba,63470509_48,p16__genomad_pratama (49),COMPLETED,0,2026-10-07 17:32:09.339,1h 2s,45m 43s,0.2%,186.7 MB,3.8 GB,200.1 MB,268.4 MB
1578,d1/fd7b38,63470509_10,p16__genomad_pratama (11),COMPLETED,0,2026-10-07 17:32:09.339,1h 12s,52m 52s,0.2%,189 MB,4 GB,198.7 MB,267.1 MB
1858,08/968052,63475506_80,p15__virsorter2_pratama (81),COMPLETED,0,2026-10-07 18:13:39.137,18m 52s,1m 32s,6.9%,280.7 MB,4.2 GB,493.2 MB,266.8 MB
1863,dc/14c069,63475506_81,p15__virsorter2_pratama (82),COMPLETED,0,2026-10-07 18:13:39.137,19m 52s,2m 36s,4.0%,190.4 MB,4.1 GB,295.6 MB,266.8 MB
1745,ee/f61b89,63470467_52,p13__deepvirfinder_pratama (53),COMPLETED,0,2026-10-07 17:32:05.262,1h 1m 46s,51m 9s,0.2%,191.9 MB,3.9 GB,437 MB,265.3 MB
1814,ba/ced3e4,63470509_70,p16__genomad_pratama (71),COMPLETED,0,2026-10-07 17:32:09.339,1h 1m 52s,43m 40s,0.2%,186.4 MB,3.8 GB,197.8 MB,266.1 MB
1856,c3/6d5071,63475506_79,p15__virsorter2_pratama (80),COMPLETED,0,2026-10-07 18:13:39.137,21m 22s,8m 32s,1.2%,188.6 MB,4 GB,469.3 MB,266.8 MB
1606,c7/64895f,63470509_17,p16__genomad_pratama (18),COMPLETED,0,2026-10-07 17:32:09.339,1h 3m 12s,55m 51s,0.2%,189.4 MB,4.2 GB,200.3 MB,268.5 MB
1830,df/b9816d,63470509_73,p16__genomad_pratama (74),COMPLETED,0,2026-10-07 17:32:09.339,1h 5m 34s,47m 29s,0.2%,190.2 MB,4 GB,201.3 MB,269.5 MB
1588,06/a858d0,63470509_13,p16__genomad_pratama (14),COMPLETED,0,2026-10-07 17:32:09.339,1h 6m 2s,58m 36s,0.2%,189.4 MB,4 GB,201 MB,269.3 MB
1537,65/a8773e,63470467_1,p13__deepvirfinder_pratama (1),COMPLETED,0,2026-10-07 17:32:05.262,1h 6m 26s,59m 26s,0.2%,188.6 MB,4 GB,442.3 MB,265.4 MB
1711,f3/f02343,63475506_43,p15__virsorter2_pratama (44),COMPLETED,0,2026-10-07 18:13:39.137,25m 14s,12m 30s,1.0%,188.1 MB,3.8 GB,466.6 MB,267 MB
1772,d4/9ef264,63475506_58,p15__virsorter2_pratama (59),COMPLETED,0,2026-10-07 18:13:39.137,25m 52s,13m 5s,0.9%,189.3 MB,4.1 GB,446.6 MB,266.8 MB
1630,e3/3ccaf6,63470467_23,p13__deepvirfinder_pratama (24),COMPLETED,0,2026-10-07 17:32:05.262,1h 7m 36s,1h 36s,0.2%,191.5 MB,4.2 GB,467.5 MB,265.6 MB
1762,c0/a92cbc,63470509_56,p16__genomad_pratama (57),COMPLETED,0,2026-10-07 17:32:09.339,1h 8m 12s,53m 57s,0.2%,186.9 MB,4 GB,198.1 MB,266.4 MB
1834,04/df1370,63475506_73,p15__virsorter2_pratama (74),COMPLETED,0,2026-10-07 18:13:39.137,27m 42s,14m 58s,0.7%,185.7 MB,3.8 GB,458 MB,266.8 MB
1624,ca/06658b,63473062_22,p14__vibrant_pratama (23),COMPLETED,0,2026-10-07 17:57:19.662,45m 32s,44m 50s,0.2%,188.1 MB,4 GB,479 MB,272.8 MB
1629,b3/3269a5,63470509_23,p16__genomad_pratama (24),COMPLETED,0,2026-10-07 17:32:09.339,1h 12m 12s,57m 53s,0.2%,187.2 MB,3.8 GB,202 MB,270.1 MB
1543,b9/7037cf,63470509_1,p16__genomad_pratama (2),COMPLETED,0,2026-10-07 17:32:09.339,1h 13m 42s,1h 6m 18s,0.2%,187.3 MB,3.9 GB,200.5 MB,268.8 MB
1687,c9/b197b0,63470509_37,p16__genomad_pratama (38),COMPLETED,0,2026-10-07 17:32:09.339,1h 15m 5s,1h 52s,0.2%,189.4 MB,4 GB,200.4 MB,268.6 MB
1712,53/7fe39c,63470509_43,p16__genomad_pratama (44),COMPLETED,0,2026-10-07 17:32:09.339,1h 15m 22s,1h 1m 8s,0.2%,188.6 MB,4.2 GB,200.9 MB,269.2 MB
1831,c2/3b665e,63470467_73,p13__deepvirfinder_pratama (74),COMPLETED,0,2026-10-07 17:32:05.262,1h 16m 16s,1h 5m 34s,0.2%,189.3 MB,4.1 GB,467.4 MB,265.6 MB
1651,3e/cc45fa,63473062_28,p14__vibrant_pratama (29),COMPLETED,0,2026-10-07 17:57:19.662,51m 42s,51m 8s,0.2%,187.9 MB,3.8 GB,480.3 MB,273 MB
1705,b5/4a9dfa,63470467_42,p13__deepvirfinder_pratama (43),COMPLETED,0,2026-10-07 17:32:05.262,1h 18m 26s,1h 7m 51s,0.2%,188 MB,3.9 GB,444.6 MB,265.4 MB
1593,d4/ba4494,63470509_14,p16__genomad_pratama (15),COMPLETED,0,2026-10-07 17:32:09.339,1h 19m 4s,1h 11m 35s,0.2%,188.4 MB,3.9 GB,199.6 MB,267.9 MB
1789,f0/48968e,63473062_62,p14__vibrant_pratama (63),COMPLETED,0,2026-10-07 17:57:19.662,54m 12s,45m 44s,0.2%,186.1 MB,3.9 GB,475.6 MB,270 MB
1824,63/9243cf,63473062_72,p14__vibrant_pratama (73),COMPLETED,0,2026-10-07 17:57:19.662,54m 42s,46m 9s,0.2%,185.7 MB,3.9 GB,477.1 MB,272.3 MB
1849,23/370e85,63470467_78,p13__deepvirfinder_pratama (79),COMPLETED,0,2026-10-07 17:32:05.262,1h 20m 26s,1h 9m 46s,0.2%,189 MB,4.2 GB,445.8 MB,265.6 MB
1726,be/a7b453,63470467_48,p13__deepvirfinder_pratama (49),COMPLETED,0,2026-10-07 17:32:05.262,1h 21m 46s,1h 11m 7s,0.2%,187 MB,3.9 GB,463.9 MB,265.7 MB
1851,3c/de68ea,63470509_79,p16__genomad_pratama (80),COMPLETED,0,2026-10-07 17:32:09.339,1h 21m 52s,1h 3m 44s,0.2%,189.6 MB,4.2 GB,201.6 MB,269.7 MB
1679,0a/88b7c8,63470467_36,p13__deepvirfinder_pratama (37),COMPLETED,0,2026-10-07 17:32:05.262,1h 24m 6s,1h 17m,0.2%,188.3 MB,4.2 GB,468.6 MB,265.6 MB
1784,72/e65dda,63470467_62,p13__deepvirfinder_pratama (63),COMPLETED,0,2026-10-07 17:32:05.262,1h 24m 36s,1h 13m 59s,0.2%,188.6 MB,4 GB,450.1 MB,265.6 MB
1650,9d/c8ee4e,63470467_28,p13__deepvirfinder_pratama (29),COMPLETED,0,2026-10-07 17:32:05.262,1h 26m 36s,1h 19m 30s,0.2%,188.5 MB,4.2 GB,447.7 MB,265.6 MB
1539,7e/b48400,63473062_0,p14__vibrant_pratama (1),COMPLETED,0,2026-10-07 17:57:19.662,1h 1m 22s,1h 46s,0.2%,187.8 MB,4 GB,459.7 MB,269.2 MB
1707,a9/fa59f9,63473062_42,p14__vibrant_pratama (43),COMPLETED,0,2026-10-07 17:57:19.662,1h 1m 32s,53m 6s,0.2%,189.4 MB,4.2 GB,475.3 MB,270.4 MB
1658,6e/3e666f,63470509_30,p16__genomad_pratama (31),COMPLETED,0,2026-10-07 17:32:09.339,1h 27m 12s,1h 12m 53s,0.2%,186.1 MB,3.8 GB,202 MB,270.1 MB
1608,24/e58664,63470509_18,p16__genomad_pratama (19),COMPLETED,0,2026-10-07 17:32:09.339,1h 28m 12s,1h 20m 52s,0.2%,189.7 MB,4 GB,200.2 MB,268.5 MB
1852,ea/22223b,63473062_78,p14__vibrant_pratama (79),COMPLETED,0,2026-10-07 17:57:19.662,1h 3m 4s,54m 38s,0.2%,189.2 MB,4 GB,477.3 MB,270.9 MB
1641,94/d88193,63470509_26,p16__genomad_pratama (27),COMPLETED,0,2026-10-07 17:32:09.339,1h 28m 52s,1h 14m 32s,0.2%,188.8 MB,4 GB,199.2 MB,267.4 MB
1577,d5/456cb9,63470509_9,p16__genomad_pratama (10),COMPLETED,0,2026-10-07 17:32:09.339,1h 32m 42s,1h 25m 19s,0.2%,186.9 MB,3.9 GB,201.9 MB,270.2 MB
1556,76/658e22,63470509_5,p16__genomad_pratama (6),COMPLETED,0,2026-10-07 17:32:09.339,1h 33m 52s,1h 26m 26s,0.1%,188.3 MB,4 GB,200.7 MB,269.1 MB
1664,c6/deeed2,63470509_31,p16__genomad_pratama (32),COMPLETED,0,2026-10-07 17:32:09.339,1h 34m 22s,1h 20m 9s,0.2%,191.1 MB,4 GB,201.7 MB,269.8 MB
1589,4b/e246dc,63470467_12,p13__deepvirfinder_pratama (13),COMPLETED,0,2026-10-07 17:32:05.262,1h 35m 26s,1h 28m 21s,0.1%,188.4 MB,4 GB,462.7 MB,265.8 MB
1826,7b/2ad92a,63470467_72,p13__deepvirfinder_pratama (73),COMPLETED,0,2026-10-07 17:32:05.262,1h 35m 36s,1h 24m 59s,0.2%,189.3 MB,4.2 GB,450.3 MB,265.5 MB
1832,9e/d0924a,63470509_74,p16__genomad_pratama (75),COMPLETED,0,2026-10-07 17:32:09.339,1h 35m 32s,1h 17m 26s,0.1%,189.2 MB,4 GB,201.4 MB,269.6 MB
1731,7d/505f42,63475506_48,p15__virsorter2_pratama (49),COMPLETED,0,2026-10-07 18:13:39.137,55m 32s,42m 46s,0.3%,189.5 MB,4 GB,454.6 MB,267.5 MB
1755,37/1a91f4,63470509_54,p16__genomad_pratama (55),COMPLETED,0,2026-10-07 17:32:09.339,1h 37m 12s,1h 22m 59s,0.1%,185.4 MB,3.8 GB,200.3 MB,268.6 MB
1646,4e/a1656c,63473062_27,p14__vibrant_pratama (28),COMPLETED,0,2026-10-07 17:57:19.662,1h 12m 2s,1h 11m 21s,0.2%,189.7 MB,4 GB,455.2 MB,266.9 MB
1599,23/874e80,63473062_15,p14__vibrant_pratama (16),COMPLETED,0,2026-10-07 17:57:19.662,1h 12m 12s,1h 11m 33s,0.2%,188.6 MB,4 GB,455.2 MB,267.9 MB
1812,c4/ab868e,63475506_67,p15__virsorter2_pratama (68),COMPLETED,0,2026-10-07 18:13:39.137,56m 32s,43m 45s,0.3%,189.6 MB,4.1 GB,448.8 MB,267.7 MB
1583,d1/f73b9d,63473062_11,p14__vibrant_pratama (12),COMPLETED,0,2026-10-07 17:57:19.662,1h 13m 22s,1h 12m 40s,0.2%,189.3 MB,4 GB,457.7 MB,267.8 MB
1674,5b/8f21e4,63473062_34,p14__vibrant_pratama (35),COMPLETED,0,2026-10-07 17:57:19.662,1h 13m 22s,1h 12m 42s,0.2%,189.3 MB,4.2 GB,452 MB,267.3 MB
1627,5c/8a877b,63470467_22,p13__deepvirfinder_pratama (23),COMPLETED,0,2026-10-07 17:32:05.262,1h 39m 16s,1h 32m 9s,0.1%,188.6 MB,4 GB,450.9 MB,265.6 MB
1787,f1/baf4cb,63470509_63,p16__genomad_pratama (64),COMPLETED,0,2026-10-07 17:32:09.339,1h 40m 4s,1h 21m 56s,0.1%,188.7 MB,4 GB,201.3 MB,269.4 MB
1619,26/08ef9c,63473062_21,p14__vibrant_pratama (22),COMPLETED,0,2026-10-07 17:57:19.662,1h 15m 22s,1h 14m 49s,0.1%,186.7 MB,3.8 GB,456.5 MB,267 MB
1653,4e/369c1d,63470467_29,p13__deepvirfinder_pratama (30),COMPLETED,0,2026-10-07 17:32:05.262,1h 40m 46s,1h 33m 47s,0.1%,190.8 MB,4.2 GB,468.2 MB,265.9 MB
1749,63/7673b5,63470467_53,p13__deepvirfinder_pratama (54),COMPLETED,0,2026-10-07 17:32:05.262,1h 40m 56s,1h 30m 19s,0.1%,186.1 MB,3.9 GB,462.5 MB,265.8 MB
1773,36/a96c6d,63470509_59,p16__genomad_pratama (60),COMPLETED,0,2026-10-07 17:32:09.339,1h 42m 2s,1h 23m 59s,0.2%,187.5 MB,3.8 GB,202.3 MB,270.5 MB
1752,cb/0f138c,63475506_53,p15__virsorter2_pratama (54),COMPLETED,0,2026-10-07 18:13:39.137,1h 35s,47m 47s,0.3%,190.1 MB,3.9 GB,450.4 MB,267.5 MB
1747,81/6e8b09,63473062_52,p14__vibrant_pratama (53),COMPLETED,0,2026-10-07 17:57:19.662,1h 17m 2s,1h 8m 33s,0.2%,185.3 MB,3.8 GB,466.6 MB,269 MB
1557,b5/42e922,63470467_4,p13__deepvirfinder_pratama (5),COMPLETED,0,2026-10-07 17:32:05.262,1h 42m 26s,1h 35m 27s,0.1%,186.7 MB,3.9 GB,463.9 MB,265.7 MB
1727,e0/4b0bd8,63473062_47,p14__vibrant_pratama (48),COMPLETED,0,2026-10-07 17:57:19.662,1h 18m 42s,1h 10m 17s,0.2%,188.4 MB,4.1 GB,466.7 MB,269.2 MB
1777,00/356a5a,63470509_60,p16__genomad_pratama (61),COMPLETED,0,2026-10-07 17:32:09.339,1h 44m 14s,1h 26m 4s,0.2%,188.4 MB,3.9 GB,199.5 MB,267.7 MB
1567,e7/b8f3b8,63473062_7,p14__vibrant_pratama (8),COMPLETED,0,2026-10-07 17:57:19.662,1h 19m 22s,1h 18m 46s,0.2%,186.9 MB,3.8 GB,461.6 MB,268.1 MB
1805,f0/66b22d,63473062_66,p14__vibrant_pratama (67),COMPLETED,0,2026-10-07 17:57:19.662,1h 19m 22s,1h 10m 54s,0.2%,189.4 MB,4.2 GB,462.8 MB,268.5 MB
1569,c7/ae0dc9,63470467_8,p13__deepvirfinder_pratama (9),COMPLETED,0,2026-10-07 17:32:05.262,1h 45m 56s,1h 38m 49s,0.2%,186.7 MB,4 GB,462.2 MB,266 MB
1736,a1/72b621,63470509_49,p16__genomad_pratama (50),COMPLETED,0,2026-10-07 17:32:09.339,1h 47m 32s,1h 33m 17s,0.1%,187 MB,3.8 GB,200.2 MB,268.5 MB
1771,f6/6c69c4,63470467_58,p13__deepvirfinder_pratama (59),COMPLETED,0,2026-10-07 17:32:05.262,1h 47m 56s,1h 37m 18s,0.1%,191.2 MB,4.2 GB,462.5 MB,266 MB
1633,70/df3b6c,63470509_24,p16__genomad_pratama (25),COMPLETED,0,2026-10-07 17:32:09.339,1h 47m 52s,1h 33m 39s,0.2%,188.7 MB,4 GB,201.9 MB,270 MB
1841,fb/40b26a,63470509_76,p16__genomad_pratama (77),COMPLETED,0,2026-10-07 17:32:09.339,1h 48m 2s,1h 29m 56s,0.1%,189.2 MB,4 GB,199.5 MB,267.7 MB
1722,0c/3fb061,63473062_46,p14__vibrant_pratama (47),COMPLETED,0,2026-10-07 17:57:19.662,1h 24m 2s,1h 15m 31s,0.2%,188.8 MB,4 GB,446.4 MB,266.1 MB
1554,96/a3e6da,63473062_3,p14__vibrant_pratama (4),COMPLETED,0,2026-10-07 17:57:19.662,1h 24m 42s,1h 24m 8s,0.2%,193.4 MB,4.2 GB,459.1 MB,268.3 MB
1702,f3/35dbe3,63473062_41,p14__vibrant_pratama (42),COMPLETED,0,2026-10-07 17:57:19.662,1h 24m 52s,1h 16m 19s,0.2%,186.7 MB,4.1 GB,448.4 MB,266.1 MB
1821,5d/0f9ac0,63473062_71,p14__vibrant_pratama (72),COMPLETED,0,2026-10-07 17:57:19.662,1h 26m 2s,1h 17m 29s,0.2%,186.8 MB,4 GB,454.9 MB,267 MB
1848,e8/8030c3,63473062_77,p14__vibrant_pratama (78),COMPLETED,0,2026-10-07 17:57:19.662,1h 26m 42s,1h 18m 16s,0.1%,190.5 MB,4 GB,449.9 MB,266.1 MB
1766,af/2d1105,63473062_57,p14__vibrant_pratama (58),COMPLETED,0,2026-10-07 17:57:19.662,1h 27m 2s,1h 18m 30s,0.1%,187 MB,3.9 GB,461.4 MB,268 MB
1743,f4/6068b0,63473062_51,p14__vibrant_pratama (52),COMPLETED,0,2026-10-07 17:57:19.662,1h 27m 24s,1h 19m,0.2%,187.4 MB,4.2 GB,446.2 MB,266.1 MB
1738,e8/d87886,63470509_50,p16__genomad_pratama (51),COMPLETED,0,2026-10-07 17:32:09.339,1h 52m 52s,1h 38m 33s,0.1%,185.8 MB,3.9 GB,199.2 MB,267.7 MB
1690,ff/769cea,63470509_38,p16__genomad_pratama (39),COMPLETED,0,2026-10-07 17:32:09.339,1h 53m 12s,1h 38m 57s,0.1%,187.5 MB,3.8 GB,200.3 MB,268.5 MB
1800,53/d16c71,63473062_65,p14__vibrant_pratama (66),COMPLETED,0,2026-10-07 17:57:19.662,1h 28m 24s,1h 19m 55s,0.1%,189.2 MB,4 GB,445.9 MB,266.1 MB
1804,ca/da7a7c,63470467_67,p13__deepvirfinder_pratama (68),COMPLETED,0,2026-10-07 17:32:05.262,1h 54m 6s,1h 43m 30s,0.1%,190.5 MB,4.2 GB,461.5 MB,265.7 MB
1836,47/ddfd21,63470509_75,p16__genomad_pratama (76),COMPLETED,0,2026-10-07 17:32:09.339,1h 54m 22s,1h 36m 20s,0.1%,191.3 MB,4.2 GB,200.9 MB,269.1 MB
1616,46/2a4479,63470509_20,p16__genomad_pratama (21),COMPLETED,0,2026-10-07 17:32:09.339,1h 54m 42s,1h 40m 26s,0.2%,191.5 MB,4 GB,198.9 MB,267.1 MB
1691,b4/127ed3,63470509_39,p16__genomad_pratama (40),COMPLETED,0,2026-10-07 17:32:09.339,1h 54m 52s,1h 40m 37s,0.1%,187.2 MB,3.9 GB,199.9 MB,268.1 MB
1786,b3/0dd059,63473062_61,p14__vibrant_pratama (62),COMPLETED,0,2026-10-07 17:57:19.662,1h 29m 42s,1h 21m 12s,0.2%,186.9 MB,3.9 GB,450.9 MB,266.1 MB
1806,85/fa1bf8,63470509_68,p16__genomad_pratama (69),COMPLETED,0,2026-10-07 17:32:09.339,1h 55m 22s,1h 37m 20s,0.1%,187 MB,3.9 GB,200.7 MB,268.9 MB
1697,d4/3afb56,63470509_40,p16__genomad_pratama (41),COMPLETED,0,2026-10-07 17:32:09.339,1h 56m 2s,1h 41m 47s,0.1%,189.6 MB,4 GB,199.1 MB,267.4 MB
1716,04/77a944,63470509_44,p16__genomad_pratama (45),COMPLETED,0,2026-10-07 17:32:09.339,1h 56m 44s,1h 42m 26s,0.1%,189 MB,4.1 GB,200.5 MB,268.8 MB
1666,51/0c820e,63470509_32,p16__genomad_pratama (33),COMPLETED,0,2026-10-07 17:32:09.339,1h 57m 22s,1h 43m 3s,0.1%,190.5 MB,4.1 GB,201.1 MB,269.3 MB
1854,5c/c4926e,63470509_80,p16__genomad_pratama (81),COMPLETED,0,2026-10-07 17:32:09.339,1h 57m 46s,1h 39m 40s,0.1%,188.1 MB,4 GB,200.8 MB,269 MB
1790,26/43f465,63470509_65,p16__genomad_pratama (65),COMPLETED,0,2026-10-07 17:32:09.339,1h 58m 2s,1h 39m 52s,0.1%,190.9 MB,4 GB,200.1 MB,268.3 MB
1676,bd/8b4b9d,63470467_35,p13__deepvirfinder_pratama (36),COMPLETED,0,2026-10-07 17:32:05.262,1h 58m 36s,1h 51m 32s,0.1%,191.3 MB,4.1 GB,458.7 MB,265.7 MB
1637,81/d17e24,63470509_25,p16__genomad_pratama (26),COMPLETED,0,2026-10-07 17:32:09.339,2h 52s,1h 46m 34s,0.1%,187.4 MB,4 GB,201.4 MB,269.5 MB
1612,6e/c2201c,63470509_19,p16__genomad_pratama (20),COMPLETED,0,2026-10-07 17:32:09.339,2h 3m 2s,1h 52m 1s,0.1%,185.2 MB,3.9 GB,199.9 MB,268.2 MB
1758,c1/a81edb,63470509_55,p16__genomad_pratama (56),COMPLETED,0,2026-10-07 17:32:09.339,2h 6m 32s,1h 52m 11s,0.1%,185.4 MB,3.8 GB,200 MB,268.2 MB
1604,e3/6d009a,63470467_16,p13__deepvirfinder_pratama (17),COMPLETED,0,2026-10-07 17:32:05.262,2h 13m 6s,2h 6m 5s,0.1%,191.3 MB,4.2 GB,467.8 MB,265.9 MB
1657,10/53c0c3,63475506_28,p15__virsorter2_pratama (29),COMPLETED,0,2026-10-07 18:13:39.137,1h 34m 4s,1h 33m 32s,0.1%,189.2 MB,4 GB,442.6 MB,271.1 MB
1631,79/a47d65,63475506_22,p15__virsorter2_pratama (23),COMPLETED,0,2026-10-07 18:13:39.137,1h 41m 2s,1h 40m 24s,0.1%,190.6 MB,4 GB,442.8 MB,270 MB
1807,a1/144b86,63470509_69,p16__genomad_pratama (70),COMPLETED,0,2026-10-07 17:32:09.339,2h 32m 32s,2h 14m 23s,0.1%,186.5 MB,3.9 GB,200.2 MB,268.3 MB
1791,98/dc03ea,63475506_62,p15__virsorter2_pratama (63),COMPLETED,0,2026-10-07 18:13:39.137,1h 58m 52s,1h 46m 1s,0.1%,188.1 MB,4.1 GB,446.1 MB,271.7 MB
1706,df/f1fffe,63475506_42,p15__virsorter2_pratama (43),COMPLETED,0,2026-10-07 18:13:39.137,2h 16m 44s,2h 3m 52s,0.1%,187.3 MB,4 GB,442.8 MB,272.5 MB
1855,94/a85504,63475506_78,p15__virsorter2_pratama (79),COMPLETED,0,2026-10-07 18:13:39.137,2h 19m 22s,2h 6m 31s,0.1%,190 MB,4 GB,443.8 MB,273.1 MB
1829,17/a8af45,63475506_72,p15__virsorter2_pratama (73),COMPLETED,0,2026-10-07 18:13:39.137,2h 28m 52s,2h 16m 5s,0.1%,185.8 MB,3.9 GB,442.8 MB,270 MB
1540,09/b402c2,63475506_0,p15__virsorter2_pratama (1),COMPLETED,0,2026-10-07 18:13:39.137,3h 23m 22s,3h 22m 46s,0.1%,186 MB,3.9 GB,440 MB,270.7 MB
1809,44/dbea68,63475506_66,p15__virsorter2_pratama (67),COMPLETED,0,2026-10-07 18:13:39.137,3h 26m 12s,3h 13m 24s,0.1%,192 MB,4 GB,439.7 MB,272.9 MB
1580,23/861567,63475506_11,p15__virsorter2_pratama (12),COMPLETED,0,2026-10-07 18:13:39.137,3h 30m 2s,3h 29m 28s,0.1%,189.5 MB,4.2 GB,441.3 MB,274.8 MB
1677,99/67456c,63475506_34,p15__virsorter2_pratama (35),COMPLETED,0,2026-10-07 18:13:39.137,3h 46m 12s,3h 45m 37s,0.1%,189.2 MB,4.2 GB,438.6 MB,272 MB
1748,a4/344c92,63475506_52,p15__virsorter2_pratama (53),COMPLETED,0,2026-10-07 18:13:39.137,3h 52m 32s,3h 39m 46s,0.1%,186.9 MB,3.8 GB,440 MB,272.9 MB
1704,73/a890e7,63475506_41,p15__virsorter2_pratama (42),COMPLETED,0,2026-10-07 18:13:39.137,3h 56m 22s,3h 43m 38s,0.1%,188.3 MB,4 GB,438.9 MB,274.4 MB
1648,15/d01835,63475506_27,p15__virsorter2_pratama (28),COMPLETED,0,2026-10-07 18:13:39.137,3h 58m 52s,3h 58m 13s,0.1%,189.2 MB,4.1 GB,443.1 MB,277.8 MB
1728,e2/8aebfa,63475506_47,p15__virsorter2_pratama (48),COMPLETED,0,2026-10-07 18:13:39.137,4h 4m 2s,3h 51m 19s,0.1%,187.3 MB,4 GB,439.9 MB,272.6 MB
1623,3f/59a50d,63475506_21,p15__virsorter2_pratama (22),COMPLETED,0,2026-10-07 18:13:39.137,4h 11m 54s,4h 11m 19s,0.1%,192.3 MB,4.2 GB,443.5 MB,278 MB
1597,f1/c8dba8,63475506_15,p15__virsorter2_pratama (16),COMPLETED,0,2026-10-07 18:13:39.137,4h 17m 12s,4h 16m 35s,0.1%,186.1 MB,3.8 GB,438.8 MB,271.6 MB
1548,a3/0ade75,63475506_3,p15__virsorter2_pratama (4),COMPLETED,0,2026-10-07 18:13:39.137,4h 18m 12s,4h 17m 32s,0.1%,187.6 MB,4 GB,441.3 MB,274.3 MB
1725,6a/e82841,63475506_46,p15__virsorter2_pratama (47),COMPLETED,0,2026-10-07 18:13:39.137,4h 22m 52s,4h 10m 3s,0.1%,187.9 MB,3.9 GB,436.5 MB,272.1 MB
1825,f2/71a773,63475506_71,p15__virsorter2_pratama (72),COMPLETED,0,2026-10-07 18:13:39.137,4h 28m 44s,4h 16m,0.1%,186.2 MB,3.9 GB,441.8 MB,276.3 MB
1768,16/20c8dc,63475506_57,p15__virsorter2_pratama (58),COMPLETED,0,2026-10-07 18:13:39.137,4h 51m 2s,4h 38m 17s,0.1%,188.3 MB,4 GB,445.8 MB,279.4 MB
1803,fe/97e702,63475506_65,p15__virsorter2_pratama (66),COMPLETED,0,2026-10-07 18:13:39.137,5h 8m 52s,4h 56m 6s,0.1%,186.4 MB,3.9 GB,437 MB,272.7 MB
1744,74/422297,63475506_51,p15__virsorter2_pratama (52),COMPLETED,0,2026-10-07 18:13:39.137,5h 14m 33s,5h 1m 49s,0.1%,187.6 MB,3.9 GB,437.4 MB,273 MB
1568,d2/45189c,63475506_7,p15__virsorter2_pratama (8),COMPLETED,0,2026-10-07 18:13:39.137,5h 50m 43s,5h 50m 11s,0.1%,188.2 MB,4 GB,445.8 MB,279.4 MB
1785,00/0d2ffd,63475506_61,p15__virsorter2_pratama (62),COMPLETED,0,2026-10-07 18:13:39.137,5h 58m 3s,5h 45m 13s,0.1%,186.7 MB,3.8 GB,439.3 MB,274.8 MB
1850,f0/645072,63475506_77,p15__virsorter2_pratama (78),COMPLETED,0,2026-10-07 18:13:39.137,5h 59m 43s,5h 46m 52s,0.1%,187.7 MB,3.8 GB,438.9 MB,274.3 MB
1865,21/c2b5b8,63517406,p17__merge_candidate_calls_pratama_nospades (1),COMPLETED,0,2026-10-08 00:13:35.507,29m 26s,27m 39s,7.1%,1.5 GB,4.7 GB,22.4 GB,26.3 GB
1866,e0/e51880,63524425,p19__contig_length_table (1),COMPLETED,0,2026-10-08 00:43:06.700,12m 15s,21.4s,27.8%,187.7 MB,3.2 GB,903.6 MB,972 MB
1867,bd/935bc7,63524466,p18__split_viral_contigs_pratama (1),COMPLETED,0,2026-10-08 00:43:09.813,13m 32s,1m 22s,85.8%,189.2 MB,3.1 GB,24.8 GB,24.9 GB
1868,ec/821fd7,63524514,p20__pratama_votu_recovery (1),COMPLETED,0,2026-10-08 00:43:14.678,14m 17s,2m 28s,5.7%,189.5 MB,4.1 GB,3.6 GB,3.6 GB
1887,eb/7badbb,63527098_19,p21__checkv_batch_pratama (19),COMPLETED,0,2026-10-08 00:56:45.699,24m 26s,22m 24s,0.6%,193.4 MB,5.2 GB,592.3 MB,660.7 MB
1886,43/91635e,63527098_17,p21__checkv_batch_pratama (18),COMPLETED,0,2026-10-08 00:56:45.699,57m 16s,55m 13s,0.3%,191.4 MB,5 GB,1.3 GB,1.3 GB
1871,d6/6bc92a,63527098_3,p21__checkv_batch_pratama (3),COMPLETED,0,2026-10-08 00:56:45.699,57m 58s,55m 55s,0.2%,187 MB,5.2 GB,1.3 GB,1.3 GB
1888,fd/387781,63527098_18,p21__checkv_batch_pratama (20),COMPLETED,0,2026-10-08 00:56:45.699,57m 58s,55m 58s,0.3%,192.8 MB,5.1 GB,1.3 GB,1.3 GB
1885,85/147562,63527098_15,p21__checkv_batch_pratama (17),COMPLETED,0,2026-10-08 00:56:45.699,58m 16s,56m 8s,0.2%,191.9 MB,5 GB,1.3 GB,1.4 GB
1874,62/7ec4a1,63527098_5,p21__checkv_batch_pratama (6),COMPLETED,0,2026-10-08 00:56:45.699,58m 46s,56m 39s,0.2%,189.3 MB,4.9 GB,1.3 GB,1.3 GB
1875,c9/6f5620,63527098_6,p21__checkv_batch_pratama (7),COMPLETED,0,2026-10-08 00:56:45.699,1h 26s,58m 24s,0.2%,193.8 MB,5 GB,1.3 GB,1.3 GB
1884,bd/addf61,63527098_16,p21__checkv_batch_pratama (16),COMPLETED,0,2026-10-08 00:56:45.699,1h 26s,58m 25s,0.2%,195.1 MB,5.2 GB,1.3 GB,1.3 GB
1890,ed/16d9ea,63527098_20,p21__checkv_batch_pratama (22),COMPLETED,0,2026-10-08 00:56:45.699,1h 26s,58m 20s,0.2%,193.1 MB,5.1 GB,1.3 GB,1.3 GB
1883,ce/404fa4,63527098_14,p21__checkv_batch_pratama (15),COMPLETED,0,2026-10-08 00:56:45.699,1h 1m 36s,59m 26s,0.2%,192 MB,5 GB,1.2 GB,1.3 GB
1892,2c/48352f,63527098_23,p21__checkv_batch_pratama (24),COMPLETED,0,2026-10-08 00:56:45.699,1h 1m 56s,59m 48s,0.2%,190.2 MB,5 GB,1.3 GB,1.3 GB
1878,34/d38272,63527098_8,p21__checkv_batch_pratama (10),COMPLETED,0,2026-10-08 00:56:45.699,1h 2m 26s,1h 26s,0.2%,193.3 MB,5 GB,1.2 GB,1.3 GB
1870,0a/c2a63f,63527098_1,p21__checkv_batch_pratama (2),COMPLETED,0,2026-10-08 00:56:45.699,1h 2m 46s,1h 42s,0.3%,189.4 MB,5.1 GB,1.3 GB,1.3 GB
1879,97/408411,63527098_10,p21__checkv_batch_pratama (11),COMPLETED,0,2026-10-08 00:56:45.699,1h 2m 46s,1h 38s,0.2%,192.2 MB,5.1 GB,1.3 GB,1.3 GB
1872,0d/fe9031,63527098_2,p21__checkv_batch_pratama (4),COMPLETED,0,2026-10-08 00:56:45.699,1h 2m 56s,1h 47s,0.2%,188.4 MB,4.8 GB,1.3 GB,1.4 GB
1889,50/9ef01a,63527098_21,p21__checkv_batch_pratama (21),COMPLETED,0,2026-10-08 00:56:45.699,1h 2m 56s,1h 50s,0.2%,188 MB,4.9 GB,1.3 GB,1.3 GB
1877,87/0cc95b,63527098_9,p21__checkv_batch_pratama (9),COMPLETED,0,2026-10-08 00:56:45.699,1h 3m 30s,1h 1m 18s,0.2%,190.1 MB,5.2 GB,1.3 GB,1.3 GB
1881,92/5a24dc,63527098_12,p21__checkv_batch_pratama (13),COMPLETED,0,2026-10-08 00:56:45.699,1h 3m 30s,1h 1m 27s,0.2%,192.3 MB,5.2 GB,1.3 GB,1.4 GB
1876,c1/2c9bfc,63527098_7,p21__checkv_batch_pratama (8),COMPLETED,0,2026-10-08 00:56:45.699,1h 3m 36s,1h 1m 32s,0.2%,188.6 MB,4.9 GB,1.3 GB,1.3 GB
1882,60/da6457,63527098_13,p21__checkv_batch_pratama (14),COMPLETED,0,2026-10-08 00:56:45.699,1h 3m 46s,1h 1m 42s,0.2%,188.3 MB,4.8 GB,1.3 GB,1.4 GB
1880,86/03297a,63527098_11,p21__checkv_batch_pratama (12),COMPLETED,0,2026-10-08 00:56:45.699,1h 4m 6s,1h 1m 58s,0.2%,192.1 MB,5.1 GB,1.3 GB,1.3 GB
1873,f4/120165,63527098_4,p21__checkv_batch_pratama (5),COMPLETED,0,2026-10-08 00:56:45.699,1h 4m 28s,1h 2m 23s,0.2%,190.9 MB,5.2 GB,1.3 GB,1.3 GB
1891,b6/630c01,63527098_22,p21__checkv_batch_pratama (23),COMPLETED,0,2026-10-08 00:56:45.699,1h 4m 46s,1h 2m 45s,0.2%,188.4 MB,4.8 GB,1.3 GB,1.3 GB
1869,18/529ee3,63527098_0,p21__checkv_batch_pratama (1),COMPLETED,0,2026-10-08 00:56:45.699,1h 7m 46s,1h 5m 37s,0.2%,188.5 MB,4.8 GB,1.3 GB,1.4 GB
1893,98/6ab315,63527098_24,p21__checkv_batch_pratama (25),COMPLETED,0,2026-10-08 00:56:45.699,1h 10m 26s,1h 35s,0.2%,693.7 MB,5.6 GB,1.3 GB,1.4 GB
1894,df/9158c3,63527098_25,p21__checkv_batch_pratama (26),COMPLETED,0,2026-10-08 00:56:45.699,1h 10m 46s,1h 50s,0.2%,190.6 MB,5.1 GB,1.3 GB,1.3 GB
1912,a8/5eb718,63536017_16,p22__curate_trim_batch_pratama (17),COMPLETED,0,2026-10-08 02:07:43.043,3m 39s,13.4s,58.6%,228.2 MB,3.2 GB,1.1 GB,1.2 GB
1898,6d/23cfc6,63536017_3,p22__curate_trim_batch_pratama (4),COMPLETED,0,2026-10-08 02:07:43.043,3m 49s,20.7s,34.2%,190.1 MB,3.1 GB,1.1 GB,1 GB
1906,4e/1135a6,63536017_9,p22__curate_trim_batch_pratama (11),COMPLETED,0,2026-10-08 02:07:43.043,3m 49s,20.1s,29.9%,185.8 MB,3.3 GB,1.1 GB,1.1 GB
1910,57/11ab8d,63536017_15,p22__curate_trim_batch_pratama (15),COMPLETED,0,2026-10-08 02:07:43.043,3m 49s,16.3s,45.5%,183.6 MB,3.1 GB,1.2 GB,1.2 GB
1920,b5/ed73d7,63536017_24,p22__curate_trim_batch_pratama (25),COMPLETED,0,2026-10-08 02:07:43.043,3m 49s,21.4s,29.5%,184.8 MB,3.2 GB,1.1 GB,1.2 GB
1899,97/20847f,63536007,p23__checkv_merge_pratama (1),COMPLETED,0,2026-10-08 02:07:38.080,4m 4s,25.6s,45.4%,571 MB,3.5 GB,3.5 GB,3.6 GB
1904,0e/2c3ccb,63536017_7,p22__curate_trim_batch_pratama (9),COMPLETED,0,2026-10-08 02:07:43.043,3m 59s,30.2s,24.3%,191.5 MB,3.1 GB,1.1 GB,1.1 GB
1895,88/45ffbf,63536017_1,p22__curate_trim_batch_pratama (1),COMPLETED,0,2026-10-08 02:07:43.043,4m 9s,37.1s,14.1%,122.8 MB,3 GB,562 MB,621.2 MB
1897,85/534138,63536017_2,p22__curate_trim_batch_pratama (3),COMPLETED,0,2026-10-08 02:07:43.043,4m 9s,39s,16.0%,195.5 MB,3 GB,1.1 GB,1.1 GB
1902,df/1412a0,63536017_6,p22__curate_trim_batch_pratama (7),COMPLETED,0,2026-10-08 02:07:43.043,4m 9s,36.8s,18.4%,183.4 MB,3.1 GB,1.2 GB,1.2 GB
1907,84/922929,63536017_10,p22__curate_trim_batch_pratama (12),COMPLETED,0,2026-10-08 02:07:43.043,4m 9s,39.9s,17.9%,192.9 MB,3.2 GB,1.1 GB,1.1 GB
1911,26/7d6046,63536017_14,p22__curate_trim_batch_pratama (16),COMPLETED,0,2026-10-08 02:07:43.043,4m 9s,36s,18.2%,183.8 MB,3.1 GB,1.2 GB,1.2 GB
1914,84/1cce03,63536017_18,p22__curate_trim_batch_pratama (19),COMPLETED,0,2026-10-08 02:07:43.043,4m 9s,44.3s,16.9%,224.8 MB,3.2 GB,1.1 GB,1.2 GB
1915,cb/2e0260,63536017_19,p22__curate_trim_batch_pratama (20),COMPLETED,0,2026-10-08 02:07:43.043,4m 9s,38.5s,19.3%,231.2 MB,3 GB,1.2 GB,1.2 GB
1917,db/040984,63536017_21,p22__curate_trim_batch_pratama (22),COMPLETED,0,2026-10-08 02:07:43.043,4m 9s,39.9s,17.4%,187.6 MB,3.1 GB,1.1 GB,1.1 GB
1921,bd/a10d1c,63536017_25,p22__curate_trim_batch_pratama (26),COMPLETED,0,2026-10-08 02:07:43.043,4m 9s,35.8s,21.6%,182.1 MB,3.1 GB,1.1 GB,1.2 GB
1901,ab/200c44,63536017_5,p22__curate_trim_batch_pratama (6),COMPLETED,0,2026-10-08 02:07:43.043,4m 19s,54.7s,12.6%,191.8 MB,3 GB,1.2 GB,1.2 GB
1909,bc/64d278,63536017_13,p22__curate_trim_batch_pratama (14),COMPLETED,0,2026-10-08 02:07:43.043,4m 19s,46.2s,13.9%,182.4 MB,3.1 GB,1.2 GB,1.2 GB
1919,ea/0ed900,63536017_23,p22__curate_trim_batch_pratama (24),COMPLETED,0,2026-10-08 02:07:43.043,4m 19s,46.3s,13.6%,184.9 MB,3.1 GB,1.2 GB,1.2 GB
1903,1d/2850ed,63536017_11,p22__curate_trim_batch_pratama (8),COMPLETED,0,2026-10-08 02:07:43.043,4m 29s,56.6s,13.5%,184.2 MB,3.1 GB,1.1 GB,1.2 GB
1908,7e/755964,63536017_12,p22__curate_trim_batch_pratama (13),COMPLETED,0,2026-10-08 02:07:43.043,4m 40s,1m 12s,10.6%,192 MB,3 GB,1.1 GB,1.2 GB
1913,6f/4f09f9,63536017_17,p22__curate_trim_batch_pratama (18),COMPLETED,0,2026-10-08 02:07:43.043,4m 40s,1m 8s,10.0%,183.7 MB,3 GB,1.2 GB,1.2 GB
1900,df/7a93d7,63536017_4,p22__curate_trim_batch_pratama (5),COMPLETED,0,2026-10-08 02:07:43.043,4m 49s,1m 20s,8.7%,232.6 MB,3 GB,1.1 GB,1.1 GB
1905,14/e5cc7b,63536017_8,p22__curate_trim_batch_pratama (10),COMPLETED,0,2026-10-08 02:07:43.043,4m 49s,1m 26s,8.1%,192.4 MB,3 GB,1.1 GB,1.1 GB
1896,fc/94f5c6,63536017_0,p22__curate_trim_batch_pratama (2),COMPLETED,0,2026-10-08 02:07:43.043,4m 59s,1m 27s,7.7%,184.7 MB,3.1 GB,1.2 GB,1.2 GB
1916,ed/18acf9,63536017_20,p22__curate_trim_batch_pratama (21),COMPLETED,0,2026-10-08 02:07:43.043,4m 59s,1m 28s,7.5%,182.9 MB,3.1 GB,1.1 GB,1.1 GB
1918,13/97b551,63536017_22,p22__curate_trim_batch_pratama (23),COMPLETED,0,2026-10-08 02:07:43.043,4m 59s,1m 26s,7.1%,184 MB,3.1 GB,1.1 GB,1.2 GB
1922,24/285fcc,63536585,p24__curate_merge_pratama (1),COMPLETED,0,2026-10-08 02:12:44.517,4m 17s,1m 37s,90.1%,1.7 GB,4.6 GB,22.9 GB,22.9 GB
1923,b5/e0323d,63537312,p25__mmseqs_votu_pratama (1),COMPLETED,0,2026-10-08 02:17:04.077,20m 58s,19m 7s,0.7%,189.4 MB,5 GB,785.4 MB,854.1 MB
1924,cb/475c49,63539382,p26__votu_representatives_pratama (1),COMPLETED,0,2026-10-08 02:38:05.320,4m 6s,1m 10s,11.9%,891.1 MB,3.7 GB,2.7 GB,2.4 GB
1925,b3/071cc1,63539722,p27__genomad_island_annotate_pratama (1),COMPLETED,0,2026-10-08 02:42:14.106,5m 48s,3m 29s,3.0%,188.6 MB,4.1 GB,317.6 MB,303.5 MB
1926,74/e92b7c,63540056,p28__island_filter_pratama (1),COMPLETED,0,2026-10-08 02:48:04.321,47.5s,27.1s,71.9%,2.2 GB,5 GB,4 GB,4 GB
1927,5d/570cd1,63540273,p29__final_votu_recovery_pratama (1),COMPLETED,0,2026-10-08 02:48:54.824,11m 27s,45.6s,13.7%,187.4 MB,4.1 GB,642.6 MB,710.9 MB
