task_id,hash,native_id,name,status,exit,submit,duration,realtime,%cpu,peak_rss,peak_vmem,rchar,wchar
3,0e/049581,162935,p02__bbduk_pratama_cached (1),COMPLETED,0,2026-10-07 11:48:32.350,1.2s,17ms,20.4%,0,0,107.3 KB,1.5 KB
2,72/65b8f1,162934,p01__seqkit_reads_cached (2),COMPLETED,0,2026-10-07 11:48:32.290,1.6s,47ms,12.6%,0,0,107.1 KB,1.3 KB
1,e9/40eeb6,162969,p01__seqkit_reads_cached (1),COMPLETED,0,2026-10-07 11:48:32.460,1.4s,68ms,10.2%,0,0,107.1 KB,1.3 KB
4,05/5a8113,163006,p03__fastp_report_pratama_cached (1),COMPLETED,0,2026-10-07 11:48:32.554,1.2s,91ms,7.7%,0,0,112.1 KB,1.5 KB
7,df/e885c9,163229,p01__seqkit_reads_cached (3),COMPLETED,0,2026-10-07 11:48:32.982,1.3s,72ms,0.0%,0,0,107.1 KB,1.3 KB
6,20/f462ca,163127,p04__flye_pratama_cached (1),COMPLETED,0,2026-10-07 11:48:32.751,1.6s,83ms,5.2%,0,0,107.6 KB,1.9 KB
5,53/bfe84d,163101,p03__fastp_report_pratama_cached (2),COMPLETED,0,2026-10-07 11:48:32.703,2.2s,100ms,9.2%,0,0,112.1 KB,1.5 KB
10,c3/83b23a,163730,p04__flye_pratama_cached (2),COMPLETED,0,2026-10-07 11:48:33.736,1.3s,84ms,0.0%,0,0,107.6 KB,1.9 KB
8,9c/0a4f1d,163295,p03__fastp_report_pratama_cached (3),COMPLETED,0,2026-10-07 11:48:33.157,1.9s,86ms,9.3%,0,0,112.1 KB,1.5 KB
9,61/91653b,163686,p02__bbduk_pratama_cached (2),COMPLETED,0,2026-10-07 11:48:33.624,1.8s,104ms,5.3%,0,0,107.3 KB,1.5 KB
11,06/35cf8c,163841,p04__flye_pratama_cached (3),COMPLETED,0,2026-10-07 11:48:33.892,1.5s,78ms,10.4%,0,0,107.6 KB,1.9 KB
13,ce/64ae79,163895,p01__seqkit_reads_cached (5),COMPLETED,0,2026-10-07 11:48:33.917,2s,74ms,9.4%,0,0,107.1 KB,1.3 KB
14,e5/8fb7a7,164093,p02__bbduk_pratama_cached (3),COMPLETED,0,2026-10-07 11:48:34.351,1.9s,91ms,3.5%,0,0,107.3 KB,1.5 KB
12,32/b8ea43,164132,p01__seqkit_reads_cached (4),COMPLETED,0,2026-10-07 11:48:34.537,1.4s,17ms,17.3%,0,0,107.1 KB,1.3 KB
15,35/95d055,164426,p03__fastp_report_pratama_cached (4),COMPLETED,0,2026-10-07 11:48:35.081,1.6s,73ms,9.4%,0,0,112.1 KB,1.5 KB
16,d6/e0dbca,164355,p01__seqkit_reads_cached (6),COMPLETED,0,2026-10-07 11:48:34.955,1.8s,100ms,7.6%,0,0,107.1 KB,1.3 KB
19,d3/d63036,164605,p02__bbduk_pratama_cached (4),COMPLETED,0,2026-10-07 11:48:35.451,1.8s,43ms,8.2%,0,0,107.3 KB,1.5 KB
18,17/9bd3b7,164519,p04__flye_pratama_cached (4),COMPLETED,0,2026-10-07 11:48:35.394,1.6s,52ms,5.4%,0,0,107.6 KB,1.9 KB
21,76/6f6ece,164951,p04__flye_pratama_cached (5),COMPLETED,0,2026-10-07 11:48:36.148,1.3s,92ms,10.2%,0,0,107.6 KB,1.9 KB
22,36/d4a513,165045,p02__bbduk_pratama_cached (5),COMPLETED,0,2026-10-07 11:48:36.283,1.5s,43ms,8.7%,0,0,107.3 KB,1.5 KB
17,cf/986e95,164494,p03__fastp_report_pratama_cached (5),COMPLETED,0,2026-10-07 11:48:35.098,2.9s,43ms,11.4%,0,0,112.1 KB,1.5 KB
23,50/957d0b,165082,p01__seqkit_reads_cached (7),COMPLETED,0,2026-10-07 11:48:36.682,1.6s,61ms,13.9%,0,0,107.1 KB,1.3 KB
20,75/9339b5,164825,p03__fastp_report_pratama_cached (6),COMPLETED,0,2026-10-07 11:48:35.906,2.3s,86ms,10.1%,0,0,112.1 KB,1.5 KB
24,6d/26788b,165206,p01__seqkit_reads_cached (8),COMPLETED,0,2026-10-07 11:48:36.738,1.6s,92ms,8.6%,0,0,107.1 KB,1.3 KB
25,2a/ce6c4b,165399,p04__flye_pratama_cached (6),COMPLETED,0,2026-10-07 11:48:36.971,1.4s,44ms,9.3%,0,0,107.6 KB,1.9 KB
26,3b/241982,165518,p03__fastp_report_pratama_cached (7),COMPLETED,0,2026-10-07 11:48:37.294,1.1s,77ms,7.0%,0,0,112.1 KB,1.5 KB
27,41/7f0f86,165636,p03__fastp_report_pratama_cached (8),COMPLETED,0,2026-10-07 11:48:37.529,912ms,72ms,14.7%,0,0,112.1 KB,1.5 KB
28,a0/d6cc7f,165787,p02__bbduk_pratama_cached (6),COMPLETED,0,2026-10-07 11:48:37.750,1.2s,51ms,8.8%,0,0,107.3 KB,1.5 KB
30,e0/e346aa,165988,p04__flye_pratama_cached (7),COMPLETED,0,2026-10-07 11:48:38.170,1s,27ms,15.9%,0,0,107.6 KB,1.9 KB
32,eb/0542f0,166067,p01__seqkit_reads_cached (9),COMPLETED,0,2026-10-07 11:48:38.292,1.2s,123ms,4.4%,0,0,107.1 KB,1.3 KB
29,e4/7a3a61,165961,p02__bbduk_pratama_cached (7),COMPLETED,0,2026-10-07 11:48:38.016,1.5s,31ms,22.0%,0,0,107.3 KB,1.5 KB
33,ad/485051,166150,p04__flye_pratama_cached (9),COMPLETED,0,2026-10-07 11:48:38.403,1.3s,65ms,6.0%,0,0,107.6 KB,1.9 KB
31,a7/594c64,166117,p04__flye_pratama_cached (8),COMPLETED,0,2026-10-07 11:48:38.317,1.6s,87ms,0.0%,0,0,107.6 KB,1.9 KB
35,39/28c73c,166324,p03__fastp_report_pratama_cached (10),COMPLETED,0,2026-10-07 11:48:38.826,1.1s,105ms,9.1%,0,0,112.1 KB,1.5 KB
34,a0/90c0cc,166305,p03__fastp_report_pratama_cached (9),COMPLETED,0,2026-10-07 11:48:38.747,1.4s,127ms,9.3%,0,0,112.1 KB,1.5 KB
37,d5/9e4be6,166654,p02__bbduk_pratama_cached (9),COMPLETED,0,2026-10-07 11:48:39.257,1.1s,32ms,8.2%,0,0,107.3 KB,1.5 KB
36,08/55431c,166653,p02__bbduk_pratama_cached (8),COMPLETED,0,2026-10-07 11:48:39.228,1.3s,33ms,13.1%,0,0,107.3 KB,1.5 KB
40,f7/4c425e,166913,p01__seqkit_reads_cached (10),COMPLETED,0,2026-10-07 11:48:39.728,1s,82ms,13.7%,0,0,107.1 KB,1.3 KB
38,74/6eff67,166873,p04__flye_pratama_cached (10),COMPLETED,0,2026-10-07 11:48:39.586,1.3s,88ms,9.2%,0,0,107.6 KB,1.9 KB
39,ee/edfa7d,166877,p03__fastp_report_pratama_cached (11),COMPLETED,0,2026-10-07 11:48:39.655,1.4s,50ms,15.8%,0,0,112.1 KB,1.5 KB
44,22/4fdcc2,167275,p04__flye_pratama_cached (11),COMPLETED,0,2026-10-07 11:48:40.345,847ms,8ms,21.3%,0,0,107.6 KB,1.9 KB
42,d3/86a72d,166999,p02__bbduk_pratama_cached (10),COMPLETED,0,2026-10-07 11:48:39.949,1.3s,101ms,0.0%,0,0,107.3 KB,1.5 KB
41,e6/849aaa,167015,p01__seqkit_reads_cached (11),COMPLETED,0,2026-10-07 11:48:39.971,1.6s,52ms,0.0%,0,0,107.1 KB,1.3 KB
45,ff/376c09,167403,p03__fastp_report_pratama_cached (12),COMPLETED,0,2026-10-07 11:48:40.497,1.2s,106ms,4.0%,0,0,112.1 KB,1.5 KB
46,5a/4f4a17,167566,p04__flye_pratama_cached (12),COMPLETED,0,2026-10-07 11:48:40.760,1s,100ms,4.8%,0,0,107.6 KB,1.9 KB
43,bb/06029b,167150,p01__seqkit_reads_cached (12),COMPLETED,0,2026-10-07 11:48:40.109,1.6s,66ms,13.0%,0,0,107.1 KB,1.3 KB
47,dd/56ecf7,167661,p04__flye_pratama_cached (13),COMPLETED,0,2026-10-07 11:48:40.935,1s,74ms,9.7%,0,0,107.6 KB,1.9 KB
48,4a/8e8b48,167874,p02__bbduk_pratama_cached (11),COMPLETED,0,2026-10-07 11:48:41.189,1.3s,98ms,9.0%,0,0,107.3 KB,1.5 KB
50,99/e238cf,167988,p01__seqkit_reads_cached (13),COMPLETED,0,2026-10-07 11:48:41.236,1.3s,78ms,5.0%,0,0,107.1 KB,1.3 KB
49,94/e31db5,167886,p02__bbduk_pratama_cached (12),COMPLETED,0,2026-10-07 11:48:41.199,1.5s,79ms,4.5%,0,0,107.3 KB,1.5 KB
52,cc/b6b7ec,168132,p03__fastp_report_pratama_cached (14),COMPLETED,0,2026-10-07 11:48:41.706,1.2s,63ms,6.2%,0,0,112.1 KB,1.5 KB
51,8e/a943b4,168032,p03__fastp_report_pratama_cached (13),COMPLETED,0,2026-10-07 11:48:41.632,1.3s,84ms,4.3%,0,0,112.1 KB,1.5 KB
53,ff/70fafc,168156,p01__seqkit_reads_cached (14),COMPLETED,0,2026-10-07 11:48:41.759,1.3s,34ms,6.8%,0,0,107.1 KB,1.3 KB
54,b4/b08627,168226,p04__flye_pratama_cached (14),COMPLETED,0,2026-10-07 11:48:41.795,1.3s,69ms,8.8%,0,0,107.6 KB,1.9 KB
55,a8/a1b777,168287,p03__fastp_report_pratama_cached (15),COMPLETED,0,2026-10-07 11:48:41.971,1.3s,104ms,3.9%,0,0,112.1 KB,1.5 KB
56,39/ff2562,168595,p02__bbduk_pratama_cached (13),COMPLETED,0,2026-10-07 11:48:42.477,953ms,93ms,10.2%,0,0,107.3 KB,1.5 KB
58,35/2f035f,168794,p04__flye_pratama_cached (15),COMPLETED,0,2026-10-07 11:48:42.756,972ms,81ms,8.0%,0,0,107.6 KB,1.9 KB
59,fd/d881e6,168927,p03__fastp_report_pratama_cached (16),COMPLETED,0,2026-10-07 11:48:42.889,1.1s,108ms,8.6%,0,0,112.1 KB,1.5 KB
57,87/88ef75,168623,p01__seqkit_reads_cached (15),COMPLETED,0,2026-10-07 11:48:42.528,1.4s,14ms,5.2%,0,0,107.1 KB,1.3 KB
62,c7/ae9116,169132,p04__flye_pratama_cached (16),COMPLETED,0,2026-10-07 11:48:43.144,1.1s,38ms,11.9%,0,0,107.6 KB,1.9 KB
60,a8/66c2f1,169036,p01__seqkit_reads_cached (16),COMPLETED,0,2026-10-07 11:48:43.004,1.2s,35ms,5.4%,0,0,107.1 KB,1.3 KB
63,e8/3967b3,169253,p04__flye_pratama_cached (17),COMPLETED,0,2026-10-07 11:48:43.241,1.3s,102ms,0.0%,0,0,107.6 KB,1.9 KB
64,46/7aabbf,169379,p03__fastp_report_pratama_cached (17),COMPLETED,0,2026-10-07 11:48:43.439,1.3s,69ms,9.6%,0,0,112.1 KB,1.5 KB
61,8f/806984,169059,p01__seqkit_reads_cached (17),COMPLETED,0,2026-10-07 11:48:43.083,1.9s,75ms,4.9%,0,0,107.1 KB,1.3 KB
68,10/67e195,169813,p02__bbduk_pratama_cached (15),COMPLETED,0,2026-10-07 11:48:44.092,1s,49ms,5.9%,0,0,107.3 KB,1.5 KB
65,6c/802514,169469,p03__fastp_report_pratama_cached (18),COMPLETED,0,2026-10-07 11:48:43.736,1.3s,82ms,8.8%,0,0,112.1 KB,1.5 KB
66,81/24e2fc,169773,p02__bbduk_pratama_cached (14),COMPLETED,0,2026-10-07 11:48:43.960,1.5s,51ms,8.3%,0,0,107.3 KB,1.5 KB
69,06/5f61c8,169884,p02__bbduk_pratama_cached (16),COMPLETED,0,2026-10-07 11:48:44.254,1.2s,69ms,17.0%,0,0,107.3 KB,1.5 KB
70,fc/61e71c,170100,p03__fastp_report_pratama_cached (19),COMPLETED,0,2026-10-07 11:48:44.536,1.3s,57ms,11.1%,0,0,112.1 KB,1.5 KB
72,48/07485c,170316,p01__seqkit_reads_cached (19),COMPLETED,0,2026-10-07 11:48:44.948,985ms,47ms,6.5%,0,0,107.1 KB,1.3 KB
71,14/538e3c,170210,p03__fastp_report_pratama_cached (20),COMPLETED,0,2026-10-07 11:48:44.783,1.1s,80ms,5.2%,0,0,112.1 KB,1.5 KB
67,e2/83b8de,169967,p01__seqkit_reads_cached (18),COMPLETED,0,2026-10-07 11:48:44.281,2s,41ms,14.6%,0,0,107.1 KB,1.3 KB
74,d6/292f9e,170538,p02__bbduk_pratama_cached (17),COMPLETED,0,2026-10-07 11:48:45.113,1.3s,85ms,12.7%,0,0,107.3 KB,1.5 KB
73,b6/ad6e9b,170398,p01__seqkit_reads_cached (20),COMPLETED,0,2026-10-07 11:48:45.028,1.3s,86ms,9.1%,0,0,107.1 KB,1.3 KB
75,59/e23db7,170728,p01__seqkit_reads_cached (21),COMPLETED,0,2026-10-07 11:48:45.446,1.3s,51ms,5.2%,0,0,107.1 KB,1.3 KB
78,92/90f662,170829,p03__fastp_report_pratama_cached (22),COMPLETED,0,2026-10-07 11:48:45.748,1.1s,93ms,8.8%,0,0,112.1 KB,1.5 KB
76,7f/154261,170916,p02__bbduk_pratama_cached (18),COMPLETED,0,2026-10-07 11:48:45.912,1.4s,52ms,9.2%,0,0,107.3 KB,1.5 KB
79,a9/3d0c25,171043,p01__seqkit_reads_cached (22),COMPLETED,0,2026-10-07 11:48:45.947,1.4s,71ms,11.1%,0,0,107.1 KB,1.3 KB
77,25/df1e79,170897,p03__fastp_report_pratama_cached (21),COMPLETED,0,2026-10-07 11:48:45.816,1.5s,81ms,9.4%,0,0,112.1 KB,1.5 KB
80,ad/82ce6a,171215,p01__seqkit_reads_cached (23),COMPLETED,0,2026-10-07 11:48:46.368,1.2s,63ms,4.9%,0,0,107.1 KB,1.3 KB
82,94/32e028,171317,p03__fastp_report_pratama_cached (23),COMPLETED,0,2026-10-07 11:48:46.443,1.2s,67ms,12.7%,0,0,112.1 KB,1.5 KB
83,59/d54794,171400,p03__fastp_report_pratama_cached (24),COMPLETED,0,2026-10-07 11:48:46.715,891ms,55ms,16.3%,0,0,112.1 KB,1.5 KB
84,d8/433aea,171502,p03__fastp_report_pratama_cached (25),COMPLETED,0,2026-10-07 11:48:46.905,806ms,81ms,13.4%,0,0,112.1 KB,1.5 KB
81,26/038f03,171151,p02__bbduk_pratama_cached (19),COMPLETED,0,2026-10-07 11:48:46.276,1.5s,96ms,4.2%,0,0,107.3 KB,1.5 KB
87,ce/34825a,171931,p01__seqkit_reads_cached (24),COMPLETED,0,2026-10-07 11:48:47.441,991ms,74ms,13.1%,0,0,107.1 KB,1.3 KB
85,51/f19f90,171821,p03__fastp_report_pratama_cached (26),COMPLETED,0,2026-10-07 11:48:47.299,1.4s,79ms,4.2%,0,0,112.1 KB,1.5 KB
90,f7/1426ff,172016,p03__fastp_report_pratama_cached (27),COMPLETED,0,2026-10-07 11:48:47.629,1.2s,87ms,10.6%,0,0,112.1 KB,1.5 KB
86,ab/a993a8,171924,p02__bbduk_pratama_cached (20),COMPLETED,0,2026-10-07 11:48:47.385,1.5s,100ms,4.6%,0,0,107.3 KB,1.5 KB
89,b2/61e6b1,171995,p02__bbduk_pratama_cached (21),COMPLETED,0,2026-10-07 11:48:47.621,1.3s,67ms,8.3%,0,0,107.3 KB,1.5 KB
91,10/2f29c8,172088,p01__seqkit_reads_cached (26),COMPLETED,0,2026-10-07 11:48:47.719,1.5s,83ms,9.2%,0,0,107.1 KB,1.3 KB
88,d7/1a14d6,171966,p01__seqkit_reads_cached (25),COMPLETED,0,2026-10-07 11:48:47.606,1.6s,69ms,5.2%,0,0,107.1 KB,1.3 KB
93,c7/7a8342,172164,p02__bbduk_pratama_cached (22),COMPLETED,0,2026-10-07 11:48:47.812,1.5s,71ms,10.1%,0,0,107.3 KB,1.5 KB
92,e4/bbca9e,172526,p01__seqkit_reads_cached (27),COMPLETED,0,2026-10-07 11:48:48.449,970ms,87ms,10.2%,0,0,107.1 KB,1.3 KB
94,96/1deb93,172697,p03__fastp_report_pratama_cached (28),COMPLETED,0,2026-10-07 11:48:48.674,1.1s,48ms,0.0%,0,0,112.1 KB,1.5 KB
95,bb/cc3b75,172808,p02__bbduk_pratama_cached (23),COMPLETED,0,2026-10-07 11:48:48.810,1.1s,34ms,11.0%,0,0,107.3 KB,1.5 KB
96,3a/a7219f,172870,p03__fastp_report_pratama_cached (29),COMPLETED,0,2026-10-07 11:48:48.918,1.1s,39ms,9.7%,0,0,112.1 KB,1.5 KB
97,28/59dbf3,172966,p01__seqkit_reads_cached (28),COMPLETED,0,2026-10-07 11:48:48.946,1.2s,17ms,19.5%,0,0,107.1 KB,1.3 KB
98,e3/cd8fa9,173016,p02__bbduk_pratama_cached (24),COMPLETED,0,2026-10-07 11:48:49.180,1.1s,92ms,7.9%,0,0,107.3 KB,1.5 KB
100,f9/646b7a,173152,p03__fastp_report_pratama_cached (30),COMPLETED,0,2026-10-07 11:48:49.264,1.1s,89ms,11.6%,0,0,112.1 KB,1.5 KB
101,48/bfef46,173364,p02__bbduk_pratama_cached (25),COMPLETED,0,2026-10-07 11:48:49.433,1.2s,61ms,6.2%,0,0,107.3 KB,1.5 KB
99,b0/a79b35,173308,p01__seqkit_reads_cached (29),COMPLETED,0,2026-10-07 11:48:49.329,1.5s,25ms,6.0%,0,0,107.1 KB,1.3 KB
103,bc/c64617,173443,p01__seqkit_reads_cached (30),COMPLETED,0,2026-10-07 11:48:49.769,1.2s,29ms,8.8%,0,0,107.1 KB,1.3 KB
104,93/63ca71,173695,p02__bbduk_pratama_cached (26),COMPLETED,0,2026-10-07 11:48:50.028,1s,100ms,6.4%,0,0,107.3 KB,1.5 KB
102,f7/5285a1,173598,p03__fastp_report_pratama_cached (31),COMPLETED,0,2026-10-07 11:48:49.975,1.1s,73ms,11.3%,0,0,112.1 KB,1.5 KB
105,45/a04eaa,173770,p01__seqkit_reads_cached (31),COMPLETED,0,2026-10-07 11:48:50.158,1.1s,12ms,21.5%,0,0,107.1 KB,1.3 KB
106,fe/fdca77,173874,p02__bbduk_pratama_cached (27),COMPLETED,0,2026-10-07 11:48:50.332,1.1s,49ms,11.8%,0,0,107.3 KB,1.5 KB
107,de/d25e05,173943,p03__fastp_report_pratama_cached (32),COMPLETED,0,2026-10-07 11:48:50.416,1.2s,62ms,14.8%,0,0,112.1 KB,1.5 KB
108,24/bf1979,174086,p01__seqkit_reads_cached (32),COMPLETED,0,2026-10-07 11:48:50.653,1.1s,12ms,10.9%,0,0,107.1 KB,1.3 KB
109,33/330ff0,174186,p02__bbduk_pratama_cached (28),COMPLETED,0,2026-10-07 11:48:50.819,946ms,36ms,16.4%,0,0,107.3 KB,1.5 KB
110,a7/470191,174387,p03__fastp_report_pratama_cached (33),COMPLETED,0,2026-10-07 11:48:50.985,1s,82ms,6.1%,0,0,112.1 KB,1.5 KB
111,bc/537106,174433,p01__seqkit_reads_cached (33),COMPLETED,0,2026-10-07 11:48:51.062,1.1s,44ms,11.9%,0,0,107.1 KB,1.3 KB
112,32/6566a9,174503,p03__fastp_report_pratama_cached (34),COMPLETED,0,2026-10-07 11:48:51.072,1.2s,114ms,10.0%,0,0,112.1 KB,1.5 KB
114,cc/64aac5,174683,p01__seqkit_reads_cached (34),COMPLETED,0,2026-10-07 11:48:51.441,1.2s,88ms,9.1%,0,0,107.1 KB,1.3 KB
113,63/7ca24e,174592,p02__bbduk_pratama_cached (29),COMPLETED,0,2026-10-07 11:48:51.303,1.4s,55ms,5.3%,0,0,107.3 KB,1.5 KB
115,98/ffe627,174818,p02__bbduk_pratama_cached (30),COMPLETED,0,2026-10-07 11:48:51.642,1s,55ms,0.0%,0,0,107.3 KB,1.5 KB
117,d7/3acdbc,175055,p01__seqkit_reads_cached (35),COMPLETED,0,2026-10-07 11:48:51.773,1.2s,20ms,7.1%,0,0,107.1 KB,1.3 KB
118,81/5ffdf1,175121,p02__bbduk_pratama_cached (31),COMPLETED,0,2026-10-07 11:48:52.030,1.1s,37ms,18.2%,0,0,107.3 KB,1.5 KB
116,7a/684ace,174890,p03__fastp_report_pratama_cached (35),COMPLETED,0,2026-10-07 11:48:51.718,1.3s,75ms,5.7%,0,0,112.1 KB,1.5 KB
119,00/fc2db5,175273,p03__fastp_report_pratama_cached (36),COMPLETED,0,2026-10-07 11:48:52.166,1s,93ms,11.9%,0,0,112.1 KB,1.5 KB
120,e3/65552d,175362,p03__fastp_report_pratama_cached (37),COMPLETED,0,2026-10-07 11:48:52.317,1.1s,77ms,4.7%,0,0,112.1 KB,1.5 KB
124,6a/8f178e,175761,p01__seqkit_reads_cached (36),COMPLETED,0,2026-10-07 11:48:52.826,683ms,52ms,7.9%,0,0,107.1 KB,1.3 KB
121,f1/53400e,175670,p02__bbduk_pratama_cached (32),COMPLETED,0,2026-10-07 11:48:52.668,892ms,20ms,29.9%,0,0,107.3 KB,1.5 KB
122,6c/1797cc,175750,p02__bbduk_pratama_cached (33),COMPLETED,0,2026-10-07 11:48:52.764,926ms,71ms,13.7%,0,0,107.3 KB,1.5 KB
125,b3/2af2ae,175825,p01__seqkit_reads_cached (37),COMPLETED,0,2026-10-07 11:48:52.953,815ms,16ms,8.2%,0,0,107.1 KB,1.3 KB
123,74/62aa3b,176059,p03__fastp_report_pratama_cached (38),COMPLETED,0,2026-10-07 11:48:53.153,884ms,41ms,22.0%,0,0,112.1 KB,1.5 KB
126,ae/4654d0,175912,p01__seqkit_reads_cached (38),COMPLETED,0,2026-10-07 11:48:53.051,994ms,96ms,9.8%,0,0,107.1 KB,1.3 KB
127,22/dfce7a,176099,p02__bbduk_pratama_cached (34),COMPLETED,0,2026-10-07 11:48:53.188,1.1s,61ms,5.9%,0,0,107.3 KB,1.5 KB
131,19/b66da3,176298,p01__seqkit_reads_cached (40),COMPLETED,0,2026-10-07 11:48:53.570,745ms,25ms,0.0%,0,0,107.1 KB,1.3 KB
128,95/bf3373,176198,p03__fastp_report_pratama_cached (39),COMPLETED,0,2026-10-07 11:48:53.398,970ms,52ms,5.4%,0,0,112.1 KB,1.5 KB
129,a2/5c7553,176281,p02__bbduk_pratama_cached (35),COMPLETED,0,2026-10-07 11:48:53.520,996ms,68ms,0.0%,0,0,107.3 KB,1.5 KB
130,8d/05b30d,176431,p01__seqkit_reads_cached (39),COMPLETED,0,2026-10-07 11:48:53.699,919ms,58ms,5.4%,0,0,107.1 KB,1.3 KB
132,83/14d030,176530,p03__fastp_report_pratama_cached (40),COMPLETED,0,2026-10-07 11:48:53.782,865ms,53ms,6.3%,0,0,112.1 KB,1.5 KB
133,75/63199c,176765,p02__bbduk_pratama_cached (36),COMPLETED,0,2026-10-07 11:48:54.044,870ms,24ms,8.4%,0,0,107.3 KB,1.5 KB
134,6d/0760af,176793,p03__fastp_report_pratama_cached (41),COMPLETED,0,2026-10-07 11:48:54.088,946ms,70ms,7.6%,0,0,112.1 KB,1.5 KB
137,0d/f12eb4,176967,p02__bbduk_pratama_cached (38),COMPLETED,0,2026-10-07 11:48:54.376,802ms,32ms,6.0%,0,0,107.3 KB,1.5 KB
135,9e/8be346,176884,p01__seqkit_reads_cached (41),COMPLETED,0,2026-10-07 11:48:54.293,922ms,55ms,5.0%,0,0,107.1 KB,1.3 KB
136,2e/6c0b36,176924,p02__bbduk_pratama_cached (37),COMPLETED,0,2026-10-07 11:48:54.323,940ms,59ms,10.3%,0,0,107.3 KB,1.5 KB
138,c9/b1002c,177121,p03__fastp_report_pratama_cached (42),COMPLETED,0,2026-10-07 11:48:54.523,824ms,53ms,13.9%,0,0,112.1 KB,1.5 KB
139,e0/187985,177180,p01__seqkit_reads_cached (42),COMPLETED,0,2026-10-07 11:48:54.624,750ms,55ms,5.2%,0,0,107.1 KB,1.3 KB
140,67/01d711,177212,p01__seqkit_reads_cached (43),COMPLETED,0,2026-10-07 11:48:54.653,770ms,103ms,6.5%,0,0,107.1 KB,1.3 KB
141,11/f35589,177460,p03__fastp_report_pratama_cached (43),COMPLETED,0,2026-10-07 11:48:54.933,614ms,62ms,9.7%,0,0,112.1 KB,1.5 KB
142,1c/a4488f,177563,p02__bbduk_pratama_cached (39),COMPLETED,0,2026-10-07 11:48:55.041,700ms,25ms,9.2%,0,0,107.3 KB,1.5 KB
144,eb/f38f3f,177725,p01__seqkit_reads_cached (44),COMPLETED,0,2026-10-07 11:48:55.233,662ms,51ms,14.4%,0,0,107.1 KB,1.3 KB
143,04/bac6da,177697,p03__fastp_report_pratama_cached (44),COMPLETED,0,2026-10-07 11:48:55.185,762ms,44ms,26.0%,0,0,112.1 KB,1.5 KB
145,80/a8b881,177794,p02__bbduk_pratama_cached (40),COMPLETED,0,2026-10-07 11:48:55.268,763ms,83ms,11.3%,0,0,107.3 KB,1.5 KB
147,6c/e89659,177921,p01__seqkit_reads_cached (45),COMPLETED,0,2026-10-07 11:48:55.382,802ms,73ms,11.0%,0,0,107.1 KB,1.3 KB
148,44/f9bcd2,177999,p02__bbduk_pratama_cached (41),COMPLETED,0,2026-10-07 11:48:55.431,852ms,54ms,7.2%,0,0,107.3 KB,1.5 KB
146,54/0745e0,177905,p03__fastp_report_pratama_cached (45),COMPLETED,0,2026-10-07 11:48:55.366,959ms,55ms,10.3%,0,0,112.1 KB,1.5 KB
150,ff/613827,178266,p02__bbduk_pratama_cached (42),COMPLETED,0,2026-10-07 11:48:55.749,593ms,54ms,11.3%,0,0,107.3 KB,1.5 KB
149,9c/0d6098,178077,p03__fastp_report_pratama_cached (46),COMPLETED,0,2026-10-07 11:48:55.556,876ms,86ms,5.6%,0,0,112.1 KB,1.5 KB
151,12/574b23,178359,p01__seqkit_reads_cached (46),COMPLETED,0,2026-10-07 11:48:55.903,640ms,41ms,23.0%,0,0,107.1 KB,1.3 KB
152,0d/5539e1,178405,p03__fastp_report_pratama_cached (47),COMPLETED,0,2026-10-07 11:48:55.954,756ms,43ms,8.1%,0,0,112.1 KB,1.5 KB
153,b2/6da0f5,178513,p02__bbduk_pratama_cached (43),COMPLETED,0,2026-10-07 11:48:56.039,718ms,35ms,0.0%,0,0,107.3 KB,1.5 KB
154,dc/3278e9,178665,p01__seqkit_reads_cached (47),COMPLETED,0,2026-10-07 11:48:56.192,637ms,27ms,13.7%,0,0,107.1 KB,1.3 KB
155,7c/546556,178756,p03__fastp_report_pratama_cached (48),COMPLETED,0,2026-10-07 11:48:56.290,770ms,74ms,6.6%,0,0,112.1 KB,1.5 KB
158,b4/e5bc45,178886,p03__fastp_report_pratama_cached (49),COMPLETED,0,2026-10-07 11:48:56.437,696ms,100ms,9.3%,0,0,112.1 KB,1.5 KB
157,7a/9553e0,178835,p02__bbduk_pratama_cached (44),COMPLETED,0,2026-10-07 11:48:56.359,875ms,48ms,9.6%,0,0,107.3 KB,1.5 KB
156,92/5cc0a3,178814,p01__seqkit_reads_cached (48),COMPLETED,0,2026-10-07 11:48:56.341,929ms,36ms,6.9%,0,0,107.1 KB,1.3 KB
160,12/75fd4f,179205,p02__bbduk_pratama_cached (45),COMPLETED,0,2026-10-07 11:48:56.727,750ms,27ms,19.2%,0,0,107.3 KB,1.5 KB
159,62/dc01d3,179019,p01__seqkit_reads_cached (49),COMPLETED,0,2026-10-07 11:48:56.556,941ms,28ms,16.4%,0,0,107.1 KB,1.3 KB
161,a5/6403a4,179226,p03__fastp_report_pratama_cached (50),COMPLETED,0,2026-10-07 11:48:56.762,771ms,46ms,21.9%,0,0,112.1 KB,1.5 KB
162,d7/a49714,179284,p03__fastp_report_pratama_cached (51),COMPLETED,0,2026-10-07 11:48:56.836,743ms,89ms,5.6%,0,0,112.1 KB,1.5 KB
165,d7/805a4a,179631,p01__seqkit_reads_cached (51),COMPLETED,0,2026-10-07 11:48:57.240,673ms,42ms,11.6%,0,0,107.1 KB,1.3 KB
163,cd/d384a4,179558,p01__seqkit_reads_cached (50),COMPLETED,0,2026-10-07 11:48:57.141,814ms,42ms,12.2%,0,0,107.1 KB,1.3 KB
164,0a/d943fd,179481,p02__bbduk_pratama_cached (46),COMPLETED,0,2026-10-07 11:48:57.069,901ms,26ms,11.0%,0,0,107.3 KB,1.5 KB
168,30/9333ba,179888,p01__seqkit_reads_cached (52),COMPLETED,0,2026-10-07 11:48:57.502,644ms,43ms,10.5%,0,0,107.1 KB,1.3 KB
170,75/bbefe7,179948,p03__fastp_report_pratama_cached (53),COMPLETED,0,2026-10-07 11:48:57.542,655ms,64ms,17.3%,0,0,112.1 KB,1.5 KB
167,3b/408b48,179873,p02__bbduk_pratama_cached (47),COMPLETED,0,2026-10-07 11:48:57.486,743ms,50ms,6.8%,0,0,107.3 KB,1.5 KB
166,93/4e66b2,179684,p03__fastp_report_pratama_cached (52),COMPLETED,0,2026-10-07 11:48:57.277,946ms,24ms,23.8%,0,0,112.1 KB,1.5 KB
169,2d/e0fcbb,179975,p02__bbduk_pratama_cached (48),COMPLETED,0,2026-10-07 11:48:57.586,745ms,74ms,10.9%,0,0,107.3 KB,1.5 KB
171,82/4a0eee,180283,p01__seqkit_reads_cached (53),COMPLETED,0,2026-10-07 11:48:57.919,524ms,16ms,20.1%,0,0,107.1 KB,1.3 KB
172,c8/c46387,180337,p03__fastp_report_pratama_cached (54),COMPLETED,0,2026-10-07 11:48:57.968,513ms,67ms,17.6%,0,0,112.1 KB,1.5 KB
173,0b/6d3991,180353,p02__bbduk_pratama_cached (49),COMPLETED,0,2026-10-07 11:48:57.979,654ms,47ms,14.9%,0,0,107.3 KB,1.5 KB
176,99/471557,180547,p03__fastp_report_pratama_cached (55),COMPLETED,0,2026-10-07 11:48:58.204,711ms,48ms,7.2%,0,0,112.1 KB,1.5 KB
175,e7/d83c80,180593,p02__bbduk_pratama_cached (50),COMPLETED,0,2026-10-07 11:48:58.228,759ms,86ms,5.9%,0,0,107.3 KB,1.5 KB
174,1d/f71ed6,180509,p01__seqkit_reads_cached (54),COMPLETED,0,2026-10-07 11:48:58.160,863ms,68ms,18.7%,0,0,107.1 KB,1.3 KB
177,56/85228f,180688,p01__seqkit_reads_cached (55),COMPLETED,0,2026-10-07 11:48:58.234,907ms,99ms,4.0%,0,0,107.1 KB,1.3 KB
178,67/0ba73a,180707,p03__fastp_report_pratama_cached (56),COMPLETED,0,2026-10-07 11:48:58.342,849ms,83ms,8.6%,0,0,112.1 KB,1.5 KB
179,e4/8d5fdc,180841,p02__bbduk_pratama_cached (51),COMPLETED,0,2026-10-07 11:48:58.454,804ms,64ms,14.1%,0,0,107.3 KB,1.5 KB
180,7f/c395b9,180876,p02__bbduk_pratama_cached (52),COMPLETED,0,2026-10-07 11:48:58.488,811ms,53ms,13.3%,0,0,107.3 KB,1.5 KB
181,2b/54612a,180983,p01__seqkit_reads_cached (56),COMPLETED,0,2026-10-07 11:48:58.641,700ms,40ms,13.2%,0,0,107.1 KB,1.3 KB
182,9e/d34b20,181225,p01__seqkit_reads_cached (57),COMPLETED,0,2026-10-07 11:48:58.931,594ms,23ms,37.0%,0,0,107.1 KB,1.3 KB
183,7f/49bbcf,181276,p02__bbduk_pratama_cached (53),COMPLETED,0,2026-10-07 11:48:59.002,664ms,60ms,14.3%,0,0,107.3 KB,1.5 KB
184,21/18f5d4,181333,p03__fastp_report_pratama_cached (57),COMPLETED,0,2026-10-07 11:48:59.031,702ms,109ms,4.7%,0,0,112.1 KB,1.5 KB
185,04/5cd5bb,181444,p03__fastp_report_pratama_cached (58),COMPLETED,0,2026-10-07 11:48:59.149,743ms,80ms,16.3%,0,0,112.1 KB,1.5 KB
187,87/2e9438,181563,p01__seqkit_reads_cached (58),COMPLETED,0,2026-10-07 11:48:59.269,846ms,52ms,8.0%,0,0,107.1 KB,1.3 KB
188,23/123a9d,181636,p02__bbduk_pratama_cached (54),COMPLETED,0,2026-10-07 11:48:59.307,834ms,29ms,9.8%,0,0,107.3 KB,1.5 KB
191,f7/8ecc72,181816,p01__seqkit_reads_cached (59),COMPLETED,0,2026-10-07 11:48:59.533,739ms,8ms,33.4%,0,0,107.1 KB,1.3 KB
186,8c/441565,181488,p03__fastp_report_pratama_cached (59),COMPLETED,0,2026-10-07 11:48:59.198,1s,75ms,9.8%,0,0,112.1 KB,1.5 KB
189,63/fa7f78,181667,p02__bbduk_pratama_cached (55),COMPLETED,0,2026-10-07 11:48:59.363,944ms,71ms,12.0%,0,0,107.3 KB,1.5 KB
190,30/7adf0b,181959,p03__fastp_report_pratama_cached (60),COMPLETED,0,2026-10-07 11:48:59.677,760ms,59ms,11.8%,0,0,112.1 KB,1.5 KB
192,be/5bb359,182039,p01__seqkit_reads_cached (60),COMPLETED,0,2026-10-07 11:48:59.750,853ms,50ms,14.3%,0,0,107.1 KB,1.3 KB
194,ea/493bb0,182139,p03__fastp_report_pratama_cached (61),COMPLETED,0,2026-10-07 11:48:59.900,787ms,67ms,6.0%,0,0,112.1 KB,1.5 KB
193,aa/5e2a82,182315,p02__bbduk_pratama_cached (56),COMPLETED,0,2026-10-07 11:49:00.126,603ms,42ms,24.4%,0,0,107.3 KB,1.5 KB
195,f0/d0146d,182359,p01__seqkit_reads_cached (61),COMPLETED,0,2026-10-07 11:49:00.149,752ms,20ms,9.0%,0,0,107.1 KB,1.3 KB
196,2e/15c36b,182429,p03__fastp_report_pratama_cached (62),COMPLETED,0,2026-10-07 11:49:00.207,839ms,79ms,12.3%,0,0,112.1 KB,1.5 KB
197,ac/a5b377,182540,p02__bbduk_pratama_cached (57),COMPLETED,0,2026-10-07 11:49:00.280,909ms,52ms,11.8%,0,0,107.3 KB,1.5 KB
198,6c/eff4d8,182583,p01__seqkit_reads_cached (62),COMPLETED,0,2026-10-07 11:49:00.315,975ms,39ms,13.9%,0,0,107.1 KB,1.3 KB
199,73/8cd485,182633,p02__bbduk_pratama_cached (58),COMPLETED,0,2026-10-07 11:49:00.446,894ms,59ms,7.8%,0,0,107.3 KB,1.5 KB
200,6b/cc2876,182768,p02__bbduk_pratama_cached (59),COMPLETED,0,2026-10-07 11:49:00.611,810ms,80ms,12.0%,0,0,107.3 KB,1.5 KB
202,b1/3e6140,182930,p03__fastp_report_pratama_cached (64),COMPLETED,0,2026-10-07 11:49:00.736,745ms,88ms,14.5%,0,0,112.1 KB,1.5 KB
201,51/1d3123,182838,p03__fastp_report_pratama_cached (63),COMPLETED,0,2026-10-07 11:49:00.694,827ms,79ms,10.9%,0,0,112.1 KB,1.5 KB
203,a3/14b35b,183025,p01__seqkit_reads_cached (63),COMPLETED,0,2026-10-07 11:49:00.910,759ms,61ms,11.8%,0,0,107.1 KB,1.3 KB
204,f2/353674,183142,p01__seqkit_reads_cached (64),COMPLETED,0,2026-10-07 11:49:01.055,745ms,19ms,32.3%,0,0,107.1 KB,1.3 KB
205,05/e5b151,183276,p01__seqkit_reads_cached (65),COMPLETED,0,2026-10-07 11:49:01.206,661ms,102ms,6.1%,0,0,107.1 KB,1.3 KB
206,a7/8936f8,183384,p03__fastp_report_pratama_cached (65),COMPLETED,0,2026-10-07 11:49:01.298,826ms,50ms,6.8%,0,0,112.1 KB,1.5 KB
209,fe/7159da,183532,p02__bbduk_pratama_cached (62),COMPLETED,0,2026-10-07 11:49:01.486,708ms,40ms,14.4%,0,0,107.3 KB,1.5 KB
207,c5/ec240a,183471,p02__bbduk_pratama_cached (60),COMPLETED,0,2026-10-07 11:49:01.438,829ms,19ms,17.9%,0,0,107.3 KB,1.5 KB
210,fe/b5ef79,183598,p02__bbduk_pratama_cached (63),COMPLETED,0,2026-10-07 11:49:01.537,739ms,79ms,10.8%,0,0,107.3 KB,1.5 KB
208,c0/8e2efd,183428,p02__bbduk_pratama_cached (61),COMPLETED,0,2026-10-07 11:49:01.348,929ms,30ms,18.4%,0,0,107.3 KB,1.5 KB
211,f6/e6e92d,183737,p02__bbduk_pratama_cached (64),COMPLETED,0,2026-10-07 11:49:01.676,647ms,67ms,6.5%,0,0,107.3 KB,1.5 KB
212,ab/3fc392,183849,p02__bbduk_pratama_cached (65),COMPLETED,0,2026-10-07 11:49:01.810,532ms,23ms,26.7%,0,0,107.3 KB,1.5 KB
213,4b/ed4c7d,184293,p05__megahit_cached (1),COMPLETED,0,2026-10-07 11:49:02.553,772ms,67ms,13.5%,0,0,112.3 KB,1.8 KB
214,e0/5e7864,184313,p06__polca_pratama_cached (1),COMPLETED,0,2026-10-07 11:49:02.612,741ms,42ms,8.9%,0,0,108.3 KB,2.6 KB
216,ad/8e1d1e,184361,p06__polca_pratama_cached (2),COMPLETED,0,2026-10-07 11:49:02.699,800ms,81ms,11.3%,0,0,108.3 KB,2.6 KB
215,e0/0f62d4,184351,p05__megahit_cached (2),COMPLETED,0,2026-10-07 11:49:02.680,951ms,111ms,0.0%,0,0,112.3 KB,1.8 KB
217,87/df66dc,184428,p05__megahit_cached (3),COMPLETED,0,2026-10-07 11:49:02.778,854ms,132ms,4.8%,0,0,112.3 KB,1.8 KB
218,1f/97f81a,184556,p06__polca_pratama_cached (3),COMPLETED,0,2026-10-07 11:49:02.981,986ms,55ms,5.0%,0,0,108.3 KB,2.6 KB
219,9a/f738b9,184635,p05__megahit_cached (4),COMPLETED,0,2026-10-07 11:49:03.102,944ms,106ms,4.3%,0,0,112.3 KB,1.8 KB
221,a7/cd6c23,184875,p05__megahit_cached (5),COMPLETED,0,2026-10-07 11:49:03.347,775ms,73ms,6.0%,0,0,112.3 KB,1.8 KB
222,6b/4be5f1,184880,p06__polca_pratama_cached (5),COMPLETED,0,2026-10-07 11:49:03.382,757ms,58ms,5.9%,0,0,108.3 KB,2.6 KB
220,6c/528ab3,184717,p06__polca_pratama_cached (4),COMPLETED,0,2026-10-07 11:49:03.216,957ms,54ms,4.6%,0,0,108.3 KB,2.6 KB
223,95/6e570b,185338,p05__megahit_cached (6),COMPLETED,0,2026-10-07 11:49:04.017,947ms,127ms,9.7%,0,0,112.3 KB,1.8 KB
228,26/e3638f,185428,p05__megahit_cached (7),COMPLETED,0,2026-10-07 11:49:04.134,936ms,115ms,8.6%,0,0,112.3 KB,1.8 KB
226,45/75afcb,185359,p06__polca_pratama_cached (6),COMPLETED,0,2026-10-07 11:49:04.045,1.2s,94ms,7.6%,0,0,108.3 KB,2.6 KB
227,a3/b11102,185392,p06__polca_pratama_cached (7),COMPLETED,0,2026-10-07 11:49:04.062,1.2s,48ms,5.8%,0,0,108.3 KB,2.6 KB
225,a1/c15b39,185358,p07__split_hybrid_contigs_pratama_cached (1),COMPLETED,0,2026-10-07 11:49:04.036,1.4s,81ms,4.9%,0,0,107.8 KB,2 KB
224,84/1a7a7f,185355,p08__splitContigsForAmr_cached (1),COMPLETED,0,2026-10-07 11:49:04.026,1.4s,97ms,0.0%,0,0,112.1 KB,1.6 KB
230,bb/e1f043,185666,p08__splitContigsForAmr_cached (2),COMPLETED,0,2026-10-07 11:49:04.391,1s,120ms,8.3%,0,0,112.1 KB,1.6 KB
229,7a/ba1e17,185450,p05__megahit_cached (8),COMPLETED,0,2026-10-07 11:49:04.155,1.6s,90ms,9.9%,0,0,112.3 KB,1.8 KB
232,2d/d1b9b4,186109,p07__split_hybrid_contigs_pratama_cached (2),COMPLETED,0,2026-10-07 11:49:05.082,759ms,54ms,8.3%,0,0,107.8 KB,2 KB
231,ca/7b359f,186055,p06__polca_pratama_cached (8),COMPLETED,0,2026-10-07 11:49:04.982,944ms,45ms,15.8%,0,0,108.3 KB,2.6 KB
233,2c/955697,186229,p05__megahit_cached (9),COMPLETED,0,2026-10-07 11:49:05.223,923ms,69ms,5.8%,0,0,112.3 KB,1.8 KB
234,9c/ebe5b5,186276,p07__split_hybrid_contigs_pratama_cached (3),COMPLETED,0,2026-10-07 11:49:05.281,768ms,96ms,9.6%,0,0,112.5 KB,2 KB
235,87/44d633,186506,p08__splitContigsForAmr_cached (3),COMPLETED,0,2026-10-07 11:49:05.414,1.4s,104ms,9.5%,0,0,112.1 KB,1.6 KB
239,4a/f50efa,186724,p08__splitContigsForAmr_cached (4),COMPLETED,0,2026-10-07 11:49:05.866,944ms,176ms,7.2%,0,0,128.9 KB,1.6 KB
238,a9/390417,186672,p06__polca_pratama_cached (10),COMPLETED,0,2026-10-07 11:49:05.795,1.2s,27ms,23.3%,0,0,108.3 KB,2.6 KB
240,10/1a5200,186929,p07__split_hybrid_contigs_pratama_cached (4),COMPLETED,0,2026-10-07 11:49:05.940,1.3s,86ms,5.4%,0,0,112.5 KB,2 KB
236,d0/a93aca,186612,p06__polca_pratama_cached (9),COMPLETED,0,2026-10-07 11:49:05.585,2.1s,75ms,6.5%,0,0,108.3 KB,2.6 KB
241,c1/9eb8f5,187009,p05__megahit_cached (11),COMPLETED,0,2026-10-07 11:49:06.058,2s,50ms,13.6%,0,0,112.3 KB,1.8 KB
237,48/a8b5f0,186611,p05__megahit_cached (10),COMPLETED,0,2026-10-07 11:49:05.592,2.4s,93ms,11.0%,0,0,112.3 KB,1.8 KB
244,0a/e4c6b1,187497,p06__polca_pratama_cached (12),COMPLETED,0,2026-10-07 11:49:06.888,1.2s,87ms,4.4%,0,0,108.3 KB,2.6 KB
242,d9/88c59f,187350,p06__polca_pratama_cached (11),COMPLETED,0,2026-10-07 11:49:06.157,2.2s,43ms,0.0%,0,0,108.3 KB,2.6 KB
243,7f/b66007,187491,p07__split_hybrid_contigs_pratama_cached (5),COMPLETED,0,2026-10-07 11:49:06.804,1.8s,102ms,8.6%,0,0,112.5 KB,2 KB
246,a8/139aa9,187844,p08__splitContigsForAmr_cached (5),COMPLETED,0,2026-10-07 11:49:07.210,1.9s,247ms,5.9%,3.5 MB,4.6 MB,128.9 KB,1.6 KB
247,47/b3afb4,188145,p07__split_hybrid_contigs_pratama_cached (6),COMPLETED,0,2026-10-07 11:49:07.675,2s,105ms,3.9%,0,0,112.5 KB,2 KB
248,71/9c1156,188368,p06__polca_pratama_cached (13),COMPLETED,0,2026-10-07 11:49:08.028,1.8s,196ms,2.8%,0,0,108.3 KB,2.6 KB
251,53/f5ecbd,188507,p06__polca_pratama_cached (14),COMPLETED,0,2026-10-07 11:49:08.340,2s,179ms,0.0%,0,0,108.3 KB,2.6 KB
253,b2/c41adc,188928,p08__splitContigsForAmr_cached (7),COMPLETED,0,2026-10-07 11:49:09.141,1.5s,193ms,6.0%,0,0,122.9 KB,1.6 KB
245,9e/bba091,187715,p05__megahit_cached (12),COMPLETED,0,2026-10-07 11:49:07.069,3.6s,128ms,9.2%,0,0,112.3 KB,1.8 KB
250,7d/5a44d1,188257,p05__megahit_cached (13),COMPLETED,0,2026-10-07 11:49:07.980,2.6s,149ms,0.0%,0,0,112.3 KB,1.8 KB
252,f2/f28c7d,188642,p07__split_hybrid_contigs_pratama_cached (7),COMPLETED,0,2026-10-07 11:49:08.832,1.8s,108ms,5.1%,0,0,112.5 KB,2 KB
249,df/b8e249,188402,p08__splitContigsForAmr_cached (6),COMPLETED,0,2026-10-07 11:49:08.142,2.5s,287ms,4.4%,0,0,135.4 KB,1.6 KB
254,24/8434c6,189054,p05__megahit_cached (14),COMPLETED,0,2026-10-07 11:49:09.685,945ms,28ms,10.4%,0,0,112.3 KB,1.8 KB
257,4f/7fcb1f,189456,p06__polca_pratama_cached (15),COMPLETED,0,2026-10-07 11:49:10.378,1.3s,47ms,14.1%,0,0,108.3 KB,2.6 KB
255,1d/9c47f6,189310,p05__megahit_cached (15),COMPLETED,0,2026-10-07 11:49:09.835,2.2s,194ms,5.1%,0,0,112.3 KB,1.8 KB
259,d4/5ddca9,189900,p15__virsorter2_pratama_cached (1),COMPLETED,0,2026-10-07 11:49:10.641,1.7s,154ms,10.3%,0,0,123.4 KB,2.1 KB
261,7d/455de3,190000,p06__polca_pratama_cached (16),COMPLETED,0,2026-10-07 11:49:10.839,2s,48ms,11.4%,0,0,108.3 KB,2.6 KB
262,ac/497089,190011,p13__genomad_pratama_cached (1),COMPLETED,0,2026-10-07 11:49:11.087,1.6s,174ms,3.9%,0,0,129.8 KB,2.5 KB
265,a7/3870e5,190328,p14__vibrant_pratama_cached (1),COMPLETED,0,2026-10-07 11:49:11.722,1.5s,178ms,8.8%,0,0,123.4 KB,2.1 KB
266,5e/f30d0c,190537,p15__virsorter2_pratama_cached (2),COMPLETED,0,2026-10-07 11:49:12.031,1.3s,146ms,7.8%,0,0,123.4 KB,2.1 KB
267,2b/761a3a,190766,p15__virsorter2_pratama_cached (3),COMPLETED,0,2026-10-07 11:49:12.338,1.3s,149ms,8.9%,0,0,123.4 KB,2.1 KB
260,80/137a5c,189903,p11__vibrant_pratama_cached (1),COMPLETED,0,2026-10-07 11:49:10.686,3.1s,51ms,13.5%,0,0,123.8 KB,2.5 KB
258,c2/b8827f,189909,p08__splitContigsForAmr_cached (8),COMPLETED,0,2026-10-07 11:49:10.800,3s,124ms,10.8%,0,0,122.9 KB,1.6 KB
264,1c/e4948d,190091,p16__genomad_pratama_cached (1),COMPLETED,0,2026-10-07 11:49:11.100,2.7s,158ms,4.8%,0,0,129.4 KB,2.1 KB
268,f7/c09cde,190963,p05__megahit_cached (16),COMPLETED,0,2026-10-07 11:49:12.747,1s,121ms,6.2%,0,0,112.3 KB,1.8 KB
269,c4/ed928d,191277,p05__megahit_cached (17),COMPLETED,0,2026-10-07 11:49:13.233,1.4s,97ms,0.0%,0,0,112.3 KB,1.8 KB
272,58/87e1b6,191442,p14__vibrant_pratama_cached (2),COMPLETED,0,2026-10-07 11:49:13.627,1.2s,36ms,11.0%,0,0,123.4 KB,2.1 KB
273,fe/03d813,191349,p05__megahit_cached (18),COMPLETED,0,2026-10-07 11:49:13.415,1.5s,109ms,6.7%,0,0,112.3 KB,1.8 KB
270,a8/695492,191104,p06__polca_pratama_cached (17),COMPLETED,0,2026-10-07 11:49:12.838,2.7s,91ms,10.2%,0,0,108.3 KB,2.6 KB
285,58/753d3f,192089,p14__vibrant_pratama_cached (3),COMPLETED,0,2026-10-07 11:49:14.668,1.1s,139ms,6.1%,0,0,123.4 KB,2.1 KB
284,39/7eb378,191937,p08__splitContigsForAmr_cached (9),COMPLETED,0,2026-10-07 11:49:14.470,1.3s,153ms,7.3%,0,0,122.9 KB,1.6 KB
275,22/261a59,191916,p13__genomad_pratama_cached (2),COMPLETED,0,2026-10-07 11:49:13.959,1.8s,111ms,11.9%,0,0,129.8 KB,2.5 KB
274,7c/07c646,191906,p07__split_hybrid_contigs_pratama_cached (8),COMPLETED,0,2026-10-07 11:49:13.813,2s,143ms,0.0%,0,0,112.5 KB,2 KB
288,59/5080ab,192294,p13__genomad_pratama_cached (3),COMPLETED,0,2026-10-07 11:49:14.881,1.4s,153ms,9.2%,0,0,129.8 KB,2.5 KB
281,7c/81eeaf,191923,p11__vibrant_pratama_cached (2),COMPLETED,0,2026-10-07 11:49:14.283,2.2s,161ms,8.3%,0,0,123.8 KB,2.5 KB
277,9e/0bd260,192560,p16__genomad_pratama_cached (2),COMPLETED,0,2026-10-07 11:49:15.227,1.8s,168ms,6.6%,0,0,129.4 KB,2.1 KB
276,d4/736039,192584,p15__virsorter2_pratama_cached (4),COMPLETED,0,2026-10-07 11:49:15.580,1.3s,88ms,11.3%,0,0,123.4 KB,2.1 KB
290,de/4eb5a1,192839,p05__megahit_cached (19),COMPLETED,0,2026-10-07 11:49:15.807,1.3s,96ms,10.0%,0,0,112.3 KB,1.8 KB
295,05/e970cd,193047,p13__genomad_pratama_cached (4),COMPLETED,0,2026-10-07 11:49:15.850,1.3s,137ms,7.9%,0,0,129.8 KB,2.5 KB
297,e3/ad4cba,193059,p14__vibrant_pratama_cached (4),COMPLETED,0,2026-10-07 11:49:15.957,1.4s,128ms,7.6%,0,0,123.4 KB,2.1 KB
296,7b/c0550b,193055,p12__virsorter2_pratama_cached (1),COMPLETED,0,2026-10-07 11:49:15.948,1.4s,164ms,3.7%,0,0,123.8 KB,2.5 KB
299,bd/745589,193543,p11__vibrant_pratama_cached (4),COMPLETED,0,2026-10-07 11:49:16.468,1.7s,118ms,16.2%,0,0,123.8 KB,2.5 KB
300,8c/d4d0d1,193642,p16__genomad_pratama_cached (3),COMPLETED,0,2026-10-07 11:49:16.846,1.5s,117ms,9.2%,0,0,129.4 KB,2.1 KB
301,7a/e7f0ad,193776,p05__megahit_cached (20),COMPLETED,0,2026-10-07 11:49:17.048,1.5s,147ms,9.6%,0,0,112.3 KB,1.8 KB
303,17/611c39,193948,p15__virsorter2_pratama_cached (5),COMPLETED,0,2026-10-07 11:49:17.165,1.8s,169ms,6.5%,0,0,123.4 KB,2.1 KB
305,c8/6227fb,194313,p16__genomad_pratama_cached (4),COMPLETED,0,2026-10-07 11:49:17.457,1.6s,61ms,11.0%,0,0,129.4 KB,2.1 KB
298,6e/7b2f27,193159,p11__vibrant_pratama_cached (3),COMPLETED,0,2026-10-07 11:49:16.337,2.9s,154ms,6.4%,0,0,123.8 KB,2.5 KB
302,0a/db2579,194160,p05__megahit_cached (21),COMPLETED,0,2026-10-07 11:49:17.353,2.2s,146ms,5.6%,0,0,112.3 KB,1.8 KB
304,a9/9233f9,194013,p15__virsorter2_pratama_cached (6),COMPLETED,0,2026-10-07 11:49:17.172,2.3s,131ms,8.6%,0,0,123.4 KB,2.1 KB
306,cb/f86d26,194508,p07__split_hybrid_contigs_pratama_cached (9),COMPLETED,0,2026-10-07 11:49:18.190,1.5s,18ms,23.0%,0,0,112.5 KB,2 KB
307,34/066e8b,194690,p07__split_hybrid_contigs_pratama_cached (10),COMPLETED,0,2026-10-07 11:49:18.364,1.5s,22ms,19.8%,0,0,112.5 KB,2 KB
308,f7/9f68fb,194829,p13__genomad_pratama_cached (5),COMPLETED,0,2026-10-07 11:49:18.547,1.6s,220ms,6.4%,0,0,129.8 KB,2.5 KB
310,14/61ed5f,195039,p11__vibrant_pratama_cached (5),COMPLETED,0,2026-10-07 11:49:19.059,1.2s,104ms,6.8%,0,0,123.8 KB,2.5 KB
309,a1/5c4298,194976,p13__genomad_pratama_cached (6),COMPLETED,0,2026-10-07 11:49:18.979,1.7s,112ms,9.8%,0,0,129.8 KB,2.5 KB
311,bd/01ca1e,195314,p11__vibrant_pratama_cached (6),COMPLETED,0,2026-10-07 11:49:19.288,1.7s,169ms,7.6%,0,0,123.8 KB,2.5 KB
314,7c/3900a3,195479,p14__vibrant_pratama_cached (5),COMPLETED,0,2026-10-07 11:49:19.545,1.6s,138ms,7.5%,0,0,123.4 KB,2.1 KB
318,d3/b9d971,195641,p15__virsorter2_pratama_cached (7),COMPLETED,0,2026-10-07 11:49:20.141,1.2s,157ms,8.8%,0,0,123.4 KB,2.1 KB
313,73/f48588,195411,p08__splitContigsForAmr_cached (10),COMPLETED,0,2026-10-07 11:49:19.455,1.8s,69ms,5.7%,0,0,122.9 KB,1.6 KB
317,61/0e953f,195579,p07__split_hybrid_contigs_pratama_cached (11),COMPLETED,0,2026-10-07 11:49:19.833,1.7s,82ms,4.2%,0,0,107.8 KB,2 KB
315,dc/5ee4bc,195493,p12__virsorter2_pratama_cached (2),COMPLETED,0,2026-10-07 11:49:19.738,2.3s,162ms,6.7%,0,0,123.8 KB,2.5 KB
320,ce/5f2680,195907,p08__splitContigsForAmr_cached (11),COMPLETED,0,2026-10-07 11:49:20.224,2s,209ms,5.5%,3.6 MB,4.6 MB,122.9 KB,1.6 KB
319,bd/eab393,196074,p15__virsorter2_pratama_cached (8),COMPLETED,0,2026-10-07 11:49:20.712,2s,146ms,6.8%,0,0,123.4 KB,2.1 KB
323,eb/0a3105,196216,p14__vibrant_pratama_cached (6),COMPLETED,0,2026-10-07 11:49:20.972,1.8s,174ms,9.3%,0,0,123.4 KB,2.1 KB
328,de/0cf6dc,196774,p07__split_hybrid_contigs_pratama_cached (12),COMPLETED,0,2026-10-07 11:49:21.511,1.4s,62ms,12.8%,0,0,107.8 KB,2 KB
325,2c/4c6167,196499,p16__genomad_pratama_cached (5),COMPLETED,0,2026-10-07 11:49:21.228,1.7s,181ms,9.5%,0,0,129.4 KB,2.1 KB
324,73/5d3179,196377,p05__megahit_cached (22),COMPLETED,0,2026-10-07 11:49:21.138,1.7s,99ms,10.3%,0,0,112.3 KB,1.8 KB
326,d7/835681,196740,p16__genomad_pratama_cached (6),COMPLETED,0,2026-10-07 11:49:21.375,1.8s,133ms,11.5%,0,0,129.4 KB,2.1 KB
329,d0/bc4861,197165,p14__vibrant_pratama_cached (7),COMPLETED,0,2026-10-07 11:49:22.052,1.8s,206ms,6.5%,0,0,123.4 KB,2.1 KB
330,1c/b8ac26,197264,p13__genomad_pratama_cached (7),COMPLETED,0,2026-10-07 11:49:22.239,1.9s,190ms,6.9%,0,0,129.8 KB,2.5 KB
331,ff/403425,197307,p05__megahit_cached (23),COMPLETED,0,2026-10-07 11:49:22.732,1.7s,150ms,6.1%,0,0,112.3 KB,1.8 KB
336,86/6b0dc4,197511,p14__vibrant_pratama_cached (8),COMPLETED,0,2026-10-07 11:49:22.866,1.6s,130ms,8.8%,0,0,123.4 KB,2.1 KB
335,35/caf304,197470,p15__virsorter2_pratama_cached (9),COMPLETED,0,2026-10-07 11:49:22.789,2.2s,192ms,5.7%,0,0,123.4 KB,2.1 KB
337,fb/d337b5,197593,p16__genomad_pratama_cached (7),COMPLETED,0,2026-10-07 11:49:22.935,2.2s,178ms,7.2%,0,0,129.4 KB,2.1 KB
342,9f/401b1a,198040,p16__genomad_pratama_cached (8),COMPLETED,0,2026-10-07 11:49:23.816,1.4s,204ms,9.6%,0,0,129.4 KB,2.1 KB
338,fe/90a1eb,197726,p07__split_hybrid_contigs_pratama_cached (13),COMPLETED,0,2026-10-07 11:49:22.988,2.2s,97ms,0.0%,0,0,112.5 KB,2 KB
346,d0/d6419e,198534,p08__splitContigsForAmr_cached (12),COMPLETED,0,2026-10-07 11:49:24.501,1.3s,116ms,8.4%,0,0,122.9 KB,1.6 KB
340,ab/723c13,197791,p15__virsorter2_pratama_cached (10),COMPLETED,0,2026-10-07 11:49:23.217,2.7s,140ms,6.8%,0,0,123.4 KB,2.1 KB
344,08/2cb134,198382,p11__vibrant_pratama_cached (7),COMPLETED,0,2026-10-07 11:49:24.190,1.9s,106ms,8.5%,0,0,123.8 KB,2.5 KB
345,0e/af071c,198458,p14__vibrant_pratama_cached (9),COMPLETED,0,2026-10-07 11:49:24.439,1.8s,285ms,2.6%,0,0,123.4 KB,2.1 KB
348,43/6aa636,198704,p12__virsorter2_pratama_cached (3),COMPLETED,0,2026-10-07 11:49:24.958,1.6s,90ms,7.5%,0,0,123.8 KB,2.5 KB
349,e3/f73fe1,198851,p07__split_hybrid_contigs_pratama_cached (14),COMPLETED,0,2026-10-07 11:49:25.121,1.6s,112ms,9.3%,0,0,112.5 KB,2 KB
350,e8/fa7591,198993,p13__genomad_pratama_cached (8),COMPLETED,0,2026-10-07 11:49:25.184,1.6s,169ms,10.0%,0,0,129.8 KB,2.5 KB
354,ef/53fdba,199473,p05__megahit_cached (25),COMPLETED,0,2026-10-07 11:49:25.946,1.2s,100ms,11.2%,0,0,112.3 KB,1.8 KB
356,14/926357,199764,p11__vibrant_pratama_cached (8),COMPLETED,0,2026-10-07 11:49:26.231,1.1s,124ms,9.6%,0,0,123.8 KB,2.5 KB
352,2d/502ffb,199130,p13__genomad_pratama_cached (9),COMPLETED,0,2026-10-07 11:49:25.197,2.6s,117ms,8.2%,0,0,129.8 KB,2.5 KB
353,05/f9c863,199249,p05__megahit_cached (24),COMPLETED,0,2026-10-07 11:49:25.826,2.1s,53ms,12.7%,0,0,112.3 KB,1.8 KB
357,dd/4c064c,200063,p11__vibrant_pratama_cached (9),COMPLETED,0,2026-10-07 11:49:26.572,1.5s,88ms,8.0%,0,0,123.8 KB,2.5 KB
355,43/0385af,199750,p15__virsorter2_pratama_cached (11),COMPLETED,0,2026-10-07 11:49:26.112,1.9s,83ms,5.2%,0,0,123.4 KB,2.1 KB
358,3c/ca2abe,200167,p12__virsorter2_pratama_cached (4),COMPLETED,0,2026-10-07 11:49:26.716,1.5s,96ms,11.4%,0,0,123.8 KB,2.5 KB
359,71/434811,200180,p16__genomad_pratama_cached (9),COMPLETED,0,2026-10-07 11:49:26.843,1.8s,147ms,8.9%,0,0,129.4 KB,2.1 KB
363,51/fcd179,200591,p15__virsorter2_pratama_cached (12),COMPLETED,0,2026-10-07 11:49:27.292,1.5s,135ms,7.6%,0,0,123.4 KB,2.1 KB
360,e2/2ed0ed,200311,p16__genomad_pratama_cached (10),COMPLETED,0,2026-10-07 11:49:27.130,1.6s,274ms,5.0%,3.5 MB,4.6 MB,129.4 KB,2.1 KB
365,97/b32e42,200885,p08__splitContigsForAmr_cached (13),COMPLETED,0,2026-10-07 11:49:27.886,1.3s,74ms,19.8%,0,0,135.4 KB,1.6 KB
364,84/d5f5a3,200823,p14__vibrant_pratama_cached (10),COMPLETED,0,2026-10-07 11:49:27.819,1.4s,75ms,13.3%,0,0,123.4 KB,2.1 KB
367,84/14ca41,201183,p05__megahit_cached (26),COMPLETED,0,2026-10-07 11:49:28.103,1.3s,58ms,13.0%,0,0,112.3 KB,1.8 KB
366,02/996d56,201100,p13__genomad_pratama_cached (10),COMPLETED,0,2026-10-07 11:49:28.056,1.5s,117ms,7.9%,0,0,129.8 KB,2.5 KB
368,f9/347737,201311,p16__genomad_pratama_cached (11),COMPLETED,0,2026-10-07 11:49:28.212,1.4s,84ms,11.4%,0,0,129.4 KB,2.1 KB
372,6f/f0c5fc,201667,p15__virsorter2_pratama_cached (13),COMPLETED,0,2026-10-07 11:49:28.798,904ms,59ms,10.1%,0,0,123.4 KB,2.1 KB
369,55/f4ad43,201743,p08__splitContigsForAmr_cached (14),COMPLETED,0,2026-10-07 11:49:29.170,622ms,81ms,8.5%,0,0,122.9 KB,1.6 KB
377,75/c45bfe,201815,p16__genomad_pratama_cached (12),COMPLETED,0,2026-10-07 11:49:29.229,632ms,86ms,10.8%,0,0,129.4 KB,2.1 KB
370,a0/3c3b01,201343,p07__split_hybrid_contigs_pratama_cached (15),COMPLETED,0,2026-10-07 11:49:28.608,1.4s,77ms,11.4%,0,0,107.8 KB,2 KB
371,dc/e3de1c,201423,p11__vibrant_pratama_cached (10),COMPLETED,0,2026-10-07 11:49:28.752,1.3s,86ms,9.8%,0,0,123.8 KB,2.5 KB
380,0d/bdb858,202333,p14__vibrant_pratama_cached (12),COMPLETED,0,2026-10-07 11:49:29.652,906ms,99ms,8.8%,0,0,123.4 KB,2.1 KB
379,d4/a3789c,202259,p14__vibrant_pratama_cached (11),COMPLETED,0,2026-10-07 11:49:29.586,1.1s,223ms,5.1%,0,0,123.4 KB,2.1 KB
385,28/8bdbf2,202676,p05__megahit_cached (27),COMPLETED,0,2026-10-07 11:49:30.008,1.2s,121ms,7.0%,0,0,112.3 KB,1.8 KB
384,e5/efb0ed,202594,p16__genomad_pratama_cached (13),COMPLETED,0,2026-10-07 11:49:29.878,1.1s,119ms,6.8%,0,0,129.4 KB,2.1 KB
378,c4/af3e79,202043,p13__genomad_pratama_cached (11),COMPLETED,0,2026-10-07 11:49:29.371,1.9s,110ms,6.0%,0,0,129.8 KB,2.5 KB
382,fb/7dbf48,202426,p08__splitContigsForAmr_cached (15),COMPLETED,0,2026-10-07 11:49:29.714,1.5s,120ms,8.8%,0,0,122.9 KB,1.6 KB
388,b8/e7de94,202683,p11__vibrant_pratama_cached (11),COMPLETED,0,2026-10-07 11:49:30.049,1.3s,125ms,10.3%,0,0,123.8 KB,2.5 KB
383,65/d18c81,202511,p12__virsorter2_pratama_cached (5),COMPLETED,0,2026-10-07 11:49:29.806,1.5s,176ms,7.3%,0,0,123.8 KB,2.5 KB
389,c2/010c6b,203211,p11__vibrant_pratama_cached (12),COMPLETED,0,2026-10-07 11:49:30.566,1.5s,61ms,5.1%,0,0,123.8 KB,2.5 KB
390,6e/66e025,203382,p07__split_hybrid_contigs_pratama_cached (16),COMPLETED,0,2026-10-07 11:49:30.747,1.4s,70ms,12.2%,0,0,112.5 KB,2 KB
394,00/b319cd,203802,p14__vibrant_pratama_cached (13),COMPLETED,0,2026-10-07 11:49:31.268,1.2s,114ms,8.2%,0,0,123.4 KB,2.1 KB
392,7d/e0309d,203627,p15__virsorter2_pratama_cached (15),COMPLETED,0,2026-10-07 11:49:31.192,1.4s,76ms,9.9%,0,0,123.4 KB,2.1 KB
393,ed/ef2948,203765,p13__genomad_pratama_cached (12),COMPLETED,0,2026-10-07 11:49:31.256,1.4s,142ms,3.9%,0,0,129.8 KB,2.5 KB
395,3f/d062dc,203906,p16__genomad_pratama_cached (14),COMPLETED,0,2026-10-07 11:49:31.361,1.5s,167ms,11.8%,0,0,129.4 KB,2.1 KB
391,e5/74a203,203559,p15__virsorter2_pratama_cached (14),COMPLETED,0,2026-10-07 11:49:30.995,1.6s,133ms,8.8%,0,0,123.4 KB,2.1 KB
396,46/783bd9,204161,p16__genomad_pratama_cached (15),COMPLETED,0,2026-10-07 11:49:31.394,1.5s,31ms,11.6%,0,0,129.4 KB,2.1 KB
398,85/5a78c4,204477,p05__megahit_cached (29),COMPLETED,0,2026-10-07 11:49:32.174,1.1s,67ms,14.6%,0,0,112.3 KB,1.8 KB
399,e8/ede41b,204554,p15__virsorter2_pratama_cached (16),COMPLETED,0,2026-10-07 11:49:32.446,1.2s,140ms,12.3%,0,0,123.4 KB,2.1 KB
397,ef/de4b84,204403,p05__megahit_cached (28),COMPLETED,0,2026-10-07 11:49:32.072,2s,44ms,19.8%,0,0,112.3 KB,1.8 KB
400,8e/39afa5,204796,p15__virsorter2_pratama_cached (17),COMPLETED,0,2026-10-07 11:49:32.566,1.6s,186ms,5.1%,0,0,123.4 KB,2.1 KB
404,da/e89209,204971,p14__vibrant_pratama_cached (15),COMPLETED,0,2026-10-07 11:49:32.650,1.6s,122ms,6.7%,0,0,123.4 KB,2.1 KB
403,cd/f1e653,204850,p14__vibrant_pratama_cached (14),COMPLETED,0,2026-10-07 11:49:32.634,1.5s,163ms,10.1%,0,0,123.4 KB,2.1 KB
406,46/1643b9,205142,p05__megahit_cached (30),COMPLETED,0,2026-10-07 11:49:32.888,1.6s,207ms,5.1%,0,0,112.3 KB,1.8 KB
405,34/7d7760,205116,p16__genomad_pratama_cached (16),COMPLETED,0,2026-10-07 11:49:32.874,1.4s,293ms,5.0%,3.6 MB,4.6 MB,129.4 KB,2.1 KB
408,d4/bc241a,205660,p08__splitContigsForAmr_cached (16),COMPLETED,0,2026-10-07 11:49:33.633,1.1s,98ms,14.9%,0,0,117.3 KB,1.6 KB
409,11/67dd79,205422,p16__genomad_pratama_cached (17),COMPLETED,0,2026-10-07 11:49:33.321,1.5s,126ms,9.0%,0,0,129.4 KB,2.1 KB
411,b6/928df6,205730,p15__virsorter2_pratama_cached (18),COMPLETED,0,2026-10-07 11:49:34.126,865ms,121ms,8.7%,0,0,123.4 KB,2.1 KB
413,2f/a91b90,205826,p16__genomad_pratama_cached (18),COMPLETED,0,2026-10-07 11:49:34.147,1s,141ms,7.8%,0,0,129.4 KB,2.1 KB
417,7c/200d2d,206009,p08__splitContigsForAmr_cached (17),COMPLETED,0,2026-10-07 11:49:34.244,1.1s,104ms,0.0%,0,0,117.3 KB,1.6 KB
415,7b/784180,205972,p15__virsorter2_pratama_cached (19),COMPLETED,0,2026-10-07 11:49:34.237,1.1s,123ms,10.3%,0,0,123.4 KB,2.1 KB
414,93/92b65f,206210,p05__megahit_cached (31),COMPLETED,0,2026-10-07 11:49:34.503,915ms,68ms,13.6%,0,0,112.3 KB,1.8 KB
412,4a/7644d7,205791,p14__vibrant_pratama_cached (16),COMPLETED,0,2026-10-07 11:49:34.138,1.3s,105ms,5.0%,0,0,123.4 KB,2.1 KB
416,05/15f3ce,206302,p15__virsorter2_pratama_cached (20),COMPLETED,0,2026-10-07 11:49:34.769,769ms,79ms,9.8%,0,0,123.4 KB,2.1 KB
420,3a/754ae6,206429,p14__vibrant_pratama_cached (17),COMPLETED,0,2026-10-07 11:49:34.868,1.2s,123ms,9.4%,0,0,123.4 KB,2.1 KB
421,76/a48334,206620,p16__genomad_pratama_cached (19),COMPLETED,0,2026-10-07 11:49:35.001,1.1s,167ms,6.8%,0,0,129.4 KB,2.1 KB
424,cf/a125fb,206858,p08__splitContigsForAmr_cached (18),COMPLETED,0,2026-10-07 11:49:35.357,1s,198ms,3.7%,0,0,122.9 KB,1.6 KB
423,d6/95e0b5,206720,p15__virsorter2_pratama_cached (21),COMPLETED,0,2026-10-07 11:49:35.214,1.3s,97ms,8.9%,0,0,123.4 KB,2.1 KB
428,7f/4dcfd0,206963,p14__vibrant_pratama_cached (18),COMPLETED,0,2026-10-07 11:49:35.498,1.1s,175ms,6.0%,0,0,123.4 KB,2.1 KB
429,67/82454c,206971,p16__genomad_pratama_cached (20),COMPLETED,0,2026-10-07 11:49:35.550,1s,220ms,5.9%,0,0,129.4 KB,2.1 KB
422,48/f56b98,206903,p07__split_hybrid_contigs_pratama_cached (17),COMPLETED,0,2026-10-07 11:49:35.463,1.5s,72ms,5.2%,0,0,112.5 KB,2 KB
425,fe/993de5,206856,p05__megahit_cached (32),COMPLETED,0,2026-10-07 11:49:35.389,1.8s,32ms,0.0%,0,0,112.3 KB,1.8 KB
430,2f/646801,207564,p05__megahit_cached (33),COMPLETED,0,2026-10-07 11:49:36.084,1.3s,103ms,12.7%,0,0,112.3 KB,1.8 KB
432,ac/b9e16a,207694,p14__vibrant_pratama_cached (19),COMPLETED,0,2026-10-07 11:49:36.391,1s,141ms,4.7%,0,0,123.4 KB,2.1 KB
431,7b/13a0b4,207588,p15__virsorter2_pratama_cached (22),COMPLETED,0,2026-10-07 11:49:36.263,1.2s,166ms,3.6%,0,0,123.4 KB,2.1 KB
435,56/cbe30d,207986,p05__megahit_cached (35),COMPLETED,0,2026-10-07 11:49:36.642,1s,36ms,11.5%,0,0,112.3 KB,1.8 KB
434,a2/911614,207895,p05__megahit_cached (34),COMPLETED,0,2026-10-07 11:49:36.564,1.4s,22ms,10.9%,0,0,112.3 KB,1.8 KB
433,74/bd9e8e,207819,p14__vibrant_pratama_cached (20),COMPLETED,0,2026-10-07 11:49:36.530,1.4s,122ms,4.3%,0,0,123.4 KB,2.1 KB
438,7d/8f5238,208321,p15__virsorter2_pratama_cached (23),COMPLETED,0,2026-10-07 11:49:36.998,1.6s,217ms,6.3%,0,0,123.4 KB,2.1 KB
441,4e/8bed8d,208426,p16__genomad_pratama_cached (22),COMPLETED,0,2026-10-07 11:49:37.203,2.1s,242ms,5.1%,0,0,129.4 KB,2.1 KB
442,3a/bd602f,208577,p16__genomad_pratama_cached (23),COMPLETED,0,2026-10-07 11:49:37.440,1.9s,169ms,7.2%,0,0,129.4 KB,2.1 KB
446,50/ca239b,209066,p15__virsorter2_pratama_cached (24),COMPLETED,0,2026-10-07 11:49:37.941,1.4s,214ms,7.0%,0,0,123.4 KB,2.1 KB
443,1d/61487d,208662,p14__vibrant_pratama_cached (21),COMPLETED,0,2026-10-07 11:49:37.488,1.8s,221ms,4.9%,0,0,123.4 KB,2.1 KB
440,e3/cb403f,208456,p16__genomad_pratama_cached (21),COMPLETED,0,2026-10-07 11:49:37.383,1.9s,237ms,5.0%,0,0,129.4 KB,2.1 KB
444,31/d14858,208774,p14__vibrant_pratama_cached (22),COMPLETED,0,2026-10-07 11:49:37.693,1.6s,153ms,7.1%,0,0,123.4 KB,2.1 KB
447,cd/da06f4,209272,p15__virsorter2_pratama_cached (25),COMPLETED,0,2026-10-07 11:49:38.018,1.7s,124ms,7.5%,0,0,123.4 KB,2.1 KB
450,e6/23b957,209352,p05__megahit_cached (36),COMPLETED,0,2026-10-07 11:49:38.632,1.1s,123ms,4.3%,0,0,112.3 KB,1.8 KB
451,d0/0a349e,209801,p05__megahit_cached (37),COMPLETED,0,2026-10-07 11:49:39.331,485ms,16ms,13.7%,0,0,112.3 KB,1.8 KB
459,3b/d81fe7,210128,p14__vibrant_pratama_cached (23),COMPLETED,0,2026-10-07 11:49:39.757,840ms,150ms,8.8%,0,0,123.4 KB,2.1 KB
455,fd/a1e2f6,210082,p16__genomad_pratama_cached (25),COMPLETED,0,2026-10-07 11:49:39.570,1.1s,201ms,6.8%,0,0,129.4 KB,2.1 KB
454,df/c72d14,210059,p16__genomad_pratama_cached (24),COMPLETED,0,2026-10-07 11:49:39.484,1.2s,143ms,12.0%,0,0,129.4 KB,2.1 KB
453,6d/ebff31,210048,p11__vibrant_pratama_cached (14),COMPLETED,0,2026-10-07 11:49:39.446,1.2s,192ms,4.8%,0,0,123.8 KB,2.5 KB
456,31/e4958d,210085,p13__genomad_pratama_cached (13),COMPLETED,0,2026-10-07 11:49:39.632,1.1s,252ms,5.3%,0,0,129.8 KB,2.5 KB
460,37/ce8c7d,210151,p12__virsorter2_pratama_cached (6),COMPLETED,0,2026-10-07 11:49:39.772,996ms,272ms,4.6%,0,0,123.8 KB,2.5 KB
452,31/96daca,210036,p11__vibrant_pratama_cached (13),COMPLETED,0,2026-10-07 11:49:39.414,1.5s,103ms,9.3%,0,0,123.8 KB,2.5 KB
458,ee/319ce7,210241,p05__megahit_cached (38),COMPLETED,0,2026-10-07 11:49:39.825,1.1s,102ms,6.6%,0,0,112.3 KB,1.8 KB
464,54/75e001,210851,p14__vibrant_pratama_cached (24),COMPLETED,0,2026-10-07 11:49:40.645,865ms,77ms,6.1%,0,0,123.4 KB,2.1 KB
467,00/d783b9,210937,p15__virsorter2_pratama_cached (26),COMPLETED,0,2026-10-07 11:49:40.743,908ms,134ms,6.7%,0,0,123.4 KB,2.1 KB
457,71/62b58c,210772,p13__genomad_pratama_cached (14),COMPLETED,0,2026-10-07 11:49:40.608,1.1s,130ms,10.8%,0,0,129.8 KB,2.5 KB
463,7c/5cf4fe,210806,p05__megahit_cached (39),COMPLETED,0,2026-10-07 11:49:40.634,1.1s,81ms,9.8%,0,0,112.3 KB,1.8 KB
465,1c/261b4c,210931,p08__splitContigsForAmr_cached (19),COMPLETED,0,2026-10-07 11:49:40.690,1.2s,135ms,7.9%,0,0,122.9 KB,1.6 KB
468,77/b2ef1c,211067,p16__genomad_pratama_cached (26),COMPLETED,0,2026-10-07 11:49:40.777,1.2s,162ms,7.0%,0,0,129.4 KB,2.1 KB
470,8b/f2c226,211201,p05__megahit_cached (41),COMPLETED,0,2026-10-07 11:49:40.955,1.1s,79ms,4.5%,0,0,112.3 KB,1.8 KB
469,b0/93401d,211109,p05__megahit_cached (40),COMPLETED,0,2026-10-07 11:49:40.935,1.1s,110ms,4.0%,0,0,112.3 KB,1.8 KB
471,86/e2ed54,211539,p15__virsorter2_pratama_cached (27),COMPLETED,0,2026-10-07 11:49:41.521,936ms,75ms,15.0%,0,0,123.4 KB,2.1 KB
477,34/d34d9c,211814,p16__genomad_pratama_cached (28),COMPLETED,0,2026-10-07 11:49:41.855,1.3s,170ms,6.8%,0,0,129.4 KB,2.1 KB
474,07/94c63d,211736,p14__vibrant_pratama_cached (25),COMPLETED,0,2026-10-07 11:49:41.738,1.5s,152ms,6.4%,0,0,123.4 KB,2.1 KB
478,ff/a867ae,211995,p16__genomad_pratama_cached (29),COMPLETED,0,2026-10-07 11:49:42.005,1.4s,177ms,6.7%,0,0,129.4 KB,2.1 KB
482,e3/1943dd,212125,p15__virsorter2_pratama_cached (30),COMPLETED,0,2026-10-07 11:49:42.019,1.4s,176ms,7.8%,0,0,123.4 KB,2.1 KB
475,be/9222bf,211795,p16__genomad_pratama_cached (27),COMPLETED,0,2026-10-07 11:49:41.759,1.8s,142ms,6.4%,0,0,129.4 KB,2.1 KB
472,6a/fa788b,211656,p15__virsorter2_pratama_cached (28),COMPLETED,0,2026-10-07 11:49:41.662,1.9s,169ms,3.5%,0,0,123.4 KB,2.1 KB
481,dc/f19811,212141,p15__virsorter2_pratama_cached (29),COMPLETED,0,2026-10-07 11:49:42.120,1.6s,106ms,4.0%,0,0,123.4 KB,2.1 KB
480,b3/bb1917,212744,p08__splitContigsForAmr_cached (20),COMPLETED,0,2026-10-07 11:49:43.148,1s,166ms,10.1%,0,0,142.2 KB,1.6 KB
479,f2/746bb4,212290,p05__megahit_cached (42),COMPLETED,0,2026-10-07 11:49:42.475,1.8s,101ms,4.5%,0,0,112.3 KB,1.8 KB
484,37/415bf5,213005,p05__megahit_cached (43),COMPLETED,0,2026-10-07 11:49:43.366,923ms,68ms,13.5%,0,0,112.3 KB,1.8 KB
483,e0/003901,212858,p14__vibrant_pratama_cached (26),COMPLETED,0,2026-10-07 11:49:43.246,1s,63ms,12.1%,0,0,123.4 KB,2.1 KB
485,ab/0571be,213049,p14__vibrant_pratama_cached (27),COMPLETED,0,2026-10-07 11:49:43.442,969ms,91ms,12.6%,0,0,123.4 KB,2.1 KB
486,8a/23e71c,213171,p14__vibrant_pratama_cached (28),COMPLETED,0,2026-10-07 11:49:43.555,1.1s,93ms,10.6%,0,0,123.4 KB,2.1 KB
487,94/789139,213374,p15__virsorter2_pratama_cached (31),COMPLETED,0,2026-10-07 11:49:43.574,1.4s,66ms,8.7%,0,0,123.4 KB,2.1 KB
488,6c/2a5a68,213411,p16__genomad_pratama_cached (30),COMPLETED,0,2026-10-07 11:49:43.681,1.1s,74ms,16.0%,0,0,129.4 KB,2.1 KB
492,d3/e8d005,213578,p15__virsorter2_pratama_cached (32),COMPLETED,0,2026-10-07 11:49:44.253,1.2s,136ms,6.8%,0,0,123.4 KB,2.1 KB
496,78/7e6315,213769,p14__vibrant_pratama_cached (29),COMPLETED,0,2026-10-07 11:49:44.433,1.1s,219ms,5.4%,0,0,123.4 KB,2.1 KB
495,cb/cba55f,213697,p05__megahit_cached (45),COMPLETED,0,2026-10-07 11:49:44.300,1.3s,113ms,4.1%,0,0,112.3 KB,1.8 KB
494,35/b7c551,213597,p08__splitContigsForAmr_cached (21),COMPLETED,0,2026-10-07 11:49:44.274,1.4s,172ms,6.1%,0,0,135.4 KB,1.6 KB
490,56/948a8a,213538,p05__megahit_cached (44),COMPLETED,0,2026-10-07 11:49:44.165,1.6s,99ms,10.4%,0,0,112.3 KB,1.8 KB
498,e6/eb6e21,214110,p11__vibrant_pratama_cached (15),COMPLETED,0,2026-10-07 11:49:44.799,1s,89ms,10.0%,0,0,123.8 KB,2.5 KB
497,e9/e50237,213940,p14__vibrant_pratama_cached (30),COMPLETED,0,2026-10-07 11:49:44.626,1.2s,114ms,10.1%,0,0,123.4 KB,2.1 KB
499,b6/1251a0,214341,p12__virsorter2_pratama_cached (7),COMPLETED,0,2026-10-07 11:49:44.982,967ms,84ms,10.1%,0,0,123.8 KB,2.5 KB
505,39/7183ee,214754,p15__virsorter2_pratama_cached (34),COMPLETED,0,2026-10-07 11:49:45.716,1.4s,155ms,6.6%,0,0,123.4 KB,2.1 KB
503,e3/201cd7,214702,p16__genomad_pratama_cached (32),COMPLETED,0,2026-10-07 11:49:45.548,1.5s,116ms,9.4%,0,0,129.4 KB,2.1 KB
506,a2/e95480,214931,p13__genomad_pratama_cached (15),COMPLETED,0,2026-10-07 11:49:45.847,1.2s,140ms,7.7%,0,0,129.8 KB,2.5 KB
504,fb/5ed1e5,214723,p15__virsorter2_pratama_cached (33),COMPLETED,0,2026-10-07 11:49:45.656,1.6s,174ms,8.4%,0,0,123.4 KB,2.1 KB
508,5c/c52e8c,215193,p05__megahit_cached (46),COMPLETED,0,2026-10-07 11:49:45.897,1.4s,53ms,12.9%,0,0,112.3 KB,1.8 KB
502,e9/ccac6a,214617,p16__genomad_pratama_cached (31),COMPLETED,0,2026-10-07 11:49:45.412,1.9s,115ms,3.9%,0,0,129.4 KB,2.1 KB
507,02/d6c564,215177,p13__genomad_pratama_cached (16),COMPLETED,0,2026-10-07 11:49:45.876,1.5s,94ms,6.5%,0,0,129.8 KB,2.5 KB
509,7f/2c1b4a,215221,p12__virsorter2_pratama_cached (8),COMPLETED,0,2026-10-07 11:49:45.959,1.5s,191ms,6.9%,0,0,123.8 KB,2.5 KB
511,da/b42e89,215833,p16__genomad_pratama_cached (33),COMPLETED,0,2026-10-07 11:49:47.237,1s,216ms,6.2%,0,0,129.4 KB,2.1 KB
513,84/39d84c,215881,p11__vibrant_pratama_cached (16),COMPLETED,0,2026-10-07 11:49:47.296,1.2s,217ms,4.8%,0,0,123.8 KB,2.5 KB
510,a0/18f08e,215822,p05__megahit_cached (47),COMPLETED,0,2026-10-07 11:49:47.220,1.3s,96ms,6.3%,0,0,112.3 KB,1.8 KB
514,be/fe4a16,215857,p12__virsorter2_pratama_cached (9),COMPLETED,0,2026-10-07 11:49:47.250,1.7s,216ms,4.8%,0,0,123.8 KB,2.5 KB
512,59/873d50,215834,p14__vibrant_pratama_cached (31),COMPLETED,0,2026-10-07 11:49:47.245,1.7s,164ms,6.5%,0,0,123.4 KB,2.1 KB
516,14/63bf12,216581,p14__vibrant_pratama_cached (32),COMPLETED,0,2026-10-07 11:49:48.280,830ms,215ms,8.3%,0,0,123.4 KB,2.1 KB
517,6e/2b3d08,216159,p05__megahit_cached (48),COMPLETED,0,2026-10-07 11:49:47.376,1.6s,119ms,7.1%,0,0,112.3 KB,1.8 KB
518,e5/65e033,216191,p11__vibrant_pratama_cached (17),COMPLETED,0,2026-10-07 11:49:47.495,1.7s,181ms,4.8%,0,0,123.8 KB,2.5 KB
515,ba/f0a6d5,216047,p13__genomad_pratama_cached (17),COMPLETED,0,2026-10-07 11:49:47.329,2.1s,235ms,8.2%,0,0,129.8 KB,2.5 KB
519,14/9aea0f,216761,p16__genomad_pratama_cached (34),COMPLETED,0,2026-10-07 11:49:48.540,1s,125ms,8.8%,0,0,129.4 KB,2.1 KB
524,85/d26130,217023,p16__genomad_pratama_cached (35),COMPLETED,0,2026-10-07 11:49:49.004,717ms,133ms,8.2%,0,0,129.4 KB,2.1 KB
523,82/3d21ae,216957,p14__vibrant_pratama_cached (33),COMPLETED,0,2026-10-07 11:49:48.919,969ms,72ms,6.3%,0,0,123.4 KB,2.1 KB
522,d7/5396ae,216885,p15__virsorter2_pratama_cached (35),COMPLETED,0,2026-10-07 11:49:48.586,1.3s,74ms,12.4%,0,0,123.4 KB,2.1 KB
526,c0/d83c36,217220,p05__megahit_cached (49),COMPLETED,0,2026-10-07 11:49:49.177,938ms,77ms,12.6%,0,0,112.3 KB,1.8 KB
528,c3/366b91,217264,p13__genomad_pratama_cached (18),COMPLETED,0,2026-10-07 11:49:49.196,1s,184ms,6.9%,0,0,129.8 KB,2.5 KB
529,2f/91e446,217373,p11__vibrant_pratama_cached (18),COMPLETED,0,2026-10-07 11:49:49.469,969ms,64ms,10.6%,0,0,123.8 KB,2.5 KB
530,f6/6e4db8,217552,p15__virsorter2_pratama_cached (36),COMPLETED,0,2026-10-07 11:49:49.551,976ms,111ms,13.3%,0,0,123.4 KB,2.1 KB
525,25/ff61e2,217215,p12__virsorter2_pratama_cached (10),COMPLETED,0,2026-10-07 11:49:49.116,1.6s,145ms,8.0%,0,0,123.8 KB,2.5 KB
532,2e/499b85,217751,p13__genomad_pratama_cached (19),COMPLETED,0,2026-10-07 11:49:49.895,851ms,118ms,5.7%,0,0,129.8 KB,2.5 KB
531,66/33c785,217649,p15__virsorter2_pratama_cached (37),COMPLETED,0,2026-10-07 11:49:49.739,1.1s,99ms,11.2%,0,0,123.4 KB,2.1 KB
535,57/aa2c8c,217867,p11__vibrant_pratama_cached (19),COMPLETED,0,2026-10-07 11:49:49.924,1.3s,105ms,9.6%,0,0,123.8 KB,2.5 KB
533,60/4bc57b,218053,p14__vibrant_pratama_cached (34),COMPLETED,0,2026-10-07 11:49:50.230,1.1s,88ms,10.1%,0,0,123.4 KB,2.1 KB
536,64/bfd2de,217936,p14__vibrant_pratama_cached (35),COMPLETED,0,2026-10-07 11:49:50.122,1.2s,91ms,4.8%,0,0,123.4 KB,2.1 KB
539,e7/ffda08,218275,p05__megahit_cached (50),COMPLETED,0,2026-10-07 11:49:50.502,964ms,51ms,18.9%,0,0,112.3 KB,1.8 KB
540,b3/e04162,218330,p05__megahit_cached (51),COMPLETED,0,2026-10-07 11:49:50.532,949ms,65ms,7.8%,0,0,112.3 KB,1.8 KB
541,02/bdf6ab,218497,p08__splitContigsForAmr_cached (22),COMPLETED,0,2026-10-07 11:49:50.768,1s,170ms,11.2%,0,0,135.4 KB,1.6 KB
542,46/9e6a0d,218611,p14__vibrant_pratama_cached (36),COMPLETED,0,2026-10-07 11:49:50.809,1.1s,129ms,6.7%,0,0,123.4 KB,2.1 KB
534,18/020fbb,218400,p16__genomad_pratama_cached (36),COMPLETED,0,2026-10-07 11:49:50.695,1.3s,139ms,7.1%,0,0,129.4 KB,2.1 KB
543,ac/c95aa8,218837,p16__genomad_pratama_cached (37),COMPLETED,0,2026-10-07 11:49:51.252,1.4s,148ms,8.7%,0,0,129.4 KB,2.1 KB
545,e9/8079dc,218959,p15__virsorter2_pratama_cached (39),COMPLETED,0,2026-10-07 11:49:51.321,1.7s,180ms,5.8%,0,0,123.4 KB,2.1 KB
544,5a/2b80df,218962,p15__virsorter2_pratama_cached (38),COMPLETED,0,2026-10-07 11:49:51.365,1.8s,141ms,7.1%,0,0,123.4 KB,2.1 KB
546,13/58194d,218973,p05__megahit_cached (52),COMPLETED,0,2026-10-07 11:49:51.474,1.7s,122ms,6.8%,0,0,112.3 KB,1.8 KB
547,39/f6fea1,219059,p05__megahit_cached (53),COMPLETED,0,2026-10-07 11:49:51.799,1.6s,128ms,6.7%,0,0,112.3 KB,1.8 KB
549,8d/098307,219022,p16__genomad_pratama_cached (38),COMPLETED,0,2026-10-07 11:49:51.502,1.6s,267ms,2.5%,0,0,129.4 KB,2.1 KB
551,60/af6212,219391,p14__vibrant_pratama_cached (37),COMPLETED,0,2026-10-07 11:49:52.020,1.6s,131ms,10.7%,0,0,123.4 KB,2.1 KB
550,3e/1bdcd5,219156,p12__virsorter2_pratama_cached (11),COMPLETED,0,2026-10-07 11:49:51.956,1.6s,165ms,8.8%,0,0,123.8 KB,2.5 KB
555,82/163613,219910,p05__megahit_cached (54),COMPLETED,0,2026-10-07 11:49:53.129,1.7s,41ms,5.5%,0,0,112.3 KB,1.8 KB
554,81/9bea03,219778,p16__genomad_pratama_cached (39),COMPLETED,0,2026-10-07 11:49:53.044,1.7s,142ms,11.3%,0,0,129.4 KB,2.1 KB
558,ff/1517dd,220130,p13__genomad_pratama_cached (20),COMPLETED,0,2026-10-07 11:49:53.407,1.5s,147ms,9.7%,0,0,129.8 KB,2.5 KB
556,95/994a0e,220128,p15__virsorter2_pratama_cached (40),COMPLETED,0,2026-10-07 11:49:53.153,1.7s,166ms,7.4%,0,0,123.4 KB,2.1 KB
552,5d/d1be57,219616,p14__vibrant_pratama_cached (38),COMPLETED,0,2026-10-07 11:49:52.695,2.6s,168ms,6.6%,0,0,123.4 KB,2.1 KB
559,20/2e91c7,220264,p05__megahit_cached (55),COMPLETED,0,2026-10-07 11:49:53.428,2s,74ms,12.2%,0,0,112.3 KB,1.8 KB
560,05/e7c799,220306,p05__megahit_cached (56),COMPLETED,0,2026-10-07 11:49:53.525,1.9s,71ms,11.4%,0,0,112.3 KB,1.8 KB
561,53/ccbc7b,220575,p14__vibrant_pratama_cached (39),COMPLETED,0,2026-10-07 11:49:53.583,1.9s,82ms,6.4%,0,0,123.4 KB,2.1 KB
566,c4/abe4b0,220954,p16__genomad_pratama_cached (41),COMPLETED,0,2026-10-07 11:49:55.373,844ms,120ms,11.2%,0,0,129.4 KB,2.1 KB
565,3a/cb735c,220949,p15__virsorter2_pratama_cached (42),COMPLETED,0,2026-10-07 11:49:55.331,1s,80ms,0.0%,0,0,123.4 KB,2.1 KB
570,94/20cff0,221034,p05__megahit_cached (57),COMPLETED,0,2026-10-07 11:49:55.434,927ms,57ms,12.7%,0,0,112.3 KB,1.8 KB
568,36/3b9239,220966,p14__vibrant_pratama_cached (40),COMPLETED,0,2026-10-07 11:49:55.425,977ms,117ms,5.6%,0,0,123.4 KB,2.1 KB
571,93/04e803,221057,p11__vibrant_pratama_cached (20),COMPLETED,0,2026-10-07 11:49:55.504,913ms,75ms,5.4%,0,0,123.8 KB,2.5 KB
563,41/19951f,220950,p16__genomad_pratama_cached (40),COMPLETED,0,2026-10-07 11:49:55.362,1.1s,129ms,9.4%,0,0,129.4 KB,2.1 KB
564,05/d44831,220953,p15__virsorter2_pratama_cached (41),COMPLETED,0,2026-10-07 11:49:55.321,1.1s,114ms,10.0%,0,0,123.4 KB,2.1 KB
567,96/f8d2d3,220959,p08__splitContigsForAmr_cached (23),COMPLETED,0,2026-10-07 11:49:55.414,1.1s,143ms,10.9%,0,0,142.2 KB,1.6 KB
574,ef/def6da,221666,p14__vibrant_pratama_cached (41),COMPLETED,0,2026-10-07 11:49:56.223,372ms,57ms,24.1%,0,0,123.4 KB,2.1 KB
572,8a/c9daec,221759,p16__genomad_pratama_cached (42),COMPLETED,0,2026-10-07 11:49:56.348,620ms,109ms,12.4%,0,0,129.4 KB,2.1 KB
575,18/07726a,221840,p11__vibrant_pratama_cached (21),COMPLETED,0,2026-10-07 11:49:56.368,814ms,103ms,12.0%,0,0,123.8 KB,2.5 KB
579,58/a818ae,221900,p14__vibrant_pratama_cached (42),COMPLETED,0,2026-10-07 11:49:56.426,840ms,108ms,10.0%,0,0,123.4 KB,2.1 KB
577,7c/35b72f,221884,p05__megahit_cached (58),COMPLETED,0,2026-10-07 11:49:56.408,867ms,51ms,13.4%,0,0,112.3 KB,1.8 KB
583,50/2693a9,222010,p13__genomad_pratama_cached (21),COMPLETED,0,2026-10-07 11:49:56.471,1.1s,176ms,10.7%,0,0,129.8 KB,2.5 KB
584,88/857ac7,222053,p16__genomad_pratama_cached (43),COMPLETED,0,2026-10-07 11:49:56.515,1.1s,170ms,6.9%,0,0,129.4 KB,2.1 KB
585,fe/74d205,222148,p15__virsorter2_pratama_cached (43),COMPLETED,0,2026-10-07 11:49:56.603,1s,67ms,8.9%,0,0,123.4 KB,2.1 KB
581,12/aa8aa5,221939,p11__vibrant_pratama_cached (22),COMPLETED,0,2026-10-07 11:49:56.457,1.1s,132ms,8.9%,0,0,123.8 KB,2.5 KB
586,a6/dab1ad,222499,p15__virsorter2_pratama_cached (44),COMPLETED,0,2026-10-07 11:49:56.980,1.2s,132ms,8.4%,0,0,123.4 KB,2.1 KB
589,ec/d13473,222712,p05__megahit_cached (59),COMPLETED,0,2026-10-07 11:49:57.203,1s,79ms,5.9%,0,0,112.3 KB,1.8 KB
591,5f/0d72d2,222961,p05__megahit_cached (61),COMPLETED,0,2026-10-07 11:49:57.368,926ms,82ms,6.2%,0,0,112.3 KB,1.8 KB
590,1a/a116c8,222833,p05__megahit_cached (60),COMPLETED,0,2026-10-07 11:49:57.274,1s,77ms,9.1%,0,0,112.3 KB,1.8 KB
592,f6/228cdd,222963,p15__virsorter2_pratama_cached (45),COMPLETED,0,2026-10-07 11:49:57.599,933ms,77ms,9.0%,0,0,123.4 KB,2.1 KB
594,29/0609a3,223344,p16__genomad_pratama_cached (44),COMPLETED,0,2026-10-07 11:49:57.631,1.7s,173ms,7.1%,0,0,129.4 KB,2.1 KB
593,45/a701c5,223326,p14__vibrant_pratama_cached (43),COMPLETED,0,2026-10-07 11:49:57.622,1.8s,89ms,11.9%,0,0,123.4 KB,2.1 KB
598,30/96761e,223392,p05__megahit_cached (62),COMPLETED,0,2026-10-07 11:49:58.187,1.3s,136ms,9.1%,0,0,112.3 KB,1.8 KB
595,b4/39e0d1,223345,p13__genomad_pratama_cached (22),COMPLETED,0,2026-10-07 11:49:57.714,1.8s,143ms,8.2%,0,0,129.8 KB,2.5 KB
602,36/957528,223629,p14__vibrant_pratama_cached (45),COMPLETED,0,2026-10-07 11:49:58.318,1.2s,137ms,7.2%,0,0,123.4 KB,2.1 KB
601,aa/34e7f7,223538,p14__vibrant_pratama_cached (44),COMPLETED,0,2026-10-07 11:49:58.309,1.3s,166ms,6.6%,0,0,123.4 KB,2.1 KB
599,91/821b3a,223407,p15__virsorter2_pratama_cached (46),COMPLETED,0,2026-10-07 11:49:58.236,1.3s,125ms,8.4%,0,0,123.4 KB,2.1 KB
604,f2/d1800a,223803,p16__genomad_pratama_cached (45),COMPLETED,0,2026-10-07 11:49:58.540,1.2s,108ms,11.4%,0,0,129.4 KB,2.1 KB
605,1b/f65c41,224245,p16__genomad_pratama_cached (46),COMPLETED,0,2026-10-07 11:49:59.368,885ms,175ms,7.2%,0,0,129.4 KB,2.1 KB
606,ef/9911d7,224355,p13__genomad_pratama_cached (23),COMPLETED,0,2026-10-07 11:49:59.407,1.2s,45ms,17.0%,0,0,129.8 KB,2.5 KB
609,74/0766df,224454,p05__megahit_cached (63),COMPLETED,0,2026-10-07 11:49:59.550,1.1s,68ms,8.6%,0,0,112.3 KB,1.8 KB
610,4e/8b4e57,224507,p13__genomad_pratama_cached (24),COMPLETED,0,2026-10-07 11:49:59.563,1.1s,201ms,5.9%,0,0,129.8 KB,2.5 KB
611,5c/ce621a,224589,p08__splitContigsForAmr_cached (24),COMPLETED,0,2026-10-07 11:49:59.573,1.3s,234ms,5.9%,0,0,135.4 KB,1.6 KB
614,5a/b25f86,224721,p14__vibrant_pratama_cached (46),COMPLETED,0,2026-10-07 11:49:59.724,1.2s,120ms,6.6%,0,0,123.4 KB,2.1 KB
607,ff/73411e,224413,p11__vibrant_pratama_cached (23),COMPLETED,0,2026-10-07 11:49:59.467,1.4s,156ms,8.1%,0,0,123.8 KB,2.5 KB
612,5f/8c6ae1,224942,p05__megahit_cached (64),COMPLETED,0,2026-10-07 11:50:00.261,834ms,43ms,14.8%,0,0,112.3 KB,1.8 KB
615,1d/83794d,225197,p05__megahit_cached (65),COMPLETED,0,2026-10-07 11:50:00.571,642ms,58ms,10.0%,0,0,112.3 KB,1.8 KB
616,29/b0dcff,225321,p08__splitContigsForAmr_cached (25),COMPLETED,0,2026-10-07 11:50:00.681,773ms,73ms,11.4%,0,0,135.4 KB,1.6 KB
613,92/8a3345,224691,p11__vibrant_pratama_cached (24),COMPLETED,0,2026-10-07 11:49:59.590,1.5s,118ms,7.2%,0,0,123.8 KB,2.5 KB
618,11/83fe0a,225481,p08__splitContigsForAmr_cached (26),COMPLETED,0,2026-10-07 11:50:00.912,1.1s,222ms,7.4%,0,0,128.9 KB,1.6 KB
619,05/568a6b,225562,p16__genomad_pratama_cached (47),COMPLETED,0,2026-10-07 11:50:00.920,1.1s,209ms,3.0%,0,0,129.4 KB,2.1 KB
622,75/4099af,225728,p15__virsorter2_pratama_cached (49),COMPLETED,0,2026-10-07 11:50:01.105,1s,135ms,7.4%,0,0,123.4 KB,2.1 KB
620,e8/d90ba1,225677,p16__genomad_pratama_cached (48),COMPLETED,0,2026-10-07 11:50:00.929,1.3s,198ms,5.8%,0,0,129.4 KB,2.1 KB
621,81/b6d737,225764,p15__virsorter2_pratama_cached (48),COMPLETED,0,2026-10-07 11:50:01.127,1.2s,155ms,5.9%,0,0,123.4 KB,2.1 KB
617,45/513151,225410,p15__virsorter2_pratama_cached (47),COMPLETED,0,2026-10-07 11:50:00.716,1.9s,176ms,8.3%,0,0,123.4 KB,2.1 KB
626,ea/ccf570,226284,p14__vibrant_pratama_cached (48),COMPLETED,0,2026-10-07 11:50:01.477,1.4s,210ms,6.2%,0,0,123.4 KB,2.1 KB
623,6f/339f2a,225933,p14__vibrant_pratama_cached (47),COMPLETED,0,2026-10-07 11:50:01.220,1.6s,163ms,7.5%,0,0,123.4 KB,2.1 KB
630,d7/930762,226298,p15__virsorter2_pratama_cached (50),COMPLETED,0,2026-10-07 11:50:02.046,1.3s,200ms,6.1%,0,0,123.4 KB,2.1 KB
628,69/eb727d,226392,p14__vibrant_pratama_cached (49),COMPLETED,0,2026-10-07 11:50:02.056,1.4s,246ms,5.3%,0,0,123.4 KB,2.1 KB
632,ef/d0258f,226635,p16__genomad_pratama_cached (49),COMPLETED,0,2026-10-07 11:50:02.268,1.2s,129ms,8.1%,0,0,129.4 KB,2.1 KB
633,cf/66dd96,226714,p14__vibrant_pratama_cached (50),COMPLETED,0,2026-10-07 11:50:02.324,1.2s,198ms,7.6%,0,0,123.4 KB,2.1 KB
631,37/16ffd6,226468,p13__genomad_pratama_cached (25),COMPLETED,0,2026-10-07 11:50:02.142,1.5s,155ms,6.9%,0,0,129.8 KB,2.5 KB
635,c3/3391e6,226985,p15__virsorter2_pratama_cached (51),COMPLETED,0,2026-10-07 11:50:02.663,1.6s,111ms,10.2%,0,0,123.4 KB,2.1 KB
638,50/0d7956,227278,p16__genomad_pratama_cached (50),COMPLETED,0,2026-10-07 11:50:02.874,1.5s,173ms,7.1%,0,0,129.4 KB,2.1 KB
636,3a/334b0b,227106,p11__vibrant_pratama_cached (25),COMPLETED,0,2026-10-07 11:50:02.824,1.6s,112ms,10.4%,0,0,123.8 KB,2.5 KB
639,63/004aad,227319,p15__virsorter2_pratama_cached (52),COMPLETED,0,2026-10-07 11:50:03.384,1.3s,176ms,8.0%,0,0,123.4 KB,2.1 KB
640,3a/7a3c7a,227485,p14__vibrant_pratama_cached (51),COMPLETED,0,2026-10-07 11:50:03.456,1.7s,126ms,8.1%,0,0,123.4 KB,2.1 KB
646,9a/8da317,227854,p14__vibrant_pratama_cached (52),COMPLETED,0,2026-10-07 11:50:03.690,2s,92ms,11.1%,0,0,123.4 KB,2.1 KB
644,35/2d8fa1,227805,p15__virsorter2_pratama_cached (53),COMPLETED,0,2026-10-07 11:50:03.555,2.1s,77ms,15.4%,0,0,123.4 KB,2.1 KB
643,f0/087b7e,227588,p16__genomad_pratama_cached (51),COMPLETED,0,2026-10-07 11:50:03.517,2.3s,197ms,6.7%,0,0,129.4 KB,2.1 KB
647,f2/4f50af,228109,p14__vibrant_pratama_cached (53),COMPLETED,0,2026-10-07 11:50:04.234,1.6s,123ms,8.8%,0,0,123.4 KB,2.1 KB
645,40/2db16e,228222,p16__genomad_pratama_cached (52),COMPLETED,0,2026-10-07 11:50:04.434,1.4s,186ms,7.6%,0,0,129.4 KB,2.1 KB
650,52/074a1c,228474,p08__splitContigsForAmr_cached (27),COMPLETED,0,2026-10-07 11:50:04.656,1.4s,91ms,9.5%,0,0,128.9 KB,1.6 KB
649,d4/a66da3,228398,p15__virsorter2_pratama_cached (54),COMPLETED,0,2026-10-07 11:50:04.450,1.5s,53ms,23.9%,0,0,123.4 KB,2.1 KB
651,56/e51797,228680,p15__virsorter2_pratama_cached (55),COMPLETED,0,2026-10-07 11:50:05.164,1.6s,171ms,7.5%,0,0,123.4 KB,2.1 KB
652,22/430e59,228771,p16__genomad_pratama_cached (53),COMPLETED,0,2026-10-07 11:50:05.705,1.2s,139ms,10.4%,0,0,129.4 KB,2.1 KB
655,53/79b70a,228836,p14__vibrant_pratama_cached (54),COMPLETED,0,2026-10-07 11:50:05.730,1.4s,146ms,8.7%,0,0,123.4 KB,2.1 KB
659,9b/460aef,229097,p14__vibrant_pratama_cached (55),COMPLETED,0,2026-10-07 11:50:05.878,1.4s,162ms,7.2%,0,0,123.4 KB,2.1 KB
656,a4/a57294,228983,p15__virsorter2_pratama_cached (56),COMPLETED,0,2026-10-07 11:50:05.851,1.5s,136ms,8.9%,0,0,123.4 KB,2.1 KB
657,05/bf624d,229004,p16__genomad_pratama_cached (54),COMPLETED,0,2026-10-07 11:50:05.866,1.6s,146ms,6.2%,0,0,129.4 KB,2.1 KB
661,c6/225188,229405,p15__virsorter2_pratama_cached (57),COMPLETED,0,2026-10-07 11:50:06.077,1.7s,105ms,7.7%,0,0,123.4 KB,2.1 KB
662,20/bf5f9a,229554,p15__virsorter2_pratama_cached (58),COMPLETED,0,2026-10-07 11:50:06.745,990ms,83ms,17.6%,0,0,123.4 KB,2.1 KB
660,2b/a1b954,229179,p14__vibrant_pratama_cached (56),COMPLETED,0,2026-10-07 11:50:05.930,2.3s,90ms,4.5%,0,0,123.4 KB,2.1 KB
663,8c/46bdd0,229813,p16__genomad_pratama_cached (55),COMPLETED,0,2026-10-07 11:50:06.957,1.3s,142ms,6.0%,0,0,129.4 KB,2.1 KB
668,2f/24c07c,230009,p15__virsorter2_pratama_cached (59),COMPLETED,0,2026-10-07 11:50:07.284,1.4s,105ms,10.1%,0,0,123.4 KB,2.1 KB
665,3e/c011a3,229905,p16__genomad_pratama_cached (56),COMPLETED,0,2026-10-07 11:50:07.104,1.5s,66ms,8.4%,0,0,129.4 KB,2.1 KB
673,c2/79a65a,230209,p11__vibrant_pratama_cached (27),COMPLETED,0,2026-10-07 11:50:07.802,965ms,209ms,3.2%,0,0,123.8 KB,2.5 KB
667,d9/c089f7,230026,p13__genomad_pratama_cached (26),COMPLETED,0,2026-10-07 11:50:07.410,1.3s,164ms,7.5%,0,0,129.8 KB,2.5 KB
672,d8/71a206,230199,p11__vibrant_pratama_cached (26),COMPLETED,0,2026-10-07 11:50:07.758,1.2s,149ms,7.1%,0,0,123.8 KB,2.5 KB
669,29/d14549,230112,p14__vibrant_pratama_cached (57),COMPLETED,0,2026-10-07 11:50:07.476,1.5s,153ms,6.4%,0,0,123.4 KB,2.1 KB
678,6d/821995,230678,p15__virsorter2_pratama_cached (60),COMPLETED,0,2026-10-07 11:50:08.337,1.2s,100ms,7.1%,0,0,123.4 KB,2.1 KB
677,c4/ed12bd,230631,p16__genomad_pratama_cached (57),COMPLETED,0,2026-10-07 11:50:08.235,1.4s,113ms,8.1%,0,0,129.4 KB,2.1 KB
679,1d/d8db8d,230736,p13__genomad_pratama_cached (27),COMPLETED,0,2026-10-07 11:50:08.636,1.2s,203ms,6.2%,0,0,129.8 KB,2.5 KB
681,e4/265a85,230865,p14__vibrant_pratama_cached (59),COMPLETED,0,2026-10-07 11:50:08.753,1.1s,187ms,7.2%,0,0,123.4 KB,2.1 KB
680,7b/31b9de,230844,p14__vibrant_pratama_cached (58),COMPLETED,0,2026-10-07 11:50:08.661,1.2s,237ms,6.4%,0,0,123.4 KB,2.1 KB
683,a3/5b6795,230996,p16__genomad_pratama_cached (58),COMPLETED,0,2026-10-07 11:50:08.775,1.1s,191ms,8.5%,0,0,129.4 KB,2.1 KB
685,3e/952063,231305,p16__genomad_pratama_cached (59),COMPLETED,0,2026-10-07 11:50:09.020,992ms,108ms,13.1%,0,0,129.4 KB,2.1 KB
686,a1/f45edc,231506,p08__splitContigsForAmr_cached (29),COMPLETED,0,2026-10-07 11:50:09.545,622ms,118ms,6.7%,0,0,128.9 KB,1.6 KB
684,ea/f11d45,231189,p08__splitContigsForAmr_cached (28),COMPLETED,0,2026-10-07 11:50:08.936,1.3s,51ms,5.3%,0,0,117.3 KB,1.6 KB
687,57/61d71e,231765,p14__vibrant_pratama_cached (60),COMPLETED,0,2026-10-07 11:50:09.850,668ms,78ms,14.0%,0,0,123.4 KB,2.1 KB
689,62/0cffb1,231827,p08__splitContigsForAmr_cached (30),COMPLETED,0,2026-10-07 11:50:09.859,726ms,61ms,9.0%,0,0,117.3 KB,1.6 KB
688,81/06feb1,231742,p16__genomad_pratama_cached (60),COMPLETED,0,2026-10-07 11:50:09.839,855ms,99ms,10.1%,0,0,129.4 KB,2.1 KB
691,26/f71500,231887,p16__genomad_pratama_cached (61),COMPLETED,0,2026-10-07 11:50:09.914,793ms,209ms,6.9%,0,0,129.4 KB,2.1 KB
692,4d/41f3ab,232056,p15__virsorter2_pratama_cached (62),COMPLETED,0,2026-10-07 11:50:10.023,921ms,81ms,12.7%,0,0,123.4 KB,2.1 KB
690,fc/555e54,231868,p15__virsorter2_pratama_cached (61),COMPLETED,0,2026-10-07 11:50:09.874,1s,146ms,9.0%,0,0,123.4 KB,2.1 KB
694,5d/127465,232256,p16__genomad_pratama_cached (62),COMPLETED,0,2026-10-07 11:50:10.247,968ms,96ms,11.8%,0,0,129.4 KB,2.1 KB
693,25/53252b,232238,p14__vibrant_pratama_cached (61),COMPLETED,0,2026-10-07 11:50:10.184,788ms,62ms,18.2%,0,0,123.4 KB,2.1 KB
698,0e/a74b73,232647,p15__virsorter2_pratama_cached (63),COMPLETED,0,2026-10-07 11:50:10.595,821ms,98ms,4.5%,0,0,123.4 KB,2.1 KB
697,de/68aa75,232539,p14__vibrant_pratama_cached (62),COMPLETED,0,2026-10-07 11:50:10.526,1.1s,128ms,10.3%,0,0,123.4 KB,2.1 KB
700,15/cbff52,232754,p16__genomad_pratama_cached (63),COMPLETED,0,2026-10-07 11:50:10.704,1.2s,120ms,9.1%,0,0,129.4 KB,2.1 KB
703,e8/d4f1c8,232929,p14__vibrant_pratama_cached (63),COMPLETED,0,2026-10-07 11:50:10.901,1.2s,173ms,5.9%,0,0,123.4 KB,2.1 KB
701,4d/78ab03,232788,p08__splitContigsForAmr_cached (31),COMPLETED,0,2026-10-07 11:50:10.778,1.3s,111ms,7.0%,0,0,117.3 KB,1.6 KB
704,5a/874553,233029,p14__vibrant_pratama_cached (64),COMPLETED,0,2026-10-07 11:50:10.951,1.4s,178ms,7.5%,0,0,123.4 KB,2.1 KB
705,71/fe989b,233105,p15__virsorter2_pratama_cached (64),COMPLETED,0,2026-10-07 11:50:10.979,1.5s,218ms,6.5%,0,0,123.4 KB,2.1 KB
708,48/909b31,233389,p16__genomad_pratama_cached (64),COMPLETED,0,2026-10-07 11:50:11.424,1.1s,162ms,8.0%,0,0,129.4 KB,2.1 KB
706,a2/8bae10,233276,p15__virsorter2_pratama_cached (65),COMPLETED,0,2026-10-07 11:50:11.225,1.3s,129ms,9.3%,0,0,123.4 KB,2.1 KB
709,e0/a85724,233601,p14__vibrant_pratama_cached (65),COMPLETED,0,2026-10-07 11:50:11.592,1.1s,150ms,8.5%,0,0,123.4 KB,2.1 KB
713,c3/4ba25c,233945,p14__vibrant_pratama_cached (66),COMPLETED,0,2026-10-07 11:50:12.113,1.3s,150ms,10.4%,0,0,123.4 KB,2.1 KB
710,d7/4e2ac8,233804,p16__genomad_pratama_cached (65),COMPLETED,0,2026-10-07 11:50:11.894,1.4s,130ms,9.8%,0,0,129.4 KB,2.1 KB
712,a2/5767a7,233905,p15__virsorter2_pratama_cached (66),COMPLETED,0,2026-10-07 11:50:12.059,1.6s,142ms,7.8%,0,0,123.4 KB,2.1 KB
716,43/5b202e,234282,p11__vibrant_pratama_cached (29),COMPLETED,0,2026-10-07 11:50:12.477,1.5s,138ms,7.3%,0,0,123.8 KB,2.5 KB
715,c1/d4b0d3,234407,p11__vibrant_pratama_cached (28),COMPLETED,0,2026-10-07 11:50:12.518,1.5s,125ms,9.4%,0,0,123.8 KB,2.5 KB
714,c6/7ac387,234170,p16__genomad_pratama_cached (66),COMPLETED,0,2026-10-07 11:50:12.377,1.4s,162ms,9.6%,0,0,129.4 KB,2.1 KB
722,55/a01e42,234588,p14__vibrant_pratama_cached (67),COMPLETED,0,2026-10-07 11:50:12.698,1.8s,156ms,7.8%,0,0,123.4 KB,2.1 KB
718,e4/bb777a,234507,p13__genomad_pratama_cached (28),COMPLETED,0,2026-10-07 11:50:12.528,2s,149ms,8.7%,0,0,129.8 KB,2.5 KB
724,0a/8416e9,234912,p16__genomad_pratama_cached (67),COMPLETED,0,2026-10-07 11:50:13.469,1.2s,165ms,8.3%,0,0,129.4 KB,2.1 KB
723,7a/9b6264,234746,p14__vibrant_pratama_cached (68),COMPLETED,0,2026-10-07 11:50:13.286,1.3s,125ms,9.6%,0,0,123.4 KB,2.1 KB
725,81/a0bd66,235185,p16__genomad_pratama_cached (68),COMPLETED,0,2026-10-07 11:50:13.714,1.3s,174ms,8.2%,0,0,129.4 KB,2.1 KB
726,18/8f1c8a,235238,p08__splitContigsForAmr_cached (32),COMPLETED,0,2026-10-07 11:50:13.810,1.2s,164ms,9.5%,3.6 MB,4.6 MB,135.4 KB,1.6 KB
727,a0/6a5b79,235427,p15__virsorter2_pratama_cached (68),COMPLETED,0,2026-10-07 11:50:13.944,1.1s,103ms,11.5%,0,0,123.4 KB,2.1 KB
730,dd/994793,235687,p12__virsorter2_pratama_cached (12),COMPLETED,0,2026-10-07 11:50:14.518,794ms,68ms,0.0%,0,0,123.8 KB,2.5 KB
721,c8/42e699,235529,p15__virsorter2_pratama_cached (67),COMPLETED,0,2026-10-07 11:50:13.988,1.4s,113ms,10.1%,0,0,123.4 KB,2.1 KB
731,24/353568,235854,p13__genomad_pratama_cached (29),COMPLETED,0,2026-10-07 11:50:14.575,881ms,34ms,27.4%,0,0,129.8 KB,2.5 KB
733,bb/dd6492,235971,p08__splitContigsForAmr_cached (34),COMPLETED,0,2026-10-07 11:50:14.638,1s,95ms,14.8%,0,0,135.4 KB,1.6 KB
732,ed/813c9e,235890,p08__splitContigsForAmr_cached (33),COMPLETED,0,2026-10-07 11:50:14.596,1.1s,100ms,12.9%,0,0,122.9 KB,1.6 KB
734,f4/e1e7da,236144,p15__virsorter2_pratama_cached (69),COMPLETED,0,2026-10-07 11:50:15.019,1.1s,73ms,13.3%,0,0,123.4 KB,2.1 KB
737,5c/4ce4a7,236170,p14__vibrant_pratama_cached (69),COMPLETED,0,2026-10-07 11:50:15.059,1.1s,81ms,13.6%,0,0,123.4 KB,2.1 KB
738,5b/08fde1,236289,p16__genomad_pratama_cached (69),COMPLETED,0,2026-10-07 11:50:15.079,1.3s,181ms,9.2%,0,0,129.4 KB,2.1 KB
739,c1/09e7c2,236353,p14__vibrant_pratama_cached (70),COMPLETED,0,2026-10-07 11:50:15.320,1.2s,210ms,6.1%,0,0,123.4 KB,2.1 KB
740,fd/0bb4dd,236421,p15__virsorter2_pratama_cached (70),COMPLETED,0,2026-10-07 11:50:15.353,1.3s,180ms,6.0%,0,0,123.4 KB,2.1 KB
743,5f/a74aee,236776,p08__splitContigsForAmr_cached (36),COMPLETED,0,2026-10-07 11:50:15.698,1s,89ms,8.8%,0,0,122.9 KB,1.6 KB
742,5f/928651,236718,p08__splitContigsForAmr_cached (35),COMPLETED,0,2026-10-07 11:50:15.673,1.3s,187ms,4.8%,0,0,135.4 KB,1.6 KB
741,04/80147e,236555,p16__genomad_pratama_cached (70),COMPLETED,0,2026-10-07 11:50:15.464,1.4s,210ms,5.7%,0,0,129.4 KB,2.1 KB
744,01/13e4c9,237170,p08__splitContigsForAmr_cached (37),COMPLETED,0,2026-10-07 11:50:16.150,1s,144ms,4.9%,0,0,117.3 KB,1.6 KB
745,c1/824fdf,237254,p08__splitContigsForAmr_cached (38),COMPLETED,0,2026-10-07 11:50:16.258,1.1s,140ms,7.5%,0,0,122.9 KB,1.6 KB
748,d2/9ed6d4,237476,p14__vibrant_pratama_cached (71),COMPLETED,0,2026-10-07 11:50:16.531,1.3s,144ms,7.1%,0,0,123.4 KB,2.1 KB
747,4c/e3385a,237393,p08__splitContigsForAmr_cached (39),COMPLETED,0,2026-10-07 11:50:16.374,1.3s,56ms,11.3%,0,0,112.1 KB,1.6 KB
751,13/85f04d,237740,p16__genomad_pratama_cached (72),COMPLETED,0,2026-10-07 11:50:16.850,1.1s,122ms,7.8%,0,0,129.4 KB,2.1 KB
750,93/69b3e3,237706,p16__genomad_pratama_cached (71),COMPLETED,0,2026-10-07 11:50:16.715,1.3s,195ms,5.6%,0,0,129.4 KB,2.1 KB
749,a3/265531,237593,p15__virsorter2_pratama_cached (71),COMPLETED,0,2026-10-07 11:50:16.622,1.7s,238ms,5.3%,0,0,123.4 KB,2.1 KB
755,f9/d18213,238017,p15__virsorter2_pratama_cached (72),COMPLETED,0,2026-10-07 11:50:17.177,1.4s,84ms,9.5%,0,0,123.4 KB,2.1 KB
754,14/040bfc,237848,p14__vibrant_pratama_cached (72),COMPLETED,0,2026-10-07 11:50:17.022,1.6s,146ms,7.9%,0,0,123.4 KB,2.1 KB
757,1d/2fb5c4,238359,p08__splitContigsForAmr_cached (40),COMPLETED,0,2026-10-07 11:50:17.723,947ms,125ms,9.1%,0,0,122.9 KB,1.6 KB
756,c9/60714d,238274,p16__genomad_pratama_cached (73),COMPLETED,0,2026-10-07 11:50:17.352,1.3s,107ms,10.8%,0,0,129.4 KB,2.1 KB
760,cb/8fd60b,238566,p15__virsorter2_pratama_cached (73),COMPLETED,0,2026-10-07 11:50:17.922,838ms,104ms,10.8%,0,0,123.4 KB,2.1 KB
758,7e/d46791,238455,p14__vibrant_pratama_cached (73),COMPLETED,0,2026-10-07 11:50:17.834,998ms,98ms,9.2%,0,0,123.4 KB,2.1 KB
761,dd/b7bb2b,238789,p15__virsorter2_pratama_cached (74),COMPLETED,0,2026-10-07 11:50:18.053,1s,76ms,11.7%,0,0,123.4 KB,2.1 KB
762,a6/1459c9,239084,p08__splitContigsForAmr_cached (41),COMPLETED,0,2026-10-07 11:50:18.317,1.4s,149ms,7.2%,0,0,112.1 KB,1.6 KB
763,a3/3f198c,239158,p14__vibrant_pratama_cached (74),COMPLETED,0,2026-10-07 11:50:18.553,1.3s,117ms,8.4%,0,0,123.4 KB,2.1 KB
769,15/419e9f,239256,p08__splitContigsForAmr_cached (42),COMPLETED,0,2026-10-07 11:50:18.776,1.2s,168ms,5.0%,0,0,122.9 KB,1.6 KB
764,36/757be2,239168,p16__genomad_pratama_cached (74),COMPLETED,0,2026-10-07 11:50:18.666,1.4s,138ms,6.9%,0,0,129.4 KB,2.1 KB
768,3c/335f69,239242,p16__genomad_pratama_cached (76),COMPLETED,0,2026-10-07 11:50:18.741,1.4s,236ms,2.5%,0,0,129.4 KB,2.1 KB
770,f6/f6ae13,239495,p14__vibrant_pratama_cached (75),COMPLETED,0,2026-10-07 11:50:19.094,1s,203ms,5.8%,0,0,123.4 KB,2.1 KB
766,bf/e8a14e,239299,p15__virsorter2_pratama_cached (75),COMPLETED,0,2026-10-07 11:50:18.841,1.3s,220ms,4.3%,0,0,123.4 KB,2.1 KB
767,bf/0992a4,239195,p16__genomad_pratama_cached (75),COMPLETED,0,2026-10-07 11:50:18.675,1.9s,229ms,8.3%,0,0,129.4 KB,2.1 KB
771,9b/84ee3d,239965,p15__virsorter2_pratama_cached (76),COMPLETED,0,2026-10-07 11:50:19.722,1s,97ms,8.8%,0,0,123.4 KB,2.1 KB
773,3b/bad1f3,240023,p08__splitContigsForAmr_cached (43),COMPLETED,0,2026-10-07 11:50:19.870,1.1s,103ms,8.7%,0,0,122.9 KB,1.6 KB
774,ba/c1ca98,240139,p14__vibrant_pratama_cached (76),COMPLETED,0,2026-10-07 11:50:20.004,786ms,98ms,12.3%,0,0,123.4 KB,2.1 KB
775,79/ed79f4,240416,p16__genomad_pratama_cached (77),COMPLETED,0,2026-10-07 11:50:20.120,1.1s,134ms,14.4%,0,0,129.4 KB,2.1 KB
776,1d/28a89b,240237,p15__virsorter2_pratama_cached (77),COMPLETED,0,2026-10-07 11:50:20.084,1.2s,90ms,11.8%,0,0,123.4 KB,2.1 KB
780,11/23080a,240598,p15__virsorter2_pratama_cached (78),COMPLETED,0,2026-10-07 11:50:20.189,1.2s,123ms,10.4%,0,0,123.4 KB,2.1 KB
782,17/d232e5,240650,p16__genomad_pratama_cached (78),COMPLETED,0,2026-10-07 11:50:20.534,958ms,205ms,7.3%,0,0,129.4 KB,2.1 KB
779,35/fffb00,240428,p14__vibrant_pratama_cached (77),COMPLETED,0,2026-10-07 11:50:20.136,1.4s,107ms,5.3%,0,0,123.4 KB,2.1 KB
781,2c/2e7f5d,240867,p15__virsorter2_pratama_cached (79),COMPLETED,0,2026-10-07 11:50:20.750,1.4s,60ms,11.6%,0,0,123.4 KB,2.1 KB
784,47/d26d15,241126,p14__vibrant_pratama_cached (79),COMPLETED,0,2026-10-07 11:50:20.984,1.1s,124ms,11.6%,0,0,123.4 KB,2.1 KB
783,6f/e057f6,240921,p14__vibrant_pratama_cached (78),COMPLETED,0,2026-10-07 11:50:20.796,1.3s,92ms,5.0%,0,0,123.4 KB,2.1 KB
786,e5/58b106,241298,p16__genomad_pratama_cached (79),COMPLETED,0,2026-10-07 11:50:21.274,995ms,90ms,4.8%,0,0,129.4 KB,2.1 KB
785,2b/8ebc1b,241451,p15__virsorter2_pratama_cached (80),COMPLETED,0,2026-10-07 11:50:21.393,994ms,108ms,9.4%,0,0,123.4 KB,2.1 KB
787,f6/5d08f9,241177,p16__genomad_pratama_cached (80),COMPLETED,0,2026-10-07 11:50:21.206,1.7s,158ms,8.6%,0,0,129.4 KB,2.1 KB
792,6f/4b83de,241663,p08__splitContigsForAmr_cached (44),COMPLETED,0,2026-10-07 11:50:21.558,1.4s,101ms,8.9%,0,0,122.9 KB,1.6 KB
793,a1/4ffc38,241854,p14__vibrant_pratama_cached (80),COMPLETED,0,2026-10-07 11:50:21.580,1.4s,159ms,8.1%,0,0,123.4 KB,2.1 KB
795,66/ea41de,241979,p15__virsorter2_pratama_cached (81),COMPLETED,0,2026-10-07 11:50:22.118,1s,133ms,3.8%,0,0,123.4 KB,2.1 KB
797,14/f57b09,242113,p16__genomad_pratama_cached (81),COMPLETED,0,2026-10-07 11:50:22.276,1.1s,112ms,4.1%,0,0,129.4 KB,2.1 KB
796,4d/f21b89,241996,p15__virsorter2_pratama_cached (82),COMPLETED,0,2026-10-07 11:50:22.124,1.4s,160ms,8.2%,0,0,123.4 KB,2.1 KB
794,1d/2fdbeb,241915,p14__vibrant_pratama_cached (81),COMPLETED,0,2026-10-07 11:50:22.110,1.6s,174ms,5.9%,0,0,123.4 KB,2.1 KB
800,16/e8baed,242671,p15__virsorter2_pratama_cached (83),COMPLETED,0,2026-10-07 11:50:22.989,859ms,68ms,17.3%,0,0,123.4 KB,2.1 KB
798,62/454087,242481,p16__genomad_pratama_cached (82),COMPLETED,0,2026-10-07 11:50:22.395,1.8s,67ms,0.0%,0,0,129.4 KB,2.1 KB
801,59/ba61e6,242687,p14__vibrant_pratama_cached (82),COMPLETED,0,2026-10-07 11:50:22.997,1.3s,186ms,6.9%,0,0,123.4 KB,2.1 KB
799,85/ca796c,242626,p08__splitContigsForAmr_cached (45),COMPLETED,0,2026-10-07 11:50:22.939,1.3s,226ms,7.0%,0,0,117.3 KB,1.6 KB
805,7f/e1b39b,243116,p14__vibrant_pratama_cached (83),COMPLETED,0,2026-10-07 11:50:23.348,1.4s,151ms,7.0%,0,0,123.4 KB,2.1 KB
804,b6/4a9710,242954,p16__genomad_pratama_cached (83),COMPLETED,0,2026-10-07 11:50:23.135,1.2s,143ms,9.6%,0,0,129.4 KB,2.1 KB
807,15/1fc200,243276,p14__vibrant_pratama_cached (84),COMPLETED,0,2026-10-07 11:50:23.681,1.4s,110ms,8.0%,0,0,123.4 KB,2.1 KB
806,bc/8f3434,243253,p15__virsorter2_pratama_cached (84),COMPLETED,0,2026-10-07 11:50:23.538,1.6s,87ms,11.2%,0,0,123.4 KB,2.1 KB
808,02/7f2c36,243466,p14__vibrant_pratama_cached (85),COMPLETED,0,2026-10-07 11:50:23.854,1.6s,76ms,6.0%,0,0,123.4 KB,2.1 KB
812,e3/aa10ed,243701,p14__vibrant_pratama_cached (86),COMPLETED,0,2026-10-07 11:50:24.235,1.3s,108ms,6.5%,0,0,123.4 KB,2.1 KB
809,6d/0bc24c,243592,p16__genomad_pratama_cached (84),COMPLETED,0,2026-10-07 11:50:24.181,1.4s,123ms,10.7%,0,0,129.4 KB,2.1 KB
813,6f/9fd020,244063,p15__virsorter2_pratama_cached (85),COMPLETED,0,2026-10-07 11:50:24.947,867ms,92ms,10.1%,0,0,123.4 KB,2.1 KB
814,61/0ba5b7,244061,p08__splitContigsForAmr_cached (46),COMPLETED,0,2026-10-07 11:50:24.942,986ms,88ms,6.2%,0,0,117.3 KB,1.6 KB
815,4c/53a2cf,244370,p15__virsorter2_pratama_cached (86),COMPLETED,0,2026-10-07 11:50:25.128,1.5s,143ms,8.1%,0,0,123.4 KB,2.1 KB
816,29/1b4cee,244376,p16__genomad_pratama_cached (85),COMPLETED,0,2026-10-07 11:50:25.152,1.5s,154ms,8.5%,0,0,129.4 KB,2.1 KB
818,fd/7edfe8,244403,p16__genomad_pratama_cached (86),COMPLETED,0,2026-10-07 11:50:25.293,1.4s,178ms,8.1%,0,0,129.4 KB,2.1 KB
822,28/d7a5d2,244667,p08__splitContigsForAmr_cached (47),COMPLETED,0,2026-10-07 11:50:25.820,1.5s,130ms,5.8%,0,0,122.9 KB,1.6 KB
819,1a/476653,244470,p15__virsorter2_pratama_cached (87),COMPLETED,0,2026-10-07 11:50:25.415,1.8s,128ms,3.5%,0,0,123.4 KB,2.1 KB
823,ef/e28e7e,245063,p08__splitContigsForAmr_cached (48),COMPLETED,0,2026-10-07 11:50:25.935,1.5s,78ms,5.3%,0,0,117.3 KB,1.6 KB
821,86/9b2d16,244593,p16__genomad_pratama_cached (87),COMPLETED,0,2026-10-07 11:50:25.643,1.8s,213ms,5.8%,0,0,129.4 KB,2.1 KB
820,c8/9b0688,244496,p14__vibrant_pratama_cached (87),COMPLETED,0,2026-10-07 11:50:25.578,1.9s,143ms,6.3%,0,0,123.4 KB,2.1 KB
824,11/887966,245153,p08__splitContigsForAmr_cached (49),COMPLETED,0,2026-10-07 11:50:26.597,921ms,74ms,10.3%,0,0,122.9 KB,1.6 KB
825,0a/2f5297,245223,p08__splitContigsForAmr_cached (50),COMPLETED,0,2026-10-07 11:50:26.698,983ms,105ms,9.4%,0,0,142.2 KB,1.6 KB
826,bf/daff07,245459,p08__splitContigsForAmr_cached (51),COMPLETED,0,2026-10-07 11:50:26.719,1.5s,187ms,3.0%,0,0,128.9 KB,1.6 KB
830,48/d80e5d,245658,p16__genomad_pratama_cached (88),COMPLETED,0,2026-10-07 11:50:27.276,1.1s,120ms,9.1%,0,0,129.4 KB,2.1 KB
829,f7/49e727,245584,p15__virsorter2_pratama_cached (88),COMPLETED,0,2026-10-07 11:50:27.203,1.3s,162ms,8.6%,3.5 MB,4.6 MB,123.4 KB,2.1 KB
831,ee/8f7294,245717,p14__vibrant_pratama_cached (88),COMPLETED,0,2026-10-07 11:50:27.444,1.1s,194ms,5.9%,0,0,123.4 KB,2.1 KB
833,33/2d6e17,245846,p15__virsorter2_pratama_cached (89),COMPLETED,0,2026-10-07 11:50:27.486,1.2s,179ms,6.8%,0,0,123.4 KB,2.1 KB
832,30/2ee1ce,245822,p14__vibrant_pratama_cached (89),COMPLETED,0,2026-10-07 11:50:27.475,1.1s,172ms,6.8%,0,0,123.4 KB,2.1 KB
835,77/4ef5d8,246038,p14__vibrant_pratama_cached (90),COMPLETED,0,2026-10-07 11:50:27.690,1.3s,212ms,5.3%,0,0,123.4 KB,2.1 KB
834,b6/6f037f,245915,p16__genomad_pratama_cached (89),COMPLETED,0,2026-10-07 11:50:27.524,1.6s,176ms,6.5%,0,0,129.4 KB,2.1 KB
839,06/f0606d,246536,p16__genomad_pratama_cached (90),COMPLETED,0,2026-10-07 11:50:28.375,927ms,226ms,9.2%,0,0,129.4 KB,2.1 KB
840,e2/5e2a3d,246670,p14__vibrant_pratama_cached (91),COMPLETED,0,2026-10-07 11:50:28.488,937ms,127ms,6.8%,0,0,123.4 KB,2.1 KB
836,10/5ede1f,246469,p15__virsorter2_pratama_cached (90),COMPLETED,0,2026-10-07 11:50:28.195,1.5s,245ms,6.1%,0,0,123.4 KB,2.1 KB
841,7f/de2141,246833,p14__vibrant_pratama_cached (92),COMPLETED,0,2026-10-07 11:50:28.583,1.4s,158ms,7.1%,0,0,123.4 KB,2.1 KB
842,b7/14685f,246847,p16__genomad_pratama_cached (91),COMPLETED,0,2026-10-07 11:50:28.628,1.4s,190ms,6.6%,0,0,129.4 KB,2.1 KB
843,3d/2afdf1,246985,p15__virsorter2_pratama_cached (91),COMPLETED,0,2026-10-07 11:50:28.663,1.4s,171ms,6.7%,0,0,123.4 KB,2.1 KB
846,7d/7f4f8b,247253,p16__genomad_pratama_cached (92),COMPLETED,0,2026-10-07 11:50:29.188,1.3s,152ms,7.5%,0,0,129.4 KB,2.1 KB
849,c6/e42075,247484,p15__virsorter2_pratama_cached (92),COMPLETED,0,2026-10-07 11:50:29.310,1.4s,133ms,8.5%,0,0,123.4 KB,2.1 KB
847,31/783136,247519,p08__splitContigsForAmr_cached (52),COMPLETED,0,2026-10-07 11:50:29.432,1.3s,169ms,6.0%,0,0,135.4 KB,1.6 KB
850,22/4e4b13,247738,p15__virsorter2_pratama_cached (93),COMPLETED,0,2026-10-07 11:50:29.721,1.1s,127ms,8.1%,0,0,123.4 KB,2.1 KB
851,89/16deaf,247818,p16__genomad_pratama_cached (93),COMPLETED,0,2026-10-07 11:50:29.965,1.1s,161ms,8.2%,0,0,129.4 KB,2.1 KB
852,c0/e9a578,247956,p08__splitContigsForAmr_cached (53),COMPLETED,0,2026-10-07 11:50:30.064,1s,93ms,10.0%,0,0,128.9 KB,1.6 KB
853,78/f6bf0a,248097,p08__splitContigsForAmr_cached (54),COMPLETED,0,2026-10-07 11:50:30.072,1.3s,97ms,16.7%,0,0,128.9 KB,1.6 KB
845,71/f470e3,247101,p14__vibrant_pratama_cached (93),COMPLETED,0,2026-10-07 11:50:28.989,2.5s,185ms,5.8%,0,0,123.4 KB,2.1 KB
854,72/bddaf4,248293,p08__splitContigsForAmr_cached (55),COMPLETED,0,2026-10-07 11:50:30.468,1.1s,109ms,14.4%,0,0,128.9 KB,1.6 KB
856,a2/935397,248520,p08__splitContigsForAmr_cached (57),COMPLETED,0,2026-10-07 11:50:30.781,952ms,135ms,11.3%,0,0,122.9 KB,1.6 KB
855,4e/1efcca,248433,p08__splitContigsForAmr_cached (56),COMPLETED,0,2026-10-07 11:50:30.689,984ms,152ms,6.9%,0,0,135.4 KB,1.6 KB
858,d3/bad830,248575,p16__genomad_pratama_cached (94),COMPLETED,0,2026-10-07 11:50:30.791,1.3s,112ms,10.2%,0,0,129.4 KB,2.1 KB
859,85/269044,248644,p14__vibrant_pratama_cached (94),COMPLETED,0,2026-10-07 11:50:31.033,1.2s,64ms,15.3%,0,0,123.4 KB,2.1 KB
860,aa/fa4f34,248815,p15__virsorter2_pratama_cached (94),COMPLETED,0,2026-10-07 11:50:31.087,1.4s,106ms,8.5%,0,0,123.4 KB,2.1 KB
861,ea/deda14,248916,p14__vibrant_pratama_cached (95),COMPLETED,0,2026-10-07 11:50:31.410,1.3s,158ms,7.7%,0,0,123.4 KB,2.1 KB
862,bc/802a36,249059,p14__vibrant_pratama_cached (96),COMPLETED,0,2026-10-07 11:50:31.509,1.1s,113ms,9.5%,0,0,123.4 KB,2.1 KB
867,44/8bc6a2,249236,p08__splitContigsForAmr_cached (58),COMPLETED,0,2026-10-07 11:50:31.680,1.1s,216ms,5.7%,0,0,128.9 KB,1.6 KB
864,02/8813a2,249096,p15__virsorter2_pratama_cached (95),COMPLETED,0,2026-10-07 11:50:31.555,1.4s,144ms,7.6%,0,0,123.4 KB,2.1 KB
868,c2/7c6359,249507,p16__genomad_pratama_cached (96),COMPLETED,0,2026-10-07 11:50:32.059,1s,113ms,10.3%,0,0,129.4 KB,2.1 KB
869,ce/3f2c5b,249663,p15__virsorter2_pratama_cached (96),COMPLETED,0,2026-10-07 11:50:32.240,1.3s,95ms,10.4%,0,0,123.4 KB,2.1 KB
866,80/8b43aa,249346,p16__genomad_pratama_cached (95),COMPLETED,0,2026-10-07 11:50:31.742,1.7s,184ms,6.2%,0,0,129.4 KB,2.1 KB
871,cd/c0188a,249897,p15__virsorter2_pratama_cached (97),COMPLETED,0,2026-10-07 11:50:32.493,1.1s,114ms,9.8%,0,0,123.4 KB,2.1 KB
877,6b/c7ed40,250061,p16__genomad_pratama_cached (98),COMPLETED,0,2026-10-07 11:50:32.752,963ms,236ms,6.0%,0,0,129.4 KB,2.1 KB
872,bb/5cb52c,249972,p14__vibrant_pratama_cached (97),COMPLETED,0,2026-10-07 11:50:32.643,1.1s,141ms,8.6%,0,0,123.4 KB,2.1 KB
875,a9/240d00,250018,p15__virsorter2_pratama_cached (98),COMPLETED,0,2026-10-07 11:50:32.704,1.1s,159ms,6.5%,0,0,123.4 KB,2.1 KB
876,ff/16f4c7,250487,p16__genomad_pratama_cached (97),COMPLETED,0,2026-10-07 11:50:32.962,1.6s,142ms,9.8%,0,0,129.4 KB,2.1 KB
880,3b/83d1f3,250574,p15__virsorter2_pratama_cached (99),COMPLETED,0,2026-10-07 11:50:33.460,1.1s,185ms,7.2%,0,0,123.4 KB,2.1 KB
881,9c/cc5bcc,250667,p16__genomad_pratama_cached (99),COMPLETED,0,2026-10-07 11:50:33.515,1.3s,195ms,4.6%,0,0,129.4 KB,2.1 KB
882,6f/e63c50,250729,p15__virsorter2_pratama_cached (100),COMPLETED,0,2026-10-07 11:50:33.645,1.3s,129ms,9.2%,0,0,123.4 KB,2.1 KB
879,a3/c5a4d1,250554,p14__vibrant_pratama_cached (98),COMPLETED,0,2026-10-07 11:50:33.110,1.7s,141ms,9.0%,0,0,123.4 KB,2.1 KB
883,0a/ec2f65,250787,p14__vibrant_pratama_cached (99),COMPLETED,0,2026-10-07 11:50:33.746,1.2s,153ms,8.3%,0,0,123.4 KB,2.1 KB
884,ce/18e9fa,251107,p16__genomad_pratama_cached (100),COMPLETED,0,2026-10-07 11:50:33.799,1.4s,133ms,8.4%,0,0,129.4 KB,2.1 KB
886,71/e8871b,251449,p14__vibrant_pratama_cached (100),COMPLETED,0,2026-10-07 11:50:34.571,936ms,40ms,10.6%,0,0,123.4 KB,2.1 KB
889,09/a59286,251683,p08__splitContigsForAmr_cached (62),COMPLETED,0,2026-10-07 11:50:34.853,946ms,143ms,9.1%,0,0,128.9 KB,1.6 KB
888,fc/9e4cea,251562,p08__splitContigsForAmr_cached (61),COMPLETED,0,2026-10-07 11:50:34.815,1s,192ms,7.9%,0,0,135.4 KB,1.6 KB
887,90/57dfa8,251554,p08__splitContigsForAmr_cached (60),COMPLETED,0,2026-10-07 11:50:34.710,1.2s,173ms,7.4%,0,0,128.9 KB,1.6 KB
885,a2/1769f8,251139,p08__splitContigsForAmr_cached (59),COMPLETED,0,2026-10-07 11:50:34.040,1.9s,117ms,10.6%,0,0,122.9 KB,1.6 KB
890,2b/e2f556,251786,p08__splitContigsForAmr_cached (63),COMPLETED,0,2026-10-07 11:50:34.933,1.1s,121ms,7.6%,0,0,122.9 KB,1.6 KB
891,be/54fced,251853,p15__virsorter2_pratama_cached (101),COMPLETED,0,2026-10-07 11:50:34.978,1s,126ms,9.6%,0,0,123.4 KB,2.1 KB
894,8e/cc5c41,252059,p14__vibrant_pratama_cached (101),COMPLETED,0,2026-10-07 11:50:35.248,944ms,98ms,14.1%,0,0,123.4 KB,2.1 KB
895,67/77008b,252291,p14__vibrant_pratama_cached (102),COMPLETED,0,2026-10-07 11:50:35.548,1.2s,110ms,11.1%,0,0,123.4 KB,2.1 KB
897,8a/45747f,252381,p15__virsorter2_pratama_cached (102),COMPLETED,0,2026-10-07 11:50:35.828,1.3s,133ms,5.1%,0,0,123.4 KB,2.1 KB
898,f8/0cc6fd,252449,p08__splitContigsForAmr_cached (64),COMPLETED,0,2026-10-07 11:50:35.952,1.2s,195ms,3.0%,0,0,122.9 KB,1.6 KB
896,83/6c6c7c,252371,p16__genomad_pratama_cached (101),COMPLETED,0,2026-10-07 11:50:35.807,1.3s,144ms,9.2%,0,0,129.4 KB,2.1 KB
901,03/d55d2b,252644,p15__virsorter2_pratama_cached (103),COMPLETED,0,2026-10-07 11:50:35.998,1.6s,145ms,7.7%,0,0,123.4 KB,2.1 KB
900,93/f6a78b,252636,p16__genomad_pratama_cached (102),COMPLETED,0,2026-10-07 11:50:35.964,1.7s,100ms,7.0%,0,0,129.4 KB,2.1 KB
902,40/9a3f1d,252743,p15__virsorter2_pratama_cached (104),COMPLETED,0,2026-10-07 11:50:36.028,1.7s,113ms,8.1%,0,0,123.4 KB,2.1 KB
903,23/30a675,252773,p14__vibrant_pratama_cached (103),COMPLETED,0,2026-10-07 11:50:36.203,2s,153ms,3.8%,0,0,123.4 KB,2.1 KB
905,0b/a2a5c6,253492,p16__genomad_pratama_cached (103),COMPLETED,0,2026-10-07 11:50:37.149,1.2s,104ms,10.7%,0,0,129.4 KB,2.1 KB
904,db/0aea12,253194,p14__vibrant_pratama_cached (104),COMPLETED,0,2026-10-07 11:50:36.723,1.5s,225ms,6.1%,0,0,123.4 KB,2.1 KB
908,ed/2d461e,253647,p15__virsorter2_pratama_cached (105),COMPLETED,0,2026-10-07 11:50:37.277,1.3s,141ms,10.0%,0,0,123.4 KB,2.1 KB
906,80/3a06e8,253643,p08__splitContigsForAmr_cached (65),COMPLETED,0,2026-10-07 11:50:37.214,1.4s,169ms,8.0%,3.5 MB,4.6 MB,122.9 KB,1.6 KB
910,58/fe4b3b,253790,p16__genomad_pratama_cached (104),COMPLETED,0,2026-10-07 11:50:37.634,1.7s,201ms,3.7%,0,0,129.4 KB,2.1 KB
912,70/f57c96,254034,p16__genomad_pratama_cached (105),COMPLETED,0,2026-10-07 11:50:37.935,1.6s,170ms,3.5%,0,0,129.4 KB,2.1 KB
911,58/57b6b8,253995,p14__vibrant_pratama_cached (105),COMPLETED,0,2026-10-07 11:50:37.709,1.7s,37ms,11.6%,0,0,123.4 KB,2.1 KB
914,00/d65fdb,254180,p14__vibrant_pratama_cached (106),COMPLETED,0,2026-10-07 11:50:38.238,1.4s,121ms,7.8%,0,0,123.4 KB,2.1 KB
913,ce/d6b485,254094,p15__virsorter2_pratama_cached (106),COMPLETED,0,2026-10-07 11:50:38.215,1.5s,178ms,7.3%,0,0,123.4 KB,2.1 KB
918,f4/ef6a3e,254320,p14__vibrant_pratama_cached (107),COMPLETED,0,2026-10-07 11:50:38.359,1.7s,147ms,6.6%,0,0,123.4 KB,2.1 KB
917,eb/2ad9dc,254528,p15__virsorter2_pratama_cached (107),COMPLETED,0,2026-10-07 11:50:38.656,1.2s,140ms,8.4%,0,0,123.4 KB,2.1 KB
919,d6/f6a7d3,254358,p14__vibrant_pratama_cached (108),COMPLETED,0,2026-10-07 11:50:38.634,1.5s,155ms,6.8%,0,0,123.4 KB,2.1 KB
922,a8/4089eb,255090,p14__vibrant_pratama_cached (109),COMPLETED,0,2026-10-07 11:50:39.493,1.1s,131ms,14.0%,0,0,123.4 KB,2.1 KB
923,5b/ed094a,255302,p15__virsorter2_pratama_cached (108),COMPLETED,0,2026-10-07 11:50:39.671,1.1s,69ms,17.7%,0,0,123.4 KB,2.1 KB
920,ea/84dc4d,254860,p16__genomad_pratama_cached (106),COMPLETED,0,2026-10-07 11:50:39.328,1.4s,122ms,12.6%,0,0,129.4 KB,2.1 KB
921,15/c99eca,254957,p16__genomad_pratama_cached (107),COMPLETED,0,2026-10-07 11:50:39.384,1.5s,156ms,3.2%,0,0,129.4 KB,2.1 KB
927,c7/fcf558,255413,p15__virsorter2_pratama_cached (110),COMPLETED,0,2026-10-07 11:50:39.759,1.2s,60ms,9.2%,0,0,123.4 KB,2.1 KB
926,27/f1d193,255477,p15__virsorter2_pratama_cached (109),COMPLETED,0,2026-10-07 11:50:39.830,1.2s,113ms,8.3%,0,0,123.4 KB,2.1 KB
928,4d/481bd7,255671,p16__genomad_pratama_cached (108),COMPLETED,0,2026-10-07 11:50:40.044,1.4s,148ms,8.8%,0,0,129.4 KB,2.1 KB
929,0b/a8d9d5,255759,p14__vibrant_pratama_cached (110),COMPLETED,0,2026-10-07 11:50:40.147,1.6s,179ms,4.1%,0,0,123.4 KB,2.1 KB
931,b0/70c2b9,255891,p14__vibrant_pratama_cached (111),COMPLETED,0,2026-10-07 11:50:40.734,907ms,128ms,10.7%,0,0,123.4 KB,2.1 KB
936,ec/e2eca3,256186,p16__genomad_pratama_cached (109),COMPLETED,0,2026-10-07 11:50:40.930,1.3s,149ms,8.3%,0,0,129.4 KB,2.1 KB
935,e3/530c47,256103,p14__vibrant_pratama_cached (112),COMPLETED,0,2026-10-07 11:50:40.768,1.6s,127ms,3.9%,0,0,123.4 KB,2.1 KB
934,e7/04b01a,255829,p15__virsorter2_pratama_cached (111),COMPLETED,0,2026-10-07 11:50:40.634,1.9s,155ms,6.2%,0,0,123.4 KB,2.1 KB
937,18/f037f8,256249,p16__genomad_pratama_cached (110),COMPLETED,0,2026-10-07 11:50:40.984,1.7s,194ms,8.7%,0,0,129.4 KB,2.1 KB
938,d5/0b1edc,256389,p15__virsorter2_pratama_cached (112),COMPLETED,0,2026-10-07 11:50:41.060,1.7s,123ms,8.5%,0,0,123.4 KB,2.1 KB
941,d0/bc8f50,256606,p14__vibrant_pratama_cached (113),COMPLETED,0,2026-10-07 11:50:41.649,1.2s,151ms,7.5%,0,0,123.4 KB,2.1 KB
939,7f/81e3c5,256440,p16__genomad_pratama_cached (111),COMPLETED,0,2026-10-07 11:50:41.466,1.4s,160ms,3.6%,0,0,129.4 KB,2.1 KB
942,cb/358832,256887,p15__virsorter2_pratama_cached (113),COMPLETED,0,2026-10-07 11:50:41.788,1.5s,125ms,10.3%,0,0,123.4 KB,2.1 KB
944,5a/87cea1,256967,p16__genomad_pratama_cached (112),COMPLETED,0,2026-10-07 11:50:42.253,1.3s,160ms,6.4%,0,0,129.4 KB,2.1 KB
945,49/8663ab,257256,p14__vibrant_pratama_cached (114),COMPLETED,0,2026-10-07 11:50:42.370,1.3s,103ms,12.9%,0,0,123.4 KB,2.1 KB
949,4d/353224,257389,p15__virsorter2_pratama_cached (114),COMPLETED,0,2026-10-07 11:50:42.746,1.1s,119ms,8.7%,0,0,123.4 KB,2.1 KB
950,91/0582cf,257468,p15__virsorter2_pratama_cached (115),COMPLETED,0,2026-10-07 11:50:42.848,1.2s,113ms,8.7%,0,0,123.4 KB,2.1 KB
948,27/13962f,257344,p16__genomad_pratama_cached (113),COMPLETED,0,2026-10-07 11:50:42.660,1.3s,175ms,6.8%,0,0,129.4 KB,2.1 KB
947,18/d14d8e,257279,p14__vibrant_pratama_cached (115),COMPLETED,0,2026-10-07 11:50:42.522,1.5s,143ms,8.6%,0,0,123.4 KB,2.1 KB
951,a5/2d7dd9,257661,p15__virsorter2_pratama_cached (116),COMPLETED,0,2026-10-07 11:50:42.870,1.3s,52ms,6.3%,0,0,123.4 KB,2.1 KB
954,61/949de7,257830,p14__vibrant_pratama_cached (116),COMPLETED,0,2026-10-07 11:50:43.308,1.4s,98ms,16.7%,0,0,123.4 KB,2.1 KB
955,ab/2ecbef,257950,p16__genomad_pratama_cached (114),COMPLETED,0,2026-10-07 11:50:43.576,1.2s,107ms,8.3%,0,0,129.4 KB,2.1 KB
956,7b/cd3ebe,258044,p16__genomad_pratama_cached (115),COMPLETED,0,2026-10-07 11:50:43.714,1s,99ms,9.3%,0,0,129.4 KB,2.1 KB
957,ed/ca5615,258263,p14__vibrant_pratama_cached (117),COMPLETED,0,2026-10-07 11:50:43.824,1.2s,98ms,0.0%,0,0,123.4 KB,2.1 KB
958,ca/a789c6,258357,p16__genomad_pratama_cached (116),COMPLETED,0,2026-10-07 11:50:43.923,1.2s,116ms,11.9%,0,0,129.4 KB,2.1 KB
959,85/9af3ce,258572,p15__virsorter2_pratama_cached (117),COMPLETED,0,2026-10-07 11:50:44.023,1.1s,111ms,7.7%,0,0,123.4 KB,2.1 KB
962,48/b77e00,258587,p16__genomad_pratama_cached (117),COMPLETED,0,2026-10-07 11:50:44.138,1.2s,165ms,7.8%,0,0,129.4 KB,2.1 KB
964,11/b61996,258952,p15__virsorter2_pratama_cached (119),COMPLETED,0,2026-10-07 11:50:44.726,1.2s,115ms,9.1%,0,0,123.4 KB,2.1 KB
965,0e/4a3f81,259042,p14__vibrant_pratama_cached (118),COMPLETED,0,2026-10-07 11:50:44.837,1.1s,125ms,8.5%,0,0,123.4 KB,2.1 KB
963,74/2cfe7e,258802,p15__virsorter2_pratama_cached (118),COMPLETED,0,2026-10-07 11:50:44.150,1.9s,66ms,5.3%,0,0,123.4 KB,2.1 KB
969,d0/233706,259130,p16__genomad_pratama_cached (118),COMPLETED,0,2026-10-07 11:50:45.030,1.2s,187ms,6.5%,0,0,129.4 KB,2.1 KB
971,50/fb6e7a,259290,p14__vibrant_pratama_cached (120),COMPLETED,0,2026-10-07 11:50:45.153,1.1s,124ms,8.4%,0,0,123.4 KB,2.1 KB
966,4b/ec6543,259046,p14__vibrant_pratama_cached (119),COMPLETED,0,2026-10-07 11:50:44.845,1.5s,97ms,10.1%,0,0,123.4 KB,2.1 KB
970,eb/9fc118,259283,p15__virsorter2_pratama_cached (120),COMPLETED,0,2026-10-07 11:50:45.112,1.3s,77ms,9.7%,0,0,123.4 KB,2.1 KB
973,9a/91de3d,259446,p16__genomad_pratama_cached (119),COMPLETED,0,2026-10-07 11:50:45.308,1.4s,176ms,5.6%,3.7 MB,4.6 MB,129.4 KB,2.1 KB
974,dc/7b2be9,259755,p14__vibrant_pratama_cached (121),COMPLETED,0,2026-10-07 11:50:45.892,855ms,126ms,9.8%,0,0,123.4 KB,2.1 KB
975,91/295819,259860,p15__virsorter2_pratama_cached (121),COMPLETED,0,2026-10-07 11:50:45.993,1s,70ms,4.8%,0,0,123.4 KB,2.1 KB
976,9d/a595f6,260155,p15__virsorter2_pratama_cached (122),COMPLETED,0,2026-10-07 11:50:46.102,1.3s,75ms,11.6%,0,0,123.4 KB,2.1 KB
978,41/11a454,260286,p16__genomad_pratama_cached (121),COMPLETED,0,2026-10-07 11:50:46.239,1.4s,207ms,7.2%,0,0,129.4 KB,2.1 KB
977,d6/612512,260242,p16__genomad_pratama_cached (120),COMPLETED,0,2026-10-07 11:50:46.231,1.4s,214ms,4.7%,0,0,129.4 KB,2.1 KB
982,18/6ba0b8,260420,p15__virsorter2_pratama_cached (123),COMPLETED,0,2026-10-07 11:50:46.693,1s,90ms,6.0%,0,0,123.4 KB,2.1 KB
979,2d/c44d6b,260337,p14__vibrant_pratama_cached (122),COMPLETED,0,2026-10-07 11:50:46.385,1.4s,123ms,9.2%,0,0,123.4 KB,2.1 KB
983,12/182879,260656,p16__genomad_pratama_cached (123),COMPLETED,0,2026-10-07 11:50:46.753,1.4s,265ms,5.7%,3.7 MB,4.6 MB,129.4 KB,2.1 KB
980,59/874c9d,260369,p16__genomad_pratama_cached (122),COMPLETED,0,2026-10-07 11:50:46.431,1.7s,237ms,5.5%,0,0,129.4 KB,2.1 KB
984,b7/4cd402,260920,p14__vibrant_pratama_cached (123),COMPLETED,0,2026-10-07 11:50:47.031,1.1s,89ms,9.7%,0,0,123.4 KB,2.1 KB
987,a7/4980d0,261180,p15__virsorter2_pratama_cached (124),COMPLETED,0,2026-10-07 11:50:47.640,775ms,131ms,7.7%,0,0,123.4 KB,2.1 KB
985,bc/1142b3,261156,p14__vibrant_pratama_cached (124),COMPLETED,0,2026-10-07 11:50:47.544,816ms,89ms,5.3%,0,0,123.4 KB,2.1 KB
988,8a/5d03fa,261479,p16__genomad_pratama_cached (124),COMPLETED,0,2026-10-07 11:50:47.687,1.4s,226ms,5.5%,0,0,129.4 KB,2.1 KB
994,ec/7071b5,261655,p14__vibrant_pratama_cached (125),COMPLETED,0,2026-10-07 11:50:48.150,1.1s,188ms,3.4%,0,0,123.4 KB,2.1 KB
991,56/da9ee7,261596,p16__genomad_pratama_cached (125),COMPLETED,0,2026-10-07 11:50:48.133,1.1s,167ms,8.2%,0,0,129.4 KB,2.1 KB
993,be/fff047,261551,p15__virsorter2_pratama_cached (126),COMPLETED,0,2026-10-07 11:50:47.801,1.7s,199ms,5.7%,0,0,123.4 KB,2.1 KB
992,f4/51a6fd,261524,p15__virsorter2_pratama_cached (125),COMPLETED,0,2026-10-07 11:50:47.758,1.7s,168ms,5.7%,0,0,123.4 KB,2.1 KB
995,e2/658f6d,261666,p14__vibrant_pratama_cached (126),COMPLETED,0,2026-10-07 11:50:48.185,1.4s,135ms,7.4%,0,0,123.4 KB,2.1 KB
997,74/45ad38,261801,p16__genomad_pratama_cached (126),COMPLETED,0,2026-10-07 11:50:48.370,1.2s,88ms,5.2%,0,0,129.4 KB,2.1 KB
999,c4/f0ca39,262389,p15__virsorter2_pratama_cached (128),COMPLETED,0,2026-10-07 11:50:49.128,1.1s,70ms,11.4%,0,0,123.4 KB,2.1 KB
998,fe/60ebef,261904,p15__virsorter2_pratama_cached (127),COMPLETED,0,2026-10-07 11:50:48.453,1.8s,165ms,4.9%,0,0,123.4 KB,2.1 KB
1003,a7/fecb64,262579,p14__vibrant_pratama_cached (128),COMPLETED,0,2026-10-07 11:50:49.473,888ms,123ms,3.6%,0,0,123.4 KB,2.1 KB
1002,a6/358e30,262535,p16__genomad_pratama_cached (127),COMPLETED,0,2026-10-07 11:50:49.283,1.1s,125ms,7.6%,0,0,129.4 KB,2.1 KB
1004,5c/a59675,262624,p16__genomad_pratama_cached (128),COMPLETED,0,2026-10-07 11:50:49.480,992ms,184ms,6.5%,0,0,129.4 KB,2.1 KB
1000,46/d75ac1,262467,p14__vibrant_pratama_cached (127),COMPLETED,0,2026-10-07 11:50:49.227,1.3s,144ms,9.8%,0,0,123.4 KB,2.1 KB
1005,5f/2f90fc,262671,p14__vibrant_pratama_cached (129),COMPLETED,0,2026-10-07 11:50:49.551,1s,160ms,6.8%,0,0,123.4 KB,2.1 KB
1010,f2/d26573,263168,p15__virsorter2_pratama_cached (130),COMPLETED,0,2026-10-07 11:50:50.211,1.1s,140ms,7.4%,0,0,123.4 KB,2.1 KB
1009,14/3b0447,263114,p15__virsorter2_pratama_cached (129),COMPLETED,0,2026-10-07 11:50:49.603,1.9s,247ms,5.4%,3.5 MB,4.6 MB,123.4 KB,2.1 KB
1012,cc/40b9f6,263326,p14__vibrant_pratama_cached (130),COMPLETED,0,2026-10-07 11:50:50.377,1.2s,175ms,6.2%,0,0,123.4 KB,2.1 KB
1011,8b/75de96,263241,p16__genomad_pratama_cached (129),COMPLETED,0,2026-10-07 11:50:50.280,1.4s,229ms,5.8%,0,0,129.4 KB,2.1 KB
1013,1e/757d26,263547,p14__vibrant_pratama_cached (131),COMPLETED,0,2026-10-07 11:50:50.588,1.1s,148ms,7.1%,0,0,123.4 KB,2.1 KB
1016,8d/f7293a,263414,p16__genomad_pratama_cached (130),COMPLETED,0,2026-10-07 11:50:50.480,1.3s,191ms,6.3%,0,0,129.4 KB,2.1 KB
1017,73/00c517,263477,p16__genomad_pratama_cached (131),COMPLETED,0,2026-10-07 11:50:50.567,1.2s,203ms,6.0%,0,0,129.4 KB,2.1 KB
1014,1a/187468,263369,p15__virsorter2_pratama_cached (131),COMPLETED,0,2026-10-07 11:50:50.411,1.7s,182ms,6.7%,0,0,123.4 KB,2.1 KB
1018,53/338f21,264110,p14__vibrant_pratama_cached (132),COMPLETED,0,2026-10-07 11:50:51.352,944ms,190ms,7.1%,0,0,123.4 KB,2.1 KB
1024,27/b553a9,264453,p15__virsorter2_pratama_cached (133),COMPLETED,0,2026-10-07 11:50:51.751,956ms,153ms,7.8%,0,0,123.4 KB,2.1 KB
1023,86/4068e9,264422,p14__vibrant_pratama_cached (134),COMPLETED,0,2026-10-07 11:50:51.720,1.1s,168ms,7.1%,0,0,123.4 KB,2.1 KB
1026,25/5c9045,264675,p16__genomad_pratama_cached (133),COMPLETED,0,2026-10-07 11:50:51.757,1.3s,109ms,8.3%,0,0,129.4 KB,2.1 KB
1019,94/7183b3,264186,p15__virsorter2_pratama_cached (132),COMPLETED,0,2026-10-07 11:50:51.467,1.6s,125ms,8.3%,0,0,123.4 KB,2.1 KB
1022,b4/7ad451,264363,p14__vibrant_pratama_cached (133),COMPLETED,0,2026-10-07 11:50:51.648,1.4s,106ms,10.3%,0,0,123.4 KB,2.1 KB
1020,a7/980505,264283,p16__genomad_pratama_cached (132),COMPLETED,0,2026-10-07 11:50:51.541,1.6s,121ms,7.3%,0,0,129.4 KB,2.1 KB
1027,f3/cfc17d,264875,p16__genomad_pratama_cached (134),COMPLETED,0,2026-10-07 11:50:52.137,1.3s,110ms,10.4%,0,0,129.4 KB,2.1 KB
1029,d1/99361c,264911,p14__vibrant_pratama_cached (135),COMPLETED,0,2026-10-07 11:50:52.304,1.2s,92ms,10.8%,0,0,123.4 KB,2.1 KB
1030,f7/68bdc3,265188,p15__virsorter2_pratama_cached (134),COMPLETED,0,2026-10-07 11:50:52.713,1.1s,122ms,9.8%,0,0,123.4 KB,2.1 KB
1031,6b/a85098,265314,p15__virsorter2_pratama_cached (135),COMPLETED,0,2026-10-07 11:50:52.854,1.3s,113ms,7.6%,0,0,123.4 KB,2.1 KB
1034,66/f7fa01,265389,p14__vibrant_pratama_cached (136),COMPLETED,0,2026-10-07 11:50:53.023,1.2s,155ms,9.6%,0,0,123.4 KB,2.1 KB
1033,2f/3ecb3f,265436,p16__genomad_pratama_cached (135),COMPLETED,0,2026-10-07 11:50:53.096,1.1s,170ms,6.4%,0,0,129.4 KB,2.1 KB
1035,1a/957665,265521,p15__virsorter2_pratama_cached (136),COMPLETED,0,2026-10-07 11:50:53.102,1.2s,118ms,10.8%,0,0,123.4 KB,2.1 KB
1037,ea/f34e35,265826,p16__genomad_pratama_cached (137),COMPLETED,0,2026-10-07 11:50:53.458,946ms,125ms,10.7%,0,0,129.4 KB,2.1 KB
1036,8f/e3c4c8,265591,p16__genomad_pratama_cached (136),COMPLETED,0,2026-10-07 11:50:53.109,1.2s,200ms,6.0%,0,0,129.4 KB,2.1 KB
1038,d5/599bf7,265949,p14__vibrant_pratama_cached (137),COMPLETED,0,2026-10-07 11:50:53.531,1s,60ms,10.9%,0,0,123.4 KB,2.1 KB
1040,f6/963316,266094,p15__virsorter2_pratama_cached (137),COMPLETED,0,2026-10-07 11:50:53.850,957ms,101ms,8.8%,0,0,123.4 KB,2.1 KB
1041,20/04352f,266428,p16__genomad_pratama_cached (138),COMPLETED,0,2026-10-07 11:50:54.226,1.1s,103ms,8.3%,0,0,129.4 KB,2.1 KB
1043,8b/0102c3,266369,p14__vibrant_pratama_cached (138),COMPLETED,0,2026-10-07 11:50:54.175,1.3s,65ms,6.7%,0,0,123.4 KB,2.1 KB
1044,e7/a406be,266434,p15__virsorter2_pratama_cached (138),COMPLETED,0,2026-10-07 11:50:54.232,1.3s,92ms,9.0%,0,0,123.4 KB,2.1 KB
1048,bd/46e125,266613,p16__genomad_pratama_cached (140),COMPLETED,0,2026-10-07 11:50:54.411,1.2s,208ms,5.5%,0,0,129.4 KB,2.1 KB
1046,66/c2a36c,266569,p14__vibrant_pratama_cached (139),COMPLETED,0,2026-10-07 11:50:54.339,1.3s,177ms,6.8%,0,0,123.4 KB,2.1 KB
1049,ba/f32e8d,266746,p15__virsorter2_pratama_cached (139),COMPLETED,0,2026-10-07 11:50:54.546,1.3s,154ms,0.0%,0,0,123.4 KB,2.1 KB
1050,72/bd9910,267006,p14__vibrant_pratama_cached (140),COMPLETED,0,2026-10-07 11:50:54.813,1.3s,93ms,9.8%,0,0,123.4 KB,2.1 KB
1042,b4/bbddb1,266519,p16__genomad_pratama_cached (139),COMPLETED,0,2026-10-07 11:50:54.311,1.6s,192ms,6.4%,0,0,129.4 KB,2.1 KB
1051,38/7b806f,267317,p14__vibrant_pratama_cached (141),COMPLETED,0,2026-10-07 11:50:55.352,947ms,88ms,10.7%,0,0,123.4 KB,2.1 KB
1057,ec/9344a9,267626,p14__vibrant_pratama_cached (142),COMPLETED,0,2026-10-07 11:50:55.615,1.1s,137ms,3.5%,0,0,123.4 KB,2.1 KB
1059,09/e60928,267768,p15__virsorter2_pratama_cached (141),COMPLETED,0,2026-10-07 11:50:55.809,976ms,85ms,11.4%,0,0,123.4 KB,2.1 KB
1054,ae/ca2930,267499,p15__virsorter2_pratama_cached (140),COMPLETED,0,2026-10-07 11:50:55.563,1.3s,104ms,10.8%,0,0,123.4 KB,2.1 KB
1055,4f/230eac,267613,p16__genomad_pratama_cached (142),COMPLETED,0,2026-10-07 11:50:55.601,1.2s,226ms,5.8%,0,0,129.4 KB,2.1 KB
1060,9d/052389,267861,p15__virsorter2_pratama_cached (142),COMPLETED,0,2026-10-07 11:50:55.945,903ms,174ms,7.9%,0,0,123.4 KB,2.1 KB
1053,ca/34c8b8,267445,p16__genomad_pratama_cached (141),COMPLETED,0,2026-10-07 11:50:55.441,1.8s,180ms,6.5%,0,0,129.4 KB,2.1 KB
1061,a3/6bc1c7,268247,p16__genomad_pratama_cached (143),COMPLETED,0,2026-10-07 11:50:56.136,1.4s,137ms,8.9%,0,0,129.4 KB,2.1 KB
1062,fa/0a5d1e,268301,p14__vibrant_pratama_cached (143),COMPLETED,0,2026-10-07 11:50:56.311,1.5s,163ms,8.7%,0,0,123.4 KB,2.1 KB
1065,81/ba9ee6,268402,p14__vibrant_pratama_cached (144),COMPLETED,0,2026-10-07 11:50:56.790,1.1s,120ms,7.1%,0,0,123.4 KB,2.1 KB
1064,3e/bd6a41,268371,p16__genomad_pratama_cached (144),COMPLETED,0,2026-10-07 11:50:56.682,1.3s,196ms,6.3%,0,0,129.4 KB,2.1 KB
1069,53/149c2a,268937,p15__virsorter2_pratama_cached (144),COMPLETED,0,2026-10-07 11:50:57.203,1.1s,113ms,4.8%,0,0,123.4 KB,2.1 KB
1066,46/6bc776,268499,p14__vibrant_pratama_cached (145),COMPLETED,0,2026-10-07 11:50:56.824,1.6s,97ms,3.9%,0,0,123.4 KB,2.1 KB
1067,1a/c60c90,268564,p16__genomad_pratama_cached (145),COMPLETED,0,2026-10-07 11:50:56.838,1.7s,174ms,8.4%,0,0,129.4 KB,2.1 KB
1068,2a/47c61d,268711,p15__virsorter2_pratama_cached (143),COMPLETED,0,2026-10-07 11:50:56.878,1.6s,171ms,5.6%,0,0,123.4 KB,2.1 KB
1073,17/7c9c87,269121,p16__genomad_pratama_cached (146),COMPLETED,0,2026-10-07 11:50:57.522,1.7s,145ms,10.7%,0,0,129.4 KB,2.1 KB
1074,a4/60b1fe,269280,p15__virsorter2_pratama_cached (145),COMPLETED,0,2026-10-07 11:50:57.835,1.5s,224ms,9.0%,0,0,123.4 KB,2.1 KB
1076,f5/9b5f96,269479,p15__virsorter2_pratama_cached (146),COMPLETED,0,2026-10-07 11:50:58.016,1.6s,179ms,7.6%,0,0,123.4 KB,2.1 KB
1075,11/b7dc88,269413,p14__vibrant_pratama_cached (146),COMPLETED,0,2026-10-07 11:50:57.938,1.5s,55ms,6.4%,0,0,123.4 KB,2.1 KB
1081,d8/f831ce,269814,p14__vibrant_pratama_cached (148),COMPLETED,0,2026-10-07 11:50:58.515,1.1s,136ms,6.6%,0,0,123.4 KB,2.1 KB
1080,40/a5f3d3,269677,p15__virsorter2_pratama_cached (147),COMPLETED,0,2026-10-07 11:50:58.509,1.3s,142ms,3.7%,0,0,123.4 KB,2.1 KB
1078,19/1b0ef5,269650,p16__genomad_pratama_cached (147),COMPLETED,0,2026-10-07 11:50:58.452,1.3s,186ms,8.0%,0,0,129.4 KB,2.1 KB
1077,f5/ce7bc7,269573,p14__vibrant_pratama_cached (147),COMPLETED,0,2026-10-07 11:50:58.341,1.5s,130ms,7.8%,0,0,123.4 KB,2.1 KB
1082,f0/373459,270288,p16__genomad_pratama_cached (148),COMPLETED,0,2026-10-07 11:50:59.278,1.3s,145ms,7.6%,0,0,129.4 KB,2.1 KB
1083,69/3a14c0,270365,p16__genomad_pratama_cached (149),COMPLETED,0,2026-10-07 11:50:59.364,1.3s,81ms,6.3%,0,0,129.4 KB,2.1 KB
1088,13/d839d8,270478,p15__virsorter2_pratama_cached (149),COMPLETED,0,2026-10-07 11:50:59.625,1.1s,210ms,6.4%,0,0,123.4 KB,2.1 KB
1084,cd/2d02d0,270394,p14__vibrant_pratama_cached (149),COMPLETED,0,2026-10-07 11:50:59.481,1.3s,139ms,7.0%,0,0,123.4 KB,2.1 KB
1091,85/b239f9,270717,p14__vibrant_pratama_cached (150),COMPLETED,0,2026-10-07 11:50:59.869,1.1s,168ms,5.8%,0,0,123.4 KB,2.1 KB
1089,e8/71b309,270557,p16__genomad_pratama_cached (150),COMPLETED,0,2026-10-07 11:50:59.778,1.2s,175ms,5.9%,0,0,129.4 KB,2.1 KB
1087,b6/0f32fc,270463,p15__virsorter2_pratama_cached (148),COMPLETED,0,2026-10-07 11:50:59.611,1.5s,151ms,6.3%,0,0,123.4 KB,2.1 KB
1092,60/66d84f,270604,p15__virsorter2_pratama_cached (150),COMPLETED,0,2026-10-07 11:50:59.803,1.3s,203ms,5.8%,0,0,123.4 KB,2.1 KB
1096,1f/bd83d1,271308,p15__virsorter2_pratama_cached (151),COMPLETED,0,2026-10-07 11:51:00.752,1.4s,168ms,2.5%,0,0,123.4 KB,2.1 KB
1095,e0/4fe959,271294,p14__vibrant_pratama_cached (151),COMPLETED,0,2026-10-07 11:51:00.704,1.1s,182ms,7.4%,0,0,123.4 KB,2.1 KB
1098,c3/6e574e,271540,p14__vibrant_pratama_cached (152),COMPLETED,0,2026-10-07 11:51:00.974,1.5s,129ms,8.0%,0,0,123.4 KB,2.1 KB
1102,d5/70fad9,271757,p16__genomad_pratama_cached (153),COMPLETED,0,2026-10-07 11:51:01.079,1.5s,133ms,10.2%,0,0,129.4 KB,2.1 KB
1104,d5/c82bb8,271962,p15__virsorter2_pratama_cached (153),COMPLETED,0,2026-10-07 11:51:01.106,1.6s,17ms,9.5%,0,0,123.4 KB,2.1 KB
1094,fa/ccfd73,271206,p16__genomad_pratama_cached (151),COMPLETED,0,2026-10-07 11:51:00.600,2.1s,228ms,6.2%,0,0,129.4 KB,2.1 KB
1099,f1/1e5d9a,271710,p14__vibrant_pratama_cached (153),COMPLETED,0,2026-10-07 11:51:00.990,1.7s,112ms,7.8%,0,0,123.4 KB,2.1 KB
1097,bc/e79b64,271404,p16__genomad_pratama_cached (152),COMPLETED,0,2026-10-07 11:51:00.781,1.9s,178ms,10.5%,0,0,129.4 KB,2.1 KB
1103,ed/232d02,272121,p15__virsorter2_pratama_cached (152),COMPLETED,0,2026-10-07 11:51:01.815,906ms,91ms,9.9%,0,0,123.4 KB,2.1 KB
1108,c0/deb9b0,272496,p15__virsorter2_pratama_cached (154),COMPLETED,0,2026-10-07 11:51:02.623,1.1s,196ms,6.7%,0,0,123.4 KB,2.1 KB
1105,ab/83c5c3,272346,p14__vibrant_pratama_cached (154),COMPLETED,0,2026-10-07 11:51:02.138,1.7s,122ms,9.8%,0,0,123.4 KB,2.1 KB
1106,b7/e8c3f2,272476,p16__genomad_pratama_cached (154),COMPLETED,0,2026-10-07 11:51:02.483,1.4s,183ms,7.1%,0,0,129.4 KB,2.1 KB
1113,e6/978c1b,272688,p14__vibrant_pratama_cached (156),COMPLETED,0,2026-10-07 11:51:02.713,1.2s,162ms,7.0%,0,0,123.4 KB,2.1 KB
1107,9c/0ca1f7,272566,p16__genomad_pratama_cached (155),COMPLETED,0,2026-10-07 11:51:02.674,1.2s,174ms,7.5%,0,0,129.4 KB,2.1 KB
1112,be/06b491,272611,p16__genomad_pratama_cached (156),COMPLETED,0,2026-10-07 11:51:02.704,1.2s,192ms,3.2%,0,0,129.4 KB,2.1 KB
1110,f8/d6a958,272592,p14__vibrant_pratama_cached (155),COMPLETED,0,2026-10-07 11:51:02.685,1.7s,137ms,6.1%,0,0,123.4 KB,2.1 KB
1114,36/0f4cc1,272707,p15__virsorter2_pratama_cached (155),COMPLETED,0,2026-10-07 11:51:02.728,1.9s,167ms,5.9%,0,0,123.4 KB,2.1 KB
1118,a0/b3f5f4,273487,p16__genomad_pratama_cached (157),COMPLETED,0,2026-10-07 11:51:03.817,1.3s,157ms,10.8%,0,0,129.4 KB,2.1 KB
1117,eb/bf7e46,273502,p15__virsorter2_pratama_cached (156),COMPLETED,0,2026-10-07 11:51:03.860,1.3s,99ms,9.8%,0,0,123.4 KB,2.1 KB
1120,4d/a81f1b,273595,p14__vibrant_pratama_cached (158),COMPLETED,0,2026-10-07 11:51:03.934,1.5s,145ms,7.2%,0,0,123.4 KB,2.1 KB
1122,c1/b7f50e,273802,p15__virsorter2_pratama_cached (157),COMPLETED,0,2026-10-07 11:51:03.994,1.5s,140ms,10.8%,0,0,123.4 KB,2.1 KB
1116,84/64b91d,273316,p14__vibrant_pratama_cached (157),COMPLETED,0,2026-10-07 11:51:03.696,1.8s,131ms,12.4%,0,0,123.4 KB,2.1 KB
1121,92/b8708d,273680,p16__genomad_pratama_cached (158),COMPLETED,0,2026-10-07 11:51:03.944,1.6s,169ms,7.8%,0,0,129.4 KB,2.1 KB
1124,90/676398,273972,p14__vibrant_pratama_cached (159),COMPLETED,0,2026-10-07 11:51:04.424,1.4s,84ms,12.2%,0,0,123.4 KB,2.1 KB
1125,01/c3ad71,274173,p16__genomad_pratama_cached (159),COMPLETED,0,2026-10-07 11:51:04.619,1.5s,134ms,9.3%,0,0,129.4 KB,2.1 KB
1127,38/3df918,274329,p15__virsorter2_pratama_cached (158),COMPLETED,0,2026-10-07 11:51:05.145,1.3s,100ms,8.0%,0,0,123.4 KB,2.1 KB
1130,e5/ae0996,274523,p16__genomad_pratama_cached (160),COMPLETED,0,2026-10-07 11:51:05.458,1.2s,167ms,7.9%,0,0,129.4 KB,2.1 KB
1129,3a/8edfca,274517,p15__virsorter2_pratama_cached (159),COMPLETED,0,2026-10-07 11:51:05.447,1.2s,106ms,3.9%,0,0,123.4 KB,2.1 KB
1128,67/50e291,274371,p14__vibrant_pratama_cached (160),COMPLETED,0,2026-10-07 11:51:05.309,1.4s,99ms,9.6%,0,0,123.4 KB,2.1 KB
1132,a8/47def0,274636,p15__virsorter2_pratama_cached (160),COMPLETED,0,2026-10-07 11:51:05.467,1.4s,209ms,5.7%,0,0,123.4 KB,2.1 KB
1134,d9/deaec3,274705,p16__genomad_pratama_cached (161),COMPLETED,0,2026-10-07 11:51:05.561,1.3s,143ms,7.4%,0,0,129.4 KB,2.1 KB
1135,6f/3c59de,274937,p14__vibrant_pratama_cached (161),COMPLETED,0,2026-10-07 11:51:05.807,1.4s,136ms,6.6%,0,0,123.4 KB,2.1 KB
1138,86/8bee06,275266,p14__vibrant_pratama_cached (162),COMPLETED,0,2026-10-07 11:51:06.492,983ms,103ms,10.2%,0,0,123.4 KB,2.1 KB
1136,ea/6557a1,275197,p15__virsorter2_pratama_cached (161),COMPLETED,0,2026-10-07 11:51:06.171,1.6s,106ms,9.1%,0,0,123.4 KB,2.1 KB
1139,67/79c9de,275316,p16__genomad_pratama_cached (162),COMPLETED,0,2026-10-07 11:51:06.616,1.2s,124ms,4.9%,0,0,129.4 KB,2.1 KB
1143,27/aaa369,275433,p16__genomad_pratama_cached (163),COMPLETED,0,2026-10-07 11:51:06.681,1.1s,89ms,10.1%,0,0,129.4 KB,2.1 KB
1144,89/4d1010,275457,p14__vibrant_pratama_cached (163),COMPLETED,0,2026-10-07 11:51:06.690,1.1s,142ms,7.6%,0,0,123.4 KB,2.1 KB
1142,1e/7a00a6,275566,p15__virsorter2_pratama_cached (162),COMPLETED,0,2026-10-07 11:51:06.862,1.1s,138ms,8.4%,0,0,123.4 KB,2.1 KB
1145,b0/5c6147,275646,p14__vibrant_pratama_cached (164),COMPLETED,0,2026-10-07 11:51:06.875,999ms,137ms,6.8%,0,0,123.4 KB,2.1 KB
1148,f9/e01da9,276052,p15__virsorter2_pratama_cached (164),COMPLETED,0,2026-10-07 11:51:07.482,869ms,49ms,6.5%,0,0,123.4 KB,2.1 KB
1147,da/079233,275856,p15__virsorter2_pratama_cached (163),COMPLETED,0,2026-10-07 11:51:07.212,1.2s,108ms,4.9%,0,0,123.4 KB,2.1 KB
1150,a1/38a743,276359,p16__genomad_pratama_cached (165),COMPLETED,0,2026-10-07 11:51:07.784,918ms,147ms,5.4%,0,0,129.4 KB,2.1 KB
1152,5a/8f6acb,276523,p15__virsorter2_pratama_cached (165),COMPLETED,0,2026-10-07 11:51:07.838,1s,81ms,9.2%,0,0,123.4 KB,2.1 KB
1146,80/5bb086,276281,p16__genomad_pratama_cached (164),COMPLETED,0,2026-10-07 11:51:07.741,1.1s,104ms,12.2%,0,0,129.4 KB,2.1 KB
1154,5d/d5de62,276533,p16__genomad_pratama_cached (166),COMPLETED,0,2026-10-07 11:51:07.881,991ms,61ms,11.7%,0,0,129.4 KB,2.1 KB
1151,d9/0e541c,276424,p14__vibrant_pratama_cached (165),COMPLETED,0,2026-10-07 11:51:07.820,1.1s,116ms,5.1%,0,0,123.4 KB,2.1 KB
1158,6b/37debf,276821,p16__genomad_pratama_cached (167),COMPLETED,0,2026-10-07 11:51:08.369,625ms,59ms,16.6%,0,0,129.4 KB,2.1 KB
1157,81/593c72,276879,p15__virsorter2_pratama_cached (166),COMPLETED,0,2026-10-07 11:51:08.464,644ms,104ms,12.7%,0,0,123.4 KB,2.1 KB
1155,26/9decd6,276728,p14__vibrant_pratama_cached (166),COMPLETED,0,2026-10-07 11:51:07.975,1.2s,45ms,19.4%,0,0,123.4 KB,2.1 KB
1160,8d/601025,277122,p15__virsorter2_pratama_cached (167),COMPLETED,0,2026-10-07 11:51:08.711,676ms,45ms,25.7%,0,0,123.4 KB,2.1 KB
1159,15/47e5f7,277293,p14__vibrant_pratama_cached (167),COMPLETED,0,2026-10-07 11:51:08.872,690ms,71ms,16.8%,0,0,123.4 KB,2.1 KB
1165,c1/eac004,277478,p16__genomad_pratama_cached (169),COMPLETED,0,2026-10-07 11:51:09.003,630ms,159ms,4.6%,0,0,129.4 KB,2.1 KB
1162,17/923deb,277353,p16__genomad_pratama_cached (168),COMPLETED,0,2026-10-07 11:51:08.891,782ms,117ms,10.3%,0,0,129.4 KB,2.1 KB
1164,5c/bb9b18,277412,p14__vibrant_pratama_cached (169),COMPLETED,0,2026-10-07 11:51:08.925,778ms,99ms,10.7%,0,0,123.4 KB,2.1 KB
1167,13/51199d,277647,p15__virsorter2_pratama_cached (168),COMPLETED,0,2026-10-07 11:51:09.115,717ms,67ms,0.0%,0,0,123.4 KB,2.1 KB
1163,8e/90b4cf,277363,p14__vibrant_pratama_cached (168),COMPLETED,0,2026-10-07 11:51:08.912,944ms,89ms,12.2%,0,0,123.4 KB,2.1 KB
1170,fc/97051e,277744,p15__virsorter2_pratama_cached (169),COMPLETED,0,2026-10-07 11:51:09.175,778ms,78ms,0.0%,0,0,123.4 KB,2.1 KB
1171,08/5f5196,277922,p14__vibrant_pratama_cached (170),COMPLETED,0,2026-10-07 11:51:09.416,574ms,76ms,6.3%,0,0,123.4 KB,2.1 KB
1172,15/9b0b29,278082,p14__vibrant_pratama_cached (171),COMPLETED,0,2026-10-07 11:51:09.572,644ms,82ms,16.0%,0,0,123.4 KB,2.1 KB
1173,17/78e4eb,278178,p16__genomad_pratama_cached (170),COMPLETED,0,2026-10-07 11:51:09.667,640ms,116ms,9.8%,0,0,129.4 KB,2.1 KB
1177,d5/8893c4,278387,p16__genomad_pratama_cached (171),COMPLETED,0,2026-10-07 11:51:09.709,718ms,106ms,12.5%,0,0,129.4 KB,2.1 KB
1175,6e/9451a5,278276,p15__virsorter2_pratama_cached (170),COMPLETED,0,2026-10-07 11:51:09.682,811ms,107ms,10.7%,0,0,123.4 KB,2.1 KB
1179,49/8deb4b,278455,p16__genomad_pratama_cached (172),COMPLETED,0,2026-10-07 11:51:09.866,761ms,46ms,9.1%,0,0,129.4 KB,2.1 KB
1178,ec/de7cee,278439,p14__vibrant_pratama_cached (172),COMPLETED,0,2026-10-07 11:51:09.842,965ms,100ms,11.1%,0,0,123.4 KB,2.1 KB
1180,29/6c4d0f,278556,p15__virsorter2_pratama_cached (171),COMPLETED,0,2026-10-07 11:51:09.960,858ms,128ms,10.3%,0,0,123.4 KB,2.1 KB
1182,a1/d20e4c,278642,p14__vibrant_pratama_cached (173),COMPLETED,0,2026-10-07 11:51:09.998,820ms,86ms,9.0%,0,0,123.4 KB,2.1 KB
1183,38/ae8062,278855,p14__vibrant_pratama_cached (174),COMPLETED,0,2026-10-07 11:51:10.223,793ms,76ms,7.0%,0,0,123.4 KB,2.1 KB
1184,1a/3aa52f,278908,p15__virsorter2_pratama_cached (172),COMPLETED,0,2026-10-07 11:51:10.315,759ms,86ms,7.2%,0,0,123.4 KB,2.1 KB
1186,88/2ea76a,279096,p16__genomad_pratama_cached (173),COMPLETED,0,2026-10-07 11:51:10.440,757ms,84ms,10.8%,0,0,129.4 KB,2.1 KB
1187,f5/e174fa,279153,p16__genomad_pratama_cached (174),COMPLETED,0,2026-10-07 11:51:10.502,817ms,121ms,9.4%,0,0,129.4 KB,2.1 KB
1188,be/db79c8,279261,p15__virsorter2_pratama_cached (173),COMPLETED,0,2026-10-07 11:51:10.642,814ms,64ms,15.0%,0,0,123.4 KB,2.1 KB
1190,4e/bc771f,279441,p14__vibrant_pratama_cached (175),COMPLETED,0,2026-10-07 11:51:10.818,701ms,55ms,10.4%,0,0,123.4 KB,2.1 KB
1191,69/d51d0c,279463,p16__genomad_pratama_cached (175),COMPLETED,0,2026-10-07 11:51:10.840,726ms,99ms,12.5%,0,0,129.4 KB,2.1 KB
1194,c5/3f74f3,279481,p16__genomad_pratama_cached (176),COMPLETED,0,2026-10-07 11:51:10.881,803ms,56ms,22.5%,0,0,129.4 KB,2.1 KB
1196,6c/e1b492,279793,p15__virsorter2_pratama_cached (174),COMPLETED,0,2026-10-07 11:51:11.082,666ms,58ms,26.0%,0,0,123.4 KB,2.1 KB
1193,92/871f9b,279747,p14__vibrant_pratama_cached (176),COMPLETED,0,2026-10-07 11:51:11.026,816ms,74ms,13.7%,0,0,123.4 KB,2.1 KB
1197,8a/e6cfe0,279922,p14__vibrant_pratama_cached (177),COMPLETED,0,2026-10-07 11:51:11.206,773ms,51ms,7.3%,0,0,123.4 KB,2.1 KB
1199,ca/7e6299,280133,p15__virsorter2_pratama_cached (175),COMPLETED,0,2026-10-07 11:51:11.464,597ms,82ms,7.3%,0,0,123.4 KB,2.1 KB
1198,95/2c5ace,279992,p16__genomad_pratama_cached (177),COMPLETED,0,2026-10-07 11:51:11.332,791ms,112ms,0.0%,0,0,129.4 KB,2.1 KB
1201,5d/416e6e,280291,p14__vibrant_pratama_cached (178),COMPLETED,0,2026-10-07 11:51:11.574,687ms,90ms,13.7%,0,0,123.4 KB,2.1 KB
1200,fa/72b013,280208,p15__virsorter2_pratama_cached (176),COMPLETED,0,2026-10-07 11:51:11.527,770ms,116ms,10.5%,0,0,123.4 KB,2.1 KB
1204,84/6d0395,280423,p16__genomad_pratama_cached (178),COMPLETED,0,2026-10-07 11:51:11.693,740ms,116ms,9.6%,0,0,129.4 KB,2.1 KB
1206,09/824e68,280621,p14__vibrant_pratama_cached (179),COMPLETED,0,2026-10-07 11:51:11.850,707ms,96ms,5.6%,0,0,123.4 KB,2.1 KB
1205,be/56e7d4,280519,p15__virsorter2_pratama_cached (177),COMPLETED,0,2026-10-07 11:51:11.755,811ms,129ms,10.4%,0,0,123.4 KB,2.1 KB
1208,7c/3a4965,280719,p14__vibrant_pratama_cached (180),COMPLETED,0,2026-10-07 11:51:11.989,711ms,117ms,8.1%,0,0,123.4 KB,2.1 KB
1209,3c/494ff4,280861,p16__genomad_pratama_cached (179),COMPLETED,0,2026-10-07 11:51:12.067,764ms,68ms,12.1%,0,0,129.4 KB,2.1 KB
1211,48/aad088,281046,p15__virsorter2_pratama_cached (179),COMPLETED,0,2026-10-07 11:51:12.271,731ms,121ms,10.9%,0,0,123.4 KB,2.1 KB
1212,e1/a73958,281099,p16__genomad_pratama_cached (180),COMPLETED,0,2026-10-07 11:51:12.308,703ms,137ms,9.2%,0,0,129.4 KB,2.1 KB
1210,a7/25e815,280933,p15__virsorter2_pratama_cached (178),COMPLETED,0,2026-10-07 11:51:12.140,870ms,74ms,16.0%,0,0,123.4 KB,2.1 KB
1213,2c/aca8a2,281295,p14__vibrant_pratama_cached (181),COMPLETED,0,2026-10-07 11:51:12.456,676ms,36ms,20.8%,0,0,123.4 KB,2.1 KB
1214,5d/1b27e3,281444,p14__vibrant_pratama_cached (182),COMPLETED,0,2026-10-07 11:51:12.566,659ms,85ms,12.9%,0,0,123.4 KB,2.1 KB
1215,db/960c92,281499,p16__genomad_pratama_cached (181),COMPLETED,0,2026-10-07 11:51:12.627,672ms,148ms,10.0%,0,0,129.4 KB,2.1 KB
1218,03/b2502e,281536,p14__vibrant_pratama_cached (183),COMPLETED,0,2026-10-07 11:51:12.707,693ms,99ms,10.8%,0,0,123.4 KB,2.1 KB
1221,4a/4143ad,281723,p15__virsorter2_pratama_cached (180),COMPLETED,0,2026-10-07 11:51:12.853,737ms,72ms,18.7%,0,0,123.4 KB,2.1 KB
1220,aa/aaf376,281931,p16__genomad_pratama_cached (182),COMPLETED,0,2026-10-07 11:51:13.010,715ms,58ms,9.7%,0,0,129.4 KB,2.1 KB
1225,3b/fdc890,282064,p15__virsorter2_pratama_cached (181),COMPLETED,0,2026-10-07 11:51:13.141,700ms,183ms,7.8%,0,0,123.4 KB,2.1 KB
1223,9b/797a39,282003,p16__genomad_pratama_cached (183),COMPLETED,0,2026-10-07 11:51:13.034,837ms,163ms,9.0%,0,0,129.4 KB,2.1 KB
1224,b0/ff0623,282015,p14__vibrant_pratama_cached (184),COMPLETED,0,2026-10-07 11:51:13.081,852ms,112ms,5.3%,0,0,123.4 KB,2.1 KB
1229,06/0dbb17,282373,p16__genomad_pratama_cached (184),COMPLETED,0,2026-10-07 11:51:13.415,671ms,142ms,9.9%,0,0,129.4 KB,2.1 KB
1227,3f/16cb6b,282159,p15__virsorter2_pratama_cached (182),COMPLETED,0,2026-10-07 11:51:13.234,890ms,112ms,8.7%,0,0,123.4 KB,2.1 KB
1228,0d/972346,282269,p14__vibrant_pratama_cached (185),COMPLETED,0,2026-10-07 11:51:13.308,868ms,130ms,8.6%,0,0,123.4 KB,2.1 KB
1230,6c/c60f91,282529,p16__genomad_pratama_cached (185),COMPLETED,0,2026-10-07 11:51:13.602,812ms,66ms,10.7%,0,0,129.4 KB,2.1 KB
1231,88/38aae9,282680,p14__vibrant_pratama_cached (186),COMPLETED,0,2026-10-07 11:51:13.732,734ms,86ms,13.5%,0,0,123.4 KB,2.1 KB
1232,c6/23455d,282865,p15__virsorter2_pratama_cached (183),COMPLETED,0,2026-10-07 11:51:13.889,762ms,128ms,10.1%,0,0,123.4 KB,2.1 KB
1233,57/c82e50,282813,p15__virsorter2_pratama_cached (184),COMPLETED,0,2026-10-07 11:51:13.862,844ms,95ms,10.9%,0,0,123.4 KB,2.1 KB
1234,1a/ce1b5b,282944,p16__genomad_pratama_cached (186),COMPLETED,0,2026-10-07 11:51:13.941,817ms,85ms,13.2%,0,0,129.4 KB,2.1 KB
1236,13/1a655e,283088,p15__virsorter2_pratama_cached (185),COMPLETED,0,2026-10-07 11:51:14.095,711ms,91ms,11.1%,0,0,123.4 KB,2.1 KB
1239,49/55e701,283183,p14__vibrant_pratama_cached (187),COMPLETED,0,2026-10-07 11:51:14.131,731ms,95ms,10.8%,0,0,123.4 KB,2.1 KB
1240,d3/43ff13,283288,p14__vibrant_pratama_cached (188),COMPLETED,0,2026-10-07 11:51:14.183,823ms,89ms,7.6%,0,0,123.4 KB,2.1 KB
1241,b9/6d9fca,283498,p16__genomad_pratama_cached (187),COMPLETED,0,2026-10-07 11:51:14.428,616ms,120ms,13.4%,0,0,129.4 KB,2.1 KB
1242,05/54223a,283550,p16__genomad_pratama_cached (188),COMPLETED,0,2026-10-07 11:51:14.475,697ms,89ms,15.9%,0,0,129.4 KB,2.1 KB
1244,49/8ae80f,283830,p16__genomad_pratama_cached (189),COMPLETED,0,2026-10-07 11:51:14.721,586ms,84ms,18.0%,0,0,129.4 KB,2.1 KB
1243,26/ecca3f,283729,p15__virsorter2_pratama_cached (186),COMPLETED,0,2026-10-07 11:51:14.658,729ms,121ms,10.6%,0,0,123.4 KB,2.1 KB
1245,4b/d4a202,283908,p14__vibrant_pratama_cached (189),COMPLETED,0,2026-10-07 11:51:14.765,780ms,77ms,6.8%,0,0,123.4 KB,2.1 KB
1247,e8/1df40c,283983,p14__vibrant_pratama_cached (190),COMPLETED,0,2026-10-07 11:51:14.813,764ms,64ms,14.8%,0,0,123.4 KB,2.1 KB
1248,d1/948e81,284078,p16__genomad_pratama_cached (190),COMPLETED,0,2026-10-07 11:51:14.926,744ms,147ms,8.6%,0,0,129.4 KB,2.1 KB
1250,28/9585c4,284183,p15__virsorter2_pratama_cached (187),COMPLETED,0,2026-10-07 11:51:15.016,708ms,119ms,9.3%,0,0,123.4 KB,2.1 KB
1255,4b/7e1f65,284687,p16__genomad_pratama_cached (192),COMPLETED,0,2026-10-07 11:51:15.394,506ms,70ms,17.7%,0,0,129.4 KB,2.1 KB
1251,84/fac03e,284272,p16__genomad_pratama_cached (191),COMPLETED,0,2026-10-07 11:51:15.051,699ms,76ms,13.1%,0,0,129.4 KB,2.1 KB
1252,6a/e8515f,284421,p15__virsorter2_pratama_cached (188),COMPLETED,0,2026-10-07 11:51:15.178,783ms,63ms,15.3%,0,0,123.4 KB,2.1 KB
1253,74/dce873,284602,p14__vibrant_pratama_cached (191),COMPLETED,0,2026-10-07 11:51:15.314,666ms,52ms,22.2%,0,0,123.4 KB,2.1 KB
1256,bb/892f46,284825,p15__virsorter2_pratama_cached (189),COMPLETED,0,2026-10-07 11:51:15.555,572ms,62ms,19.2%,0,0,123.4 KB,2.1 KB
1257,b4/8455f0,284871,p15__virsorter2_pratama_cached (190),COMPLETED,0,2026-10-07 11:51:15.586,610ms,62ms,8.1%,0,0,123.4 KB,2.1 KB
1260,66/2689f8,285117,p14__vibrant_pratama_cached (193),COMPLETED,0,2026-10-07 11:51:15.731,594ms,53ms,0.0%,0,0,123.4 KB,2.1 KB
1259,8c/9c3ec4,285002,p14__vibrant_pratama_cached (192),COMPLETED,0,2026-10-07 11:51:15.678,757ms,48ms,7.6%,0,0,123.4 KB,2.1 KB
1263,1b/605f0d,285316,p14__vibrant_pratama_cached (194),COMPLETED,0,2026-10-07 11:51:15.906,696ms,114ms,12.2%,0,0,123.4 KB,2.1 KB
1261,f3/28c686,285220,p16__genomad_pratama_cached (193),COMPLETED,0,2026-10-07 11:51:15.761,893ms,114ms,10.9%,0,0,129.4 KB,2.1 KB
1264,d1/a895a4,285392,p14__vibrant_pratama_cached (195),COMPLETED,0,2026-10-07 11:51:15.967,836ms,83ms,12.7%,0,0,123.4 KB,2.1 KB
1270,62/c7db0b,285616,p14__vibrant_pratama_cached (196),COMPLETED,0,2026-10-07 11:51:16.203,745ms,79ms,5.8%,0,0,123.4 KB,2.1 KB
1265,f2/6e22f2,285447,p15__virsorter2_pratama_cached (191),COMPLETED,0,2026-10-07 11:51:15.985,939ms,82ms,6.1%,0,0,123.4 KB,2.1 KB
1266,22/8bbd71,285773,p16__genomad_pratama_cached (194),COMPLETED,0,2026-10-07 11:51:16.331,707ms,122ms,11.7%,0,0,129.4 KB,2.1 KB
1267,83/404843,285525,p15__virsorter2_pratama_cached (192),COMPLETED,0,2026-10-07 11:51:16.133,941ms,78ms,6.3%,0,0,123.4 KB,2.1 KB
1271,f2/c2cdad,285904,p15__virsorter2_pratama_cached (193),COMPLETED,0,2026-10-07 11:51:16.441,687ms,39ms,17.7%,0,0,123.4 KB,2.1 KB
1272,9f/d0e198,286042,p16__genomad_pratama_cached (195),COMPLETED,0,2026-10-07 11:51:16.609,597ms,93ms,12.8%,0,0,129.4 KB,2.1 KB
1273,7d/c24e9f,286132,p16__genomad_pratama_cached (196),COMPLETED,0,2026-10-07 11:51:16.672,763ms,110ms,5.8%,0,0,129.4 KB,2.1 KB
1275,df/7a95aa,286297,p15__virsorter2_pratama_cached (194),COMPLETED,0,2026-10-07 11:51:16.810,657ms,38ms,18.2%,0,0,123.4 KB,2.1 KB
1276,cf/e6968b,286444,p14__vibrant_pratama_cached (197),COMPLETED,0,2026-10-07 11:51:16.930,621ms,70ms,18.0%,0,0,123.4 KB,2.1 KB
1279,d9/99304d,286549,p15__virsorter2_pratama_cached (195),COMPLETED,0,2026-10-07 11:51:17.045,646ms,65ms,14.6%,0,0,123.4 KB,2.1 KB
1278,a7/bc6c02,286532,p16__genomad_pratama_cached (197),COMPLETED,0,2026-10-07 11:51:16.954,743ms,69ms,11.7%,0,0,129.4 KB,2.1 KB
1281,17/5b529b,286683,p14__vibrant_pratama_cached (198),COMPLETED,0,2026-10-07 11:51:17.080,671ms,60ms,14.2%,0,0,123.4 KB,2.1 KB
1282,07/288bec,286769,p16__genomad_pratama_cached (198),COMPLETED,0,2026-10-07 11:51:17.143,811ms,86ms,12.1%,0,0,129.4 KB,2.1 KB
1283,5a/81c96e,286793,p16__genomad_pratama_cached (199),COMPLETED,0,2026-10-07 11:51:17.212,828ms,84ms,14.7%,0,0,129.4 KB,2.1 KB
1289,00/117316,287143,p16__genomad_pratama_cached (200),COMPLETED,0,2026-10-07 11:51:17.558,561ms,145ms,9.0%,0,0,129.4 KB,2.1 KB
1284,e3/f05a9a,287032,p15__virsorter2_pratama_cached (196),COMPLETED,0,2026-10-07 11:51:17.442,805ms,63ms,14.4%,0,0,123.4 KB,2.1 KB
1286,cc/9c3eef,287073,p14__vibrant_pratama_cached (199),COMPLETED,0,2026-10-07 11:51:17.473,801ms,89ms,14.5%,0,0,123.4 KB,2.1 KB
1290,d1/a1a7eb,287327,p14__vibrant_pratama_cached (200),COMPLETED,0,2026-10-07 11:51:17.697,625ms,86ms,14.6%,0,0,123.4 KB,2.1 KB
1291,27/4d57be,287342,p15__virsorter2_pratama_cached (197),COMPLETED,0,2026-10-07 11:51:17.711,731ms,75ms,16.4%,0,0,123.4 KB,2.1 KB
1292,4e/100150,287491,p15__virsorter2_pratama_cached (198),COMPLETED,0,2026-10-07 11:51:17.758,867ms,64ms,6.6%,0,0,123.4 KB,2.1 KB
1293,a9/547c76,287596,p14__vibrant_pratama_cached (201),COMPLETED,0,2026-10-07 11:51:17.961,755ms,83ms,13.2%,0,0,123.4 KB,2.1 KB
1294,27/8b8a6e,287730,p14__vibrant_pratama_cached (202),COMPLETED,0,2026-10-07 11:51:18.045,775ms,70ms,12.6%,0,0,123.4 KB,2.1 KB
1296,1e/9bf64f,287835,p16__genomad_pratama_cached (202),COMPLETED,0,2026-10-07 11:51:18.125,732ms,120ms,10.5%,0,0,129.4 KB,2.1 KB
1295,e7/f18ba5,287944,p16__genomad_pratama_cached (201),COMPLETED,0,2026-10-07 11:51:18.257,760ms,91ms,9.8%,0,0,129.4 KB,2.1 KB
1298,af/d508c3,288027,p15__virsorter2_pratama_cached (199),COMPLETED,0,2026-10-07 11:51:18.328,651ms,86ms,12.7%,0,0,123.4 KB,2.1 KB
1303,37/31c7ca,288171,p15__virsorter2_pratama_cached (200),COMPLETED,0,2026-10-07 11:51:18.448,694ms,93ms,10.9%,0,0,123.4 KB,2.1 KB
1297,53/a3501d,287948,p16__genomad_pratama_cached (203),COMPLETED,0,2026-10-07 11:51:18.279,947ms,117ms,11.1%,0,0,129.4 KB,2.1 KB
1304,15/a9fbbb,288362,p14__vibrant_pratama_cached (203),COMPLETED,0,2026-10-07 11:51:18.632,627ms,71ms,8.1%,0,0,123.4 KB,2.1 KB
1306,97/9e244c,288463,p14__vibrant_pratama_cached (205),COMPLETED,0,2026-10-07 11:51:18.724,633ms,92ms,6.5%,0,0,123.4 KB,2.1 KB
1307,ad/f26e75,288600,p16__genomad_pratama_cached (204),COMPLETED,0,2026-10-07 11:51:18.827,619ms,63ms,20.0%,0,0,129.4 KB,2.1 KB
1305,9b/0e32bb,288728,p14__vibrant_pratama_cached (204),COMPLETED,0,2026-10-07 11:51:18.872,582ms,84ms,7.2%,0,0,123.4 KB,2.1 KB
1308,4e/25d064,288809,p16__genomad_pratama_cached (205),COMPLETED,0,2026-10-07 11:51:18.986,782ms,93ms,12.9%,0,0,129.4 KB,2.1 KB
1312,03/0ac00e,288993,p16__genomad_pratama_cached (206),COMPLETED,0,2026-10-07 11:51:19.148,725ms,74ms,15.8%,0,0,129.4 KB,2.1 KB
1313,52/fcd14c,289079,p15__virsorter2_pratama_cached (201),COMPLETED,0,2026-10-07 11:51:19.232,701ms,67ms,13.3%,0,0,123.4 KB,2.1 KB
1310,18/d7e806,288898,p14__vibrant_pratama_cached (206),COMPLETED,0,2026-10-07 11:51:19.024,917ms,46ms,8.3%,0,0,123.4 KB,2.1 KB
1315,e4/447ad2,289217,p15__virsorter2_pratama_cached (203),COMPLETED,0,2026-10-07 11:51:19.364,685ms,120ms,9.7%,0,0,123.4 KB,2.1 KB
1314,3a/8098fd,289172,p15__virsorter2_pratama_cached (202),COMPLETED,0,2026-10-07 11:51:19.265,855ms,99ms,5.3%,0,0,123.4 KB,2.1 KB
1317,90/e644f0,289414,p16__genomad_pratama_cached (207),COMPLETED,0,2026-10-07 11:51:19.454,763ms,63ms,18.0%,0,0,129.4 KB,2.1 KB
1320,28/2c6c22,289435,p14__vibrant_pratama_cached (207),COMPLETED,0,2026-10-07 11:51:19.475,816ms,50ms,8.8%,0,0,123.4 KB,2.1 KB
1321,b7/5cb3ec,289628,p14__vibrant_pratama_cached (208),COMPLETED,0,2026-10-07 11:51:19.787,601ms,44ms,17.0%,0,0,123.4 KB,2.1 KB
1322,07/03c233,289754,p15__virsorter2_pratama_cached (204),COMPLETED,0,2026-10-07 11:51:19.879,572ms,26ms,12.0%,0,0,123.4 KB,2.1 KB
1324,10/c84165,289985,p15__virsorter2_pratama_cached (205),COMPLETED,0,2026-10-07 11:51:19.978,593ms,61ms,8.5%,0,0,123.4 KB,2.1 KB
1323,95/6bf649,289872,p16__genomad_pratama_cached (208),COMPLETED,0,2026-10-07 11:51:19.940,829ms,70ms,14.9%,0,0,129.4 KB,2.1 KB
1327,c4/a32a61,290082,p16__genomad_pratama_cached (209),COMPLETED,0,2026-10-07 11:51:20.055,721ms,73ms,8.0%,0,0,129.4 KB,2.1 KB
1328,a1/8da98a,290187,p14__vibrant_pratama_cached (209),COMPLETED,0,2026-10-07 11:51:20.127,818ms,80ms,13.9%,0,0,123.4 KB,2.1 KB
1331,5f/bd732a,290387,p16__genomad_pratama_cached (210),COMPLETED,0,2026-10-07 11:51:20.402,589ms,88ms,5.0%,0,0,129.4 KB,2.1 KB
1330,53/eba0cf,290290,p15__virsorter2_pratama_cached (206),COMPLETED,0,2026-10-07 11:51:20.297,723ms,92ms,14.3%,0,0,123.4 KB,2.1 KB
1333,5e/0f97ba,290437,p15__virsorter2_pratama_cached (207),COMPLETED,0,2026-10-07 11:51:20.457,634ms,119ms,10.8%,0,0,123.4 KB,2.1 KB
1329,3a/41bfef,290224,p14__vibrant_pratama_cached (210),COMPLETED,0,2026-10-07 11:51:20.222,840ms,106ms,12.8%,0,0,123.4 KB,2.1 KB
1334,4d/eb88b8,290581,p16__genomad_pratama_cached (211),COMPLETED,0,2026-10-07 11:51:20.577,625ms,63ms,15.8%,0,0,129.4 KB,2.1 KB
1335,51/f2403e,290844,p14__vibrant_pratama_cached (211),COMPLETED,0,2026-10-07 11:51:20.776,618ms,66ms,16.5%,0,0,123.4 KB,2.1 KB
1338,18/e27a76,290894,p16__genomad_pratama_cached (212),COMPLETED,0,2026-10-07 11:51:20.803,800ms,49ms,16.8%,0,0,129.4 KB,2.1 KB
1339,8e/e9ba24,290991,p16__genomad_pratama_cached (213),COMPLETED,0,2026-10-07 11:51:20.969,747ms,107ms,10.1%,0,0,129.4 KB,2.1 KB
1340,30/6858a6,291044,p14__vibrant_pratama_cached (212),COMPLETED,0,2026-10-07 11:51:21.002,730ms,67ms,7.9%,0,0,123.4 KB,2.1 KB
1346,f1/aede14,291207,p14__vibrant_pratama_cached (214),COMPLETED,0,2026-10-07 11:51:21.097,758ms,120ms,9.3%,0,0,123.4 KB,2.1 KB
1341,65/1aa845,291157,p15__virsorter2_pratama_cached (208),COMPLETED,0,2026-10-07 11:51:21.026,917ms,129ms,4.8%,0,0,123.4 KB,2.1 KB
1342,fc/e376d6,291164,p14__vibrant_pratama_cached (213),COMPLETED,0,2026-10-07 11:51:21.069,917ms,90ms,5.7%,0,0,123.4 KB,2.1 KB
1347,b4/0b6c70,291346,p14__vibrant_pratama_cached (215),COMPLETED,0,2026-10-07 11:51:21.216,820ms,90ms,4.7%,0,0,123.4 KB,2.1 KB
1345,80/adb57d,291525,p15__virsorter2_pratama_cached (209),COMPLETED,0,2026-10-07 11:51:21.400,689ms,69ms,7.8%,0,0,123.4 KB,2.1 KB
1348,c8/0e5700,291886,p16__genomad_pratama_cached (214),COMPLETED,0,2026-10-07 11:51:21.723,553ms,123ms,5.3%,0,0,129.4 KB,2.1 KB
1350,cc/0baf09,291908,p15__virsorter2_pratama_cached (210),COMPLETED,0,2026-10-07 11:51:21.738,663ms,110ms,7.2%,0,0,123.4 KB,2.1 KB
1349,e0/83e7fc,291701,p16__genomad_pratama_cached (215),COMPLETED,0,2026-10-07 11:51:21.609,704ms,43ms,31.2%,0,0,129.4 KB,2.1 KB
1352,22/a3dcf8,292015,p16__genomad_pratama_cached (216),COMPLETED,0,2026-10-07 11:51:21.861,705ms,44ms,21.3%,0,0,129.4 KB,2.1 KB
1356,75/c84924,292225,p15__virsorter2_pratama_cached (211),COMPLETED,0,2026-10-07 11:51:21.990,663ms,15ms,28.5%,0,0,123.4 KB,2.1 KB
1358,be/6fd4c7,292312,p16__genomad_pratama_cached (217),COMPLETED,0,2026-10-07 11:51:22.095,699ms,89ms,13.8%,0,0,129.4 KB,2.1 KB
1353,43/157150,292214,p14__vibrant_pratama_cached (216),COMPLETED,0,2026-10-07 11:51:21.950,964ms,105ms,5.9%,0,0,123.4 KB,2.1 KB
1357,eb/f55efb,292266,p14__vibrant_pratama_cached (217),COMPLETED,0,2026-10-07 11:51:22.041,918ms,89ms,6.1%,0,0,123.4 KB,2.1 KB
1361,3e/3333df,292530,p14__vibrant_pratama_cached (218),COMPLETED,0,2026-10-07 11:51:22.284,729ms,75ms,6.2%,0,0,123.4 KB,2.1 KB
1362,f8/bf2394,292619,p16__genomad_pratama_cached (218),COMPLETED,0,2026-10-07 11:51:22.319,829ms,119ms,12.4%,0,0,129.4 KB,2.1 KB
1363,8c/1ed88a,292780,p16__genomad_pratama_cached (219),COMPLETED,0,2026-10-07 11:51:22.418,821ms,83ms,14.3%,0,0,129.4 KB,2.1 KB
1365,f6/e81c3a,292965,p15__virsorter2_pratama_cached (213),COMPLETED,0,2026-10-07 11:51:22.659,727ms,116ms,11.9%,0,0,123.4 KB,2.1 KB
1364,23/8c3114,292898,p15__virsorter2_pratama_cached (212),COMPLETED,0,2026-10-07 11:51:22.572,820ms,49ms,15.8%,0,0,123.4 KB,2.1 KB
1366,26/8960b8,293061,p14__vibrant_pratama_cached (219),COMPLETED,0,2026-10-07 11:51:22.800,755ms,84ms,7.3%,0,0,123.4 KB,2.1 KB
1367,45/65d88a,293140,p14__vibrant_pratama_cached (220),COMPLETED,0,2026-10-07 11:51:22.922,784ms,59ms,18.7%,0,0,123.4 KB,2.1 KB
1369,1f/ec58aa,293190,p16__genomad_pratama_cached (220),COMPLETED,0,2026-10-07 11:51:22.967,778ms,129ms,4.6%,0,0,129.4 KB,2.1 KB
1372,8f/22242a,293360,p14__vibrant_pratama_cached (221),COMPLETED,0,2026-10-07 11:51:23.154,687ms,74ms,11.8%,0,0,123.4 KB,2.1 KB
1370,cb/a4a986,293296,p15__virsorter2_pratama_cached (214),COMPLETED,0,2026-10-07 11:51:23.019,922ms,87ms,13.6%,0,0,123.4 KB,2.1 KB
1373,6a/7bdbc1,293510,p14__vibrant_pratama_cached (222),COMPLETED,0,2026-10-07 11:51:23.244,789ms,86ms,6.9%,0,0,123.4 KB,2.1 KB
1374,8b/346fc1,293619,p16__genomad_pratama_cached (221),COMPLETED,0,2026-10-07 11:51:23.391,738ms,154ms,10.3%,0,0,129.4 KB,2.1 KB
1376,04/873a50,293807,p15__virsorter2_pratama_cached (215),COMPLETED,0,2026-10-07 11:51:23.561,592ms,43ms,19.6%,0,0,123.4 KB,2.1 KB
1375,a1/ab6778,293686,p16__genomad_pratama_cached (222),COMPLETED,0,2026-10-07 11:51:23.405,776ms,126ms,11.3%,0,0,129.4 KB,2.1 KB
1377,6f/fbb3a4,293959,p15__virsorter2_pratama_cached (216),COMPLETED,0,2026-10-07 11:51:23.713,668ms,75ms,6.7%,0,0,123.4 KB,2.1 KB
1381,cd/c0e625,294129,p14__vibrant_pratama_cached (223),COMPLETED,0,2026-10-07 11:51:23.848,589ms,73ms,8.2%,0,0,123.4 KB,2.1 KB
1380,96/97ade2,293991,p15__virsorter2_pratama_cached (217),COMPLETED,0,2026-10-07 11:51:23.754,803ms,33ms,13.7%,0,0,123.4 KB,2.1 KB
1384,e6/fa50cf,294383,p14__vibrant_pratama_cached (224),COMPLETED,0,2026-10-07 11:51:24.039,537ms,72ms,7.7%,0,0,123.4 KB,2.1 KB
1382,59/8c32c1,294265,p16__genomad_pratama_cached (223),COMPLETED,0,2026-10-07 11:51:23.948,808ms,101ms,7.0%,0,0,129.4 KB,2.1 KB
1385,87/3044a6,294464,p16__genomad_pratama_cached (224),COMPLETED,0,2026-10-07 11:51:24.135,724ms,139ms,9.1%,0,0,129.4 KB,2.1 KB
1386,c9/e686d7,294512,p15__virsorter2_pratama_cached (218),COMPLETED,0,2026-10-07 11:51:24.161,673ms,83ms,5.9%,0,0,123.4 KB,2.1 KB
1389,a2/d6a76e,294770,p16__genomad_pratama_cached (225),COMPLETED,0,2026-10-07 11:51:24.394,638ms,111ms,12.9%,0,0,129.4 KB,2.1 KB
1388,cd/3698c5,294731,p14__vibrant_pratama_cached (225),COMPLETED,0,2026-10-07 11:51:24.186,859ms,102ms,12.2%,0,0,123.4 KB,2.1 KB
1391,92/08d2a8,294840,p15__virsorter2_pratama_cached (219),COMPLETED,0,2026-10-07 11:51:24.442,724ms,110ms,12.7%,0,0,123.4 KB,2.1 KB
1392,87/169afd,295025,p14__vibrant_pratama_cached (226),COMPLETED,0,2026-10-07 11:51:24.563,741ms,56ms,17.1%,0,0,123.4 KB,2.1 KB
1393,3e/6e46be,295128,p16__genomad_pratama_cached (226),COMPLETED,0,2026-10-07 11:51:24.582,656ms,117ms,10.9%,0,0,129.4 KB,2.1 KB
1395,58/109219,295325,p15__virsorter2_pratama_cached (221),COMPLETED,0,2026-10-07 11:51:24.839,657ms,64ms,0.0%,0,0,123.4 KB,2.1 KB
1394,b0/a5b6cb,295285,p15__virsorter2_pratama_cached (220),COMPLETED,0,2026-10-07 11:51:24.765,829ms,50ms,8.6%,0,0,123.4 KB,2.1 KB
1398,96/0894f5,295444,p15__virsorter2_pratama_cached (222),COMPLETED,0,2026-10-07 11:51:24.875,829ms,22ms,27.0%,0,0,123.4 KB,2.1 KB
1399,a5/a3d40b,295458,p14__vibrant_pratama_cached (227),COMPLETED,0,2026-10-07 11:51:25.038,675ms,101ms,10.3%,0,0,123.4 KB,2.1 KB
1400,6d/4fab62,295534,p14__vibrant_pratama_cached (228),COMPLETED,0,2026-10-07 11:51:25.051,757ms,110ms,11.9%,0,0,123.4 KB,2.1 KB
1401,a1/a9dab9,295717,p16__genomad_pratama_cached (227),COMPLETED,0,2026-10-07 11:51:25.172,830ms,90ms,11.3%,0,0,129.4 KB,2.1 KB
1406,01/751fbd,296061,p15__virsorter2_pratama_cached (224),COMPLETED,0,2026-10-07 11:51:25.501,630ms,66ms,20.4%,0,0,123.4 KB,2.1 KB
1402,d4/cf6a5a,295812,p16__genomad_pratama_cached (228),COMPLETED,0,2026-10-07 11:51:25.245,820ms,81ms,12.5%,0,0,129.4 KB,2.1 KB
1404,74/bfec6e,295940,p15__virsorter2_pratama_cached (223),COMPLETED,0,2026-10-07 11:51:25.309,925ms,75ms,11.3%,0,0,123.4 KB,2.1 KB
1407,28/e85c61,296105,p16__genomad_pratama_cached (229),COMPLETED,0,2026-10-07 11:51:25.600,681ms,93ms,12.8%,0,0,129.4 KB,2.1 KB
1409,23/87c78f,296232,p14__vibrant_pratama_cached (229),COMPLETED,0,2026-10-07 11:51:25.713,680ms,88ms,13.2%,0,0,123.4 KB,2.1 KB
1413,d5/827881,296394,p14__vibrant_pratama_cached (230),COMPLETED,0,2026-10-07 11:51:25.814,585ms,84ms,12.4%,0,0,123.4 KB,2.1 KB
1411,5a/a8ae56,296320,p15__virsorter2_pratama_cached (225),COMPLETED,0,2026-10-07 11:51:25.722,832ms,72ms,11.2%,0,0,123.4 KB,2.1 KB
1412,58/17948b,296581,p16__genomad_pratama_cached (230),COMPLETED,0,2026-10-07 11:51:26.007,650ms,78ms,19.8%,0,0,129.4 KB,2.1 KB
1414,63/141668,296694,p14__vibrant_pratama_cached (231),COMPLETED,0,2026-10-07 11:51:26.070,653ms,73ms,17.3%,0,0,123.4 KB,2.1 KB
1419,87/b10397,296858,p14__vibrant_pratama_cached (232),COMPLETED,0,2026-10-07 11:51:26.242,603ms,89ms,12.0%,0,0,123.4 KB,2.1 KB
1418,72/d6b890,296789,p15__virsorter2_pratama_cached (226),COMPLETED,0,2026-10-07 11:51:26.137,768ms,73ms,12.0%,0,0,123.4 KB,2.1 KB
1421,18/abd215,296921,p15__virsorter2_pratama_cached (227),COMPLETED,0,2026-10-07 11:51:26.288,732ms,91ms,5.7%,0,0,123.4 KB,2.1 KB
1422,b8/74c40f,297144,p14__vibrant_pratama_cached (233),COMPLETED,0,2026-10-07 11:51:26.399,748ms,82ms,14.8%,0,0,123.4 KB,2.1 KB
1420,52/b12ba8,297156,p16__genomad_pratama_cached (231),COMPLETED,0,2026-10-07 11:51:26.461,885ms,132ms,8.8%,0,0,129.4 KB,2.1 KB
1427,c6/629e97,297420,p14__vibrant_pratama_cached (234),COMPLETED,0,2026-10-07 11:51:26.729,744ms,82ms,6.7%,0,0,123.4 KB,2.1 KB
1424,fe/463f92,297293,p16__genomad_pratama_cached (232),COMPLETED,0,2026-10-07 11:51:26.562,975ms,98ms,6.3%,0,0,129.4 KB,2.1 KB
1425,9f/654057,297308,p15__virsorter2_pratama_cached (228),COMPLETED,0,2026-10-07 11:51:26.663,817ms,79ms,10.7%,0,0,123.4 KB,2.1 KB
1428,33/cfa4f3,297548,p16__genomad_pratama_cached (233),COMPLETED,0,2026-10-07 11:51:26.851,801ms,93ms,9.8%,0,0,129.4 KB,2.1 KB
1430,46/ba14ee,297629,p15__virsorter2_pratama_cached (229),COMPLETED,0,2026-10-07 11:51:26.911,825ms,69ms,11.8%,0,0,123.4 KB,2.1 KB
1433,09/ba5de3,297878,p16__genomad_pratama_cached (234),COMPLETED,0,2026-10-07 11:51:27.152,645ms,40ms,20.6%,0,0,129.4 KB,2.1 KB
1431,03/4f7389,297752,p14__vibrant_pratama_cached (235),COMPLETED,0,2026-10-07 11:51:27.029,746ms,66ms,7.9%,0,0,123.4 KB,2.1 KB
1434,08/6d15b9,298106,p15__virsorter2_pratama_cached (230),COMPLETED,0,2026-10-07 11:51:27.354,543ms,55ms,30.3%,0,0,123.4 KB,2.1 KB
1436,12/e9e74d,298277,p16__genomad_pratama_cached (235),COMPLETED,0,2026-10-07 11:51:27.480,512ms,89ms,6.8%,0,0,129.4 KB,2.1 KB
1435,b1/ad79db,298296,p15__virsorter2_pratama_cached (231),COMPLETED,0,2026-10-07 11:51:27.511,515ms,56ms,14.5%,0,0,123.4 KB,2.1 KB
1438,e8/034a40,298444,p14__vibrant_pratama_cached (236),COMPLETED,0,2026-10-07 11:51:27.543,680ms,43ms,14.1%,0,0,123.4 KB,2.1 KB
1439,9d/56dc49,298523,p14__vibrant_pratama_cached (237),COMPLETED,0,2026-10-07 11:51:27.657,709ms,101ms,5.8%,0,0,123.4 KB,2.1 KB
1442,cf/6f1332,298682,p16__genomad_pratama_cached (236),COMPLETED,0,2026-10-07 11:51:27.742,741ms,89ms,12.4%,0,0,129.4 KB,2.1 KB
1443,de/5fe274,298771,p16__genomad_pratama_cached (237),COMPLETED,0,2026-10-07 11:51:27.803,842ms,127ms,9.6%,0,0,129.4 KB,2.1 KB
1445,67/b04448,298932,p14__vibrant_pratama_cached (239),COMPLETED,0,2026-10-07 11:51:27.998,784ms,136ms,9.1%,0,0,123.4 KB,2.1 KB
1441,eb/d78dd7,298720,p15__virsorter2_pratama_cached (232),COMPLETED,0,2026-10-07 11:51:27.780,932ms,108ms,9.7%,0,0,123.4 KB,2.1 KB
1444,d4/e4220d,298849,p14__vibrant_pratama_cached (238),COMPLETED,0,2026-10-07 11:51:27.903,898ms,107ms,6.5%,0,0,123.4 KB,2.1 KB
1446,ee/c3ac44,299072,p15__virsorter2_pratama_cached (233),COMPLETED,0,2026-10-07 11:51:28.032,971ms,68ms,15.2%,0,0,123.4 KB,2.1 KB
1450,27/524e10,299293,p15__virsorter2_pratama_cached (234),COMPLETED,0,2026-10-07 11:51:28.371,741ms,111ms,10.8%,0,0,123.4 KB,2.1 KB
1447,e0/a740fa,299169,p16__genomad_pratama_cached (238),COMPLETED,0,2026-10-07 11:51:28.229,781ms,14ms,38.4%,0,0,129.4 KB,2.1 KB
1451,4d/b1fb63,299469,p16__genomad_pratama_cached (239),COMPLETED,0,2026-10-07 11:51:28.488,809ms,90ms,14.2%,0,0,129.4 KB,2.1 KB
1453,dd/47f332,299676,p15__virsorter2_pratama_cached (235),COMPLETED,0,2026-10-07 11:51:28.656,703ms,39ms,13.0%,0,0,123.4 KB,2.1 KB
1452,db/60e3a7,299705,p14__vibrant_pratama_cached (240),COMPLETED,0,2026-10-07 11:51:28.717,661ms,64ms,16.7%,0,0,123.4 KB,2.1 KB
1457,dc/dadc5b,299732,p14__vibrant_pratama_cached (241),COMPLETED,0,2026-10-07 11:51:28.788,765ms,122ms,9.7%,0,0,123.4 KB,2.1 KB
1456,cd/f3e5c8,299807,p16__genomad_pratama_cached (240),COMPLETED,0,2026-10-07 11:51:28.809,827ms,92ms,11.2%,0,0,129.4 KB,2.1 KB
1459,26/ec83ec,299973,p16__genomad_pratama_cached (241),COMPLETED,0,2026-10-07 11:51:29.010,830ms,93ms,10.7%,0,0,129.4 KB,2.1 KB
1458,0a/e4c8be,300002,p15__virsorter2_pratama_cached (236),COMPLETED,0,2026-10-07 11:51:29.078,794ms,139ms,12.9%,0,0,123.4 KB,2.1 KB
1464,e9/60944a,300321,p16__genomad_pratama_cached (242),COMPLETED,0,2026-10-07 11:51:29.365,651ms,96ms,14.8%,0,0,129.4 KB,2.1 KB
1461,37/f0e97a,300200,p14__vibrant_pratama_cached (242),COMPLETED,0,2026-10-07 11:51:29.118,933ms,83ms,12.0%,0,0,123.4 KB,2.1 KB
1465,e7/a7f25f,300371,p14__vibrant_pratama_cached (243),COMPLETED,0,2026-10-07 11:51:29.386,787ms,116ms,9.9%,0,0,123.4 KB,2.1 KB
1463,85/530dd6,300232,p15__virsorter2_pratama_cached (237),COMPLETED,0,2026-10-07 11:51:29.305,938ms,125ms,8.3%,0,0,123.4 KB,2.1 KB
1466,60/578c21,300551,p16__genomad_pratama_cached (243),COMPLETED,0,2026-10-07 11:51:29.559,715ms,97ms,5.2%,0,0,129.4 KB,2.1 KB
1472,08/6aa55a,300854,p14__vibrant_pratama_cached (245),COMPLETED,0,2026-10-07 11:51:29.880,646ms,54ms,14.9%,0,0,123.4 KB,2.1 KB
1470,d4/a0d418,300658,p15__virsorter2_pratama_cached (239),COMPLETED,0,2026-10-07 11:51:29.642,875ms,126ms,10.3%,0,0,123.4 KB,2.1 KB
1469,00/61a283,300842,p15__virsorter2_pratama_cached (238),COMPLETED,0,2026-10-07 11:51:29.850,811ms,166ms,3.8%,0,0,123.4 KB,2.1 KB
1471,97/0e139d,301040,p14__vibrant_pratama_cached (244),COMPLETED,0,2026-10-07 11:51:30.025,734ms,84ms,8.0%,0,0,123.4 KB,2.1 KB
1473,cc/983d21,301123,p16__genomad_pratama_cached (244),COMPLETED,0,2026-10-07 11:51:30.057,835ms,85ms,9.7%,0,0,129.4 KB,2.1 KB
1474,cc/8ce783,301167,p15__virsorter2_pratama_cached (240),COMPLETED,0,2026-10-07 11:51:30.181,700ms,101ms,14.1%,0,0,123.4 KB,2.1 KB
1475,91/f2c097,301300,p15__virsorter2_pratama_cached (241),COMPLETED,0,2026-10-07 11:51:30.266,813ms,88ms,7.5%,0,0,123.4 KB,2.1 KB
1476,57/2e5bd0,301309,p14__vibrant_pratama_cached (246),COMPLETED,0,2026-10-07 11:51:30.285,806ms,97ms,10.9%,0,0,123.4 KB,2.1 KB
1481,b5/239c09,301748,p14__vibrant_pratama_cached (247),COMPLETED,0,2026-10-07 11:51:30.670,576ms,118ms,9.4%,0,0,123.4 KB,2.1 KB
1477,8d/52abec,301605,p16__genomad_pratama_cached (245),COMPLETED,0,2026-10-07 11:51:30.525,765ms,84ms,14.6%,0,0,129.4 KB,2.1 KB
1480,63/6d1beb,301687,p16__genomad_pratama_cached (246),COMPLETED,0,2026-10-07 11:51:30.543,928ms,80ms,14.8%,0,0,129.4 KB,2.1 KB
1482,b3/878ea0,301858,p15__virsorter2_pratama_cached (242),COMPLETED,0,2026-10-07 11:51:30.767,792ms,103ms,8.6%,0,0,123.4 KB,2.1 KB
1484,8c/13d626,301985,p14__vibrant_pratama_cached (248),COMPLETED,0,2026-10-07 11:51:30.890,778ms,100ms,6.1%,0,0,123.4 KB,2.1 KB
1485,41/fb8658,302223,p15__virsorter2_pratama_cached (243),COMPLETED,0,2026-10-07 11:51:31.086,620ms,52ms,21.1%,0,0,123.4 KB,2.1 KB
1486,3f/728ee9,302147,p16__genomad_pratama_cached (247),COMPLETED,0,2026-10-07 11:51:30.901,910ms,88ms,6.0%,0,0,129.4 KB,2.1 KB
1487,5a/512e19,302285,p15__virsorter2_pratama_cached (244),COMPLETED,0,2026-10-07 11:51:31.158,802ms,109ms,10.9%,0,0,123.4 KB,2.1 KB
1492,31/f77fa2,302498,p15__virsorter2_pratama_cached (245),COMPLETED,0,2026-10-07 11:51:31.302,789ms,57ms,17.0%,0,0,123.4 KB,2.1 KB
1490,63/ddca96,302458,p14__vibrant_pratama_cached (249),COMPLETED,0,2026-10-07 11:51:31.288,828ms,70ms,6.8%,0,0,123.4 KB,2.1 KB
1493,5b/840a2b,302554,p16__genomad_pratama_cached (248),COMPLETED,0,2026-10-07 11:51:31.477,761ms,95ms,7.1%,0,0,129.4 KB,2.1 KB
1494,29/285c66,302649,p14__vibrant_pratama_cached (250),COMPLETED,0,2026-10-07 11:51:31.565,734ms,84ms,6.1%,0,0,123.4 KB,2.1 KB
1497,1a/8bfbbe,302904,p14__vibrant_pratama_cached (251),COMPLETED,0,2026-10-07 11:51:31.714,676ms,79ms,0.0%,0,0,123.4 KB,2.1 KB
1495,e2/7e5688,302816,p15__virsorter2_pratama_cached (246),COMPLETED,0,2026-10-07 11:51:31.676,825ms,99ms,11.7%,0,0,123.4 KB,2.1 KB
1498,46/be8682,302991,p16__genomad_pratama_cached (249),COMPLETED,0,2026-10-07 11:51:31.819,739ms,104ms,9.5%,0,0,129.4 KB,2.1 KB
1499,48/92afa4,303125,p14__vibrant_pratama_cached (252),COMPLETED,0,2026-10-07 11:51:31.977,897ms,59ms,14.8%,0,0,123.4 KB,2.1 KB
1501,60/289c4f,303312,p15__virsorter2_pratama_cached (247),COMPLETED,0,2026-10-07 11:51:32.103,839ms,77ms,6.8%,0,0,123.4 KB,2.1 KB
1504,fe/de6e94,303496,p16__genomad_pratama_cached (251),COMPLETED,0,2026-10-07 11:51:32.311,754ms,180ms,7.6%,0,0,129.4 KB,2.1 KB
1502,2f/f7816a,303358,p15__virsorter2_pratama_cached (248),COMPLETED,0,2026-10-07 11:51:32.126,989ms,66ms,15.3%,0,0,123.4 KB,2.1 KB
1503,44/5cc725,303447,p16__genomad_pratama_cached (250),COMPLETED,0,2026-10-07 11:51:32.248,917ms,163ms,3.6%,0,0,129.4 KB,2.1 KB
1506,7e/065081,303595,p14__vibrant_pratama_cached (253),COMPLETED,0,2026-10-07 11:51:32.398,921ms,97ms,14.4%,0,0,123.4 KB,2.1 KB
1507,ed/d95db3,303746,p15__virsorter2_pratama_cached (249),COMPLETED,0,2026-10-07 11:51:32.509,985ms,73ms,14.6%,0,0,123.4 KB,2.1 KB
1508,d2/8da160,303834,p14__vibrant_pratama_cached (254),COMPLETED,0,2026-10-07 11:51:32.566,1.1s,174ms,7.6%,0,0,123.4 KB,2.1 KB
1511,1c/af840c,304106,p14__vibrant_pratama_cached (255),COMPLETED,0,2026-10-07 11:51:32.950,916ms,94ms,0.0%,0,0,123.4 KB,2.1 KB
1510,7f/7472f2,304060,p16__genomad_pratama_cached (252),COMPLETED,0,2026-10-07 11:51:32.882,963ms,69ms,11.8%,0,0,129.4 KB,2.1 KB
1513,33/dc1542,304176,p15__virsorter2_pratama_cached (250),COMPLETED,0,2026-10-07 11:51:33.082,798ms,98ms,9.9%,0,0,123.4 KB,2.1 KB
1514,23/6040b8,304311,p14__vibrant_pratama_cached (256),COMPLETED,0,2026-10-07 11:51:33.127,973ms,124ms,11.8%,0,0,123.4 KB,2.1 KB
1516,9c/8dda71,304397,p16__genomad_pratama_cached (253),COMPLETED,0,2026-10-07 11:51:33.173,1.1s,83ms,13.0%,0,0,129.4 KB,2.1 KB
1517,b6/4235e8,304653,p16__genomad_pratama_cached (254),COMPLETED,0,2026-10-07 11:51:33.505,929ms,83ms,13.5%,0,0,129.4 KB,2.1 KB
1515,e2/35bc27,304497,p14__vibrant_pratama_cached (257),COMPLETED,0,2026-10-07 11:51:33.329,1.1s,105ms,12.4%,0,0,123.4 KB,2.1 KB
1518,a2/a7fc36,304745,p15__virsorter2_pratama_cached (251),COMPLETED,0,2026-10-07 11:51:33.648,931ms,106ms,11.9%,0,0,123.4 KB,2.1 KB
1521,68/58624a,304914,p14__vibrant_pratama_cached (258),COMPLETED,0,2026-10-07 11:51:33.856,905ms,92ms,10.9%,0,0,123.4 KB,2.1 KB
1524,ba/7b1e9a,304983,p16__genomad_pratama_cached (255),COMPLETED,0,2026-10-07 11:51:33.886,1.1s,156ms,6.9%,0,0,129.4 KB,2.1 KB
1522,0a/6ffd6c,304975,p15__virsorter2_pratama_cached (252),COMPLETED,0,2026-10-07 11:51:33.874,1s,123ms,0.0%,0,0,123.4 KB,2.1 KB
1525,6b/eb8826,305125,p14__vibrant_pratama_cached (259),COMPLETED,0,2026-10-07 11:51:34.108,1s,139ms,11.2%,0,0,123.4 KB,2.1 KB
1530,ea/455588,305560,p14__vibrant_pratama_cached (261),COMPLETED,0,2026-10-07 11:51:34.585,733ms,113ms,9.4%,0,0,123.4 KB,2.1 KB
1526,c7/cd65d7,305245,p16__genomad_pratama_cached (256),COMPLETED,0,2026-10-07 11:51:34.236,1.2s,105ms,11.7%,0,0,129.4 KB,2.1 KB
1527,28/4f7e74,305443,p15__virsorter2_pratama_cached (253),COMPLETED,0,2026-10-07 11:51:34.440,909ms,94ms,15.3%,0,0,123.4 KB,2.1 KB
1528,2a/8cbc05,305458,p14__vibrant_pratama_cached (260),COMPLETED,0,2026-10-07 11:51:34.543,1.1s,102ms,9.0%,0,0,123.4 KB,2.1 KB
1531,c0/4cf621,305695,p16__genomad_pratama_cached (257),COMPLETED,0,2026-10-07 11:51:34.769,940ms,65ms,14.0%,0,0,129.4 KB,2.1 KB
1535,db/53b253,306009,p16__genomad_pratama_cached (258),COMPLETED,0,2026-10-07 11:51:35.118,900ms,75ms,10.9%,0,0,129.4 KB,2.1 KB
1533,a5/00e76a,305820,p15__virsorter2_pratama_cached (254),COMPLETED,0,2026-10-07 11:51:34.921,1.2s,106ms,10.0%,0,0,123.4 KB,2.1 KB
1534,a5/1ad8eb,305892,p15__virsorter2_pratama_cached (255),COMPLETED,0,2026-10-07 11:51:34.981,1.2s,108ms,9.5%,0,0,123.4 KB,2.1 KB
1537,54/19eae4,306204,p14__vibrant_pratama_cached (262),COMPLETED,0,2026-10-07 11:51:35.355,917ms,42ms,0.0%,0,0,123.4 KB,2.1 KB
1538,bc/bb3b71,306323,p14__vibrant_pratama_cached (263),COMPLETED,0,2026-10-07 11:51:35.422,883ms,124ms,9.1%,0,0,123.4 KB,2.1 KB
1536,86/859da5,306183,p16__genomad_pratama_cached (259),COMPLETED,0,2026-10-07 11:51:35.324,1s,151ms,6.3%,0,0,129.4 KB,2.1 KB
1542,60/a001a7,306493,p15__virsorter2_pratama_cached (256),COMPLETED,0,2026-10-07 11:51:35.717,827ms,120ms,11.8%,0,0,123.4 KB,2.1 KB
1540,f4/98d4cf,306417,p16__genomad_pratama_cached (260),COMPLETED,0,2026-10-07 11:51:35.643,886ms,157ms,7.6%,0,0,129.4 KB,2.1 KB
1545,dc/07ef33,306826,p16__genomad_pratama_cached (261),COMPLETED,0,2026-10-07 11:51:36.090,762ms,90ms,14.0%,0,0,129.4 KB,2.1 KB
1543,80/e00b5d,306754,p14__vibrant_pratama_cached (264),COMPLETED,0,2026-10-07 11:51:36.026,1s,104ms,9.6%,0,0,123.4 KB,2.1 KB
1548,dc/2f9f76,306936,p14__vibrant_pratama_cached (265),COMPLETED,0,2026-10-07 11:51:36.280,894ms,114ms,9.9%,0,0,123.4 KB,2.1 KB
1549,65/a81de3,306950,p14__vibrant_pratama_cached (266),COMPLETED,0,2026-10-07 11:51:36.312,977ms,123ms,8.6%,0,0,123.4 KB,2.1 KB
1546,e3/ef5f8e,306848,p15__virsorter2_pratama_cached (257),COMPLETED,0,2026-10-07 11:51:36.168,1.1s,108ms,9.9%,0,0,123.4 KB,2.1 KB
1550,6b/8780af,307061,p16__genomad_pratama_cached (262),COMPLETED,0,2026-10-07 11:51:36.377,1.1s,136ms,7.7%,0,0,129.4 KB,2.1 KB
1551,59/f083de,307220,p16__genomad_pratama_cached (263),COMPLETED,0,2026-10-07 11:51:36.535,946ms,90ms,10.0%,0,0,129.4 KB,2.1 KB
1552,bf/ddff35,307317,p15__virsorter2_pratama_cached (258),COMPLETED,0,2026-10-07 11:51:36.551,982ms,119ms,10.9%,0,0,123.4 KB,2.1 KB
1557,51/bd5fe1,307648,p14__vibrant_pratama_cached (267),COMPLETED,0,2026-10-07 11:51:37.057,553ms,64ms,11.0%,0,0,123.4 KB,2.1 KB
1556,12/7f329b,307467,p15__virsorter2_pratama_cached (259),COMPLETED,0,2026-10-07 11:51:36.859,776ms,89ms,5.8%,0,0,123.4 KB,2.1 KB
1558,99/4bd25e,307814,p14__vibrant_pratama_cached (268),COMPLETED,0,2026-10-07 11:51:37.181,682ms,96ms,15.2%,0,0,123.4 KB,2.1 KB
1559,c1/eec866,307940,p16__genomad_pratama_cached (264),COMPLETED,0,2026-10-07 11:51:37.247,768ms,103ms,12.2%,0,0,129.4 KB,2.1 KB
1562,9b/628e0b,308039,p16__genomad_pratama_cached (265),COMPLETED,0,2026-10-07 11:51:37.459,631ms,145ms,4.6%,0,0,129.4 KB,2.1 KB
1560,78/fcbf93,308017,p15__virsorter2_pratama_cached (260),COMPLETED,0,2026-10-07 11:51:37.296,885ms,115ms,10.8%,0,0,123.4 KB,2.1 KB
1563,4a/0214f1,308095,p15__virsorter2_pratama_cached (261),COMPLETED,0,2026-10-07 11:51:37.489,800ms,119ms,9.6%,0,0,123.4 KB,2.1 KB
1564,b4/57e273,308149,p14__vibrant_pratama_cached (269),COMPLETED,0,2026-10-07 11:51:37.545,770ms,130ms,8.1%,0,0,123.4 KB,2.1 KB
1566,33/e56385,308262,p16__genomad_pratama_cached (266),COMPLETED,0,2026-10-07 11:51:37.617,778ms,95ms,9.1%,0,0,129.4 KB,2.1 KB
1568,11/8dfcb5,308356,p14__vibrant_pratama_cached (270),COMPLETED,0,2026-10-07 11:51:37.642,884ms,137ms,9.5%,0,0,123.4 KB,2.1 KB
1572,98/2610ff,308746,p15__virsorter2_pratama_cached (263),COMPLETED,0,2026-10-07 11:51:38.100,490ms,63ms,15.8%,0,0,123.4 KB,2.1 KB
1570,58/031501,308537,p15__virsorter2_pratama_cached (262),COMPLETED,0,2026-10-07 11:51:37.877,773ms,74ms,6.1%,0,0,123.4 KB,2.1 KB
1571,bb/481dc1,308657,p16__genomad_pratama_cached (267),COMPLETED,0,2026-10-07 11:51:38.022,605ms,85ms,6.2%,0,0,129.4 KB,2.1 KB
1574,71/460f51,308864,p16__genomad_pratama_cached (268),COMPLETED,0,2026-10-07 11:51:38.188,628ms,65ms,7.8%,0,0,129.4 KB,2.1 KB
1576,bc/08bb86,309080,p14__vibrant_pratama_cached (272),COMPLETED,0,2026-10-07 11:51:38.323,711ms,66ms,13.8%,0,0,123.4 KB,2.1 KB
1575,2f/85118f,309055,p14__vibrant_pratama_cached (271),COMPLETED,0,2026-10-07 11:51:38.297,729ms,56ms,9.9%,0,0,123.4 KB,2.1 KB
1577,fd/ee1d79,309162,p15__virsorter2_pratama_cached (264),COMPLETED,0,2026-10-07 11:51:38.405,731ms,60ms,7.5%,0,0,123.4 KB,2.1 KB
1582,4c/b1fcd6,309403,p14__vibrant_pratama_cached (273),COMPLETED,0,2026-10-07 11:51:38.597,631ms,51ms,15.8%,0,0,123.4 KB,2.1 KB
1578,1c/04151a,309317,p16__genomad_pratama_cached (269),COMPLETED,0,2026-10-07 11:51:38.534,653ms,86ms,6.9%,0,0,129.4 KB,2.1 KB
1585,13/d178f1,309621,p16__genomad_pratama_cached (271),COMPLETED,0,2026-10-07 11:51:38.657,755ms,78ms,13.1%,0,0,129.4 KB,2.1 KB
1583,87/227d38,309494,p15__virsorter2_pratama_cached (265),COMPLETED,0,2026-10-07 11:51:38.634,803ms,79ms,13.0%,0,0,123.4 KB,2.1 KB
1586,e9/694a21,309692,p14__vibrant_pratama_cached (274),COMPLETED,0,2026-10-07 11:51:38.827,683ms,37ms,9.0%,0,0,123.4 KB,2.1 KB
1579,ff/ac8d21,309897,p16__genomad_pratama_cached (270),COMPLETED,0,2026-10-07 11:51:39.033,643ms,70ms,9.8%,0,0,129.4 KB,2.1 KB
1588,1a/9c27f6,309963,p15__virsorter2_pratama_cached (266),COMPLETED,0,2026-10-07 11:51:39.071,631ms,52ms,19.4%,0,0,123.4 KB,2.1 KB
1589,cb/c21df4,310078,p16__genomad_pratama_cached (272),COMPLETED,0,2026-10-07 11:51:39.151,751ms,120ms,10.6%,0,0,129.4 KB,2.1 KB
1591,f8/ad6dc0,310091,p14__vibrant_pratama_cached (275),COMPLETED,0,2026-10-07 11:51:39.196,733ms,123ms,10.2%,0,0,123.4 KB,2.1 KB
1593,cd/fb22cf,310341,p16__genomad_pratama_cached (273),COMPLETED,0,2026-10-07 11:51:39.419,585ms,122ms,4.7%,0,0,129.4 KB,2.1 KB
1592,24/8bc85f,310208,p15__virsorter2_pratama_cached (267),COMPLETED,0,2026-10-07 11:51:39.236,881ms,111ms,5.8%,0,0,123.4 KB,2.1 KB
1595,92/daf01a,310464,p15__virsorter2_pratama_cached (268),COMPLETED,0,2026-10-07 11:51:39.519,681ms,97ms,10.1%,0,0,123.4 KB,2.1 KB
1594,c6/4f24b4,310371,p14__vibrant_pratama_cached (276),COMPLETED,0,2026-10-07 11:51:39.443,839ms,89ms,10.4%,0,0,123.4 KB,2.1 KB
1596,8d/6245b8,310621,p16__genomad_pratama_cached (274),COMPLETED,0,2026-10-07 11:51:39.683,754ms,169ms,9.6%,0,0,129.4 KB,2.1 KB
1597,7c/6f44b7,310733,p15__virsorter2_pratama_cached (269),COMPLETED,0,2026-10-07 11:51:39.710,755ms,112ms,14.2%,0,0,123.4 KB,2.1 KB
1598,29/c5ff2d,310906,p14__vibrant_pratama_cached (277),COMPLETED,0,2026-10-07 11:51:39.910,599ms,94ms,11.6%,0,0,123.4 KB,2.1 KB
1600,66/a3b6de,311012,p15__virsorter2_pratama_cached (270),COMPLETED,0,2026-10-07 11:51:40.023,654ms,87ms,6.8%,0,0,123.4 KB,2.1 KB
1599,1f/9fe4d0,310939,p16__genomad_pratama_cached (275),COMPLETED,0,2026-10-07 11:51:39.939,815ms,109ms,9.8%,0,0,129.4 KB,2.1 KB
1601,e6/80678b,311184,p14__vibrant_pratama_cached (278),COMPLETED,0,2026-10-07 11:51:40.158,765ms,84ms,12.6%,0,0,123.4 KB,2.1 KB
1603,1b/78889d,311323,p16__genomad_pratama_cached (277),COMPLETED,0,2026-10-07 11:51:40.302,679ms,122ms,12.2%,0,0,129.4 KB,2.1 KB
1602,00/d28b69,311253,p16__genomad_pratama_cached (276),COMPLETED,0,2026-10-07 11:51:40.211,950ms,106ms,10.8%,0,0,129.4 KB,2.1 KB
1606,67/4d5e43,311596,p15__virsorter2_pratama_cached (272),COMPLETED,0,2026-10-07 11:51:40.519,752ms,109ms,11.6%,0,0,123.4 KB,2.1 KB
1605,55/83d57b,311540,p15__virsorter2_pratama_cached (271),COMPLETED,0,2026-10-07 11:51:40.473,833ms,112ms,6.4%,0,0,123.4 KB,2.1 KB
1604,09/556c88,311460,p14__vibrant_pratama_cached (279),COMPLETED,0,2026-10-07 11:51:40.447,912ms,116ms,0.0%,0,0,123.4 KB,2.1 KB
1607,09/ef89d4,311742,p16__genomad_pratama_cached (278),COMPLETED,0,2026-10-07 11:51:40.685,834ms,178ms,8.3%,0,0,129.4 KB,2.1 KB
1608,c0/c6a2ad,311836,p14__vibrant_pratama_cached (280),COMPLETED,0,2026-10-07 11:51:40.761,782ms,79ms,12.7%,0,0,123.4 KB,2.1 KB
1609,c6/dc89fb,312021,p16__genomad_pratama_cached (279),COMPLETED,0,2026-10-07 11:51:40.936,661ms,65ms,19.6%,0,0,129.4 KB,2.1 KB
1611,5f/47a4b5,312112,p14__vibrant_pratama_cached (282),COMPLETED,0,2026-10-07 11:51:40.988,749ms,91ms,12.1%,0,0,123.4 KB,2.1 KB
1610,32/588446,312219,p14__vibrant_pratama_cached (281),COMPLETED,0,2026-10-07 11:51:41.168,692ms,62ms,14.7%,0,0,123.4 KB,2.1 KB
1612,bc/bff1f0,312385,p15__virsorter2_pratama_cached (273),COMPLETED,0,2026-10-07 11:51:41.279,794ms,82ms,13.8%,0,0,123.4 KB,2.1 KB
1613,18/ea4dee,312467,p16__genomad_pratama_cached (280),COMPLETED,0,2026-10-07 11:51:41.312,821ms,78ms,16.3%,0,0,129.4 KB,2.1 KB
1615,1c/1224e6,312634,p15__virsorter2_pratama_cached (275),COMPLETED,0,2026-10-07 11:51:41.526,802ms,46ms,17.3%,0,0,123.4 KB,2.1 KB
1617,b7/a831b0,312666,p16__genomad_pratama_cached (281),COMPLETED,0,2026-10-07 11:51:41.550,858ms,162ms,8.7%,0,0,129.4 KB,2.1 KB
1616,50/21d7e0,312730,p14__vibrant_pratama_cached (283),COMPLETED,0,2026-10-07 11:51:41.607,809ms,117ms,11.8%,0,0,123.4 KB,2.1 KB
1618,8d/aa6c0e,312857,p14__vibrant_pratama_cached (284),COMPLETED,0,2026-10-07 11:51:41.744,705ms,130ms,8.9%,0,0,123.4 KB,2.1 KB
1614,b5/95e115,312577,p15__virsorter2_pratama_cached (274),COMPLETED,0,2026-10-07 11:51:41.368,1.1s,62ms,8.2%,0,0,123.4 KB,2.1 KB
1619,e7/266335,313037,p14__vibrant_pratama_cached (285),COMPLETED,0,2026-10-07 11:51:41.867,657ms,60ms,14.2%,0,0,123.4 KB,2.1 KB
1621,4a/6ff06d,313300,p16__genomad_pratama_cached (282),COMPLETED,0,2026-10-07 11:51:42.141,411ms,112ms,6.7%,0,0,129.4 KB,2.1 KB
1620,03/d26215,313179,p15__virsorter2_pratama_cached (276),COMPLETED,0,2026-10-07 11:51:42.081,524ms,58ms,16.0%,0,0,123.4 KB,2.1 KB
1623,c5/37d14f,313578,p14__vibrant_pratama_cached (286),COMPLETED,0,2026-10-07 11:51:42.415,725ms,53ms,23.0%,0,0,123.4 KB,2.1 KB
1624,12/d8ec53,313594,p16__genomad_pratama_cached (283),COMPLETED,0,2026-10-07 11:51:42.431,749ms,135ms,8.9%,0,0,129.4 KB,2.1 KB
1622,9d/142a0b,313464,p15__virsorter2_pratama_cached (277),COMPLETED,0,2026-10-07 11:51:42.334,866ms,81ms,14.1%,0,0,123.4 KB,2.1 KB
1625,00/f46b2f,313637,p15__virsorter2_pratama_cached (278),COMPLETED,0,2026-10-07 11:51:42.454,781ms,118ms,10.0%,0,0,123.4 KB,2.1 KB
1628,2a/eafc74,313824,p15__virsorter2_pratama_cached (280),COMPLETED,0,2026-10-07 11:51:42.558,684ms,97ms,11.6%,0,0,123.4 KB,2.1 KB
1626,f3/2d0ea1,313680,p16__genomad_pratama_cached (284),COMPLETED,0,2026-10-07 11:51:42.493,911ms,191ms,3.6%,0,0,129.4 KB,2.1 KB
1627,a6/8de11d,313802,p15__virsorter2_pratama_cached (279),COMPLETED,0,2026-10-07 11:51:42.532,764ms,75ms,4.7%,0,0,123.4 KB,2.1 KB
1629,f5/a82b31,313954,p16__genomad_pratama_cached (285),COMPLETED,0,2026-10-07 11:51:42.612,840ms,61ms,14.0%,0,0,129.4 KB,2.1 KB
1632,d9/ac7b8c,314444,p15__virsorter2_pratama_cached (282),COMPLETED,0,2026-10-07 11:51:43.207,476ms,73ms,7.0%,0,0,123.4 KB,2.1 KB
1630,51/b0f6b4,314335,p16__genomad_pratama_cached (286),COMPLETED,0,2026-10-07 11:51:43.146,595ms,52ms,19.9%,0,0,129.4 KB,2.1 KB
1631,28/c7cc51,314412,p15__virsorter2_pratama_cached (281),COMPLETED,0,2026-10-07 11:51:43.188,639ms,33ms,23.0%,0,0,123.4 KB,2.1 KB
1634,36/178748,314576,p15__virsorter2_pratama_cached (284),COMPLETED,0,2026-10-07 11:51:43.250,589ms,82ms,12.7%,0,0,123.4 KB,2.1 KB
1633,9a/e83db8,314529,p15__virsorter2_pratama_cached (283),COMPLETED,0,2026-10-07 11:51:43.242,706ms,66ms,6.1%,0,0,123.4 KB,2.1 KB
1635,49/084c7a,314716,p15__virsorter2_pratama_cached (285),COMPLETED,0,2026-10-07 11:51:43.308,685ms,36ms,12.2%,0,0,123.4 KB,2.1 KB
1636,01/7661fb,314777,p15__virsorter2_pratama_cached (286),COMPLETED,0,2026-10-07 11:51:43.418,589ms,51ms,16.7%,0,0,123.4 KB,2.1 KB
448,dd/a2550f,63435251_13,p09__deepvirfinder_pratama (14),COMPLETED,0,2026-10-07 11:50:02.098,7m 31s,5m 16s,2.1%,188.5 MB,4.2 GB,211 MB,265.1 MB
493,03/56770c,63435251_15,p09__deepvirfinder_pratama (16),COMPLETED,0,2026-10-07 11:50:02.098,7m 31s,5m 15s,2.2%,185.9 MB,3.9 GB,211.2 MB,265.1 MB
501,51/a0218d,63435251_16,p09__deepvirfinder_pratama (18),COMPLETED,0,2026-10-07 11:50:02.098,8m 31s,6m 34s,1.7%,184.2 MB,3.9 GB,211.1 MB,265.1 MB
293,73/4e791a,63435251_5,p09__deepvirfinder_pratama (6),COMPLETED,0,2026-10-07 11:50:02.098,14m 25s,12m 30s,0.8%,189 MB,4.2 GB,237.3 MB,265.1 MB
729,67/af8d34,63435251_28,p09__deepvirfinder_pratama (29),COMPLETED,0,2026-10-07 11:50:02.098,14m 53s,12m 58s,0.7%,187.9 MB,4.2 GB,300.4 MB,265.1 MB
343,81/0efb6d,63435251_7,p09__deepvirfinder_pratama (8),COMPLETED,0,2026-10-07 11:50:02.098,15m 23s,13m 26s,0.8%,187.7 MB,4 GB,237.1 MB,265.1 MB
375,9c/d65d61,63435251_11,p09__deepvirfinder_pratama (12),COMPLETED,0,2026-10-07 11:50:02.098,15m 25s,13m 22s,0.8%,190.6 MB,4.2 GB,237.2 MB,265.1 MB
361,3c/d2f4c2,63435251_9,p09__deepvirfinder_pratama (10),COMPLETED,0,2026-10-07 11:50:02.098,18m 26s,16m 31s,0.7%,186.9 MB,3.9 GB,300.7 MB,265.1 MB
291,2e/bceb65,63435251_3,p09__deepvirfinder_pratama (4),COMPLETED,0,2026-10-07 11:50:02.098,18m 38s,16m 36s,0.8%,187.1 MB,3.8 GB,300.4 MB,265.1 MB
658,f2/02e767,63435254_55,p10__deepvirfinder_pratama (56),COMPLETED,0,2026-10-07 11:50:09.638,19m 19s,3m 52s,2.7%,187.7 MB,4 GB,213.8 MB,265.2 MB
427,a0/c1ceea,63435254_25,p10__deepvirfinder_pratama (26),COMPLETED,0,2026-10-07 11:50:09.638,21m 47s,10m 36s,0.9%,189.7 MB,3.9 GB,251.8 MB,265.2 MB
682,49/996cfb,63435254_59,p10__deepvirfinder_pratama (60),COMPLETED,0,2026-10-07 11:50:09.638,21m 47s,6m 15s,1.6%,185.7 MB,3.9 GB,206.6 MB,265.1 MB
642,aa/438e18,63435254_51,p10__deepvirfinder_pratama (52),COMPLETED,0,2026-10-07 11:50:09.638,23m 47s,8m 15s,1.5%,191.7 MB,4.2 GB,222.5 MB,265.1 MB
790,15/16d2d5,63435254_80,p10__deepvirfinder_pratama (81),COMPLETED,0,2026-10-07 11:50:09.638,24m 27s,8m 50s,1.0%,186.6 MB,3.9 GB,225.5 MB,265 MB
521,18/af1414,63435251_18,p09__deepvirfinder_pratama (19),COMPLETED,0,2026-10-07 11:50:02.098,25m 34s,23m 36s,0.5%,187.5 MB,4 GB,311.4 MB,265.1 MB
878,9a/eefebb,63435254_99,p10__deepvirfinder_pratama (100),COMPLETED,0,2026-10-07 11:50:09.638,28m 9s,7m 40s,1.3%,185.8 MB,3.8 GB,214 MB,265 MB
553,26/9c4f50,63435251_19,p09__deepvirfinder_pratama (20),COMPLETED,0,2026-10-07 11:50:02.098,29m 47s,27m 53s,0.4%,186.7 MB,3.9 GB,311.6 MB,265.1 MB
629,6f/dd46e9,63435251_24,p09__deepvirfinder_pratama (25),COMPLETED,0,2026-10-07 11:50:02.098,30m 4s,28m 1s,0.4%,185.9 MB,4.1 GB,400.4 MB,265.1 MB
666,98/d6933f,63435251_25,p09__deepvirfinder_pratama (26),COMPLETED,0,2026-10-07 11:50:02.098,31m 10s,29m 5s,0.4%,189.1 MB,4.1 GB,431.1 MB,265.1 MB
573,45/7eda76,63435251_20,p09__deepvirfinder_pratama (21),COMPLETED,0,2026-10-07 11:50:02.098,31m 17s,29m 17s,0.4%,184.8 MB,4.1 GB,431.1 MB,265.1 MB
603,ab/d8c58e,63435251_23,p09__deepvirfinder_pratama (24),COMPLETED,0,2026-10-07 11:50:02.098,34m 1s,31m 58s,0.3%,186.2 MB,3.9 GB,426.9 MB,265.2 MB
256,05/32d861,63435251_0,p09__deepvirfinder_pratama (1),COMPLETED,0,2026-10-07 11:50:02.098,34m 21s,32m 25s,0.4%,188.4 MB,4 GB,401.3 MB,265.1 MB
569,32/fc517f,63435254_41,p10__deepvirfinder_pratama (42),COMPLETED,0,2026-10-07 11:50:09.638,34m 34s,23m 40s,0.5%,189.1 MB,4.2 GB,298.4 MB,265.5 MB
283,7d/4d709f,63435251_2,p09__deepvirfinder_pratama (3),COMPLETED,0,2026-10-07 11:50:02.098,35m 13s,33m 19s,0.4%,185.8 MB,3.8 GB,430.8 MB,265.1 MB
332,82/4d64ea,63435254_10,p10__deepvirfinder_pratama (11),COMPLETED,0,2026-10-07 11:50:09.638,35m 6s,33m 10s,0.3%,187.6 MB,4 GB,391.8 MB,265.5 MB
728,b0/95d456,63435251_27,p09__deepvirfinder_pratama (28),COMPLETED,0,2026-10-07 11:50:02.098,35m 21s,33m 20s,0.4%,186.2 MB,3.9 GB,430.7 MB,265.2 MB
282,47/1158cc,63435251_1,p09__deepvirfinder_pratama (2),COMPLETED,0,2026-10-07 11:50:02.098,36m 1s,34m 6s,0.4%,185.4 MB,3.9 GB,400.4 MB,265 MB
351,e9/173ec4,63435251_8,p09__deepvirfinder_pratama (9),COMPLETED,0,2026-10-07 11:50:02.098,36m 31s,34m 30s,0.4%,186.4 MB,4 GB,430.7 MB,265.1 MB
596,00/c451e1,63435251_22,p09__deepvirfinder_pratama (23),COMPLETED,0,2026-10-07 11:50:02.098,36m 31s,34m 29s,0.4%,184.7 MB,3.9 GB,431 MB,265 MB
671,3a/ec8c10,63435251_26,p09__deepvirfinder_pratama (27),COMPLETED,0,2026-10-07 11:50:02.098,38m 51s,36m 57s,0.3%,188.1 MB,4.2 GB,427.9 MB,265.2 MB
597,8c/589b16,63435254_45,p10__deepvirfinder_pratama (46),COMPLETED,0,2026-10-07 11:50:09.638,39m 23s,28m 24s,0.4%,186.4 MB,3.9 GB,345.7 MB,265.4 MB
578,ca/3a92ec,63435251_21,p09__deepvirfinder_pratama (22),COMPLETED,0,2026-10-07 11:50:02.098,40m 44s,38m 43s,0.3%,186.8 MB,3.8 GB,427.3 MB,265.2 MB
278,e9/7e5931,63435254_0,p10__deepvirfinder_pratama (2),COMPLETED,0,2026-10-07 11:50:09.638,40m 47s,39m,0.3%,190 MB,4.1 GB,411.5 MB,265.7 MB
817,11/fd220f,63435254_86,p10__deepvirfinder_pratama (87),COMPLETED,0,2026-10-07 11:50:09.638,40m 47s,25m 18s,0.4%,189.8 MB,4.1 GB,366.7 MB,265.2 MB
280,43/12c161,63435254_3,p10__deepvirfinder_pratama (4),COMPLETED,0,2026-10-07 11:50:09.638,43m 7s,41m 11s,0.2%,183.9 MB,3.9 GB,437.3 MB,265.9 MB
699,44/4e5ccc,63435254_62,p10__deepvirfinder_pratama (63),COMPLETED,0,2026-10-07 11:50:09.638,44m 7s,28m 31s,0.4%,187 MB,4 GB,396.2 MB,266.3 MB
327,d6/34a222,63435254_9,p10__deepvirfinder_pratama (10),COMPLETED,0,2026-10-07 11:50:09.638,44m 47s,42m 50s,0.3%,186.1 MB,4.1 GB,457.2 MB,265.8 MB
711,69/320daf,63435254_65,p10__deepvirfinder_pratama (66),COMPLETED,0,2026-10-07 11:50:09.638,46m 50s,31m 18s,0.4%,184.9 MB,3.9 GB,368.2 MB,265.2 MB
402,d6/f2f549,63435254_19,p10__deepvirfinder_pratama (20),COMPLETED,0,2026-10-07 11:50:09.638,47m 10s,36m 10s,0.3%,189.8 MB,4.2 GB,396.4 MB,265.9 MB
461,9d/68e436,63435254_29,p10__deepvirfinder_pratama (30),COMPLETED,0,2026-10-07 11:50:09.638,47m 22s,36m 21s,0.3%,188.7 MB,4.1 GB,404 MB,266.3 MB
294,84/c09af2,63435254_4,p10__deepvirfinder_pratama (6),COMPLETED,0,2026-10-07 11:50:09.638,48m 23s,46m 33s,0.2%,186.4 MB,3.8 GB,412.6 MB,265.6 MB
316,43/35f637,63435254_6,p10__deepvirfinder_pratama (7),COMPLETED,0,2026-10-07 11:50:09.638,48m 30s,46m 41s,0.2%,189.6 MB,4.2 GB,455.8 MB,265.7 MB
322,c7/39ac4c,63435254_8,p10__deepvirfinder_pratama (9),COMPLETED,0,2026-10-07 11:50:09.638,49m 10s,47m 16s,0.2%,186.6 MB,4 GB,456.9 MB,265.7 MB
279,b2/210236,63435254_1,p10__deepvirfinder_pratama (3),COMPLETED,0,2026-10-07 11:50:09.638,49m 54s,48m 6s,0.2%,187.6 MB,4.2 GB,452.8 MB,265.9 MB
476,dd/aff4eb,63435254_33,p10__deepvirfinder_pratama (34),COMPLETED,0,2026-10-07 11:50:09.638,49m 54s,38m 59s,0.3%,189.5 MB,4.2 GB,422.6 MB,266.3 MB
696,d2/0fc8d4,63435254_61,p10__deepvirfinder_pratama (62),COMPLETED,0,2026-10-07 11:50:09.638,49m 54s,34m 24s,0.3%,189 MB,4 GB,462 MB,266.7 MB
419,b6/3f9cef,63435254_23,p10__deepvirfinder_pratama (24),COMPLETED,0,2026-10-07 11:50:09.638,50m 44s,39m 43s,0.3%,186.5 MB,3.9 GB,458.5 MB,265.8 MB
625,ac/7164b8,63435254_47,p10__deepvirfinder_pratama (48),COMPLETED,0,2026-10-07 11:50:09.638,50m 54s,39m 56s,0.3%,188.5 MB,4.2 GB,458.4 MB,265.3 MB
675,fc/effc95,63435254_58,p10__deepvirfinder_pratama (59),COMPLETED,0,2026-10-07 11:50:09.638,50m 54s,35m 20s,0.4%,185.1 MB,3.9 GB,462.3 MB,266.7 MB
538,55/b19973,63435254_37,p10__deepvirfinder_pratama (38),COMPLETED,0,2026-10-07 11:50:09.638,51m 14s,40m 14s,0.3%,188.2 MB,4.2 GB,407.7 MB,265.6 MB
627,4b/6b2ad6,63435254_48,p10__deepvirfinder_pratama (49),COMPLETED,0,2026-10-07 11:50:09.638,51m 24s,40m 32s,0.3%,188.1 MB,3.9 GB,458.9 MB,265.3 MB
321,97/29f89c,63435254_7,p10__deepvirfinder_pratama (8),COMPLETED,0,2026-10-07 11:50:09.638,51m 54s,50m 8s,0.2%,189.8 MB,4.2 GB,456.4 MB,265.7 MB
292,9b/ba5fba,63435251_4,p09__deepvirfinder_pratama (5),COMPLETED,0,2026-10-07 11:50:02.098,52m 22s,50m 22s,0.2%,189.7 MB,4.2 GB,434 MB,265.2 MB
436,86/4d3db7,63435254_26,p10__deepvirfinder_pratama (27),COMPLETED,0,2026-10-07 11:50:09.638,53m 14s,42m 17s,0.2%,186.1 MB,3.8 GB,455.8 MB,266.5 MB
1288,cd/150890,63438239_1,p10__deepvirfinder_pratama (202),COMPLETED,0,2026-10-07 12:30:50.426,12m 43s,4m 38s,2.3%,184.7 MB,3.9 GB,211.6 MB,265.1 MB
271,ca/23c066,63435254_2,p10__deepvirfinder_pratama (1),COMPLETED,0,2026-10-07 11:50:09.638,53m 40s,51m 46s,0.2%,189.6 MB,4.2 GB,450.7 MB,265.8 MB
374,2e/a07afc,63435251_10,p09__deepvirfinder_pratama (11),COMPLETED,0,2026-10-07 11:50:02.098,54m 2s,52m 1s,0.2%,189 MB,4 GB,434 MB,265.2 MB
674,0c/5bf05d,63435254_57,p10__deepvirfinder_pratama (58),COMPLETED,0,2026-10-07 11:50:09.638,53m 54s,38m 20s,0.3%,186.4 MB,3.8 GB,462.2 MB,266.7 MB
462,c2/938941,63435254_30,p10__deepvirfinder_pratama (31),COMPLETED,0,2026-10-07 11:50:09.638,54m 14s,43m 15s,0.3%,188.4 MB,4.2 GB,456.5 MB,266.6 MB
695,9a/312198,63435254_60,p10__deepvirfinder_pratama (61),COMPLETED,0,2026-10-07 11:50:09.638,54m 14s,38m 46s,0.3%,186.1 MB,3.9 GB,461.6 MB,266.7 MB
624,01/f471cd,63435254_46,p10__deepvirfinder_pratama (47),COMPLETED,0,2026-10-07 11:50:09.638,54m 24s,43m 24s,0.3%,189.7 MB,4.1 GB,457.8 MB,265.3 MB
410,1c/10f365,63435254_21,p10__deepvirfinder_pratama (22),COMPLETED,0,2026-10-07 11:50:09.638,55m 4s,44m 5s,0.3%,188.4 MB,4 GB,457.7 MB,265.8 MB
664,38/fe117e,63435254_56,p10__deepvirfinder_pratama (57),COMPLETED,0,2026-10-07 11:50:09.638,55m 45s,39m 59s,0.3%,188.5 MB,4 GB,461.7 MB,266.8 MB
418,c1/47991c,63435254_22,p10__deepvirfinder_pratama (23),COMPLETED,0,2026-10-07 11:50:09.638,55m 55s,44m 59s,0.2%,185.4 MB,3.9 GB,458.4 MB,265.8 MB
376,30/0ca876,63435254_15,p10__deepvirfinder_pratama (16),COMPLETED,0,2026-10-07 11:50:09.638,56m 5s,45m 13s,0.3%,188.5 MB,4.2 GB,454.6 MB,265.6 MB
587,2e/08c238,63435254_43,p10__deepvirfinder_pratama (44),COMPLETED,0,2026-10-07 11:50:09.638,56m 5s,45m 10s,0.3%,188.2 MB,4.2 GB,454.2 MB,265.6 MB
811,dc/524205,63435254_85,p10__deepvirfinder_pratama (86),COMPLETED,0,2026-10-07 11:50:09.638,56m 25s,40m 51s,0.3%,189.2 MB,4 GB,460.1 MB,265.2 MB
803,98/4b5341,63435254_83,p10__deepvirfinder_pratama (84),COMPLETED,0,2026-10-07 11:50:09.638,56m 40s,41m 3s,0.3%,187.8 MB,4.2 GB,459.7 MB,265.2 MB
426,bf/2770ff,63435254_24,p10__deepvirfinder_pratama (25),COMPLETED,0,2026-10-07 11:50:09.638,56m 45s,45m 51s,0.2%,189.1 MB,4 GB,458.8 MB,265.8 MB
588,04/e9006b,63435254_44,p10__deepvirfinder_pratama (45),COMPLETED,0,2026-10-07 11:50:09.638,56m 45s,45m 49s,0.3%,186.9 MB,3.9 GB,454.8 MB,265.7 MB
736,08/f0c08a,63435254_69,p10__deepvirfinder_pratama (70),COMPLETED,0,2026-10-07 11:50:09.638,57m 25s,41m 54s,0.3%,187.7 MB,4 GB,387.2 MB,265.2 MB
789,ff/45c0ed,63435254_79,p10__deepvirfinder_pratama (80),COMPLETED,0,2026-10-07 11:50:09.638,57m 35s,42m 1s,0.3%,185.7 MB,3.9 GB,460.6 MB,265.2 MB
520,77/01b82b,63435254_34,p10__deepvirfinder_pratama (35),COMPLETED,0,2026-10-07 11:50:09.638,57m 45s,46m 46s,0.3%,189.4 MB,4.2 GB,454 MB,265.7 MB
654,f6/47cf9a,63435254_54,p10__deepvirfinder_pratama (55),COMPLETED,0,2026-10-07 11:50:09.638,57m 45s,42m 13s,0.3%,189.9 MB,4.2 GB,461.7 MB,266.8 MB
386,53/3bd4a7,63435254_16,p10__deepvirfinder_pratama (17),COMPLETED,0,2026-10-07 11:50:09.638,58m 15s,47m 18s,0.3%,185.5 MB,3.9 GB,456 MB,266.2 MB
407,21/666cc7,63435254_20,p10__deepvirfinder_pratama (21),COMPLETED,0,2026-10-07 11:50:09.638,58m 15s,47m 22s,0.2%,189.9 MB,4.2 GB,457.3 MB,265.8 MB
373,d1/51458e,63435254_14,p10__deepvirfinder_pratama (15),COMPLETED,0,2026-10-07 11:50:09.638,58m 25s,47m 25s,0.3%,190.1 MB,4.2 GB,457.5 MB,265.6 MB
772,4c/6f0e10,63435254_75,p10__deepvirfinder_pratama (76),COMPLETED,0,2026-10-07 11:50:09.638,58m 35s,43m 2s,0.3%,188.8 MB,4.2 GB,459.5 MB,265.2 MB
653,e3/366bd2,63435254_53,p10__deepvirfinder_pratama (54),COMPLETED,0,2026-10-07 11:50:09.638,58m 55s,43m 22s,0.4%,186.7 MB,3.8 GB,461.5 MB,266.8 MB
802,0b/87e133,63435254_82,p10__deepvirfinder_pratama (83),COMPLETED,0,2026-10-07 11:50:09.638,58m 55s,43m 25s,0.3%,188.2 MB,4.2 GB,459.1 MB,265.2 MB
333,8b/e05956,63435251_6,p09__deepvirfinder_pratama (7),COMPLETED,0,2026-10-07 11:50:02.098,59m 33s,57m 31s,0.2%,189.6 MB,4.1 GB,434 MB,265.2 MB
810,e8/459f5c,63435254_84,p10__deepvirfinder_pratama (85),COMPLETED,0,2026-10-07 11:50:09.638,59m 25s,43m 49s,0.2%,189.5 MB,4 GB,459.8 MB,265.2 MB
401,8e/e2e175,63435254_18,p10__deepvirfinder_pratama (19),COMPLETED,0,2026-10-07 11:50:09.638,59m 35s,48m 37s,0.3%,188.6 MB,4.1 GB,457.2 MB,266.2 MB
289,17/4f708a,63435254_5,p10__deepvirfinder_pratama (5),COMPLETED,0,2026-10-07 11:50:09.638,59m 56s,58m 5s,0.2%,185.6 MB,3.9 GB,451.1 MB,265.7 MB
648,64/5eedee,63435254_52,p10__deepvirfinder_pratama (53),COMPLETED,0,2026-10-07 11:50:09.638,59m 56s,44m 15s,0.3%,189.3 MB,4 GB,460.8 MB,266.8 MB
765,bc/7bc740,63435254_74,p10__deepvirfinder_pratama (75),COMPLETED,0,2026-10-07 11:50:09.638,59m 56s,44m 28s,0.3%,190.7 MB,4.2 GB,459.2 MB,265.2 MB
788,3b/00e5d3,63435254_78,p10__deepvirfinder_pratama (79),COMPLETED,0,2026-10-07 11:50:09.638,59m 56s,44m 26s,0.3%,190.6 MB,4 GB,460.3 MB,265.2 MB
634,24/3dd17e,63435254_49,p10__deepvirfinder_pratama (50),COMPLETED,0,2026-10-07 11:50:09.638,1h 6s,44m 34s,0.3%,186.4 MB,3.9 GB,459.5 MB,265.3 MB
641,7f/66bc36,63435254_50,p10__deepvirfinder_pratama (51),COMPLETED,0,2026-10-07 11:50:09.638,1h 6s,44m 33s,0.4%,187.2 MB,3.8 GB,459.8 MB,265.3 MB
473,ad/b31039,63435254_32,p10__deepvirfinder_pratama (33),COMPLETED,0,2026-10-07 11:50:09.638,1h 16s,49m 23s,0.2%,187.2 MB,4 GB,458 MB,266.6 MB
527,bb/6baea0,63435254_35,p10__deepvirfinder_pratama (36),COMPLETED,0,2026-10-07 11:50:09.638,1h 26s,49m 26s,0.3%,188.8 MB,4.2 GB,455 MB,265.7 MB
466,bd/4aa9f7,63435254_31,p10__deepvirfinder_pratama (32),COMPLETED,0,2026-10-07 11:50:09.638,1h 36s,49m 44s,0.2%,193.8 MB,4.1 GB,457.3 MB,266.6 MB
777,8a/0b23a7,63435254_76,p10__deepvirfinder_pratama (77),COMPLETED,0,2026-10-07 11:50:09.638,1h 36s,45m 3s,0.3%,187.6 MB,4.2 GB,459.7 MB,265.2 MB
778,56/79feec,63435254_77,p10__deepvirfinder_pratama (78),COMPLETED,0,2026-10-07 11:50:09.638,1h 36s,45m 7s,0.3%,189 MB,4.2 GB,460 MB,265.2 MB
791,de/1e0d1d,63435254_81,p10__deepvirfinder_pratama (82),COMPLETED,0,2026-10-07 11:50:09.638,1h 36s,45m 6s,0.3%,186 MB,3.9 GB,458.8 MB,265.3 MB
580,88/07810b,63435254_42,p10__deepvirfinder_pratama (43),COMPLETED,0,2026-10-07 11:50:09.638,1h 48s,49m 46s,0.3%,189.9 MB,4.2 GB,452.8 MB,265.6 MB
537,85/47d937,63435254_36,p10__deepvirfinder_pratama (37),COMPLETED,0,2026-10-07 11:50:09.638,1h 1m 6s,50m 6s,0.3%,188 MB,4.2 GB,455.7 MB,265.7 MB
759,a4/9f03c0,63435254_73,p10__deepvirfinder_pratama (74),COMPLETED,0,2026-10-07 11:50:09.638,1h 1m 6s,45m 33s,0.3%,187 MB,4 GB,428.8 MB,265.3 MB
870,a5/3ec918,63435254_96,p10__deepvirfinder_pratama (97),COMPLETED,0,2026-10-07 11:50:09.638,1h 1m 6s,40m 36s,0.3%,186.6 MB,3.9 GB,459.3 MB,265.3 MB
500,a1/7323b0,63435251_17,p09__deepvirfinder_pratama (17),COMPLETED,0,2026-10-07 11:50:02.098,1h 1m 33s,59m 36s,0.3%,186.9 MB,3.9 GB,434.1 MB,265.2 MB
387,35/9ea425,63435254_17,p10__deepvirfinder_pratama (18),COMPLETED,0,2026-10-07 11:50:09.638,1h 1m 48s,50m 52s,0.3%,186.3 MB,4 GB,456.7 MB,266.2 MB
557,35/f9a461,63435254_39,p10__deepvirfinder_pratama (40),COMPLETED,0,2026-10-07 11:50:09.638,1h 2m 6s,51m 7s,0.2%,189.5 MB,4.2 GB,453.8 MB,266.3 MB
347,4a/26e6f8,63435254_12,p10__deepvirfinder_pratama (13),COMPLETED,0,2026-10-07 11:50:09.638,1h 2m 36s,51m 37s,0.3%,186.8 MB,3.9 GB,456.7 MB,265.6 MB
562,84/996b26,63435254_40,p10__deepvirfinder_pratama (41),COMPLETED,0,2026-10-07 11:50:09.638,1h 2m 46s,51m 50s,0.2%,189.1 MB,4.2 GB,454.7 MB,266.3 MB
445,5c/ba1146,63435254_28,p10__deepvirfinder_pratama (29),COMPLETED,0,2026-10-07 11:50:09.638,1h 2m 56s,51m 59s,0.2%,187.5 MB,4 GB,457.4 MB,266.7 MB
362,14/5740ec,63435254_13,p10__deepvirfinder_pratama (14),COMPLETED,0,2026-10-07 11:50:09.638,1h 3m 6s,52m 11s,0.3%,186.1 MB,3.9 GB,456.8 MB,265.4 MB
491,fd/698e84,63435251_14,p09__deepvirfinder_pratama (15),COMPLETED,0,2026-10-07 11:50:02.098,1h 3m 43s,1h 1m 40s,0.2%,187.3 MB,3.9 GB,434.2 MB,265.2 MB
874,f6/945859,63435254_98,p10__deepvirfinder_pratama (99),COMPLETED,0,2026-10-07 11:50:09.638,1h 3m 36s,43m 2s,0.3%,188.8 MB,4.1 GB,459.5 MB,265.2 MB
827,00/0e5d47,63435254_87,p10__deepvirfinder_pratama (88),COMPLETED,0,2026-10-07 11:50:09.638,1h 3m 46s,48m 10s,0.3%,189.4 MB,4.2 GB,459 MB,265.2 MB
863,14/45f7cd,63435254_94,p10__deepvirfinder_pratama (95),COMPLETED,0,2026-10-07 11:50:09.638,1h 3m 52s,43m 11s,0.3%,189.3 MB,4.2 GB,458.3 MB,265.2 MB
439,fc/46bc74,63435251_12,p09__deepvirfinder_pratama (13),COMPLETED,0,2026-10-07 11:50:02.098,1h 4m 3s,1h 2m 4s,0.3%,189.7 MB,4 GB,434.2 MB,265.2 MB
437,10/e810e7,63435254_27,p10__deepvirfinder_pratama (28),COMPLETED,0,2026-10-07 11:50:09.638,1h 3m 56s,53m 2s,0.2%,186.5 MB,3.8 GB,456.9 MB,266.8 MB
707,69/772e5d,63435254_64,p10__deepvirfinder_pratama (65),COMPLETED,0,2026-10-07 11:50:09.638,1h 3m 56s,48m 24s,0.3%,189.1 MB,4.1 GB,456.4 MB,265.3 MB
828,e3/878b26,63435254_88,p10__deepvirfinder_pratama (89),COMPLETED,0,2026-10-07 11:50:09.638,1h 4m 6s,43m 34s,0.3%,187.8 MB,4 GB,459.5 MB,265.3 MB
837,e7/498244,63435254_89,p10__deepvirfinder_pratama (90),COMPLETED,0,2026-10-07 11:50:09.638,1h 4m 6s,43m 30s,0.3%,189.2 MB,4.1 GB,460 MB,265.2 MB
339,26/502a8f,63435254_11,p10__deepvirfinder_pratama (12),COMPLETED,0,2026-10-07 11:50:09.638,1h 4m 16s,53m 15s,0.3%,186.5 MB,3.8 GB,455.8 MB,265.7 MB
873,a8/6a6725,63435254_97,p10__deepvirfinder_pratama (98),COMPLETED,0,2026-10-07 11:50:09.638,1h 4m 16s,43m 44s,0.3%,187.9 MB,4 GB,459.3 MB,265.2 MB
865,23/fd6ce0,63435254_95,p10__deepvirfinder_pratama (96),COMPLETED,0,2026-10-07 11:50:09.638,1h 4m 26s,43m 51s,0.3%,187.5 MB,4.2 GB,458.6 MB,265.2 MB
1553,48/f2f7c5,63438239_73,p10__deepvirfinder_pratama (274),COMPLETED,0,2026-10-07 12:30:50.426,23m 45s,5m 45s,1.6%,185.6 MB,3.9 GB,226.7 MB,265.2 MB
848,df/8d4dd8,63435254_92,p10__deepvirfinder_pratama (93),COMPLETED,0,2026-10-07 11:50:09.638,1h 4m 36s,44m 8s,0.3%,185.1 MB,3.8 GB,458.7 MB,265.2 MB
548,17/4ba461,63435254_38,p10__deepvirfinder_pratama (39),COMPLETED,0,2026-10-07 11:50:09.638,1h 5m 19s,54m 23s,0.2%,186.9 MB,4.2 GB,453 MB,266.3 MB
702,a8/f942ae,63435254_63,p10__deepvirfinder_pratama (64),COMPLETED,0,2026-10-07 11:50:09.638,1h 6m 9s,50m 38s,0.3%,188.8 MB,4.2 GB,454.7 MB,265.3 MB
753,d8/c7467b,63435254_72,p10__deepvirfinder_pratama (73),COMPLETED,0,2026-10-07 11:50:09.638,1h 6m 49s,51m 19s,0.3%,188.1 MB,4.1 GB,456.2 MB,265.3 MB
735,a6/564edf,63435254_68,p10__deepvirfinder_pratama (69),COMPLETED,0,2026-10-07 11:50:09.638,1h 6m 59s,51m 30s,0.3%,189.2 MB,4.1 GB,456.4 MB,265.3 MB
720,16/a3473e,63435254_67,p10__deepvirfinder_pratama (68),COMPLETED,0,2026-10-07 11:50:09.638,1h 7m 9s,51m 39s,0.3%,186.3 MB,4 GB,455.3 MB,265.4 MB
719,66/1889c6,63435254_66,p10__deepvirfinder_pratama (67),COMPLETED,0,2026-10-07 11:50:09.638,1h 8m 18s,52m 44s,0.3%,186.6 MB,4 GB,453.4 MB,265.3 MB
752,e7/f02651,63435254_71,p10__deepvirfinder_pratama (72),COMPLETED,0,2026-10-07 11:50:09.638,1h 8m 18s,52m 34s,0.3%,185.6 MB,3.9 GB,454.7 MB,265.3 MB
844,61/8e07dd,63435254_91,p10__deepvirfinder_pratama (92),COMPLETED,0,2026-10-07 11:50:09.638,1h 8m 18s,47m 50s,0.3%,186.3 MB,3.9 GB,460.3 MB,265.2 MB
1405,f4/b5e2ef,63438239_33,p10__deepvirfinder_pratama (234),COMPLETED,0,2026-10-07 12:30:50.426,28m 49s,20m 37s,0.6%,186.9 MB,4 GB,295.1 MB,265.6 MB
857,55/3255e8,63435254_93,p10__deepvirfinder_pratama (94),COMPLETED,0,2026-10-07 11:50:09.638,1h 9m 39s,49m 13s,0.3%,191.8 MB,4.2 GB,458.1 MB,265.2 MB
838,a0/dc21c1,63435254_90,p10__deepvirfinder_pratama (91),COMPLETED,0,2026-10-07 11:50:09.638,1h 10m 19s,49m 38s,0.3%,186.8 MB,3.8 GB,460.1 MB,265.1 MB
1302,a8/0e3359,63438239_5,p10__deepvirfinder_pratama (206),COMPLETED,0,2026-10-07 12:30:50.426,29m 49s,21m 37s,0.5%,185.4 MB,3.9 GB,304.4 MB,265.2 MB
1368,b6/46085a,63438239_23,p10__deepvirfinder_pratama (224),COMPLETED,0,2026-10-07 12:30:50.426,32m 9s,23m 55s,0.5%,189.8 MB,4.2 GB,365.7 MB,265.1 MB
1478,ed/d4aae2,63438239_53,p10__deepvirfinder_pratama (254),COMPLETED,0,2026-10-07 12:30:50.426,33m 9s,15m 14s,0.7%,187.9 MB,4.2 GB,284.2 MB,265.1 MB
746,fc/f1cd12,63435254_70,p10__deepvirfinder_pratama (71),COMPLETED,0,2026-10-07 11:50:09.638,1h 14m 29s,58m 58s,0.2%,189.1 MB,4.2 GB,453.5 MB,265.3 MB
1491,0d/876277,63438239_58,p10__deepvirfinder_pratama (259),COMPLETED,0,2026-10-07 12:30:50.426,34m 19s,16m 16s,0.7%,188.2 MB,4.1 GB,295.6 MB,265.3 MB
1455,85/e7e53b,63438239_47,p10__deepvirfinder_pratama (249),COMPLETED,0,2026-10-07 12:30:50.426,35m 59s,18m,0.5%,189.2 MB,4 GB,280.9 MB,265.3 MB
1326,dc/24ffca,63438239_12,p10__deepvirfinder_pratama (213),COMPLETED,0,2026-10-07 12:30:50.426,37m 37s,29m 33s,0.4%,190.3 MB,4.1 GB,394.8 MB,265.2 MB
1387,ef/84294a,63438239_28,p10__deepvirfinder_pratama (229),COMPLETED,0,2026-10-07 12:30:50.426,38m 7s,30m 2s,0.4%,189.3 MB,4.2 GB,332.7 MB,266 MB
1565,10/c35a59,63438239_77,p10__deepvirfinder_pratama (278),COMPLETED,0,2026-10-07 12:30:50.426,41m 17s,23m 15s,0.5%,191.5 MB,4.1 GB,325.6 MB,265.7 MB
1354,2c/aecc6c,63438239_19,p10__deepvirfinder_pratama (220),COMPLETED,0,2026-10-07 12:30:50.426,43m 24s,35m 14s,0.3%,186 MB,3.8 GB,460.3 MB,265.3 MB
1344,2d/262b3b,63438239_17,p10__deepvirfinder_pratama (218),COMPLETED,0,2026-10-07 12:30:50.426,43m 54s,35m 46s,0.3%,189.2 MB,4.2 GB,395.9 MB,266 MB
1360,22/3c87d3,63438239_22,p10__deepvirfinder_pratama (223),COMPLETED,0,2026-10-07 12:30:50.426,43m 54s,35m 44s,0.3%,185.3 MB,3.9 GB,461.2 MB,265.3 MB
1351,a9/93aafe,63438239_18,p10__deepvirfinder_pratama (219),COMPLETED,0,2026-10-07 12:30:50.426,45m 24s,37m 13s,0.4%,188.2 MB,4 GB,459.9 MB,265.2 MB
996,82/c6b8ec,63440195_26,p10__deepvirfinder_pratama (127),COMPLETED,0,2026-10-07 13:00:49.405,15m 35s,13m 47s,0.8%,187.6 MB,4 GB,285.5 MB,265.1 MB
1325,ff/964d23,63438239_11,p10__deepvirfinder_pratama (212),COMPLETED,0,2026-10-07 12:30:50.426,45m 44s,37m 32s,0.3%,189.3 MB,4.1 GB,461 MB,265.2 MB
1440,6e/29f345,63438239_44,p10__deepvirfinder_pratama (245),COMPLETED,0,2026-10-07 12:30:50.426,45m 44s,27m 47s,0.5%,187.2 MB,3.9 GB,335.9 MB,265.7 MB
1355,94/5cdf01,63438239_20,p10__deepvirfinder_pratama (221),COMPLETED,0,2026-10-07 12:30:50.426,46m 44s,38m 33s,0.3%,189.7 MB,4.2 GB,460.7 MB,265.2 MB
1359,8c/5b2d0a,63438239_21,p10__deepvirfinder_pratama (222),COMPLETED,0,2026-10-07 12:30:50.426,46m 44s,38m 38s,0.3%,187.1 MB,3.8 GB,460.9 MB,265.2 MB
1318,46/8ecbb8,63438239_9,p10__deepvirfinder_pratama (210),COMPLETED,0,2026-10-07 12:30:50.426,46m 54s,38m 47s,0.4%,188.6 MB,4.1 GB,460.5 MB,265.2 MB
1319,ec/c9da73,63438239_10,p10__deepvirfinder_pratama (211),COMPLETED,0,2026-10-07 12:30:50.426,47m 30s,39m 23s,0.4%,186.5 MB,3.8 GB,460.9 MB,265.2 MB
1311,85/d03b9d,63438239_7,p10__deepvirfinder_pratama (208),COMPLETED,0,2026-10-07 12:30:50.426,48m 26s,40m 18s,0.3%,188.2 MB,4.2 GB,460 MB,265.2 MB
1085,a4/296a2d,63440195_47,p10__deepvirfinder_pratama (148),COMPLETED,0,2026-10-07 13:00:49.405,18m 45s,7m 33s,1.5%,191.1 MB,4.2 GB,217.8 MB,265.1 MB
1309,bc/42b69c,63438239_6,p10__deepvirfinder_pratama (207),COMPLETED,0,2026-10-07 12:30:50.426,48m 54s,40m 51s,0.3%,189.1 MB,4.2 GB,459.4 MB,265.2 MB
1149,a7/6e79db,63440195_64,p10__deepvirfinder_pratama (165),COMPLETED,0,2026-10-07 13:00:49.405,18m 55s,7m 41s,1.3%,185.1 MB,4 GB,240.9 MB,265 MB
1410,27/8d4404,63438239_35,p10__deepvirfinder_pratama (236),COMPLETED,0,2026-10-07 12:30:50.426,49m 4s,40m 51s,0.3%,188.5 MB,4.2 GB,457.6 MB,265.2 MB
1417,db/7e983d,63438239_38,p10__deepvirfinder_pratama (239),COMPLETED,0,2026-10-07 12:30:50.426,49m 45s,36m 58s,0.3%,185.2 MB,4 GB,421.6 MB,265.2 MB
1316,61/919d7e,63438239_8,p10__deepvirfinder_pratama (209),COMPLETED,0,2026-10-07 12:30:50.426,49m 55s,41m 47s,0.3%,185.2 MB,3.9 GB,460.3 MB,265.2 MB
1396,b9/133857,63438239_30,p10__deepvirfinder_pratama (231),COMPLETED,0,2026-10-07 12:30:50.426,50m 15s,42m 11s,0.3%,189.6 MB,4.2 GB,459.4 MB,266.5 MB
1416,6c/069f20,63438239_37,p10__deepvirfinder_pratama (238),COMPLETED,0,2026-10-07 12:30:50.426,50m 46s,42m 33s,0.3%,189.3 MB,4.2 GB,458.9 MB,265.2 MB
1390,b6/38120e,63438239_29,p10__deepvirfinder_pratama (230),COMPLETED,0,2026-10-07 12:30:50.426,51m 16s,43m 7s,0.3%,189.2 MB,4.1 GB,459 MB,266.5 MB
1337,47/689735,63438239_15,p10__deepvirfinder_pratama (216),COMPLETED,0,2026-10-07 12:30:50.426,51m 56s,43m 46s,0.3%,187.4 MB,4.1 GB,458.5 MB,266.4 MB
1509,78/5752cf,63438239_62,p10__deepvirfinder_pratama (263),COMPLETED,0,2026-10-07 12:30:50.426,51m 56s,33m 56s,0.3%,185.7 MB,3.8 GB,461.4 MB,265.3 MB
1479,ad/43e42d,63438239_54,p10__deepvirfinder_pratama (255),COMPLETED,0,2026-10-07 12:30:50.426,52m 56s,34m 57s,0.3%,188.9 MB,3.9 GB,460.4 MB,265.7 MB
1539,b7/001e51,63438239_69,p10__deepvirfinder_pratama (270),COMPLETED,0,2026-10-07 12:30:50.426,53m 16s,35m 23s,0.3%,186.2 MB,3.9 GB,445.1 MB,265.3 MB
1166,07/80ea2b,63440195_67,p10__deepvirfinder_pratama (169),COMPLETED,0,2026-10-07 13:00:49.405,23m 17s,12m 3s,0.8%,188.9 MB,4 GB,254.4 MB,265.4 MB
1483,60/c1ea9d,63438239_55,p10__deepvirfinder_pratama (256),COMPLETED,0,2026-10-07 12:30:50.426,53m 26s,35m 28s,0.4%,189.2 MB,4 GB,461.1 MB,265.7 MB
1500,ab/ee2027,63438239_60,p10__deepvirfinder_pratama (261),COMPLETED,0,2026-10-07 12:30:50.426,53m 28s,35m 30s,0.3%,190.7 MB,4.2 GB,460.8 MB,265.4 MB
1058,36/ac3ca6,63440195_41,p10__deepvirfinder_pratama (142),COMPLETED,0,2026-10-07 13:00:49.405,23m 29s,12m 10s,1.0%,191.1 MB,4.2 GB,244.9 MB,265 MB
1505,9f/742a77,63438239_61,p10__deepvirfinder_pratama (262),COMPLETED,0,2026-10-07 12:30:50.426,53m 46s,35m 48s,0.3%,185.5 MB,3.9 GB,461.3 MB,265.2 MB
1336,59/caf512,63438239_14,p10__deepvirfinder_pratama (215),COMPLETED,0,2026-10-07 12:30:50.426,53m 56s,45m 47s,0.2%,189.4 MB,4.1 GB,457.6 MB,266.4 MB
1397,f3/bc93c1,63438239_31,p10__deepvirfinder_pratama (232),COMPLETED,0,2026-10-07 12:30:50.426,54m 26s,46m 22s,0.3%,186.2 MB,4 GB,460.2 MB,266.5 MB
1268,b5/71cd03,63440195_94,p10__deepvirfinder_pratama (195),COMPLETED,0,2026-10-07 13:00:49.405,24m 27s,5m 5s,1.8%,189.7 MB,4.1 GB,205.3 MB,265.1 MB
1437,0d/9391aa,63438239_43,p10__deepvirfinder_pratama (244),COMPLETED,0,2026-10-07 12:30:50.426,54m 52s,42m,0.4%,190.4 MB,4 GB,460.2 MB,266.5 MB
1383,af/649782,63438239_27,p10__deepvirfinder_pratama (228),COMPLETED,0,2026-10-07 12:30:50.426,55m 2s,46m 50s,0.2%,187.7 MB,4.2 GB,458.9 MB,267 MB
1343,2b/82a38d,63438239_16,p10__deepvirfinder_pratama (217),COMPLETED,0,2026-10-07 12:30:50.426,55m 22s,47m 11s,0.2%,183.9 MB,3.8 GB,459.1 MB,266.2 MB
1403,ca/ba5778,63438239_32,p10__deepvirfinder_pratama (233),COMPLETED,0,2026-10-07 12:30:50.426,55m 22s,47m 9s,0.3%,188.3 MB,4.1 GB,460.4 MB,266.4 MB
1529,91/39a70b,63438239_67,p10__deepvirfinder_pratama (268),COMPLETED,0,2026-10-07 12:30:50.426,55m 22s,37m 27s,0.3%,190.2 MB,4.2 GB,459.3 MB,265.3 MB
1488,35/c4206e,63438239_56,p10__deepvirfinder_pratama (257),COMPLETED,0,2026-10-07 12:30:50.426,55m 45s,37m 40s,0.3%,187.4 MB,4 GB,461.3 MB,265.7 MB
1519,c8/fccb2d,63438239_64,p10__deepvirfinder_pratama (265),COMPLETED,0,2026-10-07 12:30:50.426,55m 45s,37m 43s,0.3%,186.9 MB,3.9 GB,444.8 MB,265.3 MB
1532,6b/72ab7d,63438239_68,p10__deepvirfinder_pratama (269),COMPLETED,0,2026-10-07 12:30:50.426,55m 45s,37m 42s,0.3%,190.1 MB,4.2 GB,459.7 MB,265.2 MB
1580,a0/0fbc50,63438239_81,p10__deepvirfinder_pratama (282),COMPLETED,0,2026-10-07 12:30:50.426,55m 45s,37m 45s,0.3%,187.1 MB,4 GB,443.7 MB,265.2 MB
1032,23/b48473,63440195_35,p10__deepvirfinder_pratama (136),COMPLETED,0,2026-10-07 13:00:49.405,25m 46s,23m 53s,0.5%,186.4 MB,3.8 GB,401 MB,265.4 MB
1512,a6/5f4cc0,63438239_63,p10__deepvirfinder_pratama (264),COMPLETED,0,2026-10-07 12:30:50.426,55m 52s,37m 54s,0.4%,189.3 MB,4.2 GB,461.6 MB,265.4 MB
1415,f3/79528a,63438239_36,p10__deepvirfinder_pratama (237),COMPLETED,0,2026-10-07 12:30:50.426,56m 2s,47m 57s,0.3%,188.3 MB,4.2 GB,458.2 MB,265.2 MB
1426,f0/045265,63438239_40,p10__deepvirfinder_pratama (241),COMPLETED,0,2026-10-07 12:30:50.426,56m 2s,43m 19s,0.3%,187.8 MB,4 GB,458.7 MB,266.5 MB
1523,10/6a11f0,63438239_66,p10__deepvirfinder_pratama (267),COMPLETED,0,2026-10-07 12:30:50.426,56m 12s,38m 17s,0.3%,189.2 MB,4.1 GB,458.5 MB,265.2 MB
1432,c4/3ea716,63438239_42,p10__deepvirfinder_pratama (243),COMPLETED,0,2026-10-07 12:30:50.426,56m 22s,43m 35s,0.4%,184.6 MB,3.9 GB,459.9 MB,266.4 MB
1569,05/c86b37,63438239_79,p10__deepvirfinder_pratama (280),COMPLETED,0,2026-10-07 12:30:50.426,56m 22s,38m 26s,0.3%,185 MB,4 GB,458.5 MB,265.2 MB
1423,2a/54f087,63438239_39,p10__deepvirfinder_pratama (240),COMPLETED,0,2026-10-07 12:30:50.426,56m 32s,43m 40s,0.3%,185.2 MB,3.9 GB,458 MB,266.5 MB
1590,37/f6fe41,63438239_85,p10__deepvirfinder_pratama (286),COMPLETED,0,2026-10-07 12:30:50.426,56m 32s,33m 29s,0.4%,186.5 MB,3.9 GB,400.4 MB,266.2 MB
1408,f0/e61d89,63438239_34,p10__deepvirfinder_pratama (235),COMPLETED,0,2026-10-07 12:30:50.426,57m 42s,49m 34s,0.3%,186.7 MB,4 GB,456.8 MB,265.2 MB
1007,fa/308e6e,63440195_29,p10__deepvirfinder_pratama (130),COMPLETED,0,2026-10-07 13:00:49.405,27m 51s,26m 4s,0.4%,188.3 MB,4.1 GB,434 MB,265.2 MB
1520,ae/943ca2,63438239_65,p10__deepvirfinder_pratama (266),COMPLETED,0,2026-10-07 12:30:50.426,58m 2s,40m 5s,0.3%,185.9 MB,3.8 GB,457.7 MB,265.1 MB
1115,f3/be7354,63440195_55,p10__deepvirfinder_pratama (156),COMPLETED,0,2026-10-07 13:00:49.405,28m 3s,16m 52s,0.7%,189.1 MB,4 GB,310.3 MB,265.1 MB
1299,24/243e19,63438239_2,p10__deepvirfinder_pratama (203),COMPLETED,0,2026-10-07 12:30:50.426,58m 32s,50m 24s,0.3%,190.2 MB,4.2 GB,454.7 MB,265.3 MB
1429,b6/28ae3d,63438239_41,p10__deepvirfinder_pratama (242),COMPLETED,0,2026-10-07 12:30:50.426,58m 32s,45m 46s,0.3%,187.1 MB,4 GB,459.5 MB,266.4 MB
1137,36/47e567,63440195_61,p10__deepvirfinder_pratama (162),COMPLETED,0,2026-10-07 13:00:49.405,28m 33s,17m 23s,0.6%,186.7 MB,3.9 GB,289.7 MB,265.1 MB
1008,23/e25712,63440195_30,p10__deepvirfinder_pratama (131),COMPLETED,0,2026-10-07 13:00:49.405,28m 43s,26m 52s,0.4%,187.7 MB,3.9 GB,462.8 MB,265.4 MB
1287,27/7a5a99,63438239_0,p10__deepvirfinder_pratama (201),COMPLETED,0,2026-10-07 12:30:50.426,59m 14s,51m 4s,0.2%,187.9 MB,3.9 GB,453.6 MB,266.1 MB
1454,f6/1bfed9,63438239_48,p10__deepvirfinder_pratama (248),COMPLETED,0,2026-10-07 12:30:50.426,59m 14s,40m 54s,0.3%,190.8 MB,4.2 GB,458.3 MB,266 MB
1489,80/9de33c,63438239_57,p10__deepvirfinder_pratama (258),COMPLETED,0,2026-10-07 12:30:50.426,59m 14s,41m 6s,0.3%,185.4 MB,4 GB,461.5 MB,265.6 MB
1015,70/8fab5b,63440195_31,p10__deepvirfinder_pratama (132),COMPLETED,0,2026-10-07 13:00:49.405,29m 15s,27m 1s,0.5%,186.8 MB,3.8 GB,463.1 MB,265.3 MB
1496,95/b9e437,63438239_59,p10__deepvirfinder_pratama (260),COMPLETED,0,2026-10-07 12:30:50.426,59m 34s,41m 35s,0.3%,186.9 MB,4 GB,460.5 MB,265.3 MB
1573,2e/4002f7,63438239_80,p10__deepvirfinder_pratama (281),COMPLETED,0,2026-10-07 12:30:50.426,59m 44s,41m 45s,0.3%,185.9 MB,3.9 GB,459.2 MB,265.2 MB
1301,2c/73e536,63438239_4,p10__deepvirfinder_pratama (205),COMPLETED,0,2026-10-07 12:30:50.426,1h 3s,51m 45s,0.3%,186.1 MB,3.8 GB,457.1 MB,265.3 MB
1460,11/6e2107,63438239_49,p10__deepvirfinder_pratama (250),COMPLETED,0,2026-10-07 12:30:50.426,1h 3s,41m 52s,0.3%,190 MB,4.2 GB,457.2 MB,265.2 MB
1468,8d/3ca90c,63438239_52,p10__deepvirfinder_pratama (253),COMPLETED,0,2026-10-07 12:30:50.426,1h 3s,41m 53s,0.3%,185.3 MB,3.9 GB,459.3 MB,265.2 MB
1332,44/5bf0b1,63438239_13,p10__deepvirfinder_pratama (214),COMPLETED,0,2026-10-07 12:30:50.426,1h 14s,52m 11s,0.3%,184.9 MB,3.9 GB,457.1 MB,266.4 MB
1021,79/79c99a,63440195_32,p10__deepvirfinder_pratama (133),COMPLETED,0,2026-10-07 13:00:49.405,30m 15s,28m 26s,0.4%,186.8 MB,4 GB,426.8 MB,265.3 MB
1371,fa/a2b6e0,63438239_24,p10__deepvirfinder_pratama (225),COMPLETED,0,2026-10-07 12:30:50.426,1h 44s,52m 35s,0.2%,189.1 MB,4.2 GB,457.7 MB,267 MB
1544,7e/d40e1b,63438239_71,p10__deepvirfinder_pratama (272),COMPLETED,0,2026-10-07 12:30:50.426,1h 56s,42m 56s,0.2%,187.2 MB,4.1 GB,456.5 MB,266.3 MB
1541,58/1a7a17,63438239_70,p10__deepvirfinder_pratama (271),COMPLETED,0,2026-10-07 12:30:50.426,1h 1m 24s,43m 29s,0.2%,188.4 MB,4.2 GB,455.5 MB,266.3 MB
1467,f9/d8943d,63438239_51,p10__deepvirfinder_pratama (252),COMPLETED,0,2026-10-07 12:30:50.426,1h 1m 34s,43m 31s,0.3%,186.6 MB,3.9 GB,458.8 MB,265.2 MB
1567,e4/ad5696,63438239_78,p10__deepvirfinder_pratama (279),COMPLETED,0,2026-10-07 12:30:50.426,1h 1m 34s,43m 36s,0.3%,183.8 MB,3.9 GB,457.8 MB,265.2 MB
1280,74/765d82,63440195_98,p10__deepvirfinder_pratama (199),COMPLETED,0,2026-10-07 13:00:49.405,31m 35s,12m 8s,0.9%,189.5 MB,4.1 GB,250.2 MB,265.1 MB
1449,5e/5fb3b9,63438239_46,p10__deepvirfinder_pratama (247),COMPLETED,0,2026-10-07 12:30:50.426,1h 2m 7s,43m 51s,0.3%,189 MB,4.2 GB,457.4 MB,266 MB
1169,45/2f0117,63440195_70,p10__deepvirfinder_pratama (171),COMPLETED,0,2026-10-07 13:00:49.405,32m 48s,21m 30s,0.5%,186.6 MB,4 GB,316.9 MB,265.8 MB
1378,4d/962e2d,63438239_25,p10__deepvirfinder_pratama (226),COMPLETED,0,2026-10-07 12:30:50.426,1h 3m 6s,54m 50s,0.2%,189.9 MB,4 GB,458.1 MB,267 MB
1006,21/bef8d2,63440195_28,p10__deepvirfinder_pratama (129),COMPLETED,0,2026-10-07 13:00:49.405,33m 7s,31m 23s,0.4%,186.7 MB,3.9 GB,462.1 MB,265.3 MB
1547,39/80a855,63438239_72,p10__deepvirfinder_pratama (273),COMPLETED,0,2026-10-07 12:30:50.426,1h 3m 27s,45m 33s,0.2%,190 MB,4.2 GB,456.8 MB,266.3 MB
1448,ea/2ea2ef,63438239_45,p10__deepvirfinder_pratama (246),COMPLETED,0,2026-10-07 12:30:50.426,1h 3m 47s,45m 46s,0.3%,186.8 MB,3.9 GB,457.1 MB,266.2 MB
1581,52/2fc9ec,63438239_82,p10__deepvirfinder_pratama (283),COMPLETED,0,2026-10-07 12:30:50.426,1h 3m 47s,45m 46s,0.3%,187.2 MB,3.9 GB,458.5 MB,266.5 MB
1300,ed/cc7a06,63438239_3,p10__deepvirfinder_pratama (204),COMPLETED,0,2026-10-07 12:30:50.426,1h 4m 7s,56m,0.2%,187.5 MB,3.8 GB,456.1 MB,265.3 MB
1379,1f/fa559d,63438239_26,p10__deepvirfinder_pratama (227),COMPLETED,0,2026-10-07 12:30:50.426,1h 4m 17s,56m 12s,0.2%,187.3 MB,4 GB,458.3 MB,267 MB
1100,cc/8ee004,63440195_51,p10__deepvirfinder_pratama (152),COMPLETED,0,2026-10-07 13:00:49.405,34m 28s,23m 11s,0.6%,186.5 MB,3.9 GB,311.8 MB,266 MB
1555,09/d9578d,63438239_75,p10__deepvirfinder_pratama (276),COMPLETED,0,2026-10-07 12:30:50.426,1h 4m 37s,46m 34s,0.3%,188.8 MB,4.1 GB,456.3 MB,266.4 MB
1561,f4/69fdc4,63438239_76,p10__deepvirfinder_pratama (277),COMPLETED,0,2026-10-07 12:30:50.426,1h 4m 59s,46m 56s,0.3%,188.9 MB,4 GB,457.2 MB,266.4 MB
933,8b/81a649,63440195_11,p10__deepvirfinder_pratama (112),COMPLETED,0,2026-10-07 13:00:49.404,35m,33m 6s,0.3%,188.4 MB,4 GB,424.2 MB,265.2 MB
1001,2b/d4fc52,63440195_27,p10__deepvirfinder_pratama (128),COMPLETED,0,2026-10-07 13:00:49.405,35m,33m 16s,0.4%,185.8 MB,3.9 GB,461.9 MB,265.3 MB
1025,68/ce55cb,63440195_33,p10__deepvirfinder_pratama (134),COMPLETED,0,2026-10-07 13:00:49.405,35m,33m 14s,0.3%,187 MB,3.8 GB,462.6 MB,265.3 MB
1192,b1/3330cf,63440195_76,p10__deepvirfinder_pratama (177),COMPLETED,0,2026-10-07 13:00:49.405,35m 28s,24m 14s,0.5%,189.3 MB,4.2 GB,313.9 MB,265.7 MB
1222,1c/39da41,63440195_84,p10__deepvirfinder_pratama (185),COMPLETED,0,2026-10-07 13:00:49.405,35m 28s,20m 19s,0.5%,186.8 MB,3.9 GB,305.5 MB,265.1 MB
1462,b2/7b775c,63438239_50,p10__deepvirfinder_pratama (251),COMPLETED,0,2026-10-07 12:30:50.426,1h 6m 7s,48m 9s,0.3%,185.9 MB,3.9 GB,458.1 MB,265.3 MB
1554,bc/7f779f,63438239_74,p10__deepvirfinder_pratama (275),COMPLETED,0,2026-10-07 12:30:50.426,1h 6m 7s,48m 13s,0.2%,189.9 MB,4 GB,455.9 MB,266.5 MB
1584,ca/252b06,63438239_83,p10__deepvirfinder_pratama (284),COMPLETED,0,2026-10-07 12:30:50.426,1h 6m 7s,48m 7s,0.2%,184.5 MB,4 GB,459.1 MB,266.5 MB
1045,1a/7d9a61,63440195_37,p10__deepvirfinder_pratama (138),COMPLETED,0,2026-10-07 13:00:49.405,36m 18s,34m 30s,0.3%,186.5 MB,3.8 GB,460.7 MB,265.3 MB
1028,57/c6cd5a,63440195_34,p10__deepvirfinder_pratama (135),COMPLETED,0,2026-10-07 13:00:49.405,36m 48s,34m 57s,0.4%,187.9 MB,4.2 GB,462.9 MB,265.3 MB
1587,3c/d1499a,63438239_84,p10__deepvirfinder_pratama (285),COMPLETED,0,2026-10-07 12:30:50.426,1h 8m 21s,45m 14s,0.3%,184.5 MB,3.9 GB,459.9 MB,266.5 MB
915,c2/3af79d,63440195_5,p10__deepvirfinder_pratama (106),COMPLETED,0,2026-10-07 13:00:49.404,38m 22s,36m 18s,0.3%,187.1 MB,4.2 GB,414.2 MB,265.3 MB
953,e2/edf743,63440195_16,p10__deepvirfinder_pratama (117),COMPLETED,0,2026-10-07 13:00:49.405,39m 32s,37m 47s,0.2%,185.2 MB,3.9 GB,394.2 MB,265.2 MB
1185,a1/876a0f,63440195_74,p10__deepvirfinder_pratama (175),COMPLETED,0,2026-10-07 13:00:49.405,40m 33s,29m 20s,0.4%,186.1 MB,4 GB,393.7 MB,265.3 MB
1238,1a/8463da,63440195_88,p10__deepvirfinder_pratama (189),COMPLETED,0,2026-10-07 13:00:49.405,41m 5s,25m 56s,0.5%,188.8 MB,4 GB,338.1 MB,265.3 MB
909,40/e72b5b,63440195_4,p10__deepvirfinder_pratama (105),COMPLETED,0,2026-10-07 13:00:49.404,41m 23s,39m 35s,0.3%,184.7 MB,3.8 GB,459.6 MB,265.5 MB
899,b3/24e756,63440195_2,p10__deepvirfinder_pratama (103),COMPLETED,0,2026-10-07 13:00:49.404,41m 53s,40m 3s,0.3%,192.4 MB,4.1 GB,459.2 MB,265.4 MB
972,a5/dc8981,63440195_21,p10__deepvirfinder_pratama (122),COMPLETED,0,2026-10-07 13:00:49.405,41m 53s,40m 3s,0.3%,187.5 MB,4 GB,431.5 MB,265.2 MB
940,e2/c51bea,63440195_12,p10__deepvirfinder_pratama (113),COMPLETED,0,2026-10-07 13:00:49.404,42m 33s,40m 40s,0.3%,189.5 MB,4.1 GB,454.6 MB,265.2 MB
1039,fa/218dcd,63440195_36,p10__deepvirfinder_pratama (137),COMPLETED,0,2026-10-07 13:00:49.405,42m 43s,40m 49s,0.4%,186.3 MB,4.1 GB,460.2 MB,265.3 MB
924,81/d31a68,63440195_7,p10__deepvirfinder_pratama (108),COMPLETED,0,2026-10-07 13:00:49.404,42m 53s,41m,0.3%,191 MB,4.2 GB,458.3 MB,265.2 MB
930,87/2abb75,63440195_9,p10__deepvirfinder_pratama (110),COMPLETED,0,2026-10-07 13:00:49.404,43m 30s,41m 13s,0.3%,190.1 MB,3.8 GB,459.2 MB,265.3 MB
1109,79/92cb3d,63440195_53,p10__deepvirfinder_pratama (154),COMPLETED,0,2026-10-07 13:00:49.405,43m 30s,32m 9s,0.4%,188.9 MB,4.2 GB,459.5 MB,265.2 MB
932,6f/8863db,63440195_10,p10__deepvirfinder_pratama (111),COMPLETED,0,2026-10-07 13:00:49.404,44m,42m 7s,0.3%,190.9 MB,4.1 GB,459.1 MB,265.2 MB
916,cd/b368cd,63440195_6,p10__deepvirfinder_pratama (107),COMPLETED,0,2026-10-07 13:00:49.404,44m 25s,42m 22s,0.3%,187.9 MB,4.2 GB,457.7 MB,265.2 MB
952,dc/45e249,63440195_15,p10__deepvirfinder_pratama (116),COMPLETED,0,2026-10-07 13:00:49.405,44m 25s,42m 19s,0.3%,189.1 MB,4.1 GB,456.5 MB,265.2 MB
990,56/4b849c,63440195_25,p10__deepvirfinder_pratama (126),COMPLETED,0,2026-10-07 13:00:49.405,44m 25s,42m 38s,0.3%,188.7 MB,3.9 GB,457.1 MB,265.2 MB
1101,a5/4fe03e,63440195_52,p10__deepvirfinder_pratama (153),COMPLETED,0,2026-10-07 13:00:49.405,44m 55s,33m 47s,0.4%,188.1 MB,4.2 GB,459.3 MB,265.2 MB
892,24/26ccc8,63440195_0,p10__deepvirfinder_pratama (101),COMPLETED,0,2026-10-07 13:00:49.404,45m 5s,43m 11s,0.3%,187.8 MB,4 GB,458.3 MB,265.4 MB
1207,8a/5c2619,63440195_80,p10__deepvirfinder_pratama (181),COMPLETED,0,2026-10-07 13:00:49.405,45m 25s,30m 14s,0.4%,185.3 MB,3.9 GB,432.6 MB,265.3 MB
967,6e/f2b5b9,63440195_19,p10__deepvirfinder_pratama (120),COMPLETED,0,2026-10-07 13:00:49.405,45m 35s,43m 45s,0.3%,187.6 MB,3.9 GB,456.8 MB,265.2 MB
893,51/884c25,63440195_1,p10__deepvirfinder_pratama (102),COMPLETED,0,2026-10-07 13:00:49.404,45m 45s,43m 56s,0.3%,188.1 MB,4 GB,458.4 MB,265.4 MB
907,1f/a7c196,63440195_3,p10__deepvirfinder_pratama (104),COMPLETED,0,2026-10-07 13:00:49.404,45m 45s,43m 52s,0.3%,186.2 MB,3.8 GB,459.3 MB,265.4 MB
925,0f/4fc73c,63440195_8,p10__deepvirfinder_pratama (109),COMPLETED,0,2026-10-07 13:00:49.404,46m 5s,44m 20s,0.3%,186.8 MB,3.9 GB,458.4 MB,265.1 MB
986,fb/9d6969,63440195_23,p10__deepvirfinder_pratama (124),COMPLETED,0,2026-10-07 13:00:49.405,46m 5s,44m 12s,0.3%,185.2 MB,4 GB,456.1 MB,265.2 MB
989,27/f435da,63440195_24,p10__deepvirfinder_pratama (125),COMPLETED,0,2026-10-07 13:00:49.405,46m 35s,44m 48s,0.3%,185.8 MB,3.9 GB,456.8 MB,265.2 MB
981,57/545248,63440195_22,p10__deepvirfinder_pratama (123),COMPLETED,0,2026-10-07 13:00:49.405,46m 55s,45m 5s,0.3%,190.2 MB,4.2 GB,455 MB,265.3 MB
943,78/bb6461,63440195_13,p10__deepvirfinder_pratama (114),COMPLETED,0,2026-10-07 13:00:49.405,47m 5s,45m 13s,0.3%,186.5 MB,4 GB,455.4 MB,265.2 MB
946,28/fbced0,63440195_14,p10__deepvirfinder_pratama (115),COMPLETED,0,2026-10-07 13:00:49.405,47m 5s,45m 20s,0.3%,186.7 MB,3.8 GB,456 MB,265.2 MB
1202,5c/317ca2,63440195_78,p10__deepvirfinder_pratama (179),COMPLETED,0,2026-10-07 13:00:49.405,48m 6s,32m 47s,0.4%,188.9 MB,4.2 GB,458.7 MB,265.2 MB
1203,d3/d20424,63440195_79,p10__deepvirfinder_pratama (180),COMPLETED,0,2026-10-07 13:00:49.405,48m 16s,33m 1s,0.4%,186.1 MB,4 GB,459.5 MB,265.3 MB
961,e4/b729c8,63440195_18,p10__deepvirfinder_pratama (119),COMPLETED,0,2026-10-07 13:00:49.405,48m 38s,46m 33s,0.3%,185 MB,3.9 GB,455.8 MB,265.2 MB
968,a2/51dbdc,63440195_20,p10__deepvirfinder_pratama (121),COMPLETED,0,2026-10-07 13:00:49.405,48m 38s,46m 36s,0.3%,188.6 MB,4.1 GB,457.2 MB,265.3 MB
1047,a6/df81e4,63440195_38,p10__deepvirfinder_pratama (139),COMPLETED,0,2026-10-07 13:00:49.405,48m 38s,37m 22s,0.3%,190 MB,4 GB,461.2 MB,265.3 MB
1195,21/198ebb,63440195_77,p10__deepvirfinder_pratama (178),COMPLETED,0,2026-10-07 13:00:49.405,48m 38s,37m 17s,0.3%,188.3 MB,4.2 GB,458.2 MB,265.3 MB
960,a9/806b99,63440195_17,p10__deepvirfinder_pratama (118),COMPLETED,0,2026-10-07 13:00:49.405,48m 48s,47m 1s,0.2%,184.6 MB,3.8 GB,455.1 MB,265.2 MB
1052,6b/c96357,63440195_39,p10__deepvirfinder_pratama (140),COMPLETED,0,2026-10-07 13:00:49.405,48m 48s,37m 43s,0.3%,186.1 MB,3.9 GB,461.5 MB,265.2 MB
1111,e9/6dfa39,63440195_54,p10__deepvirfinder_pratama (155),COMPLETED,0,2026-10-07 13:00:49.405,49m 40s,38m 21s,0.3%,188.3 MB,4.1 GB,460.3 MB,265.2 MB
1133,08/5fec35,63440195_60,p10__deepvirfinder_pratama (161),COMPLETED,0,2026-10-07 13:00:49.405,49m 40s,38m 27s,0.3%,189.7 MB,4.2 GB,461.6 MB,265.2 MB
1254,c6/5aa219,63440195_91,p10__deepvirfinder_pratama (192),COMPLETED,0,2026-10-07 13:00:49.405,50m,34m 50s,0.3%,186.3 MB,3.6 GB,396.4 MB,265.8 MB
1119,db/b63569,63440195_56,p10__deepvirfinder_pratama (157),COMPLETED,0,2026-10-07 13:00:49.405,51m 40s,40m 27s,0.3%,190.6 MB,4.2 GB,460.6 MB,265.2 MB
1056,ee/1de100,63440195_40,p10__deepvirfinder_pratama (141),COMPLETED,0,2026-10-07 13:00:49.405,53m 5s,41m 52s,0.4%,187.8 MB,4.1 GB,461.3 MB,265.3 MB
1161,e5/e996db,63440195_68,p10__deepvirfinder_pratama (168),COMPLETED,0,2026-10-07 13:00:49.405,53m 15s,42m 2s,0.3%,191.8 MB,4.2 GB,458.6 MB,266.9 MB
1079,ec/1f49ea,63440195_46,p10__deepvirfinder_pratama (147),COMPLETED,0,2026-10-07 13:00:49.405,55m 2s,43m 47s,0.3%,189.5 MB,4.2 GB,459.7 MB,266 MB
1189,a3/2d25cb,63440195_75,p10__deepvirfinder_pratama (176),COMPLETED,0,2026-10-07 13:00:49.405,55m 2s,43m 38s,0.3%,189.1 MB,4.1 GB,454.8 MB,266.7 MB
1131,40/d7d917,63440195_59,p10__deepvirfinder_pratama (160),COMPLETED,0,2026-10-07 13:00:49.405,55m 12s,43m 58s,0.3%,185.2 MB,3.9 GB,461.5 MB,265.2 MB
1123,76/9efe01,63440195_57,p10__deepvirfinder_pratama (158),COMPLETED,0,2026-10-07 13:00:49.405,55m 22s,44m 10s,0.3%,189.7 MB,4.2 GB,460.9 MB,265.2 MB
1246,52/c9b5f1,63440195_89,p10__deepvirfinder_pratama (190),COMPLETED,0,2026-10-07 13:00:49.405,55m 22s,40m 12s,0.3%,186.7 MB,4 GB,454.1 MB,266.1 MB
1126,3a/50a484,63440195_58,p10__deepvirfinder_pratama (159),COMPLETED,0,2026-10-07 13:00:49.405,55m 55s,44m 43s,0.3%,185.4 MB,3.9 GB,461.4 MB,265.1 MB
1156,89/95c287,63440195_66,p10__deepvirfinder_pratama (167),COMPLETED,0,2026-10-07 13:00:49.405,56m 22s,45m 8s,0.3%,186.9 MB,3.8 GB,458.3 MB,266.9 MB
1153,54/911ab1,63440195_65,p10__deepvirfinder_pratama (166),COMPLETED,0,2026-10-07 13:00:49.405,57m 12s,45m 59s,0.3%,187.9 MB,3.8 GB,457.3 MB,267 MB
1093,88/f2ae92,63440195_50,p10__deepvirfinder_pratama (151),COMPLETED,0,2026-10-07 13:00:49.405,57m 32s,46m 15s,0.3%,189.3 MB,4.2 GB,458.3 MB,267.1 MB
1063,60/98020c,63440195_42,p10__deepvirfinder_pratama (143),COMPLETED,0,2026-10-07 13:00:49.405,57m 56s,46m 47s,0.3%,185.9 MB,4 GB,458.1 MB,266.1 MB
1071,8b/606009,63440195_44,p10__deepvirfinder_pratama (145),COMPLETED,0,2026-10-07 13:00:49.405,57m 56s,46m 44s,0.3%,187.1 MB,4 GB,459.2 MB,266.1 MB
1174,ea/31d0d4,63440195_71,p10__deepvirfinder_pratama (172),COMPLETED,0,2026-10-07 13:00:49.405,58m 2s,46m 49s,0.2%,189.7 MB,4.1 GB,455.8 MB,265.2 MB
1141,a4/4bfbc4,63440195_63,p10__deepvirfinder_pratama (164),COMPLETED,0,2026-10-07 13:00:49.405,58m 42s,47m 25s,0.4%,187 MB,4 GB,458.4 MB,265.3 MB
1219,a8/4ebac7,63440195_83,p10__deepvirfinder_pratama (184),COMPLETED,0,2026-10-07 13:00:49.405,58m 42s,43m 34s,0.3%,186.5 MB,3.9 GB,458.5 MB,265.4 MB
1072,e9/fe7366,63440195_45,p10__deepvirfinder_pratama (146),COMPLETED,0,2026-10-07 13:00:49.405,59m 29s,47m 44s,0.3%,186.2 MB,3.9 GB,459.2 MB,266.1 MB
1090,7b/d7d4bb,63440195_49,p10__deepvirfinder_pratama (150),COMPLETED,0,2026-10-07 13:00:49.405,59m 29s,47m 53s,0.3%,191 MB,4.1 GB,458.2 MB,267.2 MB
1140,3c/3887b9,63440195_62,p10__deepvirfinder_pratama (163),COMPLETED,0,2026-10-07 13:00:49.405,59m 29s,47m 38s,0.3%,185.2 MB,3.9 GB,457 MB,265.4 MB
1176,6e/362376,63440195_72,p10__deepvirfinder_pratama (173),COMPLETED,0,2026-10-07 13:00:49.405,59m 29s,48m 18s,0.3%,188 MB,4 GB,457.2 MB,265.3 MB
1086,8f/7e6d84,63440195_48,p10__deepvirfinder_pratama (149),COMPLETED,0,2026-10-07 13:00:49.405,1h 19s,49m 8s,0.3%,188.6 MB,4.2 GB,457.3 MB,267.3 MB
1181,b7/28cc41,63440195_73,p10__deepvirfinder_pratama (174),COMPLETED,0,2026-10-07 13:00:49.405,1h 1m 1s,49m 43s,0.4%,185 MB,3.9 GB,458.2 MB,265.3 MB
1217,ec/6baab3,63440195_82,p10__deepvirfinder_pratama (183),COMPLETED,0,2026-10-07 13:00:49.405,1h 1m 29s,46m 21s,0.3%,187.5 MB,4 GB,457.4 MB,265.3 MB
1070,c8/474749,63440195_43,p10__deepvirfinder_pratama (144),COMPLETED,0,2026-10-07 13:00:49.405,1h 1m 39s,50m 25s,0.3%,191 MB,4 GB,458.7 MB,266.1 MB
1168,5a/0db403,63440195_69,p10__deepvirfinder_pratama (170),COMPLETED,0,2026-10-07 13:00:49.405,1h 2m 9s,50m 56s,0.3%,189.3 MB,4.2 GB,454.7 MB,266.5 MB
1237,55/0a1978,63440195_87,p10__deepvirfinder_pratama (188),COMPLETED,0,2026-10-07 13:00:49.405,1h 3m 29s,48m 6s,0.3%,187.4 MB,4 GB,457 MB,265.3 MB
1249,bc/1cfea4,63440195_90,p10__deepvirfinder_pratama (191),COMPLETED,0,2026-10-07 13:00:49.405,1h 5m 41s,50m 24s,0.3%,191.2 MB,4 GB,455.4 MB,266 MB
1216,3b/0280cb,63440195_81,p10__deepvirfinder_pratama (182),COMPLETED,0,2026-10-07 13:00:49.405,1h 6m 1s,50m 46s,0.3%,184.7 MB,3.9 GB,456.2 MB,265.3 MB
1226,64/40406a,63440195_85,p10__deepvirfinder_pratama (186),COMPLETED,0,2026-10-07 13:00:49.405,1h 6m 23s,51m 4s,0.3%,185.9 MB,4 GB,454.9 MB,265.4 MB
1258,bb/27119c,63440195_92,p10__deepvirfinder_pratama (193),COMPLETED,0,2026-10-07 13:00:49.405,1h 6m 23s,51m 11s,0.3%,189.6 MB,4 GB,452 MB,266.1 MB
1235,3e/cafcb9,63440195_86,p10__deepvirfinder_pratama (187),COMPLETED,0,2026-10-07 13:00:49.405,1h 7m 18s,51m 56s,0.3%,185 MB,3.9 GB,456.3 MB,265.4 MB
1262,6f/c6c9fc,63440195_93,p10__deepvirfinder_pratama (194),COMPLETED,0,2026-10-07 13:00:49.405,1h 7m 43s,52m 33s,0.2%,185.7 MB,3.8 GB,453.7 MB,266.1 MB
1277,88/b8c920,63440195_97,p10__deepvirfinder_pratama (198),COMPLETED,0,2026-10-07 13:00:49.405,1h 8m 53s,49m 26s,0.3%,188.6 MB,4.1 GB,457.2 MB,265.3 MB
1269,31/15d5c3,63440195_95,p10__deepvirfinder_pratama (196),COMPLETED,0,2026-10-07 13:00:49.405,1h 9m 56s,50m 34s,0.2%,188.8 MB,4 GB,454.8 MB,265.3 MB
1274,a1/926635,63440195_96,p10__deepvirfinder_pratama (197),COMPLETED,0,2026-10-07 13:00:49.405,1h 10m 46s,51m 19s,0.3%,187.4 MB,4.2 GB,456.3 MB,265.3 MB
1285,bb/c7b149,63440195_99,p10__deepvirfinder_pratama (200),COMPLETED,0,2026-10-07 13:00:49.405,1h 10m 56s,51m 32s,0.2%,186.3 MB,4.1 GB,450.9 MB,266.1 MB
263,77/8298fa,63435236_0,p12__virsorter2_pratama (1),COMPLETED,0,2026-10-07 11:49:48.448,3h 34m 12s,3h 30m 55s,0.1%,190.4 MB,4.1 GB,409.1 MB,274.6 MB
489,08/d54d80,63435236_8,p12__virsorter2_pratama (9),COMPLETED,0,2026-10-07 11:49:48.448,3h 34m 22s,3h 31m 5s,0.1%,189.5 MB,4.2 GB,439.3 MB,273.9 MB
449,23/59dc84,63435236_7,p12__virsorter2_pratama (8),COMPLETED,0,2026-10-07 11:49:48.448,3h 42m 4s,3h 38m 44s,0.1%,189.7 MB,4.1 GB,439.3 MB,273.8 MB
334,d2/92165b,63435236_4,p12__virsorter2_pratama (5),COMPLETED,0,2026-10-07 11:49:48.448,3h 42m 52s,3h 39m 41s,0.1%,188.7 MB,4.2 GB,438.4 MB,273 MB
312,c7/5aebf5,63435236_3,p12__virsorter2_pratama (4),COMPLETED,0,2026-10-07 11:49:48.448,3h 43m 22s,3h 40m 6s,0.1%,189.7 MB,4 GB,438.4 MB,272.9 MB
381,cc/c0cbbd,63435236_6,p12__virsorter2_pratama (7),COMPLETED,0,2026-10-07 11:49:48.448,3h 45m 22s,3h 42m 10s,0.1%,188.7 MB,4.2 GB,438.4 MB,273 MB
341,5c/3974c5,63435236_5,p12__virsorter2_pratama (6),COMPLETED,0,2026-10-07 11:49:48.448,4h 2m 22s,3h 59m 5s,0.1%,188.1 MB,4.2 GB,438.4 MB,274.2 MB
287,18/722669,63435236_2,p12__virsorter2_pratama (3),COMPLETED,0,2026-10-07 11:49:48.448,4h 9m 32s,4h 6m 14s,0.1%,186.6 MB,4 GB,438.4 MB,274.1 MB
576,94/b5a10b,63435236_9,p12__virsorter2_pratama (10),COMPLETED,0,2026-10-07 11:49:48.448,4h 15m 34s,4h 12m 17s,0.1%,185.2 MB,3.8 GB,438.9 MB,274.4 MB
286,4d/899c68,63435236_1,p12__virsorter2_pratama (2),COMPLETED,0,2026-10-07 11:49:48.448,4h 20m 12s,4h 17m 2s,0.1%,187.8 MB,4 GB,408.8 MB,275 MB
608,7d/aa8d95,63435236_12,p12__virsorter2_pratama (13),COMPLETED,0,2026-10-07 11:49:48.448,4h 43m 54s,4h 31m 24s,0.1%,187.3 MB,4 GB,431 MB,271.1 MB
582,d7/c018ca,63435236_10,p12__virsorter2_pratama (11),COMPLETED,0,2026-10-07 11:49:48.448,5h 12m 52s,5h 9m 35s,0.1%,185.6 MB,3.9 GB,431.3 MB,271.2 MB
717,df/f402ea,63435236_16,p12__virsorter2_pratama (17),COMPLETED,0,2026-10-07 11:49:48.448,5h 23m 44s,5h 7m 45s,0.1%,186.9 MB,3.8 GB,438.2 MB,273.9 MB
637,4c/89e886,63435236_13,p12__virsorter2_pratama (14),COMPLETED,0,2026-10-07 11:49:48.448,5h 28m 32s,5h 16m 3s,0.1%,186.2 MB,4 GB,408.7 MB,274.9 MB
600,de/ad2e8d,63435236_11,p12__virsorter2_pratama (12),COMPLETED,0,2026-10-07 11:49:48.448,5h 33m 42s,5h 30m 27s,0.1%,185.6 MB,3.8 GB,438.8 MB,274.4 MB
676,e5/13159c,63435236_15,p12__virsorter2_pratama (16),COMPLETED,0,2026-10-07 11:49:48.448,5h 36m 32s,5h 24m 10s,0.1%,189.4 MB,4 GB,432.2 MB,271.3 MB
670,28/731bd6,63435236_14,p12__virsorter2_pratama (15),COMPLETED,0,2026-10-07 11:49:48.448,5h 36m 52s,5h 24m 27s,0.1%,186.8 MB,3.9 GB,438.5 MB,274 MB
1637,29/b91e1f,63469628,p17__merge_candidate_calls_pratama_nospades (1),COMPLETED,0,2026-10-07 17:26:56.504,29m 24s,20m 59s,6.7%,1.5 GB,4.7 GB,21.7 GB,25.4 GB
1639,71/b0db40,63473039,p19__contig_length_table (1),COMPLETED,0,2026-10-07 17:56:27.344,1m 53s,18.6s,30.8%,186.9 MB,3.1 GB,863 MB,931.1 MB
1640,f1/1b7e0c,63473045,p20__pratama_votu_recovery (1),COMPLETED,0,2026-10-07 17:56:32.365,3m 58s,2m 34s,6.0%,187.5 MB,4 GB,3.4 GB,3.5 GB
1638,41/ae2bbb,63473034,p18__split_viral_contigs_pratama (1),COMPLETED,0,2026-10-07 17:56:23.271,11m 57s,1m 20s,90.4%,187.4 MB,3.2 GB,24 GB,24.1 GB
1658,c0/e65b04,63475124_17,p21__checkv_batch_pratama (18),COMPLETED,0,2026-10-07 18:08:24.774,44m 36s,43m 3s,0.3%,192 MB,5 GB,866.7 MB,935 MB
1665,f1/42182d,63475124_24,p21__checkv_batch_pratama (25),COMPLETED,0,2026-10-07 18:08:24.774,1h 28s,58m 45s,0.2%,190.9 MB,5.2 GB,1.3 GB,1.3 GB
1649,7d/ebc957,63475124_7,p21__checkv_batch_pratama (9),COMPLETED,0,2026-10-07 18:08:24.774,1h 3m 16s,1h 1m 42s,0.2%,188.1 MB,5 GB,1.3 GB,1.4 GB
1656,30/1aacd6,63475124_15,p21__checkv_batch_pratama (16),COMPLETED,0,2026-10-07 18:08:24.774,1h 3m 56s,1h 2m 17s,0.2%,191.3 MB,5 GB,1.3 GB,1.3 GB
1648,f4/a7c09b,63475124_8,p21__checkv_batch_pratama (8),COMPLETED,0,2026-10-07 18:08:24.774,1h 4m 16s,1h 2m 42s,0.2%,190.3 MB,5.2 GB,1.3 GB,1.3 GB
1642,38/d4ebd1,63475124_1,p21__checkv_batch_pratama (2),COMPLETED,0,2026-10-07 18:08:24.774,1h 4m 36s,1h 2m 56s,0.2%,186.4 MB,5.2 GB,1.3 GB,1.3 GB
1659,fc/e5bf9b,63475124_18,p21__checkv_batch_pratama (19),COMPLETED,0,2026-10-07 18:08:24.774,1h 4m 36s,1h 2m 57s,0.2%,190.1 MB,5.1 GB,1.3 GB,1.3 GB
1657,a2/a36466,63475124_16,p21__checkv_batch_pratama (17),COMPLETED,0,2026-10-07 18:08:24.774,1h 5m 6s,1h 3m 31s,0.2%,190.4 MB,5.2 GB,1.3 GB,1.3 GB
1662,98/0a69d4,63475124_21,p21__checkv_batch_pratama (22),COMPLETED,0,2026-10-07 18:08:24.774,1h 5m 16s,1h 3m 41s,0.2%,185.9 MB,4.9 GB,1.3 GB,1.4 GB
1647,1a/7ce454,63475124_5,p21__checkv_batch_pratama (7),COMPLETED,0,2026-10-07 18:08:24.774,1h 5m 26s,1h 3m 52s,0.2%,191.7 MB,5.2 GB,1.3 GB,1.3 GB
1643,b1/bfd17b,63475124_2,p21__checkv_batch_pratama (3),COMPLETED,0,2026-10-07 18:08:24.774,1h 5m 36s,1h 3m 58s,0.2%,187 MB,4.9 GB,1.2 GB,1.3 GB
1645,50/21225e,63475124_4,p21__checkv_batch_pratama (5),COMPLETED,0,2026-10-07 18:08:24.774,1h 5m 56s,1h 4m 19s,0.2%,189.4 MB,5 GB,1.2 GB,1.3 GB
1650,54/c2cb91,63475124_9,p21__checkv_batch_pratama (10),COMPLETED,0,2026-10-07 18:08:24.774,1h 6m 16s,1h 4m 37s,0.2%,189.8 MB,5.2 GB,1.3 GB,1.3 GB
1661,0d/989e2b,63475124_20,p21__checkv_batch_pratama (21),COMPLETED,0,2026-10-07 18:08:24.774,1h 6m 16s,1h 4m 40s,0.2%,191.2 MB,5.2 GB,1.3 GB,1.3 GB
1646,ed/f670ec,63475124_6,p21__checkv_batch_pratama (6),COMPLETED,0,2026-10-07 18:08:24.774,1h 6m 26s,1h 4m 45s,0.2%,188.8 MB,5 GB,1.2 GB,1.3 GB
1663,20/e99652,63475124_22,p21__checkv_batch_pratama (23),COMPLETED,0,2026-10-07 18:08:24.774,1h 6m 26s,1h 4m 54s,0.2%,189.8 MB,5.2 GB,1.3 GB,1.4 GB
1652,bb/637020,63475124_12,p21__checkv_batch_pratama (12),COMPLETED,0,2026-10-07 18:08:24.774,1h 7m 26s,1h 5m 49s,0.2%,187.7 MB,4.9 GB,1.3 GB,1.3 GB
1651,06/57b464,63475124_10,p21__checkv_batch_pratama (11),COMPLETED,0,2026-10-07 18:08:24.774,1h 7m 46s,1h 6m 11s,0.2%,189 MB,5.2 GB,1.3 GB,1.3 GB
1644,dc/334b48,63475124_3,p21__checkv_batch_pratama (4),COMPLETED,0,2026-10-07 18:08:24.774,1h 7m 58s,1h 6m 15s,0.2%,186.5 MB,4.9 GB,1.2 GB,1.3 GB
1653,22/6ae3b8,63475124_11,p21__checkv_batch_pratama (13),COMPLETED,0,2026-10-07 18:08:24.774,1h 7m 58s,1h 6m 23s,0.2%,186.8 MB,5.2 GB,1.3 GB,1.3 GB
1654,fd/707a49,63475124_13,p21__checkv_batch_pratama (14),COMPLETED,0,2026-10-07 18:08:24.774,1h 8m 26s,1h 6m 46s,0.2%,192 MB,5.2 GB,1.3 GB,1.3 GB
1664,48/45d0ae,63475124_23,p21__checkv_batch_pratama (24),COMPLETED,0,2026-10-07 18:08:24.774,1h 8m 26s,1h 6m 48s,0.2%,187.3 MB,4.9 GB,1.2 GB,1.3 GB
1660,a3/ed6c85,63475124_19,p21__checkv_batch_pratama (20),COMPLETED,0,2026-10-07 18:08:24.774,1h 9m 26s,1h 7m 53s,0.2%,190.7 MB,5.1 GB,1.2 GB,1.3 GB
1655,96/6bee3b,63475124_14,p21__checkv_batch_pratama (15),COMPLETED,0,2026-10-07 18:08:24.774,1h 9m 46s,1h 8m 7s,0.2%,193.5 MB,5.2 GB,1.3 GB,1.3 GB
1641,cd/b270a4,63475124_0,p21__checkv_batch_pratama (1),COMPLETED,0,2026-10-07 18:08:24.774,1h 11m 6s,1h 9m 29s,0.3%,188.2 MB,4.8 GB,1.3 GB,1.3 GB
1666,9f/7284fa,63482149_0,p22__curate_trim_batch_pratama (1),COMPLETED,0,2026-10-07 19:19:40.299,2m 41s,13.2s,42.4%,192.3 MB,3.2 GB,768.1 MB,790.5 MB
1670,26/d624e3,63482149_3,p22__curate_trim_batch_pratama (4),COMPLETED,0,2026-10-07 19:19:40.299,2m 51s,17.5s,37.2%,229.9 MB,3.2 GB,1.2 GB,1.2 GB
1674,c0/b3c060,63482149_8,p22__curate_trim_batch_pratama (8),COMPLETED,0,2026-10-07 19:19:40.299,2m 51s,22.9s,30.4%,230.1 MB,3.2 GB,1.1 GB,1.2 GB
1677,1d/5320c5,63482149_10,p22__curate_trim_batch_pratama (11),COMPLETED,0,2026-10-07 19:19:40.299,2m 51s,14.6s,50.2%,221.2 MB,3.2 GB,1.1 GB,1.2 GB
1669,94/cfc7d4,63482146,p23__checkv_merge_pratama (1),COMPLETED,0,2026-10-07 19:19:35.302,3m 6s,24.3s,48.5%,539.1 MB,3.5 GB,3.3 GB,3.4 GB
1672,66/b32183,63482149_4,p22__curate_trim_batch_pratama (6),COMPLETED,0,2026-10-07 19:19:40.299,3m 4s,30.4s,23.9%,189.4 MB,3.2 GB,1.1 GB,1.1 GB
1671,81/bc9113,63482149_5,p22__curate_trim_batch_pratama (5),COMPLETED,0,2026-10-07 19:19:40.299,3m 4s,31.1s,25.4%,184.9 MB,3.1 GB,1.2 GB,1.2 GB
1675,98/2cacac,63482149_7,p22__curate_trim_batch_pratama (9),COMPLETED,0,2026-10-07 19:19:40.299,3m 4s,30s,29.4%,241.7 MB,3.2 GB,1.2 GB,1.2 GB
1680,7a/e86540,63482149_12,p22__curate_trim_batch_pratama (14),COMPLETED,0,2026-10-07 19:19:40.299,3m 4s,30.9s,25.9%,189 MB,3.2 GB,1.1 GB,1.2 GB
1683,2d/e446b1,63482149_16,p22__curate_trim_batch_pratama (17),COMPLETED,0,2026-10-07 19:19:40.299,3m 4s,25.8s,25.7%,184.7 MB,3.1 GB,1.1 GB,1.1 GB
1685,f1/2c1a6c,63482149_19,p22__curate_trim_batch_pratama (19),COMPLETED,0,2026-10-07 19:19:40.299,3m 4s,32s,18.8%,171.5 MB,3.1 GB,1.1 GB,1 GB
1687,47/286e9c,63482149_20,p22__curate_trim_batch_pratama (21),COMPLETED,0,2026-10-07 19:19:40.299,3m 4s,24.2s,25.7%,226 MB,3.1 GB,1.1 GB,1.2 GB
1690,b1/dfaf0c,63482149_23,p22__curate_trim_batch_pratama (24),COMPLETED,0,2026-10-07 19:19:40.299,3m 4s,26.2s,24.3%,182 MB,3.1 GB,1.1 GB,1.1 GB
1691,96/8d12a0,63482149_24,p22__curate_trim_batch_pratama (25),COMPLETED,0,2026-10-07 19:19:40.299,3m 4s,25s,25.3%,231.1 MB,3 GB,1.1 GB,1.1 GB
1682,a1/8535df,63482149_15,p22__curate_trim_batch_pratama (16),COMPLETED,0,2026-10-07 19:19:40.299,3m 11s,41.8s,18.4%,184.1 MB,3.3 GB,1.2 GB,1.2 GB
1678,7b/7a07ab,63482149_11,p22__curate_trim_batch_pratama (12),COMPLETED,0,2026-10-07 19:19:40.299,3m 21s,46.7s,16.8%,182.1 MB,3.1 GB,1.1 GB,1.2 GB
1686,77/0dee5c,63482149_18,p22__curate_trim_batch_pratama (20),COMPLETED,0,2026-10-07 19:19:40.299,3m 21s,47.8s,14.4%,184.7 MB,3.2 GB,1.1 GB,1.2 GB
1688,fc/877329,63482149_22,p22__curate_trim_batch_pratama (22),COMPLETED,0,2026-10-07 19:19:40.299,3m 21s,50.5s,11.8%,182.9 MB,3.1 GB,1.1 GB,1.1 GB
1679,55/a0f6c9,63482149_13,p22__curate_trim_batch_pratama (13),COMPLETED,0,2026-10-07 19:19:40.299,3m 31s,54.9s,12.2%,225.5 MB,3.2 GB,1.2 GB,1.2 GB
1681,77/aa69ea,63482149_14,p22__curate_trim_batch_pratama (15),COMPLETED,0,2026-10-07 19:19:40.299,3m 31s,58.1s,12.1%,219.4 MB,3.2 GB,1.1 GB,1.2 GB
1684,8e/dec317,63482149_17,p22__curate_trim_batch_pratama (18),COMPLETED,0,2026-10-07 19:19:40.299,3m 31s,58.6s,11.5%,226.2 MB,3.2 GB,1.2 GB,1.2 GB
1673,9c/fec202,63482149_6,p22__curate_trim_batch_pratama (7),COMPLETED,0,2026-10-07 19:19:40.299,3m 41s,1m 8s,10.0%,181.4 MB,3.1 GB,1.1 GB,1.1 GB
1667,b8/40aa9f,63482149_1,p22__curate_trim_batch_pratama (2),COMPLETED,0,2026-10-07 19:19:40.299,3m 51s,1m 23s,8.7%,182.4 MB,3.1 GB,1.2 GB,1.2 GB
1668,87/354292,63482149_2,p22__curate_trim_batch_pratama (3),COMPLETED,0,2026-10-07 19:19:40.299,3m 51s,1m 21s,8.7%,188.9 MB,3.1 GB,1.2 GB,1.2 GB
1676,d6/2fef42,63482149_9,p22__curate_trim_batch_pratama (10),COMPLETED,0,2026-10-07 19:19:40.299,3m 51s,1m 18s,8.7%,181.7 MB,3.1 GB,1.1 GB,1.2 GB
1689,e8/c8a3db,63482149_21,p22__curate_trim_batch_pratama (23),COMPLETED,0,2026-10-07 19:19:40.299,3m 51s,1m 20s,7.6%,219.9 MB,3 GB,1.1 GB,1.1 GB
1692,21/a1cf29,63482596,p24__curate_merge_pratama (1),COMPLETED,0,2026-10-07 19:23:33.535,7m 37s,54.1s,77.9%,1.7 GB,4.7 GB,22.2 GB,22.2 GB
1693,5c/b25366,63483431,p25__mmseqs_votu_pratama (1),COMPLETED,0,2026-10-07 19:31:13.777,28m 37s,17m 15s,0.8%,186.3 MB,5 GB,755.3 MB,824.1 MB
1694,7d/5ab863,63486614,p26__votu_representatives_pratama (1),COMPLETED,0,2026-10-07 19:59:54.762,5m 6s,1m 26s,14.3%,874.4 MB,3.8 GB,2.6 GB,2.3 GB
1695,ae/1bb72a,63487341,p27__genomad_island_annotate_pratama (1),COMPLETED,0,2026-10-07 20:05:03.679,7m 7s,4m 34s,2.4%,187.3 MB,4 GB,386.5 MB,323.5 MB
1696,33/bc9965,63488260,p28__island_filter_pratama (1),COMPLETED,0,2026-10-07 20:12:16.336,7m 45s,22.2s,64.7%,2.1 GB,4.8 GB,3.7 GB,3.7 GB
1697,b8/f4846c,63489038,p29__final_votu_recovery_pratama (1),COMPLETED,0,2026-10-07 20:20:04.375,4m 17s,50.9s,13.3%,187.6 MB,4.1 GB,621.8 MB,690.1 MB
